device_id,current_protocol,payload_size,latency,jitter,throughput,packet_loss
smart_meter-000,MQTT,27.33,148.188,3.875,0.378,2.7263
smart_meter-000,MQTT,21.567,152.735,4.193,0.433,7.3586
smart_meter-000,MQTT,10.783,207.697,3.99,0.323,4.2922
smart_meter-000,MQTT,37.695,325.621,2.33,0.58,6.0127
smart_meter-000,MQTT,24.144,118.675,2.731,0.05,5.4499
smart_meter-000,MQTT,26.442,171.7,1.353,0.673,3.6665
smart_meter-000,MQTT,20.938,55.602,5.507,0.1,0.0
smart_meter-000,MQTT,23.334,173.311,1.523,0.276,6.304
smart_meter-000,MQTT,19.636,190.027,0.106,0.129,1.6446
env_sensor-001,MQTT,73.924,27.081,3.312,3.329,1.3965
env_sensor-001,MQTT,62.954,23.285,0.732,5.063,3.4253
env_sensor-001,MQTT,27.507,46.891,0.1,1.031,1.0376
env_sensor-001,MQTT,92.782,27.568,1.672,0.05,2.2621
env_sensor-001,MQTT,67.907,41.267,3.056,7.461,0.7683
env_sensor-001,MQTT,108.262,18.604,5.049,1.881,2.7096
env_sensor-001,MQTT,98.737,37.6,0.723,6.083,2.2428
env_sensor-001,MQTT,61.45,28.618,1.74,6.864,2.5494
env_sensor-001,MQTT,43.674,51.625,2.825,6.546,2.2001
env_sensor-001,MQTT,44.039,28.4,7.744,9.27,0.8271
env_sensor-001,MQTT,57.128,38.309,2.136,4.238,1.2207
actuator-002,MQTT,94.442,35.741,4.544,7.931,2.6301
actuator-002,MQTT,90.544,24.391,8.93,10.201,0.7758
actuator-002,MQTT,93.549,28.365,8.081,9.184,1.1023
actuator-002,MQTT,142.005,22.774,5.542,13.928,2.0202
actuator-002,MQTT,108.533,16.134,8.692,6.995,1.2807
actuator-002,MQTT,97.688,5.709,5.396,17.046,1.3505
actuator-002,MQTT,127.378,26.011,1.857,7.428,1.1027
actuator-002,MQTT,137.245,27.18,2.527,6.145,0.0
actuator-002,MQTT,123.083,13.648,10.351,7.844,0.2133
actuator-002,MQTT,122.336,19.08,5.125,10.391,0.8268
actuator-002,MQTT,101.187,25.538,8.604,6.155,0.6579
camera-003,HTTPS,1666.629,79.653,6.243,94.08,0.0
camera-003,HTTPS,1656.283,48.347,5.034,193.816,0.8177
camera-003,HTTPS,232.432,79.204,5.082,64.905,0.9806
camera-003,HTTPS,935.594,96.681,0.1,190.524,0.0
gateway-004,HTTPS,1492.776,24.837,10.406,71.877,0.2746
gateway-004,HTTPS,1349.252,41.084,14.822,48.07,1.0851
gateway-004,HTTPS,1650.281,29.3,9.815,21.102,0.7085
gateway-004,HTTPS,785.163,8.928,2.123,74.044,0.7785
gateway-004,HTTPS,509.878,26.972,5.835,40.135,1.3078
gateway-004,HTTPS,8.0,85.288,3.699,38.961,1.9076
gateway-004,HTTPS,1317.354,69.776,5.19,90.081,1.6598
smart_meter-005,LoRaWAN,36.053,193.664,0.682,0.63,3.2847
smart_meter-005,LoRaWAN,25.803,130.434,3.335,0.437,0.0
smart_meter-005,LoRaWAN,35.879,14.011,4.373,0.636,1.4246
smart_meter-005,LoRaWAN,38.452,128.929,3.246,0.37,4.2005
smart_meter-005,LoRaWAN,33.27,49.44,1.892,0.617,1.566
smart_meter-005,LoRaWAN,34.315,72.103,2.284,0.507,4.4863
smart_meter-005,LoRaWAN,27.978,147.272,1.636,0.361,2.6908
smart_meter-005,LoRaWAN,42.385,222.449,0.664,0.376,0.8861
env_sensor-006,HTTPS,79.372,17.383,3.794,0.05,1.1418
env_sensor-006,HTTPS,100.336,26.512,3.63,7.581,1.1561
env_sensor-006,HTTPS,9.791,40.921,4.071,5.878,1.7742
env_sensor-006,HTTPS,53.994,40.751,0.985,1.895,1.0523
actuator-007,LoRaWAN,86.82,6.025,6.286,1.569,0.3455
actuator-007,LoRaWAN,126.848,15.78,12.083,6.321,2.1899
actuator-007,LoRaWAN,87.703,15.514,2.596,6.121,0.4973
actuator-007,LoRaWAN,155.139,21.766,8.929,15.606,1.8159
actuator-007,LoRaWAN,97.366,1.0,9.909,10.366,2.452
actuator-007,LoRaWAN,161.453,26.307,5.64,8.85,0.1753
actuator-007,LoRaWAN,120.422,15.526,4.429,5.067,0.0
camera-008,LoRaWAN,1062.441,54.268,0.1,106.271,0.8031
camera-008,LoRaWAN,1793.837,80.854,3.615,58.519,1.0598
camera-008,LoRaWAN,2049.754,46.947,7.826,107.275,0.9141
camera-008,LoRaWAN,1513.891,88.162,10.712,162.261,1.9804
camera-008,LoRaWAN,932.452,74.883,1.51,90.714,0.0
gateway-009,HTTPS,2154.701,33.943,2.248,28.984,1.2843
gateway-009,HTTPS,410.657,43.266,20.591,87.167,0.4983
gateway-009,HTTPS,1183.078,43.531,7.069,82.215,0.2991
gateway-009,HTTPS,2132.372,42.799,3.382,53.932,0.528
gateway-009,HTTPS,1625.271,34.442,3.507,58.646,2.0372
gateway-009,HTTPS,197.058,44.255,12.01,72.74,1.4695
smart_meter-010,HTTPS,41.404,186.398,1.347,0.339,1.7375
smart_meter-010,HTTPS,30.311,120.296,2.653,0.6,4.3519
smart_meter-010,HTTPS,16.699,204.674,2.568,1.122,2.1446
smart_meter-010,HTTPS,31.054,152.642,1.755,1.105,1.5605
smart_meter-010,HTTPS,16.219,128.669,0.535,0.05,3.4466
smart_meter-010,HTTPS,23.014,206.281,1.537,0.463,5.5634
smart_meter-010,HTTPS,28.978,267.066,0.1,0.886,7.2489
smart_meter-010,HTTPS,31.044,194.742,0.886,0.729,2.6053
env_sensor-011,MQTT,98.472,16.835,1.188,1.374,1.9679
env_sensor-011,MQTT,70.006,40.155,2.31,9.285,0.0
env_sensor-011,MQTT,98.253,10.508,5.283,7.564,2.4652
env_sensor-011,MQTT,49.635,18.089,3.355,6.17,1.7733
env_sensor-011,MQTT,84.01,12.776,4.696,5.547,0.0
env_sensor-011,MQTT,43.666,18.906,1.902,2.068,0.5351
env_sensor-011,MQTT,70.544,30.56,2.456,3.31,1.6631
env_sensor-011,MQTT,78.924,10.656,2.426,7.047,0.4046
env_sensor-011,MQTT,89.167,1.0,2.423,9.541,0.0
env_sensor-011,MQTT,93.328,18.247,3.161,5.59,0.0
env_sensor-011,MQTT,96.56,31.721,4.732,9.254,0.5863
actuator-012,MQTT,116.252,30.434,6.424,2.411,0.7951
actuator-012,MQTT,122.558,1.0,13.682,9.269,1.4063
actuator-012,MQTT,71.589,27.556,12.595,14.493,1.1101
actuator-012,MQTT,92.722,1.0,4.931,9.844,1.5135
actuator-012,MQTT,79.63,12.927,2.61,3.712,1.7757
actuator-012,MQTT,105.057,22.123,5.575,8.315,0.9258
actuator-012,MQTT,40.355,14.491,2.734,4.172,2.2709
actuator-012,MQTT,145.786,15.949,4.422,5.087,0.9254
camera-013,CoAP,961.152,85.443,9.04,146.067,0.9862
camera-013,CoAP,1702.799,85.836,2.842,111.758,0.6814
camera-013,CoAP,2007.537,53.688,8.399,0.05,0.0304
camera-013,CoAP,769.827,48.927,5.316,151.715,0.6698
camera-013,CoAP,1052.642,119.268,0.1,99.227,0.9698
camera-013,CoAP,2156.264,78.854,4.49,96.993,0.0
camera-013,CoAP,3001.095,73.661,5.512,175.006,0.5963
camera-013,CoAP,1294.868,50.435,3.624,103.836,0.4473
camera-013,CoAP,3492.945,71.792,2.278,50.3,0.0
gateway-014,CoAP,1068.535,42.305,9.696,68.857,2.1705
gateway-014,CoAP,709.165,35.53,12.377,92.479,0.6374
gateway-014,CoAP,1448.81,35.656,3.496,46.506,1.3466
gateway-014,CoAP,695.507,56.261,5.53,142.05,0.0
gateway-014,CoAP,1541.741,66.95,13.03,165.513,0.7944
gateway-014,CoAP,384.078,82.904,13.296,21.576,0.2099
gateway-014,CoAP,1243.149,65.164,11.615,13.568,0.9054
gateway-014,CoAP,777.113,60.927,12.086,47.07,0.5576
smart_meter-015,LoRaWAN,38.356,251.859,4.291,0.324,0.0
smart_meter-015,LoRaWAN,41.066,170.907,4.601,0.05,4.6633
smart_meter-015,LoRaWAN,37.513,129.577,1.9,0.452,3.408
smart_meter-015,LoRaWAN,29.532,187.793,3.84,0.299,0.0
smart_meter-015,LoRaWAN,30.937,215.645,0.1,0.472,1.7069
smart_meter-015,LoRaWAN,27.772,196.72,0.101,0.738,6.7236
smart_meter-015,LoRaWAN,39.382,204.914,2.502,0.496,0.413
smart_meter-015,LoRaWAN,34.935,129.411,2.535,0.293,1.1491
smart_meter-015,LoRaWAN,31.958,134.43,1.552,0.05,3.8186
smart_meter-015,LoRaWAN,23.092,193.276,0.417,0.764,1.7608
smart_meter-015,LoRaWAN,18.872,202.023,3.613,0.617,2.9911
env_sensor-016,CoAP,66.551,23.267,2.026,0.702,0.7612
env_sensor-016,CoAP,82.065,15.057,4.644,0.05,0.0
env_sensor-016,CoAP,71.903,38.066,4.017,9.357,0.8356
env_sensor-016,CoAP,82.457,27.463,0.1,1.465,1.2789
actuator-017,MQTT,74.491,26.173,3.021,8.677,0.5234
actuator-017,MQTT,125.298,19.315,9.304,5.437,1.8917
actuator-017,MQTT,73.428,1.0,10.07,11.234,1.4662
actuator-017,MQTT,83.531,22.168,6.207,7.287,0.4074
actuator-017,MQTT,155.908,16.267,8.021,2.725,0.0
actuator-017,MQTT,163.221,10.755,5.22,3.058,0.621
actuator-017,MQTT,98.341,18.635,7.955,8.061,0.5892
camera-018,LoRaWAN,1379.542,83.916,8.536,93.468,1.0291
camera-018,LoRaWAN,334.982,54.299,2.47,181.229,0.0886
camera-018,LoRaWAN,2241.434,71.876,4.702,134.431,1.0389
camera-018,LoRaWAN,2299.109,49.589,7.15,126.424,0.3679
camera-018,LoRaWAN,1407.088,75.027,8.418,47.959,0.9914
camera-018,LoRaWAN,1919.49,60.439,1.836,89.549,0.687
camera-018,LoRaWAN,1148.83,65.919,3.342,0.05,1.0547
gateway-019,MQTT,1098.19,23.353,3.178,47.945,1.535
gateway-019,MQTT,777.051,1.0,3.599,134.931,0.0
gateway-019,MQTT,1793.011,55.921,5.696,33.97,0.0299
gateway-019,MQTT,1318.932,24.6,9.953,68.579,2.5122
smart_meter-020,LoRaWAN,35.643,44.805,2.45,0.458,3.2256
smart_meter-020,LoRaWAN,37.496,225.151,0.496,0.268,3.1567
smart_meter-020,LoRaWAN,24.961,180.029,2.692,0.53,0.0
smart_meter-020,LoRaWAN,9.462,179.217,1.452,0.05,0.0
smart_meter-020,LoRaWAN,10.599,107.801,1.172,0.468,2.6355
env_sensor-021,LoRaWAN,67.63,5.387,7.754,6.368,0.757
env_sensor-021,LoRaWAN,65.853,41.761,0.12,4.745,0.9103
env_sensor-021,LoRaWAN,96.898,43.374,3.814,2.437,0.9475
env_sensor-021,LoRaWAN,22.115,15.486,2.487,5.376,2.5741
env_sensor-021,LoRaWAN,64.57,40.622,0.1,4.105,0.6622
env_sensor-021,LoRaWAN,101.274,37.331,5.283,1.939,1.7193
env_sensor-021,LoRaWAN,78.818,54.292,4.553,3.774,1.1662
actuator-022,HTTPS,99.797,15.543,9.742,6.563,1.7976
actuator-022,HTTPS,99.833,24.042,10.215,7.818,2.6058
actuator-022,HTTPS,175.793,15.475,7.703,5.85,0.8396
actuator-022,HTTPS,113.146,19.489,10.96,3.312,0.7305
actuator-022,HTTPS,100.868,7.022,4.437,11.298,1.7674
actuator-022,HTTPS,91.779,26.797,7.163,11.353,0.5799
camera-023,MQTT,2001.372,85.777,1.496,162.582,0.2886
camera-023,MQTT,2702.808,60.328,0.253,182.474,0.8385
camera-023,MQTT,723.96,73.637,3.258,168.129,0.7889
camera-023,MQTT,2099.601,40.868,8.506,82.72,1.0931
camera-023,MQTT,2289.764,39.153,3.788,88.102,0.9459
gateway-024,HTTPS,1646.186,40.374,8.84,52.638,0.7159
gateway-024,HTTPS,1678.924,70.029,9.037,22.9,0.5836
gateway-024,HTTPS,418.554,58.285,11.68,3.838,0.8247
gateway-024,HTTPS,1094.847,81.525,7.126,114.035,0.3913
gateway-024,HTTPS,905.993,11.169,11.722,13.53,0.1239
gateway-024,HTTPS,8.0,46.165,4.719,100.409,0.3976
gateway-024,HTTPS,823.352,35.62,8.037,0.05,0.1284
gateway-024,HTTPS,1443.293,55.47,3.695,99.37,1.3692
smart_meter-025,CoAP,23.905,155.449,2.877,0.635,6.8196
smart_meter-025,CoAP,14.762,108.0,3.07,0.243,2.4795
smart_meter-025,CoAP,25.691,96.565,2.2,0.05,1.7858
smart_meter-025,CoAP,30.926,152.227,0.975,0.485,2.4808
smart_meter-025,CoAP,29.518,198.036,0.1,1.544,3.586
smart_meter-025,CoAP,28.374,148.736,0.1,0.569,3.2259
env_sensor-026,CoAP,84.064,1.0,1.314,7.1,1.8728
env_sensor-026,CoAP,60.053,35.606,1.289,6.014,1.9574
env_sensor-026,CoAP,22.43,26.167,5.878,2.19,1.4956
env_sensor-026,CoAP,74.847,30.499,1.249,0.05,0.3252
env_sensor-026,CoAP,57.956,28.541,2.999,0.965,1.5776
env_sensor-026,CoAP,37.071,38.522,0.1,2.586,1.8552
env_sensor-026,CoAP,106.668,21.232,3.512,4.276,1.0837
env_sensor-026,CoAP,94.148,9.136,4.233,1.239,1.9216
env_sensor-026,CoAP,65.191,28.715,1.933,7.139,1.068
actuator-027,MQTT,88.138,8.556,9.243,5.29,2.1611
actuator-027,MQTT,110.725,9.476,6.245,14.61,0.2075
actuator-027,MQTT,111.703,17.697,0.858,2.343,1.3123
actuator-027,MQTT,145.602,17.06,6.55,5.548,1.461
camera-028,HTTPS,2356.951,39.035,0.549,138.296,0.4895
camera-028,HTTPS,1639.141,46.552,4.251,78.09,0.9282
camera-028,HTTPS,2113.184,57.914,5.504,0.05,0.0
camera-028,HTTPS,2447.473,104.188,3.499,157.881,0.6835
camera-028,HTTPS,1202.39,1.0,3.232,39.351,0.4081
camera-028,HTTPS,2240.414,32.665,2.394,107.332,0.1316
gateway-029,HTTPS,587.573,54.557,6.357,32.684,0.2692
gateway-029,HTTPS,990.088,25.816,6.113,77.734,1.157
gateway-029,HTTPS,1026.418,76.712,8.853,53.319,1.7122
gateway-029,HTTPS,1379.562,56.409,3.038,45.106,0.2296
gateway-029,HTTPS,614.382,34.556,13.673,74.28,0.1969
gateway-029,HTTPS,182.386,13.012,5.296,103.863,1.5113
gateway-029,HTTPS,1116.254,13.509,5.359,83.992,0.0
gateway-029,HTTPS,779.923,39.301,18.724,79.979,0.8915
gateway-029,HTTPS,869.854,43.159,2.985,60.376,2.5395
gateway-029,HTTPS,455.636,44.521,10.704,111.698,0.0
gateway-029,HTTPS,838.351,40.185,0.648,54.371,1.7679
smart_meter-030,LoRaWAN,38.176,164.889,2.891,0.05,1.9217
smart_meter-030,LoRaWAN,44.107,288.964,1.226,0.05,5.2676
smart_meter-030,LoRaWAN,38.594,218.338,2.451,0.441,2.3557
smart_meter-030,LoRaWAN,34.254,132.605,2.487,0.05,2.7081
env_sensor-031,MQTT,120.9,35.698,1.752,3.262,1.285
env_sensor-031,MQTT,57.906,5.212,2.83,0.05,0.8275
env_sensor-031,MQTT,62.217,12.858,4.332,4.001,0.9265
env_sensor-031,MQTT,52.735,34.649,3.052,7.707,0.2995
env_sensor-031,MQTT,75.859,26.462,0.1,0.05,1.5668
env_sensor-031,MQTT,83.495,27.897,0.1,3.936,0.0433
env_sensor-031,MQTT,69.92,29.75,6.718,7.873,0.0
env_sensor-031,MQTT,41.177,29.589,3.759,7.512,0.9246
actuator-032,MQTT,90.171,35.542,6.265,5.718,1.4916
actuator-032,MQTT,108.23,3.619,5.035,9.748,1.5011
actuator-032,MQTT,103.891,16.666,6.328,0.662,0.2607
actuator-032,MQTT,66.373,14.158,3.181,7.752,1.2517
actuator-032,MQTT,70.436,21.197,2.745,7.114,0.7251
actuator-032,MQTT,58.632,24.305,4.971,6.225,0.7754
actuator-032,MQTT,86.763,17.499,9.381,4.318,0.4133
actuator-032,MQTT,126.436,20.842,4.567,12.417,0.2522
actuator-032,MQTT,116.415,4.934,5.663,10.98,0.5593
camera-033,LoRaWAN,1103.091,86.862,1.863,96.78,0.6467
camera-033,LoRaWAN,597.772,48.603,4.986,214.262,0.0
camera-033,LoRaWAN,936.553,102.146,0.1,48.383,0.7512
camera-033,LoRaWAN,1529.517,53.935,4.944,164.479,0.628
camera-033,LoRaWAN,574.554,109.82,3.153,100.508,0.7423
camera-033,LoRaWAN,1395.21,14.418,2.628,39.36,0.5791
camera-033,LoRaWAN,1726.92,33.989,6.671,214.737,0.0
camera-033,LoRaWAN,1123.89,52.875,7.424,147.88,1.1191
gateway-034,HTTPS,1170.55,59.712,6.361,37.023,1.4469
gateway-034,HTTPS,1405.839,55.252,8.236,1.228,0.8092
gateway-034,HTTPS,614.495,55.802,2.065,144.805,2.1573
gateway-034,HTTPS,888.788,68.137,9.421,17.682,2.35
gateway-034,HTTPS,1089.31,42.35,4.249,40.05,1.4591
gateway-034,HTTPS,1013.49,38.187,7.031,68.816,0.3178
gateway-034,HTTPS,1068.198,6.826,6.693,64.934,2.1765
gateway-034,HTTPS,1191.128,18.756,4.433,109.142,2.0054
smart_meter-035,LoRaWAN,34.831,61.179,6.42,0.605,3.9357
smart_meter-035,LoRaWAN,21.233,183.267,3.941,0.509,3.0763
smart_meter-035,LoRaWAN,29.358,170.011,0.862,0.276,2.7861
smart_meter-035,LoRaWAN,18.901,229.796,2.813,0.707,3.6299
smart_meter-035,LoRaWAN,32.233,165.922,0.716,0.369,5.3698
smart_meter-035,LoRaWAN,28.525,155.389,2.857,1.127,3.1808
smart_meter-035,LoRaWAN,17.917,70.591,0.864,0.473,6.0345
smart_meter-035,LoRaWAN,36.794,62.788,3.68,0.24,2.4086
smart_meter-035,LoRaWAN,27.573,78.66,0.523,0.29,1.5453
smart_meter-035,LoRaWAN,30.356,181.668,1.882,0.05,2.1903
env_sensor-036,MQTT,105.642,30.823,2.0,3.447,1.5385
env_sensor-036,MQTT,72.163,1.0,1.656,4.934,0.9847
env_sensor-036,MQTT,51.346,3.447,5.474,3.471,1.3411
env_sensor-036,MQTT,91.952,18.511,2.337,4.861,0.8348
actuator-037,MQTT,172.45,2.505,3.742,11.763,0.0
actuator-037,MQTT,42.085,15.837,0.1,4.668,1.6119
actuator-037,MQTT,103.548,21.26,7.112,5.797,0.4559
actuator-037,MQTT,147.307,31.402,10.247,12.22,1.1249
actuator-037,MQTT,88.318,12.938,4.862,7.478,1.8255
actuator-037,MQTT,112.439,9.207,7.134,5.96,1.6682
actuator-037,MQTT,144.264,12.397,16.102,5.75,0.0
actuator-037,MQTT,145.783,12.399,5.506,5.274,0.0
camera-038,HTTPS,894.2,59.218,4.969,62.698,0.2433
camera-038,HTTPS,2779.107,106.761,3.637,84.11,0.4866
camera-038,HTTPS,907.558,75.387,10.959,188.97,0.4573
camera-038,HTTPS,1004.197,70.298,7.531,174.271,0.0019
camera-038,HTTPS,2734.389,110.958,7.27,23.416,0.491
camera-038,HTTPS,1355.891,67.354,2.768,166.043,0.8006
camera-038,HTTPS,2139.836,48.538,4.623,177.647,0.4425
camera-038,HTTPS,2391.218,65.443,5.387,161.859,0.998
camera-038,HTTPS,2014.171,61.58,0.1,35.033,0.0
camera-038,HTTPS,1911.663,67.189,5.421,160.529,0.9479
camera-038,HTTPS,314.767,42.593,4.822,212.494,0.0
gateway-039,CoAP,667.662,48.954,5.494,0.05,0.5934
gateway-039,CoAP,943.465,45.673,9.379,83.574,2.2994
gateway-039,CoAP,361.261,43.188,14.71,101.861,1.3344
gateway-039,CoAP,1121.489,53.788,0.1,46.718,1.1487
gateway-039,CoAP,1477.68,59.303,7.9,72.101,0.0286
gateway-039,CoAP,947.97,18.762,5.652,50.537,1.0598
smart_meter-040,CoAP,32.562,197.267,2.785,0.05,0.0
smart_meter-040,CoAP,45.63,247.016,2.036,0.295,0.0
smart_meter-040,CoAP,25.065,259.19,2.635,0.584,3.9879
smart_meter-040,CoAP,28.724,284.573,0.1,0.175,0.002
smart_meter-040,CoAP,17.95,140.641,3.309,0.303,3.922
smart_meter-040,CoAP,31.42,258.232,0.552,0.745,2.671
smart_meter-040,CoAP,28.909,271.124,3.859,0.487,2.2321
env_sensor-041,MQTT,75.679,39.278,5.434,0.345,1.0441
env_sensor-041,MQTT,55.311,34.444,3.78,4.14,0.9802
env_sensor-041,MQTT,105.106,41.803,2.138,0.05,0.0
env_sensor-041,MQTT,46.265,1.0,1.136,8.564,0.9776
env_sensor-041,MQTT,75.691,31.511,5.613,7.175,0.0
env_sensor-041,MQTT,103.255,20.268,4.466,9.294,2.5895
env_sensor-041,MQTT,82.268,32.258,4.339,10.59,1.3511
env_sensor-041,MQTT,85.152,1.0,0.908,3.368,0.5318
env_sensor-041,MQTT,18.522,37.554,0.1,5.595,0.0
actuator-042,MQTT,77.629,13.169,9.869,7.56,1.3034
actuator-042,MQTT,160.021,22.982,7.022,16.276,0.9907
actuator-042,MQTT,137.978,10.466,8.941,8.247,0.9634
actuator-042,MQTT,82.47,35.279,1.131,4.5,0.0
actuator-042,MQTT,160.917,5.851,5.51,10.112,1.4495
actuator-042,MQTT,93.92,8.2,4.291,5.147,1.1468
actuator-042,MQTT,107.935,15.16,7.989,9.013,0.838
actuator-042,MQTT,115.723,28.802,3.594,17.202,0.7255
camera-043,HTTPS,1289.632,68.957,4.233,63.244,0.1779
camera-043,HTTPS,1270.843,80.239,3.199,134.717,0.8094
camera-043,HTTPS,1637.867,16.103,5.701,61.367,0.3573
camera-043,HTTPS,2740.213,74.348,3.944,139.398,0.0
gateway-044,LoRaWAN,1086.941,28.346,12.563,94.545,0.0
gateway-044,LoRaWAN,692.845,46.026,0.1,0.05,1.16
gateway-044,LoRaWAN,1375.834,83.134,10.161,88.347,2.0763
gateway-044,LoRaWAN,714.173,53.033,11.946,20.871,1.2975
gateway-044,LoRaWAN,684.11,30.633,15.051,21.666,1.4042
gateway-044,LoRaWAN,1899.569,50.062,9.983,104.726,1.212
gateway-044,LoRaWAN,230.542,49.636,11.324,33.523,1.6719
gateway-044,LoRaWAN,870.721,76.168,8.279,46.417,0.0822
smart_meter-045,LoRaWAN,29.563,211.018,1.59,0.365,5.2
smart_meter-045,LoRaWAN,45.98,268.039,4.054,0.443,3.1779
smart_meter-045,LoRaWAN,22.639,210.257,1.099,0.403,0.0
smart_meter-045,LoRaWAN,38.917,276.105,2.783,0.05,8.4469
smart_meter-045,LoRaWAN,43.055,161.179,1.251,0.268,4.7416
smart_meter-045,LoRaWAN,39.715,207.341,0.961,0.05,3.7188
smart_meter-045,LoRaWAN,40.945,133.056,3.212,0.333,3.2058
smart_meter-045,LoRaWAN,35.387,236.858,0.568,1.021,2.0516
smart_meter-045,LoRaWAN,20.57,174.911,4.437,0.492,5.5974
env_sensor-046,HTTPS,55.624,53.811,4.502,0.05,0.6927
env_sensor-046,HTTPS,93.251,27.772,4.245,6.138,0.0
env_sensor-046,HTTPS,40.916,28.822,3.716,6.621,1.6036
env_sensor-046,HTTPS,91.877,37.566,4.045,4.896,0.0
env_sensor-046,HTTPS,80.226,30.331,2.755,5.17,0.8695
env_sensor-046,HTTPS,80.089,26.814,5.32,3.51,0.5745
actuator-047,HTTPS,113.954,7.013,5.896,9.973,0.8407
actuator-047,HTTPS,152.794,12.266,8.184,0.05,0.898
actuator-047,HTTPS,179.982,20.141,8.994,12.744,0.9596
actuator-047,HTTPS,86.581,21.219,4.28,6.481,1.2508
actuator-047,HTTPS,78.886,37.693,6.102,7.611,1.5235
actuator-047,HTTPS,131.696,15.773,4.494,3.335,0.7685
actuator-047,HTTPS,125.301,13.058,7.762,7.156,0.7015
actuator-047,HTTPS,155.669,17.515,15.088,9.968,1.5279
actuator-047,HTTPS,125.002,16.061,8.208,11.555,0.2751
actuator-047,HTTPS,59.347,31.451,8.66,9.438,0.0
camera-048,LoRaWAN,866.485,63.133,0.1,255.645,0.7399
camera-048,LoRaWAN,1987.883,65.179,9.03,124.555,1.176
camera-048,LoRaWAN,1860.167,73.157,3.119,55.42,1.1722
camera-048,LoRaWAN,1320.116,84.659,5.648,256.704,1.4325
camera-048,LoRaWAN,2246.281,37.9,8.574,76.761,1.6369
camera-048,LoRaWAN,1263.457,70.92,3.28,124.855,0.0
camera-048,LoRaWAN,538.984,3.743,2.795,204.075,1.1073
camera-048,LoRaWAN,2405.46,89.946,1.391,93.348,0.2386
gateway-049,MQTT,459.717,51.389,6.924,86.711,0.0849
gateway-049,MQTT,1057.362,115.154,17.97,0.05,0.7184
gateway-049,MQTT,790.944,20.501,4.181,72.876,1.2813
gateway-049,MQTT,1004.874,51.811,6.437,0.05,0.0
smart_meter-050,LoRaWAN,26.977,180.839,1.443,0.688,3.6959
smart_meter-050,LoRaWAN,19.638,170.893,2.121,0.506,0.0
smart_meter-050,LoRaWAN,44.919,185.154,0.1,0.236,2.0229
smart_meter-050,LoRaWAN,24.11,86.244,2.398,0.293,4.4752
smart_meter-050,LoRaWAN,28.945,164.843,0.195,0.261,0.7816
smart_meter-050,LoRaWAN,29.066,168.425,2.354,0.403,3.2861
smart_meter-050,LoRaWAN,37.969,81.272,3.725,0.331,5.6957
smart_meter-050,LoRaWAN,19.742,165.899,0.38,0.605,2.2075
smart_meter-050,LoRaWAN,19.219,219.95,2.835,0.185,3.0392
smart_meter-050,LoRaWAN,45.441,205.319,3.297,0.725,0.2138
smart_meter-050,LoRaWAN,25.082,169.137,2.022,0.255,0.0
env_sensor-051,HTTPS,77.334,55.235,2.236,4.774,0.2371
env_sensor-051,HTTPS,41.898,20.547,0.885,2.115,1.0602
env_sensor-051,HTTPS,53.671,24.962,2.633,6.51,0.9836
env_sensor-051,HTTPS,32.44,19.906,3.542,11.427,1.0363
env_sensor-051,HTTPS,86.308,24.917,4.178,4.123,0.7296
env_sensor-051,HTTPS,73.698,1.489,0.722,6.539,0.3949
env_sensor-051,HTTPS,88.824,23.673,1.45,5.948,0.5281
env_sensor-051,HTTPS,79.486,42.518,3.611,7.257,1.6019
env_sensor-051,HTTPS,67.223,22.133,4.406,8.976,0.1885
env_sensor-051,HTTPS,64.855,12.995,0.653,3.283,2.3109
env_sensor-051,HTTPS,59.822,31.809,0.1,1.771,1.8474
actuator-052,CoAP,96.092,19.161,4.159,8.691,0.6637
actuator-052,CoAP,171.666,19.017,7.259,13.178,0.3611
actuator-052,CoAP,85.753,18.322,7.829,11.326,0.4554
actuator-052,CoAP,161.735,19.033,3.609,4.312,1.1855
actuator-052,CoAP,105.946,1.0,8.395,0.05,0.005
actuator-052,CoAP,116.427,10.421,7.739,6.462,1.7089
actuator-052,CoAP,94.003,15.841,11.874,17.335,0.8766
actuator-052,CoAP,111.797,4.379,4.433,0.627,1.1574
actuator-052,CoAP,149.769,8.622,6.64,9.444,0.2966
actuator-052,CoAP,132.966,31.324,5.179,11.33,0.3118
actuator-052,CoAP,94.166,15.816,2.276,11.589,1.0151
camera-053,CoAP,2089.978,65.679,2.193,89.001,0.7055
camera-053,CoAP,2776.691,65.99,3.056,179.098,0.6028
camera-053,CoAP,2610.647,121.817,4.563,89.774,0.7573
camera-053,CoAP,421.325,54.532,6.836,143.976,0.7567
camera-053,CoAP,2790.554,40.13,0.1,225.64,0.3732
camera-053,CoAP,1251.613,1.0,0.698,155.537,1.0843
camera-053,CoAP,725.947,36.056,1.225,55.103,1.2571
gateway-054,LoRaWAN,1567.638,36.266,9.307,83.948,0.0
gateway-054,LoRaWAN,876.568,13.093,4.272,73.717,1.168
gateway-054,LoRaWAN,492.644,57.283,10.723,37.588,1.6844
gateway-054,LoRaWAN,826.331,27.071,0.378,0.05,1.5037
gateway-054,LoRaWAN,984.942,16.372,15.453,23.582,2.3123
gateway-054,LoRaWAN,989.685,35.643,12.739,158.799,0.632
gateway-054,LoRaWAN,1027.229,38.458,5.966,0.05,3.1951
gateway-054,LoRaWAN,563.556,3.46,17.097,0.05,0.6748
smart_meter-055,MQTT,16.788,137.447,4.122,0.461,5.004
smart_meter-055,MQTT,23.545,202.017,1.159,0.602,4.6213
smart_meter-055,MQTT,34.734,100.803,0.1,0.498,7.4025
smart_meter-055,MQTT,20.716,145.64,2.48,0.558,1.3197
smart_meter-055,MQTT,30.38,309.489,4.012,0.554,0.2881
smart_meter-055,MQTT,38.703,159.95,2.69,0.05,3.6167
smart_meter-055,MQTT,30.902,72.734,1.871,0.898,2.7684
smart_meter-055,MQTT,25.1,267.578,4.779,0.412,4.4389
smart_meter-055,MQTT,34.191,312.406,4.818,0.629,2.4002
smart_meter-055,MQTT,24.624,227.645,1.804,0.423,4.7667
smart_meter-055,MQTT,24.17,196.116,4.396,0.568,4.1071
env_sensor-056,HTTPS,50.93,10.233,1.473,6.467,1.6858
env_sensor-056,HTTPS,67.548,20.872,5.855,5.516,2.1452
env_sensor-056,HTTPS,54.485,51.61,3.644,2.151,0.0
env_sensor-056,HTTPS,55.309,23.356,0.588,3.389,0.6681
env_sensor-056,HTTPS,39.529,10.987,5.579,1.421,0.5642
env_sensor-056,HTTPS,77.891,28.272,2.549,2.649,0.0
env_sensor-056,HTTPS,22.564,37.996,2.623,8.625,1.5345
env_sensor-056,HTTPS,53.622,1.0,5.135,3.141,1.9204
env_sensor-056,HTTPS,93.205,17.973,2.621,6.996,3.1064
actuator-057,LoRaWAN,83.488,24.152,9.806,6.617,0.0619
actuator-057,LoRaWAN,145.964,13.54,7.277,0.23,0.8867
actuator-057,LoRaWAN,150.901,8.223,2.308,18.29,0.3043
actuator-057,LoRaWAN,100.621,13.378,7.017,12.627,0.0
camera-058,HTTPS,1685.778,57.671,4.388,210.721,0.1295
camera-058,HTTPS,1223.318,40.152,3.372,31.72,0.4516
camera-058,HTTPS,1528.486,49.827,7.573,118.417,1.7635
camera-058,HTTPS,2445.623,57.569,4.743,228.612,1.1552
camera-058,HTTPS,1576.642,31.919,0.316,137.814,0.7123
camera-058,HTTPS,1176.114,73.517,7.601,193.358,0.9101
camera-058,HTTPS,1152.064,63.015,4.394,123.981,0.0814
gateway-059,HTTPS,1362.632,52.76,8.34,25.4,0.0372
gateway-059,HTTPS,558.716,71.443,1.241,96.263,1.2483
gateway-059,HTTPS,311.423,24.463,9.769,106.179,1.726
gateway-059,HTTPS,1600.059,81.321,10.209,65.455,1.2438
gateway-059,HTTPS,927.614,54.021,15.08,21.564,0.0322
smart_meter-060,CoAP,24.42,54.491,0.787,0.416,2.1264
smart_meter-060,CoAP,43.701,268.552,2.609,0.05,6.319
smart_meter-060,CoAP,11.643,163.212,3.058,0.11,5.8661
smart_meter-060,CoAP,43.069,227.855,2.912,0.511,2.4594
smart_meter-060,CoAP,19.758,167.686,2.777,0.392,3.2571
smart_meter-060,CoAP,23.145,174.461,1.188,0.199,0.0
env_sensor-061,CoAP,49.745,23.419,5.91,0.68,0.0
env_sensor-061,CoAP,70.329,1.0,3.97,2.346,1.0249
env_sensor-061,CoAP,83.614,20.837,3.638,2.769,0.478
env_sensor-061,CoAP,37.417,43.566,1.536,3.56,0.4678
env_sensor-061,CoAP,65.302,9.161,1.952,3.291,2.0524
env_sensor-061,CoAP,43.174,26.675,3.382,5.402,1.2342
env_sensor-061,CoAP,37.9,21.509,5.128,1.367,2.1676
env_sensor-061,CoAP,73.494,26.109,3.905,9.323,2.1279
env_sensor-061,CoAP,29.577,1.0,3.831,0.767,1.4104
actuator-062,MQTT,108.909,14.508,6.76,6.835,2.1283
actuator-062,MQTT,78.425,21.255,8.511,7.309,0.8511
actuator-062,MQTT,68.958,35.857,8.806,9.123,1.2793
actuator-062,MQTT,27.614,12.015,9.629,12.042,0.4213
actuator-062,MQTT,85.763,9.065,10.358,7.813,0.0
actuator-062,MQTT,74.247,30.292,0.911,7.307,1.5229
actuator-062,MQTT,121.958,31.208,6.22,5.616,1.0256
actuator-062,MQTT,84.243,28.854,4.554,3.108,0.451
camera-063,HTTPS,109.774,45.573,2.409,95.276,0.779
camera-063,HTTPS,1444.786,57.433,3.997,60.527,0.5298
camera-063,HTTPS,2360.809,56.574,2.223,173.305,0.1748
camera-063,HTTPS,1800.673,85.087,1.106,106.138,0.4963
camera-063,HTTPS,495.172,67.874,3.542,211.334,0.4312
camera-063,HTTPS,2117.58,37.244,1.429,135.053,0.4294
camera-063,HTTPS,1438.908,69.111,6.568,143.205,0.8245
camera-063,HTTPS,1726.852,15.665,8.249,40.474,0.2735
camera-063,HTTPS,816.616,74.769,4.046,54.17,0.9453
camera-063,HTTPS,2311.627,20.703,6.316,181.352,0.4936
camera-063,HTTPS,1725.599,53.099,7.275,87.939,0.6854
gateway-064,LoRaWAN,1683.546,29.721,7.476,61.995,1.0429
gateway-064,LoRaWAN,643.159,65.938,3.539,68.478,1.5273
gateway-064,LoRaWAN,139.161,27.221,1.06,85.345,2.647
gateway-064,LoRaWAN,1274.717,43.586,2.495,1.459,2.093
gateway-064,LoRaWAN,408.667,94.193,7.154,60.192,1.0939
gateway-064,LoRaWAN,1085.924,48.532,2.797,91.642,0.0
gateway-064,LoRaWAN,1381.734,34.529,2.896,24.764,1.0015
gateway-064,LoRaWAN,918.34,37.03,10.034,0.05,1.638
gateway-064,LoRaWAN,947.154,13.293,6.869,81.69,2.1967
smart_meter-065,LoRaWAN,32.53,140.409,2.258,0.05,3.0982
smart_meter-065,LoRaWAN,33.861,274.074,1.36,0.1,3.9986
smart_meter-065,LoRaWAN,28.523,172.73,3.6,0.367,0.4222
smart_meter-065,LoRaWAN,31.621,203.758,1.907,0.05,1.6622
smart_meter-065,LoRaWAN,22.989,210.0,1.619,0.796,2.3198
smart_meter-065,LoRaWAN,39.455,153.571,1.058,0.385,9.4182
smart_meter-065,LoRaWAN,30.486,210.509,1.648,0.797,0.3505
smart_meter-065,LoRaWAN,30.202,265.643,1.278,0.141,2.5167
smart_meter-065,LoRaWAN,28.815,175.455,2.09,0.509,0.1253
smart_meter-065,LoRaWAN,29.734,128.794,2.826,0.05,2.9863
env_sensor-066,CoAP,112.719,41.81,2.397,3.872,0.0
env_sensor-066,CoAP,75.744,33.487,5.027,0.836,0.8727
env_sensor-066,CoAP,54.844,49.495,0.1,4.823,0.8594
env_sensor-066,CoAP,75.734,16.989,7.165,3.035,0.0
env_sensor-066,CoAP,69.969,28.512,0.1,4.939,1.7537
actuator-067,CoAP,82.65,17.607,4.592,1.427,0.1268
actuator-067,CoAP,131.815,25.264,7.111,1.912,1.857
actuator-067,CoAP,105.98,8.229,6.906,7.32,0.3496
actuator-067,CoAP,104.121,18.843,6.114,12.415,0.7787
actuator-067,CoAP,86.494,14.621,4.666,4.596,1.1558
actuator-067,CoAP,111.116,8.039,0.547,9.94,0.9175
actuator-067,CoAP,97.107,22.364,6.464,12.883,1.1746
actuator-067,CoAP,102.175,25.438,8.364,14.779,1.2992
actuator-067,CoAP,152.12,14.276,4.566,8.934,0.3128
actuator-067,CoAP,65.942,11.297,7.375,2.639,0.4493
actuator-067,CoAP,89.385,15.328,6.12,11.615,0.9068
camera-068,HTTPS,1489.541,65.927,7.315,77.712,1.4332
camera-068,HTTPS,965.108,45.993,6.952,121.943,1.3967
camera-068,HTTPS,350.105,42.366,3.916,125.243,0.9546
camera-068,HTTPS,1251.192,40.786,2.011,93.982,0.7716
camera-068,HTTPS,2514.388,81.716,6.977,233.816,0.3183
camera-068,HTTPS,1256.222,25.68,7.19,30.185,0.7023
gateway-069,MQTT,1412.81,69.291,12.302,53.171,0.7094
gateway-069,MQTT,1838.113,57.679,13.462,120.61,0.6103
gateway-069,MQTT,345.887,33.969,8.638,133.202,0.0
gateway-069,MQTT,904.907,67.691,19.646,0.05,0.0
gateway-069,MQTT,2036.129,65.384,9.259,26.546,0.6136
gateway-069,MQTT,663.043,23.78,4.101,20.549,2.2099
gateway-069,MQTT,331.659,73.852,4.947,7.245,0.976
gateway-069,MQTT,1579.476,30.219,16.407,54.662,0.5887
gateway-069,MQTT,1121.242,41.285,11.368,92.992,1.1867
gateway-069,MQTT,799.324,93.403,3.082,35.625,2.3588
smart_meter-070,LoRaWAN,17.457,202.557,1.773,0.811,3.4836
smart_meter-070,LoRaWAN,33.507,161.545,0.906,0.769,1.4131
smart_meter-070,LoRaWAN,19.796,165.488,0.737,0.274,4.6613
smart_meter-070,LoRaWAN,28.926,270.35,1.808,0.367,0.5588
smart_meter-070,LoRaWAN,26.355,121.466,2.365,0.679,3.9386
smart_meter-070,LoRaWAN,29.428,255.134,5.872,0.356,1.5538
smart_meter-070,LoRaWAN,46.524,170.53,2.438,0.479,0.9541
smart_meter-070,LoRaWAN,42.01,180.617,3.492,0.407,0.7607
smart_meter-070,LoRaWAN,31.439,244.22,1.168,0.563,4.2049
smart_meter-070,LoRaWAN,33.693,226.915,0.1,0.704,6.3894
smart_meter-070,LoRaWAN,24.894,104.893,0.321,0.963,3.8521
env_sensor-071,CoAP,61.702,40.588,6.659,5.933,0.3864
env_sensor-071,CoAP,92.305,25.44,0.1,0.933,0.0978
env_sensor-071,CoAP,79.966,27.769,3.255,2.507,0.0
env_sensor-071,CoAP,95.369,16.108,3.919,2.688,0.8239
env_sensor-071,CoAP,29.474,46.117,0.1,5.219,1.9484
env_sensor-071,CoAP,97.181,48.28,1.153,4.622,1.2894
env_sensor-071,CoAP,49.042,15.568,2.616,5.623,1.514
env_sensor-071,CoAP,61.834,28.775,5.17,9.728,1.6538
actuator-072,CoAP,73.112,14.157,7.024,10.405,0.0
actuator-072,CoAP,80.315,9.716,4.594,9.423,1.6598
actuator-072,CoAP,105.424,8.193,8.037,9.972,0.3343
actuator-072,CoAP,110.626,12.71,9.37,11.204,1.7449
actuator-072,CoAP,170.507,20.932,8.219,4.542,0.6413
actuator-072,CoAP,96.433,14.279,8.456,12.691,0.1868
actuator-072,CoAP,134.215,15.009,10.033,13.653,1.0276
actuator-072,CoAP,105.509,21.394,3.454,2.406,0.4282
actuator-072,CoAP,125.629,28.056,8.486,10.367,0.8259
camera-073,LoRaWAN,1594.358,97.112,9.082,131.242,1.005
camera-073,LoRaWAN,1928.927,32.606,3.78,17.668,0.6733
camera-073,LoRaWAN,1666.994,35.036,7.213,73.945,1.1935
camera-073,LoRaWAN,1834.388,74.207,3.496,137.825,1.504
camera-073,LoRaWAN,1822.19,38.098,4.745,78.69,0.659
camera-073,LoRaWAN,1086.911,36.351,0.1,169.26,1.1309
camera-073,LoRaWAN,1896.659,39.269,2.324,6.676,0.1599
camera-073,LoRaWAN,248.224,46.942,0.1,86.272,1.1343
camera-073,LoRaWAN,878.795,5.566,3.609,135.49,0.6164
camera-073,LoRaWAN,2442.219,70.514,1.545,31.164,0.688
camera-073,LoRaWAN,2017.146,37.024,6.248,84.887,0.5587
gateway-074,LoRaWAN,1203.245,22.64,7.52,32.844,0.0
gateway-074,LoRaWAN,745.045,37.61,1.152,26.916,0.8859
gateway-074,LoRaWAN,983.425,45.824,0.766,39.415,0.7254
gateway-074,LoRaWAN,1388.203,31.484,0.1,7.521,0.8128
gateway-074,LoRaWAN,1081.832,97.961,8.581,0.05,2.3902
gateway-074,LoRaWAN,1561.098,46.623,0.1,7.026,0.4323
gateway-074,LoRaWAN,461.168,28.565,12.693,35.06,0.4974
smart_meter-075,LoRaWAN,31.991,134.324,3.313,0.741,3.3533
smart_meter-075,LoRaWAN,23.495,183.126,2.474,0.546,3.9394
smart_meter-075,LoRaWAN,27.897,162.809,3.645,0.453,1.5024
smart_meter-075,LoRaWAN,29.332,125.31,0.1,0.412,2.0792
env_sensor-076,HTTPS,99.06,14.01,2.841,8.597,0.5581
env_sensor-076,HTTPS,83.774,9.027,2.469,1.269,1.1035
env_sensor-076,HTTPS,81.461,27.453,5.183,2.437,0.8671
env_sensor-076,HTTPS,61.493,15.56,1.219,4.019,0.1712
env_sensor-076,HTTPS,93.653,6.187,4.062,4.569,1.3459
env_sensor-076,HTTPS,72.029,13.402,4.469,5.156,0.0
actuator-077,MQTT,115.659,23.368,9.9,3.096,0.9101
actuator-077,MQTT,50.396,13.201,7.792,8.735,0.9425
actuator-077,MQTT,61.44,11.315,10.364,8.343,2.532
actuator-077,MQTT,113.369,17.307,4.861,3.682,0.5807
camera-078,MQTT,2162.674,61.788,3.357,72.425,0.0
camera-078,MQTT,1214.503,74.497,6.812,63.221,0.2926
camera-078,MQTT,2548.688,1.0,2.176,154.316,1.1962
camera-078,MQTT,2342.099,46.211,5.097,147.464,0.855
camera-078,MQTT,3190.605,59.226,5.535,115.346,0.9523
gateway-079,HTTPS,1200.157,26.253,9.268,120.867,2.2986
gateway-079,HTTPS,1266.961,58.775,10.207,119.683,0.5277
gateway-079,HTTPS,1030.811,34.256,14.291,147.228,0.4146
gateway-079,HTTPS,1034.749,32.075,7.055,65.363,0.8423
smart_meter-080,HTTPS,22.064,54.56,3.176,0.05,1.8567
smart_meter-080,HTTPS,32.191,173.368,0.891,0.382,1.597
smart_meter-080,HTTPS,23.68,223.613,4.429,0.338,4.7285
smart_meter-080,HTTPS,29.58,210.242,0.1,0.386,1.2778
smart_meter-080,HTTPS,23.984,248.608,0.1,0.448,3.2966
smart_meter-080,HTTPS,33.02,101.177,2.687,0.276,2.9449
smart_meter-080,HTTPS,18.315,208.765,0.224,0.389,0.9032
smart_meter-080,HTTPS,13.198,92.092,2.601,0.649,2.048
env_sensor-081,MQTT,67.71,20.437,3.477,6.787,0.0014
env_sensor-081,MQTT,31.075,35.837,2.161,6.731,1.1739
env_sensor-081,MQTT,60.029,25.651,1.07,3.642,1.9798
env_sensor-081,MQTT,66.121,37.504,3.26,0.05,0.0
env_sensor-081,MQTT,59.307,32.721,0.106,13.119,0.3652
env_sensor-081,MQTT,43.899,14.563,3.758,1.615,1.652
env_sensor-081,MQTT,80.738,10.062,8.298,2.465,1.5356
actuator-082,HTTPS,137.415,20.375,10.032,12.372,0.0
actuator-082,HTTPS,111.361,27.399,6.966,7.349,0.5728
actuator-082,HTTPS,100.397,22.475,7.367,6.931,0.6999
actuator-082,HTTPS,133.826,22.091,10.262,11.818,0.5767
actuator-082,HTTPS,147.7,20.51,4.223,4.124,0.0
camera-083,HTTPS,1815.33,68.181,4.36,101.024,1.1256
camera-083,HTTPS,2294.406,65.28,3.121,130.821,0.4002
camera-083,HTTPS,2581.326,23.485,9.227,169.108,0.3723
camera-083,HTTPS,2226.894,63.921,4.603,15.164,0.0
camera-083,HTTPS,906.935,65.059,7.332,198.301,0.1602
camera-083,HTTPS,2006.356,75.754,3.038,141.46,1.0999
gateway-084,LoRaWAN,647.655,27.357,0.1,117.822,1.765
gateway-084,LoRaWAN,366.067,30.524,15.607,48.109,1.53
gateway-084,LoRaWAN,1710.307,50.97,6.016,40.439,1.265
gateway-084,LoRaWAN,1317.054,42.272,12.177,43.013,1.0417
smart_meter-085,MQTT,23.43,95.844,0.1,0.525,1.4698
smart_meter-085,MQTT,29.34,291.722,0.443,0.601,2.9177
smart_meter-085,MQTT,15.061,122.639,1.769,1.222,5.6119
smart_meter-085,MQTT,29.585,165.238,3.946,0.05,0.9831
smart_meter-085,MQTT,43.398,192.983,3.551,0.429,4.3047
smart_meter-085,MQTT,21.558,112.918,1.585,0.169,1.6061
env_sensor-086,MQTT,82.688,16.116,0.1,2.232,1.4723
env_sensor-086,MQTT,94.547,14.603,1.439,5.925,3.2629
env_sensor-086,MQTT,78.965,19.554,5.461,5.582,0.7432
env_sensor-086,MQTT,55.254,38.27,4.338,2.218,1.4276
env_sensor-086,MQTT,70.025,34.209,0.1,3.9,1.7266
env_sensor-086,MQTT,114.191,31.952,6.594,6.26,0.6839
env_sensor-086,MQTT,83.062,23.135,4.18,9.179,1.164
env_sensor-086,MQTT,66.229,42.464,0.863,4.598,3.5745
env_sensor-086,MQTT,44.677,5.521,1.865,8.077,1.3064
env_sensor-086,MQTT,58.434,31.916,3.716,5.252,2.2566
env_sensor-086,MQTT,51.136,25.121,3.363,5.809,2.3664
actuator-087,HTTPS,95.758,26.039,8.838,9.024,0.0259
actuator-087,HTTPS,121.002,13.011,3.639,4.799,0.5126
actuator-087,HTTPS,87.784,26.611,6.24,7.17,0.9738
actuator-087,HTTPS,102.324,1.0,11.502,12.553,0.0
actuator-087,HTTPS,153.346,15.694,4.241,2.319,0.2521
actuator-087,HTTPS,88.763,25.783,5.713,9.595,0.9822
actuator-087,HTTPS,116.7,9.119,1.569,11.687,0.3262
actuator-087,HTTPS,135.281,27.571,0.449,1.029,1.4292
actuator-087,HTTPS,125.713,17.193,6.45,3.406,0.7468
actuator-087,HTTPS,68.784,21.077,2.574,9.676,1.9278
camera-088,HTTPS,1196.969,31.469,6.359,70.687,0.3812
camera-088,HTTPS,2610.1,95.84,5.571,130.842,0.5102
camera-088,HTTPS,2845.906,70.482,1.17,8.233,0.0
camera-088,HTTPS,2974.563,111.777,8.623,52.705,0.6863
camera-088,HTTPS,1142.052,44.457,11.455,91.691,0.0
camera-088,HTTPS,1223.053,29.907,3.624,74.747,0.7876
camera-088,HTTPS,1184.447,32.855,1.949,103.996,1.0792
camera-088,HTTPS,2412.03,88.634,7.255,166.076,0.929
camera-088,HTTPS,367.631,55.638,3.828,34.061,0.462
camera-088,HTTPS,2235.664,85.826,4.935,173.874,0.286
camera-088,HTTPS,1685.307,79.522,6.313,126.277,0.0
gateway-089,CoAP,250.379,40.913,3.439,99.673,2.1046
gateway-089,CoAP,1591.102,53.015,4.475,83.748,0.4721
gateway-089,CoAP,1557.965,55.842,17.931,108.515,0.0
gateway-089,CoAP,947.885,93.057,6.954,38.693,1.1002
gateway-089,CoAP,34.126,33.736,9.207,64.281,0.0
gateway-089,CoAP,832.074,44.895,10.822,126.279,0.2777
smart_meter-090,LoRaWAN,40.223,168.752,2.395,0.525,0.5949
smart_meter-090,LoRaWAN,25.574,224.184,3.262,0.103,2.498
smart_meter-090,LoRaWAN,14.102,249.022,2.147,0.503,1.7758
smart_meter-090,LoRaWAN,36.186,254.253,1.132,0.657,2.9094
smart_meter-090,LoRaWAN,30.826,46.52,0.1,0.348,1.7496
smart_meter-090,LoRaWAN,28.02,196.113,2.367,0.88,3.4878
smart_meter-090,LoRaWAN,24.48,142.746,3.317,0.9,0.5045
smart_meter-090,LoRaWAN,42.607,284.459,2.039,0.381,1.9967
smart_meter-090,LoRaWAN,24.131,203.985,5.04,0.05,0.9944
smart_meter-090,LoRaWAN,26.281,213.121,1.402,0.33,4.8436
env_sensor-091,MQTT,84.286,22.612,3.744,5.925,0.0
env_sensor-091,MQTT,82.425,15.47,0.952,0.806,1.0278
env_sensor-091,MQTT,53.093,14.384,3.137,5.094,1.1457
env_sensor-091,MQTT,54.566,25.325,4.574,4.015,0.9261
env_sensor-091,MQTT,77.138,26.457,5.324,4.901,2.2041
env_sensor-091,MQTT,40.273,31.738,4.122,6.769,0.0
env_sensor-091,MQTT,70.941,29.014,1.8,4.169,2.1272
actuator-092,MQTT,85.649,18.503,8.088,12.276,0.3832
actuator-092,MQTT,101.253,23.292,5.768,9.895,0.3079
actuator-092,MQTT,92.941,28.468,8.474,12.395,0.374
actuator-092,MQTT,83.446,11.858,5.274,4.447,0.0
actuator-092,MQTT,102.837,29.35,4.698,11.12,1.1333
actuator-092,MQTT,96.666,17.477,10.826,7.852,0.0
actuator-092,MQTT,95.788,18.655,9.266,11.627,0.0
actuator-092,MQTT,96.0,28.613,4.595,2.696,1.0428
actuator-092,MQTT,117.305,23.369,7.632,7.825,0.5544
actuator-092,MQTT,41.948,16.889,7.521,2.748,0.7948
actuator-092,MQTT,132.283,14.968,12.49,10.026,0.2906
camera-093,HTTPS,2010.403,62.241,5.619,35.247,0.6527
camera-093,HTTPS,2390.139,45.861,6.151,186.815,0.4103
camera-093,HTTPS,1587.37,98.437,6.154,133.126,0.5751
camera-093,HTTPS,1359.136,62.412,4.516,65.646,0.3463
camera-093,HTTPS,2110.516,64.051,6.19,90.163,0.4546
camera-093,HTTPS,1339.65,73.533,2.337,147.548,1.5284
camera-093,HTTPS,1006.259,58.606,6.212,66.922,0.7356
camera-093,HTTPS,2045.438,52.54,4.109,65.072,0.6562
camera-093,HTTPS,2288.56,43.424,0.1,29.666,0.8941
camera-093,HTTPS,2610.789,60.242,3.672,134.01,0.5525
gateway-094,LoRaWAN,600.786,79.613,13.824,125.256,0.7821
gateway-094,LoRaWAN,1141.4,32.53,9.659,83.722,0.9789
gateway-094,LoRaWAN,1156.811,39.093,6.159,31.31,0.6631
gateway-094,LoRaWAN,2395.88,62.203,2.463,87.976,2.0765
gateway-094,LoRaWAN,743.715,24.759,7.943,0.887,1.2034
gateway-094,LoRaWAN,459.41,68.568,7.318,39.155,1.1708
gateway-094,LoRaWAN,1012.019,35.155,20.609,19.789,1.3336
gateway-094,LoRaWAN,973.148,54.71,1.593,114.694,0.1082
smart_meter-095,LoRaWAN,26.146,270.946,2.848,0.196,1.9263
smart_meter-095,LoRaWAN,19.32,255.897,5.229,0.852,2.033
smart_meter-095,LoRaWAN,40.358,244.533,0.1,0.427,1.2737
smart_meter-095,LoRaWAN,40.805,200.28,1.589,0.559,6.2826
smart_meter-095,LoRaWAN,30.773,261.419,2.627,0.163,7.121
smart_meter-095,LoRaWAN,31.18,118.309,0.758,0.476,0.258
env_sensor-096,CoAP,70.496,24.636,2.156,0.526,1.2191
env_sensor-096,CoAP,56.023,47.627,2.516,0.05,1.7867
env_sensor-096,CoAP,61.943,40.191,6.452,6.614,1.7196
env_sensor-096,CoAP,45.566,4.644,3.47,2.844,1.1813
env_sensor-096,CoAP,85.583,22.407,1.317,5.811,1.7485
actuator-097,MQTT,101.246,1.0,6.306,2.495,0.5398
actuator-097,MQTT,122.893,19.875,5.289,6.889,0.0
actuator-097,MQTT,111.829,31.016,5.763,2.645,1.3237
actuator-097,MQTT,117.13,11.565,12.779,8.449,0.7255
actuator-097,MQTT,79.045,6.74,8.361,6.121,0.3186
actuator-097,MQTT,73.778,12.113,8.614,0.05,1.1794
actuator-097,MQTT,107.178,16.433,2.98,0.843,0.1871
actuator-097,MQTT,76.747,26.334,10.727,8.208,0.0
camera-098,HTTPS,911.184,51.44,1.73,37.732,0.5497
camera-098,HTTPS,2476.623,72.988,0.382,39.687,1.083
camera-098,HTTPS,1814.102,78.257,2.965,114.416,0.246
camera-098,HTTPS,633.882,52.882,6.059,217.996,0.0
camera-098,HTTPS,982.466,64.066,4.748,126.852,0.414
camera-098,HTTPS,2351.298,54.855,1.015,140.32,0.958
gateway-099,LoRaWAN,723.145,54.735,14.023,105.881,0.0749
gateway-099,LoRaWAN,1192.983,39.865,4.62,43.606,0.4561
gateway-099,LoRaWAN,1119.629,66.321,6.582,52.697,1.3241
gateway-099,LoRaWAN,391.276,25.458,6.811,50.339,1.7748
gateway-099,LoRaWAN,493.616,39.638,6.102,1.794,1.869
gateway-099,LoRaWAN,578.869,67.163,11.887,47.128,0.9217
gateway-099,LoRaWAN,472.751,35.189,10.538,80.245,1.3574
gateway-099,LoRaWAN,730.481,23.398,1.796,142.134,1.3539
gateway-099,LoRaWAN,1062.284,51.956,14.24,38.029,1.4086
gateway-099,LoRaWAN,930.069,3.103,0.44,0.05,1.8987
gateway-099,LoRaWAN,1336.663,56.284,7.869,123.029,1.5385
smart_meter-100,MQTT,17.346,260.411,3.841,0.093,3.7224
smart_meter-100,MQTT,25.774,209.077,1.533,0.067,2.3505
smart_meter-100,MQTT,19.66,142.649,4.656,0.39,2.4353
smart_meter-100,MQTT,31.698,241.323,2.376,0.966,0.0
env_sensor-101,MQTT,72.456,11.471,4.621,6.805,1.9627
env_sensor-101,MQTT,67.382,27.882,4.17,2.853,0.0
env_sensor-101,MQTT,33.508,8.478,0.425,5.886,1.202
env_sensor-101,MQTT,89.499,34.466,1.526,6.655,0.6971
env_sensor-101,MQTT,82.224,27.223,4.819,7.874,0.5386
env_sensor-101,MQTT,90.89,18.378,5.62,7.674,0.7159
env_sensor-101,MQTT,65.579,25.306,2.861,6.314,2.1132
env_sensor-101,MQTT,19.975,8.405,2.124,1.943,1.6267
actuator-102,MQTT,185.082,21.728,6.809,8.929,1.0043
actuator-102,MQTT,136.852,11.116,12.134,8.723,1.0479
actuator-102,MQTT,122.881,16.938,4.936,12.746,1.136
actuator-102,MQTT,134.192,11.808,8.279,8.388,0.7978
actuator-102,MQTT,101.723,6.919,8.722,9.031,0.4595
actuator-102,MQTT,78.388,16.714,10.911,10.814,0.3483
camera-103,HTTPS,1992.029,59.085,11.122,87.551,0.9245
camera-103,HTTPS,2445.355,73.402,1.28,185.95,0.8906
camera-103,HTTPS,2219.105,59.568,5.309,271.937,1.0038
camera-103,HTTPS,2418.142,77.356,1.892,121.688,0.004
camera-103,HTTPS,1404.909,35.005,3.866,167.977,0.4207
camera-103,HTTPS,765.423,56.518,1.337,98.788,0.0
camera-103,HTTPS,1116.248,50.045,7.3,154.9,1.4543
camera-103,HTTPS,1712.219,44.15,4.312,151.15,1.0925
camera-103,HTTPS,1733.487,77.019,1.859,120.107,1.5615
gateway-104,MQTT,1618.925,17.198,12.079,60.41,2.5458
gateway-104,MQTT,855.663,65.991,7.309,84.556,0.0008
gateway-104,MQTT,775.871,57.199,2.148,41.916,1.5922
gateway-104,MQTT,1385.04,39.5,11.1,130.251,0.0
gateway-104,MQTT,1589.775,58.801,4.009,79.754,0.7605
gateway-104,MQTT,1026.744,9.904,15.514,105.189,1.2813
gateway-104,MQTT,1068.593,45.939,4.454,62.008,1.2472
gateway-104,MQTT,544.201,40.093,10.305,72.56,0.5074
gateway-104,MQTT,583.906,38.06,3.068,73.296,0.56
gateway-104,MQTT,756.78,63.408,16.267,40.3,1.7193
smart_meter-105,LoRaWAN,17.957,92.044,2.477,0.658,0.6059
smart_meter-105,LoRaWAN,30.346,192.029,0.137,0.625,4.0561
smart_meter-105,LoRaWAN,27.217,235.402,1.375,0.476,5.1032
smart_meter-105,LoRaWAN,27.59,112.915,1.402,0.928,1.4601
smart_meter-105,LoRaWAN,32.166,194.28,2.382,0.05,0.0
smart_meter-105,LoRaWAN,39.167,225.525,1.178,0.266,2.0691
smart_meter-105,LoRaWAN,31.031,191.227,3.024,0.263,0.8065
smart_meter-105,LoRaWAN,37.548,111.804,2.723,1.158,5.4644
smart_meter-105,LoRaWAN,27.612,187.453,0.237,0.552,3.216
smart_meter-105,LoRaWAN,12.104,231.619,4.769,0.234,2.1767
env_sensor-106,MQTT,59.257,33.751,7.072,1.928,1.6788
env_sensor-106,MQTT,96.198,30.022,4.15,2.414,2.0454
env_sensor-106,MQTT,81.554,10.885,3.148,0.207,2.079
env_sensor-106,MQTT,48.465,1.0,5.029,2.899,2.1015
env_sensor-106,MQTT,15.902,32.476,3.397,7.611,3.2085
env_sensor-106,MQTT,67.993,32.749,3.628,0.05,1.4535
env_sensor-106,MQTT,87.463,33.1,2.178,4.018,1.2998
actuator-107,MQTT,129.521,29.755,5.915,15.565,1.3019
actuator-107,MQTT,116.63,29.558,2.671,4.089,1.0956
actuator-107,MQTT,77.277,12.855,6.533,13.564,0.0
actuator-107,MQTT,143.873,20.17,6.833,14.485,0.4078
actuator-107,MQTT,84.49,25.431,6.788,10.855,0.8752
actuator-107,MQTT,123.113,16.264,7.781,5.658,1.387
actuator-107,MQTT,100.531,14.596,5.14,9.703,1.0641
actuator-107,MQTT,125.575,20.279,6.84,5.855,1.7903
actuator-107,MQTT,82.085,20.655,6.594,9.708,1.4293
actuator-107,MQTT,172.114,22.139,10.143,0.862,0.5398
camera-108,MQTT,1669.996,126.926,4.801,135.26,0.8202
camera-108,MQTT,1946.009,24.102,5.641,70.752,0.0
camera-108,MQTT,1073.723,81.097,3.277,0.05,0.0246
camera-108,MQTT,919.34,98.171,2.404,17.001,0.4998
gateway-109,CoAP,1114.805,42.831,17.19,33.265,4.0995
gateway-109,CoAP,1507.241,90.692,8.144,34.179,1.7784
gateway-109,CoAP,824.308,47.603,8.836,12.902,1.7622
gateway-109,CoAP,1346.732,45.229,0.272,44.938,0.0
smart_meter-110,MQTT,30.485,99.44,3.26,0.627,4.7045
smart_meter-110,MQTT,29.374,102.884,2.505,0.288,2.7401
smart_meter-110,MQTT,26.813,190.661,0.346,0.555,5.4383
smart_meter-110,MQTT,9.249,79.373,2.14,0.747,1.4674
smart_meter-110,MQTT,22.316,146.552,3.467,0.708,2.028
smart_meter-110,MQTT,29.471,125.07,3.841,0.431,2.6677
smart_meter-110,MQTT,14.434,266.344,0.372,0.906,3.4759
smart_meter-110,MQTT,30.88,151.574,3.066,0.268,3.8255
smart_meter-110,MQTT,30.216,124.866,3.243,0.512,0.0
env_sensor-111,MQTT,73.43,25.369,0.885,6.88,0.6185
env_sensor-111,MQTT,65.189,20.99,3.082,0.05,0.927
env_sensor-111,MQTT,69.354,40.418,1.53,7.169,0.5841
env_sensor-111,MQTT,65.212,24.633,2.61,0.248,0.4032
env_sensor-111,MQTT,80.556,44.464,4.112,3.046,0.1361
env_sensor-111,MQTT,104.254,37.786,0.1,4.858,0.4913
env_sensor-111,MQTT,82.55,33.248,1.868,0.941,1.6195
actuator-112,MQTT,109.679,13.645,5.49,11.922,0.9054
actuator-112,MQTT,133.026,6.687,2.758,15.532,0.9243
actuator-112,MQTT,103.554,8.713,14.434,10.619,0.5783
actuator-112,MQTT,130.182,26.306,5.356,7.773,0.0
actuator-112,MQTT,156.942,20.304,8.62,4.213,1.0402
actuator-112,MQTT,108.099,7.98,6.291,4.118,0.0946
actuator-112,MQTT,111.113,19.154,4.825,8.945,0.5203
actuator-112,MQTT,71.812,24.496,8.624,0.05,0.7901
camera-113,CoAP,1949.232,22.93,4.857,145.768,0.6819
camera-113,CoAP,463.261,27.275,10.478,173.024,0.4965
camera-113,CoAP,1639.631,80.395,9.092,104.57,1.0805
camera-113,CoAP,2023.98,67.509,0.665,96.039,0.0
camera-113,CoAP,1785.641,79.547,4.612,101.395,1.1303
camera-113,CoAP,656.725,1.0,1.928,157.811,0.0
camera-113,CoAP,2036.893,1.0,7.962,62.752,1.2792
camera-113,CoAP,2661.389,74.279,2.72,112.487,0.6639
gateway-114,HTTPS,497.474,13.36,7.098,35.399,0.5456
gateway-114,HTTPS,93.419,57.79,5.57,41.463,0.0
gateway-114,HTTPS,176.726,13.399,0.1,0.05,0.1423
gateway-114,HTTPS,699.968,63.893,11.506,10.261,0.0
gateway-114,HTTPS,467.18,52.6,10.383,0.05,0.3624
gateway-114,HTTPS,362.385,61.592,4.738,92.86,0.0
gateway-114,HTTPS,791.661,69.636,9.091,35.442,0.0864
smart_meter-115,LoRaWAN,24.017,95.297,3.635,0.793,2.3498
smart_meter-115,LoRaWAN,32.219,205.911,2.356,0.935,0.0
smart_meter-115,LoRaWAN,44.376,101.862,3.635,0.05,0.0
smart_meter-115,LoRaWAN,10.352,174.547,3.305,0.05,1.729
env_sensor-116,CoAP,32.26,21.714,4.319,1.917,1.9704
env_sensor-116,CoAP,100.118,29.129,2.43,0.05,0.9262
env_sensor-116,CoAP,107.427,9.471,2.63,4.278,1.5257
env_sensor-116,CoAP,67.078,9.786,1.151,0.139,0.9857
env_sensor-116,CoAP,119.036,29.894,3.25,2.768,3.042
env_sensor-116,CoAP,100.23,21.172,1.475,7.194,1.6159
env_sensor-116,CoAP,8.0,21.792,3.3,4.971,1.7699
env_sensor-116,CoAP,82.573,3.007,2.865,0.762,2.2028
env_sensor-116,CoAP,52.299,41.413,0.625,5.76,1.2649
env_sensor-116,CoAP,102.398,20.118,2.061,4.386,1.5528
env_sensor-116,CoAP,68.706,17.732,0.552,0.373,3.336
actuator-117,MQTT,130.895,17.422,7.334,11.468,0.5452
actuator-117,MQTT,208.238,28.948,5.219,0.142,0.0
actuator-117,MQTT,136.188,22.165,10.547,5.007,1.7697
actuator-117,MQTT,84.679,17.899,8.618,11.407,1.5242
actuator-117,MQTT,73.173,10.853,3.461,6.155,0.9368
camera-118,HTTPS,1922.065,104.481,3.344,55.326,0.4185
camera-118,HTTPS,1473.791,41.506,4.371,115.552,0.1048
camera-118,HTTPS,848.344,77.507,2.305,221.334,0.7144
camera-118,HTTPS,1803.629,102.606,4.149,205.869,0.0
gateway-119,CoAP,253.47,59.088,8.86,86.128,0.0
gateway-119,CoAP,835.896,32.188,9.272,53.093,2.548
gateway-119,CoAP,985.713,43.296,13.961,17.776,0.5611
gateway-119,CoAP,425.303,32.928,16.938,11.216,0.4191
gateway-119,CoAP,310.102,36.238,7.132,0.05,0.5099
gateway-119,CoAP,122.554,37.647,1.743,20.998,0.1058
gateway-119,CoAP,8.0,40.842,7.174,33.129,1.3781
gateway-119,CoAP,825.117,65.958,12.454,65.344,0.657
gateway-119,CoAP,1508.449,1.115,12.813,27.671,2.3744
gateway-119,CoAP,934.813,45.636,3.424,61.166,1.2353
smart_meter-120,HTTPS,22.237,183.426,3.301,0.114,0.1462
smart_meter-120,HTTPS,22.862,82.093,4.622,0.719,3.8208
smart_meter-120,HTTPS,16.485,159.309,6.157,1.251,0.2004
smart_meter-120,HTTPS,27.952,170.988,1.708,0.617,3.5689
smart_meter-120,HTTPS,17.86,112.644,2.37,0.545,0.0
smart_meter-120,HTTPS,44.121,230.85,2.118,0.479,2.8735
env_sensor-121,MQTT,94.952,18.072,0.966,1.09,0.3737
env_sensor-121,MQTT,120.264,23.326,3.874,5.556,0.9205
env_sensor-121,MQTT,83.41,24.093,0.437,4.031,0.0
env_sensor-121,MQTT,94.948,24.572,2.199,2.666,1.1876
env_sensor-121,MQTT,82.509,12.07,1.781,8.177,2.4018
env_sensor-121,MQTT,64.115,17.556,4.487,0.05,0.3428
env_sensor-121,MQTT,65.581,39.735,1.797,0.05,2.9865
env_sensor-121,MQTT,79.594,13.693,5.249,3.628,0.963
env_sensor-121,MQTT,88.91,24.864,2.993,9.487,0.6666
actuator-122,MQTT,108.024,16.275,10.679,4.1,0.2898
actuator-122,MQTT,151.134,25.252,9.59,13.329,0.0
actuator-122,MQTT,85.435,18.193,8.201,11.609,1.5744
actuator-122,MQTT,107.359,35.541,7.105,6.578,1.0874
actuator-122,MQTT,157.68,13.761,4.917,11.432,0.518
camera-123,HTTPS,3002.331,110.36,4.346,129.366,0.6593
camera-123,HTTPS,454.944,26.389,0.1,159.74,1.1791
camera-123,HTTPS,689.392,49.874,8.451,98.135,0.8214
camera-123,HTTPS,2038.281,92.686,5.213,130.044,0.0473
camera-123,HTTPS,1532.033,69.368,3.543,60.428,0.9273
camera-123,HTTPS,2098.072,48.541,6.569,82.25,0.1432
camera-123,HTTPS,2482.018,55.698,1.401,281.054,0.9635
camera-123,HTTPS,1081.56,55.629,0.1,74.971,0.436
camera-123,HTTPS,876.799,22.063,1.156,42.085,0.2644
gateway-124,HTTPS,691.625,38.793,1.49,101.357,0.4232
gateway-124,HTTPS,1348.685,40.605,0.1,84.41,0.8502
gateway-124,HTTPS,820.14,46.404,3.345,100.062,2.2862
gateway-124,HTTPS,1602.27,48.95,17.34,9.302,1.3117
gateway-124,HTTPS,258.491,75.356,8.189,2.447,0.5394
gateway-124,HTTPS,590.468,35.815,0.1,21.161,1.3448
gateway-124,HTTPS,1446.732,50.239,5.691,78.796,1.1891
gateway-124,HTTPS,973.273,14.525,7.21,97.579,0.1656
gateway-124,HTTPS,863.481,39.368,6.881,79.232,1.0713
smart_meter-125,HTTPS,31.116,227.72,3.395,0.362,0.682
smart_meter-125,HTTPS,30.259,111.718,1.003,0.228,3.9928
smart_meter-125,HTTPS,27.669,108.391,0.869,0.414,4.4977
smart_meter-125,HTTPS,37.113,221.325,4.427,0.479,2.3337
smart_meter-125,HTTPS,44.682,220.04,1.099,0.325,5.4315
smart_meter-125,HTTPS,30.746,130.008,2.978,0.495,1.5615
smart_meter-125,HTTPS,40.283,76.673,4.458,0.345,6.0074
smart_meter-125,HTTPS,17.893,208.023,3.189,0.783,0.133
smart_meter-125,HTTPS,33.021,214.762,1.856,0.05,2.4413
env_sensor-126,MQTT,40.905,23.051,2.715,5.458,0.1269
env_sensor-126,MQTT,41.366,32.709,6.209,4.119,0.0
env_sensor-126,MQTT,83.619,1.0,0.817,1.197,1.7073
env_sensor-126,MQTT,96.553,18.653,2.535,6.362,1.0121
env_sensor-126,MQTT,71.833,9.856,3.154,0.05,2.7334
env_sensor-126,MQTT,43.244,20.977,3.269,1.898,0.0
env_sensor-126,MQTT,56.079,10.91,5.232,3.901,2.2215
env_sensor-126,MQTT,95.742,6.045,6.562,8.572,0.5967
actuator-127,MQTT,95.58,21.713,2.816,13.885,1.5728
actuator-127,MQTT,68.689,21.787,4.07,11.219,0.0
actuator-127,MQTT,89.357,11.343,3.153,9.982,0.2353
actuator-127,MQTT,132.687,10.634,8.031,10.816,0.305
camera-128,HTTPS,1223.978,92.79,1.945,269.868,0.3989
camera-128,HTTPS,753.198,62.11,11.749,48.586,1.6609
camera-128,HTTPS,1557.954,19.488,4.122,105.229,0.7299
camera-128,HTTPS,1198.575,49.125,9.824,205.745,1.0325
camera-128,HTTPS,1742.598,72.78,6.432,18.064,0.0712
gateway-129,CoAP,1035.2,72.645,3.768,107.043,0.1832
gateway-129,CoAP,1243.013,31.253,2.696,37.957,0.5746
gateway-129,CoAP,943.337,32.562,8.862,24.885,1.6458
gateway-129,CoAP,582.125,31.315,12.053,81.507,2.5612
gateway-129,CoAP,737.004,19.281,10.104,55.546,0.4909
gateway-129,CoAP,8.0,50.104,7.153,160.399,0.9774
gateway-129,CoAP,1274.85,40.522,10.013,14.012,0.0
gateway-129,CoAP,424.573,47.187,13.722,41.72,0.9889
gateway-129,CoAP,1784.831,61.658,0.1,52.883,1.4493
gateway-129,CoAP,1580.252,4.118,0.731,34.851,1.6373
gateway-129,CoAP,240.896,21.067,9.977,102.811,0.8206
smart_meter-130,LoRaWAN,24.491,74.371,0.937,0.05,1.5997
smart_meter-130,LoRaWAN,37.626,200.387,2.27,0.536,7.0687
smart_meter-130,LoRaWAN,14.531,135.23,1.386,0.369,3.4288
smart_meter-130,LoRaWAN,24.174,152.493,4.058,0.198,1.8593
smart_meter-130,LoRaWAN,25.563,231.875,0.543,0.24,3.7876
smart_meter-130,LoRaWAN,28.356,248.13,2.124,0.1,5.3605
smart_meter-130,LoRaWAN,31.5,203.049,0.275,0.295,4.9233
smart_meter-130,LoRaWAN,25.417,90.404,3.272,0.19,3.1718
smart_meter-130,LoRaWAN,35.014,150.446,4.277,0.185,1.3426
smart_meter-130,LoRaWAN,32.896,167.098,0.1,0.86,0.3754
smart_meter-130,LoRaWAN,29.455,255.407,1.455,0.145,3.0118
env_sensor-131,MQTT,63.282,28.844,0.1,4.682,0.0161
env_sensor-131,MQTT,85.314,38.689,8.382,8.622,3.12
env_sensor-131,MQTT,81.436,17.906,7.075,0.68,0.6914
env_sensor-131,MQTT,40.115,15.126,4.376,1.173,1.3939
env_sensor-131,MQTT,110.839,39.969,0.1,1.106,0.0169
env_sensor-131,MQTT,56.206,12.564,0.1,0.291,1.0974
env_sensor-131,MQTT,65.224,29.379,7.344,3.265,2.1288
env_sensor-131,MQTT,71.695,41.051,0.892,5.708,1.0585
env_sensor-131,MQTT,74.733,15.366,3.499,4.066,0.5502
env_sensor-131,MQTT,50.582,35.418,0.941,2.924,1.6917
actuator-132,HTTPS,111.91,20.033,10.677,8.279,0.3575
actuator-132,HTTPS,125.123,26.164,10.129,1.375,1.3518
actuator-132,HTTPS,58.089,14.519,8.906,5.202,0.2019
actuator-132,HTTPS,134.648,31.42,4.495,8.967,1.6892
actuator-132,HTTPS,126.481,17.409,7.12,6.6,1.1139
actuator-132,HTTPS,101.679,12.556,6.73,13.763,0.3112
actuator-132,HTTPS,114.792,16.662,10.147,8.351,1.7039
camera-133,CoAP,2244.319,76.001,2.08,184.657,0.9783
camera-133,CoAP,2215.842,21.307,4.75,71.875,1.407
camera-133,CoAP,1555.745,99.842,4.807,135.173,0.6711
camera-133,CoAP,792.088,63.248,3.447,127.51,0.1042
camera-133,CoAP,8.0,73.481,5.106,102.343,0.0
camera-133,CoAP,1759.259,54.123,5.121,173.197,0.0468
gateway-134,HTTPS,2159.527,50.338,16.629,15.855,0.0487
gateway-134,HTTPS,1249.908,48.32,10.754,27.29,2.6054
gateway-134,HTTPS,1470.316,45.11,14.39,33.372,1.6032
gateway-134,HTTPS,1249.753,41.768,7.254,104.962,0.9992
gateway-134,HTTPS,673.226,30.995,9.183,56.773,0.844
gateway-134,HTTPS,386.934,38.074,5.554,49.7,1.3109
gateway-134,HTTPS,444.712,49.2,4.373,71.683,0.0
gateway-134,HTTPS,918.038,27.982,7.356,23.1,0.823
gateway-134,HTTPS,945.291,24.757,16.533,85.516,0.0
gateway-134,HTTPS,413.381,17.669,16.019,0.05,0.5469
smart_meter-135,LoRaWAN,13.298,142.15,5.628,0.422,8.1092
smart_meter-135,LoRaWAN,18.302,236.514,0.1,0.435,6.3118
smart_meter-135,LoRaWAN,42.775,165.863,2.434,0.545,0.0427
smart_meter-135,LoRaWAN,16.802,76.929,1.647,0.771,2.0244
smart_meter-135,LoRaWAN,37.144,77.894,3.13,0.415,5.2168
env_sensor-136,MQTT,105.059,20.094,3.692,5.455,0.5848
env_sensor-136,MQTT,79.595,17.573,4.971,1.795,1.0221
env_sensor-136,MQTT,81.074,41.762,0.1,7.963,1.5709
env_sensor-136,MQTT,102.654,50.158,2.286,1.227,0.7326
env_sensor-136,MQTT,36.579,6.081,3.606,5.298,0.0
env_sensor-136,MQTT,70.04,15.648,1.763,3.41,1.0909
env_sensor-136,MQTT,39.738,28.725,2.412,0.05,0.0122
env_sensor-136,MQTT,50.72,29.876,2.257,8.435,1.4931
env_sensor-136,MQTT,70.421,27.507,3.675,5.157,0.3374
env_sensor-136,MQTT,108.783,25.959,2.58,2.032,1.0133
actuator-137,MQTT,122.428,6.264,6.137,8.379,0.8451
actuator-137,MQTT,110.842,9.28,6.225,8.178,0.2146
actuator-137,MQTT,116.49,11.561,6.833,2.188,0.4883
actuator-137,MQTT,112.97,21.515,5.69,4.312,0.5497
actuator-137,MQTT,83.922,23.271,6.383,7.328,1.0698
actuator-137,MQTT,59.267,16.131,6.686,0.971,0.7275
actuator-137,MQTT,99.462,20.341,9.017,11.543,0.733
camera-138,HTTPS,443.525,40.786,2.465,104.966,0.3504
camera-138,HTTPS,870.997,31.71,0.623,102.103,1.1155
camera-138,HTTPS,1141.309,33.468,7.416,147.404,1.0327
camera-138,HTTPS,1894.277,73.402,2.712,129.967,0.9498
camera-138,HTTPS,830.924,34.863,4.354,163.46,0.5082
gateway-139,HTTPS,507.018,20.245,9.525,112.681,0.3929
gateway-139,HTTPS,914.043,1.0,6.757,6.43,0.7944
gateway-139,HTTPS,1641.461,63.818,3.365,0.05,0.5619
gateway-139,HTTPS,636.95,81.483,13.394,58.611,0.0
gateway-139,HTTPS,909.866,20.383,8.005,60.237,1.5846
gateway-139,HTTPS,644.701,4.193,10.653,76.54,0.0
gateway-139,HTTPS,2153.336,73.545,0.1,67.847,0.7578
smart_meter-140,LoRaWAN,29.825,145.248,2.628,0.646,3.723
smart_meter-140,LoRaWAN,34.864,191.283,2.54,0.64,2.0107
smart_meter-140,LoRaWAN,18.968,193.571,2.604,0.05,2.5418
smart_meter-140,LoRaWAN,9.933,175.335,4.147,0.05,1.7175
smart_meter-140,LoRaWAN,22.837,139.722,0.1,0.991,3.4143
smart_meter-140,LoRaWAN,33.189,142.594,3.473,0.741,1.6092
smart_meter-140,LoRaWAN,30.486,309.968,4.435,0.654,3.7622
smart_meter-140,LoRaWAN,31.805,182.365,2.69,0.604,3.0394
smart_meter-140,LoRaWAN,36.016,213.164,0.1,0.815,3.6122
smart_meter-140,LoRaWAN,31.617,202.115,1.133,0.781,5.4849
smart_meter-140,LoRaWAN,34.153,275.551,1.097,0.104,2.661
env_sensor-141,LoRaWAN,91.096,14.452,0.1,13.113,2.1395
env_sensor-141,LoRaWAN,54.079,18.921,3.529,0.05,0.2074
env_sensor-141,LoRaWAN,59.83,4.496,5.639,6.581,1.6183
env_sensor-141,LoRaWAN,70.459,1.0,2.21,3.54,0.0
env_sensor-141,LoRaWAN,78.108,23.514,1.292,9.2,1.8496
env_sensor-141,LoRaWAN,75.474,15.911,2.348,6.428,0.8103
env_sensor-141,LoRaWAN,94.915,19.641,0.796,1.091,3.0155
env_sensor-141,LoRaWAN,58.87,17.826,0.369,1.834,1.7785
env_sensor-141,LoRaWAN,111.752,17.724,2.758,5.394,1.4911
actuator-142,CoAP,137.635,9.138,5.702,9.517,0.0193
actuator-142,CoAP,108.825,16.913,3.584,5.818,0.0
actuator-142,CoAP,136.855,19.92,9.995,11.015,0.4556
actuator-142,CoAP,104.378,10.087,6.599,0.538,0.0
actuator-142,CoAP,24.485,9.022,2.854,11.713,1.0841
actuator-142,CoAP,61.802,23.123,12.589,3.372,1.1713
actuator-142,CoAP,133.913,17.722,6.564,11.296,1.1573
actuator-142,CoAP,111.951,24.131,9.977,9.686,0.5263
camera-143,HTTPS,349.282,50.035,1.919,143.967,0.5318
camera-143,HTTPS,937.39,47.871,2.111,89.345,0.1981
camera-143,HTTPS,1046.778,40.148,5.457,229.563,0.2024
camera-143,HTTPS,184.704,67.745,3.393,0.05,0.2077
camera-143,HTTPS,1562.853,82.513,4.29,8.563,0.6285
camera-143,HTTPS,1026.766,76.531,2.136,174.912,0.5076
camera-143,HTTPS,1166.103,78.435,1.251,56.865,0.5515
camera-143,HTTPS,8.0,56.501,0.1,93.295,0.1786
camera-143,HTTPS,2636.354,40.044,0.1,71.397,0.7447
gateway-144,HTTPS,483.193,68.086,7.089,60.669,0.0
gateway-144,HTTPS,759.798,15.656,6.5,29.976,0.6621
gateway-144,HTTPS,872.271,53.013,3.032,98.705,0.0
gateway-144,HTTPS,1427.321,60.38,4.197,27.133,1.443
gateway-144,HTTPS,1647.845,58.256,6.427,16.941,0.5611
gateway-144,HTTPS,510.538,29.612,7.665,69.892,1.0129
gateway-144,HTTPS,8.0,3.136,0.396,143.592,0.1203
gateway-144,HTTPS,8.0,1.0,14.098,26.983,0.0
gateway-144,HTTPS,884.282,61.778,13.149,69.082,1.305
smart_meter-145,LoRaWAN,32.843,281.912,4.598,0.454,1.3552
smart_meter-145,LoRaWAN,23.759,154.602,1.523,0.05,2.1408
smart_meter-145,LoRaWAN,23.152,112.741,0.176,0.304,3.2434
smart_meter-145,LoRaWAN,26.05,185.201,3.218,0.889,6.6917
env_sensor-146,MQTT,124.38,17.445,0.1,0.05,1.1507
env_sensor-146,MQTT,97.59,27.717,4.462,0.679,0.5376
env_sensor-146,MQTT,93.981,37.817,1.429,7.942,0.5285
env_sensor-146,MQTT,59.777,39.104,4.29,7.181,1.3576
env_sensor-146,MQTT,112.109,9.089,2.447,6.866,1.7668
env_sensor-146,MQTT,100.858,19.378,5.04,3.844,0.9489
env_sensor-146,MQTT,109.472,30.223,3.497,8.79,0.0
env_sensor-146,MQTT,89.573,38.241,3.046,5.006,2.2928
env_sensor-146,MQTT,89.294,14.746,3.305,8.05,0.7494
env_sensor-146,MQTT,58.239,24.06,1.184,0.05,0.0
env_sensor-146,MQTT,66.38,30.059,1.681,3.241,1.3216
actuator-147,MQTT,160.131,18.29,6.712,3.896,0.8475
actuator-147,MQTT,46.588,11.504,5.251,6.987,0.8282
actuator-147,MQTT,119.078,15.55,2.424,9.82,0.3602
actuator-147,MQTT,80.786,32.268,5.499,8.176,1.2791
actuator-147,MQTT,76.684,14.771,6.225,15.513,0.9048
camera-148,MQTT,1874.806,36.368,0.585,197.817,0.6212
camera-148,MQTT,684.626,71.65,5.39,113.385,0.8062
camera-148,MQTT,2079.433,11.156,6.25,273.0,0.2445
camera-148,MQTT,1066.629,85.416,5.952,56.933,0.4888
camera-148,MQTT,1376.983,77.123,8.626,90.705,0.2906
camera-148,MQTT,1312.999,101.731,3.705,80.118,1.0296
gateway-149,HTTPS,1006.34,49.218,5.599,71.687,1.1508
gateway-149,HTTPS,1637.504,24.594,2.341,84.853,0.6358
gateway-149,HTTPS,1032.117,58.236,12.18,40.33,2.7192
gateway-149,HTTPS,1067.208,9.76,8.102,134.493,1.3681
gateway-149,HTTPS,1437.862,15.757,4.294,36.95,1.4506
smart_meter-150,MQTT,23.312,125.625,1.531,0.135,4.296
smart_meter-150,MQTT,21.216,219.709,0.1,0.05,1.1804
smart_meter-150,MQTT,35.49,232.094,3.143,0.551,0.0
smart_meter-150,MQTT,19.243,155.587,1.943,0.164,4.6304
smart_meter-150,MQTT,21.508,109.033,2.828,0.203,5.0626
smart_meter-150,MQTT,27.736,139.849,2.031,0.475,1.2739
smart_meter-150,MQTT,33.193,107.409,2.437,0.61,5.9424
env_sensor-151,CoAP,63.277,6.726,1.249,0.05,1.5466
env_sensor-151,CoAP,61.861,11.284,7.368,0.05,0.0
env_sensor-151,CoAP,95.261,21.532,1.574,5.87,2.5521
env_sensor-151,CoAP,43.314,49.56,7.885,7.183,0.8633
env_sensor-151,CoAP,62.265,18.235,3.054,3.61,2.5825
env_sensor-151,CoAP,95.606,34.303,1.121,3.524,1.2884
env_sensor-151,CoAP,65.224,12.697,2.716,0.05,1.1587
env_sensor-151,CoAP,60.369,41.328,3.331,2.095,1.3313
env_sensor-151,CoAP,34.284,20.544,1.232,6.038,0.9682
env_sensor-151,CoAP,46.483,26.606,5.273,2.827,1.9075
actuator-152,HTTPS,136.614,14.81,8.335,3.423,1.0004
actuator-152,HTTPS,73.179,10.09,9.027,10.397,0.0
actuator-152,HTTPS,131.744,14.492,7.822,0.05,2.0937
actuator-152,HTTPS,72.532,27.961,3.934,6.046,0.7608
actuator-152,HTTPS,108.723,10.72,5.265,2.508,0.682
actuator-152,HTTPS,119.916,10.591,9.255,7.022,1.8734
actuator-152,HTTPS,109.685,31.38,3.494,12.095,0.675
actuator-152,HTTPS,141.764,11.912,8.607,4.688,1.0277
actuator-152,HTTPS,65.206,16.272,10.213,8.743,1.2638
camera-153,CoAP,1833.807,47.957,1.638,102.477,0.2787
camera-153,CoAP,2361.109,96.286,4.083,154.577,0.7157
camera-153,CoAP,2036.673,52.64,0.1,147.211,1.1814
camera-153,CoAP,2189.081,84.542,0.678,92.451,0.6964
camera-153,CoAP,3069.476,35.533,5.15,137.993,0.76
camera-153,CoAP,1634.18,59.139,8.047,242.641,0.1858
camera-153,CoAP,717.559,27.759,5.851,127.493,0.9151
camera-153,CoAP,1684.534,31.869,6.414,112.516,0.0
gateway-154,HTTPS,337.068,59.302,3.467,37.004,0.4402
gateway-154,HTTPS,1398.205,46.514,7.639,95.657,0.111
gateway-154,HTTPS,212.047,63.516,5.417,0.05,0.0
gateway-154,HTTPS,1776.473,55.277,9.637,79.069,1.5729
gateway-154,HTTPS,592.371,57.085,17.631,46.261,0.0
gateway-154,HTTPS,1567.641,36.671,0.172,40.395,0.0
gateway-154,HTTPS,1910.266,80.017,10.002,84.024,2.7828
gateway-154,HTTPS,663.231,71.211,2.354,43.588,1.0669
gateway-154,HTTPS,1145.817,60.493,22.455,54.642,1.0217
gateway-154,HTTPS,585.451,8.285,10.669,101.82,2.4363
smart_meter-155,HTTPS,20.28,244.204,4.142,0.505,2.741
smart_meter-155,HTTPS,23.792,253.092,1.742,0.05,6.7289
smart_meter-155,HTTPS,30.225,118.767,3.016,0.468,0.7557
smart_meter-155,HTTPS,17.33,161.467,0.1,0.444,0.9885
smart_meter-155,HTTPS,16.752,257.565,5.067,0.689,5.6861
smart_meter-155,HTTPS,23.749,242.336,1.748,0.264,6.4603
smart_meter-155,HTTPS,31.198,75.207,2.247,0.052,3.324
smart_meter-155,HTTPS,26.562,95.836,2.366,0.52,1.0385
smart_meter-155,HTTPS,20.429,224.5,2.108,1.006,4.1565
smart_meter-155,HTTPS,22.91,37.166,4.151,0.885,2.0836
smart_meter-155,HTTPS,36.469,197.077,0.1,0.609,4.2383
env_sensor-156,MQTT,54.168,38.452,1.318,0.05,0.9558
env_sensor-156,MQTT,60.612,45.523,2.049,6.405,2.8604
env_sensor-156,MQTT,106.982,39.663,2.627,8.271,0.0
env_sensor-156,MQTT,52.828,30.655,0.1,6.392,0.6188
env_sensor-156,MQTT,72.578,7.853,2.767,9.329,2.1656
env_sensor-156,MQTT,79.989,33.288,1.471,2.316,1.1745
env_sensor-156,MQTT,88.531,46.979,0.1,5.514,0.3812
env_sensor-156,MQTT,69.149,19.659,4.019,2.774,1.3701
env_sensor-156,MQTT,57.232,13.786,1.715,2.482,1.8922
env_sensor-156,MQTT,112.812,28.658,1.872,4.028,0.6797
actuator-157,HTTPS,85.623,23.086,9.606,1.288,1.129
actuator-157,HTTPS,114.223,37.052,5.537,0.05,0.6679
actuator-157,HTTPS,102.541,17.194,9.813,9.005,0.5699
actuator-157,HTTPS,82.443,13.943,6.854,14.987,0.5624
actuator-157,HTTPS,155.288,13.571,3.658,5.693,0.4716
actuator-157,HTTPS,162.148,16.762,4.399,13.38,1.4823
actuator-157,HTTPS,132.377,34.372,2.927,9.724,0.4563
actuator-157,HTTPS,56.133,22.267,5.132,3.849,0.678
actuator-157,HTTPS,76.466,8.402,4.621,8.486,1.735
actuator-157,HTTPS,63.702,11.603,4.729,14.088,2.3367
camera-158,HTTPS,473.187,29.759,0.1,33.604,0.8156
camera-158,HTTPS,2468.084,41.31,0.1,175.748,0.4848
camera-158,HTTPS,1647.228,34.883,6.873,185.302,1.1058
camera-158,HTTPS,1272.296,63.095,4.021,142.735,0.0
camera-158,HTTPS,1384.163,74.023,3.866,75.409,1.4298
camera-158,HTTPS,2313.175,79.523,2.657,126.711,1.1377
gateway-159,MQTT,437.016,29.741,13.367,22.789,0.6061
gateway-159,MQTT,1092.718,11.85,7.89,84.39,0.6809
gateway-159,MQTT,979.446,13.629,9.38,48.662,1.6534
gateway-159,MQTT,930.299,38.122,9.6,43.704,0.2174
gateway-159,MQTT,1296.46,46.762,2.244,114.298,1.1812
gateway-159,MQTT,869.104,41.779,5.011,60.177,1.4061
gateway-159,MQTT,107.946,13.943,7.163,68.688,0.0
gateway-159,MQTT,1925.8,41.476,8.008,103.57,1.1692
gateway-159,MQTT,851.564,44.434,9.616,72.676,1.6457
gateway-159,MQTT,528.714,20.364,9.06,135.657,1.0316
smart_meter-160,LoRaWAN,22.41,189.635,3.975,0.243,4.7369
smart_meter-160,LoRaWAN,16.015,217.098,0.1,0.532,4.9582
smart_meter-160,LoRaWAN,16.153,239.026,2.625,0.996,2.6346
smart_meter-160,LoRaWAN,28.558,172.749,0.1,0.344,8.2748
smart_meter-160,LoRaWAN,35.679,210.744,1.899,0.513,1.3422
smart_meter-160,LoRaWAN,29.76,155.873,2.194,0.712,2.5028
env_sensor-161,MQTT,25.112,46.048,1.501,3.207,1.1728
env_sensor-161,MQTT,86.876,50.306,1.06,5.121,1.9328
env_sensor-161,MQTT,33.375,23.777,2.941,3.563,2.6282
env_sensor-161,MQTT,73.282,6.4,5.777,3.265,1.4474
actuator-162,MQTT,106.509,19.988,2.956,10.569,1.128
actuator-162,MQTT,82.527,14.5,0.148,5.923,0.1475
actuator-162,MQTT,33.654,27.124,6.695,13.428,0.1594
actuator-162,MQTT,94.917,28.321,15.369,8.659,0.0
actuator-162,MQTT,88.462,16.562,2.414,8.216,1.0306
actuator-162,MQTT,197.331,34.993,6.877,3.967,1.8917
actuator-162,MQTT,57.109,29.139,4.275,8.104,0.5233
camera-163,LoRaWAN,2245.612,70.07,3.388,228.906,0.4289
camera-163,LoRaWAN,2788.763,34.469,5.856,88.652,0.1909
camera-163,LoRaWAN,569.485,85.074,0.1,187.403,0.0
camera-163,LoRaWAN,1467.69,64.578,6.689,51.889,1.6756
gateway-164,MQTT,1465.739,60.966,5.749,109.997,1.3724
gateway-164,MQTT,804.513,58.523,4.9,43.448,0.8498
gateway-164,MQTT,1158.921,56.888,1.176,131.286,1.8967
gateway-164,MQTT,829.587,48.274,3.767,84.714,1.9624
gateway-164,MQTT,382.245,49.239,8.415,41.913,1.7205
gateway-164,MQTT,1527.873,71.634,13.119,120.369,0.3899
gateway-164,MQTT,8.0,63.57,8.657,26.043,0.4512
gateway-164,MQTT,518.34,36.78,5.457,54.517,0.8836
gateway-164,MQTT,1630.834,49.407,4.375,8.925,2.1289
smart_meter-165,HTTPS,29.931,109.721,1.529,0.308,4.3368
smart_meter-165,HTTPS,30.941,210.424,1.843,0.345,0.0
smart_meter-165,HTTPS,36.425,230.986,3.107,0.23,4.9178
smart_meter-165,HTTPS,30.785,307.031,1.664,0.16,0.6843
smart_meter-165,HTTPS,46.766,237.628,2.89,0.152,4.6672
env_sensor-166,HTTPS,61.014,24.851,4.149,0.635,2.0364
env_sensor-166,HTTPS,33.797,36.929,1.715,7.428,1.6392
env_sensor-166,HTTPS,58.581,26.698,0.583,1.321,1.9257
env_sensor-166,HTTPS,59.798,34.959,0.681,9.533,0.2863
env_sensor-166,HTTPS,64.861,13.755,2.307,4.906,4.1346
actuator-167,MQTT,177.616,29.725,5.805,7.295,0.0
actuator-167,MQTT,70.779,25.86,4.449,11.601,0.795
actuator-167,MQTT,125.547,23.551,9.582,10.226,0.6722
actuator-167,MQTT,134.339,9.046,10.865,4.476,0.3876
actuator-167,MQTT,131.108,28.823,2.476,1.887,0.5545
actuator-167,MQTT,152.259,32.134,13.405,4.39,0.0
actuator-167,MQTT,114.014,13.857,7.215,3.432,0.6318
actuator-167,MQTT,117.514,15.436,7.738,2.881,0.8299
actuator-167,MQTT,121.652,13.918,7.887,5.15,1.1531
actuator-167,MQTT,145.911,22.81,3.346,6.762,0.9836
actuator-167,MQTT,122.748,8.499,5.986,16.263,1.2604
camera-168,CoAP,1721.674,61.819,1.517,242.554,0.2256
camera-168,CoAP,1604.231,37.787,3.422,162.014,0.0
camera-168,CoAP,1924.083,34.646,2.748,151.796,0.7626
camera-168,CoAP,2909.05,79.698,5.474,167.257,0.7713
camera-168,CoAP,1046.147,86.293,0.1,71.751,1.0161
gateway-169,HTTPS,592.074,70.458,7.704,0.05,1.6883
gateway-169,HTTPS,1462.594,35.827,12.6,45.02,0.759
gateway-169,HTTPS,1193.032,66.552,5.785,60.332,0.5357
gateway-169,HTTPS,1428.982,30.637,10.132,93.059,2.9572
gateway-169,HTTPS,1856.593,52.333,14.065,82.78,0.5229
gateway-169,HTTPS,354.55,38.499,2.265,47.723,1.2608
smart_meter-170,LoRaWAN,22.337,155.023,1.585,0.544,0.4931
smart_meter-170,LoRaWAN,28.256,222.399,1.674,0.65,5.1464
smart_meter-170,LoRaWAN,23.794,146.538,0.758,0.258,4.6004
smart_meter-170,LoRaWAN,24.707,228.437,0.1,0.313,3.5628
env_sensor-171,HTTPS,51.914,16.006,0.925,0.755,0.8304
env_sensor-171,HTTPS,102.107,27.715,3.404,4.827,0.5663
env_sensor-171,HTTPS,107.136,29.165,3.833,5.946,2.2439
env_sensor-171,HTTPS,57.85,22.181,3.695,4.09,1.4858
env_sensor-171,HTTPS,93.555,20.361,5.501,1.202,0.0
env_sensor-171,HTTPS,88.167,6.621,4.114,4.715,2.24
env_sensor-171,HTTPS,40.595,34.345,4.345,7.604,0.0353
actuator-172,MQTT,198.766,21.422,5.343,11.034,1.8371
actuator-172,MQTT,98.177,30.068,7.566,8.966,1.4941
actuator-172,MQTT,58.94,11.127,6.483,14.911,1.6368
actuator-172,MQTT,149.049,23.219,8.41,16.769,0.4896
actuator-172,MQTT,103.529,11.589,8.352,8.941,2.3922
actuator-172,MQTT,95.668,28.288,12.964,15.732,1.7133
actuator-172,MQTT,112.281,20.522,5.818,11.295,0.0498
actuator-172,MQTT,127.74,20.143,12.614,9.558,1.7078
actuator-172,MQTT,41.598,19.461,3.149,11.836,0.8112
camera-173,CoAP,2125.289,108.457,0.1,23.127,0.0
camera-173,CoAP,1271.241,85.723,6.778,149.037,1.2335
camera-173,CoAP,1763.585,67.617,1.287,9.767,0.3622
camera-173,CoAP,1395.569,67.87,3.73,92.569,0.0
camera-173,CoAP,1215.714,49.221,2.663,132.795,0.0
gateway-174,CoAP,97.786,65.286,9.12,43.075,2.1762
gateway-174,CoAP,1598.715,34.356,9.951,10.708,0.0
gateway-174,CoAP,930.091,26.389,9.203,54.001,0.6606
gateway-174,CoAP,598.898,95.408,4.526,50.689,1.2141
smart_meter-175,LoRaWAN,33.917,137.105,3.032,0.443,2.0981
smart_meter-175,LoRaWAN,27.883,134.567,0.243,0.05,0.0
smart_meter-175,LoRaWAN,15.241,140.599,4.482,0.744,1.1637
smart_meter-175,LoRaWAN,23.506,270.246,3.261,0.05,3.4123
env_sensor-176,MQTT,81.356,26.396,4.619,4.184,1.1814
env_sensor-176,MQTT,62.424,17.904,2.68,7.307,1.7328
env_sensor-176,MQTT,86.758,9.185,4.723,4.261,2.2826
env_sensor-176,MQTT,89.318,25.475,4.824,4.355,1.5123
env_sensor-176,MQTT,58.958,17.313,2.898,4.811,1.6426
env_sensor-176,MQTT,89.603,32.531,3.06,8.727,0.9746
env_sensor-176,MQTT,92.747,3.092,3.644,7.566,1.5029
actuator-177,MQTT,43.064,9.789,5.413,4.162,0.2385
actuator-177,MQTT,123.592,12.79,3.311,9.969,0.9844
actuator-177,MQTT,116.465,16.852,3.27,12.501,1.4496
actuator-177,MQTT,143.243,16.245,4.782,15.222,0.7542
actuator-177,MQTT,120.253,17.172,3.259,4.614,0.9153
actuator-177,MQTT,61.462,9.863,5.817,5.509,0.3822
actuator-177,MQTT,138.294,26.251,8.2,8.785,0.8925
actuator-177,MQTT,116.935,14.707,5.998,7.747,1.1439
actuator-177,MQTT,144.218,23.104,2.485,7.385,1.6433
actuator-177,MQTT,149.993,23.401,3.667,5.304,0.66
camera-178,LoRaWAN,1582.454,50.037,5.237,63.171,1.0069
camera-178,LoRaWAN,2428.871,22.039,4.224,48.985,0.0
camera-178,LoRaWAN,668.278,52.388,3.053,138.806,0.899
camera-178,LoRaWAN,740.297,46.363,1.13,128.751,0.7315
camera-178,LoRaWAN,1581.496,1.0,7.62,84.034,0.5667
gateway-179,CoAP,1084.054,16.173,2.027,102.538,0.8486
gateway-179,CoAP,8.0,39.341,3.769,83.925,1.9432
gateway-179,CoAP,449.073,31.765,1.298,78.199,1.1934
gateway-179,CoAP,968.662,69.739,12.645,42.408,0.0
gateway-179,CoAP,516.832,36.278,9.897,88.407,1.0319
gateway-179,CoAP,1801.24,17.742,2.592,80.496,0.0
gateway-179,CoAP,1050.268,1.0,10.765,36.044,0.0
gateway-179,CoAP,927.153,83.413,13.284,0.05,2.4232
gateway-179,CoAP,119.729,64.734,4.961,61.74,3.1523
gateway-179,CoAP,1138.041,59.456,6.34,23.655,1.6005
smart_meter-180,LoRaWAN,41.525,291.48,1.959,0.494,4.5841
smart_meter-180,LoRaWAN,30.065,162.289,4.431,0.181,1.9393
smart_meter-180,LoRaWAN,31.924,275.134,0.1,0.288,1.9925
smart_meter-180,LoRaWAN,27.158,215.346,0.1,0.425,2.754
smart_meter-180,LoRaWAN,31.878,135.378,2.666,0.05,0.0
smart_meter-180,LoRaWAN,39.425,248.673,2.991,0.236,0.0
env_sensor-181,MQTT,90.27,54.104,2.123,3.095,3.9801
env_sensor-181,MQTT,79.252,12.896,2.02,3.911,1.6616
env_sensor-181,MQTT,52.54,33.108,4.668,0.4,1.8066
env_sensor-181,MQTT,60.374,35.469,6.061,0.05,1.3455
env_sensor-181,MQTT,46.736,17.986,2.717,3.287,0.0715
env_sensor-181,MQTT,77.653,33.33,3.555,0.05,0.8802
env_sensor-181,MQTT,87.525,12.435,2.032,0.05,2.1434
env_sensor-181,MQTT,56.638,21.515,6.783,2.982,0.9207
env_sensor-181,MQTT,64.293,27.226,1.406,0.679,1.8101
actuator-182,MQTT,89.305,25.571,6.832,6.064,0.0805
actuator-182,MQTT,147.415,17.01,3.723,4.647,0.3045
actuator-182,MQTT,104.464,10.711,6.367,5.964,1.3029
actuator-182,MQTT,126.558,11.054,5.669,14.805,1.6675
actuator-182,MQTT,96.432,9.097,6.748,5.091,0.0
actuator-182,MQTT,62.931,14.956,8.338,4.975,0.1318
camera-183,MQTT,3001.346,54.547,3.339,78.864,0.8067
camera-183,MQTT,2309.792,66.163,1.184,116.424,0.5442
camera-183,MQTT,1299.204,50.928,0.99,203.062,0.9702
camera-183,MQTT,1683.875,57.104,4.321,49.962,0.2631
camera-183,MQTT,686.186,58.083,0.1,163.828,0.0
camera-183,MQTT,2470.693,60.449,0.1,167.996,0.3953
camera-183,MQTT,756.044,63.836,5.354,209.47,0.7755
camera-183,MQTT,2001.861,80.57,1.571,214.947,1.2317
camera-183,MQTT,409.035,17.615,1.313,50.331,0.3537
gateway-184,LoRaWAN,519.898,90.993,7.646,103.311,1.0359
gateway-184,LoRaWAN,1320.528,57.678,11.61,126.377,1.9995
gateway-184,LoRaWAN,542.352,29.183,6.702,158.676,0.0
gateway-184,LoRaWAN,567.097,58.269,8.875,82.244,1.5898
gateway-184,LoRaWAN,1955.149,36.782,11.824,32.816,1.0395
gateway-184,LoRaWAN,737.475,28.937,9.949,121.012,0.9239
gateway-184,LoRaWAN,721.051,28.846,12.753,46.818,1.9179
gateway-184,LoRaWAN,1359.804,19.584,3.517,13.724,0.0486
smart_meter-185,CoAP,40.531,176.889,3.129,0.708,3.1511
smart_meter-185,CoAP,25.493,249.065,2.416,0.472,3.7925
smart_meter-185,CoAP,19.342,193.765,2.636,0.587,3.7989
smart_meter-185,CoAP,20.08,184.481,1.315,0.313,3.892
smart_meter-185,CoAP,22.007,219.267,0.626,0.591,3.7186
smart_meter-185,CoAP,37.565,151.972,0.87,0.396,4.5668
smart_meter-185,CoAP,17.979,112.749,1.822,0.332,4.9619
smart_meter-185,CoAP,43.138,98.959,1.125,0.748,3.4515
smart_meter-185,CoAP,21.904,127.779,0.783,0.495,2.7182
smart_meter-185,CoAP,26.837,158.874,0.951,0.27,3.6058
smart_meter-185,CoAP,22.031,119.239,2.414,0.278,1.8996
env_sensor-186,MQTT,32.762,24.369,0.1,7.449,1.9373
env_sensor-186,MQTT,97.22,28.86,2.329,2.776,0.8007
env_sensor-186,MQTT,31.15,36.008,3.708,2.066,0.9996
env_sensor-186,MQTT,72.181,40.366,3.306,7.579,2.8683
env_sensor-186,MQTT,20.444,31.367,2.25,6.056,0.0
env_sensor-186,MQTT,97.902,26.938,2.078,2.117,1.7529
env_sensor-186,MQTT,32.761,7.935,5.647,1.445,1.7234
env_sensor-186,MQTT,45.911,43.605,2.244,5.192,2.8826
actuator-187,HTTPS,97.423,9.185,2.781,6.46,2.114
actuator-187,HTTPS,111.918,9.953,2.683,8.212,0.7894
actuator-187,HTTPS,101.854,11.435,8.078,15.944,0.7595
actuator-187,HTTPS,66.613,30.176,6.782,3.329,0.5294
actuator-187,HTTPS,100.136,34.992,6.238,6.533,1.1411
actuator-187,HTTPS,159.605,19.667,11.504,10.013,1.0051
actuator-187,HTTPS,89.488,24.451,6.78,8.819,0.9048
actuator-187,HTTPS,116.454,7.971,10.141,7.906,0.5391
actuator-187,HTTPS,116.244,28.195,5.888,10.405,0.5648
actuator-187,HTTPS,143.232,18.659,5.424,6.711,0.0
actuator-187,HTTPS,79.502,6.811,9.112,7.804,1.1373
camera-188,CoAP,1795.644,89.181,4.535,149.149,0.7972
camera-188,CoAP,1855.447,74.647,4.544,92.296,2.0127
camera-188,CoAP,1122.748,71.872,0.1,145.268,0.0133
camera-188,CoAP,1434.882,69.104,4.875,51.682,0.4952
camera-188,CoAP,929.302,50.217,4.622,152.882,0.9381
camera-188,CoAP,1853.375,70.049,2.961,19.2,0.6541
camera-188,CoAP,1737.42,38.798,2.751,151.916,0.6853
gateway-189,HTTPS,1354.53,1.0,4.244,64.05,1.4896
gateway-189,HTTPS,999.954,79.529,18.757,57.821,1.4576
gateway-189,HTTPS,1301.593,54.065,3.33,86.07,0.3285
gateway-189,HTTPS,934.127,40.391,5.265,96.895,0.0
gateway-189,HTTPS,1065.083,1.0,9.684,88.705,2.5752
gateway-189,HTTPS,366.322,68.44,10.196,52.767,1.5985
gateway-189,HTTPS,878.069,28.589,1.373,59.128,1.8419
gateway-189,HTTPS,587.309,44.178,9.751,109.053,0.3457
gateway-189,HTTPS,737.759,48.492,10.185,80.054,0.0
gateway-189,HTTPS,359.377,38.199,18.566,47.511,0.5731
smart_meter-190,LoRaWAN,30.768,207.83,5.532,0.408,6.1982
smart_meter-190,LoRaWAN,24.052,135.991,3.083,0.22,5.1223
smart_meter-190,LoRaWAN,33.042,176.312,2.715,0.54,0.9661
smart_meter-190,LoRaWAN,28.863,186.179,3.375,0.644,8.0735
smart_meter-190,LoRaWAN,21.376,184.396,2.529,0.627,3.067
smart_meter-190,LoRaWAN,28.245,178.242,2.518,0.05,6.7616
smart_meter-190,LoRaWAN,22.09,150.028,6.156,0.135,3.9479
env_sensor-191,LoRaWAN,34.976,20.052,3.6,0.349,1.394
env_sensor-191,LoRaWAN,62.747,25.481,0.827,5.128,2.844
env_sensor-191,LoRaWAN,79.481,9.257,4.825,1.032,1.3859
env_sensor-191,LoRaWAN,50.02,41.986,0.733,6.336,2.7165
env_sensor-191,LoRaWAN,43.383,19.926,2.696,0.604,1.3401
env_sensor-191,LoRaWAN,63.154,9.688,5.439,7.492,2.2529
actuator-192,CoAP,139.82,17.476,12.247,7.272,1.2002
actuator-192,CoAP,65.5,6.679,4.854,10.639,1.4898
actuator-192,CoAP,92.179,22.42,8.715,13.96,0.1457
actuator-192,CoAP,77.781,15.108,6.18,5.665,1.9826
actuator-192,CoAP,104.763,20.294,1.079,9.909,1.4274
actuator-192,CoAP,131.566,14.098,2.997,7.551,1.6587
actuator-192,CoAP,109.581,19.252,5.603,16.877,1.8026
actuator-192,CoAP,113.553,13.386,7.667,12.2,0.9815
actuator-192,CoAP,74.522,10.573,2.13,13.192,0.4663
actuator-192,CoAP,114.424,27.745,4.502,7.577,0.3114
camera-193,HTTPS,2037.632,49.464,4.275,230.828,0.4219
camera-193,HTTPS,1675.986,45.746,6.746,129.511,0.0973
camera-193,HTTPS,657.952,33.492,3.655,206.029,1.3874
camera-193,HTTPS,789.653,46.097,4.963,113.895,1.5354
camera-193,HTTPS,1426.588,87.259,4.521,298.284,1.4823
camera-193,HTTPS,2064.613,37.383,5.763,147.906,0.8321
camera-193,HTTPS,2230.654,100.877,2.317,229.974,1.047
camera-193,HTTPS,293.94,16.094,7.137,0.05,0.0157
camera-193,HTTPS,185.72,31.123,4.885,188.349,0.5973
camera-193,HTTPS,887.812,66.272,3.384,192.454,0.4315
camera-193,HTTPS,1030.632,51.941,4.037,72.513,0.8117
gateway-194,HTTPS,782.084,43.218,10.637,51.568,1.5033
gateway-194,HTTPS,1935.267,39.936,9.074,75.627,0.0
gateway-194,HTTPS,1263.703,21.68,14.368,53.216,0.5348
gateway-194,HTTPS,1131.382,75.602,5.648,112.247,0.0143
gateway-194,HTTPS,1812.649,12.237,5.136,0.05,1.7434
gateway-194,HTTPS,355.099,33.822,17.197,17.957,1.0996
gateway-194,HTTPS,566.007,48.44,6.801,25.243,0.8231
gateway-194,HTTPS,1040.192,24.407,9.062,80.636,0.0
gateway-194,HTTPS,849.419,79.23,9.42,37.784,1.5345
smart_meter-195,LoRaWAN,24.672,227.72,1.139,0.716,0.2094
smart_meter-195,LoRaWAN,28.9,174.062,1.1,0.352,0.8659
smart_meter-195,LoRaWAN,35.213,79.637,2.683,0.571,3.8197
smart_meter-195,LoRaWAN,30.712,166.34,3.177,0.662,2.9371
smart_meter-195,LoRaWAN,41.502,155.443,3.682,0.339,3.3972
smart_meter-195,LoRaWAN,22.506,200.773,2.237,0.228,3.7383
env_sensor-196,MQTT,62.432,27.201,3.946,2.444,1.2423
env_sensor-196,MQTT,92.189,34.765,6.929,5.798,1.047
env_sensor-196,MQTT,83.527,14.883,2.283,4.356,2.6031
env_sensor-196,MQTT,81.855,33.591,3.872,4.819,3.1871
env_sensor-196,MQTT,95.008,41.345,4.743,4.31,0.0742
env_sensor-196,MQTT,71.536,10.459,1.765,1.288,0.9351
env_sensor-196,MQTT,97.948,28.769,0.1,2.473,0.7246
env_sensor-196,MQTT,65.273,28.396,4.471,9.274,1.4105
env_sensor-196,MQTT,8.0,8.578,0.1,7.015,0.9508
env_sensor-196,MQTT,51.981,15.559,3.73,3.332,2.0627
actuator-197,MQTT,146.585,18.306,1.329,6.447,0.098
actuator-197,MQTT,108.094,6.951,2.24,5.778,0.0491
actuator-197,MQTT,156.915,32.093,3.998,11.28,0.9394
actuator-197,MQTT,131.441,8.649,6.071,13.025,1.8828
actuator-197,MQTT,108.477,1.293,12.045,10.506,1.644
actuator-197,MQTT,103.948,13.576,6.074,13.098,1.7023
actuator-197,MQTT,147.846,20.03,3.098,1.449,0.0
actuator-197,MQTT,157.868,12.879,6.661,6.063,1.763
actuator-197,MQTT,99.38,23.644,7.195,6.632,1.0345
camera-198,HTTPS,2291.14,68.318,0.1,95.97,0.8275
camera-198,HTTPS,1510.41,40.347,3.183,44.87,0.9224
camera-198,HTTPS,1053.44,59.126,3.308,179.062,1.1635
camera-198,HTTPS,319.99,80.443,0.779,204.072,1.308
camera-198,HTTPS,1398.456,63.988,7.977,91.39,1.1737
camera-198,HTTPS,1100.898,36.93,3.704,40.039,0.8418
camera-198,HTTPS,956.408,70.94,5.611,130.854,0.1636
camera-198,HTTPS,1564.316,21.111,3.816,114.313,0.6901
camera-198,HTTPS,1324.619,58.78,6.259,100.602,0.1984
camera-198,HTTPS,8.0,46.099,1.129,223.198,0.4474
gateway-199,MQTT,8.0,41.048,11.002,154.308,1.3735
gateway-199,MQTT,804.435,32.916,13.465,11.807,1.2723
gateway-199,MQTT,8.0,86.873,13.351,19.402,0.0
gateway-199,MQTT,758.422,46.346,8.94,59.752,3.0991
smart_meter-200,LoRaWAN,26.872,235.444,0.852,0.224,4.5885
smart_meter-200,LoRaWAN,26.077,247.44,1.685,0.05,3.9417
smart_meter-200,LoRaWAN,15.306,130.229,0.1,0.17,3.6956
smart_meter-200,LoRaWAN,32.685,135.44,0.1,0.05,1.9198
smart_meter-200,LoRaWAN,18.639,181.445,2.02,0.219,1.8238
smart_meter-200,LoRaWAN,29.322,152.383,2.898,0.143,5.6041
smart_meter-200,LoRaWAN,38.652,97.334,0.998,0.369,3.5464
smart_meter-200,LoRaWAN,17.901,198.918,3.741,0.556,6.3704
smart_meter-200,LoRaWAN,29.972,107.692,3.874,0.228,4.1178
env_sensor-201,MQTT,75.854,47.746,0.1,4.388,1.6645
env_sensor-201,MQTT,72.526,40.862,6.143,3.058,0.7974
env_sensor-201,MQTT,72.328,21.194,6.097,0.05,1.815
env_sensor-201,MQTT,37.884,20.288,2.732,3.484,0.3658
env_sensor-201,MQTT,55.56,34.583,0.447,5.511,1.1714
env_sensor-201,MQTT,36.741,19.452,4.838,6.887,0.8425
env_sensor-201,MQTT,74.092,21.614,4.086,4.17,2.6841
actuator-202,MQTT,52.445,30.24,3.827,9.485,1.7399
actuator-202,MQTT,119.664,28.959,4.436,3.685,1.2602
actuator-202,MQTT,80.582,16.974,4.175,7.243,0.4566
actuator-202,MQTT,104.344,28.052,7.417,5.729,0.1866
actuator-202,MQTT,71.68,13.046,10.909,8.972,1.2396
actuator-202,MQTT,93.255,24.403,5.875,3.186,0.4252
actuator-202,MQTT,107.354,24.208,5.701,6.832,0.204
actuator-202,MQTT,93.197,16.316,5.655,11.059,0.0777
actuator-202,MQTT,115.433,24.514,1.66,1.657,0.1162
actuator-202,MQTT,133.943,25.427,2.994,6.626,0.0
actuator-202,MQTT,107.662,24.022,3.567,7.868,1.6148
camera-203,HTTPS,1066.734,68.206,2.814,0.05,0.5299
camera-203,HTTPS,2044.219,42.312,4.33,185.687,1.2429
camera-203,HTTPS,1562.306,46.949,5.417,38.279,0.1311
camera-203,HTTPS,1706.982,55.646,4.468,166.627,0.1812
camera-203,HTTPS,2412.552,97.953,8.239,0.05,0.0314
camera-203,HTTPS,1671.884,109.926,6.414,171.863,0.3891
camera-203,HTTPS,1866.917,61.262,5.977,13.986,0.4162
camera-203,HTTPS,227.659,88.28,0.1,84.56,0.951
camera-203,HTTPS,2155.576,87.801,0.897,243.242,1.3749
camera-203,HTTPS,1752.41,81.309,1.451,254.867,0.8699
camera-203,HTTPS,2469.683,82.141,0.1,20.579,1.0911
gateway-204,LoRaWAN,477.847,33.679,15.98,0.832,0.0
gateway-204,LoRaWAN,127.861,47.151,8.475,77.406,0.0
gateway-204,LoRaWAN,829.544,45.347,5.926,0.05,1.2262
gateway-204,LoRaWAN,783.297,68.77,10.859,86.266,1.4065
gateway-204,LoRaWAN,311.588,57.149,18.64,72.903,0.4663
gateway-204,LoRaWAN,1027.013,36.9,8.488,99.711,0.0
gateway-204,LoRaWAN,301.069,49.363,5.1,0.05,1.0086
gateway-204,LoRaWAN,1292.741,43.65,12.262,52.778,2.1479
gateway-204,LoRaWAN,958.285,81.306,3.152,166.921,0.5153
gateway-204,LoRaWAN,1528.182,54.266,10.293,55.588,1.8232
gateway-204,LoRaWAN,91.597,25.851,13.324,133.909,0.3499
smart_meter-205,HTTPS,44.317,229.008,1.55,0.396,6.3631
smart_meter-205,HTTPS,24.938,217.266,2.311,0.05,0.7398
smart_meter-205,HTTPS,27.093,217.084,0.976,0.24,2.9773
smart_meter-205,HTTPS,25.065,109.268,2.284,0.617,3.4157
env_sensor-206,MQTT,107.606,17.928,2.915,3.018,2.8392
env_sensor-206,MQTT,72.737,30.676,0.1,1.101,0.8437
env_sensor-206,MQTT,36.703,43.184,3.704,10.067,0.0
env_sensor-206,MQTT,90.223,24.947,3.361,1.493,0.5746
env_sensor-206,MQTT,84.026,29.516,1.276,2.126,1.9134
actuator-207,LoRaWAN,117.489,19.089,8.074,5.535,1.63
actuator-207,LoRaWAN,88.214,30.299,6.684,12.107,1.0246
actuator-207,LoRaWAN,113.514,6.462,4.724,13.06,1.7286
actuator-207,LoRaWAN,73.785,22.191,5.578,4.802,0.0309
actuator-207,LoRaWAN,93.481,34.928,4.226,5.742,1.1501
actuator-207,LoRaWAN,103.965,32.505,0.487,7.713,0.7134
actuator-207,LoRaWAN,95.769,27.893,10.86,5.504,0.4364
actuator-207,LoRaWAN,106.945,4.978,2.805,8.407,0.3921
actuator-207,LoRaWAN,84.448,40.154,9.867,7.8,1.261
actuator-207,LoRaWAN,139.733,11.215,7.707,15.924,0.0
camera-208,CoAP,1646.228,29.441,1.037,138.426,0.0
camera-208,CoAP,944.446,89.558,1.111,128.539,0.8549
camera-208,CoAP,2675.489,50.129,3.372,15.02,0.5125
camera-208,CoAP,666.386,45.901,1.135,148.964,1.3887
camera-208,CoAP,936.26,47.181,4.008,68.071,0.3826
camera-208,CoAP,776.107,49.433,6.022,89.64,0.5025
camera-208,CoAP,1719.895,36.242,3.363,183.064,1.1637
camera-208,CoAP,1282.451,60.388,2.649,46.616,0.4952
camera-208,CoAP,1387.029,64.061,7.976,142.638,0.4822
camera-208,CoAP,1986.988,39.469,7.584,101.068,0.6709
gateway-209,CoAP,741.739,64.371,17.916,105.852,1.1769
gateway-209,CoAP,648.838,71.047,12.238,67.097,0.6274
gateway-209,CoAP,604.836,29.005,11.16,20.11,0.0
gateway-209,CoAP,1094.228,49.642,13.763,0.05,2.3241
smart_meter-210,MQTT,41.932,219.789,0.1,0.211,2.8122
smart_meter-210,MQTT,44.513,151.227,0.119,0.05,0.0262
smart_meter-210,MQTT,36.838,181.093,0.175,0.05,0.0
smart_meter-210,MQTT,19.459,123.992,0.1,0.823,5.1133
smart_meter-210,MQTT,26.869,174.307,1.19,0.05,5.6889
smart_meter-210,MQTT,20.271,318.694,5.683,0.173,2.2536
smart_meter-210,MQTT,25.924,163.109,1.643,0.431,3.3344
smart_meter-210,MQTT,43.085,100.614,5.206,0.319,1.9985
smart_meter-210,MQTT,25.589,237.572,5.054,0.528,0.6447
env_sensor-211,MQTT,73.66,9.712,6.305,6.813,1.4239
env_sensor-211,MQTT,69.351,32.476,2.642,4.073,0.0
env_sensor-211,MQTT,91.751,40.255,0.338,2.722,0.1665
env_sensor-211,MQTT,113.278,15.707,3.481,8.405,0.0352
env_sensor-211,MQTT,76.125,21.774,1.231,4.429,1.6252
env_sensor-211,MQTT,82.251,13.463,1.842,7.279,0.1295
env_sensor-211,MQTT,102.781,20.562,4.174,3.222,0.2034
env_sensor-211,MQTT,74.211,49.527,3.839,1.911,0.905
env_sensor-211,MQTT,93.333,30.083,2.284,5.61,0.0
env_sensor-211,MQTT,67.643,22.033,2.091,2.592,1.3212
env_sensor-211,MQTT,55.86,24.045,5.09,2.222,0.3121
actuator-212,CoAP,125.172,24.214,4.006,13.999,1.5139
actuator-212,CoAP,81.893,21.629,6.502,10.71,0.5154
actuator-212,CoAP,99.923,22.832,1.974,9.562,0.4229
actuator-212,CoAP,109.688,12.315,4.081,3.842,1.0592
actuator-212,CoAP,149.856,25.656,2.863,10.889,0.3656
actuator-212,CoAP,147.078,23.037,5.998,14.68,1.1164
camera-213,HTTPS,1926.401,74.178,2.897,130.198,1.4015
camera-213,HTTPS,1158.674,60.118,5.412,26.829,0.3153
camera-213,HTTPS,1902.046,83.343,0.1,206.835,0.4305
camera-213,HTTPS,1243.919,71.719,2.703,93.66,1.6184
camera-213,HTTPS,1159.155,111.216,3.802,129.922,0.7962
camera-213,HTTPS,1416.291,64.923,0.1,135.837,1.1476
camera-213,HTTPS,1458.759,75.307,10.78,110.797,0.5593
camera-213,HTTPS,1584.903,79.416,3.164,218.995,0.2875
gateway-214,HTTPS,323.699,1.358,3.842,74.442,0.7598
gateway-214,HTTPS,1130.523,71.076,12.884,8.681,1.0296
gateway-214,HTTPS,751.619,12.113,5.702,3.496,1.9898
gateway-214,HTTPS,630.814,42.092,2.012,22.863,0.5317
gateway-214,HTTPS,506.862,28.682,8.238,139.927,3.0351
gateway-214,HTTPS,1769.28,34.116,15.196,56.804,1.9449
gateway-214,HTTPS,701.487,49.879,12.11,0.05,0.5434
gateway-214,HTTPS,916.208,36.959,5.193,137.409,1.32
gateway-214,HTTPS,1751.333,11.757,1.184,80.384,1.1747
smart_meter-215,LoRaWAN,32.742,164.389,1.761,0.949,5.5793
smart_meter-215,LoRaWAN,38.271,126.265,1.089,0.694,5.5836
smart_meter-215,LoRaWAN,25.588,269.184,0.1,0.068,4.6866
smart_meter-215,LoRaWAN,37.051,183.644,0.905,0.396,1.9251
smart_meter-215,LoRaWAN,28.422,198.085,0.1,1.045,0.7106
smart_meter-215,LoRaWAN,32.656,160.079,1.272,0.456,0.9129
smart_meter-215,LoRaWAN,28.149,269.886,4.561,0.219,3.2165
smart_meter-215,LoRaWAN,35.835,164.281,4.083,0.489,4.2364
smart_meter-215,LoRaWAN,38.085,87.728,3.841,0.238,0.8513
smart_meter-215,LoRaWAN,26.866,114.675,3.063,0.297,5.1856
smart_meter-215,LoRaWAN,25.724,176.275,0.976,0.432,2.4783
env_sensor-216,MQTT,70.807,19.613,0.1,2.724,1.7696
env_sensor-216,MQTT,68.186,40.024,3.798,4.816,2.3881
env_sensor-216,MQTT,38.408,34.824,1.811,4.527,1.3073
env_sensor-216,MQTT,94.601,21.455,0.1,0.05,3.0641
env_sensor-216,MQTT,89.676,21.789,0.965,3.817,2.6737
env_sensor-216,MQTT,102.536,27.719,1.665,9.465,0.0
env_sensor-216,MQTT,58.526,35.569,0.645,4.224,1.1933
env_sensor-216,MQTT,63.158,31.592,2.768,2.846,0.1819
env_sensor-216,MQTT,64.075,37.519,1.815,3.821,1.7472
actuator-217,MQTT,105.25,11.851,0.1,8.449,0.8919
actuator-217,MQTT,124.666,23.664,9.654,14.874,2.0041
actuator-217,MQTT,109.05,16.082,0.1,12.963,1.754
actuator-217,MQTT,57.966,29.409,8.904,0.266,0.4741
actuator-217,MQTT,110.862,19.88,7.365,5.723,0.8065
camera-218,LoRaWAN,1956.964,53.844,4.98,149.915,0.8774
camera-218,LoRaWAN,2897.106,21.067,5.024,216.037,0.0
camera-218,LoRaWAN,2781.558,29.44,3.774,84.897,0.0
camera-218,LoRaWAN,951.096,80.594,0.1,134.827,0.0
camera-218,LoRaWAN,1736.363,88.38,1.801,127.213,1.1991
camera-218,LoRaWAN,1700.885,47.778,0.729,19.63,1.4869
camera-218,LoRaWAN,1122.354,49.343,8.253,187.93,0.9712
camera-218,LoRaWAN,1853.834,55.682,9.186,173.9,1.0878
gateway-219,HTTPS,451.305,51.161,12.614,100.502,0.0
gateway-219,HTTPS,856.654,61.637,2.669,66.542,1.7127
gateway-219,HTTPS,421.835,67.943,4.482,56.489,3.254
gateway-219,HTTPS,197.944,42.042,9.98,63.344,1.5884
gateway-219,HTTPS,721.417,51.58,3.146,138.349,0.7206
gateway-219,HTTPS,488.418,15.377,4.046,51.877,1.3578
gateway-219,HTTPS,215.387,76.876,3.712,59.928,0.0
gateway-219,HTTPS,716.822,64.491,6.866,81.298,0.5512
smart_meter-220,LoRaWAN,27.323,221.304,0.449,0.866,1.0985
smart_meter-220,LoRaWAN,32.772,272.628,0.1,0.278,1.2698
smart_meter-220,LoRaWAN,46.162,155.585,1.723,0.468,2.3728
smart_meter-220,LoRaWAN,20.375,186.358,0.1,0.329,3.6116
smart_meter-220,LoRaWAN,38.669,206.094,3.251,0.817,1.392
smart_meter-220,LoRaWAN,29.015,166.521,1.887,0.05,3.3721
smart_meter-220,LoRaWAN,28.947,164.344,2.538,0.187,1.9455
smart_meter-220,LoRaWAN,35.501,150.628,3.011,0.561,1.7963
smart_meter-220,LoRaWAN,11.825,193.969,0.252,0.239,6.4774
smart_meter-220,LoRaWAN,24.475,263.831,1.398,0.38,5.7713
env_sensor-221,LoRaWAN,86.085,48.267,3.502,5.214,0.2043
env_sensor-221,LoRaWAN,63.802,35.618,2.704,4.368,2.2283
env_sensor-221,LoRaWAN,24.795,10.915,4.623,3.81,0.127
env_sensor-221,LoRaWAN,35.28,42.383,2.795,4.887,0.2783
env_sensor-221,LoRaWAN,133.099,21.902,4.294,7.034,0.0
env_sensor-221,LoRaWAN,104.759,14.888,2.127,5.854,0.5756
env_sensor-221,LoRaWAN,76.477,22.368,3.275,0.05,0.9682
env_sensor-221,LoRaWAN,56.661,42.037,1.522,1.028,0.0
env_sensor-221,LoRaWAN,52.3,10.418,4.017,4.638,1.0941
actuator-222,MQTT,155.702,27.83,4.549,5.471,2.0117
actuator-222,MQTT,163.244,27.856,6.468,7.273,0.9633
actuator-222,MQTT,110.774,5.605,5.374,13.586,1.6142
actuator-222,MQTT,97.585,21.406,5.886,8.036,1.5657
camera-223,MQTT,1555.001,48.119,2.594,106.864,1.1203
camera-223,MQTT,18.75,69.968,3.493,139.936,0.572
camera-223,MQTT,2694.465,64.75,0.1,29.297,0.9609
camera-223,MQTT,1342.373,63.055,5.106,104.78,0.0
camera-223,MQTT,491.411,48.181,5.096,215.871,0.7337
camera-223,MQTT,1758.53,49.302,4.312,175.776,0.3903
camera-223,MQTT,2049.231,87.388,3.703,205.336,0.0468
camera-223,MQTT,2028.45,101.622,6.864,99.639,0.9306
camera-223,MQTT,977.025,59.925,7.746,141.456,0.1767
gateway-224,HTTPS,742.313,47.274,5.785,71.818,2.0463
gateway-224,HTTPS,434.575,27.414,4.885,50.817,2.2885
gateway-224,HTTPS,643.981,39.749,3.537,0.05,1.1312
gateway-224,HTTPS,574.121,22.013,3.225,20.127,1.5085
gateway-224,HTTPS,846.855,76.002,8.626,69.752,0.0
gateway-224,HTTPS,1306.81,33.933,9.79,50.563,1.3787
gateway-224,HTTPS,799.519,58.459,7.958,67.569,2.1929
gateway-224,HTTPS,8.0,50.967,10.877,85.377,0.816
gateway-224,HTTPS,563.756,85.65,15.664,79.58,2.9337
gateway-224,HTTPS,1111.489,28.999,11.944,83.63,0.0
gateway-224,HTTPS,1467.038,50.092,5.235,14.025,1.2124
smart_meter-225,LoRaWAN,23.163,212.233,3.659,0.15,0.0879
smart_meter-225,LoRaWAN,22.197,46.543,3.085,0.344,4.7654
smart_meter-225,LoRaWAN,13.308,176.367,2.378,0.399,3.1492
smart_meter-225,LoRaWAN,29.616,244.784,0.1,0.323,0.5253
smart_meter-225,LoRaWAN,26.849,307.646,0.549,1.013,2.8025
smart_meter-225,LoRaWAN,24.673,228.032,0.1,0.674,7.5909
smart_meter-225,LoRaWAN,35.38,152.756,0.662,0.588,1.0806
smart_meter-225,LoRaWAN,22.354,180.127,2.008,0.899,3.578
smart_meter-225,LoRaWAN,32.774,208.954,2.128,0.05,3.3899
env_sensor-226,HTTPS,54.271,27.725,4.415,2.767,2.6232
env_sensor-226,HTTPS,62.137,13.414,5.559,2.429,0.1461
env_sensor-226,HTTPS,11.732,24.857,0.1,0.05,3.9792
env_sensor-226,HTTPS,82.772,29.814,7.04,1.323,0.6717
env_sensor-226,HTTPS,107.001,28.759,4.736,1.854,0.1205
env_sensor-226,HTTPS,58.103,30.326,5.26,4.688,0.0
env_sensor-226,HTTPS,43.643,37.434,2.395,4.599,1.1623
env_sensor-226,HTTPS,40.517,15.015,3.469,3.217,0.2178
env_sensor-226,HTTPS,66.567,25.586,3.812,5.79,0.5091
env_sensor-226,HTTPS,38.085,27.97,4.021,3.053,2.5685
env_sensor-226,HTTPS,69.897,42.237,2.136,4.122,2.749
actuator-227,MQTT,162.612,22.421,7.707,9.912,2.7187
actuator-227,MQTT,115.124,24.012,7.608,8.124,0.0
actuator-227,MQTT,100.087,15.006,4.275,12.855,1.4033
actuator-227,MQTT,134.183,15.02,3.241,8.301,0.1696
actuator-227,MQTT,120.387,21.942,5.591,7.789,0.0
actuator-227,MQTT,90.163,18.149,9.555,16.139,0.0
actuator-227,MQTT,77.341,33.973,4.02,17.418,1.9508
actuator-227,MQTT,95.64,31.205,9.261,8.7,0.7203
camera-228,HTTPS,2241.319,72.177,3.577,151.193,0.3693
camera-228,HTTPS,1295.412,83.51,0.1,169.702,1.1745
camera-228,HTTPS,2261.318,30.057,0.1,127.054,0.5066
camera-228,HTTPS,168.118,99.833,2.64,123.628,0.1826
gateway-229,HTTPS,554.527,65.521,4.758,99.777,1.6358
gateway-229,HTTPS,294.793,59.825,5.394,113.542,0.1877
gateway-229,HTTPS,236.197,41.981,9.141,91.89,1.0973
gateway-229,HTTPS,1259.795,63.511,7.576,45.047,2.2367
gateway-229,HTTPS,1847.491,47.852,12.22,144.312,1.9998
gateway-229,HTTPS,486.826,37.732,1.97,34.951,0.4428
gateway-229,HTTPS,799.389,40.578,12.619,98.472,1.3667
gateway-229,HTTPS,474.321,53.694,6.775,98.352,2.9006
gateway-229,HTTPS,1308.139,38.303,3.769,41.78,0.0
smart_meter-230,HTTPS,33.299,231.31,0.821,0.269,2.841
smart_meter-230,HTTPS,27.885,220.98,0.1,0.243,0.7811
smart_meter-230,HTTPS,36.742,169.446,2.66,0.588,4.3829
smart_meter-230,HTTPS,22.559,198.86,0.1,0.275,2.6874
smart_meter-230,HTTPS,27.892,199.726,3.77,0.409,2.2112
smart_meter-230,HTTPS,33.634,138.24,2.297,0.596,1.8288
smart_meter-230,HTTPS,24.074,280.171,5.09,0.313,4.3682
smart_meter-230,HTTPS,32.663,219.172,3.267,0.718,2.0388
smart_meter-230,HTTPS,20.811,152.558,2.589,0.218,1.7001
env_sensor-231,LoRaWAN,78.551,30.765,3.51,0.912,1.3479
env_sensor-231,LoRaWAN,90.354,27.306,1.466,0.687,0.2347
env_sensor-231,LoRaWAN,72.927,16.283,1.537,4.17,0.3196
env_sensor-231,LoRaWAN,88.13,27.637,1.715,1.683,2.3765
env_sensor-231,LoRaWAN,56.709,31.749,0.1,8.74,1.8414
env_sensor-231,LoRaWAN,68.867,32.285,5.95,1.853,0.0
env_sensor-231,LoRaWAN,114.552,8.985,3.575,5.139,0.0448
env_sensor-231,LoRaWAN,105.211,7.681,5.016,3.004,2.5974
env_sensor-231,LoRaWAN,80.284,43.51,0.1,9.042,0.0
env_sensor-231,LoRaWAN,52.433,40.478,2.321,0.05,1.6056
env_sensor-231,LoRaWAN,84.895,37.651,5.509,5.151,0.9136
actuator-232,HTTPS,86.926,19.53,5.353,10.526,2.0378
actuator-232,HTTPS,174.918,29.899,3.811,12.046,1.163
actuator-232,HTTPS,123.98,11.33,1.854,0.893,1.1255
actuator-232,HTTPS,122.706,16.724,9.236,5.769,2.615
camera-233,HTTPS,2104.999,59.663,0.1,27.951,1.2535
camera-233,HTTPS,1808.148,73.407,5.982,111.368,0.3244
camera-233,HTTPS,2286.819,24.005,2.719,145.922,0.2932
camera-233,HTTPS,2130.869,14.214,6.798,95.309,0.4964
camera-233,HTTPS,1713.15,64.245,4.613,111.192,0.8068
camera-233,HTTPS,3069.621,50.189,0.1,126.128,0.5073
camera-233,HTTPS,2480.328,42.092,7.337,77.562,0.7939
camera-233,HTTPS,2170.861,71.519,4.965,144.855,1.2848
camera-233,HTTPS,1827.397,87.968,0.1,101.957,1.1446
camera-233,HTTPS,1739.412,58.714,2.858,177.369,0.9358
camera-233,HTTPS,1361.463,80.533,4.842,70.62,1.8609
gateway-234,CoAP,642.626,23.369,8.728,40.14,1.9196
gateway-234,CoAP,696.712,49.298,11.941,50.973,1.5345
gateway-234,CoAP,714.681,43.553,2.191,87.81,0.948
gateway-234,CoAP,222.818,29.175,13.866,103.273,0.0
gateway-234,CoAP,910.704,22.603,4.283,46.386,1.7113
gateway-234,CoAP,1605.778,83.689,12.419,75.553,0.8764
gateway-234,CoAP,595.13,63.408,13.674,0.05,1.3791
gateway-234,CoAP,1821.572,67.348,5.579,15.175,0.1024
smart_meter-235,MQTT,29.242,260.154,2.305,0.616,1.989
smart_meter-235,MQTT,24.248,116.711,3.239,0.705,3.8871
smart_meter-235,MQTT,26.933,119.952,1.838,0.47,2.6201
smart_meter-235,MQTT,37.97,182.967,0.635,0.054,1.8201
env_sensor-236,MQTT,95.761,44.16,1.634,8.6,0.6572
env_sensor-236,MQTT,83.112,21.667,0.509,4.456,0.4779
env_sensor-236,MQTT,54.366,34.456,1.425,7.071,2.1123
env_sensor-236,MQTT,57.905,22.36,3.57,2.127,0.4155
env_sensor-236,MQTT,96.071,7.291,1.071,4.607,0.0
actuator-237,MQTT,76.378,12.874,3.898,9.281,1.249
actuator-237,MQTT,112.599,21.634,6.398,8.994,0.5765
actuator-237,MQTT,141.124,23.542,7.841,8.802,0.0
actuator-237,MQTT,97.718,19.074,7.536,12.742,0.8663
actuator-237,MQTT,123.345,14.962,8.78,3.715,1.5008
camera-238,HTTPS,1339.363,113.152,1.957,66.349,0.4835
camera-238,HTTPS,2162.159,69.339,6.932,34.819,0.8862
camera-238,HTTPS,944.029,68.759,2.723,161.09,0.4744
camera-238,HTTPS,1303.547,13.704,3.149,210.394,0.898
camera-238,HTTPS,2045.457,107.968,4.29,115.004,0.104
camera-238,HTTPS,1332.401,46.318,1.065,83.47,0.042
camera-238,HTTPS,1584.986,94.497,6.008,123.935,1.391
camera-238,HTTPS,1950.225,47.853,1.643,8.379,0.7418
gateway-239,CoAP,1127.834,54.635,9.608,30.469,1.7158
gateway-239,CoAP,1277.206,30.84,15.994,50.86,0.0
gateway-239,CoAP,1219.826,16.588,16.288,77.772,1.4501
gateway-239,CoAP,1192.03,36.759,12.158,103.623,0.6661
gateway-239,CoAP,1112.671,45.796,14.311,51.721,1.1223
gateway-239,CoAP,689.262,40.955,7.814,0.05,0.7659
gateway-239,CoAP,786.906,56.034,2.446,54.703,1.3912
gateway-239,CoAP,968.57,43.766,15.583,49.711,0.4064
gateway-239,CoAP,1577.342,33.459,6.955,48.706,0.0
gateway-239,CoAP,973.967,46.918,10.233,99.644,0.7414
smart_meter-240,LoRaWAN,31.096,218.288,2.52,0.758,1.6039
smart_meter-240,LoRaWAN,22.643,252.527,2.551,1.026,4.5889
smart_meter-240,LoRaWAN,39.443,214.218,1.091,0.1,3.4465
smart_meter-240,LoRaWAN,28.873,187.918,2.013,0.502,3.9869
smart_meter-240,LoRaWAN,30.178,26.106,1.713,0.628,0.0
env_sensor-241,HTTPS,99.323,19.594,0.177,0.05,0.885
env_sensor-241,HTTPS,104.928,17.009,3.462,5.466,2.3185
env_sensor-241,HTTPS,70.908,9.219,1.447,2.646,1.825
env_sensor-241,HTTPS,101.513,23.811,2.798,1.881,0.2668
env_sensor-241,HTTPS,34.045,5.594,0.1,7.663,1.9344
env_sensor-241,HTTPS,77.331,12.442,2.747,4.81,1.8789
actuator-242,MQTT,130.554,9.731,3.512,5.06,0.392
actuator-242,MQTT,78.536,9.858,6.182,12.569,0.8916
actuator-242,MQTT,91.642,16.326,6.18,7.769,0.1584
actuator-242,MQTT,124.814,34.337,6.852,9.717,0.167
actuator-242,MQTT,151.256,11.614,6.69,7.397,0.0
actuator-242,MQTT,149.734,22.253,9.477,8.621,1.6441
camera-243,HTTPS,2002.334,100.107,2.065,52.02,0.7079
camera-243,HTTPS,104.03,34.23,6.235,187.447,1.1152
camera-243,HTTPS,2431.551,65.531,0.1,138.101,0.5572
camera-243,HTTPS,1789.398,1.0,4.337,123.6,1.2519
camera-243,HTTPS,1958.332,35.801,5.987,173.033,0.3019
camera-243,HTTPS,2306.697,37.759,8.455,45.255,0.4926
camera-243,HTTPS,1428.195,88.469,0.1,135.398,0.0
camera-243,HTTPS,2164.235,36.266,0.587,133.364,0.6677
gateway-244,CoAP,566.964,34.968,10.029,9.243,0.6509
gateway-244,CoAP,780.462,16.874,6.135,17.917,0.8331
gateway-244,CoAP,423.64,76.476,8.522,6.415,0.9303
gateway-244,CoAP,763.627,14.607,11.859,100.87,1.2135
smart_meter-245,LoRaWAN,30.928,185.592,2.306,0.865,0.2844
smart_meter-245,LoRaWAN,36.23,196.02,3.128,0.121,2.2127
smart_meter-245,LoRaWAN,14.685,223.806,2.723,0.05,0.6456
smart_meter-245,LoRaWAN,33.237,213.821,1.444,0.214,3.923
smart_meter-245,LoRaWAN,23.615,193.754,2.972,0.24,3.8209
smart_meter-245,LoRaWAN,54.78,116.896,0.1,0.699,1.7801
env_sensor-246,LoRaWAN,33.662,20.688,3.711,7.032,1.111
env_sensor-246,LoRaWAN,53.781,15.585,1.436,0.05,0.824
env_sensor-246,LoRaWAN,69.813,21.458,2.927,0.05,1.788
env_sensor-246,LoRaWAN,65.533,24.968,2.734,4.07,1.1368
env_sensor-246,LoRaWAN,40.434,22.957,0.1,1.554,2.021
env_sensor-246,LoRaWAN,54.916,23.598,2.815,5.048,0.3046
actuator-247,MQTT,150.281,15.521,8.181,5.728,1.3433
actuator-247,MQTT,141.154,5.828,2.499,9.181,1.3589
actuator-247,MQTT,135.686,23.522,4.225,6.136,0.3172
actuator-247,MQTT,124.462,19.458,2.979,14.615,0.0
camera-248,HTTPS,1214.632,51.524,5.232,124.004,1.1147
camera-248,HTTPS,2219.53,111.186,4.798,188.029,1.0127
camera-248,HTTPS,1878.662,62.884,5.19,118.074,0.018
camera-248,HTTPS,1275.63,74.779,1.944,237.727,0.8342
camera-248,HTTPS,983.278,75.636,6.258,225.184,0.8903
camera-248,HTTPS,1598.839,62.941,1.31,67.378,0.5032
camera-248,HTTPS,2194.462,53.036,2.327,133.57,0.7997
gateway-249,HTTPS,8.0,54.819,0.1,97.032,0.0
gateway-249,HTTPS,1089.623,9.222,12.128,78.796,2.052
gateway-249,HTTPS,1373.975,46.263,0.1,27.424,0.8067
gateway-249,HTTPS,1083.396,18.737,7.33,96.175,0.8446
gateway-249,HTTPS,1415.739,12.72,9.995,80.84,0.0
gateway-249,HTTPS,1152.691,73.626,9.498,39.725,2.9664
gateway-249,HTTPS,251.014,58.362,15.709,72.753,1.4417
gateway-249,HTTPS,1017.86,38.029,8.541,35.993,1.3656
gateway-249,HTTPS,712.889,39.898,0.1,48.493,0.4215
gateway-249,HTTPS,386.72,51.148,12.14,37.513,0.0
smart_meter-250,LoRaWAN,10.715,160.778,0.1,0.472,0.0
smart_meter-250,LoRaWAN,28.486,97.846,0.1,0.227,2.4042
smart_meter-250,LoRaWAN,32.307,215.409,0.231,0.689,1.8331
smart_meter-250,LoRaWAN,12.898,87.971,2.547,0.081,8.6684
smart_meter-250,LoRaWAN,30.843,90.658,0.1,0.109,1.0825
env_sensor-251,MQTT,48.323,33.577,4.386,2.174,0.8579
env_sensor-251,MQTT,85.545,18.451,0.284,6.422,0.7366
env_sensor-251,MQTT,129.817,22.617,1.123,3.217,0.44
env_sensor-251,MQTT,70.739,30.476,3.648,2.92,2.6582
env_sensor-251,MQTT,65.33,36.276,5.286,2.615,3.2255
env_sensor-251,MQTT,37.956,40.008,1.538,6.649,0.8569
actuator-252,MQTT,93.31,20.243,6.946,13.261,0.4465
actuator-252,MQTT,108.0,18.36,0.343,8.592,0.4005
actuator-252,MQTT,91.932,23.623,0.1,5.343,0.0
actuator-252,MQTT,72.381,12.415,9.571,16.569,0.0
actuator-252,MQTT,101.732,19.954,8.601,3.37,0.0192
actuator-252,MQTT,60.478,15.849,4.834,7.718,1.8452
actuator-252,MQTT,121.445,26.967,5.908,7.856,0.0926
camera-253,LoRaWAN,2790.794,48.092,4.494,129.135,0.0014
camera-253,LoRaWAN,669.033,62.583,7.231,218.493,0.767
camera-253,LoRaWAN,1923.922,70.917,0.1,195.069,0.8414
camera-253,LoRaWAN,1838.456,57.165,5.816,246.826,0.9084
camera-253,LoRaWAN,1631.629,74.349,1.445,171.736,1.1403
camera-253,LoRaWAN,1012.083,74.446,10.679,133.128,0.849
camera-253,LoRaWAN,1919.767,42.032,1.099,142.23,1.1827
camera-253,LoRaWAN,1939.578,39.749,8.657,11.793,1.2555
camera-253,LoRaWAN,1777.436,65.365,1.897,116.814,0.9928
camera-253,LoRaWAN,208.272,48.401,3.109,129.443,0.8535
camera-253,LoRaWAN,873.103,82.638,4.617,172.59,0.0
gateway-254,HTTPS,805.628,58.373,13.161,96.707,0.0
gateway-254,HTTPS,459.253,65.555,12.102,93.53,0.0651
gateway-254,HTTPS,949.416,90.052,17.78,34.139,2.8785
gateway-254,HTTPS,1452.671,11.787,3.388,68.976,0.7376
gateway-254,HTTPS,1220.137,60.856,8.117,45.098,0.3368
gateway-254,HTTPS,1661.276,35.237,5.805,74.771,1.6813
gateway-254,HTTPS,492.817,61.743,0.1,86.312,0.0
gateway-254,HTTPS,8.0,46.191,5.843,14.804,1.4824
gateway-254,HTTPS,235.084,40.744,0.105,0.05,1.4508
smart_meter-255,LoRaWAN,36.254,98.097,2.924,0.16,3.8265
smart_meter-255,LoRaWAN,27.471,232.908,1.039,0.445,4.9527
smart_meter-255,LoRaWAN,20.63,253.38,4.994,0.164,2.7696
smart_meter-255,LoRaWAN,38.635,59.774,2.107,0.474,0.5455
smart_meter-255,LoRaWAN,34.152,241.101,1.394,0.166,0.0
smart_meter-255,LoRaWAN,36.013,131.339,1.962,0.669,4.2349
smart_meter-255,LoRaWAN,31.231,139.599,1.293,0.299,4.9908
smart_meter-255,LoRaWAN,20.971,76.63,3.249,0.237,0.0
smart_meter-255,LoRaWAN,32.802,201.337,1.607,0.301,6.0733
smart_meter-255,LoRaWAN,14.716,98.98,2.476,0.837,4.4261
smart_meter-255,LoRaWAN,13.68,79.82,1.756,0.321,4.8367
env_sensor-256,MQTT,76.232,23.376,6.626,1.251,3.0696
env_sensor-256,MQTT,35.783,6.72,7.897,0.767,1.188
env_sensor-256,MQTT,93.856,35.478,5.435,4.047,2.0049
env_sensor-256,MQTT,98.384,23.24,1.142,7.57,1.0009
env_sensor-256,MQTT,52.622,20.775,2.763,4.914,1.1328
actuator-257,MQTT,158.963,24.024,4.176,14.333,1.0043
actuator-257,MQTT,189.617,12.727,3.857,8.405,0.0
actuator-257,MQTT,72.771,16.895,12.898,7.157,1.4459
actuator-257,MQTT,72.896,20.427,1.111,9.415,0.4077
actuator-257,MQTT,142.793,20.752,4.194,13.937,0.6688
actuator-257,MQTT,118.31,12.839,7.627,6.198,0.9855
camera-258,MQTT,914.078,41.571,6.067,55.18,0.2871
camera-258,MQTT,1676.74,80.229,0.1,108.692,0.7156
camera-258,MQTT,1212.802,63.837,5.448,110.835,0.4762
camera-258,MQTT,2622.263,60.892,3.03,102.759,0.0
camera-258,MQTT,1699.566,90.441,0.717,135.229,0.3273
camera-258,MQTT,1751.671,87.238,2.901,148.276,0.0
camera-258,MQTT,2638.353,78.771,4.581,128.171,1.1708
camera-258,MQTT,2038.291,11.035,3.607,67.468,0.5429
camera-258,MQTT,2429.788,34.402,0.1,92.124,0.6241
camera-258,MQTT,1223.668,44.134,5.052,133.293,0.3252
gateway-259,CoAP,1023.132,46.367,3.677,15.909,0.0
gateway-259,CoAP,1305.176,5.197,4.208,57.734,1.2709
gateway-259,CoAP,629.445,39.55,2.895,26.971,0.4962
gateway-259,CoAP,1673.178,73.613,2.438,10.194,0.7228
gateway-259,CoAP,1199.739,53.526,18.408,0.723,0.3537
gateway-259,CoAP,666.609,8.215,7.756,17.207,1.3425
gateway-259,CoAP,270.027,44.518,9.992,71.854,0.7499
smart_meter-260,MQTT,31.831,243.388,1.873,0.069,3.3401
smart_meter-260,MQTT,29.277,135.642,3.233,0.933,5.0892
smart_meter-260,MQTT,35.863,36.916,3.49,1.064,7.7737
smart_meter-260,MQTT,31.133,291.731,1.935,0.561,1.9061
smart_meter-260,MQTT,28.448,96.303,4.233,0.16,3.6006
smart_meter-260,MQTT,20.65,215.595,1.687,0.493,5.2595
smart_meter-260,MQTT,35.331,125.642,3.397,0.053,3.9348
smart_meter-260,MQTT,27.653,171.52,0.434,0.833,3.335
smart_meter-260,MQTT,39.925,212.103,3.697,0.447,2.3395
env_sensor-261,HTTPS,63.971,40.88,2.374,5.732,2.5958
env_sensor-261,HTTPS,99.15,29.385,2.783,6.011,2.2108
env_sensor-261,HTTPS,127.784,38.611,0.75,5.195,2.5799
env_sensor-261,HTTPS,52.137,25.509,2.604,0.761,1.2666
env_sensor-261,HTTPS,71.306,28.748,2.77,3.095,1.4591
env_sensor-261,HTTPS,86.702,35.815,4.462,6.803,0.2272
env_sensor-261,HTTPS,127.51,25.804,1.911,0.05,0.2969
env_sensor-261,HTTPS,57.427,34.639,3.008,4.347,0.8146
env_sensor-261,HTTPS,44.513,54.486,2.302,4.612,0.0
env_sensor-261,HTTPS,70.768,21.626,6.24,4.882,1.3444
actuator-262,MQTT,128.272,25.033,4.769,8.884,0.111
actuator-262,MQTT,104.055,15.994,7.506,8.785,0.2681
actuator-262,MQTT,92.881,6.34,14.343,10.874,0.888
actuator-262,MQTT,90.6,23.339,4.049,4.875,0.4732
actuator-262,MQTT,143.691,2.726,6.689,4.34,1.1386
actuator-262,MQTT,101.312,6.555,4.472,8.252,0.0
actuator-262,MQTT,91.219,18.069,5.018,12.009,1.207
actuator-262,MQTT,108.03,25.558,4.312,0.05,1.9659
actuator-262,MQTT,129.534,29.269,6.139,12.233,0.0
actuator-262,MQTT,179.129,23.691,13.631,9.964,0.619
actuator-262,MQTT,96.475,23.559,6.495,6.135,0.8308
camera-263,HTTPS,2679.07,92.658,1.835,47.355,0.0892
camera-263,HTTPS,847.525,96.802,0.741,60.913,0.5806
camera-263,HTTPS,2234.559,120.924,2.367,91.628,0.947
camera-263,HTTPS,1367.135,52.464,6.208,76.292,1.5315
camera-263,HTTPS,1390.194,35.402,4.66,112.697,0.8214
camera-263,HTTPS,1458.829,14.764,3.758,75.19,0.4955
camera-263,HTTPS,1354.181,52.183,4.175,129.382,0.24
camera-263,HTTPS,614.761,39.586,2.221,171.065,0.0242
camera-263,HTTPS,2037.67,68.235,5.017,190.532,0.8558
camera-263,HTTPS,2048.894,65.261,2.129,94.251,0.1023
gateway-264,HTTPS,1364.888,15.951,6.9,83.753,0.8902
gateway-264,HTTPS,711.825,30.432,11.104,49.058,0.8613
gateway-264,HTTPS,500.371,62.963,13.069,8.182,1.187
gateway-264,HTTPS,1052.82,35.303,15.136,51.004,0.0
gateway-264,HTTPS,1165.548,13.777,2.981,122.508,2.2756
gateway-264,HTTPS,847.721,49.887,6.696,37.25,2.7348
gateway-264,HTTPS,1586.852,31.627,4.215,0.05,1.7798
gateway-264,HTTPS,1168.055,22.62,1.369,63.64,1.871
gateway-264,HTTPS,1335.123,61.574,11.852,92.63,0.3524
gateway-264,HTTPS,1184.39,43.369,5.632,4.912,0.1744
smart_meter-265,LoRaWAN,19.981,174.817,1.134,0.237,4.4925
smart_meter-265,LoRaWAN,25.397,227.737,1.991,0.787,3.4067
smart_meter-265,LoRaWAN,23.347,194.138,3.291,0.05,2.2288
smart_meter-265,LoRaWAN,32.057,133.419,2.679,0.882,0.1499
smart_meter-265,LoRaWAN,15.908,216.946,3.294,0.523,7.0092
smart_meter-265,LoRaWAN,30.492,116.728,0.393,0.455,5.2639
env_sensor-266,MQTT,94.911,22.735,2.669,3.34,1.5945
env_sensor-266,MQTT,104.385,19.496,4.277,6.901,2.9844
env_sensor-266,MQTT,67.725,11.061,0.312,4.431,0.0
env_sensor-266,MQTT,77.419,19.607,7.725,1.277,1.3893
env_sensor-266,MQTT,48.653,27.75,4.649,0.05,0.637
actuator-267,MQTT,148.63,3.992,4.377,9.332,0.0
actuator-267,MQTT,106.941,6.173,3.266,14.418,1.2459
actuator-267,MQTT,126.844,15.192,10.313,1.754,0.3268
actuator-267,MQTT,134.291,7.343,9.444,7.499,0.5404
actuator-267,MQTT,166.585,18.681,8.801,5.537,1.4156
camera-268,HTTPS,1239.508,1.0,6.372,67.02,0.7793
camera-268,HTTPS,2458.955,6.103,5.16,203.051,0.3439
camera-268,HTTPS,1097.999,69.735,11.06,124.785,1.8376
camera-268,HTTPS,1212.92,46.68,4.81,193.932,0.2113
camera-268,HTTPS,1953.988,62.919,6.023,35.327,1.0738
camera-268,HTTPS,8.0,53.876,0.698,114.779,0.5929
gateway-269,HTTPS,1098.383,24.285,4.946,121.462,0.1684
gateway-269,HTTPS,535.067,38.856,2.268,87.416,2.5075
gateway-269,HTTPS,138.727,51.919,5.272,83.975,0.8176
gateway-269,HTTPS,52.426,73.664,10.625,33.442,0.0
smart_meter-270,LoRaWAN,36.079,144.752,0.1,0.516,5.3041
smart_meter-270,LoRaWAN,35.621,274.335,2.557,0.181,6.5302
smart_meter-270,LoRaWAN,44.295,186.764,1.393,0.25,0.0
smart_meter-270,LoRaWAN,15.12,185.189,0.1,0.506,3.474
smart_meter-270,LoRaWAN,34.742,178.582,0.758,0.501,4.1595
env_sensor-271,MQTT,63.228,27.585,3.914,4.466,1.313
env_sensor-271,MQTT,84.251,19.593,3.194,3.53,0.6371
env_sensor-271,MQTT,73.733,23.587,5.914,9.866,1.8977
env_sensor-271,MQTT,75.477,20.485,1.348,3.781,1.5819
env_sensor-271,MQTT,96.755,17.344,3.212,6.827,0.1912
actuator-272,HTTPS,154.502,18.114,6.796,3.781,0.8014
actuator-272,HTTPS,95.664,10.449,4.25,9.778,0.4092
actuator-272,HTTPS,125.863,20.241,8.468,10.855,0.527
actuator-272,HTTPS,112.512,34.475,5.057,17.304,1.053
actuator-272,HTTPS,94.623,15.462,3.08,9.043,1.2014
camera-273,CoAP,1545.024,64.806,2.449,188.642,0.5124
camera-273,CoAP,2319.28,66.226,6.252,144.634,1.0551
camera-273,CoAP,2703.757,64.446,5.598,110.813,0.3692
camera-273,CoAP,977.51,57.066,6.545,119.01,0.8074
camera-273,CoAP,2743.476,35.509,7.343,169.995,1.093
gateway-274,HTTPS,259.338,39.698,7.514,64.72,0.0
gateway-274,HTTPS,457.18,42.977,7.964,113.805,1.2706
gateway-274,HTTPS,652.374,47.985,8.854,48.923,0.0
gateway-274,HTTPS,1332.46,40.634,8.841,36.156,0.6286
gateway-274,HTTPS,1437.018,37.289,11.909,103.203,1.3935
gateway-274,HTTPS,881.918,21.377,8.798,94.432,0.7014
gateway-274,HTTPS,478.242,31.056,0.1,14.005,1.7289
gateway-274,HTTPS,1227.325,56.524,12.73,59.999,1.5451
smart_meter-275,LoRaWAN,10.819,128.059,0.698,0.334,0.612
smart_meter-275,LoRaWAN,20.843,248.25,1.719,0.05,0.1436
smart_meter-275,LoRaWAN,24.43,163.638,2.586,0.647,5.8325
smart_meter-275,LoRaWAN,24.776,188.215,0.1,0.404,0.7228
env_sensor-276,MQTT,51.891,13.718,1.326,2.258,0.0
env_sensor-276,MQTT,34.943,15.396,3.901,4.761,0.5904
env_sensor-276,MQTT,25.115,27.038,1.521,5.646,0.7735
env_sensor-276,MQTT,71.716,26.442,1.748,9.307,1.8507
env_sensor-276,MQTT,58.732,17.308,6.16,5.737,1.5454
env_sensor-276,MQTT,88.762,19.176,5.334,2.122,0.3077
env_sensor-276,MQTT,48.862,17.313,3.597,0.05,0.0654
actuator-277,MQTT,120.223,14.222,8.116,4.903,0.0
actuator-277,MQTT,144.824,28.764,4.974,6.388,0.8724
actuator-277,MQTT,110.744,2.031,5.931,10.193,0.5169
actuator-277,MQTT,69.959,19.425,4.122,3.128,0.8538
actuator-277,MQTT,75.951,20.808,4.494,7.602,0.1505
actuator-277,MQTT,109.386,12.544,2.132,12.666,0.3435
camera-278,HTTPS,2128.25,63.885,4.691,59.89,0.3905
camera-278,HTTPS,1343.913,26.52,7.621,120.619,0.6905
camera-278,HTTPS,2147.007,73.376,0.1,142.802,0.4188
camera-278,HTTPS,1740.17,80.279,0.1,162.167,0.0
camera-278,HTTPS,1796.995,57.151,4.083,189.783,0.3469
camera-278,HTTPS,670.287,102.585,6.369,275.956,0.328
camera-278,HTTPS,1747.914,13.807,5.904,48.862,1.0071
camera-278,HTTPS,1924.448,82.914,1.027,90.884,1.3369
camera-278,HTTPS,1040.071,69.198,4.556,94.231,1.3208
camera-278,HTTPS,703.963,92.007,7.087,100.268,1.1884
camera-278,HTTPS,1200.307,38.521,3.452,103.897,0.2314
gateway-279,CoAP,1696.258,15.369,14.639,127.251,2.6069
gateway-279,CoAP,1258.629,47.102,9.384,62.023,1.0797
gateway-279,CoAP,139.385,14.711,1.347,40.71,2.1272
gateway-279,CoAP,993.742,43.758,3.449,38.325,0.1981
gateway-279,CoAP,1301.848,36.884,11.844,70.485,1.5798
gateway-279,CoAP,1225.892,86.112,7.525,61.851,1.4842
gateway-279,CoAP,8.0,56.788,8.596,115.714,0.3545
gateway-279,CoAP,499.995,77.65,14.822,96.695,1.6452
gateway-279,CoAP,39.299,40.851,2.068,76.444,0.4181
gateway-279,CoAP,812.94,54.819,0.1,18.648,0.3517
smart_meter-280,MQTT,41.906,255.672,3.782,0.197,3.6947
smart_meter-280,MQTT,30.522,293.028,5.24,0.72,3.1787
smart_meter-280,MQTT,26.152,287.542,2.621,0.212,6.6924
smart_meter-280,MQTT,30.665,198.504,1.977,0.428,2.3283
smart_meter-280,MQTT,32.568,221.351,0.764,1.006,2.8131
smart_meter-280,MQTT,34.72,182.148,0.86,0.05,4.4673
env_sensor-281,MQTT,84.736,12.597,3.388,3.988,0.9615
env_sensor-281,MQTT,62.838,40.766,3.634,9.233,1.83
env_sensor-281,MQTT,60.314,19.306,4.363,0.125,0.4588
env_sensor-281,MQTT,108.463,17.805,3.366,0.05,0.0
env_sensor-281,MQTT,92.926,18.496,0.386,4.132,0.4276
env_sensor-281,MQTT,103.642,45.248,6.088,7.298,1.1029
env_sensor-281,MQTT,68.556,29.194,3.653,5.468,1.5803
env_sensor-281,MQTT,90.999,38.321,4.136,6.538,0.1773
env_sensor-281,MQTT,75.972,20.484,6.237,1.523,1.6417
actuator-282,MQTT,180.074,23.339,4.872,3.466,0.7781
actuator-282,MQTT,87.22,12.626,5.738,13.144,1.1441
actuator-282,MQTT,92.945,27.343,6.952,13.124,0.9115
actuator-282,MQTT,122.281,11.399,10.32,4.988,0.3628
actuator-282,MQTT,102.804,18.604,10.76,5.01,1.3867
actuator-282,MQTT,134.825,17.042,4.399,9.925,1.1283
actuator-282,MQTT,125.395,14.195,8.583,11.821,0.4926
actuator-282,MQTT,81.436,34.526,12.855,3.166,0.0
actuator-282,MQTT,99.191,19.118,7.82,12.474,0.0
actuator-282,MQTT,134.391,18.752,8.224,5.223,0.2632
actuator-282,MQTT,123.369,11.718,1.735,16.026,0.654
camera-283,LoRaWAN,1693.244,50.829,6.762,174.124,0.0
camera-283,LoRaWAN,1647.563,96.853,8.738,181.612,0.405
camera-283,LoRaWAN,1154.445,52.579,6.942,250.282,0.5313
camera-283,LoRaWAN,2292.524,43.433,4.237,55.676,0.0
camera-283,LoRaWAN,2422.463,76.885,5.815,61.097,1.0738
gateway-284,LoRaWAN,585.621,57.058,1.901,59.843,1.434
gateway-284,LoRaWAN,1735.832,74.342,8.603,0.05,0.0
gateway-284,LoRaWAN,1496.148,58.894,14.756,63.666,0.233
gateway-284,LoRaWAN,898.451,59.771,3.739,0.05,2.4362
gateway-284,LoRaWAN,471.509,28.039,0.1,51.59,2.0792
smart_meter-285,LoRaWAN,18.025,149.057,4.092,0.331,1.1521
smart_meter-285,LoRaWAN,35.898,211.28,2.369,0.221,0.6974
smart_meter-285,LoRaWAN,37.432,217.499,0.1,0.05,2.4263
smart_meter-285,LoRaWAN,29.303,129.549,1.797,0.711,2.1035
smart_meter-285,LoRaWAN,37.856,214.558,2.761,0.138,2.1465
smart_meter-285,LoRaWAN,28.678,198.705,1.145,0.157,0.1213
env_sensor-286,MQTT,57.706,34.039,3.701,1.812,1.3601
env_sensor-286,MQTT,63.13,36.73,4.109,3.7,0.2776
env_sensor-286,MQTT,16.028,29.835,4.503,5.988,0.1003
env_sensor-286,MQTT,78.35,12.466,4.674,4.967,0.1553
env_sensor-286,MQTT,115.48,30.814,2.142,2.81,1.703
env_sensor-286,MQTT,66.096,42.166,3.801,13.984,0.0
env_sensor-286,MQTT,87.34,23.617,4.292,3.522,0.6481
env_sensor-286,MQTT,48.004,26.328,5.307,0.05,1.3774
env_sensor-286,MQTT,51.863,14.037,5.026,6.878,1.2498
actuator-287,CoAP,29.592,15.452,6.618,10.977,0.3873
actuator-287,CoAP,103.941,28.844,9.345,8.59,0.8771
actuator-287,CoAP,82.572,23.269,3.857,14.56,0.4286
actuator-287,CoAP,99.077,22.692,1.928,7.373,0.9539
actuator-287,CoAP,97.586,25.814,7.13,4.496,0.4779
actuator-287,CoAP,139.849,16.014,0.1,9.258,0.556
actuator-287,CoAP,120.314,7.434,6.176,2.494,0.6138
actuator-287,CoAP,157.301,7.235,7.121,6.493,2.6503
camera-288,MQTT,913.129,58.299,3.432,102.944,0.8346
camera-288,MQTT,1374.812,46.481,0.1,56.929,0.9566
camera-288,MQTT,1705.914,94.716,4.482,125.893,0.6639
camera-288,MQTT,1345.429,38.786,3.76,73.089,0.0
camera-288,MQTT,1718.161,66.154,2.93,167.306,1.5018
camera-288,MQTT,2450.207,61.379,6.165,100.507,0.8118
camera-288,MQTT,1063.692,73.369,7.902,180.015,1.4098
gateway-289,CoAP,921.599,36.17,4.097,44.194,1.8643
gateway-289,CoAP,712.133,36.452,9.568,47.454,0.2294
gateway-289,CoAP,373.811,28.312,7.481,96.63,1.4042
gateway-289,CoAP,916.448,53.661,11.121,122.269,1.5425
gateway-289,CoAP,986.628,32.05,13.171,51.86,1.881
gateway-289,CoAP,8.0,13.673,11.117,49.104,0.3902
gateway-289,CoAP,720.731,52.736,12.956,80.351,2.3249
gateway-289,CoAP,1362.309,31.745,4.419,72.299,1.754
gateway-289,CoAP,542.163,40.435,12.355,155.833,0.8934
gateway-289,CoAP,459.557,50.012,9.726,83.35,1.7678
smart_meter-290,LoRaWAN,29.47,199.073,0.1,0.711,3.3292
smart_meter-290,LoRaWAN,28.01,158.407,2.435,0.192,3.1909
smart_meter-290,LoRaWAN,19.023,184.621,4.122,0.102,2.2788
smart_meter-290,LoRaWAN,27.456,188.015,3.745,0.583,3.4202
smart_meter-290,LoRaWAN,40.001,210.62,1.359,0.125,4.2949
smart_meter-290,LoRaWAN,20.687,167.699,1.073,0.706,1.0844
smart_meter-290,LoRaWAN,22.068,191.019,2.734,0.996,0.0
env_sensor-291,LoRaWAN,76.087,17.868,1.21,0.05,0.5281
env_sensor-291,LoRaWAN,50.315,30.722,5.236,4.109,0.0
env_sensor-291,LoRaWAN,82.513,50.039,3.702,5.247,0.5117
env_sensor-291,LoRaWAN,62.084,47.276,5.387,9.477,0.1579
env_sensor-291,LoRaWAN,115.919,19.316,0.1,3.88,1.1384
env_sensor-291,LoRaWAN,83.745,46.456,2.539,4.888,1.9417
env_sensor-291,LoRaWAN,118.349,37.91,1.291,4.921,1.4667
env_sensor-291,LoRaWAN,92.603,12.414,3.422,3.154,2.9073
env_sensor-291,LoRaWAN,74.726,32.708,5.187,3.464,0.3648
env_sensor-291,LoRaWAN,84.041,30.984,2.094,7.399,2.2522
actuator-292,LoRaWAN,82.969,32.067,6.955,9.193,1.4253
actuator-292,LoRaWAN,132.507,18.387,7.713,8.271,2.3485
actuator-292,LoRaWAN,186.798,5.097,9.798,10.381,0.0
actuator-292,LoRaWAN,93.181,23.555,6.002,8.111,0.3468
actuator-292,LoRaWAN,117.211,30.138,8.163,3.352,0.8057
actuator-292,LoRaWAN,96.347,9.824,6.549,7.731,0.1061
actuator-292,LoRaWAN,87.206,18.217,1.533,8.118,1.2429
actuator-292,LoRaWAN,194.477,34.519,7.624,4.039,0.0
actuator-292,LoRaWAN,133.075,2.573,10.915,5.338,0.8725
camera-293,HTTPS,1719.935,71.657,1.62,114.425,1.1369
camera-293,HTTPS,2153.463,65.535,7.058,158.741,0.6379
camera-293,HTTPS,1892.18,120.751,1.606,150.578,0.4218
camera-293,HTTPS,1617.674,38.375,3.373,64.499,0.9181
camera-293,HTTPS,2010.097,90.568,1.142,98.425,0.0
gateway-294,HTTPS,485.303,43.246,7.179,52.999,1.3656
gateway-294,HTTPS,72.93,26.674,6.268,66.801,0.0
gateway-294,HTTPS,1358.119,34.801,0.1,43.806,1.7219
gateway-294,HTTPS,2246.01,16.644,7.114,52.412,0.461
gateway-294,HTTPS,211.405,24.732,9.312,72.633,0.6314
gateway-294,HTTPS,1901.968,51.88,7.149,111.376,0.7719
gateway-294,HTTPS,721.81,54.574,14.648,0.05,0.0
gateway-294,HTTPS,787.176,34.321,10.057,27.193,0.5399
gateway-294,HTTPS,1986.233,65.617,2.807,76.212,0.9048
gateway-294,HTTPS,1059.125,19.094,5.689,50.877,2.532
gateway-294,HTTPS,1233.765,4.72,7.948,84.847,0.0
smart_meter-295,MQTT,22.878,263.266,3.929,0.329,1.7149
smart_meter-295,MQTT,37.125,153.514,4.753,0.801,3.2664
smart_meter-295,MQTT,19.162,161.606,4.22,0.537,4.3264
smart_meter-295,MQTT,30.506,146.286,2.101,0.05,2.4436
smart_meter-295,MQTT,28.791,244.268,0.567,0.563,2.235
smart_meter-295,MQTT,50.713,167.167,4.804,0.794,3.6997
smart_meter-295,MQTT,23.062,131.21,2.591,0.257,5.245
smart_meter-295,MQTT,24.274,196.281,2.107,0.118,0.5767
smart_meter-295,MQTT,24.365,309.307,5.331,0.689,0.2987
env_sensor-296,CoAP,51.336,17.48,3.851,0.05,0.4096
env_sensor-296,CoAP,69.136,21.157,3.535,6.881,0.5579
env_sensor-296,CoAP,75.066,5.937,3.769,8.749,1.1727
env_sensor-296,CoAP,112.306,12.167,6.369,4.197,1.3288
env_sensor-296,CoAP,92.67,30.81,1.318,2.62,1.5145
actuator-297,MQTT,103.762,14.422,8.698,4.742,0.6693
actuator-297,MQTT,118.482,33.442,3.789,6.653,0.9659
actuator-297,MQTT,154.708,8.436,7.265,12.017,1.2262
actuator-297,MQTT,108.153,12.209,8.361,10.387,0.0
camera-298,HTTPS,2487.883,57.949,5.273,128.858,1.2937
camera-298,HTTPS,2419.637,40.312,3.334,243.105,0.8275
camera-298,HTTPS,1479.846,75.689,6.923,49.402,0.9845
camera-298,HTTPS,1447.1,29.351,9.018,128.732,1.1129
camera-298,HTTPS,1652.299,63.602,3.172,183.35,0.6074
camera-298,HTTPS,1776.28,77.117,2.299,109.16,0.0
camera-298,HTTPS,1133.397,21.403,4.674,306.222,1.4047
gateway-299,LoRaWAN,901.55,37.044,4.607,48.957,1.5455
gateway-299,LoRaWAN,1450.705,47.286,10.481,28.781,1.545
gateway-299,LoRaWAN,801.12,25.318,9.543,64.457,0.8703
gateway-299,LoRaWAN,1720.204,42.482,5.414,83.929,2.322
gateway-299,LoRaWAN,2003.504,32.355,9.904,103.451,0.438
gateway-299,LoRaWAN,1299.199,22.556,3.604,66.898,0.0
smart_meter-300,HTTPS,19.062,244.891,2.178,0.339,6.7051
smart_meter-300,HTTPS,28.806,235.196,1.224,0.36,0.4811
smart_meter-300,HTTPS,20.381,168.59,0.107,0.507,5.9058
smart_meter-300,HTTPS,35.149,161.09,0.1,0.301,0.1308
smart_meter-300,HTTPS,34.305,188.507,2.176,0.424,1.3869
smart_meter-300,HTTPS,35.106,250.918,0.439,0.815,3.3873
env_sensor-301,MQTT,63.431,15.873,4.172,6.955,2.2499
env_sensor-301,MQTT,62.798,34.148,0.1,7.241,1.9401
env_sensor-301,MQTT,65.864,25.034,2.308,11.793,0.697
env_sensor-301,MQTT,78.802,30.113,4.18,2.298,1.1493
actuator-302,CoAP,128.176,33.521,2.305,7.294,0.0
actuator-302,CoAP,142.552,20.405,4.246,5.019,1.6638
actuator-302,CoAP,110.281,18.017,5.712,7.588,0.3834
actuator-302,CoAP,111.999,20.235,7.874,6.158,0.3065
camera-303,HTTPS,1638.297,12.682,6.564,221.609,0.2731
camera-303,HTTPS,869.74,31.871,6.906,106.808,1.9227
camera-303,HTTPS,1880.586,35.382,8.066,113.836,0.0
camera-303,HTTPS,1366.821,51.054,0.1,143.375,0.0
camera-303,HTTPS,709.796,53.365,5.022,173.568,1.0728
camera-303,HTTPS,2212.038,42.153,1.687,168.23,1.1847
gateway-304,MQTT,8.0,30.175,11.381,99.652,0.7927
gateway-304,MQTT,1071.839,23.767,5.368,45.631,1.8485
gateway-304,MQTT,1073.833,52.562,2.116,0.05,0.0898
gateway-304,MQTT,1548.025,42.068,8.425,81.906,1.9261
gateway-304,MQTT,1444.033,28.841,7.888,64.36,0.008
gateway-304,MQTT,385.569,74.073,6.534,122.026,1.5182
gateway-304,MQTT,1380.3,17.151,8.243,59.841,0.5829
smart_meter-305,HTTPS,35.373,270.583,0.1,0.05,4.3963
smart_meter-305,HTTPS,8.0,204.949,1.122,0.05,2.4524
smart_meter-305,HTTPS,36.199,173.792,5.541,0.332,3.7573
smart_meter-305,HTTPS,22.885,157.324,0.955,0.177,4.5745
smart_meter-305,HTTPS,35.77,223.399,3.282,0.994,0.0
smart_meter-305,HTTPS,39.457,236.798,3.427,0.05,3.368
env_sensor-306,CoAP,51.824,26.937,5.756,0.05,0.2482
env_sensor-306,CoAP,49.711,25.412,3.583,4.504,1.38
env_sensor-306,CoAP,150.876,20.976,1.157,8.964,0.2555
env_sensor-306,CoAP,66.695,13.491,6.401,6.159,3.4892
env_sensor-306,CoAP,53.474,39.985,1.98,2.842,2.3689
env_sensor-306,CoAP,52.387,28.989,4.196,0.05,1.9518
actuator-307,MQTT,105.888,7.444,5.209,7.478,2.1884
actuator-307,MQTT,120.178,18.746,14.517,8.189,1.0217
actuator-307,MQTT,91.167,13.362,3.751,9.108,0.8668
actuator-307,MQTT,145.824,17.594,10.903,6.056,0.0
actuator-307,MQTT,114.545,35.246,6.806,8.736,0.0
actuator-307,MQTT,132.136,4.902,13.518,8.832,0.7654
actuator-307,MQTT,138.377,17.729,6.02,6.254,0.2031
actuator-307,MQTT,91.754,28.012,0.252,1.919,0.2954
actuator-307,MQTT,124.914,24.646,8.504,10.336,1.3995
actuator-307,MQTT,143.202,27.674,5.118,7.049,0.9055
actuator-307,MQTT,106.25,22.568,12.415,9.734,0.3475
camera-308,LoRaWAN,841.753,75.625,9.189,110.825,0.0
camera-308,LoRaWAN,551.411,63.105,0.1,46.298,0.8487
camera-308,LoRaWAN,1042.646,63.229,6.255,107.099,0.2452
camera-308,LoRaWAN,2325.944,20.36,0.1,78.229,0.0
camera-308,LoRaWAN,1547.882,58.887,6.663,121.346,0.5511
camera-308,LoRaWAN,1130.506,41.436,4.765,59.839,0.8116
camera-308,LoRaWAN,1945.67,68.216,5.717,94.55,0.0
gateway-309,HTTPS,662.73,49.493,8.907,57.804,1.6455
gateway-309,HTTPS,1493.908,104.942,6.252,27.677,0.837
gateway-309,HTTPS,8.0,43.275,9.929,0.05,1.2493
gateway-309,HTTPS,1083.935,54.716,15.146,44.18,1.1217
gateway-309,HTTPS,729.215,35.26,4.431,26.23,0.1153
gateway-309,HTTPS,1303.905,40.226,8.025,68.191,1.8449
gateway-309,HTTPS,698.445,34.052,6.669,38.322,0.1493
gateway-309,HTTPS,1466.687,80.854,5.001,52.553,0.4697
gateway-309,HTTPS,655.501,57.37,9.954,87.782,0.9772
smart_meter-310,LoRaWAN,30.733,202.546,3.135,0.748,4.3747
smart_meter-310,LoRaWAN,25.142,171.543,2.865,0.463,1.7074
smart_meter-310,LoRaWAN,26.486,139.319,1.909,0.059,2.2652
smart_meter-310,LoRaWAN,27.822,103.181,2.034,0.161,3.8541
smart_meter-310,LoRaWAN,8.0,230.507,4.597,0.449,2.718
env_sensor-311,MQTT,98.234,25.031,3.633,0.05,0.6794
env_sensor-311,MQTT,99.202,14.501,3.099,2.881,0.0
env_sensor-311,MQTT,94.847,12.635,1.29,4.089,0.6
env_sensor-311,MQTT,77.18,17.397,4.015,5.026,2.3652
env_sensor-311,MQTT,79.134,27.25,2.109,0.05,0.3283
env_sensor-311,MQTT,86.152,23.328,4.256,5.813,1.0677
env_sensor-311,MQTT,73.456,17.22,4.358,6.529,0.2579
env_sensor-311,MQTT,62.859,1.0,1.488,1.716,0.1946
actuator-312,MQTT,117.76,8.622,5.327,11.098,0.1762
actuator-312,MQTT,136.59,20.484,4.825,9.152,1.5536
actuator-312,MQTT,109.749,18.944,5.705,7.07,0.9985
actuator-312,MQTT,148.439,22.966,6.989,7.726,1.8822
actuator-312,MQTT,101.136,18.19,8.319,5.312,1.7391
actuator-312,MQTT,129.761,18.032,3.597,6.322,1.0504
actuator-312,MQTT,96.455,16.922,9.229,13.936,0.2885
camera-313,LoRaWAN,1509.536,27.993,4.628,160.714,1.1203
camera-313,LoRaWAN,2472.326,76.646,0.1,45.775,0.921
camera-313,LoRaWAN,2465.761,95.07,2.171,157.771,0.6942
camera-313,LoRaWAN,1933.989,61.407,1.563,41.588,0.1649
camera-313,LoRaWAN,1790.812,43.225,1.194,159.785,1.1103
camera-313,LoRaWAN,1503.336,105.536,0.165,12.794,1.1943
camera-313,LoRaWAN,1488.021,108.297,2.665,100.286,1.3937
camera-313,LoRaWAN,1341.18,22.71,2.714,95.799,0.1422
camera-313,LoRaWAN,179.125,32.258,3.988,149.71,0.3472
camera-313,LoRaWAN,1830.662,29.7,0.1,127.548,1.3569
gateway-314,HTTPS,994.769,59.311,4.555,22.905,1.7384
gateway-314,HTTPS,354.756,44.521,9.616,80.784,0.5562
gateway-314,HTTPS,1309.862,34.865,4.469,80.775,2.5474
gateway-314,HTTPS,646.905,61.194,12.721,76.743,1.434
smart_meter-315,LoRaWAN,32.794,181.909,2.186,0.267,5.5536
smart_meter-315,LoRaWAN,15.167,163.917,0.642,0.527,3.6002
smart_meter-315,LoRaWAN,19.016,103.188,3.062,0.05,7.1259
smart_meter-315,LoRaWAN,30.668,87.805,0.1,0.735,1.1155
smart_meter-315,LoRaWAN,23.928,204.682,0.1,0.323,4.0687
env_sensor-316,MQTT,66.218,24.718,3.549,1.583,1.6148
env_sensor-316,MQTT,55.4,15.587,1.661,2.295,1.0466
env_sensor-316,MQTT,68.355,30.2,2.855,5.722,2.0749
env_sensor-316,MQTT,89.237,10.035,2.226,2.987,0.0
actuator-317,MQTT,103.015,41.533,9.034,5.101,0.8825
actuator-317,MQTT,84.18,26.869,3.919,6.334,0.7392
actuator-317,MQTT,127.017,11.97,5.034,5.7,0.9651
actuator-317,MQTT,87.761,21.297,4.379,11.304,1.1754
actuator-317,MQTT,63.223,9.417,5.994,5.316,1.4624
actuator-317,MQTT,123.654,31.902,0.1,8.403,2.0766
camera-318,HTTPS,2965.093,33.095,1.469,165.156,0.4142
camera-318,HTTPS,1321.657,43.142,5.002,175.575,0.8144
camera-318,HTTPS,1621.986,89.029,6.094,49.989,0.3653
camera-318,HTTPS,510.86,10.498,1.229,0.05,0.0
camera-318,HTTPS,1907.047,64.591,0.1,202.83,0.0893
camera-318,HTTPS,2504.52,94.87,0.1,143.327,0.203
camera-318,HTTPS,2646.571,23.417,5.177,71.232,0.3351
camera-318,HTTPS,754.132,61.937,6.114,176.268,1.4238
gateway-319,LoRaWAN,1652.975,84.086,20.384,35.31,1.5177
gateway-319,LoRaWAN,1909.535,1.0,7.397,38.404,0.0
gateway-319,LoRaWAN,1082.43,49.911,5.867,0.05,0.418
gateway-319,LoRaWAN,817.644,68.916,16.1,45.49,1.4841
smart_meter-320,LoRaWAN,39.744,194.047,1.426,0.704,3.1359
smart_meter-320,LoRaWAN,23.709,180.63,1.612,0.348,3.745
smart_meter-320,LoRaWAN,40.416,168.328,1.316,0.537,0.0
smart_meter-320,LoRaWAN,18.885,189.207,3.53,0.158,3.693
smart_meter-320,LoRaWAN,23.469,183.388,2.702,0.853,1.9266
env_sensor-321,MQTT,67.864,13.362,1.073,0.05,2.5873
env_sensor-321,MQTT,104.851,29.103,4.716,4.618,1.1162
env_sensor-321,MQTT,31.0,40.607,0.1,8.29,1.07
env_sensor-321,MQTT,65.81,17.826,4.822,3.003,0.5854
env_sensor-321,MQTT,74.74,31.446,1.344,2.667,1.8889
env_sensor-321,MQTT,86.486,32.006,0.1,4.513,1.6663
env_sensor-321,MQTT,64.061,28.597,2.496,5.555,1.5551
env_sensor-321,MQTT,106.695,14.384,3.232,6.955,1.1166
env_sensor-321,MQTT,26.722,15.555,0.1,1.92,2.037
env_sensor-321,MQTT,52.284,18.114,2.422,3.768,1.0074
actuator-322,HTTPS,145.472,22.737,12.242,5.461,1.1105
actuator-322,HTTPS,85.676,1.112,4.722,11.548,0.9946
actuator-322,HTTPS,82.551,20.124,8.301,4.305,2.6198
actuator-322,HTTPS,143.356,9.373,0.746,0.05,0.2442
actuator-322,HTTPS,52.877,16.859,1.033,5.03,0.5427
actuator-322,HTTPS,140.572,25.233,4.884,6.525,0.4078
actuator-322,HTTPS,98.328,17.702,5.594,3.857,0.0
actuator-322,HTTPS,96.475,1.0,7.344,4.868,1.2728
actuator-322,HTTPS,94.538,23.132,9.455,9.718,0.2235
camera-323,HTTPS,2100.839,56.245,1.785,146.249,0.8678
camera-323,HTTPS,1811.059,45.988,5.624,182.671,0.6684
camera-323,HTTPS,2584.884,91.677,5.306,83.246,0.0
camera-323,HTTPS,1410.18,71.191,0.1,155.866,1.2559
camera-323,HTTPS,500.77,82.072,7.023,0.05,0.0
camera-323,HTTPS,1404.798,9.271,4.745,81.407,0.6115
camera-323,HTTPS,2341.584,85.78,3.946,76.136,0.6668
camera-323,HTTPS,2478.058,76.992,0.1,32.632,1.3486
camera-323,HTTPS,1309.369,41.193,5.904,151.012,0.887
camera-323,HTTPS,2361.658,64.576,0.1,198.864,1.1585
camera-323,HTTPS,1869.243,68.901,0.113,119.769,0.5102
gateway-324,MQTT,715.009,64.747,12.31,69.73,1.0852
gateway-324,MQTT,957.7,37.611,15.705,83.302,0.8988
gateway-324,MQTT,1362.996,75.885,12.284,20.032,1.9488
gateway-324,MQTT,1143.514,64.706,6.507,131.157,0.0
gateway-324,MQTT,466.931,34.942,16.476,84.821,2.2845
gateway-324,MQTT,965.517,74.117,12.772,51.188,1.0911
smart_meter-325,LoRaWAN,20.786,243.438,1.227,0.621,3.8923
smart_meter-325,LoRaWAN,17.472,110.775,0.1,0.508,2.5235
smart_meter-325,LoRaWAN,39.737,235.707,2.679,0.702,8.2429
smart_meter-325,LoRaWAN,27.844,203.096,0.1,0.192,0.0
smart_meter-325,LoRaWAN,18.492,120.705,1.143,0.38,1.5773
smart_meter-325,LoRaWAN,26.364,154.898,2.769,0.269,4.8383
smart_meter-325,LoRaWAN,39.775,121.137,2.335,0.151,0.0
smart_meter-325,LoRaWAN,32.531,145.901,0.922,0.668,0.7039
smart_meter-325,LoRaWAN,24.513,199.46,0.172,0.103,0.1416
env_sensor-326,MQTT,73.274,40.056,2.73,1.727,0.0
env_sensor-326,MQTT,72.973,17.899,1.534,7.471,0.4049
env_sensor-326,MQTT,70.072,26.588,1.688,0.118,0.0
env_sensor-326,MQTT,70.16,25.727,3.957,6.903,0.2387
env_sensor-326,MQTT,98.118,38.836,7.167,5.631,2.6427
env_sensor-326,MQTT,41.746,8.035,3.166,4.747,1.1561
env_sensor-326,MQTT,83.311,28.56,1.674,4.004,0.2531
env_sensor-326,MQTT,128.006,25.352,1.18,4.619,2.0695
actuator-327,MQTT,114.537,25.426,2.024,7.902,2.2497
actuator-327,MQTT,117.689,13.097,9.278,12.299,1.0444
actuator-327,MQTT,115.924,10.839,6.245,3.235,1.592
actuator-327,MQTT,112.82,14.286,6.21,6.389,0.2058
actuator-327,MQTT,86.922,22.968,0.154,11.094,0.1953
actuator-327,MQTT,144.442,21.896,8.053,1.26,0.0
actuator-327,MQTT,83.458,18.792,4.166,8.901,0.2841
actuator-327,MQTT,136.809,24.739,7.192,4.241,1.4381
camera-328,MQTT,840.074,54.847,7.578,78.463,0.4776
camera-328,MQTT,1936.344,81.364,3.315,227.375,0.5828
camera-328,MQTT,1474.247,90.249,10.456,0.05,1.0809
camera-328,MQTT,1931.898,70.729,5.219,50.897,0.2824
gateway-329,MQTT,1289.311,89.479,2.928,23.229,1.2785
gateway-329,MQTT,850.283,42.01,9.921,22.651,0.9238
gateway-329,MQTT,1933.814,40.268,11.682,38.616,1.061
gateway-329,MQTT,1881.511,34.828,8.987,32.185,0.0
smart_meter-330,MQTT,32.091,174.338,0.703,0.05,8.5819
smart_meter-330,MQTT,21.675,167.885,0.709,0.116,0.0
smart_meter-330,MQTT,25.957,299.315,4.351,0.598,6.5443
smart_meter-330,MQTT,25.004,127.354,2.739,0.392,5.6311
env_sensor-331,MQTT,59.632,15.69,4.223,2.175,1.8876
env_sensor-331,MQTT,71.218,15.504,0.74,3.112,0.0
env_sensor-331,MQTT,120.703,28.692,3.07,0.518,1.0674
env_sensor-331,MQTT,52.156,14.347,7.317,0.05,1.3667
env_sensor-331,MQTT,50.678,32.864,2.902,1.821,1.0906
env_sensor-331,MQTT,99.043,22.022,4.588,5.158,1.9564
env_sensor-331,MQTT,57.964,19.813,3.262,8.807,2.4785
env_sensor-331,MQTT,24.013,22.07,5.125,0.05,1.4551
actuator-332,LoRaWAN,92.518,10.151,5.814,15.595,0.3011
actuator-332,LoRaWAN,103.287,7.431,4.334,9.473,0.1337
actuator-332,LoRaWAN,119.261,22.326,5.75,9.607,1.9838
actuator-332,LoRaWAN,99.642,12.673,3.427,8.814,0.8341
actuator-332,LoRaWAN,116.758,11.377,3.545,10.717,1.9608
actuator-332,LoRaWAN,69.672,14.783,5.988,14.63,0.8196
actuator-332,LoRaWAN,107.303,13.001,7.527,7.828,0.0
actuator-332,LoRaWAN,153.568,26.497,0.1,9.159,0.5477
actuator-332,LoRaWAN,107.597,9.801,3.224,4.555,0.0
camera-333,HTTPS,2977.222,78.294,1.737,203.011,1.8723
camera-333,HTTPS,1523.272,1.0,6.961,99.933,0.2729
camera-333,HTTPS,2223.248,45.122,6.097,117.951,0.2202
camera-333,HTTPS,3793.913,75.272,2.62,35.063,0.1756
camera-333,HTTPS,1011.417,97.508,0.1,128.723,1.2128
camera-333,HTTPS,1890.881,74.171,0.37,154.605,0.6462
camera-333,HTTPS,1057.104,90.387,6.955,152.838,0.4526
camera-333,HTTPS,1055.883,89.84,5.524,80.743,0.5879
camera-333,HTTPS,1144.859,73.263,6.525,161.468,0.1078
camera-333,HTTPS,1141.754,60.288,7.884,97.807,1.5961
camera-333,HTTPS,2329.973,80.106,5.385,61.3,0.6329
gateway-334,LoRaWAN,802.342,23.291,8.572,36.894,1.9271
gateway-334,LoRaWAN,480.145,85.786,13.315,28.29,0.6837
gateway-334,LoRaWAN,314.735,29.287,11.435,20.527,0.0304
gateway-334,LoRaWAN,851.299,58.015,3.527,52.548,0.7997
gateway-334,LoRaWAN,606.269,67.607,9.352,0.05,0.0
gateway-334,LoRaWAN,941.515,72.745,9.49,0.05,1.0779
gateway-334,LoRaWAN,859.793,61.141,8.414,96.359,1.606
gateway-334,LoRaWAN,1029.976,34.017,4.981,0.05,0.5385
gateway-334,LoRaWAN,929.303,39.801,10.8,111.918,1.4344
smart_meter-335,LoRaWAN,35.561,177.898,3.107,0.05,2.9856
smart_meter-335,LoRaWAN,21.54,158.832,0.852,0.137,3.5589
smart_meter-335,LoRaWAN,23.89,122.558,1.244,0.68,1.9909
smart_meter-335,LoRaWAN,28.613,184.19,2.781,0.347,3.9712
smart_meter-335,LoRaWAN,21.567,201.145,1.176,0.735,2.4796
smart_meter-335,LoRaWAN,32.803,346.254,4.244,0.396,0.227
smart_meter-335,LoRaWAN,22.36,181.225,3.329,0.278,5.5141
smart_meter-335,LoRaWAN,22.54,174.025,1.078,0.722,4.7739
smart_meter-335,LoRaWAN,31.596,217.784,0.1,0.157,3.2906
env_sensor-336,HTTPS,99.822,11.432,2.27,2.514,0.0
env_sensor-336,HTTPS,74.613,42.841,4.822,8.467,2.2565
env_sensor-336,HTTPS,43.653,27.478,2.677,5.16,1.3098
env_sensor-336,HTTPS,32.034,30.292,5.21,1.419,1.7608
env_sensor-336,HTTPS,50.225,22.654,3.129,0.766,1.1594
env_sensor-336,HTTPS,121.611,31.895,3.247,5.456,0.5245
env_sensor-336,HTTPS,108.142,13.182,2.0,7.523,0.4019
env_sensor-336,HTTPS,91.444,25.797,2.257,0.05,1.0623
env_sensor-336,HTTPS,60.869,21.594,4.847,2.147,1.686
actuator-337,HTTPS,125.068,8.132,1.883,17.916,1.4959
actuator-337,HTTPS,124.932,1.0,7.275,4.944,0.4144
actuator-337,HTTPS,35.843,27.337,7.207,2.995,1.1079
actuator-337,HTTPS,69.938,21.382,1.602,2.085,0.685
actuator-337,HTTPS,108.555,29.476,3.994,10.183,0.0
actuator-337,HTTPS,105.394,20.491,3.94,10.085,0.7101
actuator-337,HTTPS,127.28,11.714,10.355,18.7,0.9037
actuator-337,HTTPS,121.545,16.89,11.633,11.396,1.0062
actuator-337,HTTPS,127.451,20.935,9.127,7.868,0.3869
camera-338,MQTT,1213.701,72.843,0.1,215.844,0.6241
camera-338,MQTT,149.987,108.533,0.1,77.239,0.1666
camera-338,MQTT,453.138,19.914,4.67,165.782,0.1601
camera-338,MQTT,1959.398,50.072,5.32,147.288,1.0396
camera-338,MQTT,1988.659,94.221,2.745,99.589,0.8792
gateway-339,CoAP,1131.755,80.863,11.602,53.324,0.3094
gateway-339,CoAP,823.22,37.411,9.1,31.19,0.0
gateway-339,CoAP,10.259,37.505,13.792,113.152,1.764
gateway-339,CoAP,886.662,1.0,0.1,94.264,1.7544
gateway-339,CoAP,780.32,29.414,10.365,1.349,1.9087
smart_meter-340,LoRaWAN,28.379,156.55,0.1,0.05,0.334
smart_meter-340,LoRaWAN,38.478,197.847,1.046,0.305,4.0927
smart_meter-340,LoRaWAN,26.639,146.301,2.12,0.938,2.8959
smart_meter-340,LoRaWAN,30.603,66.252,2.815,0.327,3.0762
smart_meter-340,LoRaWAN,34.991,116.304,1.913,0.303,0.1502
smart_meter-340,LoRaWAN,36.192,129.85,0.1,0.766,6.5849
smart_meter-340,LoRaWAN,28.46,141.854,2.274,0.328,2.5078
smart_meter-340,LoRaWAN,21.891,221.84,3.692,1.024,3.8702
smart_meter-340,LoRaWAN,27.281,217.004,3.328,1.012,1.7782
env_sensor-341,CoAP,87.029,22.733,3.424,8.846,0.4199
env_sensor-341,CoAP,55.707,25.496,0.1,4.395,1.9597
env_sensor-341,CoAP,74.301,29.477,2.27,2.827,1.7541
env_sensor-341,CoAP,72.996,40.214,2.151,3.618,2.2233
env_sensor-341,CoAP,51.281,16.91,2.038,3.754,2.0353
actuator-342,MQTT,121.145,29.217,4.641,14.073,0.0
actuator-342,MQTT,108.773,20.328,7.848,11.072,0.7073
actuator-342,MQTT,132.149,44.518,6.6,8.327,0.3662
actuator-342,MQTT,79.477,19.937,2.314,12.053,0.3578
actuator-342,MQTT,109.506,34.538,4.212,6.26,0.0
actuator-342,MQTT,123.561,19.881,1.759,7.201,1.7822
actuator-342,MQTT,146.324,22.706,4.635,2.756,0.9919
camera-343,HTTPS,646.869,95.301,0.1,181.288,0.1676
camera-343,HTTPS,949.714,48.332,4.973,74.143,0.2368
camera-343,HTTPS,2578.996,57.646,5.698,131.397,0.5772
camera-343,HTTPS,1246.241,88.744,6.367,168.492,0.8896
camera-343,HTTPS,433.847,100.647,4.205,283.885,1.451
camera-343,HTTPS,1361.164,55.098,7.379,83.382,1.0179
camera-343,HTTPS,1643.893,89.157,6.168,151.789,0.7337
camera-343,HTTPS,1948.21,68.42,6.984,161.895,0.8719
camera-343,HTTPS,1612.089,73.943,5.808,198.9,0.4218
camera-343,HTTPS,1229.189,62.07,0.1,70.071,0.0
gateway-344,CoAP,1136.692,52.237,9.669,0.05,0.7008
gateway-344,CoAP,914.785,10.172,16.262,41.101,0.2958
gateway-344,CoAP,355.291,68.933,7.299,71.881,0.5537
gateway-344,CoAP,692.226,58.871,14.585,70.931,2.2945
gateway-344,CoAP,8.0,46.642,2.966,96.128,2.136
gateway-344,CoAP,1378.087,1.0,8.857,72.294,2.4255
gateway-344,CoAP,8.0,34.103,9.501,28.293,1.5067
gateway-344,CoAP,8.0,31.22,13.803,8.818,1.455
gateway-344,CoAP,1316.032,49.297,6.031,139.154,0.0
smart_meter-345,LoRaWAN,26.539,215.273,1.991,0.532,6.9218
smart_meter-345,LoRaWAN,34.174,150.922,0.1,0.163,2.6664
smart_meter-345,LoRaWAN,18.136,298.34,5.08,0.283,1.9434
smart_meter-345,LoRaWAN,23.951,164.717,2.246,0.51,6.7318
smart_meter-345,LoRaWAN,27.522,140.527,1.247,0.561,1.7614
smart_meter-345,LoRaWAN,20.086,244.013,3.428,0.706,2.2951
smart_meter-345,LoRaWAN,17.073,116.217,0.778,0.055,3.2058
env_sensor-346,MQTT,61.454,6.535,1.784,2.643,0.7855
env_sensor-346,MQTT,79.517,28.194,0.961,3.361,0.8862
env_sensor-346,MQTT,41.126,26.764,5.161,0.232,0.8513
env_sensor-346,MQTT,62.169,29.245,0.1,1.634,1.6746
env_sensor-346,MQTT,42.267,22.579,3.582,2.506,2.7612
env_sensor-346,MQTT,83.575,2.363,4.696,10.979,0.4501
env_sensor-346,MQTT,80.403,43.075,3.703,6.164,0.6834
env_sensor-346,MQTT,44.253,22.256,7.077,4.706,1.2949
env_sensor-346,MQTT,65.981,33.174,1.573,5.142,1.5042
env_sensor-346,MQTT,110.075,23.338,2.53,0.96,1.972
actuator-347,MQTT,101.397,34.078,9.674,11.084,0.1234
actuator-347,MQTT,150.217,13.887,6.566,16.036,0.7593
actuator-347,MQTT,94.74,8.468,10.108,10.078,0.8255
actuator-347,MQTT,117.357,24.917,4.022,0.522,0.7691
camera-348,HTTPS,1501.882,105.69,3.161,150.424,0.8016
camera-348,HTTPS,1422.283,88.527,8.06,176.532,0.2387
camera-348,HTTPS,1230.542,62.548,1.645,114.162,0.2112
camera-348,HTTPS,2287.977,70.253,0.1,134.688,0.5053
camera-348,HTTPS,2425.942,63.359,3.543,155.43,1.1243
camera-348,HTTPS,2115.662,85.73,4.268,148.765,0.0
camera-348,HTTPS,1584.94,66.503,0.1,156.199,1.1978
gateway-349,CoAP,8.0,56.675,11.585,35.901,0.0
gateway-349,CoAP,362.068,42.773,9.238,109.29,2.1022
gateway-349,CoAP,1076.511,36.673,12.526,0.05,0.0
gateway-349,CoAP,1160.43,59.532,6.095,32.616,0.2995
gateway-349,CoAP,509.473,34.46,4.566,104.892,1.2864
gateway-349,CoAP,1751.095,39.593,7.831,86.71,0.0
gateway-349,CoAP,702.891,33.487,8.654,92.527,0.6716
gateway-349,CoAP,1267.945,67.629,7.496,97.856,0.2447
gateway-349,CoAP,434.01,71.17,1.67,75.056,1.8455
smart_meter-350,HTTPS,14.274,216.554,0.223,0.392,2.7472
smart_meter-350,HTTPS,21.001,209.207,0.897,0.594,5.2102
smart_meter-350,HTTPS,21.167,192.147,0.717,0.145,5.3783
smart_meter-350,HTTPS,32.614,255.53,0.1,0.189,3.4923
smart_meter-350,HTTPS,23.328,313.572,3.571,0.561,2.2785
smart_meter-350,HTTPS,29.424,207.901,0.891,0.26,2.4209
smart_meter-350,HTTPS,27.528,248.752,1.517,0.887,0.0
smart_meter-350,HTTPS,34.527,168.457,2.916,1.161,0.0
smart_meter-350,HTTPS,16.178,53.911,2.618,0.05,1.4801
smart_meter-350,HTTPS,26.639,115.729,0.526,0.761,1.1816
env_sensor-351,MQTT,67.024,24.006,1.348,3.952,1.2424
env_sensor-351,MQTT,76.404,23.314,4.271,4.638,0.0
env_sensor-351,MQTT,52.849,44.328,3.521,2.843,0.0
env_sensor-351,MQTT,50.775,21.057,3.451,4.094,2.1533
actuator-352,MQTT,163.714,3.974,7.062,12.456,0.0
actuator-352,MQTT,90.878,14.579,6.672,5.877,0.0
actuator-352,MQTT,77.431,9.355,5.097,10.246,2.2733
actuator-352,MQTT,147.832,1.0,10.551,9.762,1.6414
actuator-352,MQTT,165.44,29.545,6.653,5.633,0.0
actuator-352,MQTT,117.027,24.347,5.038,5.957,1.6968
actuator-352,MQTT,113.22,20.659,1.579,4.468,1.3332
actuator-352,MQTT,147.296,19.891,2.957,8.814,1.483
camera-353,CoAP,1220.905,44.576,2.173,233.393,0.0
camera-353,CoAP,1825.467,62.829,3.679,240.549,0.0
camera-353,CoAP,1041.605,22.741,5.125,143.5,1.0718
camera-353,CoAP,301.301,79.37,1.972,157.177,0.8102
camera-353,CoAP,1582.952,78.185,3.194,193.881,1.0636
camera-353,CoAP,1134.578,89.256,6.954,77.356,0.6208
camera-353,CoAP,1567.954,67.897,0.1,102.688,0.1164
camera-353,CoAP,989.15,55.012,5.079,56.429,0.4129
camera-353,CoAP,1093.127,79.28,8.994,95.384,0.0456
gateway-354,LoRaWAN,1579.857,37.791,4.707,16.134,1.5927
gateway-354,LoRaWAN,862.652,46.271,3.354,19.388,1.0029
gateway-354,LoRaWAN,8.0,41.588,7.412,73.3,1.2993
gateway-354,LoRaWAN,1122.006,36.489,16.988,96.821,0.6043
gateway-354,LoRaWAN,650.214,67.066,7.796,1.407,0.759
gateway-354,LoRaWAN,934.743,67.117,3.322,46.48,0.3309
gateway-354,LoRaWAN,826.627,14.998,11.168,27.623,0.3048
smart_meter-355,LoRaWAN,35.274,263.668,2.147,0.414,7.5332
smart_meter-355,LoRaWAN,40.306,227.833,2.205,0.544,5.2694
smart_meter-355,LoRaWAN,28.97,126.31,2.401,0.307,3.2166
smart_meter-355,LoRaWAN,35.117,257.46,1.72,0.05,4.2987
smart_meter-355,LoRaWAN,16.422,126.971,3.408,0.979,3.7622
smart_meter-355,LoRaWAN,24.267,165.716,1.098,0.05,3.0861
smart_meter-355,LoRaWAN,30.307,118.902,5.715,0.251,1.3173
env_sensor-356,MQTT,105.026,13.104,1.615,0.05,1.9462
env_sensor-356,MQTT,84.364,40.677,2.755,0.636,0.0
env_sensor-356,MQTT,71.192,2.429,7.955,5.722,0.1737
env_sensor-356,MQTT,43.913,17.104,2.382,3.175,0.1601
env_sensor-356,MQTT,66.141,39.123,2.498,4.295,0.9535
env_sensor-356,MQTT,42.426,28.563,1.178,0.903,2.3017
actuator-357,LoRaWAN,143.177,9.454,8.812,7.631,0.0
actuator-357,LoRaWAN,64.793,21.18,8.788,14.444,1.1123
actuator-357,LoRaWAN,130.998,17.093,4.751,9.191,0.2404
actuator-357,LoRaWAN,96.406,1.618,9.286,9.751,2.3781
actuator-357,LoRaWAN,152.582,25.011,7.079,9.708,0.8821
actuator-357,LoRaWAN,93.724,18.854,6.211,16.215,0.0
actuator-357,LoRaWAN,106.331,15.371,6.56,1.832,1.4135
actuator-357,LoRaWAN,162.663,9.707,1.043,9.061,1.735
actuator-357,LoRaWAN,86.202,18.104,8.031,9.369,0.3512
actuator-357,LoRaWAN,78.713,32.221,8.301,0.336,0.0
actuator-357,LoRaWAN,93.22,11.722,5.108,7.666,2.5427
camera-358,HTTPS,2004.754,28.505,2.51,73.856,0.1181
camera-358,HTTPS,1085.037,42.396,5.065,80.508,1.0742
camera-358,HTTPS,514.838,45.3,4.118,91.426,0.7249
camera-358,HTTPS,1104.547,58.409,0.736,35.95,0.6146
gateway-359,HTTPS,766.222,49.708,9.156,39.46,0.5815
gateway-359,HTTPS,495.755,24.524,9.743,39.037,1.368
gateway-359,HTTPS,1307.27,47.978,3.929,15.888,0.6276
gateway-359,HTTPS,1014.764,46.086,2.37,77.197,0.0
smart_meter-360,LoRaWAN,24.827,160.376,1.634,0.373,0.5497
smart_meter-360,LoRaWAN,28.72,253.996,2.036,0.917,4.9327
smart_meter-360,LoRaWAN,26.662,187.37,2.797,0.919,2.5976
smart_meter-360,LoRaWAN,38.568,203.633,3.277,0.514,2.0955
smart_meter-360,LoRaWAN,17.579,177.318,3.58,0.262,1.9798
smart_meter-360,LoRaWAN,34.627,155.267,0.1,0.654,1.9314
smart_meter-360,LoRaWAN,40.166,244.338,4.244,0.315,0.7491
smart_meter-360,LoRaWAN,32.088,199.085,2.553,0.102,1.9155
smart_meter-360,LoRaWAN,11.032,150.926,1.483,0.265,5.0743
smart_meter-360,LoRaWAN,28.508,264.172,0.1,0.597,1.7395
env_sensor-361,MQTT,65.326,24.811,4.544,9.271,0.1691
env_sensor-361,MQTT,86.381,10.593,0.726,5.77,0.4034
env_sensor-361,MQTT,25.021,23.282,4.817,0.62,0.1208
env_sensor-361,MQTT,46.554,16.329,6.121,6.446,0.0
env_sensor-361,MQTT,112.007,1.0,2.123,4.44,2.251
env_sensor-361,MQTT,94.964,24.678,5.328,5.54,2.8007
env_sensor-361,MQTT,23.791,25.846,4.328,5.682,2.0959
actuator-362,CoAP,90.486,33.204,2.306,1.324,0.8019
actuator-362,CoAP,120.529,30.994,5.832,5.381,1.2792
actuator-362,CoAP,149.871,14.571,0.1,18.366,0.981
actuator-362,CoAP,181.735,14.222,0.1,8.59,1.2835
actuator-362,CoAP,129.588,29.609,5.488,5.672,1.8552
actuator-362,CoAP,125.142,15.748,10.68,6.788,1.0018
actuator-362,CoAP,103.756,7.703,9.015,9.379,0.0
camera-363,CoAP,2682.11,67.288,1.738,186.253,0.2184
camera-363,CoAP,2340.359,103.147,6.087,107.351,1.032
camera-363,CoAP,966.736,84.636,4.053,62.812,0.8818
camera-363,CoAP,1017.941,92.23,0.664,11.564,0.0
camera-363,CoAP,2128.194,90.124,4.107,1.953,0.8835
camera-363,CoAP,2470.345,39.801,5.419,108.646,0.2239
camera-363,CoAP,1863.273,77.13,3.584,224.8,0.9868
camera-363,CoAP,1622.075,128.649,0.1,93.808,1.2767
camera-363,CoAP,2244.936,48.891,2.918,74.147,0.0428
camera-363,CoAP,1893.956,54.028,7.271,130.984,0.0
gateway-364,HTTPS,1450.183,32.174,15.539,34.431,0.4482
gateway-364,HTTPS,738.446,66.667,4.108,120.464,0.9252
gateway-364,HTTPS,1101.748,51.464,12.878,142.413,2.0838
gateway-364,HTTPS,1085.79,32.291,6.36,20.878,0.9061
gateway-364,HTTPS,727.161,39.909,5.698,84.471,0.422
gateway-364,HTTPS,572.201,79.042,8.831,19.844,1.72
gateway-364,HTTPS,1137.797,71.167,6.08,80.324,0.0
smart_meter-365,LoRaWAN,54.362,59.506,5.907,0.509,5.2438
smart_meter-365,LoRaWAN,34.84,198.671,1.685,0.103,5.8598
smart_meter-365,LoRaWAN,15.012,117.696,2.709,0.717,0.6251
smart_meter-365,LoRaWAN,16.47,253.496,3.37,0.05,6.313
smart_meter-365,LoRaWAN,24.42,216.758,1.077,0.145,2.7231
smart_meter-365,LoRaWAN,27.443,263.476,1.558,0.05,4.2843
smart_meter-365,LoRaWAN,32.592,151.897,2.683,0.62,3.0931
smart_meter-365,LoRaWAN,36.196,205.177,0.1,0.104,1.991
smart_meter-365,LoRaWAN,17.666,246.171,1.679,0.128,1.9098
smart_meter-365,LoRaWAN,23.81,189.144,0.1,0.203,3.848
env_sensor-366,MQTT,67.794,18.737,3.453,7.637,0.4392
env_sensor-366,MQTT,88.613,50.704,2.194,1.222,2.6082
env_sensor-366,MQTT,47.745,25.656,4.044,0.05,0.78
env_sensor-366,MQTT,10.337,17.612,3.101,2.764,2.0546
env_sensor-366,MQTT,36.594,30.651,0.615,4.501,1.4099
env_sensor-366,MQTT,62.078,8.706,2.002,7.556,2.5935
env_sensor-366,MQTT,99.304,16.798,3.478,5.554,0.3899
env_sensor-366,MQTT,40.668,22.73,4.777,5.149,0.512
env_sensor-366,MQTT,41.907,26.049,2.895,0.145,0.6736
env_sensor-366,MQTT,68.867,23.292,3.04,1.004,3.1485
actuator-367,LoRaWAN,99.541,17.125,8.707,11.444,1.4404
actuator-367,LoRaWAN,75.202,1.0,4.211,5.039,1.8117
actuator-367,LoRaWAN,117.69,7.216,6.68,9.26,0.158
actuator-367,LoRaWAN,139.752,23.02,9.089,6.247,0.9772
actuator-367,LoRaWAN,117.657,23.612,6.605,7.799,0.0531
camera-368,HTTPS,1216.828,62.648,3.903,120.483,0.0569
camera-368,HTTPS,1246.689,34.587,6.408,56.262,0.3197
camera-368,HTTPS,1643.185,44.688,2.386,171.238,0.6421
camera-368,HTTPS,1236.092,83.73,0.1,126.278,1.3154
camera-368,HTTPS,1612.342,67.058,4.365,56.363,0.2428
camera-368,HTTPS,2187.65,70.981,1.399,133.727,0.0722
gateway-369,CoAP,594.979,43.648,3.919,32.197,1.1943
gateway-369,CoAP,504.126,40.342,11.46,95.503,0.9471
gateway-369,CoAP,464.883,20.286,3.836,61.27,1.0706
gateway-369,CoAP,1471.455,58.334,13.533,83.602,1.5771
gateway-369,CoAP,701.91,69.481,11.943,18.563,1.6597
gateway-369,CoAP,712.732,24.702,9.906,9.31,0.113
gateway-369,CoAP,834.404,45.47,8.472,51.174,0.1536
gateway-369,CoAP,689.802,41.937,13.714,56.989,0.072
gateway-369,CoAP,834.273,31.69,13.248,39.633,0.9262
gateway-369,CoAP,982.455,46.544,6.219,21.346,0.4755
gateway-369,CoAP,1965.458,17.152,8.07,103.703,0.9875
smart_meter-370,CoAP,23.322,263.781,3.124,0.651,0.9732
smart_meter-370,CoAP,23.61,196.051,1.881,0.762,2.1416
smart_meter-370,CoAP,31.919,67.505,1.769,0.05,0.2185
smart_meter-370,CoAP,33.558,160.158,0.937,0.661,6.9414
smart_meter-370,CoAP,25.804,194.948,0.497,0.497,0.4481
smart_meter-370,CoAP,18.243,114.874,1.024,0.54,1.8748
smart_meter-370,CoAP,18.399,341.333,1.341,0.197,2.8716
smart_meter-370,CoAP,38.951,132.652,0.1,0.698,2.2183
smart_meter-370,CoAP,29.497,274.217,2.988,0.469,3.5095
smart_meter-370,CoAP,33.946,162.738,0.1,0.271,3.3856
smart_meter-370,CoAP,28.297,189.901,1.876,0.05,0.0
env_sensor-371,MQTT,70.877,16.523,4.043,6.912,2.0455
env_sensor-371,MQTT,93.115,26.811,0.134,8.489,0.6205
env_sensor-371,MQTT,94.781,27.291,4.227,0.05,2.1839
env_sensor-371,MQTT,70.239,22.67,4.341,6.108,0.0
env_sensor-371,MQTT,56.183,19.541,2.303,9.432,1.1527
env_sensor-371,MQTT,57.948,30.902,2.459,4.527,0.8179
env_sensor-371,MQTT,57.217,18.659,0.675,6.589,0.0229
env_sensor-371,MQTT,76.764,25.81,3.328,0.05,2.0679
env_sensor-371,MQTT,74.125,19.448,3.496,2.533,1.2274
env_sensor-371,MQTT,86.102,20.779,3.155,5.637,0.6033
actuator-372,MQTT,75.785,30.802,6.597,8.232,0.7472
actuator-372,MQTT,97.603,25.835,2.834,11.515,0.3312
actuator-372,MQTT,68.896,10.16,5.065,6.394,0.819
actuator-372,MQTT,143.417,20.168,7.811,8.121,2.3804
actuator-372,MQTT,123.627,25.21,10.605,4.887,0.8851
actuator-372,MQTT,75.506,14.716,9.362,6.941,0.804
actuator-372,MQTT,120.044,10.127,4.886,14.4,1.0551
actuator-372,MQTT,157.065,24.594,4.354,12.678,0.0
camera-373,CoAP,1191.508,106.42,8.468,166.969,0.5431
camera-373,CoAP,2512.637,68.248,5.962,105.954,1.0503
camera-373,CoAP,1913.943,46.25,1.984,108.25,0.1685
camera-373,CoAP,814.517,39.77,2.669,246.267,0.4552
camera-373,CoAP,1570.229,86.12,2.155,213.918,0.7615
camera-373,CoAP,1958.812,59.85,0.338,67.511,1.3559
camera-373,CoAP,470.669,50.42,1.566,34.287,0.57
camera-373,CoAP,1283.577,109.822,3.831,81.458,0.3974
camera-373,CoAP,2176.505,28.282,9.596,0.05,0.0
camera-373,CoAP,1850.059,66.935,7.003,106.81,0.893
camera-373,CoAP,2417.062,19.12,9.077,130.366,0.5932
gateway-374,HTTPS,498.866,42.885,10.037,21.727,2.1464
gateway-374,HTTPS,257.137,1.0,1.634,36.868,0.6825
gateway-374,HTTPS,8.0,39.608,0.267,0.05,1.5389
gateway-374,HTTPS,895.544,28.735,16.505,57.187,1.7122
gateway-374,HTTPS,1946.392,54.146,7.602,110.736,2.5215
gateway-374,HTTPS,540.957,33.914,3.614,106.208,2.5352
gateway-374,HTTPS,1416.922,30.766,13.559,2.058,0.019
gateway-374,HTTPS,1553.911,51.445,0.1,72.287,0.0854
gateway-374,HTTPS,848.414,28.662,7.865,130.137,2.3622
smart_meter-375,MQTT,44.328,92.532,0.174,0.813,1.5917
smart_meter-375,MQTT,33.456,122.811,1.067,0.535,2.8801
smart_meter-375,MQTT,32.409,196.107,4.358,0.05,1.1893
smart_meter-375,MQTT,35.48,172.197,3.488,0.505,1.4269
smart_meter-375,MQTT,23.816,225.54,5.328,0.089,1.9282
smart_meter-375,MQTT,27.87,76.593,2.015,0.419,2.5369
smart_meter-375,MQTT,36.217,212.262,5.449,0.664,2.4733
smart_meter-375,MQTT,18.036,198.285,0.1,0.688,2.7008
env_sensor-376,HTTPS,51.976,29.108,2.644,0.632,2.832
env_sensor-376,HTTPS,107.449,19.152,3.818,2.868,1.9783
env_sensor-376,HTTPS,78.218,3.13,3.479,2.511,0.0
env_sensor-376,HTTPS,63.918,11.703,2.997,3.304,0.2548
env_sensor-376,HTTPS,44.905,48.841,0.891,0.05,1.147
env_sensor-376,HTTPS,82.332,34.046,5.859,3.899,1.2798
actuator-377,CoAP,79.628,12.074,5.452,5.957,0.8605
actuator-377,CoAP,152.339,22.379,7.405,6.904,0.8562
actuator-377,CoAP,89.693,17.174,8.735,12.74,0.7396
actuator-377,CoAP,162.533,17.784,2.813,7.556,0.2594
actuator-377,CoAP,66.043,19.462,4.815,7.916,0.826
actuator-377,CoAP,168.275,14.208,5.04,10.078,1.2409
actuator-377,CoAP,122.804,17.688,3.579,5.579,1.1214
camera-378,HTTPS,1018.338,53.799,3.101,80.229,0.7508
camera-378,HTTPS,1222.748,52.137,0.1,93.629,1.2834
camera-378,HTTPS,814.484,69.694,2.368,18.564,1.3487
camera-378,HTTPS,1840.198,79.025,4.389,187.102,0.3318
camera-378,HTTPS,2714.358,97.703,5.686,214.643,1.2949
camera-378,HTTPS,1764.456,63.531,1.467,190.705,0.9812
gateway-379,MQTT,1320.325,43.994,6.281,87.211,0.8684
gateway-379,MQTT,861.449,57.892,15.371,81.643,0.4731
gateway-379,MQTT,8.0,55.362,6.007,107.62,0.7855
gateway-379,MQTT,974.161,54.866,7.84,85.103,2.535
gateway-379,MQTT,252.089,11.76,4.34,38.843,0.0
gateway-379,MQTT,250.631,6.776,6.019,32.745,0.8787
gateway-379,MQTT,1708.688,57.833,12.38,84.488,1.4358
gateway-379,MQTT,461.391,30.253,12.053,0.05,0.0
gateway-379,MQTT,1336.507,68.223,6.919,64.676,0.9935
smart_meter-380,LoRaWAN,28.349,222.135,2.665,0.499,3.9946
smart_meter-380,LoRaWAN,16.211,129.044,2.424,1.113,2.5486
smart_meter-380,LoRaWAN,34.921,231.204,3.75,0.381,5.4134
smart_meter-380,LoRaWAN,17.159,309.556,1.155,0.05,4.794
smart_meter-380,LoRaWAN,18.435,276.76,0.316,0.521,4.0011
smart_meter-380,LoRaWAN,30.07,172.254,3.868,0.404,5.6016
smart_meter-380,LoRaWAN,31.498,239.91,0.729,0.08,1.7945
env_sensor-381,LoRaWAN,81.873,39.593,2.614,8.01,0.9947
env_sensor-381,LoRaWAN,99.206,16.79,1.856,2.23,2.149
env_sensor-381,LoRaWAN,34.787,23.401,3.8,5.968,2.495
env_sensor-381,LoRaWAN,65.665,31.432,4.274,6.733,1.9869
env_sensor-381,LoRaWAN,33.425,22.686,3.249,4.585,1.0728
env_sensor-381,LoRaWAN,106.497,22.923,5.0,1.729,1.1725
env_sensor-381,LoRaWAN,28.522,46.82,2.23,0.05,2.6807
actuator-382,MQTT,118.284,15.967,5.094,5.623,0.2799
actuator-382,MQTT,98.864,33.661,7.859,10.153,0.0
actuator-382,MQTT,83.584,27.13,7.115,7.45,0.487
actuator-382,MQTT,135.347,18.672,7.904,10.841,0.8924
actuator-382,MQTT,130.088,16.407,7.241,11.62,0.9408
actuator-382,MQTT,66.491,18.771,7.055,13.852,0.0007
actuator-382,MQTT,126.233,5.77,7.044,5.783,0.4328
actuator-382,MQTT,179.13,26.674,0.633,9.647,1.4807
actuator-382,MQTT,132.724,14.261,12.617,6.48,1.4944
camera-383,HTTPS,2096.569,71.63,3.693,128.831,1.3015
camera-383,HTTPS,2557.685,38.999,1.341,128.461,1.1955
camera-383,HTTPS,1814.547,67.681,4.295,59.244,0.5168
camera-383,HTTPS,1465.069,47.73,1.58,159.647,0.425
camera-383,HTTPS,1425.9,98.187,5.498,143.046,0.0
camera-383,HTTPS,1926.738,41.315,4.318,138.609,1.465
camera-383,HTTPS,883.567,1.0,8.725,15.528,0.2557
gateway-384,CoAP,1647.661,69.043,7.435,21.91,1.1218
gateway-384,CoAP,27.828,69.006,2.577,37.309,1.2692
gateway-384,CoAP,577.943,34.965,7.459,67.618,0.3906
gateway-384,CoAP,931.15,22.566,6.217,45.882,0.6986
smart_meter-385,CoAP,20.858,165.808,3.431,0.296,2.9686
smart_meter-385,CoAP,25.113,105.266,0.1,0.209,5.3024
smart_meter-385,CoAP,30.517,183.395,0.219,0.292,1.1392
smart_meter-385,CoAP,24.928,220.862,1.943,0.71,6.7796
smart_meter-385,CoAP,8.0,296.155,1.29,0.782,3.4699
env_sensor-386,MQTT,54.503,10.788,7.313,3.578,1.3933
env_sensor-386,MQTT,68.43,22.602,2.399,11.034,0.0614
env_sensor-386,MQTT,50.512,30.814,2.195,7.439,1.0771
env_sensor-386,MQTT,64.273,19.086,4.658,5.67,0.4523
env_sensor-386,MQTT,62.996,32.276,6.017,4.393,2.1523
env_sensor-386,MQTT,73.595,5.587,3.134,9.243,2.6173
env_sensor-386,MQTT,41.691,14.708,2.033,4.049,1.9276
actuator-387,LoRaWAN,158.434,20.874,3.013,6.478,0.0978
actuator-387,LoRaWAN,146.067,19.365,2.885,8.214,1.6908
actuator-387,LoRaWAN,92.321,8.353,8.432,6.478,0.0
actuator-387,LoRaWAN,132.457,19.453,6.032,15.809,0.0407
camera-388,MQTT,1515.808,95.833,3.942,118.39,1.0411
camera-388,MQTT,756.501,115.834,6.22,140.33,0.1361
camera-388,MQTT,2419.44,61.18,6.527,181.029,0.8992
camera-388,MQTT,1556.065,44.192,6.541,117.073,0.5516
camera-388,MQTT,1450.848,69.713,4.273,154.99,0.6311
camera-388,MQTT,2142.944,43.863,4.324,239.951,1.2763
camera-388,MQTT,2003.809,59.302,4.257,55.595,0.3655
camera-388,MQTT,1290.996,69.953,5.722,99.386,0.2824
camera-388,MQTT,2200.145,80.061,7.268,125.685,0.539
camera-388,MQTT,934.521,78.002,5.884,187.498,1.2731
gateway-389,CoAP,1184.802,32.838,12.162,132.316,0.0
gateway-389,CoAP,1864.689,61.854,4.808,105.74,0.5204
gateway-389,CoAP,1957.072,44.78,4.941,135.314,1.1689
gateway-389,CoAP,1436.533,55.098,7.178,52.112,3.244
smart_meter-390,LoRaWAN,25.498,229.131,1.505,0.467,3.2329
smart_meter-390,LoRaWAN,30.764,177.513,5.348,0.749,4.0367
smart_meter-390,LoRaWAN,10.489,167.046,3.683,0.74,2.2422
smart_meter-390,LoRaWAN,35.699,207.978,0.857,0.687,6.3261
smart_meter-390,LoRaWAN,35.919,115.918,2.334,0.652,1.3749
smart_meter-390,LoRaWAN,21.715,209.526,3.442,0.05,2.1429
smart_meter-390,LoRaWAN,16.146,136.646,0.858,0.78,5.8259
smart_meter-390,LoRaWAN,37.315,246.951,0.58,0.56,0.0
smart_meter-390,LoRaWAN,27.983,182.161,1.863,0.706,2.3546
smart_meter-390,LoRaWAN,26.071,223.109,0.293,0.449,5.0486
env_sensor-391,MQTT,58.144,42.004,6.097,4.424,0.932
env_sensor-391,MQTT,66.181,1.0,5.583,6.966,0.1077
env_sensor-391,MQTT,98.615,20.919,1.021,2.212,1.3809
env_sensor-391,MQTT,53.21,18.362,0.1,5.134,1.2817
env_sensor-391,MQTT,58.21,40.728,1.893,4.932,1.3787
actuator-392,MQTT,112.57,12.492,8.427,7.754,1.2811
actuator-392,MQTT,120.295,25.369,2.337,8.376,2.7157
actuator-392,MQTT,126.822,15.185,10.034,13.521,2.4607
actuator-392,MQTT,146.302,28.249,4.608,1.777,1.6303
actuator-392,MQTT,95.997,23.267,10.004,9.049,0.0
actuator-392,MQTT,99.304,13.825,7.493,5.379,1.1602
actuator-392,MQTT,111.115,7.008,0.662,8.362,1.7539
actuator-392,MQTT,105.933,19.389,7.333,12.117,1.0077
actuator-392,MQTT,124.07,18.866,2.247,0.05,0.0297
actuator-392,MQTT,59.055,1.0,9.154,3.868,0.0
camera-393,HTTPS,1997.773,104.9,6.78,231.291,0.7817
camera-393,HTTPS,1346.922,73.35,4.895,207.875,0.8241
camera-393,HTTPS,416.529,23.145,2.795,92.171,1.2711
camera-393,HTTPS,1446.214,111.032,0.337,85.207,0.0
camera-393,HTTPS,1661.595,28.479,3.259,105.786,0.602
camera-393,HTTPS,2739.878,57.68,0.1,151.662,0.2072
camera-393,HTTPS,2400.064,49.899,0.1,147.758,0.3131
camera-393,HTTPS,1519.596,88.088,4.433,133.892,0.7379
gateway-394,LoRaWAN,1515.812,42.797,13.725,44.212,1.1881
gateway-394,LoRaWAN,1521.769,20.678,15.997,37.286,0.5579
gateway-394,LoRaWAN,704.985,41.218,5.98,21.271,0.5238
gateway-394,LoRaWAN,576.381,39.052,13.993,28.459,0.3524
gateway-394,LoRaWAN,35.309,58.161,15.837,31.025,1.5376
gateway-394,LoRaWAN,743.232,31.847,9.066,0.05,1.3484
gateway-394,LoRaWAN,1126.129,54.589,15.499,58.044,0.6447
gateway-394,LoRaWAN,1336.714,64.481,9.118,35.123,1.3447
smart_meter-395,LoRaWAN,21.936,155.599,0.1,0.458,2.2732
smart_meter-395,LoRaWAN,15.385,146.721,3.755,0.766,0.0
smart_meter-395,LoRaWAN,37.186,121.772,0.123,0.77,4.8514
smart_meter-395,LoRaWAN,36.926,94.376,1.199,0.372,2.6739
smart_meter-395,LoRaWAN,23.442,279.563,0.374,0.666,2.511
smart_meter-395,LoRaWAN,29.373,46.162,1.334,1.265,3.1772
smart_meter-395,LoRaWAN,28.27,128.819,2.208,0.563,2.7668
smart_meter-395,LoRaWAN,36.88,188.692,1.032,0.707,2.5415
env_sensor-396,CoAP,31.99,33.768,4.436,3.264,1.4966
env_sensor-396,CoAP,51.161,33.259,1.505,6.296,1.7467
env_sensor-396,CoAP,91.347,14.858,4.039,1.455,1.5012
env_sensor-396,CoAP,83.802,13.3,0.1,2.822,1.1364
actuator-397,LoRaWAN,128.964,5.066,3.58,8.311,1.8423
actuator-397,LoRaWAN,79.409,10.624,10.262,0.05,0.7724
actuator-397,LoRaWAN,135.318,18.565,6.353,1.069,1.2902
actuator-397,LoRaWAN,67.544,20.077,0.622,7.573,1.3683
actuator-397,LoRaWAN,129.865,15.887,2.685,5.454,1.4864
actuator-397,LoRaWAN,89.455,15.433,3.896,9.491,1.994
actuator-397,LoRaWAN,110.359,20.562,4.035,2.739,0.6711
actuator-397,LoRaWAN,58.114,24.716,5.288,7.884,1.7682
actuator-397,LoRaWAN,123.819,11.956,1.345,3.855,1.0657
camera-398,MQTT,686.34,47.753,7.694,131.109,0.3354
camera-398,MQTT,1360.766,32.18,2.96,55.041,0.0
camera-398,MQTT,1322.623,72.364,4.737,171.359,0.8058
camera-398,MQTT,1746.719,29.295,7.802,175.474,0.0
camera-398,MQTT,2755.063,91.44,4.2,305.121,0.9437
camera-398,MQTT,379.756,88.906,5.43,184.17,0.1413
camera-398,MQTT,1434.333,59.168,2.675,198.969,0.9649
camera-398,MQTT,1354.118,14.352,3.802,121.137,0.0
camera-398,MQTT,66.953,70.932,3.268,182.196,0.9806
camera-398,MQTT,1754.414,39.396,9.719,38.113,0.4644
camera-398,MQTT,1854.966,83.999,5.133,95.198,0.1936
gateway-399,HTTPS,940.576,93.843,5.066,121.295,1.8884
gateway-399,HTTPS,1603.768,33.316,10.785,46.543,1.2368
gateway-399,HTTPS,718.051,13.026,10.391,0.05,0.5355
gateway-399,HTTPS,737.312,52.509,8.002,54.84,0.0
gateway-399,HTTPS,1764.545,41.917,6.171,85.407,2.9842
gateway-399,HTTPS,216.937,57.211,12.659,24.712,0.5039
gateway-399,HTTPS,1344.31,29.084,13.327,0.05,0.7298
gateway-399,HTTPS,816.349,17.842,6.396,64.334,0.4842
gateway-399,HTTPS,761.388,56.464,5.049,94.867,1.1024
smart_meter-400,LoRaWAN,44.621,117.72,2.367,0.161,1.7086
smart_meter-400,LoRaWAN,39.621,149.552,0.542,0.928,3.8078
smart_meter-400,LoRaWAN,31.119,282.755,1.934,0.603,2.4669
smart_meter-400,LoRaWAN,28.337,195.601,1.502,0.676,3.1008
smart_meter-400,LoRaWAN,8.0,228.599,0.511,0.299,6.7247
smart_meter-400,LoRaWAN,26.572,201.215,4.423,0.458,1.2584
smart_meter-400,LoRaWAN,38.748,109.434,0.477,0.578,4.9462
smart_meter-400,LoRaWAN,26.324,204.694,1.645,0.097,3.3395
smart_meter-400,LoRaWAN,18.546,98.832,3.942,0.242,2.5923
smart_meter-400,LoRaWAN,13.043,59.59,2.336,0.328,4.3401
smart_meter-400,LoRaWAN,27.2,306.449,3.285,0.886,2.611
env_sensor-401,CoAP,74.534,30.073,5.404,5.371,0.4771
env_sensor-401,CoAP,73.236,35.131,0.757,5.838,1.5386
env_sensor-401,CoAP,154.34,34.097,5.074,2.78,2.1271
env_sensor-401,CoAP,33.223,37.382,0.1,3.486,4.0707
actuator-402,HTTPS,103.115,21.462,4.672,6.771,1.8059
actuator-402,HTTPS,138.304,28.504,2.158,9.418,1.4297
actuator-402,HTTPS,50.641,13.122,11.184,3.523,0.356
actuator-402,HTTPS,105.153,13.928,9.195,7.282,0.3674
actuator-402,HTTPS,167.491,13.672,0.419,12.507,0.1039
actuator-402,HTTPS,144.795,19.192,3.872,7.814,0.0
camera-403,CoAP,1998.544,108.932,9.724,165.422,0.3793
camera-403,CoAP,2470.628,75.901,2.514,146.998,1.0134
camera-403,CoAP,2240.841,57.832,4.73,68.071,0.4562
camera-403,CoAP,1229.775,50.704,7.132,53.889,1.0782
camera-403,CoAP,1631.32,69.677,7.149,226.163,0.8731
camera-403,CoAP,45.463,78.698,4.714,59.437,0.2677
camera-403,CoAP,1613.577,40.245,5.552,21.999,0.8088
camera-403,CoAP,2171.62,62.919,4.257,58.62,0.2464
camera-403,CoAP,2018.713,62.38,5.841,49.231,0.0557
gateway-404,CoAP,169.785,60.69,13.094,87.114,2.1573
gateway-404,CoAP,1013.011,64.022,5.016,115.483,2.279
gateway-404,CoAP,2266.021,39.15,17.38,24.701,0.4119
gateway-404,CoAP,1299.579,64.693,10.239,37.474,2.1417
gateway-404,CoAP,469.87,82.142,4.139,74.973,0.2049
gateway-404,CoAP,974.635,29.272,3.934,121.061,0.1012
gateway-404,CoAP,961.154,71.395,5.499,135.638,1.4312
smart_meter-405,MQTT,13.288,100.115,3.723,0.074,2.7969
smart_meter-405,MQTT,23.603,299.334,3.318,0.05,4.2033
smart_meter-405,MQTT,19.165,173.99,0.1,1.18,2.2933
smart_meter-405,MQTT,35.718,109.407,1.817,0.852,4.2149
smart_meter-405,MQTT,35.644,99.87,1.292,0.251,1.74
smart_meter-405,MQTT,29.993,94.602,0.695,0.22,5.4165
env_sensor-406,CoAP,58.797,52.728,4.652,2.288,1.7427
env_sensor-406,CoAP,82.165,32.643,5.349,3.088,2.6477
env_sensor-406,CoAP,71.11,43.704,5.256,6.327,0.2854
env_sensor-406,CoAP,92.53,28.943,4.359,6.15,0.7144
env_sensor-406,CoAP,61.255,19.337,1.775,3.829,0.5484
env_sensor-406,CoAP,113.298,31.624,2.772,3.787,2.9344
env_sensor-406,CoAP,58.195,38.49,1.077,2.029,1.3937
env_sensor-406,CoAP,64.959,46.555,1.299,7.695,3.2436
env_sensor-406,CoAP,81.552,14.623,2.429,4.36,1.0839
actuator-407,MQTT,91.341,11.036,5.06,7.758,1.9263
actuator-407,MQTT,91.761,11.262,6.371,6.677,0.0126
actuator-407,MQTT,147.912,24.472,5.536,1.057,0.0
actuator-407,MQTT,151.967,13.671,5.821,11.401,1.407
actuator-407,MQTT,107.474,11.26,3.389,11.132,0.4254
camera-408,MQTT,1210.424,69.861,2.148,58.717,1.0845
camera-408,MQTT,2368.133,79.836,0.851,188.966,1.0715
camera-408,MQTT,410.466,42.944,2.99,92.299,0.5937
camera-408,MQTT,2352.621,21.077,6.362,157.356,0.6186
camera-408,MQTT,669.782,43.978,8.999,176.406,0.8051
camera-408,MQTT,1398.785,61.939,4.115,133.148,1.4077
gateway-409,HTTPS,991.125,37.007,5.835,21.924,1.1385
gateway-409,HTTPS,964.499,1.69,6.553,29.712,1.8974
gateway-409,HTTPS,1183.333,37.102,12.23,85.29,1.6764
gateway-409,HTTPS,435.203,44.036,7.645,64.593,2.3942
gateway-409,HTTPS,105.141,41.213,7.196,100.114,0.1114
gateway-409,HTTPS,1053.228,28.784,4.973,89.38,1.599
gateway-409,HTTPS,8.0,38.845,8.04,65.808,0.0246
gateway-409,HTTPS,1763.181,56.062,4.689,0.05,1.4719
gateway-409,HTTPS,619.209,19.692,12.612,163.785,0.7473
smart_meter-410,HTTPS,29.47,206.787,1.471,0.463,1.9475
smart_meter-410,HTTPS,33.3,133.89,0.1,0.05,4.5457
smart_meter-410,HTTPS,15.576,223.189,1.919,0.504,4.0846
smart_meter-410,HTTPS,37.19,222.257,3.207,0.353,3.4256
smart_meter-410,HTTPS,32.6,257.882,1.409,0.203,1.7792
smart_meter-410,HTTPS,13.854,185.494,0.1,0.804,6.9059
env_sensor-411,CoAP,38.037,44.173,1.11,0.05,1.9086
env_sensor-411,CoAP,63.644,23.925,3.635,6.055,0.6255
env_sensor-411,CoAP,103.28,20.207,4.069,0.969,0.3797
env_sensor-411,CoAP,31.01,14.046,2.073,2.904,0.1477
env_sensor-411,CoAP,78.841,33.847,2.618,2.215,1.7133
actuator-412,MQTT,56.435,11.007,6.894,10.164,0.0
actuator-412,MQTT,90.714,13.212,9.916,2.27,0.1432
actuator-412,MQTT,133.661,7.024,6.925,9.878,0.5641
actuator-412,MQTT,85.085,1.838,4.884,4.63,0.0
actuator-412,MQTT,110.579,14.39,7.822,7.384,1.0
actuator-412,MQTT,121.444,1.0,8.651,6.696,1.842
actuator-412,MQTT,112.314,1.0,5.313,10.911,0.0682
actuator-412,MQTT,101.529,6.579,2.965,8.186,0.0
actuator-412,MQTT,101.938,20.585,4.722,11.032,1.8404
actuator-412,MQTT,87.198,10.553,4.439,6.119,1.5911
actuator-412,MQTT,90.599,20.959,7.175,7.31,0.5695
camera-413,MQTT,1954.663,59.238,5.616,65.365,1.2815
camera-413,MQTT,1060.602,43.79,4.759,214.575,0.0
camera-413,MQTT,1518.12,98.099,0.1,195.134,1.4188
camera-413,MQTT,1537.705,43.002,4.754,24.2,0.0
camera-413,MQTT,2023.41,67.704,2.539,106.256,0.4318
camera-413,MQTT,1739.84,74.892,0.1,110.299,0.0
camera-413,MQTT,1352.561,52.754,2.58,112.173,0.8561
camera-413,MQTT,2060.371,24.439,0.535,162.615,0.6506
camera-413,MQTT,1933.836,55.388,2.012,15.159,0.9332
camera-413,MQTT,1094.826,39.898,4.335,23.455,0.9523
camera-413,MQTT,1894.791,52.028,0.561,135.703,1.0343
gateway-414,HTTPS,1321.143,58.849,5.126,79.754,2.0584
gateway-414,HTTPS,518.31,76.533,12.376,42.985,1.5094
gateway-414,HTTPS,1364.619,50.137,6.994,123.771,0.0
gateway-414,HTTPS,1208.711,76.822,0.1,32.455,1.3183
gateway-414,HTTPS,1588.548,44.321,16.553,37.037,0.8961
gateway-414,HTTPS,534.738,49.867,3.499,34.89,1.6763
gateway-414,HTTPS,715.571,41.086,4.683,21.486,0.956
smart_meter-415,HTTPS,30.814,242.139,1.151,0.349,0.0
smart_meter-415,HTTPS,25.242,222.307,2.365,0.353,3.927
smart_meter-415,HTTPS,17.33,145.305,4.242,0.058,1.825
smart_meter-415,HTTPS,32.734,179.964,2.984,0.102,2.6626
smart_meter-415,HTTPS,19.891,102.589,3.047,0.201,4.3763
env_sensor-416,HTTPS,51.904,20.769,3.094,4.663,0.8301
env_sensor-416,HTTPS,112.216,30.555,3.281,6.273,0.0
env_sensor-416,HTTPS,63.511,28.297,1.415,5.939,3.3677
env_sensor-416,HTTPS,83.039,33.244,1.142,6.012,0.7409
env_sensor-416,HTTPS,45.917,3.085,2.913,0.798,2.4668
env_sensor-416,HTTPS,84.703,44.875,2.562,3.465,1.6033
env_sensor-416,HTTPS,44.396,18.138,0.1,7.802,3.0386
actuator-417,CoAP,128.405,18.654,5.008,13.756,1.7549
actuator-417,CoAP,84.704,25.889,6.049,14.263,1.2774
actuator-417,CoAP,98.532,23.007,13.073,8.591,0.4006
actuator-417,CoAP,99.331,27.635,11.568,6.194,0.0
actuator-417,CoAP,123.675,23.941,4.551,11.287,0.9725
actuator-417,CoAP,86.219,10.007,4.727,0.483,1.0106
camera-418,HTTPS,869.9,74.934,9.239,239.299,1.4742
camera-418,HTTPS,4250.152,78.699,9.536,90.907,0.7316
camera-418,HTTPS,2084.042,79.618,2.537,160.274,0.6454
camera-418,HTTPS,2652.086,54.108,6.312,42.483,0.4722
camera-418,HTTPS,1688.009,52.851,10.086,221.623,0.1437
camera-418,HTTPS,1303.478,42.505,7.251,135.557,0.856
camera-418,HTTPS,1773.661,46.837,1.058,129.945,0.8801
camera-418,HTTPS,2018.665,78.579,11.565,199.602,0.3713
camera-418,HTTPS,1503.654,64.831,3.279,130.759,1.4115
camera-418,HTTPS,1358.96,35.017,2.092,97.506,0.0
camera-418,HTTPS,545.809,109.32,7.313,264.974,0.0
gateway-419,CoAP,1580.358,53.354,0.658,164.57,1.9566
gateway-419,CoAP,1057.376,65.582,18.955,135.198,1.9143
gateway-419,CoAP,1509.61,83.096,5.944,45.027,2.5593
gateway-419,CoAP,232.94,8.703,7.328,56.781,0.0
smart_meter-420,LoRaWAN,29.865,266.97,4.119,0.341,4.8973
smart_meter-420,LoRaWAN,34.083,119.257,2.826,0.264,5.4572
smart_meter-420,LoRaWAN,31.177,144.658,2.495,0.543,3.4908
smart_meter-420,LoRaWAN,29.213,214.506,1.909,0.783,4.7064
smart_meter-420,LoRaWAN,31.112,135.375,0.1,0.085,4.9255
smart_meter-420,LoRaWAN,44.732,162.324,2.709,0.806,3.3162
smart_meter-420,LoRaWAN,36.005,47.391,2.166,0.384,1.0705
smart_meter-420,LoRaWAN,37.154,209.187,3.063,0.067,2.8767
env_sensor-421,CoAP,47.666,24.433,0.297,1.62,2.2491
env_sensor-421,CoAP,97.98,17.709,2.245,0.05,0.8695
env_sensor-421,CoAP,66.089,37.74,5.503,0.155,0.0
env_sensor-421,CoAP,39.698,18.973,0.1,3.538,1.7925
env_sensor-421,CoAP,32.652,25.225,6.627,3.777,1.0285
actuator-422,LoRaWAN,112.37,27.15,6.183,4.681,0.8649
actuator-422,LoRaWAN,127.108,22.803,6.551,10.356,0.916
actuator-422,LoRaWAN,103.787,22.742,9.333,13.053,0.0
actuator-422,LoRaWAN,150.716,36.8,1.4,7.185,0.5286
camera-423,HTTPS,1670.534,75.439,3.087,195.844,0.2523
camera-423,HTTPS,1808.031,84.31,0.1,68.164,0.2455
camera-423,HTTPS,2414.8,63.096,0.839,84.804,0.0
camera-423,HTTPS,368.795,73.504,6.258,117.858,0.6013
gateway-424,HTTPS,1242.106,52.577,12.426,61.068,1.7783
gateway-424,HTTPS,8.0,41.389,4.343,48.046,0.5686
gateway-424,HTTPS,1476.084,57.433,2.226,69.656,0.0
gateway-424,HTTPS,1337.631,42.6,21.272,109.52,2.1318
gateway-424,HTTPS,229.605,46.658,12.365,61.739,2.7428
gateway-424,HTTPS,829.967,45.961,2.259,35.557,0.0
smart_meter-425,LoRaWAN,35.875,176.156,0.1,0.33,2.166
smart_meter-425,LoRaWAN,38.256,198.408,1.104,0.38,0.0
smart_meter-425,LoRaWAN,28.405,172.418,2.691,0.101,2.0857
smart_meter-425,LoRaWAN,46.032,169.075,2.942,0.05,2.162
smart_meter-425,LoRaWAN,34.296,240.822,2.64,0.502,2.2224
smart_meter-425,LoRaWAN,27.82,272.152,3.83,0.583,5.9498
smart_meter-425,LoRaWAN,38.467,166.455,3.533,0.27,4.4402
env_sensor-426,HTTPS,34.579,11.632,3.884,0.12,1.3054
env_sensor-426,HTTPS,64.718,10.66,2.999,9.301,0.0
env_sensor-426,HTTPS,83.199,27.331,1.527,0.05,1.7428
env_sensor-426,HTTPS,76.985,49.494,3.255,4.324,0.0
env_sensor-426,HTTPS,112.309,38.65,6.433,4.863,0.4648
env_sensor-426,HTTPS,56.475,23.156,4.907,9.661,1.7312
env_sensor-426,HTTPS,58.064,24.049,7.423,8.11,1.3454
env_sensor-426,HTTPS,74.202,20.021,1.762,2.479,0.185
env_sensor-426,HTTPS,31.695,21.497,4.676,3.289,2.193
env_sensor-426,HTTPS,76.811,3.576,2.848,14.03,0.3709
env_sensor-426,HTTPS,63.455,13.679,2.055,0.05,0.0
actuator-427,LoRaWAN,75.556,23.666,5.961,5.824,1.1634
actuator-427,LoRaWAN,106.444,15.13,10.244,10.269,0.0611
actuator-427,LoRaWAN,155.912,16.54,4.31,4.631,3.0358
actuator-427,LoRaWAN,56.328,38.974,3.673,16.286,1.0361
actuator-427,LoRaWAN,142.38,10.169,4.801,8.354,0.9062
actuator-427,LoRaWAN,113.082,19.436,4.231,7.802,0.5348
camera-428,HTTPS,1124.478,53.191,1.975,149.585,1.4018
camera-428,HTTPS,622.717,19.682,1.261,191.613,0.9053
camera-428,HTTPS,1434.699,71.701,7.252,79.28,0.1002
camera-428,HTTPS,1129.329,37.614,0.1,100.645,0.8641
gateway-429,HTTPS,1100.596,46.563,10.712,113.597,1.2456
gateway-429,HTTPS,261.783,1.0,6.515,88.714,1.3358
gateway-429,HTTPS,1739.375,41.859,11.581,30.121,0.32
gateway-429,HTTPS,857.276,27.83,0.1,24.384,1.4585
gateway-429,HTTPS,1079.674,53.033,8.017,21.485,1.929
gateway-429,HTTPS,1173.792,34.908,5.188,43.488,0.8988
gateway-429,HTTPS,1412.994,59.728,2.647,73.074,0.6664
smart_meter-430,LoRaWAN,23.347,225.284,1.889,0.118,5.7454
smart_meter-430,LoRaWAN,25.322,171.252,1.739,0.05,4.5143
smart_meter-430,LoRaWAN,25.749,142.085,3.161,0.05,4.9204
smart_meter-430,LoRaWAN,27.744,83.716,1.217,0.351,0.4134
env_sensor-431,MQTT,70.456,26.834,4.546,4.963,0.5743
env_sensor-431,MQTT,64.913,52.389,2.381,3.703,1.4062
env_sensor-431,MQTT,61.653,14.752,2.491,6.911,0.4517
env_sensor-431,MQTT,77.578,22.699,7.404,0.05,1.8273
env_sensor-431,MQTT,81.614,20.337,1.053,1.586,1.0354
env_sensor-431,MQTT,100.378,22.905,4.381,5.13,1.045
actuator-432,HTTPS,120.877,27.622,5.949,8.404,0.0
actuator-432,HTTPS,108.713,21.393,6.81,11.014,1.5133
actuator-432,HTTPS,113.395,25.137,3.07,7.903,0.6538
actuator-432,HTTPS,127.307,26.037,5.212,8.485,0.9371
actuator-432,HTTPS,84.162,32.875,6.077,9.235,1.0809
camera-433,HTTPS,1468.49,88.492,4.427,86.287,0.2314
camera-433,HTTPS,1015.533,30.728,2.744,56.034,0.3846
camera-433,HTTPS,2471.478,61.181,3.184,93.859,0.0322
camera-433,HTTPS,1520.013,70.893,5.257,140.045,0.0
camera-433,HTTPS,1596.499,47.399,4.327,166.305,0.9617
camera-433,HTTPS,2840.58,53.628,6.206,67.617,0.9321
camera-433,HTTPS,824.813,20.424,6.557,237.742,0.0957
gateway-434,CoAP,1341.224,8.165,5.556,138.462,2.667
gateway-434,CoAP,578.277,26.521,5.794,63.115,0.0
gateway-434,CoAP,1241.525,34.06,8.953,6.052,1.1899
gateway-434,CoAP,1174.638,51.764,0.1,77.382,0.1956
gateway-434,CoAP,578.254,48.007,9.18,81.15,0.0
gateway-434,CoAP,943.843,51.821,1.647,0.05,1.4621
gateway-434,CoAP,1169.01,90.738,13.608,69.944,1.0925
gateway-434,CoAP,1277.082,53.259,13.68,24.179,1.7789
gateway-434,CoAP,214.468,44.171,18.008,92.92,1.1516
gateway-434,CoAP,958.929,18.806,7.578,131.932,2.3548
smart_meter-435,LoRaWAN,28.914,136.162,0.1,0.252,2.1711
smart_meter-435,LoRaWAN,39.651,274.018,1.247,0.508,3.4613
smart_meter-435,LoRaWAN,13.522,182.803,2.251,0.586,3.6648
smart_meter-435,LoRaWAN,32.604,205.272,2.502,0.818,0.0488
smart_meter-435,LoRaWAN,24.447,260.386,0.1,0.364,5.3555
smart_meter-435,LoRaWAN,27.573,165.256,1.326,0.327,5.9822
smart_meter-435,LoRaWAN,29.012,121.621,2.076,1.248,0.0
smart_meter-435,LoRaWAN,21.966,139.517,2.247,0.05,3.2853
smart_meter-435,LoRaWAN,26.932,127.862,2.884,0.553,3.2538
smart_meter-435,LoRaWAN,30.194,110.631,1.77,0.767,5.7843
env_sensor-436,HTTPS,74.239,24.421,0.1,0.356,0.7805
env_sensor-436,HTTPS,44.352,5.272,2.392,1.794,0.7602
env_sensor-436,HTTPS,80.343,16.434,2.163,3.694,0.0
env_sensor-436,HTTPS,87.901,40.294,6.421,8.372,1.3305
actuator-437,HTTPS,134.692,17.636,7.534,7.717,0.417
actuator-437,HTTPS,87.489,21.083,13.244,7.453,1.2003
actuator-437,HTTPS,138.183,26.389,7.681,9.383,1.6869
actuator-437,HTTPS,83.827,23.024,4.952,9.092,1.1075
actuator-437,HTTPS,108.253,3.355,6.635,4.522,0.8391
actuator-437,HTTPS,107.706,26.841,0.1,9.892,0.8139
camera-438,HTTPS,2084.855,74.449,0.1,143.519,0.6534
camera-438,HTTPS,2685.314,73.876,2.649,202.112,0.7818
camera-438,HTTPS,2180.403,52.146,1.733,124.236,0.3829
camera-438,HTTPS,1532.315,31.338,1.681,126.934,1.3888
camera-438,HTTPS,2475.672,46.583,2.148,182.799,0.1935
camera-438,HTTPS,1398.779,85.854,1.718,153.056,0.3969
camera-438,HTTPS,590.834,40.52,2.22,138.399,0.2296
camera-438,HTTPS,1125.34,47.308,4.569,41.281,0.5956
camera-438,HTTPS,341.165,56.212,3.726,153.787,0.2997
gateway-439,CoAP,885.023,57.669,2.716,86.976,1.9066
gateway-439,CoAP,417.907,40.124,10.546,104.963,1.314
gateway-439,CoAP,431.121,26.272,7.391,50.991,1.3597
gateway-439,CoAP,1162.472,57.018,0.1,87.445,0.0
gateway-439,CoAP,741.544,65.578,4.255,58.009,0.8701
gateway-439,CoAP,1209.065,43.555,18.103,68.862,1.7312
gateway-439,CoAP,608.328,66.468,0.1,59.229,1.6556
gateway-439,CoAP,774.065,54.323,0.946,44.218,1.4448
gateway-439,CoAP,470.004,36.884,6.709,116.484,0.9447
gateway-439,CoAP,1473.39,1.0,5.524,48.96,0.6763
smart_meter-440,HTTPS,37.503,111.274,2.009,0.05,4.9395
smart_meter-440,HTTPS,9.446,216.328,4.284,0.69,2.6871
smart_meter-440,HTTPS,37.643,201.841,2.984,0.05,0.1688
smart_meter-440,HTTPS,13.806,118.913,1.357,0.748,2.4345
smart_meter-440,HTTPS,30.782,117.827,1.907,0.061,1.3514
smart_meter-440,HTTPS,37.099,188.186,3.377,0.651,0.5912
smart_meter-440,HTTPS,40.37,160.824,0.1,0.05,7.899
env_sensor-441,MQTT,75.889,25.263,5.453,2.579,0.7687
env_sensor-441,MQTT,48.143,17.332,1.631,3.726,1.4246
env_sensor-441,MQTT,71.296,17.019,1.804,7.264,0.1008
env_sensor-441,MQTT,8.0,40.039,4.864,4.899,0.0
env_sensor-441,MQTT,83.924,10.054,1.491,3.954,1.2183
env_sensor-441,MQTT,47.801,24.51,1.526,7.562,1.8656
env_sensor-441,MQTT,17.581,45.196,3.514,6.338,0.1005
actuator-442,HTTPS,132.891,15.451,4.484,10.596,1.7112
actuator-442,HTTPS,71.544,24.998,6.932,8.209,1.6726
actuator-442,HTTPS,48.507,23.079,4.899,13.097,0.2585
actuator-442,HTTPS,178.996,27.651,10.882,5.769,0.1897
actuator-442,HTTPS,141.559,22.672,0.1,11.663,2.0135
actuator-442,HTTPS,134.19,21.014,6.779,3.567,0.0806
actuator-442,HTTPS,151.301,31.386,7.469,6.926,2.3228
camera-443,MQTT,1683.076,71.457,1.915,150.004,0.6053
camera-443,MQTT,2478.88,66.695,0.1,127.508,0.8392
camera-443,MQTT,2076.482,72.174,9.513,146.9,1.3379
camera-443,MQTT,1388.96,56.108,5.858,117.351,1.1627
camera-443,MQTT,345.851,86.448,0.147,220.988,0.4245
camera-443,MQTT,2344.592,58.001,7.185,68.159,0.7186
gateway-444,HTTPS,999.674,73.274,4.932,88.49,0.5809
gateway-444,HTTPS,340.326,50.437,9.14,50.057,0.0
gateway-444,HTTPS,1839.5,1.0,12.359,54.49,0.7105
gateway-444,HTTPS,1264.63,66.919,6.086,106.994,0.2875
gateway-444,HTTPS,712.085,27.794,6.286,138.259,1.2873
gateway-444,HTTPS,853.107,4.851,6.496,12.183,0.5925
gateway-444,HTTPS,1318.155,23.544,7.726,74.638,0.0
gateway-444,HTTPS,639.088,21.543,10.42,52.904,0.0736
smart_meter-445,LoRaWAN,27.913,224.854,2.285,0.261,2.6213
smart_meter-445,LoRaWAN,34.383,213.531,0.622,0.114,1.3843
smart_meter-445,LoRaWAN,40.564,115.573,1.077,0.413,4.0442
smart_meter-445,LoRaWAN,32.608,161.883,2.247,0.071,1.3227
smart_meter-445,LoRaWAN,44.172,144.576,2.327,0.652,1.0063
smart_meter-445,LoRaWAN,14.035,201.332,0.817,0.555,6.275
smart_meter-445,LoRaWAN,25.033,104.401,4.123,0.889,1.5085
smart_meter-445,LoRaWAN,37.361,213.347,3.114,0.575,2.7189
env_sensor-446,LoRaWAN,80.673,12.642,6.207,1.172,1.9939
env_sensor-446,LoRaWAN,12.668,28.073,2.677,6.696,1.0784
env_sensor-446,LoRaWAN,69.86,12.358,5.182,1.906,2.6959
env_sensor-446,LoRaWAN,52.327,29.645,6.826,1.156,1.9521
env_sensor-446,LoRaWAN,37.092,30.186,1.148,0.88,1.1012
actuator-447,MQTT,110.726,22.683,5.989,6.749,1.5202
actuator-447,MQTT,116.229,18.305,12.622,12.984,1.5449
actuator-447,MQTT,101.81,29.652,0.559,9.823,0.9754
actuator-447,MQTT,58.641,9.553,7.008,10.166,0.6187
camera-448,MQTT,1938.037,69.583,2.004,108.246,1.1143
camera-448,MQTT,2565.568,30.394,7.71,13.977,0.0807
camera-448,MQTT,2101.359,74.419,2.621,103.729,1.3306
camera-448,MQTT,1659.175,38.49,7.571,157.127,0.3432
camera-448,MQTT,1202.571,67.83,0.1,0.05,0.599
camera-448,MQTT,599.989,81.396,6.591,252.917,1.6202
camera-448,MQTT,1378.415,49.078,6.614,97.683,0.0
camera-448,MQTT,1239.06,31.207,7.897,138.11,0.7842
camera-448,MQTT,1715.547,65.323,2.738,136.508,0.0
gateway-449,LoRaWAN,679.361,57.976,6.396,125.296,0.94
gateway-449,LoRaWAN,931.292,35.579,6.472,56.668,1.2599
gateway-449,LoRaWAN,573.498,1.158,0.1,0.05,2.0048
gateway-449,LoRaWAN,435.136,71.223,2.472,17.159,0.0
gateway-449,LoRaWAN,1578.547,52.453,0.1,86.566,0.547
gateway-449,LoRaWAN,900.033,54.606,3.146,81.591,1.2964
gateway-449,LoRaWAN,1148.527,27.491,15.233,112.313,1.8013
gateway-449,LoRaWAN,1087.806,61.102,8.636,5.751,0.0
gateway-449,LoRaWAN,1869.296,38.827,21.762,47.818,0.7338
gateway-449,LoRaWAN,740.064,47.286,0.1,75.779,0.5873
smart_meter-450,LoRaWAN,27.308,172.366,0.658,0.243,2.8903
smart_meter-450,LoRaWAN,15.257,201.466,2.401,0.109,3.9247
smart_meter-450,LoRaWAN,23.315,325.384,1.085,0.69,0.0
smart_meter-450,LoRaWAN,36.003,175.533,0.1,0.579,1.5333
smart_meter-450,LoRaWAN,26.916,140.638,0.356,0.683,4.1205
smart_meter-450,LoRaWAN,25.69,144.947,0.1,0.337,0.0
smart_meter-450,LoRaWAN,45.647,174.051,2.277,0.453,0.0
env_sensor-451,HTTPS,60.825,12.948,2.959,4.674,0.946
env_sensor-451,HTTPS,75.445,24.901,1.535,7.835,1.102
env_sensor-451,HTTPS,88.753,17.161,4.509,7.74,0.5221
env_sensor-451,HTTPS,72.844,21.534,2.42,13.026,0.5071
env_sensor-451,HTTPS,92.144,35.427,4.796,8.408,0.6432
env_sensor-451,HTTPS,38.576,1.0,2.942,0.894,2.1733
env_sensor-451,HTTPS,95.683,24.048,0.1,3.579,2.3335
env_sensor-451,HTTPS,60.686,28.964,1.427,2.94,0.0
actuator-452,MQTT,52.38,2.729,10.989,7.873,0.3548
actuator-452,MQTT,119.334,28.183,9.402,6.7,0.8425
actuator-452,MQTT,117.112,19.115,10.336,7.99,1.6679
actuator-452,MQTT,115.042,22.756,2.941,8.551,0.0
actuator-452,MQTT,100.047,9.75,5.671,0.05,1.122
actuator-452,MQTT,111.771,18.316,5.895,5.165,0.6859
actuator-452,MQTT,113.646,5.663,11.68,3.504,0.2726
actuator-452,MQTT,183.738,14.4,5.444,6.679,0.7415
actuator-452,MQTT,142.963,5.185,8.197,10.458,0.9975
actuator-452,MQTT,141.803,6.399,3.12,9.415,1.0466
actuator-452,MQTT,112.813,19.687,6.955,12.261,2.1214
camera-453,HTTPS,1442.073,57.865,1.731,138.267,0.758
camera-453,HTTPS,1158.395,24.431,0.1,110.849,1.148
camera-453,HTTPS,1074.45,39.949,0.1,123.495,0.6367
camera-453,HTTPS,1454.046,68.394,6.289,113.051,0.8144
camera-453,HTTPS,1792.449,57.086,1.992,147.636,0.7026
camera-453,HTTPS,2136.41,63.68,5.501,184.091,1.3246
camera-453,HTTPS,1717.749,29.368,0.383,105.278,1.7539
camera-453,HTTPS,1952.633,21.436,6.545,114.557,0.1274
camera-453,HTTPS,1920.199,89.892,4.548,30.679,0.0
gateway-454,CoAP,85.731,68.735,16.002,87.254,0.6893
gateway-454,CoAP,765.138,52.654,0.1,88.111,1.9296
gateway-454,CoAP,8.0,1.851,10.288,0.05,1.1044
gateway-454,CoAP,322.601,24.266,9.041,43.443,0.848
gateway-454,CoAP,693.627,30.738,4.712,86.508,0.0
gateway-454,CoAP,486.872,71.572,3.236,101.502,0.9851
smart_meter-455,LoRaWAN,25.028,85.901,0.221,0.05,3.4172
smart_meter-455,LoRaWAN,26.213,107.919,1.937,0.322,2.7424
smart_meter-455,LoRaWAN,31.836,100.413,2.583,0.639,5.4352
smart_meter-455,LoRaWAN,21.806,257.988,3.045,0.05,0.5369
smart_meter-455,LoRaWAN,23.774,132.479,2.254,0.779,0.9334
env_sensor-456,MQTT,28.805,43.058,2.704,1.719,1.74
env_sensor-456,MQTT,40.106,18.084,3.19,3.579,1.8856
env_sensor-456,MQTT,73.339,24.713,4.615,0.442,0.0
env_sensor-456,MQTT,46.316,28.965,4.885,0.962,1.231
env_sensor-456,MQTT,58.771,28.467,2.598,2.618,2.2349
env_sensor-456,MQTT,69.837,41.182,4.248,3.354,0.5626
env_sensor-456,MQTT,27.737,39.227,3.693,4.816,0.0
env_sensor-456,MQTT,42.903,30.941,0.1,0.05,0.9741
env_sensor-456,MQTT,41.575,9.831,2.543,7.125,1.1511
actuator-457,MQTT,91.977,21.34,2.388,9.247,0.9645
actuator-457,MQTT,83.983,26.247,7.031,13.63,0.0043
actuator-457,MQTT,122.921,1.956,3.281,9.587,0.8664
actuator-457,MQTT,122.363,21.177,0.1,11.356,1.1324
actuator-457,MQTT,99.735,10.585,1.154,4.011,0.0
actuator-457,MQTT,95.283,28.529,4.403,6.592,1.0119
actuator-457,MQTT,127.631,12.848,3.643,14.802,0.5931
actuator-457,MQTT,105.641,25.827,3.109,6.219,0.0
actuator-457,MQTT,97.707,20.903,5.117,7.743,0.3584
actuator-457,MQTT,123.892,14.338,6.731,5.76,0.81
camera-458,CoAP,384.11,112.008,6.089,63.975,0.5667
camera-458,CoAP,1908.05,66.36,0.1,92.963,0.4654
camera-458,CoAP,1886.907,18.424,5.858,179.794,0.5146
camera-458,CoAP,695.453,38.958,5.684,59.824,0.8214
camera-458,CoAP,863.391,21.681,4.231,165.154,0.8149
camera-458,CoAP,1526.323,48.392,6.305,132.587,0.9982
camera-458,CoAP,1731.487,47.458,4.15,54.881,0.0369
camera-458,CoAP,2290.248,76.663,0.28,173.92,0.0
camera-458,CoAP,1660.435,70.113,0.1,189.933,1.0999
camera-458,CoAP,1430.99,52.075,3.122,113.397,0.9565
camera-458,CoAP,1647.464,28.23,5.09,127.035,1.0411
gateway-459,MQTT,1038.777,72.64,0.1,15.824,0.4894
gateway-459,MQTT,525.334,45.399,6.198,0.05,0.0
gateway-459,MQTT,514.475,32.19,7.705,82.92,0.4666
gateway-459,MQTT,8.0,23.834,0.1,41.908,1.0348
gateway-459,MQTT,1125.481,35.559,9.397,105.538,2.5208
gateway-459,MQTT,1210.038,67.081,14.1,77.069,0.0
gateway-459,MQTT,642.043,41.624,0.699,56.878,2.4439
gateway-459,MQTT,1125.602,66.541,9.819,96.413,0.0
gateway-459,MQTT,475.21,50.974,8.43,81.411,1.1851
smart_meter-460,LoRaWAN,31.75,203.919,2.231,0.26,1.1012
smart_meter-460,LoRaWAN,18.998,131.683,2.477,0.16,2.7946
smart_meter-460,LoRaWAN,19.645,195.886,2.623,0.439,3.3952
smart_meter-460,LoRaWAN,31.385,171.082,1.536,0.117,4.0508
smart_meter-460,LoRaWAN,32.013,171.487,2.393,0.552,0.8811
smart_meter-460,LoRaWAN,32.634,241.122,2.959,0.05,3.5472
smart_meter-460,LoRaWAN,22.623,204.056,3.706,0.304,2.7608
smart_meter-460,LoRaWAN,34.495,227.681,0.169,0.05,2.6427
smart_meter-460,LoRaWAN,22.489,167.384,0.992,0.05,0.0
env_sensor-461,LoRaWAN,74.605,35.998,2.166,6.434,2.1656
env_sensor-461,LoRaWAN,63.426,21.223,2.448,3.828,1.4863
env_sensor-461,LoRaWAN,50.323,12.033,1.048,3.21,0.6915
env_sensor-461,LoRaWAN,59.334,14.147,3.098,0.05,0.5852
env_sensor-461,LoRaWAN,55.195,45.87,3.964,4.649,2.2759
env_sensor-461,LoRaWAN,93.509,36.623,2.781,4.045,0.5546
env_sensor-461,LoRaWAN,57.475,13.754,4.109,0.247,1.6057
env_sensor-461,LoRaWAN,59.023,35.128,5.051,3.806,2.0815
env_sensor-461,LoRaWAN,53.764,1.0,1.882,2.963,0.8713
env_sensor-461,LoRaWAN,68.631,25.577,0.932,4.084,1.0681
actuator-462,MQTT,114.166,18.5,8.816,3.59,1.1948
actuator-462,MQTT,118.2,10.301,1.768,6.399,1.3453
actuator-462,MQTT,120.447,12.567,3.123,1.003,1.2573
actuator-462,MQTT,198.103,14.999,3.062,9.745,0.8109
actuator-462,MQTT,108.685,1.0,10.201,18.538,0.0
actuator-462,MQTT,81.135,1.0,4.154,5.591,1.3689
actuator-462,MQTT,31.638,30.141,4.769,11.342,0.9107
actuator-462,MQTT,103.448,19.882,3.143,6.937,0.3325
actuator-462,MQTT,133.777,12.45,10.979,5.708,0.645
actuator-462,MQTT,113.063,10.356,6.749,11.092,1.2054
camera-463,HTTPS,149.921,76.726,2.153,23.775,0.8374
camera-463,HTTPS,684.045,108.251,7.713,119.882,1.1182
camera-463,HTTPS,1566.429,16.096,0.1,55.502,0.0
camera-463,HTTPS,1097.551,56.696,3.706,145.337,0.0
gateway-464,LoRaWAN,1964.85,43.275,6.308,52.397,1.1243
gateway-464,LoRaWAN,518.811,55.546,2.917,68.063,1.4201
gateway-464,LoRaWAN,578.37,47.675,12.864,75.851,1.14
gateway-464,LoRaWAN,1507.453,41.619,10.042,56.609,2.0972
gateway-464,LoRaWAN,1806.112,5.421,5.981,94.892,1.7099
gateway-464,LoRaWAN,8.0,60.258,3.755,44.279,1.0316
gateway-464,LoRaWAN,658.802,49.535,2.645,96.889,2.0166
smart_meter-465,LoRaWAN,34.778,33.527,2.438,0.577,2.4091
smart_meter-465,LoRaWAN,41.778,111.454,1.327,0.426,5.3405
smart_meter-465,LoRaWAN,17.733,179.196,0.15,0.05,5.409
smart_meter-465,LoRaWAN,38.895,97.826,2.912,0.435,2.1929
smart_meter-465,LoRaWAN,30.572,130.349,2.698,0.695,1.7322
smart_meter-465,LoRaWAN,22.954,154.399,2.692,0.05,0.0
smart_meter-465,LoRaWAN,37.301,249.137,2.63,0.264,3.9662
smart_meter-465,LoRaWAN,23.437,182.768,2.251,0.145,3.0421
env_sensor-466,MQTT,134.656,38.039,0.677,1.974,0.0
env_sensor-466,MQTT,68.113,28.055,1.61,5.651,2.3361
env_sensor-466,MQTT,86.431,23.704,4.547,1.676,2.4935
env_sensor-466,MQTT,88.471,25.639,1.509,6.687,0.8586
env_sensor-466,MQTT,99.757,32.923,1.104,2.597,0.0213
env_sensor-466,MQTT,72.908,5.052,1.646,8.397,0.6258
env_sensor-466,MQTT,31.631,21.217,3.771,5.064,0.611
env_sensor-466,MQTT,62.693,17.756,0.1,4.11,1.4043
actuator-467,LoRaWAN,123.666,22.97,4.924,6.52,1.5437
actuator-467,LoRaWAN,121.187,3.889,0.1,12.096,2.3655
actuator-467,LoRaWAN,138.83,20.717,5.7,6.095,0.4882
actuator-467,LoRaWAN,144.945,6.62,5.577,5.695,0.7726
actuator-467,LoRaWAN,64.871,23.312,12.94,8.931,0.6185
actuator-467,LoRaWAN,143.967,14.185,3.004,4.2,1.0335
camera-468,LoRaWAN,682.552,43.175,3.356,92.428,0.8779
camera-468,LoRaWAN,1722.369,49.66,5.242,62.354,0.4235
camera-468,LoRaWAN,816.705,73.316,6.828,137.797,0.5079
camera-468,LoRaWAN,713.843,98.258,7.531,135.757,0.5238
camera-468,LoRaWAN,1076.08,27.971,3.159,187.345,0.4521
camera-468,LoRaWAN,1017.614,96.707,3.606,142.516,0.6584
gateway-469,HTTPS,1120.887,94.782,8.5,128.373,1.1568
gateway-469,HTTPS,355.244,49.172,8.408,37.2,2.143
gateway-469,HTTPS,377.294,32.109,4.274,36.449,0.5379
gateway-469,HTTPS,1714.214,49.586,0.618,56.21,2.0793
gateway-469,HTTPS,1101.912,55.951,9.234,44.296,0.6503
gateway-469,HTTPS,1137.632,42.925,6.524,67.207,0.5535
gateway-469,HTTPS,749.042,32.508,13.768,46.326,1.2712
gateway-469,HTTPS,378.714,23.557,5.848,105.07,1.4169
smart_meter-470,HTTPS,29.583,230.35,1.211,0.309,3.4704
smart_meter-470,HTTPS,41.014,233.014,0.685,0.546,2.2269
smart_meter-470,HTTPS,38.023,150.211,0.461,0.416,6.2688
smart_meter-470,HTTPS,22.955,119.041,2.318,0.688,4.9501
env_sensor-471,HTTPS,44.232,33.473,2.803,3.361,1.3091
env_sensor-471,HTTPS,101.567,12.152,2.249,3.56,1.8339
env_sensor-471,HTTPS,27.56,39.499,4.465,7.543,2.327
env_sensor-471,HTTPS,75.235,19.52,0.942,7.565,1.9124
env_sensor-471,HTTPS,73.738,43.131,5.771,3.746,1.9252
env_sensor-471,HTTPS,66.547,13.985,0.785,5.45,0.6301
env_sensor-471,HTTPS,86.923,26.177,2.807,8.128,2.6418
env_sensor-471,HTTPS,92.461,28.495,2.684,1.948,2.6956
env_sensor-471,HTTPS,77.377,23.585,1.997,2.771,1.8451
env_sensor-471,HTTPS,113.705,17.103,6.276,0.299,2.0633
actuator-472,LoRaWAN,104.686,1.0,6.378,2.423,0.7212
actuator-472,LoRaWAN,125.728,14.937,3.908,9.04,0.6559
actuator-472,LoRaWAN,59.808,20.344,5.73,8.086,1.0497
actuator-472,LoRaWAN,104.934,13.537,5.915,11.84,0.5915
actuator-472,LoRaWAN,91.367,23.808,8.566,10.608,0.9887
actuator-472,LoRaWAN,128.244,28.205,4.623,6.513,0.4295
actuator-472,LoRaWAN,143.305,7.009,3.087,7.776,0.0
actuator-472,LoRaWAN,78.197,7.792,9.456,9.28,1.4322
camera-473,CoAP,2590.521,66.638,5.703,55.89,0.9279
camera-473,CoAP,509.157,77.492,0.1,139.053,1.0221
camera-473,CoAP,1281.971,54.124,8.076,156.571,0.0
camera-473,CoAP,1442.836,52.3,4.178,171.397,0.7501
camera-473,CoAP,1803.273,77.147,3.437,133.189,1.2976
gateway-474,HTTPS,230.939,1.0,7.392,22.534,1.64
gateway-474,HTTPS,1527.403,36.393,0.1,51.635,0.0
gateway-474,HTTPS,366.111,38.259,10.263,42.666,1.2441
gateway-474,HTTPS,1314.077,22.328,12.216,32.539,0.0
gateway-474,HTTPS,499.577,55.742,6.77,55.919,1.0961
gateway-474,HTTPS,1766.855,49.789,3.689,124.749,2.6808
gateway-474,HTTPS,1042.723,65.214,9.551,94.903,2.0537
gateway-474,HTTPS,707.449,34.986,10.879,113.751,0.5618
gateway-474,HTTPS,1278.036,37.891,0.1,11.138,1.9948
gateway-474,HTTPS,1422.21,48.023,4.293,53.036,1.0555
gateway-474,HTTPS,989.569,53.397,11.571,57.686,0.6571
smart_meter-475,LoRaWAN,35.005,177.968,0.701,0.564,1.9788
smart_meter-475,LoRaWAN,36.405,249.138,1.85,0.381,0.0
smart_meter-475,LoRaWAN,26.716,275.193,3.133,0.05,3.8443
smart_meter-475,LoRaWAN,32.839,134.224,2.004,0.431,0.7896
smart_meter-475,LoRaWAN,22.362,92.037,1.751,0.384,4.8787
smart_meter-475,LoRaWAN,26.078,286.312,0.966,0.329,1.1637
env_sensor-476,HTTPS,101.942,15.275,0.241,3.978,1.0861
env_sensor-476,HTTPS,48.185,28.62,5.351,3.384,1.4322
env_sensor-476,HTTPS,129.505,2.677,2.943,3.778,0.2406
env_sensor-476,HTTPS,54.963,27.755,3.79,4.138,0.0
env_sensor-476,HTTPS,17.359,38.867,2.181,2.694,1.59
env_sensor-476,HTTPS,17.204,3.17,1.154,3.297,0.5049
actuator-477,MQTT,128.617,22.9,8.19,2.026,0.2357
actuator-477,MQTT,95.073,31.867,5.634,7.213,1.6102
actuator-477,MQTT,97.775,18.142,5.658,7.824,0.7766
actuator-477,MQTT,145.823,19.028,6.646,8.238,0.4026
actuator-477,MQTT,126.729,24.739,5.9,14.041,0.0
actuator-477,MQTT,89.593,22.595,7.218,8.634,0.9749
actuator-477,MQTT,92.537,1.0,9.167,9.636,1.5838
actuator-477,MQTT,125.975,21.113,10.152,6.411,0.9323
camera-478,MQTT,2372.924,85.908,3.63,190.549,1.0687
camera-478,MQTT,1602.03,74.415,1.356,56.502,1.0855
camera-478,MQTT,1360.383,65.189,1.054,113.33,0.5178
camera-478,MQTT,1469.347,124.07,3.466,80.09,0.653
camera-478,MQTT,1898.692,26.776,3.864,194.017,0.1306
camera-478,MQTT,2304.413,67.172,10.066,108.979,0.8014
camera-478,MQTT,1738.273,33.42,4.517,60.796,1.0749
camera-478,MQTT,2946.254,44.089,3.676,153.812,1.7733
camera-478,MQTT,1863.436,86.702,1.62,147.355,0.5783
camera-478,MQTT,781.139,83.911,1.882,79.145,0.8275
gateway-479,CoAP,8.0,78.291,14.613,12.66,1.8767
gateway-479,CoAP,797.462,22.016,8.782,0.05,1.0034
gateway-479,CoAP,582.616,62.394,9.544,3.797,1.7936
gateway-479,CoAP,2730.051,49.483,3.663,78.624,0.0
gateway-479,CoAP,1085.867,29.634,4.437,48.363,3.1308
gateway-479,CoAP,1229.514,41.002,10.849,45.169,0.6477
gateway-479,CoAP,1205.038,25.939,12.345,24.793,0.0
gateway-479,CoAP,341.812,73.866,11.963,62.587,0.5475
gateway-479,CoAP,1324.039,44.909,6.385,74.964,1.7004
gateway-479,CoAP,568.885,24.378,6.083,82.75,2.0604
gateway-479,CoAP,1173.896,30.904,9.932,0.05,0.21
smart_meter-480,LoRaWAN,32.29,131.7,0.1,0.566,2.2155
smart_meter-480,LoRaWAN,23.692,134.083,2.179,0.583,3.6003
smart_meter-480,LoRaWAN,45.791,133.662,1.283,0.205,3.701
smart_meter-480,LoRaWAN,16.837,183.142,2.209,0.696,1.8002
smart_meter-480,LoRaWAN,27.861,240.553,2.011,0.058,2.6099
smart_meter-480,LoRaWAN,42.946,203.23,2.619,0.214,0.9895
smart_meter-480,LoRaWAN,30.285,231.324,0.652,1.093,7.0718
smart_meter-480,LoRaWAN,34.201,166.715,1.631,0.41,0.5756
smart_meter-480,LoRaWAN,36.655,82.088,2.291,0.3,3.7204
env_sensor-481,CoAP,103.588,12.171,1.523,2.483,0.5547
env_sensor-481,CoAP,33.152,33.669,1.347,4.203,1.852
env_sensor-481,CoAP,33.746,33.206,1.159,4.327,1.6134
env_sensor-481,CoAP,35.873,22.219,4.879,8.982,1.2098
env_sensor-481,CoAP,92.647,41.9,0.1,3.358,1.3036
env_sensor-481,CoAP,112.434,2.44,3.054,11.29,1.6836
env_sensor-481,CoAP,74.656,54.642,4.031,3.147,2.2079
env_sensor-481,CoAP,42.23,51.295,3.169,1.311,1.198
actuator-482,CoAP,184.408,26.195,4.678,10.418,0.1105
actuator-482,CoAP,99.433,32.906,6.33,8.491,0.6879
actuator-482,CoAP,62.082,10.267,11.788,8.794,0.174
actuator-482,CoAP,140.366,26.228,3.531,14.948,0.0
actuator-482,CoAP,111.106,24.812,7.936,5.296,0.8582
actuator-482,CoAP,91.106,14.782,6.015,8.731,0.8133
camera-483,LoRaWAN,2238.654,47.527,1.791,136.287,0.7508
camera-483,LoRaWAN,2800.332,55.645,9.15,127.097,0.5785
camera-483,LoRaWAN,1095.314,42.347,0.1,150.783,0.9438
camera-483,LoRaWAN,1949.333,28.927,2.774,66.042,0.8864
camera-483,LoRaWAN,1868.348,78.976,4.982,115.42,0.8105
camera-483,LoRaWAN,1233.147,49.941,9.138,159.391,0.9459
camera-483,LoRaWAN,1497.759,54.178,3.951,157.403,0.3936
camera-483,LoRaWAN,442.473,83.549,1.714,201.754,0.5384
camera-483,LoRaWAN,1049.848,62.335,8.017,197.976,1.1678
camera-483,LoRaWAN,2266.267,22.217,7.568,97.573,1.4531
camera-483,LoRaWAN,2008.736,49.491,4.687,61.422,0.9995
gateway-484,HTTPS,64.801,74.604,6.03,29.348,0.0
gateway-484,HTTPS,1425.664,68.191,1.778,91.306,0.3267
gateway-484,HTTPS,290.505,51.77,1.372,110.343,2.3871
gateway-484,HTTPS,298.695,23.719,11.32,15.678,2.1883
gateway-484,HTTPS,1340.235,38.787,6.093,83.314,0.6943
gateway-484,HTTPS,1002.767,56.693,12.382,47.541,0.0
gateway-484,HTTPS,1095.536,41.716,14.452,101.072,2.6012
gateway-484,HTTPS,924.431,37.531,12.194,73.541,1.1585
gateway-484,HTTPS,650.673,57.615,20.177,56.828,0.6822
gateway-484,HTTPS,1133.322,41.282,4.793,94.813,2.1295
smart_meter-485,MQTT,27.091,169.141,0.85,0.438,2.2029
smart_meter-485,MQTT,25.608,139.78,0.908,0.521,0.0
smart_meter-485,MQTT,21.041,122.527,1.67,0.112,1.4908
smart_meter-485,MQTT,28.581,63.854,1.566,0.68,2.4168
smart_meter-485,MQTT,34.68,205.508,1.648,0.582,2.5497
smart_meter-485,MQTT,33.509,138.934,2.53,0.2,4.3694
smart_meter-485,MQTT,33.426,100.49,1.317,0.612,3.0823
smart_meter-485,MQTT,22.757,139.943,1.39,0.416,0.1171
smart_meter-485,MQTT,14.513,123.919,2.809,0.622,1.5049
smart_meter-485,MQTT,20.367,161.053,0.94,0.42,3.2712
env_sensor-486,MQTT,83.48,21.723,2.721,1.592,2.1859
env_sensor-486,MQTT,106.616,16.62,3.969,3.131,0.2539
env_sensor-486,MQTT,89.927,5.163,1.63,5.09,0.6569
env_sensor-486,MQTT,17.331,30.558,2.793,0.05,0.862
env_sensor-486,MQTT,44.82,47.044,5.631,6.497,2.1682
env_sensor-486,MQTT,46.698,23.093,3.458,6.364,1.8069
env_sensor-486,MQTT,61.592,46.049,0.1,2.523,0.0867
env_sensor-486,MQTT,62.48,15.645,3.857,0.05,2.1669
env_sensor-486,MQTT,21.624,40.18,0.1,5.757,2.2366
env_sensor-486,MQTT,75.743,24.079,4.191,4.219,0.1591
actuator-487,MQTT,110.087,10.455,5.434,6.825,2.2758
actuator-487,MQTT,84.512,21.916,3.495,10.315,1.2392
actuator-487,MQTT,127.943,19.966,4.806,12.051,0.0
actuator-487,MQTT,169.296,22.55,2.416,14.549,0.0553
actuator-487,MQTT,92.977,19.137,6.211,4.691,0.7998
actuator-487,MQTT,165.128,15.494,1.027,5.436,1.3083
camera-488,HTTPS,2569.941,36.768,4.255,41.372,0.8499
camera-488,HTTPS,1775.699,33.461,2.068,212.165,0.5001
camera-488,HTTPS,1750.58,76.141,2.035,192.531,0.7424
camera-488,HTTPS,2431.738,115.254,4.928,89.728,0.5332
camera-488,HTTPS,906.468,84.381,6.022,203.388,0.3683
camera-488,HTTPS,571.279,44.187,6.66,189.675,0.0
camera-488,HTTPS,3055.806,71.865,4.056,84.452,0.4763
camera-488,HTTPS,2022.711,20.083,6.714,94.177,0.2745
camera-488,HTTPS,2677.697,73.295,3.83,136.105,0.3295
camera-488,HTTPS,1133.528,41.626,5.832,103.818,0.683
gateway-489,HTTPS,412.813,69.337,4.487,0.05,0.6529
gateway-489,HTTPS,1699.302,22.855,10.46,107.122,0.8263
gateway-489,HTTPS,376.22,50.341,9.679,59.451,0.7095
gateway-489,HTTPS,1089.159,91.338,0.1,84.136,0.8384
gateway-489,HTTPS,1034.22,45.904,0.1,82.79,0.5077
smart_meter-490,HTTPS,34.538,58.363,4.351,0.413,1.8363
smart_meter-490,HTTPS,9.101,148.094,1.836,0.12,6.0074
smart_meter-490,HTTPS,23.86,138.876,0.872,0.05,0.0
smart_meter-490,HTTPS,27.359,246.259,1.928,0.242,1.4916
smart_meter-490,HTTPS,13.736,141.946,2.082,0.516,2.3499
smart_meter-490,HTTPS,48.645,248.885,0.4,0.207,2.7145
smart_meter-490,HTTPS,35.598,145.329,3.253,0.124,4.1348
env_sensor-491,LoRaWAN,39.154,3.42,1.78,7.423,1.8827
env_sensor-491,LoRaWAN,45.83,18.498,0.1,0.115,1.9563
env_sensor-491,LoRaWAN,93.115,28.688,4.269,7.274,1.6601
env_sensor-491,LoRaWAN,136.593,49.813,6.559,3.399,0.0829
env_sensor-491,LoRaWAN,50.341,15.37,2.174,1.73,3.3025
env_sensor-491,LoRaWAN,104.519,1.0,2.105,1.676,2.505
env_sensor-491,LoRaWAN,71.219,22.26,5.327,6.483,1.3956
actuator-492,HTTPS,111.13,18.187,9.63,9.039,2.2556
actuator-492,HTTPS,119.536,9.31,6.288,8.4,2.8036
actuator-492,HTTPS,140.489,8.999,9.142,7.93,1.1725
actuator-492,HTTPS,120.429,23.446,5.362,8.429,0.4081
actuator-492,HTTPS,118.781,23.022,4.505,14.177,1.1631
actuator-492,HTTPS,153.223,2.657,4.311,5.789,2.0547
camera-493,HTTPS,2250.234,38.87,2.803,157.151,0.3988
camera-493,HTTPS,2371.381,40.241,1.04,24.492,0.4622
camera-493,HTTPS,1917.704,88.448,0.949,66.505,0.1132
camera-493,HTTPS,2325.755,43.153,4.582,38.876,1.077
camera-493,HTTPS,2511.861,51.85,7.012,113.304,0.0
camera-493,HTTPS,1150.585,72.793,5.313,203.953,0.4402
camera-493,HTTPS,2173.545,52.85,2.368,69.802,0.6122
camera-493,HTTPS,1451.599,54.086,5.089,213.364,0.0
camera-493,HTTPS,1411.275,58.515,6.928,30.225,0.1186
camera-493,HTTPS,1658.093,72.826,0.662,208.036,0.5186
camera-493,HTTPS,2531.986,73.391,4.623,106.647,0.7889
gateway-494,HTTPS,774.144,43.79,2.17,45.088,1.7941
gateway-494,HTTPS,280.475,49.997,6.829,64.258,2.5629
gateway-494,HTTPS,177.373,27.974,16.171,102.009,0.0
gateway-494,HTTPS,865.506,33.085,13.329,12.148,1.2472
gateway-494,HTTPS,875.94,60.624,1.965,51.783,1.542
gateway-494,HTTPS,965.146,62.724,3.961,0.05,0.4176
gateway-494,HTTPS,1816.893,46.687,8.918,95.379,0.8467
gateway-494,HTTPS,648.805,75.529,14.801,70.137,0.6521
gateway-494,HTTPS,319.8,34.385,4.245,0.05,0.0
smart_meter-495,LoRaWAN,20.018,202.668,3.489,0.67,1.0032
smart_meter-495,LoRaWAN,32.237,115.604,4.386,0.05,1.7925
smart_meter-495,LoRaWAN,19.817,131.221,1.705,0.05,8.3129
smart_meter-495,LoRaWAN,28.156,94.306,0.197,0.197,1.6663
smart_meter-495,LoRaWAN,31.781,91.565,3.69,0.493,6.9607
smart_meter-495,LoRaWAN,25.0,151.178,1.222,0.451,5.6066
smart_meter-495,LoRaWAN,40.897,347.991,1.748,0.368,4.276
smart_meter-495,LoRaWAN,21.164,121.886,3.535,0.132,5.311
smart_meter-495,LoRaWAN,27.972,207.949,3.341,0.282,0.9954
env_sensor-496,CoAP,32.464,24.781,6.14,0.18,0.0
env_sensor-496,CoAP,94.991,17.82,1.232,7.639,0.0
env_sensor-496,CoAP,102.909,23.73,1.676,0.05,2.159
env_sensor-496,CoAP,112.275,13.626,3.161,9.075,0.7829
env_sensor-496,CoAP,123.607,12.706,2.918,5.574,1.508
env_sensor-496,CoAP,46.73,34.977,3.129,3.19,0.5424
env_sensor-496,CoAP,82.205,17.211,4.821,1.394,0.2789
actuator-497,HTTPS,91.126,21.612,4.682,11.16,0.8007
actuator-497,HTTPS,51.465,3.538,5.761,9.006,0.951
actuator-497,HTTPS,157.481,27.182,5.724,8.068,1.5849
actuator-497,HTTPS,116.323,17.592,3.912,8.569,1.5245
camera-498,HTTPS,1537.47,27.482,3.233,40.073,1.1648
camera-498,HTTPS,432.798,43.933,8.809,117.137,0.7037
camera-498,HTTPS,959.765,58.248,3.974,80.242,0.1247
camera-498,HTTPS,1665.183,22.72,5.436,196.497,0.1795
camera-498,HTTPS,959.628,23.14,5.872,174.484,0.5931
camera-498,HTTPS,1422.158,87.594,5.619,121.09,0.7753
camera-498,HTTPS,2482.161,89.068,6.984,86.482,0.6555
gateway-499,CoAP,484.989,32.376,12.406,46.95,1.4839
gateway-499,CoAP,765.998,17.222,0.63,118.218,0.5342
gateway-499,CoAP,120.052,36.831,11.731,90.199,0.5966
gateway-499,CoAP,1382.276,67.738,9.856,56.024,0.2318
gateway-499,CoAP,1169.365,44.996,3.27,82.736,0.4647
gateway-499,CoAP,1671.553,23.97,10.417,93.628,1.2574
gateway-499,CoAP,713.802,59.914,10.17,7.892,2.2003
gateway-499,CoAP,1710.527,43.418,8.666,116.073,0.0
smart_meter-500,CoAP,27.033,110.494,2.152,0.55,2.8258
smart_meter-500,CoAP,28.988,143.198,1.515,0.05,9.0319
smart_meter-500,CoAP,34.414,205.635,1.439,0.273,1.224
smart_meter-500,CoAP,30.82,246.384,2.54,0.374,2.8466
smart_meter-500,CoAP,31.536,276.68,1.384,0.188,2.2219
smart_meter-500,CoAP,25.193,260.026,3.972,0.525,5.1419
smart_meter-500,CoAP,26.166,217.445,2.345,0.438,5.6495
smart_meter-500,CoAP,24.419,148.167,0.1,0.293,3.9975
env_sensor-501,MQTT,77.543,34.171,1.452,7.322,0.0
env_sensor-501,MQTT,35.073,33.889,0.1,5.785,1.5357
env_sensor-501,MQTT,15.462,22.515,3.565,0.05,1.2538
env_sensor-501,MQTT,48.125,24.52,0.1,5.728,0.0664
env_sensor-501,MQTT,92.242,34.255,3.496,1.215,0.2565
env_sensor-501,MQTT,66.645,8.232,5.661,3.899,1.8561
env_sensor-501,MQTT,59.079,18.044,3.33,0.761,1.1569
env_sensor-501,MQTT,71.168,25.9,3.272,6.85,1.1951
env_sensor-501,MQTT,54.416,13.34,2.029,0.05,1.1399
env_sensor-501,MQTT,93.457,37.082,3.211,3.406,1.6758
env_sensor-501,MQTT,75.467,6.126,4.691,4.865,2.1077
actuator-502,CoAP,113.316,21.583,3.441,5.637,1.3805
actuator-502,CoAP,132.375,1.0,12.385,1.228,1.406
actuator-502,CoAP,72.004,17.166,8.486,7.825,0.7282
actuator-502,CoAP,134.116,8.632,0.214,5.364,1.6783
actuator-502,CoAP,105.717,28.518,6.509,9.678,0.0745
actuator-502,CoAP,118.11,7.866,8.447,2.325,0.0
actuator-502,CoAP,121.575,26.302,9.965,5.782,1.3389
actuator-502,CoAP,148.688,1.0,3.659,3.662,2.016
actuator-502,CoAP,118.731,14.231,10.653,12.448,1.5514
actuator-502,CoAP,87.941,7.93,3.323,8.44,0.1818
actuator-502,CoAP,64.292,19.375,5.44,5.592,0.7428
camera-503,HTTPS,1659.401,91.526,7.028,120.923,0.0
camera-503,HTTPS,1469.506,72.083,0.882,94.169,0.4987
camera-503,HTTPS,1429.01,89.399,3.558,140.245,0.3201
camera-503,HTTPS,1447.709,51.991,4.018,91.91,0.7091
camera-503,HTTPS,1533.953,56.929,0.1,94.555,0.2519
camera-503,HTTPS,2250.69,33.95,6.432,130.782,0.1407
camera-503,HTTPS,1852.502,77.463,0.542,116.172,0.3363
camera-503,HTTPS,2262.031,56.101,3.666,82.13,0.6562
camera-503,HTTPS,1847.857,35.287,3.879,113.338,0.3161
camera-503,HTTPS,503.328,93.356,6.635,162.393,0.8193
camera-503,HTTPS,1187.824,60.814,6.756,88.544,0.3371
gateway-504,HTTPS,553.721,37.4,3.605,64.652,0.3273
gateway-504,HTTPS,508.671,64.058,5.602,60.799,1.9365
gateway-504,HTTPS,469.614,48.376,5.898,50.203,0.9587
gateway-504,HTTPS,144.925,38.161,8.931,8.607,0.0
gateway-504,HTTPS,8.0,49.011,10.883,55.762,0.6717
gateway-504,HTTPS,812.579,50.524,15.44,136.942,0.3724
gateway-504,HTTPS,205.339,14.183,7.281,38.373,2.0226
gateway-504,HTTPS,591.655,42.776,9.968,0.05,0.6463
smart_meter-505,CoAP,30.956,252.856,1.767,0.947,1.9325
smart_meter-505,CoAP,24.304,67.208,0.358,0.405,2.6551
smart_meter-505,CoAP,17.01,98.794,2.175,0.175,1.8034
smart_meter-505,CoAP,8.0,179.034,0.1,0.559,7.135
env_sensor-506,MQTT,107.486,37.721,3.827,7.017,0.0
env_sensor-506,MQTT,82.43,34.455,2.557,5.308,2.5165
env_sensor-506,MQTT,40.775,11.877,1.447,3.87,0.8282
env_sensor-506,MQTT,94.899,13.621,0.484,6.741,0.2945
env_sensor-506,MQTT,76.522,22.993,2.766,5.072,0.0
env_sensor-506,MQTT,95.764,29.326,1.1,2.236,0.7151
env_sensor-506,MQTT,40.82,13.902,5.089,8.045,2.919
env_sensor-506,MQTT,79.065,23.725,3.109,6.351,2.5052
env_sensor-506,MQTT,77.643,15.672,4.377,8.517,0.9473
actuator-507,LoRaWAN,69.015,20.39,10.333,11.012,1.4151
actuator-507,LoRaWAN,71.88,31.38,10.017,12.44,0.223
actuator-507,LoRaWAN,126.59,26.171,8.24,6.832,1.8861
actuator-507,LoRaWAN,125.79,10.441,5.3,9.382,0.0
actuator-507,LoRaWAN,69.797,11.584,2.558,12.427,0.1606
camera-508,HTTPS,925.379,69.379,2.297,169.352,0.9943
camera-508,HTTPS,2302.145,49.4,5.414,135.099,1.2359
camera-508,HTTPS,2244.344,41.086,0.166,193.424,1.4029
camera-508,HTTPS,1612.009,50.811,9.355,135.045,0.7527
camera-508,HTTPS,1104.191,66.083,1.678,156.886,0.7612
camera-508,HTTPS,2067.428,14.803,2.698,27.519,0.656
gateway-509,CoAP,855.42,13.699,8.939,26.214,1.8003
gateway-509,CoAP,1338.516,33.754,2.782,22.195,0.3087
gateway-509,CoAP,306.579,44.987,0.3,91.833,2.2472
gateway-509,CoAP,1649.616,5.733,12.535,49.74,0.6148
gateway-509,CoAP,1708.051,38.982,12.422,0.05,0.9213
gateway-509,CoAP,519.475,32.711,0.1,48.193,0.0
gateway-509,CoAP,1060.545,49.215,11.358,21.482,1.9997
gateway-509,CoAP,728.785,60.407,1.288,27.804,0.0
gateway-509,CoAP,925.329,30.159,13.198,53.356,1.7629
gateway-509,CoAP,632.094,39.884,8.348,89.125,0.0
smart_meter-510,MQTT,28.147,61.605,4.552,0.085,6.1057
smart_meter-510,MQTT,28.73,182.581,0.1,0.337,2.2344
smart_meter-510,MQTT,22.459,133.246,1.965,0.05,5.2719
smart_meter-510,MQTT,25.049,241.609,3.48,0.317,4.8851
smart_meter-510,MQTT,34.219,109.017,0.1,0.407,1.8821
smart_meter-510,MQTT,19.561,143.204,3.085,0.05,5.2382
smart_meter-510,MQTT,30.828,213.429,4.372,0.173,2.1169
smart_meter-510,MQTT,19.487,209.644,4.47,1.193,0.6871
smart_meter-510,MQTT,31.857,35.308,2.372,0.54,3.7066
smart_meter-510,MQTT,27.18,143.895,3.799,0.244,6.5096
env_sensor-511,MQTT,99.716,55.89,5.441,6.594,1.3639
env_sensor-511,MQTT,99.273,25.745,3.29,8.341,1.6388
env_sensor-511,MQTT,94.927,26.087,3.884,4.723,0.1845
env_sensor-511,MQTT,58.297,25.604,1.359,0.05,1.1593
env_sensor-511,MQTT,111.148,22.765,1.503,2.661,0.9239
env_sensor-511,MQTT,43.382,30.439,1.881,4.069,2.1607
env_sensor-511,MQTT,66.005,10.647,2.133,1.584,2.5938
env_sensor-511,MQTT,76.69,39.422,3.55,4.98,0.2081
env_sensor-511,MQTT,50.165,1.0,0.794,2.978,0.518
actuator-512,MQTT,117.015,12.812,5.565,7.701,0.2179
actuator-512,MQTT,63.13,25.604,6.62,10.247,0.3043
actuator-512,MQTT,142.854,18.217,7.929,13.561,1.0756
actuator-512,MQTT,105.43,26.232,3.657,8.423,1.0634
camera-513,MQTT,2051.872,69.871,2.935,51.298,0.5325
camera-513,MQTT,1214.656,40.243,2.139,153.736,0.8438
camera-513,MQTT,192.802,18.956,6.325,224.027,1.2273
camera-513,MQTT,1445.951,49.417,2.76,185.953,0.4567
camera-513,MQTT,1049.796,48.605,5.676,139.116,0.8414
camera-513,MQTT,1307.21,108.221,2.064,144.099,1.3431
gateway-514,MQTT,1692.027,1.0,6.204,0.05,0.2461
gateway-514,MQTT,1033.377,80.285,10.498,0.05,2.1525
gateway-514,MQTT,1411.983,63.732,11.385,80.862,2.2309
gateway-514,MQTT,1476.594,77.956,11.757,0.05,2.5011
gateway-514,MQTT,777.508,66.439,0.1,3.551,0.0
gateway-514,MQTT,784.236,62.171,8.218,116.245,0.0
smart_meter-515,MQTT,33.261,177.964,0.956,0.441,4.2032
smart_meter-515,MQTT,27.483,155.242,0.457,0.846,1.6408
smart_meter-515,MQTT,37.084,307.202,2.834,0.174,2.7073
smart_meter-515,MQTT,27.79,210.932,2.005,0.141,4.9458
smart_meter-515,MQTT,22.388,200.155,5.052,0.116,0.0
smart_meter-515,MQTT,31.6,177.293,3.115,0.599,3.6262
smart_meter-515,MQTT,35.614,109.534,3.966,0.505,4.8653
env_sensor-516,MQTT,86.256,36.335,3.829,2.877,2.9007
env_sensor-516,MQTT,71.264,40.122,2.199,9.961,0.7805
env_sensor-516,MQTT,99.261,23.574,5.248,5.145,0.2422
env_sensor-516,MQTT,32.139,28.223,3.341,4.089,3.0947
env_sensor-516,MQTT,78.832,31.932,1.087,0.973,2.3509
env_sensor-516,MQTT,60.819,29.162,1.253,6.353,1.5629
env_sensor-516,MQTT,100.738,32.6,2.91,4.894,1.5739
env_sensor-516,MQTT,63.016,8.352,3.857,5.981,1.1046
env_sensor-516,MQTT,79.201,25.867,0.1,0.05,1.9775
env_sensor-516,MQTT,84.768,11.679,4.4,2.692,2.0036
actuator-517,CoAP,138.42,11.044,1.867,14.756,0.0
actuator-517,CoAP,112.635,29.552,6.485,6.178,0.0151
actuator-517,CoAP,124.7,18.449,6.958,13.025,1.2817
actuator-517,CoAP,116.957,23.396,0.532,7.614,0.0
actuator-517,CoAP,90.859,15.013,2.616,8.549,0.048
actuator-517,CoAP,164.036,3.617,14.686,9.641,1.3174
actuator-517,CoAP,103.044,2.014,5.698,6.583,1.208
actuator-517,CoAP,101.338,16.589,3.758,9.454,1.5022
actuator-517,CoAP,91.077,18.41,4.63,14.099,0.1518
actuator-517,CoAP,78.928,20.828,3.223,12.352,0.9088
camera-518,HTTPS,2144.848,65.599,3.69,123.153,1.3827
camera-518,HTTPS,95.318,91.171,7.216,125.345,0.0366
camera-518,HTTPS,1769.34,44.986,2.879,69.209,0.8541
camera-518,HTTPS,2232.201,72.834,2.676,112.762,0.2695
camera-518,HTTPS,1940.601,30.165,4.831,76.5,0.5088
camera-518,HTTPS,888.412,80.79,3.304,125.382,1.1582
camera-518,HTTPS,1534.754,43.913,5.894,174.899,0.5282
gateway-519,LoRaWAN,1771.636,25.895,0.1,39.435,1.184
gateway-519,LoRaWAN,604.449,50.556,0.1,93.96,0.815
gateway-519,LoRaWAN,848.826,50.178,10.529,90.675,0.6281
gateway-519,LoRaWAN,628.229,37.85,3.769,80.561,0.0
gateway-519,LoRaWAN,1329.062,55.546,9.507,70.27,0.915
gateway-519,LoRaWAN,482.245,32.908,15.181,47.09,0.3863
gateway-519,LoRaWAN,877.583,67.823,8.213,55.011,1.5171
gateway-519,LoRaWAN,1921.007,61.187,3.567,91.728,0.3956
gateway-519,LoRaWAN,123.957,48.365,9.41,143.663,1.8858
gateway-519,LoRaWAN,1078.935,42.738,20.008,29.307,1.6449
smart_meter-520,LoRaWAN,20.277,152.315,1.289,0.486,3.2765
smart_meter-520,LoRaWAN,32.133,144.348,1.972,0.05,5.2367
smart_meter-520,LoRaWAN,32.255,146.85,1.108,0.505,1.0019
smart_meter-520,LoRaWAN,25.737,202.789,2.033,0.555,5.6685
smart_meter-520,LoRaWAN,37.284,215.353,1.469,0.05,4.2028
smart_meter-520,LoRaWAN,19.524,229.486,2.138,0.05,2.8964
smart_meter-520,LoRaWAN,25.974,145.22,0.374,0.05,2.1635
smart_meter-520,LoRaWAN,31.849,33.574,3.218,0.05,2.6617
env_sensor-521,MQTT,71.978,27.923,1.058,0.671,0.0
env_sensor-521,MQTT,68.886,38.926,5.636,5.08,0.9668
env_sensor-521,MQTT,91.704,38.021,0.1,2.454,0.5808
env_sensor-521,MQTT,71.019,29.133,1.066,3.103,0.171
actuator-522,MQTT,80.084,1.0,1.832,9.008,0.8676
actuator-522,MQTT,173.574,11.822,7.401,4.204,0.5192
actuator-522,MQTT,118.386,24.482,7.44,12.337,0.5763
actuator-522,MQTT,83.148,25.182,9.829,15.352,0.0
actuator-522,MQTT,57.319,22.872,5.23,0.05,0.0
actuator-522,MQTT,115.388,15.586,6.313,6.872,1.4794
actuator-522,MQTT,93.109,25.266,12.839,8.311,1.5165
actuator-522,MQTT,95.337,13.136,9.75,9.981,1.1389
actuator-522,MQTT,48.109,11.843,7.65,7.553,0.0
actuator-522,MQTT,67.938,30.199,1.702,8.284,0.9864
camera-523,LoRaWAN,1718.679,44.802,3.596,99.794,0.419
camera-523,LoRaWAN,266.425,41.115,4.968,106.28,0.1887
camera-523,LoRaWAN,1444.056,63.359,5.89,69.512,0.7391
camera-523,LoRaWAN,1637.455,28.207,0.1,154.614,0.6777
camera-523,LoRaWAN,1681.778,75.203,2.152,275.458,0.158
camera-523,LoRaWAN,1954.199,106.093,3.805,107.732,0.7295
camera-523,LoRaWAN,992.64,105.099,6.014,133.362,0.0843
camera-523,LoRaWAN,1525.361,56.472,0.1,160.95,0.0
camera-523,LoRaWAN,2597.614,69.518,4.846,180.863,0.2205
camera-523,LoRaWAN,2583.86,92.665,3.633,221.802,0.4019
camera-523,LoRaWAN,1087.637,34.545,4.33,108.668,0.4572
gateway-524,CoAP,1207.624,44.162,17.519,12.022,0.9439
gateway-524,CoAP,892.701,51.739,7.222,91.233,0.7773
gateway-524,CoAP,576.4,43.257,9.083,51.934,3.4112
gateway-524,CoAP,1992.718,15.69,12.634,17.96,2.4469
gateway-524,CoAP,635.248,4.493,19.139,38.353,0.7878
gateway-524,CoAP,1125.571,49.818,11.422,34.647,2.4196
gateway-524,CoAP,1299.026,52.57,3.186,58.363,0.8099
smart_meter-525,LoRaWAN,26.92,108.831,0.1,1.103,4.8475
smart_meter-525,LoRaWAN,31.239,235.067,2.898,0.735,0.0434
smart_meter-525,LoRaWAN,34.84,369.948,2.681,0.557,1.8829
smart_meter-525,LoRaWAN,26.958,229.198,1.638,0.194,1.2596
smart_meter-525,LoRaWAN,35.381,172.085,3.662,0.05,1.4886
smart_meter-525,LoRaWAN,30.641,190.515,3.96,0.438,6.4521
smart_meter-525,LoRaWAN,20.687,175.717,1.47,0.05,1.1625
smart_meter-525,LoRaWAN,29.254,118.541,3.793,0.131,1.7003
smart_meter-525,LoRaWAN,31.306,135.668,0.88,0.583,7.8059
smart_meter-525,LoRaWAN,25.049,147.523,0.848,0.418,2.5416
smart_meter-525,LoRaWAN,26.699,121.076,4.303,0.069,0.1274
env_sensor-526,LoRaWAN,39.455,6.078,1.425,5.949,2.2333
env_sensor-526,LoRaWAN,68.915,32.415,3.526,1.552,2.1853
env_sensor-526,LoRaWAN,94.986,24.993,1.389,1.821,0.9759
env_sensor-526,LoRaWAN,92.35,38.712,7.617,6.49,1.2042
env_sensor-526,LoRaWAN,71.513,20.937,0.1,3.105,1.5582
env_sensor-526,LoRaWAN,91.767,17.339,0.1,3.088,0.0
env_sensor-526,LoRaWAN,107.738,3.221,5.748,8.578,1.4544
env_sensor-526,LoRaWAN,73.772,42.311,0.319,5.513,2.5513
env_sensor-526,LoRaWAN,106.264,20.037,3.437,8.724,3.113
actuator-527,LoRaWAN,146.562,16.404,9.071,12.839,1.1384
actuator-527,LoRaWAN,110.596,16.243,8.943,8.8,1.1266
actuator-527,LoRaWAN,136.498,13.254,4.333,9.661,0.3514
actuator-527,LoRaWAN,92.363,11.927,6.39,4.473,0.2128
actuator-527,LoRaWAN,122.662,21.623,1.827,8.184,0.3813
actuator-527,LoRaWAN,74.287,21.464,6.203,7.329,0.7058
actuator-527,LoRaWAN,143.213,9.079,7.047,0.144,0.0
actuator-527,LoRaWAN,111.93,19.6,1.127,8.755,0.7202
actuator-527,LoRaWAN,122.381,24.568,10.97,12.902,1.3584
camera-528,HTTPS,1591.143,44.69,3.599,198.112,0.9139
camera-528,HTTPS,2284.077,27.192,4.127,143.694,1.2608
camera-528,HTTPS,1723.303,61.726,4.909,195.235,0.2323
camera-528,HTTPS,906.265,67.013,0.831,78.993,0.7801
camera-528,HTTPS,881.664,44.866,4.469,124.836,0.5104
camera-528,HTTPS,1191.399,39.204,7.364,129.312,0.8446
camera-528,HTTPS,1085.796,63.075,3.749,73.612,0.1091
camera-528,HTTPS,1661.991,58.254,6.003,188.561,1.0038
camera-528,HTTPS,1554.057,45.718,1.339,130.007,1.2891
camera-528,HTTPS,1994.614,23.608,8.89,17.267,0.6344
camera-528,HTTPS,1342.563,57.393,0.1,0.05,0.7284
gateway-529,HTTPS,943.175,48.539,0.1,0.05,1.7768
gateway-529,HTTPS,718.353,1.0,5.108,82.604,2.055
gateway-529,HTTPS,1355.655,54.064,8.735,128.615,0.0388
gateway-529,HTTPS,755.478,40.548,0.1,4.434,2.273
gateway-529,HTTPS,358.957,57.928,5.256,0.05,0.4405
gateway-529,HTTPS,1370.379,67.126,13.289,69.293,2.6229
gateway-529,HTTPS,891.349,48.595,13.044,62.579,0.586
gateway-529,HTTPS,824.437,58.228,0.1,30.828,0.0465
gateway-529,HTTPS,1751.969,42.882,1.769,120.138,0.0
gateway-529,HTTPS,1167.596,57.807,2.382,10.389,1.1861
gateway-529,HTTPS,395.224,60.21,2.897,12.312,0.0
smart_meter-530,LoRaWAN,29.921,46.679,3.158,0.869,2.3689
smart_meter-530,LoRaWAN,20.829,172.851,1.097,0.393,4.4355
smart_meter-530,LoRaWAN,16.272,133.398,2.804,0.724,1.2947
smart_meter-530,LoRaWAN,39.598,115.382,1.964,0.289,3.5657
smart_meter-530,LoRaWAN,19.783,272.237,1.96,0.648,3.5474
smart_meter-530,LoRaWAN,44.867,218.148,3.742,0.775,5.1674
smart_meter-530,LoRaWAN,24.452,235.002,2.063,0.678,3.9001
smart_meter-530,LoRaWAN,24.7,96.017,0.1,0.545,3.966
smart_meter-530,LoRaWAN,25.432,248.49,4.538,0.207,0.0574
smart_meter-530,LoRaWAN,27.131,208.321,1.337,0.265,5.8321
env_sensor-531,MQTT,80.508,1.28,0.1,8.201,1.4464
env_sensor-531,MQTT,69.192,17.864,0.924,7.249,2.1952
env_sensor-531,MQTT,56.096,53.915,3.918,0.813,1.0881
env_sensor-531,MQTT,90.382,37.842,0.517,4.969,1.2761
env_sensor-531,MQTT,81.32,23.184,0.1,0.05,0.6104
env_sensor-531,MQTT,39.243,11.735,3.988,0.421,1.4422
env_sensor-531,MQTT,73.019,28.793,1.557,1.976,0.4517
env_sensor-531,MQTT,57.5,43.038,6.894,1.393,1.9882
actuator-532,LoRaWAN,103.284,26.997,4.634,11.47,0.6124
actuator-532,LoRaWAN,148.434,23.145,9.361,2.478,1.0911
actuator-532,LoRaWAN,132.805,11.027,10.919,8.188,0.575
actuator-532,LoRaWAN,140.519,20.559,7.304,10.429,1.6893
actuator-532,LoRaWAN,133.256,1.0,3.134,14.234,0.6101
actuator-532,LoRaWAN,110.73,24.26,5.264,11.618,0.4777
actuator-532,LoRaWAN,120.454,32.451,4.262,6.046,0.8295
camera-533,MQTT,1941.259,31.41,0.769,120.829,0.9364
camera-533,MQTT,1697.169,75.6,1.282,222.24,1.0332
camera-533,MQTT,1043.496,59.343,2.345,44.989,0.9439
camera-533,MQTT,2342.487,45.258,3.621,157.769,0.7072
camera-533,MQTT,319.312,37.184,1.451,228.35,0.0505
gateway-534,HTTPS,36.124,59.899,5.77,73.585,0.8168
gateway-534,HTTPS,1068.287,24.929,9.318,93.48,1.1653
gateway-534,HTTPS,232.868,61.722,15.004,105.308,0.6041
gateway-534,HTTPS,233.581,55.867,10.038,57.207,1.197
gateway-534,HTTPS,818.206,31.143,4.915,32.84,0.8392
gateway-534,HTTPS,295.814,46.56,6.929,44.97,0.8362
gateway-534,HTTPS,1557.257,75.684,16.782,50.073,0.8315
gateway-534,HTTPS,1535.555,37.782,12.423,0.05,2.6838
smart_meter-535,LoRaWAN,29.889,1.0,0.235,0.105,0.3179
smart_meter-535,LoRaWAN,25.265,206.356,1.167,0.948,4.3969
smart_meter-535,LoRaWAN,21.631,200.307,0.879,0.329,0.2347
smart_meter-535,LoRaWAN,29.15,145.235,1.762,0.924,6.4017
smart_meter-535,LoRaWAN,36.707,166.449,2.239,0.434,4.3457
smart_meter-535,LoRaWAN,33.786,156.767,2.612,0.456,6.9784
smart_meter-535,LoRaWAN,34.435,174.761,1.33,0.866,2.6276
smart_meter-535,LoRaWAN,32.384,219.563,3.774,0.544,3.6687
smart_meter-535,LoRaWAN,28.736,214.458,1.856,0.602,3.2414
smart_meter-535,LoRaWAN,21.519,186.01,2.933,0.355,4.9107
env_sensor-536,MQTT,56.064,25.828,0.1,4.029,1.0913
env_sensor-536,MQTT,62.595,30.388,3.948,5.237,2.3656
env_sensor-536,MQTT,98.643,16.247,1.909,11.175,0.4149
env_sensor-536,MQTT,86.869,36.002,2.273,0.58,0.4688
env_sensor-536,MQTT,90.528,1.0,5.159,0.05,1.577
actuator-537,MQTT,147.691,2.011,9.38,1.447,1.6591
actuator-537,MQTT,60.937,11.248,3.905,7.056,0.0
actuator-537,MQTT,144.532,12.261,5.159,7.755,0.7408
actuator-537,MQTT,95.686,1.071,7.214,10.274,0.1605
actuator-537,MQTT,140.987,28.037,5.88,10.217,0.3611
actuator-537,MQTT,130.137,7.151,7.822,0.05,1.8698
actuator-537,MQTT,127.369,35.975,7.52,2.137,0.4516
actuator-537,MQTT,131.098,21.739,4.068,6.521,0.0
actuator-537,MQTT,142.237,27.948,3.528,9.119,1.6868
camera-538,MQTT,2283.384,33.215,0.1,54.147,0.203
camera-538,MQTT,2020.307,53.992,0.1,3.34,0.9529
camera-538,MQTT,2341.699,54.461,3.504,58.331,0.2565
camera-538,MQTT,1492.392,59.653,4.9,86.027,0.1493
camera-538,MQTT,1144.352,76.19,4.391,158.053,0.076
camera-538,MQTT,2048.357,45.761,6.198,40.351,0.911
camera-538,MQTT,1654.236,69.427,6.588,152.25,0.822
camera-538,MQTT,545.851,42.271,1.67,174.843,0.421
camera-538,MQTT,1043.822,47.563,4.293,111.111,0.6005
camera-538,MQTT,1056.897,77.753,3.586,172.64,0.1326
gateway-539,MQTT,1268.934,6.342,8.431,76.826,1.7839
gateway-539,MQTT,372.408,10.279,9.652,81.514,1.3701
gateway-539,MQTT,370.192,34.569,0.1,50.909,0.0
gateway-539,MQTT,1837.358,67.058,12.064,78.304,0.1497
gateway-539,MQTT,707.58,74.558,7.993,42.437,0.6829
gateway-539,MQTT,524.621,38.28,0.1,29.855,0.0
gateway-539,MQTT,246.668,53.518,2.723,7.154,0.7673
gateway-539,MQTT,1215.331,30.441,10.089,44.671,1.0088
gateway-539,MQTT,1324.168,65.393,14.026,99.189,0.4217
gateway-539,MQTT,1536.826,48.699,5.283,18.803,0.2748
smart_meter-540,HTTPS,41.511,10.507,2.68,0.352,0.8151
smart_meter-540,HTTPS,26.201,240.017,1.312,0.135,6.8335
smart_meter-540,HTTPS,35.993,254.095,1.79,0.077,5.3697
smart_meter-540,HTTPS,25.527,201.546,1.334,0.05,5.5064
smart_meter-540,HTTPS,36.789,80.477,3.551,0.37,3.957
smart_meter-540,HTTPS,21.354,130.185,2.736,0.416,0.4421
smart_meter-540,HTTPS,19.29,161.925,2.738,0.366,3.4157
smart_meter-540,HTTPS,27.746,139.64,1.872,1.016,6.26
smart_meter-540,HTTPS,34.678,150.669,1.649,0.209,2.4901
smart_meter-540,HTTPS,22.518,251.496,2.407,0.247,2.1176
smart_meter-540,HTTPS,35.615,146.668,1.175,0.997,5.1401
env_sensor-541,MQTT,100.976,70.42,2.551,2.579,1.5884
env_sensor-541,MQTT,81.875,36.557,3.548,0.486,1.0541
env_sensor-541,MQTT,104.957,37.737,3.455,0.05,0.3035
env_sensor-541,MQTT,19.175,24.917,0.155,1.874,0.977
env_sensor-541,MQTT,95.464,20.057,2.798,4.182,1.6234
env_sensor-541,MQTT,99.37,34.717,4.368,9.382,1.2774
env_sensor-541,MQTT,55.642,15.47,3.491,5.696,1.7719
env_sensor-541,MQTT,141.253,20.276,0.641,5.789,1.3309
env_sensor-541,MQTT,98.258,9.095,0.1,1.487,3.4836
env_sensor-541,MQTT,48.654,21.989,7.261,8.508,1.9838
actuator-542,MQTT,175.187,26.279,1.112,7.319,0.2554
actuator-542,MQTT,107.652,21.295,0.1,8.781,0.8549
actuator-542,MQTT,144.662,15.969,4.558,10.699,1.009
actuator-542,MQTT,148.863,21.95,0.743,10.984,1.1502
camera-543,CoAP,573.306,83.191,4.719,167.906,0.6348
camera-543,CoAP,2685.154,45.369,1.421,107.73,1.2157
camera-543,CoAP,689.28,97.252,0.587,50.628,0.5509
camera-543,CoAP,329.054,77.254,0.992,150.284,0.617
camera-543,CoAP,543.744,106.674,3.492,86.039,0.3036
camera-543,CoAP,2067.007,49.287,9.027,74.554,0.3768
camera-543,CoAP,2123.842,35.382,4.113,67.89,0.4077
camera-543,CoAP,1339.909,68.964,4.054,193.692,0.4869
camera-543,CoAP,1103.927,62.937,2.588,82.774,0.8804
camera-543,CoAP,8.0,58.018,0.931,43.379,1.6249
gateway-544,HTTPS,279.22,70.548,4.004,80.894,1.6436
gateway-544,HTTPS,628.264,39.895,5.233,19.962,1.0389
gateway-544,HTTPS,1919.949,56.361,7.261,11.705,0.8592
gateway-544,HTTPS,683.119,57.557,11.574,82.15,1.8311
gateway-544,HTTPS,603.959,45.248,9.64,37.174,1.1579
gateway-544,HTTPS,1068.596,25.466,8.807,53.144,0.9621
gateway-544,HTTPS,1856.158,63.434,7.745,65.614,0.0
smart_meter-545,CoAP,30.784,147.284,1.881,0.449,1.6751
smart_meter-545,CoAP,25.467,150.28,4.365,0.333,3.9948
smart_meter-545,CoAP,32.206,253.753,4.265,0.05,2.9112
smart_meter-545,CoAP,31.448,172.097,0.252,0.599,0.0
smart_meter-545,CoAP,29.603,120.704,1.325,0.436,0.4159
smart_meter-545,CoAP,42.531,103.057,2.998,0.332,4.7078
smart_meter-545,CoAP,36.944,97.862,0.59,0.05,4.6816
smart_meter-545,CoAP,45.062,187.434,1.977,0.625,1.5886
smart_meter-545,CoAP,33.587,123.933,2.972,0.84,3.0566
env_sensor-546,MQTT,85.656,45.259,2.357,0.966,0.0
env_sensor-546,MQTT,64.961,22.729,4.801,2.404,1.9869
env_sensor-546,MQTT,73.363,11.488,2.007,2.264,1.9581
env_sensor-546,MQTT,53.717,14.047,4.673,0.05,2.2666
env_sensor-546,MQTT,108.357,27.321,2.721,1.017,0.6213
env_sensor-546,MQTT,54.839,12.734,3.77,4.75,1.9384
env_sensor-546,MQTT,90.109,20.715,3.326,6.422,2.0061
env_sensor-546,MQTT,67.073,47.186,0.5,3.501,0.5785
actuator-547,MQTT,72.19,14.233,6.929,2.539,0.8779
actuator-547,MQTT,151.163,29.837,10.187,10.308,0.4783
actuator-547,MQTT,96.342,7.069,7.97,1.901,0.0
actuator-547,MQTT,105.098,33.453,8.576,5.333,0.0
actuator-547,MQTT,92.912,16.87,7.679,15.323,1.2273
actuator-547,MQTT,91.633,1.237,7.02,9.784,1.1305
actuator-547,MQTT,101.099,23.774,11.294,9.919,1.283
actuator-547,MQTT,209.138,15.781,6.655,8.291,0.439
actuator-547,MQTT,84.835,22.783,1.601,9.945,1.2974
camera-548,HTTPS,1726.876,67.44,5.878,176.236,1.2832
camera-548,HTTPS,628.012,33.822,2.73,124.31,0.5245
camera-548,HTTPS,1432.455,63.378,2.392,176.333,0.6877
camera-548,HTTPS,1651.657,31.287,5.733,229.81,0.0
camera-548,HTTPS,491.142,51.936,1.785,128.59,0.7219
camera-548,HTTPS,589.081,74.262,0.1,123.414,0.9307
camera-548,HTTPS,1341.594,90.926,0.858,197.79,1.2066
camera-548,HTTPS,2649.067,45.291,2.877,128.461,0.0221
camera-548,HTTPS,1742.023,30.863,2.938,161.391,0.3842
camera-548,HTTPS,2239.907,43.345,3.854,193.135,0.5827
camera-548,HTTPS,1553.393,50.102,6.042,89.206,0.4659
gateway-549,CoAP,962.504,52.939,6.129,28.212,1.8965
gateway-549,CoAP,167.791,47.911,13.71,80.936,0.9706
gateway-549,CoAP,1391.538,33.407,13.334,116.284,2.0744
gateway-549,CoAP,816.191,69.388,13.499,72.562,1.286
gateway-549,CoAP,464.322,59.199,11.709,66.188,1.5049
gateway-549,CoAP,871.207,33.508,8.934,100.306,0.2386
gateway-549,CoAP,303.694,50.093,12.648,75.186,1.8492
gateway-549,CoAP,445.772,43.133,3.448,118.609,1.4422
smart_meter-550,CoAP,22.944,316.328,2.57,0.86,3.9042
smart_meter-550,CoAP,28.787,115.059,0.687,0.319,5.2783
smart_meter-550,CoAP,21.984,124.831,2.775,0.807,3.1547
smart_meter-550,CoAP,20.45,189.129,0.177,0.75,3.1216
smart_meter-550,CoAP,30.355,236.272,5.019,0.378,3.3249
smart_meter-550,CoAP,15.821,166.697,2.694,0.554,5.2269
env_sensor-551,CoAP,51.215,37.81,5.071,0.404,0.4215
env_sensor-551,CoAP,130.124,57.208,2.221,0.961,1.2375
env_sensor-551,CoAP,103.966,39.135,2.259,7.111,0.0
env_sensor-551,CoAP,77.38,20.855,6.871,2.438,0.0
env_sensor-551,CoAP,77.084,29.177,2.127,5.905,1.247
env_sensor-551,CoAP,49.61,46.549,2.55,1.863,1.7489
env_sensor-551,CoAP,65.232,18.457,3.356,7.355,0.8339
env_sensor-551,CoAP,39.699,13.926,5.555,4.909,1.0132
env_sensor-551,CoAP,91.783,19.423,1.681,4.827,2.3864
env_sensor-551,CoAP,51.6,47.717,3.257,6.474,1.853
actuator-552,MQTT,136.588,27.24,7.376,13.626,1.4386
actuator-552,MQTT,145.729,26.36,7.038,9.429,1.1205
actuator-552,MQTT,165.864,15.865,7.66,6.511,0.6855
actuator-552,MQTT,92.89,7.291,2.333,9.107,0.0
actuator-552,MQTT,133.542,18.789,8.738,4.519,1.0286
actuator-552,MQTT,127.409,22.851,0.355,11.817,1.4645
camera-553,CoAP,1131.914,87.642,5.3,178.975,0.1163
camera-553,CoAP,2138.451,74.54,4.018,106.233,0.587
camera-553,CoAP,940.678,71.589,2.828,136.011,0.0
camera-553,CoAP,953.051,95.411,5.457,141.548,1.5515
camera-553,CoAP,1150.106,24.423,6.649,23.494,0.9273
camera-553,CoAP,916.538,102.044,2.583,205.189,0.0173
camera-553,CoAP,470.777,58.715,4.155,95.042,0.8229
camera-553,CoAP,1537.063,39.789,4.491,78.606,0.8727
camera-553,CoAP,1886.617,71.823,2.499,72.6,0.5895
camera-553,CoAP,2420.29,94.935,4.49,87.46,0.5074
gateway-554,CoAP,671.082,61.713,21.041,80.266,2.3174
gateway-554,CoAP,225.121,43.546,2.4,67.638,1.2327
gateway-554,CoAP,315.315,78.604,12.082,0.05,0.8741
gateway-554,CoAP,576.84,33.217,0.1,77.853,0.9087
smart_meter-555,LoRaWAN,23.323,158.858,2.51,0.622,3.6077
smart_meter-555,LoRaWAN,21.9,199.872,3.896,0.54,6.1236
smart_meter-555,LoRaWAN,23.703,176.309,1.207,0.059,2.3315
smart_meter-555,LoRaWAN,15.097,125.375,0.833,0.788,3.396
smart_meter-555,LoRaWAN,17.138,158.076,4.005,0.54,1.86
smart_meter-555,LoRaWAN,10.705,180.276,0.828,0.942,2.8395
smart_meter-555,LoRaWAN,26.363,265.445,4.505,0.05,4.7922
env_sensor-556,MQTT,75.75,18.605,4.157,3.467,0.9811
env_sensor-556,MQTT,24.416,17.202,3.679,3.67,1.081
env_sensor-556,MQTT,87.927,53.655,2.592,0.05,0.0
env_sensor-556,MQTT,65.302,18.029,3.073,0.05,1.7318
env_sensor-556,MQTT,81.57,27.954,3.991,6.432,0.9482
env_sensor-556,MQTT,58.696,15.019,2.407,4.825,0.0
env_sensor-556,MQTT,52.071,31.903,1.892,1.916,1.6358
env_sensor-556,MQTT,58.601,36.891,1.512,7.458,2.0391
env_sensor-556,MQTT,61.616,39.005,5.171,0.05,3.0018
actuator-557,MQTT,101.738,18.893,6.775,9.003,0.4788
actuator-557,MQTT,145.305,11.645,4.65,5.442,1.5379
actuator-557,MQTT,111.661,17.915,2.534,8.231,1.4978
actuator-557,MQTT,162.928,9.893,5.95,14.134,0.8049
actuator-557,MQTT,139.127,24.017,3.316,0.128,0.6096
camera-558,HTTPS,2382.568,58.119,6.784,227.374,0.9314
camera-558,HTTPS,2076.765,70.454,6.747,160.158,0.581
camera-558,HTTPS,1977.592,71.847,5.275,180.29,0.6765
camera-558,HTTPS,1731.92,46.946,1.42,161.949,1.1605
camera-558,HTTPS,370.065,30.613,3.828,191.896,0.0881
camera-558,HTTPS,1724.118,54.422,5.53,159.14,0.5496
camera-558,HTTPS,588.392,26.46,0.1,141.318,0.6161
camera-558,HTTPS,2391.446,52.207,8.985,118.394,0.3219
camera-558,HTTPS,2036.528,30.271,3.74,113.117,0.3129
camera-558,HTTPS,520.909,121.247,3.012,67.212,0.0
gateway-559,MQTT,1475.025,28.653,7.02,87.858,0.0
gateway-559,MQTT,1329.259,29.255,12.631,59.074,1.0435
gateway-559,MQTT,130.505,18.132,3.294,12.238,1.7436
gateway-559,MQTT,1907.154,53.947,6.545,153.874,0.0661
gateway-559,MQTT,1662.452,53.7,10.428,61.267,0.5032
gateway-559,MQTT,131.427,44.239,13.688,72.866,1.9065
gateway-559,MQTT,873.745,64.324,11.176,77.331,0.7429
gateway-559,MQTT,856.011,37.336,4.636,23.966,0.7477
smart_meter-560,LoRaWAN,38.584,268.133,1.809,0.679,1.8814
smart_meter-560,LoRaWAN,33.693,140.388,1.626,0.598,4.2534
smart_meter-560,LoRaWAN,25.034,295.005,3.928,0.106,1.2111
smart_meter-560,LoRaWAN,33.214,186.061,0.1,0.852,1.7645
smart_meter-560,LoRaWAN,36.902,169.433,0.867,0.938,4.8486
smart_meter-560,LoRaWAN,29.914,193.059,1.805,0.348,4.0041
smart_meter-560,LoRaWAN,39.335,240.702,1.244,0.05,3.1286
smart_meter-560,LoRaWAN,37.69,243.304,1.77,0.286,4.9457
env_sensor-561,MQTT,40.146,26.272,3.02,6.074,0.9058
env_sensor-561,MQTT,80.308,47.132,0.696,7.708,0.4055
env_sensor-561,MQTT,69.662,25.768,3.784,6.519,2.1063
env_sensor-561,MQTT,36.321,17.323,4.083,3.609,0.9521
env_sensor-561,MQTT,126.199,25.02,2.332,4.23,0.0
env_sensor-561,MQTT,69.561,38.498,0.1,7.592,0.552
env_sensor-561,MQTT,98.394,25.006,2.128,7.149,0.9189
env_sensor-561,MQTT,58.417,2.991,1.488,0.05,2.4866
env_sensor-561,MQTT,109.868,35.715,1.893,1.129,1.5541
env_sensor-561,MQTT,93.37,27.95,1.759,0.05,1.1664
env_sensor-561,MQTT,63.593,36.078,3.611,7.367,0.8582
actuator-562,HTTPS,151.893,20.127,5.15,12.017,1.8927
actuator-562,HTTPS,131.517,23.295,7.148,9.329,0.8256
actuator-562,HTTPS,112.817,15.545,3.791,8.819,0.9751
actuator-562,HTTPS,104.332,2.455,7.832,7.269,0.9524
actuator-562,HTTPS,151.839,12.091,5.207,15.046,0.3148
actuator-562,HTTPS,163.92,8.092,5.869,1.085,0.24
actuator-562,HTTPS,98.895,20.737,4.399,12.922,0.7922
actuator-562,HTTPS,101.56,15.972,10.047,6.018,0.2365
actuator-562,HTTPS,134.798,24.753,7.606,6.547,0.884
actuator-562,HTTPS,151.53,24.525,5.973,6.483,0.2108
actuator-562,HTTPS,77.229,21.593,7.225,7.04,0.6387
camera-563,HTTPS,1303.442,108.408,4.263,159.818,0.0
camera-563,HTTPS,2213.322,65.215,2.86,105.62,0.5099
camera-563,HTTPS,1690.868,55.334,1.185,98.811,0.337
camera-563,HTTPS,644.561,41.472,2.675,120.985,0.6433
gateway-564,CoAP,787.766,40.265,4.977,127.166,1.1506
gateway-564,CoAP,572.494,27.869,3.648,6.65,1.535
gateway-564,CoAP,349.068,50.783,0.849,20.151,1.5469
gateway-564,CoAP,8.0,40.684,9.561,124.915,1.1133
gateway-564,CoAP,8.0,34.611,10.55,84.296,0.9092
gateway-564,CoAP,211.004,47.034,19.579,70.586,0.2652
gateway-564,CoAP,1619.177,36.642,10.926,29.781,0.2084
gateway-564,CoAP,1144.494,42.743,8.815,33.805,1.3035
smart_meter-565,LoRaWAN,26.385,218.317,0.881,0.556,0.9295
smart_meter-565,LoRaWAN,23.956,189.608,2.62,0.455,3.3722
smart_meter-565,LoRaWAN,35.717,243.957,1.122,0.504,0.0
smart_meter-565,LoRaWAN,26.307,222.173,2.668,0.298,0.8604
smart_meter-565,LoRaWAN,28.077,165.708,2.155,0.3,2.4652
smart_meter-565,LoRaWAN,41.525,184.799,0.1,0.097,3.8435
smart_meter-565,LoRaWAN,28.875,259.988,4.042,0.096,4.3595
smart_meter-565,LoRaWAN,34.551,217.317,2.12,0.488,0.6636
smart_meter-565,LoRaWAN,32.072,312.941,1.547,0.05,5.3521
env_sensor-566,MQTT,54.102,27.411,0.54,3.909,1.1772
env_sensor-566,MQTT,48.731,22.963,3.172,3.969,0.3555
env_sensor-566,MQTT,65.527,30.155,5.363,2.413,2.9836
env_sensor-566,MQTT,24.001,30.746,4.08,7.418,2.3443
env_sensor-566,MQTT,88.151,9.023,4.41,8.327,1.7616
env_sensor-566,MQTT,84.668,37.356,0.1,6.295,0.8577
actuator-567,MQTT,89.328,16.582,11.446,2.895,0.1449
actuator-567,MQTT,150.871,29.598,7.002,3.634,1.654
actuator-567,MQTT,62.947,11.834,4.558,9.836,1.915
actuator-567,MQTT,85.04,30.443,12.445,11.618,0.0
actuator-567,MQTT,145.273,22.088,0.1,7.66,0.9406
actuator-567,MQTT,75.162,17.78,6.15,11.166,1.1359
actuator-567,MQTT,91.632,22.054,6.381,6.712,0.3513
actuator-567,MQTT,41.14,19.658,11.49,12.271,1.5346
actuator-567,MQTT,85.814,23.62,3.23,7.494,0.4344
actuator-567,MQTT,82.776,7.175,2.559,13.85,2.1775
camera-568,CoAP,2820.745,62.588,4.195,59.451,0.421
camera-568,CoAP,344.085,63.611,6.752,79.551,1.0289
camera-568,CoAP,1701.26,48.222,2.851,36.989,1.4104
camera-568,CoAP,1419.023,132.207,1.187,231.058,0.0
camera-568,CoAP,1622.439,45.024,4.321,185.01,0.79
camera-568,CoAP,1447.588,28.256,0.209,49.642,0.6933
gateway-569,LoRaWAN,861.311,61.624,5.027,39.391,1.0188
gateway-569,LoRaWAN,924.412,29.969,11.354,52.835,3.0728
gateway-569,LoRaWAN,962.425,46.399,17.087,58.21,1.8933
gateway-569,LoRaWAN,1372.154,34.406,1.677,61.173,0.0
gateway-569,LoRaWAN,244.536,48.86,5.338,60.085,0.0
gateway-569,LoRaWAN,1295.812,25.285,10.493,117.124,1.1646
gateway-569,LoRaWAN,708.898,70.48,3.118,31.71,2.25
gateway-569,LoRaWAN,1621.565,37.015,6.175,16.987,0.626
gateway-569,LoRaWAN,1125.326,17.307,0.1,38.722,0.8812
gateway-569,LoRaWAN,1181.855,41.241,12.43,69.371,1.9838
smart_meter-570,CoAP,29.168,212.161,2.832,0.45,1.1728
smart_meter-570,CoAP,22.11,191.818,3.116,0.522,2.2187
smart_meter-570,CoAP,33.329,308.226,3.271,0.635,2.9869
smart_meter-570,CoAP,27.269,262.713,1.768,0.408,1.864
smart_meter-570,CoAP,35.872,246.247,2.098,0.397,0.1634
smart_meter-570,CoAP,31.43,147.834,2.343,0.707,1.9873
env_sensor-571,MQTT,49.967,21.516,3.194,5.926,1.4644
env_sensor-571,MQTT,40.242,38.908,0.988,5.731,1.8125
env_sensor-571,MQTT,68.158,7.472,0.1,2.365,0.4126
env_sensor-571,MQTT,67.514,30.142,2.681,0.187,2.3942
env_sensor-571,MQTT,123.647,1.0,1.624,0.732,3.1187
env_sensor-571,MQTT,69.358,25.147,2.888,4.63,2.7793
env_sensor-571,MQTT,64.446,25.876,4.056,0.05,0.4144
actuator-572,MQTT,115.858,24.548,7.912,8.132,0.4497
actuator-572,MQTT,163.065,16.763,7.549,3.609,1.5055
actuator-572,MQTT,102.753,6.505,12.474,1.831,0.0
actuator-572,MQTT,114.361,13.44,8.374,1.03,0.6136
actuator-572,MQTT,80.713,1.0,8.299,18.144,1.8605
actuator-572,MQTT,119.763,14.996,4.41,9.975,0.8447
actuator-572,MQTT,158.006,12.073,3.236,4.704,0.8535
actuator-572,MQTT,116.502,7.128,3.058,5.7,0.8581
camera-573,HTTPS,681.089,24.405,4.38,106.009,0.5825
camera-573,HTTPS,1369.215,73.601,1.749,187.595,0.8772
camera-573,HTTPS,2327.089,79.958,7.58,209.232,0.0083
camera-573,HTTPS,177.638,60.059,1.121,59.148,0.6016
camera-573,HTTPS,1052.689,40.074,8.09,44.396,0.5077
camera-573,HTTPS,1901.686,84.661,6.002,37.857,0.0
camera-573,HTTPS,698.821,83.885,4.635,156.489,0.8806
camera-573,HTTPS,1081.914,117.149,7.686,75.485,0.3231
gateway-574,CoAP,674.349,8.919,7.522,51.454,0.5924
gateway-574,CoAP,635.17,27.724,11.883,19.878,0.7176
gateway-574,CoAP,981.802,41.552,0.1,24.731,0.0
gateway-574,CoAP,804.126,38.955,5.758,96.128,2.0766
gateway-574,CoAP,113.855,17.718,20.064,81.994,0.8038
gateway-574,CoAP,1431.616,47.012,5.837,67.452,1.8977
smart_meter-575,HTTPS,26.795,218.914,2.227,0.267,4.061
smart_meter-575,HTTPS,31.358,175.954,0.1,0.199,0.0
smart_meter-575,HTTPS,32.233,181.549,0.1,0.379,1.1527
smart_meter-575,HTTPS,28.995,228.9,2.042,0.9,2.1956
env_sensor-576,MQTT,71.194,34.944,4.777,2.197,0.635
env_sensor-576,MQTT,56.802,34.447,3.677,6.511,1.4696
env_sensor-576,MQTT,112.941,1.0,2.668,7.021,0.9475
env_sensor-576,MQTT,65.315,23.088,3.299,1.25,0.6294
actuator-577,MQTT,85.6,18.387,6.468,5.105,0.0
actuator-577,MQTT,112.477,22.273,4.211,10.198,1.1277
actuator-577,MQTT,121.444,27.303,8.893,15.576,0.734
actuator-577,MQTT,143.891,18.376,2.191,8.47,0.0
actuator-577,MQTT,117.312,6.507,2.861,10.155,1.4309
actuator-577,MQTT,110.12,8.128,0.1,6.261,0.0
actuator-577,MQTT,125.364,21.608,8.388,5.314,1.7699
actuator-577,MQTT,147.326,18.74,5.223,9.734,0.323
camera-578,HTTPS,357.508,34.972,3.658,120.64,1.0004
camera-578,HTTPS,2273.243,37.156,0.1,173.864,0.6115
camera-578,HTTPS,944.629,31.138,5.549,145.891,1.558
camera-578,HTTPS,2085.475,75.629,2.173,77.53,1.4691
camera-578,HTTPS,2363.298,46.678,1.145,217.979,0.8339
camera-578,HTTPS,1314.625,61.988,2.901,150.95,0.9731
camera-578,HTTPS,1766.485,57.547,5.116,178.44,0.2047
camera-578,HTTPS,2006.673,99.675,5.084,101.47,0.8348
camera-578,HTTPS,364.33,46.152,7.834,71.594,0.6617
camera-578,HTTPS,990.511,29.275,4.176,100.421,1.1836
camera-578,HTTPS,1441.781,34.683,4.083,92.456,1.0705
gateway-579,HTTPS,1594.47,51.638,11.277,61.661,1.3678
gateway-579,HTTPS,1100.356,42.363,12.194,0.238,0.0872
gateway-579,HTTPS,561.26,44.344,9.911,88.149,0.196
gateway-579,HTTPS,2055.418,80.562,13.468,88.777,0.0
gateway-579,HTTPS,524.234,55.997,11.647,45.925,0.57
gateway-579,HTTPS,714.507,47.828,6.851,160.286,1.8359
gateway-579,HTTPS,952.666,53.161,6.414,76.114,1.2
gateway-579,HTTPS,757.756,74.03,8.212,94.316,0.1532
gateway-579,HTTPS,815.155,85.862,4.008,1.79,0.7565
gateway-579,HTTPS,583.844,22.82,0.564,36.677,0.9493
gateway-579,HTTPS,1245.773,32.07,8.715,0.05,0.9371
smart_meter-580,LoRaWAN,28.055,133.15,1.79,0.736,0.0
smart_meter-580,LoRaWAN,36.673,231.689,3.355,0.05,3.3023
smart_meter-580,LoRaWAN,26.483,138.571,1.638,0.477,2.1725
smart_meter-580,LoRaWAN,35.866,96.909,0.1,0.421,2.6735
smart_meter-580,LoRaWAN,30.272,265.804,2.014,0.277,1.6648
smart_meter-580,LoRaWAN,33.661,205.973,1.06,0.454,3.6904
smart_meter-580,LoRaWAN,30.497,108.906,3.609,0.547,2.9157
smart_meter-580,LoRaWAN,11.82,116.655,2.844,0.522,4.8292
smart_meter-580,LoRaWAN,41.786,161.812,0.1,0.86,1.2031
smart_meter-580,LoRaWAN,16.637,100.273,1.623,0.7,4.6209
smart_meter-580,LoRaWAN,18.745,223.59,0.974,0.591,6.171
env_sensor-581,MQTT,78.843,24.612,4.273,2.326,0.0
env_sensor-581,MQTT,71.657,27.288,5.934,5.128,1.1892
env_sensor-581,MQTT,96.272,27.024,7.249,9.948,2.3163
env_sensor-581,MQTT,74.353,6.227,2.479,9.321,2.818
env_sensor-581,MQTT,76.717,29.994,1.22,5.162,4.28
env_sensor-581,MQTT,112.898,39.666,1.333,3.06,2.4801
env_sensor-581,MQTT,99.754,19.025,1.124,1.132,2.1344
env_sensor-581,MQTT,96.243,19.153,6.168,0.588,2.6831
env_sensor-581,MQTT,52.503,41.173,2.99,5.028,0.6558
env_sensor-581,MQTT,104.938,10.467,1.845,6.283,0.7568
actuator-582,CoAP,78.676,4.692,7.685,9.849,0.991
actuator-582,CoAP,116.347,20.319,6.774,11.42,0.7959
actuator-582,CoAP,73.16,8.17,9.018,8.69,1.1615
actuator-582,CoAP,88.287,33.1,8.869,6.8,0.0
actuator-582,CoAP,55.408,17.793,11.322,2.067,1.2123
actuator-582,CoAP,111.363,29.241,6.975,13.555,0.4015
actuator-582,CoAP,133.173,18.92,11.676,7.97,1.7168
actuator-582,CoAP,111.724,19.971,4.714,8.491,0.5166
camera-583,HTTPS,2550.75,46.113,6.392,142.707,1.8174
camera-583,HTTPS,183.87,62.773,5.767,136.72,0.5549
camera-583,HTTPS,2376.407,77.171,0.666,0.05,1.5114
camera-583,HTTPS,1778.296,43.125,10.581,95.151,0.0
camera-583,HTTPS,2850.684,39.872,3.218,37.366,0.0
camera-583,HTTPS,1190.745,52.755,4.141,203.027,0.6881
camera-583,HTTPS,1635.057,62.852,3.175,138.367,0.4438
camera-583,HTTPS,1396.164,100.501,5.698,122.789,1.353
camera-583,HTTPS,1471.117,58.842,4.19,197.645,0.0
camera-583,HTTPS,740.42,51.082,0.1,225.498,0.0
camera-583,HTTPS,1359.341,58.492,7.937,51.52,0.3516
gateway-584,HTTPS,747.707,23.54,11.318,79.537,2.6875
gateway-584,HTTPS,1048.463,55.87,16.538,64.936,1.0154
gateway-584,HTTPS,8.0,37.65,8.413,30.408,0.0
gateway-584,HTTPS,1184.245,72.379,13.833,21.564,0.9621
gateway-584,HTTPS,2000.522,63.163,6.416,0.05,0.5626
gateway-584,HTTPS,932.117,30.343,7.639,73.271,0.3338
gateway-584,HTTPS,460.466,44.617,9.082,62.138,2.4511
gateway-584,HTTPS,730.339,67.933,2.78,111.097,1.5378
gateway-584,HTTPS,1194.029,29.438,9.193,0.05,1.5275
gateway-584,HTTPS,953.036,31.633,18.949,97.341,1.1725
smart_meter-585,LoRaWAN,16.773,194.697,0.1,0.05,6.0079
smart_meter-585,LoRaWAN,28.776,224.901,1.597,0.61,5.5837
smart_meter-585,LoRaWAN,18.512,193.064,2.679,0.05,0.9554
smart_meter-585,LoRaWAN,31.74,187.939,2.056,0.07,7.154
smart_meter-585,LoRaWAN,17.833,172.838,1.827,0.05,1.795
smart_meter-585,LoRaWAN,31.678,221.584,2.772,0.32,2.9772
smart_meter-585,LoRaWAN,29.831,214.215,2.729,0.383,1.1339
smart_meter-585,LoRaWAN,21.641,148.324,2.803,0.418,3.9719
smart_meter-585,LoRaWAN,23.684,64.735,1.52,0.324,3.3837
smart_meter-585,LoRaWAN,23.193,205.043,0.1,0.297,0.6511
env_sensor-586,CoAP,85.418,24.056,1.509,5.029,1.7567
env_sensor-586,CoAP,73.9,31.366,6.651,2.178,2.6716
env_sensor-586,CoAP,72.349,21.53,3.688,7.156,0.374
env_sensor-586,CoAP,84.873,22.02,0.1,0.05,1.8206
env_sensor-586,CoAP,63.406,23.548,3.603,1.504,1.6265
env_sensor-586,CoAP,96.629,41.164,4.43,0.815,1.7544
actuator-587,HTTPS,77.9,15.077,3.908,8.262,1.4756
actuator-587,HTTPS,135.74,4.628,9.674,9.365,0.5706
actuator-587,HTTPS,96.477,24.16,6.789,10.109,0.1523
actuator-587,HTTPS,132.574,26.162,10.296,14.043,0.7185
actuator-587,HTTPS,118.449,5.165,6.816,12.508,0.5934
actuator-587,HTTPS,105.618,11.783,7.935,7.95,0.8811
actuator-587,HTTPS,105.952,11.693,7.539,9.312,0.3131
actuator-587,HTTPS,148.01,22.137,5.357,0.455,0.8855
actuator-587,HTTPS,82.299,7.113,7.952,5.618,1.3436
camera-588,MQTT,716.554,42.427,3.766,121.304,0.0
camera-588,MQTT,2518.61,63.318,8.35,65.165,1.0203
camera-588,MQTT,2437.011,50.136,2.41,71.714,0.247
camera-588,MQTT,1551.089,68.861,4.473,130.305,1.7485
camera-588,MQTT,1870.688,42.911,0.109,65.916,1.0835
camera-588,MQTT,377.087,78.067,3.316,111.374,0.6352
camera-588,MQTT,1425.24,90.703,4.907,193.106,0.9813
camera-588,MQTT,1245.168,59.429,4.064,188.801,1.0101
camera-588,MQTT,2416.353,4.922,3.746,69.228,0.2811
camera-588,MQTT,1948.66,99.215,7.06,105.992,0.8533
gateway-589,CoAP,934.163,62.86,17.312,0.655,0.4494
gateway-589,CoAP,860.881,34.457,9.199,0.05,0.8519
gateway-589,CoAP,868.801,61.456,4.513,43.524,0.0
gateway-589,CoAP,652.637,51.979,10.536,85.369,0.4983
gateway-589,CoAP,529.927,51.851,8.769,129.223,1.1304
gateway-589,CoAP,2137.016,1.406,8.635,35.767,1.7185
gateway-589,CoAP,773.176,73.91,3.993,19.856,2.1267
gateway-589,CoAP,1791.999,52.658,11.198,38.271,1.5942
gateway-589,CoAP,1261.596,15.097,7.894,83.761,0.0
gateway-589,CoAP,1862.578,22.563,6.697,39.782,1.5313
smart_meter-590,HTTPS,18.938,130.494,3.844,0.441,6.2967
smart_meter-590,HTTPS,34.372,132.304,2.392,0.673,1.899
smart_meter-590,HTTPS,22.511,111.651,0.1,0.573,2.4405
smart_meter-590,HTTPS,25.131,244.647,1.156,0.224,4.2634
smart_meter-590,HTTPS,27.693,245.7,1.268,0.42,2.2605
smart_meter-590,HTTPS,20.842,152.455,1.909,0.05,3.3303
smart_meter-590,HTTPS,39.716,205.582,2.227,0.391,3.4028
smart_meter-590,HTTPS,31.283,176.623,3.394,0.561,3.8256
smart_meter-590,HTTPS,30.791,277.863,0.733,0.832,5.1834
smart_meter-590,HTTPS,32.021,198.792,0.61,0.399,5.542
smart_meter-590,HTTPS,33.626,174.184,0.256,0.295,2.1352
env_sensor-591,MQTT,53.072,34.899,2.916,7.817,3.0417
env_sensor-591,MQTT,105.188,28.296,3.839,4.613,1.8074
env_sensor-591,MQTT,88.503,43.603,2.111,0.331,0.9819
env_sensor-591,MQTT,38.17,55.158,3.604,4.661,2.6869
env_sensor-591,MQTT,34.724,41.266,2.203,2.574,0.0
env_sensor-591,MQTT,43.113,19.289,7.528,1.965,1.7354
env_sensor-591,MQTT,75.175,14.106,4.782,2.777,2.9574
actuator-592,MQTT,85.545,20.24,5.333,11.576,0.9951
actuator-592,MQTT,111.717,9.619,7.752,10.308,0.8343
actuator-592,MQTT,107.022,15.469,7.441,11.321,0.6103
actuator-592,MQTT,179.114,17.132,10.795,11.976,0.0
actuator-592,MQTT,89.472,26.691,7.267,9.444,0.7393
actuator-592,MQTT,102.235,24.218,7.5,11.681,1.019
camera-593,HTTPS,1816.25,45.465,4.198,143.457,1.4205
camera-593,HTTPS,3274.354,70.823,0.1,117.553,1.2923
camera-593,HTTPS,1691.881,67.813,3.684,61.547,0.0
camera-593,HTTPS,1947.982,59.836,7.294,94.71,0.1613
camera-593,HTTPS,1218.334,66.385,3.923,179.713,0.7102
camera-593,HTTPS,1291.18,30.222,0.1,128.017,0.6208
camera-593,HTTPS,2430.367,33.852,0.1,120.112,1.0511
camera-593,HTTPS,1294.1,68.208,2.929,87.901,0.797
gateway-594,HTTPS,1771.327,77.027,4.166,69.112,1.1475
gateway-594,HTTPS,454.907,69.208,12.366,90.705,2.4153
gateway-594,HTTPS,222.475,54.726,8.107,64.715,1.8378
gateway-594,HTTPS,601.987,47.087,11.019,99.926,0.9089
gateway-594,HTTPS,1227.375,60.76,14.371,60.215,0.6612
gateway-594,HTTPS,966.629,61.259,3.369,109.413,1.5516
gateway-594,HTTPS,1047.309,44.848,9.576,134.322,1.9064
gateway-594,HTTPS,953.68,47.471,11.43,47.299,1.5228
gateway-594,HTTPS,1166.58,19.763,6.448,61.26,1.077
smart_meter-595,LoRaWAN,25.093,155.373,0.688,0.664,6.5807
smart_meter-595,LoRaWAN,27.476,162.113,3.252,0.637,1.2753
smart_meter-595,LoRaWAN,19.45,256.993,1.948,0.05,3.713
smart_meter-595,LoRaWAN,17.393,166.956,0.813,0.821,2.2451
smart_meter-595,LoRaWAN,35.138,135.783,3.437,0.05,4.454
smart_meter-595,LoRaWAN,31.619,227.576,3.548,0.349,3.8428
smart_meter-595,LoRaWAN,30.327,169.947,4.374,0.253,2.8452
smart_meter-595,LoRaWAN,22.429,319.734,1.463,0.504,2.4228
smart_meter-595,LoRaWAN,29.753,192.425,2.755,0.638,4.7531
env_sensor-596,MQTT,70.596,25.285,1.598,7.275,0.5306
env_sensor-596,MQTT,47.882,39.469,3.756,3.982,2.5294
env_sensor-596,MQTT,81.704,1.0,5.361,3.245,2.3608
env_sensor-596,MQTT,38.833,42.295,3.852,9.428,1.2194
env_sensor-596,MQTT,89.572,31.246,0.1,0.05,0.4277
env_sensor-596,MQTT,29.586,24.669,2.823,1.033,1.8089
env_sensor-596,MQTT,75.572,20.525,2.028,3.933,1.4645
env_sensor-596,MQTT,33.631,19.794,7.454,3.332,1.1319
env_sensor-596,MQTT,84.967,25.594,4.868,2.732,0.0
env_sensor-596,MQTT,15.588,37.369,1.572,2.383,3.2865
actuator-597,HTTPS,128.237,1.0,7.688,11.761,0.0
actuator-597,HTTPS,69.714,6.496,1.31,7.003,2.0989
actuator-597,HTTPS,108.408,24.698,10.239,9.02,1.9055
actuator-597,HTTPS,88.756,12.145,3.814,2.794,0.8552
actuator-597,HTTPS,99.677,18.564,9.542,7.274,1.3032
actuator-597,HTTPS,88.234,14.179,6.694,7.202,0.9079
actuator-597,HTTPS,123.421,16.052,4.378,8.328,0.6173
actuator-597,HTTPS,106.137,4.778,4.785,0.05,1.8622
actuator-597,HTTPS,126.282,10.738,3.072,5.748,0.2391
camera-598,HTTPS,1840.796,78.027,0.1,0.05,0.4361
camera-598,HTTPS,2487.331,73.175,5.73,0.05,0.516
camera-598,HTTPS,1390.209,132.386,3.901,207.352,0.6082
camera-598,HTTPS,1989.343,78.308,6.778,6.127,0.5097
camera-598,HTTPS,1551.728,61.747,5.804,158.906,0.2263
camera-598,HTTPS,1100.418,83.489,5.184,84.66,1.0891
gateway-599,HTTPS,469.866,48.997,3.407,80.155,2.7424
gateway-599,HTTPS,8.0,74.641,14.445,28.036,0.9574
gateway-599,HTTPS,1256.878,53.041,10.108,64.973,0.0
gateway-599,HTTPS,1129.092,62.996,7.189,63.982,0.0
gateway-599,HTTPS,780.349,43.571,0.1,42.529,0.9452
gateway-599,HTTPS,989.948,72.293,10.751,65.469,0.2849
gateway-599,HTTPS,1732.637,54.664,9.014,25.929,0.2446
gateway-599,HTTPS,2286.493,69.459,5.536,33.239,0.0
gateway-599,HTTPS,557.329,6.333,3.217,49.338,1.2593
gateway-599,HTTPS,987.162,45.537,6.532,61.461,0.0
