timestamp,payload_size,latency,jitter,throughput,packet_loss,best_protocol,scenario,network_condition
2025-04-03T02:51:36,67.99550646547097,34.38561157766961,8.190947184489554,27.520457926721104,0.11220020530590635,HTTPS,UNSTABLE_NETWORK,Unstable network with high packet loss and jitter
2025-04-03T22:44:53,61.512139092641135,34.31905925976682,6.884662965429535,25.200318538512736,0.10444053311882208,HTTPS,UNSTABLE_NETWORK,Unstable network with high packet loss and jitter
2025-04-03T12:25:55,561.2196452442188,43.343353916455,3.5671627792416656,24.840190106509205,0.07066375132478955,CoAP,UNSTABLE_NETWORK,Unstable network with high packet loss and jitter
2025-04-03T02:21:31,428.44573155424564,31.555368257494287,8.772802572194388,34.1687306259004,0.04726859848417777,CoAP,UNSTABLE_NETWORK,Unstable network with high packet loss and jitter
2025-04-03T18:30:02,405.1972133262952,57.63642432141178,13.676575282499204,36.5863195279051,0.013773573029859348,CoAP,UNSTABLE_NETWORK,Unstable network with high packet loss and jitter
2025-04-03T01:15:05,454.6465600768511,39.47022810532565,5.348842577926812,32.321945046423274,0.07211478501612821,CoAP,UNSTABLE_NETWORK,Unstable network with high packet loss and jitter
2025-04-03T17:47:11,132.6551373923269,1.4051800446201923,5.680910871191891,39.95415190449474,0.11534262105686524,CoAP,UNSTABLE_NETWORK,Unstable network with high packet loss and jitter
2025-04-03T18:32:15,396.4250171151638,39.389339707525195,5.387816685068776,35.75561925830365,0.04627502045714198,CoAP,UNSTABLE_NETWORK,Unstable network with high packet loss and jitter
2025-04-03T12:34:45,426.4390471346773,29.43518046660017,10.173775336169367,27.04943810194358,0.10100629542556297,CoAP,UNSTABLE_NETWORK,Unstable network with high packet loss and jitter
2025-04-03T01:12:59,127.30181626076724,20.54586776975304,9.34545636258932,25.3714371428562,0.051495424098443834,CoAP,UNSTABLE_NETWORK,Unstable network with high packet loss and jitter
2025-04-03T13:29:45,2814.9840881339424,26.455272650736106,7.5243869227506295,33.128222367668464,0.08318217729160515,CoAP,UNSTABLE_NETWORK,Unstable network with high packet loss and jitter
2025-04-03T13:08:53,529.7377007261555,46.65946652397671,5.245942815083105,35.73767109901901,0.10123374842465054,CoAP,UNSTABLE_NETWORK,Unstable network with high packet loss and jitter
2025-04-03T11:58:48,71.82397098120268,64.9496190926131,8.277130374919773,43.97844307031498,0.06021513689484717,CoAP,UNSTABLE_NETWORK,Unstable network with high packet loss and jitter
2025-04-03T01:28:19,659.6087162305497,49.7194409992718,3.306133617992587,41.911730449400956,0.08511454042090742,CoAP,UNSTABLE_NETWORK,Unstable network with high packet loss and jitter
2025-04-03T19:18:33,93.14565682748605,35.92579029046848,8.43027970057248,24.58526993492831,0.06754725989824015,CoAP,UNSTABLE_NETWORK,Unstable network with high packet loss and jitter
2025-04-03T22:04:17,771.4593641160494,51.863571263672576,10.614573158263802,28.979937198727384,0.1011544597681453,CoAP,UNSTABLE_NETWORK,Unstable network with high packet loss and jitter
2025-04-03T02:17:01,1204.834111285846,38.14032090523463,4.246402590098967,36.7101780491777,0.08705951505453911,CoAP,UNSTABLE_NETWORK,Unstable network with high packet loss and jitter
2025-04-03T21:13:08,112.05207209114609,34.60933724347981,3.402445169511009,40.679977780589724,0.08169523023287803,CoAP,UNSTABLE_NETWORK,Unstable network with high packet loss and jitter
2025-04-03T23:37:06,953.208659408373,27.71456997983968,12.738313675084578,39.38969468704792,0.12675049880425932,CoAP,UNSTABLE_NETWORK,Unstable network with high packet loss and jitter
2025-04-03T08:17:27,492.3154093374163,18.754245124466124,6.164721081486245,29.361221671686533,0.09986918427104907,CoAP,UNSTABLE_NETWORK,Unstable network with high packet loss and jitter
2025-04-03T21:50:26,804.5271122815406,39.184488849757706,11.407843537831466,17.459773475714833,0.059289444016211335,CoAP,UNSTABLE_NETWORK,Unstable network with high packet loss and jitter
2025-04-03T16:47:18,2921.7383803042026,47.405814019358836,7.538007004406505,20.010636237544087,0.07742408297606715,CoAP,UNSTABLE_NETWORK,Unstable network with high packet loss and jitter
2025-04-03T18:10:43,223.4788403344057,43.58732384274098,7.514135549176018,32.72633514319414,0.07772303644761018,CoAP,UNSTABLE_NETWORK,Unstable network with high packet loss and jitter
2025-04-03T19:49:38,121.42527796587021,38.79884219616141,9.315238098489935,33.422255794243455,0.08240958717875636,CoAP,UNSTABLE_NETWORK,Unstable network with high packet loss and jitter
2025-04-03T06:11:50,103.1686635437838,30.853822427327543,5.348003429760678,19.01320626565615,0.15573527829822484,MQTT,UNSTABLE_NETWORK,Unstable network with high packet loss and jitter
2025-04-03T14:06:57,112.70909657026878,54.165373435461255,8.397491430486937,30.445696108892715,0.09112555678132991,CoAP,UNSTABLE_NETWORK,Unstable network with high packet loss and jitter
2025-04-03T16:28:37,273.48873244160006,25.286368983395423,6.855531755527721,36.31224356971783,0.018922922896856723,CoAP,UNSTABLE_NETWORK,Unstable network with high packet loss and jitter
2025-04-03T07:18:19,451.766224876269,56.6854337126538,4.038519669784906,18.487733424928557,0.06371603084849105,HTTPS,UNSTABLE_NETWORK,Unstable network with high packet loss and jitter
2025-04-03T03:32:43,418.13796331766855,30.013426943508264,9.012446224179197,41.049972018044144,0.022028837375125745,CoAP,UNSTABLE_NETWORK,Unstable network with high packet loss and jitter
2025-04-03T02:18:43,809.4883435929424,33.76182088952108,7.210076579366252,26.22468851440175,0.0701060522886248,CoAP,UNSTABLE_NETWORK,Unstable network with high packet loss and jitter
2025-04-03T22:50:03,304.7173863483409,23.04823881298892,7.528925514665876,42.57613112576651,0.02038069310820715,CoAP,UNSTABLE_NETWORK,Unstable network with high packet loss and jitter
2025-04-03T15:24:03,1716.4669651549175,37.530651691346996,4.369517169757526,24.665475542240998,0.05385228586794716,CoAP,UNSTABLE_NETWORK,Unstable network with high packet loss and jitter
2025-04-03T00:09:24,218.3707431083425,59.683037994208696,12.774201103288412,19.733745171158212,0.03437835411097641,CoAP,UNSTABLE_NETWORK,Unstable network with high packet loss and jitter
2025-04-03T02:10:29,7847.776125797146,52.78943966610583,10.630142559158347,25.418630101582806,0.09152480533902432,CoAP,UNSTABLE_NETWORK,Unstable network with high packet loss and jitter
2025-04-03T11:50:47,635.6088077683087,59.73301724227448,10.892467652515936,29.0485187692268,0.08001618087886636,CoAP,UNSTABLE_NETWORK,Unstable network with high packet loss and jitter
2025-04-03T15:41:01,107.2533086222143,52.89049097327046,7.083665892674954,26.11520093228519,0.08908886922496194,CoAP,UNSTABLE_NETWORK,Unstable network with high packet loss and jitter
2025-04-03T10:36:18,82.98928283443327,28.50497257871335,2.812451331489739,27.839985784268865,0.07686345834294421,CoAP,UNSTABLE_NETWORK,Unstable network with high packet loss and jitter
2025-04-03T18:18:50,535.258267256069,40.09984886416299,13.858752147468532,33.3396514967619,0.03817106749386747,CoAP,UNSTABLE_NETWORK,Unstable network with high packet loss and jitter
2025-04-03T19:31:47,229.4366903183557,33.36036751472189,7.816707475982396,28.288206302036006,0.09540564107764206,CoAP,UNSTABLE_NETWORK,Unstable network with high packet loss and jitter
2025-04-03T11:22:52,706.6836187919205,65.0236452344769,5.753600611939839,29.33887606047993,0.13766673680808358,MQTT,UNSTABLE_NETWORK,Unstable network with high packet loss and jitter
2025-04-03T14:48:34,529.3594147614261,27.114859199904096,9.250404723449341,12.90773600797404,0.09227637735819641,HTTPS,UNSTABLE_NETWORK,Unstable network with high packet loss and jitter
2025-04-03T02:46:28,274.89460769606467,58.4738214595429,11.501362364009893,33.91698016010473,0.06722226202047302,CoAP,UNSTABLE_NETWORK,Unstable network with high packet loss and jitter
2025-04-03T12:36:47,108.59550464754889,58.464331392745244,7.930848331743602,29.10796702308332,0.03715798471683665,CoAP,UNSTABLE_NETWORK,Unstable network with high packet loss and jitter
2025-04-03T14:52:06,48.713967942535206,72.51599358926248,11.835725503818123,46.102929804828705,0.05275799087720104,HTTPS,UNSTABLE_NETWORK,Unstable network with high packet loss and jitter
2025-04-03T03:13:44,175.55713266438983,38.928058896486185,11.248999815550604,20.604348327460418,0.09359118969716176,CoAP,UNSTABLE_NETWORK,Unstable network with high packet loss and jitter
2025-04-03T14:57:07,838.3712553431002,55.75985740203854,4.7708564377938245,11.917046715004854,0.11219354080398125,MQTT,UNSTABLE_NETWORK,Unstable network with high packet loss and jitter
2025-04-03T15:29:21,387.8795943460378,79.30146977882622,5.978629683021571,36.18068493930042,0.08782598524165929,HTTPS,UNSTABLE_NETWORK,Unstable network with high packet loss and jitter
2025-04-03T20:55:03,67.28221519932461,35.8137342991456,10.872611489839302,33.46527018313,0.1039966186911795,CoAP,UNSTABLE_NETWORK,Unstable network with high packet loss and jitter
2025-04-03T18:09:28,369.29640444589774,22.054422962573128,0.1378376914313133,19.91566979468854,0.10123034732081729,HTTPS,UNSTABLE_NETWORK,Unstable network with high packet loss and jitter
2025-04-03T03:02:57,476.35497892101864,16.88154338934953,7.551632920505034,14.702510449959085,0.09519603174157754,HTTPS,UNSTABLE_NETWORK,Unstable network with high packet loss and jitter
2025-04-03T17:53:46,103.87139539636873,55.77404155329343,3.707506395125985,45.3739673068429,0.06024579214216232,CoAP,UNSTABLE_NETWORK,Unstable network with high packet loss and jitter
2025-04-03T15:55:17,360.77431686188953,16.83777522190217,6.570338595699426,44.14110390606782,0.08521770535925458,CoAP,UNSTABLE_NETWORK,Unstable network with high packet loss and jitter
2025-04-03T12:47:26,321.7043437985095,39.50190977111955,7.103539732912387,5.125432412938707,0.05454866588353585,HTTPS,UNSTABLE_NETWORK,Unstable network with high packet loss and jitter
2025-04-03T22:32:43,76.11292686481534,51.648060593180276,6.925266866277476,25.417769707434992,0.08052286858874305,CoAP,UNSTABLE_NETWORK,Unstable network with high packet loss and jitter
2025-04-03T10:50:16,460.87520763337466,47.867663062452046,6.343216243662175,46.64192054783899,0.08992590593200736,CoAP,UNSTABLE_NETWORK,Unstable network with high packet loss and jitter
2025-04-03T18:59:31,587.9982115415995,51.47337019517339,4.708569051113558,25.23937442222133,0.13036351422160564,HTTPS,UNSTABLE_NETWORK,Unstable network with high packet loss and jitter
2025-04-03T00:46:09,1100.4164372554565,48.427712291831085,14.875733800456057,25.093877659733472,0.04070804076897104,CoAP,UNSTABLE_NETWORK,Unstable network with high packet loss and jitter
2025-04-03T13:11:50,1062.4628517176568,64.27801887692665,13.602386012484052,27.172406723706317,0.09444522892973917,CoAP,UNSTABLE_NETWORK,Unstable network with high packet loss and jitter
2025-04-03T02:02:03,57.43071318346253,30.811953188551257,4.5138025392311505,18.791030262318408,0.12443709774870784,MQTT,UNSTABLE_NETWORK,Unstable network with high packet loss and jitter
2025-04-03T00:21:02,97.35775861155085,34.94343904516271,12.746350253910702,12.952242557719558,0.1027654329751639,CoAP,UNSTABLE_NETWORK,Unstable network with high packet loss and jitter
2025-04-03T10:38:14,556.5877249985144,33.51014166538579,6.801603528581442,40.52547310734749,0.10498836328475125,CoAP,UNSTABLE_NETWORK,Unstable network with high packet loss and jitter
2025-04-03T07:42:58,555.7539252241745,57.55457774479477,8.387562419995131,11.570630937523244,0.09763084705603436,MQTT,UNSTABLE_NETWORK,Unstable network with high packet loss and jitter
2025-04-03T01:01:49,556.5960198409172,58.60934661518904,7.810178120309253,32.47271452108756,0.11895003469326251,HTTPS,UNSTABLE_NETWORK,Unstable network with high packet loss and jitter
2025-04-03T00:59:10,30548.176184069383,51.873414801448185,6.020754076238102,38.865794927576495,0.04737565495662897,CoAP,UNSTABLE_NETWORK,Unstable network with high packet loss and jitter
2025-04-03T07:53:47,595.1723857230213,62.85910723742695,10.95155703081844,15.487737010988416,0.03842220002089261,CoAP,UNSTABLE_NETWORK,Unstable network with high packet loss and jitter
2025-04-03T06:48:50,1171.9932876657685,27.437756445839785,8.377659591729973,20.757315974049284,0.07980997578604232,CoAP,UNSTABLE_NETWORK,Unstable network with high packet loss and jitter
2025-04-03T01:08:20,942.5458740295098,70.11839835216003,6.570345730342276,42.131791883915895,0.015165136892848707,HTTPS,UNSTABLE_NETWORK,Unstable network with high packet loss and jitter
2025-04-03T04:09:12,655.5351836084162,67.9602832269843,4.0862316685985824,35.3289172022704,0.11691937412534034,HTTPS,UNSTABLE_NETWORK,Unstable network with high packet loss and jitter
2025-04-03T07:55:00,205.50274285793733,56.1477010823941,5.319214958842639,23.827142931211128,0.11662145586486325,HTTPS,UNSTABLE_NETWORK,Unstable network with high packet loss and jitter
2025-04-03T21:57:03,745.8656866197537,71.84202197768127,3.0758596531937092,42.02249003361171,0.06699948334746422,HTTPS,UNSTABLE_NETWORK,Unstable network with high packet loss and jitter
2025-04-03T21:03:36,118.6754216261717,20.267357453356237,8.036670645245508,42.06535723454302,0.06887688210018471,CoAP,UNSTABLE_NETWORK,Unstable network with high packet loss and jitter
2025-04-03T01:56:30,225.7888220144098,37.251650746990535,4.410003223146813,32.69052693015707,0.07782957574547986,CoAP,UNSTABLE_NETWORK,Unstable network with high packet loss and jitter
2025-04-03T10:16:48,167.56079108319747,34.09048810310849,7.2033184624443765,20.998397721263373,0.08156061951318859,CoAP,UNSTABLE_NETWORK,Unstable network with high packet loss and jitter
2025-04-03T06:04:12,330.97122627635986,55.943897092105395,12.110305560831112,25.865512965282047,0.08381521757582856,CoAP,UNSTABLE_NETWORK,Unstable network with high packet loss and jitter
2025-04-03T06:14:51,4824.067614899502,29.371263364120534,11.597898718764757,32.8638674395539,0.0967469632063491,LoRaWAN,UNSTABLE_NETWORK,Unstable network with high packet loss and jitter
2025-04-03T09:54:51,31.914621006457722,56.48746892062247,7.9031693176921465,28.114051708525118,0.07482120940974565,CoAP,UNSTABLE_NETWORK,Unstable network with high packet loss and jitter
2025-04-03T22:34:09,683.5465116670625,65.68475106291835,7.73874582157055,39.38957178234851,0.10829579910433382,CoAP,UNSTABLE_NETWORK,Unstable network with high packet loss and jitter
2025-04-03T00:26:10,43.31605836672436,55.55641962663512,13.639623648263024,14.702259198906638,0.0933784333137591,HTTPS,UNSTABLE_NETWORK,Unstable network with high packet loss and jitter
2025-04-03T21:43:29,170.28342176822727,49.386308702705115,9.562268361076134,15.057364709337612,0.061791096623820936,CoAP,UNSTABLE_NETWORK,Unstable network with high packet loss and jitter
2025-04-03T10:51:42,1108.2341714125853,30.313610456678827,7.016580620370432,31.808711114824323,0.12005338003412291,CoAP,UNSTABLE_NETWORK,Unstable network with high packet loss and jitter
2025-04-03T11:58:38,324.0566990567164,32.43061330071706,3.721945648638644,25.084555861930955,0.03925229041632539,CoAP,UNSTABLE_NETWORK,Unstable network with high packet loss and jitter
2025-04-03T20:10:07,82.30968180303502,63.879328594455004,9.181619654494229,23.729513853022592,0.0772350256753557,CoAP,UNSTABLE_NETWORK,Unstable network with high packet loss and jitter
2025-04-03T21:50:26,127.15642526495577,56.826947295992454,10.487971317748588,12.319432808256028,0.10900752203226403,HTTPS,UNSTABLE_NETWORK,Unstable network with high packet loss and jitter
2025-04-03T15:37:12,678.103393009332,44.55308666915678,6.105045426459068,30.195458447981817,0.05830780685263566,CoAP,UNSTABLE_NETWORK,Unstable network with high packet loss and jitter
2025-04-03T06:39:10,124.87865634693956,38.871403495739045,8.873608265414097,29.472448919992342,0.08928666940301455,CoAP,UNSTABLE_NETWORK,Unstable network with high packet loss and jitter
2025-04-03T23:05:12,388.9818880122162,14.754595807964224,6.909280115254912,36.53478981951741,0.09630018790997144,CoAP,UNSTABLE_NETWORK,Unstable network with high packet loss and jitter
2025-04-03T05:48:38,316.86273977158186,29.080594846775764,7.447902802402992,30.68906133120972,0.05418428396056283,CoAP,UNSTABLE_NETWORK,Unstable network with high packet loss and jitter
2025-04-03T21:43:42,137.25795759308443,73.81633465654568,0.536533827313006,28.673959217595034,0.07782566841217894,HTTPS,UNSTABLE_NETWORK,Unstable network with high packet loss and jitter
2025-04-03T16:00:16,3930.4742891616256,25.939882006820284,7.3346557888515935,41.77000636790337,0.0753048850937237,LoRaWAN,UNSTABLE_NETWORK,Unstable network with high packet loss and jitter
2025-04-03T20:15:41,641.9338759596426,47.990580112580965,10.908107907224164,16.875326965514503,0.06344786444503121,CoAP,UNSTABLE_NETWORK,Unstable network with high packet loss and jitter
2025-04-03T06:34:33,26.40653112532873,60.26170961460021,6.105792333300325,35.36389218847576,0.14905024556152324,HTTPS,UNSTABLE_NETWORK,Unstable network with high packet loss and jitter
2025-04-03T17:01:36,375.225677783464,26.32787721904531,8.157579104645949,13.288528352046512,0.05710680939663573,CoAP,UNSTABLE_NETWORK,Unstable network with high packet loss and jitter
2025-04-03T22:00:18,135.59041903610773,47.92404158320341,5.732147879924239,21.616381199991924,0.1101479088220365,MQTT,UNSTABLE_NETWORK,Unstable network with high packet loss and jitter
2025-04-03T16:55:05,834.3912995271904,59.22378474655446,9.081325028878318,17.873428673766863,0.06821596949356575,CoAP,UNSTABLE_NETWORK,Unstable network with high packet loss and jitter
2025-04-03T16:31:29,115.90345829796081,45.34420873491086,7.350430407391479,37.81942535451918,0.04740091433344155,CoAP,UNSTABLE_NETWORK,Unstable network with high packet loss and jitter
2025-04-03T22:12:13,261.41227137272585,88.18443196371109,5.18227537795398,29.34589766404606,0.08308442729465207,HTTPS,UNSTABLE_NETWORK,Unstable network with high packet loss and jitter
2025-04-03T10:30:28,549.9169184391016,20.13106446794411,11.997654402995384,29.864967554070233,0.09947280153162502,CoAP,UNSTABLE_NETWORK,Unstable network with high packet loss and jitter
2025-04-03T19:34:32,847.8372605620777,61.04264852178269,10.786796040596645,18.93267012270549,0.10761528725197037,CoAP,UNSTABLE_NETWORK,Unstable network with high packet loss and jitter
2025-04-03T21:23:54,71.05305035893763,42.57136173498501,6.185279708215475,27.003065040671107,0.1268679533196521,HTTPS,UNSTABLE_NETWORK,Unstable network with high packet loss and jitter
2025-04-03T08:21:43,200.81437856373523,56.74385734088957,9.493364928253332,22.365346966908884,0.168357388698053,MQTT,UNSTABLE_NETWORK,Unstable network with high packet loss and jitter
2025-04-03T07:29:03,169.6687660299034,51.786329516235604,9.612236008461142,33.834550148542164,0.08751542611266791,CoAP,UNSTABLE_NETWORK,Unstable network with high packet loss and jitter
2025-04-03T22:32:06,136.9734889197591,34.17104650650444,9.926903705033528,20.089088646683862,0.06010723478523837,CoAP,UNSTABLE_NETWORK,Unstable network with high packet loss and jitter
2025-04-03T21:31:42,2495.70756955834,48.60500257245196,2.9172323120147663,43.29794365205076,0.09358622980384673,HTTPS,UNSTABLE_NETWORK,Unstable network with high packet loss and jitter
2025-04-03T13:14:55,487.72929462580584,17.303202136995015,11.019819623097884,13.244195503759055,0.07201361148780525,CoAP,UNSTABLE_NETWORK,Unstable network with high packet loss and jitter
2025-04-03T04:52:41,66.07045875284678,54.2221036389477,6.290903111222805,21.934801675434386,0.1077789838955669,HTTPS,UNSTABLE_NETWORK,Unstable network with high packet loss and jitter
2025-04-03T01:43:58,902.543430170635,49.64743534264215,6.9265161996761995,46.77200509966096,0.04108507110902835,CoAP,UNSTABLE_NETWORK,Unstable network with high packet loss and jitter
2025-04-03T11:35:08,3829.0419645156326,54.75662810483826,15.913645256780601,25.648612520379658,0.15105003627201313,CoAP,UNSTABLE_NETWORK,Unstable network with high packet loss and jitter
2025-04-03T04:06:08,1035.6047010549355,61.05016767390646,8.905620142163036,16.85121335595588,0.10568144284326539,HTTPS,UNSTABLE_NETWORK,Unstable network with high packet loss and jitter
2025-04-03T03:52:01,48.45029928503422,50.694357623152335,6.841032573658474,32.19071562537668,0.029479879466115064,CoAP,UNSTABLE_NETWORK,Unstable network with high packet loss and jitter
2025-04-03T06:18:11,167.78805192160436,47.403068539388286,1.3841168817322824,25.246077577854578,0.058729132930550834,HTTPS,UNSTABLE_NETWORK,Unstable network with high packet loss and jitter
2025-04-03T13:16:11,1372.0700360684975,31.967369414902223,12.169292401839066,21.641297443816942,0.10448243132341817,CoAP,UNSTABLE_NETWORK,Unstable network with high packet loss and jitter
2025-04-03T06:51:18,128.32666919409684,34.50175023249331,3.964370987574192,19.041291892012826,0.11529032168514364,HTTPS,UNSTABLE_NETWORK,Unstable network with high packet loss and jitter
2025-04-03T19:58:52,510.9980572981857,62.98774821229651,4.98968328950149,57.683736056259434,0.041832871183041104,HTTPS,UNSTABLE_NETWORK,Unstable network with high packet loss and jitter
2025-04-03T20:47:04,760.0189284088909,66.73342721763369,7.0059431027364525,27.484480998158638,0.10139077551298847,HTTPS,UNSTABLE_NETWORK,Unstable network with high packet loss and jitter
2025-04-03T22:55:39,98.63891988868218,41.61840680977067,12.249235375100877,10.74432639667123,0.021579803820142303,CoAP,UNSTABLE_NETWORK,Unstable network with high packet loss and jitter
2025-04-03T06:57:25,279.318315539062,45.88177178565806,10.319719959997277,44.937097590055345,0.07731992403586863,CoAP,UNSTABLE_NETWORK,Unstable network with high packet loss and jitter
2025-04-03T13:58:47,6.136543689077043,31.62418217435993,7.52648747047922,36.11070905110571,0.11336140526309618,CoAP,UNSTABLE_NETWORK,Unstable network with high packet loss and jitter
2025-04-03T07:57:41,87.75223262612347,62.78641770068557,8.924876190916462,22.335335689802122,0.06345452809691059,CoAP,UNSTABLE_NETWORK,Unstable network with high packet loss and jitter
2025-04-03T14:58:48,221.5616084914482,55.17798459945804,6.1988429213866825,20.668809113138582,0.034792331025859595,CoAP,UNSTABLE_NETWORK,Unstable network with high packet loss and jitter
2025-04-03T08:42:55,67.11735513075064,74.31666101344506,8.418961068696053,36.73472796158231,0.08438644389132678,CoAP,UNSTABLE_NETWORK,Unstable network with high packet loss and jitter
2025-04-03T22:36:00,2127.442938931636,32.02522053120021,8.22001023433441,27.530816725105453,0.06185843400093566,CoAP,UNSTABLE_NETWORK,Unstable network with high packet loss and jitter
2025-04-03T04:36:51,53.92600456891879,39.53161542603051,10.906309687044061,10.740221815548988,0.09888675098197508,HTTPS,UNSTABLE_NETWORK,Unstable network with high packet loss and jitter
2025-04-03T14:05:08,176.92556203110442,48.67508997159482,10.901534367316849,47.87239964604669,0.05344020703345819,CoAP,UNSTABLE_NETWORK,Unstable network with high packet loss and jitter
2025-04-03T13:51:53,350.95961764387124,54.902411422005265,9.481932146616934,25.66009537784043,0.05682089331040699,CoAP,UNSTABLE_NETWORK,Unstable network with high packet loss and jitter
2025-04-03T12:43:42,1691.397554554366,41.971721015311694,6.912957327361694,44.95571736482427,0.0193699303737127,CoAP,UNSTABLE_NETWORK,Unstable network with high packet loss and jitter
2025-04-03T11:46:10,53.55707422661752,32.11398644412814,10.22546688317038,42.784349579657146,0.08509834133154448,CoAP,UNSTABLE_NETWORK,Unstable network with high packet loss and jitter
2025-04-03T00:56:24,1211.4569161741201,58.43118295719468,7.72409460139086,19.989904555171858,0.07517285185170204,CoAP,UNSTABLE_NETWORK,Unstable network with high packet loss and jitter
2025-04-03T05:56:19,303.7066133909702,56.0287676839323,4.754256893860601,40.331898643631476,0.044348459877797876,HTTPS,UNSTABLE_NETWORK,Unstable network with high packet loss and jitter
2025-04-03T10:35:46,92.3856897112493,31.46929295970018,6.790136624267184,23.48557450136319,0.08581396141301276,CoAP,UNSTABLE_NETWORK,Unstable network with high packet loss and jitter
2025-04-03T02:30:45,522.3336937874457,65.54671370714595,8.253580951352973,11.332994131960582,0.11081210901932417,MQTT,UNSTABLE_NETWORK,Unstable network with high packet loss and jitter
2025-04-03T05:40:47,380.94465775669437,62.769719550920044,10.730647350994236,25.754018339778575,0.07353296169743151,CoAP,UNSTABLE_NETWORK,Unstable network with high packet loss and jitter
2025-04-03T23:38:33,145.98767817215366,47.23285359409535,7.449415483528541,33.97637501776279,0.08804500849465921,CoAP,UNSTABLE_NETWORK,Unstable network with high packet loss and jitter
2025-04-03T18:48:18,326.2111844341108,46.41404129342647,4.372403866281182,25.372633520036622,0.08819933748755493,HTTPS,UNSTABLE_NETWORK,Unstable network with high packet loss and jitter
2025-04-03T17:21:30,188.9355890735718,53.53260714693201,8.170225049890458,26.929516590748985,0.04387010518463119,CoAP,UNSTABLE_NETWORK,Unstable network with high packet loss and jitter
2025-04-03T12:01:35,343.7804713425351,32.29786174875699,8.340368120169657,41.43566044928613,0.14169757462122787,CoAP,UNSTABLE_NETWORK,Unstable network with high packet loss and jitter
2025-04-03T03:12:07,664.0379384615244,45.67554721246957,8.55751288670826,31.06493980290092,0.06587450509633148,CoAP,UNSTABLE_NETWORK,Unstable network with high packet loss and jitter
2025-04-03T11:38:44,2012.2376771329875,12.940989078278099,10.75961454786329,21.567016887150473,0.09968348605580812,CoAP,UNSTABLE_NETWORK,Unstable network with high packet loss and jitter
2025-04-03T22:17:35,67.92498103205313,58.37524415236731,11.056769720269696,37.020303236673264,0.10307645831687148,CoAP,UNSTABLE_NETWORK,Unstable network with high packet loss and jitter
2025-04-03T02:19:03,3879.3485702022276,21.807678355602853,6.2173673828550005,31.976755669542452,0.07581214618652744,CoAP,UNSTABLE_NETWORK,Unstable network with high packet loss and jitter
2025-04-03T21:02:38,28.825981481269416,67.7830413410732,6.15156962585317,4.78395198537957,0.09820385075178904,MQTT,UNSTABLE_NETWORK,Unstable network with high packet loss and jitter
2025-04-03T19:24:08,250.04486471301712,40.28160972754893,4.879403867133581,34.28352913771449,0.08737457665449168,CoAP,UNSTABLE_NETWORK,Unstable network with high packet loss and jitter
2025-04-03T02:07:29,607.7497017415706,42.0600736304855,10.096447010841429,33.91828707716102,0.03747080728317782,CoAP,UNSTABLE_NETWORK,Unstable network with high packet loss and jitter
2025-04-03T15:52:35,420.30167024490794,35.82073699059303,12.346460325013147,30.2012112958086,0.07003181896249736,CoAP,UNSTABLE_NETWORK,Unstable network with high packet loss and jitter
2025-04-03T01:39:09,142.10170745095252,40.91782969543694,7.0547542162732295,38.917005810695755,0.06162347292937814,CoAP,UNSTABLE_NETWORK,Unstable network with high packet loss and jitter
2025-04-03T19:04:40,233.69942338864863,66.51805020389611,7.27570830582502,23.27606415673498,0.06614764875961619,CoAP,UNSTABLE_NETWORK,Unstable network with high packet loss and jitter
2025-04-03T00:20:03,166.0321348516899,7.924617401056836,12.400347670696927,33.36499788820901,0.040879904664900865,LoRaWAN,UNSTABLE_NETWORK,Unstable network with high packet loss and jitter
2025-04-03T07:52:06,147.90124186329925,64.39789526281331,9.516673559645023,14.330406288326472,0.1137930115023809,MQTT,UNSTABLE_NETWORK,Unstable network with high packet loss and jitter
2025-04-03T16:17:16,831.5612775287028,50.315433910423586,9.308707114403166,34.07090383398832,0.12805977963840237,HTTPS,UNSTABLE_NETWORK,Unstable network with high packet loss and jitter
2025-04-03T14:40:16,460.44851995348535,27.1414241984472,4.427250482078819,49.53059695539896,0.10934008927995226,CoAP,UNSTABLE_NETWORK,Unstable network with high packet loss and jitter
2025-04-03T02:21:00,130.61981920492147,29.118730242974337,10.036184207838257,20.05143647532459,0.11811587672441429,HTTPS,UNSTABLE_NETWORK,Unstable network with high packet loss and jitter
2025-04-03T06:14:34,882.97980122823,70.39597876924341,5.212590978470725,22.401978680122248,0.06966095488975532,HTTPS,UNSTABLE_NETWORK,Unstable network with high packet loss and jitter
2025-04-03T04:46:12,433.78191148773857,31.069147384386877,4.597939442195125,22.899845571084477,0.06091229495041891,CoAP,UNSTABLE_NETWORK,Unstable network with high packet loss and jitter
2025-04-03T23:15:14,795.6958519308018,27.95316014699592,6.959685269699864,31.29998225801595,0.05664238859564866,CoAP,UNSTABLE_NETWORK,Unstable network with high packet loss and jitter
2025-04-03T07:23:12,638.6375537752672,62.31480316381372,6.242621829653929,19.369637271462818,0.09932194768871667,HTTPS,UNSTABLE_NETWORK,Unstable network with high packet loss and jitter
2025-04-03T06:27:44,110.93988317165756,50.33504539503897,7.335200916844882,34.212473786909804,0.0868118915943245,CoAP,UNSTABLE_NETWORK,Unstable network with high packet loss and jitter
2025-04-03T07:18:48,153.17257492320581,31.189535825111737,3.677055096425244,38.46839945469165,0.07768334865204723,CoAP,UNSTABLE_NETWORK,Unstable network with high packet loss and jitter
2025-04-03T03:34:25,735.488423882009,48.50946132663447,10.876448919403018,35.34347213453784,0.11885445632586028,CoAP,UNSTABLE_NETWORK,Unstable network with high packet loss and jitter
2025-04-03T23:39:15,624.0476909018859,29.8754636633685,11.383058883549287,12.315845743619278,0.0921482406144603,CoAP,UNSTABLE_NETWORK,Unstable network with high packet loss and jitter
2025-04-03T04:43:33,292.5690074929379,61.7757421167192,2.1579725775775573,39.95167665158606,0.05484027087438246,HTTPS,UNSTABLE_NETWORK,Unstable network with high packet loss and jitter
2025-04-03T12:38:31,345.3558499648849,61.185652835884596,10.935373416999651,39.3736741425368,0.05957273512592916,CoAP,UNSTABLE_NETWORK,Unstable network with high packet loss and jitter
2025-04-03T02:40:18,1389.8906439357606,53.24684856752421,5.568414110535121,38.30161372346304,0.10045979897762436,CoAP,UNSTABLE_NETWORK,Unstable network with high packet loss and jitter
2025-04-03T11:14:58,147.5101236077154,50.693338726307786,10.570926610948359,33.72842248655825,0.11125198557963792,CoAP,UNSTABLE_NETWORK,Unstable network with high packet loss and jitter
2025-04-03T19:02:50,578.4194699748456,71.68791190302062,7.794660522000753,32.201893142051325,0.09655040696767908,CoAP,UNSTABLE_NETWORK,Unstable network with high packet loss and jitter
2025-04-03T08:39:45,235.36824595436906,45.267052163240855,8.086326692242995,40.323893981263964,0.13690666243616245,HTTPS,UNSTABLE_NETWORK,Unstable network with high packet loss and jitter
2025-04-03T21:37:57,231.03403348731226,27.545312593512925,7.444707051736344,49.23513487603455,0.12905021497194258,LoRaWAN,UNSTABLE_NETWORK,Unstable network with high packet loss and jitter
2025-04-03T23:01:49,1121.3792692637212,52.01720038971702,11.636387612700458,20.469595366351502,0.09323107504552289,CoAP,UNSTABLE_NETWORK,Unstable network with high packet loss and jitter
2025-04-03T09:10:59,807.7738198787042,76.56746466269658,4.281235962424915,40.78125395794772,0.05484258021555494,HTTPS,UNSTABLE_NETWORK,Unstable network with high packet loss and jitter
2025-04-03T20:27:07,796.3143642616133,30.057033744259567,9.823521016205026,29.137829019925473,0.040700374648046975,CoAP,UNSTABLE_NETWORK,Unstable network with high packet loss and jitter
2025-04-03T07:57:09,1437.0634552433187,39.858151864045034,11.303990494668652,28.703269479713992,0.06837854764955856,CoAP,UNSTABLE_NETWORK,Unstable network with high packet loss and jitter
2025-04-03T03:57:28,307.65747950205406,51.52845115838408,10.149020241621232,14.634693096179616,0.10259640339248471,HTTPS,UNSTABLE_NETWORK,Unstable network with high packet loss and jitter
2025-04-03T05:22:16,680.0226049629192,44.474855074183665,14.974096742970254,27.15210590484605,0.13479941237935814,CoAP,UNSTABLE_NETWORK,Unstable network with high packet loss and jitter
2025-04-03T07:05:13,206.74008302756877,30.550541326017505,6.413159711825903,20.027350420315848,0.09252341103232399,HTTPS,UNSTABLE_NETWORK,Unstable network with high packet loss and jitter
2025-04-03T18:06:05,442.6511985142437,62.114630097541756,10.871914467780593,25.361455704940543,0.1150616838269371,CoAP,UNSTABLE_NETWORK,Unstable network with high packet loss and jitter
2025-04-03T19:42:45,256.62369996051603,80.08904030675106,7.681728093975739,19.018136162218504,0.07264077541436594,HTTPS,UNSTABLE_NETWORK,Unstable network with high packet loss and jitter
2025-04-03T00:15:08,337.0319161846931,48.23206858425824,11.70021822905801,25.510916126869937,0.0986830737568265,CoAP,UNSTABLE_NETWORK,Unstable network with high packet loss and jitter
2025-04-03T15:33:22,612.7585067277599,31.730739575267098,7.976933012835891,25.93889642976597,0.10470070488431518,CoAP,UNSTABLE_NETWORK,Unstable network with high packet loss and jitter
2025-04-03T07:23:51,112.3835590289122,22.059023267912444,6.836372654412592,30.967549184388,0.020612171724424158,CoAP,UNSTABLE_NETWORK,Unstable network with high packet loss and jitter
2025-04-03T17:49:51,3694.672534407896,49.164738084439755,11.918216611614888,13.85250137708669,0.06759683592870469,CoAP,UNSTABLE_NETWORK,Unstable network with high packet loss and jitter
2025-04-03T04:38:17,89.70814941709786,61.85492573827338,6.52531418294321,15.544818522546766,0.1084910115283361,HTTPS,UNSTABLE_NETWORK,Unstable network with high packet loss and jitter
2025-04-03T10:18:53,69.87836860371257,52.4259490083677,3.761822723298332,33.619142707305265,0.08823405006909694,HTTPS,UNSTABLE_NETWORK,Unstable network with high packet loss and jitter
2025-04-03T01:49:59,1204.1335273767247,45.26404241956164,6.449459350478515,22.02561882929901,0.044104548555472016,CoAP,UNSTABLE_NETWORK,Unstable network with high packet loss and jitter
2025-04-03T18:18:13,775.7091997905404,36.462692478912324,9.857098839765598,40.74529790229931,0.007096328728179321,LoRaWAN,UNSTABLE_NETWORK,Unstable network with high packet loss and jitter
2025-04-03T03:38:37,634.4295540843256,28.92097998738804,12.176116254761274,32.252697220150466,0.0690265776409398,CoAP,UNSTABLE_NETWORK,Unstable network with high packet loss and jitter
2025-04-03T18:13:21,637.6548093660049,57.82637159544009,8.333388125889536,36.06762150206407,0.07785242921318362,CoAP,UNSTABLE_NETWORK,Unstable network with high packet loss and jitter
2025-04-03T04:49:35,295.62340007996863,59.013343243758115,11.954591201702076,44.10692320420895,0.05348231150514964,CoAP,UNSTABLE_NETWORK,Unstable network with high packet loss and jitter
2025-04-03T01:43:06,102.21487640540015,22.122489345020796,3.9254752355672196,26.902891881934273,0.08429254811083983,CoAP,UNSTABLE_NETWORK,Unstable network with high packet loss and jitter
2025-04-03T05:13:25,328.5693558267539,69.15768804049952,6.670209605546291,24.255132945837243,0.09519160241698685,HTTPS,UNSTABLE_NETWORK,Unstable network with high packet loss and jitter
2025-04-03T12:40:44,133.11167277496108,53.922838903606745,7.134274648537696,38.71702585598813,0.100120615121787,CoAP,UNSTABLE_NETWORK,Unstable network with high packet loss and jitter
2025-04-03T04:44:08,966.7366824048448,66.30735748979112,7.656321717582441,35.095135639296856,0.009322432252030333,HTTPS,UNSTABLE_NETWORK,Unstable network with high packet loss and jitter
2025-04-03T16:12:36,251.46746487405457,25.183188807734943,8.25228316475059,28.126696901786993,0.0405714470657564,CoAP,UNSTABLE_NETWORK,Unstable network with high packet loss and jitter
2025-04-03T09:13:37,111.40651831743202,24.829409926187555,10.072732872176578,43.91457966955942,0.07086132054935794,LoRaWAN,UNSTABLE_NETWORK,Unstable network with high packet loss and jitter
2025-04-03T16:21:27,203.99989204902067,43.083899833317155,6.665579485488529,27.877556901600695,0.09716519393112391,CoAP,UNSTABLE_NETWORK,Unstable network with high packet loss and jitter
2025-04-03T12:55:06,492.4043456838798,52.86187310566199,8.417086060859377,30.327736375557816,0.09467702040650107,CoAP,UNSTABLE_NETWORK,Unstable network with high packet loss and jitter
2025-04-03T09:56:19,152.52263500435296,72.267186268546,7.864631329027845,30.212226508342585,0.09415609843630027,HTTPS,UNSTABLE_NETWORK,Unstable network with high packet loss and jitter
2025-04-03T20:52:23,111.84544914429566,55.91462485427599,5.2223302883265506,20.65406105101529,0.06849746174093205,HTTPS,UNSTABLE_NETWORK,Unstable network with high packet loss and jitter
2025-04-03T15:11:25,401.90153807076257,41.68488921727599,7.658999932755694,30.77585389486391,0.07017099688070118,CoAP,UNSTABLE_NETWORK,Unstable network with high packet loss and jitter
2025-04-03T19:10:39,402.51902385860035,29.93123747687557,7.569021410308646,43.96760177398491,0.05815012194734778,CoAP,UNSTABLE_NETWORK,Unstable network with high packet loss and jitter
2025-04-03T05:28:50,163.27741133192808,63.778451405058675,7.504758304990862,34.44968315376176,0.10304582384317544,HTTPS,UNSTABLE_NETWORK,Unstable network with high packet loss and jitter
2025-04-03T07:20:02,170.4661098766048,30.85952865041817,8.095278369744353,30.310634263989314,0.05238533636781266,CoAP,UNSTABLE_NETWORK,Unstable network with high packet loss and jitter
2025-04-03T11:37:49,396.3280983842867,69.7588055806712,8.227020621840158,28.38232718834331,0.1055010918556871,HTTPS,UNSTABLE_NETWORK,Unstable network with high packet loss and jitter
2025-04-03T13:35:33,52.777304793949426,41.06767473739619,6.703114462678009,33.30867028406351,0.08623559714412939,CoAP,UNSTABLE_NETWORK,Unstable network with high packet loss and jitter
2025-04-03T09:08:09,55.413649562697856,69.19384279316907,11.818144201913794,37.49766628489185,0.0786486656463454,CoAP,UNSTABLE_NETWORK,Unstable network with high packet loss and jitter
2025-04-03T14:27:22,126.67812356422341,55.52074827719794,4.49155811239095,36.092388308897526,0.060298688006706,CoAP,UNSTABLE_NETWORK,Unstable network with high packet loss and jitter
2025-04-03T14:57:36,232.2108726336729,43.283513807079366,5.837089674590311,26.68135138178021,0.03933374416507621,CoAP,UNSTABLE_NETWORK,Unstable network with high packet loss and jitter
2025-04-03T15:50:48,435.6641086214851,37.549167793731804,16.33989087267067,33.247815941101145,0.06057041730865863,LoRaWAN,UNSTABLE_NETWORK,Unstable network with high packet loss and jitter
2025-04-03T16:05:04,1762.0090364393584,40.22816243333998,4.88602593503231,34.799397411482786,0.07009979394125342,CoAP,UNSTABLE_NETWORK,Unstable network with high packet loss and jitter
2025-04-03T01:03:06,839.6406666348089,51.76819820156721,3.938735975870724,19.928050124730216,0.008929270652562465,CoAP,UNSTABLE_NETWORK,Unstable network with high packet loss and jitter
2025-04-03T23:17:31,247.61032461273237,46.502462481611865,10.203430235003653,31.682305411836943,0.07407934533996008,CoAP,UNSTABLE_NETWORK,Unstable network with high packet loss and jitter
2025-04-03T08:05:42,293.2316834848032,36.439611139723006,1.7686404386783785,8.386961136976382,0.10773072104078016,MQTT,UNSTABLE_NETWORK,Unstable network with high packet loss and jitter
2025-04-03T04:13:33,90.08442057723039,42.86397832839657,7.294178270082683,34.82533709821185,0.09701653716301617,CoAP,UNSTABLE_NETWORK,Unstable network with high packet loss and jitter
2025-04-03T00:45:54,293.40875687562004,46.528772151355774,14.437474775229465,36.603430545626814,0.06511382372775477,CoAP,UNSTABLE_NETWORK,Unstable network with high packet loss and jitter
2025-04-03T22:31:09,212.17090550678893,13.420772511753812,3.3651922335397986,37.475461257864595,0.08140808895245684,CoAP,UNSTABLE_NETWORK,Unstable network with high packet loss and jitter
2025-04-03T12:55:39,441.8828258571915,52.225972872213944,2.0541065427838596,26.049531478304324,0.06331506291734001,HTTPS,UNSTABLE_NETWORK,Unstable network with high packet loss and jitter
2025-04-03T19:10:30,111.17497843167997,30.65930000203883,3.502456394126906,33.09046835024035,0.08446282200007088,CoAP,UNSTABLE_NETWORK,Unstable network with high packet loss and jitter
2025-04-03T03:48:40,559.4746910268775,28.056799547112224,10.695078705040956,44.23953845541167,0.12620323471232095,LoRaWAN,UNSTABLE_NETWORK,Unstable network with high packet loss and jitter
2025-04-03T02:44:29,1887.6145542204783,20.048287610945213,11.374330159957438,44.13769648291259,0.10905496407874628,LoRaWAN,UNSTABLE_NETWORK,Unstable network with high packet loss and jitter
2025-04-03T13:39:13,263.2937414348863,18.451732571994985,6.462233609064474,29.708273007734395,0.09562382917078258,CoAP,UNSTABLE_NETWORK,Unstable network with high packet loss and jitter
2025-04-03T14:23:40,485.819201433474,25.03007471573647,10.049637212003207,31.393196307295597,0.06521345262848846,CoAP,UNSTABLE_NETWORK,Unstable network with high packet loss and jitter
2025-04-03T14:31:19,686.7396574403105,34.72814012037092,12.170765982535968,41.10911144734433,0.10249815178834515,LoRaWAN,UNSTABLE_NETWORK,Unstable network with high packet loss and jitter
2025-04-03T11:28:17,185.36334175007894,74.66400877013427,13.362039243289477,14.991979847378252,0.029393691458808414,CoAP,UNSTABLE_NETWORK,Unstable network with high packet loss and jitter
2025-04-03T12:13:32,392.5615942078683,37.478593791215154,7.260994156460455,26.769242573229754,0.07242939554027329,CoAP,UNSTABLE_NETWORK,Unstable network with high packet loss and jitter
2025-04-03T16:36:16,304.5676882635245,48.034707746071156,1.0955848469900396,43.355704555367566,0.0975113425947185,HTTPS,UNSTABLE_NETWORK,Unstable network with high packet loss and jitter
2025-04-03T17:47:38,337.30710052549455,51.377344172053085,5.5373632327709394,39.75200541684766,0.10221263642143255,HTTPS,UNSTABLE_NETWORK,Unstable network with high packet loss and jitter
2025-04-03T15:41:46,118.64913992681187,47.337768390103356,6.719587415194227,33.69263777649905,0.10009653470647223,CoAP,UNSTABLE_NETWORK,Unstable network with high packet loss and jitter
2025-04-03T11:11:47,308.9547060425513,44.21180590838319,7.223183610264829,14.941675946693795,0.08884492067629084,HTTPS,UNSTABLE_NETWORK,Unstable network with high packet loss and jitter
2025-04-03T07:02:35,545.3241694414882,27.445718587691893,7.436421796973842,29.50089766958838,0.07412825062748352,CoAP,UNSTABLE_NETWORK,Unstable network with high packet loss and jitter
2025-04-03T20:51:20,1711.5502264844492,67.1407054882762,11.356683793792008,24.10084603750067,0.09613927909479467,CoAP,UNSTABLE_NETWORK,Unstable network with high packet loss and jitter
2025-04-03T08:47:14,948.524354552006,72.48640914106377,11.823285280062745,33.31038902817213,0.051414168782410986,CoAP,UNSTABLE_NETWORK,Unstable network with high packet loss and jitter
2025-04-03T10:39:38,3974.2901148078513,20.14024629706268,7.48497903822565,21.906533152051196,0.054659682101202506,CoAP,UNSTABLE_NETWORK,Unstable network with high packet loss and jitter
2025-04-03T22:34:43,119.45806618359966,30.02136506801474,11.295454628155456,19.742766050253927,0.08185204029380891,CoAP,UNSTABLE_NETWORK,Unstable network with high packet loss and jitter
2025-04-03T00:59:46,854.5433551531357,41.18630601806281,9.072984099893269,9.351347223163586,0.08519592928126242,HTTPS,UNSTABLE_NETWORK,Unstable network with high packet loss and jitter
2025-04-03T00:58:32,373.82690953001037,30.917061452472506,8.193517918587716,42.21804684976701,0.025231544643060613,LoRaWAN,UNSTABLE_NETWORK,Unstable network with high packet loss and jitter
2025-04-03T05:10:26,4152.83284879614,52.97627890037082,10.719632471329891,26.002294885569427,0.09365439142848556,CoAP,UNSTABLE_NETWORK,Unstable network with high packet loss and jitter
2025-04-03T05:30:11,113.72969452545911,34.464379784841114,8.216756144713747,31.571457837025346,0.1031818513375818,CoAP,UNSTABLE_NETWORK,Unstable network with high packet loss and jitter
2025-04-03T09:16:28,109.52099478114783,77.86597106044682,14.173433531293288,29.977618835258188,0.07768144287601114,CoAP,UNSTABLE_NETWORK,Unstable network with high packet loss and jitter
2025-04-03T06:00:44,146.13214281295825,63.250026180909195,3.6847664996163223,19.325660670395006,0.15123398849851977,MQTT,UNSTABLE_NETWORK,Unstable network with high packet loss and jitter
2025-04-03T05:38:17,23.455560902634193,48.58207494764594,6.454487302723947,17.409350885518066,0.05951194681054442,HTTPS,UNSTABLE_NETWORK,Unstable network with high packet loss and jitter
2025-04-03T22:52:03,159.63284325318074,60.79992566036618,7.620443309138149,19.946848740027647,0.06916738509839392,CoAP,UNSTABLE_NETWORK,Unstable network with high packet loss and jitter
2025-04-03T00:51:57,120.64149311407442,61.985305298337295,9.318358071373972,22.768315611706072,0.06814799281618372,CoAP,UNSTABLE_NETWORK,Unstable network with high packet loss and jitter
2025-04-03T20:25:56,359.3349703256318,36.93925383451148,11.803881461309267,33.66606247013805,0.07771437166126947,CoAP,UNSTABLE_NETWORK,Unstable network with high packet loss and jitter
2025-04-03T12:27:51,452.09378425013955,33.15687470966313,7.92680429829153,22.042823364793886,0.07013825561101127,CoAP,UNSTABLE_NETWORK,Unstable network with high packet loss and jitter
2025-04-03T05:05:02,2850.3226623535256,46.57394654474478,3.733311051481378,47.464906315946216,0.03779568366185385,HTTPS,UNSTABLE_NETWORK,Unstable network with high packet loss and jitter
2025-04-03T01:37:22,938.5077186807856,58.3280096900767,10.527541689365012,40.27151035893151,0.06360355111290575,CoAP,UNSTABLE_NETWORK,Unstable network with high packet loss and jitter
2025-04-03T11:12:41,150.1294749118006,47.491041024816276,10.264876298425893,38.08359549665708,0.07707137912677772,CoAP,UNSTABLE_NETWORK,Unstable network with high packet loss and jitter
2025-04-03T06:33:23,102.07265555122959,21.751855034557515,2.174424021861782,28.8034109752685,0.11685716246185993,MQTT,UNSTABLE_NETWORK,Unstable network with high packet loss and jitter
2025-04-03T05:05:27,541.3605351562995,33.36610283056731,7.988587598987602,45.14280735720484,0.1460672982011874,LoRaWAN,UNSTABLE_NETWORK,Unstable network with high packet loss and jitter
2025-04-03T14:55:01,61.528631925134086,44.30054375832174,3.2295745079591063,27.81994368878876,0.12006421693551964,HTTPS,UNSTABLE_NETWORK,Unstable network with high packet loss and jitter
2025-04-03T23:37:59,2701.4204160555787,44.276819869757425,6.006046707493812,29.68738585845754,0.05673862910982181,CoAP,UNSTABLE_NETWORK,Unstable network with high packet loss and jitter
2025-04-03T11:40:53,1235.3512474575227,75.00160380889947,5.2915732191116005,31.699745397492695,0.05912571168121504,HTTPS,UNSTABLE_NETWORK,Unstable network with high packet loss and jitter
2025-04-03T02:50:42,170.8475591807425,24.62531924347485,10.427794094725957,37.01823040543344,0.07522014267471948,LoRaWAN,UNSTABLE_NETWORK,Unstable network with high packet loss and jitter
2025-04-03T21:50:28,38.39860150335981,53.00064422940541,8.350490522516552,36.369080790029855,0.1335367666656076,HTTPS,UNSTABLE_NETWORK,Unstable network with high packet loss and jitter
2025-04-03T09:45:43,1522.987771515863,67.7551694491991,4.143226997731917,25.24874721555397,0.0750372784345432,HTTPS,UNSTABLE_NETWORK,Unstable network with high packet loss and jitter
2025-04-03T07:01:04,261.4739498433944,79.49188622802416,10.640197888872027,24.670062805740464,0.040174775283877084,CoAP,UNSTABLE_NETWORK,Unstable network with high packet loss and jitter
2025-04-03T18:44:39,1324.9924615717873,39.35584592133028,3.6985825282147573,36.39902957152084,0.06496468589140894,CoAP,UNSTABLE_NETWORK,Unstable network with high packet loss and jitter
2025-04-03T03:37:20,44.277173975089276,52.794916282300164,8.99034137141283,37.152365838912324,0.1027116800545825,CoAP,UNSTABLE_NETWORK,Unstable network with high packet loss and jitter
2025-04-03T11:10:23,146.13523310034745,53.971547071884345,5.557967992125333,26.06648875177127,0.10069820830688261,HTTPS,UNSTABLE_NETWORK,Unstable network with high packet loss and jitter
2025-04-03T14:09:58,301.8936835950957,48.359034909611466,6.902968752408441,14.12811930321546,0.07399350000525032,HTTPS,UNSTABLE_NETWORK,Unstable network with high packet loss and jitter
2025-04-03T20:47:56,317.39885072257505,43.94579814012999,9.512812244115151,27.926839039917553,0.10050244020680092,CoAP,UNSTABLE_NETWORK,Unstable network with high packet loss and jitter
2025-04-03T15:37:32,174.81074103130248,51.96977422362773,9.564348197178587,36.23525798825859,0.011804833923595048,CoAP,UNSTABLE_NETWORK,Unstable network with high packet loss and jitter
2025-04-03T05:06:53,633.4635074676652,7.4481193252392295,12.010907220667882,48.05416846419781,0.08311487705098093,LoRaWAN,UNSTABLE_NETWORK,Unstable network with high packet loss and jitter
2025-04-03T16:08:41,83.31577936602288,55.664520176881446,7.75323890098564,18.02042037659338,0.10582056264105891,HTTPS,UNSTABLE_NETWORK,Unstable network with high packet loss and jitter
2025-04-03T13:02:16,252.88304083030724,47.327813603278955,8.919352588890021,25.734287471694266,0.05501410174536395,CoAP,UNSTABLE_NETWORK,Unstable network with high packet loss and jitter
2025-04-03T20:56:11,346.5881656937222,42.099688819082935,6.686788032787026,26.105964384746233,0.05490984390511136,CoAP,UNSTABLE_NETWORK,Unstable network with high packet loss and jitter
2025-04-03T05:09:17,556.1895066778509,76.14141242895776,8.545969647868393,43.55805339431501,0.024006555417095746,HTTPS,UNSTABLE_NETWORK,Unstable network with high packet loss and jitter
2025-04-03T14:01:08,704.6634608639864,35.316136433713574,9.318458144025534,29.650584995413674,0.12769686784432083,CoAP,UNSTABLE_NETWORK,Unstable network with high packet loss and jitter
2025-04-03T03:01:25,77.80548768165661,39.395674102003866,7.705070457636872,20.926734406277344,0.058395380689353,CoAP,UNSTABLE_NETWORK,Unstable network with high packet loss and jitter
2025-04-03T16:18:57,47.600604930161275,75.3167806934578,2.5887485477225116,35.58695282921819,0.08723129833586335,HTTPS,UNSTABLE_NETWORK,Unstable network with high packet loss and jitter
2025-04-03T03:22:21,1389.9105352646861,32.964228810046414,8.994412688992686,25.953614799590536,0.09811751124450124,CoAP,UNSTABLE_NETWORK,Unstable network with high packet loss and jitter
2025-04-03T06:55:22,447.0003104050173,37.19508636115365,9.093684432066372,17.756127266420457,0.1253620384742436,MQTT,UNSTABLE_NETWORK,Unstable network with high packet loss and jitter
2025-04-03T05:37:57,122.19261739402872,43.24310147614646,5.959479570956147,21.072266927238495,0.07538306678043094,HTTPS,UNSTABLE_NETWORK,Unstable network with high packet loss and jitter
2025-04-03T14:26:56,1929.786869100638,58.06116728195991,4.1468388917824575,47.340419544226194,0.06381710618664745,HTTPS,UNSTABLE_NETWORK,Unstable network with high packet loss and jitter
2025-04-03T14:11:45,344.671584890829,48.56885488272385,12.427637451511895,33.84209221649462,0.08519202945711661,CoAP,UNSTABLE_NETWORK,Unstable network with high packet loss and jitter
2025-04-03T08:08:18,1235.139373255075,26.06410428754767,9.474336532683207,31.07760055452543,0.11852240829626862,LoRaWAN,UNSTABLE_NETWORK,Unstable network with high packet loss and jitter
2025-04-03T01:16:59,325.31848370320085,37.47262327033124,7.312756907234871,27.50106264187954,0.07489482405797648,CoAP,UNSTABLE_NETWORK,Unstable network with high packet loss and jitter
2025-04-03T10:26:24,3557.025655190245,36.34650244146338,4.588901350557538,32.92148842118799,0.05135392755247771,LoRaWAN,UNSTABLE_NETWORK,Unstable network with high packet loss and jitter
2025-04-03T18:13:13,2465.602517433608,44.30017048370833,5.534555514735962,32.802359460024945,0.03377726575053913,CoAP,UNSTABLE_NETWORK,Unstable network with high packet loss and jitter
2025-04-03T14:25:30,222.52189393679947,51.847808263908924,11.907771190358694,32.92168828207326,0.04336107846184324,CoAP,UNSTABLE_NETWORK,Unstable network with high packet loss and jitter
2025-04-03T21:28:14,962.6285501117268,51.734906945188534,8.412985822604139,31.14845090277753,0.10593174492219995,CoAP,UNSTABLE_NETWORK,Unstable network with high packet loss and jitter
2025-04-03T07:15:45,650.8203305373719,18.82331151855039,6.34823879899788,38.687983383055496,0.07038126571079566,LoRaWAN,UNSTABLE_NETWORK,Unstable network with high packet loss and jitter
2025-04-03T15:49:10,1550.201720486717,61.42426986509673,9.52906769367397,30.23104346000731,0.06177437270237869,CoAP,UNSTABLE_NETWORK,Unstable network with high packet loss and jitter
2025-04-03T15:43:53,94.24278973912357,49.25535496404071,5.556805437661029,20.220611644473614,0.05852098330448173,CoAP,UNSTABLE_NETWORK,Unstable network with high packet loss and jitter
2025-04-03T09:25:35,683.3753208030646,66.23647021040743,12.502529090841135,23.875771090991318,0.08255137580600545,CoAP,UNSTABLE_NETWORK,Unstable network with high packet loss and jitter
2025-04-03T04:42:17,1068.3726254211722,52.13313162826638,12.058401604690175,10.209813065102878,0.07281634718703249,CoAP,UNSTABLE_NETWORK,Unstable network with high packet loss and jitter
2025-04-03T10:03:08,36.353667426315454,61.99166830735021,6.60027778639167,50.268171160423925,0.07180603568842242,HTTPS,UNSTABLE_NETWORK,Unstable network with high packet loss and jitter
2025-04-03T03:34:37,72.52071603487627,52.47167083547315,6.113989258907418,38.62754591952687,0.12047971783432218,HTTPS,UNSTABLE_NETWORK,Unstable network with high packet loss and jitter
2025-04-03T17:57:37,25.96381560881485,65.66854472916994,0.14560040392316065,21.699295048707633,0.126140488455849,MQTT,UNSTABLE_NETWORK,Unstable network with high packet loss and jitter
2025-04-03T06:13:56,217.12957026043148,53.31058514880286,3.5552576853458957,27.181551506029002,0.03169934981273011,CoAP,UNSTABLE_NETWORK,Unstable network with high packet loss and jitter
2025-04-03T09:04:28,709.6934963960721,44.00976413430009,3.981590675126731,23.631235257935668,0.08982778193428873,HTTPS,UNSTABLE_NETWORK,Unstable network with high packet loss and jitter
2025-04-03T09:15:04,1820.0348662570464,79.56668086005433,8.405571022962157,45.42547211374117,0.056694137041358235,HTTPS,UNSTABLE_NETWORK,Unstable network with high packet loss and jitter
2025-04-03T07:00:27,327.895910230234,58.81738410995697,7.021298886675921,15.80122835729071,0.0725524665841672,HTTPS,UNSTABLE_NETWORK,Unstable network with high packet loss and jitter
2025-04-03T04:35:28,2117.7746635238404,54.08966081323225,3.963993537754275,31.144760588187793,0.08927835155380083,HTTPS,UNSTABLE_NETWORK,Unstable network with high packet loss and jitter
2025-04-03T13:03:22,57.2633455205803,26.34059547249849,7.156507872606328,28.91472157435152,0.07361840249207242,CoAP,UNSTABLE_NETWORK,Unstable network with high packet loss and jitter
2025-04-03T02:11:58,38.85060103809476,26.162214681027926,9.516011442942045,38.26838630709114,0.086913796418829,LoRaWAN,UNSTABLE_NETWORK,Unstable network with high packet loss and jitter
2025-04-03T23:16:10,280.6547415073117,49.879228397516265,9.583518049746761,28.95990772275305,0.10018910618095753,CoAP,UNSTABLE_NETWORK,Unstable network with high packet loss and jitter
2025-04-03T08:18:15,475.6398800502621,47.672981354319546,2.3009891574233565,12.41791123344565,0.0888373040162096,MQTT,UNSTABLE_NETWORK,Unstable network with high packet loss and jitter
2025-04-03T18:23:53,288.4577929398082,36.27999213507866,7.615209558548507,27.48882165357559,0.0605949108749713,CoAP,UNSTABLE_NETWORK,Unstable network with high packet loss and jitter
2025-04-03T22:04:49,25.099601125781703,47.60823832679177,3.8499776690851686,20.27837782056675,0.06112401179089029,HTTPS,UNSTABLE_NETWORK,Unstable network with high packet loss and jitter
2025-04-03T04:14:59,269.5727847691851,69.32456897567226,10.705186091420822,30.795795465565607,0.03680884110145894,CoAP,UNSTABLE_NETWORK,Unstable network with high packet loss and jitter
2025-04-03T10:34:49,62.703613280110375,55.92786939568029,10.352439249060495,44.34177036520327,0.05438239107437845,CoAP,UNSTABLE_NETWORK,Unstable network with high packet loss and jitter
2025-04-03T07:16:43,670.0749241700122,28.3833718535422,5.305918321026625,12.605747557677219,0.13886205085695585,MQTT,UNSTABLE_NETWORK,Unstable network with high packet loss and jitter
2025-04-03T20:29:38,465.7739217628648,43.82753431509659,5.7018643927988,21.99777264600096,0.05623989277714267,CoAP,UNSTABLE_NETWORK,Unstable network with high packet loss and jitter
2025-04-03T05:27:05,97.11799971301159,33.4273367318598,6.6161988485050784,24.47307046216503,0.044198635626685405,CoAP,UNSTABLE_NETWORK,Unstable network with high packet loss and jitter
2025-04-03T23:03:29,161.92644256114338,39.68800242092727,1.2416198158059828,26.183689045867887,0.0895978358553432,HTTPS,UNSTABLE_NETWORK,Unstable network with high packet loss and jitter
2025-04-03T02:50:58,84.16054699128654,39.30093340501851,9.00790452032173,37.40125664105244,0.07668905722124421,CoAP,UNSTABLE_NETWORK,Unstable network with high packet loss and jitter
2025-04-03T11:31:10,278.26323604756715,38.34215187281054,7.181466360979607,28.264555824386125,0.07413220289452324,CoAP,UNSTABLE_NETWORK,Unstable network with high packet loss and jitter
2025-04-03T20:02:25,943.8367900083759,26.68147225467717,10.910525247703578,34.15802725720445,0.1222713789923627,LoRaWAN,UNSTABLE_NETWORK,Unstable network with high packet loss and jitter
2025-04-03T19:21:57,91.91931846288603,43.59534983391271,4.7047723461123425,23.74226956268224,0.09647380026675095,HTTPS,UNSTABLE_NETWORK,Unstable network with high packet loss and jitter
2025-04-03T03:08:54,549.296458635337,37.10272272638338,6.142631155250205,32.299243454179376,0.06410021204889574,CoAP,UNSTABLE_NETWORK,Unstable network with high packet loss and jitter
2025-04-03T15:05:26,158.77265442158586,1.571774151466479,3.480424225882654,37.77797630877715,0.0672657224722466,LoRaWAN,UNSTABLE_NETWORK,Unstable network with high packet loss and jitter
2025-04-03T17:00:58,115.85449797086528,76.30975209143291,4.9871283095172405,22.677004502629117,0.06492240458282945,HTTPS,UNSTABLE_NETWORK,Unstable network with high packet loss and jitter
2025-04-03T03:52:19,263.8408400413663,61.848383759565515,4.454054011795343,37.81358119806515,0.10624218864740771,HTTPS,UNSTABLE_NETWORK,Unstable network with high packet loss and jitter
2025-04-03T12:20:58,86.61661772537177,39.873995294847965,10.987921036539337,30.523727687275684,0.07075557111640587,LoRaWAN,UNSTABLE_NETWORK,Unstable network with high packet loss and jitter
2025-04-03T08:45:45,154.3778715340584,45.80245913723935,5.905214453745823,40.45460240482252,0.02620539492637549,CoAP,UNSTABLE_NETWORK,Unstable network with high packet loss and jitter
2025-04-03T20:56:29,71.25956128003159,27.947025403774422,8.37252705423384,27.985800999230264,0.07855040963796968,CoAP,UNSTABLE_NETWORK,Unstable network with high packet loss and jitter
2025-04-03T10:29:53,3169.8914841494047,70.95935100310828,6.857709788414587,33.81244655162099,0.03388921996616213,HTTPS,UNSTABLE_NETWORK,Unstable network with high packet loss and jitter
2025-04-03T23:33:53,312.9673077563438,73.98450547994946,4.191604201961561,29.5939376832147,0.14552691805264706,HTTPS,UNSTABLE_NETWORK,Unstable network with high packet loss and jitter
2025-04-03T19:36:49,129.55582444720858,47.87724820445813,7.495098730485072,29.03787737959421,0.051029962584583075,CoAP,UNSTABLE_NETWORK,Unstable network with high packet loss and jitter
2025-04-03T00:19:20,387.8266135829604,60.8814691659479,9.797309995590783,32.5893042822569,0.07514405703926808,CoAP,UNSTABLE_NETWORK,Unstable network with high packet loss and jitter
2025-04-03T09:43:07,262.16886394635003,48.15947840958405,4.376721822369943,35.36807469224904,0.08774608204103411,HTTPS,UNSTABLE_NETWORK,Unstable network with high packet loss and jitter
2025-04-03T11:47:41,230.12415214353086,25.480962364843702,10.427338372194136,17.50435088075995,0.0713402551796231,CoAP,UNSTABLE_NETWORK,Unstable network with high packet loss and jitter
2025-04-03T18:23:39,626.8971641793706,39.35616063593527,5.450837235566912,44.33633608817878,0.07129908795601422,CoAP,UNSTABLE_NETWORK,Unstable network with high packet loss and jitter
2025-04-03T05:47:57,744.5587244473412,47.51409789437695,6.551048221781478,11.403369594502017,0.09265481858482631,HTTPS,UNSTABLE_NETWORK,Unstable network with high packet loss and jitter
2025-04-03T08:03:19,158.72626226035217,38.7186298340534,9.592049369030143,23.15187890261104,0.12578647876388838,MQTT,UNSTABLE_NETWORK,Unstable network with high packet loss and jitter
2025-04-03T23:12:13,150.3251456585244,42.258713676087,6.009691528341536,29.057309292350993,0.10302527245451892,HTTPS,UNSTABLE_NETWORK,Unstable network with high packet loss and jitter
2025-04-03T17:17:55,215.6637405732536,44.16918669738329,8.112724578007597,34.12355969085948,0.12435541635720629,HTTPS,UNSTABLE_NETWORK,Unstable network with high packet loss and jitter
2025-04-03T10:19:01,18.943807118324884,44.328669814445554,7.055927513635723,45.76172527741379,0.04860142675719495,HTTPS,UNSTABLE_NETWORK,Unstable network with high packet loss and jitter
2025-04-03T21:16:29,48.6938724610839,46.32739186229719,8.388104020111456,11.417085117748925,0.08952087899766084,MQTT,UNSTABLE_NETWORK,Unstable network with high packet loss and jitter
2025-04-03T21:58:22,1546.9361798570833,29.6361057312934,0.8577826834295088,24.923058716102894,0.08465738156174837,HTTPS,UNSTABLE_NETWORK,Unstable network with high packet loss and jitter
2025-04-03T17:14:06,2159.741312679562,34.79160671273084,2.5109545543757514,8.731665122007346,0.09053273875030204,MQTT,UNSTABLE_NETWORK,Unstable network with high packet loss and jitter
2025-04-03T09:16:54,222.50269795840816,26.27975218655781,9.847901018140515,30.31621973910248,0.12128695911906717,LoRaWAN,UNSTABLE_NETWORK,Unstable network with high packet loss and jitter
2025-04-03T15:11:16,599.2331954730452,60.21741663975783,11.11154421694715,32.716835845000304,0.07337632550623838,CoAP,UNSTABLE_NETWORK,Unstable network with high packet loss and jitter
2025-04-03T23:59:20,435.84324989114793,13.96714648926742,5.268539889405436,45.907957421712524,0.06783489900337737,LoRaWAN,UNSTABLE_NETWORK,Unstable network with high packet loss and jitter
2025-04-03T02:29:12,12069.530856798361,62.85737298903365,7.267914943486597,31.206347608934543,0.09601942392255991,LoRaWAN,UNSTABLE_NETWORK,Unstable network with high packet loss and jitter
2025-04-03T21:46:24,1149.7184535436081,66.35042602062988,8.884157758706905,40.440251294423796,0.02665391817302458,HTTPS,UNSTABLE_NETWORK,Unstable network with high packet loss and jitter
2025-04-03T14:14:56,257.3099437028532,41.024143479355374,10.079652804976114,35.83837081539059,0.07289443852633465,LoRaWAN,UNSTABLE_NETWORK,Unstable network with high packet loss and jitter
2025-04-03T00:38:13,95.30992460850031,6.51146318909269,1.9169681849874536,25.647518029948316,0.07597406932143641,MQTT,UNSTABLE_NETWORK,Unstable network with high packet loss and jitter
2025-04-03T08:39:50,43.6431740256622,40.14052829940028,5.341879259064869,15.910392532079607,0.052389241510792245,HTTPS,UNSTABLE_NETWORK,Unstable network with high packet loss and jitter
2025-04-03T11:09:26,382.9631757520948,44.59909153198482,7.002261860450375,32.75002298291811,0.11171177034069732,MQTT,UNSTABLE_NETWORK,Unstable network with high packet loss and jitter
2025-04-03T22:33:57,121.04490353078306,30.40454787479087,10.109420591708147,15.078979828546363,0.048132790479701475,CoAP,UNSTABLE_NETWORK,Unstable network with high packet loss and jitter
2025-04-03T05:11:13,54.438848353347154,37.836912489008405,15.495291451164483,42.95207072669644,0.07592380854908612,LoRaWAN,UNSTABLE_NETWORK,Unstable network with high packet loss and jitter
2025-04-03T23:31:20,138.08853170621373,68.51978360148978,7.315982819570847,28.37937897963176,0.08879471675968906,HTTPS,UNSTABLE_NETWORK,Unstable network with high packet loss and jitter
2025-04-03T00:03:35,81.93488695605777,55.542430275473095,3.7790676136880332,41.95177411511416,0.12060354684428355,MQTT,UNSTABLE_NETWORK,Unstable network with high packet loss and jitter
2025-04-03T21:57:37,2271.8560890398135,31.701728347682952,9.206804231603893,25.197855658676005,0.0796833069535744,LoRaWAN,UNSTABLE_NETWORK,Unstable network with high packet loss and jitter
2025-04-03T21:39:32,864.1532994597916,21.60786974183044,11.96298736862213,32.68850786400992,0.10808460782384632,LoRaWAN,UNSTABLE_NETWORK,Unstable network with high packet loss and jitter
2025-04-03T15:05:53,297.1435350561042,40.66826474402283,8.324042362938503,32.09348857334689,0.10101786191831383,CoAP,UNSTABLE_NETWORK,Unstable network with high packet loss and jitter
2025-04-03T05:55:54,1771.7365411894223,42.37334004032029,5.280054364537122,29.54955881989076,0.08370372668507428,CoAP,UNSTABLE_NETWORK,Unstable network with high packet loss and jitter
2025-04-03T20:44:51,329.18649485704293,53.019846763434074,10.873981824440058,25.67340486603408,0.04731459775179634,CoAP,UNSTABLE_NETWORK,Unstable network with high packet loss and jitter
2025-04-03T04:34:07,106.72350590509704,37.54877548687692,9.990636855495305,33.9245601847052,0.036962574172869536,LoRaWAN,UNSTABLE_NETWORK,Unstable network with high packet loss and jitter
2025-04-03T20:19:56,1865.9607882366863,53.252687028227186,4.921757467413126,20.738367365167917,0.0831951620425756,HTTPS,UNSTABLE_NETWORK,Unstable network with high packet loss and jitter
2025-04-03T23:55:01,572.7644367719269,74.60917122111017,9.144276852603026,17.905646710409414,0.0637190937829216,CoAP,UNSTABLE_NETWORK,Unstable network with high packet loss and jitter
2025-04-03T07:59:03,86.40858976670685,57.81604317927814,10.991796702976618,42.42826893326828,0.10757783275043875,LoRaWAN,UNSTABLE_NETWORK,Unstable network with high packet loss and jitter
2025-04-03T08:09:56,238.74023093068254,44.86386745506008,11.545670127676681,37.27167988892101,0.10237569554295733,LoRaWAN,UNSTABLE_NETWORK,Unstable network with high packet loss and jitter
2025-04-03T04:41:56,104.90346754697597,42.839605221629725,7.800653074071632,30.6589160860224,0.07446167016688851,CoAP,UNSTABLE_NETWORK,Unstable network with high packet loss and jitter
2025-04-03T06:56:41,57.07823082655985,40.23843249713854,6.925761661462044,46.65142382543782,0.045268612281761926,LoRaWAN,UNSTABLE_NETWORK,Unstable network with high packet loss and jitter
2025-04-03T03:30:49,911.5947440236721,63.29981041902625,11.681821466243788,27.322344812751552,0.0953220664882182,CoAP,UNSTABLE_NETWORK,Unstable network with high packet loss and jitter
2025-04-03T05:48:20,2966.334941180186,36.18216226538201,4.369518491057345,43.22703219988979,0.04946151661594549,LoRaWAN,UNSTABLE_NETWORK,Unstable network with high packet loss and jitter
2025-04-03T06:13:51,56.008383566407346,46.271871812058755,9.315737872763016,31.755740849258217,0.05724608231207405,CoAP,UNSTABLE_NETWORK,Unstable network with high packet loss and jitter
2025-04-03T07:07:55,589.5417608971743,46.36316692768277,3.889920117906712,19.752492499236098,0.05061752785354537,HTTPS,UNSTABLE_NETWORK,Unstable network with high packet loss and jitter
2025-04-03T08:30:59,137.41580354683046,38.07010272970098,11.196128816778808,48.4804019177085,0.0758449693418014,LoRaWAN,UNSTABLE_NETWORK,Unstable network with high packet loss and jitter
2025-04-03T11:52:55,167.20690775787853,25.011549626019914,7.225863453166515,39.90710846624085,0.11510577002211685,LoRaWAN,UNSTABLE_NETWORK,Unstable network with high packet loss and jitter
2025-04-03T16:19:14,147.36459668139094,50.44481762095392,11.805749706942407,28.789789689904357,0.07984877389329414,CoAP,UNSTABLE_NETWORK,Unstable network with high packet loss and jitter
2025-04-03T07:51:33,106.37744283917351,44.686807711265615,9.47423826906658,37.271712595339494,0.06670343922716913,LoRaWAN,UNSTABLE_NETWORK,Unstable network with high packet loss and jitter
2025-04-03T02:34:05,317.9863407336879,53.10714155305239,4.33033930981421,25.96296566002093,0.034231552098642676,CoAP,UNSTABLE_NETWORK,Unstable network with high packet loss and jitter
2025-04-03T08:00:12,110.67990924733263,37.601197137323794,12.27388319623173,38.29149035059542,0.09656373754189529,LoRaWAN,UNSTABLE_NETWORK,Unstable network with high packet loss and jitter
2025-04-03T10:18:51,415.0216408891745,63.91918843851449,12.653735799283188,6.089214347160407,0.05658786182214118,CoAP,UNSTABLE_NETWORK,Unstable network with high packet loss and jitter
2025-04-03T22:56:18,282.4486441150125,32.45692946054857,10.646859477797648,19.801986663054063,0.0835255285747429,CoAP,UNSTABLE_NETWORK,Unstable network with high packet loss and jitter
2025-04-03T06:14:35,225.21259402053843,71.2908076614021,5.715236404891341,39.79259744286963,0.06937344152250079,HTTPS,UNSTABLE_NETWORK,Unstable network with high packet loss and jitter
2025-04-03T02:28:12,100.95815057243438,19.397322976117255,7.081958136927773,27.503444617810807,0.10514531658798312,MQTT,UNSTABLE_NETWORK,Unstable network with high packet loss and jitter
2025-04-03T17:52:11,150.15331588087423,52.135088814302016,8.436281652217279,32.07542294888742,0.07528290823914344,CoAP,UNSTABLE_NETWORK,Unstable network with high packet loss and jitter
2025-04-03T13:17:29,742.6701076483715,52.74666530625547,5.8888688020057,16.532143378845653,0.07823220936430846,MQTT,UNSTABLE_NETWORK,Unstable network with high packet loss and jitter
2025-04-03T21:14:04,547.2376122622186,33.683516271650355,13.077039717389614,48.478669957021026,0.09457241442366379,LoRaWAN,UNSTABLE_NETWORK,Unstable network with high packet loss and jitter
2025-04-03T16:25:19,92.8250167859915,51.98444858108625,8.43297941517811,41.905296437176766,0.1432082054678956,MQTT,UNSTABLE_NETWORK,Unstable network with high packet loss and jitter
2025-04-03T13:29:47,337.9781475490647,64.81298678198091,0.11004414132207074,27.9931478162467,0.10665340791075663,HTTPS,UNSTABLE_NETWORK,Unstable network with high packet loss and jitter
2025-04-03T06:04:37,739.1101944111995,12.369591367675026,9.01806743826866,25.953041431366735,0.07734181680954172,LoRaWAN,UNSTABLE_NETWORK,Unstable network with high packet loss and jitter
2025-04-03T14:44:53,40.46737675579226,53.164713292755685,6.955527809548061,40.29604361419693,0.08009593971845866,HTTPS,UNSTABLE_NETWORK,Unstable network with high packet loss and jitter
2025-04-03T22:50:08,575.831282528685,8.226146097849767,7.775220331644657,49.824704501689276,0.06425421619026696,LoRaWAN,UNSTABLE_NETWORK,Unstable network with high packet loss and jitter
2025-04-03T00:04:16,135.45425257234166,31.14190357236028,6.894141902642901,39.537602558113534,0.05150012889440915,LoRaWAN,UNSTABLE_NETWORK,Unstable network with high packet loss and jitter
2025-04-03T04:15:03,594.963986586237,70.06603832113005,10.421139249820062,51.71802667396602,0.06341747638801035,HTTPS,UNSTABLE_NETWORK,Unstable network with high packet loss and jitter
2025-04-03T19:23:53,120.04557793620292,36.903479569142526,11.359063335660144,20.77648670938082,0.05683553108864173,CoAP,UNSTABLE_NETWORK,Unstable network with high packet loss and jitter
2025-04-03T22:04:06,34.395438500550334,28.023677826296222,8.849159486775962,21.80613169501209,0.09960105151387656,MQTT,UNSTABLE_NETWORK,Unstable network with high packet loss and jitter
2025-04-03T16:32:53,42.552199644086215,42.66447858006805,6.982066438585523,18.110588819466514,0.04786415426393042,CoAP,UNSTABLE_NETWORK,Unstable network with high packet loss and jitter
2025-04-03T07:59:10,317.8197539646268,76.65380680969903,7.875988385572489,34.41760649649479,0.11999631684140133,HTTPS,UNSTABLE_NETWORK,Unstable network with high packet loss and jitter
2025-04-03T19:15:02,409.70995262258737,18.161645251562824,8.058798849732884,31.7560354980437,0.10256139150856489,LoRaWAN,UNSTABLE_NETWORK,Unstable network with high packet loss and jitter
2025-04-03T00:16:33,101.3522957689959,29.86889750747052,5.59270988040549,28.480488765280143,0.08061505188103006,CoAP,UNSTABLE_NETWORK,Unstable network with high packet loss and jitter
2025-04-03T22:24:39,645.5440342213465,68.10168865216255,9.736785945713704,38.09258628123298,0.08000955834395206,HTTPS,UNSTABLE_NETWORK,Unstable network with high packet loss and jitter
2025-04-03T01:48:35,40.8521070412695,73.50741577994161,9.380126971581399,42.32328605214664,0.0632815607115634,HTTPS,UNSTABLE_NETWORK,Unstable network with high packet loss and jitter
2025-04-03T06:11:28,277.1300016921747,44.09207948492884,12.62132371933002,14.743375907131579,0.08810253234043293,CoAP,UNSTABLE_NETWORK,Unstable network with high packet loss and jitter
2025-04-03T03:09:32,70.14489525749615,27.059424533790928,11.766049340865425,24.030279720988844,0.11264277389625768,CoAP,UNSTABLE_NETWORK,Unstable network with high packet loss and jitter
2025-04-03T07:52:47,137.21913112994608,77.08453482123542,5.94297524722961,38.2014359412306,0.058905306132325586,HTTPS,UNSTABLE_NETWORK,Unstable network with high packet loss and jitter
2025-04-03T13:10:41,317.5581274745514,69.56518539274344,10.460895123526894,25.32261316141418,0.03399823733243809,CoAP,UNSTABLE_NETWORK,Unstable network with high packet loss and jitter
2025-04-03T19:11:19,106.83509060899272,55.83442155534647,5.147139850716585,22.01793923641846,0.10109654764570232,HTTPS,UNSTABLE_NETWORK,Unstable network with high packet loss and jitter
2025-04-03T02:56:17,189.1075350128341,33.46584872725914,10.08779630282255,40.18537427650395,0.08973097922731402,LoRaWAN,UNSTABLE_NETWORK,Unstable network with high packet loss and jitter
2025-04-03T20:27:19,1003.5849774460936,44.918111071157355,6.450157403719676,17.1049993027602,0.04639403595676462,CoAP,UNSTABLE_NETWORK,Unstable network with high packet loss and jitter
2025-04-03T06:07:47,150.1315982630933,43.24981719046291,4.9302403298732465,26.98420192208895,0.057998258872576466,CoAP,UNSTABLE_NETWORK,Unstable network with high packet loss and jitter
2025-04-03T19:10:26,817.7960755539074,50.61965519777651,8.840136028092214,33.28644025804809,0.05422687177849578,LoRaWAN,UNSTABLE_NETWORK,Unstable network with high packet loss and jitter
2025-04-03T13:54:05,77.33404217924043,67.42357442292035,0.02370138446242187,24.261800860898813,0.05826403192897253,HTTPS,UNSTABLE_NETWORK,Unstable network with high packet loss and jitter
2025-04-03T21:13:57,566.5398873585624,58.85147569041883,2.747073276784316,37.831556560131745,0.07028951737876438,HTTPS,UNSTABLE_NETWORK,Unstable network with high packet loss and jitter
2025-04-03T15:40:44,1691.9970885434404,29.50124614099388,7.46752434867715,24.31123024802631,0.07200358087157759,LoRaWAN,UNSTABLE_NETWORK,Unstable network with high packet loss and jitter
2025-04-03T23:12:06,15.453091408657903,66.3110012684658,8.247325299904528,44.08619493445919,0.0604761903479462,HTTPS,UNSTABLE_NETWORK,Unstable network with high packet loss and jitter
2025-04-03T21:22:12,115.29662646550939,50.362203840777525,6.892043689525433,28.742537025042274,0.057255085415002155,CoAP,UNSTABLE_NETWORK,Unstable network with high packet loss and jitter
2025-04-03T21:15:59,599.6037541339784,55.97287590087141,3.2616911038472036,36.71270136705353,0.07313646968241856,HTTPS,UNSTABLE_NETWORK,Unstable network with high packet loss and jitter
2025-04-03T15:25:58,235.12752144309522,67.66666907457417,5.546324473584484,37.460239529828165,0.08503074604578684,HTTPS,UNSTABLE_NETWORK,Unstable network with high packet loss and jitter
2025-04-03T19:03:07,468.32266931836546,28.996519665099335,9.173627981712182,23.724599972559272,0.07051110390905466,LoRaWAN,UNSTABLE_NETWORK,Unstable network with high packet loss and jitter
2025-04-03T06:59:19,145.32901640394988,45.134506949613126,9.745345311885087,9.465134513441114,0.11476001070023906,MQTT,UNSTABLE_NETWORK,Unstable network with high packet loss and jitter
2025-04-03T06:19:15,332.84942802338537,37.701739582229315,7.951330647212176,33.60755754663835,0.0952426314326236,LoRaWAN,UNSTABLE_NETWORK,Unstable network with high packet loss and jitter
2025-04-03T00:22:37,248.87973608687312,22.15733369454317,11.470501343110968,30.722883471248696,0.03227462429423913,LoRaWAN,UNSTABLE_NETWORK,Unstable network with high packet loss and jitter
2025-04-03T06:59:36,1218.189414187166,50.87754196150628,9.192191070377703,35.55826027575127,0.0957118329624156,LoRaWAN,UNSTABLE_NETWORK,Unstable network with high packet loss and jitter
2025-04-03T14:43:41,407.111655891221,83.3519077936063,5.7576330381253635,27.73472527617162,0.09816631947756749,HTTPS,UNSTABLE_NETWORK,Unstable network with high packet loss and jitter
2025-04-03T17:43:24,449.8461651725449,18.079060574661124,7.158493839765148,25.69572301199284,0.06695795095627427,LoRaWAN,UNSTABLE_NETWORK,Unstable network with high packet loss and jitter
2025-04-03T10:21:10,183.00804530845548,45.197684798912825,3.7914015283764364,50.084730109816995,0.035144072380905333,HTTPS,UNSTABLE_NETWORK,Unstable network with high packet loss and jitter
2025-04-03T20:55:05,167.11045580215674,55.29170521318395,7.675583028825749,15.276459384892222,0.08024200278233408,MQTT,UNSTABLE_NETWORK,Unstable network with high packet loss and jitter
2025-04-03T22:14:37,178.52214395088242,47.53140143431254,11.336301857664015,37.33950478364238,0.07976874045553269,LoRaWAN,UNSTABLE_NETWORK,Unstable network with high packet loss and jitter
2025-04-03T02:35:11,481.6053705998318,43.98997484414119,10.055870254132904,24.25398141816609,0.04635061290400416,CoAP,UNSTABLE_NETWORK,Unstable network with high packet loss and jitter
2025-04-03T22:44:31,181.0188369996293,26.2003174025974,12.206027977757365,26.642213822595778,0.036463423512201935,LoRaWAN,UNSTABLE_NETWORK,Unstable network with high packet loss and jitter
2025-04-03T23:39:52,424.7549026541374,49.182031220794684,7.09134426860302,26.828971674260345,0.07737339360639682,CoAP,UNSTABLE_NETWORK,Unstable network with high packet loss and jitter
2025-04-03T12:12:28,3620.1235462316895,34.3404376438608,12.038299383542773,21.96565725828743,0.07300768423847534,LoRaWAN,UNSTABLE_NETWORK,Unstable network with high packet loss and jitter
2025-04-03T15:12:39,853.3178625135627,12.844738946828867,7.420087320656091,35.712242102362396,0.06748203904032819,LoRaWAN,UNSTABLE_NETWORK,Unstable network with high packet loss and jitter
2025-04-03T01:42:12,202.86773927832039,63.6141150516206,12.414755247709682,43.906435959499575,0.07749767795760316,LoRaWAN,UNSTABLE_NETWORK,Unstable network with high packet loss and jitter
2025-04-03T08:41:18,1268.0545838271141,60.07268626395275,7.934429757673629,34.700136612466615,0.04691670878539043,HTTPS,UNSTABLE_NETWORK,Unstable network with high packet loss and jitter
2025-04-03T06:34:37,183.84481904819214,46.47348084149578,10.12169412141283,31.03381996212095,0.06695538161401658,LoRaWAN,UNSTABLE_NETWORK,Unstable network with high packet loss and jitter
2025-04-03T14:40:05,25.998348907381,49.13635373422259,12.425337092929567,20.135595009007535,0.09599975091843042,CoAP,UNSTABLE_NETWORK,Unstable network with high packet loss and jitter
2025-04-03T08:32:04,89.48570586815468,61.816670824277935,7.419717114256383,35.16825265824451,0.06950089758946133,HTTPS,UNSTABLE_NETWORK,Unstable network with high packet loss and jitter
2025-04-03T19:35:39,31.779841364697607,49.06866270762322,8.655166962632522,51.56349631729299,0.029840825846223447,LoRaWAN,UNSTABLE_NETWORK,Unstable network with high packet loss and jitter
2025-04-03T04:29:01,196.75637608398165,59.26549839977917,11.866590275618908,26.193053762049075,0.06581923166829286,CoAP,UNSTABLE_NETWORK,Unstable network with high packet loss and jitter
2025-04-03T20:58:06,306.70443447347026,41.24466928765917,7.60099050820981,26.24016420648134,0.04789524609479419,CoAP,UNSTABLE_NETWORK,Unstable network with high packet loss and jitter
2025-04-03T03:42:29,2242.860298795882,65.38832560178359,4.037323152481517,24.389108690190028,0.08801408889385193,HTTPS,UNSTABLE_NETWORK,Unstable network with high packet loss and jitter
2025-04-03T05:16:39,444.12023404558624,50.52202263457212,14.42902116375473,25.105857655055797,0.08956512210141276,CoAP,UNSTABLE_NETWORK,Unstable network with high packet loss and jitter
2025-04-03T03:58:56,230.640873378923,48.62268312207744,6.59070660698859,2.547004463276153,0.03023676124741908,MQTT,UNSTABLE_NETWORK,Unstable network with high packet loss and jitter
2025-04-03T09:08:49,811.6499669817001,26.66265485971632,8.47626815281263,34.05035385855713,0.10277038911746567,LoRaWAN,UNSTABLE_NETWORK,Unstable network with high packet loss and jitter
2025-04-03T15:14:02,21.12421692351314,50.0195762273299,11.468020008353381,21.544478236453863,0.04663441096164325,CoAP,UNSTABLE_NETWORK,Unstable network with high packet loss and jitter
2025-04-03T16:31:27,398.0270406811621,33.23758187279497,6.174518288806395,13.897368812082,0.12677546871447054,MQTT,UNSTABLE_NETWORK,Unstable network with high packet loss and jitter
2025-04-03T21:00:22,756.5894039832253,36.1443319596918,4.976396260333609,37.53189949732549,0.0785367120649815,LoRaWAN,UNSTABLE_NETWORK,Unstable network with high packet loss and jitter
2025-04-03T06:27:28,50.88046100992065,33.48960565528486,8.7612118903245,19.179822149580637,0.04260819504382513,CoAP,UNSTABLE_NETWORK,Unstable network with high packet loss and jitter
2025-04-03T01:48:26,1183.5661565999683,29.728383323945767,2.620770806262831,26.613309461162423,0.04574041787921956,LoRaWAN,UNSTABLE_NETWORK,Unstable network with high packet loss and jitter
2025-04-03T10:42:04,450.3288815209574,77.59514557009604,7.1362817693962395,44.6644239118858,0.09044285875362035,HTTPS,UNSTABLE_NETWORK,Unstable network with high packet loss and jitter
2025-04-03T00:25:19,182.26049919392054,65.69532767707513,8.735115992946218,15.907842019754865,0.06826100330304867,HTTPS,UNSTABLE_NETWORK,Unstable network with high packet loss and jitter
2025-04-03T16:33:10,641.058498446587,74.53242150182047,7.1901443095245074,14.67401765402238,0.07710038271145578,HTTPS,UNSTABLE_NETWORK,Unstable network with high packet loss and jitter
2025-04-03T11:16:44,4576.152708069379,27.385150898730565,3.369647170442759,32.69306189562338,0.12838340698091116,LoRaWAN,UNSTABLE_NETWORK,Unstable network with high packet loss and jitter
2025-04-03T17:31:47,373.165484982438,46.79904966313487,12.782533868612036,41.494873640103684,0.05902267807312775,LoRaWAN,UNSTABLE_NETWORK,Unstable network with high packet loss and jitter
2025-04-03T22:12:16,404.0938602046562,26.329296258817525,8.310614461847527,14.25658282268037,0.0817988857308712,MQTT,UNSTABLE_NETWORK,Unstable network with high packet loss and jitter
2025-04-03T23:14:09,172.8716471604375,35.29815470133047,12.293456353285222,34.076897368371775,0.1225953346211916,LoRaWAN,UNSTABLE_NETWORK,Unstable network with high packet loss and jitter
2025-04-03T16:35:28,108.19868698863954,31.963340330445273,7.219891249458666,35.80999539961692,0.088115404263992,LoRaWAN,UNSTABLE_NETWORK,Unstable network with high packet loss and jitter
2025-04-03T18:43:28,812.556503462751,64.3306724007248,5.359964054927708,9.408395163076797,0.03180191793925983,HTTPS,UNSTABLE_NETWORK,Unstable network with high packet loss and jitter
2025-04-03T12:51:47,107.39159106931913,39.79513435498244,8.807542760765479,37.9850133790722,0.0951616703519641,LoRaWAN,UNSTABLE_NETWORK,Unstable network with high packet loss and jitter
2025-04-03T21:01:19,326.90249935269884,61.76593675432655,7.352638621015341,38.766058798421795,0.04510991426649668,HTTPS,UNSTABLE_NETWORK,Unstable network with high packet loss and jitter
2025-04-03T02:33:34,169.1174659952807,54.80372731515154,4.466715626025926,26.882144267439752,0.12220422586198895,HTTPS,UNSTABLE_NETWORK,Unstable network with high packet loss and jitter
2025-04-03T12:35:40,533.0196368204739,80.29816247530309,12.409352776362487,42.52346362298008,0.055313971850060664,CoAP,UNSTABLE_NETWORK,Unstable network with high packet loss and jitter
2025-04-03T20:29:07,447.72401337087723,23.55358506904285,6.133189331318012,41.36455574324845,0.16908528523236993,MQTT,UNSTABLE_NETWORK,Unstable network with high packet loss and jitter
2025-04-03T03:58:30,1041.930381567155,64.63541423534816,2.4792008456132946,31.03117925717205,0.12402127964983034,HTTPS,UNSTABLE_NETWORK,Unstable network with high packet loss and jitter
2025-04-03T19:38:29,162.67637471520902,62.94519591696457,11.984498161871999,25.485546096750664,0.056101622911160644,CoAP,UNSTABLE_NETWORK,Unstable network with high packet loss and jitter
2025-04-03T02:52:01,217.00763826615,31.149567512955603,6.48710595256213,20.27172107417043,0.08060041415004832,MQTT,UNSTABLE_NETWORK,Unstable network with high packet loss and jitter
2025-04-03T08:19:11,92.69050273613745,60.85891735286598,6.176528322153127,29.624364906338087,0.1026093284490039,HTTPS,UNSTABLE_NETWORK,Unstable network with high packet loss and jitter
2025-04-03T02:58:35,176.0257977752137,50.79575897356949,2.7038372389100775,35.69758919704179,0.10350981422680124,HTTPS,UNSTABLE_NETWORK,Unstable network with high packet loss and jitter
2025-04-03T23:21:23,471.79429094147827,42.34310785128241,13.222824459790973,26.758231389593586,0.09327008779928592,CoAP,UNSTABLE_NETWORK,Unstable network with high packet loss and jitter
2025-04-03T12:30:20,744.0950742435176,33.397886668411,4.131558238370937,8.024989947379702,0.11756477110898331,MQTT,UNSTABLE_NETWORK,Unstable network with high packet loss and jitter
2025-04-03T03:04:05,99.20457038342161,34.97194442366067,8.175348442116949,42.6871389457657,0.07631093160096891,LoRaWAN,UNSTABLE_NETWORK,Unstable network with high packet loss and jitter
2025-04-03T13:59:04,851.7640729358104,76.50743485459483,10.737860967621321,31.902232218448937,0.068998469942719,CoAP,UNSTABLE_NETWORK,Unstable network with high packet loss and jitter
2025-04-03T20:27:14,1526.2177656309177,45.772162924575646,9.265150799009291,26.203755033231662,0.06959408036226168,CoAP,UNSTABLE_NETWORK,Unstable network with high packet loss and jitter
2025-04-03T20:48:47,492.7019161015727,57.49553788559276,7.821037064023425,38.571583884232886,0.10575119695916382,HTTPS,UNSTABLE_NETWORK,Unstable network with high packet loss and jitter
2025-04-03T10:51:58,2852.461114955516,33.90176436001505,2.8950024251377515,45.24638596482756,0.09095543120907938,LoRaWAN,UNSTABLE_NETWORK,Unstable network with high packet loss and jitter
2025-04-03T09:09:45,118.53821946815546,34.06912811411123,5.570825492698148,1.9808843051210836,0.08873850997070769,MQTT,UNSTABLE_NETWORK,Unstable network with high packet loss and jitter
2025-04-03T14:01:19,67.36979894867811,61.998361668592416,8.563401014127566,34.34263649922072,0.10385702747771547,HTTPS,UNSTABLE_NETWORK,Unstable network with high packet loss and jitter
2025-04-03T07:02:47,35.492385338663944,25.526613578977766,5.638477790039011,15.733507891896528,0.018468427764384357,CoAP,UNSTABLE_NETWORK,Unstable network with high packet loss and jitter
2025-04-03T00:43:04,1806.2996663849253,39.54371745607915,8.610078379996303,34.99110506798941,0.08930206471625451,LoRaWAN,UNSTABLE_NETWORK,Unstable network with high packet loss and jitter
2025-04-03T10:49:11,657.8791568667964,46.28400236314917,10.045230226445426,31.279272023745794,0.08655706666621148,LoRaWAN,UNSTABLE_NETWORK,Unstable network with high packet loss and jitter
2025-04-03T22:59:36,280.6422901383416,47.445847447073945,10.887508657400305,36.3572652644055,0.13006424243902115,LoRaWAN,UNSTABLE_NETWORK,Unstable network with high packet loss and jitter
2025-04-03T08:24:53,419.78590287137973,43.09052636663828,4.32146192656195,25.00752385505345,0.034142360532089994,CoAP,UNSTABLE_NETWORK,Unstable network with high packet loss and jitter
2025-04-03T17:41:10,77.72645051385736,51.71588958072694,14.589938164936862,11.267598881808482,0.12671559897130275,MQTT,UNSTABLE_NETWORK,Unstable network with high packet loss and jitter
2025-04-03T18:51:34,5645.899735738462,56.17309642396273,10.30243803366239,25.49631808743332,0.08226227386773997,LoRaWAN,UNSTABLE_NETWORK,Unstable network with high packet loss and jitter
2025-04-03T07:02:06,350.3203049653693,56.80149049099298,7.994857538992808,34.068476351397834,0.09466968591980135,HTTPS,UNSTABLE_NETWORK,Unstable network with high packet loss and jitter
2025-04-03T10:55:59,342.0839682691682,30.9965374014931,11.268609749229922,40.15392328675223,0.1302775636282813,LoRaWAN,UNSTABLE_NETWORK,Unstable network with high packet loss and jitter
2025-04-03T21:39:12,716.7323098041841,41.52293528498601,15.096223315999922,18.281686995274747,0.0968228380401672,CoAP,UNSTABLE_NETWORK,Unstable network with high packet loss and jitter
2025-04-03T02:14:43,534.3192745664517,63.708371904479506,3.6838396968293914,40.270604268730175,0.09201104868387683,HTTPS,UNSTABLE_NETWORK,Unstable network with high packet loss and jitter
2025-04-03T04:54:03,392.46340758405773,59.208304012340996,7.324212072525939,23.521277103534786,0.08726873557406956,MQTT,UNSTABLE_NETWORK,Unstable network with high packet loss and jitter
2025-04-03T15:24:38,116.18841354409544,25.19737164892442,0.8647050203800148,33.624498815945266,0.0654956559501687,HTTPS,UNSTABLE_NETWORK,Unstable network with high packet loss and jitter
2025-04-03T02:30:18,528.2367129486532,51.06412914883087,8.577954597944075,24.901060471343673,0.07914532626468822,CoAP,UNSTABLE_NETWORK,Unstable network with high packet loss and jitter
2025-04-03T09:37:04,2870.4149219904743,16.120219125333165,9.096182725775423,31.821706277121017,0.05853461701631754,LoRaWAN,UNSTABLE_NETWORK,Unstable network with high packet loss and jitter
2025-04-03T17:35:24,1507.618496328987,46.499288619268334,7.8825136536717215,38.918776345702746,0.07866299301723555,LoRaWAN,UNSTABLE_NETWORK,Unstable network with high packet loss and jitter
2025-04-03T06:12:15,2029.6252044161258,74.26343756195992,6.03639928700507,17.72985922711464,0.009922079088347108,HTTPS,UNSTABLE_NETWORK,Unstable network with high packet loss and jitter
2025-04-03T15:22:02,162.44243014018116,31.580208774142932,1.8514564514350242,23.200941032531688,0.09287118702702646,MQTT,UNSTABLE_NETWORK,Unstable network with high packet loss and jitter
2025-04-03T08:04:33,91.49247151262864,33.28542107321147,9.120601050235306,31.849625873420866,0.07634788238649123,LoRaWAN,UNSTABLE_NETWORK,Unstable network with high packet loss and jitter
2025-04-03T17:05:06,257.968676990242,57.262380701585556,12.366303451745974,54.01583661030352,0.06991388789999707,LoRaWAN,UNSTABLE_NETWORK,Unstable network with high packet loss and jitter
2025-04-03T21:56:54,320.74690987951993,22.661578472255446,6.226944632799704,21.36810287833172,0.0865927425182043,MQTT,UNSTABLE_NETWORK,Unstable network with high packet loss and jitter
2025-04-03T20:52:03,1115.2259363017733,36.31394297453201,9.320179787069435,50.40133885996919,0.03699308231103678,LoRaWAN,UNSTABLE_NETWORK,Unstable network with high packet loss and jitter
2025-04-03T19:29:27,39.36294608086442,54.75355270894136,3.2955670597398488,50.044233036751706,0.13787809989863847,MQTT,UNSTABLE_NETWORK,Unstable network with high packet loss and jitter
2025-04-03T06:02:27,1880.4057518871894,36.29431515228149,9.371639191077541,29.02688849298409,0.076916976155372,LoRaWAN,UNSTABLE_NETWORK,Unstable network with high packet loss and jitter
2025-04-03T19:46:53,248.1846427503936,42.27072028186544,6.819853106766029,27.018474738000997,0.07562466701083431,MQTT,UNSTABLE_NETWORK,Unstable network with high packet loss and jitter
2025-04-03T00:10:25,179.742485549811,56.974722967163,5.712746148191257,23.079348013353084,0.051038113696012334,HTTPS,UNSTABLE_NETWORK,Unstable network with high packet loss and jitter
2025-04-03T08:51:56,89.0552732169959,52.13679578789337,5.718909076351609,29.31797469667331,0.08071839147347784,HTTPS,UNSTABLE_NETWORK,Unstable network with high packet loss and jitter
2025-04-03T07:38:37,41.18007275761447,49.817547701683445,6.81916525390097,15.93280567440442,0.12160879670819841,MQTT,UNSTABLE_NETWORK,Unstable network with high packet loss and jitter
2025-04-03T10:11:47,805.5998662753625,40.73010479060931,9.147299947077606,29.237609826794024,0.11107748628296102,MQTT,UNSTABLE_NETWORK,Unstable network with high packet loss and jitter
2025-04-03T10:48:53,327.5903959909639,51.369522931101685,4.063510396413447,44.96880273850856,0.10563313253421669,HTTPS,UNSTABLE_NETWORK,Unstable network with high packet loss and jitter
2025-04-03T10:48:43,63.80486203976564,43.96428322297848,6.808654005296441,23.889149375232822,0.09639196855001815,MQTT,UNSTABLE_NETWORK,Unstable network with high packet loss and jitter
2025-04-03T21:27:58,63.41420869103576,52.689024795769065,7.875584666002557,27.592756960109494,0.0692437241731217,CoAP,UNSTABLE_NETWORK,Unstable network with high packet loss and jitter
2025-04-03T16:15:34,200.50533111753887,38.369627492520095,4.702882326404422,12.988595257327582,0.03649510498889895,MQTT,UNSTABLE_NETWORK,Unstable network with high packet loss and jitter
2025-04-03T10:19:56,2222.989754303921,43.08674047600411,13.389995605025051,33.740620881310434,0.07396883684400095,CoAP,UNSTABLE_NETWORK,Unstable network with high packet loss and jitter
2025-04-03T03:37:23,219.70216924706875,30.977575425824494,5.439513559815975,32.64481684951374,0.07292385606398968,LoRaWAN,UNSTABLE_NETWORK,Unstable network with high packet loss and jitter
2025-04-03T03:09:22,49.40298912242756,45.30349538641863,5.9916892590995285,30.63702359765771,0.11146383319013722,MQTT,UNSTABLE_NETWORK,Unstable network with high packet loss and jitter
2025-04-03T01:00:49,223.38367254043902,33.66526380448697,5.065076150532507,27.831729497778568,0.08928171327379461,MQTT,UNSTABLE_NETWORK,Unstable network with high packet loss and jitter
2025-04-03T16:07:15,216.26709418863786,29.121247228897207,13.395440261414352,27.072420812275453,0.12836934583710646,LoRaWAN,UNSTABLE_NETWORK,Unstable network with high packet loss and jitter
2025-04-03T13:12:28,11.793145856943937,49.7135284215654,9.658715685798445,35.01900233700672,0.11592465620114523,MQTT,UNSTABLE_NETWORK,Unstable network with high packet loss and jitter
2025-04-03T08:57:10,281.0769948522887,49.02637506400695,5.190223981269074,29.711833984113767,0.06630513171487713,HTTPS,UNSTABLE_NETWORK,Unstable network with high packet loss and jitter
2025-04-03T23:56:22,227.38873422119056,57.580051672778104,11.318694676579906,33.14971871555332,0.026146124101403954,LoRaWAN,UNSTABLE_NETWORK,Unstable network with high packet loss and jitter
2025-04-03T00:35:33,691.7538003225632,39.3717293273305,8.602096082866634,32.149828174545476,0.12156725701824443,MQTT,UNSTABLE_NETWORK,Unstable network with high packet loss and jitter
2025-04-03T10:54:39,2758.7412575893636,51.96107279591579,8.771760263334505,41.23427287095762,0.12078155669692232,LoRaWAN,UNSTABLE_NETWORK,Unstable network with high packet loss and jitter
2025-04-03T01:39:06,1159.4030158443359,54.10391089987687,6.966568373742642,36.76994097375054,0.03901365227293322,MQTT,UNSTABLE_NETWORK,Unstable network with high packet loss and jitter
2025-04-03T00:22:14,217.2646174725448,52.51522165565331,5.75175203912908,31.928618431501906,0.12527720059482503,MQTT,UNSTABLE_NETWORK,Unstable network with high packet loss and jitter
2025-04-03T09:49:40,79.5154533209443,33.460476518554735,9.013298297163804,45.184220306521794,0.09146351511777553,LoRaWAN,UNSTABLE_NETWORK,Unstable network with high packet loss and jitter
2025-04-03T02:38:49,6580.159331606324,48.087401217062165,6.364738310013228,34.20268529056561,0.08482056494376959,LoRaWAN,UNSTABLE_NETWORK,Unstable network with high packet loss and jitter
2025-04-03T04:03:48,322.09437590494616,51.310720646221725,13.450266888725313,43.04962688790419,0.12844349762741983,LoRaWAN,UNSTABLE_NETWORK,Unstable network with high packet loss and jitter
2025-04-03T07:58:05,305.0566890126355,45.9579604314284,4.192126684270687,36.069426083866375,0.12034055519691844,MQTT,UNSTABLE_NETWORK,Unstable network with high packet loss and jitter
2025-04-03T02:07:22,291.4394804864813,14.554785774650469,12.608470318564835,11.58080921068457,0.09953992855985612,MQTT,UNSTABLE_NETWORK,Unstable network with high packet loss and jitter
2025-04-03T09:25:21,380.49924291072807,48.260962232226404,7.666043453606598,43.048347633193295,0.09419651197435949,LoRaWAN,UNSTABLE_NETWORK,Unstable network with high packet loss and jitter
2025-04-03T09:51:18,252.28262336034294,79.04325068599032,8.897257202063317,31.35176241342669,0.09849182871591078,HTTPS,UNSTABLE_NETWORK,Unstable network with high packet loss and jitter
2025-04-03T00:06:11,150.71461269607502,40.456363286084404,10.499473299888304,29.480452290992222,0.06799827698352423,LoRaWAN,UNSTABLE_NETWORK,Unstable network with high packet loss and jitter
2025-04-03T10:51:43,155.64094894796932,34.9374630720168,6.109252114986691,32.81348347489577,0.07834695650803038,LoRaWAN,UNSTABLE_NETWORK,Unstable network with high packet loss and jitter
2025-04-03T02:48:51,288.43753625654733,51.46051515792506,10.59274515409591,26.550168380429326,0.05293048536216372,LoRaWAN,UNSTABLE_NETWORK,Unstable network with high packet loss and jitter
2025-04-03T04:35:06,156.28366935820182,50.54762714166013,0.12263156614353221,32.270288603889455,0.07000880672783244,HTTPS,UNSTABLE_NETWORK,Unstable network with high packet loss and jitter
2025-04-03T14:52:05,127.532028304873,63.754648688315235,5.840031400334182,24.081239336569077,0.06900098363993201,HTTPS,UNSTABLE_NETWORK,Unstable network with high packet loss and jitter
2025-04-03T13:32:24,340.8691733782251,26.997266090843176,5.227811577976803,42.7427225873437,0.06094083891135006,LoRaWAN,UNSTABLE_NETWORK,Unstable network with high packet loss and jitter
2025-04-03T16:32:12,220.9220255625079,56.83765944050885,4.239481962884716,28.864118863789496,0.0841023950794539,HTTPS,UNSTABLE_NETWORK,Unstable network with high packet loss and jitter
2025-04-03T18:25:14,1823.6113293619862,54.724953793063385,7.355135485763147,26.174161572775667,0.07028057447898269,CoAP,UNSTABLE_NETWORK,Unstable network with high packet loss and jitter
2025-04-03T08:56:54,12.461186139121107,43.73809204259071,9.157249904545084,20.750741842807262,0.09506704161055922,MQTT,UNSTABLE_NETWORK,Unstable network with high packet loss and jitter
2025-04-03T12:32:21,1111.6389056746139,50.95226708793172,10.107979995497917,32.68775789148641,0.03133038160118704,LoRaWAN,UNSTABLE_NETWORK,Unstable network with high packet loss and jitter
2025-04-03T02:33:23,1338.2053518801695,61.315486765489204,8.722630271601222,31.871071001250918,0.07659935617678101,CoAP,UNSTABLE_NETWORK,Unstable network with high packet loss and jitter
2025-04-03T14:43:38,24.921084089611234,58.96002246434806,6.002919605319359,33.88424613677506,0.08394654920532488,HTTPS,UNSTABLE_NETWORK,Unstable network with high packet loss and jitter
2025-04-03T13:36:15,198.85131044691258,28.731669305222848,9.107049313475502,19.72748112494871,0.07068112280489358,MQTT,UNSTABLE_NETWORK,Unstable network with high packet loss and jitter
2025-04-03T20:17:27,192.10717808252897,58.18099901006851,8.372857084552551,13.988188011884269,0.07482821900572306,MQTT,UNSTABLE_NETWORK,Unstable network with high packet loss and jitter
2025-04-03T11:27:50,55.41046312511847,44.90996435565594,10.808168503808048,36.255913025065595,0.03244261967810428,LoRaWAN,UNSTABLE_NETWORK,Unstable network with high packet loss and jitter
2025-04-03T10:56:12,117.96670805691187,46.97507212378391,10.33081010879455,44.84641861876508,0.09069431314008476,LoRaWAN,UNSTABLE_NETWORK,Unstable network with high packet loss and jitter
2025-04-03T06:47:03,79.12995176838884,46.98158274098407,8.091429241761887,19.73646377610104,0.09942817947701212,MQTT,UNSTABLE_NETWORK,Unstable network with high packet loss and jitter
2025-04-03T00:49:53,2456.534772386437,43.63165026639222,5.30824098151623,45.89441283561698,0.094806118826113,LoRaWAN,UNSTABLE_NETWORK,Unstable network with high packet loss and jitter
2025-04-03T03:41:05,922.0473209065008,63.76257477737957,6.041149532503757,32.839110587363805,0.11116181178326548,HTTPS,UNSTABLE_NETWORK,Unstable network with high packet loss and jitter
2025-04-03T06:39:23,1379.737563444289,44.63286014544288,6.3506319210859,29.929370954491702,0.08604588817347505,LoRaWAN,UNSTABLE_NETWORK,Unstable network with high packet loss and jitter
2025-04-03T13:30:00,713.2193033894474,29.097104839841002,7.054200998251233,26.02451303454222,0.09436043541952811,MQTT,UNSTABLE_NETWORK,Unstable network with high packet loss and jitter
2025-04-03T23:26:52,77.39485838041232,39.98901614845007,8.80415128276926,16.154819805750034,0.08468272215370558,MQTT,UNSTABLE_NETWORK,Unstable network with high packet loss and jitter
2025-04-03T22:27:58,159.8695475915089,48.5740519625606,10.145523170384175,39.877285159246,0.10062652158777483,LoRaWAN,UNSTABLE_NETWORK,Unstable network with high packet loss and jitter
2025-04-03T00:06:24,539.7099945297473,64.3335201972667,7.846643920953867,22.243936385623968,0.03268311091603634,CoAP,UNSTABLE_NETWORK,Unstable network with high packet loss and jitter
2025-04-03T11:06:47,69.21579610486084,54.94338592945091,8.048374363701416,22.201933242623998,0.05319257096065967,CoAP,UNSTABLE_NETWORK,Unstable network with high packet loss and jitter
2025-04-03T05:31:06,705.8343589134178,33.140603696420214,8.42991891500001,39.91926309886955,0.12760698971099274,LoRaWAN,UNSTABLE_NETWORK,Unstable network with high packet loss and jitter
2025-04-03T09:10:32,224.84066524241396,83.17814885021673,6.45228406060298,11.170165533282734,0.006186925337113847,HTTPS,UNSTABLE_NETWORK,Unstable network with high packet loss and jitter
2025-04-03T04:05:02,191.3295828436122,49.8735969871105,5.223823227071132,14.764021893318333,0.07579466210523969,MQTT,UNSTABLE_NETWORK,Unstable network with high packet loss and jitter
2025-04-03T20:19:33,704.1098891365571,65.03449561483352,2.7336863080678704,29.81865756491918,0.11516824878824204,HTTPS,UNSTABLE_NETWORK,Unstable network with high packet loss and jitter
2025-04-03T01:32:19,511.27031803212344,43.62958526359731,5.914551925769382,32.93284429004852,0.07720218003374707,MQTT,UNSTABLE_NETWORK,Unstable network with high packet loss and jitter
2025-04-03T05:37:51,194.53713604833655,53.90735766024496,9.419436359803361,34.847346479689236,0.06784966785647908,LoRaWAN,UNSTABLE_NETWORK,Unstable network with high packet loss and jitter
2025-04-03T05:05:13,1205.8961213298835,58.50066377984676,5.891265685881297,26.982015066037473,0.08388265030445902,HTTPS,UNSTABLE_NETWORK,Unstable network with high packet loss and jitter
2025-04-03T02:16:43,81.98255506621764,64.183224110792,7.286578887722181,55.3036966864169,0.0694063945999266,MQTT,UNSTABLE_NETWORK,Unstable network with high packet loss and jitter
2025-04-03T16:20:20,628.229284781376,61.772495237559006,9.39929386223695,27.721074412341657,0.08092548478270818,CoAP,UNSTABLE_NETWORK,Unstable network with high packet loss and jitter
2025-04-03T13:46:56,611.2487429223789,58.996592880387766,9.562068489268006,27.69213847897278,0.059498568904396115,CoAP,UNSTABLE_NETWORK,Unstable network with high packet loss and jitter
2025-04-03T03:19:49,206.91886242816784,41.18900413378894,4.761401443501883,22.030133311861224,0.11326023259867173,MQTT,UNSTABLE_NETWORK,Unstable network with high packet loss and jitter
2025-04-03T20:40:33,443.697090651724,37.34078169476712,10.991178069360924,31.23906816521071,0.12269794763196983,LoRaWAN,UNSTABLE_NETWORK,Unstable network with high packet loss and jitter
2025-04-03T06:43:24,66.84965769183381,50.90775220137847,11.382050268066456,36.149612320467746,0.07599829033665133,LoRaWAN,UNSTABLE_NETWORK,Unstable network with high packet loss and jitter
2025-04-03T10:03:02,909.245284493869,59.91722785403902,4.61045042834432,42.0357805453346,0.038405317379262706,HTTPS,UNSTABLE_NETWORK,Unstable network with high packet loss and jitter
2025-04-03T13:22:09,240.30282791082016,42.581163479681344,5.528489391076538,15.10715735559782,0.06428470489059815,MQTT,UNSTABLE_NETWORK,Unstable network with high packet loss and jitter
2025-04-03T15:51:24,160.21470950220402,61.90122069945371,11.573272049438575,27.540046616442993,0.07448034019691108,CoAP,UNSTABLE_NETWORK,Unstable network with high packet loss and jitter
2025-04-03T08:41:20,1056.3697506699784,67.71455961843807,7.559439436234097,34.46703610809144,0.09516616630709625,HTTPS,UNSTABLE_NETWORK,Unstable network with high packet loss and jitter
2025-04-03T13:54:06,128.83983528356265,32.18216187245155,1.3406661576444474,35.870575345945355,0.04975960330487966,HTTPS,UNSTABLE_NETWORK,Unstable network with high packet loss and jitter
2025-04-03T01:13:16,55.34735764661709,33.37483232401612,3.800955485801941,30.06548657804539,0.05692513044073548,MQTT,UNSTABLE_NETWORK,Unstable network with high packet loss and jitter
2025-04-03T17:01:09,46.33174977810351,43.82468421978774,7.251891124482556,35.42423969532102,0.09532028413576422,LoRaWAN,UNSTABLE_NETWORK,Unstable network with high packet loss and jitter
2025-04-03T02:40:14,620.7909658128717,50.5461673486132,4.510872049146195,21.910361070741995,0.10816726496118673,MQTT,UNSTABLE_NETWORK,Unstable network with high packet loss and jitter
2025-04-03T09:49:24,64.53884248785799,38.06513934167696,6.759728688090676,45.57905432318357,0.061352178644879476,LoRaWAN,UNSTABLE_NETWORK,Unstable network with high packet loss and jitter
2025-04-03T16:07:38,2463.9856309401434,66.21835195359736,8.097188641050737,39.926281029794296,0.04000348838147012,LoRaWAN,UNSTABLE_NETWORK,Unstable network with high packet loss and jitter
2025-04-03T03:07:40,24.66702139215589,52.297981915774436,12.386763812104187,16.550722129348276,0.17852354603863652,MQTT,UNSTABLE_NETWORK,Unstable network with high packet loss and jitter
2025-04-03T17:01:54,2297.392622814491,46.53035193901623,7.128638251316633,19.248969518832446,0.1034991271126614,MQTT,UNSTABLE_NETWORK,Unstable network with high packet loss and jitter
2025-04-03T06:24:18,386.45036393809187,24.401670579784692,11.217625398718276,19.53078249893094,0.07198988714698905,LoRaWAN,UNSTABLE_NETWORK,Unstable network with high packet loss and jitter
2025-04-03T16:44:59,267.12767841501017,26.204743413807464,12.28628048611031,36.77969970896528,0.10607093826592519,LoRaWAN,UNSTABLE_NETWORK,Unstable network with high packet loss and jitter
2025-04-03T19:49:56,156.00367590811217,50.15878663685464,12.302929008056228,17.152722335825327,0.07626630110856734,MQTT,UNSTABLE_NETWORK,Unstable network with high packet loss and jitter
2025-04-03T14:58:13,484.3199838262681,13.956380712712466,8.854263780156705,26.689756657919194,0.10601470667300558,LoRaWAN,UNSTABLE_NETWORK,Unstable network with high packet loss and jitter
2025-04-03T07:52:24,286.7528892321124,61.13654347210356,2.1101325564830775,34.54704396416774,0.08478179593328666,MQTT,UNSTABLE_NETWORK,Unstable network with high packet loss and jitter
2025-04-03T08:37:47,1127.484961166137,43.57634188426514,9.382474596211596,29.338340654535653,0.0827381569450272,LoRaWAN,UNSTABLE_NETWORK,Unstable network with high packet loss and jitter
2025-04-03T03:01:17,344.07362239012974,94.59671131617841,11.145199663440623,32.588875157127056,0.07659254395307634,HTTPS,UNSTABLE_NETWORK,Unstable network with high packet loss and jitter
2025-04-03T10:37:15,359.2952911496058,80.57072775390654,7.756798683693749,19.341972886512416,0.03657855999610731,HTTPS,UNSTABLE_NETWORK,Unstable network with high packet loss and jitter
2025-04-03T19:41:33,193.92041055207818,43.23191517835961,13.233751610225745,35.94854373397244,0.1381428469817942,LoRaWAN,UNSTABLE_NETWORK,Unstable network with high packet loss and jitter
2025-04-03T19:54:53,280.18433509699986,44.3602634015101,10.579500684402372,23.867881075240035,0.0517539823919677,CoAP,UNSTABLE_NETWORK,Unstable network with high packet loss and jitter
2025-04-03T18:31:46,434.0434296130172,60.89070837191774,9.704820131458353,26.75380325602059,0.03919929271068217,CoAP,UNSTABLE_NETWORK,Unstable network with high packet loss and jitter
2025-04-03T23:58:29,38.535519618625976,71.50624203306533,11.259142133617514,32.37731727905986,0.07361420351730898,CoAP,UNSTABLE_NETWORK,Unstable network with high packet loss and jitter
2025-04-03T13:18:18,59.49902751482418,21.389884245161984,9.000109553782634,31.03078221530848,0.05115584559468481,LoRaWAN,UNSTABLE_NETWORK,Unstable network with high packet loss and jitter
2025-04-03T23:27:33,731.9406178269774,19.166355348789406,0.52156850181394,30.23980019015593,0.07844861628319187,MQTT,UNSTABLE_NETWORK,Unstable network with high packet loss and jitter
2025-04-03T01:34:30,368.2717071606785,36.63313246820145,6.502583145588903,22.493731780232444,0.10063291545685306,MQTT,UNSTABLE_NETWORK,Unstable network with high packet loss and jitter
2025-04-03T05:00:39,240.56792233721833,54.70638552153261,11.591504081743562,27.00450588800808,0.10985908701587668,MQTT,UNSTABLE_NETWORK,Unstable network with high packet loss and jitter
2025-04-03T07:12:01,306.71015905812635,53.420092853946066,5.577225979705112,30.02183590837036,0.10444192164865046,MQTT,UNSTABLE_NETWORK,Unstable network with high packet loss and jitter
2025-04-03T22:40:38,455.2653888402421,62.01522804349733,7.329582484289182,16.24914766832915,0.0708310383564296,MQTT,UNSTABLE_NETWORK,Unstable network with high packet loss and jitter
2025-04-03T05:40:20,156.9725357135236,27.974860515667427,4.865491058290786,25.37467033686621,0.08148775482984758,MQTT,UNSTABLE_NETWORK,Unstable network with high packet loss and jitter
2025-04-03T17:45:27,117.89764162627668,11.22983271902137,13.351767785605308,33.876798790328465,0.09223637152692472,LoRaWAN,UNSTABLE_NETWORK,Unstable network with high packet loss and jitter
2025-04-03T02:10:57,379.47805943863483,58.843870815494164,13.044477372254047,17.225633961546574,0.02726637728173783,CoAP,UNSTABLE_NETWORK,Unstable network with high packet loss and jitter
2025-04-03T00:03:31,92.73399644366617,33.55238101389094,5.348393314577812,41.5658165159424,0.09711754100359579,LoRaWAN,UNSTABLE_NETWORK,Unstable network with high packet loss and jitter
2025-04-03T14:12:39,489.64751814023265,15.699674364947358,8.441894001167253,42.69613262599843,0.03628102137248506,LoRaWAN,UNSTABLE_NETWORK,Unstable network with high packet loss and jitter
2025-04-03T18:05:13,38.88786116338503,48.15461574257512,5.958517856707857,17.548494240399144,0.14121039796719467,MQTT,UNSTABLE_NETWORK,Unstable network with high packet loss and jitter
2025-04-03T20:08:47,1031.4999040041446,57.87796209887202,9.844833917094135,43.57619633050139,0.06786454746074914,LoRaWAN,UNSTABLE_NETWORK,Unstable network with high packet loss and jitter
2025-04-03T17:59:49,528.9529325699106,44.15113701618017,9.529049231726987,28.564184112878657,0.07445374468416227,LoRaWAN,UNSTABLE_NETWORK,Unstable network with high packet loss and jitter
2025-04-03T09:53:58,407.8984130719462,39.11593542766946,10.435116714839797,34.185145591570546,0.05690878702286434,LoRaWAN,UNSTABLE_NETWORK,Unstable network with high packet loss and jitter
2025-04-03T18:08:20,975.5599905366744,43.59489496062567,8.995755343123662,25.033489478717534,0.06110089904432931,LoRaWAN,UNSTABLE_NETWORK,Unstable network with high packet loss and jitter
2025-04-03T02:17:50,2213.547714364101,40.42825422921,16.806218619165406,39.23044827226762,0.1482228070742972,LoRaWAN,UNSTABLE_NETWORK,Unstable network with high packet loss and jitter
2025-04-03T22:29:19,1013.359727915491,25.767956208526705,4.916228704967783,34.06094018848667,0.10821109065869892,LoRaWAN,UNSTABLE_NETWORK,Unstable network with high packet loss and jitter
2025-04-03T10:05:43,32.94150448020593,35.270119955180206,2.8681899366904577,21.858467434023964,0.033523926645564854,HTTPS,UNSTABLE_NETWORK,Unstable network with high packet loss and jitter
2025-04-03T20:55:24,64.60489064961631,53.81119590765137,6.820729397895615,18.347980000347114,0.1251263870205569,MQTT,UNSTABLE_NETWORK,Unstable network with high packet loss and jitter
2025-04-03T18:30:48,141.74082039906125,50.81884267549912,3.2960352033191977,15.396975647907773,0.11579726825424294,MQTT,UNSTABLE_NETWORK,Unstable network with high packet loss and jitter
2025-04-03T02:49:50,309.54136520583756,48.516228866761395,3.522613189982021,31.879417764327563,0.07156362613135135,HTTPS,UNSTABLE_NETWORK,Unstable network with high packet loss and jitter
2025-04-03T07:58:54,558.3429052744,31.069771771865863,4.996056037406099,35.72471411779736,0.08920090826089513,LoRaWAN,UNSTABLE_NETWORK,Unstable network with high packet loss and jitter
2025-04-03T13:01:46,125.57333102339342,43.276118790039014,5.233433283705118,36.50965678779441,0.07955167761736777,MQTT,UNSTABLE_NETWORK,Unstable network with high packet loss and jitter
2025-04-03T02:09:33,375.36639114531647,13.344357747838675,5.136145694149819,28.82018905392622,0.13917739713340796,LoRaWAN,UNSTABLE_NETWORK,Unstable network with high packet loss and jitter
2025-04-03T16:12:27,121.1855637820987,48.679150625169804,9.554656851336235,18.43003544335636,0.05611129433023729,CoAP,UNSTABLE_NETWORK,Unstable network with high packet loss and jitter
2025-04-03T07:33:36,144.02128642769068,67.43653350649994,6.481432816743991,23.17925201976217,0.0843803182932718,MQTT,UNSTABLE_NETWORK,Unstable network with high packet loss and jitter
2025-04-03T14:31:26,55.46705042629338,23.893353131072313,7.4614562753825595,41.52348638961926,0.06715564007021586,LoRaWAN,UNSTABLE_NETWORK,Unstable network with high packet loss and jitter
2025-04-03T16:25:03,99.07752052449489,37.21808723434504,10.682698323502805,25.153714353999185,0.03700878786146438,LoRaWAN,UNSTABLE_NETWORK,Unstable network with high packet loss and jitter
2025-04-03T22:30:16,59.24971369884729,50.945271237170786,5.701032425655721,31.434176306814763,0.14574914765164962,MQTT,UNSTABLE_NETWORK,Unstable network with high packet loss and jitter
2025-04-03T13:33:10,93.01256309598294,64.80297629533855,7.206362303885833,19.243495164251126,0.04455300262692763,HTTPS,UNSTABLE_NETWORK,Unstable network with high packet loss and jitter
2025-04-03T16:48:27,1062.2585528366399,39.288634756831534,9.097279958278747,33.36583045459035,0.08660387562463327,LoRaWAN,UNSTABLE_NETWORK,Unstable network with high packet loss and jitter
2025-04-03T20:20:00,96.01494035509661,35.6299162847528,2.1752965981393366,25.423154383209223,0.02777898180858994,HTTPS,UNSTABLE_NETWORK,Unstable network with high packet loss and jitter
2025-04-03T06:02:10,7063.111476577043,16.481491309907472,0.8452834731482533,40.467127137757636,0.0680278838227072,LoRaWAN,UNSTABLE_NETWORK,Unstable network with high packet loss and jitter
2025-04-03T05:14:38,542.2699584242001,47.56857760817778,9.038351986393169,37.73557706206813,0.09265906464300372,LoRaWAN,UNSTABLE_NETWORK,Unstable network with high packet loss and jitter
2025-04-03T13:09:53,374.4977605464201,76.64981349311982,9.476042841700696,25.042940534251002,0.05525798061492912,HTTPS,UNSTABLE_NETWORK,Unstable network with high packet loss and jitter
2025-04-03T14:09:54,107.09894624668189,50.180717042841266,14.192660404557232,28.733359726523368,0.09760405552206966,LoRaWAN,UNSTABLE_NETWORK,Unstable network with high packet loss and jitter
2025-04-03T17:07:38,695.1685470798192,45.68782264802289,8.47428462760043,24.48883759959371,0.07192876724335753,LoRaWAN,UNSTABLE_NETWORK,Unstable network with high packet loss and jitter
2025-04-03T04:10:29,150.35769416812587,50.85490921969084,10.459219151774285,15.805668034549903,0.1148024753719584,MQTT,UNSTABLE_NETWORK,Unstable network with high packet loss and jitter
2025-04-03T06:45:04,347.3018380833786,45.858961721364494,7.413582069242079,21.425575704527834,0.1208528274002067,MQTT,UNSTABLE_NETWORK,Unstable network with high packet loss and jitter
2025-04-03T07:46:53,6476.165825162272,33.83179341909905,8.891681664755259,31.9821732772082,0.062397657178099655,LoRaWAN,UNSTABLE_NETWORK,Unstable network with high packet loss and jitter
2025-04-03T23:33:21,267.3371497546243,58.37787496057405,13.001770525248602,33.25259498229582,0.08230198578178871,LoRaWAN,UNSTABLE_NETWORK,Unstable network with high packet loss and jitter
2025-04-03T21:51:46,1191.4310971425032,49.416766294492255,1.6280215456230938,31.48547903592639,0.08550362679416698,MQTT,UNSTABLE_NETWORK,Unstable network with high packet loss and jitter
2025-04-03T02:49:32,129.02043007611906,46.296209449228265,9.240848772715042,26.982669460413643,0.09858047886304096,MQTT,UNSTABLE_NETWORK,Unstable network with high packet loss and jitter
2025-04-03T17:42:01,287.6649072004568,31.403187483457128,14.406760190232099,39.330666057209854,0.08043145988732797,LoRaWAN,UNSTABLE_NETWORK,Unstable network with high packet loss and jitter
2025-04-03T13:47:58,2511.770689561831,65.58796409405973,8.846102657628027,30.635419045609375,0.08570632878028527,CoAP,UNSTABLE_NETWORK,Unstable network with high packet loss and jitter
2025-04-03T18:57:52,141.37585827250112,56.00755351744247,12.951718889698544,37.03253828095947,0.07269780575614641,LoRaWAN,UNSTABLE_NETWORK,Unstable network with high packet loss and jitter
2025-04-03T22:18:47,2640.492532955203,37.744866999343756,6.112363551411673,12.262248677974814,0.08345719600916054,MQTT,UNSTABLE_NETWORK,Unstable network with high packet loss and jitter
2025-04-03T16:08:42,701.404530705614,61.06771958748981,7.903857517508859,9.224002516183425,0.11893820580605396,MQTT,UNSTABLE_NETWORK,Unstable network with high packet loss and jitter
2025-04-03T15:30:14,152.75301615969533,38.57845142889012,8.100574107165762,32.8378802783808,0.09938249723635563,MQTT,UNSTABLE_NETWORK,Unstable network with high packet loss and jitter
2025-04-03T16:28:19,640.7707582517857,34.31362883941014,1.3472267619236877,15.752343462785106,0.10103766918330107,MQTT,UNSTABLE_NETWORK,Unstable network with high packet loss and jitter
2025-04-03T02:41:46,963.7653134641587,34.64980168727886,4.495466516449399,27.87548297286944,0.10169210972406735,MQTT,UNSTABLE_NETWORK,Unstable network with high packet loss and jitter
2025-04-03T09:27:59,632.6734607934831,19.480987375569264,4.709374761848042,26.979029589753942,0.07538573666356893,MQTT,UNSTABLE_NETWORK,Unstable network with high packet loss and jitter
2025-04-03T10:20:03,45.58199585379373,53.12181860057118,10.466198234097583,45.87400602415537,0.08956481130738592,LoRaWAN,UNSTABLE_NETWORK,Unstable network with high packet loss and jitter
2025-04-03T21:25:34,125.3635434280252,18.583176941630317,10.616459317052165,33.99996552943607,0.04744478964992766,LoRaWAN,UNSTABLE_NETWORK,Unstable network with high packet loss and jitter
2025-04-03T03:09:10,222.90821883173314,27.6253598701266,8.9721093281196,31.658590267986728,0.11806422968950872,LoRaWAN,UNSTABLE_NETWORK,Unstable network with high packet loss and jitter
2025-04-03T08:30:41,274.3658294176635,14.919864425342508,10.472308690567118,38.36991154633674,0.0034888129702966147,LoRaWAN,UNSTABLE_NETWORK,Unstable network with high packet loss and jitter
2025-04-03T06:45:33,631.8101741778357,44.764306392064576,7.507551761834678,33.68497586839039,0.07738554822993725,LoRaWAN,UNSTABLE_NETWORK,Unstable network with high packet loss and jitter
2025-04-03T06:27:29,371.3049437413192,43.802212102257364,11.60579500861863,25.423230070115668,0.11422687931450823,LoRaWAN,UNSTABLE_NETWORK,Unstable network with high packet loss and jitter
2025-04-03T14:37:25,60.42296477613392,41.15824303094745,8.026365327896215,40.7147593025456,0.039083961991119756,LoRaWAN,UNSTABLE_NETWORK,Unstable network with high packet loss and jitter
2025-04-03T07:25:13,473.4374941888238,30.42168803109174,8.173592142280269,18.902498721117258,0.09199339752850554,MQTT,UNSTABLE_NETWORK,Unstable network with high packet loss and jitter
2025-04-03T13:26:03,624.2090754097148,28.478514372008252,7.203222100212766,33.23247187533562,0.0595770066026292,LoRaWAN,UNSTABLE_NETWORK,Unstable network with high packet loss and jitter
2025-04-03T07:31:21,587.2972101231201,53.02923584916393,10.053351432909285,14.524302058636888,0.06893590204433395,MQTT,UNSTABLE_NETWORK,Unstable network with high packet loss and jitter
2025-04-03T12:19:17,1097.4223001593243,37.80707614274547,6.736403550161261,32.03943857515995,0.10837822881918313,LoRaWAN,UNSTABLE_NETWORK,Unstable network with high packet loss and jitter
2025-04-03T06:48:51,816.0609616800831,50.81239716382243,10.929294131594204,31.929896417729296,0.08594170777655451,LoRaWAN,UNSTABLE_NETWORK,Unstable network with high packet loss and jitter
2025-04-03T12:09:19,520.50451883161,32.78995927132439,4.60355257785198,46.76454961914663,0.01896932396346912,LoRaWAN,UNSTABLE_NETWORK,Unstable network with high packet loss and jitter
2025-04-03T08:17:47,275.7745325756643,48.786297927161435,4.703251235815419,14.350261065582206,0.050707233808052046,MQTT,UNSTABLE_NETWORK,Unstable network with high packet loss and jitter
2025-04-03T03:04:18,40.87952614392541,65.62119456774363,10.062280265379513,23.991128241461873,0.10926007204666278,MQTT,UNSTABLE_NETWORK,Unstable network with high packet loss and jitter
2025-04-03T14:45:21,502.3636890768126,54.866178236301884,7.734367356250962,38.22682426574144,0.09346828154578993,HTTPS,UNSTABLE_NETWORK,Unstable network with high packet loss and jitter
2025-04-03T17:00:45,384.9092911987032,39.8891511795704,6.638325751540615,33.353172563973075,0.13244406717572854,MQTT,UNSTABLE_NETWORK,Unstable network with high packet loss and jitter
2025-04-03T01:44:51,415.5808080623983,49.93501023056398,10.67017319742638,31.80305051337503,0.13047942782039892,MQTT,UNSTABLE_NETWORK,Unstable network with high packet loss and jitter
2025-04-03T02:19:01,64.82453664857432,42.468715279679344,6.1782157577417465,20.438642970414605,0.06973264609559625,MQTT,UNSTABLE_NETWORK,Unstable network with high packet loss and jitter
2025-04-03T23:45:27,81.98322278651119,46.198562890460934,7.39939623709889,24.091816519085707,0.15509713415208465,MQTT,UNSTABLE_NETWORK,Unstable network with high packet loss and jitter
2025-04-03T16:19:09,1061.6354746336697,41.19786156021993,12.197683850213478,42.450410082232565,0.08073439009555733,LoRaWAN,UNSTABLE_NETWORK,Unstable network with high packet loss and jitter
2025-04-03T07:19:20,286.09281611122645,43.618666476574084,12.617427037431952,29.484908062460722,0.05111994396772924,CoAP,UNSTABLE_NETWORK,Unstable network with high packet loss and jitter
2025-04-03T11:52:50,679.6536373076534,49.26676208337505,12.717194630810981,33.753596961444735,0.060990804022682685,LoRaWAN,UNSTABLE_NETWORK,Unstable network with high packet loss and jitter
2025-04-03T17:10:56,310.36981125136293,31.186648515940632,7.153622669198266,28.84811671223521,0.012298246841317445,LoRaWAN,UNSTABLE_NETWORK,Unstable network with high packet loss and jitter
2025-04-03T06:15:01,310.9057594716147,30.850513827227687,11.69210871495341,18.16914484750235,0.12821057024747842,LoRaWAN,UNSTABLE_NETWORK,Unstable network with high packet loss and jitter
2025-04-03T07:37:05,924.9346088028148,25.26222514701666,5.153141516693966,39.338104260749965,0.12784285967131592,MQTT,UNSTABLE_NETWORK,Unstable network with high packet loss and jitter
2025-04-03T20:22:41,161.50382083361828,22.08796410933665,5.279291375833817,35.03232384532496,0.04953477683560037,LoRaWAN,UNSTABLE_NETWORK,Unstable network with high packet loss and jitter
2025-04-03T18:15:11,336.67814242103503,27.834457515992575,0.9486324421269163,53.05636837367189,0.07316347134854283,LoRaWAN,UNSTABLE_NETWORK,Unstable network with high packet loss and jitter
2025-04-03T15:16:20,172.26812480851103,48.487302723769176,13.01860460569559,19.84418620349455,0.08286822632337733,MQTT,UNSTABLE_NETWORK,Unstable network with high packet loss and jitter
2025-04-03T11:44:19,178.10744677346474,32.70521961173644,5.408060452771766,38.22572921200481,0.05118940843573659,LoRaWAN,UNSTABLE_NETWORK,Unstable network with high packet loss and jitter
2025-04-03T07:26:32,207.01182691614386,53.802916529988615,7.62040226075882,16.88456033962999,0.027346939061865153,CoAP,UNSTABLE_NETWORK,Unstable network with high packet loss and jitter
2025-04-03T04:43:04,391.63998046922154,46.62107302021807,5.269026974215148,31.573465676730777,0.07368927188669265,MQTT,UNSTABLE_NETWORK,Unstable network with high packet loss and jitter
2025-04-03T00:48:21,168.89616683203303,16.574470809766304,10.085495744990421,39.76506589063165,0.0703676171162226,LoRaWAN,UNSTABLE_NETWORK,Unstable network with high packet loss and jitter
2025-04-03T02:54:08,1353.8258487155836,55.928334997069925,6.873099017847979,9.278648839035132,0.06834766277033674,MQTT,UNSTABLE_NETWORK,Unstable network with high packet loss and jitter
2025-04-03T09:47:29,102.54007645767125,58.2673481400277,4.085549328701152,27.95067525758392,0.08668148187802895,MQTT,UNSTABLE_NETWORK,Unstable network with high packet loss and jitter
2025-04-03T11:14:55,239.73556458338828,31.199095556036717,9.324987692558182,24.367902659573797,0.12288558975577976,MQTT,UNSTABLE_NETWORK,Unstable network with high packet loss and jitter
2025-04-03T09:09:04,176.99211874661404,52.411576044391865,3.6988099255693143,22.980427017048783,0.07090721840924821,MQTT,UNSTABLE_NETWORK,Unstable network with high packet loss and jitter
2025-04-03T14:45:05,1703.0157617091795,33.26289656223647,5.487782824053526,33.852126522593544,0.08511328996164089,LoRaWAN,UNSTABLE_NETWORK,Unstable network with high packet loss and jitter
2025-04-03T22:48:44,379.8012943955114,47.57709299700696,1.6793326561217574,41.20685706422595,0.10180611571234807,MQTT,UNSTABLE_NETWORK,Unstable network with high packet loss and jitter
2025-04-03T22:54:55,1034.8336022676403,27.146228463864915,3.7281256634071793,28.667212847708445,0.09662428779538246,MQTT,UNSTABLE_NETWORK,Unstable network with high packet loss and jitter
2025-04-03T10:16:34,50.456421695375035,19.218775002578212,8.535587509161434,32.0548642756002,0.061567294266564744,LoRaWAN,UNSTABLE_NETWORK,Unstable network with high packet loss and jitter
2025-04-03T06:15:03,413.3285485186085,40.37478116880981,2.1063918856912256,31.143087530592478,0.08289131369342108,MQTT,UNSTABLE_NETWORK,Unstable network with high packet loss and jitter
2025-04-03T02:02:44,872.4797367087612,44.26277204128927,3.5565628261348525,30.01803506356414,0.0964261946050716,MQTT,UNSTABLE_NETWORK,Unstable network with high packet loss and jitter
2025-04-03T16:07:49,331.1340445361673,40.15517805360021,7.992893251601576,19.106573622878937,0.046149459874676675,CoAP,UNSTABLE_NETWORK,Unstable network with high packet loss and jitter
2025-04-03T10:45:26,1077.457011577931,28.36158230688835,6.369179311720842,41.08444601722893,0.11790617032389525,LoRaWAN,UNSTABLE_NETWORK,Unstable network with high packet loss and jitter
2025-04-03T00:10:03,161.2629616120673,40.125221970667155,13.976109907877927,32.95195368158836,0.12294766715642333,LoRaWAN,UNSTABLE_NETWORK,Unstable network with high packet loss and jitter
2025-04-03T13:54:31,1627.82395160255,50.16479641375269,13.501689638073127,33.94881490002577,0.05831659233666519,LoRaWAN,UNSTABLE_NETWORK,Unstable network with high packet loss and jitter
2025-04-03T00:15:01,4733.689615644318,45.453646895611094,5.396232611746539,21.934903709744177,0.08581010055044506,LoRaWAN,UNSTABLE_NETWORK,Unstable network with high packet loss and jitter
2025-04-03T13:24:49,194.10052639091631,48.866225028844816,9.671412855210445,25.407796020107593,0.09926834770013095,MQTT,UNSTABLE_NETWORK,Unstable network with high packet loss and jitter
2025-04-03T11:20:31,175.77054958978889,36.078648785450596,10.247847670638354,28.238658022892217,0.06363157531013743,LoRaWAN,UNSTABLE_NETWORK,Unstable network with high packet loss and jitter
2025-04-03T18:08:36,1716.1588525807524,63.70781273541395,6.207563425926789,14.658753065511485,0.09444841537064283,MQTT,UNSTABLE_NETWORK,Unstable network with high packet loss and jitter
2025-04-03T20:50:42,1996.7358465581356,28.491111188757316,3.513375390505388,13.119656748023218,0.08489766878876497,MQTT,UNSTABLE_NETWORK,Unstable network with high packet loss and jitter
2025-04-03T00:56:39,160.18837109366197,53.44878291578728,7.9631046520758275,23.992520693614324,0.035962454670835975,CoAP,UNSTABLE_NETWORK,Unstable network with high packet loss and jitter
2025-04-03T20:55:39,181.19219054474448,63.86541207629339,7.481462975557667,35.2252076644239,0.09377483947935675,MQTT,UNSTABLE_NETWORK,Unstable network with high packet loss and jitter
2025-04-03T06:33:28,213.92830681819635,53.35233429553487,6.692706509088143,23.46862610070059,0.04699572751186893,HTTPS,UNSTABLE_NETWORK,Unstable network with high packet loss and jitter
2025-04-03T02:03:38,59.76629428994202,43.10251672073645,9.326950604493456,19.811948024092864,0.10817608554986141,MQTT,UNSTABLE_NETWORK,Unstable network with high packet loss and jitter
2025-04-03T07:32:45,99.62370505923258,38.21759164917169,5.747811178983204,21.853143467623298,0.05986366774598334,MQTT,UNSTABLE_NETWORK,Unstable network with high packet loss and jitter
2025-04-03T13:19:01,89.91039421638752,61.685029337217685,4.54400735726257,25.446575768546875,0.07516143699016566,MQTT,UNSTABLE_NETWORK,Unstable network with high packet loss and jitter
2025-04-03T00:18:36,119.39357592420919,24.800757915006216,8.327248911049496,26.461410371798962,0.12116836740339725,LoRaWAN,UNSTABLE_NETWORK,Unstable network with high packet loss and jitter
2025-04-03T22:19:05,287.76972944653227,31.595185110644127,9.157910277706627,51.65521452206556,0.09489144939586536,LoRaWAN,UNSTABLE_NETWORK,Unstable network with high packet loss and jitter
2025-04-03T21:36:28,397.3589998067728,40.18534975637043,4.470065168299841,40.54620628487318,0.047615782412763645,LoRaWAN,UNSTABLE_NETWORK,Unstable network with high packet loss and jitter
2025-04-03T19:01:46,1928.2787913379514,64.7151898238337,10.784271832973243,40.24774112281728,0.04955250287602749,MQTT,UNSTABLE_NETWORK,Unstable network with high packet loss and jitter
2025-04-03T09:07:18,90.53691116848691,51.84856522417463,2.6885565866717656,41.685803642733816,0.06202091634128824,HTTPS,UNSTABLE_NETWORK,Unstable network with high packet loss and jitter
2025-04-03T00:41:52,977.4717125060953,31.633031528314973,6.26565962385307,20.011791306659504,0.09183932250069998,MQTT,UNSTABLE_NETWORK,Unstable network with high packet loss and jitter
2025-04-03T07:31:40,232.05997741271725,41.50076954760257,7.225974391407173,17.77635385012761,0.09074899444798304,MQTT,UNSTABLE_NETWORK,Unstable network with high packet loss and jitter
2025-04-03T15:04:44,282.71123991569425,36.94220518933918,6.091328862044211,18.931297084659434,0.054706930860113925,MQTT,UNSTABLE_NETWORK,Unstable network with high packet loss and jitter
2025-04-03T03:48:11,674.2263364223257,35.51188468968804,6.304818579346422,43.34506133337838,0.04498371543156923,LoRaWAN,UNSTABLE_NETWORK,Unstable network with high packet loss and jitter
2025-04-03T03:02:52,77.98496477244082,60.84373017395022,13.613223446924342,24.528082111175088,0.08844750215257503,MQTT,UNSTABLE_NETWORK,Unstable network with high packet loss and jitter
2025-04-03T21:56:22,474.69579632215687,25.58590707905342,5.447347732883304,17.48643817760713,0.07454419802629514,MQTT,UNSTABLE_NETWORK,Unstable network with high packet loss and jitter
2025-04-03T14:11:01,366.32654112804016,70.29543407642906,15.323665167415742,25.69003799780187,0.14471647662343212,MQTT,UNSTABLE_NETWORK,Unstable network with high packet loss and jitter
2025-04-03T15:06:56,541.706310192865,58.588833815590284,9.311380339193155,27.613944682853727,0.08109810969689236,MQTT,UNSTABLE_NETWORK,Unstable network with high packet loss and jitter
2025-04-03T14:02:35,424.44602468850957,62.52998074428388,8.276165411935976,32.68413273694562,0.13442758483100825,MQTT,UNSTABLE_NETWORK,Unstable network with high packet loss and jitter
2025-04-03T14:58:15,5710.961301734978,39.22463022725701,9.428721060162998,32.50951020712043,0.0448884920568698,LoRaWAN,UNSTABLE_NETWORK,Unstable network with high packet loss and jitter
2025-04-03T03:33:15,139.55998286706395,43.9212793438567,15.589783247755857,21.71819436126492,0.03280361181314879,CoAP,UNSTABLE_NETWORK,Unstable network with high packet loss and jitter
2025-04-03T19:54:07,158.63185316354938,24.67478013458014,5.019220988205656,36.85656392513711,0.046397446024233964,LoRaWAN,UNSTABLE_NETWORK,Unstable network with high packet loss and jitter
2025-04-03T04:24:07,142.02652599627822,38.30378846885624,4.638746243190832,23.60806466249842,0.11567389344360399,MQTT,UNSTABLE_NETWORK,Unstable network with high packet loss and jitter
2025-04-03T10:54:02,154.03963380379076,53.58021451191302,5.735401410284237,28.43723663294957,0.13268304769080602,MQTT,UNSTABLE_NETWORK,Unstable network with high packet loss and jitter
2025-04-03T13:38:27,139.6190890307978,65.61800494639417,8.096429440893683,36.86774070503355,0.05653461638142098,HTTPS,UNSTABLE_NETWORK,Unstable network with high packet loss and jitter
2025-04-03T10:58:51,1249.6294070576573,29.571373990043917,2.8226866255622802,23.581785960556587,0.06618301910721328,MQTT,UNSTABLE_NETWORK,Unstable network with high packet loss and jitter
2025-04-03T14:28:08,1649.7640756948695,40.69780440970918,8.067017717955824,24.306485764188626,0.044930572693625014,LoRaWAN,UNSTABLE_NETWORK,Unstable network with high packet loss and jitter
2025-04-03T18:26:57,151.2428649867367,43.9125723834078,13.080641400241017,35.916680496931306,0.02565080458644839,LoRaWAN,UNSTABLE_NETWORK,Unstable network with high packet loss and jitter
2025-04-03T19:14:45,110.49339958718832,25.246889876415825,8.454222171874333,21.422668233949807,0.1015523509332989,MQTT,UNSTABLE_NETWORK,Unstable network with high packet loss and jitter
2025-04-03T15:17:03,528.2032444556745,55.05563375808658,7.121943623074169,26.152079763959293,0.08669060908886489,MQTT,UNSTABLE_NETWORK,Unstable network with high packet loss and jitter
2025-04-03T08:51:45,154.642317548122,35.32720737797891,6.145518653949118,35.557421780428925,0.08031463948021626,LoRaWAN,UNSTABLE_NETWORK,Unstable network with high packet loss and jitter
2025-04-03T11:02:37,641.1738621605745,43.25787430887015,10.695535113654692,50.54092441435975,0.0379983038850986,LoRaWAN,UNSTABLE_NETWORK,Unstable network with high packet loss and jitter
2025-04-03T16:42:25,382.7148135497781,39.41115622025482,5.522501680285857,36.05404504762747,0.12919870045485982,MQTT,UNSTABLE_NETWORK,Unstable network with high packet loss and jitter
2025-04-03T00:40:36,48.661566843365236,34.351986435545335,13.539187761797745,34.72639762990012,0.06489929785851581,LoRaWAN,UNSTABLE_NETWORK,Unstable network with high packet loss and jitter
2025-04-03T10:49:36,1921.3603240311802,46.088056461539594,13.80007924314307,35.30801583672729,0.09600879274449428,LoRaWAN,UNSTABLE_NETWORK,Unstable network with high packet loss and jitter
2025-04-03T10:13:46,2588.504778450144,42.96125478763505,8.770252395985363,19.268097259329508,0.03636315784265827,LoRaWAN,UNSTABLE_NETWORK,Unstable network with high packet loss and jitter
2025-04-03T11:13:10,143.8018120047294,40.61919745438287,7.965454735770065,31.15596738679908,0.07428424431139888,LoRaWAN,UNSTABLE_NETWORK,Unstable network with high packet loss and jitter
2025-04-03T10:50:02,188.39495859475156,35.27180858576518,11.091979424724679,29.702335116635982,0.08874123368715751,LoRaWAN,UNSTABLE_NETWORK,Unstable network with high packet loss and jitter
2025-04-03T01:28:14,422.76689162966875,50.99327019512212,11.284395506681975,33.21584540372756,0.08981225654159923,LoRaWAN,UNSTABLE_NETWORK,Unstable network with high packet loss and jitter
2025-04-03T16:55:32,448.15117632236183,71.00632638316954,5.582024806821753,31.165080524758707,0.08463945629709875,HTTPS,UNSTABLE_NETWORK,Unstable network with high packet loss and jitter
2025-04-03T08:06:28,661.186270930677,48.30204307077964,6.420334600589894,33.79699677417113,0.09483567476146318,MQTT,UNSTABLE_NETWORK,Unstable network with high packet loss and jitter
2025-04-03T20:29:34,3347.696984781717,61.147175024267135,4.032957695950113,26.885328051007985,0.04608438631901117,CoAP,UNSTABLE_NETWORK,Unstable network with high packet loss and jitter
2025-04-03T04:09:07,242.60771605291734,25.35374014570573,9.227194815002171,30.586089173717927,0.08592117816318981,LoRaWAN,UNSTABLE_NETWORK,Unstable network with high packet loss and jitter
2025-04-03T17:45:32,115.10281601145088,48.57515783482168,9.999883650370672,17.72171433943008,0.08341273050440833,MQTT,UNSTABLE_NETWORK,Unstable network with high packet loss and jitter
2025-04-03T13:10:10,57.31712249810529,29.74987868325661,3.950223086416181,26.800927219970863,0.08695018052585182,MQTT,UNSTABLE_NETWORK,Unstable network with high packet loss and jitter
2025-04-03T17:17:33,124.7942556868674,24.058196777251556,6.634403285551523,43.908335481766436,0.08217035651957545,LoRaWAN,UNSTABLE_NETWORK,Unstable network with high packet loss and jitter
2025-04-03T16:30:34,288.3082174061038,35.123166800752,3.9582382472559523,33.18808339628256,0.04180361678259808,LoRaWAN,UNSTABLE_NETWORK,Unstable network with high packet loss and jitter
2025-04-03T06:00:07,2584.4084230734984,64.0938951512486,5.303600569268488,29.790789626169232,0.04046600743673079,HTTPS,UNSTABLE_NETWORK,Unstable network with high packet loss and jitter
2025-04-03T07:36:26,161.20049742209855,60.46730978749717,9.653051180678899,48.96123276254347,0.013571954423463456,LoRaWAN,UNSTABLE_NETWORK,Unstable network with high packet loss and jitter
2025-04-03T14:31:42,392.41816419718515,49.86381041067595,5.799553799965162,16.39165021698921,0.10452603529535892,MQTT,UNSTABLE_NETWORK,Unstable network with high packet loss and jitter
2025-04-03T12:06:18,294.1456342752862,23.22989840391846,7.097522131903104,18.905444445537803,0.10482972529205596,MQTT,UNSTABLE_NETWORK,Unstable network with high packet loss and jitter
2025-04-03T03:04:09,1248.6951471526575,43.27786425385584,3.1180648161580535,47.127114112762726,0.10530650873666361,LoRaWAN,UNSTABLE_NETWORK,Unstable network with high packet loss and jitter
2025-04-03T10:00:54,6223.584996559894,50.74924138060839,8.560970629173992,30.45960936048934,0.08920369887384355,CoAP,UNSTABLE_NETWORK,Unstable network with high packet loss and jitter
2025-04-03T20:13:50,158.6562555536271,48.8584519131688,7.867180040466054,27.574169637102063,0.016006423468456682,LoRaWAN,UNSTABLE_NETWORK,Unstable network with high packet loss and jitter
2025-04-03T15:26:26,166.74323989836896,18.570171939686112,5.8131222499005135,18.00795674904357,0.049198685246442025,MQTT,UNSTABLE_NETWORK,Unstable network with high packet loss and jitter
2025-04-03T21:42:33,1050.2416159818126,32.87397519400669,7.4329571069525775,34.47696266395012,0.08511246252779336,LoRaWAN,UNSTABLE_NETWORK,Unstable network with high packet loss and jitter
2025-04-03T02:51:24,679.9724361042511,45.26924367448149,8.540884641510333,35.44459869527462,0.08406554008375386,LoRaWAN,UNSTABLE_NETWORK,Unstable network with high packet loss and jitter
2025-04-03T20:06:17,2751.30676629811,54.27644100187756,5.555395553271968,19.055056391651036,0.07331755360543937,MQTT,UNSTABLE_NETWORK,Unstable network with high packet loss and jitter
2025-04-03T02:33:31,604.557204723485,13.291827265027983,3.5712123679946615,28.59724414449572,0.0910675160872474,LoRaWAN,UNSTABLE_NETWORK,Unstable network with high packet loss and jitter
2025-04-03T13:53:38,194.92833256688175,43.80355217173677,13.416723298060447,26.64484167966934,0.08034955123055737,LoRaWAN,UNSTABLE_NETWORK,Unstable network with high packet loss and jitter
2025-04-03T16:31:09,609.4569236260427,48.3828105745264,6.100181885869182,32.55977146418771,0.08362311396654085,MQTT,UNSTABLE_NETWORK,Unstable network with high packet loss and jitter
2025-04-03T16:18:33,1134.8170997729765,58.98292607649278,7.709719690439332,18.807497577793562,0.06082804001503952,MQTT,UNSTABLE_NETWORK,Unstable network with high packet loss and jitter
2025-04-03T22:31:45,803.005121667793,56.633277234718605,11.03251920506094,42.51947454513157,0.10946032958364771,LoRaWAN,UNSTABLE_NETWORK,Unstable network with high packet loss and jitter
2025-04-03T08:09:16,551.4280192180173,54.9806504756966,18.58716556271145,39.158237815976044,0.06707685173958848,LoRaWAN,UNSTABLE_NETWORK,Unstable network with high packet loss and jitter
2025-04-03T01:33:19,1079.0023057230137,34.24464031544298,4.266540650333403,26.36824441267184,0.040080527509381216,LoRaWAN,UNSTABLE_NETWORK,Unstable network with high packet loss and jitter
2025-04-03T18:43:36,1220.4039423236695,17.625383081529847,9.34948164117953,27.83581288361629,0.05687002961543815,LoRaWAN,UNSTABLE_NETWORK,Unstable network with high packet loss and jitter
2025-04-03T18:35:51,1575.5713760267518,40.351291004865914,5.877343144117681,28.63577849722384,0.06954601425914059,MQTT,UNSTABLE_NETWORK,Unstable network with high packet loss and jitter
2025-04-03T15:54:45,653.4292995028492,61.2732269613228,6.383629086269868,22.216914469934967,0.10982008365106541,MQTT,UNSTABLE_NETWORK,Unstable network with high packet loss and jitter
2025-04-03T01:21:31,245.486210907927,67.15223471846835,5.83936393697963,25.565705817649643,0.0787319600469562,MQTT,UNSTABLE_NETWORK,Unstable network with high packet loss and jitter
2025-04-03T06:23:07,357.7516027019918,56.910320562476116,4.623035096598246,27.29729632325391,0.07441555343103053,MQTT,UNSTABLE_NETWORK,Unstable network with high packet loss and jitter
2025-04-03T12:45:02,1276.1375226467792,52.69386359244282,7.876125914646016,46.12868370707128,0.042540097257121184,LoRaWAN,UNSTABLE_NETWORK,Unstable network with high packet loss and jitter
2025-04-03T01:34:42,112.55698981050703,51.95001319861376,3.576491938855293,39.466183083304365,0.10356447769488729,MQTT,UNSTABLE_NETWORK,Unstable network with high packet loss and jitter
2025-04-03T17:25:14,466.93517912451836,37.91530449382004,10.840422699535612,39.34654707336624,0.06044143537929843,LoRaWAN,UNSTABLE_NETWORK,Unstable network with high packet loss and jitter
2025-04-03T20:39:11,187.12482356433236,44.307848514334914,8.165008808100124,33.699256130043906,0.07699916423175993,LoRaWAN,UNSTABLE_NETWORK,Unstable network with high packet loss and jitter
2025-04-03T17:17:38,310.5286793541848,71.29646302744165,9.267304918704319,18.826729910687654,0.12440549230645595,MQTT,UNSTABLE_NETWORK,Unstable network with high packet loss and jitter
2025-04-03T14:36:03,1391.2038212767334,32.123717275576006,6.601434164161331,29.585088954226208,0.09526289993147913,LoRaWAN,UNSTABLE_NETWORK,Unstable network with high packet loss and jitter
2025-04-03T14:33:32,377.3229138643598,70.4854364455094,6.898388197364755,39.7048845961338,0.031152378568544775,HTTPS,UNSTABLE_NETWORK,Unstable network with high packet loss and jitter
2025-04-03T18:47:05,317.1917030075256,41.43499948988821,8.862691715501985,17.41735370632712,0.026914692909425837,LoRaWAN,UNSTABLE_NETWORK,Unstable network with high packet loss and jitter
2025-04-03T23:04:23,58.67155961849939,66.14857066610273,4.507848102782523,36.36553206873264,0.07807068649642263,HTTPS,UNSTABLE_NETWORK,Unstable network with high packet loss and jitter
2025-04-03T01:46:04,734.571072391304,25.166531109620955,6.926028696759992,53.226092252627666,0.043617781553755855,LoRaWAN,UNSTABLE_NETWORK,Unstable network with high packet loss and jitter
2025-04-03T19:07:49,650.9048631831172,55.058986491961235,5.421159458364638,40.61816645989732,0.09945640242898994,MQTT,UNSTABLE_NETWORK,Unstable network with high packet loss and jitter
2025-04-03T02:42:43,4022.6177151817574,35.220538657684635,5.328293568226957,44.14029135561987,0.08126789194894937,MQTT,UNSTABLE_NETWORK,Unstable network with high packet loss and jitter
2025-04-03T07:56:23,207.35837835755737,25.044750040443624,1.670485278123076,32.18338750442161,0.08496154307071589,MQTT,UNSTABLE_NETWORK,Unstable network with high packet loss and jitter
2025-04-03T03:58:18,390.2403642444562,49.553435777878086,12.01797976844,39.6793194876499,0.05879770455072941,CoAP,UNSTABLE_NETWORK,Unstable network with high packet loss and jitter
2025-04-03T04:39:45,404.6582546072803,61.4191691930609,5.940383740538693,22.821467856459645,0.13224150965860118,MQTT,UNSTABLE_NETWORK,Unstable network with high packet loss and jitter
2025-04-03T06:39:17,1991.6653167966547,33.6046380076264,11.49012816549065,37.958638123412264,0.16527781184031376,LoRaWAN,UNSTABLE_NETWORK,Unstable network with high packet loss and jitter
2025-04-03T04:00:17,267.58247479100214,23.795187402060293,11.206376964182876,36.54388134060763,0.07164245828729857,LoRaWAN,UNSTABLE_NETWORK,Unstable network with high packet loss and jitter
2025-04-03T23:51:59,419.3090785319326,44.904422566319454,4.142000880450519,32.89911174037663,0.09059117745245003,MQTT,UNSTABLE_NETWORK,Unstable network with high packet loss and jitter
2025-04-03T13:08:31,622.1979478960164,44.972231322093535,4.734766292981463,43.16007419718498,0.08292252029192938,LoRaWAN,UNSTABLE_NETWORK,Unstable network with high packet loss and jitter
2025-04-03T09:58:35,375.295389956776,54.5102228894762,15.681508878067051,24.612151621526113,0.07220939409676794,LoRaWAN,UNSTABLE_NETWORK,Unstable network with high packet loss and jitter
2025-04-03T20:30:13,175.57426875806877,60.53101426903351,13.25277782578143,28.129424835263375,0.055037885968016106,CoAP,UNSTABLE_NETWORK,Unstable network with high packet loss and jitter
2025-04-03T07:42:31,378.6796004449,45.39753520188625,7.905444460015688,30.954620413582965,0.04745096037558569,LoRaWAN,UNSTABLE_NETWORK,Unstable network with high packet loss and jitter
2025-04-03T03:54:29,1088.0480330746311,74.12297986529508,8.772119319252049,19.703890289105992,0.045932082034234274,MQTT,UNSTABLE_NETWORK,Unstable network with high packet loss and jitter
2025-04-03T20:32:01,87.5284703057013,49.65561853381798,6.1074607911584335,32.269319438002476,0.09215720076647436,MQTT,UNSTABLE_NETWORK,Unstable network with high packet loss and jitter
2025-04-03T12:51:50,351.8996619315611,41.09736699809257,9.29705814260102,12.81069587046153,0.06440976565389095,MQTT,UNSTABLE_NETWORK,Unstable network with high packet loss and jitter
2025-04-03T01:43:07,129.4943818407245,22.121921424061117,5.8484542978325855,40.469545344282096,0.0026512144957840933,LoRaWAN,UNSTABLE_NETWORK,Unstable network with high packet loss and jitter
2025-04-03T05:10:46,1258.70466735454,42.35720622826849,1.9029387071048465,30.466373665659656,0.09334574661794967,MQTT,UNSTABLE_NETWORK,Unstable network with high packet loss and jitter
2025-04-03T02:40:29,48.228888544488846,41.25296207425143,4.035332640466847,24.791070960962365,0.07885216152607533,MQTT,UNSTABLE_NETWORK,Unstable network with high packet loss and jitter
2025-04-03T13:08:47,153.40419846161475,60.705005422047996,8.063278243551762,21.656263877048787,0.12040019004203438,MQTT,UNSTABLE_NETWORK,Unstable network with high packet loss and jitter
2025-04-03T07:08:05,471.7441222604,53.239355061236225,4.606798293492237,27.654209703808124,0.09119367191273028,MQTT,UNSTABLE_NETWORK,Unstable network with high packet loss and jitter
2025-04-03T00:19:12,1963.3575252042874,28.613231098151623,7.798167605259397,36.88259710772414,0.035639792110691085,LoRaWAN,UNSTABLE_NETWORK,Unstable network with high packet loss and jitter
2025-04-03T15:15:06,277.23961306162295,48.88925094121391,4.776016881701411,35.47738978737561,0.013109700778100572,MQTT,UNSTABLE_NETWORK,Unstable network with high packet loss and jitter
2025-04-03T23:50:37,154.09095464144946,56.38006994339162,5.652938232494019,22.944620527215392,0.05841582846986188,MQTT,UNSTABLE_NETWORK,Unstable network with high packet loss and jitter
2025-04-03T14:43:51,2867.4286258924053,69.22923998068077,10.559495919239575,21.539603273723657,0.06124677737919042,CoAP,UNSTABLE_NETWORK,Unstable network with high packet loss and jitter
2025-04-03T09:31:31,52.78176621099443,59.62299632348165,8.742441642920314,36.568987063196474,0.10829477603000501,MQTT,UNSTABLE_NETWORK,Unstable network with high packet loss and jitter
2025-04-03T09:52:13,21.439077896353453,57.724803849350394,7.971006736059959,22.776525953849706,0.0797338720313128,MQTT,UNSTABLE_NETWORK,Unstable network with high packet loss and jitter
2025-04-03T16:21:11,508.67017217741306,47.21506117631315,10.636891919211953,30.599097740795035,0.11401065494295526,LoRaWAN,UNSTABLE_NETWORK,Unstable network with high packet loss and jitter
2025-04-03T10:24:54,164.2381330489363,52.14011856084491,9.441825780042041,31.23754642524277,0.04025500832892096,LoRaWAN,UNSTABLE_NETWORK,Unstable network with high packet loss and jitter
2025-04-03T04:07:54,88.08507370253335,65.05967921249301,12.339689873754104,33.120621317267386,0.10895793153141345,MQTT,UNSTABLE_NETWORK,Unstable network with high packet loss and jitter
2025-04-03T07:32:53,701.9135241142134,26.327111962113356,6.62042221305458,38.582704301818715,0.10162967460292759,LoRaWAN,UNSTABLE_NETWORK,Unstable network with high packet loss and jitter
2025-04-03T16:57:58,401.9562818875508,41.07885023846123,6.711095064417474,17.37037063132677,0.019452976657064115,LoRaWAN,UNSTABLE_NETWORK,Unstable network with high packet loss and jitter
2025-04-03T23:50:53,152.45784289104165,34.73357613777943,4.096672200825964,10.888406747395123,0.11967853523782317,MQTT,UNSTABLE_NETWORK,Unstable network with high packet loss and jitter
2025-04-03T12:50:27,64.54852046372596,52.01107137242237,6.713057847882741,24.32552718771648,0.08280375475299058,MQTT,UNSTABLE_NETWORK,Unstable network with high packet loss and jitter
2025-04-03T12:20:46,854.683537286467,64.77877444869979,10.894309682907338,48.01528407832186,0.09176133511605516,LoRaWAN,UNSTABLE_NETWORK,Unstable network with high packet loss and jitter
2025-04-03T06:41:13,654.5996898109994,37.372494735529344,11.899962116786401,50.221741000873784,0.05405311662714732,LoRaWAN,UNSTABLE_NETWORK,Unstable network with high packet loss and jitter
2025-04-03T06:17:39,266.3394007481768,10.47421074671135,10.880915504260004,48.31177135565888,0.11825741038765916,LoRaWAN,UNSTABLE_NETWORK,Unstable network with high packet loss and jitter
2025-04-03T10:58:55,2751.074577839119,40.147132305793335,2.617424400351691,28.070186322393106,0.04442443012283391,LoRaWAN,UNSTABLE_NETWORK,Unstable network with high packet loss and jitter
2025-04-03T07:13:58,83.06976152413577,60.03421668382895,11.249435637982202,12.178849180151712,0.10496276055121838,MQTT,UNSTABLE_NETWORK,Unstable network with high packet loss and jitter
2025-04-03T09:33:49,48.093751851963454,54.39822647022352,2.484444130183788,6.569608983481594,0.10461822427726014,MQTT,UNSTABLE_NETWORK,Unstable network with high packet loss and jitter
2025-04-03T10:01:26,130.7768964529101,52.758238865541436,10.694351972367041,23.85961838450589,0.05077497715483334,CoAP,UNSTABLE_NETWORK,Unstable network with high packet loss and jitter
2025-04-03T10:54:31,284.02982635673266,42.137212842673065,6.896646420286834,28.0192636985064,0.13950120798267723,MQTT,UNSTABLE_NETWORK,Unstable network with high packet loss and jitter
2025-04-03T23:12:20,401.73385368093756,27.153318549900938,10.107599941801567,43.00625401055959,0.08694585440652558,LoRaWAN,UNSTABLE_NETWORK,Unstable network with high packet loss and jitter
2025-04-03T13:17:02,224.59509544634014,54.06986163997222,4.002654956316302,38.678054595424456,0.09961677830813073,MQTT,UNSTABLE_NETWORK,Unstable network with high packet loss and jitter
2025-04-03T20:13:56,457.7160210682479,33.82788688749329,11.513502898118439,32.2740507899162,0.03418637613992733,LoRaWAN,UNSTABLE_NETWORK,Unstable network with high packet loss and jitter
2025-04-03T08:49:15,66.81550508286216,79.10523226112699,3.605075761685333,21.101552290588582,0.14353190009025696,MQTT,UNSTABLE_NETWORK,Unstable network with high packet loss and jitter
2025-04-03T08:12:53,1696.4616855227491,54.90305660814535,5.994635267440467,20.3922044175511,0.04326329179324731,MQTT,UNSTABLE_NETWORK,Unstable network with high packet loss and jitter
2025-04-03T12:27:31,271.8365755610707,37.63739116692581,5.005716116692894,32.541276870714356,0.11074659298297791,MQTT,UNSTABLE_NETWORK,Unstable network with high packet loss and jitter
2025-04-03T17:35:34,1146.5783891873843,37.17800421681312,2.737145441532503,36.970509788397266,0.05015684846204914,LoRaWAN,UNSTABLE_NETWORK,Unstable network with high packet loss and jitter
2025-04-03T12:56:55,452.61998594924773,44.95628705084619,8.283582702765406,33.918812622455846,0.06143033591456952,LoRaWAN,UNSTABLE_NETWORK,Unstable network with high packet loss and jitter
2025-04-03T18:08:10,518.9908939523342,42.75958854213124,13.418267353510885,19.65402040393345,0.10366262131656341,LoRaWAN,UNSTABLE_NETWORK,Unstable network with high packet loss and jitter
2025-04-03T07:08:17,594.3707072224184,63.10629122781427,16.000715666960026,36.50667628792086,0.11082658141025471,LoRaWAN,UNSTABLE_NETWORK,Unstable network with high packet loss and jitter
2025-04-03T15:58:58,513.3884374585894,49.15169436343312,8.291467361258743,34.259109671014116,0.04186147252657694,LoRaWAN,UNSTABLE_NETWORK,Unstable network with high packet loss and jitter
2025-04-03T02:44:57,648.7515258729237,35.382642956051974,11.350043825202567,19.293335938098217,0.11271416507170981,LoRaWAN,UNSTABLE_NETWORK,Unstable network with high packet loss and jitter
2025-04-03T12:42:15,1478.473640831117,74.7153965394241,8.696283913785612,22.156790296997443,0.11134941485399583,MQTT,UNSTABLE_NETWORK,Unstable network with high packet loss and jitter
2025-04-03T16:11:48,379.78597801238016,47.100078457298174,9.496649584304638,36.88495974561567,0.05186139773465323,CoAP,UNSTABLE_NETWORK,Unstable network with high packet loss and jitter
2025-04-03T16:10:05,702.4589629431986,57.89471584643576,6.9735540466182835,27.65492464854109,0.1279594278077333,MQTT,UNSTABLE_NETWORK,Unstable network with high packet loss and jitter
2025-04-03T20:03:07,269.3737017916693,37.24039031763838,8.585230776267807,45.89147301636457,0.03629427115255886,LoRaWAN,UNSTABLE_NETWORK,Unstable network with high packet loss and jitter
2025-04-03T11:10:02,1689.052725301882,51.81218956788509,9.612436113819285,35.011292760645766,0.06125682251667154,CoAP,UNSTABLE_NETWORK,Unstable network with high packet loss and jitter
2025-04-03T05:47:41,133.2346303842544,51.03377224127263,6.264620813371006,25.133688118107308,0.09437007872275967,MQTT,UNSTABLE_NETWORK,Unstable network with high packet loss and jitter
2025-04-03T13:31:14,2604.278619001725,18.024050215089883,7.767517100321037,29.897943996090675,0.05439301145892181,LoRaWAN,UNSTABLE_NETWORK,Unstable network with high packet loss and jitter
2025-04-03T18:28:42,285.88594394473427,76.59958347584924,7.824709643007536,30.633833926377182,0.08791457257038023,MQTT,UNSTABLE_NETWORK,Unstable network with high packet loss and jitter
2025-04-03T11:13:39,53.885011103853984,65.73179095518533,10.479209951991574,22.7160968675829,0.08723228236409886,MQTT,UNSTABLE_NETWORK,Unstable network with high packet loss and jitter
2025-04-03T11:53:57,349.85114798471477,40.41586152156477,4.801903485116958,20.874118018223733,0.07438777190231838,MQTT,UNSTABLE_NETWORK,Unstable network with high packet loss and jitter
2025-04-03T18:52:53,132.4917640904325,29.841412379324222,7.845373374177045,37.013898938095,0.10497201615771679,LoRaWAN,UNSTABLE_NETWORK,Unstable network with high packet loss and jitter
2025-04-03T19:25:52,822.6696587811138,51.5905499156228,13.736016407158093,38.45273297042095,0.07314917622027083,LoRaWAN,UNSTABLE_NETWORK,Unstable network with high packet loss and jitter
2025-04-03T22:18:46,137.08945918725752,47.67925842219294,11.492180457757811,36.03781469552959,0.08694623206441417,LoRaWAN,UNSTABLE_NETWORK,Unstable network with high packet loss and jitter
2025-04-03T05:23:47,175.62698715726572,51.715494381832904,12.047537146666116,45.15318094323802,0.11439415632463708,LoRaWAN,UNSTABLE_NETWORK,Unstable network with high packet loss and jitter
2025-04-03T08:09:29,31.072823587096547,49.255788318703274,8.073295520534103,24.58226763988398,0.10372058630077521,MQTT,UNSTABLE_NETWORK,Unstable network with high packet loss and jitter
2025-04-03T05:25:06,174.34130336615797,53.977409437788296,8.96299269105807,46.742707660711304,0.10358051872442625,LoRaWAN,UNSTABLE_NETWORK,Unstable network with high packet loss and jitter
2025-04-03T18:15:18,16.364711565297952,68.09504731148397,11.006708500108775,20.990788814458472,0.0455246119334966,MQTT,UNSTABLE_NETWORK,Unstable network with high packet loss and jitter
2025-04-03T07:07:39,44.83993221404996,54.90867711994403,12.680766588592792,19.873144366315074,0.09574377726503966,MQTT,UNSTABLE_NETWORK,Unstable network with high packet loss and jitter
2025-04-03T16:33:53,747.1605302882228,30.643963781772687,2.14519126135134,12.400411178507497,0.05364503627091486,MQTT,UNSTABLE_NETWORK,Unstable network with high packet loss and jitter
2025-04-03T20:33:56,770.2712033952525,66.82890627851606,4.053676078850463,25.54204686173183,0.041557550606659215,MQTT,UNSTABLE_NETWORK,Unstable network with high packet loss and jitter
2025-04-03T22:23:55,499.8617443061446,71.00134916256106,11.928332304207943,24.962776631705463,0.07784880961145095,MQTT,UNSTABLE_NETWORK,Unstable network with high packet loss and jitter
2025-04-03T00:47:37,94.01093477528494,93.67464895032549,7.16933193269359,35.25937280254651,0.052871144400452305,HTTPS,UNSTABLE_NETWORK,Unstable network with high packet loss and jitter
2025-04-03T20:40:18,283.3063574506339,29.543054656457716,5.9848376322257675,32.43890941620451,0.10371853156519932,MQTT,UNSTABLE_NETWORK,Unstable network with high packet loss and jitter
2025-04-03T19:05:48,298.7058852023299,50.04036257471328,4.237517039013189,18.070266289808632,0.10443606379085972,MQTT,UNSTABLE_NETWORK,Unstable network with high packet loss and jitter
2025-04-03T20:42:59,74.7197798531292,15.167319052031813,6.3349498953676715,26.072737615741826,0.022921212907056746,LoRaWAN,UNSTABLE_NETWORK,Unstable network with high packet loss and jitter
2025-04-03T02:37:26,1822.3104204601343,54.69770416796223,3.7928921497285257,26.285379789123144,0.055150923812693306,HTTPS,UNSTABLE_NETWORK,Unstable network with high packet loss and jitter
2025-04-03T21:01:49,859.7290000327476,38.179129572179974,14.273282818197432,12.240177530381075,0.03620639984246004,LoRaWAN,UNSTABLE_NETWORK,Unstable network with high packet loss and jitter
2025-04-03T10:00:35,230.12565045092603,75.25548818946334,7.932691844058279,20.190532729866305,0.06612112170221328,MQTT,UNSTABLE_NETWORK,Unstable network with high packet loss and jitter
2025-04-03T06:12:29,309.83673004123017,34.78624393921777,7.826148374711847,22.291863693859106,0.09365527009606472,LoRaWAN,UNSTABLE_NETWORK,Unstable network with high packet loss and jitter
2025-04-03T00:18:23,385.23049528358416,21.069390142395044,9.764230025503496,44.33625019820946,0.07273135705464835,LoRaWAN,UNSTABLE_NETWORK,Unstable network with high packet loss and jitter
2025-04-03T14:10:21,25.885957301772113,39.33984682377364,10.887035507799709,31.914507159573525,0.062307222779985946,LoRaWAN,UNSTABLE_NETWORK,Unstable network with high packet loss and jitter
2025-04-03T19:56:23,222.99951925073287,16.778153588461844,10.837664469663917,36.621687539475,0.11900529580439417,LoRaWAN,UNSTABLE_NETWORK,Unstable network with high packet loss and jitter
2025-04-03T20:34:19,132.3435743498408,57.678629196736026,11.220865831722715,15.01364502850788,0.010854284822111343,LoRaWAN,UNSTABLE_NETWORK,Unstable network with high packet loss and jitter
2025-04-03T07:31:46,90.18277666595114,15.437558907689034,6.107463347627431,41.94214483013992,0.11710615680554674,LoRaWAN,UNSTABLE_NETWORK,Unstable network with high packet loss and jitter
2025-04-03T05:00:35,214.10405243695854,46.8423355416887,7.106399585129417,43.01102063024093,0.06367135120533543,LoRaWAN,UNSTABLE_NETWORK,Unstable network with high packet loss and jitter
2025-04-03T17:31:12,2594.1295527810603,15.249961748505832,10.307094966326826,10.016550328553741,0.07765672969661631,MQTT,UNSTABLE_NETWORK,Unstable network with high packet loss and jitter
2025-04-03T01:36:26,647.2896708736713,41.61433920070662,6.41783281508114,22.946832760841517,0.06417909986839675,MQTT,UNSTABLE_NETWORK,Unstable network with high packet loss and jitter
2025-04-03T09:39:10,151.16435474584515,71.07114582823174,7.984680103918325,34.9576557301551,0.12628664316617355,MQTT,UNSTABLE_NETWORK,Unstable network with high packet loss and jitter
2025-04-03T12:57:35,596.3822450742784,51.831859085108114,9.196291293274443,36.44388453538182,0.04307064509584222,CoAP,UNSTABLE_NETWORK,Unstable network with high packet loss and jitter
2025-04-03T11:37:21,1608.4222339294354,33.47140386150465,10.355555246931129,23.21505269512778,0.08035209109165807,LoRaWAN,UNSTABLE_NETWORK,Unstable network with high packet loss and jitter
2025-04-03T07:23:15,909.9074528293223,45.95742282429987,2.6669571128893965,26.94500536946347,0.0958231595557999,MQTT,UNSTABLE_NETWORK,Unstable network with high packet loss and jitter
2025-04-03T13:28:50,322.25363395031314,46.697395461460296,10.144236949666835,24.02618938954857,0.031669916963444976,CoAP,UNSTABLE_NETWORK,Unstable network with high packet loss and jitter
2025-04-03T08:18:18,138.02824545302408,53.51826479085215,7.298827826444824,31.104180469461195,0.0524030548866154,MQTT,UNSTABLE_NETWORK,Unstable network with high packet loss and jitter
2025-04-03T01:31:04,693.4301065155893,25.92760137639614,10.122373132593143,41.971785314619126,0.07555464399505313,LoRaWAN,UNSTABLE_NETWORK,Unstable network with high packet loss and jitter
2025-04-03T22:40:39,481.04698014836436,55.320653155725964,10.330795077064487,22.289578428587955,0.05340004895946876,MQTT,UNSTABLE_NETWORK,Unstable network with high packet loss and jitter
2025-04-03T20:32:55,878.3229395337996,5.867936796381846,12.823745183357472,40.008204977684144,0.055532246863425505,LoRaWAN,UNSTABLE_NETWORK,Unstable network with high packet loss and jitter
2025-04-03T18:19:57,642.8996435293576,36.98721020737379,12.06036094286361,22.183279276531124,0.06950412010770687,LoRaWAN,UNSTABLE_NETWORK,Unstable network with high packet loss and jitter
2025-04-03T02:27:48,1057.0589264002826,39.113038078465244,12.039714987830887,21.523727875031156,0.09948743994938519,LoRaWAN,UNSTABLE_NETWORK,Unstable network with high packet loss and jitter
2025-04-03T20:44:07,157.82711432148264,55.93871532871446,12.331010957498716,38.18594618343214,0.06971846669365567,LoRaWAN,UNSTABLE_NETWORK,Unstable network with high packet loss and jitter
2025-04-03T13:27:14,1457.7586347381991,46.77994295020639,8.874136954447838,39.219363780076165,0.1123527858341884,MQTT,UNSTABLE_NETWORK,Unstable network with high packet loss and jitter
2025-04-03T06:42:42,380.27778555852564,25.35870157461652,8.096555261110518,38.51409936762654,0.05006726652021936,LoRaWAN,UNSTABLE_NETWORK,Unstable network with high packet loss and jitter
2025-04-03T16:00:11,3619.515737885606,31.668917717613063,10.618451249535003,16.84202591781859,0.042442332185796426,LoRaWAN,UNSTABLE_NETWORK,Unstable network with high packet loss and jitter
2025-04-03T14:47:43,131.20448927356452,49.42568197048686,10.196242854299067,25.34049021927949,0.137790362171634,MQTT,UNSTABLE_NETWORK,Unstable network with high packet loss and jitter
2025-04-03T07:37:49,2408.9326352795692,45.26113892171488,7.07280128978522,38.22988592003321,0.060261256170034666,LoRaWAN,UNSTABLE_NETWORK,Unstable network with high packet loss and jitter
2025-04-03T09:56:01,380.41981332288583,37.7619546275545,9.214470226424805,30.415418405638945,0.04067263978783521,CoAP,UNSTABLE_NETWORK,Unstable network with high packet loss and jitter
2025-04-03T13:21:45,137.28799467581504,39.23797665181848,7.894710599646217,19.263071538025358,0.027738381746845092,MQTT,UNSTABLE_NETWORK,Unstable network with high packet loss and jitter
2025-04-03T15:23:05,167.85818294821968,56.89467067429497,5.438201274619832,34.58317939125442,0.11225310361426817,MQTT,UNSTABLE_NETWORK,Unstable network with high packet loss and jitter
2025-04-03T23:23:40,204.25428338859683,38.68842934627489,11.87138222412905,22.851927410085295,0.06976086456019823,LoRaWAN,UNSTABLE_NETWORK,Unstable network with high packet loss and jitter
2025-04-03T23:05:53,499.0875894652934,45.134116501284474,8.165597727590267,47.94524848392212,0.07238870794800804,LoRaWAN,UNSTABLE_NETWORK,Unstable network with high packet loss and jitter
2025-04-03T13:30:47,561.8219924446307,79.00620120533618,14.146124773096552,45.44841462418258,0.07522394865240081,LoRaWAN,UNSTABLE_NETWORK,Unstable network with high packet loss and jitter
2025-04-03T19:51:49,150.7077407984253,25.103580053276666,3.123523189400502,36.040974263555675,0.11038828654009344,MQTT,UNSTABLE_NETWORK,Unstable network with high packet loss and jitter
2025-04-03T14:59:20,291.3592273037351,18.6828458553231,6.329663681469901,43.61006704769774,0.07461410498072239,LoRaWAN,UNSTABLE_NETWORK,Unstable network with high packet loss and jitter
2025-04-03T17:52:29,3922.5879449391714,58.21599902332955,8.097916510072615,30.647913501233813,0.1503216133649788,MQTT,UNSTABLE_NETWORK,Unstable network with high packet loss and jitter
2025-04-03T11:26:52,2384.713520166225,36.284175354346374,11.412143292886743,37.654374943750156,0.08401281722162687,LoRaWAN,UNSTABLE_NETWORK,Unstable network with high packet loss and jitter
2025-04-03T21:33:07,506.4222858554893,41.69192558002608,9.198408117806554,44.77720295302075,0.11185354300874964,LoRaWAN,UNSTABLE_NETWORK,Unstable network with high packet loss and jitter
2025-04-03T04:45:05,313.99801004693904,34.74981004660614,8.931418262542254,32.45498681794313,0.1041571957371322,LoRaWAN,UNSTABLE_NETWORK,Unstable network with high packet loss and jitter
2025-04-03T01:41:39,346.4782571447561,42.57182082946763,4.6182086223375585,27.448128284857162,0.07890658039225887,MQTT,UNSTABLE_NETWORK,Unstable network with high packet loss and jitter
2025-04-03T04:47:39,626.409331710734,70.44856184483291,4.529175808311586,12.953780418228842,0.0623908704193861,MQTT,UNSTABLE_NETWORK,Unstable network with high packet loss and jitter
2025-04-03T12:58:40,87.92035927023007,58.50408426506706,8.967513980869715,29.16866474278506,0.08995891785699661,MQTT,UNSTABLE_NETWORK,Unstable network with high packet loss and jitter
2025-04-03T00:13:40,220.28686521113616,59.40717728650739,3.907682018544925,38.234231845623114,0.09530296193621819,MQTT,UNSTABLE_NETWORK,Unstable network with high packet loss and jitter
2025-04-03T21:28:19,40.50727493488216,25.23208599372052,6.404366749132015,39.4563342756763,0.06282241855620418,LoRaWAN,UNSTABLE_NETWORK,Unstable network with high packet loss and jitter
2025-04-03T02:28:16,484.37055426919363,29.209853004724636,9.502751987257572,35.043650657184095,0.08499016597851967,LoRaWAN,UNSTABLE_NETWORK,Unstable network with high packet loss and jitter
2025-04-03T04:13:56,652.2432676946047,3.892646383143734,5.0530271831696725,24.587009050377603,0.11708614934778788,LoRaWAN,UNSTABLE_NETWORK,Unstable network with high packet loss and jitter
2025-04-03T16:31:48,167.99911640526406,34.339781181591306,12.81606788708542,10.231784310524095,0.14209843217209037,LoRaWAN,UNSTABLE_NETWORK,Unstable network with high packet loss and jitter
2025-04-03T10:27:03,1983.397556159591,60.83270851602496,11.671809032713671,25.04784901995265,0.10563107961048264,MQTT,UNSTABLE_NETWORK,Unstable network with high packet loss and jitter
2025-04-03T22:11:19,68.91429830463252,54.238025678873115,3.285740004985099,26.956551289460485,0.13588279059140845,MQTT,UNSTABLE_NETWORK,Unstable network with high packet loss and jitter
2025-04-03T15:00:09,51.75559894175889,43.16279622077316,5.202886270454039,26.870710328099857,0.06111877366380633,MQTT,UNSTABLE_NETWORK,Unstable network with high packet loss and jitter
2025-04-03T14:40:07,392.7309048776877,46.152658131691695,1.14266826651515,36.18556356977925,0.10105646756177881,MQTT,UNSTABLE_NETWORK,Unstable network with high packet loss and jitter
2025-04-03T14:04:37,1053.9501561373104,36.15554647123888,5.6522259123556005,49.8567641101484,0.12015558525743816,MQTT,UNSTABLE_NETWORK,Unstable network with high packet loss and jitter
2025-04-03T20:43:18,2263.1110227245726,49.561880068304184,10.299165429717199,31.23529201841093,0.053110000010840125,CoAP,UNSTABLE_NETWORK,Unstable network with high packet loss and jitter
2025-04-03T15:50:06,172.9705518024473,57.980338246894114,6.758315173175429,27.832682108435385,0.06543229663864972,MQTT,UNSTABLE_NETWORK,Unstable network with high packet loss and jitter
2025-04-03T08:40:22,1094.6604192790246,22.255529465935275,9.382391730847903,27.407781869959074,0.1321371428550575,LoRaWAN,UNSTABLE_NETWORK,Unstable network with high packet loss and jitter
2025-04-03T21:22:14,286.4523805241908,50.99021381706005,3.4329970451547673,31.24384766907714,0.050747034326391806,MQTT,UNSTABLE_NETWORK,Unstable network with high packet loss and jitter
2025-04-03T15:02:36,243.86863879477278,60.48368878622731,10.393925763745717,21.71706239651601,0.03976609902032868,MQTT,UNSTABLE_NETWORK,Unstable network with high packet loss and jitter
2025-04-03T08:37:13,866.2507355644543,40.272328609864225,6.3346723162149505,31.201985587460552,0.12583944720918533,MQTT,UNSTABLE_NETWORK,Unstable network with high packet loss and jitter
2025-04-03T18:56:07,656.2684506273638,57.011009348531,8.036509046848716,34.508123363318,0.11590289674941315,MQTT,UNSTABLE_NETWORK,Unstable network with high packet loss and jitter
2025-04-03T00:26:33,45.24589221630787,88.721984056218,7.7213764958208415,32.09686063574488,0.09296360731951309,MQTT,UNSTABLE_NETWORK,Unstable network with high packet loss and jitter
2025-04-03T22:49:44,1764.5145593235538,44.9386927167338,4.185354437323149,34.575419340047816,0.07862867736062518,MQTT,UNSTABLE_NETWORK,Unstable network with high packet loss and jitter
2025-04-03T09:15:04,1571.666970365653,52.405107584024506,4.540747004780653,34.33747609348535,0.06684426483185055,MQTT,UNSTABLE_NETWORK,Unstable network with high packet loss and jitter
2025-04-03T06:21:13,141.61430962744984,35.43631280143125,10.903383407010278,12.281033177535562,0.08845846621427153,LoRaWAN,UNSTABLE_NETWORK,Unstable network with high packet loss and jitter
2025-04-03T12:38:00,482.38700883811,49.227603717790345,9.196976472505087,36.368701583954035,0.1273942087220465,MQTT,UNSTABLE_NETWORK,Unstable network with high packet loss and jitter
2025-04-03T13:51:22,542.7336577380173,53.414577875901614,11.150147124660279,23.289851543375462,0.08715698378426229,MQTT,UNSTABLE_NETWORK,Unstable network with high packet loss and jitter
2025-04-03T23:21:29,410.1779105070982,49.4348058276266,8.973974706507555,19.04160836996042,0.14500877801740897,MQTT,UNSTABLE_NETWORK,Unstable network with high packet loss and jitter
2025-04-03T02:44:29,154.9986318400181,31.218408150349145,8.42897190442765,18.955481721450038,0.05306174043079309,MQTT,UNSTABLE_NETWORK,Unstable network with high packet loss and jitter
2025-04-03T09:35:44,133.9992808479999,49.61093173827122,2.8219681439997,34.33541610472529,0.07940957737015192,MQTT,UNSTABLE_NETWORK,Unstable network with high packet loss and jitter
2025-04-03T00:52:28,290.9401539425482,68.45011147156148,7.188899909716491,27.774250727751472,0.06880823997008254,MQTT,UNSTABLE_NETWORK,Unstable network with high packet loss and jitter
2025-04-03T13:30:42,1225.4425190245952,53.248376080922306,7.917847038788768,13.180312160145892,0.04744575370513002,MQTT,UNSTABLE_NETWORK,Unstable network with high packet loss and jitter
2025-04-03T15:00:17,575.9971197040115,60.95031467168948,13.859321594817722,34.78037815192283,0.07540748800971034,LoRaWAN,UNSTABLE_NETWORK,Unstable network with high packet loss and jitter
2025-04-03T03:06:17,192.29781232267422,42.966994507829924,10.060869896296031,15.603918692011726,0.0925198790498132,LoRaWAN,UNSTABLE_NETWORK,Unstable network with high packet loss and jitter
2025-04-03T10:08:02,757.3465385103351,57.772344871782465,12.608183545128586,31.39821358518211,0.09572690539856091,MQTT,UNSTABLE_NETWORK,Unstable network with high packet loss and jitter
2025-04-03T21:55:37,9.830908292094891,50.714526076082166,9.792613117684185,32.38498925673054,0.1451135653683367,MQTT,UNSTABLE_NETWORK,Unstable network with high packet loss and jitter
2025-04-03T17:33:25,1190.7055565878766,32.26351477993327,5.866090319151562,38.85577081695045,0.09393402409170679,MQTT,UNSTABLE_NETWORK,Unstable network with high packet loss and jitter
2025-04-03T20:13:49,37.19319967461438,51.30665801963233,8.351372648449553,47.81684786466852,0.11450410411038847,MQTT,UNSTABLE_NETWORK,Unstable network with high packet loss and jitter
2025-04-03T01:05:11,194.19316216655915,31.65506021845203,8.708670938792698,16.353236740994582,0.08198282738896928,LoRaWAN,UNSTABLE_NETWORK,Unstable network with high packet loss and jitter
2025-04-03T04:13:57,78.27111248196415,37.038973269192276,5.182533290687955,29.475261439369504,0.13034166801357785,MQTT,UNSTABLE_NETWORK,Unstable network with high packet loss and jitter
2025-04-03T16:53:25,63.444448978903026,49.37376922425724,6.846837870221236,27.236647049557828,0.15195347856764208,MQTT,UNSTABLE_NETWORK,Unstable network with high packet loss and jitter
2025-04-03T12:52:22,1208.0643168590543,50.994175937980955,7.382699018968484,34.33749685960962,0.09593255392927849,MQTT,UNSTABLE_NETWORK,Unstable network with high packet loss and jitter
2025-04-03T16:46:09,171.1501143463351,28.698692083529625,12.816859497695354,32.15668770933618,0.05022022953645257,LoRaWAN,UNSTABLE_NETWORK,Unstable network with high packet loss and jitter
2025-04-03T18:09:40,454.6769345189217,62.34863284983717,1.757778423827065,26.4745375726338,0.06353584931668495,MQTT,UNSTABLE_NETWORK,Unstable network with high packet loss and jitter
2025-04-03T20:15:08,283.5753237169485,55.12060767900859,11.61745526214813,25.590978113891445,0.08845802909615487,LoRaWAN,UNSTABLE_NETWORK,Unstable network with high packet loss and jitter
2025-04-03T16:29:48,531.7808494371137,35.97125419274571,5.189614295121851,18.835491448159523,0.09369494105751938,MQTT,UNSTABLE_NETWORK,Unstable network with high packet loss and jitter
2025-04-03T21:12:06,328.97071805383763,23.48007600257881,3.883762438191158,39.87861582406509,0.10095275403153116,MQTT,UNSTABLE_NETWORK,Unstable network with high packet loss and jitter
2025-04-03T15:18:08,64.34066166431904,44.371946485502434,11.539826390115392,34.592041815995294,0.09380593043690123,LoRaWAN,UNSTABLE_NETWORK,Unstable network with high packet loss and jitter
2025-04-03T01:19:38,991.5830019716392,39.858026686213975,10.195694207703143,39.17768197795137,0.08020954748767817,LoRaWAN,UNSTABLE_NETWORK,Unstable network with high packet loss and jitter
2025-04-03T06:39:25,165.88164876987372,48.245956472334186,11.76355610714357,26.896038635244864,0.06091404676393614,LoRaWAN,UNSTABLE_NETWORK,Unstable network with high packet loss and jitter
2025-04-03T12:57:27,46.33437824527113,41.10376692161282,10.40210584263673,23.431645313055697,0.09203414783792689,LoRaWAN,UNSTABLE_NETWORK,Unstable network with high packet loss and jitter
2025-04-03T09:30:11,179.4765002439978,16.440331150178636,14.179535005212205,19.21684933370772,0.1356496207244197,LoRaWAN,UNSTABLE_NETWORK,Unstable network with high packet loss and jitter
2025-04-03T19:38:11,1816.5497214754664,40.72864720924388,9.676171510833456,33.58917583740659,0.11059785816283264,LoRaWAN,UNSTABLE_NETWORK,Unstable network with high packet loss and jitter
2025-04-03T01:02:04,832.1798349094781,41.97123184014403,7.530567871630525,19.602067754717652,0.09604111848908595,MQTT,UNSTABLE_NETWORK,Unstable network with high packet loss and jitter
2025-04-03T11:39:31,197.43312380770647,56.06210110018707,9.028779131964027,48.4866306896655,0.11088700771468253,MQTT,UNSTABLE_NETWORK,Unstable network with high packet loss and jitter
2025-04-03T17:19:12,197.28970445333192,36.08585783181792,11.730407385037891,16.923574189065597,0.06886807913297442,LoRaWAN,UNSTABLE_NETWORK,Unstable network with high packet loss and jitter
2025-04-03T16:19:52,203.93889470106922,71.74064027397962,5.6618740242196495,32.73660119212502,0.06475204561750039,HTTPS,UNSTABLE_NETWORK,Unstable network with high packet loss and jitter
2025-04-03T00:13:38,3625.9806503174937,17.887579136022243,6.044334252405857,45.66854707213786,0.05756644686902054,CoAP,UNSTABLE_NETWORK,Unstable network with high packet loss and jitter
2025-04-03T16:23:46,474.42569877826134,66.23136708524542,7.073119956206278,35.99089759263809,0.07624140131691687,MQTT,UNSTABLE_NETWORK,Unstable network with high packet loss and jitter
2025-04-03T11:34:43,502.6190117956236,43.20073727744197,1.6862516037040027,31.756737124917795,0.0673398230987276,MQTT,UNSTABLE_NETWORK,Unstable network with high packet loss and jitter
2025-04-03T09:09:18,1032.8968604864474,59.460962148174346,8.414235225252641,20.315163530381042,0.11624824221956417,MQTT,UNSTABLE_NETWORK,Unstable network with high packet loss and jitter
2025-04-03T21:54:13,399.54622493660173,47.76587854630947,2.341613888146922,16.18230811432296,0.06574029746953433,MQTT,UNSTABLE_NETWORK,Unstable network with high packet loss and jitter
2025-04-03T15:07:33,219.84701094951117,63.66385654821798,8.159177938797857,37.70050108917586,0.05591834851325251,CoAP,UNSTABLE_NETWORK,Unstable network with high packet loss and jitter
2025-04-03T03:24:34,237.02429721011413,40.76176126195124,10.59586926840575,45.06147240774946,0.13827731536491894,MQTT,UNSTABLE_NETWORK,Unstable network with high packet loss and jitter
2025-04-03T22:39:44,275.29987644835063,30.0945515749837,6.569370618068493,25.611500095218286,0.0664587430675597,MQTT,UNSTABLE_NETWORK,Unstable network with high packet loss and jitter
2025-04-03T03:34:47,286.8948553143216,67.8830894841243,13.031347610560612,18.60938492383649,0.08460585371751053,MQTT,UNSTABLE_NETWORK,Unstable network with high packet loss and jitter
2025-04-03T16:23:41,718.3363597863943,44.874982709233706,3.6184973017445365,5.418305694509815,0.09353968474230234,MQTT,UNSTABLE_NETWORK,Unstable network with high packet loss and jitter
2025-04-03T12:25:46,319.295669652183,49.90223672423645,11.573782044895498,20.192351563374622,0.04589920643237555,CoAP,UNSTABLE_NETWORK,Unstable network with high packet loss and jitter
2025-04-03T10:55:34,722.6684685829398,65.10180555295268,10.025411169220762,28.8634315750096,0.11706451308509208,MQTT,UNSTABLE_NETWORK,Unstable network with high packet loss and jitter
2025-04-03T13:07:47,272.3049501448108,31.10286543327171,2.8519002550679327,45.99123240836734,0.09911357121233683,MQTT,UNSTABLE_NETWORK,Unstable network with high packet loss and jitter
2025-04-03T05:58:08,329.68732425386867,55.51622475168456,16.132382897121598,36.73133692232969,0.12675152035642345,LoRaWAN,UNSTABLE_NETWORK,Unstable network with high packet loss and jitter
2025-04-03T06:36:12,27.27421235024573,37.73710716255981,7.808764143488101,33.05085404706753,0.05962334188345699,MQTT,UNSTABLE_NETWORK,Unstable network with high packet loss and jitter
2025-04-03T18:49:25,900.8832620116741,44.60465539724506,5.367547933533105,25.99880338698869,0.0829737737742848,MQTT,UNSTABLE_NETWORK,Unstable network with high packet loss and jitter
2025-04-03T05:31:29,454.6685289844627,47.67304743508244,3.7787384156479495,24.168342827440437,0.08118067264982587,MQTT,UNSTABLE_NETWORK,Unstable network with high packet loss and jitter
2025-04-03T14:08:31,993.6595137608739,24.087202255021534,7.3399459170209775,44.056475975079636,0.08791665483050065,LoRaWAN,UNSTABLE_NETWORK,Unstable network with high packet loss and jitter
2025-04-03T09:28:53,9.283847116167957,34.90964175682652,7.617779382830121,32.0073854075839,0.03636155754268517,LoRaWAN,UNSTABLE_NETWORK,Unstable network with high packet loss and jitter
2025-04-03T04:38:13,3676.9251337027304,66.8599580077376,8.307936585618993,8.973993080789779,0.08332509136076667,MQTT,UNSTABLE_NETWORK,Unstable network with high packet loss and jitter
2025-04-03T14:24:00,253.731068549168,59.88839967271991,7.106611531328119,23.26460352102757,0.03720608265728765,MQTT,UNSTABLE_NETWORK,Unstable network with high packet loss and jitter
2025-04-03T20:28:16,1134.1081552516214,45.657605406446926,9.89967593034528,21.417839682283734,0.09075002213590765,LoRaWAN,UNSTABLE_NETWORK,Unstable network with high packet loss and jitter
2025-04-03T20:36:52,86.13323676631235,50.245718166456314,6.837110502010261,24.53735990822535,0.016140526264444413,HTTPS,UNSTABLE_NETWORK,Unstable network with high packet loss and jitter
2025-04-03T04:20:36,625.8502722180555,42.18689592662353,2.1951076482785865,35.629106602850854,0.024452394971282404,HTTPS,UNSTABLE_NETWORK,Unstable network with high packet loss and jitter
2025-04-03T17:52:02,84.74813997718117,66.95095152099759,7.5519155130510764,28.925551182057507,0.10455646149319996,MQTT,UNSTABLE_NETWORK,Unstable network with high packet loss and jitter
2025-04-03T16:06:11,141.91946116767718,43.59857928907287,0.8975670398801654,29.23134592996338,0.06359484634415652,MQTT,UNSTABLE_NETWORK,Unstable network with high packet loss and jitter
2025-04-03T16:56:44,2982.8070502340684,50.08316656041552,9.06131189267417,43.13473161325237,0.05036425779103278,CoAP,UNSTABLE_NETWORK,Unstable network with high packet loss and jitter
2025-04-03T18:23:58,238.64177871790906,63.79765456293124,5.062099309152094,23.035389102133117,0.11812536863226644,MQTT,UNSTABLE_NETWORK,Unstable network with high packet loss and jitter
2025-04-03T09:15:20,389.4369283713722,34.94829735051914,8.490081064747402,48.64199525887349,0.08982878651985245,LoRaWAN,UNSTABLE_NETWORK,Unstable network with high packet loss and jitter
2025-04-03T22:19:04,852.2362281473087,69.9923746130686,11.942224944573812,23.28692408628914,0.10616270586601351,MQTT,UNSTABLE_NETWORK,Unstable network with high packet loss and jitter
2025-04-03T14:45:22,543.8104454242889,23.655282921872022,5.153753914196,30.891981966125712,0.07501273783037508,MQTT,UNSTABLE_NETWORK,Unstable network with high packet loss and jitter
2025-04-03T15:57:29,359.3458017075853,71.05850325712213,11.183768775536354,27.18796404597233,0.1603888608170001,MQTT,UNSTABLE_NETWORK,Unstable network with high packet loss and jitter
2025-04-03T16:28:32,464.85971765778424,41.02540475355799,6.699831299941541,31.234191335009612,0.06186458418320615,MQTT,UNSTABLE_NETWORK,Unstable network with high packet loss and jitter
2025-04-03T19:41:40,5366.2315261975855,42.976724517865854,13.259584406196756,34.44591995073129,0.13233486648079665,LoRaWAN,UNSTABLE_NETWORK,Unstable network with high packet loss and jitter
2025-04-03T22:48:57,279.9580913496872,18.26872038990841,6.904542160405359,34.338352400888766,0.07815901879700261,LoRaWAN,UNSTABLE_NETWORK,Unstable network with high packet loss and jitter
2025-04-03T15:11:59,381.87805531325535,39.798619419394626,5.478521043479926,22.4688266937942,0.03036468815261762,MQTT,UNSTABLE_NETWORK,Unstable network with high packet loss and jitter
2025-04-03T01:37:19,1058.4573002201798,31.025109437064224,10.061715351185866,18.77085322552429,0.09448546237244326,LoRaWAN,UNSTABLE_NETWORK,Unstable network with high packet loss and jitter
2025-04-03T13:54:05,1130.4980809640383,37.50917944427287,6.692630811129092,55.03171790905711,0.08944287684365491,LoRaWAN,UNSTABLE_NETWORK,Unstable network with high packet loss and jitter
2025-04-03T13:02:20,1246.654498745991,44.565877360449235,5.475651457612974,25.16015660399447,0.04846034557282311,MQTT,UNSTABLE_NETWORK,Unstable network with high packet loss and jitter
2025-04-03T08:57:22,645.6507617373908,60.99408328678348,6.566480447888626,36.992124386719865,0.05233342168595856,HTTPS,UNSTABLE_NETWORK,Unstable network with high packet loss and jitter
2025-04-03T05:01:17,76.10976536086704,49.74292656310676,7.866180403450996,13.923586894768032,0.07925907070745024,MQTT,UNSTABLE_NETWORK,Unstable network with high packet loss and jitter
2025-04-03T22:24:44,2130.049107106989,51.24569331552154,12.026540393734562,27.20387280095323,0.09049243445743944,LoRaWAN,UNSTABLE_NETWORK,Unstable network with high packet loss and jitter
2025-04-03T18:05:00,75.80528423139785,30.19941990422887,2.1977367636212684,28.72800616017557,0.00588010151361798,HTTPS,UNSTABLE_NETWORK,Unstable network with high packet loss and jitter
2025-04-03T22:47:11,431.36087335785646,33.422566615278825,8.069241976851263,34.72815069927832,0.11159364357571408,MQTT,UNSTABLE_NETWORK,Unstable network with high packet loss and jitter
2025-04-03T06:45:25,121.34666564637497,73.61642045699692,9.87471078396213,2.7754585900806106,0.06516506078555068,HTTPS,UNSTABLE_NETWORK,Unstable network with high packet loss and jitter
2025-04-03T10:10:20,277.7763958991421,35.60919688268601,8.580345724975388,31.661406130783305,0.040047575468054715,LoRaWAN,UNSTABLE_NETWORK,Unstable network with high packet loss and jitter
2025-04-03T22:56:44,445.09928383403906,71.4820034074016,11.929595508300602,18.50258544632107,0.10823199654355792,MQTT,UNSTABLE_NETWORK,Unstable network with high packet loss and jitter
2025-04-03T19:15:05,441.16154925013655,42.99462886573665,7.776964010724427,33.24345711194924,0.07929146061744631,MQTT,UNSTABLE_NETWORK,Unstable network with high packet loss and jitter
2025-04-03T16:35:35,497.7447421921011,46.67653311350968,7.446345673442164,19.63670803161837,0.11648497330346763,MQTT,UNSTABLE_NETWORK,Unstable network with high packet loss and jitter
2025-04-03T12:51:32,2080.234688888043,62.69935869721353,9.77698864104003,21.445173040744187,0.09313856788939266,MQTT,UNSTABLE_NETWORK,Unstable network with high packet loss and jitter
2025-04-03T11:50:18,516.9900540313417,65.7239348452519,8.297941444854048,27.26372389606732,0.07995456491155863,MQTT,UNSTABLE_NETWORK,Unstable network with high packet loss and jitter
2025-04-03T22:23:43,223.80933633168178,44.985027334393216,6.828773785158587,19.476705303968046,0.07541810165059532,MQTT,UNSTABLE_NETWORK,Unstable network with high packet loss and jitter
2025-04-03T00:13:08,954.0223287781652,40.825237158163915,9.54843211875914,25.24465553264645,0.09448138281668414,MQTT,UNSTABLE_NETWORK,Unstable network with high packet loss and jitter
2025-04-03T15:50:20,1250.3103273516303,45.81174345556127,6.042415120350064,18.066242314566846,0.06759406223572009,MQTT,UNSTABLE_NETWORK,Unstable network with high packet loss and jitter
2025-04-03T08:31:48,68.7621258154503,51.72158032928371,6.166468543942019,11.668295483012724,0.05442282233760502,MQTT,UNSTABLE_NETWORK,Unstable network with high packet loss and jitter
2025-04-03T14:05:06,614.4100618915838,60.02343993125574,6.416017934703159,40.179570524293595,0.09829727367963932,MQTT,UNSTABLE_NETWORK,Unstable network with high packet loss and jitter
2025-04-03T23:55:53,695.8887220426483,46.718999735529145,12.059207480499222,17.039513071760716,0.07566536475666712,MQTT,UNSTABLE_NETWORK,Unstable network with high packet loss and jitter
2025-04-03T07:17:23,209.9157522841693,55.940513543371644,1.6630490679571395,28.213191123920165,0.08100702944207018,MQTT,UNSTABLE_NETWORK,Unstable network with high packet loss and jitter
2025-04-03T11:09:17,1563.419440755846,71.23428227949593,9.186796504288827,37.52891081493785,0.11268139508463823,MQTT,UNSTABLE_NETWORK,Unstable network with high packet loss and jitter
2025-04-03T10:37:08,250.56434911157956,52.38019770181105,8.102815442600667,23.85055897483957,0.07658370176792777,MQTT,UNSTABLE_NETWORK,Unstable network with high packet loss and jitter
2025-04-03T17:02:23,348.7914638478388,51.33701358031843,2.957388622285639,21.74834100254462,0.08045101776625371,MQTT,UNSTABLE_NETWORK,Unstable network with high packet loss and jitter
2025-04-03T11:47:24,243.73858682887456,23.8802255863032,8.929180337408006,32.262380886674215,0.062010514656472046,LoRaWAN,UNSTABLE_NETWORK,Unstable network with high packet loss and jitter
2025-04-03T14:26:20,305.6612100046596,7.204603132625738,9.427255975494596,41.17933822727152,0.09292219801945553,LoRaWAN,UNSTABLE_NETWORK,Unstable network with high packet loss and jitter
2025-04-03T03:58:17,80.49961247050678,52.492858345921675,9.7689176940722,18.30684734913531,0.09049483738040265,MQTT,UNSTABLE_NETWORK,Unstable network with high packet loss and jitter
2025-04-03T05:29:09,53.28854622782899,45.24652616066354,0.04451581086515333,28.49852167982561,0.10702325395371673,MQTT,UNSTABLE_NETWORK,Unstable network with high packet loss and jitter
2025-04-03T16:46:56,2032.8388644994038,38.94881672856297,12.099168235563315,12.675054050326725,0.06262613488979371,MQTT,UNSTABLE_NETWORK,Unstable network with high packet loss and jitter
2025-04-03T11:49:56,108.57366217459665,50.32517713748673,5.786789885945478,26.0679899631781,0.06626549091229443,MQTT,UNSTABLE_NETWORK,Unstable network with high packet loss and jitter
2025-04-03T11:38:16,91.29642729161844,45.76783535914541,10.059703240259529,30.342046845380754,0.10376412197436408,MQTT,UNSTABLE_NETWORK,Unstable network with high packet loss and jitter
2025-04-03T19:53:57,22.639911364500172,63.59226227901498,10.223221342046859,21.453753582449345,0.0875663901008859,MQTT,UNSTABLE_NETWORK,Unstable network with high packet loss and jitter
2025-04-03T17:28:05,139.3555216442349,47.96888876579864,5.369908743142121,25.430081661747685,0.052813456214219165,MQTT,UNSTABLE_NETWORK,Unstable network with high packet loss and jitter
2025-04-03T18:33:35,61.31807878641665,35.475043688268926,9.981379857054652,15.917732316925498,0.11919662203203502,MQTT,UNSTABLE_NETWORK,Unstable network with high packet loss and jitter
2025-04-03T05:32:35,2152.102750851067,61.53305377111825,6.843520277262925,30.770786113814935,0.029046482947992475,CoAP,UNSTABLE_NETWORK,Unstable network with high packet loss and jitter
2025-04-03T08:17:35,1007.8382624790319,43.425261284943346,1.7858684619855278,40.556942488831496,0.10352854259791255,MQTT,UNSTABLE_NETWORK,Unstable network with high packet loss and jitter
2025-04-03T00:52:29,131.36793631982363,54.581944886628456,11.503225776583337,19.028561302295365,0.042043638920054104,MQTT,UNSTABLE_NETWORK,Unstable network with high packet loss and jitter
2025-04-03T23:41:21,4476.986492143153,39.52440126105931,5.674865110951281,23.77328233447617,0.1365736554945658,LoRaWAN,UNSTABLE_NETWORK,Unstable network with high packet loss and jitter
2025-04-03T07:08:52,974.4771385941508,36.939825793897235,5.436519611785837,35.02546246454182,0.03366200819283131,LoRaWAN,UNSTABLE_NETWORK,Unstable network with high packet loss and jitter
2025-04-03T23:55:52,203.15816517134812,47.9514197515517,6.790802395889834,42.12090719322736,0.11456751955618245,MQTT,UNSTABLE_NETWORK,Unstable network with high packet loss and jitter
2025-04-03T14:42:38,14.946775886425495,46.882993174329,8.816710175982164,15.068101877910687,0.07755096919966269,MQTT,UNSTABLE_NETWORK,Unstable network with high packet loss and jitter
2025-04-03T04:14:00,4688.713710945548,53.889636274083685,7.828188767533693,28.312152625840508,0.06900192290483768,CoAP,UNSTABLE_NETWORK,Unstable network with high packet loss and jitter
2025-04-03T20:01:24,56.616219883745586,42.664211666342524,9.644200774121511,32.83130822319525,0.08556189969403284,MQTT,UNSTABLE_NETWORK,Unstable network with high packet loss and jitter
2025-04-03T16:39:59,41.65010869394188,19.15016843184017,3.981531900414023,28.97943609371152,0.09895701017473439,MQTT,UNSTABLE_NETWORK,Unstable network with high packet loss and jitter
2025-04-03T19:18:12,1023.380859218481,40.20562415697777,5.772840888707796,5.23207933122913,0.052867984930073914,MQTT,UNSTABLE_NETWORK,Unstable network with high packet loss and jitter
2025-04-03T04:05:37,5605.398119111754,58.606176640368304,7.6520087830353996,35.01090009308772,0.055526368244942836,CoAP,UNSTABLE_NETWORK,Unstable network with high packet loss and jitter
2025-04-03T22:42:06,1579.5730324402198,42.23992566697194,13.693661877976117,45.19336351090644,0.09948814595338658,LoRaWAN,UNSTABLE_NETWORK,Unstable network with high packet loss and jitter
2025-04-03T15:10:38,590.207056597441,43.00648304030779,7.658562384758726,31.166617511695033,0.028779711390512004,CoAP,UNSTABLE_NETWORK,Unstable network with high packet loss and jitter
2025-04-03T22:35:23,612.4624807685269,61.499548889022535,11.255666790984895,19.688939467057367,0.062473127204237436,MQTT,UNSTABLE_NETWORK,Unstable network with high packet loss and jitter
2025-04-03T00:48:11,835.3753503240494,36.02597011395711,8.115665506352952,24.86872753635717,0.17122060862478322,MQTT,UNSTABLE_NETWORK,Unstable network with high packet loss and jitter
2025-04-03T01:27:47,745.8293214465227,23.56518747160492,6.549024087687295,47.69913067655593,0.05095961106232158,LoRaWAN,UNSTABLE_NETWORK,Unstable network with high packet loss and jitter
2025-04-03T19:20:23,420.40233087922377,44.299436174773476,7.259826727656678,39.09962540860559,0.11443408375279257,MQTT,UNSTABLE_NETWORK,Unstable network with high packet loss and jitter
2025-04-03T04:37:07,339.9585843306459,39.4479609213323,7.494740863913357,36.40026618384329,0.06242147693858564,MQTT,UNSTABLE_NETWORK,Unstable network with high packet loss and jitter
2025-04-03T04:52:51,278.29194406768323,32.21854261617201,9.810937216882216,33.56412583534376,0.09527135434391432,LoRaWAN,UNSTABLE_NETWORK,Unstable network with high packet loss and jitter
2025-04-03T02:00:31,121.39199871572971,44.08322779639793,12.123833802729663,23.388628878090277,0.09963067071788653,MQTT,UNSTABLE_NETWORK,Unstable network with high packet loss and jitter
2025-04-03T11:48:15,214.21332888168564,54.08815656598751,9.079042543058963,27.994288193442316,0.11386870205548842,MQTT,UNSTABLE_NETWORK,Unstable network with high packet loss and jitter
2025-04-03T16:34:51,39.33970434766783,46.577910656175995,11.561233036225266,29.22077264321484,0.07399238519561674,LoRaWAN,UNSTABLE_NETWORK,Unstable network with high packet loss and jitter
2025-04-03T13:01:35,266.6068023212336,51.32362239239426,5.105630787110943,35.49574316064444,0.1396665391626456,MQTT,UNSTABLE_NETWORK,Unstable network with high packet loss and jitter
2025-04-03T11:18:36,91.60383577489326,73.92168900223952,6.756108473557909,45.08918894266903,0.06231990306244459,HTTPS,UNSTABLE_NETWORK,Unstable network with high packet loss and jitter
2025-04-03T16:02:56,79.79615289814872,41.579057823552176,5.827092397376999,41.183381367931275,0.0870266124079868,MQTT,UNSTABLE_NETWORK,Unstable network with high packet loss and jitter
2025-04-03T01:31:02,372.283423771732,50.89913748899315,8.943333772624557,15.806156442039594,0.08735830796652823,MQTT,UNSTABLE_NETWORK,Unstable network with high packet loss and jitter
2025-04-03T03:33:21,1594.2923009149495,39.08737475274356,6.923124844461759,32.23994968901049,0.046340956401517544,MQTT,UNSTABLE_NETWORK,Unstable network with high packet loss and jitter
2025-04-03T11:54:31,903.0359838600631,34.03184661583345,10.189318811102586,37.36763345167897,0.07142383235062638,LoRaWAN,UNSTABLE_NETWORK,Unstable network with high packet loss and jitter
2025-04-03T07:15:52,45.566907954041994,37.95529483527897,5.206994865102676,36.188603301446356,0.08484540497715222,MQTT,UNSTABLE_NETWORK,Unstable network with high packet loss and jitter
2025-04-03T06:55:25,91.48991162805409,39.549198286127655,8.129092919963844,23.707662366125806,0.06703636870611741,MQTT,UNSTABLE_NETWORK,Unstable network with high packet loss and jitter
2025-04-03T23:50:59,927.699532052313,52.124381044567336,10.060573733036769,59.141092157683616,0.15322771896369605,MQTT,UNSTABLE_NETWORK,Unstable network with high packet loss and jitter
2025-04-03T13:33:36,92.27724724603833,81.97004810427929,1.804091674878169,17.22915437668881,0.05484128979201408,MQTT,UNSTABLE_NETWORK,Unstable network with high packet loss and jitter
2025-04-03T22:59:11,229.11468697214434,35.99492698203779,14.36489392199061,19.168115533339503,0.11538273404421284,MQTT,UNSTABLE_NETWORK,Unstable network with high packet loss and jitter
2025-04-03T20:00:59,580.4739897405832,40.48786616435092,7.150544345360373,32.33595081261576,0.1056937943944636,MQTT,UNSTABLE_NETWORK,Unstable network with high packet loss and jitter
2025-04-03T05:26:05,93.85669791813832,45.7920677743216,1.9248802589714806,51.16803054963853,0.07958413596487186,MQTT,UNSTABLE_NETWORK,Unstable network with high packet loss and jitter
2025-04-03T06:32:14,340.43801981014644,52.677562924044004,8.474281695730358,21.63805149295829,0.054043728384432596,MQTT,UNSTABLE_NETWORK,Unstable network with high packet loss and jitter
2025-04-03T12:02:20,60.51866808046242,50.69550959512704,8.100330403919452,27.341716343530077,0.0569523403882469,MQTT,UNSTABLE_NETWORK,Unstable network with high packet loss and jitter
2025-04-03T22:46:46,145.78621997643722,66.0053515474345,7.754316861282521,40.77293673015693,0.06446098102350471,HTTPS,UNSTABLE_NETWORK,Unstable network with high packet loss and jitter
2025-04-03T14:23:46,440.32839272110823,10.349700802592082,10.97357333878,29.821378451122666,0.02642776154161211,LoRaWAN,UNSTABLE_NETWORK,Unstable network with high packet loss and jitter
2025-04-03T15:33:51,44.35342775159305,10.943301030092584,10.242334914281168,26.653961454697043,0.04989603722602129,LoRaWAN,UNSTABLE_NETWORK,Unstable network with high packet loss and jitter
2025-04-03T07:33:01,508.95121146038474,39.310743725282904,8.893628573071535,35.6563290188672,0.03552570453909073,CoAP,UNSTABLE_NETWORK,Unstable network with high packet loss and jitter
2025-04-03T20:57:29,293.0130408198464,63.210086340998245,9.350466901839942,32.725179902295935,0.12037625009533151,MQTT,UNSTABLE_NETWORK,Unstable network with high packet loss and jitter
2025-04-03T06:15:53,582.1746100229175,23.26753027616614,7.68692465168574,40.30438785636791,0.09855387177164655,MQTT,UNSTABLE_NETWORK,Unstable network with high packet loss and jitter
2025-04-03T12:38:10,392.47758822707874,1.868403068063911,13.326472547720144,42.914688890653636,0.10357922296596381,LoRaWAN,UNSTABLE_NETWORK,Unstable network with high packet loss and jitter
2025-04-03T06:05:46,1541.8696085986278,55.323276288353156,3.5624119449267004,33.07003060005362,0.09766495854625842,MQTT,UNSTABLE_NETWORK,Unstable network with high packet loss and jitter
2025-04-03T11:42:10,348.644186019186,50.41211077301321,8.41895502264769,32.91732725378309,0.0850090287000249,MQTT,UNSTABLE_NETWORK,Unstable network with high packet loss and jitter
2025-04-03T16:41:49,179.19880380189244,30.405793537888513,8.19507389356634,32.14110982286134,0.12382040996387411,LoRaWAN,UNSTABLE_NETWORK,Unstable network with high packet loss and jitter
2025-04-03T14:06:54,347.4217564283449,31.97749285147348,10.439841218193779,34.891305566492875,0.06167712032804788,LoRaWAN,UNSTABLE_NETWORK,Unstable network with high packet loss and jitter
2025-04-03T04:49:35,575.7883294133611,32.21609829017478,5.468438367725302,30.551706378714638,0.08320008966101135,MQTT,UNSTABLE_NETWORK,Unstable network with high packet loss and jitter
2025-04-03T03:22:36,318.11551102702646,48.42195106921147,2.768982192810392,29.993915176777104,0.1024117648347237,MQTT,UNSTABLE_NETWORK,Unstable network with high packet loss and jitter
2025-04-03T01:47:02,314.97475857306733,37.37085938676473,8.47046904829458,41.966271208272424,0.04036372304431613,LoRaWAN,UNSTABLE_NETWORK,Unstable network with high packet loss and jitter
2025-04-03T12:59:24,129.20398690730894,54.1782145365501,8.843691476655813,45.16116180355043,0.1728976668842765,MQTT,UNSTABLE_NETWORK,Unstable network with high packet loss and jitter
2025-04-03T02:53:38,135.4092092891994,3.949523030758912,12.468798228342948,14.924470553665792,0.08085697288332759,LoRaWAN,UNSTABLE_NETWORK,Unstable network with high packet loss and jitter
2025-04-03T05:03:48,55.737666016786235,33.917812219815254,4.188913861024742,30.10021151740569,0.08425968351726779,MQTT,UNSTABLE_NETWORK,Unstable network with high packet loss and jitter
2025-04-03T19:07:53,2448.606990372949,29.88144800547396,11.46408130015016,23.113055665547652,0.11770634095024765,LoRaWAN,UNSTABLE_NETWORK,Unstable network with high packet loss and jitter
2025-04-03T10:50:39,67.43381458524402,42.9288144659598,15.102243092081364,26.890285335139275,0.10744865999030671,LoRaWAN,UNSTABLE_NETWORK,Unstable network with high packet loss and jitter
2025-04-03T06:02:25,130.6205084820004,38.704875486602575,6.866705337432569,34.02516209735322,0.08114234058189378,MQTT,UNSTABLE_NETWORK,Unstable network with high packet loss and jitter
2025-04-03T01:46:02,126.68374146071969,58.74491578479862,4.1271733415203276,36.694383715424685,0.08390388314294125,MQTT,UNSTABLE_NETWORK,Unstable network with high packet loss and jitter
2025-04-03T18:48:01,878.0396279794406,18.888874733868725,6.779076900879886,28.87873556388655,0.034875544071560634,LoRaWAN,UNSTABLE_NETWORK,Unstable network with high packet loss and jitter
2025-04-03T18:18:51,210.57520562750187,47.46296567613834,8.042014902114142,10.866596652771971,0.06330602666450072,MQTT,UNSTABLE_NETWORK,Unstable network with high packet loss and jitter
2025-04-03T15:07:47,1340.8686938087556,55.15730710176011,9.691363625020744,20.349544194238206,0.0955163064847688,MQTT,UNSTABLE_NETWORK,Unstable network with high packet loss and jitter
2025-04-03T05:38:17,133.69936378413558,74.63363952442133,6.225815810485858,38.964996702001656,0.0933167851712866,MQTT,UNSTABLE_NETWORK,Unstable network with high packet loss and jitter
2025-04-03T02:31:54,419.2953102178029,39.55910563199734,12.665595602442025,2.5957357796506884,0.11663497250012261,MQTT,UNSTABLE_NETWORK,Unstable network with high packet loss and jitter
2025-04-03T17:58:11,110.09746409765071,51.65414148609469,4.656403054975815,41.87427151682,0.07638496825330027,MQTT,UNSTABLE_NETWORK,Unstable network with high packet loss and jitter
2025-04-03T04:20:43,3936.162047716227,19.730987754778933,2.7823845434815997,35.212299906445416,0.038381404597074016,CoAP,UNSTABLE_NETWORK,Unstable network with high packet loss and jitter
2025-04-03T22:31:40,72.14401804625085,10.911253800926518,11.320131272861952,43.16176081530022,0.11170191292327034,LoRaWAN,UNSTABLE_NETWORK,Unstable network with high packet loss and jitter
2025-04-03T11:28:39,435.096274342541,59.46387972475484,1.1761369063814016,28.014308131190397,0.12308268038546047,MQTT,UNSTABLE_NETWORK,Unstable network with high packet loss and jitter
2025-04-03T15:24:56,641.8243908523751,46.71052690571575,7.387610693381852,9.385945759770951,0.10694733718568689,MQTT,UNSTABLE_NETWORK,Unstable network with high packet loss and jitter
2025-04-03T10:44:39,492.91729019358775,64.47328887982063,17.35304338762414,34.30362641506498,0.07509098987427526,LoRaWAN,UNSTABLE_NETWORK,Unstable network with high packet loss and jitter
2025-04-03T05:01:59,240.19168306455805,26.196222420705514,7.963869341120206,42.74653124038341,0.11133158155629738,MQTT,UNSTABLE_NETWORK,Unstable network with high packet loss and jitter
2025-04-03T09:23:08,256.7229877695405,54.59746507059051,4.637697047911251,39.24721805513421,0.1828673143402464,MQTT,UNSTABLE_NETWORK,Unstable network with high packet loss and jitter
2025-04-03T17:31:30,316.19409225526107,74.83286780822448,7.827807608639619,23.373085165119647,0.08345456943321428,MQTT,UNSTABLE_NETWORK,Unstable network with high packet loss and jitter
2025-04-03T05:20:27,251.4841769130729,53.097851547833145,7.847597634141399,30.86761075462647,0.040647899232646265,MQTT,UNSTABLE_NETWORK,Unstable network with high packet loss and jitter
2025-04-03T03:32:14,953.7841755839368,50.95265722874736,8.481949821059349,24.671637312200758,0.06241144851343544,MQTT,UNSTABLE_NETWORK,Unstable network with high packet loss and jitter
2025-04-03T19:14:26,4257.383618694083,46.93394307965435,9.986788946478859,21.80733535810628,0.09876428000912153,MQTT,UNSTABLE_NETWORK,Unstable network with high packet loss and jitter
2025-04-03T01:47:21,153.6676775382311,23.244047232807883,4.882666494896783,39.55388571179851,0.03185587067305812,LoRaWAN,UNSTABLE_NETWORK,Unstable network with high packet loss and jitter
2025-04-03T13:27:27,57.975406755169715,67.14253034775926,13.062644165710381,18.024676887348377,0.08508209224736209,MQTT,UNSTABLE_NETWORK,Unstable network with high packet loss and jitter
2025-04-03T13:08:18,269.84400064546645,37.64773893743551,8.735342853117853,21.061835694183873,0.09141009950947648,MQTT,UNSTABLE_NETWORK,Unstable network with high packet loss and jitter
2025-04-03T17:09:16,6630.487963821616,54.379519602664224,10.180382139205411,18.959743665276143,0.12605365219437956,MQTT,UNSTABLE_NETWORK,Unstable network with high packet loss and jitter
2025-04-03T06:00:05,114.36247313475039,23.36842338075764,6.115551800733073,15.097524767009533,0.11930584568162901,MQTT,UNSTABLE_NETWORK,Unstable network with high packet loss and jitter
2025-04-03T22:07:05,2144.630683876055,29.123710234117205,11.8591464109866,31.464142918426035,0.10593754375255313,LoRaWAN,UNSTABLE_NETWORK,Unstable network with high packet loss and jitter
2025-04-03T12:12:37,2246.2635077530363,68.34358341247491,7.228842773560806,41.615030484819755,0.015119629684564123,CoAP,UNSTABLE_NETWORK,Unstable network with high packet loss and jitter
2025-04-03T23:22:56,154.38918419810383,41.6094053121812,8.832657540480595,28.151232437547343,0.10763159384143775,MQTT,UNSTABLE_NETWORK,Unstable network with high packet loss and jitter
2025-04-03T17:42:00,593.8116429579035,68.61973900959448,5.200681768438672,14.942521994358335,0.1011654015818074,MQTT,UNSTABLE_NETWORK,Unstable network with high packet loss and jitter
2025-04-03T09:37:43,2117.218382513429,45.64881420548602,5.009205120793619,38.39944539742028,0.0876783313123504,MQTT,UNSTABLE_NETWORK,Unstable network with high packet loss and jitter
2025-04-03T22:40:52,190.3432812666174,19.195474719403396,10.064615919358648,46.857017540349716,0.028093336215635437,LoRaWAN,UNSTABLE_NETWORK,Unstable network with high packet loss and jitter
2025-04-03T15:22:12,234.97662533404102,60.20662253215453,6.669179509377842,23.537576758534055,0.05669678272438819,MQTT,UNSTABLE_NETWORK,Unstable network with high packet loss and jitter
2025-04-03T16:07:16,149.27128839563326,37.978890992252076,5.438530737486869,25.214457332822818,0.04499531691397801,MQTT,UNSTABLE_NETWORK,Unstable network with high packet loss and jitter
2025-04-03T06:47:01,88.77227633561782,57.30927518374932,6.070449973918908,35.15660630083394,0.019549746814787286,HTTPS,UNSTABLE_NETWORK,Unstable network with high packet loss and jitter
2025-04-03T06:39:21,137.6410790533409,47.208773216502365,10.096859215152264,46.21873747785051,0.07991254545755616,LoRaWAN,UNSTABLE_NETWORK,Unstable network with high packet loss and jitter
2025-04-03T16:35:45,69.06541883833566,23.685504006665546,6.112886416389167,24.801658542747738,0.056065336356716615,MQTT,UNSTABLE_NETWORK,Unstable network with high packet loss and jitter
2025-04-03T09:51:17,312.5244282643643,49.2983661287746,7.647035205193507,16.67550219001795,0.15875916740806734,MQTT,UNSTABLE_NETWORK,Unstable network with high packet loss and jitter
2025-04-03T02:18:05,119.08226983388425,79.77895900291553,8.04508325086129,36.31418606272406,0.07493684181686272,MQTT,UNSTABLE_NETWORK,Unstable network with high packet loss and jitter
2025-04-03T23:04:26,397.15457746844316,54.23207597074789,2.2479533419691027,37.99068073142299,0.11881259467597881,MQTT,UNSTABLE_NETWORK,Unstable network with high packet loss and jitter
2025-04-03T22:30:15,46.37255045762713,45.97618002035653,3.5866207838794457,30.061314504352268,0.032927029259203267,MQTT,UNSTABLE_NETWORK,Unstable network with high packet loss and jitter
2025-04-03T22:18:18,446.2318916404606,62.97076456719942,9.008833667742687,24.418667403425495,0.0640973124198539,MQTT,UNSTABLE_NETWORK,Unstable network with high packet loss and jitter
2025-04-03T06:45:35,815.6760092131095,50.002307738300075,5.788911916541909,39.94378730992047,0.08290693628102944,MQTT,UNSTABLE_NETWORK,Unstable network with high packet loss and jitter
2025-04-03T06:49:41,27.420741157159448,49.986961436602805,11.170174733841256,35.28036004547964,0.05275538154176989,CoAP,UNSTABLE_NETWORK,Unstable network with high packet loss and jitter
2025-04-03T01:42:36,469.9613035645975,30.471237622681816,10.900421312751632,22.31564483096507,0.06733397945585767,LoRaWAN,UNSTABLE_NETWORK,Unstable network with high packet loss and jitter
2025-04-03T06:33:32,1308.956148860472,50.3550028143198,10.157505999066311,30.490947313056715,0.07346147281269384,MQTT,UNSTABLE_NETWORK,Unstable network with high packet loss and jitter
2025-04-03T08:46:03,70.26074513858754,62.380600896137466,13.459315361937794,16.482924679753534,0.07298276043665317,MQTT,UNSTABLE_NETWORK,Unstable network with high packet loss and jitter
2025-04-03T01:30:49,2232.4821983633137,34.3096845907904,7.750732016770451,36.8589045643792,0.1356535571910604,MQTT,UNSTABLE_NETWORK,Unstable network with high packet loss and jitter
2025-04-03T16:02:11,496.01456236235026,68.21972141340245,9.946645777711517,27.37766430617144,0.09134678856294531,MQTT,UNSTABLE_NETWORK,Unstable network with high packet loss and jitter
2025-04-03T07:38:33,128.73657313120987,45.47836095492882,6.2467970702119064,25.64289167615263,0.0943853168882391,MQTT,UNSTABLE_NETWORK,Unstable network with high packet loss and jitter
2025-04-03T00:11:46,280.58019421090125,33.53907586643506,15.357109738606171,29.67125514847566,0.09618964323035212,LoRaWAN,UNSTABLE_NETWORK,Unstable network with high packet loss and jitter
2025-04-03T09:02:17,586.2666790038995,61.82176691572431,13.950900957308058,30.403076993302477,0.09837879132011337,MQTT,UNSTABLE_NETWORK,Unstable network with high packet loss and jitter
2025-04-03T23:48:14,328.64855053887857,42.55703944825407,8.035641303553376,38.9493006156556,0.07751339048375404,MQTT,UNSTABLE_NETWORK,Unstable network with high packet loss and jitter
2025-04-03T02:24:36,572.658564473204,58.2533435190272,9.159758689715577,35.910905313252215,0.07037760885563461,MQTT,UNSTABLE_NETWORK,Unstable network with high packet loss and jitter
2025-04-03T11:42:59,99.38231327399356,42.48590794526499,12.077892798094418,28.435907212071974,0.08500448178554833,LoRaWAN,UNSTABLE_NETWORK,Unstable network with high packet loss and jitter
2025-04-03T06:10:03,367.60737891546125,45.96656249860196,7.55858148555768,37.636681497189954,0.11470411846740418,MQTT,UNSTABLE_NETWORK,Unstable network with high packet loss and jitter
2025-04-03T11:08:44,54.99955412438379,54.26902493897236,6.030127787600886,34.00737253691613,0.1137871456530915,MQTT,UNSTABLE_NETWORK,Unstable network with high packet loss and jitter
2025-04-03T17:58:42,262.51578171348234,51.230744960215546,10.621969253020648,25.73400363713963,0.07278804572934766,MQTT,UNSTABLE_NETWORK,Unstable network with high packet loss and jitter
2025-04-03T08:12:00,101.4020496940909,16.935979611996846,8.23531773825101,28.75281841763514,0.10303531084004335,LoRaWAN,UNSTABLE_NETWORK,Unstable network with high packet loss and jitter
2025-04-03T07:15:43,124.10730366594902,30.051967439764518,8.548983348935781,28.51777111156879,0.07416246010880997,LoRaWAN,UNSTABLE_NETWORK,Unstable network with high packet loss and jitter
2025-04-03T07:21:43,1322.25552035587,60.81344053545009,5.497185970796103,35.05261343174202,0.08101611648305733,MQTT,UNSTABLE_NETWORK,Unstable network with high packet loss and jitter
2025-04-03T07:35:34,1111.3765036113957,44.891909152472124,2.8469835549098113,26.329773852783582,0.06579429855337408,MQTT,UNSTABLE_NETWORK,Unstable network with high packet loss and jitter
2025-04-03T23:00:01,623.1256723701281,39.019655666831476,8.708427229637303,26.095908135783667,0.074550645832813,MQTT,UNSTABLE_NETWORK,Unstable network with high packet loss and jitter
2025-04-03T10:17:43,80.88328236601026,26.498682201948156,10.7148861244826,49.687573094339584,0.12023990208649041,MQTT,UNSTABLE_NETWORK,Unstable network with high packet loss and jitter
2025-04-03T03:28:56,205.222003077722,30.682914834080012,7.322579752771874,39.39735481747104,0.08277263442017709,MQTT,UNSTABLE_NETWORK,Unstable network with high packet loss and jitter
2025-04-03T12:16:45,1286.2672712159138,16.553647276195996,12.3092885586766,22.39399335574861,0.08405847525656954,LoRaWAN,UNSTABLE_NETWORK,Unstable network with high packet loss and jitter
2025-04-03T08:26:54,355.6128969157377,45.363083317509684,5.888251023753367,35.70940993942198,0.03658346662226125,HTTPS,UNSTABLE_NETWORK,Unstable network with high packet loss and jitter
2025-04-03T02:36:26,4851.183247022122,37.90739761172444,4.8358866351022405,31.18350065655177,0.07072268277101812,MQTT,UNSTABLE_NETWORK,Unstable network with high packet loss and jitter
2025-04-03T11:05:44,480.9502728578363,32.38681017806788,7.798309078411606,33.915511752600935,0.07276055288765815,MQTT,UNSTABLE_NETWORK,Unstable network with high packet loss and jitter
2025-04-03T19:53:50,377.75332923549337,45.865444387735785,7.752222273946129,31.373413245651044,0.05512569543669785,MQTT,UNSTABLE_NETWORK,Unstable network with high packet loss and jitter
2025-04-03T00:28:15,207.02565392954128,52.34852245045362,10.309906194005668,41.89642645485236,0.08064996235110691,MQTT,UNSTABLE_NETWORK,Unstable network with high packet loss and jitter
2025-04-03T13:05:00,352.14096366646004,78.2885991932192,5.6751115278080455,33.45620344651446,0.06712453129317038,MQTT,UNSTABLE_NETWORK,Unstable network with high packet loss and jitter
2025-04-03T03:55:09,249.83948983341827,24.214046139029286,12.104282710444695,29.379113017857126,0.08239987565730747,LoRaWAN,UNSTABLE_NETWORK,Unstable network with high packet loss and jitter
2025-04-03T20:43:05,701.70485888533,64.2846803043928,13.900750887524762,40.421905769830175,0.08364509029456803,LoRaWAN,UNSTABLE_NETWORK,Unstable network with high packet loss and jitter
2025-04-03T02:47:33,945.6053030889506,61.49215529251851,7.882567919094974,32.33285041087872,0.051327369265320666,HTTPS,UNSTABLE_NETWORK,Unstable network with high packet loss and jitter
2025-04-03T22:34:44,116.81542465141897,35.21090800904939,11.749131260552955,31.214785793290577,0.06803894652550432,LoRaWAN,UNSTABLE_NETWORK,Unstable network with high packet loss and jitter
2025-04-03T16:24:27,60.721809318981485,49.94750564089784,4.83050878812422,33.14022602486114,0.08232122848282501,MQTT,UNSTABLE_NETWORK,Unstable network with high packet loss and jitter
2025-04-03T13:32:34,33.12658151223405,40.03613480445061,11.225664623545747,29.063909766336334,0.11552898293470176,MQTT,UNSTABLE_NETWORK,Unstable network with high packet loss and jitter
2025-04-03T05:41:58,551.9028679590016,49.687629473203394,11.141829225678388,30.09226992995469,0.08770157518387221,MQTT,UNSTABLE_NETWORK,Unstable network with high packet loss and jitter
2025-04-03T23:23:12,79.81748152931638,69.54093319039802,10.590311840569637,24.133054112381274,0.06014194460247717,MQTT,UNSTABLE_NETWORK,Unstable network with high packet loss and jitter
2025-04-03T10:43:36,22.653486356609395,55.98972870120694,7.953310733389118,22.488327803761212,0.09197014277731558,MQTT,UNSTABLE_NETWORK,Unstable network with high packet loss and jitter
2025-04-03T03:02:45,478.2228322371186,54.53642803264635,0.8627468237260931,20.014296135175606,0.13122646667965282,MQTT,UNSTABLE_NETWORK,Unstable network with high packet loss and jitter
2025-04-03T10:19:47,5975.254055086647,40.454329857232544,6.074818569043612,16.08016713202924,0.10750119417767057,MQTT,UNSTABLE_NETWORK,Unstable network with high packet loss and jitter
2025-04-03T17:29:45,297.82241343771085,24.649786905094626,6.122251946946194,21.202826386154435,0.0964257959130686,MQTT,UNSTABLE_NETWORK,Unstable network with high packet loss and jitter
2025-04-03T04:50:43,820.547174746622,43.785280943261,5.065235185818568,28.257329655330743,0.10176770526446965,MQTT,UNSTABLE_NETWORK,Unstable network with high packet loss and jitter
2025-04-03T02:51:52,330.9534413512776,65.01309364673332,8.366729013641198,31.03117582445637,0.12319862124285892,MQTT,UNSTABLE_NETWORK,Unstable network with high packet loss and jitter
2025-04-03T05:23:11,266.4308914465131,24.008120697337347,6.743109663436297,27.287034368523596,0.11226880382052981,MQTT,UNSTABLE_NETWORK,Unstable network with high packet loss and jitter
2025-04-03T00:08:47,903.8597949134261,31.090965245939103,5.526163970704934,6.442965098726422,0.09700281143352973,MQTT,UNSTABLE_NETWORK,Unstable network with high packet loss and jitter
2025-04-03T18:56:32,211.75988643546623,48.81298903450802,4.823599555256541,45.745863577623425,0.11205926658770254,MQTT,UNSTABLE_NETWORK,Unstable network with high packet loss and jitter
2025-04-03T12:13:38,413.4982372858155,32.15081844069553,5.853461043544314,40.864801228903815,0.04755046711207818,LoRaWAN,UNSTABLE_NETWORK,Unstable network with high packet loss and jitter
2025-04-03T23:46:59,441.34189275088397,35.03445572908375,11.364497635549785,34.45759851217129,0.034932042429791574,LoRaWAN,UNSTABLE_NETWORK,Unstable network with high packet loss and jitter
2025-04-03T07:10:14,134.56857632839996,40.56999593229675,6.016924836117518,49.074906725532685,0.0847129595193149,MQTT,UNSTABLE_NETWORK,Unstable network with high packet loss and jitter
2025-04-03T06:34:57,986.5690264755694,26.441380817774636,6.455183880700183,20.226358825162894,0.08206042128951616,MQTT,UNSTABLE_NETWORK,Unstable network with high packet loss and jitter
2025-04-03T22:27:00,243.1870174865517,32.31548140978882,6.629907154930261,48.87625120626005,0.06368269839460228,LoRaWAN,UNSTABLE_NETWORK,Unstable network with high packet loss and jitter
2025-04-03T08:01:15,121.13289918871078,57.48039507725145,9.016980541428259,20.34785923249452,0.10477558009483129,MQTT,UNSTABLE_NETWORK,Unstable network with high packet loss and jitter
2025-04-03T19:24:06,571.1171111375561,27.320096814384822,9.368748465585599,32.38737925291357,0.024114092406462923,LoRaWAN,UNSTABLE_NETWORK,Unstable network with high packet loss and jitter
2025-04-03T05:23:42,102.06612591394713,22.964228752834188,1.1339696177294858,17.261626748657957,0.06395683231826589,MQTT,UNSTABLE_NETWORK,Unstable network with high packet loss and jitter
2025-04-03T06:25:48,310.3187091855097,37.483603299655805,11.064905641482824,30.146940955443668,0.06545133365367156,LoRaWAN,UNSTABLE_NETWORK,Unstable network with high packet loss and jitter
2025-04-03T11:33:59,296.7350575873497,57.91497775271937,12.309104102731261,33.861664979983885,0.030910946447016217,CoAP,UNSTABLE_NETWORK,Unstable network with high packet loss and jitter
2025-04-03T05:58:46,1104.1787816804115,43.98348531752581,4.849440387914992,28.453096688654455,0.12484193021807913,MQTT,UNSTABLE_NETWORK,Unstable network with high packet loss and jitter
2025-04-03T23:21:43,530.288052459182,39.970263488152355,5.083105265795496,37.13877444090137,0.03922396194010031,MQTT,UNSTABLE_NETWORK,Unstable network with high packet loss and jitter
2025-04-03T07:38:50,291.124241899121,47.6060288450282,6.649239836665186,30.990144494872574,0.062349798280769426,MQTT,UNSTABLE_NETWORK,Unstable network with high packet loss and jitter
2025-04-03T18:10:01,800.3923409986132,20.756702611806787,5.7319879416301855,24.775852716224907,0.10723939273415402,LoRaWAN,UNSTABLE_NETWORK,Unstable network with high packet loss and jitter
2025-04-03T08:45:06,1590.8623926277025,54.36456613373452,8.671780621839819,24.331866821976607,0.09938136030286195,MQTT,UNSTABLE_NETWORK,Unstable network with high packet loss and jitter
2025-04-03T00:52:50,585.9033488544259,52.69717402057117,2.160424140923407,38.109137726156966,0.04675475910545761,MQTT,UNSTABLE_NETWORK,Unstable network with high packet loss and jitter
2025-04-03T21:16:47,303.7501894834095,40.807688660488154,4.646217175889781,23.462579701930323,0.1004746762778191,MQTT,UNSTABLE_NETWORK,Unstable network with high packet loss and jitter
2025-04-03T04:07:18,62.151751279871405,62.037850671277695,12.617591600524722,39.15402970484937,0.08869353435974665,MQTT,UNSTABLE_NETWORK,Unstable network with high packet loss and jitter
2025-04-03T20:41:19,83.56678052378842,30.038208732443334,5.215340097955947,42.22711792831931,0.149991066863344,MQTT,UNSTABLE_NETWORK,Unstable network with high packet loss and jitter
2025-04-03T05:48:46,207.99474800999803,63.870952337949916,11.730284834308774,13.312861376538699,0.09211821248204913,MQTT,UNSTABLE_NETWORK,Unstable network with high packet loss and jitter
2025-04-03T06:33:20,144.3683229245683,49.27138964548262,9.066014586770411,41.32926387301035,0.07576274536794404,MQTT,UNSTABLE_NETWORK,Unstable network with high packet loss and jitter
2025-04-03T08:47:11,239.70689618030835,41.90736303578872,2.5721968562352258,50.60422698444699,0.05430494128641732,LoRaWAN,UNSTABLE_NETWORK,Unstable network with high packet loss and jitter
2025-04-03T14:22:28,321.1031414770719,46.65921457584412,9.905987585648619,32.52003761201929,0.057672698991332864,MQTT,UNSTABLE_NETWORK,Unstable network with high packet loss and jitter
2025-04-03T04:33:04,566.4641413542353,45.35001484161213,7.64699809342144,35.99084185294822,0.055226927135955256,MQTT,UNSTABLE_NETWORK,Unstable network with high packet loss and jitter
2025-04-03T23:49:59,275.664333056134,65.26489699744948,6.6335988312507785,40.370053243691586,0.12113296441735766,MQTT,UNSTABLE_NETWORK,Unstable network with high packet loss and jitter
2025-04-03T04:04:26,537.8525474624377,30.812133861525997,8.734871279516012,27.245176848209777,0.08053909745049412,LoRaWAN,UNSTABLE_NETWORK,Unstable network with high packet loss and jitter
2025-04-03T04:18:37,324.1323021548477,35.52619940879969,9.423900456700377,31.822802235378695,0.09695741371924191,MQTT,UNSTABLE_NETWORK,Unstable network with high packet loss and jitter
2025-04-03T18:04:39,28.0285208918584,62.51019859949333,10.122775465923858,16.858004703768906,0.1254274279994266,MQTT,UNSTABLE_NETWORK,Unstable network with high packet loss and jitter
2025-04-03T07:11:57,97.18146481450295,38.034298413055716,11.534758542644006,31.38635028530451,0.00924607573377606,CoAP,UNSTABLE_NETWORK,Unstable network with high packet loss and jitter
2025-04-03T13:21:59,252.36524113949682,60.476985823194944,9.224407738335069,34.98111995644541,0.11836621294101124,MQTT,UNSTABLE_NETWORK,Unstable network with high packet loss and jitter
2025-04-03T03:39:39,70.25621564603011,72.46219663075918,3.8730977336409147,35.161630229264695,0.08166190735350003,MQTT,UNSTABLE_NETWORK,Unstable network with high packet loss and jitter
2025-04-03T13:36:21,616.2772544405507,40.94539870391151,6.579063627046427,40.6542472359758,0.09305145114921333,MQTT,UNSTABLE_NETWORK,Unstable network with high packet loss and jitter
2025-04-03T18:59:48,1883.1166456927879,57.19442622907306,16.829145005805863,22.25197821864471,0.05514790334755247,CoAP,UNSTABLE_NETWORK,Unstable network with high packet loss and jitter
2025-04-03T19:19:34,1295.0397863255143,29.670274332753074,10.173473181145184,24.673932433265037,0.057346268046544455,LoRaWAN,UNSTABLE_NETWORK,Unstable network with high packet loss and jitter
2025-04-03T18:44:56,232.21206548958477,58.29832524627556,15.107861902434491,48.95507345991355,0.09466537669438964,LoRaWAN,UNSTABLE_NETWORK,Unstable network with high packet loss and jitter
2025-04-03T15:58:15,1794.8089107990609,49.9703527874674,12.186302246597556,28.496716262362902,0.1515379340099441,LoRaWAN,UNSTABLE_NETWORK,Unstable network with high packet loss and jitter
2025-04-03T11:45:51,358.5913442634601,54.07623445247659,8.725406214667245,32.00033787312328,0.11009939938444704,MQTT,UNSTABLE_NETWORK,Unstable network with high packet loss and jitter
2025-04-03T07:06:24,200.19248111636978,37.298746361949895,8.904221209343353,29.32989958274779,0.11796568764255622,MQTT,UNSTABLE_NETWORK,Unstable network with high packet loss and jitter
2025-04-03T01:02:36,143.6959024992046,22.06774343138071,7.890259880369463,21.783191736949775,0.07423996189215741,MQTT,UNSTABLE_NETWORK,Unstable network with high packet loss and jitter
2025-04-03T04:15:06,208.6835210281326,54.534442858538334,2.786586152460502,46.23529210891806,0.06199387326243116,MQTT,UNSTABLE_NETWORK,Unstable network with high packet loss and jitter
2025-04-03T01:45:48,188.28754563671416,16.03628182251142,8.054141757404674,24.722985880793942,0.0565758514526302,LoRaWAN,UNSTABLE_NETWORK,Unstable network with high packet loss and jitter
2025-04-03T02:18:57,368.0732405156425,42.22873894847268,11.632023657626592,18.7271447629307,0.06535178825909936,MQTT,UNSTABLE_NETWORK,Unstable network with high packet loss and jitter
2025-04-03T10:40:38,363.75161266385953,61.10839155081772,6.201080015536389,25.492597226972485,0.01841652700488424,HTTPS,UNSTABLE_NETWORK,Unstable network with high packet loss and jitter
2025-04-03T22:42:08,301.0985737988486,49.87079681502118,9.235858997185428,9.982939982744664,0.05825241971325194,MQTT,UNSTABLE_NETWORK,Unstable network with high packet loss and jitter
2025-04-03T22:47:00,506.7958594126856,76.2191376711803,10.554773137679593,23.48712535016818,0.0631894053182047,HTTPS,UNSTABLE_NETWORK,Unstable network with high packet loss and jitter
2025-04-03T13:36:01,1252.0756891179724,62.37230251046718,5.270958682062574,20.318714021476733,0.07473925476815477,MQTT,UNSTABLE_NETWORK,Unstable network with high packet loss and jitter
2025-04-03T10:42:43,937.5287623235996,37.188856619264406,6.646091406969006,36.17428630927324,0.08395250329241875,MQTT,UNSTABLE_NETWORK,Unstable network with high packet loss and jitter
2025-04-03T20:06:05,50.49654471808068,47.4087003643271,4.946265528568523,23.265857604401276,0.09087352605876832,MQTT,UNSTABLE_NETWORK,Unstable network with high packet loss and jitter
2025-04-03T08:14:00,14.000276966959982,46.29010635079645,5.533503179931779,38.87803935578849,0.0795522388267112,MQTT,UNSTABLE_NETWORK,Unstable network with high packet loss and jitter
2025-04-03T18:24:00,920.5454438780313,23.269682661178546,4.1371841490408165,43.98483993069321,0.06255670740971729,LoRaWAN,UNSTABLE_NETWORK,Unstable network with high packet loss and jitter
2025-04-03T01:29:26,58.179207796878956,32.89801758651263,5.298654615865919,37.81175336287599,0.021099240702034387,HTTPS,UNSTABLE_NETWORK,Unstable network with high packet loss and jitter
2025-04-03T12:43:29,229.07832883526962,38.59425495148749,12.258367042393518,27.846117111399234,0.06274074174794621,LoRaWAN,UNSTABLE_NETWORK,Unstable network with high packet loss and jitter
2025-04-03T09:16:29,73.67377072528765,16.464028235753815,5.253568912729122,31.41114496705593,0.050826480869389845,LoRaWAN,UNSTABLE_NETWORK,Unstable network with high packet loss and jitter
2025-04-03T14:58:52,34.51541202198378,47.721405024774974,8.37937765718207,14.750150598559404,0.09398200244835811,MQTT,UNSTABLE_NETWORK,Unstable network with high packet loss and jitter
2025-04-03T21:46:50,574.5216310291617,43.27459255361219,6.491393738987132,28.662206274787604,0.10727862190081082,MQTT,UNSTABLE_NETWORK,Unstable network with high packet loss and jitter
2025-04-03T10:06:07,746.0321285362818,21.91892892614166,11.536597811110816,21.395615319331668,0.10815713201179818,LoRaWAN,UNSTABLE_NETWORK,Unstable network with high packet loss and jitter
2025-04-03T11:14:04,150.20033861938796,53.07719764738272,11.93348688981085,36.94326381149299,0.1027085820838346,MQTT,UNSTABLE_NETWORK,Unstable network with high packet loss and jitter
2025-04-03T12:04:29,13.390315530755492,57.7537630609946,10.59220994641684,55.72752389244474,0.07599422793642535,LoRaWAN,UNSTABLE_NETWORK,Unstable network with high packet loss and jitter
2025-04-03T03:36:09,155.75575959908312,50.42285629601101,8.918403659308266,34.998216359738095,0.0643413330357231,MQTT,UNSTABLE_NETWORK,Unstable network with high packet loss and jitter
2025-04-03T06:49:42,480.0773713089931,42.1579837073106,7.306821389477304,10.088598510453334,0.057586917389988015,MQTT,UNSTABLE_NETWORK,Unstable network with high packet loss and jitter
2025-04-03T06:43:52,50.86060178585846,55.89230583413044,4.42437588742625,26.38769807085627,0.03477503250194749,MQTT,UNSTABLE_NETWORK,Unstable network with high packet loss and jitter
2025-04-03T00:51:51,373.8349457169996,57.225646187410455,13.83058664336659,31.224909253744546,0.10975561101523573,MQTT,UNSTABLE_NETWORK,Unstable network with high packet loss and jitter
2025-04-03T20:53:42,294.5387742303335,51.635061548462886,5.7209809467423405,30.873574252602637,0.07475866886210077,MQTT,UNSTABLE_NETWORK,Unstable network with high packet loss and jitter
2025-04-03T16:14:05,601.2027753251767,34.65649146855361,9.990939041098525,22.69186874391247,0.042609791191373786,MQTT,UNSTABLE_NETWORK,Unstable network with high packet loss and jitter
2025-04-03T04:27:03,346.29081117081887,51.176353930150206,11.178696717870192,32.45291742636935,0.05520525872869296,LoRaWAN,UNSTABLE_NETWORK,Unstable network with high packet loss and jitter
2025-04-03T03:01:20,93.3260938498545,64.96121943227215,6.334158509284012,17.574991630806128,0.05399079630702344,MQTT,UNSTABLE_NETWORK,Unstable network with high packet loss and jitter
2025-04-03T01:29:47,1261.0100132481696,38.081241013121485,11.114037581947887,20.550912773149328,0.08129073455045381,LoRaWAN,UNSTABLE_NETWORK,Unstable network with high packet loss and jitter
2025-04-03T10:21:23,248.02932546669595,78.50143420169137,10.292639610016566,36.45797641603711,0.11202403553212058,MQTT,UNSTABLE_NETWORK,Unstable network with high packet loss and jitter
2025-04-03T20:40:58,290.3296574636579,39.149547327331604,13.183891506145295,19.843367691201742,0.0695603135121325,LoRaWAN,UNSTABLE_NETWORK,Unstable network with high packet loss and jitter
2025-04-03T07:12:15,97.89161759618308,47.52178375962188,6.591960600719867,35.38211605492257,0.012423994556490528,HTTPS,UNSTABLE_NETWORK,Unstable network with high packet loss and jitter
2025-04-03T04:52:03,176.23948374661686,36.950061841832266,4.142407948160855,16.30536225343942,0.0743245899452324,MQTT,UNSTABLE_NETWORK,Unstable network with high packet loss and jitter
2025-04-03T20:49:08,103.75363740524642,50.38807554313869,6.483530733666466,47.64825883791736,0.07531418299708413,MQTT,UNSTABLE_NETWORK,Unstable network with high packet loss and jitter
2025-04-03T16:51:00,243.77537395769696,20.90735483721312,8.626560627602995,22.257300775959454,0.07325239307193435,LoRaWAN,UNSTABLE_NETWORK,Unstable network with high packet loss and jitter
2025-04-03T05:44:52,2339.8278817224955,38.8517204668989,8.174638181255169,27.76333428196556,0.06117616500572895,MQTT,UNSTABLE_NETWORK,Unstable network with high packet loss and jitter
2025-04-03T11:31:26,57.82962011415301,30.66219666632868,6.819686311176349,33.30613261090406,0.08652317242177528,MQTT,UNSTABLE_NETWORK,Unstable network with high packet loss and jitter
2025-04-03T06:35:07,43.27213079565879,49.07575711234902,2.272407623068271,24.346500474989057,0.08198423345447005,MQTT,UNSTABLE_NETWORK,Unstable network with high packet loss and jitter
2025-04-03T20:30:07,1753.1805380169405,61.964059749005735,9.41144898838732,31.434059610713046,0.07925509057620059,MQTT,UNSTABLE_NETWORK,Unstable network with high packet loss and jitter
2025-04-03T19:49:56,233.3627388490949,56.73910914549786,13.9170334372466,35.75356724520125,0.09237924084328897,MQTT,UNSTABLE_NETWORK,Unstable network with high packet loss and jitter
2025-04-03T22:28:48,134.41004814314968,11.475793148303678,9.392753714369011,39.60613232503485,0.0671050153055644,LoRaWAN,UNSTABLE_NETWORK,Unstable network with high packet loss and jitter
2025-04-03T21:07:48,1044.8912578717625,77.68339557751274,9.82740655716054,37.91497435972957,0.0654024299089804,HTTPS,UNSTABLE_NETWORK,Unstable network with high packet loss and jitter
2025-04-03T02:44:36,145.04496923172317,51.48321711531503,9.717335918465306,28.28189536197326,0.121403698687562,MQTT,UNSTABLE_NETWORK,Unstable network with high packet loss and jitter
2025-04-03T00:02:44,2683.813824948728,35.408198121014465,9.1911400096472,28.533682259563978,0.09678066229146308,LoRaWAN,UNSTABLE_NETWORK,Unstable network with high packet loss and jitter
2025-04-03T18:48:20,676.7443097535344,49.41427123568105,10.794997900604285,53.49108558025033,0.10480838182828399,LoRaWAN,UNSTABLE_NETWORK,Unstable network with high packet loss and jitter
2025-04-03T21:47:14,167.04926766753408,49.70186701076479,9.186121043556998,39.49889068249292,0.11678313756002205,MQTT,UNSTABLE_NETWORK,Unstable network with high packet loss and jitter
2025-04-03T01:40:40,3994.0152435256746,37.05795614135842,7.061968491040172,20.781763436797863,0.09577832541874401,MQTT,UNSTABLE_NETWORK,Unstable network with high packet loss and jitter
2025-04-03T15:15:25,145.0276722117708,50.031104128170476,5.612033269973738,30.99988163765552,0.10785166037408514,MQTT,UNSTABLE_NETWORK,Unstable network with high packet loss and jitter
2025-04-03T07:56:29,730.914815186918,37.951937026142204,7.253079034157974,26.648568612218074,0.03261964513789219,MQTT,UNSTABLE_NETWORK,Unstable network with high packet loss and jitter
2025-04-03T14:46:42,429.6339517485856,41.00025867250394,8.942388489351998,28.646657660768902,0.08612461615988082,MQTT,UNSTABLE_NETWORK,Unstable network with high packet loss and jitter
2025-04-03T10:49:08,1430.6326270082845,36.77316874893549,7.05175111663108,17.70504842291912,0.07451844614557018,MQTT,UNSTABLE_NETWORK,Unstable network with high packet loss and jitter
2025-04-03T02:45:20,1953.9259020625848,25.57895366157443,8.943016049394291,25.88076765614047,0.13033052272699427,MQTT,UNSTABLE_NETWORK,Unstable network with high packet loss and jitter
2025-04-03T06:02:01,311.7455946840744,49.25823728330745,9.317450401101253,48.115557731939134,0.107829365954099,MQTT,UNSTABLE_NETWORK,Unstable network with high packet loss and jitter
2025-04-03T00:13:02,121.47166555079784,55.85184900022923,10.499538293810545,35.79076300875503,0.06108664427620461,MQTT,UNSTABLE_NETWORK,Unstable network with high packet loss and jitter
2025-04-03T06:41:07,520.9994813081703,54.79727861603722,11.84838490651694,5.0883859184854,0.09118382475587618,MQTT,UNSTABLE_NETWORK,Unstable network with high packet loss and jitter
2025-04-03T00:41:48,133.02326409776313,59.37457068682762,8.234022255436573,42.16723492497947,0.08503044000347719,MQTT,UNSTABLE_NETWORK,Unstable network with high packet loss and jitter
2025-04-03T15:22:35,3360.5071252022017,51.94246226992959,4.076670304557018,40.89629522909161,0.09362994299456687,MQTT,UNSTABLE_NETWORK,Unstable network with high packet loss and jitter
2025-04-03T13:36:57,353.40859198994315,39.08814386886049,6.96468770954243,26.407146956935833,0.04943472591876045,MQTT,UNSTABLE_NETWORK,Unstable network with high packet loss and jitter
2025-04-03T13:54:39,193.52304734083887,59.67565153098934,8.132187702219799,37.17263543783215,0.09080049395714676,MQTT,UNSTABLE_NETWORK,Unstable network with high packet loss and jitter
2025-04-03T14:30:55,374.4277429785651,26.719597689299952,2.49269373146873,21.406007891827993,0.07315545952135297,MQTT,UNSTABLE_NETWORK,Unstable network with high packet loss and jitter
2025-04-03T05:43:05,59.57469642061885,33.57395727164924,12.165993560307445,25.297442837336426,0.08847349292166802,LoRaWAN,UNSTABLE_NETWORK,Unstable network with high packet loss and jitter
2025-04-03T19:00:56,93.4891725928722,32.62269416039524,8.427133737531399,44.98546360669854,0.05826844504633491,LoRaWAN,UNSTABLE_NETWORK,Unstable network with high packet loss and jitter
2025-04-03T03:40:45,1266.8378139426645,63.28820334124104,9.144058503740855,27.282699601302916,0.06244810485810202,HTTPS,UNSTABLE_NETWORK,Unstable network with high packet loss and jitter
2025-04-03T11:21:42,136.3887603503418,61.230857388659985,12.096579387578798,11.302683380450091,0.11521526061100107,MQTT,UNSTABLE_NETWORK,Unstable network with high packet loss and jitter
2025-04-03T03:50:50,85.41222969813475,54.400275454641246,6.10957150957296,29.366967772186634,0.04845357324979517,MQTT,UNSTABLE_NETWORK,Unstable network with high packet loss and jitter
2025-04-03T09:23:11,571.2150608367821,63.17131209955075,9.72212579265209,29.21411607085643,0.05066736796873855,HTTPS,UNSTABLE_NETWORK,Unstable network with high packet loss and jitter
2025-04-03T15:39:52,1244.6721741026188,33.90478960760144,7.670407630694193,41.9836856937346,0.07845256228353266,LoRaWAN,UNSTABLE_NETWORK,Unstable network with high packet loss and jitter
2025-04-03T01:03:30,710.8962141255269,52.32462536410344,7.447739398952242,30.1433642217576,0.056843288744421364,MQTT,UNSTABLE_NETWORK,Unstable network with high packet loss and jitter
2025-04-03T07:18:12,991.3222892190262,45.21974936284874,5.683422836586862,25.784176885597073,0.05344914103211604,MQTT,UNSTABLE_NETWORK,Unstable network with high packet loss and jitter
2025-04-03T08:46:58,120.9803781470607,59.802264569277376,12.996809641059581,40.45056145231206,0.08315227913624886,MQTT,UNSTABLE_NETWORK,Unstable network with high packet loss and jitter
2025-04-03T02:32:37,54.46779853978031,45.37233674512817,6.873499879773288,31.2079023250111,0.03484802429288886,MQTT,UNSTABLE_NETWORK,Unstable network with high packet loss and jitter
2025-04-03T18:14:44,1817.8010894407962,41.32822412966739,10.098392740687107,22.49977318434283,0.04976113295259087,MQTT,UNSTABLE_NETWORK,Unstable network with high packet loss and jitter
2025-04-03T00:08:26,203.68336751745676,55.21766245664093,2.374977837584191,41.54997560541618,0.1416228674877093,MQTT,UNSTABLE_NETWORK,Unstable network with high packet loss and jitter
2025-04-03T22:11:19,222.02341624927564,60.248239408502045,11.539965589069359,31.936617645167992,0.09378425176907028,MQTT,UNSTABLE_NETWORK,Unstable network with high packet loss and jitter
2025-04-03T07:20:41,1476.7742760316316,37.08219120033898,11.156633467871176,30.029259666794378,0.05760309943190267,LoRaWAN,UNSTABLE_NETWORK,Unstable network with high packet loss and jitter
2025-04-03T18:42:51,584.7933201609832,46.19290127516284,8.292302330891909,31.779083914116544,0.09254645234798592,MQTT,UNSTABLE_NETWORK,Unstable network with high packet loss and jitter
2025-04-03T19:51:54,518.4521827567809,31.23409406323116,7.319172601586227,19.29331628583403,0.09701991430959889,MQTT,UNSTABLE_NETWORK,Unstable network with high packet loss and jitter
2025-04-03T07:54:54,4031.0625834551915,9.641455527869327,9.200000016840699,24.723462238216626,0.10983243260270716,LoRaWAN,UNSTABLE_NETWORK,Unstable network with high packet loss and jitter
2025-04-03T19:02:56,138.595635754882,50.12093248387682,14.866371982640867,30.035826018327832,0.07618531911629808,LoRaWAN,UNSTABLE_NETWORK,Unstable network with high packet loss and jitter
2025-04-03T03:58:25,913.4152791201768,56.24928557889784,2.710289903289545,28.0533630497532,0.10929493108318668,MQTT,UNSTABLE_NETWORK,Unstable network with high packet loss and jitter
2025-04-03T14:46:10,321.2431215724909,51.04837459378671,10.346082162722382,42.72428382816595,0.01884660425353482,CoAP,UNSTABLE_NETWORK,Unstable network with high packet loss and jitter
2025-04-03T14:48:04,414.09408617270594,17.87561391357779,5.265148093538292,32.174058527270034,0.04831075608572741,MQTT,UNSTABLE_NETWORK,Unstable network with high packet loss and jitter
2025-04-03T03:52:33,1877.966058429653,41.857965451153646,7.940244811100807,38.54903922636402,0.08491614205209368,MQTT,UNSTABLE_NETWORK,Unstable network with high packet loss and jitter
2025-04-03T08:48:55,551.7998457280886,13.847157723942017,7.256359642764011,30.093953545758495,0.08988900598423374,LoRaWAN,UNSTABLE_NETWORK,Unstable network with high packet loss and jitter
2025-04-03T16:28:19,572.3426036553235,67.66955796192848,6.715045226606733,40.562884837461226,0.05264653136994075,HTTPS,UNSTABLE_NETWORK,Unstable network with high packet loss and jitter
2025-04-03T08:49:31,1086.5809252418594,30.834889837751884,7.968604612841812,33.97527756573154,0.08778259973789478,MQTT,UNSTABLE_NETWORK,Unstable network with high packet loss and jitter
2025-04-03T02:51:07,193.60871691276918,65.9584299338291,4.597486564166628,30.1342048538846,0.06128479253938219,MQTT,UNSTABLE_NETWORK,Unstable network with high packet loss and jitter
2025-04-03T08:39:35,109.58832814870941,61.3170876696003,11.087541308383901,29.867169110409804,0.07169122717318503,MQTT,UNSTABLE_NETWORK,Unstable network with high packet loss and jitter
2025-04-03T21:49:19,85.62792373682453,33.62185494870465,2.6175694664041984,20.455613737090367,0.11074321401995033,MQTT,UNSTABLE_NETWORK,Unstable network with high packet loss and jitter
2025-04-03T10:08:58,28.336608844165976,30.140603190136876,9.619293538485026,35.069157201363105,0.10726812490665799,MQTT,UNSTABLE_NETWORK,Unstable network with high packet loss and jitter
2025-04-03T04:11:07,3537.6962964856343,52.38959792735559,7.020392442396287,29.59795265463621,0.05008819017910213,CoAP,UNSTABLE_NETWORK,Unstable network with high packet loss and jitter
2025-04-03T09:10:27,79.83263939366711,34.47085134622192,4.487225318577639,24.980080398187955,0.0482824561393969,MQTT,UNSTABLE_NETWORK,Unstable network with high packet loss and jitter
2025-04-03T07:13:42,230.04573255498218,48.67464875874857,8.607150111796086,41.064617708120714,0.06766479813340051,MQTT,UNSTABLE_NETWORK,Unstable network with high packet loss and jitter
2025-04-03T03:53:13,215.20832549624288,39.89663248667915,3.3291467398805663,17.49783974105199,0.07919761096481225,MQTT,UNSTABLE_NETWORK,Unstable network with high packet loss and jitter
2025-04-03T14:51:13,433.8377047730857,20.423337354205895,8.119141465158904,25.77504104567566,0.060263045342757775,LoRaWAN,UNSTABLE_NETWORK,Unstable network with high packet loss and jitter
2025-04-03T10:33:55,798.4458332328614,13.68536050673098,3.731369276565337,40.27718748779533,0.11121927328399003,MQTT,UNSTABLE_NETWORK,Unstable network with high packet loss and jitter
2025-04-03T00:08:46,842.4806214265808,50.544311743424295,9.383816252953494,33.15522940920253,0.09042169525125666,MQTT,UNSTABLE_NETWORK,Unstable network with high packet loss and jitter
2025-04-03T15:37:35,149.02134465046765,38.72234904345342,5.226927999108874,29.521410723472428,0.09218255329623287,MQTT,UNSTABLE_NETWORK,Unstable network with high packet loss and jitter
2025-04-03T08:18:19,245.48514055025163,38.85103520710829,6.6470179489120715,32.510035431501464,0.04200383513165085,MQTT,UNSTABLE_NETWORK,Unstable network with high packet loss and jitter
2025-04-03T12:48:53,421.103402533025,57.587007269634526,8.881848163829487,31.794141710488415,0.1150187215215134,MQTT,UNSTABLE_NETWORK,Unstable network with high packet loss and jitter
2025-04-03T12:17:44,222.59481000671974,64.75235105512188,5.6823736644732925,14.833374537140786,0.004605064667220715,MQTT,UNSTABLE_NETWORK,Unstable network with high packet loss and jitter
2025-04-03T09:16:38,2064.4046647351115,43.064213307615546,7.8261080009950925,26.507381146520384,0.10502166355548107,MQTT,UNSTABLE_NETWORK,Unstable network with high packet loss and jitter
2025-04-03T08:36:28,540.747486485708,42.045070746802224,3.4585084962654395,46.16521654513749,0.10802935213012313,MQTT,UNSTABLE_NETWORK,Unstable network with high packet loss and jitter
2025-04-03T07:07:27,724.611622282304,54.657864069565875,9.892626810788467,23.406758652228326,0.06702796438166116,MQTT,UNSTABLE_NETWORK,Unstable network with high packet loss and jitter
2025-04-03T15:21:19,664.6363154915364,26.80335224977146,13.294741416652315,26.81698985895666,0.11818730651742271,LoRaWAN,UNSTABLE_NETWORK,Unstable network with high packet loss and jitter
2025-04-03T01:19:09,1226.5383163849647,50.50634883888801,16.376626603729882,24.583792366908124,0.0781070734113696,LoRaWAN,UNSTABLE_NETWORK,Unstable network with high packet loss and jitter
2025-04-03T09:42:47,372.78742279358283,55.439009817412334,8.273504439999318,29.129847766818624,0.08187295109982329,MQTT,UNSTABLE_NETWORK,Unstable network with high packet loss and jitter
2025-04-03T00:00:44,63.28093741470172,57.36584058875193,10.36461242239156,24.16877168675702,0.0901858636221265,MQTT,UNSTABLE_NETWORK,Unstable network with high packet loss and jitter
2025-04-03T16:53:47,484.64080909767756,18.11276414735799,2.6581229812775327,34.8674150215806,0.17559724735433163,MQTT,UNSTABLE_NETWORK,Unstable network with high packet loss and jitter
2025-04-03T17:06:56,137.2980626189635,35.74539286016832,12.508202978916763,31.973134122902664,0.12033301724249013,LoRaWAN,UNSTABLE_NETWORK,Unstable network with high packet loss and jitter
2025-04-03T00:01:36,159.0856054761581,33.9934403373579,10.328685514172317,37.73547615107018,0.10103393602138755,MQTT,UNSTABLE_NETWORK,Unstable network with high packet loss and jitter
2025-04-03T15:04:46,606.3269106677079,48.66736066825557,6.548199665146301,19.490588338110395,0.052615865401964154,MQTT,UNSTABLE_NETWORK,Unstable network with high packet loss and jitter
2025-04-03T09:45:18,1325.7348127713635,54.3818922710446,11.711542400867028,26.596595171170968,0.08430769476438477,MQTT,UNSTABLE_NETWORK,Unstable network with high packet loss and jitter
2025-04-03T08:09:58,307.7563402307636,69.62304690862203,7.236571770063976,27.74277368387865,0.05560627718460841,HTTPS,UNSTABLE_NETWORK,Unstable network with high packet loss and jitter
2025-04-03T02:10:54,434.58088756087903,39.74957581381869,6.62592445095633,34.55646910088595,0.10466332541848439,MQTT,UNSTABLE_NETWORK,Unstable network with high packet loss and jitter
2025-04-03T02:50:59,2313.3232550543125,39.71213776710904,9.426004776282474,22.067788027929655,0.0842140092720457,MQTT,UNSTABLE_NETWORK,Unstable network with high packet loss and jitter
2025-04-03T05:54:08,400.48899582657305,64.42247274733593,4.809936500509044,39.15653804258344,0.04626434961158314,HTTPS,UNSTABLE_NETWORK,Unstable network with high packet loss and jitter
2025-04-03T20:08:15,6807.649678997307,51.62771376451677,11.064874293199845,41.86415590517609,0.08243373750255509,MQTT,UNSTABLE_NETWORK,Unstable network with high packet loss and jitter
2025-04-03T12:45:05,591.3417156684843,66.19549957678927,4.83203056421947,20.11127652364416,0.05451747590851084,MQTT,UNSTABLE_NETWORK,Unstable network with high packet loss and jitter
2025-04-03T08:36:43,36.26551042816675,51.513314176524666,4.849835630530441,25.091271051064343,0.08453648664012642,MQTT,UNSTABLE_NETWORK,Unstable network with high packet loss and jitter
2025-04-03T06:12:55,740.8457359218522,29.827312073085533,5.270930634774997,24.680684917079077,0.05422768050904231,MQTT,UNSTABLE_NETWORK,Unstable network with high packet loss and jitter
2025-04-03T19:51:24,473.98351211166556,27.188803254524963,10.278500112548366,56.323862046774984,0.08082462900082439,LoRaWAN,UNSTABLE_NETWORK,Unstable network with high packet loss and jitter
2025-04-03T10:37:05,1410.1985365946964,23.914712062715598,6.149673915440877,25.700998947921132,0.10251409585805285,MQTT,UNSTABLE_NETWORK,Unstable network with high packet loss and jitter
2025-04-03T06:38:24,672.9022649757094,57.1198405423841,3.9560126468984933,46.77625442156135,0.07840844024224682,MQTT,UNSTABLE_NETWORK,Unstable network with high packet loss and jitter
2025-04-03T11:23:37,254.07647233124771,65.0196825897196,6.182960000192606,17.333680048933903,0.06827335198482834,MQTT,UNSTABLE_NETWORK,Unstable network with high packet loss and jitter
2025-04-03T21:13:14,69.03575723117726,74.93282958661766,7.903872887958539,20.103490338356366,0.08609828663172388,MQTT,UNSTABLE_NETWORK,Unstable network with high packet loss and jitter
2025-04-03T10:14:42,233.44688217841707,59.84064467307801,4.457082549006843,23.13395468151799,0.10091547862378558,MQTT,UNSTABLE_NETWORK,Unstable network with high packet loss and jitter
2025-04-03T04:24:15,108.11094080978557,64.63831057366167,4.544956672896969,21.543106885534776,0.04678450190354719,MQTT,UNSTABLE_NETWORK,Unstable network with high packet loss and jitter
2025-04-03T06:40:27,149.47876384635686,38.49715414323908,14.333889002298752,27.321012658415015,0.08781968464115608,LoRaWAN,UNSTABLE_NETWORK,Unstable network with high packet loss and jitter
2025-04-03T12:36:23,607.9402231595552,29.852829104293964,5.418303788558339,22.91221797278502,0.119526224570522,MQTT,UNSTABLE_NETWORK,Unstable network with high packet loss and jitter
2025-04-03T16:00:08,2225.3464267086138,59.95192356412259,7.0308728936809795,21.806584072654264,0.09720970889830145,MQTT,UNSTABLE_NETWORK,Unstable network with high packet loss and jitter
2025-04-03T13:28:28,481.73217709687395,53.467612083857766,6.898288997602142,41.584719964733274,0.08173262440001684,MQTT,UNSTABLE_NETWORK,Unstable network with high packet loss and jitter
2025-04-03T00:07:18,71.43034651113473,48.815733637787616,6.735929576688674,42.23793622513165,0.09919212520096685,MQTT,UNSTABLE_NETWORK,Unstable network with high packet loss and jitter
2025-04-03T14:20:01,511.47856406150527,53.01630745457654,9.864040219907306,39.492964983753154,0.09357489368308047,MQTT,UNSTABLE_NETWORK,Unstable network with high packet loss and jitter
2025-04-03T22:07:00,1261.1007865094145,52.05518470436225,10.844428851416149,35.23998955584328,0.10260803327479442,MQTT,UNSTABLE_NETWORK,Unstable network with high packet loss and jitter
2025-04-03T01:48:37,144.32143356057324,66.46632258770006,7.082136705405224,30.927430657795522,0.019282051670511675,HTTPS,UNSTABLE_NETWORK,Unstable network with high packet loss and jitter
2025-04-03T01:56:05,255.43344197948548,66.63552068455843,4.290565140222953,25.029693093340914,0.033396315990102045,MQTT,UNSTABLE_NETWORK,Unstable network with high packet loss and jitter
2025-04-03T15:19:57,305.33462560603414,55.37570941981678,11.82332068354671,20.46842495244908,0.11014487448449711,MQTT,UNSTABLE_NETWORK,Unstable network with high packet loss and jitter
2025-04-03T09:35:55,116.96848025315697,59.90111444556296,7.713976726409952,33.62995703432687,0.03484162471515678,HTTPS,UNSTABLE_NETWORK,Unstable network with high packet loss and jitter
2025-04-03T03:37:17,653.0926450644743,54.926676865898145,13.190965444571507,18.26369607453202,0.09204615907157615,MQTT,UNSTABLE_NETWORK,Unstable network with high packet loss and jitter
2025-04-03T18:35:16,259.4709359982844,40.29985982141469,1.2632423073045116,20.060790708246067,0.06943851031903125,MQTT,UNSTABLE_NETWORK,Unstable network with high packet loss and jitter
2025-04-03T08:57:32,496.3202617376273,58.567543148038546,8.58620966384996,41.5291325620481,0.050114322632120095,CoAP,UNSTABLE_NETWORK,Unstable network with high packet loss and jitter
2025-04-03T19:32:22,103.41932718534271,26.30331421385999,13.755819001628623,49.006490417220874,0.0904894927144242,LoRaWAN,UNSTABLE_NETWORK,Unstable network with high packet loss and jitter
2025-04-03T05:47:37,177.47548989248958,63.030780753594634,6.940207593685526,33.93295138166481,0.08603100511149712,MQTT,UNSTABLE_NETWORK,Unstable network with high packet loss and jitter
2025-04-03T00:46:26,713.8266202351074,29.306230595073327,7.323519729996092,41.064571522946444,0.14331027956289133,MQTT,UNSTABLE_NETWORK,Unstable network with high packet loss and jitter
2025-04-03T09:04:10,191.78648427206952,51.51279121589232,8.886535074771016,27.541516825560166,0.061255663863923324,MQTT,UNSTABLE_NETWORK,Unstable network with high packet loss and jitter
2025-04-03T00:08:22,2383.056284831164,34.55009975998641,6.323612543345128,16.62325813912316,0.12320330360207521,MQTT,UNSTABLE_NETWORK,Unstable network with high packet loss and jitter
2025-04-03T17:59:25,185.7160792631852,55.529911104902666,7.063784203841801,36.12171618618584,0.09057268743152944,MQTT,UNSTABLE_NETWORK,Unstable network with high packet loss and jitter
2025-04-03T04:34:31,392.84068404066664,46.7218651922751,6.986554717425791,35.69289323270064,0.06016934355371863,MQTT,UNSTABLE_NETWORK,Unstable network with high packet loss and jitter
2025-04-03T15:53:54,918.637388710695,23.311071431151216,6.11773779672088,30.71668553880244,0.10397739372551736,MQTT,UNSTABLE_NETWORK,Unstable network with high packet loss and jitter
2025-04-03T07:32:42,54.69343014283671,53.54457249128585,11.68656965060168,27.576245418948886,0.09697215513361854,MQTT,UNSTABLE_NETWORK,Unstable network with high packet loss and jitter
2025-04-03T12:14:54,36.2635063284994,38.56693359592548,9.383234096889305,39.62210578581098,0.08107529884574148,MQTT,UNSTABLE_NETWORK,Unstable network with high packet loss and jitter
2025-04-03T08:56:24,48.086183819554634,60.454613283024145,8.751884696309906,20.142669665725258,0.0879888606932187,MQTT,UNSTABLE_NETWORK,Unstable network with high packet loss and jitter
2025-04-03T20:21:28,1364.9640888918138,47.25896502424718,10.42571302067035,22.262194211093423,0.06209038906863405,MQTT,UNSTABLE_NETWORK,Unstable network with high packet loss and jitter
2025-04-03T21:07:46,154.71004685459388,53.17206169645912,7.206932500389599,19.91893493239572,0.0552263862423648,MQTT,UNSTABLE_NETWORK,Unstable network with high packet loss and jitter
2025-04-03T08:09:39,6461.531335074084,32.878879812817836,5.677388544941298,30.849729626358272,0.10278326521467748,LoRaWAN,UNSTABLE_NETWORK,Unstable network with high packet loss and jitter
2025-04-03T21:29:51,152.42693344312863,38.40409788904306,6.192127086156328,19.121069878907416,0.07328181727060178,MQTT,UNSTABLE_NETWORK,Unstable network with high packet loss and jitter
2025-04-03T17:04:30,374.3697848514097,40.36616904134469,8.005349123313827,23.157578194847567,0.07759751005252723,MQTT,UNSTABLE_NETWORK,Unstable network with high packet loss and jitter
2025-04-03T07:20:21,1908.9610453661794,60.097953008906764,4.822364874881294,22.94244437772802,0.08839464787832832,MQTT,UNSTABLE_NETWORK,Unstable network with high packet loss and jitter
2025-04-03T13:22:08,3331.220193883879,72.40973934475824,6.4992169502399735,27.393916676660417,0.08795865034351424,MQTT,UNSTABLE_NETWORK,Unstable network with high packet loss and jitter
2025-04-03T16:53:29,3560.2525652334693,35.173173973940216,6.451650074385696,15.126255535960231,0.037120205870778064,MQTT,UNSTABLE_NETWORK,Unstable network with high packet loss and jitter
2025-04-03T18:29:55,1278.984843670099,63.40513964235603,14.37366868948704,30.87204992037267,0.11858756259364577,MQTT,UNSTABLE_NETWORK,Unstable network with high packet loss and jitter
2025-04-03T16:50:49,1025.214876928709,14.708923429012767,0.32144481980174966,42.47303650664678,0.08363546455702035,MQTT,UNSTABLE_NETWORK,Unstable network with high packet loss and jitter
2025-04-03T10:57:08,610.8276334327686,29.342910900921428,7.4611408357831,31.35491372316762,0.07392040211533552,MQTT,UNSTABLE_NETWORK,Unstable network with high packet loss and jitter
2025-04-03T14:28:24,763.4256703253503,32.87574229691161,13.177081378444312,45.41321144801321,0.0929253801550924,LoRaWAN,UNSTABLE_NETWORK,Unstable network with high packet loss and jitter
2025-04-03T16:25:01,154.83493516618063,26.97145602050987,8.365533392397362,43.33998185876925,0.0870962658084459,MQTT,UNSTABLE_NETWORK,Unstable network with high packet loss and jitter
2025-04-03T01:21:15,112.38649899580435,23.506927737714474,10.260252420263278,37.777350472478545,0.10301188068469107,LoRaWAN,UNSTABLE_NETWORK,Unstable network with high packet loss and jitter
2025-04-03T04:06:25,298.78765159947966,53.457404489002606,8.299478945299304,30.746858426368856,0.09613951016452824,MQTT,UNSTABLE_NETWORK,Unstable network with high packet loss and jitter
2025-04-03T00:28:51,244.5845183796529,44.05307256342519,5.9979998563505585,30.225003882454395,0.101535386869888,MQTT,UNSTABLE_NETWORK,Unstable network with high packet loss and jitter
2025-04-03T16:31:15,174.14857522398015,52.95683621582723,1.2742521964732614,37.6379977236326,0.12052981717182548,MQTT,UNSTABLE_NETWORK,Unstable network with high packet loss and jitter
2025-04-03T01:17:14,691.9041341836908,57.62451276598075,8.616367061108908,26.083293904959675,0.10650873646912916,MQTT,UNSTABLE_NETWORK,Unstable network with high packet loss and jitter
2025-04-03T00:07:31,944.0212957429779,51.253344594153525,5.673180186192827,11.174792485325362,0.07518541339014312,MQTT,UNSTABLE_NETWORK,Unstable network with high packet loss and jitter
2025-04-03T19:16:33,333.57600425504586,57.1372045612286,5.598993781504088,34.9200405410296,0.04631296531769502,HTTPS,UNSTABLE_NETWORK,Unstable network with high packet loss and jitter
2025-04-03T11:00:20,1766.6114787177387,46.22943984774642,6.503038232062664,18.68931370065029,0.13003393799013546,MQTT,UNSTABLE_NETWORK,Unstable network with high packet loss and jitter
2025-04-03T10:07:34,76.23003443277953,29.469190539201758,13.23458421987048,20.378587718096153,0.07286829879958662,LoRaWAN,UNSTABLE_NETWORK,Unstable network with high packet loss and jitter
2025-04-03T22:24:46,237.7907590965007,63.14297129850734,15.21451262676192,30.00223947995788,0.06580677759918434,CoAP,UNSTABLE_NETWORK,Unstable network with high packet loss and jitter
2025-04-03T10:12:44,126.92491484596698,38.44074381688597,8.651623812585203,29.048751224465303,0.027898195467066823,CoAP,UNSTABLE_NETWORK,Unstable network with high packet loss and jitter
2025-04-03T19:23:08,31.942535861391747,33.24514854957395,6.6056983282648165,15.879243936843697,0.09015419315936335,MQTT,UNSTABLE_NETWORK,Unstable network with high packet loss and jitter
2025-04-03T22:36:14,271.6639030353406,44.61199211635183,4.468320747646369,31.654915641331403,0.08446659811861311,MQTT,UNSTABLE_NETWORK,Unstable network with high packet loss and jitter
2025-04-03T08:11:31,259.2221625780601,33.590263686377575,9.405620484638208,39.66139660861049,0.034546551912515586,LoRaWAN,UNSTABLE_NETWORK,Unstable network with high packet loss and jitter
2025-04-03T02:25:26,1844.4237305981453,41.022638968391256,13.348716800195433,18.716584297342173,0.09359822126399528,LoRaWAN,UNSTABLE_NETWORK,Unstable network with high packet loss and jitter
2025-04-03T19:05:07,639.544686689617,52.44657074409221,7.257978838924529,42.72483330848759,0.06505424237895684,HTTPS,UNSTABLE_NETWORK,Unstable network with high packet loss and jitter
2025-04-03T16:17:16,87.77338174293709,52.51255523173958,0.8630118777403268,14.39829174870056,0.16070945021866082,MQTT,UNSTABLE_NETWORK,Unstable network with high packet loss and jitter
2025-04-03T08:50:57,2775.7980051317627,33.821645369070716,10.010149015446572,51.173241443709536,0.06291916423727395,LoRaWAN,UNSTABLE_NETWORK,Unstable network with high packet loss and jitter
2025-04-03T02:03:31,1298.5751569966465,39.97518299363145,10.956199134350149,25.887395695165168,0.0669442000340662,LoRaWAN,UNSTABLE_NETWORK,Unstable network with high packet loss and jitter
2025-04-03T05:23:03,603.2307049431423,63.40742588182375,3.2424630788424578,31.456169968268913,0.05375671327236897,MQTT,UNSTABLE_NETWORK,Unstable network with high packet loss and jitter
2025-04-03T18:13:50,228.60635623722936,54.74009979868668,8.529452550988859,11.079664275143301,0.11833629563125916,MQTT,UNSTABLE_NETWORK,Unstable network with high packet loss and jitter
2025-04-03T01:04:31,94.86505333994147,78.42174084531315,9.353678048408296,29.378639335306914,0.06881672616605741,MQTT,UNSTABLE_NETWORK,Unstable network with high packet loss and jitter
2025-04-03T10:43:43,191.9306950091826,64.99935508361541,7.780678093973185,32.28482177718192,0.0582525753870351,HTTPS,UNSTABLE_NETWORK,Unstable network with high packet loss and jitter
2025-04-03T13:09:57,1107.9655982354193,64.46349572829905,5.627687242743939,29.138378959005056,0.10120865029761628,MQTT,UNSTABLE_NETWORK,Unstable network with high packet loss and jitter
2025-04-03T16:54:12,2879.2526466904956,26.482738665470407,11.047811670690669,24.369189229476262,0.03858941193760445,LoRaWAN,UNSTABLE_NETWORK,Unstable network with high packet loss and jitter
2025-04-03T17:14:24,1911.5595545634374,58.76033941921625,6.789860762093952,20.53435481472185,0.09875331638746843,MQTT,UNSTABLE_NETWORK,Unstable network with high packet loss and jitter
2025-04-03T14:56:52,166.86134006450578,46.50749934166871,3.544441511900204,41.30526619537311,0.13344199149802574,MQTT,UNSTABLE_NETWORK,Unstable network with high packet loss and jitter
2025-04-03T15:36:43,78.27604008573135,39.0410415364561,1.8515765429909568,30.3080713499795,0.09699823498505267,MQTT,UNSTABLE_NETWORK,Unstable network with high packet loss and jitter
2025-04-03T20:59:57,355.25859856526716,49.82766591992524,11.78254855999793,45.407523765167724,0.09913694948779775,MQTT,UNSTABLE_NETWORK,Unstable network with high packet loss and jitter
2025-04-03T23:30:57,35.93296919303051,61.48727605351703,9.849991929413354,24.73517645205077,0.10610180650722452,MQTT,UNSTABLE_NETWORK,Unstable network with high packet loss and jitter
2025-04-03T12:43:05,442.1210580984057,54.82324412181542,8.263920641387507,25.65205306627783,0.13129124086026556,MQTT,UNSTABLE_NETWORK,Unstable network with high packet loss and jitter
2025-04-03T16:57:52,251.30299715944852,34.13533045902882,6.679176089447589,38.15594244596163,0.11629681880057313,MQTT,UNSTABLE_NETWORK,Unstable network with high packet loss and jitter
2025-04-03T21:57:58,171.49235226664956,58.45098840545649,6.413004757390619,13.77025037996436,0.09319009166819071,MQTT,UNSTABLE_NETWORK,Unstable network with high packet loss and jitter
2025-04-03T16:34:52,44.2625432222649,37.751958792835204,4.772790054675166,17.86536639847077,0.10711674201908004,MQTT,UNSTABLE_NETWORK,Unstable network with high packet loss and jitter
2025-04-03T10:13:18,555.6299985759431,50.56768593084642,6.705633066320345,40.97484971353164,0.053421952236046684,HTTPS,UNSTABLE_NETWORK,Unstable network with high packet loss and jitter
2025-04-03T01:27:36,158.30783607163502,42.768855356632585,1.6397383546394764,18.280660707768053,0.10328880772241966,HTTPS,UNSTABLE_NETWORK,Unstable network with high packet loss and jitter
2025-04-03T03:42:03,73.69111766654417,44.03777981516268,5.791809039594457,11.809489846974522,0.04983332086448758,MQTT,UNSTABLE_NETWORK,Unstable network with high packet loss and jitter
2025-04-03T06:32:01,9.555030968053476,58.81608543921218,7.067187450946719,48.68527188073091,0.0689893274410512,HTTPS,UNSTABLE_NETWORK,Unstable network with high packet loss and jitter
2025-04-03T19:24:49,290.2563762870979,31.721202238773532,9.829640141571257,16.061823521257946,0.012476865254297115,MQTT,UNSTABLE_NETWORK,Unstable network with high packet loss and jitter
2025-04-03T21:21:20,2516.1478768098677,76.50370137257346,7.880220609879909,31.841193983281695,0.09204288978102386,MQTT,UNSTABLE_NETWORK,Unstable network with high packet loss and jitter
2025-04-03T19:49:15,2202.3792497131803,20.011151441409496,10.384769341626678,30.69085192724271,0.06068383966674942,LoRaWAN,UNSTABLE_NETWORK,Unstable network with high packet loss and jitter
2025-04-03T19:07:33,173.34207715372136,38.36409445441155,12.047405315340288,1.8937168338191626,0.11333435645613388,MQTT,UNSTABLE_NETWORK,Unstable network with high packet loss and jitter
2025-04-03T20:53:38,145.6385696641798,52.88395527476799,11.174510281472305,27.32682976832191,0.09170577831816208,MQTT,UNSTABLE_NETWORK,Unstable network with high packet loss and jitter
2025-04-03T01:55:51,526.531722776608,56.097156644578995,9.411529542135671,34.4841324947911,0.11372287684104876,MQTT,UNSTABLE_NETWORK,Unstable network with high packet loss and jitter
2025-04-03T13:37:08,90.53349997039113,45.82697556188124,8.035588037542352,33.543093815188605,0.04749210365982387,MQTT,UNSTABLE_NETWORK,Unstable network with high packet loss and jitter
2025-04-03T00:38:46,430.92443695337704,46.47491804784115,5.0576359747593225,39.035206838035016,0.11115158111478898,MQTT,UNSTABLE_NETWORK,Unstable network with high packet loss and jitter
2025-04-03T07:52:43,752.2575926537902,53.495697095186,10.219832154137949,26.12508685094566,0.1431756903308998,MQTT,UNSTABLE_NETWORK,Unstable network with high packet loss and jitter
2025-04-03T08:27:05,1307.8009523274834,43.87307087581402,13.039242146664588,37.125044420921604,0.10292474899795684,LoRaWAN,UNSTABLE_NETWORK,Unstable network with high packet loss and jitter
2025-04-03T14:29:42,266.0269402743696,68.23849912911028,9.026318118951254,23.106709319199283,0.10371047026076867,MQTT,UNSTABLE_NETWORK,Unstable network with high packet loss and jitter
2025-04-03T16:09:29,234.95029342806762,59.9326841959682,13.75177744527837,15.89532583587225,0.08508793029184805,MQTT,UNSTABLE_NETWORK,Unstable network with high packet loss and jitter
2025-04-03T09:43:10,104.60625724591999,60.43647996998615,3.4232848758167487,17.022716243187674,0.06425993658303908,MQTT,UNSTABLE_NETWORK,Unstable network with high packet loss and jitter
2025-04-03T04:04:19,111.22176040953623,32.85343107675285,4.537509845661376,15.378895448045853,0.10283577118104525,MQTT,UNSTABLE_NETWORK,Unstable network with high packet loss and jitter
2025-04-03T04:33:40,228.60778465146694,46.15662278363103,10.565604523244787,40.095859678911935,0.03481751268793795,CoAP,UNSTABLE_NETWORK,Unstable network with high packet loss and jitter
2025-04-03T12:46:28,466.20296328568884,42.84212714131349,8.792870630459753,14.854264909414434,0.0674673462523755,MQTT,UNSTABLE_NETWORK,Unstable network with high packet loss and jitter
2025-04-03T07:01:28,897.9227374588088,32.26676295918952,11.941346529715423,32.74038840649303,0.026868295929884538,LoRaWAN,UNSTABLE_NETWORK,Unstable network with high packet loss and jitter
2025-04-03T08:58:05,114.43050938744182,52.75491357612549,7.953585077819781,27.34075805927567,0.058890308680547516,MQTT,UNSTABLE_NETWORK,Unstable network with high packet loss and jitter
2025-04-03T00:57:39,1799.0405201556366,39.2894316726492,5.3960737324150045,28.973514265493684,0.09926135275680684,MQTT,UNSTABLE_NETWORK,Unstable network with high packet loss and jitter
2025-04-03T20:44:33,216.68271775095306,57.186842709507474,7.359220273384873,43.636072951996994,0.09516180128661389,MQTT,UNSTABLE_NETWORK,Unstable network with high packet loss and jitter
2025-04-03T03:57:28,292.4055537704043,31.30457904074641,3.4019480872287975,25.615726327847266,0.08152741086606419,MQTT,UNSTABLE_NETWORK,Unstable network with high packet loss and jitter
2025-04-03T17:39:54,122.37969425162586,73.14472889919618,4.614227980708897,36.116015615496835,0.08511202982186032,MQTT,UNSTABLE_NETWORK,Unstable network with high packet loss and jitter
2025-04-03T16:14:54,16.357625210057517,33.9157970500954,10.917331993754031,30.375633513811117,0.023424061464073727,LoRaWAN,UNSTABLE_NETWORK,Unstable network with high packet loss and jitter
2025-04-03T05:47:33,866.6515130874117,50.65198920939034,10.61836224340883,28.479810943673023,0.06882313158287255,MQTT,UNSTABLE_NETWORK,Unstable network with high packet loss and jitter
2025-04-03T13:09:13,726.3232409223313,59.24201102961228,9.08901285441823,52.99969124386473,0.059559451806943706,CoAP,UNSTABLE_NETWORK,Unstable network with high packet loss and jitter
2025-04-03T12:55:41,214.04567056646638,38.80618214319704,2.836767437118592,15.586582542846303,0.06022820928456378,MQTT,UNSTABLE_NETWORK,Unstable network with high packet loss and jitter
2025-04-03T17:46:13,325.1125191971059,60.15448547010046,6.924789273461334,42.89131835437445,0.0979873588344126,MQTT,UNSTABLE_NETWORK,Unstable network with high packet loss and jitter
2025-04-03T03:51:17,557.1918058745272,28.931369074007428,4.325000334019848,36.56406565489972,0.05418478020484069,MQTT,UNSTABLE_NETWORK,Unstable network with high packet loss and jitter
2025-04-03T17:25:25,46.003958465860066,69.15255575115954,11.529599761363297,25.20475005368216,0.061859574496177676,MQTT,UNSTABLE_NETWORK,Unstable network with high packet loss and jitter
2025-04-03T15:22:40,159.00239449767614,47.58469646031499,6.248833599312196,46.293185174416124,0.01738792262871451,HTTPS,UNSTABLE_NETWORK,Unstable network with high packet loss and jitter
2025-04-03T13:30:41,778.1350460860405,38.42795358870289,4.742756867655352,11.518898876114633,0.07117630458871492,MQTT,UNSTABLE_NETWORK,Unstable network with high packet loss and jitter
2025-04-03T17:53:15,66.59537740826059,42.88806534423203,8.089388495364274,24.782333427009284,0.04736487356859141,MQTT,UNSTABLE_NETWORK,Unstable network with high packet loss and jitter
2025-04-03T15:52:00,426.6875418485125,59.51124819394181,6.079536629496165,17.91517795730924,0.08237608786068931,MQTT,UNSTABLE_NETWORK,Unstable network with high packet loss and jitter
2025-04-03T09:09:25,58.90254562174735,38.61229699770191,12.45123173061112,34.1208346487146,0.051466758597726064,LoRaWAN,UNSTABLE_NETWORK,Unstable network with high packet loss and jitter
2025-04-03T09:04:04,525.0526029021489,36.14042825652429,5.795567307397428,18.869358988128226,0.08313626736647649,MQTT,UNSTABLE_NETWORK,Unstable network with high packet loss and jitter
2025-04-03T16:37:55,287.43958410162793,44.05941185651735,3.802315222326106,34.33063946741319,0.07565942717772971,MQTT,UNSTABLE_NETWORK,Unstable network with high packet loss and jitter
2025-04-03T07:32:48,43.19066118336444,29.72969635113137,1.541259452727453,28.13563584178446,0.13016125319126962,MQTT,UNSTABLE_NETWORK,Unstable network with high packet loss and jitter
2025-04-03T04:09:13,1213.7496120846786,74.69395388421559,7.907640492759755,25.206460573439156,0.09491653941359582,MQTT,UNSTABLE_NETWORK,Unstable network with high packet loss and jitter
2025-04-03T20:10:24,124.2471320351841,38.891543619274984,6.314209658426221,33.8864724603331,0.024810863823130913,HTTPS,UNSTABLE_NETWORK,Unstable network with high packet loss and jitter
2025-04-03T21:16:59,113.4633128920809,59.86338150260936,3.71328618046482,27.31378376061936,0.04205333467691875,MQTT,UNSTABLE_NETWORK,Unstable network with high packet loss and jitter
2025-04-03T17:10:25,381.6353270184279,50.53284818702736,11.567679383767356,19.113651569409612,0.08165624026977,MQTT,UNSTABLE_NETWORK,Unstable network with high packet loss and jitter
2025-04-03T07:06:26,1190.5221768926301,32.62445339748872,10.001735442287725,58.01372989634979,0.05210456154822048,LoRaWAN,UNSTABLE_NETWORK,Unstable network with high packet loss and jitter
2025-04-03T10:06:59,88.65888843800026,47.30481073893477,7.915346363188311,25.128328169708553,0.009051052907075557,HTTPS,UNSTABLE_NETWORK,Unstable network with high packet loss and jitter
2025-04-03T18:45:10,323.0471521554545,59.1558402891944,12.092978732512599,7.823909198479853,0.1204863894150123,MQTT,UNSTABLE_NETWORK,Unstable network with high packet loss and jitter
2025-04-03T14:15:35,501.8806161892642,44.57354579564605,9.987608100195839,21.579013102786114,0.10160672050716224,MQTT,UNSTABLE_NETWORK,Unstable network with high packet loss and jitter
2025-04-03T19:52:40,689.1846301279675,65.29582723211354,5.531432295444703,17.327233116272698,0.09562930620475316,MQTT,UNSTABLE_NETWORK,Unstable network with high packet loss and jitter
2025-04-03T13:43:33,370.74420150452966,62.72353115848354,4.882339508027702,38.26145616040516,0.06178030863587255,MQTT,UNSTABLE_NETWORK,Unstable network with high packet loss and jitter
2025-04-03T22:52:32,193.12720552021798,61.18619030903799,10.453944633361584,33.21652659591586,0.09283030313029789,MQTT,UNSTABLE_NETWORK,Unstable network with high packet loss and jitter
2025-04-03T01:58:12,111.12705761440208,40.50928312747557,9.189100869402052,33.987128017903444,0.058869190273373555,MQTT,UNSTABLE_NETWORK,Unstable network with high packet loss and jitter
2025-04-03T12:09:14,332.67137282500784,31.20816521725569,8.509243303911985,26.29977534162756,0.08614571900653073,MQTT,UNSTABLE_NETWORK,Unstable network with high packet loss and jitter
2025-04-03T22:32:36,82.86523887511122,38.203655075943544,5.460506591393278,27.206497529430784,0.052382503224905674,MQTT,UNSTABLE_NETWORK,Unstable network with high packet loss and jitter
2025-04-03T10:23:17,9.008439808908884,50.35275048879374,9.823842701017261,26.290688963923316,0.12548865351668043,MQTT,UNSTABLE_NETWORK,Unstable network with high packet loss and jitter
2025-04-03T02:15:08,506.56580670662856,55.59760430418574,5.733503350598152,29.188068158645304,0.032892900377544665,HTTPS,UNSTABLE_NETWORK,Unstable network with high packet loss and jitter
2025-04-03T02:19:10,887.5849933859612,14.838899752201158,7.694040036218966,38.35333435364835,0.11696851488532493,LoRaWAN,UNSTABLE_NETWORK,Unstable network with high packet loss and jitter
2025-04-03T11:16:28,17.60641900960392,47.292440021839084,12.34083243916094,33.36075412505346,0.08116747484051991,MQTT,UNSTABLE_NETWORK,Unstable network with high packet loss and jitter
2025-04-03T04:25:09,89.30930028644147,49.78714364827057,6.017497292569563,35.00112829620867,0.06531599013974028,MQTT,UNSTABLE_NETWORK,Unstable network with high packet loss and jitter
2025-04-03T16:30:19,630.6604400741467,43.254308646097,3.2810322287814166,34.995589082492025,0.08501008765087215,MQTT,UNSTABLE_NETWORK,Unstable network with high packet loss and jitter
2025-04-03T17:26:26,3543.169832265104,66.78824729847592,4.842358424389669,38.844424373817375,0.10200044021534543,MQTT,UNSTABLE_NETWORK,Unstable network with high packet loss and jitter
2025-04-03T15:53:36,307.57991014202713,53.74750804940828,10.98289648006287,32.88150041540255,0.12100240210083191,MQTT,UNSTABLE_NETWORK,Unstable network with high packet loss and jitter
2025-04-03T05:55:37,125.23336855764613,67.07535277926614,8.764193412140628,33.588480726789186,0.08939429069400597,MQTT,UNSTABLE_NETWORK,Unstable network with high packet loss and jitter
2025-04-03T13:21:24,240.88189360292057,44.18473357520667,7.613367863933739,41.888062411931564,0.05327911744213168,HTTPS,UNSTABLE_NETWORK,Unstable network with high packet loss and jitter
2025-04-03T16:08:24,1561.8623114490217,61.487970990471496,6.472718584065292,23.34954081996888,0.08166890371297365,MQTT,UNSTABLE_NETWORK,Unstable network with high packet loss and jitter
2025-04-03T21:01:03,138.18943478904362,71.95347174318789,9.45607972265957,21.442574200484927,0.13450379709987118,MQTT,UNSTABLE_NETWORK,Unstable network with high packet loss and jitter
2025-04-03T22:13:48,114.97929477011964,67.10454478677248,5.45268544702933,18.14078400813144,0.12043034256537871,MQTT,UNSTABLE_NETWORK,Unstable network with high packet loss and jitter
2025-04-03T09:20:08,168.08843639920687,31.048686368659034,8.916996705927788,31.829145636202558,0.10726290434373076,MQTT,UNSTABLE_NETWORK,Unstable network with high packet loss and jitter
2025-04-03T14:44:08,95.56323211251282,43.62733632936178,5.806236293561129,11.462677587808766,0.1038706106036716,MQTT,UNSTABLE_NETWORK,Unstable network with high packet loss and jitter
2025-04-03T09:38:43,347.57721920198037,42.25667413315802,5.307021844174838,34.621540960596775,0.10098350271819626,MQTT,UNSTABLE_NETWORK,Unstable network with high packet loss and jitter
2025-04-03T15:34:51,2107.7928257351637,54.77462996345735,6.087537695524965,28.908069054994474,0.1147626450352961,MQTT,UNSTABLE_NETWORK,Unstable network with high packet loss and jitter
2025-04-03T06:34:52,442.0741385975409,57.73278248493791,6.8737776605481145,41.346396998210565,0.06630113642834284,MQTT,UNSTABLE_NETWORK,Unstable network with high packet loss and jitter
2025-04-03T01:04:58,221.61868548624946,34.85575627174133,7.8535104921988905,23.280826895350096,0.03934741802674982,MQTT,UNSTABLE_NETWORK,Unstable network with high packet loss and jitter
2025-04-03T03:53:24,211.36974628445608,48.458391313288914,8.706367385333342,27.966817145824933,0.08207010502211184,MQTT,UNSTABLE_NETWORK,Unstable network with high packet loss and jitter
2025-04-03T21:30:47,45.968367836639075,17.14357084460027,3.0650958742853334,41.22203333293369,0.055472552396669275,MQTT,UNSTABLE_NETWORK,Unstable network with high packet loss and jitter
2025-04-03T17:33:31,865.6790321438099,69.07332313637812,5.577048326759705,43.831356467781525,0.04834937733868447,HTTPS,UNSTABLE_NETWORK,Unstable network with high packet loss and jitter
2025-04-03T17:03:22,273.24746184286823,39.76020166160685,6.825290067931882,23.1984763424818,0.05839164270236205,MQTT,UNSTABLE_NETWORK,Unstable network with high packet loss and jitter
2025-04-03T21:37:21,241.58142464260612,48.28544159183218,12.51518611582499,31.8178123258716,0.1545594177360106,MQTT,UNSTABLE_NETWORK,Unstable network with high packet loss and jitter
2025-04-03T22:18:27,13842.675902927162,42.80440400675128,4.759992174853604,32.94418977684048,0.08408373902227533,CoAP,UNSTABLE_NETWORK,Unstable network with high packet loss and jitter
2025-04-03T10:48:08,429.35580810426814,64.64123056418089,8.488389854299738,33.73653405621148,0.09085723509082964,MQTT,UNSTABLE_NETWORK,Unstable network with high packet loss and jitter
2025-04-03T09:31:39,121.70903224571009,4.889887540426447,12.485090929207512,27.374243406843778,0.043329115789872384,LoRaWAN,UNSTABLE_NETWORK,Unstable network with high packet loss and jitter
2025-04-03T22:51:18,179.85542958582127,47.204996248905964,4.061094410158182,42.81383398123635,0.02468741123622111,HTTPS,UNSTABLE_NETWORK,Unstable network with high packet loss and jitter
2025-04-03T21:11:02,1190.2484260354827,45.8685372437366,9.181925677593206,11.102965163784546,0.055428420706435826,MQTT,UNSTABLE_NETWORK,Unstable network with high packet loss and jitter
2025-04-03T05:29:10,343.6786168354978,40.65294001473429,5.593184498196439,25.78869765198916,0.12314586755626244,MQTT,UNSTABLE_NETWORK,Unstable network with high packet loss and jitter
2025-04-03T12:42:07,53.40203750034177,73.3525512355515,6.486098773132296,34.47930732772947,0.09002826398229563,MQTT,UNSTABLE_NETWORK,Unstable network with high packet loss and jitter
2025-04-03T04:34:52,904.0251638720846,34.150878390587906,5.590667498140057,34.57224811949344,0.09795785274333177,MQTT,UNSTABLE_NETWORK,Unstable network with high packet loss and jitter
2025-04-03T22:52:29,134.55991600562493,59.03943015436686,5.804428074752343,43.52759030614763,0.10215698117606184,MQTT,UNSTABLE_NETWORK,Unstable network with high packet loss and jitter
2025-04-03T15:42:24,2840.512595145994,52.80794654883067,16.165736443719478,41.98225393201287,0.06225951860605167,LoRaWAN,UNSTABLE_NETWORK,Unstable network with high packet loss and jitter
2025-04-03T04:59:12,1096.457879480646,66.38861072867962,10.533367616214997,27.14458374692776,0.12163896751920103,MQTT,UNSTABLE_NETWORK,Unstable network with high packet loss and jitter
2025-04-03T13:00:15,175.3872173011116,37.45965289139177,11.305213585358628,42.99871243530605,0.06101577202333454,LoRaWAN,UNSTABLE_NETWORK,Unstable network with high packet loss and jitter
2025-04-03T13:08:37,1395.4917048404689,36.47462289860544,9.475980460509488,22.85958256222545,0.12218697077787659,MQTT,UNSTABLE_NETWORK,Unstable network with high packet loss and jitter
2025-04-03T17:52:21,325.4500804742554,63.91187222003027,3.181229634794126,39.308873827918376,0.09326906468406022,MQTT,UNSTABLE_NETWORK,Unstable network with high packet loss and jitter
2025-04-03T02:49:45,834.7321415320871,53.85231045522842,9.184873910969921,48.10522478420993,0.026328645372610336,CoAP,UNSTABLE_NETWORK,Unstable network with high packet loss and jitter
2025-04-03T07:58:31,536.712116797692,24.300097852532847,11.21878884352204,42.14944106854969,0.05755971540198395,LoRaWAN,UNSTABLE_NETWORK,Unstable network with high packet loss and jitter
2025-04-03T04:59:53,108.65247528866206,39.386250058142636,5.439801577882665,31.05770383524123,0.026451844013836864,HTTPS,UNSTABLE_NETWORK,Unstable network with high packet loss and jitter
2025-04-03T07:26:29,138.5903799858256,53.27323230522008,10.89598000148338,26.682212282278776,0.11489846398382626,MQTT,UNSTABLE_NETWORK,Unstable network with high packet loss and jitter
2025-04-03T18:32:03,1032.4970376775045,60.04562304310547,10.113008629562238,14.714087037407138,0.07925793737592797,MQTT,UNSTABLE_NETWORK,Unstable network with high packet loss and jitter
2025-04-03T01:15:36,200.7483384596484,37.29236714441978,13.55612013444101,33.10539637914204,0.013149726801506598,CoAP,UNSTABLE_NETWORK,Unstable network with high packet loss and jitter
2025-04-03T10:46:35,184.82405505182274,3.7686543174674596,6.746650962459143,18.84782772029081,0.09127240645158975,MQTT,UNSTABLE_NETWORK,Unstable network with high packet loss and jitter
2025-04-03T21:59:48,95.35772818185912,55.33250917318454,4.70716705317282,22.068653363860633,0.0638850721283504,MQTT,UNSTABLE_NETWORK,Unstable network with high packet loss and jitter
2025-04-03T04:23:42,498.74819710394354,29.181018260376874,6.915115671882363,18.092541992633286,0.03548582434900031,MQTT,UNSTABLE_NETWORK,Unstable network with high packet loss and jitter
2025-04-03T20:33:02,3564.6187254569863,17.22741386010781,12.30671297949087,25.39607667343345,0.13033897510906092,LoRaWAN,UNSTABLE_NETWORK,Unstable network with high packet loss and jitter
2025-04-03T07:40:43,83.32452949482291,5.004274179589338,2.514782357474111,29.720305855130178,0.08321857598289736,MQTT,UNSTABLE_NETWORK,Unstable network with high packet loss and jitter
2025-04-03T10:35:01,308.84694256123055,59.70054317972504,1.7948728537069032,32.73614581165705,0.07119705793060063,MQTT,UNSTABLE_NETWORK,Unstable network with high packet loss and jitter
2025-04-03T07:56:31,1633.445948564833,49.421759255240886,8.26818583679484,23.994933645860367,0.06801725657041949,MQTT,UNSTABLE_NETWORK,Unstable network with high packet loss and jitter
2025-04-03T08:35:59,272.65651199291034,44.10931901089008,6.672232121677531,40.69283706395183,0.03460161592526684,HTTPS,UNSTABLE_NETWORK,Unstable network with high packet loss and jitter
2025-04-03T07:35:21,516.2693524485994,68.33119738842275,8.023183679527055,27.91794742010034,0.04086353301247672,MQTT,UNSTABLE_NETWORK,Unstable network with high packet loss and jitter
2025-04-03T01:20:09,83.84000170255679,57.05736941173489,10.835935313707596,22.122775667344808,0.1185475035462525,MQTT,UNSTABLE_NETWORK,Unstable network with high packet loss and jitter
2025-04-03T02:50:12,501.57391847461264,71.74366702962502,6.3422919616434426,32.262922672434364,0.06578351390642843,MQTT,UNSTABLE_NETWORK,Unstable network with high packet loss and jitter
2025-04-03T23:35:30,239.65714911659109,26.60980152869879,2.380982507208138,49.63552833543816,0.0806620310281059,MQTT,UNSTABLE_NETWORK,Unstable network with high packet loss and jitter
2025-04-03T05:40:26,979.1241714497307,46.98424147430175,14.133444671599833,33.35160566535118,0.01867008571396777,CoAP,UNSTABLE_NETWORK,Unstable network with high packet loss and jitter
2025-04-03T21:45:37,1247.1868031851254,23.25346743179846,5.008315137683672,26.37144372626393,0.040457238926134835,MQTT,UNSTABLE_NETWORK,Unstable network with high packet loss and jitter
2025-04-03T18:12:58,6709.359997930703,44.06510030059413,4.822888633963707,14.72538643881296,0.09829437559624259,MQTT,UNSTABLE_NETWORK,Unstable network with high packet loss and jitter
2025-04-03T15:09:11,601.4493240141308,43.77826469433345,11.311160041167788,27.805876790279296,0.091331352803415,MQTT,UNSTABLE_NETWORK,Unstable network with high packet loss and jitter
2025-04-03T11:10:05,443.5178524783953,56.90837428218714,6.846532636875446,32.349281250881155,0.13260125596172948,MQTT,UNSTABLE_NETWORK,Unstable network with high packet loss and jitter
2025-04-03T10:34:13,378.81336249548735,48.194295162777024,7.809830443895567,26.1241910874443,0.1202886899489368,MQTT,UNSTABLE_NETWORK,Unstable network with high packet loss and jitter
2025-04-03T23:58:34,196.36652202771518,56.863611242254755,9.448370372180953,13.346153617590005,0.07307867082545531,MQTT,UNSTABLE_NETWORK,Unstable network with high packet loss and jitter
2025-04-03T00:49:57,450.32209203597563,58.0657733875469,11.250749309329986,21.49434610496566,0.09418860694139813,MQTT,UNSTABLE_NETWORK,Unstable network with high packet loss and jitter
2025-04-03T08:11:36,210.46108832866207,79.83976877361808,6.999617920454684,44.545384608877576,0.07050189671290778,HTTPS,UNSTABLE_NETWORK,Unstable network with high packet loss and jitter
2025-04-03T03:26:46,367.2106443398206,42.78805600598656,12.559856017742899,44.34001003730461,0.14164429455915944,MQTT,UNSTABLE_NETWORK,Unstable network with high packet loss and jitter
2025-04-03T04:44:55,1458.1146103278058,33.40383254769021,1.5926004537955833,21.13360830795402,0.11447044088157199,MQTT,UNSTABLE_NETWORK,Unstable network with high packet loss and jitter
2025-04-03T13:48:04,89.65163131040163,51.2120945098395,10.27936171085923,36.72756787199422,0.08509055272573254,MQTT,UNSTABLE_NETWORK,Unstable network with high packet loss and jitter
2025-04-03T10:01:35,1178.0746684821997,35.488307095407684,5.481417325947028,18.214272152298264,0.08601184354629055,MQTT,UNSTABLE_NETWORK,Unstable network with high packet loss and jitter
2025-04-03T22:07:14,1457.2706618215313,69.75358625145634,12.116813949823975,44.04316281994952,0.12334550861779424,MQTT,UNSTABLE_NETWORK,Unstable network with high packet loss and jitter
2025-04-03T10:55:05,260.36910066863913,43.277571363137284,8.426133436491636,32.452358478942365,0.09738733541341542,MQTT,UNSTABLE_NETWORK,Unstable network with high packet loss and jitter
2025-04-03T17:11:44,23.513073740655546,39.043863651613385,5.981284003971795,39.496414986165334,0.12675884051210257,MQTT,UNSTABLE_NETWORK,Unstable network with high packet loss and jitter
2025-04-03T05:10:44,144.66143629601825,40.45944057486394,9.988523279064898,12.84906652817461,0.014190562212233804,MQTT,UNSTABLE_NETWORK,Unstable network with high packet loss and jitter
2025-04-03T12:55:11,1422.5067775587138,58.30710496661279,10.679565041621755,36.776371019248884,0.09383684784496395,MQTT,UNSTABLE_NETWORK,Unstable network with high packet loss and jitter
2025-04-03T02:59:34,291.879428207676,45.16630608847337,9.925682368575915,29.923259363154965,0.06453695405955845,MQTT,UNSTABLE_NETWORK,Unstable network with high packet loss and jitter
2025-04-03T08:51:51,90.43395415175446,37.909175757397385,4.910911281100819,38.519290707908425,0.13269133962883978,MQTT,UNSTABLE_NETWORK,Unstable network with high packet loss and jitter
2025-04-03T11:14:40,163.702796806511,72.51612404611355,6.547948629133746,39.1486779809785,0.12639196061569488,MQTT,UNSTABLE_NETWORK,Unstable network with high packet loss and jitter
2025-04-03T17:01:24,822.6464376280143,34.69496489424181,7.987781488635695,30.657846894747493,0.0809850742730392,MQTT,UNSTABLE_NETWORK,Unstable network with high packet loss and jitter
2025-04-03T01:52:46,578.1670012842841,48.072670837070426,7.876221042049819,23.991703609040854,0.12606892936433095,MQTT,UNSTABLE_NETWORK,Unstable network with high packet loss and jitter
2025-04-03T07:25:03,225.21690400835396,57.32543922313645,10.249236426315044,37.796961821794945,0.13349343559977517,MQTT,UNSTABLE_NETWORK,Unstable network with high packet loss and jitter
2025-04-03T12:16:12,193.17435608291174,23.072487515134362,1.9552963024801748,29.398455005948723,0.08223220015778442,MQTT,UNSTABLE_NETWORK,Unstable network with high packet loss and jitter
2025-04-03T09:48:24,187.4800980050287,54.74808891488681,9.002981163660511,21.272150464723573,0.15415801317295574,MQTT,UNSTABLE_NETWORK,Unstable network with high packet loss and jitter
2025-04-03T10:17:26,99.17542515001415,31.71923348399866,7.130055936690081,20.798477685423144,0.07905976541990833,MQTT,UNSTABLE_NETWORK,Unstable network with high packet loss and jitter
2025-04-03T05:37:03,2084.3937030047446,59.88925755112291,5.484498150848143,15.228355836876183,0.07356437148992273,MQTT,UNSTABLE_NETWORK,Unstable network with high packet loss and jitter
2025-04-03T23:13:54,203.77122359968067,33.1094178822357,5.772539666691201,24.897088404369367,0.1059761776575303,MQTT,UNSTABLE_NETWORK,Unstable network with high packet loss and jitter
2025-04-03T14:59:55,1292.5505290316605,57.942385761160715,7.356387006446109,41.02692046074378,0.06938627806573058,HTTPS,UNSTABLE_NETWORK,Unstable network with high packet loss and jitter
2025-04-03T19:44:28,1861.9167315947864,64.14001350025598,2.8032553133785534,31.77829799705434,0.08256019327384681,HTTPS,UNSTABLE_NETWORK,Unstable network with high packet loss and jitter
2025-04-03T11:00:48,994.0182358697915,60.47573261273482,5.89613128762535,24.702322940769594,0.1222830327215273,MQTT,UNSTABLE_NETWORK,Unstable network with high packet loss and jitter
2025-04-03T19:04:06,178.72317482344192,51.32560167422175,5.37255552606112,38.0485593818008,0.08057656556651811,MQTT,UNSTABLE_NETWORK,Unstable network with high packet loss and jitter
2025-04-03T15:12:31,486.9973020165365,44.088005029112196,9.598349627967872,21.675233782766114,0.029149466210740778,MQTT,UNSTABLE_NETWORK,Unstable network with high packet loss and jitter
2025-04-03T04:27:00,291.4148190068495,38.912892750442495,5.5834199524684385,30.953502743327785,0.0910195816354759,MQTT,UNSTABLE_NETWORK,Unstable network with high packet loss and jitter
2025-04-03T12:37:46,101.42709269192218,69.62637398012919,7.3546585994885305,28.203696272744846,0.059111192628428164,MQTT,UNSTABLE_NETWORK,Unstable network with high packet loss and jitter
2025-04-03T11:21:24,442.7536908055861,37.07009253776545,12.626829882983905,37.79130625588352,0.10595813471883637,LoRaWAN,UNSTABLE_NETWORK,Unstable network with high packet loss and jitter
2025-04-03T11:01:39,72.88878055104817,32.00819695913762,10.98305455944627,14.227716290804992,0.10088569147478738,MQTT,UNSTABLE_NETWORK,Unstable network with high packet loss and jitter
2025-04-03T09:47:02,1247.6258955496971,57.54638931058748,10.706814199830358,21.498022541853445,0.12414201044499566,MQTT,UNSTABLE_NETWORK,Unstable network with high packet loss and jitter
2025-04-03T03:38:47,171.7846603790422,35.62547045970507,6.500382708767445,13.617543409054665,0.1072259690237809,MQTT,UNSTABLE_NETWORK,Unstable network with high packet loss and jitter
2025-04-03T02:22:39,381.9058306921192,33.318237267918065,9.629096837868957,27.4040327819073,0.11270732850974194,MQTT,UNSTABLE_NETWORK,Unstable network with high packet loss and jitter
2025-04-03T02:54:07,421.46128408205215,25.916793019770964,7.298306598639218,42.1142750363243,0.0599270971958686,LoRaWAN,UNSTABLE_NETWORK,Unstable network with high packet loss and jitter
2025-04-03T04:54:27,219.88320218387744,40.328876582817145,7.4117203679691865,24.94552790346473,0.10411959487671507,MQTT,UNSTABLE_NETWORK,Unstable network with high packet loss and jitter
2025-04-03T07:51:50,606.5669055177717,46.333466038684975,9.229056031239649,24.893160618043492,0.13905353868080872,MQTT,UNSTABLE_NETWORK,Unstable network with high packet loss and jitter
2025-04-03T18:34:52,169.67724721083178,51.22223453445032,6.209019234737203,38.717244241841364,0.059340502740896986,MQTT,UNSTABLE_NETWORK,Unstable network with high packet loss and jitter
2025-04-03T09:47:56,853.4946138946304,61.84711950643956,12.47900931332961,40.685495584552996,0.13399214875181295,MQTT,UNSTABLE_NETWORK,Unstable network with high packet loss and jitter
2025-04-03T01:11:30,59.65672351943118,55.48266191934169,7.519609581206189,29.1142893273121,0.06351949726396008,MQTT,UNSTABLE_NETWORK,Unstable network with high packet loss and jitter
2025-04-03T17:27:24,349.12777410469954,44.717776993464554,9.855081698778996,36.84714854049892,0.054440862648500774,CoAP,UNSTABLE_NETWORK,Unstable network with high packet loss and jitter
2025-04-03T09:56:19,3073.269548939941,44.60959236347392,12.366801437771894,19.230454591220536,0.08888601330064515,LoRaWAN,UNSTABLE_NETWORK,Unstable network with high packet loss and jitter
2025-04-03T13:33:08,90.3223452152686,55.23655676530495,11.094961323725524,43.77974333925414,0.10147731248386428,MQTT,UNSTABLE_NETWORK,Unstable network with high packet loss and jitter
2025-04-03T12:06:55,133.01853907198978,66.6744143979132,3.7732426919284254,51.48706293937052,0.10735250371916795,MQTT,UNSTABLE_NETWORK,Unstable network with high packet loss and jitter
2025-04-03T17:06:21,555.8352260186628,49.482242168640134,9.334687685029653,35.212157911887246,0.05114712737680395,CoAP,UNSTABLE_NETWORK,Unstable network with high packet loss and jitter
2025-04-03T21:17:29,372.1439020662278,40.552233585643464,10.552158183381941,9.156683786571996,0.09303620291762871,MQTT,UNSTABLE_NETWORK,Unstable network with high packet loss and jitter
2025-04-03T23:22:50,456.9338325113981,32.697873604923885,10.675589066482246,24.417697376022158,0.059433362855494845,MQTT,UNSTABLE_NETWORK,Unstable network with high packet loss and jitter
2025-04-03T08:42:51,539.588618067333,25.914451877431155,4.660115497656107,36.12825321669321,0.03533233231788271,HTTPS,UNSTABLE_NETWORK,Unstable network with high packet loss and jitter
2025-04-03T00:43:18,642.5523145831122,57.588243146674856,6.028894288948028,25.785170028336374,0.052137910534016466,MQTT,UNSTABLE_NETWORK,Unstable network with high packet loss and jitter
2025-04-03T20:15:42,1136.1746003972928,56.26554314302284,10.983674707224864,42.721985542500974,0.05747298902132546,CoAP,UNSTABLE_NETWORK,Unstable network with high packet loss and jitter
2025-04-03T12:44:05,490.56847071342736,56.25798538743687,5.714718887952063,35.881572644358656,0.09564785481057522,MQTT,UNSTABLE_NETWORK,Unstable network with high packet loss and jitter
2025-04-03T09:43:47,224.58927488951898,45.669308037963575,7.100911830007057,22.935244992342035,0.11456640989206006,MQTT,UNSTABLE_NETWORK,Unstable network with high packet loss and jitter
2025-04-03T19:56:48,672.4117768966515,68.70488814402815,12.727627428505908,30.322648107712528,0.035803801103742004,HTTPS,UNSTABLE_NETWORK,Unstable network with high packet loss and jitter
2025-04-03T05:55:31,2932.5886097670063,40.34075675928708,7.856602248845631,21.061667793609097,0.09055883222624167,MQTT,UNSTABLE_NETWORK,Unstable network with high packet loss and jitter
2025-04-03T23:07:05,255.85784032254503,61.9332399585749,5.819677586498471,28.174151215875582,0.04469905442687281,MQTT,UNSTABLE_NETWORK,Unstable network with high packet loss and jitter
2025-04-03T11:05:24,93.16268901233538,47.02472519803114,5.367147929411285,24.45406759567448,0.09887256227042002,MQTT,UNSTABLE_NETWORK,Unstable network with high packet loss and jitter
2025-04-03T13:10:08,1132.6092014166668,38.4822743750917,8.998157988755564,41.747618002330384,0.061318082569887564,CoAP,UNSTABLE_NETWORK,Unstable network with high packet loss and jitter
2025-04-03T12:47:33,259.64753531563474,56.497157677455654,4.000555974568373,51.16012056830995,0.048460129459301636,HTTPS,UNSTABLE_NETWORK,Unstable network with high packet loss and jitter
2025-04-03T07:24:19,22.122142266138976,53.755412070356606,7.257992108310745,15.688116667642479,0.10398993546042724,MQTT,UNSTABLE_NETWORK,Unstable network with high packet loss and jitter
2025-04-03T01:53:50,829.3883382406046,52.96712890150806,8.999691604970065,10.767837137902479,0.062392321836647155,MQTT,UNSTABLE_NETWORK,Unstable network with high packet loss and jitter
2025-04-03T07:29:23,157.80950664748786,48.83338106575462,11.897449461643003,27.548275781486144,0.07052108145941906,MQTT,UNSTABLE_NETWORK,Unstable network with high packet loss and jitter
2025-04-03T05:06:19,269.1160060484118,47.04747573156664,10.002644241109987,14.815843011713174,0.013400327373308707,HTTPS,UNSTABLE_NETWORK,Unstable network with high packet loss and jitter
2025-04-03T19:39:13,446.82135940205677,83.44311907278316,5.857804646053464,30.462116036709173,0.10839654084270421,MQTT,UNSTABLE_NETWORK,Unstable network with high packet loss and jitter
2025-04-03T01:27:22,377.05161594264405,65.38305608007664,11.535257952691161,37.489361138059266,0.10462725563507322,MQTT,UNSTABLE_NETWORK,Unstable network with high packet loss and jitter
2025-04-03T23:12:01,702.8367566351803,58.4632770493242,7.101454887357567,44.94141897266825,0.08016373532843941,HTTPS,UNSTABLE_NETWORK,Unstable network with high packet loss and jitter
2025-04-03T02:02:22,177.89595020607297,49.2995282199998,4.292890933851773,32.01394558715281,0.03417257175932723,HTTPS,UNSTABLE_NETWORK,Unstable network with high packet loss and jitter
2025-04-03T18:52:54,555.3005132195691,62.731566078306486,7.483875922203582,28.06844775150421,0.1162810753500429,MQTT,UNSTABLE_NETWORK,Unstable network with high packet loss and jitter
2025-04-03T00:28:26,219.71394747433962,55.395796937635694,12.314507603437105,10.216150834269158,0.06001209840917626,MQTT,UNSTABLE_NETWORK,Unstable network with high packet loss and jitter
2025-04-03T20:45:14,728.0393156274314,48.02061380578192,8.495720150194776,30.261851491857986,0.06639939649698236,MQTT,UNSTABLE_NETWORK,Unstable network with high packet loss and jitter
2025-04-03T07:43:22,627.8011369870162,43.07574485759013,8.03756559298936,30.712872605494617,0.14936132169078592,MQTT,UNSTABLE_NETWORK,Unstable network with high packet loss and jitter
2025-04-03T01:01:03,97.63695237879625,46.417116894046,12.911634934108559,36.38956814212745,0.058890906676723115,CoAP,UNSTABLE_NETWORK,Unstable network with high packet loss and jitter
2025-04-03T12:31:03,1104.2934680993442,5.188930219564633,3.705935458836719,22.91511898470909,0.10226629887279501,MQTT,UNSTABLE_NETWORK,Unstable network with high packet loss and jitter
2025-04-03T14:00:15,157.6892525672318,50.79322399326589,4.143202657841683,25.6494739976414,0.09686276786247852,MQTT,UNSTABLE_NETWORK,Unstable network with high packet loss and jitter
2025-04-03T06:16:56,791.1217164410026,40.30873742455334,3.1524605870995037,15.219977446958158,0.09170516578640256,MQTT,UNSTABLE_NETWORK,Unstable network with high packet loss and jitter
2025-04-03T17:29:38,466.1592205359097,71.52759582285945,9.117944559440165,7.087071931159347,0.08846001627663533,MQTT,UNSTABLE_NETWORK,Unstable network with high packet loss and jitter
2025-04-03T09:43:18,2723.3087897410705,47.92937413319999,8.499479381345374,18.915029092032167,0.09129165685667598,MQTT,UNSTABLE_NETWORK,Unstable network with high packet loss and jitter
2025-04-03T06:54:23,229.43581009646036,29.806429000406716,12.628209101839328,14.296741857469835,0.0881582177282162,MQTT,UNSTABLE_NETWORK,Unstable network with high packet loss and jitter
2025-04-03T09:35:05,197.27571510487684,46.89434520391685,8.73042523141031,33.36712295420611,0.07844244923671817,MQTT,UNSTABLE_NETWORK,Unstable network with high packet loss and jitter
2025-04-03T08:37:19,293.0897709515901,31.95239846230852,6.787528521562091,24.818659433331426,0.12533849372332226,MQTT,UNSTABLE_NETWORK,Unstable network with high packet loss and jitter
2025-04-03T13:38:51,208.5057742823369,54.746993196340554,8.005384618634322,24.61762869925211,0.04062018317602165,MQTT,UNSTABLE_NETWORK,Unstable network with high packet loss and jitter
2025-04-03T00:46:20,783.4543195135328,52.0117596481533,8.353122255382875,20.155869538247877,0.1106437431204613,MQTT,UNSTABLE_NETWORK,Unstable network with high packet loss and jitter
2025-04-03T19:58:59,43.129608979695334,62.0168108720925,2.984716180015499,2.325654325124333,0.10467026896062655,MQTT,UNSTABLE_NETWORK,Unstable network with high packet loss and jitter
2025-04-03T17:13:20,84.72100566519144,35.78765675245747,16.13099493300468,45.0831074874755,0.10095197363988204,LoRaWAN,UNSTABLE_NETWORK,Unstable network with high packet loss and jitter
2025-04-03T06:02:09,83.29753598815485,48.162672293705626,9.559613054305734,19.997294772232117,0.11350938282920386,MQTT,UNSTABLE_NETWORK,Unstable network with high packet loss and jitter
2025-04-03T17:47:15,938.3768102503537,27.178891141291366,8.630024924067767,25.87579930150093,0.0772220181419482,MQTT,UNSTABLE_NETWORK,Unstable network with high packet loss and jitter
2025-04-03T22:54:35,2336.755065359347,58.17830702396908,9.84549195283574,15.451078347106895,0.023930777725193704,HTTPS,UNSTABLE_NETWORK,Unstable network with high packet loss and jitter
2025-04-03T04:52:50,264.65931957757,55.44062022410766,10.128232941759816,39.71930343440634,0.07783122020856542,MQTT,UNSTABLE_NETWORK,Unstable network with high packet loss and jitter
2025-04-03T21:00:35,244.98485855735154,55.09629505532687,7.578339543492705,31.434289370373243,0.05026417347126337,HTTPS,UNSTABLE_NETWORK,Unstable network with high packet loss and jitter
2025-04-03T16:56:17,326.3090930611688,47.68517243267489,6.106276591277899,21.736347147341313,0.05804422370425809,MQTT,UNSTABLE_NETWORK,Unstable network with high packet loss and jitter
2025-04-03T08:55:28,1209.589636627971,53.88414754656011,9.798352058965111,26.07770388655976,0.04272740978502765,HTTPS,UNSTABLE_NETWORK,Unstable network with high packet loss and jitter
2025-04-03T22:54:11,98.5889033935278,71.72930803176466,9.157132521594358,46.781799221248704,0.06567965424668497,HTTPS,UNSTABLE_NETWORK,Unstable network with high packet loss and jitter
2025-04-03T22:24:04,399.3448198948414,43.38947477391297,5.570329702731776,29.270305681187217,0.062101289180496524,MQTT,UNSTABLE_NETWORK,Unstable network with high packet loss and jitter
2025-04-03T11:29:31,966.8270529562943,49.74723360760192,12.257106834101792,28.182664623840942,0.008672905102186934,CoAP,UNSTABLE_NETWORK,Unstable network with high packet loss and jitter
2025-04-03T16:29:44,547.3538462602719,31.37732858663697,8.880056108968951,20.586185138607348,0.10100665733846867,MQTT,UNSTABLE_NETWORK,Unstable network with high packet loss and jitter
2025-04-03T09:40:18,376.63645602364096,34.646975872790605,10.189458086802892,11.054188495276971,0.14660965574014645,MQTT,UNSTABLE_NETWORK,Unstable network with high packet loss and jitter
2025-04-03T19:51:02,997.2861957969964,49.13975691557266,12.175762663039757,28.399613264206558,0.09818711580488866,MQTT,UNSTABLE_NETWORK,Unstable network with high packet loss and jitter
2025-04-03T01:12:20,11.703684690754429,64.23322794210914,8.065666463494505,33.254851123246176,0.07391228130397318,MQTT,UNSTABLE_NETWORK,Unstable network with high packet loss and jitter
2025-04-03T09:36:39,676.7032582202968,43.83167960021441,8.950856020952346,40.9958446432767,0.07835760812971354,MQTT,UNSTABLE_NETWORK,Unstable network with high packet loss and jitter
2025-04-03T20:30:56,136.85085112980912,44.1388112467136,10.43008171551835,7.515034655003447,0.06737042395960471,MQTT,UNSTABLE_NETWORK,Unstable network with high packet loss and jitter
2025-04-03T19:38:52,33.34884030949207,41.575947741237314,5.825416748599843,18.74903672976971,0.08270124751600876,MQTT,UNSTABLE_NETWORK,Unstable network with high packet loss and jitter
2025-04-03T22:36:49,554.0337436933563,39.65954356854556,8.162154988538003,24.192589094435498,0.078889757177803,MQTT,UNSTABLE_NETWORK,Unstable network with high packet loss and jitter
2025-04-03T12:32:23,1559.581396801815,52.10713268925019,8.376645759953444,29.965191514267982,0.054768547088051164,HTTPS,UNSTABLE_NETWORK,Unstable network with high packet loss and jitter
2025-04-03T01:02:29,254.3838271961471,25.225363398345674,5.131824344949816,28.549663084715775,0.13048665166843493,MQTT,UNSTABLE_NETWORK,Unstable network with high packet loss and jitter
2025-04-03T08:21:08,941.2717922469872,66.89998894843372,14.952910366021635,28.783113143127306,0.035385372928706874,CoAP,UNSTABLE_NETWORK,Unstable network with high packet loss and jitter
2025-04-03T12:24:43,2076.6605636205786,37.706228048898375,3.778119669522793,34.080960585699444,0.10154994629582739,MQTT,UNSTABLE_NETWORK,Unstable network with high packet loss and jitter
2025-04-03T01:31:53,1453.4274706452973,58.51778202481987,4.105688288938527,20.967068892208907,0.07696407118047405,MQTT,UNSTABLE_NETWORK,Unstable network with high packet loss and jitter
2025-04-03T06:53:59,2146.8134596177533,28.64091800474708,11.942679727110738,39.341414422336946,0.13702495445197235,LoRaWAN,UNSTABLE_NETWORK,Unstable network with high packet loss and jitter
2025-04-03T18:40:08,730.9429872882635,57.72516614625596,10.139798752389627,34.33452441699481,0.09022593797744664,MQTT,UNSTABLE_NETWORK,Unstable network with high packet loss and jitter
2025-04-03T22:17:20,328.4231411140265,57.77340052768762,4.922105547557667,26.801677358719207,0.06920283388450256,MQTT,UNSTABLE_NETWORK,Unstable network with high packet loss and jitter
2025-04-03T04:19:43,43.878458302080304,53.45892971296607,9.821867045305078,46.00907991888916,0.07256878404696508,HTTPS,UNSTABLE_NETWORK,Unstable network with high packet loss and jitter
2025-04-03T13:38:55,223.29806400948428,32.78113802828821,12.40355133499193,45.56416035571767,0.08119720083559284,LoRaWAN,UNSTABLE_NETWORK,Unstable network with high packet loss and jitter
2025-04-03T08:16:06,109.05873172451652,51.442455921663715,7.9092108272090424,39.328953551938085,0.04571627915010798,HTTPS,UNSTABLE_NETWORK,Unstable network with high packet loss and jitter
2025-04-03T02:23:50,4059.9004624348486,29.9550575290842,15.796468700223746,0.1855677056779257,0.05699391424646265,MQTT,UNSTABLE_NETWORK,Unstable network with high packet loss and jitter
2025-04-03T04:17:28,242.91692190925463,43.91111869606472,2.827814567395894,45.78945092717976,0.026451680924244277,HTTPS,UNSTABLE_NETWORK,Unstable network with high packet loss and jitter
2025-04-03T11:46:02,347.8002228972315,63.14543125924486,10.081470361577306,37.94758522471934,0.05231069304877718,CoAP,UNSTABLE_NETWORK,Unstable network with high packet loss and jitter
2025-04-03T06:54:00,581.4732248360739,59.65643087338357,11.49958500866301,50.06408637712937,0.08281719444981349,HTTPS,UNSTABLE_NETWORK,Unstable network with high packet loss and jitter
2025-04-03T10:01:23,316.1147910069261,47.935313327836404,10.67403170481574,42.374645917335386,0.08900525147853564,HTTPS,UNSTABLE_NETWORK,Unstable network with high packet loss and jitter
2025-04-03T22:35:54,2293.5215799546595,33.08713777329475,7.3869328200630555,45.78342677497285,0.020620109150107944,CoAP,UNSTABLE_NETWORK,Unstable network with high packet loss and jitter
2025-04-03T08:47:44,142.1102607679807,57.39471931715775,7.128675553966552,38.78654850180379,0.075883648908674,MQTT,UNSTABLE_NETWORK,Unstable network with high packet loss and jitter
2025-04-03T16:12:28,378.91481638468014,48.0032894224227,9.332435513261771,43.48693198645512,0.09690229852466398,MQTT,UNSTABLE_NETWORK,Unstable network with high packet loss and jitter
2025-04-03T15:18:33,123.07793490289234,12.909504105903435,10.447263459956208,49.9412374073444,0.07511263419871295,LoRaWAN,UNSTABLE_NETWORK,Unstable network with high packet loss and jitter
2025-04-03T10:47:15,61.54419048111161,59.45535269651503,9.807420308847089,32.165547383782055,0.06098634062666599,MQTT,UNSTABLE_NETWORK,Unstable network with high packet loss and jitter
2025-04-03T01:29:16,143.97786400468675,47.354080016129345,11.120173672380169,14.277694559218704,0.06763516564855358,MQTT,UNSTABLE_NETWORK,Unstable network with high packet loss and jitter
2025-04-03T14:27:40,286.9587043710866,65.75600846632828,4.943390128799795,26.925390999848577,0.06377709935068335,MQTT,UNSTABLE_NETWORK,Unstable network with high packet loss and jitter
2025-04-03T00:27:30,179.22102223426216,31.291849186347594,7.3166870626290965,33.899455993834366,0.060898083226758284,MQTT,UNSTABLE_NETWORK,Unstable network with high packet loss and jitter
2025-04-03T04:35:36,130.69642908656806,5.373131389337143,5.179952203628737,30.748875843715577,0.08521470575734545,MQTT,UNSTABLE_NETWORK,Unstable network with high packet loss and jitter
2025-04-03T02:48:39,55.489927525234755,51.91049928898238,6.841661671741575,17.534380338405736,0.14923064683206355,MQTT,UNSTABLE_NETWORK,Unstable network with high packet loss and jitter
2025-04-03T09:29:59,271.5254266572524,52.09936378644166,11.045662675442916,13.68932374805021,0.057689002492844504,MQTT,UNSTABLE_NETWORK,Unstable network with high packet loss and jitter
2025-04-03T02:07:15,49.309562404437635,22.36750144452276,8.323951762175687,22.588373313651708,0.0704557210201572,MQTT,UNSTABLE_NETWORK,Unstable network with high packet loss and jitter
2025-04-03T12:04:59,746.8389984782156,33.05174989302791,15.82057748944931,38.07739555984151,0.07844906181874305,LoRaWAN,UNSTABLE_NETWORK,Unstable network with high packet loss and jitter
2025-04-03T12:41:23,331.195944701572,89.05917645923302,8.580219101569151,45.803397708229696,0.059379366969251196,HTTPS,UNSTABLE_NETWORK,Unstable network with high packet loss and jitter
2025-04-03T16:42:49,52.18111643381397,43.1484183135349,8.179075641739209,39.16567613777701,0.11294707410570279,MQTT,UNSTABLE_NETWORK,Unstable network with high packet loss and jitter
2025-04-03T06:38:31,207.00264732564432,58.69862939389266,8.318548758320649,40.57427287114136,0.008873438800806863,CoAP,UNSTABLE_NETWORK,Unstable network with high packet loss and jitter
2025-04-03T01:31:05,121.65568346480211,37.976014560131134,6.086573921420192,29.191844268364424,0.06406822488863972,MQTT,UNSTABLE_NETWORK,Unstable network with high packet loss and jitter
2025-04-03T16:12:25,440.00755057342514,16.383035710267006,7.826490162867219,12.57917542294036,0.10454941208959886,MQTT,UNSTABLE_NETWORK,Unstable network with high packet loss and jitter
2025-04-03T18:18:55,1498.654537974277,45.18537271353324,11.383364081334937,25.447794191172946,0.07117717074834098,CoAP,UNSTABLE_NETWORK,Unstable network with high packet loss and jitter
2025-04-03T04:11:20,31.613223905619993,43.75684523358772,8.341912004383317,27.412355881276213,0.05537483123449126,MQTT,UNSTABLE_NETWORK,Unstable network with high packet loss and jitter
2025-04-03T17:04:04,344.4034430113986,41.74440728026119,5.619620810349586,25.029475131643178,0.09322270263316293,MQTT,UNSTABLE_NETWORK,Unstable network with high packet loss and jitter
2025-04-03T05:20:29,247.55260873743222,46.024635550098346,5.224746138564095,30.546948653746263,0.10719029706191456,MQTT,UNSTABLE_NETWORK,Unstable network with high packet loss and jitter
2025-04-03T22:18:03,671.417108732624,51.70993937978625,6.64939432500247,34.414197598929505,0.08631906335645176,MQTT,UNSTABLE_NETWORK,Unstable network with high packet loss and jitter
2025-04-03T14:07:57,387.4622514911247,45.49582825870207,8.221590303232642,38.53015188243498,0.0559633892056135,CoAP,UNSTABLE_NETWORK,Unstable network with high packet loss and jitter
2025-04-03T08:09:48,121.68299684721283,28.789157230706184,11.580759606428785,27.21880135633666,0.0936860995745523,MQTT,UNSTABLE_NETWORK,Unstable network with high packet loss and jitter
2025-04-03T16:18:44,204.57154177944346,55.04368884575319,3.97853407590069,10.962405943554067,0.0679385209917563,MQTT,UNSTABLE_NETWORK,Unstable network with high packet loss and jitter
2025-04-03T17:26:13,115.41697571350767,18.51200786489523,7.040521166333731,25.17122280708865,0.10235560645681484,MQTT,UNSTABLE_NETWORK,Unstable network with high packet loss and jitter
2025-04-03T07:59:07,1091.1539020133996,16.99888955787604,8.432930058305237,30.43710396991984,0.12449776654569772,MQTT,UNSTABLE_NETWORK,Unstable network with high packet loss and jitter
2025-04-03T13:46:04,307.77113945738006,58.84362606007003,2.4988826971116964,42.228079221334085,0.0018326973293440185,HTTPS,UNSTABLE_NETWORK,Unstable network with high packet loss and jitter
2025-04-03T01:26:57,2937.197861667348,55.362889943984335,5.499205151100781,24.321921578158946,0.08333202419586898,MQTT,UNSTABLE_NETWORK,Unstable network with high packet loss and jitter
2025-04-03T19:14:35,278.937989727977,46.898322608250915,5.960334380791441,35.12543628399402,0.02792798189157119,HTTPS,UNSTABLE_NETWORK,Unstable network with high packet loss and jitter
2025-04-03T16:46:12,128.21318090379313,26.829192735442845,5.612088878448505,32.90087899635432,0.15325365755989312,MQTT,UNSTABLE_NETWORK,Unstable network with high packet loss and jitter
2025-04-03T00:26:19,48.780234668121864,37.14392341906527,8.575668635064943,30.439005331233883,0.06595626398611429,MQTT,UNSTABLE_NETWORK,Unstable network with high packet loss and jitter
2025-04-03T13:29:34,34.46743148162232,43.8230535362863,7.518321171494608,39.305333193245914,0.10239119725476117,MQTT,UNSTABLE_NETWORK,Unstable network with high packet loss and jitter
2025-04-03T15:44:58,44.827390292234895,23.82751244537963,6.334141692196891,23.391588032474193,0.07894049421215313,MQTT,UNSTABLE_NETWORK,Unstable network with high packet loss and jitter
2025-04-03T23:14:32,413.36643684700215,36.68215932605031,9.283887879657906,24.248135503564836,0.05590746257842821,MQTT,UNSTABLE_NETWORK,Unstable network with high packet loss and jitter
2025-04-03T10:42:40,552.3889968523204,57.55421149145647,13.16922415293875,29.88099176905772,0.0523384085846772,CoAP,UNSTABLE_NETWORK,Unstable network with high packet loss and jitter
2025-04-03T13:19:24,44.986103556250725,69.18050410555199,12.917769550225255,23.598534949063,0.12757037519302278,MQTT,UNSTABLE_NETWORK,Unstable network with high packet loss and jitter
2025-04-03T07:28:56,878.1596857667271,41.48106957374294,2.2316846838129916,35.080122910545995,0.10867814180534932,MQTT,UNSTABLE_NETWORK,Unstable network with high packet loss and jitter
2025-04-03T03:26:37,168.0244009549848,59.12158340077015,9.731216551505419,22.868076956338673,0.1383075226213269,MQTT,UNSTABLE_NETWORK,Unstable network with high packet loss and jitter
2025-04-03T04:38:18,357.78565893501707,19.065024249624138,7.465930129808485,32.263042077451345,0.08166360005473097,MQTT,UNSTABLE_NETWORK,Unstable network with high packet loss and jitter
2025-04-03T23:01:14,2076.5169557131603,57.66936114754778,8.465466028596069,28.998272312132436,0.08863758863738001,MQTT,UNSTABLE_NETWORK,Unstable network with high packet loss and jitter
2025-04-03T00:34:10,880.0596186953245,35.72003353233887,6.805150899372354,32.14925964776706,0.07198425303034135,MQTT,UNSTABLE_NETWORK,Unstable network with high packet loss and jitter
2025-04-03T13:52:42,217.3579855279643,52.391111226278106,8.352765889661606,25.40258604936961,0.07138753390654973,MQTT,UNSTABLE_NETWORK,Unstable network with high packet loss and jitter
2025-04-03T14:54:07,102.96115736647847,44.06630792447038,8.454222188216056,26.60911705473173,0.048743392025678955,HTTPS,UNSTABLE_NETWORK,Unstable network with high packet loss and jitter
2025-04-03T10:11:10,22.682733426794716,67.59047156723099,6.263144727953231,30.9600926799705,0.08252030572773054,MQTT,UNSTABLE_NETWORK,Unstable network with high packet loss and jitter
2025-04-03T13:53:34,126.57037676919288,34.66939391778219,5.310897356524458,32.02074506161313,0.056322602153414086,MQTT,UNSTABLE_NETWORK,Unstable network with high packet loss and jitter
2025-04-03T02:58:01,232.85738580119533,57.2016903287159,6.653912952141548,29.95798084608844,0.09325726766492608,MQTT,UNSTABLE_NETWORK,Unstable network with high packet loss and jitter
2025-04-03T16:56:45,91.75913463879682,43.5966511382479,8.702777793370297,47.05362356513084,0.08510030656940629,HTTPS,UNSTABLE_NETWORK,Unstable network with high packet loss and jitter
2025-04-03T05:50:08,256.2809014343514,45.416348139958416,9.796989025052792,20.09263081258716,0.08863046131027166,MQTT,UNSTABLE_NETWORK,Unstable network with high packet loss and jitter
2025-04-03T15:34:11,328.9825580145656,45.03478913512269,10.56004693202044,29.357962050472864,0.13025389819070676,MQTT,UNSTABLE_NETWORK,Unstable network with high packet loss and jitter
2025-04-03T22:06:10,229.05343031370407,35.10916818750661,6.517429930799262,14.263709778830155,0.07886846150703226,MQTT,UNSTABLE_NETWORK,Unstable network with high packet loss and jitter
2025-04-03T15:23:51,137.52137748883086,47.5844474887257,8.85153370190821,33.72081478667386,0.10270181008560285,MQTT,UNSTABLE_NETWORK,Unstable network with high packet loss and jitter
2025-04-03T20:44:37,367.2960068061332,46.85787586790592,10.887507775859895,18.84753463623186,0.14154528392256743,MQTT,UNSTABLE_NETWORK,Unstable network with high packet loss and jitter
2025-04-03T01:10:48,509.84729236171154,51.417870148241654,11.496784685432385,27.216897441234238,0.11919851207885143,MQTT,UNSTABLE_NETWORK,Unstable network with high packet loss and jitter
2025-04-03T15:16:48,81.06923816650912,49.06851082994112,7.823501437605433,26.27935674668674,0.11459509095364534,MQTT,UNSTABLE_NETWORK,Unstable network with high packet loss and jitter
2025-04-03T07:51:24,1630.9229007511328,59.7725191111392,7.337204825181162,32.80891126601171,0.070799353534385,HTTPS,UNSTABLE_NETWORK,Unstable network with high packet loss and jitter
2025-04-03T09:05:48,266.52731026964784,61.65689733007365,8.573372701509177,24.4720908245482,0.08688929166703391,MQTT,UNSTABLE_NETWORK,Unstable network with high packet loss and jitter
2025-04-03T04:06:02,306.863192794554,32.04658548435357,4.550877581307783,24.046943023060177,0.04045171123910175,MQTT,UNSTABLE_NETWORK,Unstable network with high packet loss and jitter
2025-04-03T17:32:55,701.7939079918561,60.83919004303962,7.419171466893475,44.35856464085898,0.09496743202893243,MQTT,UNSTABLE_NETWORK,Unstable network with high packet loss and jitter
2025-04-03T13:40:08,396.88312114787584,30.014223349937712,10.23375919541939,32.84566790474526,0.08823380532841525,MQTT,UNSTABLE_NETWORK,Unstable network with high packet loss and jitter
2025-04-03T12:47:57,941.5678725968223,56.62877530105902,9.925841388331104,24.38949147977732,0.08070155375468543,MQTT,UNSTABLE_NETWORK,Unstable network with high packet loss and jitter
2025-04-03T16:02:27,423.40597599344756,57.1086859719435,7.189197186908332,27.491663281887693,0.1108158436472858,MQTT,UNSTABLE_NETWORK,Unstable network with high packet loss and jitter
2025-04-03T20:52:46,143.86244861132667,19.144518048870374,8.6531546032615,46.45354952270745,0.043766755327268106,LoRaWAN,UNSTABLE_NETWORK,Unstable network with high packet loss and jitter
2025-04-03T03:39:51,462.9350228882536,49.21062734415655,5.526048979127937,27.64835121748903,0.12904588553481042,MQTT,UNSTABLE_NETWORK,Unstable network with high packet loss and jitter
2025-04-03T15:15:04,76.0439167882922,40.79016416821814,10.110476444675074,23.10723376847612,0.10705294063820851,MQTT,UNSTABLE_NETWORK,Unstable network with high packet loss and jitter
2025-04-03T06:14:42,341.74133537486364,36.437794221999724,7.7665356915905805,23.150038498736073,0.07788098061044078,MQTT,UNSTABLE_NETWORK,Unstable network with high packet loss and jitter
2025-04-03T15:39:02,288.27257856522414,68.0837252739229,7.172145644911586,24.508735190104225,0.0755381123654782,HTTPS,UNSTABLE_NETWORK,Unstable network with high packet loss and jitter
2025-04-03T17:53:00,233.7009358264941,38.01742042628399,6.91482849171984,24.055022775732777,0.09441833645745783,MQTT,UNSTABLE_NETWORK,Unstable network with high packet loss and jitter
2025-04-03T12:43:38,257.1186009985312,35.728620821482004,7.811318399300426,17.20352151650757,0.1256255369619134,MQTT,UNSTABLE_NETWORK,Unstable network with high packet loss and jitter
2025-04-03T01:05:41,31.360954129243716,48.96136608073662,6.656367065204125,18.757999030530218,0.08304823156070032,MQTT,UNSTABLE_NETWORK,Unstable network with high packet loss and jitter
2025-04-03T11:33:04,155.29283387982747,58.111455397543935,9.97442910800769,21.7067962563863,0.08432092705937679,MQTT,UNSTABLE_NETWORK,Unstable network with high packet loss and jitter
2025-04-03T23:25:18,335.35724145163204,45.70454763532325,6.814149355951458,35.91571018453098,0.08054355432877615,MQTT,UNSTABLE_NETWORK,Unstable network with high packet loss and jitter
2025-04-03T11:47:48,363.43851847690627,65.32650183292141,12.778892288082144,26.187627127271266,0.13346072338104417,MQTT,UNSTABLE_NETWORK,Unstable network with high packet loss and jitter
2025-04-03T12:11:37,87.40673205928125,55.79724579975145,12.395631510444144,27.9283831090596,0.06893350691188929,MQTT,UNSTABLE_NETWORK,Unstable network with high packet loss and jitter
2025-04-03T02:14:21,1370.0902378459086,15.161108296726113,5.325369530436486,42.70088025254897,0.07911477204142786,LoRaWAN,UNSTABLE_NETWORK,Unstable network with high packet loss and jitter
2025-04-03T11:12:06,106.0990038507537,39.89394086249991,8.209112808287841,42.95007149938418,0.12390306962782983,MQTT,UNSTABLE_NETWORK,Unstable network with high packet loss and jitter
2025-04-03T04:53:38,960.1899363803633,39.40998104723702,6.048030135991415,27.17875056862265,0.08441032500838591,MQTT,UNSTABLE_NETWORK,Unstable network with high packet loss and jitter
2025-04-03T10:50:15,500.90462259634046,55.02969406136131,7.020057310434165,23.69136489316591,0.11411176580136567,MQTT,UNSTABLE_NETWORK,Unstable network with high packet loss and jitter
2025-04-03T06:51:57,138.14580741478204,8.468691136715766,14.007282402934392,21.355696863264622,0.05266159829291125,LoRaWAN,UNSTABLE_NETWORK,Unstable network with high packet loss and jitter
2025-04-03T09:12:45,2525.4020222982867,86.07775983550074,7.077285748652603,36.92775769708238,0.07384122435114458,HTTPS,UNSTABLE_NETWORK,Unstable network with high packet loss and jitter
2025-04-03T19:22:20,71.62314504492632,55.80967285055553,9.080678111232286,27.95292766477712,0.12453302115320686,MQTT,UNSTABLE_NETWORK,Unstable network with high packet loss and jitter
2025-04-03T23:24:21,903.9440645573958,50.07910070831522,9.623963882024835,26.1350510967721,0.059709808527093636,HTTPS,UNSTABLE_NETWORK,Unstable network with high packet loss and jitter
2025-04-03T12:09:55,996.7313310934942,65.57113161824451,4.998111882550278,21.863354248624475,0.07546102880690878,MQTT,UNSTABLE_NETWORK,Unstable network with high packet loss and jitter
2025-04-03T06:40:59,134.16068505615155,83.00409388655417,5.434713576772385,22.303335909886115,0.08770055692674436,MQTT,UNSTABLE_NETWORK,Unstable network with high packet loss and jitter
2025-04-03T08:29:13,1595.178362097544,60.912149985598305,4.381932885775644,33.20058191493244,0.0503253644602104,HTTPS,UNSTABLE_NETWORK,Unstable network with high packet loss and jitter
2025-04-03T20:53:18,222.23306136024698,62.08481398625403,5.342087798306669,16.84561734112738,0.06758569644134309,MQTT,UNSTABLE_NETWORK,Unstable network with high packet loss and jitter
2025-04-03T15:37:03,424.2041519463048,49.81463512855293,0.5500903279515477,39.94868693787939,0.0833791004547692,MQTT,UNSTABLE_NETWORK,Unstable network with high packet loss and jitter
2025-04-03T08:14:50,410.00472383537095,45.73306568349044,9.633747202380885,24.661553561850816,0.08140045202485884,MQTT,UNSTABLE_NETWORK,Unstable network with high packet loss and jitter
2025-04-03T04:31:47,255.34408406812236,40.72068754632862,14.16258152376821,28.503640557482075,0.11841056062511407,MQTT,UNSTABLE_NETWORK,Unstable network with high packet loss and jitter
2025-04-03T17:38:07,793.7371828198086,35.46760655309147,8.44346221710958,16.630220418594455,0.1262437158449676,MQTT,UNSTABLE_NETWORK,Unstable network with high packet loss and jitter
2025-04-03T09:59:48,777.4108221835572,37.555742155724616,3.7511934219781775,29.876340617576354,0.05431745383997266,MQTT,UNSTABLE_NETWORK,Unstable network with high packet loss and jitter
2025-04-03T08:42:12,36.80170246609345,27.604281408479793,6.071670851300156,26.7167905730944,0.08333805557502469,MQTT,UNSTABLE_NETWORK,Unstable network with high packet loss and jitter
2025-04-03T02:46:32,1435.1013689900417,46.72621633575666,6.623369464925009,29.499194011435332,0.10022744925274296,MQTT,UNSTABLE_NETWORK,Unstable network with high packet loss and jitter
2025-04-03T12:31:48,40.80448855709684,22.595941660043675,4.947245668359873,44.71708898361891,0.12549042397397592,MQTT,UNSTABLE_NETWORK,Unstable network with high packet loss and jitter
2025-04-03T05:20:25,1035.7052968643884,50.731370403002614,10.58054791518547,31.776980457902397,0.10155470891951388,MQTT,UNSTABLE_NETWORK,Unstable network with high packet loss and jitter
2025-04-03T02:30:42,1159.5979611951598,47.32433064261929,10.430780133126001,22.053408158541963,0.08872740204776995,MQTT,UNSTABLE_NETWORK,Unstable network with high packet loss and jitter
2025-04-03T05:43:07,81.01406312243738,50.0749864614622,4.533644618547021,22.886800894534318,0.09999627595947892,MQTT,UNSTABLE_NETWORK,Unstable network with high packet loss and jitter
2025-04-03T05:52:44,183.2415685580005,40.04065065776947,10.175243133342523,35.95131185913769,0.1002130650300878,MQTT,UNSTABLE_NETWORK,Unstable network with high packet loss and jitter
2025-04-03T23:41:38,79.59385349529094,94.02719698318438,12.580437990731795,42.98693290993424,0.05216857123146895,CoAP,UNSTABLE_NETWORK,Unstable network with high packet loss and jitter
2025-04-03T18:34:10,231.80053485687992,68.27769715558898,13.70767461568868,32.8191802075105,0.08578396377518807,MQTT,UNSTABLE_NETWORK,Unstable network with high packet loss and jitter
2025-04-03T21:17:32,207.29467540029773,29.20948837402092,16.595636069257885,36.8871274455477,0.12377482982566074,LoRaWAN,UNSTABLE_NETWORK,Unstable network with high packet loss and jitter
2025-04-03T13:45:59,764.6170447427126,51.37231440910271,5.2940220516704075,36.09737723336705,0.07377929693917987,MQTT,UNSTABLE_NETWORK,Unstable network with high packet loss and jitter
2025-04-03T08:02:46,1445.4167539465375,38.76086817604685,16.47266127918561,44.19064413357521,0.08388339927642333,LoRaWAN,UNSTABLE_NETWORK,Unstable network with high packet loss and jitter
2025-04-03T07:52:24,1601.3511932195065,32.66543164190296,6.937380834473635,10.504098272739672,0.07272450651421934,MQTT,UNSTABLE_NETWORK,Unstable network with high packet loss and jitter
2025-04-03T20:04:58,152.80778780781145,27.783213698062617,6.222603633858457,36.67218939304529,0.01058421513179375,HTTPS,UNSTABLE_NETWORK,Unstable network with high packet loss and jitter
2025-04-03T08:02:19,233.39124913687886,54.36921234871792,8.981217124633536,39.837360439035635,0.08061770531704038,MQTT,UNSTABLE_NETWORK,Unstable network with high packet loss and jitter
2025-04-03T11:53:02,39.79163220145882,37.66692568369297,6.253815997720963,16.612762938644266,0.08905375791958618,MQTT,UNSTABLE_NETWORK,Unstable network with high packet loss and jitter
2025-04-03T14:32:12,114.06157051805174,62.40668679252211,9.197132421939578,21.143318159935838,0.06462519827357294,MQTT,UNSTABLE_NETWORK,Unstable network with high packet loss and jitter
2025-04-03T09:05:07,954.8979101243734,62.797696872508105,4.039768436788095,21.492172513718465,0.04536089153345816,MQTT,UNSTABLE_NETWORK,Unstable network with high packet loss and jitter
2025-04-03T13:03:11,2084.911866163034,68.50134665513073,7.283742193809697,22.712098036226166,0.05358180620655052,HTTPS,UNSTABLE_NETWORK,Unstable network with high packet loss and jitter
2025-04-03T21:19:26,68.20813425922054,35.108496608254896,11.856746703085038,25.182829490644743,0.10292562848406693,MQTT,UNSTABLE_NETWORK,Unstable network with high packet loss and jitter
2025-04-03T10:41:14,147.35215935477984,55.02644948215408,7.828816125706532,32.42602813054941,0.13917574319140716,MQTT,UNSTABLE_NETWORK,Unstable network with high packet loss and jitter
2025-04-03T15:37:15,290.6429582630635,57.3844457938159,8.424787360219648,38.656746511673695,0.12147300022716298,MQTT,UNSTABLE_NETWORK,Unstable network with high packet loss and jitter
2025-04-03T05:42:14,419.8829009912283,40.78662714002939,9.425775814151935,40.813169577685365,0.03966961985508345,CoAP,UNSTABLE_NETWORK,Unstable network with high packet loss and jitter
2025-04-03T14:02:44,113.55170124140179,36.3243876281032,11.51198488795298,21.621769388322182,0.10563881931652108,MQTT,UNSTABLE_NETWORK,Unstable network with high packet loss and jitter
2025-04-03T01:39:37,499.02476711315205,72.0454441980434,3.034325863431701,21.55297001297017,0.060105128725721296,MQTT,UNSTABLE_NETWORK,Unstable network with high packet loss and jitter
2025-04-03T23:58:01,169.89409259359962,51.31673956979208,9.753572155512304,43.15821840016223,0.06253198812473669,HTTPS,UNSTABLE_NETWORK,Unstable network with high packet loss and jitter
2025-04-03T16:02:04,294.8420383188681,57.445484916894806,7.19558258227471,36.467439354186446,0.06614073206086148,HTTPS,UNSTABLE_NETWORK,Unstable network with high packet loss and jitter
2025-04-03T12:49:27,577.8553467778625,35.5764957012073,8.499913685935516,30.828648418689962,0.10118200849566292,MQTT,UNSTABLE_NETWORK,Unstable network with high packet loss and jitter
2025-04-03T19:08:00,302.3209491012981,29.62003610320077,11.179850509287128,34.73336675554967,0.10877760129347114,MQTT,UNSTABLE_NETWORK,Unstable network with high packet loss and jitter
2025-04-03T22:07:29,177.7040286581482,39.36922370605949,4.417440045764467,29.701962181485595,0.07705906786160636,MQTT,UNSTABLE_NETWORK,Unstable network with high packet loss and jitter
2025-04-03T03:00:07,263.02542748195293,46.05231673499866,4.962066675670732,35.24584683047615,0.07756787776975926,MQTT,UNSTABLE_NETWORK,Unstable network with high packet loss and jitter
2025-04-03T13:18:28,269.81780194706965,31.95100466599585,2.193710120858581,26.639333034942595,0.0939279122970738,MQTT,UNSTABLE_NETWORK,Unstable network with high packet loss and jitter
2025-04-03T09:25:12,192.43707916137936,47.76829986090781,6.35252317470867,32.68804934439231,0.09703983618572726,MQTT,UNSTABLE_NETWORK,Unstable network with high packet loss and jitter
2025-04-03T06:49:49,219.91194131091726,22.590061392043523,11.99129703313645,14.894539496305036,0.11528677120275588,MQTT,UNSTABLE_NETWORK,Unstable network with high packet loss and jitter
2025-04-03T14:05:14,2042.9683019654872,31.11859509843041,7.638238434579591,23.12215705174569,0.041468840734724045,CoAP,UNSTABLE_NETWORK,Unstable network with high packet loss and jitter
2025-04-03T03:05:51,588.0934196211158,57.984642382039084,3.9796253130356423,23.229888232096563,0.0806008201941209,HTTPS,UNSTABLE_NETWORK,Unstable network with high packet loss and jitter
2025-04-03T18:01:31,210.4411608236178,56.979498684461845,6.542963766274859,26.256099667930858,0.04795926872326468,MQTT,UNSTABLE_NETWORK,Unstable network with high packet loss and jitter
2025-04-03T14:45:56,692.3750302677382,42.0461566218979,3.536414889528131,20.73486745220252,0.07847173162809791,MQTT,UNSTABLE_NETWORK,Unstable network with high packet loss and jitter
2025-04-03T18:56:43,200.97873108224258,32.65951068895407,4.624441694806515,24.664563741769182,0.07321474136957717,MQTT,UNSTABLE_NETWORK,Unstable network with high packet loss and jitter
2025-04-03T17:31:25,1226.0244261650048,32.51658927462567,9.16645673079114,14.855859376018794,0.07859751638291894,MQTT,UNSTABLE_NETWORK,Unstable network with high packet loss and jitter
2025-04-03T21:38:56,467.4783816940742,42.330286080803596,4.478380021081914,35.487004763949,0.05600771335668405,HTTPS,UNSTABLE_NETWORK,Unstable network with high packet loss and jitter
2025-04-03T09:33:55,263.7548047935637,57.59875436701015,11.337902915609906,29.174864810886056,0.03538130620377714,CoAP,UNSTABLE_NETWORK,Unstable network with high packet loss and jitter
2025-04-03T03:15:35,513.393591366112,61.856329584903115,7.786639127508992,12.94792392223983,0.017166874198552923,HTTPS,UNSTABLE_NETWORK,Unstable network with high packet loss and jitter
2025-04-03T04:15:53,45.54637748277305,40.48633540491618,8.256784111833577,21.65170089453327,0.07606459537205479,MQTT,UNSTABLE_NETWORK,Unstable network with high packet loss and jitter
2025-04-03T05:45:05,77.60730132202652,30.633592269781428,7.164881097176318,33.366014275621666,0.06706996682501183,MQTT,UNSTABLE_NETWORK,Unstable network with high packet loss and jitter
2025-04-03T12:00:25,71.59838135786497,51.95530044995566,10.31854351563117,24.569780536142105,0.05972187005588519,MQTT,UNSTABLE_NETWORK,Unstable network with high packet loss and jitter
2025-04-03T00:47:15,356.13653705374736,35.586288544980384,10.349479663331032,23.03058539861903,0.11967645388494982,MQTT,UNSTABLE_NETWORK,Unstable network with high packet loss and jitter
2025-04-03T20:49:04,2398.9837137207624,40.16719074385756,9.005163055736514,29.254073229919236,0.05421685439614067,CoAP,UNSTABLE_NETWORK,Unstable network with high packet loss and jitter
2025-04-03T17:22:54,4364.865480689446,67.82178890573863,9.694367317722945,33.43597535178216,0.12250502246416409,HTTPS,UNSTABLE_NETWORK,Unstable network with high packet loss and jitter
2025-04-03T18:10:50,645.124806408479,60.35104620007705,7.363730990238723,15.636475429608394,0.1287153123280777,MQTT,UNSTABLE_NETWORK,Unstable network with high packet loss and jitter
2025-04-03T04:49:47,547.1898650093361,50.31559667776977,9.626609020727145,35.501284812178795,0.021472985996318576,CoAP,UNSTABLE_NETWORK,Unstable network with high packet loss and jitter
2025-04-03T16:54:46,34.5536501743217,28.868864199714626,6.98636667357858,21.997067183926234,0.08277144376996909,MQTT,UNSTABLE_NETWORK,Unstable network with high packet loss and jitter
2025-04-03T10:00:00,156.4245703153417,51.120264950872816,8.006694866487207,29.820720317502012,0.06800910527492028,MQTT,UNSTABLE_NETWORK,Unstable network with high packet loss and jitter
2025-04-03T03:25:55,116.56417414421335,63.8908430230333,7.1760687519011075,29.645798593084905,0.0073541183415179595,HTTPS,UNSTABLE_NETWORK,Unstable network with high packet loss and jitter
2025-04-03T05:11:49,142.41785206636715,42.31814589714484,6.628344382042412,24.729338817602258,0.03666076240794758,MQTT,UNSTABLE_NETWORK,Unstable network with high packet loss and jitter
2025-04-03T03:41:28,245.18423127635802,68.22102945583607,5.93266460683463,19.763402538692855,0.10324808321325422,MQTT,UNSTABLE_NETWORK,Unstable network with high packet loss and jitter
2025-04-03T22:35:55,170.25099364830157,67.34716467121591,9.403070311576656,27.143134519077364,0.14057597758133794,MQTT,UNSTABLE_NETWORK,Unstable network with high packet loss and jitter
2025-04-03T05:37:11,27.899888773466124,72.91364503300238,11.93181773844039,46.25330309075195,0.10708034428097746,HTTPS,UNSTABLE_NETWORK,Unstable network with high packet loss and jitter
2025-04-03T08:52:31,736.0328728996168,52.53796667122805,11.51330591500868,16.38324969536369,0.08970897417538932,MQTT,UNSTABLE_NETWORK,Unstable network with high packet loss and jitter
2025-04-03T05:34:26,82.80519854402053,56.7718624927554,4.230303992163694,46.923130191048756,0.07936002855106737,HTTPS,UNSTABLE_NETWORK,Unstable network with high packet loss and jitter
2025-04-03T00:03:27,399.76573441988825,69.17546354303903,11.86760915422062,27.402788289234675,0.13047988743944341,MQTT,UNSTABLE_NETWORK,Unstable network with high packet loss and jitter
2025-04-03T22:02:42,3614.401925183315,54.6752304965148,7.045524495146213,30.35371417088639,0.1444471760587292,MQTT,UNSTABLE_NETWORK,Unstable network with high packet loss and jitter
2025-04-03T11:46:17,99.53615696638798,40.44747704603444,9.802199045436774,19.132891886152727,0.06239471961427442,MQTT,UNSTABLE_NETWORK,Unstable network with high packet loss and jitter
2025-04-03T01:27:20,14.40301338246282,41.239513337377176,5.281354003858366,22.28730583322519,0.020000403190691268,HTTPS,UNSTABLE_NETWORK,Unstable network with high packet loss and jitter
2025-04-03T11:00:35,212.84781108865442,51.54764741430865,8.425939741622017,24.97090349961981,0.017054376101863958,HTTPS,UNSTABLE_NETWORK,Unstable network with high packet loss and jitter
2025-04-03T22:02:13,1124.3203926245283,28.612569000916757,8.941169548690722,19.54305029122088,0.11965642976479407,MQTT,UNSTABLE_NETWORK,Unstable network with high packet loss and jitter
2025-04-03T04:02:26,3145.724221467152,45.82377382205461,3.5461856242410414,27.91082042629128,0.0785882437767684,HTTPS,UNSTABLE_NETWORK,Unstable network with high packet loss and jitter
2025-04-03T23:16:07,68.60208729524268,64.42253154837879,9.824801499032567,25.929841081932288,0.08549725731376155,MQTT,UNSTABLE_NETWORK,Unstable network with high packet loss and jitter
2025-04-03T00:17:51,544.4747358770679,15.107184229853225,12.037805023514945,48.507811424357335,0.02628047021129861,LoRaWAN,UNSTABLE_NETWORK,Unstable network with high packet loss and jitter
2025-04-03T23:30:02,171.64183079011292,70.99489074665765,7.476056162955116,18.34025814319539,0.05740433261634601,MQTT,UNSTABLE_NETWORK,Unstable network with high packet loss and jitter
2025-04-03T23:05:19,264.1836352727181,64.81493972269477,12.080504392484038,31.02690516748587,0.07113557558297653,CoAP,UNSTABLE_NETWORK,Unstable network with high packet loss and jitter
2025-04-03T01:26:26,7165.22319906136,41.084524427097705,7.430919519642777,32.47846281901825,0.08623515150092212,CoAP,UNSTABLE_NETWORK,Unstable network with high packet loss and jitter
2025-04-03T01:53:24,49.41322399523859,56.13352330503947,10.548753593139852,19.296794513481625,0.06804223883258723,MQTT,UNSTABLE_NETWORK,Unstable network with high packet loss and jitter
2025-04-03T18:06:57,406.77901140065126,48.03154401296469,1.3442901021467009,36.86827495452839,0.04888021405095973,HTTPS,UNSTABLE_NETWORK,Unstable network with high packet loss and jitter
2025-04-03T07:36:57,525.8490954381741,66.4358508583575,15.25633333794039,26.01672987118372,0.05646299022192432,CoAP,UNSTABLE_NETWORK,Unstable network with high packet loss and jitter
2025-04-03T04:19:12,1104.0340453969388,62.72790969573385,12.486374735728871,5.076103484169327,0.116249698578417,MQTT,UNSTABLE_NETWORK,Unstable network with high packet loss and jitter
2025-04-03T18:29:11,337.4314095924706,26.98826892884706,7.146123487238963,36.59849612104565,0.087343538588105,MQTT,UNSTABLE_NETWORK,Unstable network with high packet loss and jitter
2025-04-03T07:59:27,434.1730216548357,56.79993320096232,2.083732920068546,18.83059115897636,0.09836470420866655,MQTT,UNSTABLE_NETWORK,Unstable network with high packet loss and jitter
2025-04-03T11:26:10,187.5047528739109,44.908246416758416,8.864085104916468,19.522250538609008,0.05303378567368011,MQTT,UNSTABLE_NETWORK,Unstable network with high packet loss and jitter
2025-04-03T23:53:07,414.35985205710955,49.2368200015861,3.6682233587787296,36.879020828923984,0.008614704562018724,HTTPS,UNSTABLE_NETWORK,Unstable network with high packet loss and jitter
2025-04-03T23:18:38,198.73091903280883,37.07342015167484,9.334560612672464,26.5283851758155,0.06430687079346512,MQTT,UNSTABLE_NETWORK,Unstable network with high packet loss and jitter
2025-04-03T09:13:22,632.4927401318952,74.21972192544207,9.234697157492846,39.177721505515,0.054002883367235105,HTTPS,UNSTABLE_NETWORK,Unstable network with high packet loss and jitter
2025-04-03T12:44:29,192.52963143297242,63.60026040957565,5.175790492993926,42.10166095365319,0.09047036805884238,MQTT,UNSTABLE_NETWORK,Unstable network with high packet loss and jitter
2025-04-03T04:04:35,471.6810177817814,36.90443287384997,11.362901070843133,23.550715396777022,0.17857171141045525,MQTT,UNSTABLE_NETWORK,Unstable network with high packet loss and jitter
2025-04-03T14:50:36,289.648204375886,27.98350845219846,10.41672410841852,37.93262495955031,0.10085498052854767,MQTT,UNSTABLE_NETWORK,Unstable network with high packet loss and jitter
2025-04-03T04:42:09,1158.6870337326473,42.2192453135917,10.92747001186569,22.44539198607118,0.16207880478150466,MQTT,UNSTABLE_NETWORK,Unstable network with high packet loss and jitter
2025-04-03T07:49:53,282.0572335933218,54.523541692036474,8.026573111006686,52.331159171321765,0.09706309086018346,HTTPS,UNSTABLE_NETWORK,Unstable network with high packet loss and jitter
2025-04-03T04:09:29,35.73546141815894,51.6107568822677,3.75342779925888,23.07042995468785,0.06110341287281855,MQTT,UNSTABLE_NETWORK,Unstable network with high packet loss and jitter
2025-04-03T04:21:19,1363.879205566503,66.80632881700548,10.933616816633412,40.26087440960004,0.0904374823436265,HTTPS,UNSTABLE_NETWORK,Unstable network with high packet loss and jitter
2025-04-03T01:19:01,101.18026354968362,59.85979950060208,7.188885802592626,38.43790025881576,0.13341915798433124,MQTT,UNSTABLE_NETWORK,Unstable network with high packet loss and jitter
2025-04-03T15:26:54,136.90166142618344,62.556206276590366,3.830659570421993,33.16087822108934,0.13488687788963719,MQTT,UNSTABLE_NETWORK,Unstable network with high packet loss and jitter
2025-04-03T10:28:43,146.78793436141433,52.917169121860795,12.056118097922978,23.29456838583317,0.06273987895870763,MQTT,UNSTABLE_NETWORK,Unstable network with high packet loss and jitter
2025-04-03T21:15:15,1561.0410016797862,27.176524381946848,14.298222561507528,28.486025080585907,0.08759551087097897,LoRaWAN,UNSTABLE_NETWORK,Unstable network with high packet loss and jitter
2025-04-03T16:21:04,23.126367525359345,45.082194590315645,7.876255613062391,8.46411887055448,0.03712199360986565,MQTT,UNSTABLE_NETWORK,Unstable network with high packet loss and jitter
2025-04-03T14:47:11,12952.97428207637,63.920685878556625,14.477363463809876,32.2442003838225,0.1047400587407429,CoAP,UNSTABLE_NETWORK,Unstable network with high packet loss and jitter
2025-04-03T03:36:02,1065.3414589998001,47.248163074464415,8.273944185834049,33.49615331028385,0.12660064097167684,MQTT,UNSTABLE_NETWORK,Unstable network with high packet loss and jitter
2025-04-03T19:04:16,392.1597065983076,55.569029754097784,6.858632287500947,31.334994190613713,0.08119398362348049,MQTT,UNSTABLE_NETWORK,Unstable network with high packet loss and jitter
2025-04-03T18:20:59,280.87498410561113,43.24311671845705,6.108624637443567,0.26693828707442435,0.05997847836919616,HTTPS,UNSTABLE_NETWORK,Unstable network with high packet loss and jitter
2025-04-03T01:38:59,422.6089842771301,32.57883094142884,12.911247223978227,17.34363554910189,0.09080392853832689,MQTT,UNSTABLE_NETWORK,Unstable network with high packet loss and jitter
2025-04-03T21:38:55,560.6682571942629,46.177514931272334,5.659568355836685,22.519090171513376,0.09252377094089498,MQTT,UNSTABLE_NETWORK,Unstable network with high packet loss and jitter
2025-04-03T05:49:09,650.6951010903132,52.66505475986126,10.205807929924962,32.916589331890464,0.08243431495548861,HTTPS,UNSTABLE_NETWORK,Unstable network with high packet loss and jitter
2025-04-03T02:03:46,584.3545085588162,38.19569454485727,6.322508494822375,32.89338905642985,0.08536145373007858,MQTT,UNSTABLE_NETWORK,Unstable network with high packet loss and jitter
2025-04-03T15:56:30,334.0461951223571,44.49700888633637,6.6190797122769105,28.29776208028821,0.07478555448591888,MQTT,UNSTABLE_NETWORK,Unstable network with high packet loss and jitter
2025-04-03T15:17:16,236.7432854440931,33.942396151804125,11.090749081908701,36.352455366039564,0.10987864784679219,MQTT,UNSTABLE_NETWORK,Unstable network with high packet loss and jitter
2025-04-03T13:00:31,250.19848285164167,64.82468576746277,6.859889461131939,19.737576246971003,0.10208682335495381,MQTT,UNSTABLE_NETWORK,Unstable network with high packet loss and jitter
2025-04-03T20:36:04,237.4346762403063,43.6208428625883,6.785613861739121,36.10235005693996,0.05050690558567553,HTTPS,UNSTABLE_NETWORK,Unstable network with high packet loss and jitter
2025-04-03T14:11:03,1169.4707685636474,69.83067962570902,11.398414091524423,34.74742104839891,0.04968228190524216,HTTPS,UNSTABLE_NETWORK,Unstable network with high packet loss and jitter
2025-04-03T12:33:37,611.5829166227147,70.97223142933737,12.79219187966487,33.775547328379105,0.07236876748920314,HTTPS,UNSTABLE_NETWORK,Unstable network with high packet loss and jitter
2025-04-03T18:46:47,8.804968047689409,46.82699142280505,9.9340694098527,28.17959568914344,0.10210511372315538,MQTT,UNSTABLE_NETWORK,Unstable network with high packet loss and jitter
2025-04-03T19:55:53,659.0921820877147,32.917617127828436,6.035690673128152,48.30743824831262,0.08444172241672444,HTTPS,UNSTABLE_NETWORK,Unstable network with high packet loss and jitter
2025-04-03T22:25:58,378.97335846297733,16.757547172446092,6.468174502107262,34.93195688489879,0.060705487696320344,LoRaWAN,UNSTABLE_NETWORK,Unstable network with high packet loss and jitter
2025-04-03T18:21:49,293.3398888542327,25.96712646545174,8.239745791220113,20.316641367464413,0.08784555790177491,MQTT,UNSTABLE_NETWORK,Unstable network with high packet loss and jitter
2025-04-03T14:30:52,188.21037082056552,27.441827409781183,8.962790185776973,32.483054757359845,0.07007568441433185,CoAP,UNSTABLE_NETWORK,Unstable network with high packet loss and jitter
2025-04-03T12:10:07,1155.9961729609365,68.72806141759112,5.036402269580684,37.524833770742184,0.10641459380672394,MQTT,UNSTABLE_NETWORK,Unstable network with high packet loss and jitter
2025-04-03T01:25:46,935.2503329260285,49.79005303648022,10.169113818739591,24.118914010756903,0.08999175305201143,MQTT,UNSTABLE_NETWORK,Unstable network with high packet loss and jitter
2025-04-03T14:52:24,118.66795196225588,53.898419311863314,8.256539988918798,40.89272246931099,0.07054165437643568,HTTPS,UNSTABLE_NETWORK,Unstable network with high packet loss and jitter
2025-04-03T12:23:22,488.9426582006567,14.749703538864075,2.8528750440856117,33.82033705716011,0.08694556316139385,MQTT,UNSTABLE_NETWORK,Unstable network with high packet loss and jitter
2025-04-03T11:31:21,93.48438277568458,30.08818945703951,5.213220552617809,6.5752166233465275,0.11945144178572605,MQTT,UNSTABLE_NETWORK,Unstable network with high packet loss and jitter
2025-04-03T18:05:16,57.296565150672876,61.36554976440021,6.487613979045009,32.99671977337926,0.06291109770360867,HTTPS,UNSTABLE_NETWORK,Unstable network with high packet loss and jitter
2025-04-03T01:41:13,141.4182490858802,52.362632025852164,7.781426933476835,25.939708455872847,0.09207970944941483,MQTT,UNSTABLE_NETWORK,Unstable network with high packet loss and jitter
2025-04-03T22:45:15,844.423918425862,45.85460838223688,13.667836386511988,35.37179814541736,0.07788618978602013,CoAP,UNSTABLE_NETWORK,Unstable network with high packet loss and jitter
2025-04-03T22:15:43,941.5547790147289,56.53699016393015,8.714513918418884,39.44214840251814,0.09280951051586299,HTTPS,UNSTABLE_NETWORK,Unstable network with high packet loss and jitter
2025-04-03T18:32:02,555.2869342364655,72.602989099373,5.477684330304125,31.95162047141818,0.06036305175212809,HTTPS,UNSTABLE_NETWORK,Unstable network with high packet loss and jitter
2025-04-03T10:28:12,716.1555692680654,44.752052276687486,8.661892412921489,46.65252233944696,0.08331006299478128,CoAP,UNSTABLE_NETWORK,Unstable network with high packet loss and jitter
2025-04-03T04:13:43,557.3516778258456,49.10990349202176,6.943736757638357,28.212931154365045,0.11323469847250403,MQTT,UNSTABLE_NETWORK,Unstable network with high packet loss and jitter
2025-04-03T08:50:50,138.93477249806054,50.95997745552776,8.974274718600626,36.248178230538755,0.05188979056261678,HTTPS,UNSTABLE_NETWORK,Unstable network with high packet loss and jitter
2025-04-03T08:48:01,503.7547428306106,83.95433542607555,9.741703061106843,38.04942573637347,0.04011784690024755,HTTPS,UNSTABLE_NETWORK,Unstable network with high packet loss and jitter
2025-04-03T15:50:18,783.8940766660446,16.58401415308774,11.627691941671813,29.026540311072672,0.041256333065391074,CoAP,UNSTABLE_NETWORK,Unstable network with high packet loss and jitter
2025-04-03T05:22:07,741.6905223880107,58.32437056361271,7.927140512989922,37.787743079777826,0.044880124093994334,HTTPS,UNSTABLE_NETWORK,Unstable network with high packet loss and jitter
2025-04-03T12:35:43,1249.4747230590558,46.355658832802106,12.9168815827995,24.053270128378312,0.09785969863677993,MQTT,UNSTABLE_NETWORK,Unstable network with high packet loss and jitter
2025-04-03T09:40:45,701.8692206480171,56.58093567935823,10.724067987608574,25.774315809787815,0.03782420942403604,HTTPS,UNSTABLE_NETWORK,Unstable network with high packet loss and jitter
2025-04-03T00:43:42,457.3826383940145,38.22043869908214,5.877681365563436,16.875113096636873,0.07106313965769408,MQTT,UNSTABLE_NETWORK,Unstable network with high packet loss and jitter
2025-04-03T21:31:34,1083.5118531859032,47.34821876853372,14.629566997245393,32.41409116370047,0.09854867909932125,LoRaWAN,UNSTABLE_NETWORK,Unstable network with high packet loss and jitter
2025-04-03T15:10:00,290.60267714191656,58.75552014580037,8.980983539810293,33.25251675854344,0.09249977181645781,MQTT,UNSTABLE_NETWORK,Unstable network with high packet loss and jitter
2025-04-03T08:32:16,104.11883522196572,94.77968169188303,5.494626488083295,41.79263158579229,0.06843323060112545,HTTPS,UNSTABLE_NETWORK,Unstable network with high packet loss and jitter
2025-04-03T22:09:46,246.68250820575219,60.20823873966395,12.958739153691265,37.911400043558835,0.08572771195265318,CoAP,UNSTABLE_NETWORK,Unstable network with high packet loss and jitter
2025-04-03T05:57:29,122.71925917467112,35.36837915058272,14.233332755595335,27.152044433525667,0.08321435989212705,LoRaWAN,UNSTABLE_NETWORK,Unstable network with high packet loss and jitter
2025-04-03T16:43:27,133.42887237884344,41.734635113107274,7.900924208841318,18.21820312665723,0.0732727713335544,MQTT,UNSTABLE_NETWORK,Unstable network with high packet loss and jitter
2025-04-03T21:54:34,252.2347167777395,41.29148594009747,6.489049218873211,34.32850402519974,0.07367495844036259,MQTT,UNSTABLE_NETWORK,Unstable network with high packet loss and jitter
2025-04-03T11:53:33,115.91748125313214,21.15971719881253,7.482875127639014,41.10753172414642,0.14706282304270882,MQTT,UNSTABLE_NETWORK,Unstable network with high packet loss and jitter
2025-04-03T10:48:25,207.3127741465165,43.144679135148664,10.1441951825531,37.55184973803944,0.10427932711793902,MQTT,UNSTABLE_NETWORK,Unstable network with high packet loss and jitter
2025-04-03T10:08:11,30.921287863138094,59.090135460403864,11.833569965091542,40.84477524857287,0.15441952752536428,MQTT,UNSTABLE_NETWORK,Unstable network with high packet loss and jitter
2025-04-03T04:05:26,387.50739152074635,28.985884669333235,9.71146199259072,27.881104688017576,0.06509110601238496,CoAP,UNSTABLE_NETWORK,Unstable network with high packet loss and jitter
2025-04-03T11:41:24,300.43428516671094,63.82827344365152,8.30516962541531,25.333810318243543,0.07745100209335558,HTTPS,UNSTABLE_NETWORK,Unstable network with high packet loss and jitter
2025-04-03T06:06:08,112.53633163496264,55.419323216565175,12.494035310913283,22.63098647768201,0.04003622704170058,CoAP,UNSTABLE_NETWORK,Unstable network with high packet loss and jitter
2025-04-03T12:19:38,661.7430090901445,37.090868293142,7.061490580845433,29.441035333864043,0.05571299593731283,HTTPS,UNSTABLE_NETWORK,Unstable network with high packet loss and jitter
2025-04-03T13:46:49,924.1428320240992,45.98309078504733,11.09275801510072,29.214092040311805,0.13705739445987503,MQTT,UNSTABLE_NETWORK,Unstable network with high packet loss and jitter
2025-04-03T10:41:13,43.584894652998386,72.082529682138,7.135811604946165,32.066776285391164,0.0643389713047473,HTTPS,UNSTABLE_NETWORK,Unstable network with high packet loss and jitter
2025-04-03T05:35:30,120.12258227882097,59.11258699251797,9.293068874032679,28.70702542964492,0.13757843900433378,MQTT,UNSTABLE_NETWORK,Unstable network with high packet loss and jitter
2025-04-03T12:43:00,119.20106091812033,48.24279183580966,7.659312305628646,28.663722702732287,0.04269913217960329,HTTPS,UNSTABLE_NETWORK,Unstable network with high packet loss and jitter
2025-04-03T09:44:29,97.11528260908828,44.54745448033015,7.832443452041567,22.23305947027856,0.0483959289778017,HTTPS,UNSTABLE_NETWORK,Unstable network with high packet loss and jitter
2025-04-03T18:45:16,811.7174283659624,49.26350751392728,6.8678404476133705,39.41619013551491,0.06976306336929737,HTTPS,UNSTABLE_NETWORK,Unstable network with high packet loss and jitter
2025-04-03T09:27:21,237.74320204090688,40.4395853104253,12.034562093542084,30.765180622437114,0.07808750234962467,CoAP,UNSTABLE_NETWORK,Unstable network with high packet loss and jitter
2025-04-03T03:46:58,218.40795453771364,16.546463316182102,5.801221885674394,28.25556065714718,0.10769261877350389,MQTT,UNSTABLE_NETWORK,Unstable network with high packet loss and jitter
2025-04-03T10:35:12,27.08953896655703,78.75204178239575,5.779303242353874,22.525707467507953,0.09352311251558798,HTTPS,UNSTABLE_NETWORK,Unstable network with high packet loss and jitter
2025-04-03T10:06:38,643.0896318751862,50.45091533477328,14.362980697535328,16.68086889608914,0.06751054227967918,CoAP,UNSTABLE_NETWORK,Unstable network with high packet loss and jitter
2025-04-03T14:47:00,67.80747237079146,54.09491654602778,10.933542693962995,43.07964192549343,0.07600052580445682,HTTPS,UNSTABLE_NETWORK,Unstable network with high packet loss and jitter
2025-04-03T21:26:12,322.37054054470485,47.25575854344357,0.8446589039208909,35.54638708131807,0.07042811240645899,MQTT,UNSTABLE_NETWORK,Unstable network with high packet loss and jitter
2025-04-03T04:56:17,418.48238582140607,37.09929000313585,6.304223782368789,13.76082157430033,0.052560387940228104,MQTT,UNSTABLE_NETWORK,Unstable network with high packet loss and jitter
2025-04-03T18:17:17,1535.4408072807612,45.33884202218058,2.5640319873138377,37.63142300709657,0.05336111190195135,HTTPS,UNSTABLE_NETWORK,Unstable network with high packet loss and jitter
2025-04-03T15:57:50,62.37708595727251,24.13845502590494,5.147927919754235,39.224811702331095,0.1108365167430023,MQTT,UNSTABLE_NETWORK,Unstable network with high packet loss and jitter
2025-04-03T14:00:21,8.00741420145871,82.28734115202663,1.4155439987021197,31.243761223009294,0.025155052162185804,HTTPS,UNSTABLE_NETWORK,Unstable network with high packet loss and jitter
2025-04-03T16:50:26,374.0546569672825,29.615030927298605,7.589031266918173,45.98110895751759,0.12852076092335163,MQTT,UNSTABLE_NETWORK,Unstable network with high packet loss and jitter
2025-04-03T22:10:10,2602.937496146981,32.65488386833432,4.574174542516065,32.16719642122883,0.06971017323193304,HTTPS,UNSTABLE_NETWORK,Unstable network with high packet loss and jitter
2025-04-03T11:19:56,1326.7904352800579,41.53215728265348,8.179715770389315,15.831764720508101,0.0568247418082352,MQTT,UNSTABLE_NETWORK,Unstable network with high packet loss and jitter
2025-04-03T07:53:32,385.8210932325534,67.45884844364261,3.124636223352425,33.65169001048321,0.10219277872091807,MQTT,UNSTABLE_NETWORK,Unstable network with high packet loss and jitter
2025-04-03T07:44:58,166.3042682604945,48.35701478220423,8.24873555951612,32.448973017127294,0.12455649752441351,MQTT,UNSTABLE_NETWORK,Unstable network with high packet loss and jitter
2025-04-03T14:01:55,790.2343844391115,29.599010075214956,6.755251165639018,23.96703151221845,0.11352897324811873,MQTT,UNSTABLE_NETWORK,Unstable network with high packet loss and jitter
2025-04-03T11:54:27,93.27266031025452,66.95778964943945,12.505858895565787,35.73558836877425,0.09505556148079672,MQTT,UNSTABLE_NETWORK,Unstable network with high packet loss and jitter
2025-04-03T03:31:00,531.3451435177104,59.109390862269045,12.234070585236875,13.32334733809138,0.11260590469165507,MQTT,UNSTABLE_NETWORK,Unstable network with high packet loss and jitter
2025-04-03T09:41:59,550.2356635603496,56.22257304114108,10.356036809030849,39.905668274427896,0.028505072685684023,CoAP,UNSTABLE_NETWORK,Unstable network with high packet loss and jitter
2025-04-03T12:25:30,1070.6640727189026,58.88372952286437,7.020158658016362,21.218782963945472,0.06434508375535555,MQTT,UNSTABLE_NETWORK,Unstable network with high packet loss and jitter
2025-04-03T21:13:48,8228.627578237223,84.06481163644601,13.95614118578088,20.150538748829675,0.05266489819925467,CoAP,UNSTABLE_NETWORK,Unstable network with high packet loss and jitter
2025-04-03T05:50:06,480.43004758882876,80.92747377565838,3.3408941664805383,28.86175227692523,0.11673916193645525,MQTT,UNSTABLE_NETWORK,Unstable network with high packet loss and jitter
2025-04-03T11:27:44,162.88201816819188,37.85198742747475,3.7893241113090124,34.329729280436354,0.0684956594322834,HTTPS,UNSTABLE_NETWORK,Unstable network with high packet loss and jitter
2025-04-03T03:07:31,290.93308725476703,72.51265968709893,7.7486507003328065,31.639240635934296,0.10536219670346167,MQTT,UNSTABLE_NETWORK,Unstable network with high packet loss and jitter
2025-04-03T23:13:04,35.90553237553148,53.90357486372262,14.762114326763358,22.573408342276217,0.09607570827465914,MQTT,UNSTABLE_NETWORK,Unstable network with high packet loss and jitter
2025-04-03T19:39:14,130.3374318639547,55.64415648181283,7.392983279389737,24.939107088081116,0.05413079191508957,MQTT,UNSTABLE_NETWORK,Unstable network with high packet loss and jitter
2025-04-03T12:51:53,183.57871662048532,22.775323987504123,7.450264270372154,18.66957652622538,0.06239125370071147,MQTT,UNSTABLE_NETWORK,Unstable network with high packet loss and jitter
2025-04-03T10:14:28,159.95242018003867,45.605267203738585,3.6742689316645727,27.753200983701298,0.11881453072444179,MQTT,UNSTABLE_NETWORK,Unstable network with high packet loss and jitter
2025-04-03T03:18:06,360.1815900558884,35.97036705192052,10.837788755811136,40.750212145109096,0.0567355205394676,CoAP,UNSTABLE_NETWORK,Unstable network with high packet loss and jitter
2025-04-03T10:56:36,111.81867160854954,60.58527035277609,10.859528762988061,29.95737062356124,0.08374602830586438,MQTT,UNSTABLE_NETWORK,Unstable network with high packet loss and jitter
2025-04-03T05:08:32,1151.7286601470196,64.232262857826,10.36722560419973,38.59414254759453,0.05652376141020665,HTTPS,UNSTABLE_NETWORK,Unstable network with high packet loss and jitter
2025-04-03T13:54:29,300.07455263250813,17.050427308946727,6.112337981457912,44.55401337726192,0.07058143439252418,CoAP,UNSTABLE_NETWORK,Unstable network with high packet loss and jitter
2025-04-03T17:09:48,296.6704982101729,47.838866836534805,5.879879694880983,24.11981480963033,0.07861514168090085,MQTT,UNSTABLE_NETWORK,Unstable network with high packet loss and jitter
2025-04-03T06:18:56,202.41272679141338,64.99897959092011,4.120633248785088,28.134267469446353,0.05651400469107526,MQTT,UNSTABLE_NETWORK,Unstable network with high packet loss and jitter
2025-04-03T22:15:07,361.4093665717423,45.372539806712126,8.251617505282802,51.71192861062495,0.05118659138048355,HTTPS,UNSTABLE_NETWORK,Unstable network with high packet loss and jitter
2025-04-03T01:10:20,807.4655504920072,59.11034613885674,4.758778012164495,44.44343411979945,0.08858820010332327,HTTPS,UNSTABLE_NETWORK,Unstable network with high packet loss and jitter
2025-04-03T03:01:26,105.97743730089154,53.443540700635005,4.467750484252134,13.275954741876475,0.054657877736264716,MQTT,UNSTABLE_NETWORK,Unstable network with high packet loss and jitter
2025-04-03T04:07:18,136.1888721042893,53.302629387925606,6.728927849267972,33.87148316060907,0.055680273329039826,HTTPS,UNSTABLE_NETWORK,Unstable network with high packet loss and jitter
2025-04-03T01:00:59,208.36914454749228,44.10966846001922,6.532531474447351,30.005599923396954,0.051828405688940885,HTTPS,UNSTABLE_NETWORK,Unstable network with high packet loss and jitter
2025-04-03T17:10:14,59.6645097148245,29.932348291415508,6.386064413534134,38.264531108587626,0.07766275861006045,HTTPS,UNSTABLE_NETWORK,Unstable network with high packet loss and jitter
2025-04-03T01:18:03,112.24377213508639,31.359775364483205,9.399333790520783,22.550212325149445,0.10831104903199523,MQTT,UNSTABLE_NETWORK,Unstable network with high packet loss and jitter
2025-04-03T14:43:53,169.40925697779838,58.82468251509585,8.237143406450837,21.603916279593278,0.125195859089368,MQTT,UNSTABLE_NETWORK,Unstable network with high packet loss and jitter
2025-04-03T14:14:47,856.6671826288614,48.477935853456806,7.135531908466647,23.239292847063904,0.05822245742018664,HTTPS,UNSTABLE_NETWORK,Unstable network with high packet loss and jitter
2025-04-03T23:40:06,411.1080475892958,46.110045573972656,8.549038784934446,24.280714538015673,0.14450932379993633,MQTT,UNSTABLE_NETWORK,Unstable network with high packet loss and jitter
2025-04-03T05:49:31,378.45242380671095,41.83104583065321,5.025418876686103,38.153241668090146,0.049858854178796125,HTTPS,UNSTABLE_NETWORK,Unstable network with high packet loss and jitter
2025-04-03T05:02:47,832.8553929999244,43.61323100568468,8.315835871729034,18.187988268511198,0.11250645569983608,MQTT,UNSTABLE_NETWORK,Unstable network with high packet loss and jitter
2025-04-03T09:37:39,254.407249768326,63.896407827625524,8.451807478533901,23.77386100040681,0.058349106379536726,MQTT,UNSTABLE_NETWORK,Unstable network with high packet loss and jitter
2025-04-03T23:04:23,479.3065129669023,43.1657369046905,3.490859421927558,12.109876094985587,0.05387230190389969,HTTPS,UNSTABLE_NETWORK,Unstable network with high packet loss and jitter
2025-04-03T13:17:07,265.0494390761771,28.08009465559484,10.987081263111087,40.07117823412373,0.057657315296468344,CoAP,UNSTABLE_NETWORK,Unstable network with high packet loss and jitter
2025-04-03T04:09:48,412.492198940187,59.35250921062844,5.355698884319013,42.7103009943114,0.07842656901052643,HTTPS,UNSTABLE_NETWORK,Unstable network with high packet loss and jitter
2025-04-03T19:20:12,149.07836175564987,45.126249841962554,8.270929397619305,26.729265691362137,0.09739916513100831,MQTT,UNSTABLE_NETWORK,Unstable network with high packet loss and jitter
2025-04-03T20:09:23,16.073981111999558,48.67200500533243,11.493235221605811,27.02050635186777,0.10009604113714465,MQTT,UNSTABLE_NETWORK,Unstable network with high packet loss and jitter
2025-04-03T04:19:59,255.35314770326994,72.31640884074089,10.777030273141609,34.532219022828976,0.051680449539563356,HTTPS,UNSTABLE_NETWORK,Unstable network with high packet loss and jitter
2025-04-03T21:13:08,1654.2123250241643,47.89599310689811,8.103000165706506,44.744820073782556,0.05031022137466194,HTTPS,UNSTABLE_NETWORK,Unstable network with high packet loss and jitter
2025-04-03T20:10:20,911.6361547497731,52.54382378634407,6.9125029913537945,34.086107475639174,0.05250083919909359,HTTPS,UNSTABLE_NETWORK,Unstable network with high packet loss and jitter
2025-04-03T02:27:17,955.5235939609786,30.523883542495774,10.842535725726702,23.024580575248855,0.07665936792843467,CoAP,UNSTABLE_NETWORK,Unstable network with high packet loss and jitter
2025-04-03T15:18:49,1322.3150971302528,44.914361349113726,10.02408493342586,13.811774280135594,0.07369533187427377,MQTT,UNSTABLE_NETWORK,Unstable network with high packet loss and jitter
2025-04-03T09:41:49,333.6763742265372,57.35396103491462,6.14490493986761,18.848737373365125,0.05149473613790616,MQTT,UNSTABLE_NETWORK,Unstable network with high packet loss and jitter
2025-04-03T15:40:48,380.14825582580016,24.88213157157443,5.615319058994929,30.73219450312465,0.08808811082189733,MQTT,UNSTABLE_NETWORK,Unstable network with high packet loss and jitter
2025-04-03T01:11:30,142.9650507636326,51.22708119833618,1.7829344549120059,23.446724767992055,0.14787706425005953,MQTT,UNSTABLE_NETWORK,Unstable network with high packet loss and jitter
2025-04-03T08:41:06,205.3046651667886,49.727938113680096,8.462095525050762,31.949677059907586,0.06485853614494547,HTTPS,UNSTABLE_NETWORK,Unstable network with high packet loss and jitter
2025-04-03T01:36:44,628.1053168395312,48.83705108022706,7.751906764944804,24.470759837637658,0.066994645363894,MQTT,UNSTABLE_NETWORK,Unstable network with high packet loss and jitter
2025-04-03T03:42:53,1272.1247325315294,63.77678994869659,11.408574123927627,19.418535687055886,0.09678984710973107,MQTT,UNSTABLE_NETWORK,Unstable network with high packet loss and jitter
2025-04-03T06:33:55,253.77471987531737,53.23765141395823,9.0771652804411,18.22968368546929,0.06323551124789616,MQTT,UNSTABLE_NETWORK,Unstable network with high packet loss and jitter
2025-04-03T00:55:41,174.78477446669527,70.39381938898454,12.002687582518071,45.6235450937323,0.10006893445154547,HTTPS,UNSTABLE_NETWORK,Unstable network with high packet loss and jitter
2025-04-03T09:44:29,300.19012540905175,33.320565402134804,5.907907316251487,38.88987749183643,0.058443718796628796,HTTPS,UNSTABLE_NETWORK,Unstable network with high packet loss and jitter
2025-04-03T05:08:21,617.223116351737,50.26494386672804,11.414450992902855,47.30517951827959,0.13496358822731902,HTTPS,UNSTABLE_NETWORK,Unstable network with high packet loss and jitter
2025-04-03T21:25:49,53.04585325609471,49.4947443767095,6.413250862686034,35.39950900755103,0.09034324917776884,MQTT,UNSTABLE_NETWORK,Unstable network with high packet loss and jitter
2025-04-03T05:03:56,19.074747328901452,32.190592396941554,10.332788185376817,25.70008591385161,0.06139931152769866,CoAP,UNSTABLE_NETWORK,Unstable network with high packet loss and jitter
2025-04-03T19:30:45,154.95554282062818,62.57550205704542,3.6237248224079197,43.233409224899376,0.06233924901592178,HTTPS,UNSTABLE_NETWORK,Unstable network with high packet loss and jitter
2025-04-03T07:05:40,69.33345622857838,83.10284383587496,8.705405898098565,29.66931998638232,0.06458600741875896,HTTPS,UNSTABLE_NETWORK,Unstable network with high packet loss and jitter
2025-04-03T15:33:11,163.04304365994676,47.9793203532327,2.04593617566227,32.208417702903525,0.1211824899874662,MQTT,UNSTABLE_NETWORK,Unstable network with high packet loss and jitter
2025-04-03T19:39:25,251.24940521706893,55.81139501700414,7.198587542174736,29.57175620924481,0.0419374697719615,HTTPS,UNSTABLE_NETWORK,Unstable network with high packet loss and jitter
2025-04-03T23:43:15,174.144320541549,49.50552305253501,9.32106198163374,0.5309578071598544,0.05996174988621486,MQTT,UNSTABLE_NETWORK,Unstable network with high packet loss and jitter
2025-04-03T06:05:40,1714.2715480121415,37.53564308910493,6.437094346306713,46.04735012294853,0.06315018329223722,HTTPS,UNSTABLE_NETWORK,Unstable network with high packet loss and jitter
2025-04-03T11:56:59,444.02292419934184,20.929676193089797,4.8486871137320975,34.91003945957753,0.07952936099729187,MQTT,UNSTABLE_NETWORK,Unstable network with high packet loss and jitter
2025-04-03T14:42:08,430.24366293638815,37.65614533609703,10.538355407887801,33.2982306086851,0.07186670922059617,CoAP,UNSTABLE_NETWORK,Unstable network with high packet loss and jitter
2025-04-03T17:17:32,632.9750763461631,27.36503909065901,7.68961163045923,29.382239377294393,0.03526316505828612,CoAP,UNSTABLE_NETWORK,Unstable network with high packet loss and jitter
2025-04-03T07:30:25,76.49173787143326,73.80761319822922,6.531288058907985,31.63427820386131,0.06800531949213598,HTTPS,UNSTABLE_NETWORK,Unstable network with high packet loss and jitter
2025-04-03T04:27:29,1043.8975375954965,46.521103840901326,8.12568776346283,24.027210641537522,0.07701347950445095,MQTT,UNSTABLE_NETWORK,Unstable network with high packet loss and jitter
2025-04-03T06:39:33,273.92800895176725,43.060626536449824,15.910007425836765,36.16579352307271,0.061157064947606504,CoAP,UNSTABLE_NETWORK,Unstable network with high packet loss and jitter
2025-04-03T12:49:22,670.7249989572251,61.588391066381945,11.460508549344631,16.929016556008676,0.10060326467142995,MQTT,UNSTABLE_NETWORK,Unstable network with high packet loss and jitter
2025-04-03T06:24:33,82.89326322839763,31.426484374134006,11.487721004563522,31.860684324705467,0.10758225286260942,MQTT,UNSTABLE_NETWORK,Unstable network with high packet loss and jitter
2025-04-03T13:12:29,46.491614148474916,36.75145756931151,9.306638956977093,35.61573470571105,0.07764839900811822,CoAP,UNSTABLE_NETWORK,Unstable network with high packet loss and jitter
2025-04-03T13:22:41,800.5108323187876,49.27716940051658,8.499455817731441,28.01330866177097,0.08691624760552188,MQTT,UNSTABLE_NETWORK,Unstable network with high packet loss and jitter
2025-04-03T11:46:58,471.2901367573274,63.689287455546946,0.8117531350087512,33.708677924710244,0.015168320079521874,HTTPS,UNSTABLE_NETWORK,Unstable network with high packet loss and jitter
2025-04-03T09:47:42,101.62815464741745,55.784695484134026,5.963058960610604,20.086656077657498,0.06736691683514505,MQTT,UNSTABLE_NETWORK,Unstable network with high packet loss and jitter
2025-04-03T19:01:21,105.6558144032554,51.985964166747905,6.558276760392577,20.34173229104036,0.11014465075273738,MQTT,UNSTABLE_NETWORK,Unstable network with high packet loss and jitter
2025-04-03T20:09:59,1157.8315902039399,49.43452027995738,2.3753238078574004,32.36717121026393,0.06729690250462167,HTTPS,UNSTABLE_NETWORK,Unstable network with high packet loss and jitter
2025-04-03T01:13:13,71.98719120183095,54.26795930672623,4.527752629353699,36.78549654621052,0.057882149708241175,HTTPS,UNSTABLE_NETWORK,Unstable network with high packet loss and jitter
2025-04-03T21:32:34,2153.8021875480895,51.290882273170894,2.057490587232098,11.25134344498289,0.14833066778092793,MQTT,UNSTABLE_NETWORK,Unstable network with high packet loss and jitter
2025-04-03T16:26:08,101.80279841482842,32.81817179698551,7.885028492907883,35.22020635110766,0.13457231570587416,MQTT,UNSTABLE_NETWORK,Unstable network with high packet loss and jitter
2025-04-03T20:56:20,645.3887093216858,48.96061146554428,10.456297912546448,24.56798499623663,0.09402724737446472,MQTT,UNSTABLE_NETWORK,Unstable network with high packet loss and jitter
2025-04-03T23:13:03,202.23700541382578,32.165760479688196,11.320323555872985,28.071939126925876,0.11416731834440143,MQTT,UNSTABLE_NETWORK,Unstable network with high packet loss and jitter
2025-04-03T15:08:08,618.6918885361326,49.48899572937431,9.244353386237723,16.60482076434963,0.013221937461257674,CoAP,UNSTABLE_NETWORK,Unstable network with high packet loss and jitter
2025-04-03T13:58:49,156.15446414092236,41.0647056859458,5.109810976404293,21.48382759813292,0.05637345678113881,MQTT,UNSTABLE_NETWORK,Unstable network with high packet loss and jitter
2025-04-03T19:54:54,246.76364788695514,86.3668163724198,2.2038045244401214,39.66125325530311,0.06590126380480546,HTTPS,UNSTABLE_NETWORK,Unstable network with high packet loss and jitter
2025-04-03T01:50:26,315.0985620027867,47.679343496808684,2.7293939017954942,30.328633739802132,0.07292059703399162,HTTPS,UNSTABLE_NETWORK,Unstable network with high packet loss and jitter
2025-04-03T12:08:10,90.12138895405697,27.215832981568,4.193052268236505,26.172215982904415,0.06530167937078113,MQTT,UNSTABLE_NETWORK,Unstable network with high packet loss and jitter
2025-04-03T03:07:43,729.8008503328072,46.26839053774543,5.333420905892976,28.835116473689652,0.00349921125450961,HTTPS,UNSTABLE_NETWORK,Unstable network with high packet loss and jitter
2025-04-03T07:07:31,162.05344607895026,56.07314210487509,7.52075450602524,34.89211824664301,0.0915807385612568,MQTT,UNSTABLE_NETWORK,Unstable network with high packet loss and jitter
2025-04-03T20:35:48,228.02666554217342,73.38488733500209,4.957507345619095,34.404944961633376,0.09630962384841821,MQTT,UNSTABLE_NETWORK,Unstable network with high packet loss and jitter
2025-04-03T17:17:37,90.97304238714814,39.44430936604093,9.016927681004784,29.24972999603199,0.12805696374769943,MQTT,UNSTABLE_NETWORK,Unstable network with high packet loss and jitter
2025-04-03T13:39:32,13.859654756413354,24.551342977174578,7.303179491601582,40.92959110896668,0.056350722056751096,CoAP,UNSTABLE_NETWORK,Unstable network with high packet loss and jitter
2025-04-03T00:12:10,238.54289789347362,60.54198498140136,8.031637135223077,39.70462636906666,0.05389510526660293,HTTPS,UNSTABLE_NETWORK,Unstable network with high packet loss and jitter
2025-04-03T20:16:14,5425.801886101788,27.582116443849348,11.420751658013614,34.13372029130396,0.0003995345789340604,CoAP,UNSTABLE_NETWORK,Unstable network with high packet loss and jitter
2025-04-03T16:06:50,769.1666223818447,41.75043263213931,4.4593047973988895,30.546117829100705,0.07119299490227342,HTTPS,UNSTABLE_NETWORK,Unstable network with high packet loss and jitter
2025-04-03T02:49:22,293.14577737020517,44.43012419449414,9.256113734877104,36.57321095119539,0.10703335343186515,MQTT,UNSTABLE_NETWORK,Unstable network with high packet loss and jitter
2025-04-03T21:30:26,218.83400614435274,47.2515969000649,7.95808031457178,33.142674218011834,0.06164696413421842,HTTPS,UNSTABLE_NETWORK,Unstable network with high packet loss and jitter
2025-04-03T04:17:50,308.1977264615641,58.635232778089026,6.999541157090914,40.60800071805947,0.14430334455630944,MQTT,UNSTABLE_NETWORK,Unstable network with high packet loss and jitter
2025-04-03T18:31:33,578.4345558176725,38.04491891008565,10.65576896259788,38.99561376738308,0.0723021549263143,CoAP,UNSTABLE_NETWORK,Unstable network with high packet loss and jitter
2025-04-03T09:17:21,72.73386512902455,44.19516158428752,10.637042463671023,19.817460985822713,0.08440976852865667,MQTT,UNSTABLE_NETWORK,Unstable network with high packet loss and jitter
2025-04-03T13:17:56,1142.49358544089,48.08871229495557,5.160527612034715,19.140368292582934,0.03910690758255219,HTTPS,UNSTABLE_NETWORK,Unstable network with high packet loss and jitter
2025-04-03T21:07:12,707.8555540572307,50.54840417438569,7.453518248426228,22.987504555959237,0.08861661035525839,MQTT,UNSTABLE_NETWORK,Unstable network with high packet loss and jitter
2025-04-03T08:11:21,710.2417077173119,49.77350965463018,8.843635047752196,39.76138690066921,0.020620406154419145,HTTPS,UNSTABLE_NETWORK,Unstable network with high packet loss and jitter
2025-04-03T09:21:53,507.7318029557229,54.84785588475751,7.180979755932246,14.236910032287543,0.10081093865039435,MQTT,UNSTABLE_NETWORK,Unstable network with high packet loss and jitter
2025-04-03T19:07:15,307.145772502204,60.967029123452335,9.755063996863395,33.947573891079934,0.10173284528706236,MQTT,UNSTABLE_NETWORK,Unstable network with high packet loss and jitter
2025-04-03T03:21:19,672.6438270418076,54.200615435998266,8.843576053730827,33.625430910929616,0.12077874273009531,MQTT,UNSTABLE_NETWORK,Unstable network with high packet loss and jitter
2025-04-03T00:35:38,610.3053679754831,55.11655377627949,13.497683721068038,41.62648058686193,0.04940093843696934,CoAP,UNSTABLE_NETWORK,Unstable network with high packet loss and jitter
2025-04-03T02:15:51,196.16058235657778,24.581090644851518,3.409162592210637,31.803386906638874,0.08481686354892258,MQTT,UNSTABLE_NETWORK,Unstable network with high packet loss and jitter
2025-04-03T23:35:55,150.725506859553,49.069520855941356,7.6326920307578074,16.567906094160993,0.09691449678159512,MQTT,UNSTABLE_NETWORK,Unstable network with high packet loss and jitter
2025-04-03T01:26:15,339.00336343574105,55.51038581088775,5.274492465463426,20.40645039351877,0.0932684491499093,MQTT,UNSTABLE_NETWORK,Unstable network with high packet loss and jitter
2025-04-03T00:34:02,1924.8564190823772,59.25355773182784,9.812322366317133,18.180044781021753,0.05404102174595446,HTTPS,UNSTABLE_NETWORK,Unstable network with high packet loss and jitter
2025-04-03T17:27:34,67.8197861756796,37.935845422171646,3.1484843298633667,24.620560336668596,0.008240543313315793,HTTPS,UNSTABLE_NETWORK,Unstable network with high packet loss and jitter
2025-04-03T02:27:50,51.56030821021987,38.437185134756355,9.03893813067466,28.17098432576073,0.09040880890653444,MQTT,UNSTABLE_NETWORK,Unstable network with high packet loss and jitter
2025-04-03T00:06:18,365.58378401078187,39.712931351239526,6.109854705954977,18.34558473778943,0.07542500965070242,MQTT,UNSTABLE_NETWORK,Unstable network with high packet loss and jitter
2025-04-03T11:49:49,318.89047870255723,56.372317201271116,5.797514401636958,44.70661990652289,0.0629998822111568,HTTPS,UNSTABLE_NETWORK,Unstable network with high packet loss and jitter
2025-04-03T06:41:07,369.367643504841,63.83599174917156,3.6605053893779385,16.74718628047559,0.10291836091146399,MQTT,UNSTABLE_NETWORK,Unstable network with high packet loss and jitter
2025-04-03T19:51:54,402.02983896536983,42.217541538341884,6.604772161396982,43.461034238624805,0.078652413855367,HTTPS,UNSTABLE_NETWORK,Unstable network with high packet loss and jitter
2025-04-03T22:31:55,229.50843189167628,61.95054507452911,11.253501590872776,41.851630314393404,0.040424148416966024,HTTPS,UNSTABLE_NETWORK,Unstable network with high packet loss and jitter
2025-04-03T22:19:15,1792.9518180281962,50.18497472999976,7.924433949411561,38.98302549689035,0.02205643132711336,HTTPS,UNSTABLE_NETWORK,Unstable network with high packet loss and jitter
2025-04-03T00:36:47,43.93440387360373,46.47015815750177,9.883041253623423,23.062333925032497,0.04613110204600504,CoAP,UNSTABLE_NETWORK,Unstable network with high packet loss and jitter
2025-04-03T16:00:49,111.00619881352091,45.16534859007625,12.993925465898826,33.424508791769014,0.1517903688430036,MQTT,UNSTABLE_NETWORK,Unstable network with high packet loss and jitter
2025-04-03T15:46:30,265.03894103100646,59.5369497287856,8.791266754467728,17.226288664493822,0.10168330321798319,MQTT,UNSTABLE_NETWORK,Unstable network with high packet loss and jitter
2025-04-03T05:04:55,41.76070815942343,53.22311373396677,6.3236012838129785,39.10907035033749,0.08565837025925035,HTTPS,UNSTABLE_NETWORK,Unstable network with high packet loss and jitter
2025-04-03T19:46:19,242.9260775234865,82.47849511928274,9.40175664554837,29.26015218463731,0.07455017218442586,MQTT,UNSTABLE_NETWORK,Unstable network with high packet loss and jitter
2025-04-03T05:16:40,2202.936833686235,35.559411282015795,6.367111561057124,25.906797854133146,0.07257821180157693,CoAP,UNSTABLE_NETWORK,Unstable network with high packet loss and jitter
2025-04-03T18:32:09,307.614156994378,56.11597367983276,6.486731950108492,17.762551533437307,0.11501587950077284,MQTT,UNSTABLE_NETWORK,Unstable network with high packet loss and jitter
2025-04-03T05:21:38,395.68702644713227,40.408100224617904,3.4403216011430455,5.224938813709834,0.06528212774289706,MQTT,UNSTABLE_NETWORK,Unstable network with high packet loss and jitter
2025-04-03T15:32:43,66.12750395455357,35.30847778936841,10.778772473253177,19.61459142964244,0.09730761232052879,MQTT,UNSTABLE_NETWORK,Unstable network with high packet loss and jitter
2025-04-03T07:30:39,143.18661579058036,48.186442761080954,6.841992273051682,41.12798195612906,0.06954716149125217,HTTPS,UNSTABLE_NETWORK,Unstable network with high packet loss and jitter
2025-04-03T10:09:31,191.2433724533467,50.41140423011854,8.546294737447585,25.97166571525196,0.13820469895505189,MQTT,UNSTABLE_NETWORK,Unstable network with high packet loss and jitter
2025-04-03T00:09:28,204.90047194750565,92.12538758732185,4.892114214180081,28.30671142884953,0.10226865522734911,HTTPS,UNSTABLE_NETWORK,Unstable network with high packet loss and jitter
2025-04-03T15:52:09,1396.5427939898948,45.592264248579916,9.307842889146418,36.555543582884525,0.11736670444050876,MQTT,UNSTABLE_NETWORK,Unstable network with high packet loss and jitter
2025-04-03T14:24:47,585.8195151581994,31.403437763965158,5.714176285594749,48.05668878116265,0.06246770675935284,HTTPS,UNSTABLE_NETWORK,Unstable network with high packet loss and jitter
2025-04-03T17:46:58,79.04623435925329,52.45294669105867,7.574873834894527,43.250046549456385,0.11174408337702266,MQTT,UNSTABLE_NETWORK,Unstable network with high packet loss and jitter
2025-04-03T03:16:48,403.2626992559255,17.239852587854823,10.633478093717377,20.276649961838118,0.07062267723815928,CoAP,UNSTABLE_NETWORK,Unstable network with high packet loss and jitter
2025-04-03T06:57:03,545.4704170166491,46.98176863439384,10.372277936697587,10.574294285625935,0.08330104471798548,MQTT,UNSTABLE_NETWORK,Unstable network with high packet loss and jitter
2025-04-03T15:31:53,1178.4571016195607,48.60316683029269,7.933909782449178,53.59614259100104,0.12905143011858375,HTTPS,UNSTABLE_NETWORK,Unstable network with high packet loss and jitter
2025-04-03T17:03:47,1999.0578999501636,60.28346056245093,2.695606901879845,52.68991611659453,0.048716748297307426,HTTPS,UNSTABLE_NETWORK,Unstable network with high packet loss and jitter
2025-04-03T17:10:08,88.73633498164034,62.97045578209793,16.978431710181923,31.884535964292827,0.08609743193916201,CoAP,UNSTABLE_NETWORK,Unstable network with high packet loss and jitter
2025-04-03T21:53:56,113.38095832668996,40.81424497947193,13.237576910819408,17.295117544181785,0.09314015775556181,MQTT,UNSTABLE_NETWORK,Unstable network with high packet loss and jitter
2025-04-03T01:41:07,66.33310169125559,46.11024626604617,10.168024474664895,39.63226533893939,0.09560013142402429,CoAP,UNSTABLE_NETWORK,Unstable network with high packet loss and jitter
2025-04-03T17:34:20,226.54840795144887,36.87931124874257,5.740388655227088,28.9201631398739,0.06647646520719604,HTTPS,UNSTABLE_NETWORK,Unstable network with high packet loss and jitter
2025-04-03T13:01:23,525.0074872884834,31.451852608194695,7.659223514894106,28.870188768933897,0.14258792302424245,MQTT,UNSTABLE_NETWORK,Unstable network with high packet loss and jitter
2025-04-03T01:19:52,981.01121779694,53.02287984342709,6.369738710670449,38.94458843105129,0.041152043439792195,HTTPS,UNSTABLE_NETWORK,Unstable network with high packet loss and jitter
2025-04-03T04:46:14,273.86663280002506,29.272342146176054,11.791567817289165,33.343747468732985,0.12376656165897408,MQTT,UNSTABLE_NETWORK,Unstable network with high packet loss and jitter
2025-04-03T12:22:37,204.37681998768528,42.158389088954564,8.787508672555502,18.14185088985055,0.11645196816774916,MQTT,UNSTABLE_NETWORK,Unstable network with high packet loss and jitter
2025-04-03T23:28:16,359.9237002923935,33.45185042145142,5.647508424920502,26.75258064918026,0.13702666368811053,MQTT,UNSTABLE_NETWORK,Unstable network with high packet loss and jitter
2025-04-03T07:38:50,110.12443929380417,56.626374836701345,6.587734702625655,36.61152928661347,0.0323531870387654,HTTPS,UNSTABLE_NETWORK,Unstable network with high packet loss and jitter
2025-04-03T13:21:49,3682.064726067308,75.40424575375224,11.363564427709715,35.10252222405018,0.0539350553633087,HTTPS,UNSTABLE_NETWORK,Unstable network with high packet loss and jitter
2025-04-03T05:32:19,43.57960397282276,28.860641745112417,12.800293540461436,32.62016574358476,0.12475829177484922,MQTT,UNSTABLE_NETWORK,Unstable network with high packet loss and jitter
2025-04-03T08:58:23,374.4548254318273,20.59085146610632,12.584994690458736,39.33422954475864,0.023688825361090737,LoRaWAN,UNSTABLE_NETWORK,Unstable network with high packet loss and jitter
2025-04-03T12:17:00,3401.9699427005994,46.514492651726314,10.271096195161933,26.382830121827354,0.03180623296878759,CoAP,UNSTABLE_NETWORK,Unstable network with high packet loss and jitter
2025-04-03T20:31:51,302.4579586455517,48.62493009375117,7.242125393592089,31.78669775219072,0.06535076639865525,HTTPS,UNSTABLE_NETWORK,Unstable network with high packet loss and jitter
2025-04-03T18:52:37,238.82609059645503,51.671019978151726,1.7245414759873618,3.7557910017760037,0.08575981365866803,MQTT,UNSTABLE_NETWORK,Unstable network with high packet loss and jitter
2025-04-03T06:07:33,195.3607730256733,41.69798987068456,8.891480071424665,25.50349806157186,0.12776675220946324,MQTT,UNSTABLE_NETWORK,Unstable network with high packet loss and jitter
2025-04-03T04:41:16,241.60700420165256,45.38487533922572,7.994513723467699,37.63902908575644,0.07444202255208926,HTTPS,UNSTABLE_NETWORK,Unstable network with high packet loss and jitter
2025-04-03T21:56:10,1558.066088392234,53.9087882021237,8.419946288964061,26.096055328828577,0.06175282555806383,CoAP,UNSTABLE_NETWORK,Unstable network with high packet loss and jitter
2025-04-03T14:40:43,21.105806264945006,64.00426265609472,8.161692041099618,25.33772608282888,0.08934169813089282,MQTT,UNSTABLE_NETWORK,Unstable network with high packet loss and jitter
2025-04-03T22:17:47,1889.1890014682422,19.073734934055366,4.021213514152529,19.585470482251814,0.09408789449883202,MQTT,UNSTABLE_NETWORK,Unstable network with high packet loss and jitter
2025-04-03T23:45:25,54.32768185097721,42.867042125765145,9.672225670553557,40.033658927291455,0.09323719466510813,CoAP,UNSTABLE_NETWORK,Unstable network with high packet loss and jitter
2025-04-03T17:04:06,217.84845915489393,51.6099328427605,9.89664894209555,35.484632735405704,0.07466041376145965,CoAP,UNSTABLE_NETWORK,Unstable network with high packet loss and jitter
2025-04-03T08:38:21,179.23345434281015,34.63482658689098,10.047016346178978,38.25414597823085,0.021347416582455515,CoAP,UNSTABLE_NETWORK,Unstable network with high packet loss and jitter
2025-04-03T09:27:45,607.9218869984844,74.37367985496897,10.83973101072016,12.737860380421104,0.05247152032681004,MQTT,UNSTABLE_NETWORK,Unstable network with high packet loss and jitter
2025-04-03T08:14:50,44.08119403542174,38.8766543974359,9.81215493476487,28.39549956734366,0.12260813255802386,MQTT,UNSTABLE_NETWORK,Unstable network with high packet loss and jitter
2025-04-03T17:26:14,522.3770650498551,47.790079518165186,6.769911765383267,27.198889922499937,0.085612068139298,HTTPS,UNSTABLE_NETWORK,Unstable network with high packet loss and jitter
2025-04-03T02:32:22,3404.84270631044,56.75146849831626,7.78748945625173,27.194282934014474,0.0703243364267883,HTTPS,UNSTABLE_NETWORK,Unstable network with high packet loss and jitter
2025-04-03T11:52:06,58.438426948582155,39.54353243606094,8.27337460176013,23.839724562820443,0.11354505645121923,MQTT,UNSTABLE_NETWORK,Unstable network with high packet loss and jitter
2025-04-03T05:18:42,376.69275277257395,20.715875773430575,8.323098347319856,26.538957282199846,0.04609650102893155,CoAP,UNSTABLE_NETWORK,Unstable network with high packet loss and jitter
2025-04-03T02:50:07,135.55857860139807,41.9863208091563,10.99465296791519,38.49644782706652,0.07323955598860978,CoAP,UNSTABLE_NETWORK,Unstable network with high packet loss and jitter
2025-04-03T03:40:50,500.1195261170422,63.85941427421738,9.931006259067473,10.871486466521706,0.08413275215522112,MQTT,UNSTABLE_NETWORK,Unstable network with high packet loss and jitter
2025-04-03T08:56:20,306.9730035971968,43.36604625594216,14.23203031870986,47.77294768030454,0.06675867490116112,LoRaWAN,UNSTABLE_NETWORK,Unstable network with high packet loss and jitter
2025-04-03T21:09:32,138.93388657141156,35.72462585824203,14.619406939654016,34.83841125026461,0.08302288468704797,LoRaWAN,UNSTABLE_NETWORK,Unstable network with high packet loss and jitter
2025-04-03T01:17:28,538.7379187117142,62.307890745075,8.238948747841775,29.576681043397873,0.07436918205734705,HTTPS,UNSTABLE_NETWORK,Unstable network with high packet loss and jitter
2025-04-03T12:10:11,2614.9498706723116,43.46285138459586,3.5099666453781087,39.06834146372926,0.038019708566423754,HTTPS,UNSTABLE_NETWORK,Unstable network with high packet loss and jitter
2025-04-03T20:35:17,238.57838737872828,40.773729842595856,11.7104973983818,15.48165254831565,0.08544433645637169,MQTT,UNSTABLE_NETWORK,Unstable network with high packet loss and jitter
2025-04-03T15:52:31,711.5829569872641,50.66965061470623,6.378870983038837,23.35299094848986,0.040149446254613974,HTTPS,UNSTABLE_NETWORK,Unstable network with high packet loss and jitter
2025-04-03T01:31:02,63.55177482219605,59.99072963644586,5.59554823450698,28.78924567609446,0.08496845375290167,HTTPS,UNSTABLE_NETWORK,Unstable network with high packet loss and jitter
2025-04-03T11:36:26,95.20750973665879,84.1568466905597,6.804664175031899,43.65560370432178,0.12122407472450328,MQTT,UNSTABLE_NETWORK,Unstable network with high packet loss and jitter
2025-04-03T09:34:51,528.8315806543359,60.841352551840345,6.66007085955618,29.53503418873442,0.07156930408171837,HTTPS,UNSTABLE_NETWORK,Unstable network with high packet loss and jitter
2025-04-03T21:18:38,1780.6285677478456,65.83207765521162,9.836809430316178,34.50054671185146,0.04485550610087041,HTTPS,UNSTABLE_NETWORK,Unstable network with high packet loss and jitter
2025-04-03T15:15:23,459.6744369715986,40.8466523969761,3.3216926626213237,24.104210040638723,0.07619036560385059,MQTT,UNSTABLE_NETWORK,Unstable network with high packet loss and jitter
2025-04-03T16:17:32,206.0487596329249,33.049791014659256,4.766837762625196,34.868420689674906,0.055040866757644066,HTTPS,UNSTABLE_NETWORK,Unstable network with high packet loss and jitter
2025-04-03T11:00:36,299.7450143766289,49.37445007089571,9.02947566259225,46.77239592974457,0.09783527007894409,HTTPS,UNSTABLE_NETWORK,Unstable network with high packet loss and jitter
2025-04-03T03:42:38,66.90630406713532,50.04869577791028,9.868832091239923,39.95526691674114,0.07556033757431439,CoAP,UNSTABLE_NETWORK,Unstable network with high packet loss and jitter
2025-04-03T22:25:52,619.6785440735885,32.26512315095485,9.924624934808037,29.185440122221205,0.1312928975499372,MQTT,UNSTABLE_NETWORK,Unstable network with high packet loss and jitter
2025-04-03T06:17:32,864.8725451641795,45.81506354527108,5.638891163200103,36.7549084726547,0.11488968787032014,MQTT,UNSTABLE_NETWORK,Unstable network with high packet loss and jitter
2025-04-03T07:27:01,174.38649564638527,54.43591274202571,5.06520305220128,35.77516954607212,0.07540758486555792,HTTPS,UNSTABLE_NETWORK,Unstable network with high packet loss and jitter
2025-04-03T02:05:13,170.67000510544517,53.85371686391742,6.480095498636242,35.06587671697276,0.10146827203919273,MQTT,UNSTABLE_NETWORK,Unstable network with high packet loss and jitter
2025-04-03T12:26:45,412.7476338919906,56.01380096181777,8.719618256854176,41.11953360860409,0.06820290772511464,HTTPS,UNSTABLE_NETWORK,Unstable network with high packet loss and jitter
2025-04-03T05:42:51,177.63285208493753,52.8156213355228,12.456432107817648,41.04477703837466,0.08101870655495505,CoAP,UNSTABLE_NETWORK,Unstable network with high packet loss and jitter
2025-04-03T13:00:43,277.11243797811227,40.84768771681779,1.8576884426877491,28.728414031251155,0.06915697410949063,MQTT,UNSTABLE_NETWORK,Unstable network with high packet loss and jitter
2025-04-03T05:15:06,3727.334409554537,40.745975428543446,7.337813729124901,36.41879061477769,0.10299367879549126,CoAP,UNSTABLE_NETWORK,Unstable network with high packet loss and jitter
2025-04-03T22:12:01,223.04011290038872,30.47188108077542,4.001964676924389,26.16905078840206,0.12298964830128734,MQTT,UNSTABLE_NETWORK,Unstable network with high packet loss and jitter
2025-04-03T14:29:46,195.15113160087296,75.22944486086746,3.043271967939531,20.769276036844225,0.1039594462157343,HTTPS,UNSTABLE_NETWORK,Unstable network with high packet loss and jitter
2025-04-03T10:19:08,137.9280686909831,48.66124196478789,10.90086993603445,27.305062442960136,0.10765809803856068,MQTT,UNSTABLE_NETWORK,Unstable network with high packet loss and jitter
2025-04-03T18:26:56,732.7560531739213,45.088357880983196,9.633873723498017,29.237218482604174,0.10769100311707189,MQTT,UNSTABLE_NETWORK,Unstable network with high packet loss and jitter
2025-04-03T18:44:48,241.3657618010971,34.530939718526554,9.348300547841786,13.384190108220078,0.0965376776700413,MQTT,UNSTABLE_NETWORK,Unstable network with high packet loss and jitter
2025-04-03T12:27:28,137.62530740334807,92.4993566976376,10.76307751919298,38.6033255941672,0.045821415223691965,HTTPS,UNSTABLE_NETWORK,Unstable network with high packet loss and jitter
2025-04-03T03:10:46,1464.614450923368,32.36623490178494,6.560843309701592,2.326745773976022,0.131029145582495,MQTT,UNSTABLE_NETWORK,Unstable network with high packet loss and jitter
2025-04-03T00:00:31,1647.9808332174478,42.03510372344474,6.702087450999415,57.14816939486322,0.13413232480095275,HTTPS,UNSTABLE_NETWORK,Unstable network with high packet loss and jitter
2025-04-03T18:04:23,145.9514738790846,54.70704237423422,14.557191850167722,45.01879133796319,0.07298361190059895,CoAP,UNSTABLE_NETWORK,Unstable network with high packet loss and jitter
2025-04-03T18:41:26,31.942408054927622,57.474351538514945,7.260286837221277,27.389912758276864,0.06887906254351454,HTTPS,UNSTABLE_NETWORK,Unstable network with high packet loss and jitter
2025-04-03T22:42:15,1005.0563639576542,62.84180510299351,10.205396339162274,30.09426360563773,0.09837234958746124,MQTT,UNSTABLE_NETWORK,Unstable network with high packet loss and jitter
2025-04-03T12:49:50,131.92409030802787,75.58861911370467,8.019144622889945,33.029718735872834,0.09652438505550515,MQTT,UNSTABLE_NETWORK,Unstable network with high packet loss and jitter
2025-04-03T12:45:56,774.7444194831933,56.06852355148388,2.455224409764755,24.10839612011058,0.07394161793740944,MQTT,UNSTABLE_NETWORK,Unstable network with high packet loss and jitter
2025-04-03T15:56:43,28.209474407124457,32.63736394248065,1.8661129885961953,31.926191475869363,0.04249923033237188,HTTPS,UNSTABLE_NETWORK,Unstable network with high packet loss and jitter
2025-04-03T19:48:35,875.591169589339,44.62531628756141,6.263047340180286,28.56000022298339,0.08917103572249331,MQTT,UNSTABLE_NETWORK,Unstable network with high packet loss and jitter
2025-04-03T15:17:57,70.13178812533307,53.098645974503874,11.168303755009967,29.05727282769034,0.09654309614526636,MQTT,UNSTABLE_NETWORK,Unstable network with high packet loss and jitter
2025-04-03T05:23:13,721.0434633710075,79.50621823179043,10.364874969908012,31.814610634806385,0.10177463444116391,MQTT,UNSTABLE_NETWORK,Unstable network with high packet loss and jitter
2025-04-03T08:56:03,305.18256034774896,27.51741265524608,10.7422314926721,16.864722016460057,0.09047878317062623,MQTT,UNSTABLE_NETWORK,Unstable network with high packet loss and jitter
2025-04-03T21:22:46,95.49321247305167,66.52480963239643,5.038861463191054,30.39569724133648,0.07186654554914272,HTTPS,UNSTABLE_NETWORK,Unstable network with high packet loss and jitter
2025-04-03T23:22:22,184.07419299658886,51.18654481962172,12.847617470366941,31.634477466174772,0.10982006118518835,CoAP,UNSTABLE_NETWORK,Unstable network with high packet loss and jitter
2025-04-03T23:48:32,683.594306840761,61.05695452727515,5.105320099440847,31.288496213559142,0.08197545492697755,HTTPS,UNSTABLE_NETWORK,Unstable network with high packet loss and jitter
2025-04-03T05:03:38,340.65008896920875,46.96124297170143,8.638473196009906,27.841692445638454,0.06605230956905839,HTTPS,UNSTABLE_NETWORK,Unstable network with high packet loss and jitter
2025-04-03T22:24:55,604.9090107242406,35.856341491752985,7.96894313027679,41.37857775969372,0.07458039853862837,HTTPS,UNSTABLE_NETWORK,Unstable network with high packet loss and jitter
2025-04-03T09:36:12,3214.770262389542,59.75758985707533,7.478378539056241,26.46347445118449,0.027620929025750543,HTTPS,UNSTABLE_NETWORK,Unstable network with high packet loss and jitter
2025-04-03T11:49:34,45.9104399274202,58.312630795047134,12.01577641488682,32.2732590682319,0.07453274527464383,CoAP,UNSTABLE_NETWORK,Unstable network with high packet loss and jitter
2025-04-03T18:04:29,2088.9933216071586,63.07868709696612,5.884668439502118,42.972975339255456,0.10065309559624006,HTTPS,UNSTABLE_NETWORK,Unstable network with high packet loss and jitter
2025-04-03T06:58:49,340.02175460105354,48.29993030259823,3.9511842328642164,29.206238599796876,0.09019349066417691,MQTT,UNSTABLE_NETWORK,Unstable network with high packet loss and jitter
2025-04-03T07:14:56,102.02742163053436,39.50383670588749,8.059986458619258,32.14463267467551,0.12561992518943557,MQTT,UNSTABLE_NETWORK,Unstable network with high packet loss and jitter
2025-04-03T17:17:06,60.78883418109295,25.12102935273507,6.800519797140421,29.03615363685103,0.07211075257952887,MQTT,UNSTABLE_NETWORK,Unstable network with high packet loss and jitter
2025-04-03T14:41:31,239.0895112142087,60.79510052259126,18.13214875724794,42.37369793563599,0.09461939489159948,LoRaWAN,UNSTABLE_NETWORK,Unstable network with high packet loss and jitter
2025-04-03T00:54:34,906.6555494997051,54.86451095956743,10.029522429319925,27.422754384137047,0.10378220528917316,MQTT,UNSTABLE_NETWORK,Unstable network with high packet loss and jitter
2025-04-03T21:41:19,257.4237423945114,34.02109645235572,6.771978274344127,42.833545772882054,0.15028571024862225,MQTT,UNSTABLE_NETWORK,Unstable network with high packet loss and jitter
2025-04-03T12:18:51,1839.3515885201286,40.43089806827321,4.83166529243874,28.964121053529354,0.08434296473352922,HTTPS,UNSTABLE_NETWORK,Unstable network with high packet loss and jitter
2025-04-03T06:44:09,52.58188383279076,41.50978821085843,2.3591347682936457,21.40540276551983,0.048674384634079304,MQTT,UNSTABLE_NETWORK,Unstable network with high packet loss and jitter
2025-04-03T23:58:22,295.6793934981443,26.268071132801243,4.924342742787701,36.79373170574121,0.10543786260065846,MQTT,UNSTABLE_NETWORK,Unstable network with high packet loss and jitter
2025-04-03T16:23:14,66.74706600683031,36.24926888586797,8.344825315277395,26.95332166244344,0.1359718206790537,MQTT,UNSTABLE_NETWORK,Unstable network with high packet loss and jitter
2025-04-03T00:32:36,464.11888348030556,31.508716705257136,12.281985954784307,36.20500899099163,0.07032353869320136,LoRaWAN,UNSTABLE_NETWORK,Unstable network with high packet loss and jitter
2025-04-03T02:44:31,869.6121805429062,42.33065410144087,11.365067427163757,2.7059561507626597,0.10523244615819247,MQTT,UNSTABLE_NETWORK,Unstable network with high packet loss and jitter
2025-04-03T07:25:14,181.06721614373464,37.43904402722394,8.687284494939139,30.052052618949464,0.11686184165686761,MQTT,UNSTABLE_NETWORK,Unstable network with high packet loss and jitter
2025-04-03T16:25:45,13.180333690578005,24.116099911573627,7.030497002892546,25.403947012425196,0.11051196631910461,MQTT,UNSTABLE_NETWORK,Unstable network with high packet loss and jitter
2025-04-03T23:54:10,380.89366847664394,78.86169440552455,8.806437069236463,19.36741313468722,0.08376675567420734,MQTT,UNSTABLE_NETWORK,Unstable network with high packet loss and jitter
2025-04-03T03:30:00,506.67447525269904,67.31261913482825,6.444086007546272,24.467589981602007,0.05904578725360562,HTTPS,UNSTABLE_NETWORK,Unstable network with high packet loss and jitter
2025-04-03T12:22:49,487.3274020201378,36.84088406899748,13.155091987291627,24.262968557073485,0.07756161355959243,CoAP,UNSTABLE_NETWORK,Unstable network with high packet loss and jitter
2025-04-03T06:54:42,1321.7621730130159,52.614163564008884,7.43242945617476,29.52014205149419,0.09375801361632892,HTTPS,UNSTABLE_NETWORK,Unstable network with high packet loss and jitter
2025-04-03T19:52:26,82.97323277340122,54.79148618393163,7.74098642525982,16.326735387150443,0.10724667572275187,MQTT,UNSTABLE_NETWORK,Unstable network with high packet loss and jitter
2025-04-03T16:16:39,678.6067513208936,66.39746488062183,1.352532724937996,33.162737802597135,0.09001835143997118,HTTPS,UNSTABLE_NETWORK,Unstable network with high packet loss and jitter
2025-04-03T13:05:48,1254.8753069651514,36.25376888152596,7.4136954604317085,43.66214785205788,0.0686027610037827,HTTPS,UNSTABLE_NETWORK,Unstable network with high packet loss and jitter
2025-04-03T10:59:41,35.49803610085341,64.916113263571,10.509452413894824,32.80928496947826,0.09666138968449306,MQTT,UNSTABLE_NETWORK,Unstable network with high packet loss and jitter
2025-04-03T18:11:47,440.2596496737173,40.31759916313805,4.796832268884364,38.08988609229009,0.10580255203228461,MQTT,UNSTABLE_NETWORK,Unstable network with high packet loss and jitter
2025-04-03T05:32:33,163.81974007676587,28.49990988612035,5.747838996521562,40.94562454613796,0.09138830169243442,MQTT,UNSTABLE_NETWORK,Unstable network with high packet loss and jitter
2025-04-03T09:16:56,272.04167376574037,59.401561560774475,10.378133053200994,42.36489512184177,0.054914386563850254,HTTPS,UNSTABLE_NETWORK,Unstable network with high packet loss and jitter
2025-04-03T10:42:38,455.3171708530129,67.9025567553009,3.57002832944584,48.701386928213054,0.0745578189584843,HTTPS,UNSTABLE_NETWORK,Unstable network with high packet loss and jitter
2025-04-03T03:11:51,167.18620607902037,87.36148221883222,11.173403022625756,25.007980017240698,0.10843462329237401,MQTT,UNSTABLE_NETWORK,Unstable network with high packet loss and jitter
2025-04-03T04:10:00,133.3440699285754,30.548635861926222,6.403568329480693,22.815160148388834,0.03850946573766579,HTTPS,UNSTABLE_NETWORK,Unstable network with high packet loss and jitter
2025-04-03T11:07:52,312.55028731609815,59.02997733689873,6.834295338526391,37.83465648324734,0.01720465932826523,HTTPS,UNSTABLE_NETWORK,Unstable network with high packet loss and jitter
2025-04-03T22:09:46,81.37656627974343,42.40083062619137,4.628364784623217,37.082662196574,0.12524248550432063,MQTT,UNSTABLE_NETWORK,Unstable network with high packet loss and jitter
2025-04-03T12:44:09,81.5154293897374,60.2998971633623,9.13413878128365,37.75675299615689,0.0953424576506564,HTTPS,UNSTABLE_NETWORK,Unstable network with high packet loss and jitter
2025-04-03T15:58:29,677.9207642371074,26.49384045944054,15.37961595508814,48.892824542502524,0.0982019000756032,LoRaWAN,UNSTABLE_NETWORK,Unstable network with high packet loss and jitter
2025-04-03T23:00:09,75.58286714725268,29.611304314838314,10.344491718381896,30.11369908798494,0.04769549079118832,CoAP,UNSTABLE_NETWORK,Unstable network with high packet loss and jitter
2025-04-03T22:38:41,667.3785830972118,36.916395825226985,5.407144214178393,34.26156559646185,0.10212584190399614,MQTT,UNSTABLE_NETWORK,Unstable network with high packet loss and jitter
2025-04-03T00:59:19,522.6395482032358,49.74064608015298,11.406861756474427,20.196117485165253,0.08825746062705092,MQTT,UNSTABLE_NETWORK,Unstable network with high packet loss and jitter
2025-04-03T21:09:23,37.819105071283154,38.94163361946384,7.0499613621972514,51.353211239759574,0.03247017266454809,HTTPS,UNSTABLE_NETWORK,Unstable network with high packet loss and jitter
2025-04-03T13:00:13,133.04732498076527,58.44533499864794,12.123454944282678,26.63455078790889,0.12272850242821573,MQTT,UNSTABLE_NETWORK,Unstable network with high packet loss and jitter
2025-04-03T17:56:59,1257.2898344108983,63.96460633622283,10.420029206493089,26.9178407183917,0.08476049970856186,CoAP,UNSTABLE_NETWORK,Unstable network with high packet loss and jitter
2025-04-03T05:32:04,92.42373678679212,57.55651740344192,0.8294246964151988,26.532501089917574,0.06811748101762194,MQTT,UNSTABLE_NETWORK,Unstable network with high packet loss and jitter
2025-04-03T03:34:28,171.8285813647093,72.84633610208208,4.987761101134918,23.55104141355662,0.06866030762044348,HTTPS,UNSTABLE_NETWORK,Unstable network with high packet loss and jitter
2025-04-03T07:49:48,522.3070046729738,54.803588171406666,10.83315566850617,22.705629511523508,0.01954334283702871,CoAP,UNSTABLE_NETWORK,Unstable network with high packet loss and jitter
2025-04-03T00:47:46,768.0471202788522,30.314405296881485,8.454971816435053,24.76295717110475,0.0978000979889409,MQTT,UNSTABLE_NETWORK,Unstable network with high packet loss and jitter
2025-04-03T11:03:22,221.8354323825613,69.02017087746655,4.928732156876448,16.342040719490555,0.08785571621737176,MQTT,UNSTABLE_NETWORK,Unstable network with high packet loss and jitter
2025-04-03T20:17:53,146.4626198110545,39.49384686270897,6.099231453518562,22.146820797367617,0.07417759603000715,MQTT,UNSTABLE_NETWORK,Unstable network with high packet loss and jitter
2025-04-03T18:58:43,1653.4616000125795,62.22913511448995,2.2812901397318583,49.48963111447619,0.11835455622355016,HTTPS,UNSTABLE_NETWORK,Unstable network with high packet loss and jitter
2025-04-03T10:50:56,2417.434350985423,72.18053808994046,7.734880137420812,37.35655143641369,0.03848422943012463,HTTPS,UNSTABLE_NETWORK,Unstable network with high packet loss and jitter
2025-04-03T10:41:21,971.0831865143738,55.42651222497733,14.632069178047292,39.25904176727718,0.06209682570897154,CoAP,UNSTABLE_NETWORK,Unstable network with high packet loss and jitter
2025-04-03T08:19:03,332.3418958260301,26.135477088959064,10.414800172196976,41.772087874169145,0.05449975235718843,LoRaWAN,UNSTABLE_NETWORK,Unstable network with high packet loss and jitter
2025-04-03T17:02:01,113.73413876581685,34.80634401118941,14.57125100356527,48.34134564362391,0.07163615060685341,LoRaWAN,UNSTABLE_NETWORK,Unstable network with high packet loss and jitter
2025-04-03T13:09:04,110.74709593641138,68.42236073452078,10.64719126936994,12.28577448556156,0.0820241007577167,MQTT,UNSTABLE_NETWORK,Unstable network with high packet loss and jitter
2025-04-03T00:09:19,561.6053623303868,46.04602066900897,11.082438030058075,17.701168847134596,0.09290040571434065,MQTT,UNSTABLE_NETWORK,Unstable network with high packet loss and jitter
2025-04-03T12:55:07,495.6451958086301,49.77813120019117,13.922236063235072,21.962763391053148,0.06959079640684648,CoAP,UNSTABLE_NETWORK,Unstable network with high packet loss and jitter
2025-04-03T22:40:53,1612.757597327638,59.96856164092029,9.131789778026679,25.302702035104023,0.05367932794535319,HTTPS,UNSTABLE_NETWORK,Unstable network with high packet loss and jitter
2025-04-03T07:13:45,654.79524630191,59.032705552078475,7.43831803547936,26.99430609414751,0.13058020849311333,MQTT,UNSTABLE_NETWORK,Unstable network with high packet loss and jitter
2025-04-03T17:16:30,49.40670345929719,52.771527029063,11.097972549866036,25.53022447193959,0.15234920575365707,MQTT,UNSTABLE_NETWORK,Unstable network with high packet loss and jitter
2025-04-03T09:48:12,1060.1011593733285,45.46117149738157,12.361520711365655,32.19308913132054,0.08429860015646076,CoAP,UNSTABLE_NETWORK,Unstable network with high packet loss and jitter
2025-04-03T03:53:03,90.56879447531792,43.90283760211067,6.560106071863373,30.352953907452157,0.05729658898937399,HTTPS,UNSTABLE_NETWORK,Unstable network with high packet loss and jitter
2025-04-03T15:45:18,189.2401698525199,61.46301388987364,5.835292752979912,22.771652048217504,0.12426362393126883,MQTT,UNSTABLE_NETWORK,Unstable network with high packet loss and jitter
2025-04-03T18:17:25,405.0549440225695,56.89974169892787,8.416568097292641,8.2445122301243,0.03659728681014605,MQTT,UNSTABLE_NETWORK,Unstable network with high packet loss and jitter
2025-04-03T03:07:18,3289.8046411179025,44.738365946051594,10.494496600794985,20.07131294621302,0.06995680025885517,CoAP,UNSTABLE_NETWORK,Unstable network with high packet loss and jitter
2025-04-03T03:09:06,12527.54052688827,64.83121787262301,10.394273145984684,24.507613466874247,0.05911648845961095,LoRaWAN,UNSTABLE_NETWORK,Unstable network with high packet loss and jitter
2025-04-03T12:15:10,621.3224222206879,46.66568867318662,3.7274971994372024,27.529205631922807,0.04521393348648534,HTTPS,UNSTABLE_NETWORK,Unstable network with high packet loss and jitter
2025-04-03T02:05:39,240.79514040573883,35.82793500752495,13.734818201189965,18.70332540689463,0.07159927301234692,CoAP,UNSTABLE_NETWORK,Unstable network with high packet loss and jitter
2025-04-03T05:27:55,569.7452054070255,37.219974361398144,6.076505211809449,25.0919353350358,0.05407483762478106,HTTPS,UNSTABLE_NETWORK,Unstable network with high packet loss and jitter
2025-04-03T15:40:16,870.4140219115042,33.9250895227093,7.204805009334262,18.69012611514414,0.08037963392445964,MQTT,UNSTABLE_NETWORK,Unstable network with high packet loss and jitter
2025-04-03T04:50:47,204.17578704371624,44.52171904070795,5.292036920036541,28.74180648451667,0.08081531503017392,HTTPS,UNSTABLE_NETWORK,Unstable network with high packet loss and jitter
2025-04-03T05:07:56,2586.4358874277405,67.11540068721362,16.094986507811264,19.26908671637385,0.06136004829434062,CoAP,UNSTABLE_NETWORK,Unstable network with high packet loss and jitter
2025-04-03T16:26:46,395.38793057919054,36.53477601912056,8.726212010863902,21.510953436295353,0.06888459930218391,CoAP,UNSTABLE_NETWORK,Unstable network with high packet loss and jitter
2025-04-03T05:05:00,545.1571935271212,51.440007372257206,5.447074757955305,16.91315869010861,0.07307453096288868,MQTT,UNSTABLE_NETWORK,Unstable network with high packet loss and jitter
2025-04-03T04:53:06,667.0677247523853,38.764197994981934,10.591770649887337,28.46499304430216,0.1042953818335828,CoAP,UNSTABLE_NETWORK,Unstable network with high packet loss and jitter
2025-04-03T19:57:15,497.5452003236745,44.711569782729036,10.3074073379301,21.335522300476015,0.07554711796807444,CoAP,UNSTABLE_NETWORK,Unstable network with high packet loss and jitter
2025-04-03T18:44:05,820.9901199544089,25.967254444429287,7.436818929260348,39.067842666754295,0.10474105222358292,LoRaWAN,UNSTABLE_NETWORK,Unstable network with high packet loss and jitter
2025-04-03T18:37:21,143.03346885326482,45.311466409267474,10.521820138350149,34.05850266692899,0.09757438950663967,CoAP,UNSTABLE_NETWORK,Unstable network with high packet loss and jitter
2025-04-03T22:07:31,153.51839084580118,45.71562637194858,5.524124117507407,29.30148131816357,0.09714592090702226,MQTT,UNSTABLE_NETWORK,Unstable network with high packet loss and jitter
2025-04-03T23:47:10,80.12575957652811,56.72719345196591,6.521245175152243,22.025145026562114,0.1216353791103792,MQTT,UNSTABLE_NETWORK,Unstable network with high packet loss and jitter
2025-04-03T13:50:58,508.3569973228814,51.97375521266851,1.9693500363018117,33.80520305316303,0.04641827360762271,HTTPS,UNSTABLE_NETWORK,Unstable network with high packet loss and jitter
2025-04-03T03:30:05,763.9530075792956,30.650326861964736,4.028146747341312,36.90700889348637,0.06580450681078659,HTTPS,UNSTABLE_NETWORK,Unstable network with high packet loss and jitter
2025-04-03T06:53:30,519.6263076201151,64.89084961930602,13.422892417012058,31.426884122016304,0.13289896400898707,MQTT,UNSTABLE_NETWORK,Unstable network with high packet loss and jitter
2025-04-03T09:11:50,2237.631892260101,51.784088784390285,12.924285883166943,46.0370185546693,0.07228050498232198,CoAP,UNSTABLE_NETWORK,Unstable network with high packet loss and jitter
2025-04-03T03:32:57,297.992182238218,51.607113161130115,8.197365945946888,34.59637318074816,0.004453710697175484,HTTPS,UNSTABLE_NETWORK,Unstable network with high packet loss and jitter
2025-04-03T11:00:00,669.3268202320891,48.495142325098215,12.988794341569513,39.13607217568034,0.07391094970556344,CoAP,UNSTABLE_NETWORK,Unstable network with high packet loss and jitter
2025-04-03T19:29:37,80.9426940389489,40.868183139949465,7.519776540175085,31.335654155359784,0.08404818590489749,HTTPS,UNSTABLE_NETWORK,Unstable network with high packet loss and jitter
2025-04-03T18:54:49,188.53107203523462,51.90324716692112,7.2697690922962765,36.756644532569766,0.0014866064770636817,HTTPS,UNSTABLE_NETWORK,Unstable network with high packet loss and jitter
2025-04-03T12:11:32,691.1990089894537,55.771705832026434,8.169531945396669,22.032187673308247,0.12001806919663845,MQTT,UNSTABLE_NETWORK,Unstable network with high packet loss and jitter
2025-04-03T13:49:44,831.0625040980104,22.436111145321842,7.625235214029304,25.41601636787206,0.05858862608403194,CoAP,UNSTABLE_NETWORK,Unstable network with high packet loss and jitter
2025-04-03T11:23:26,210.8236785527203,40.5598011777212,7.354411029319459,33.493635534823795,0.08985689345562546,HTTPS,UNSTABLE_NETWORK,Unstable network with high packet loss and jitter
2025-04-03T15:30:50,275.300539665051,44.81867640426626,11.430194321448658,33.42099481557381,0.07322055363967814,CoAP,UNSTABLE_NETWORK,Unstable network with high packet loss and jitter
2025-04-03T07:40:03,48.537368152013414,52.48710726814175,8.450406961868609,35.076118229432474,0.04134945742387876,HTTPS,UNSTABLE_NETWORK,Unstable network with high packet loss and jitter
2025-04-03T11:22:45,195.45837354063278,66.54588049404192,10.137445293301413,41.003928922787296,0.04788475596093741,HTTPS,UNSTABLE_NETWORK,Unstable network with high packet loss and jitter
2025-04-03T01:35:25,873.2678032977691,37.07177040859078,11.094141575831992,15.75028828184588,0.05194751490717359,CoAP,UNSTABLE_NETWORK,Unstable network with high packet loss and jitter
2025-04-03T18:50:33,598.261825841648,41.180122147682354,9.1645573869642,20.25547452389704,0.11257015727550915,MQTT,UNSTABLE_NETWORK,Unstable network with high packet loss and jitter
2025-04-03T12:41:03,547.0725030313375,40.96320541265921,5.089186022275284,32.29572641074253,0.07557385435699544,HTTPS,UNSTABLE_NETWORK,Unstable network with high packet loss and jitter
2025-04-03T01:36:27,318.4644651096241,36.629970443196804,3.9414023331078836,22.756363681965393,0.06434403450344761,MQTT,UNSTABLE_NETWORK,Unstable network with high packet loss and jitter
2025-04-03T09:32:13,302.55354346870627,43.446754090488454,8.446341904421915,63.77768241289362,0.05196173262229306,LoRaWAN,UNSTABLE_NETWORK,Unstable network with high packet loss and jitter
2025-04-03T08:26:49,135.8290496624359,60.21825203939943,7.486231085525197,35.15719619170136,0.11588450664578379,MQTT,UNSTABLE_NETWORK,Unstable network with high packet loss and jitter
2025-04-03T15:50:14,693.9338083211363,32.850353531522146,8.262174286760365,29.21669151069843,0.1239260381757076,MQTT,UNSTABLE_NETWORK,Unstable network with high packet loss and jitter
2025-04-03T07:35:31,497.17894317415244,55.07676911168834,7.9518378822542415,24.84530726916141,0.11554231696120043,MQTT,UNSTABLE_NETWORK,Unstable network with high packet loss and jitter
2025-04-03T01:33:01,541.4252921282252,23.132686956527234,15.7507209804997,25.198377168069555,0.094773120174625,LoRaWAN,UNSTABLE_NETWORK,Unstable network with high packet loss and jitter
2025-04-03T15:12:09,159.5792499079365,40.24281768257664,4.009321233075986,30.301406613151773,0.08869490125612135,MQTT,UNSTABLE_NETWORK,Unstable network with high packet loss and jitter
2025-04-03T04:27:00,22.641193555110757,43.72221534834741,2.030161190536626,31.11981932621258,0.04352186546072296,HTTPS,UNSTABLE_NETWORK,Unstable network with high packet loss and jitter
2025-04-03T20:12:13,1119.1958650217991,73.78911716773565,8.997130500558828,25.43300855306487,0.07262542619866827,HTTPS,UNSTABLE_NETWORK,Unstable network with high packet loss and jitter
2025-04-03T05:22:34,168.8781632552421,44.54585472514182,6.870732336235414,27.268477534800983,0.05948419389960691,HTTPS,UNSTABLE_NETWORK,Unstable network with high packet loss and jitter
2025-04-03T09:15:36,106.53265499306318,15.650904417075836,8.948203609189854,43.44284575234596,0.025234636730458712,LoRaWAN,UNSTABLE_NETWORK,Unstable network with high packet loss and jitter
2025-04-03T11:14:32,689.4934302819889,18.687890138328335,9.751649066852004,43.845049626510345,0.11171130257496098,LoRaWAN,UNSTABLE_NETWORK,Unstable network with high packet loss and jitter
2025-04-03T05:30:11,187.42285237747456,49.18333475885477,11.852314085536692,32.52033979934877,0.05912510160823174,CoAP,UNSTABLE_NETWORK,Unstable network with high packet loss and jitter
2025-04-03T16:47:14,1070.3127083058469,57.881121022910655,3.478322538848185,16.58740272763262,0.11587825722305921,MQTT,UNSTABLE_NETWORK,Unstable network with high packet loss and jitter
2025-04-03T13:37:00,629.0367079057439,54.308063272878286,6.329846306428511,35.38503156639044,0.10645239202280037,HTTPS,UNSTABLE_NETWORK,Unstable network with high packet loss and jitter
2025-04-03T15:40:19,681.3428719586342,51.191444217891814,9.286283776642291,45.54282441611026,0.09670153929900256,HTTPS,UNSTABLE_NETWORK,Unstable network with high packet loss and jitter
2025-04-03T09:58:46,58.24368189351052,66.11345381586943,10.31139078706168,43.697811019623785,0.0983865221528955,HTTPS,UNSTABLE_NETWORK,Unstable network with high packet loss and jitter
2025-04-03T15:54:12,1284.4877209707822,40.58735876463493,14.580348650865158,37.344258528096674,0.061540583537788775,CoAP,UNSTABLE_NETWORK,Unstable network with high packet loss and jitter
2025-04-03T03:28:22,410.4619004899674,62.10655263850174,10.867111913341601,44.22422955285822,0.13573550453871994,HTTPS,UNSTABLE_NETWORK,Unstable network with high packet loss and jitter
2025-04-03T03:56:10,192.60662713270375,24.204338245110577,7.829634212341169,30.53384272479022,0.08129376292859147,LoRaWAN,UNSTABLE_NETWORK,Unstable network with high packet loss and jitter
2025-04-03T00:27:47,356.3269240624932,35.11201124884331,5.328692741172015,36.28102969833705,0.08905795055356111,HTTPS,UNSTABLE_NETWORK,Unstable network with high packet loss and jitter
2025-04-03T21:04:03,35.59838227735737,21.58227504134453,6.307130441842943,23.192244336748196,0.06052770999300083,CoAP,UNSTABLE_NETWORK,Unstable network with high packet loss and jitter
2025-04-03T02:30:14,489.88263814803025,44.566883677682355,6.22189153112868,32.922654561557124,0.05206504217669121,HTTPS,UNSTABLE_NETWORK,Unstable network with high packet loss and jitter
2025-04-03T09:33:45,87.22898433403846,47.99731215114157,9.965700885541281,43.295342439705244,0.0943188802642827,HTTPS,UNSTABLE_NETWORK,Unstable network with high packet loss and jitter
2025-04-03T20:44:23,59.17967360378291,50.40442001594198,8.770992336757491,24.105765885131092,0.08652540487816357,MQTT,UNSTABLE_NETWORK,Unstable network with high packet loss and jitter
2025-04-03T04:34:55,48.276816278706,49.62281514825868,4.029051287473463,21.385565705357138,0.05631942902292268,MQTT,UNSTABLE_NETWORK,Unstable network with high packet loss and jitter
2025-04-03T17:29:59,1140.256509765469,34.7829321151832,6.692295592728701,30.974889390236967,0.03684719843673788,HTTPS,UNSTABLE_NETWORK,Unstable network with high packet loss and jitter
2025-04-03T05:26:18,140.98681878653602,45.84428663356835,10.632642660354263,27.733377962760006,0.04190230738017359,CoAP,UNSTABLE_NETWORK,Unstable network with high packet loss and jitter
2025-04-03T06:38:47,1889.8556444824849,26.23786649308783,9.054987064922177,36.491477210704204,0.11588401151273321,LoRaWAN,UNSTABLE_NETWORK,Unstable network with high packet loss and jitter
2025-04-03T19:19:47,157.7199069427067,69.14966837156528,9.705933848038311,25.467404740529577,0.06160238556049785,HTTPS,UNSTABLE_NETWORK,Unstable network with high packet loss and jitter
2025-04-03T13:19:50,38.665700905508764,44.14850987351898,9.148765130171789,47.18439615602714,0.069832743629725,HTTPS,UNSTABLE_NETWORK,Unstable network with high packet loss and jitter
2025-04-03T18:49:26,78.56710864028038,41.3712764037411,12.879292203826578,17.10323902038944,0.12351020776277186,MQTT,UNSTABLE_NETWORK,Unstable network with high packet loss and jitter
2025-04-03T23:26:03,1321.8088503109502,72.54034033846517,8.70812919147311,42.53734786219734,0.046335483155407566,HTTPS,UNSTABLE_NETWORK,Unstable network with high packet loss and jitter
2025-04-03T22:44:35,248.81375908691024,30.074204630972964,6.841931606387906,22.35150771691897,0.0581901552284883,CoAP,UNSTABLE_NETWORK,Unstable network with high packet loss and jitter
2025-04-03T05:13:34,155.37440476520263,31.825763146139337,5.252734876599318,12.040172654159768,0.05693699514317921,MQTT,UNSTABLE_NETWORK,Unstable network with high packet loss and jitter
2025-04-03T22:40:10,363.50910531865867,32.267932205997866,8.748828374629136,32.37875156348868,0.12854205443498118,MQTT,UNSTABLE_NETWORK,Unstable network with high packet loss and jitter
2025-04-03T15:45:28,547.8063004090814,47.69483357594158,0.6778879556747484,27.453920139861165,0.1398015050174724,MQTT,UNSTABLE_NETWORK,Unstable network with high packet loss and jitter
2025-04-03T00:05:09,1146.7200934502816,55.18904596840524,7.447132994501864,18.903906320969693,0.10254689676206513,MQTT,UNSTABLE_NETWORK,Unstable network with high packet loss and jitter
2025-04-03T14:54:39,1706.1276519197631,59.81137076801625,7.382480420235968,13.18623108284736,0.1035015417246272,MQTT,UNSTABLE_NETWORK,Unstable network with high packet loss and jitter
2025-04-03T12:56:23,194.81689154827805,87.29783573108077,3.906587439148157,29.916392127285434,0.06258934991441807,HTTPS,UNSTABLE_NETWORK,Unstable network with high packet loss and jitter
2025-04-03T02:03:42,61.10081783998399,14.978086378052232,5.215202484032012,39.758368916238176,0.13841985460712847,MQTT,UNSTABLE_NETWORK,Unstable network with high packet loss and jitter
2025-04-03T04:41:03,182.65959450342177,57.85227425033741,10.428972590444724,35.84953493086444,0.08803088763075986,HTTPS,UNSTABLE_NETWORK,Unstable network with high packet loss and jitter
2025-04-03T19:43:06,409.98438866871675,40.36594904729516,8.692135247224888,30.567066488392655,0.1055933079334922,MQTT,UNSTABLE_NETWORK,Unstable network with high packet loss and jitter
2025-04-03T23:15:59,94.37458056391715,39.9283476249545,8.305365001121983,34.78847573217735,0.07683425183687138,HTTPS,UNSTABLE_NETWORK,Unstable network with high packet loss and jitter
2025-04-03T05:29:07,95.125909456451,39.429660156885404,8.919042601796068,29.72785867622143,0.07195902238017168,CoAP,UNSTABLE_NETWORK,Unstable network with high packet loss and jitter
2025-04-03T00:21:15,453.19746361085225,35.09636424098144,8.27788276384677,15.702757569696288,0.1298912677878835,MQTT,UNSTABLE_NETWORK,Unstable network with high packet loss and jitter
2025-04-03T20:12:51,282.98663001717733,73.99744904456028,11.728587688574944,15.791060147765567,0.09619171039214922,MQTT,UNSTABLE_NETWORK,Unstable network with high packet loss and jitter
2025-04-03T07:27:01,312.0423354502746,61.36570365312451,8.370287545110946,27.968314710153212,0.12354126383211145,MQTT,UNSTABLE_NETWORK,Unstable network with high packet loss and jitter
2025-04-03T17:43:41,120.73379408097445,49.08085064868406,3.625360658543749,28.393467136339254,0.08765984515235134,HTTPS,UNSTABLE_NETWORK,Unstable network with high packet loss and jitter
2025-04-03T17:35:23,227.5344413789463,68.99981448003591,12.890389894623231,38.50982678506765,0.054549003907307284,HTTPS,UNSTABLE_NETWORK,Unstable network with high packet loss and jitter
2025-04-03T17:47:32,98.95871090100862,26.04831093565525,9.111020801986538,37.57304223774747,0.06249971201364536,LoRaWAN,UNSTABLE_NETWORK,Unstable network with high packet loss and jitter
2025-04-03T08:21:00,873.074218775922,28.777335667581955,6.232238807614797,36.05133015758949,0.08308895727393832,LoRaWAN,UNSTABLE_NETWORK,Unstable network with high packet loss and jitter
2025-04-03T04:44:22,1039.070327329304,16.070063877033,4.239794845114944,27.197172869228194,0.0612049935187002,LoRaWAN,UNSTABLE_NETWORK,Unstable network with high packet loss and jitter
2025-04-03T04:56:00,32.73212593024106,38.25002898051147,9.187742662874136,16.193478298898604,0.046776157741169284,CoAP,UNSTABLE_NETWORK,Unstable network with high packet loss and jitter
2025-04-03T02:18:37,98.3339601861019,51.16839220533955,7.648483985076874,34.12071137066024,0.11604251095361073,MQTT,UNSTABLE_NETWORK,Unstable network with high packet loss and jitter
2025-04-03T12:05:55,49.79663286280802,50.28746019616074,12.722440358097227,35.25169313262168,0.06365389787529464,CoAP,UNSTABLE_NETWORK,Unstable network with high packet loss and jitter
2025-04-03T13:13:46,137.51785364492855,50.9863774154814,6.962278157999517,6.114685375223139,0.08414578243373962,MQTT,UNSTABLE_NETWORK,Unstable network with high packet loss and jitter
2025-04-03T14:19:22,271.4171431172036,27.582063505999436,5.4878576309525995,21.65661813417337,0.08888400769656814,MQTT,UNSTABLE_NETWORK,Unstable network with high packet loss and jitter
2025-04-03T17:16:08,52.67854258280761,60.79690433360846,10.687388654707785,23.08945622606104,0.06235540624038294,HTTPS,UNSTABLE_NETWORK,Unstable network with high packet loss and jitter
2025-04-03T17:40:47,99.24094676227614,52.345663190390574,10.775845678150494,31.183502011234363,0.12352398398926218,MQTT,UNSTABLE_NETWORK,Unstable network with high packet loss and jitter
2025-04-03T13:54:43,89.93018329838861,59.74873186120305,8.505954102830586,21.96639567234306,0.04648574716386162,HTTPS,UNSTABLE_NETWORK,Unstable network with high packet loss and jitter
2025-04-03T07:38:42,384.71518062948377,20.36315219776976,10.029071143024725,29.618654311753595,0.08784875790742312,LoRaWAN,UNSTABLE_NETWORK,Unstable network with high packet loss and jitter
2025-04-03T03:22:34,326.03204663598586,53.42861496599485,7.886938637773286,27.89465059647008,0.0873835311912975,HTTPS,UNSTABLE_NETWORK,Unstable network with high packet loss and jitter
2025-04-03T23:51:24,126.17847975577884,30.941440707672577,8.70159530302774,28.40850528462272,0.07837236191407557,LoRaWAN,UNSTABLE_NETWORK,Unstable network with high packet loss and jitter
2025-04-03T13:52:55,370.9129953500466,42.79973774057252,11.49497264769177,22.836057062992538,0.041092621601840525,CoAP,UNSTABLE_NETWORK,Unstable network with high packet loss and jitter
2025-04-03T23:01:17,155.67435743610122,56.77672723079616,9.87595500206451,23.610149459333222,0.10612452655590393,MQTT,UNSTABLE_NETWORK,Unstable network with high packet loss and jitter
2025-04-03T02:54:37,216.5445591639134,50.12932506749658,7.492176685002126,19.197329402193073,0.1023053201100379,MQTT,UNSTABLE_NETWORK,Unstable network with high packet loss and jitter
2025-04-03T20:29:35,2234.8401495023877,35.99148849937557,12.057087637778451,33.80067440573832,0.05973294414226352,LoRaWAN,UNSTABLE_NETWORK,Unstable network with high packet loss and jitter
2025-04-03T11:48:14,1498.6736113530262,48.8603527612391,0.9054338816254628,35.71102628591368,0.10122461621616086,MQTT,UNSTABLE_NETWORK,Unstable network with high packet loss and jitter
2025-04-03T11:33:00,63.07250832280799,25.79489291222565,14.156219934265804,22.293820498746612,0.09124723058902327,LoRaWAN,UNSTABLE_NETWORK,Unstable network with high packet loss and jitter
2025-04-03T17:42:09,811.9683618074001,66.0236008017622,2.882122715327794,45.20640096017044,0.04158163563916675,HTTPS,UNSTABLE_NETWORK,Unstable network with high packet loss and jitter
2025-04-03T17:04:02,794.2977095654027,45.69199679325146,6.118721525683112,26.85398552557951,0.05438213256285928,HTTPS,UNSTABLE_NETWORK,Unstable network with high packet loss and jitter
2025-04-03T16:42:26,75.63102088219372,65.55117347193259,7.877247394414793,45.30185623796561,0.11414844334668738,MQTT,UNSTABLE_NETWORK,Unstable network with high packet loss and jitter
2025-04-03T11:16:58,801.3642975918312,40.87661622406953,7.560557987815516,23.578728261683967,0.0892824855542615,MQTT,UNSTABLE_NETWORK,Unstable network with high packet loss and jitter
2025-04-03T22:32:22,1899.4141523727428,40.9226189268189,11.019233120079665,9.734222234005646,0.06307091162568122,CoAP,UNSTABLE_NETWORK,Unstable network with high packet loss and jitter
2025-04-03T00:03:39,78.0015506923326,37.31512417575741,4.826490144169297,34.021978249123514,0.054245723264820744,HTTPS,UNSTABLE_NETWORK,Unstable network with high packet loss and jitter
2025-04-03T09:00:57,99.76117598452548,61.92220217312871,8.78230045244919,32.48545105118987,0.06453818605653738,HTTPS,UNSTABLE_NETWORK,Unstable network with high packet loss and jitter
2025-04-03T09:38:27,1017.3700914025081,38.13979306021291,6.265363705340738,30.34393795307583,0.06666561410366886,HTTPS,UNSTABLE_NETWORK,Unstable network with high packet loss and jitter
2025-04-03T22:27:29,415.53915580240056,58.45185912877516,8.88542293801225,23.577675215560106,0.05462110902112245,HTTPS,UNSTABLE_NETWORK,Unstable network with high packet loss and jitter
2025-04-03T08:19:34,581.466874624261,43.04780889991563,7.805683220606371,29.65427774514181,0.027747076628500934,HTTPS,UNSTABLE_NETWORK,Unstable network with high packet loss and jitter
2025-04-03T06:25:00,451.4612455714455,19.146812588988162,8.278806958048934,24.887405421304727,0.11420039859202356,MQTT,UNSTABLE_NETWORK,Unstable network with high packet loss and jitter
2025-04-03T22:36:08,479.43943599672576,40.23321829297293,6.350225502606963,26.976504336682495,0.1091190101783433,MQTT,UNSTABLE_NETWORK,Unstable network with high packet loss and jitter
2025-04-03T05:13:00,61.06970524317205,31.10297331673467,6.469808149711753,38.41632255765075,0.041802336445794216,HTTPS,UNSTABLE_NETWORK,Unstable network with high packet loss and jitter
2025-04-03T20:12:34,1054.2276817376678,49.29980460981992,8.861817542082282,31.842172295300934,0.08408933886691003,HTTPS,UNSTABLE_NETWORK,Unstable network with high packet loss and jitter
2025-04-03T02:47:58,1220.8351656984937,30.936814941874978,10.831146517268133,36.09951387331977,0.052932853918557,LoRaWAN,UNSTABLE_NETWORK,Unstable network with high packet loss and jitter
2025-04-03T02:29:54,227.8103721435905,62.684224710119054,6.2051619974064565,27.6813149337421,0.07215298330320394,HTTPS,UNSTABLE_NETWORK,Unstable network with high packet loss and jitter
2025-04-03T23:10:37,284.7495821445667,47.43012751651186,5.393697366281271,26.57982654195225,0.0696570026037903,HTTPS,UNSTABLE_NETWORK,Unstable network with high packet loss and jitter
2025-04-03T13:55:48,47.77265819679108,46.13399272283365,9.840380497015511,18.465174691113564,0.06716497352846383,CoAP,UNSTABLE_NETWORK,Unstable network with high packet loss and jitter
2025-04-03T23:35:12,556.066661516489,58.637981933435945,7.902488320826932,26.29963387431803,0.1400884125222886,MQTT,UNSTABLE_NETWORK,Unstable network with high packet loss and jitter
2025-04-03T08:12:37,596.0063996724621,63.259871100167615,10.491494401957855,3.2111455558913917,0.06679022945971429,HTTPS,UNSTABLE_NETWORK,Unstable network with high packet loss and jitter
2025-04-03T12:22:36,278.4262615403697,48.50145303489237,5.282608359886558,24.09778033694365,0.05575208524799226,HTTPS,UNSTABLE_NETWORK,Unstable network with high packet loss and jitter
2025-04-03T10:41:15,1156.3300357056685,37.23659704060526,2.6616832237297077,29.18125822809161,0.05712255711508857,HTTPS,UNSTABLE_NETWORK,Unstable network with high packet loss and jitter
2025-04-03T00:32:29,200.91658008910218,22.196724514570143,6.400987754520997,35.63673654270156,0.11131330869205266,LoRaWAN,UNSTABLE_NETWORK,Unstable network with high packet loss and jitter
2025-04-03T16:55:40,590.7007746535446,38.51718962313185,5.700942172204952,27.313221224750432,0.030436930049211955,HTTPS,UNSTABLE_NETWORK,Unstable network with high packet loss and jitter
2025-04-03T19:23:37,88.25102127129091,39.551419501347596,7.7636347997591,33.47673542244999,0.0571213125069344,HTTPS,UNSTABLE_NETWORK,Unstable network with high packet loss and jitter
2025-04-03T02:47:40,291.63992086900447,50.417132218358944,6.089464357188831,8.202113386097544,0.12340468520334602,MQTT,UNSTABLE_NETWORK,Unstable network with high packet loss and jitter
2025-04-03T18:47:32,243.36378103139162,43.63573442881155,10.223050854009347,29.4316314779305,0.0873195856399294,LoRaWAN,UNSTABLE_NETWORK,Unstable network with high packet loss and jitter
2025-04-03T01:26:17,393.13457414548463,59.13359944906085,7.135549212732451,13.204972070865967,0.0857576601510834,MQTT,UNSTABLE_NETWORK,Unstable network with high packet loss and jitter
2025-04-03T18:11:50,192.54890242870414,39.621523021636555,8.451423496321702,17.916964843406674,0.14396439380431103,MQTT,UNSTABLE_NETWORK,Unstable network with high packet loss and jitter
2025-04-03T07:14:36,256.2145962290669,47.96232181031024,8.472903675322831,28.12834452136139,0.08739043858845497,HTTPS,UNSTABLE_NETWORK,Unstable network with high packet loss and jitter
2025-04-03T02:47:32,808.3855256116124,66.57941818346518,8.584865277236561,42.76263987873554,0.05875441515921253,HTTPS,UNSTABLE_NETWORK,Unstable network with high packet loss and jitter
2025-04-03T18:24:21,177.62336648862635,53.948651967243805,7.92761266863508,33.71206763470059,0.07153768829370954,HTTPS,UNSTABLE_NETWORK,Unstable network with high packet loss and jitter
2025-04-03T21:08:12,43.636325352724576,47.92237785499831,9.53180207123094,30.182309971371172,0.045937030729082944,HTTPS,UNSTABLE_NETWORK,Unstable network with high packet loss and jitter
2025-04-03T13:43:51,2448.628031887249,39.79544157370659,5.613034598522577,29.80469610532898,0.1176781112004709,MQTT,UNSTABLE_NETWORK,Unstable network with high packet loss and jitter
2025-04-03T12:12:10,1574.2391718985464,39.327804474417064,12.19825377996165,22.86371106795533,0.09723685152610147,LoRaWAN,UNSTABLE_NETWORK,Unstable network with high packet loss and jitter
2025-04-03T23:18:35,63.62886633250829,36.06874385326997,7.290387849894394,24.560165866273163,0.11373242449912667,MQTT,UNSTABLE_NETWORK,Unstable network with high packet loss and jitter
2025-04-03T07:02:20,686.3802956447443,40.71450688321316,4.0653525863039555,34.27376045470797,0.11638951785648112,MQTT,UNSTABLE_NETWORK,Unstable network with high packet loss and jitter
2025-04-03T05:03:43,164.05680667208128,60.166264673528836,8.564220070975319,16.146394815555055,0.06757367657217403,HTTPS,UNSTABLE_NETWORK,Unstable network with high packet loss and jitter
2025-04-03T02:47:29,411.5650686172667,45.50462024538756,5.446458552657544,35.93054050283021,0.051657414439733304,HTTPS,UNSTABLE_NETWORK,Unstable network with high packet loss and jitter
2025-04-03T04:46:07,427.028787706458,28.588015496460596,9.996003603526624,26.11492932881147,0.07844860666075863,LoRaWAN,UNSTABLE_NETWORK,Unstable network with high packet loss and jitter
2025-04-03T19:46:02,226.44296754013556,75.35881815548329,14.628816728127132,38.25557074869565,0.05381716787634386,HTTPS,UNSTABLE_NETWORK,Unstable network with high packet loss and jitter
2025-04-03T11:35:20,117.12756921119333,53.63742384917144,5.64028372532645,39.61093457232083,0.08494870626227075,HTTPS,UNSTABLE_NETWORK,Unstable network with high packet loss and jitter
2025-04-03T13:42:12,130.99160168571186,27.735462196703928,8.997116999671954,13.269159874942599,0.11396290642504067,MQTT,UNSTABLE_NETWORK,Unstable network with high packet loss and jitter
2025-04-03T09:35:42,99.91823245695163,42.21354651819658,2.7334832338861172,24.184192367727817,0.07495581061852499,MQTT,UNSTABLE_NETWORK,Unstable network with high packet loss and jitter
2025-04-03T17:33:40,110.56414218149204,50.50624339164268,9.361715688324042,21.444723120593764,0.08449985269723218,MQTT,UNSTABLE_NETWORK,Unstable network with high packet loss and jitter
2025-04-03T05:00:36,276.76493245136385,74.41349627108453,5.34285860060093,11.872720349268569,0.077184631513299,MQTT,UNSTABLE_NETWORK,Unstable network with high packet loss and jitter
2025-04-03T06:10:22,127.08682162424263,32.2245952201483,6.125496144696553,19.674667237905894,0.10408182717313094,MQTT,UNSTABLE_NETWORK,Unstable network with high packet loss and jitter
2025-04-03T07:33:25,680.1034735038346,63.48856010677801,4.696140530480516,54.4125584526534,0.0599665281713513,HTTPS,UNSTABLE_NETWORK,Unstable network with high packet loss and jitter
2025-04-03T19:17:11,1787.3294564891398,69.84191294343142,10.196453678164207,36.0950989621244,0.014106612150707035,HTTPS,UNSTABLE_NETWORK,Unstable network with high packet loss and jitter
2025-04-03T07:16:05,149.56313105690214,39.4214691851352,11.021913072419787,49.17287968605754,0.09412606578126143,LoRaWAN,UNSTABLE_NETWORK,Unstable network with high packet loss and jitter
2025-04-03T13:51:21,399.84136274181276,44.69024670075772,8.070155643975523,38.290984400183355,0.10963503263923981,MQTT,UNSTABLE_NETWORK,Unstable network with high packet loss and jitter
2025-04-03T16:42:24,546.4291232202891,33.30997949546213,5.4067198839928405,22.581568389915248,0.09339122734275607,MQTT,UNSTABLE_NETWORK,Unstable network with high packet loss and jitter
2025-04-03T02:01:44,528.5752608245514,45.804368312271585,12.768569108311587,26.18228803325957,0.06079308513595959,CoAP,UNSTABLE_NETWORK,Unstable network with high packet loss and jitter
2025-04-03T18:47:20,328.62878351606184,48.30910303573966,5.748769616736031,35.88436180240307,0.04594963705441794,HTTPS,UNSTABLE_NETWORK,Unstable network with high packet loss and jitter
2025-04-03T06:11:01,731.4298936402367,58.75436984452665,1.513903100217684,34.37506203473036,0.09483492595340964,MQTT,UNSTABLE_NETWORK,Unstable network with high packet loss and jitter
2025-04-03T09:03:39,535.1147542779771,65.21403916100527,9.375167029871205,24.226579842916664,0.08424436858804021,HTTPS,UNSTABLE_NETWORK,Unstable network with high packet loss and jitter
2025-04-03T06:29:14,67.93745944010278,37.64151334878133,4.68567597907545,14.90006829420793,0.0762262211702501,MQTT,UNSTABLE_NETWORK,Unstable network with high packet loss and jitter
2025-04-03T03:12:04,851.3043918963918,19.354745577123587,10.965826380497525,62.87761187388739,0.13467390028981374,LoRaWAN,UNSTABLE_NETWORK,Unstable network with high packet loss and jitter
2025-04-03T07:00:42,870.0332935600959,48.54761707377734,6.856586909979743,28.58850327657194,0.05159599717456005,HTTPS,UNSTABLE_NETWORK,Unstable network with high packet loss and jitter
2025-04-03T03:07:38,120.04169606551311,53.27101893485805,9.811139721632589,26.7426110681738,0.13325111063382397,MQTT,UNSTABLE_NETWORK,Unstable network with high packet loss and jitter
2025-04-03T05:39:15,313.97327700070815,52.61088852301154,12.204501039656474,31.133344639053018,0.0809535171461192,CoAP,UNSTABLE_NETWORK,Unstable network with high packet loss and jitter
2025-04-03T10:13:46,681.1464034131268,43.97119171750772,4.373423406137834,27.572714106889713,0.02493288569387376,HTTPS,UNSTABLE_NETWORK,Unstable network with high packet loss and jitter
2025-04-03T15:05:44,233.36549933356366,50.74423914750987,6.302188607322783,31.227289077054838,0.07462392037042577,HTTPS,UNSTABLE_NETWORK,Unstable network with high packet loss and jitter
2025-04-03T12:07:20,1087.194856619523,71.60629700024204,7.77298678202881,42.86947286116419,0.10878488229798323,HTTPS,UNSTABLE_NETWORK,Unstable network with high packet loss and jitter
2025-04-03T10:57:57,5117.541711192955,54.60230463180343,12.612653957103031,28.754515203135764,0.06904834901585089,CoAP,UNSTABLE_NETWORK,Unstable network with high packet loss and jitter
2025-04-03T18:58:52,116.8159051665309,43.277432944726996,6.024851846178663,18.372895606722388,0.03575664376284816,HTTPS,UNSTABLE_NETWORK,Unstable network with high packet loss and jitter
2025-04-03T09:56:44,57.19857301999446,41.376659285740786,6.216488912152979,28.38356205521389,0.0750645640461149,HTTPS,UNSTABLE_NETWORK,Unstable network with high packet loss and jitter
2025-04-03T01:41:53,431.973735690019,46.333508399422236,9.434421726667425,25.355982185900892,0.054284828783248834,CoAP,UNSTABLE_NETWORK,Unstable network with high packet loss and jitter
2025-04-03T22:26:34,713.1255421115789,73.43406041445527,6.268313822868287,44.23898937246851,0.09475443203263888,HTTPS,UNSTABLE_NETWORK,Unstable network with high packet loss and jitter
2025-04-03T08:24:18,227.4073325689197,46.135117566510175,8.45757764869285,41.71119064737571,0.10320199448202834,HTTPS,UNSTABLE_NETWORK,Unstable network with high packet loss and jitter
2025-04-03T03:33:46,1715.903890550047,48.589380263999985,3.3453877370956198,31.07525000430799,0.048311887767556815,HTTPS,UNSTABLE_NETWORK,Unstable network with high packet loss and jitter
2025-04-03T17:33:57,60.18694780809869,41.65325909017353,14.64298982766979,17.212641451807436,0.05882587834653051,CoAP,UNSTABLE_NETWORK,Unstable network with high packet loss and jitter
2025-04-03T11:25:52,689.030007485675,65.37438023825501,3.95687230907179,17.741077365600542,0.10269927395320813,MQTT,UNSTABLE_NETWORK,Unstable network with high packet loss and jitter
2025-04-03T04:07:18,145.00228338009697,78.28885592020313,7.034741888029375,30.151232615845537,0.05423467165103123,HTTPS,UNSTABLE_NETWORK,Unstable network with high packet loss and jitter
2025-04-03T12:35:02,2361.461443558248,55.65216006291131,7.902556892473716,33.36322969321281,0.047535255925160155,MQTT,UNSTABLE_NETWORK,Unstable network with high packet loss and jitter
2025-04-03T16:05:27,3277.3842499868356,50.13622510062934,13.738064403070387,26.25377180673945,0.04463926604611236,LoRaWAN,UNSTABLE_NETWORK,Unstable network with high packet loss and jitter
2025-04-03T15:26:41,119.55715831978821,49.448041263868944,4.02546265720178,25.19830415792766,0.09056115838874361,MQTT,UNSTABLE_NETWORK,Unstable network with high packet loss and jitter
2025-04-03T05:05:01,155.1378244099579,13.1333641568767,13.951112406436254,24.07200766821353,0.08927473158552393,LoRaWAN,UNSTABLE_NETWORK,Unstable network with high packet loss and jitter
2025-04-03T13:29:34,841.5857745962583,60.07689617534262,10.271530463306068,29.766060397560537,0.059478619088628754,CoAP,UNSTABLE_NETWORK,Unstable network with high packet loss and jitter
2025-04-03T22:18:35,188.52407072864443,50.91379667341548,9.251285973269738,6.172376479269349,0.08015256188384702,MQTT,UNSTABLE_NETWORK,Unstable network with high packet loss and jitter
2025-04-03T13:43:18,284.0894101645746,55.32809841579616,5.046098938946134,18.9867337123029,0.1258139715246539,MQTT,UNSTABLE_NETWORK,Unstable network with high packet loss and jitter
2025-04-03T12:01:00,309.2804836670007,38.23270196703719,9.713423726114222,23.729491545526493,0.05077819529245335,LoRaWAN,UNSTABLE_NETWORK,Unstable network with high packet loss and jitter
2025-04-03T10:10:24,29.96933484991777,43.139448916043854,5.8295401327406005,42.07503194951921,0.021447721729686522,HTTPS,UNSTABLE_NETWORK,Unstable network with high packet loss and jitter
2025-04-03T02:08:59,295.05954379442414,42.742595275560106,11.799983759595236,21.861863580710704,0.09365226727161112,LoRaWAN,UNSTABLE_NETWORK,Unstable network with high packet loss and jitter
2025-04-03T18:54:07,131.1195032323163,64.23398130661076,5.086813912676801,31.804681418312065,0.07668796508295235,HTTPS,UNSTABLE_NETWORK,Unstable network with high packet loss and jitter
2025-04-03T22:11:22,166.00785188940205,43.22990621887624,7.660524516631748,32.26542750930996,0.058699247395546966,HTTPS,UNSTABLE_NETWORK,Unstable network with high packet loss and jitter
2025-04-03T19:25:48,1696.1917647844077,80.15287582197708,6.334180735960485,42.97916505660762,0.09956240712064723,HTTPS,UNSTABLE_NETWORK,Unstable network with high packet loss and jitter
2025-04-03T10:33:35,66.41840498087682,55.37757449796314,5.037431112719016,42.6257740696415,0.1051767543400637,HTTPS,UNSTABLE_NETWORK,Unstable network with high packet loss and jitter
2025-04-03T02:15:28,796.0234926225414,29.781065535209073,10.223959450723743,29.424970312050835,0.013751659403597224,LoRaWAN,UNSTABLE_NETWORK,Unstable network with high packet loss and jitter
2025-04-03T20:07:30,214.65389884945702,46.989778258773164,9.606376242228901,25.245152588105572,0.060422062720055354,CoAP,UNSTABLE_NETWORK,Unstable network with high packet loss and jitter
2025-04-03T10:01:16,214.44864071262057,39.144513047613756,11.62703059670299,23.361668971743097,0.14952548693590564,MQTT,UNSTABLE_NETWORK,Unstable network with high packet loss and jitter
2025-04-03T23:38:23,774.508589300129,16.005570055067096,2.6603746753754978,27.58936777534219,0.09750214747394573,MQTT,UNSTABLE_NETWORK,Unstable network with high packet loss and jitter
2025-04-03T22:46:39,451.16991857611134,72.91503842648177,11.19251210702313,25.659666456764,0.10028310914891449,HTTPS,UNSTABLE_NETWORK,Unstable network with high packet loss and jitter
2025-04-03T05:42:38,594.9742166941885,59.471779680482456,15.516346716070682,35.53627409358232,0.11518682835894435,LoRaWAN,UNSTABLE_NETWORK,Unstable network with high packet loss and jitter
2025-04-03T07:58:53,958.7247992175414,56.92441853807956,6.6450767324691595,34.203098174852045,0.08051206475599179,HTTPS,UNSTABLE_NETWORK,Unstable network with high packet loss and jitter
2025-04-03T23:20:51,201.58525927256002,51.409030896492894,13.68544583632691,35.91801191145016,0.1039005248027486,LoRaWAN,UNSTABLE_NETWORK,Unstable network with high packet loss and jitter
2025-04-03T20:32:48,143.89709027839828,28.199379684018236,7.21051618382052,42.592837114361686,0.10154186131511608,LoRaWAN,UNSTABLE_NETWORK,Unstable network with high packet loss and jitter
2025-04-03T01:38:50,81.58144470464444,41.677053343480715,3.8827707873160797,48.62869121400177,0.09617124490258278,MQTT,UNSTABLE_NETWORK,Unstable network with high packet loss and jitter
2025-04-03T18:07:52,111.41810521748374,61.55968928097993,7.083102672779614,31.246633934075568,0.07033964088147786,HTTPS,UNSTABLE_NETWORK,Unstable network with high packet loss and jitter
2025-04-03T14:20:14,10328.84540722086,33.166344434889666,11.144611903025828,40.994637713956536,0.08516176767098776,LoRaWAN,UNSTABLE_NETWORK,Unstable network with high packet loss and jitter
2025-04-03T16:48:18,1335.9500578383436,10.959772360272476,5.485470553005406,26.48339816165785,0.06234915307079665,LoRaWAN,UNSTABLE_NETWORK,Unstable network with high packet loss and jitter
2025-04-03T08:54:14,59.29311740117381,45.53138920972825,6.198984022980539,41.850069835830155,0.08038442913699485,HTTPS,UNSTABLE_NETWORK,Unstable network with high packet loss and jitter
2025-04-03T01:55:00,61.364588028341814,46.81328323843654,9.780618296879572,40.61509157175844,0.04494527323702199,LoRaWAN,UNSTABLE_NETWORK,Unstable network with high packet loss and jitter
2025-04-03T15:31:12,534.868942030113,50.97476501747772,8.009180350215718,40.08415969942991,0.05628128026181143,MQTT,UNSTABLE_NETWORK,Unstable network with high packet loss and jitter
2025-04-03T03:46:18,578.5356858014094,59.8707606463826,9.753868857460223,30.94069841191524,0.07153063874225211,HTTPS,UNSTABLE_NETWORK,Unstable network with high packet loss and jitter
2025-04-03T12:39:37,579.6607838629025,58.50873539954016,8.713488622275008,23.316418360091113,0.05168883705709772,HTTPS,UNSTABLE_NETWORK,Unstable network with high packet loss and jitter
2025-04-03T09:13:47,220.92770524046935,52.82786251713832,9.43887595865472,16.054715621345235,0.06484948187764471,HTTPS,UNSTABLE_NETWORK,Unstable network with high packet loss and jitter
2025-04-03T00:15:53,258.07167660924665,66.8809534821876,6.703096442571377,29.599627924789008,0.07508222069733453,HTTPS,UNSTABLE_NETWORK,Unstable network with high packet loss and jitter
2025-04-03T16:39:34,444.62796716095403,26.16510317109471,8.695192826091178,45.33012542249183,0.09206787033993133,LoRaWAN,UNSTABLE_NETWORK,Unstable network with high packet loss and jitter
2025-04-03T03:50:51,332.57123648227827,56.52004432286276,5.217880982912199,26.90155098635927,0.10847771905558729,MQTT,UNSTABLE_NETWORK,Unstable network with high packet loss and jitter
2025-04-03T10:45:02,20.918250913481366,58.3510597781635,11.865300867510165,37.85126585460055,0.06608646885865677,LoRaWAN,UNSTABLE_NETWORK,Unstable network with high packet loss and jitter
2025-04-03T23:49:03,227.69862125705592,30.361217259313246,6.097175849548059,38.43951400518931,0.12005313851805871,MQTT,UNSTABLE_NETWORK,Unstable network with high packet loss and jitter
2025-04-03T13:37:21,107.99606092515388,26.41325964268847,11.386542462648169,27.16313779072827,0.10815833235876479,LoRaWAN,UNSTABLE_NETWORK,Unstable network with high packet loss and jitter
2025-04-03T01:44:16,370.19732613169447,37.76885409819776,7.299179117051404,43.163448375195195,0.09512281495831826,LoRaWAN,UNSTABLE_NETWORK,Unstable network with high packet loss and jitter
2025-04-03T04:34:25,10786.96001703236,39.036531580009864,8.605997032271963,0.9133925551949638,0.08460947387889857,LoRaWAN,UNSTABLE_NETWORK,Unstable network with high packet loss and jitter
2025-04-03T10:36:39,466.26795202774235,60.262612392683174,6.515106347327897,17.772497212618248,0.08957362525605624,MQTT,UNSTABLE_NETWORK,Unstable network with high packet loss and jitter
2025-04-03T13:07:09,205.93217175583518,39.74490590718776,4.952013706495913,20.8436770364154,0.11561153451999145,MQTT,UNSTABLE_NETWORK,Unstable network with high packet loss and jitter
2025-04-03T00:18:08,906.8202748197217,36.119427110743594,2.765718837184096,21.802849771326102,0.1167073897927782,MQTT,UNSTABLE_NETWORK,Unstable network with high packet loss and jitter
2025-04-03T02:17:34,535.3966849317887,39.791816056950736,4.834027524222622,33.362629511858955,0.12004840185150929,MQTT,UNSTABLE_NETWORK,Unstable network with high packet loss and jitter
2025-04-03T02:21:37,496.6551207546224,65.74747434208976,7.028273440352234,32.90037803053902,0.0812398049563101,HTTPS,UNSTABLE_NETWORK,Unstable network with high packet loss and jitter
2025-04-03T09:50:49,621.4175172370354,49.16530716783834,8.635637536486652,33.93990572175008,0.0966490149499584,MQTT,UNSTABLE_NETWORK,Unstable network with high packet loss and jitter
2025-04-03T07:53:34,3539.1248301852947,46.28255839423785,11.03113793984979,35.96081494132487,0.12030639519866154,LoRaWAN,UNSTABLE_NETWORK,Unstable network with high packet loss and jitter
2025-04-03T21:53:29,77.22446818881495,47.32290851648323,6.662727620609454,20.498954308543507,0.061288518952508225,HTTPS,UNSTABLE_NETWORK,Unstable network with high packet loss and jitter
2025-04-03T14:02:37,529.6100424801189,68.35556323430431,5.354117707198478,17.81823933192681,0.07044749438845088,MQTT,UNSTABLE_NETWORK,Unstable network with high packet loss and jitter
2025-04-03T23:32:30,98.70396507962388,37.738749542765305,3.671855641991862,33.96319682007863,0.08048109989040435,HTTPS,UNSTABLE_NETWORK,Unstable network with high packet loss and jitter
2025-04-03T05:21:49,584.2901258262457,68.71061702832296,9.440190853712313,23.69767926353561,0.10698796213938219,MQTT,UNSTABLE_NETWORK,Unstable network with high packet loss and jitter
2025-04-03T02:57:09,99.61957295266387,52.137104370451425,12.14958354598803,14.295249546320294,0.10745516452155868,MQTT,UNSTABLE_NETWORK,Unstable network with high packet loss and jitter
2025-04-03T23:52:57,181.80638430756278,46.57503637940613,11.798990803868866,39.71344284541482,0.07307407666406195,LoRaWAN,UNSTABLE_NETWORK,Unstable network with high packet loss and jitter
2025-04-03T10:18:31,210.53977235322898,86.49650180045805,10.129798244441712,43.951019065022976,0.034741716368608705,HTTPS,UNSTABLE_NETWORK,Unstable network with high packet loss and jitter
2025-04-03T06:52:55,967.5455828682867,33.15006920687234,9.915629951802797,45.57160889698659,0.08738551832887902,LoRaWAN,UNSTABLE_NETWORK,Unstable network with high packet loss and jitter
2025-04-03T01:42:07,903.1853633576427,43.68104238275366,13.092871339128024,31.8700772147472,0.052450515880147965,LoRaWAN,UNSTABLE_NETWORK,Unstable network with high packet loss and jitter
2025-04-03T12:25:45,67.28394321172264,30.50152741120622,8.996244384250431,36.259320959729024,0.03530191386079333,LoRaWAN,UNSTABLE_NETWORK,Unstable network with high packet loss and jitter
2025-04-03T04:55:52,320.44267777096536,63.276592779116235,9.938389028072514,43.69868223361911,0.04208385317798851,HTTPS,UNSTABLE_NETWORK,Unstable network with high packet loss and jitter
2025-04-03T03:19:24,128.0328214920998,74.32916444825635,7.037648414444003,23.585842099765657,0.08979143023536681,MQTT,UNSTABLE_NETWORK,Unstable network with high packet loss and jitter
2025-04-03T14:08:58,66.25934965957208,74.0418393869582,3.9138698874357276,41.10677684054092,0.12083112082798421,HTTPS,UNSTABLE_NETWORK,Unstable network with high packet loss and jitter
2025-04-03T04:25:27,231.2182371622673,67.35389618548616,5.9484532985012715,32.753962341432086,0.08116683548708732,HTTPS,UNSTABLE_NETWORK,Unstable network with high packet loss and jitter
2025-04-03T20:28:27,207.18313836139512,46.032025093764084,7.972522884396034,39.13711652342591,0.08634141963937894,LoRaWAN,UNSTABLE_NETWORK,Unstable network with high packet loss and jitter
2025-04-03T13:16:22,5518.394570384076,43.519384670763344,8.18235611750391,31.860930208759353,0.11548684816633775,LoRaWAN,UNSTABLE_NETWORK,Unstable network with high packet loss and jitter
2025-04-03T11:25:43,504.38217532248336,23.93211996810753,13.778857564566179,42.96256709748002,0.033666352727493375,LoRaWAN,UNSTABLE_NETWORK,Unstable network with high packet loss and jitter
2025-04-03T17:57:59,57.43428781924604,79.53943680565287,8.243831502773206,32.235237625415365,0.09560529264800816,HTTPS,UNSTABLE_NETWORK,Unstable network with high packet loss and jitter
2025-04-03T03:28:11,152.33067779421768,56.03767217256046,11.536530332076932,15.160209405325825,0.07965230647043536,MQTT,UNSTABLE_NETWORK,Unstable network with high packet loss and jitter
2025-04-03T18:52:23,1021.9240257168608,41.625314649698666,6.694768275271052,44.51926632314722,0.09698172376496202,LoRaWAN,UNSTABLE_NETWORK,Unstable network with high packet loss and jitter
2025-04-03T13:06:21,3677.2254834906744,68.9271887799529,7.064972342704298,20.52469259027888,0.06549548274788553,HTTPS,UNSTABLE_NETWORK,Unstable network with high packet loss and jitter
2025-04-03T07:21:01,44.72812507067968,34.41653491615584,4.012977088329655,42.53058210243914,0.055461881287205535,HTTPS,UNSTABLE_NETWORK,Unstable network with high packet loss and jitter
2025-04-03T09:56:02,31.43346885900937,55.10900040330343,5.773015961370285,29.09757118559678,0.08421526712856817,HTTPS,UNSTABLE_NETWORK,Unstable network with high packet loss and jitter
2025-04-03T02:44:46,2832.572774091864,46.42190009800827,9.58094417409126,41.76010985197706,0.12947573970003384,LoRaWAN,UNSTABLE_NETWORK,Unstable network with high packet loss and jitter
2025-04-03T15:13:14,478.8174831349897,58.593161432982775,8.0226805411824,41.34768614866765,0.10582730313624389,MQTT,UNSTABLE_NETWORK,Unstable network with high packet loss and jitter
2025-04-03T09:54:32,105.82969979235138,48.06106846939391,10.828815859691701,34.30142974315371,0.06476921689459726,LoRaWAN,UNSTABLE_NETWORK,Unstable network with high packet loss and jitter
2025-04-03T18:04:53,569.8296052632996,27.252420412924835,8.543761845035151,35.08535317627131,0.03977083892056161,LoRaWAN,UNSTABLE_NETWORK,Unstable network with high packet loss and jitter
2025-04-03T23:30:24,12.690899830432835,50.15165159205124,6.942638805086775,34.22628617192566,0.029537981489066438,HTTPS,UNSTABLE_NETWORK,Unstable network with high packet loss and jitter
2025-04-03T16:17:10,301.2176468150219,64.75263535253856,14.444890591360878,9.861752437189221,0.11948298355551444,MQTT,UNSTABLE_NETWORK,Unstable network with high packet loss and jitter
2025-04-03T23:26:09,444.59683469837654,48.58309435900583,7.718289293860859,31.183302188982022,0.05134753135592518,HTTPS,UNSTABLE_NETWORK,Unstable network with high packet loss and jitter
2025-04-03T19:17:14,909.5105904100983,60.64973449305937,11.489002909115912,18.83935823928105,0.07023459761015191,CoAP,UNSTABLE_NETWORK,Unstable network with high packet loss and jitter
2025-04-03T11:38:42,88.86401961946422,33.34173260651974,6.796372380365967,31.71187143745663,0.1196363337823273,MQTT,UNSTABLE_NETWORK,Unstable network with high packet loss and jitter
2025-04-03T09:59:50,332.48909692000393,48.63243021499024,10.1287984381507,18.570574536167847,0.031582956335630255,LoRaWAN,UNSTABLE_NETWORK,Unstable network with high packet loss and jitter
2025-04-03T00:52:38,98.81732299920827,39.66035251011682,10.784046977455061,18.150480587739253,0.12476793528425176,MQTT,UNSTABLE_NETWORK,Unstable network with high packet loss and jitter
2025-04-03T09:34:43,407.58234319806064,60.234389160423596,8.625475911726742,46.04934501753902,0.07239078638322495,HTTPS,UNSTABLE_NETWORK,Unstable network with high packet loss and jitter
2025-04-03T09:13:45,102.44918174901632,49.503717215190356,0.9365512319101938,40.6944738812419,0.04554250054283784,HTTPS,UNSTABLE_NETWORK,Unstable network with high packet loss and jitter
2025-04-03T08:08:35,183.8392009528486,59.38411614871708,8.054757382568338,29.958574150558455,0.07257947218553261,HTTPS,UNSTABLE_NETWORK,Unstable network with high packet loss and jitter
2025-04-03T00:13:01,90.81314110013777,65.35033461844336,11.691380143279925,31.847686502490237,0.05832209655795567,HTTPS,UNSTABLE_NETWORK,Unstable network with high packet loss and jitter
2025-04-03T21:40:07,655.3346130731776,59.41062407530365,9.582442499083191,27.520839742569912,0.09322459396717148,HTTPS,UNSTABLE_NETWORK,Unstable network with high packet loss and jitter
2025-04-03T23:34:21,840.4385295870871,53.13478918529496,9.33751662568774,35.69876375979523,0.060556026983366665,HTTPS,UNSTABLE_NETWORK,Unstable network with high packet loss and jitter
2025-04-03T00:00:00,226.38515869371258,34.06649601562668,2.8332291981274427,23.23945633451195,0.022650733672428716,HTTPS,UNSTABLE_NETWORK,Unstable network with high packet loss and jitter
2025-04-03T19:10:57,314.086387849151,48.99955545570172,5.838634787974824,39.93740262867957,0.07338312396773032,HTTPS,UNSTABLE_NETWORK,Unstable network with high packet loss and jitter
2025-04-03T18:27:51,52.74520021840496,41.04665830787521,9.234072893454318,27.46913158985889,0.03930364843140383,LoRaWAN,UNSTABLE_NETWORK,Unstable network with high packet loss and jitter
2025-04-03T13:38:25,209.3841277908485,43.88372220995677,9.231149830360676,25.801530041687712,0.08612959651964959,LoRaWAN,UNSTABLE_NETWORK,Unstable network with high packet loss and jitter
2025-04-03T04:53:47,282.4599962052034,43.428336521673884,11.644000340398708,30.217130184848426,0.04438609003150028,LoRaWAN,UNSTABLE_NETWORK,Unstable network with high packet loss and jitter
2025-04-03T03:02:39,6965.566261346671,34.34913238360144,7.5653997345617165,24.088531700743893,0.06535961590483742,LoRaWAN,UNSTABLE_NETWORK,Unstable network with high packet loss and jitter
2025-04-03T18:57:14,78.99796113586487,19.689604390732732,9.217472260021443,33.28682349496483,0.08547763412643009,LoRaWAN,UNSTABLE_NETWORK,Unstable network with high packet loss and jitter
2025-04-03T13:40:42,1738.5299193403894,39.029204725233555,8.04912272579388,24.626374106866002,0.07362623824897192,LoRaWAN,UNSTABLE_NETWORK,Unstable network with high packet loss and jitter
2025-04-03T12:05:02,992.2876180536354,51.953709451419904,5.039171790495329,34.68523602818836,0.08751290849003135,HTTPS,UNSTABLE_NETWORK,Unstable network with high packet loss and jitter
2025-04-03T09:33:16,420.1224263217528,28.832029213552637,1.2326260067157575,42.16006538911476,0.10040861497153271,MQTT,UNSTABLE_NETWORK,Unstable network with high packet loss and jitter
2025-04-03T00:52:16,2475.325188563017,49.29158566444682,9.29302907639023,22.806783131918262,0.04526198900806082,LoRaWAN,UNSTABLE_NETWORK,Unstable network with high packet loss and jitter
2025-04-03T01:08:07,468.86226242518495,77.5620457044444,8.521841625238434,28.694245427048287,0.07806807378125877,HTTPS,UNSTABLE_NETWORK,Unstable network with high packet loss and jitter
2025-04-03T06:31:12,478.5561306551704,64.40553489097098,6.145474873699493,34.613307130354215,0.019885113925243864,HTTPS,UNSTABLE_NETWORK,Unstable network with high packet loss and jitter
2025-04-03T00:59:56,281.47332729642216,73.71447642140281,3.1424808304524054,25.641426450185932,0.08741999905047572,MQTT,UNSTABLE_NETWORK,Unstable network with high packet loss and jitter
2025-04-03T12:37:58,1302.5317291966287,54.92993916099323,9.889218543226214,34.643205608266655,0.07097557608875474,LoRaWAN,UNSTABLE_NETWORK,Unstable network with high packet loss and jitter
2025-04-03T02:33:19,1118.278306526916,66.5773355742065,7.202239777413344,35.5539886065174,0.050496507095660864,HTTPS,UNSTABLE_NETWORK,Unstable network with high packet loss and jitter
2025-04-03T23:06:45,141.59483854767163,38.20688449480046,9.670624167104437,40.83261776294304,0.08947158266889572,LoRaWAN,UNSTABLE_NETWORK,Unstable network with high packet loss and jitter
2025-04-03T13:22:15,61.601476606547,39.402918668894976,13.592145591235276,23.94009953915088,0.11518092731555202,LoRaWAN,UNSTABLE_NETWORK,Unstable network with high packet loss and jitter
2025-04-03T21:31:53,235.14579117960824,7.982586804570117,1.5757073590408854,20.572247597695252,0.0657194675720317,MQTT,UNSTABLE_NETWORK,Unstable network with high packet loss and jitter
2025-04-03T20:24:11,114.86255014346757,66.86353922967416,5.901197573892908,26.92422610436256,0.051655565292748395,HTTPS,UNSTABLE_NETWORK,Unstable network with high packet loss and jitter
2025-04-03T09:02:16,277.9810609018984,72.17788403874545,7.37187316006426,20.322476604529,0.08495075787316135,MQTT,UNSTABLE_NETWORK,Unstable network with high packet loss and jitter
2025-04-03T00:35:41,1324.3912995206174,40.77703288364556,12.364478522439953,35.64498204047497,0.03993180000060918,LoRaWAN,UNSTABLE_NETWORK,Unstable network with high packet loss and jitter
2025-04-03T07:43:46,173.29935737541578,45.267083190303566,3.0907909423805453,18.382486998235887,0.06018855888393383,MQTT,UNSTABLE_NETWORK,Unstable network with high packet loss and jitter
2025-04-03T14:23:37,284.9729937715116,37.77009430330513,13.807583077041814,53.330164182526886,0.11667206484951506,LoRaWAN,UNSTABLE_NETWORK,Unstable network with high packet loss and jitter
2025-04-03T06:05:05,321.63255371696437,54.8194965032394,8.407567704698872,42.9592786157375,0.08186537689436862,LoRaWAN,UNSTABLE_NETWORK,Unstable network with high packet loss and jitter
2025-04-03T05:42:18,830.3933741742525,65.95534863303311,7.711998014798425,30.12575769600314,0.023615991081615016,HTTPS,UNSTABLE_NETWORK,Unstable network with high packet loss and jitter
2025-04-03T15:11:04,20.237053866617817,22.941448067676347,7.4058207103432805,38.67394492997976,0.02609025058161797,LoRaWAN,UNSTABLE_NETWORK,Unstable network with high packet loss and jitter
2025-04-03T22:19:54,144.85628615165024,55.22627285793322,6.691210903459913,13.631981356892084,0.08486257077940326,MQTT,UNSTABLE_NETWORK,Unstable network with high packet loss and jitter
2025-04-03T17:55:37,386.5738429943824,44.93628554491972,11.144350277807465,55.23373331399558,0.10587171727753063,LoRaWAN,UNSTABLE_NETWORK,Unstable network with high packet loss and jitter
2025-04-03T07:56:08,1266.328721164413,50.788945222614714,4.794437737752683,24.097853877995107,0.0314713562412155,HTTPS,UNSTABLE_NETWORK,Unstable network with high packet loss and jitter
2025-04-03T17:30:30,166.25114016516125,55.974606590636206,9.03624254493156,28.795025861006405,0.09349137822489526,HTTPS,UNSTABLE_NETWORK,Unstable network with high packet loss and jitter
2025-04-03T07:26:28,31.560906776902907,46.26832720633699,6.847455002879073,11.440667128115635,0.11991030522469157,MQTT,UNSTABLE_NETWORK,Unstable network with high packet loss and jitter
2025-04-03T18:02:57,631.0822544908236,47.53922820925007,5.713599654457706,34.86287304740895,0.13663576963875917,MQTT,UNSTABLE_NETWORK,Unstable network with high packet loss and jitter
2025-04-03T12:17:30,139.958732047355,45.88657071942467,15.757925527051688,18.93655842922891,0.0899366827957963,LoRaWAN,UNSTABLE_NETWORK,Unstable network with high packet loss and jitter
2025-04-03T21:47:32,71.96518667983658,63.65110848197594,9.25715220426038,31.016557615660293,0.09520407783657422,HTTPS,UNSTABLE_NETWORK,Unstable network with high packet loss and jitter
2025-04-03T03:46:55,141.8213273172452,55.37943207947164,9.83979663398343,24.557255670754618,0.01600446717115568,LoRaWAN,UNSTABLE_NETWORK,Unstable network with high packet loss and jitter
2025-04-03T21:17:10,240.4115016862086,52.40845296602707,11.413330342005986,19.222560650696565,0.14299257643987967,MQTT,UNSTABLE_NETWORK,Unstable network with high packet loss and jitter
2025-04-03T05:47:41,145.196627742974,30.037091305989883,3.7359501640443584,21.956384982373827,0.06273529360711635,MQTT,UNSTABLE_NETWORK,Unstable network with high packet loss and jitter
2025-04-03T15:56:01,21.265865023178893,43.42433819658428,13.256875727366095,32.25788034085521,0.051995865247248765,LoRaWAN,UNSTABLE_NETWORK,Unstable network with high packet loss and jitter
2025-04-03T22:00:53,880.2992539054836,62.584738972276675,0.4731284645147724,17.185090271311758,0.07234381596681126,MQTT,UNSTABLE_NETWORK,Unstable network with high packet loss and jitter
2025-04-03T10:17:55,1385.2453129358844,49.67181738645537,5.693700769884439,22.511883289764228,0.12535020242556294,MQTT,UNSTABLE_NETWORK,Unstable network with high packet loss and jitter
2025-04-03T10:04:29,655.6380373068644,59.001008055841076,6.622904980463299,36.63273381264478,0.14624138142630644,MQTT,UNSTABLE_NETWORK,Unstable network with high packet loss and jitter
2025-04-03T05:14:07,76.59713470802122,75.60738023932598,9.745170094911519,56.02479874874313,0.08376226038427534,LoRaWAN,UNSTABLE_NETWORK,Unstable network with high packet loss and jitter
2025-04-03T18:59:26,235.56635451524107,64.6904614949512,8.656154798424463,34.77588819553005,0.10994252517810965,MQTT,UNSTABLE_NETWORK,Unstable network with high packet loss and jitter
2025-04-03T08:37:20,297.66148855370835,50.510412744722544,7.4995557779048205,20.827383578227128,0.08129612146056511,MQTT,UNSTABLE_NETWORK,Unstable network with high packet loss and jitter
2025-04-03T14:32:56,615.438943278004,41.44986734869797,7.964007966116829,26.328858299276888,0.04886613580945448,LoRaWAN,UNSTABLE_NETWORK,Unstable network with high packet loss and jitter
2025-04-03T05:22:25,669.004683678484,10.813128183202878,5.065930929432295,30.31589006152578,0.12430231012364873,MQTT,UNSTABLE_NETWORK,Unstable network with high packet loss and jitter
2025-04-03T00:19:51,124.30943691655341,46.59226550935603,3.5083028165474808,26.505750493642925,0.06133617558930833,HTTPS,UNSTABLE_NETWORK,Unstable network with high packet loss and jitter
2025-04-03T19:42:57,331.01945244043577,44.22951913160355,10.179534867008181,39.03058166736933,0.12606592320115648,LoRaWAN,UNSTABLE_NETWORK,Unstable network with high packet loss and jitter
2025-04-03T08:15:43,519.319323171951,54.97686670719439,10.081118337608556,32.17473483014224,0.11895623989307251,LoRaWAN,UNSTABLE_NETWORK,Unstable network with high packet loss and jitter
2025-04-03T06:47:02,1721.1866784246206,46.81446260905091,12.753483125471176,39.0785238490987,0.09842108791871625,LoRaWAN,UNSTABLE_NETWORK,Unstable network with high packet loss and jitter
2025-04-03T08:29:39,698.6782406460995,44.31893234452677,5.629948709554376,26.855562097023707,0.1348692426876306,MQTT,UNSTABLE_NETWORK,Unstable network with high packet loss and jitter
2025-04-03T03:37:14,773.2871848949425,22.435391500877852,10.078445630902767,43.25500219721256,0.14697038099557214,LoRaWAN,UNSTABLE_NETWORK,Unstable network with high packet loss and jitter
2025-04-03T13:46:44,331.7475964663941,35.02852524364263,7.148879814905805,28.33514415718454,0.07474269911107066,LoRaWAN,UNSTABLE_NETWORK,Unstable network with high packet loss and jitter
2025-04-03T14:35:19,1629.9969928151172,56.279475515309464,11.571424955580447,20.288101308620085,0.055736176447507065,LoRaWAN,UNSTABLE_NETWORK,Unstable network with high packet loss and jitter
2025-04-03T15:29:22,490.53558745940325,74.86999159269898,11.065888330034426,51.77320381042222,0.02407190488230583,MQTT,UNSTABLE_NETWORK,Unstable network with high packet loss and jitter
2025-04-03T18:55:39,106.74864752227549,47.67016359193168,8.63362819767337,11.750222530388832,0.1473404676629077,MQTT,UNSTABLE_NETWORK,Unstable network with high packet loss and jitter
2025-04-03T04:38:19,1616.1894058551693,54.051877674135355,6.98140953000204,22.612612746950724,0.06680953973244651,HTTPS,UNSTABLE_NETWORK,Unstable network with high packet loss and jitter
2025-04-03T17:18:55,693.1638463076758,63.42355114722306,10.882796535824784,23.729721481696053,0.11405110571305219,MQTT,UNSTABLE_NETWORK,Unstable network with high packet loss and jitter
2025-04-03T05:38:52,176.28987360088567,36.9746369723347,9.940713569769697,55.08306273056563,0.057762338974715506,LoRaWAN,UNSTABLE_NETWORK,Unstable network with high packet loss and jitter
2025-04-03T22:58:31,168.7453736175479,54.64192388702755,5.946678793741452,48.068588841465115,0.12614796922736105,LoRaWAN,UNSTABLE_NETWORK,Unstable network with high packet loss and jitter
2025-04-03T02:27:56,428.2354361592921,38.03402886517101,4.016603979561707,44.93928143642198,0.0589964722455376,LoRaWAN,UNSTABLE_NETWORK,Unstable network with high packet loss and jitter
2025-04-03T11:04:22,523.0119061846956,62.11541425992603,7.134401297954612,26.693413376236684,0.044248425991479705,HTTPS,UNSTABLE_NETWORK,Unstable network with high packet loss and jitter
2025-04-03T11:18:57,380.1375623566283,51.415760624244314,12.546241446044627,54.261780038417754,0.07374480707138749,LoRaWAN,UNSTABLE_NETWORK,Unstable network with high packet loss and jitter
2025-04-03T18:36:50,435.87385704652013,53.62315933709739,11.439461476199115,33.68352003840971,0.06404672897115088,LoRaWAN,UNSTABLE_NETWORK,Unstable network with high packet loss and jitter
2025-04-03T17:04:23,2307.0647491108766,37.40907038850443,4.663017590988257,39.772633703031225,0.09788899356383637,LoRaWAN,UNSTABLE_NETWORK,Unstable network with high packet loss and jitter
2025-04-03T15:57:29,1085.3244541314757,59.7552019663525,4.496727752300236,31.79695381106207,0.07845815218422429,HTTPS,UNSTABLE_NETWORK,Unstable network with high packet loss and jitter
2025-04-03T03:30:27,377.1131157321109,80.42207761306345,11.824051549038458,29.505334286767486,0.09883107183655765,HTTPS,UNSTABLE_NETWORK,Unstable network with high packet loss and jitter
2025-04-03T23:51:38,928.3001997435338,34.03437558558257,4.593092285726513,27.48221326073621,0.07126935580744118,LoRaWAN,UNSTABLE_NETWORK,Unstable network with high packet loss and jitter
2025-04-03T05:15:24,86.89963138417386,44.058333124700276,9.527885970926024,27.903600065808376,0.060046778869435845,LoRaWAN,UNSTABLE_NETWORK,Unstable network with high packet loss and jitter
2025-04-03T18:56:33,483.6178044736401,52.63049757434198,6.151786353991029,36.084916486780784,0.062493183563117796,HTTPS,UNSTABLE_NETWORK,Unstable network with high packet loss and jitter
2025-04-03T03:15:14,2630.554907433763,60.95414586416532,12.851134773565047,33.67199798775388,0.1413481639409308,LoRaWAN,UNSTABLE_NETWORK,Unstable network with high packet loss and jitter
2025-04-03T07:59:50,230.93294804569078,40.76652562729351,5.688725602586363,29.68528629796316,0.08675512796680808,MQTT,UNSTABLE_NETWORK,Unstable network with high packet loss and jitter
2025-04-03T19:56:52,108.48606812014123,6.665932776901911,11.430084590617485,45.09523992698854,0.020487133716408666,LoRaWAN,UNSTABLE_NETWORK,Unstable network with high packet loss and jitter
2025-04-03T14:46:59,137.17751380970807,69.55089676391086,8.554575962181094,0.33246931259269275,0.06439372959637757,MQTT,UNSTABLE_NETWORK,Unstable network with high packet loss and jitter
2025-04-03T20:38:49,81.14379517427254,60.57231336762009,8.75658456270286,35.09887247921195,0.08290598097427627,HTTPS,UNSTABLE_NETWORK,Unstable network with high packet loss and jitter
2025-04-03T22:51:37,116.98762791649331,23.022175838965445,2.089074255945797,37.177387066589795,0.13536199043751135,MQTT,UNSTABLE_NETWORK,Unstable network with high packet loss and jitter
2025-04-03T23:48:11,192.32232804794495,40.054524141979556,1.3912599403828443,41.46962868255169,0.11086096147669698,MQTT,UNSTABLE_NETWORK,Unstable network with high packet loss and jitter
2025-04-03T05:52:31,55.53992056470367,72.69245968399025,7.338302179198058,29.35128558946639,0.052348464905542555,HTTPS,UNSTABLE_NETWORK,Unstable network with high packet loss and jitter
2025-04-03T10:51:14,305.6756203269197,70.88833674035581,8.740718190249835,32.07920067383957,0.15255067260717353,MQTT,UNSTABLE_NETWORK,Unstable network with high packet loss and jitter
2025-04-03T08:34:00,885.8211635304895,63.25265802607947,4.624406516786831,39.85948383314721,0.07906518905595568,HTTPS,UNSTABLE_NETWORK,Unstable network with high packet loss and jitter
2025-04-03T00:29:15,100.93482974010956,46.53303839890482,4.733919768570973,44.9116640428018,0.11738989433224833,LoRaWAN,UNSTABLE_NETWORK,Unstable network with high packet loss and jitter
2025-04-03T06:33:07,1857.3818787078312,50.42120341289788,9.684417889478398,26.99464014821232,0.04534974507800293,LoRaWAN,UNSTABLE_NETWORK,Unstable network with high packet loss and jitter
2025-04-03T07:43:30,553.7608865717326,47.2141722762258,9.688563441371391,32.669757831275604,0.00805510714247308,LoRaWAN,UNSTABLE_NETWORK,Unstable network with high packet loss and jitter
2025-04-03T13:49:40,1033.2652136986712,66.10332332455773,7.586776818836219,46.785739643487574,0.03774705528894918,MQTT,UNSTABLE_NETWORK,Unstable network with high packet loss and jitter
2025-04-03T06:23:08,136.2349556274426,36.04375770050599,10.340605163558225,8.759729241211488,0.01751000428587117,LoRaWAN,UNSTABLE_NETWORK,Unstable network with high packet loss and jitter
2025-04-03T09:10:31,836.4884787216403,37.09606619707704,4.47739311283956,23.099874001854147,0.14336267981758727,MQTT,UNSTABLE_NETWORK,Unstable network with high packet loss and jitter
2025-04-03T04:48:27,80.9200632699389,64.33884704528782,6.932195248739088,44.658359786029635,0.08643598756659249,HTTPS,UNSTABLE_NETWORK,Unstable network with high packet loss and jitter
2025-04-03T06:58:53,873.1256510448384,48.52097363248163,12.94363281735102,40.92537833608303,0.05226067944655906,LoRaWAN,UNSTABLE_NETWORK,Unstable network with high packet loss and jitter
2025-04-03T14:42:16,368.7023512694641,69.86507301936965,8.204966389819452,35.22445210926694,0.09357872089940363,HTTPS,UNSTABLE_NETWORK,Unstable network with high packet loss and jitter
2025-04-03T14:12:56,582.706680395983,39.11704680526181,8.378937543760998,25.5140312689088,0.08568002108540498,LoRaWAN,UNSTABLE_NETWORK,Unstable network with high packet loss and jitter
2025-04-03T08:38:00,73.19074275735133,48.36972172729509,14.91783975790322,21.181815010145804,0.09862800186841975,LoRaWAN,UNSTABLE_NETWORK,Unstable network with high packet loss and jitter
2025-04-03T22:53:42,102.48317757855467,35.35686958212563,3.801973502453688,24.087843807576263,0.11628594203408806,MQTT,UNSTABLE_NETWORK,Unstable network with high packet loss and jitter
2025-04-03T10:07:42,614.2833701353107,49.305171798545906,10.389291099926332,45.48008220818693,0.07130236540924954,LoRaWAN,UNSTABLE_NETWORK,Unstable network with high packet loss and jitter
2025-04-03T08:36:04,96.13609747985396,27.018194744617883,12.9919588394243,23.715573108446538,0.0536048208169704,LoRaWAN,UNSTABLE_NETWORK,Unstable network with high packet loss and jitter
2025-04-03T21:03:18,523.0253980773225,41.88356470768289,7.025426220504362,31.01422964239658,0.10483325643115754,LoRaWAN,UNSTABLE_NETWORK,Unstable network with high packet loss and jitter
2025-04-03T01:31:24,58.16112096795238,27.65592527049304,10.578892360564538,22.462923551382538,0.10406998333653397,LoRaWAN,UNSTABLE_NETWORK,Unstable network with high packet loss and jitter
2025-04-03T07:53:46,830.1376495372456,59.610248964691145,5.053941508367286,38.427740300990266,0.08302207424364035,HTTPS,UNSTABLE_NETWORK,Unstable network with high packet loss and jitter
2025-04-03T04:33:28,68.3577194586571,59.95190778562451,5.939802813297945,24.612737196535587,0.14532662566042318,MQTT,UNSTABLE_NETWORK,Unstable network with high packet loss and jitter
2025-04-03T05:19:03,582.0418776521666,23.250793954372035,9.154899248142904,29.024061098455856,0.06686533631415044,LoRaWAN,UNSTABLE_NETWORK,Unstable network with high packet loss and jitter
2025-04-03T06:29:32,635.5810342134031,69.21468831655326,10.39570001933177,13.166178669571742,0.05300426085094195,HTTPS,UNSTABLE_NETWORK,Unstable network with high packet loss and jitter
2025-04-03T14:16:06,130.015840436063,86.66929625274996,11.362809537218737,13.866317637950601,0.09254274282519805,MQTT,UNSTABLE_NETWORK,Unstable network with high packet loss and jitter
2025-04-03T18:56:42,603.1792131597368,49.89983237990474,12.708885760818479,30.07673193321506,0.059751864292595054,LoRaWAN,UNSTABLE_NETWORK,Unstable network with high packet loss and jitter
2025-04-03T21:32:15,410.0639776839467,39.59468989789742,7.797660324334454,16.74842844802238,0.09486549572434687,MQTT,UNSTABLE_NETWORK,Unstable network with high packet loss and jitter
2025-04-03T08:39:10,157.145518771561,91.57802988872025,11.580835265517763,51.05086639334502,0.05500975232481681,HTTPS,UNSTABLE_NETWORK,Unstable network with high packet loss and jitter
2025-04-03T09:59:51,89.43542475640187,29.430210771544367,6.973085469652553,9.384768878877505,0.06799273151204344,MQTT,UNSTABLE_NETWORK,Unstable network with high packet loss and jitter
2025-04-03T03:03:06,28.463758447711186,49.518002471525975,10.706273934764804,21.99824701335896,0.13672521260117496,MQTT,UNSTABLE_NETWORK,Unstable network with high packet loss and jitter
2025-04-03T15:44:41,456.3967656999594,51.91240678037582,8.622466393556545,30.167008672675504,0.06783237929756963,LoRaWAN,UNSTABLE_NETWORK,Unstable network with high packet loss and jitter
2025-04-03T15:46:58,45.879534630534906,69.39695422009066,9.337033721245772,26.348670622042157,0.056034453679481115,HTTPS,UNSTABLE_NETWORK,Unstable network with high packet loss and jitter
2025-04-03T11:44:05,336.3645405613747,54.61749176261373,9.270523622066111,18.95854543336081,0.115120363661195,MQTT,UNSTABLE_NETWORK,Unstable network with high packet loss and jitter
2025-04-03T15:08:43,218.68768484122515,41.7435659212926,3.1858849706065637,20.42072160504732,0.048468741491399195,HTTPS,UNSTABLE_NETWORK,Unstable network with high packet loss and jitter
2025-04-03T14:05:25,677.7332711698709,34.9569760247075,4.62763442341768,20.093459225007614,0.05921170309558796,LoRaWAN,UNSTABLE_NETWORK,Unstable network with high packet loss and jitter
2025-04-03T17:39:22,208.78977307192636,44.099081499242274,8.307624319452568,27.13278305179937,0.09729683361526983,LoRaWAN,UNSTABLE_NETWORK,Unstable network with high packet loss and jitter
2025-04-03T03:05:35,202.03584477491458,34.12416561116462,2.9381627610764944,49.51929089517424,0.10815234271619875,LoRaWAN,UNSTABLE_NETWORK,Unstable network with high packet loss and jitter
2025-04-03T15:20:36,722.0015746182528,49.94712304451949,10.493633309599268,30.7793729655821,0.11661429173243223,LoRaWAN,UNSTABLE_NETWORK,Unstable network with high packet loss and jitter
2025-04-03T16:14:03,448.47462820181613,40.76846777224942,10.614667898864425,41.829004893875236,0.057583345033385455,LoRaWAN,UNSTABLE_NETWORK,Unstable network with high packet loss and jitter
2025-04-03T15:22:35,438.41661025679383,26.822510793217926,8.981511658633371,35.069763458281415,0.0978802601895836,LoRaWAN,UNSTABLE_NETWORK,Unstable network with high packet loss and jitter
2025-04-03T10:32:29,526.8435220929,68.06193174059521,4.636597961726234,41.138623979822206,0.06601675401367461,HTTPS,UNSTABLE_NETWORK,Unstable network with high packet loss and jitter
2025-04-03T08:37:25,47.517398434532296,41.771324285943535,12.140416816605544,2.0003569740641396,0.061830330994681035,MQTT,UNSTABLE_NETWORK,Unstable network with high packet loss and jitter
2025-04-03T10:02:18,743.9165693989864,30.21602728515691,14.111631919155073,26.955419788517705,0.11609638346876856,LoRaWAN,UNSTABLE_NETWORK,Unstable network with high packet loss and jitter
2025-04-03T06:33:53,625.6211695620023,46.715859564880944,8.441230482337922,43.07135423150714,0.06351336812421242,LoRaWAN,UNSTABLE_NETWORK,Unstable network with high packet loss and jitter
2025-04-03T05:52:45,88.56730047562598,50.26698729411642,9.531606135353709,24.282641772506665,0.0883461378806294,LoRaWAN,UNSTABLE_NETWORK,Unstable network with high packet loss and jitter
2025-04-03T14:13:51,223.8297920834307,23.046080143323497,8.605215964388131,47.62473164869612,0.08466738407691916,LoRaWAN,UNSTABLE_NETWORK,Unstable network with high packet loss and jitter
2025-04-03T14:59:22,286.17792406480794,54.219463256302916,9.591107566996397,44.838901537677614,0.04787736870984492,LoRaWAN,UNSTABLE_NETWORK,Unstable network with high packet loss and jitter
2025-04-03T16:17:57,255.28647178848135,33.53905194146998,7.641323730120812,25.308692838725378,0.10898278566068963,LoRaWAN,UNSTABLE_NETWORK,Unstable network with high packet loss and jitter
2025-04-03T08:15:24,447.83033068852524,74.91351483209323,7.89630728046859,24.968364809536432,0.09680842681036861,MQTT,UNSTABLE_NETWORK,Unstable network with high packet loss and jitter
2025-04-03T08:01:06,1671.409585984986,57.109157597789896,10.717152801492096,19.86394157645531,0.020411281643887377,LoRaWAN,UNSTABLE_NETWORK,Unstable network with high packet loss and jitter
2025-04-03T14:00:34,1098.721541495605,43.252917287406596,15.036872485689322,23.704057681362023,0.0883226333371203,LoRaWAN,UNSTABLE_NETWORK,Unstable network with high packet loss and jitter
2025-04-03T19:20:38,62.12319579951072,38.075567806693556,3.7997862967947835,17.674109358310847,0.05681079697500137,MQTT,UNSTABLE_NETWORK,Unstable network with high packet loss and jitter
2025-04-03T23:10:23,632.8709070418771,47.680235970406926,7.6885625467911,34.28811180433006,0.11291225919237884,LoRaWAN,UNSTABLE_NETWORK,Unstable network with high packet loss and jitter
2025-04-03T11:25:40,1478.0847754720187,58.4482799300181,4.458618544303754,15.439535066535665,0.03663800489657726,HTTPS,UNSTABLE_NETWORK,Unstable network with high packet loss and jitter
2025-04-03T02:42:20,477.20811688765633,48.87567409989823,12.776074695728251,36.03733016190222,0.06930569094111368,LoRaWAN,UNSTABLE_NETWORK,Unstable network with high packet loss and jitter
2025-04-03T21:03:36,1110.9368917037843,46.002371144030846,6.236786092040305,36.280786969002484,0.09086073652965397,LoRaWAN,UNSTABLE_NETWORK,Unstable network with high packet loss and jitter
2025-04-03T11:34:49,3356.0065170563616,50.136974835759595,3.6703976186426175,13.387955948160773,0.08163020882425626,MQTT,UNSTABLE_NETWORK,Unstable network with high packet loss and jitter
2025-04-03T11:18:59,1024.7807128327233,40.20520372734431,9.91456099654572,45.4981860632834,0.10288874770141915,LoRaWAN,UNSTABLE_NETWORK,Unstable network with high packet loss and jitter
2025-04-03T10:19:16,404.62179424160325,44.116666015660535,13.232933344229334,35.13609294415222,0.03444734041972133,LoRaWAN,UNSTABLE_NETWORK,Unstable network with high packet loss and jitter
2025-04-03T17:04:03,1051.411308049237,17.97953555713851,9.990793605682288,37.49698021444869,0.12955743010602133,LoRaWAN,UNSTABLE_NETWORK,Unstable network with high packet loss and jitter
2025-04-03T21:24:52,356.96861843499687,63.87398282590656,8.614393631845752,22.413347984572276,0.09575433976364814,MQTT,UNSTABLE_NETWORK,Unstable network with high packet loss and jitter
2025-04-03T22:21:09,308.7296968526163,53.75172329035494,9.227422768327981,36.22379118473118,0.12079154639002687,LoRaWAN,UNSTABLE_NETWORK,Unstable network with high packet loss and jitter
2025-04-03T00:42:45,196.77981076898553,37.66958614743453,12.244521988476665,41.26393449722066,0.10622720507699725,LoRaWAN,UNSTABLE_NETWORK,Unstable network with high packet loss and jitter
2025-04-03T08:51:28,1958.3910167158826,77.75411575067203,5.37740218995755,29.013916009953228,0.0796516965663487,HTTPS,UNSTABLE_NETWORK,Unstable network with high packet loss and jitter
2025-04-03T04:42:53,112.35551392439473,50.58000545863671,7.664458687741061,50.01922459248361,0.041474053672665184,LoRaWAN,UNSTABLE_NETWORK,Unstable network with high packet loss and jitter
2025-04-03T11:33:24,1886.7739488677794,33.73427189553043,6.6419295544714,30.440646349129377,0.06309340456253898,LoRaWAN,UNSTABLE_NETWORK,Unstable network with high packet loss and jitter
2025-04-03T01:41:45,546.5465176157388,62.12915401962273,4.496404078124869,41.40785800452474,0.12768689998587732,HTTPS,UNSTABLE_NETWORK,Unstable network with high packet loss and jitter
2025-04-03T20:52:45,55.95876414245218,55.25048316761226,7.014874221749593,32.93008807258655,0.12156313344969147,MQTT,UNSTABLE_NETWORK,Unstable network with high packet loss and jitter
2025-04-03T17:12:12,466.361752668499,55.20012692464408,11.323163287947345,35.855215328568676,0.0614120005968893,LoRaWAN,UNSTABLE_NETWORK,Unstable network with high packet loss and jitter
2025-04-03T15:56:58,24.13711423079005,42.8967602950144,9.699806445178176,13.286677323652277,0.004549128586065362,LoRaWAN,UNSTABLE_NETWORK,Unstable network with high packet loss and jitter
2025-04-03T20:43:45,635.4872928113562,56.04219744386625,9.932931500324601,33.71053738215363,0.07361930797084644,LoRaWAN,UNSTABLE_NETWORK,Unstable network with high packet loss and jitter
2025-04-03T09:56:26,867.8858998577224,45.36005445628678,8.439426834959955,22.65024898742734,0.07136891335612651,LoRaWAN,UNSTABLE_NETWORK,Unstable network with high packet loss and jitter
2025-04-03T23:08:41,147.3713111049312,57.627217806698305,9.569971348185765,21.53601694222312,0.07250682163878851,LoRaWAN,UNSTABLE_NETWORK,Unstable network with high packet loss and jitter
2025-04-03T22:07:56,347.9433606596089,20.71559644425856,5.598228972955684,47.44103184465978,0.09585617605494204,LoRaWAN,UNSTABLE_NETWORK,Unstable network with high packet loss and jitter
2025-04-03T13:04:24,3129.9471398243036,42.78332853213777,7.071470342218312,27.86229751937651,0.1062863773796499,LoRaWAN,UNSTABLE_NETWORK,Unstable network with high packet loss and jitter
2025-04-03T14:10:34,163.5120077508615,75.125424166356,8.57601271090603,19.966981690245035,0.10970898641298572,MQTT,UNSTABLE_NETWORK,Unstable network with high packet loss and jitter
2025-04-03T01:18:49,84.19144983489446,37.78875309063604,8.83254757664567,26.408683718911252,0.09337127420406101,LoRaWAN,UNSTABLE_NETWORK,Unstable network with high packet loss and jitter
2025-04-03T07:28:24,1775.395612951364,40.23885768165022,8.96056356476562,16.99549771078086,0.025976878942320925,LoRaWAN,UNSTABLE_NETWORK,Unstable network with high packet loss and jitter
2025-04-03T16:50:51,3161.7694528312704,42.57867928970586,7.584994153950866,44.3388446819627,0.06976400801920113,LoRaWAN,UNSTABLE_NETWORK,Unstable network with high packet loss and jitter
2025-04-03T11:41:47,301.33339635707136,31.077674550533306,6.8677297966090105,23.04319255833485,0.1491226935064757,MQTT,UNSTABLE_NETWORK,Unstable network with high packet loss and jitter
2025-04-03T21:45:03,1009.8308465504108,16.177222167846637,17.473313849132893,35.29299933943669,0.09122650204407436,LoRaWAN,UNSTABLE_NETWORK,Unstable network with high packet loss and jitter
2025-04-03T16:47:44,1500.499862573467,45.844305055823696,10.720361818797196,43.561067142103255,0.09103458705331596,LoRaWAN,UNSTABLE_NETWORK,Unstable network with high packet loss and jitter
2025-04-03T18:37:18,123.07591936948404,51.34265961731021,9.239442427857867,24.998473187852706,0.09078457819321574,LoRaWAN,UNSTABLE_NETWORK,Unstable network with high packet loss and jitter
2025-04-03T07:07:11,167.57239589983024,48.518859450413046,7.300374505380818,35.32022432272786,0.0924613886751797,LoRaWAN,UNSTABLE_NETWORK,Unstable network with high packet loss and jitter
2025-04-03T01:44:47,1314.0009084964024,47.134924271681996,6.64634351916837,19.6991394509557,0.008506634567422303,LoRaWAN,UNSTABLE_NETWORK,Unstable network with high packet loss and jitter
2025-04-03T14:43:33,2266.0638284957718,49.95538298606358,7.607598218819133,54.45769569113684,0.07281427049266795,LoRaWAN,UNSTABLE_NETWORK,Unstable network with high packet loss and jitter
2025-04-03T07:30:35,589.4792422359512,64.6540592189767,8.87848653076005,39.36380134616622,0.07886321504615931,LoRaWAN,UNSTABLE_NETWORK,Unstable network with high packet loss and jitter
2025-04-03T18:14:59,104.3765726594813,46.456411579184454,2.358693367810756,28.07393561239194,0.11844486197760237,MQTT,UNSTABLE_NETWORK,Unstable network with high packet loss and jitter
2025-04-03T22:46:27,3256.003521603916,40.70353293422114,3.291831213875949,22.27166269111036,0.08143018683866889,LoRaWAN,UNSTABLE_NETWORK,Unstable network with high packet loss and jitter
2025-04-03T02:16:11,158.6368134414771,45.09955653961635,6.089352833183128,28.860034471603736,0.03060465840194177,LoRaWAN,UNSTABLE_NETWORK,Unstable network with high packet loss and jitter
2025-04-03T12:06:28,200.66104418779216,58.00830743169676,8.621418310335706,26.600162776484808,0.09290267468515256,LoRaWAN,UNSTABLE_NETWORK,Unstable network with high packet loss and jitter
2025-04-03T07:51:25,452.40956012813666,70.50017643590132,7.282180558544446,49.529445539995066,0.05588526055271764,LoRaWAN,UNSTABLE_NETWORK,Unstable network with high packet loss and jitter
2025-04-03T03:07:36,1936.7662494043807,39.89928439262238,12.434363678298453,17.744652777850977,0.04349643076755747,LoRaWAN,UNSTABLE_NETWORK,Unstable network with high packet loss and jitter
2025-04-03T17:36:20,835.9373303000597,50.80711450800078,3.5528096390126933,31.348014232902035,0.05497522859850258,MQTT,UNSTABLE_NETWORK,Unstable network with high packet loss and jitter
2025-04-03T20:08:28,493.54847208340163,54.40013655401438,5.745963591189889,29.8166193336629,0.09627512688993546,MQTT,UNSTABLE_NETWORK,Unstable network with high packet loss and jitter
2025-04-03T06:11:09,523.0770157113785,34.437772046450114,12.560275222973303,28.825896996551304,0.11776283719280206,LoRaWAN,UNSTABLE_NETWORK,Unstable network with high packet loss and jitter
2025-04-03T13:54:57,316.0814953543822,49.6343668779837,8.39335797402544,28.913833450616576,0.0944878983553276,LoRaWAN,UNSTABLE_NETWORK,Unstable network with high packet loss and jitter
2025-04-03T20:02:48,586.1348555805259,27.344668732065976,10.654527748403476,28.839291898795164,0.09896069670851064,LoRaWAN,UNSTABLE_NETWORK,Unstable network with high packet loss and jitter
2025-04-03T01:27:02,14.415591752691206,22.795689258513885,14.15374082980839,38.730660663321,0.09419135818514003,LoRaWAN,UNSTABLE_NETWORK,Unstable network with high packet loss and jitter
2025-04-03T11:43:52,210.15671698916952,54.83430715539619,5.918586746294532,36.089844464924354,0.08303981530581406,LoRaWAN,UNSTABLE_NETWORK,Unstable network with high packet loss and jitter
2025-04-03T13:26:34,400.7624254730958,43.576657139458064,7.702056986623904,34.18911611372786,0.10090791904888273,LoRaWAN,UNSTABLE_NETWORK,Unstable network with high packet loss and jitter
2025-04-03T02:34:18,75.38177796936317,52.370651596145564,7.1827192972073854,0.3398936214526884,0.007436735987917387,LoRaWAN,UNSTABLE_NETWORK,Unstable network with high packet loss and jitter
2025-04-03T06:15:15,476.9303464586525,49.069688049109494,2.136220986550173,32.99794874163164,0.083332650539145,MQTT,UNSTABLE_NETWORK,Unstable network with high packet loss and jitter
2025-04-03T21:10:38,234.72556177464435,34.693779196685256,7.068809588732092,13.443606398299174,0.04865224896133245,LoRaWAN,UNSTABLE_NETWORK,Unstable network with high packet loss and jitter
2025-04-03T06:50:53,2466.0015508937777,48.662632619584635,10.643186562141995,36.46320163135825,0.11488707717632418,LoRaWAN,UNSTABLE_NETWORK,Unstable network with high packet loss and jitter
2025-04-03T07:42:29,1981.0972659526337,30.846594796234324,9.621768625436722,44.74497367570515,0.07558534084349419,LoRaWAN,UNSTABLE_NETWORK,Unstable network with high packet loss and jitter
2025-04-03T21:28:09,171.5398826927765,70.20936696388564,9.857249508164031,20.737608874114493,0.0809284426480349,MQTT,UNSTABLE_NETWORK,Unstable network with high packet loss and jitter
2025-04-03T05:02:26,250.32929240521054,29.00689364337263,6.873473058081501,27.382192776572932,0.0348478437723859,LoRaWAN,UNSTABLE_NETWORK,Unstable network with high packet loss and jitter
2025-04-03T23:12:25,274.52584126732586,46.41133697415084,6.031708291983076,24.00644294947003,0.11050492667038554,MQTT,UNSTABLE_NETWORK,Unstable network with high packet loss and jitter
2025-04-03T04:20:21,174.4766816612162,33.7157094403783,11.807767015695863,42.35431775756801,0.09881984360821428,LoRaWAN,UNSTABLE_NETWORK,Unstable network with high packet loss and jitter
2025-04-03T11:36:48,379.104713367342,57.907768083906426,6.508048560926992,30.950278852720732,0.0967084364702151,LoRaWAN,UNSTABLE_NETWORK,Unstable network with high packet loss and jitter
2025-04-03T03:17:02,120.76469610383889,44.38164713667942,8.882246116379642,47.283293805663334,0.05560931443493533,LoRaWAN,UNSTABLE_NETWORK,Unstable network with high packet loss and jitter
2025-04-03T01:58:13,77.24978037495572,41.57478413399128,8.490004042032615,34.13754202947388,0.0567908046518561,LoRaWAN,UNSTABLE_NETWORK,Unstable network with high packet loss and jitter
2025-04-03T15:51:12,633.3580761550393,62.15447532649022,12.385151048771355,32.424501806358194,0.08670798363337716,LoRaWAN,UNSTABLE_NETWORK,Unstable network with high packet loss and jitter
2025-04-03T04:23:20,638.5614906702203,49.79957824828766,10.914237073017079,30.682067826028362,0.05916504769255847,LoRaWAN,UNSTABLE_NETWORK,Unstable network with high packet loss and jitter
2025-04-03T12:06:59,114.27451305771002,57.10945328457135,4.1142241379986375,38.179920992573365,0.09304678888032016,LoRaWAN,UNSTABLE_NETWORK,Unstable network with high packet loss and jitter
2025-04-03T14:27:49,878.4939242659622,34.64156477017734,4.43734049967488,12.623138017546566,0.01517262191699835,LoRaWAN,UNSTABLE_NETWORK,Unstable network with high packet loss and jitter
2025-04-03T20:17:29,140.59581303388583,28.290866881434177,9.736729454207403,30.8534395552051,0.06537366330780223,LoRaWAN,UNSTABLE_NETWORK,Unstable network with high packet loss and jitter
2025-04-03T23:40:21,406.4987119311462,50.972907693356255,7.8069870578625,29.29953556272035,0.13390260396279474,MQTT,UNSTABLE_NETWORK,Unstable network with high packet loss and jitter
2025-04-03T04:28:11,802.8719926070485,44.58376015274075,6.6344846481387085,37.25418827157766,0.09318457483987294,LoRaWAN,UNSTABLE_NETWORK,Unstable network with high packet loss and jitter
2025-04-03T01:34:34,288.14026620645035,58.764642794378354,11.046883651983412,28.12298394125963,0.08500380993592978,LoRaWAN,UNSTABLE_NETWORK,Unstable network with high packet loss and jitter
2025-04-03T04:52:33,517.7391630622093,48.171163140038416,8.562378146266733,19.6126556583733,0.1395567960701407,MQTT,UNSTABLE_NETWORK,Unstable network with high packet loss and jitter
2025-04-03T15:39:22,161.429239637704,52.44758724090357,8.157372160668332,30.07350674919699,0.009921391435956925,LoRaWAN,UNSTABLE_NETWORK,Unstable network with high packet loss and jitter
2025-04-03T06:53:31,236.99109688477355,25.022386425672945,10.33948592226515,19.171594711316565,0.05554066655635678,LoRaWAN,UNSTABLE_NETWORK,Unstable network with high packet loss and jitter
2025-04-03T06:56:13,234.33486926617954,77.70134569141291,6.874673015169306,10.747377874125146,0.06796480484757833,MQTT,UNSTABLE_NETWORK,Unstable network with high packet loss and jitter
2025-04-03T06:01:41,122.4727380648068,46.912829044126056,12.705556956417663,37.27122481485493,0.10575053699016171,LoRaWAN,UNSTABLE_NETWORK,Unstable network with high packet loss and jitter
2025-04-03T21:53:18,242.65810538934565,59.84193059710199,5.635857130300976,35.790615726946704,0.1062696908968471,LoRaWAN,UNSTABLE_NETWORK,Unstable network with high packet loss and jitter
2025-04-03T23:04:51,46.77928683795872,36.83841821112708,9.970787199026265,34.67090943993575,0.05401979873052122,LoRaWAN,UNSTABLE_NETWORK,Unstable network with high packet loss and jitter
2025-04-03T11:24:26,166.40057403083162,54.001609020089056,12.301498515979535,43.02928421945811,0.10993862966427649,LoRaWAN,UNSTABLE_NETWORK,Unstable network with high packet loss and jitter
2025-04-03T04:52:14,213.13630329348737,29.840456256365233,3.868113532183701,23.349681096960747,0.06790055698034878,LoRaWAN,UNSTABLE_NETWORK,Unstable network with high packet loss and jitter
2025-04-03T12:21:46,220.60345569128714,56.165812505538945,6.969994472442652,15.68885857228745,0.116349188769475,MQTT,UNSTABLE_NETWORK,Unstable network with high packet loss and jitter
2025-04-03T12:24:28,224.52465873444044,44.04685088826386,11.426622178656674,29.299702231919554,0.04902071905633827,LoRaWAN,UNSTABLE_NETWORK,Unstable network with high packet loss and jitter
2025-04-03T12:07:32,278.5689025867461,49.82598693549233,11.471733643193076,26.524997002940896,0.07630065202801518,LoRaWAN,UNSTABLE_NETWORK,Unstable network with high packet loss and jitter
2025-04-03T03:27:13,533.3150279406663,59.85940705081775,7.4855131988352825,21.577042832299313,0.0652949805387032,MQTT,UNSTABLE_NETWORK,Unstable network with high packet loss and jitter
2025-04-03T21:33:20,856.7986672329481,30.903359152969557,5.795986718969422,29.20150846512204,0.11168091114697141,LoRaWAN,UNSTABLE_NETWORK,Unstable network with high packet loss and jitter
2025-04-03T05:09:52,137.56055256232685,39.12575508448928,10.867807466992286,23.883948537954154,0.06431656350301487,LoRaWAN,UNSTABLE_NETWORK,Unstable network with high packet loss and jitter
2025-04-03T05:10:51,70.80583752290163,56.254662482390174,11.550647307744814,11.63994716643169,0.07872654412964732,LoRaWAN,UNSTABLE_NETWORK,Unstable network with high packet loss and jitter
2025-04-03T22:26:34,85.91248655613414,80.86978760669736,4.506009954462816,25.588233092062396,0.09520434192989148,MQTT,UNSTABLE_NETWORK,Unstable network with high packet loss and jitter
2025-04-03T00:22:10,167.19135072890762,47.326897690981404,4.388259053100859,18.63624833296143,0.09635775449078358,MQTT,UNSTABLE_NETWORK,Unstable network with high packet loss and jitter
2025-04-03T23:17:07,196.66010696819768,58.26684170217009,8.675770045950799,32.316480716109226,0.10660857822419514,LoRaWAN,UNSTABLE_NETWORK,Unstable network with high packet loss and jitter
2025-04-03T03:51:20,119.07900676639748,47.79689510784137,9.888081900286675,23.43965241759345,0.08633374330534001,LoRaWAN,UNSTABLE_NETWORK,Unstable network with high packet loss and jitter
2025-04-03T02:02:06,63.335277320551214,78.53681829947054,7.102792744309835,41.11631474141052,0.06745253254160506,HTTPS,UNSTABLE_NETWORK,Unstable network with high packet loss and jitter
2025-04-03T07:49:24,173.54509543859464,23.196476596054676,10.037881459947048,46.03866067267866,0.06950903763923749,LoRaWAN,UNSTABLE_NETWORK,Unstable network with high packet loss and jitter
2025-04-03T05:30:07,372.9686689985671,50.82578449298135,5.8695901794878536,36.79381373011906,0.08077016945622836,LoRaWAN,UNSTABLE_NETWORK,Unstable network with high packet loss and jitter
2025-04-03T01:35:41,612.6647180291228,25.024975541917534,1.6559192027787937,14.4897381801668,0.0874877742822315,MQTT,UNSTABLE_NETWORK,Unstable network with high packet loss and jitter
2025-04-03T01:13:14,153.6803523065655,11.811229709705167,6.728296783002212,45.051959988790394,0.07558485056454692,LoRaWAN,UNSTABLE_NETWORK,Unstable network with high packet loss and jitter
2025-04-03T20:37:51,182.76205997066464,53.87340128693064,8.189696439539304,45.757204503737654,0.08057610262896642,LoRaWAN,UNSTABLE_NETWORK,Unstable network with high packet loss and jitter
2025-04-03T04:46:36,98.66640405418595,51.50560465478274,7.17248012031063,30.187905113079406,0.03448238418283684,LoRaWAN,UNSTABLE_NETWORK,Unstable network with high packet loss and jitter
2025-04-03T17:12:10,288.89273793520806,45.14225086884531,4.524190209021544,43.22926160335532,0.10002065853364034,LoRaWAN,UNSTABLE_NETWORK,Unstable network with high packet loss and jitter
2025-04-03T10:02:47,108.38266005600883,47.8235608067895,2.5530530723635474,24.48324861953322,0.0854333686666829,MQTT,UNSTABLE_NETWORK,Unstable network with high packet loss and jitter
2025-04-03T22:49:56,596.772429465216,95.89263089086212,6.457733586896307,11.337540651504106,0.11005611240623264,MQTT,UNSTABLE_NETWORK,Unstable network with high packet loss and jitter
2025-04-03T23:43:52,35.18932200086394,45.54717953172921,10.69296731494923,22.397155613784065,0.08000481522221255,LoRaWAN,UNSTABLE_NETWORK,Unstable network with high packet loss and jitter
2025-04-03T08:31:28,194.849383481649,57.07333924335933,11.768592318241048,47.29300866044757,0.027848072644346418,LoRaWAN,UNSTABLE_NETWORK,Unstable network with high packet loss and jitter
2025-04-03T13:42:03,430.5705896275692,39.68266875280745,11.563140152415365,15.089200763885264,0.06924661432079976,LoRaWAN,UNSTABLE_NETWORK,Unstable network with high packet loss and jitter
2025-04-03T19:10:44,374.04791128250037,53.85329689503219,5.5522713945543405,29.995212819314943,0.07400210230644749,LoRaWAN,UNSTABLE_NETWORK,Unstable network with high packet loss and jitter
2025-04-03T09:30:06,7596.347900973498,45.85297036599635,4.538881029108908,30.341438933402124,0.10228709916300796,LoRaWAN,UNSTABLE_NETWORK,Unstable network with high packet loss and jitter
2025-04-03T03:31:18,456.47891205995944,43.27036547329213,9.489903844939686,24.870257560321882,0.01789179366459815,LoRaWAN,UNSTABLE_NETWORK,Unstable network with high packet loss and jitter
2025-04-03T17:28:40,89.91969178178093,76.71328791965043,9.905300034793775,25.56478400162885,0.08123538550846805,MQTT,UNSTABLE_NETWORK,Unstable network with high packet loss and jitter
2025-04-03T13:28:35,267.5283061575815,67.0892516068181,9.200508815601491,30.722491342362027,0.09541025647379918,LoRaWAN,UNSTABLE_NETWORK,Unstable network with high packet loss and jitter
2025-04-03T14:47:51,35.59790808579424,51.48434409244895,1.95781017728671,24.378376580652727,0.06015536344155441,MQTT,UNSTABLE_NETWORK,Unstable network with high packet loss and jitter
2025-04-03T08:17:17,272.3431291511051,14.871632564708456,5.3993462453496,15.779415028320688,0.08223884029450543,LoRaWAN,UNSTABLE_NETWORK,Unstable network with high packet loss and jitter
2025-04-03T01:36:23,110.40055999573774,44.02134047748688,7.910933629142065,32.15031942943456,0.061188904725504666,LoRaWAN,UNSTABLE_NETWORK,Unstable network with high packet loss and jitter
2025-04-03T13:49:26,899.8704471289853,89.98355951475915,9.461654583891281,40.73366582444972,0.05811281200338829,HTTPS,UNSTABLE_NETWORK,Unstable network with high packet loss and jitter
2025-04-03T03:19:23,155.14096343462177,45.979888271494744,10.30192208780746,38.69572518653421,0.0677474044960605,LoRaWAN,UNSTABLE_NETWORK,Unstable network with high packet loss and jitter
2025-04-03T16:05:22,260.7764105722647,65.9897440743027,8.43276056684612,21.902645326101883,0.05867924022598968,LoRaWAN,UNSTABLE_NETWORK,Unstable network with high packet loss and jitter
2025-04-03T04:39:39,139.92590954253075,71.07228374519431,8.992351419614709,17.48772084622324,0.10050854935808998,MQTT,UNSTABLE_NETWORK,Unstable network with high packet loss and jitter
2025-04-03T13:23:23,2417.294205903567,52.7292736761524,8.254596375083313,27.158121178452213,0.05795144369493867,LoRaWAN,UNSTABLE_NETWORK,Unstable network with high packet loss and jitter
2025-04-03T05:07:39,204.03491992836803,36.81915768269795,10.056858122655449,45.67791509795664,0.05291269978856218,LoRaWAN,UNSTABLE_NETWORK,Unstable network with high packet loss and jitter
2025-04-03T06:59:46,2704.9830547176143,12.918464406384384,8.938596954472732,36.45598078959546,0.133037860005186,LoRaWAN,UNSTABLE_NETWORK,Unstable network with high packet loss and jitter
2025-04-03T18:24:39,796.9282018292831,59.712264734669496,8.197212980141861,37.03964676794234,0.10882220035472107,LoRaWAN,UNSTABLE_NETWORK,Unstable network with high packet loss and jitter
2025-04-03T19:50:34,534.9977533057394,37.230143785589426,7.194893602587857,38.898569517854945,0.024154599180223994,LoRaWAN,UNSTABLE_NETWORK,Unstable network with high packet loss and jitter
2025-04-03T02:34:16,466.96870913816207,52.0954078286655,8.243874275127443,34.20766562518586,0.057056951304423995,LoRaWAN,UNSTABLE_NETWORK,Unstable network with high packet loss and jitter
2025-04-03T21:29:23,481.22706749862914,30.70751317891712,9.453774136517824,31.206085476135787,0.08727388915168133,LoRaWAN,UNSTABLE_NETWORK,Unstable network with high packet loss and jitter
2025-04-03T01:52:57,29.683026360986137,45.47792238811202,8.802426166694184,36.62306896647968,0.08971265201694481,LoRaWAN,UNSTABLE_NETWORK,Unstable network with high packet loss and jitter
2025-04-03T20:05:36,214.67438712881196,49.963938541088325,9.142479255035761,24.538338957819803,0.0352852140278932,LoRaWAN,UNSTABLE_NETWORK,Unstable network with high packet loss and jitter
2025-04-03T14:35:35,827.1384059398575,53.48872365564446,12.028165584053557,15.855369886336792,0.11475696478466965,LoRaWAN,UNSTABLE_NETWORK,Unstable network with high packet loss and jitter
2025-04-03T17:52:01,282.9035012429179,32.739154352101245,8.795491768239762,37.22996934624323,0.10475673257544878,LoRaWAN,UNSTABLE_NETWORK,Unstable network with high packet loss and jitter
2025-04-03T20:18:44,55.565064002821074,67.41681861621521,6.053004438580527,42.37738105749225,0.09445704896121015,LoRaWAN,UNSTABLE_NETWORK,Unstable network with high packet loss and jitter
2025-04-03T19:04:10,281.7153415408319,40.51139983622283,10.650820357982507,18.817680606439687,0.12070185472136363,LoRaWAN,UNSTABLE_NETWORK,Unstable network with high packet loss and jitter
2025-04-03T16:53:37,2318.5774167755394,24.34944692281119,3.9014049869932474,38.219214824159,0.09356869977712755,LoRaWAN,UNSTABLE_NETWORK,Unstable network with high packet loss and jitter
2025-04-03T15:51:33,1339.5011309580095,47.83280475256539,4.755759857782138,46.807657133881904,0.09345742637755541,LoRaWAN,UNSTABLE_NETWORK,Unstable network with high packet loss and jitter
2025-04-03T07:32:47,278.48874995505,49.9854529098217,9.007541794160208,29.97753798242879,0.12673037815466726,LoRaWAN,UNSTABLE_NETWORK,Unstable network with high packet loss and jitter
2025-04-03T08:34:07,939.6632882702878,51.88033199440867,9.549190003359737,21.819978152582536,0.11303658742183126,LoRaWAN,UNSTABLE_NETWORK,Unstable network with high packet loss and jitter
2025-04-03T22:11:54,193.24794436179232,69.90514377451593,4.264846329488015,31.230186735267555,0.05475477623265407,HTTPS,UNSTABLE_NETWORK,Unstable network with high packet loss and jitter
2025-04-03T18:10:47,38.82780332169667,45.92809239060932,6.8515475570397495,24.494660317992988,0.09899585536015745,MQTT,UNSTABLE_NETWORK,Unstable network with high packet loss and jitter
2025-04-03T11:37:05,98.93106444955171,47.68219779852311,6.181748503341024,23.832698900435982,0.06007196405124254,LoRaWAN,UNSTABLE_NETWORK,Unstable network with high packet loss and jitter
2025-04-03T05:10:50,1957.1585810975002,32.93039366796575,6.5399710313552095,34.33184067271543,0.09512463652850833,LoRaWAN,UNSTABLE_NETWORK,Unstable network with high packet loss and jitter
2025-04-03T06:34:53,215.93788058997342,61.78812915218808,10.830793328818837,13.962705249701045,0.09429840521059443,MQTT,UNSTABLE_NETWORK,Unstable network with high packet loss and jitter
2025-04-03T07:52:37,224.0169456923972,52.24612979244864,10.119516390641758,15.560710775077728,0.038495980626320425,LoRaWAN,UNSTABLE_NETWORK,Unstable network with high packet loss and jitter
2025-04-03T01:02:52,209.34354095316263,43.182745144272126,7.942633460438878,30.192908803739428,0.07634463166066895,LoRaWAN,UNSTABLE_NETWORK,Unstable network with high packet loss and jitter
2025-04-03T09:23:19,2947.5994790145896,20.914707874110075,6.362114218655217,29.77691461087569,0.08795771070741207,LoRaWAN,UNSTABLE_NETWORK,Unstable network with high packet loss and jitter
2025-04-03T16:13:28,2111.03404066107,71.15267842432581,3.9510509893395778,33.43554577039936,0.0669112942701753,LoRaWAN,UNSTABLE_NETWORK,Unstable network with high packet loss and jitter
2025-04-03T20:32:38,4299.778354095553,31.07296325406611,12.260554816345845,48.752253884833884,0.08944129827172279,LoRaWAN,UNSTABLE_NETWORK,Unstable network with high packet loss and jitter
2025-04-03T02:28:38,247.87590111059336,40.620659802768856,9.776341700854754,31.04514036075821,0.10417693331003207,LoRaWAN,UNSTABLE_NETWORK,Unstable network with high packet loss and jitter
2025-04-03T06:31:44,427.7469836803562,54.86666483186196,5.879992687780579,35.98172150334794,0.07908220807307734,LoRaWAN,UNSTABLE_NETWORK,Unstable network with high packet loss and jitter
2025-04-03T18:04:58,48.6091320418749,31.54479545887908,10.158798492874674,20.24467064385368,0.08673798430124778,LoRaWAN,UNSTABLE_NETWORK,Unstable network with high packet loss and jitter
2025-04-03T11:04:20,1765.349180888998,27.092184936739695,7.789329138276123,37.67937663516537,0.12150272235667925,LoRaWAN,UNSTABLE_NETWORK,Unstable network with high packet loss and jitter
2025-04-03T06:16:43,73.88035889540463,17.637285092434343,7.138671485412972,24.736091348893222,0.09419589749675679,LoRaWAN,UNSTABLE_NETWORK,Unstable network with high packet loss and jitter
2025-04-03T10:20:07,389.12987281313895,60.313120348936316,9.305634584868807,30.714208325810933,0.08602472869023421,LoRaWAN,UNSTABLE_NETWORK,Unstable network with high packet loss and jitter
2025-04-03T16:57:09,80.40042333218862,41.32203960686442,5.775505250261825,28.911513749308384,0.051257618610759184,LoRaWAN,UNSTABLE_NETWORK,Unstable network with high packet loss and jitter
2025-04-03T09:16:35,147.98964166573666,93.41055188726668,6.96873044146967,40.32974234914031,0.10013078034166546,HTTPS,UNSTABLE_NETWORK,Unstable network with high packet loss and jitter
2025-04-03T12:24:00,109.84470080629,34.58784173811109,8.364383192598638,16.900234456250004,0.08990449848175816,LoRaWAN,UNSTABLE_NETWORK,Unstable network with high packet loss and jitter
2025-04-03T23:03:16,144.65218863225527,35.68306959354784,6.501646421344359,7.167613653849607,0.11851218301104224,MQTT,UNSTABLE_NETWORK,Unstable network with high packet loss and jitter
2025-04-03T18:40:16,157.0925670860935,41.02560761310811,10.007255630802572,27.865673029120757,0.08140635629909934,LoRaWAN,UNSTABLE_NETWORK,Unstable network with high packet loss and jitter
2025-04-03T21:28:12,155.37785440717337,53.155189216873936,13.607199511034782,34.68531256905124,0.02551200499598013,LoRaWAN,UNSTABLE_NETWORK,Unstable network with high packet loss and jitter
2025-04-03T21:46:22,815.4851145953933,42.456786530424395,5.737105602178572,31.522693758075,0.02899637393515215,LoRaWAN,UNSTABLE_NETWORK,Unstable network with high packet loss and jitter
2025-04-03T11:39:21,79.67430385689309,58.69648704464922,3.0046241110878666,42.322042374139116,0.102070422912792,LoRaWAN,UNSTABLE_NETWORK,Unstable network with high packet loss and jitter
2025-04-03T11:53:36,390.8923440146541,34.834345207189195,1.9947794975712156,34.37372674179668,0.0628941920690554,LoRaWAN,UNSTABLE_NETWORK,Unstable network with high packet loss and jitter
2025-04-03T08:32:07,1293.7929537424284,28.79096250247276,7.548595575515053,24.3615166814014,0.09310303253331492,LoRaWAN,UNSTABLE_NETWORK,Unstable network with high packet loss and jitter
2025-04-03T13:35:43,162.05679127740112,22.543284410697332,6.010506229621452,6.745798458603197,0.08342697933507068,MQTT,UNSTABLE_NETWORK,Unstable network with high packet loss and jitter
2025-04-03T01:27:56,126.75800619957316,16.16456020518346,8.623581503201242,27.626877658047817,0.07499480996918238,LoRaWAN,UNSTABLE_NETWORK,Unstable network with high packet loss and jitter
2025-04-03T02:39:14,227.50061107694432,41.74880465452303,8.397793016078303,40.27959002257798,0.0771091614323533,LoRaWAN,UNSTABLE_NETWORK,Unstable network with high packet loss and jitter
2025-04-03T05:08:34,1235.773939801213,45.00680248315802,3.1903494601577114,26.079522173328854,0.0540383148486432,LoRaWAN,UNSTABLE_NETWORK,Unstable network with high packet loss and jitter
2025-04-03T12:37:13,378.68761553568874,40.051618979216066,2.555348511555782,30.28320263677764,0.07952666933300988,LoRaWAN,UNSTABLE_NETWORK,Unstable network with high packet loss and jitter
2025-04-03T09:32:34,158.59048617687762,68.17592857167872,8.887799721038286,34.21360254306708,0.06246519701616804,LoRaWAN,UNSTABLE_NETWORK,Unstable network with high packet loss and jitter
2025-04-03T09:44:42,536.1609822958015,67.94696198040079,8.40628650415987,19.84707625750184,0.06883230439622885,LoRaWAN,UNSTABLE_NETWORK,Unstable network with high packet loss and jitter
2025-04-03T02:45:44,79.9204603814606,44.5061312470187,6.722546004900346,36.232358966388176,0.07029052865872518,LoRaWAN,UNSTABLE_NETWORK,Unstable network with high packet loss and jitter
2025-04-03T17:14:50,679.5384972093412,22.621026583214253,3.0285692446030863,46.37121790001706,0.07319920190303843,LoRaWAN,UNSTABLE_NETWORK,Unstable network with high packet loss and jitter
2025-04-03T07:31:21,489.8558890648421,41.03093388267538,9.414173788294972,28.27186648106594,0.1076652036952126,LoRaWAN,UNSTABLE_NETWORK,Unstable network with high packet loss and jitter
2025-04-03T17:40:03,207.35085482228106,40.53585681715271,11.81569863627183,18.709355781676983,0.0761062751238592,LoRaWAN,UNSTABLE_NETWORK,Unstable network with high packet loss and jitter
2025-04-03T06:07:23,109.67040136523246,39.67782051414524,8.833947320656767,29.333989729780264,0.11071107009770295,LoRaWAN,UNSTABLE_NETWORK,Unstable network with high packet loss and jitter
2025-04-03T12:33:35,103.52005560717647,39.0707286122499,5.457578328304806,7.756158913911314,0.12613564853979445,MQTT,UNSTABLE_NETWORK,Unstable network with high packet loss and jitter
2025-04-03T12:27:03,569.9583444645027,39.73623595725894,8.133656496713455,33.36903263976616,0.10564833953168448,LoRaWAN,UNSTABLE_NETWORK,Unstable network with high packet loss and jitter
2025-04-03T21:15:52,1311.0178216969935,43.741722377072115,3.9016577571989455,34.52274377648579,0.09603405605205534,LoRaWAN,UNSTABLE_NETWORK,Unstable network with high packet loss and jitter
2025-04-03T17:00:08,139.6323892667288,40.00839735571263,11.173882141516378,46.756362938455624,0.08980496628450561,LoRaWAN,UNSTABLE_NETWORK,Unstable network with high packet loss and jitter
2025-04-03T17:47:26,520.009207899628,52.66801868973734,8.245533003588616,28.06005207433375,0.1059607612715021,LoRaWAN,UNSTABLE_NETWORK,Unstable network with high packet loss and jitter
2025-04-03T07:22:43,24.516590516899857,54.95037902133383,2.695529264740305,34.084853381464704,0.08268082215788719,LoRaWAN,UNSTABLE_NETWORK,Unstable network with high packet loss and jitter
2025-04-03T14:15:22,148.74615537415642,35.88683919743104,7.097976918668952,21.38711897614099,0.10953709537871595,LoRaWAN,UNSTABLE_NETWORK,Unstable network with high packet loss and jitter
2025-04-03T10:42:47,289.0245854372114,68.61416261768136,9.389904530702692,26.435728794749213,0.09842317415869054,LoRaWAN,UNSTABLE_NETWORK,Unstable network with high packet loss and jitter
2025-04-03T18:40:32,100.70166907136782,34.84891542237411,7.0008571370734325,14.74814563337802,0.06920478617658837,LoRaWAN,UNSTABLE_NETWORK,Unstable network with high packet loss and jitter
2025-04-03T15:42:59,97.51193930417668,25.28450796516074,7.172312835679478,28.052103787167646,0.10687552640308418,LoRaWAN,UNSTABLE_NETWORK,Unstable network with high packet loss and jitter
2025-04-03T00:02:06,134.61879008274008,55.26485546527404,4.326793378858184,26.946908464814353,0.08274440017932706,MQTT,UNSTABLE_NETWORK,Unstable network with high packet loss and jitter
2025-04-03T23:09:15,425.98909555279636,37.29372960099064,9.699622961244968,32.991997660888956,0.07681603977163053,LoRaWAN,UNSTABLE_NETWORK,Unstable network with high packet loss and jitter
2025-04-03T15:22:20,239.6040220377683,54.37589090097403,6.054592399942588,23.764031196673606,0.06571402518803039,LoRaWAN,UNSTABLE_NETWORK,Unstable network with high packet loss and jitter
2025-04-03T14:47:28,20.448407256056797,13.503157045512715,1.5306638689849024,30.833453509750917,0.08498056543623717,LoRaWAN,UNSTABLE_NETWORK,Unstable network with high packet loss and jitter
2025-04-03T14:25:21,23.545678289388086,70.44669240667416,6.886227887988818,26.666199443923343,0.1098938784623895,MQTT,UNSTABLE_NETWORK,Unstable network with high packet loss and jitter
2025-04-03T03:35:40,144.8276277641073,59.645921627441645,10.943449146711059,26.685006117004857,0.10666820016779112,LoRaWAN,UNSTABLE_NETWORK,Unstable network with high packet loss and jitter
2025-04-03T03:40:38,519.5725103144431,27.056039491798053,6.839211660200158,30.803623259630303,0.0906018139237687,LoRaWAN,UNSTABLE_NETWORK,Unstable network with high packet loss and jitter
2025-04-03T21:05:37,11.09813041871587,27.383198093956263,13.21395495537056,30.4052294231701,0.09798930922175106,LoRaWAN,UNSTABLE_NETWORK,Unstable network with high packet loss and jitter
2025-04-03T17:56:20,164.69680914803968,74.65051073552094,9.28690384564555,37.61174039051639,0.11815090374567674,LoRaWAN,UNSTABLE_NETWORK,Unstable network with high packet loss and jitter
2025-04-03T05:31:45,159.53846401248185,38.50749084399611,9.016274486841098,28.793569658701653,0.07550101126487417,LoRaWAN,UNSTABLE_NETWORK,Unstable network with high packet loss and jitter
2025-04-03T08:05:36,1587.2969363998966,37.0570838878836,7.614805202247173,26.501146508769967,0.04653739989409382,LoRaWAN,UNSTABLE_NETWORK,Unstable network with high packet loss and jitter
2025-04-03T16:11:56,189.00175497542,15.580742429041184,7.795141376707128,28.19192554912774,0.11903389556535718,LoRaWAN,UNSTABLE_NETWORK,Unstable network with high packet loss and jitter
2025-04-03T23:50:29,475.0258655517832,44.31151797966458,7.209729094641488,22.853358831590075,0.06410665243907845,LoRaWAN,UNSTABLE_NETWORK,Unstable network with high packet loss and jitter
2025-04-03T19:52:53,355.41674934490163,46.15906406355907,7.093191823752421,26.400889064333285,0.059289856299682864,LoRaWAN,UNSTABLE_NETWORK,Unstable network with high packet loss and jitter
2025-04-03T02:05:40,23.268550826138682,60.30892196004511,9.592601486201445,50.31158713073231,0.026114067339963465,LoRaWAN,UNSTABLE_NETWORK,Unstable network with high packet loss and jitter
2025-04-03T13:37:41,754.1800515154615,28.59201630814317,5.192506310628303,20.873212393041328,0.09713849159492889,LoRaWAN,UNSTABLE_NETWORK,Unstable network with high packet loss and jitter
2025-04-03T03:03:33,388.48644601380454,26.77555806970863,4.772318513827221,27.213436661206906,0.03135642126343336,LoRaWAN,UNSTABLE_NETWORK,Unstable network with high packet loss and jitter
2025-04-03T11:29:25,552.0865581715241,56.3459666973724,4.630414847373867,26.125113367303097,0.0574922357692479,LoRaWAN,UNSTABLE_NETWORK,Unstable network with high packet loss and jitter
2025-04-03T01:51:35,33365.16672672572,64.68414546653868,14.136963643031462,27.528283877556007,0.09764710383545176,CoAP,UNSTABLE_NETWORK,Unstable network with high packet loss and jitter
2025-04-03T17:37:26,24.60247253050953,26.017576353771936,9.59102870501174,26.68760691121605,0.10165763757225116,LoRaWAN,UNSTABLE_NETWORK,Unstable network with high packet loss and jitter
2025-04-03T12:15:31,2376.5816539394445,65.80924013744377,8.913476605040435,32.79240101221,0.06044887555345299,LoRaWAN,UNSTABLE_NETWORK,Unstable network with high packet loss and jitter
2025-04-03T22:06:04,212.47948688005525,50.151323687657445,4.827455989119706,12.898248986082056,0.07597540019022785,MQTT,UNSTABLE_NETWORK,Unstable network with high packet loss and jitter
2025-04-03T12:21:02,423.51001413489826,65.96694337388227,9.870026902024485,40.37171472532005,0.05382216420781541,LoRaWAN,UNSTABLE_NETWORK,Unstable network with high packet loss and jitter
2025-04-03T18:08:23,284.0549712853735,48.538225087405806,7.650285960640014,36.32582799642197,0.06354809636566452,LoRaWAN,UNSTABLE_NETWORK,Unstable network with high packet loss and jitter
2025-04-03T07:07:49,180.3138375407506,11.759028970258267,8.64250682339525,17.57128413936865,0.0879864578045872,LoRaWAN,UNSTABLE_NETWORK,Unstable network with high packet loss and jitter
2025-04-03T03:32:57,151.40872388395582,47.31535422024441,5.070139052409332,7.309227270475986,0.06495059963610628,MQTT,UNSTABLE_NETWORK,Unstable network with high packet loss and jitter
2025-04-03T20:27:20,445.4980890019769,65.49868945746151,8.48080657225273,20.229278538585987,0.07267354879472993,LoRaWAN,UNSTABLE_NETWORK,Unstable network with high packet loss and jitter
2025-04-03T12:46:31,48.57815958526204,36.192009113544216,6.72849938538055,27.573335385728775,0.036058799551472995,LoRaWAN,UNSTABLE_NETWORK,Unstable network with high packet loss and jitter
2025-04-03T01:17:18,738.3939396022015,43.78039208859562,5.703166528909437,55.80291898690775,0.11398868494418413,LoRaWAN,UNSTABLE_NETWORK,Unstable network with high packet loss and jitter
2025-04-03T22:12:40,182.06234598870705,46.959531291350196,10.202319007421746,35.43256964974273,0.09530199779513197,LoRaWAN,UNSTABLE_NETWORK,Unstable network with high packet loss and jitter
2025-04-03T10:50:09,77.30041063526348,6.11049286899511,3.3868765744099925,11.924103508185425,0.10378716115511605,MQTT,UNSTABLE_NETWORK,Unstable network with high packet loss and jitter
2025-04-03T08:32:06,174.82177826215494,74.67508192099194,9.694328792942452,23.10344495099056,0.11871275973850587,MQTT,UNSTABLE_NETWORK,Unstable network with high packet loss and jitter
2025-04-03T04:35:47,1356.0909450757695,36.08590031337966,10.05345840065899,29.46787563727017,0.0552436137336285,LoRaWAN,UNSTABLE_NETWORK,Unstable network with high packet loss and jitter
2025-04-03T17:33:23,157.8081997890148,57.194234221336735,5.361068973346278,32.53683554298097,0.0692481655091593,LoRaWAN,UNSTABLE_NETWORK,Unstable network with high packet loss and jitter
2025-04-03T03:53:57,461.24382904810545,48.309352914429084,5.539014616602598,16.85251139689577,0.023154968972533677,LoRaWAN,UNSTABLE_NETWORK,Unstable network with high packet loss and jitter
2025-04-03T10:23:00,124.7903268601135,68.47582302445008,7.330922956200793,28.650097720229386,0.1742126873030671,MQTT,UNSTABLE_NETWORK,Unstable network with high packet loss and jitter
2025-04-03T00:18:23,744.9288381566932,55.70404623788837,8.846108631386661,22.823608623894593,0.07551244054047872,LoRaWAN,UNSTABLE_NETWORK,Unstable network with high packet loss and jitter
2025-04-03T14:51:28,682.9295874455587,46.09100755106001,7.541435024557323,18.962414373976834,0.11116183699744736,MQTT,UNSTABLE_NETWORK,Unstable network with high packet loss and jitter
2025-04-03T11:43:37,2757.5918910388405,36.213812458492896,9.300687380575638,32.59595646698954,0.04285516566993624,LoRaWAN,UNSTABLE_NETWORK,Unstable network with high packet loss and jitter
2025-04-03T06:58:11,243.0107643405431,61.585966589421645,13.288938957612197,37.73877173442823,0.10989165276929028,LoRaWAN,UNSTABLE_NETWORK,Unstable network with high packet loss and jitter
2025-04-03T07:09:26,669.2570659555291,21.518253731777783,6.476849692550859,38.410412769616194,0.13572772629948998,LoRaWAN,UNSTABLE_NETWORK,Unstable network with high packet loss and jitter
2025-04-03T07:01:13,337.46558073445266,59.30989681764289,2.8544600878897386,35.74386351133876,0.07819157752916056,LoRaWAN,UNSTABLE_NETWORK,Unstable network with high packet loss and jitter
2025-04-03T21:42:20,1420.5914996211432,33.137536462588876,10.47777074909196,25.026304668597373,0.04967355510231196,LoRaWAN,UNSTABLE_NETWORK,Unstable network with high packet loss and jitter
2025-04-03T17:41:05,126.61913068194593,68.40912988766904,13.049943727782589,37.14549761463506,0.07583610797163393,LoRaWAN,UNSTABLE_NETWORK,Unstable network with high packet loss and jitter
2025-04-03T08:53:27,733.4715792783683,52.046035320667336,9.178305089153373,33.09054438104288,0.013197154251283219,LoRaWAN,UNSTABLE_NETWORK,Unstable network with high packet loss and jitter
2025-04-03T17:40:14,237.4947978193281,59.29006592088601,4.736753973938995,31.33941882952013,0.07886339896934474,LoRaWAN,UNSTABLE_NETWORK,Unstable network with high packet loss and jitter
2025-04-03T04:58:58,277.7597863065422,50.85970883291264,7.628322910294397,23.883068782982015,0.10462901417938987,LoRaWAN,UNSTABLE_NETWORK,Unstable network with high packet loss and jitter
2025-04-03T07:38:48,334.9179096562665,23.345887420834366,4.644429547365103,25.031238726584718,0.07892727066879457,LoRaWAN,UNSTABLE_NETWORK,Unstable network with high packet loss and jitter
2025-04-03T07:22:07,406.0478258678588,36.72227361942671,9.928566481888843,30.73886936124554,0.07147581335933098,LoRaWAN,UNSTABLE_NETWORK,Unstable network with high packet loss and jitter
2025-04-03T14:22:23,260.9444691765045,59.720718356934995,3.9461287919046963,54.39874466985501,0.09582704348336099,LoRaWAN,UNSTABLE_NETWORK,Unstable network with high packet loss and jitter
2025-04-03T11:41:55,388.1680228475007,52.13638277556939,7.0996136395154,33.012424800913905,0.09812074540848659,LoRaWAN,UNSTABLE_NETWORK,Unstable network with high packet loss and jitter
2025-04-03T09:56:56,1993.2547685537893,67.35306131716428,4.986986521118281,23.88811497749714,0.030202833124844522,LoRaWAN,UNSTABLE_NETWORK,Unstable network with high packet loss and jitter
2025-04-03T20:24:18,978.7948768038442,55.68899840554424,8.380474055404886,21.67610555030557,0.08266468886836366,LoRaWAN,UNSTABLE_NETWORK,Unstable network with high packet loss and jitter
2025-04-03T14:24:32,851.3028882635867,35.14101882185423,6.900974968586727,25.08233387343797,0.15307955372687732,MQTT,UNSTABLE_NETWORK,Unstable network with high packet loss and jitter
2025-04-03T08:17:51,173.66619609008345,37.702252338992096,8.530286309750792,51.77293447549066,0.039949512630559285,LoRaWAN,UNSTABLE_NETWORK,Unstable network with high packet loss and jitter
2025-04-03T00:26:23,103.20254161352308,51.18864248505763,8.067051664899097,26.00743354054038,0.07743743501500801,LoRaWAN,UNSTABLE_NETWORK,Unstable network with high packet loss and jitter
2025-04-03T21:22:57,944.0160277418896,14.93588785961496,5.0400229168276685,39.068705346102846,0.13825238366155107,LoRaWAN,UNSTABLE_NETWORK,Unstable network with high packet loss and jitter
2025-04-03T10:50:45,858.3729044955451,74.74984435636878,9.880631190587065,26.240717545286437,0.11312525469631027,LoRaWAN,UNSTABLE_NETWORK,Unstable network with high packet loss and jitter
2025-04-03T06:00:45,1756.339838832507,56.27608434009483,7.853703044470654,32.611845412796285,0.06459809957671817,LoRaWAN,UNSTABLE_NETWORK,Unstable network with high packet loss and jitter
2025-04-03T02:57:28,145.3298117767058,68.05706947257204,5.034412976402299,37.91745274008722,0.08618406138867811,LoRaWAN,UNSTABLE_NETWORK,Unstable network with high packet loss and jitter
2025-04-03T11:27:36,227.76720763709477,25.94415862710888,14.722779668617378,24.28097150190076,0.0799366496004553,LoRaWAN,UNSTABLE_NETWORK,Unstable network with high packet loss and jitter
2025-04-03T10:41:02,41.94677193379464,68.32336236698272,9.429290500151374,23.588883458472303,0.05755784587034998,LoRaWAN,UNSTABLE_NETWORK,Unstable network with high packet loss and jitter
2025-04-03T23:00:59,187.31976829800593,83.12903584947759,7.540218339802084,46.5886969445533,0.07777243677520752,LoRaWAN,UNSTABLE_NETWORK,Unstable network with high packet loss and jitter
2025-04-03T20:10:01,991.9444297826659,29.84504407580906,12.24561358010547,39.84592894895797,0.07160101601580413,LoRaWAN,UNSTABLE_NETWORK,Unstable network with high packet loss and jitter
2025-04-03T17:55:57,171.3979455122756,61.230913552432796,13.525446828159822,37.906723186907286,0.08338246814230249,LoRaWAN,UNSTABLE_NETWORK,Unstable network with high packet loss and jitter
2025-04-03T20:36:25,647.0077216004748,49.67820302159316,7.563951733058344,37.87276293122914,0.057548504579269,LoRaWAN,UNSTABLE_NETWORK,Unstable network with high packet loss and jitter
2025-04-03T23:49:20,238.69312890791767,26.496713349967564,9.042192459304285,34.59575488311066,0.04170145399266017,LoRaWAN,UNSTABLE_NETWORK,Unstable network with high packet loss and jitter
2025-04-03T07:24:53,442.5931313019061,57.05814787387675,5.035991545991177,50.17775813175065,0.07876157679822887,LoRaWAN,UNSTABLE_NETWORK,Unstable network with high packet loss and jitter
2025-04-03T23:36:12,75.68294265709227,62.170603591066396,7.558421747695966,30.43908301877157,0.1314535465453634,MQTT,UNSTABLE_NETWORK,Unstable network with high packet loss and jitter
2025-04-03T15:09:09,332.29855079511987,40.651324450880935,7.40281233872039,35.772623672009196,0.08246608778788389,LoRaWAN,UNSTABLE_NETWORK,Unstable network with high packet loss and jitter
2025-04-03T03:04:00,8.28477348039973,67.15863776714946,8.554481100864962,15.490870714059874,0.07005218663205365,MQTT,UNSTABLE_NETWORK,Unstable network with high packet loss and jitter
2025-04-03T10:38:37,239.72851243377838,24.67010608389061,8.99828143591103,21.75039313408759,0.10262257415115496,LoRaWAN,UNSTABLE_NETWORK,Unstable network with high packet loss and jitter
2025-04-03T13:06:12,42.40280781927494,27.251882211391383,9.67948534648418,17.991810001649597,0.07525041162213865,LoRaWAN,UNSTABLE_NETWORK,Unstable network with high packet loss and jitter
2025-04-03T21:23:27,1275.3499550909148,51.723852564374795,8.712927968899876,42.74063583516149,0.1360409877487733,LoRaWAN,UNSTABLE_NETWORK,Unstable network with high packet loss and jitter
2025-04-03T06:16:59,762.5524537918005,50.057338022535056,4.367772120112506,4.474598479792501,0.07988262472114764,MQTT,UNSTABLE_NETWORK,Unstable network with high packet loss and jitter
2025-04-03T01:46:26,525.2044697792376,38.929623748996875,5.184598682776745,25.976899772472773,0.1010149118947449,LoRaWAN,UNSTABLE_NETWORK,Unstable network with high packet loss and jitter
2025-04-03T16:35:08,1861.224618770703,61.82380983734421,6.360777141608981,0.06293397339377194,0.05736186852820181,LoRaWAN,UNSTABLE_NETWORK,Unstable network with high packet loss and jitter
2025-04-03T09:22:33,96.07053388598653,57.64497523341263,7.153278224230314,21.6871210451811,0.09509267760009987,MQTT,UNSTABLE_NETWORK,Unstable network with high packet loss and jitter
2025-04-03T13:26:44,2442.1114981218097,62.5553138065911,11.15232287141634,25.090510502681337,0.08825280430831263,LoRaWAN,UNSTABLE_NETWORK,Unstable network with high packet loss and jitter
2025-04-03T17:29:27,918.1973555451489,47.83784843470432,4.511183039441261,43.84871093794044,0.07830481626022376,LoRaWAN,UNSTABLE_NETWORK,Unstable network with high packet loss and jitter
2025-04-03T01:53:52,225.8601788129678,58.72526620707091,6.9277548554879,33.966279392214574,0.0649472671649084,LoRaWAN,UNSTABLE_NETWORK,Unstable network with high packet loss and jitter
2025-04-03T16:07:02,1172.0699483819237,43.00347486435335,10.85902849464215,21.66858476671034,0.06085909503042877,LoRaWAN,UNSTABLE_NETWORK,Unstable network with high packet loss and jitter
2025-04-03T13:52:31,79.53763133269322,80.49717698350968,7.1003675765101635,40.65963719731826,0.08847057991938957,LoRaWAN,UNSTABLE_NETWORK,Unstable network with high packet loss and jitter
2025-04-03T05:03:27,111.53801570561171,37.50337730278842,9.381246949528473,30.178322545297576,0.0988681732908942,LoRaWAN,UNSTABLE_NETWORK,Unstable network with high packet loss and jitter
2025-04-03T13:23:37,144.52822349264596,81.27269251890036,7.5813738712162895,30.375668587072525,0.07618511611117607,LoRaWAN,UNSTABLE_NETWORK,Unstable network with high packet loss and jitter
2025-04-03T20:40:26,159.0166994956033,50.21821750577427,8.770349771974168,17.97328492228008,0.08861803787362377,LoRaWAN,UNSTABLE_NETWORK,Unstable network with high packet loss and jitter
2025-04-03T20:18:11,84.4291991567521,29.063902178309476,7.3145823685713784,20.099862860968607,0.07886255965601692,LoRaWAN,UNSTABLE_NETWORK,Unstable network with high packet loss and jitter
2025-04-03T01:23:55,1301.7726026475566,70.2194230015771,10.001196418185062,21.749027000544757,0.08295578074716163,LoRaWAN,UNSTABLE_NETWORK,Unstable network with high packet loss and jitter
2025-04-03T06:11:55,219.8965468608191,51.58842079257994,3.3648307777806945,30.464612731541894,0.07398665051968326,LoRaWAN,UNSTABLE_NETWORK,Unstable network with high packet loss and jitter
2025-04-03T11:00:10,457.9630191702577,62.46842866476659,6.910063974834365,30.77885726980675,0.08053917738104925,LoRaWAN,UNSTABLE_NETWORK,Unstable network with high packet loss and jitter
2025-04-03T23:52:20,151.31455790356318,68.06107318960939,8.889718030082925,45.44092663524045,0.1609412137045228,LoRaWAN,UNSTABLE_NETWORK,Unstable network with high packet loss and jitter
2025-04-03T23:17:56,33.752635865856,54.77423494605334,9.60108574401858,33.85055167937834,0.08934902896422275,LoRaWAN,UNSTABLE_NETWORK,Unstable network with high packet loss and jitter
2025-04-03T23:03:40,414.822743431585,40.82295618409321,12.478857868261482,2.9243430632789185,0.0993589087529313,LoRaWAN,UNSTABLE_NETWORK,Unstable network with high packet loss and jitter
2025-04-03T04:53:32,30.23730733380489,64.34393674373165,6.8269259994032705,32.6264198787169,0.0931407081598429,LoRaWAN,UNSTABLE_NETWORK,Unstable network with high packet loss and jitter
2025-04-03T11:14:36,276.28187184004923,49.721235912919305,12.438445285582619,15.499836438324673,0.07211549530108821,LoRaWAN,UNSTABLE_NETWORK,Unstable network with high packet loss and jitter
2025-04-03T04:52:49,58.07901599027572,59.99943780263413,6.022928520020988,20.340290753884638,0.11881967639875005,MQTT,UNSTABLE_NETWORK,Unstable network with high packet loss and jitter
2025-04-03T17:03:32,3256.843239336843,17.407279139043386,11.985939234633932,21.8783052827367,0.07126508688720977,LoRaWAN,UNSTABLE_NETWORK,Unstable network with high packet loss and jitter
2025-04-03T11:11:52,895.5318085145594,56.41963072347055,10.452401380095118,23.36661676487698,0.11165163646827654,LoRaWAN,UNSTABLE_NETWORK,Unstable network with high packet loss and jitter
2025-04-03T01:10:18,340.59259405824236,40.13778481355479,5.2596242611033315,16.24850607959697,0.06997379005800654,LoRaWAN,UNSTABLE_NETWORK,Unstable network with high packet loss and jitter
2025-04-03T06:10:46,1366.8040561226096,74.51788397081567,8.921117711755466,32.03482003452287,0.051200824425678776,LoRaWAN,UNSTABLE_NETWORK,Unstable network with high packet loss and jitter
2025-04-03T11:12:59,108.65777907466166,59.066216853881606,7.846292493403426,15.891977149090408,0.09096188624708579,MQTT,UNSTABLE_NETWORK,Unstable network with high packet loss and jitter
2025-04-03T19:41:49,575.9136458516779,53.3194400456921,9.876753781025002,33.56667607249847,0.0468599493169368,LoRaWAN,UNSTABLE_NETWORK,Unstable network with high packet loss and jitter
2025-04-03T23:01:00,381.2880000125159,57.017890980613444,7.330185234700071,52.369710770616294,0.09606920675049828,LoRaWAN,UNSTABLE_NETWORK,Unstable network with high packet loss and jitter
2025-04-03T00:32:11,411.82832361559355,34.74829550961682,7.0782613230148055,16.70640941065936,0.0441752403172605,LoRaWAN,UNSTABLE_NETWORK,Unstable network with high packet loss and jitter
2025-04-03T20:12:55,1381.0601043268189,74.07542588309587,12.107283748288554,27.15489695660778,0.0704297590858144,LoRaWAN,UNSTABLE_NETWORK,Unstable network with high packet loss and jitter
2025-04-03T12:24:19,722.5401562247752,79.5987990238361,7.703837316632981,4.7654263748753,0.03704810910425776,MQTT,UNSTABLE_NETWORK,Unstable network with high packet loss and jitter
2025-04-03T19:52:37,424.2194406472762,55.623612628213245,10.4792669725753,26.990647070298667,0.16472501028208186,MQTT,UNSTABLE_NETWORK,Unstable network with high packet loss and jitter
2025-04-03T03:26:06,41.17855253125127,73.58763072100204,7.323945544867401,36.42717152631484,0.03038121321151057,LoRaWAN,UNSTABLE_NETWORK,Unstable network with high packet loss and jitter
2025-04-03T19:00:27,94.79597213404604,41.19602143471693,12.99998977768257,37.20639231357267,0.08029441221189212,LoRaWAN,UNSTABLE_NETWORK,Unstable network with high packet loss and jitter
2025-04-03T17:56:33,258.92326776294937,37.778208143837695,5.9649961119935195,30.773637302840967,0.1142991282299004,LoRaWAN,UNSTABLE_NETWORK,Unstable network with high packet loss and jitter
2025-04-03T18:45:17,335.5695789687525,50.35045009055372,6.157569406258446,38.892634247589754,0.11109157725761076,LoRaWAN,UNSTABLE_NETWORK,Unstable network with high packet loss and jitter
2025-04-03T18:38:34,77.28794596274444,56.262361657545824,12.573551543347708,55.46054535942792,0.10554026366519412,LoRaWAN,UNSTABLE_NETWORK,Unstable network with high packet loss and jitter
2025-04-03T05:03:06,5419.69318745232,43.830113085788,6.665160827314241,47.123046874375994,0.07048314835335573,LoRaWAN,UNSTABLE_NETWORK,Unstable network with high packet loss and jitter
2025-04-03T00:12:39,1850.9519271685876,57.80810338236954,12.803222918493178,24.77479070590363,0.12053266839011006,LoRaWAN,UNSTABLE_NETWORK,Unstable network with high packet loss and jitter
2025-04-03T09:14:29,617.8986573419854,54.339089980350955,10.675521738784438,15.488960135332615,0.10740173272406547,MQTT,UNSTABLE_NETWORK,Unstable network with high packet loss and jitter
2025-04-03T18:40:11,327.08716931333794,34.770313342291395,7.536050880317499,25.938485834261964,0.0863689885298143,LoRaWAN,UNSTABLE_NETWORK,Unstable network with high packet loss and jitter
2025-04-03T01:33:47,232.55615221597938,57.5284774558405,2.5601195839485245,20.530172343826518,0.08721742273179776,MQTT,UNSTABLE_NETWORK,Unstable network with high packet loss and jitter
2025-04-03T04:42:03,95.72507899863577,62.701173054294976,7.942045087184493,34.51347547864633,0.07088232057153883,LoRaWAN,UNSTABLE_NETWORK,Unstable network with high packet loss and jitter
2025-04-03T12:53:04,329.23082380555763,52.32195640273549,8.304890160600275,18.18806460570502,0.05271043922500885,LoRaWAN,UNSTABLE_NETWORK,Unstable network with high packet loss and jitter
2025-04-03T21:26:27,408.74256106949787,67.04130541021249,11.501653199913118,29.27177567409658,0.1171145292643615,LoRaWAN,UNSTABLE_NETWORK,Unstable network with high packet loss and jitter
2025-04-03T21:02:56,67.60417787868019,31.492194181240286,12.765341528720334,38.380140545363105,0.11936623980804595,LoRaWAN,UNSTABLE_NETWORK,Unstable network with high packet loss and jitter
2025-04-03T21:25:02,448.0004224351206,56.77417463807981,5.945038462568757,28.99304127182823,0.05347672576910237,LoRaWAN,UNSTABLE_NETWORK,Unstable network with high packet loss and jitter
2025-04-03T10:57:26,249.00466122447486,32.20237493255788,10.403545291964548,20.536861772522037,0.07538644504561424,LoRaWAN,UNSTABLE_NETWORK,Unstable network with high packet loss and jitter
2025-04-03T06:29:50,30.39911223541399,33.047032377420656,10.296206468040047,41.74814057585692,0.07569730350623213,LoRaWAN,UNSTABLE_NETWORK,Unstable network with high packet loss and jitter
2025-04-03T02:58:56,106.83872577809896,40.295957467257594,11.220238107231335,11.210190552461729,0.0790203228877907,LoRaWAN,UNSTABLE_NETWORK,Unstable network with high packet loss and jitter
2025-04-03T10:53:45,182.62882867817683,35.63068444211824,9.496069736406634,26.72204944122537,0.08192884635762746,LoRaWAN,UNSTABLE_NETWORK,Unstable network with high packet loss and jitter
2025-04-03T07:20:05,2889.9881000389805,41.54331713702231,2.17250692711469,29.583399766186652,0.1084058438493854,LoRaWAN,UNSTABLE_NETWORK,Unstable network with high packet loss and jitter
2025-04-03T15:06:05,585.0201108116113,46.55266697987902,7.533732702416721,30.15908658399631,0.057583480745397694,LoRaWAN,UNSTABLE_NETWORK,Unstable network with high packet loss and jitter
2025-04-03T17:20:30,60.41301680487635,62.32390615792508,4.5328772752492545,31.804960560780813,0.054609590254620206,LoRaWAN,UNSTABLE_NETWORK,Unstable network with high packet loss and jitter
2025-04-03T15:33:38,537.5522808435338,44.95087050477625,7.392182681245778,36.104398198094934,0.11709859226428926,LoRaWAN,UNSTABLE_NETWORK,Unstable network with high packet loss and jitter
2025-04-03T00:23:51,46.85312402681522,25.985537706225365,10.940012708401682,29.64592560954649,0.06612065774356106,LoRaWAN,UNSTABLE_NETWORK,Unstable network with high packet loss and jitter
2025-04-03T20:46:36,1099.9409101748008,66.87260822760413,8.915452507624918,26.319417178563192,0.04210893939268802,LoRaWAN,UNSTABLE_NETWORK,Unstable network with high packet loss and jitter
2025-04-03T07:40:42,170.44844787075965,37.2169057483586,11.444272599192299,25.924106553403043,0.06544610173700391,LoRaWAN,UNSTABLE_NETWORK,Unstable network with high packet loss and jitter
2025-04-03T13:30:10,268.1158191514879,48.89411856842223,9.025261762140618,23.884841979616454,0.07009841794267997,LoRaWAN,UNSTABLE_NETWORK,Unstable network with high packet loss and jitter
2025-04-03T08:17:05,1472.5317123681314,56.4746398015098,4.105022180993292,37.87543324326865,0.12664888183177295,LoRaWAN,UNSTABLE_NETWORK,Unstable network with high packet loss and jitter
2025-04-03T21:11:45,64.01940191600654,52.772415695848345,0.43745898028179653,23.534715205234853,0.10774478637130211,MQTT,UNSTABLE_NETWORK,Unstable network with high packet loss and jitter
2025-04-03T15:52:28,56.10588183186923,66.1926198550362,8.446426285038772,38.467711090082446,0.11442561849896726,LoRaWAN,UNSTABLE_NETWORK,Unstable network with high packet loss and jitter
2025-04-03T03:24:23,148.92804696611552,56.96664101551293,7.358220600946504,30.18999082259871,0.10459920927040359,LoRaWAN,UNSTABLE_NETWORK,Unstable network with high packet loss and jitter
2025-04-03T04:25:50,1042.9798086318324,36.86361739157239,5.069162781854354,24.787451931438703,0.10838731014845943,LoRaWAN,UNSTABLE_NETWORK,Unstable network with high packet loss and jitter
2025-04-03T10:13:12,48.45168830586752,82.46336091931141,2.898118251045866,36.18407215744135,0.05935753620259046,LoRaWAN,UNSTABLE_NETWORK,Unstable network with high packet loss and jitter
2025-04-03T18:42:19,10.02614074680011,52.701597481917446,5.795770359581873,22.725460752768818,0.07404193533939547,LoRaWAN,UNSTABLE_NETWORK,Unstable network with high packet loss and jitter
2025-04-03T15:13:50,174.58152849966746,47.57815935492883,7.416525545405672,36.38184040728213,0.05030254060929354,LoRaWAN,UNSTABLE_NETWORK,Unstable network with high packet loss and jitter
2025-04-03T00:12:38,581.6514787228398,64.24881132249244,9.99763347111917,32.12726121191785,0.073685359083889,LoRaWAN,UNSTABLE_NETWORK,Unstable network with high packet loss and jitter
2025-04-03T09:24:58,1266.6065233367044,53.53336138801744,8.56589324470394,24.03675310908079,0.10052314972804223,LoRaWAN,UNSTABLE_NETWORK,Unstable network with high packet loss and jitter
2025-04-03T12:27:25,172.08505151596992,55.78168731556373,12.824201741518188,35.28634815334559,0.0840374985443674,LoRaWAN,UNSTABLE_NETWORK,Unstable network with high packet loss and jitter
2025-04-03T06:25:54,183.10697522418693,87.1776916228916,4.893187831863817,35.465897256886386,0.11934442456880885,MQTT,UNSTABLE_NETWORK,Unstable network with high packet loss and jitter
2025-04-03T04:44:27,1198.0653851353175,45.66977744246306,10.643176676172299,41.57519605809958,0.045757526233183424,LoRaWAN,UNSTABLE_NETWORK,Unstable network with high packet loss and jitter
2025-04-03T03:33:03,31.81991765351216,45.03185267843529,8.141896229386184,39.66147012409296,0.09500715052094719,LoRaWAN,UNSTABLE_NETWORK,Unstable network with high packet loss and jitter
2025-04-03T00:35:34,188.2098463706609,51.54861099129066,10.084007372355753,34.91274020726283,0.04255091594392046,LoRaWAN,UNSTABLE_NETWORK,Unstable network with high packet loss and jitter
2025-04-03T11:00:01,377.0173254776779,65.87433956722674,6.690455410203369,18.72409048791237,0.08282529407520928,MQTT,UNSTABLE_NETWORK,Unstable network with high packet loss and jitter
2025-04-03T03:41:46,514.3196401637553,27.205257303062652,11.215041121671769,54.48586988174057,0.10221000267669436,LoRaWAN,UNSTABLE_NETWORK,Unstable network with high packet loss and jitter
2025-04-03T01:08:05,162.71731685505776,20.32159660617853,8.88567427503573,15.963837889281898,0.07356492299527342,LoRaWAN,UNSTABLE_NETWORK,Unstable network with high packet loss and jitter
2025-04-03T21:34:37,312.65854630760316,40.999873141431365,5.961665045246752,39.49263174282309,0.09653379812260868,LoRaWAN,UNSTABLE_NETWORK,Unstable network with high packet loss and jitter
2025-04-03T23:09:44,15.14680548371318,25.299425037251737,7.963927913260435,34.31283816886298,0.05120802995501198,LoRaWAN,UNSTABLE_NETWORK,Unstable network with high packet loss and jitter
2025-04-03T18:26:23,136.1673140349905,43.43746643266394,7.281332423188702,18.258576275188855,0.030089300654108517,LoRaWAN,UNSTABLE_NETWORK,Unstable network with high packet loss and jitter
2025-04-03T18:01:58,516.9741791900025,57.349099309895344,9.46753505191338,28.75699061121501,0.0967108886746341,LoRaWAN,UNSTABLE_NETWORK,Unstable network with high packet loss and jitter
2025-04-03T15:32:52,92.29866092516983,36.4520381370795,4.460669751876474,29.212471137553596,0.132320307022272,MQTT,UNSTABLE_NETWORK,Unstable network with high packet loss and jitter
2025-04-03T04:07:44,322.00386241938253,28.412539661050786,7.911944893652916,43.05582715810523,0.05011865179490324,LoRaWAN,UNSTABLE_NETWORK,Unstable network with high packet loss and jitter
2025-04-03T07:41:28,512.8736279879145,50.85666296090861,9.185921757947993,22.866890997197885,0.11666582540320386,LoRaWAN,UNSTABLE_NETWORK,Unstable network with high packet loss and jitter
2025-04-03T14:50:16,198.8843367976119,62.75642502681342,8.0990699215791,27.380549935756463,0.08130270226449234,LoRaWAN,UNSTABLE_NETWORK,Unstable network with high packet loss and jitter
2025-04-03T12:43:15,368.0942427648667,24.395338402244143,12.040823733166988,6.639303949787369,0.03992925434920772,LoRaWAN,UNSTABLE_NETWORK,Unstable network with high packet loss and jitter
2025-04-03T17:14:30,94.49088703094078,62.12509317699056,10.322068322213157,47.34762793123577,0.04605484095943513,LoRaWAN,UNSTABLE_NETWORK,Unstable network with high packet loss and jitter
2025-04-03T16:13:12,234.1235433388796,62.08286748088316,7.97755760977776,19.295317569799288,0.08047354320081951,LoRaWAN,UNSTABLE_NETWORK,Unstable network with high packet loss and jitter
2025-04-03T21:24:17,623.9323057835023,64.13621817956516,8.65006729249302,33.26910864239175,0.0678661313622769,LoRaWAN,UNSTABLE_NETWORK,Unstable network with high packet loss and jitter
2025-04-03T06:57:23,362.1831517059294,68.1038120926985,8.886996654446,28.98592170278136,0.04061261069725283,LoRaWAN,UNSTABLE_NETWORK,Unstable network with high packet loss and jitter
2025-04-03T10:22:14,148.4049893580876,82.85848496192492,9.209898812500473,29.0199903321666,0.029178821563237853,LoRaWAN,UNSTABLE_NETWORK,Unstable network with high packet loss and jitter
2025-04-03T18:26:56,392.61997519633627,44.488562585152316,2.5230260130061763,38.09861984870875,0.05459842016220482,LoRaWAN,UNSTABLE_NETWORK,Unstable network with high packet loss and jitter
2025-04-03T08:27:25,707.2005035949716,51.47518423801349,7.095421112691959,46.712624603036346,0.08581427024993354,LoRaWAN,UNSTABLE_NETWORK,Unstable network with high packet loss and jitter
2025-04-03T20:13:57,25.63229142409827,43.5867012605327,3.546682795419721,32.51493669941992,0.07980797742190586,LoRaWAN,UNSTABLE_NETWORK,Unstable network with high packet loss and jitter
2025-04-03T12:29:45,1205.5261053635186,49.864597652997716,11.83484284237846,36.55078017630526,0.06496286127499765,LoRaWAN,UNSTABLE_NETWORK,Unstable network with high packet loss and jitter
2025-04-03T00:40:59,200.39226852239713,72.8297125386127,7.817451439991217,33.288915367270405,0.08605661582874448,LoRaWAN,UNSTABLE_NETWORK,Unstable network with high packet loss and jitter
2025-04-03T13:37:13,499.88116218580717,29.66306216751546,7.419977150961132,40.17531423930626,0.11120080159588062,LoRaWAN,UNSTABLE_NETWORK,Unstable network with high packet loss and jitter
2025-04-03T20:56:23,1262.032484208865,36.92420156639933,10.690391996099706,25.37083620513673,0.09182379531302444,LoRaWAN,UNSTABLE_NETWORK,Unstable network with high packet loss and jitter
2025-04-03T01:02:56,57.845405986487194,70.49932791885885,9.266974392349624,40.75390554416414,0.07636073985831258,LoRaWAN,UNSTABLE_NETWORK,Unstable network with high packet loss and jitter
2025-04-03T11:54:07,128.0541564549061,65.14382869722925,4.614096456862379,41.10499865647384,0.10784216019982067,LoRaWAN,UNSTABLE_NETWORK,Unstable network with high packet loss and jitter
2025-04-03T18:30:08,212.19889941173938,44.397973613849196,7.787283912417894,40.825370086829096,0.05120449093351115,LoRaWAN,UNSTABLE_NETWORK,Unstable network with high packet loss and jitter
2025-04-03T14:23:08,117.12927616520295,62.662645555323635,6.994499080320845,23.39852132663524,0.07325241381333945,LoRaWAN,UNSTABLE_NETWORK,Unstable network with high packet loss and jitter
2025-04-03T19:35:36,2405.965038970554,54.9665203983008,2.766401334181838,28.316623657628092,0.07396736193198895,LoRaWAN,UNSTABLE_NETWORK,Unstable network with high packet loss and jitter
2025-04-03T00:01:23,107.30293066348126,72.3540691183426,5.929171300288386,32.39466988780435,0.042891402246714644,LoRaWAN,UNSTABLE_NETWORK,Unstable network with high packet loss and jitter
2025-04-03T15:15:14,154.02675780052397,50.96926111313683,7.449379033950603,16.291579551709944,0.06740377513146927,LoRaWAN,UNSTABLE_NETWORK,Unstable network with high packet loss and jitter
2025-04-03T19:19:00,383.3886829536483,65.23776613623144,7.6551472055244725,45.94920208086015,0.017751209573140914,LoRaWAN,UNSTABLE_NETWORK,Unstable network with high packet loss and jitter
2025-04-03T15:48:35,70.89522219771125,89.48513030793949,3.5533057289680743,29.877234664978243,0.1373653414298886,MQTT,UNSTABLE_NETWORK,Unstable network with high packet loss and jitter
2025-04-03T14:15:10,186.59968877673276,58.828106198669644,11.454996749142428,32.83927887604722,0.051877586346910615,LoRaWAN,UNSTABLE_NETWORK,Unstable network with high packet loss and jitter
2025-04-03T20:06:39,439.0996533696522,50.598208582287775,7.693690823325683,24.22995560272797,0.12758342394263936,MQTT,UNSTABLE_NETWORK,Unstable network with high packet loss and jitter
2025-04-03T02:29:58,201.21017115280628,60.69665809608728,8.11265922998169,16.731224406329773,0.08114253517158478,MQTT,UNSTABLE_NETWORK,Unstable network with high packet loss and jitter
2025-04-03T12:39:15,268.19605028219695,44.38240766712179,9.20192491501951,23.95970114525229,0.09694592396467877,LoRaWAN,UNSTABLE_NETWORK,Unstable network with high packet loss and jitter
2025-04-03T11:03:07,158.94908641546115,85.68280334545852,5.635771238288987,32.192041876335885,0.06533600604947205,LoRaWAN,UNSTABLE_NETWORK,Unstable network with high packet loss and jitter
2025-04-03T12:19:36,48.736006185891725,52.566020550434715,9.36906791939809,36.734288127536935,0.08623789075885023,LoRaWAN,UNSTABLE_NETWORK,Unstable network with high packet loss and jitter
2025-04-03T20:13:45,441.2865017166538,45.77262240401977,6.898776061945451,31.6179154060272,0.09951468919965309,LoRaWAN,UNSTABLE_NETWORK,Unstable network with high packet loss and jitter
2025-04-03T15:18:31,2464.396331724786,37.33295435450939,5.310243378058425,33.4672401624195,0.09993657243182547,LoRaWAN,UNSTABLE_NETWORK,Unstable network with high packet loss and jitter
2025-04-03T20:00:12,306.6982703629033,66.32825952631399,9.720342480066197,26.629736253186234,0.10324320170223072,LoRaWAN,UNSTABLE_NETWORK,Unstable network with high packet loss and jitter
2025-04-03T03:52:42,393.11390927406654,62.87943506704096,12.475021576405423,34.962485662454284,0.06895001869882471,LoRaWAN,UNSTABLE_NETWORK,Unstable network with high packet loss and jitter
2025-04-03T06:53:59,688.8680758718239,42.41297552582095,10.174488120457495,44.82832866385907,0.06558920982525934,LoRaWAN,UNSTABLE_NETWORK,Unstable network with high packet loss and jitter
2025-04-03T02:35:07,65.404160902398,58.521728496276154,10.768932695421292,37.04789442438987,0.032174710241971896,LoRaWAN,UNSTABLE_NETWORK,Unstable network with high packet loss and jitter
2025-04-03T03:03:07,2314.1554057250632,27.248286018654436,6.438108180313103,38.0954188825294,0.0956965703353081,LoRaWAN,UNSTABLE_NETWORK,Unstable network with high packet loss and jitter
2025-04-03T03:36:25,382.4420086361128,52.6528513903521,3.2071408124946306,32.94016399306631,0.11247136133970329,MQTT,UNSTABLE_NETWORK,Unstable network with high packet loss and jitter
2025-04-03T19:28:14,2126.0280520348606,56.67130526781264,12.470412566299522,14.96844930400398,0.1284794503975379,LoRaWAN,UNSTABLE_NETWORK,Unstable network with high packet loss and jitter
2025-04-03T21:35:24,124.47972858377182,75.49157435245803,14.163544668214278,19.553334693687567,0.08915517903741524,LoRaWAN,UNSTABLE_NETWORK,Unstable network with high packet loss and jitter
2025-04-03T01:03:57,2658.3390294583437,38.32101239054682,12.628420321309047,34.54875800663844,0.05700560681274293,LoRaWAN,UNSTABLE_NETWORK,Unstable network with high packet loss and jitter
2025-04-03T19:40:12,760.4946429036979,30.70967222184976,6.992642183060751,29.890609480399142,0.029087115701316342,LoRaWAN,UNSTABLE_NETWORK,Unstable network with high packet loss and jitter
2025-04-03T12:30:17,582.5590639735831,36.45520946241648,4.536096983813467,34.39842886472828,0.11125000199250051,LoRaWAN,UNSTABLE_NETWORK,Unstable network with high packet loss and jitter
2025-04-03T01:16:39,397.2682796660488,29.839768593975766,4.8029519065413,46.76423417844073,0.02611170299667394,MQTT,UNSTABLE_NETWORK,Unstable network with high packet loss and jitter
2025-04-03T03:59:57,222.63822239350426,69.93982368749178,2.9488022971578545,37.26035999229334,0.069781877667687,LoRaWAN,UNSTABLE_NETWORK,Unstable network with high packet loss and jitter
2025-04-03T18:07:44,1267.0168315779988,73.12121996887507,7.677864144769864,42.588862057428216,0.07327079516169062,LoRaWAN,UNSTABLE_NETWORK,Unstable network with high packet loss and jitter
2025-04-03T22:18:14,355.034269448418,54.6965464351544,12.817033874247365,30.9468138947073,0.07791634586446942,LoRaWAN,UNSTABLE_NETWORK,Unstable network with high packet loss and jitter
2025-04-03T06:56:13,28.312370530301628,68.21438917360666,7.57501210438327,21.927843225155602,0.0810740780010752,LoRaWAN,UNSTABLE_NETWORK,Unstable network with high packet loss and jitter
2025-04-03T15:14:23,78.50471766358015,51.90600791944044,8.906968701044825,29.421338407856588,0.08414442669102726,LoRaWAN,UNSTABLE_NETWORK,Unstable network with high packet loss and jitter
2025-04-03T11:01:56,240.03087767004226,48.47162471763289,12.126790892912625,21.95248186280862,0.00753910213764411,LoRaWAN,UNSTABLE_NETWORK,Unstable network with high packet loss and jitter
2025-04-03T18:26:52,435.18936336898196,44.904402369745426,6.787714064502801,45.582949567724484,0.08043967729610381,LoRaWAN,UNSTABLE_NETWORK,Unstable network with high packet loss and jitter
2025-04-03T19:04:42,280.3044371296244,45.24576900729584,14.106594370158785,37.903910765354695,0.013112732776643682,LoRaWAN,UNSTABLE_NETWORK,Unstable network with high packet loss and jitter
2025-04-03T21:22:05,1295.364526811386,26.68627775573132,13.97628322249236,35.205124966282796,0.10196654219272985,LoRaWAN,UNSTABLE_NETWORK,Unstable network with high packet loss and jitter
2025-04-03T11:16:02,28.860106333830583,53.86878977688435,7.6066659839585515,42.359432022281034,0.06334624532589164,LoRaWAN,UNSTABLE_NETWORK,Unstable network with high packet loss and jitter
2025-04-03T01:20:22,356.41222575103717,49.301626891971075,6.267397207942361,9.799435854767747,0.015288898243299487,LoRaWAN,UNSTABLE_NETWORK,Unstable network with high packet loss and jitter
2025-04-03T15:02:34,33.859086723013895,61.08871362875733,10.09171413917094,35.881379513426594,0.055573859678438725,LoRaWAN,UNSTABLE_NETWORK,Unstable network with high packet loss and jitter
2025-04-03T17:16:18,746.5310641968871,51.312822436575814,6.9574251724434255,16.893542156956272,0.06289773982446038,LoRaWAN,UNSTABLE_NETWORK,Unstable network with high packet loss and jitter
2025-04-03T12:40:34,267.85131112864514,47.47108168886776,4.530334348797991,29.92744301534339,0.11572098852665014,MQTT,UNSTABLE_NETWORK,Unstable network with high packet loss and jitter
2025-04-03T04:38:22,496.3664384160283,36.845408984697144,11.843715960568941,26.882924075327857,0.08589913225250735,LoRaWAN,UNSTABLE_NETWORK,Unstable network with high packet loss and jitter
2025-04-03T13:13:38,106.3912058757997,50.99727020954549,11.649342161831239,36.61736612096948,0.09033334833051741,LoRaWAN,UNSTABLE_NETWORK,Unstable network with high packet loss and jitter
2025-04-03T15:12:57,1392.8961123539932,60.99019734186897,8.466534811290682,32.28187288960955,0.11543664902661803,LoRaWAN,UNSTABLE_NETWORK,Unstable network with high packet loss and jitter
2025-04-03T16:46:12,1047.1757648587202,32.7682212357761,4.211405738815467,43.451171736117885,0.07711567136226531,LoRaWAN,UNSTABLE_NETWORK,Unstable network with high packet loss and jitter
2025-04-03T23:21:42,604.2787742766346,51.23207962965257,4.311421246347842,23.981028390673863,0.1026256388309721,MQTT,UNSTABLE_NETWORK,Unstable network with high packet loss and jitter
2025-04-03T19:31:40,256.81648878531433,53.417284819791206,8.321687865257458,37.09114389633284,0.10051583341795976,LoRaWAN,UNSTABLE_NETWORK,Unstable network with high packet loss and jitter
2025-04-03T06:21:36,601.6110962381683,39.15233601498245,6.500386896484903,31.62223216898832,0.041405915192917635,LoRaWAN,UNSTABLE_NETWORK,Unstable network with high packet loss and jitter
2025-04-03T15:07:40,128.44636100081223,41.10713041804388,6.976721203575176,13.647097299284475,0.12418950732889489,MQTT,UNSTABLE_NETWORK,Unstable network with high packet loss and jitter
2025-04-03T08:38:29,837.5234518206305,53.38580494556457,11.06588946518001,20.813835414769674,0.03739094659787917,LoRaWAN,UNSTABLE_NETWORK,Unstable network with high packet loss and jitter
2025-04-03T18:35:25,2171.4698073916707,32.92699416208948,10.199537952267672,28.50121966477832,0.10752099948433544,LoRaWAN,UNSTABLE_NETWORK,Unstable network with high packet loss and jitter
2025-04-03T05:13:50,1084.1105352959394,55.17883238762718,12.13442804149284,41.12292449891728,0.034487808892831026,LoRaWAN,UNSTABLE_NETWORK,Unstable network with high packet loss and jitter
2025-04-03T20:55:11,124.99322188190422,36.501328276405765,5.028130329868227,34.637230575571145,0.0980371036445502,LoRaWAN,UNSTABLE_NETWORK,Unstable network with high packet loss and jitter
2025-04-03T06:48:37,462.8871349595648,65.87611649919948,6.970425293939864,18.324991761192855,0.1358574463445052,MQTT,UNSTABLE_NETWORK,Unstable network with high packet loss and jitter
2025-04-03T05:17:16,63.561797532555154,85.0023945069332,10.276945086380337,28.596837719528402,0.07361064030349367,LoRaWAN,UNSTABLE_NETWORK,Unstable network with high packet loss and jitter
2025-04-03T17:29:00,596.244518021886,37.025293522988875,9.344235023038674,50.1780644879303,0.07230933071440561,LoRaWAN,UNSTABLE_NETWORK,Unstable network with high packet loss and jitter
2025-04-03T04:23:09,515.1749594676772,57.95143070654376,12.597141147762866,31.11223334840858,0.09831319997950548,LoRaWAN,UNSTABLE_NETWORK,Unstable network with high packet loss and jitter
2025-04-03T00:38:58,31.81706774099365,39.03885142010082,9.261610117712207,26.72674424927604,0.07011810632112371,LoRaWAN,UNSTABLE_NETWORK,Unstable network with high packet loss and jitter
2025-04-03T13:55:48,74.41383374304624,65.55595982270542,13.544327312316657,34.91739640756221,0.13454836111228463,LoRaWAN,UNSTABLE_NETWORK,Unstable network with high packet loss and jitter
2025-04-03T23:10:40,213.58092455143674,30.964438301867823,9.620053405169422,37.6339307958197,0.08576576748376087,LoRaWAN,UNSTABLE_NETWORK,Unstable network with high packet loss and jitter
2025-04-03T13:31:15,209.08707209222288,57.15378303696921,11.18650234276598,25.43831652519941,0.07039491475337822,LoRaWAN,UNSTABLE_NETWORK,Unstable network with high packet loss and jitter
2025-04-03T07:31:35,70.27458083624711,36.8518143796207,7.029455159646629,35.02574774371437,0.0637914341631295,LoRaWAN,UNSTABLE_NETWORK,Unstable network with high packet loss and jitter
2025-04-03T17:44:12,478.4525059619034,46.84354726889293,8.042861635651967,26.711105033291908,0.052011545894809386,LoRaWAN,UNSTABLE_NETWORK,Unstable network with high packet loss and jitter
2025-04-03T16:12:12,405.6743748387612,34.484604200566324,10.732833211518425,37.193276018294384,0.06116735039727531,LoRaWAN,UNSTABLE_NETWORK,Unstable network with high packet loss and jitter
2025-04-03T10:50:06,237.616853279017,62.2869076136197,12.838934511779163,31.69693157971284,0.06947979819024211,LoRaWAN,UNSTABLE_NETWORK,Unstable network with high packet loss and jitter
2025-04-03T18:54:15,121.12616332100181,37.39861245599706,10.187710847932259,34.819678270528925,0.06537082779504261,LoRaWAN,UNSTABLE_NETWORK,Unstable network with high packet loss and jitter
2025-04-03T16:34:46,1055.9868656485855,58.23444888497575,7.750484684196142,22.408164538324957,0.06025474177588688,LoRaWAN,UNSTABLE_NETWORK,Unstable network with high packet loss and jitter
2025-04-03T04:57:19,2186.967172688316,44.79518179347081,12.132005088585025,21.787136159271405,0.14296523691057317,LoRaWAN,UNSTABLE_NETWORK,Unstable network with high packet loss and jitter
2025-04-03T13:21:57,167.92352946831028,48.24123386283033,1.4240640311603574,39.45497304659395,0.04909714770531531,LoRaWAN,UNSTABLE_NETWORK,Unstable network with high packet loss and jitter
2025-04-03T23:00:55,143.90914660016048,52.17632527322267,3.7332964954793795,29.206036186145063,0.08439897762938524,LoRaWAN,UNSTABLE_NETWORK,Unstable network with high packet loss and jitter
2025-04-03T10:49:11,540.8985148384209,38.534283809745475,10.044902671005167,32.850347420993614,0.09777563029282615,LoRaWAN,UNSTABLE_NETWORK,Unstable network with high packet loss and jitter
2025-04-03T19:51:31,195.2239222460028,53.11882781014898,8.042325068759375,26.936045729134804,0.09890323986751198,LoRaWAN,UNSTABLE_NETWORK,Unstable network with high packet loss and jitter
2025-04-03T09:57:07,253.78966511403945,72.9200067947593,9.816540953372495,38.98726774013644,0.07824178772652585,LoRaWAN,UNSTABLE_NETWORK,Unstable network with high packet loss and jitter
2025-04-03T21:39:06,728.7758849754822,38.2952337643599,8.193222567295827,23.921900199703423,0.07277892284458072,LoRaWAN,UNSTABLE_NETWORK,Unstable network with high packet loss and jitter
2025-04-03T12:50:46,30.342675976362212,67.54547492336576,9.712837083811618,28.64398760099117,0.09354642473718519,LoRaWAN,UNSTABLE_NETWORK,Unstable network with high packet loss and jitter
2025-04-03T23:14:17,1459.3483281547965,72.44145449898232,5.556791537020429,37.85992812703132,0.08799564949934602,LoRaWAN,UNSTABLE_NETWORK,Unstable network with high packet loss and jitter
2025-04-03T07:01:20,327.339907616047,37.72933238365236,9.711458258239073,41.72967699164266,0.0722312349569746,LoRaWAN,UNSTABLE_NETWORK,Unstable network with high packet loss and jitter
2025-04-03T13:39:39,183.09235564323404,28.147505365122214,10.983243584622754,24.762407089733166,0.03314364284826708,LoRaWAN,UNSTABLE_NETWORK,Unstable network with high packet loss and jitter
2025-04-03T17:05:05,269.53587263281713,54.50440516646443,11.661651811793698,49.59683981955883,0.06596228833000257,LoRaWAN,UNSTABLE_NETWORK,Unstable network with high packet loss and jitter
2025-04-03T00:35:05,286.7749324683647,41.76554604479234,14.0406628839461,33.13241693693617,0.04560349508877627,LoRaWAN,UNSTABLE_NETWORK,Unstable network with high packet loss and jitter
2025-04-03T17:42:41,37.57507420631148,78.00737439614794,8.73229533050716,19.570717381912623,0.059985213498010205,LoRaWAN,UNSTABLE_NETWORK,Unstable network with high packet loss and jitter
2025-04-03T15:16:40,1803.9037537149752,50.50210643860785,8.821733260541537,33.69052048589968,0.08099669715550878,LoRaWAN,UNSTABLE_NETWORK,Unstable network with high packet loss and jitter
2025-04-03T12:18:01,315.2522882617516,37.94866943299015,3.4304826074784565,26.170007855165423,0.09076208431989849,MQTT,UNSTABLE_NETWORK,Unstable network with high packet loss and jitter
2025-04-03T00:27:52,510.4971379348657,32.775935110749636,6.405765796584725,34.34068487183177,0.1334135825387722,LoRaWAN,UNSTABLE_NETWORK,Unstable network with high packet loss and jitter
2025-04-03T08:36:09,939.7766111842651,66.33356938469524,7.420753777980162,29.571437523396618,0.06387780863288559,LoRaWAN,UNSTABLE_NETWORK,Unstable network with high packet loss and jitter
2025-04-03T20:26:45,88.09251117004173,41.41890260947744,11.150958656829065,30.74273690190145,0.10323876905825452,LoRaWAN,UNSTABLE_NETWORK,Unstable network with high packet loss and jitter
2025-04-03T14:14:21,529.5082541523235,50.64576143505413,6.166996627731113,20.88406623413854,0.0891788007331351,LoRaWAN,UNSTABLE_NETWORK,Unstable network with high packet loss and jitter
2025-04-03T03:57:10,217.59013219341062,64.3270378422424,10.389020059246498,39.9006123071636,0.11887993011919369,LoRaWAN,UNSTABLE_NETWORK,Unstable network with high packet loss and jitter
2025-04-03T11:06:22,828.7407706073366,42.7277886090002,7.99513484910986,18.43872632848968,0.09728686158786878,LoRaWAN,UNSTABLE_NETWORK,Unstable network with high packet loss and jitter
2025-04-03T03:43:57,23.361971953956914,49.30439867926771,7.468495654655714,18.912351045950047,0.049745557181410514,LoRaWAN,UNSTABLE_NETWORK,Unstable network with high packet loss and jitter
2025-04-03T15:05:52,266.36547032458907,49.74647218543979,8.746681907399768,33.673603491474864,0.028308619121263062,LoRaWAN,UNSTABLE_NETWORK,Unstable network with high packet loss and jitter
2025-04-03T04:01:18,145.5322465334192,60.246533227926435,6.826530883241473,46.0284424717797,0.08933785099002514,LoRaWAN,UNSTABLE_NETWORK,Unstable network with high packet loss and jitter
2025-04-03T20:15:38,503.96056220536883,58.85949781024742,6.712888255722003,26.474069029355928,0.06414647006298828,LoRaWAN,UNSTABLE_NETWORK,Unstable network with high packet loss and jitter
2025-04-03T04:24:44,527.3347254100349,46.698294031177575,2.8856422826296564,37.00972322703966,0.05059058762148208,LoRaWAN,UNSTABLE_NETWORK,Unstable network with high packet loss and jitter
