timestamp,payload_size,latency,jitter,throughput,packet_loss,best_protocol,scenario,network_condition
2025-04-10T15:19:47,22.59740375156791,18.066825585171827,3.1614959927216146,107.40153989061443,0.011821437060438167,CoAP,STABLE_NETWORK,Stable network with low latency and packet loss
2025-04-10T13:24:14,245.05640951240267,16.38735261876492,4.418158630909025,74.42530760737577,0.016220476588734156,CoAP,STABLE_NETWORK,Stable network with low latency and packet loss
2025-04-10T23:23:49,189.61336572794045,14.19663745935616,3.6780147711034994,80.72463208599848,0.014310298665666675,CoAP,STABLE_NETWORK,Stable network with low latency and packet loss
2025-04-10T01:54:23,215.2111316040095,7.77660515961193,1.6952589464295102,78.69854508476053,0.005255840621718412,CoAP,STABLE_NETWORK,Stable network with low latency and packet loss
2025-04-10T08:24:40,252.17453767642291,18.533744319724576,1.7545233619569316,77.94302607766319,0.011170613669969685,CoAP,STABLE_NETWORK,Stable network with low latency and packet loss
2025-04-10T22:42:09,356.31299354028516,5.465484929235942,2.87103240342729,74.22746207737794,0.014460139026193706,CoAP,STABLE_NETWORK,Stable network with low latency and packet loss
2025-04-10T16:23:41,219.45240441154093,13.697197923608147,1.3157640377705115,100.9131385246234,0.010735319565563176,CoAP,STABLE_NETWORK,Stable network with low latency and packet loss
2025-04-10T08:00:49,517.2610183483699,11.899195456746218,2.2494119891186086,91.89430406556609,0.001249390825657724,CoAP,STABLE_NETWORK,Stable network with low latency and packet loss
2025-04-10T04:35:41,197.05311688501814,19.550778739157085,3.50272234087043,65.31298742897891,0.010650065003445182,CoAP,STABLE_NETWORK,Stable network with low latency and packet loss
2025-04-10T01:34:34,570.2244446013481,9.48738853243783,1.5781795182373684,78.48795080898668,0.008679773752200288,CoAP,STABLE_NETWORK,Stable network with low latency and packet loss
2025-04-10T16:34:53,49.44322005116571,16.537494350179703,2.3887489309056926,86.03864123183027,0.0076975222664614415,CoAP,STABLE_NETWORK,Stable network with low latency and packet loss
2025-04-10T15:30:23,73.18153707491221,27.19486061469295,2.398163784134151,80.8461847765672,0.009275076849353393,CoAP,STABLE_NETWORK,Stable network with low latency and packet loss
2025-04-10T09:14:40,15.268697669237767,13.247479178642076,2.265504108715431,73.10828734614545,0.007909459174020606,CoAP,STABLE_NETWORK,Stable network with low latency and packet loss
2025-04-10T08:17:18,917.8411846609598,13.323644722403143,1.5581497052772622,61.600365958906565,0.020128293991187395,MQTT,STABLE_NETWORK,Stable network with low latency and packet loss
2025-04-10T12:19:21,1149.3558796311142,12.799377733839538,3.1555731683485386,87.03642677614654,0.01176852934753817,CoAP,STABLE_NETWORK,Stable network with low latency and packet loss
2025-04-10T10:16:27,310.8199488292618,16.39263978364461,1.889853398114446,70.84335968802087,0.0078315467777041,CoAP,STABLE_NETWORK,Stable network with low latency and packet loss
2025-04-10T15:28:11,60.49380932376321,20.163973829729052,1.8795030297678836,45.27783282272299,0.011351776783034494,MQTT,STABLE_NETWORK,Stable network with low latency and packet loss
2025-04-10T22:08:43,954.9443813149545,22.387155164215354,1.7884708228620672,91.30346366923658,0.00665112452162598,CoAP,STABLE_NETWORK,Stable network with low latency and packet loss
2025-04-10T13:57:03,1439.5476532092557,13.918992262732754,2.2885435605495945,67.2595857972105,0.009152374528463464,CoAP,STABLE_NETWORK,Stable network with low latency and packet loss
2025-04-10T21:21:50,1595.9517650437404,16.777276052795028,3.128099527356402,80.3252116670001,0.0018893318852551307,CoAP,STABLE_NETWORK,Stable network with low latency and packet loss
2025-04-10T10:26:48,100.8692327712448,15.672258509163395,1.698684758863991,68.00154802806983,0.004766885048285773,CoAP,STABLE_NETWORK,Stable network with low latency and packet loss
2025-04-10T06:52:54,756.6103664537037,8.475518570472243,1.41512005562317,91.8985718780528,0.008272335796547561,CoAP,STABLE_NETWORK,Stable network with low latency and packet loss
2025-04-10T01:13:31,145.36929542301638,18.23788148122345,2.2645175615984425,76.35146369532976,0.011374712978858764,CoAP,STABLE_NETWORK,Stable network with low latency and packet loss
2025-04-10T21:53:02,51.619998306216196,11.115777624413466,1.2734816080594604,109.95000069338688,0.007385548300173276,CoAP,STABLE_NETWORK,Stable network with low latency and packet loss
2025-04-10T13:40:42,119.35600159695674,10.508530936384354,2.465710140309418,79.72030358543934,0.000923994104817985,CoAP,STABLE_NETWORK,Stable network with low latency and packet loss
2025-04-10T05:48:05,67.61069175625943,13.938565490856783,0.6227652253608129,107.56218580709664,0.010697665324985435,CoAP,STABLE_NETWORK,Stable network with low latency and packet loss
2025-04-10T12:42:01,564.4025198852465,7.424983158514234,0.2496895608219616,77.8006687601109,0.006715055754105429,CoAP,STABLE_NETWORK,Stable network with low latency and packet loss
2025-04-10T03:03:35,108.72837906454116,24.33449820375669,1.212112748919247,71.93274667706116,0.013376652096138114,HTTPS,STABLE_NETWORK,Stable network with low latency and packet loss
2025-04-10T18:14:51,3505.7905181301085,17.732854370535815,3.1996062301705863,53.52866987974336,0.006350743176268497,CoAP,STABLE_NETWORK,Stable network with low latency and packet loss
2025-04-10T15:58:07,379.15220696900997,23.285579873395562,3.095600689908945,72.87115114006318,0.014774835432690332,CoAP,STABLE_NETWORK,Stable network with low latency and packet loss
2025-04-10T14:58:32,178.13134691717093,13.178949489953325,3.4282119533622115,63.96816624872423,0.004825780299315382,CoAP,STABLE_NETWORK,Stable network with low latency and packet loss
2025-04-10T10:00:21,426.37276779819194,9.451541849691738,1.136318734899,84.28543227085368,0.011774904412435755,CoAP,STABLE_NETWORK,Stable network with low latency and packet loss
2025-04-10T17:02:07,108.2890559533172,13.68977011613737,1.8592006378669006,31.8656889051287,0.0072081339038986975,MQTT,STABLE_NETWORK,Stable network with low latency and packet loss
2025-04-10T13:48:54,267.5869409692091,20.21368145187715,1.288705882221283,88.97243014245188,0.012940761227493115,CoAP,STABLE_NETWORK,Stable network with low latency and packet loss
2025-04-10T06:17:17,119.48973623774219,12.778788356314157,2.248672665061565,85.0100902995221,0.016117232432160712,CoAP,STABLE_NETWORK,Stable network with low latency and packet loss
2025-04-10T14:50:56,669.1786203302693,13.207248410181137,2.55906019371743,96.42291712674098,0.0012425694688811932,CoAP,STABLE_NETWORK,Stable network with low latency and packet loss
2025-04-10T03:32:27,180.00920069628603,22.28240216512379,1.2538618425502466,79.7477719096539,0.015084247481521727,HTTPS,STABLE_NETWORK,Stable network with low latency and packet loss
2025-04-10T10:59:01,432.74731275563414,17.99985171666259,2.135037333068118,90.54200454489289,0.018211740126836268,HTTPS,STABLE_NETWORK,Stable network with low latency and packet loss
2025-04-10T17:12:06,77.54847715656477,23.165330199590326,1.5233328701057418,53.4833472019391,0.010767423841226323,HTTPS,STABLE_NETWORK,Stable network with low latency and packet loss
2025-04-10T12:34:20,430.31169528952483,16.48593039391863,1.2573535710197392,103.42848811302738,0.005228006724173313,CoAP,STABLE_NETWORK,Stable network with low latency and packet loss
2025-04-10T01:05:02,36.89930376938831,8.270814963839573,1.1842367152192783,73.2390743079127,0.014007428178531029,HTTPS,STABLE_NETWORK,Stable network with low latency and packet loss
2025-04-10T11:13:30,149.7479487086858,22.653864649781646,2.245744452667481,110.58891037476836,0.021920710759106773,HTTPS,STABLE_NETWORK,Stable network with low latency and packet loss
2025-04-10T18:24:58,535.2787703413946,12.023925792305723,3.238446427184819,91.51770255390632,0.013474086846820776,CoAP,STABLE_NETWORK,Stable network with low latency and packet loss
2025-04-10T15:28:21,2621.667774829802,15.23630070816286,1.9443204038043118,66.57768995821957,0.009310725292105481,CoAP,STABLE_NETWORK,Stable network with low latency and packet loss
2025-04-10T03:22:54,47.46533795607831,14.101661712440624,1.8337896240711098,68.22457041761228,0.00924912452439633,CoAP,STABLE_NETWORK,Stable network with low latency and packet loss
2025-04-10T20:20:18,163.26802716012358,11.04350631694225,2.9067612783082755,86.8170002247141,0.008669457856316743,CoAP,STABLE_NETWORK,Stable network with low latency and packet loss
2025-04-10T06:59:51,588.7886043037643,21.20445508138269,2.158000011905681,94.77948059950573,0.015228543976117094,CoAP,STABLE_NETWORK,Stable network with low latency and packet loss
2025-04-10T11:43:25,213.13434113682177,15.348804467794183,0.15611784609168455,70.65718193429984,0.014015806538885792,HTTPS,STABLE_NETWORK,Stable network with low latency and packet loss
2025-04-10T23:25:37,1804.988795520059,16.459545087573723,2.2627257079572023,114.01298336038356,0.011363384957106024,CoAP,STABLE_NETWORK,Stable network with low latency and packet loss
2025-04-10T16:15:05,395.0662135778128,10.61736581695558,2.82342893868808,67.24230297965578,0.009109908797827653,CoAP,STABLE_NETWORK,Stable network with low latency and packet loss
2025-04-10T06:53:18,175.08250014169317,12.093670913162732,2.5379004305581345,113.87853588667087,0.014816416165137864,CoAP,STABLE_NETWORK,Stable network with low latency and packet loss
2025-04-10T05:51:05,102.36542154047623,13.752977779254797,2.694959095936426,95.52911747261065,0.007706782165340858,CoAP,STABLE_NETWORK,Stable network with low latency and packet loss
2025-04-10T23:50:11,1701.5279370397234,18.74319630482166,2.7419732428872363,75.16421022430447,0.013126765426475319,CoAP,STABLE_NETWORK,Stable network with low latency and packet loss
2025-04-10T16:10:34,446.5477694299889,12.399408556548247,1.6335856494744039,94.09993010219539,0.014566928883868832,CoAP,STABLE_NETWORK,Stable network with low latency and packet loss
2025-04-10T19:21:18,25.24566430986042,19.994873867342694,1.1674972057515096,58.810106500553246,0.007032026341825955,HTTPS,STABLE_NETWORK,Stable network with low latency and packet loss
2025-04-10T09:15:48,1013.8643521159441,17.962321537095026,1.4535836761277834,65.27777299247022,0.013665786234904866,HTTPS,STABLE_NETWORK,Stable network with low latency and packet loss
2025-04-10T02:23:32,1768.2960457730185,18.801957613839043,1.6806286630489264,50.016245673418595,0.010786859909520096,HTTPS,STABLE_NETWORK,Stable network with low latency and packet loss
2025-04-10T04:40:43,306.3147047358027,9.289388560238173,1.2986942073834675,69.64938634894277,0.01333450231173885,HTTPS,STABLE_NETWORK,Stable network with low latency and packet loss
2025-04-10T11:35:13,418.52411242422966,9.506341333336394,0.1999033367748988,98.97347877145896,0.012135229109410478,CoAP,STABLE_NETWORK,Stable network with low latency and packet loss
2025-04-10T07:42:28,419.13570506505243,14.22427977987507,1.9139929495269223,84.57673945424179,0.004066132844462836,CoAP,STABLE_NETWORK,Stable network with low latency and packet loss
2025-04-10T16:15:42,577.7024478340306,10.898331331865512,2.142136543814451,74.66341003902086,0.008821062885777517,CoAP,STABLE_NETWORK,Stable network with low latency and packet loss
2025-04-10T10:49:03,381.9452719093773,13.050820817845413,1.2365893878514904,70.63984574716291,0.009064889645635933,CoAP,STABLE_NETWORK,Stable network with low latency and packet loss
2025-04-10T05:50:04,222.42639778227147,19.310919465954264,1.7420194400204883,86.12304342665126,0.004091196402970228,CoAP,STABLE_NETWORK,Stable network with low latency and packet loss
2025-04-10T15:54:26,358.55813816299553,13.70987296306058,1.9385310721710591,78.58196413258302,0.011095648459821543,CoAP,STABLE_NETWORK,Stable network with low latency and packet loss
2025-04-10T12:20:53,55.42496565065555,21.1257332824699,1.432338593179827,95.07628826897094,0.016713075264682,HTTPS,STABLE_NETWORK,Stable network with low latency and packet loss
2025-04-10T00:51:02,186.18880862247136,16.976795622006914,0.3515546677381678,72.38532519268321,0.009699455241259876,HTTPS,STABLE_NETWORK,Stable network with low latency and packet loss
2025-04-10T04:08:09,1057.5279863643295,14.606739668277115,2.856480136700716,89.73401613012024,0.010839423444457735,CoAP,STABLE_NETWORK,Stable network with low latency and packet loss
2025-04-10T04:17:22,278.7810850106832,11.01682820910561,2.117712474394727,83.86745101074189,0.021416804772800533,HTTPS,STABLE_NETWORK,Stable network with low latency and packet loss
2025-04-10T02:58:22,396.06146072469824,7.820843857895104,2.6723909294307435,73.95185055937931,0.013067493515176982,CoAP,STABLE_NETWORK,Stable network with low latency and packet loss
2025-04-10T05:57:24,83.22843899245093,11.443791617574199,1.989591946801236,91.4900500393978,0.00555043347774674,CoAP,STABLE_NETWORK,Stable network with low latency and packet loss
2025-04-10T03:56:00,105.1121569707862,11.190566703890292,2.825915628399449,61.477150986648404,0.016395214232475072,HTTPS,STABLE_NETWORK,Stable network with low latency and packet loss
2025-04-10T03:36:57,1139.7644201429341,17.024136774659308,3.239426011751476,79.19944052760229,0.010167198407842703,CoAP,STABLE_NETWORK,Stable network with low latency and packet loss
2025-04-10T04:09:54,148.18874725972128,12.770550256532278,3.639504635929737,76.96939898818111,0.016638118253143167,CoAP,STABLE_NETWORK,Stable network with low latency and packet loss
2025-04-10T07:43:44,13.238333301114155,21.124249837461694,2.2131765638383536,80.0260846649498,0.008782833699460483,CoAP,STABLE_NETWORK,Stable network with low latency and packet loss
2025-04-10T13:10:05,1070.3658556231342,17.084024152927306,1.0260267152395321,89.67727407451626,0.012228041160339344,CoAP,STABLE_NETWORK,Stable network with low latency and packet loss
2025-04-10T20:02:17,175.5794135201458,14.397817078871931,1.9475709385511808,100.38201889228091,0.014755401794271322,CoAP,STABLE_NETWORK,Stable network with low latency and packet loss
2025-04-10T20:09:51,2518.138822256026,12.643378130167267,2.9669472335408793,86.89258864498808,0.014806999642884754,CoAP,STABLE_NETWORK,Stable network with low latency and packet loss
2025-04-10T20:05:07,477.42202077148966,25.251075966474374,2.978024474350817,89.74489103235197,0.015259158712002896,CoAP,STABLE_NETWORK,Stable network with low latency and packet loss
2025-04-10T14:02:01,193.18500879069967,19.085115700955395,2.5227137219102085,71.07979308011593,0.0033446788831741747,CoAP,STABLE_NETWORK,Stable network with low latency and packet loss
2025-04-10T10:27:26,1347.2913789619836,21.134264097315434,2.5246196411147634,100.4597240097275,0.004309453647713352,CoAP,STABLE_NETWORK,Stable network with low latency and packet loss
2025-04-10T05:13:40,160.83493166135912,10.575761887744086,1.7940420818342906,89.42205479304351,0.02156815928208991,HTTPS,STABLE_NETWORK,Stable network with low latency and packet loss
2025-04-10T08:03:28,1103.527805625014,22.900556698430005,2.7252750385360205,88.37506512719337,0.0077922907519642265,CoAP,STABLE_NETWORK,Stable network with low latency and packet loss
2025-04-10T09:13:30,429.4152853718921,10.952456642891615,3.1200800789274616,98.34270061493059,0.013434086564747339,CoAP,STABLE_NETWORK,Stable network with low latency and packet loss
2025-04-10T08:07:45,297.1013177892653,17.068134153234322,1.845059091004693,87.05205609073901,0.016645247880791463,HTTPS,STABLE_NETWORK,Stable network with low latency and packet loss
2025-04-10T18:21:58,379.7746443796555,17.04375432532009,2.355970089002753,85.47716863634753,0.007317685202632329,CoAP,STABLE_NETWORK,Stable network with low latency and packet loss
2025-04-10T21:34:54,40.148656998013365,18.136947796789492,0.3595997524786183,65.67562275996389,0.010220220072865528,HTTPS,STABLE_NETWORK,Stable network with low latency and packet loss
2025-04-10T21:49:44,3039.453418017882,16.978897434268355,2.155790807718275,71.82119709979187,0.007787110368403297,CoAP,STABLE_NETWORK,Stable network with low latency and packet loss
2025-04-10T23:49:04,1000.4524994702908,16.952280085679224,1.7012438362606888,79.60489742505086,0.0022095432696639635,CoAP,STABLE_NETWORK,Stable network with low latency and packet loss
2025-04-10T22:43:27,34.04366349631366,16.36684442986164,2.487251262815426,95.56941711433946,0.012418148368857402,CoAP,STABLE_NETWORK,Stable network with low latency and packet loss
2025-04-10T04:59:03,723.1989532234744,1.7161737404658142,2.989113399494779,87.61434699103455,0.009137615057099396,LoRaWAN,STABLE_NETWORK,Stable network with low latency and packet loss
2025-04-10T22:32:16,218.80196961642804,14.280733883045528,3.078047621021117,83.52477753340189,0.016333866300849847,CoAP,STABLE_NETWORK,Stable network with low latency and packet loss
2025-04-10T08:08:49,99.28311584841022,10.625927966585953,1.284558315166211,89.20508805106924,0.009414684062837344,CoAP,STABLE_NETWORK,Stable network with low latency and packet loss
2025-04-10T16:47:36,439.2499430755181,22.6745312294537,0.7975836942463344,71.36439949252426,0.010057448222049497,HTTPS,STABLE_NETWORK,Stable network with low latency and packet loss
2025-04-10T12:46:15,1532.5235352190189,19.62682050562182,2.382937016155692,74.80855070355886,0.010639770745978274,CoAP,STABLE_NETWORK,Stable network with low latency and packet loss
2025-04-10T12:19:18,403.0576597553844,10.004675536497995,1.8149115053951945,64.90290268750758,0.003644680014764535,CoAP,STABLE_NETWORK,Stable network with low latency and packet loss
2025-04-10T08:30:17,608.8690930288625,22.591851619943977,1.4557537110516763,92.72102684547787,0.009014173129909337,CoAP,STABLE_NETWORK,Stable network with low latency and packet loss
2025-04-10T19:17:39,62.69752346060214,9.16214420288707,1.7271576993911355,87.44421459675486,0.0009306906609079617,CoAP,STABLE_NETWORK,Stable network with low latency and packet loss
2025-04-10T12:53:52,189.024010218032,7.405912189966742,2.383456602654374,63.20422046861237,0.015488959989536501,HTTPS,STABLE_NETWORK,Stable network with low latency and packet loss
2025-04-10T18:52:09,111.92254525649011,11.34250069718754,1.4819615550302108,63.20619166558127,0.006740085183614162,HTTPS,STABLE_NETWORK,Stable network with low latency and packet loss
2025-04-10T18:12:53,83.83772644461112,14.38996068306662,1.5600721510309874,79.33100495941518,0.007572374884369596,CoAP,STABLE_NETWORK,Stable network with low latency and packet loss
2025-04-10T17:00:33,412.6023027211893,23.773913926141965,4.197201145856333,74.9859194203927,0.007285323229623034,CoAP,STABLE_NETWORK,Stable network with low latency and packet loss
2025-04-10T17:52:19,49.2223479098723,18.508028407638008,2.912704453400612,99.38109822478151,0.013953737143296785,CoAP,STABLE_NETWORK,Stable network with low latency and packet loss
2025-04-10T02:43:43,71.61142901144271,15.772012153931437,0.1452345256641916,54.17325678317695,0.000968779604902395,HTTPS,STABLE_NETWORK,Stable network with low latency and packet loss
2025-04-10T15:05:37,59.66302811943036,10.213280856307914,2.6229094280632155,73.83249556478053,0.006359996615542566,CoAP,STABLE_NETWORK,Stable network with low latency and packet loss
2025-04-10T05:14:03,240.2410399118683,6.838308531565156,0.769429996830193,76.24794178757764,0.014538271138216857,MQTT,STABLE_NETWORK,Stable network with low latency and packet loss
2025-04-10T21:11:52,4338.177983044628,15.50281602478402,1.9827647419700873,79.31655353635772,0.00514322005429136,CoAP,STABLE_NETWORK,Stable network with low latency and packet loss
2025-04-10T03:10:02,269.1728375311849,4.65100150255279,2.511238555461887,93.9448306046564,0.006920025329652501,LoRaWAN,STABLE_NETWORK,Stable network with low latency and packet loss
2025-04-10T02:40:08,887.0670841638456,29.195189645648355,0.9524103552468919,88.29454515721633,0.0019342070973180133,HTTPS,STABLE_NETWORK,Stable network with low latency and packet loss
2025-04-10T17:51:15,71.39991454018852,16.203182228131634,1.8752269190036657,63.94975456037987,0.0059032489198641855,CoAP,STABLE_NETWORK,Stable network with low latency and packet loss
2025-04-10T14:09:06,250.20506579613516,13.445760925614172,0.7061157856338875,62.83689778682155,0.00943099097499831,HTTPS,STABLE_NETWORK,Stable network with low latency and packet loss
2025-04-10T16:06:45,1601.461509786515,21.655726349506214,0.8962177850115576,95.13832529907629,0.013970762652086756,CoAP,STABLE_NETWORK,Stable network with low latency and packet loss
2025-04-10T03:01:08,124.9995539720742,24.78458052988061,1.9861298114382682,73.67986439886133,0.0139247728240557,HTTPS,STABLE_NETWORK,Stable network with low latency and packet loss
2025-04-10T12:29:44,2045.869780130685,20.403297279204995,2.101386686200639,66.58872459826331,0.0022261223504324943,CoAP,STABLE_NETWORK,Stable network with low latency and packet loss
2025-04-10T13:10:09,1930.898227877937,10.89478766815996,0.33245803122955087,76.73310531477652,0.015550957165907188,CoAP,STABLE_NETWORK,Stable network with low latency and packet loss
2025-04-10T15:38:03,979.8648287158953,20.831497758958474,0.9339041656278939,67.08956634834661,0.007447352183687948,CoAP,STABLE_NETWORK,Stable network with low latency and packet loss
2025-04-10T12:29:01,51.499182453717275,16.519141031620624,2.0266482159484527,106.76274336022357,0.001790148317534766,CoAP,STABLE_NETWORK,Stable network with low latency and packet loss
2025-04-10T13:18:30,530.3367475323995,17.586352539460265,0.019514074636435064,69.08109859271627,0.00967774964835215,HTTPS,STABLE_NETWORK,Stable network with low latency and packet loss
2025-04-10T12:45:54,21.772316481976308,18.10036668523964,1.7118447625899569,98.78680212227316,0.007025562282901762,CoAP,STABLE_NETWORK,Stable network with low latency and packet loss
2025-04-10T23:54:14,418.9401546209907,14.604037400284085,1.485252900728184,88.92924971292288,0.010419237878493236,CoAP,STABLE_NETWORK,Stable network with low latency and packet loss
2025-04-10T18:53:11,116.74514572462213,10.12769837547986,2.75167886322328,68.01179796862957,0.011357805445820305,CoAP,STABLE_NETWORK,Stable network with low latency and packet loss
2025-04-10T01:56:02,455.43010793753587,16.278246708822874,1.958142056430659,75.69548843485589,0.008805038076054997,CoAP,STABLE_NETWORK,Stable network with low latency and packet loss
2025-04-10T02:08:20,295.60577730184593,21.58792568445743,2.61320030982479,92.19160930576264,0.01296568589480313,CoAP,STABLE_NETWORK,Stable network with low latency and packet loss
2025-04-10T04:56:37,939.2337319090875,17.398292415542358,1.9502922881528022,76.53470159715675,0.016995733559006777,HTTPS,STABLE_NETWORK,Stable network with low latency and packet loss
2025-04-10T12:39:51,226.83059850141635,20.889544445569435,1.6847627631794633,65.36133088796362,0.005393535480293544,CoAP,STABLE_NETWORK,Stable network with low latency and packet loss
2025-04-10T09:44:43,739.4501485589772,20.62443923634088,3.6060616387491917,56.83128534366463,0.013492345920439313,CoAP,STABLE_NETWORK,Stable network with low latency and packet loss
2025-04-10T22:41:55,27.90383860974986,11.546342681800406,1.1977034371317639,51.22482320329462,0.009204264712296708,MQTT,STABLE_NETWORK,Stable network with low latency and packet loss
2025-04-10T09:03:41,1807.3622290681262,14.018251147693034,2.5573205057698054,59.72792286131626,0.007550722538270597,CoAP,STABLE_NETWORK,Stable network with low latency and packet loss
2025-04-10T21:56:32,181.76108094873604,10.280584623192125,2.061730192183259,67.59594727880956,0.005886002055706659,CoAP,STABLE_NETWORK,Stable network with low latency and packet loss
2025-04-10T19:09:57,639.4589825169563,12.266906624927033,1.379694628542105,63.216924541441976,0.008991944302259029,CoAP,STABLE_NETWORK,Stable network with low latency and packet loss
2025-04-10T22:35:27,220.30072769905738,7.018985942611678,2.893388787385495,72.12207457453955,0.013569643759001932,CoAP,STABLE_NETWORK,Stable network with low latency and packet loss
2025-04-10T07:46:19,146.8264175801281,21.112025602738576,2.531537313285586,78.08183627376293,0.011180619281441255,CoAP,STABLE_NETWORK,Stable network with low latency and packet loss
2025-04-10T16:02:49,268.390895883416,15.456228355665182,1.2181458538233456,85.31488833372565,0.010658986398949667,CoAP,STABLE_NETWORK,Stable network with low latency and packet loss
2025-04-10T07:44:06,428.18584984989786,21.41052538674936,1.7953298526189871,79.75819160905223,0.007160183097875104,CoAP,STABLE_NETWORK,Stable network with low latency and packet loss
2025-04-10T17:29:19,35.50165981888236,12.206999846408038,3.2423235490460245,77.66321103510558,0.00366784199888847,CoAP,STABLE_NETWORK,Stable network with low latency and packet loss
2025-04-10T03:37:27,2330.4258235625493,18.00901442938587,1.850039691015663,87.1947396843543,0.010630382796685432,CoAP,STABLE_NETWORK,Stable network with low latency and packet loss
2025-04-10T22:54:41,1521.3065344286963,17.076047672027943,1.4094927586883128,92.31545149629858,0.006615418732979062,CoAP,STABLE_NETWORK,Stable network with low latency and packet loss
2025-04-10T19:54:05,411.34072433730427,17.83631670317653,0.9311270930329363,100.07049095253214,0.018253681588193196,HTTPS,STABLE_NETWORK,Stable network with low latency and packet loss
2025-04-10T02:10:45,3853.2062932788244,17.01350059991978,3.2314822617621903,84.67509310376599,0.013011958757421952,LoRaWAN,STABLE_NETWORK,Stable network with low latency and packet loss
2025-04-10T03:08:49,412.88775452832687,16.112878737069213,1.8102403894304717,93.51970371275475,0.0057046859725650685,CoAP,STABLE_NETWORK,Stable network with low latency and packet loss
2025-04-10T18:47:44,311.78336787650557,20.125148309743352,1.2891896170713015,49.49071513240175,0.012798776178795325,MQTT,STABLE_NETWORK,Stable network with low latency and packet loss
2025-04-10T01:54:43,257.6053733468539,12.858329094801187,2.669001384067457,56.54874155629035,0.01131047026919197,CoAP,STABLE_NETWORK,Stable network with low latency and packet loss
2025-04-10T06:16:38,227.8842276802937,18.8129424625402,1.4324973378236394,107.39433213895896,0.005582244816033569,HTTPS,STABLE_NETWORK,Stable network with low latency and packet loss
2025-04-10T22:46:58,270.2303445085234,20.669013916042157,2.3873314287327903,99.67328324478439,0.0007114518858094849,CoAP,STABLE_NETWORK,Stable network with low latency and packet loss
2025-04-10T01:11:40,147.41536995849108,12.728733586404072,0.6582518348546362,102.33368651398078,0.005799279042631427,CoAP,STABLE_NETWORK,Stable network with low latency and packet loss
2025-04-10T20:26:43,586.81557924059,15.027075684141618,1.8786470446038306,89.92147063852836,0.012411881030160011,CoAP,STABLE_NETWORK,Stable network with low latency and packet loss
2025-04-10T12:00:42,48.88871998252345,11.90380913315107,2.3429922627114266,55.109410840139816,0.006377300439665376,CoAP,STABLE_NETWORK,Stable network with low latency and packet loss
2025-04-10T05:50:27,812.0051447134285,9.742516385838584,1.6673500902238805,81.07183949307768,0.009713673466425626,CoAP,STABLE_NETWORK,Stable network with low latency and packet loss
2025-04-10T09:26:27,2142.9809591803028,3.7780507948169846,1.413502611142841,73.55415097654657,0.007843860261137483,CoAP,STABLE_NETWORK,Stable network with low latency and packet loss
2025-04-10T00:22:06,748.9232818371665,20.953629037050277,0.5339020388727778,80.50398830883604,0.006675345401357872,CoAP,STABLE_NETWORK,Stable network with low latency and packet loss
2025-04-10T05:14:45,280.06898360188563,9.468317078264036,2.213009631051875,89.3004471134803,0.005400639111714313,CoAP,STABLE_NETWORK,Stable network with low latency and packet loss
2025-04-10T17:08:22,4227.1077852402705,25.009156597305484,1.8496773900217847,52.92594405822146,0.011528248558921084,CoAP,STABLE_NETWORK,Stable network with low latency and packet loss
2025-04-10T22:54:34,300.8164084363427,21.01792419310346,3.083851641486794,71.25177533223976,0.011601946727515923,CoAP,STABLE_NETWORK,Stable network with low latency and packet loss
2025-04-10T17:11:09,243.2800646179994,11.417797708031982,3.258954892197136,71.51519414524427,0.007866063346650798,CoAP,STABLE_NETWORK,Stable network with low latency and packet loss
2025-04-10T12:31:16,73.53414108732039,18.642144428307507,1.0654801418338522,62.8106576061424,0.013568336119207545,MQTT,STABLE_NETWORK,Stable network with low latency and packet loss
2025-04-10T06:28:52,1176.1309145131981,9.92973865150363,1.1600616166070563,80.39011624292606,0.01833703936718567,HTTPS,STABLE_NETWORK,Stable network with low latency and packet loss
2025-04-10T23:34:23,12.056371226993239,16.493521089222885,0.7291387451341864,98.25556273922292,0.011036312789120683,HTTPS,STABLE_NETWORK,Stable network with low latency and packet loss
2025-04-10T19:00:59,246.5408646847659,15.53846746985313,1.2605267389276547,88.67306226330372,0.007017073239157686,CoAP,STABLE_NETWORK,Stable network with low latency and packet loss
2025-04-10T04:29:48,22.92632268364066,19.024652062213786,1.3923148114752848,72.19149740782105,0.008361893038880666,CoAP,STABLE_NETWORK,Stable network with low latency and packet loss
2025-04-10T00:15:57,641.44826281469,18.03348782575744,1.574012141237902,108.69489272949524,0.013760803009713806,CoAP,STABLE_NETWORK,Stable network with low latency and packet loss
2025-04-10T02:14:00,2020.4003173975125,8.170435178339256,2.528703584044662,76.76984594176164,0.008550268626607198,LoRaWAN,STABLE_NETWORK,Stable network with low latency and packet loss
2025-04-10T05:54:19,401.4160961909805,10.175181307189936,1.4898508217547517,79.97677004975199,0.011176632943855581,CoAP,STABLE_NETWORK,Stable network with low latency and packet loss
2025-04-10T06:49:57,365.39120895599075,21.119807278882448,3.7326332245592067,80.9221109968625,0.006380218867776287,CoAP,STABLE_NETWORK,Stable network with low latency and packet loss
2025-04-10T21:58:22,67.39776924017931,14.902951964789455,0.6954076266043714,104.22138563636987,0.0005513375968192458,HTTPS,STABLE_NETWORK,Stable network with low latency and packet loss
2025-04-10T19:32:41,231.59461041458596,19.778796494342377,1.2165903444875714,93.68946494553924,0.007778700140728192,CoAP,STABLE_NETWORK,Stable network with low latency and packet loss
2025-04-10T02:56:12,1696.5240602252059,9.044148120488718,2.099545340243071,76.12504019340366,0.01139036055464575,CoAP,STABLE_NETWORK,Stable network with low latency and packet loss
2025-04-10T13:05:34,268.8358450150032,10.919663059652917,3.1334488705880954,75.79896840732897,0.010903004069196838,CoAP,STABLE_NETWORK,Stable network with low latency and packet loss
2025-04-10T02:07:55,74.54272384893025,14.349497874380686,3.680926604229689,84.6036841632221,0.008888917152969819,CoAP,STABLE_NETWORK,Stable network with low latency and packet loss
2025-04-10T03:46:09,7515.6583029318845,18.066795038112364,1.0203333414992053,86.94300096456334,0.0040113342648768315,LoRaWAN,STABLE_NETWORK,Stable network with low latency and packet loss
2025-04-10T13:43:36,1424.6919456600226,9.674856648673952,0.9655576533370847,38.772059247144874,0.024232926879611864,MQTT,STABLE_NETWORK,Stable network with low latency and packet loss
2025-04-10T17:28:56,152.7497405061717,21.600746155675385,2.046414506893268,78.87062335448607,0.01404391249266025,HTTPS,STABLE_NETWORK,Stable network with low latency and packet loss
2025-04-10T06:31:13,824.7912269199547,6.437220635767185,2.456879465726714,55.69289614253357,0.016837234602695164,MQTT,STABLE_NETWORK,Stable network with low latency and packet loss
2025-04-10T12:45:32,466.2650529944681,19.075969397568674,2.2887904873616067,85.21102034814568,0.016334208537664985,CoAP,STABLE_NETWORK,Stable network with low latency and packet loss
2025-04-10T06:09:10,348.63597577255234,11.715265200413358,1.9627619302283983,46.88865538499659,0.0007832072944551974,CoAP,STABLE_NETWORK,Stable network with low latency and packet loss
2025-04-10T15:41:26,183.9192319172111,16.843894287373207,2.5597917288590537,91.152866597512,0.012922722621404292,CoAP,STABLE_NETWORK,Stable network with low latency and packet loss
2025-04-10T23:18:11,1669.3615187645287,17.988234058872855,3.5624505174212446,103.91851285768648,0.02400664137621525,CoAP,STABLE_NETWORK,Stable network with low latency and packet loss
2025-04-10T13:01:51,46.22197337014383,19.560704436642908,0.9035485660637486,85.5558805292016,0.006156668667271669,CoAP,STABLE_NETWORK,Stable network with low latency and packet loss
2025-04-10T19:56:24,1623.6707273947375,10.183078242273915,0.571875681093698,79.55127145317907,0.0018538622476689613,CoAP,STABLE_NETWORK,Stable network with low latency and packet loss
2025-04-10T08:10:09,3979.1635380253933,16.586893276083682,3.1044858655321503,38.27766089368385,0.019577538321582433,CoAP,STABLE_NETWORK,Stable network with low latency and packet loss
2025-04-10T00:29:52,304.7317838501972,16.296978517612775,0.7392376030874181,89.64757423932699,0.01697528842175173,HTTPS,STABLE_NETWORK,Stable network with low latency and packet loss
2025-04-10T15:28:48,63.43208579346597,20.93349789798772,1.9302301621734448,107.22895758228667,0.016469983648678736,HTTPS,STABLE_NETWORK,Stable network with low latency and packet loss
2025-04-10T18:43:33,181.1735904141795,16.511661383400934,0.7531691235988518,52.53541950505774,0.011353421477179434,HTTPS,STABLE_NETWORK,Stable network with low latency and packet loss
2025-04-10T01:27:42,258.3761111933621,15.47520163173213,2.2039131668625727,54.63178146066254,0.012963939372054168,HTTPS,STABLE_NETWORK,Stable network with low latency and packet loss
2025-04-10T06:11:33,211.33852010807658,8.64137371046831,1.0324829527605048,88.89848494104938,0.010027608832586694,CoAP,STABLE_NETWORK,Stable network with low latency and packet loss
2025-04-10T13:37:15,343.54462425399436,9.44071164832112,1.4603619932500886,65.43029453087145,0.006437040121328083,CoAP,STABLE_NETWORK,Stable network with low latency and packet loss
2025-04-10T09:10:21,930.4121120822243,20.414135835763293,2.7633194705846638,91.07432684333602,0.01451650923286264,CoAP,STABLE_NETWORK,Stable network with low latency and packet loss
2025-04-10T17:12:39,32.53746708315028,16.531633411880453,1.2153800192609978,81.98642769312934,0.005141682551873513,CoAP,STABLE_NETWORK,Stable network with low latency and packet loss
2025-04-10T14:09:08,159.42176920968365,20.891733145573628,0.8888700617537328,81.49988830009379,0.015684429129334203,HTTPS,STABLE_NETWORK,Stable network with low latency and packet loss
2025-04-10T10:42:46,110.35542047793733,12.746758323060359,2.67598051118834,80.81177340954648,0.0031755150694275196,CoAP,STABLE_NETWORK,Stable network with low latency and packet loss
2025-04-10T15:40:28,1468.5445687167921,14.693284867805666,3.6815389184028993,91.55060253157995,0.006807786846775355,LoRaWAN,STABLE_NETWORK,Stable network with low latency and packet loss
2025-04-10T04:24:06,337.0526921752481,7.844338056497,1.7106650788245188,95.4178096820205,0.009999122976395023,CoAP,STABLE_NETWORK,Stable network with low latency and packet loss
2025-04-10T02:57:25,263.76339743776,27.086002595670582,1.708001119004484,60.06387340829107,0.0009320712778039947,CoAP,STABLE_NETWORK,Stable network with low latency and packet loss
2025-04-10T13:36:55,164.0764106333814,19.035646352141413,1.244679731629139,70.2851051032724,0.005612776514216435,CoAP,STABLE_NETWORK,Stable network with low latency and packet loss
2025-04-10T09:32:05,63.9408461405931,20.03193091479357,2.6257271973243395,67.10336880565492,0.012166650733065481,CoAP,STABLE_NETWORK,Stable network with low latency and packet loss
2025-04-10T06:33:29,221.35431177980257,8.8976085607249,3.2024393529560573,85.55344160346932,0.0033323332676941557,LoRaWAN,STABLE_NETWORK,Stable network with low latency and packet loss
2025-04-10T21:36:21,1585.784524942928,13.79154180800329,3.207621265023132,93.43996036469522,0.00809820699061959,LoRaWAN,STABLE_NETWORK,Stable network with low latency and packet loss
2025-04-10T15:02:58,1233.2267907827113,17.56700326244479,0.7842671564919459,80.50976922007162,0.02113650323728939,HTTPS,STABLE_NETWORK,Stable network with low latency and packet loss
2025-04-10T06:13:47,2552.8115477505035,13.567181657812903,1.7192327173277957,89.44415332823768,0.014031390268582477,CoAP,STABLE_NETWORK,Stable network with low latency and packet loss
2025-04-10T10:15:37,218.37258387491985,12.730275354873148,2.788243020058788,71.18210257161809,0.001435865360625576,CoAP,STABLE_NETWORK,Stable network with low latency and packet loss
2025-04-10T05:04:31,1798.9650568607226,24.942361947211133,2.760543943840667,87.45964226018174,0.016232129039143478,CoAP,STABLE_NETWORK,Stable network with low latency and packet loss
2025-04-10T20:00:13,195.8181712543131,17.080862655907907,3.0802315147922794,38.776881668700995,0.012159202734898131,MQTT,STABLE_NETWORK,Stable network with low latency and packet loss
2025-04-10T22:55:29,2005.3406063243365,17.203885062921383,3.3683450572151306,65.16581344520573,0.008983612201282756,CoAP,STABLE_NETWORK,Stable network with low latency and packet loss
2025-04-10T01:11:42,156.39768849872593,14.588132519822238,1.9717840112430653,63.83989144357718,0.003575637513065371,CoAP,STABLE_NETWORK,Stable network with low latency and packet loss
2025-04-10T15:00:18,1075.6038066873143,13.493645412427826,2.6122725684547765,107.27903998482378,0.018005649819833866,LoRaWAN,STABLE_NETWORK,Stable network with low latency and packet loss
2025-04-10T20:31:12,692.9555270580447,15.62309547161749,1.9261216524811426,67.76026892468585,0.004936080007176411,CoAP,STABLE_NETWORK,Stable network with low latency and packet loss
2025-04-10T09:02:13,302.32454833706953,18.152295825108514,0.18060263245035046,86.37397174831409,0.02052227572584349,HTTPS,STABLE_NETWORK,Stable network with low latency and packet loss
2025-04-10T20:10:59,816.6167586148194,13.069472209551321,2.183060501763397,111.32368283180878,0.01616985461036246,LoRaWAN,STABLE_NETWORK,Stable network with low latency and packet loss
2025-04-10T21:18:54,186.9385623409663,11.097532129950313,0.8325259341720828,95.26330055867474,0.010158422265478162,CoAP,STABLE_NETWORK,Stable network with low latency and packet loss
2025-04-10T07:36:38,74.9083457346811,12.42905193784638,1.3964699894898405,65.31045781769105,0.0033063156447220698,CoAP,STABLE_NETWORK,Stable network with low latency and packet loss
2025-04-10T07:23:48,54.7307402586892,18.911561415020895,0.25379536342683195,66.25930977783293,0.01399549273221316,MQTT,STABLE_NETWORK,Stable network with low latency and packet loss
2025-04-10T03:43:54,62.852964170069875,9.566010809896285,2.055303581573681,78.01352484937505,0.01600006433709794,HTTPS,STABLE_NETWORK,Stable network with low latency and packet loss
2025-04-10T20:53:06,89.82666417482316,12.101149075240876,0.9736487176651047,93.07351278055526,0.006415631148276568,CoAP,STABLE_NETWORK,Stable network with low latency and packet loss
2025-04-10T17:59:50,705.664907810844,18.306236747686537,0.7334272874978454,82.96011684166916,0.008320608988907187,CoAP,STABLE_NETWORK,Stable network with low latency and packet loss
2025-04-10T22:43:03,105.4344676961513,12.525896264034689,2.274849816876395,107.87309692409002,0.015962691401102513,LoRaWAN,STABLE_NETWORK,Stable network with low latency and packet loss
2025-04-10T22:34:09,502.2182012845388,20.387918583881603,3.0618707703630768,81.3027827739691,0.013829024957514474,CoAP,STABLE_NETWORK,Stable network with low latency and packet loss
2025-04-10T12:35:13,117.58658178705507,5.181867658205881,1.0972035294775677,89.38397110914694,0.011951163897673865,CoAP,STABLE_NETWORK,Stable network with low latency and packet loss
2025-04-10T18:59:41,283.5360099624858,17.834711091812537,2.415584009727336,70.792997924615,0.019962081220903066,HTTPS,STABLE_NETWORK,Stable network with low latency and packet loss
2025-04-10T19:47:11,32.81568654183676,25.58614584927749,0.9075345193470807,79.76882408043981,0.007263571265697922,HTTPS,STABLE_NETWORK,Stable network with low latency and packet loss
2025-04-10T12:55:52,121.15108599517337,15.240799267179444,2.2557875430591534,66.5012699279606,0.011926367744359045,HTTPS,STABLE_NETWORK,Stable network with low latency and packet loss
2025-04-10T00:15:35,179.68126307494916,12.90093163489995,3.29879452723649,100.4368958509838,0.012207820478050246,LoRaWAN,STABLE_NETWORK,Stable network with low latency and packet loss
2025-04-10T19:49:33,131.17814982317213,15.57921867234999,4.183094237042812,71.50261613893608,0.00476889122492184,CoAP,STABLE_NETWORK,Stable network with low latency and packet loss
2025-04-10T12:14:18,5028.560068465284,16.445268633494745,1.2809183076016257,65.81923103252959,0.014196363471868522,CoAP,STABLE_NETWORK,Stable network with low latency and packet loss
2025-04-10T05:14:02,52.64496470035766,19.308865054188338,2.6486905596018735,89.45066778138337,0.00941145449905754,CoAP,STABLE_NETWORK,Stable network with low latency and packet loss
2025-04-10T01:47:48,231.6789072306776,17.27814816986839,3.0877265816746444,96.39649468452205,0.0062865501995945355,CoAP,STABLE_NETWORK,Stable network with low latency and packet loss
2025-04-10T19:22:45,253.19317418437535,18.318858379100742,1.1437301696385727,101.5021909813896,0.011971944390250849,HTTPS,STABLE_NETWORK,Stable network with low latency and packet loss
2025-04-10T11:30:21,455.6773104358171,20.575455530557004,2.3843323562858485,98.37022151187622,0.012610093496360133,CoAP,STABLE_NETWORK,Stable network with low latency and packet loss
2025-04-10T16:48:59,669.5849034826866,20.9602012694339,2.0446099019875374,83.32366528358409,0.006436210914581919,CoAP,STABLE_NETWORK,Stable network with low latency and packet loss
2025-04-10T08:14:44,111.78905637764625,11.899052350788594,2.2551366300764224,87.64601276496795,0.012515460602524918,CoAP,STABLE_NETWORK,Stable network with low latency and packet loss
2025-04-10T10:33:50,124.95711672232656,15.092037731428531,2.9626579364349865,62.984587228687666,0.0045325372305208556,CoAP,STABLE_NETWORK,Stable network with low latency and packet loss
2025-04-10T09:12:27,1356.0907972311147,16.51636709649691,2.7796481159994584,91.55283545510716,0.009744019003942726,CoAP,STABLE_NETWORK,Stable network with low latency and packet loss
2025-04-10T08:27:40,230.4218619641316,9.124920825178371,1.2086561126602997,103.99295112023117,0.011820399916973288,LoRaWAN,STABLE_NETWORK,Stable network with low latency and packet loss
2025-04-10T02:36:14,20.55655395950347,21.328308421630286,3.1164895879464716,108.0163474288612,0.00021923393315581054,CoAP,STABLE_NETWORK,Stable network with low latency and packet loss
2025-04-10T14:36:15,788.68489842066,15.858236394730305,2.279800210448205,48.83372473094555,0.005071644930786132,CoAP,STABLE_NETWORK,Stable network with low latency and packet loss
2025-04-10T22:40:01,264.85998625458825,18.493459342929597,0.703043266749126,87.27845839081682,0.007106813720939511,CoAP,STABLE_NETWORK,Stable network with low latency and packet loss
2025-04-10T22:26:36,103.09403097559628,15.332897689520118,3.3890915219008697,74.12857322462203,0.0036735566562423137,CoAP,STABLE_NETWORK,Stable network with low latency and packet loss
2025-04-10T05:37:55,192.38900947658348,16.22764341316245,1.7134346432567127,80.20511685213467,0.0032800661328288043,CoAP,STABLE_NETWORK,Stable network with low latency and packet loss
2025-04-10T19:39:41,5446.581040742991,20.56801018205215,2.661620389469447,68.61345532643143,0.007314242735803991,CoAP,STABLE_NETWORK,Stable network with low latency and packet loss
2025-04-10T05:03:34,977.6376970798941,9.087686235902842,1.8516841168123623,85.98702936374217,0.013284973805818603,CoAP,STABLE_NETWORK,Stable network with low latency and packet loss
2025-04-10T21:56:52,111.61790629937634,24.607021275734077,3.085581320393752,57.28013800735396,0.0043667355675755986,CoAP,STABLE_NETWORK,Stable network with low latency and packet loss
2025-04-10T16:22:00,111.06519900681943,19.06404966431626,1.8998354491094287,104.73056246836775,0.007351818908579424,HTTPS,STABLE_NETWORK,Stable network with low latency and packet loss
2025-04-10T19:49:42,49.582938663274874,15.606768863771933,2.4173793846971154,63.97269895625317,0.01676337062526891,HTTPS,STABLE_NETWORK,Stable network with low latency and packet loss
2025-04-10T23:59:30,1155.185091183393,13.318258034627924,1.329051904150493,83.85915390711897,0.022562664177371943,MQTT,STABLE_NETWORK,Stable network with low latency and packet loss
2025-04-10T02:02:29,101.59948055758598,13.064218809867038,0.6834446792663633,88.02687394639102,0.003648070860259831,CoAP,STABLE_NETWORK,Stable network with low latency and packet loss
2025-04-10T16:40:13,363.52681970979125,15.653360910629692,0.5101969983683043,59.732121876923244,0.015547647008154065,MQTT,STABLE_NETWORK,Stable network with low latency and packet loss
2025-04-10T05:49:34,201.68095211101954,10.868620785147169,0.13790132646888154,62.94980436252304,0.013223964975693893,HTTPS,STABLE_NETWORK,Stable network with low latency and packet loss
2025-04-10T19:17:07,935.0370729672327,20.966691457911914,1.4795462834986108,93.92056280459522,0.009994284684686295,HTTPS,STABLE_NETWORK,Stable network with low latency and packet loss
2025-04-10T16:27:37,495.7991787177313,15.747048836207552,0.25680810378419205,88.14978264095156,0.01078294151408592,HTTPS,STABLE_NETWORK,Stable network with low latency and packet loss
2025-04-10T12:56:14,112.64107020984054,21.501757765836228,1.6423563803687733,77.58319736373915,0.008599404471151416,CoAP,STABLE_NETWORK,Stable network with low latency and packet loss
2025-04-10T15:14:32,175.51992262009426,18.585593375443718,2.754814287759096,75.16861166486059,0.012514609084820659,CoAP,STABLE_NETWORK,Stable network with low latency and packet loss
2025-04-10T08:47:33,115.51246891948767,21.202872126704406,2.4960786365539387,66.77249913214389,0.006559296163908927,CoAP,STABLE_NETWORK,Stable network with low latency and packet loss
2025-04-10T06:38:47,2013.340586173334,17.39746645657152,1.5271684162090478,56.854466815786026,0.009997366310711924,CoAP,STABLE_NETWORK,Stable network with low latency and packet loss
2025-04-10T18:36:25,1084.211182669267,19.809384780093534,1.1399712615559738,59.1610163685953,0.023704754855946895,MQTT,STABLE_NETWORK,Stable network with low latency and packet loss
2025-04-10T11:30:35,28.039638415004276,9.663817187380484,2.4605703521948805,90.51702991394194,0.014624375554966554,LoRaWAN,STABLE_NETWORK,Stable network with low latency and packet loss
2025-04-10T23:38:21,241.7734946264492,20.109803886919938,1.9273610045943008,63.924310771271955,0.0038230121190943886,CoAP,STABLE_NETWORK,Stable network with low latency and packet loss
2025-04-10T04:47:58,111.71812739844786,13.281853994300352,2.1332197460058335,69.24253166034836,0.006438741654756825,CoAP,STABLE_NETWORK,Stable network with low latency and packet loss
2025-04-10T01:11:45,49.07005733306191,13.924793254532053,3.0838437558343497,85.24551251439038,0.007212651076538018,LoRaWAN,STABLE_NETWORK,Stable network with low latency and packet loss
2025-04-10T11:09:35,3601.043571365573,11.337085083759915,2.6677222204257074,70.47991318465992,0.005653255610358366,LoRaWAN,STABLE_NETWORK,Stable network with low latency and packet loss
2025-04-10T21:28:55,190.5747936859757,15.49693982081392,0.13280496226595773,83.5824728555494,0.010406193935435872,HTTPS,STABLE_NETWORK,Stable network with low latency and packet loss
2025-04-10T00:18:25,323.87096150119976,9.128122599003882,1.1974913590946439,89.2405461435165,0.014712153987917538,LoRaWAN,STABLE_NETWORK,Stable network with low latency and packet loss
2025-04-10T15:22:25,706.3207475756125,16.377595411330322,0.41430472399463936,60.721313285840104,0.010211552544368492,HTTPS,STABLE_NETWORK,Stable network with low latency and packet loss
2025-04-10T19:28:21,744.522384220229,9.438309205221053,1.7349824929538098,80.4325791892105,0.016771430243307375,LoRaWAN,STABLE_NETWORK,Stable network with low latency and packet loss
2025-04-10T08:56:02,1012.6151522859194,13.66594023743885,2.603689506657299,65.85285292333488,0.003149884288705741,CoAP,STABLE_NETWORK,Stable network with low latency and packet loss
2025-04-10T20:13:25,35.03560651580166,20.55451160094838,2.4895360607054955,92.41993675390061,0.007029480406169327,CoAP,STABLE_NETWORK,Stable network with low latency and packet loss
2025-04-10T05:35:08,62.6546536307411,15.317513409751284,2.5548900954828837,77.32759989917959,0.016086174832272065,HTTPS,STABLE_NETWORK,Stable network with low latency and packet loss
2025-04-10T22:45:07,20.87244439568194,9.863707849743191,1.933199442075333,63.1663106693732,0.013449278556375703,MQTT,STABLE_NETWORK,Stable network with low latency and packet loss
2025-04-10T19:24:08,277.6830039357275,11.578619537433713,1.5598763762947776,56.28091018615207,0.010882215779581284,HTTPS,STABLE_NETWORK,Stable network with low latency and packet loss
2025-04-10T22:00:25,258.7414520184882,19.626167578192483,2.7519832968398017,91.56650849026124,0.005466379442679313,CoAP,STABLE_NETWORK,Stable network with low latency and packet loss
2025-04-10T21:48:22,828.1376700064242,8.552409815989282,2.5479113450149278,81.88035727256312,0.008891676042816186,LoRaWAN,STABLE_NETWORK,Stable network with low latency and packet loss
2025-04-10T05:13:35,259.39948158651066,13.710659025302522,2.480050454434243,80.43040434740547,0.008593912754338073,CoAP,STABLE_NETWORK,Stable network with low latency and packet loss
2025-04-10T18:23:48,2518.5642546690947,9.497309245895837,1.8891430691639164,59.46026396771421,0.005628474001239509,LoRaWAN,STABLE_NETWORK,Stable network with low latency and packet loss
2025-04-10T16:55:34,805.5314408455663,20.101072693347035,1.8267910541933408,60.22986911430191,0.01810140097526238,MQTT,STABLE_NETWORK,Stable network with low latency and packet loss
2025-04-10T12:35:38,460.93505465228736,10.50890704880089,0.6453676805334807,74.77330942189013,0.009627873650404966,HTTPS,STABLE_NETWORK,Stable network with low latency and packet loss
2025-04-10T06:08:17,848.9776664857866,20.270293832152095,2.626239237360792,55.428645940911025,0.010507158317064622,CoAP,STABLE_NETWORK,Stable network with low latency and packet loss
2025-04-10T23:24:24,1251.5930861486274,6.658892275386889,2.0375968755541396,86.39673066426086,0.0034547007178211487,LoRaWAN,STABLE_NETWORK,Stable network with low latency and packet loss
2025-04-10T13:03:02,947.2596055805772,18.29812864184187,2.0012173911251825,73.80453508046901,0.011097976198281876,CoAP,STABLE_NETWORK,Stable network with low latency and packet loss
2025-04-10T08:25:10,201.40646651079123,15.894234271986356,2.0524433727433236,90.02537053659432,0.01492610221630538,CoAP,STABLE_NETWORK,Stable network with low latency and packet loss
2025-04-10T16:57:19,930.1553638071192,20.46238525500053,2.927731876858099,78.99060130945665,0.011153354862957947,CoAP,STABLE_NETWORK,Stable network with low latency and packet loss
2025-04-10T10:06:38,679.9183983098284,25.955230133587403,2.6413919458074524,69.46473462668742,0.0064597409613596415,CoAP,STABLE_NETWORK,Stable network with low latency and packet loss
2025-04-10T21:40:44,860.3117053957775,26.549591514643797,3.0683512502160504,105.14729653988144,0.010807537248481916,HTTPS,STABLE_NETWORK,Stable network with low latency and packet loss
2025-04-10T19:01:37,110.86668304535795,21.690875391857332,1.82965065600191,99.54150277327773,0.016440933064665663,HTTPS,STABLE_NETWORK,Stable network with low latency and packet loss
2025-04-10T21:28:31,662.8879695189019,19.167121992661908,1.802354728464004,94.80881552728684,0.0007516633359754069,CoAP,STABLE_NETWORK,Stable network with low latency and packet loss
2025-04-10T14:00:56,78.07481630629795,24.199502441754802,1.347423692587559,81.44643791581963,0.011670955178795185,HTTPS,STABLE_NETWORK,Stable network with low latency and packet loss
2025-04-10T08:19:17,521.2752246010518,15.28774627327403,2.961203878600883,75.58802725679503,0.0064039151215107715,LoRaWAN,STABLE_NETWORK,Stable network with low latency and packet loss
2025-04-10T22:37:08,1117.5438295388199,15.709881785435403,2.7890053055530513,91.89473565654023,0.0029115078002516885,LoRaWAN,STABLE_NETWORK,Stable network with low latency and packet loss
2025-04-10T12:03:01,285.599598399772,10.351733073518039,2.3565658119098707,97.82441820973455,0.008002054451597553,LoRaWAN,STABLE_NETWORK,Stable network with low latency and packet loss
2025-04-10T20:18:48,1497.0244209616817,14.522839357158569,2.6092474457229557,58.922535809594706,0.00719376188295839,CoAP,STABLE_NETWORK,Stable network with low latency and packet loss
2025-04-10T05:06:25,106.23338797277437,11.71278429147377,3.1217564760721634,75.7565791017498,0.0015914965068247727,LoRaWAN,STABLE_NETWORK,Stable network with low latency and packet loss
2025-04-10T13:54:01,1676.2526425109781,11.707390925832309,1.9104992954970539,70.7354536387229,0.008580573451080225,CoAP,STABLE_NETWORK,Stable network with low latency and packet loss
2025-04-10T15:51:07,166.26319208121086,7.207024225728346,3.992109873266541,111.42953660062439,0.005144824839108732,LoRaWAN,STABLE_NETWORK,Stable network with low latency and packet loss
2025-04-10T22:49:30,200.4098231595459,19.69422616721172,0.8706750602419442,84.20001821091545,0.008145648650762522,HTTPS,STABLE_NETWORK,Stable network with low latency and packet loss
2025-04-10T08:37:41,91.4563358653838,11.884119689461622,1.9915274918873402,59.981624494844844,0.006006167214237518,CoAP,STABLE_NETWORK,Stable network with low latency and packet loss
2025-04-10T09:03:14,265.1162391781681,13.112595743412873,3.314022596319637,74.8169815201554,0.004005426574741874,CoAP,STABLE_NETWORK,Stable network with low latency and packet loss
2025-04-10T01:32:08,321.0094818724454,9.615745255959434,1.9029068064041528,84.93805948606465,0.008038931715961775,CoAP,STABLE_NETWORK,Stable network with low latency and packet loss
2025-04-10T23:30:32,299.81563601378116,9.850527769874239,3.130746263845908,92.02754977327524,0.009910883025012444,LoRaWAN,STABLE_NETWORK,Stable network with low latency and packet loss
2025-04-10T00:27:50,607.1697258835253,22.727789091716904,2.0104774136925334,86.33729455546381,0.012182394877898467,CoAP,STABLE_NETWORK,Stable network with low latency and packet loss
2025-04-10T03:01:09,1190.0354987607082,5.574733638743356,1.5806364263540054,87.12290033120439,0.008560355441973146,LoRaWAN,STABLE_NETWORK,Stable network with low latency and packet loss
2025-04-10T19:30:42,113.41139458361799,10.897827551354915,2.1988714582748545,95.72323420288882,0.011444342546559171,LoRaWAN,STABLE_NETWORK,Stable network with low latency and packet loss
2025-04-10T00:01:53,72.82532109671583,12.906423524346383,2.604399054320405,80.70576367799809,0.00769596048442686,CoAP,STABLE_NETWORK,Stable network with low latency and packet loss
2025-04-10T02:34:37,51.074177152399514,11.89287089004631,0.6867889670233869,85.57023334374888,0.010391310640034245,CoAP,STABLE_NETWORK,Stable network with low latency and packet loss
2025-04-10T09:15:30,336.38964659025254,16.861281117503086,2.856112080706189,46.28204591866516,0.009881126270767654,HTTPS,STABLE_NETWORK,Stable network with low latency and packet loss
2025-04-10T04:10:52,536.2239220616258,13.280278197877678,3.219289317155412,62.00204635748305,0.004174423461562536,CoAP,STABLE_NETWORK,Stable network with low latency and packet loss
2025-04-10T04:22:28,364.678936439999,4.649404885936631,1.8091783615931925,96.32924032670675,0.01658051662142194,LoRaWAN,STABLE_NETWORK,Stable network with low latency and packet loss
2025-04-10T15:32:21,515.8729916886581,16.43144603643877,3.1370255015825097,71.51911592843327,0.0021615673908256736,CoAP,STABLE_NETWORK,Stable network with low latency and packet loss
2025-04-10T22:42:45,73.60239294104382,16.786883874285575,2.4377235158904957,63.969605220411324,0.020640683762272877,MQTT,STABLE_NETWORK,Stable network with low latency and packet loss
2025-04-10T18:45:29,128.17946522721354,10.598684703062698,1.6641091776023087,87.81405833042642,0.02019340079938524,MQTT,STABLE_NETWORK,Stable network with low latency and packet loss
2025-04-10T02:10:05,140.41643398019306,26.08683148228266,1.9389751706737506,64.33212456645181,0.004481740934010366,CoAP,STABLE_NETWORK,Stable network with low latency and packet loss
2025-04-10T13:44:44,460.6664955583585,10.764515344115255,3.4389069592869372,76.82243367816594,0.014326471420393224,LoRaWAN,STABLE_NETWORK,Stable network with low latency and packet loss
2025-04-10T04:00:40,98.16110519168708,14.86391299145444,1.9992488373399524,71.89272366309267,0.015887759416854535,MQTT,STABLE_NETWORK,Stable network with low latency and packet loss
2025-04-10T13:35:50,520.3952606089375,16.36572564749278,2.07833692541714,87.794722695682,0.005503638199988708,CoAP,STABLE_NETWORK,Stable network with low latency and packet loss
2025-04-10T00:26:58,268.56068563904097,20.136533235460057,2.1515132981423575,91.6808499362131,0.011220923606116498,CoAP,STABLE_NETWORK,Stable network with low latency and packet loss
2025-04-10T23:31:19,186.42168804750992,21.104289876772068,1.1913489002901057,66.56564314125468,0.019767833679887593,MQTT,STABLE_NETWORK,Stable network with low latency and packet loss
2025-04-10T07:50:31,90.28153402343546,7.581191947935126,2.103983180491254,86.08104146968353,0.012444402287092282,LoRaWAN,STABLE_NETWORK,Stable network with low latency and packet loss
2025-04-10T15:10:47,389.11080732217147,19.318374135169,1.4829203271079376,69.05111375321749,0.008030256468055424,CoAP,STABLE_NETWORK,Stable network with low latency and packet loss
2025-04-10T04:38:26,557.7069201940816,11.513260342484294,2.2824579140191137,85.00738152556502,0.007154533693120595,LoRaWAN,STABLE_NETWORK,Stable network with low latency and packet loss
2025-04-10T06:33:02,3412.02859357244,11.356743366161087,1.9902679532618757,105.54517345393553,0.010948550371354792,LoRaWAN,STABLE_NETWORK,Stable network with low latency and packet loss
2025-04-10T08:12:08,2704.0250780779793,7.519598322403315,0.6418744160145948,89.51885110777326,0.006119076626788245,LoRaWAN,STABLE_NETWORK,Stable network with low latency and packet loss
2025-04-10T10:02:38,187.5707468484982,25.459604602904005,2.3786301491909705,75.32947900608723,0.01581565867615518,MQTT,STABLE_NETWORK,Stable network with low latency and packet loss
2025-04-10T01:53:14,113.02176508842271,17.63753218527124,2.0622627419090236,64.90688822955639,0.015044802319895276,MQTT,STABLE_NETWORK,Stable network with low latency and packet loss
2025-04-10T04:45:37,2078.781907880867,13.262175211691167,1.0288182945707929,91.79512222406326,0.014541669434258699,LoRaWAN,STABLE_NETWORK,Stable network with low latency and packet loss
2025-04-10T21:11:01,219.66584386079396,15.867226181404659,1.075738880669423,90.27675749560424,0.007137751911160593,CoAP,STABLE_NETWORK,Stable network with low latency and packet loss
2025-04-10T02:51:40,87.31362655295443,6.69732189473203,2.1362689588657924,75.4220026995038,0.01873059815240752,MQTT,STABLE_NETWORK,Stable network with low latency and packet loss
2025-04-10T20:29:48,234.9114148338965,19.731678169972326,3.021277571111954,53.05336227624957,0.014620669862478262,MQTT,STABLE_NETWORK,Stable network with low latency and packet loss
2025-04-10T17:42:43,74.0556298501634,23.054524720223693,1.4259693837256022,109.75234515878951,0.005808595683463425,HTTPS,STABLE_NETWORK,Stable network with low latency and packet loss
2025-04-10T19:31:00,112.169079524047,12.698130867012482,2.4114150540332666,72.75482867208719,0.01178836876610065,CoAP,STABLE_NETWORK,Stable network with low latency and packet loss
2025-04-10T21:45:38,413.16365821554353,10.635755185295828,2.103548526701973,86.727686579035,0.014623196761191063,LoRaWAN,STABLE_NETWORK,Stable network with low latency and packet loss
2025-04-10T18:46:16,75.78931314964204,13.156688282739363,2.5339193277169447,62.35185169721686,0.012293007874558594,MQTT,STABLE_NETWORK,Stable network with low latency and packet loss
2025-04-10T16:51:59,107.36497479554419,13.596986488976283,1.4603658565583717,65.0228143963618,0.0116196236237437,HTTPS,STABLE_NETWORK,Stable network with low latency and packet loss
2025-04-10T05:13:18,194.61760726953833,22.778441931260183,2.2127049788094,59.90153788049021,0.005651140930724998,CoAP,STABLE_NETWORK,Stable network with low latency and packet loss
2025-04-10T09:33:45,380.39839583278473,21.16953138574992,1.2522241423468183,69.08691867127305,0.0011772904223559897,CoAP,STABLE_NETWORK,Stable network with low latency and packet loss
2025-04-10T19:11:56,111.66133706896913,20.54092180293532,3.0445520189374786,82.07532522479332,0.006407154250009983,CoAP,STABLE_NETWORK,Stable network with low latency and packet loss
2025-04-10T11:03:15,505.4643756297718,16.038774421164295,1.8045865488006412,100.49205175620453,0.016306811172201376,LoRaWAN,STABLE_NETWORK,Stable network with low latency and packet loss
2025-04-10T18:43:59,953.8069675398627,14.990617681265865,1.8281890727216603,83.80921628908187,0.009893182982565344,CoAP,STABLE_NETWORK,Stable network with low latency and packet loss
2025-04-10T18:19:16,96.6279947824132,5.478266249478296,1.2060831091303486,67.55202645716577,0.008303802739387198,CoAP,STABLE_NETWORK,Stable network with low latency and packet loss
2025-04-10T00:28:44,155.7267016203814,11.860178239777431,0.8385234351669062,94.01473760623335,0.012961088214793947,HTTPS,STABLE_NETWORK,Stable network with low latency and packet loss
2025-04-10T12:26:29,389.47852096296646,13.976500806570167,1.3847107216346908,64.29186927687596,0.006456487767128649,CoAP,STABLE_NETWORK,Stable network with low latency and packet loss
2025-04-10T10:29:09,437.2232160259061,17.215602101992662,3.347272548931774,77.53102881674587,0.012434765152479222,CoAP,STABLE_NETWORK,Stable network with low latency and packet loss
2025-04-10T02:45:06,268.25379226324026,16.920307502118444,0.3449204611918162,75.09212514633701,0.0033284045981623453,HTTPS,STABLE_NETWORK,Stable network with low latency and packet loss
2025-04-10T20:55:07,305.4846269606166,10.145356515644611,3.5239011771896616,97.65790636444906,0.019596112016184206,LoRaWAN,STABLE_NETWORK,Stable network with low latency and packet loss
2025-04-10T23:30:52,257.2159079083709,13.580730153488538,1.2225082626910204,98.7633108262387,0.016576616246761808,HTTPS,STABLE_NETWORK,Stable network with low latency and packet loss
2025-04-10T19:33:04,69.89393199616639,11.746118729279207,3.2924774015398364,62.591106241990786,0.010513351026569482,CoAP,STABLE_NETWORK,Stable network with low latency and packet loss
2025-04-10T18:45:55,571.5720877177492,13.493256754744303,1.300029235994091,81.68054278798687,0.0099123373456211,CoAP,STABLE_NETWORK,Stable network with low latency and packet loss
2025-04-10T13:20:09,1867.3587006166513,9.06780232432222,3.401685349266984,80.23259360099144,0.01581217403231041,LoRaWAN,STABLE_NETWORK,Stable network with low latency and packet loss
2025-04-10T06:23:54,90.07961043860354,6.266083484631554,1.2290552318850203,72.71320867860999,0.01430461323396389,MQTT,STABLE_NETWORK,Stable network with low latency and packet loss
2025-04-10T23:42:10,250.40058139733864,19.34039918154362,1.217555641284575,84.3207486471245,0.012494802616605414,HTTPS,STABLE_NETWORK,Stable network with low latency and packet loss
2025-04-10T05:07:26,3314.8628541137964,16.273677248977513,1.5635556446497376,94.52217673448601,0.02272877751687486,LoRaWAN,STABLE_NETWORK,Stable network with low latency and packet loss
2025-04-10T18:39:50,3444.2396934514913,9.174018074812025,1.0267016395970905,71.613948252602,0.008783463096203356,LoRaWAN,STABLE_NETWORK,Stable network with low latency and packet loss
2025-04-10T21:40:56,221.6684538180444,16.49088425840288,2.248945911986844,77.29636750285052,0.003603226093016089,CoAP,STABLE_NETWORK,Stable network with low latency and packet loss
2025-04-10T07:01:29,335.46743436618016,11.64451110320205,1.1713681856985723,91.43176852476992,0.008828683486103613,CoAP,STABLE_NETWORK,Stable network with low latency and packet loss
2025-04-10T20:44:35,1245.6468329135566,15.3492728082636,2.345899837390967,101.05104212380463,0.011843501145288314,LoRaWAN,STABLE_NETWORK,Stable network with low latency and packet loss
2025-04-10T06:00:27,991.2289215568278,13.336670354183127,0.04890724017525638,103.36271198760613,0.006480079706304119,HTTPS,STABLE_NETWORK,Stable network with low latency and packet loss
2025-04-10T00:11:03,84.07941577955663,14.061696634257022,2.7074318870301286,93.25629318063473,0.010118085548108655,LoRaWAN,STABLE_NETWORK,Stable network with low latency and packet loss
2025-04-10T14:24:17,1303.2233674998038,19.753419459741256,1.554336146460763,81.96159864210931,0.008003462888473704,CoAP,STABLE_NETWORK,Stable network with low latency and packet loss
2025-04-10T07:31:34,226.85384045492296,26.19563089350732,1.4788612549942126,70.0419721535135,0.013204322300577899,HTTPS,STABLE_NETWORK,Stable network with low latency and packet loss
2025-04-10T01:29:15,298.5268175868377,14.3746950055143,1.082606160743567,58.565766527144305,0.02072857059730912,MQTT,STABLE_NETWORK,Stable network with low latency and packet loss
2025-04-10T16:45:16,259.08977167510557,22.87311072486902,2.2681700034157624,75.98652590555177,0.0012823358533656844,CoAP,STABLE_NETWORK,Stable network with low latency and packet loss
2025-04-10T18:14:22,474.2554267918807,24.672839278993905,2.2993215447830035,58.18463559019042,0.013195778869128594,MQTT,STABLE_NETWORK,Stable network with low latency and packet loss
2025-04-10T02:21:40,297.85392042761214,6.936399384544403,2.109552703964508,85.23766377230676,0.009591791038809803,LoRaWAN,STABLE_NETWORK,Stable network with low latency and packet loss
2025-04-10T21:25:19,55.432355686581374,8.294825575587106,1.9126585765302744,79.69465173436772,0.01417944324418347,LoRaWAN,STABLE_NETWORK,Stable network with low latency and packet loss
2025-04-10T07:50:10,80.7449327849334,19.357948056383293,1.738484422909142,73.588062850733,0.0008204954501484195,CoAP,STABLE_NETWORK,Stable network with low latency and packet loss
2025-04-10T08:29:12,104.00409544748906,13.786181789481525,2.1556975670712175,51.54119799288938,0.009762416438515728,MQTT,STABLE_NETWORK,Stable network with low latency and packet loss
2025-04-10T06:13:03,233.5842501683143,18.690584440461674,2.0322653566613975,84.3174791502727,0.009780376684388572,CoAP,STABLE_NETWORK,Stable network with low latency and packet loss
2025-04-10T02:51:32,2065.297101781512,13.62364940124015,0.9705055115907479,98.7380432032054,0.004383548237679176,LoRaWAN,STABLE_NETWORK,Stable network with low latency and packet loss
2025-04-10T20:55:46,404.8271715411555,16.79720211799947,0.9418208730087791,63.277815511647304,0.016087709267130802,MQTT,STABLE_NETWORK,Stable network with low latency and packet loss
2025-04-10T07:01:11,1052.9317418499415,12.340661177861564,0.3640371419437307,100.55261546450308,0.0186111594855424,MQTT,STABLE_NETWORK,Stable network with low latency and packet loss
2025-04-10T12:10:37,317.6900160114089,5.86855119493351,1.7664757803116393,106.71097600776181,0.006558786884928985,LoRaWAN,STABLE_NETWORK,Stable network with low latency and packet loss
2025-04-10T18:41:38,743.400729716853,19.722001187495657,1.4947531596450678,101.14830593128148,0.00821751037311298,HTTPS,STABLE_NETWORK,Stable network with low latency and packet loss
2025-04-10T18:40:19,1272.2153581943294,4.774281312434949,3.059669077556282,106.8262584832037,0.006843025252014917,LoRaWAN,STABLE_NETWORK,Stable network with low latency and packet loss
2025-04-10T22:01:09,182.78003872676362,20.859442547609614,2.0765800686520346,76.38375361281575,0.007246403397609201,CoAP,STABLE_NETWORK,Stable network with low latency and packet loss
2025-04-10T06:27:52,306.24025094940714,12.475312304263745,0.864854659186129,77.58012967787921,0.009259044996125967,CoAP,STABLE_NETWORK,Stable network with low latency and packet loss
2025-04-10T16:39:12,907.661245337041,9.333470741855606,1.5768053385330623,78.63171623651041,0.005473550810892251,LoRaWAN,STABLE_NETWORK,Stable network with low latency and packet loss
2025-04-10T17:49:35,135.50688242942226,12.20833312745189,1.6828565228944719,79.58733969707323,0.005323011148041541,LoRaWAN,STABLE_NETWORK,Stable network with low latency and packet loss
2025-04-10T17:53:24,1342.466497434236,12.297876201891665,3.0789982896864743,82.4063949472414,0.002639446436189563,LoRaWAN,STABLE_NETWORK,Stable network with low latency and packet loss
2025-04-10T15:30:46,410.72014059230315,13.577161144159211,0.8628850130879739,95.78678821481374,0.01238820319036173,HTTPS,STABLE_NETWORK,Stable network with low latency and packet loss
2025-04-10T05:28:13,100.86266070622892,14.98405817704335,2.603933087518268,64.23461094530298,0.003228278134230732,CoAP,STABLE_NETWORK,Stable network with low latency and packet loss
2025-04-10T23:58:02,3424.411431378531,10.632902384130015,1.7486275806165477,81.45142176981993,0.004300958595640462,LoRaWAN,STABLE_NETWORK,Stable network with low latency and packet loss
2025-04-10T23:00:34,314.5975328279654,16.5716192925729,1.9165269320870388,76.2362252650518,0.011061291937613727,CoAP,STABLE_NETWORK,Stable network with low latency and packet loss
2025-04-10T14:24:29,423.65699904624637,10.629435193925172,2.5468452557975163,96.4079769635783,0.008560264569756606,LoRaWAN,STABLE_NETWORK,Stable network with low latency and packet loss
2025-04-10T04:08:30,59.740837129019184,19.213812015784878,2.0142396648543417,80.22280874684769,0.014560740665143897,HTTPS,STABLE_NETWORK,Stable network with low latency and packet loss
2025-04-10T23:00:54,105.11516806039724,11.101857602258896,2.295700128309436,68.44610752004826,0.01691914506450192,MQTT,STABLE_NETWORK,Stable network with low latency and packet loss
2025-04-10T02:44:31,937.796669761348,15.57975527448262,1.9340079695867094,84.64140322514963,0.00113043369825158,LoRaWAN,STABLE_NETWORK,Stable network with low latency and packet loss
2025-04-10T20:22:26,655.5538779344143,11.10080678026078,2.7629950341521736,68.40654516575371,0.00925972843533011,CoAP,STABLE_NETWORK,Stable network with low latency and packet loss
2025-04-10T02:07:36,580.6336119227582,14.943291208069157,2.210986435080686,106.90642805145515,0.013679979428050697,LoRaWAN,STABLE_NETWORK,Stable network with low latency and packet loss
2025-04-10T14:21:28,231.85382283601888,18.521308442621226,2.2461606278485657,50.59978288219523,0.012125757731435129,MQTT,STABLE_NETWORK,Stable network with low latency and packet loss
2025-04-10T05:56:50,189.19793547134944,12.288895321086857,1.570230463960565,112.63122423160745,0.011568471672646638,LoRaWAN,STABLE_NETWORK,Stable network with low latency and packet loss
2025-04-10T13:46:08,43.200552513983,17.108671389660184,1.4836641560633996,82.26931036405907,0.008743233517383441,CoAP,STABLE_NETWORK,Stable network with low latency and packet loss
2025-04-10T00:40:17,298.4380037368626,21.95024588343259,1.0242169844831261,78.06480145392597,0.004818085085370397,HTTPS,STABLE_NETWORK,Stable network with low latency and packet loss
2025-04-10T11:00:30,270.96182131392544,19.204003212120714,1.6415113251437057,87.98137491462029,0.012867060944213624,HTTPS,STABLE_NETWORK,Stable network with low latency and packet loss
2025-04-10T17:41:26,27.764932624412687,17.576812477306525,2.241238162105735,82.1945797630252,0.00502990928559026,CoAP,STABLE_NETWORK,Stable network with low latency and packet loss
2025-04-10T02:03:53,67.41182533205411,13.12416349956899,1.6353583132386356,77.65469743743287,0.007563930098183073,CoAP,STABLE_NETWORK,Stable network with low latency and packet loss
2025-04-10T14:49:54,96.86494058355275,19.351463377748498,1.8511232012285141,63.05108256537507,0.006967688872025445,CoAP,STABLE_NETWORK,Stable network with low latency and packet loss
2025-04-10T17:22:43,3857.337297477191,12.208462329384389,2.8976012698288334,74.2179060654143,0.010288038908078261,CoAP,STABLE_NETWORK,Stable network with low latency and packet loss
2025-04-10T16:58:19,535.5427667764893,6.999674047331996,2.1870192794052716,60.61610686384543,0.004748702511477564,LoRaWAN,STABLE_NETWORK,Stable network with low latency and packet loss
2025-04-10T10:53:49,1323.1326604533074,6.38419785014691,2.968955121173714,90.46591543875674,0.018308877317448,LoRaWAN,STABLE_NETWORK,Stable network with low latency and packet loss
2025-04-10T12:42:33,442.8011608535997,20.436649946982406,2.1861511676101175,79.84200441788084,0.014809885039860866,MQTT,STABLE_NETWORK,Stable network with low latency and packet loss
2025-04-10T10:40:36,301.35348770848464,22.209972951359468,2.6525948731752003,78.59021834489909,0.011514621326072276,CoAP,STABLE_NETWORK,Stable network with low latency and packet loss
2025-04-10T09:00:00,1138.2741045259404,18.46652737771229,1.353010654753661,95.30830553618506,0.01476228988830867,HTTPS,STABLE_NETWORK,Stable network with low latency and packet loss
2025-04-10T00:36:45,445.1465880117638,19.235529765565055,1.1867471504585543,88.41837213607764,0.016373482548572134,HTTPS,STABLE_NETWORK,Stable network with low latency and packet loss
2025-04-10T19:53:47,60.67691828130743,17.867507670901603,2.0704020302185486,52.362358091634434,0.0008384809039904267,CoAP,STABLE_NETWORK,Stable network with low latency and packet loss
2025-04-10T15:18:19,1767.9476728119105,15.676544171086253,1.1679529892567755,75.9287981537708,0.012279366858613918,CoAP,STABLE_NETWORK,Stable network with low latency and packet loss
2025-04-10T14:47:22,1889.8426630587169,12.130503540169165,2.3245432856927226,91.97991102691857,0.02013980103730035,LoRaWAN,STABLE_NETWORK,Stable network with low latency and packet loss
2025-04-10T23:07:29,71.89778882710694,8.240184555729162,1.436044528692308,90.48670004443301,0.0028286227267426732,LoRaWAN,STABLE_NETWORK,Stable network with low latency and packet loss
2025-04-10T05:23:16,294.29847539061257,22.457969502897086,2.2526383978075275,85.55973171985774,0.010853736344703595,HTTPS,STABLE_NETWORK,Stable network with low latency and packet loss
2025-04-10T12:39:10,281.05678058893176,13.179320488857813,2.672995383179933,95.34393627348452,0.0034199830544865096,LoRaWAN,STABLE_NETWORK,Stable network with low latency and packet loss
2025-04-10T16:01:13,209.96529410715306,11.14658615803023,1.5828812276169992,99.60855483553536,0.0023971905325289138,LoRaWAN,STABLE_NETWORK,Stable network with low latency and packet loss
2025-04-10T09:40:44,96.60862681938599,10.528772087917892,1.280368071794328,95.59943122023795,0.013478649689351098,LoRaWAN,STABLE_NETWORK,Stable network with low latency and packet loss
2025-04-10T05:39:44,55.65641968948303,17.688208577902422,2.12965575118059,80.79887724787358,0.010638480443540117,CoAP,STABLE_NETWORK,Stable network with low latency and packet loss
2025-04-10T06:49:23,76.71084345580829,16.672605634902723,1.8185090730214943,80.44143037801004,0.0046185783977359405,CoAP,STABLE_NETWORK,Stable network with low latency and packet loss
2025-04-10T06:33:17,220.37353222394765,17.16540987511901,3.1471995849780607,53.44522336504413,0.005093648111199284,CoAP,STABLE_NETWORK,Stable network with low latency and packet loss
2025-04-10T03:24:42,139.51996170756917,11.749385338083897,2.2855931585286053,72.21752902778753,0.013565402348232619,MQTT,STABLE_NETWORK,Stable network with low latency and packet loss
2025-04-10T04:27:37,73.72945468585468,11.696115091358323,2.4071325436015023,84.33282709280782,0.003360906597701255,LoRaWAN,STABLE_NETWORK,Stable network with low latency and packet loss
2025-04-10T07:05:43,612.717508096178,10.637823866989741,1.016095942267805,66.34439145523224,0.015895970101492483,MQTT,STABLE_NETWORK,Stable network with low latency and packet loss
2025-04-10T10:18:17,579.0375313327936,14.846055388575278,1.7829025559105978,92.92762813563948,0.012607392044840949,LoRaWAN,STABLE_NETWORK,Stable network with low latency and packet loss
2025-04-10T22:30:59,170.88114015798035,21.64624788081887,3.271154915684089,75.97209681243795,0.011565077295129636,CoAP,STABLE_NETWORK,Stable network with low latency and packet loss
2025-04-10T09:30:26,191.90801738615275,15.544518468946771,2.4295538549884483,63.62115150595719,0.01684479802533498,MQTT,STABLE_NETWORK,Stable network with low latency and packet loss
2025-04-10T13:55:46,150.81893216689534,8.613086811239073,0.37451926640978805,93.71812370625382,0.011122673850729965,LoRaWAN,STABLE_NETWORK,Stable network with low latency and packet loss
2025-04-10T01:23:26,1292.6857511375572,6.808404652014538,1.401533095209047,71.32717388766906,0.007188458158860667,LoRaWAN,STABLE_NETWORK,Stable network with low latency and packet loss
2025-04-10T09:46:33,420.5686908971029,14.36528884470599,1.28426924813904,91.30569576396367,0.011726902123923199,LoRaWAN,STABLE_NETWORK,Stable network with low latency and packet loss
2025-04-10T03:40:28,338.8128519457772,11.012352287739734,2.460347459133609,59.38261049201909,0.009792524841032171,CoAP,STABLE_NETWORK,Stable network with low latency and packet loss
2025-04-10T14:57:14,2005.2298506290815,12.879792676208671,1.9266026767021303,79.87802252992942,0.011263639606890018,LoRaWAN,STABLE_NETWORK,Stable network with low latency and packet loss
2025-04-10T19:48:32,271.3207308126303,25.831628063309186,1.0597722668414784,80.79910746082459,0.007022683815521401,HTTPS,STABLE_NETWORK,Stable network with low latency and packet loss
2025-04-10T08:40:49,433.339580386925,13.893821639166788,2.767913436979413,85.48184218806142,0.010993515153264823,LoRaWAN,STABLE_NETWORK,Stable network with low latency and packet loss
2025-04-10T12:10:41,510.9437051303966,18.731782364725166,2.8530229615626475,47.8659247519903,0.013035372225465636,MQTT,STABLE_NETWORK,Stable network with low latency and packet loss
2025-04-10T13:32:28,398.6500935665546,18.606553767197493,1.6273058228809827,75.6599613826044,0.01701665590822196,MQTT,STABLE_NETWORK,Stable network with low latency and packet loss
2025-04-10T14:32:28,1119.9077721841024,10.21770805231844,1.8502859836551013,98.86831326474305,0.010427513703876826,LoRaWAN,STABLE_NETWORK,Stable network with low latency and packet loss
2025-04-10T10:26:02,176.01786285336394,16.59673129313768,2.956862576952801,68.14652553164233,0.013049474589935389,CoAP,STABLE_NETWORK,Stable network with low latency and packet loss
2025-04-10T20:35:10,1316.0979030489739,16.646794653332876,1.7337037101658415,101.02837612415509,0.01126036820968959,LoRaWAN,STABLE_NETWORK,Stable network with low latency and packet loss
2025-04-10T06:56:44,208.03997616692754,11.351554360177927,2.070938570891244,82.40184374811146,0.007406646871530224,LoRaWAN,STABLE_NETWORK,Stable network with low latency and packet loss
2025-04-10T18:28:01,124.85375511642002,19.133789485114168,1.7691733232811306,79.16547792723881,0.010251259484600867,HTTPS,STABLE_NETWORK,Stable network with low latency and packet loss
2025-04-10T14:35:54,844.7041504636031,6.981322788946669,2.0125551009741356,78.70860764281754,0.009868285482654116,LoRaWAN,STABLE_NETWORK,Stable network with low latency and packet loss
2025-04-10T11:01:39,30.31626743339675,18.80504919145143,2.8197452664147797,103.4369891965897,0.004415547051603197,LoRaWAN,STABLE_NETWORK,Stable network with low latency and packet loss
2025-04-10T21:45:08,41.633312880483594,3.532417468763313,1.2052381423532705,102.26152016342382,0.012490785947412538,LoRaWAN,STABLE_NETWORK,Stable network with low latency and packet loss
2025-04-10T04:14:31,840.6430383178581,12.405015833037147,0.5936386493542294,81.03716689909412,0.011188555181149683,MQTT,STABLE_NETWORK,Stable network with low latency and packet loss
2025-04-10T07:54:25,15.66178744034881,10.887376616375322,1.4250962140181205,83.94360900737145,0.013646199911974587,MQTT,STABLE_NETWORK,Stable network with low latency and packet loss
2025-04-10T13:09:22,764.5554831572758,20.6120370076642,3.208652202508519,74.33268223268514,0.00980712582593842,CoAP,STABLE_NETWORK,Stable network with low latency and packet loss
2025-04-10T13:35:04,300.0498367914046,15.364900332304295,2.152562400168095,85.23604271154966,0.002441550516279422,LoRaWAN,STABLE_NETWORK,Stable network with low latency and packet loss
2025-04-10T22:40:30,344.2775746000088,17.18729069474156,2.417278711487967,80.6249038414824,0.0150636021178565,LoRaWAN,STABLE_NETWORK,Stable network with low latency and packet loss
2025-04-10T14:30:14,3579.340681455641,11.83716275108852,1.3581316011188298,76.23780966166197,0.0021393708134871074,LoRaWAN,STABLE_NETWORK,Stable network with low latency and packet loss
2025-04-10T20:18:09,173.0242141821022,22.300091103324196,1.1961956699657619,63.08995893142183,0.00788818013801275,HTTPS,STABLE_NETWORK,Stable network with low latency and packet loss
2025-04-10T22:08:55,276.842527775354,25.38189927463851,1.4301631098266099,103.74045365100768,0.008648716147316216,HTTPS,STABLE_NETWORK,Stable network with low latency and packet loss
2025-04-10T17:46:55,906.2250928507788,21.34748793696004,1.5349829453557802,87.0472479251602,0.007130690103603864,HTTPS,STABLE_NETWORK,Stable network with low latency and packet loss
2025-04-10T00:58:43,582.2669351884039,9.822536527623079,3.1458038077635737,64.64373357654112,0.010098496580362415,LoRaWAN,STABLE_NETWORK,Stable network with low latency and packet loss
2025-04-10T08:58:31,191.77392350747235,15.271420086191865,2.724587505278839,68.41559017813607,0.008717020050261868,CoAP,STABLE_NETWORK,Stable network with low latency and packet loss
2025-04-10T06:57:16,697.72080181866,14.890324257009167,2.4281448872715408,85.14690174945659,0.013317200159237558,LoRaWAN,STABLE_NETWORK,Stable network with low latency and packet loss
2025-04-10T14:29:43,61.091061497429585,20.438900943906937,2.254567496206541,96.50426243478744,0.010789998210953177,HTTPS,STABLE_NETWORK,Stable network with low latency and packet loss
2025-04-10T05:06:34,800.6717027662642,5.512081683378426,2.4529484464641618,83.61407036442175,0.017133319196669418,LoRaWAN,STABLE_NETWORK,Stable network with low latency and packet loss
2025-04-10T06:02:16,353.8933418628288,13.869725808383157,2.656683416285751,86.77221951619478,0.016774258544929574,LoRaWAN,STABLE_NETWORK,Stable network with low latency and packet loss
2025-04-10T20:33:50,608.6134988396918,24.120826903055626,3.562044965165482,96.530079067131,0.013300503166765754,LoRaWAN,STABLE_NETWORK,Stable network with low latency and packet loss
2025-04-10T02:42:16,255.50927981721728,15.672841200400345,3.1103406547846255,107.9360538687761,0.013402520522112521,LoRaWAN,STABLE_NETWORK,Stable network with low latency and packet loss
2025-04-10T00:17:38,226.10402537506567,19.539440002351228,1.1663291958886743,86.97476544086815,0.013425687107657796,HTTPS,STABLE_NETWORK,Stable network with low latency and packet loss
2025-04-10T21:18:38,309.74321661338854,12.109559072162618,1.979660855555961,97.42115455771142,0.004763403108927256,LoRaWAN,STABLE_NETWORK,Stable network with low latency and packet loss
2025-04-10T01:54:57,409.6641586687577,28.004496640066495,1.2236926388085219,105.58856415962077,0.0015574733755950726,HTTPS,STABLE_NETWORK,Stable network with low latency and packet loss
2025-04-10T06:16:53,105.65986554388219,12.987583947463854,2.022216357188886,81.11879291514424,0.006721631095793606,LoRaWAN,STABLE_NETWORK,Stable network with low latency and packet loss
2025-04-10T15:02:03,173.910867186328,19.8199289768824,2.807945839419537,81.99059723264081,0.00037654791793230447,LoRaWAN,STABLE_NETWORK,Stable network with low latency and packet loss
2025-04-10T17:16:27,260.5792575931392,15.384762256572929,2.2570436771971703,72.63896947557178,0.010787309511421343,CoAP,STABLE_NETWORK,Stable network with low latency and packet loss
2025-04-10T04:54:25,346.9275523219735,13.30223057485895,1.9647754232144776,64.06776416526719,0.013367710290678837,MQTT,STABLE_NETWORK,Stable network with low latency and packet loss
2025-04-10T08:52:48,890.404645914525,21.439302322994582,2.4297196943742883,57.08942749539296,0.006741767796481285,CoAP,STABLE_NETWORK,Stable network with low latency and packet loss
2025-04-10T03:38:05,117.43123053861424,21.343017128793804,2.61386630048013,48.79381777786792,0.007310111668199569,MQTT,STABLE_NETWORK,Stable network with low latency and packet loss
2025-04-10T21:11:11,1092.0345762280576,23.13866886943805,2.7836017964588664,102.31837023187713,0.010108900405863529,LoRaWAN,STABLE_NETWORK,Stable network with low latency and packet loss
2025-04-10T16:26:11,81.88011608876397,17.459276610925116,1.8484226753590012,61.69179325160374,0.006700010452228172,HTTPS,STABLE_NETWORK,Stable network with low latency and packet loss
2025-04-10T00:37:35,35.13924138335668,5.9433623190234215,1.5329942911512795,96.17641277154694,0.009724432127959082,LoRaWAN,STABLE_NETWORK,Stable network with low latency and packet loss
2025-04-10T11:19:16,157.7854794412544,19.503983106918103,1.3965415798695955,88.48208656242953,0.015445103105913852,MQTT,STABLE_NETWORK,Stable network with low latency and packet loss
2025-04-10T06:09:53,496.7164876796122,16.203564157197302,2.551152355075059,72.94241294966923,0.008214821657631224,CoAP,STABLE_NETWORK,Stable network with low latency and packet loss
2025-04-10T19:58:06,231.94669890347743,12.289945380100727,2.3082899222323072,95.7237247301336,0.0198967263236977,LoRaWAN,STABLE_NETWORK,Stable network with low latency and packet loss
2025-04-10T02:28:38,463.48659444787495,23.45572247700731,3.470925225111854,84.74040000518208,0.013509452184607185,LoRaWAN,STABLE_NETWORK,Stable network with low latency and packet loss
2025-04-10T15:05:28,241.82137971039316,16.80011216544069,1.4616757666690605,82.32464541325676,0.003960721865648903,CoAP,STABLE_NETWORK,Stable network with low latency and packet loss
2025-04-10T15:37:15,167.37486048075547,14.640130919925229,1.2604056700115105,83.73686003303429,0.010544051856830987,MQTT,STABLE_NETWORK,Stable network with low latency and packet loss
2025-04-10T20:03:20,80.01101817731526,10.871223909335852,1.3274754432119678,93.52843942466222,0.010278580962730741,LoRaWAN,STABLE_NETWORK,Stable network with low latency and packet loss
2025-04-10T13:22:49,214.56749218972297,11.059769373103894,0.8284286311623632,76.04505485932303,0.009078531422002113,MQTT,STABLE_NETWORK,Stable network with low latency and packet loss
2025-04-10T05:03:39,205.28501426248795,20.590163332174484,1.5396691341728386,107.22153230989503,0.007909821908495387,HTTPS,STABLE_NETWORK,Stable network with low latency and packet loss
2025-04-10T22:01:45,214.99048439174672,17.04496413205045,3.003314568048374,71.63806386965733,0.0012336064202045343,LoRaWAN,STABLE_NETWORK,Stable network with low latency and packet loss
2025-04-10T04:39:04,147.09493955962742,27.82974390067099,2.1433971530882814,56.12570565467081,0.013460815757897301,HTTPS,STABLE_NETWORK,Stable network with low latency and packet loss
2025-04-10T13:57:23,289.7394767830611,15.274357766439913,3.1224299481628375,81.32538088099356,0.001149021078171504,LoRaWAN,STABLE_NETWORK,Stable network with low latency and packet loss
2025-04-10T16:53:47,615.4370778011556,14.060589229867258,2.018586139556512,73.64052254621654,0.01521085219735729,MQTT,STABLE_NETWORK,Stable network with low latency and packet loss
2025-04-10T02:08:57,89.967189565622,2.615360459946221,0.23040943831993022,97.47718475188087,0.014369268903910413,LoRaWAN,STABLE_NETWORK,Stable network with low latency and packet loss
2025-04-10T15:52:27,402.18705778811466,12.348134308178828,2.2903952135173666,77.21388553824278,0.013688078120045704,LoRaWAN,STABLE_NETWORK,Stable network with low latency and packet loss
2025-04-10T06:51:45,1010.940920237264,23.920778241843916,2.0724988362512695,67.05527562329169,0.011553059026257204,HTTPS,STABLE_NETWORK,Stable network with low latency and packet loss
2025-04-10T20:42:17,21.442261841829282,22.35571727971459,2.207277374848844,97.40664500329335,0.013158557040037499,HTTPS,STABLE_NETWORK,Stable network with low latency and packet loss
2025-04-10T02:44:57,69.88719858441327,24.982741605378244,1.799710687202895,71.91509497778925,0.002385343559193875,HTTPS,STABLE_NETWORK,Stable network with low latency and packet loss
2025-04-10T23:50:53,211.7550852276817,2.8785834117306393,0.08473907466099662,77.47067709555473,0.010479796353955875,MQTT,STABLE_NETWORK,Stable network with low latency and packet loss
2025-04-10T01:10:33,127.71519957813014,14.336725136594627,3.17845974133321,88.61777290882479,0.013030782083816389,LoRaWAN,STABLE_NETWORK,Stable network with low latency and packet loss
2025-04-10T03:43:26,498.3819587732702,18.29836932381017,2.2673893163695436,82.02003449527713,0.01304609843757552,LoRaWAN,STABLE_NETWORK,Stable network with low latency and packet loss
2025-04-10T18:38:15,736.2816079436224,26.67218531307511,2.3949932814964443,79.04218190343806,0.011549161170359855,HTTPS,STABLE_NETWORK,Stable network with low latency and packet loss
2025-04-10T14:56:06,201.08448677239977,19.99496143243265,3.0375715734709763,87.84888040795542,0.009581199086881391,LoRaWAN,STABLE_NETWORK,Stable network with low latency and packet loss
2025-04-10T21:15:51,267.0933619442436,15.717067583207683,2.3599571157199835,79.51255017296425,0.005341803197120963,LoRaWAN,STABLE_NETWORK,Stable network with low latency and packet loss
2025-04-10T02:21:19,36.33086097612145,13.800836995455652,0.9158783242413913,75.96516649497968,0.01698785456168507,MQTT,STABLE_NETWORK,Stable network with low latency and packet loss
2025-04-10T10:20:49,168.1165550113141,8.25747581758275,2.032764693151959,74.58881821615319,0.007340649997790823,LoRaWAN,STABLE_NETWORK,Stable network with low latency and packet loss
2025-04-10T12:06:15,104.47812139406315,11.456154120855809,1.527892416879008,57.43427183687308,0.02072696593005372,MQTT,STABLE_NETWORK,Stable network with low latency and packet loss
2025-04-10T09:37:28,2240.1219613182743,9.448040270421494,0.2858490865055625,83.83296276179688,0.009639860190718604,LoRaWAN,STABLE_NETWORK,Stable network with low latency and packet loss
2025-04-10T19:09:11,928.7750444511269,14.403958807518636,3.4835806720404183,79.82015678020272,0.013337927983898153,LoRaWAN,STABLE_NETWORK,Stable network with low latency and packet loss
2025-04-10T19:51:21,171.8642573529063,15.799839981460902,3.547168227413298,88.874846042464,0.010275101119252651,LoRaWAN,STABLE_NETWORK,Stable network with low latency and packet loss
2025-04-10T18:30:16,4106.972814058534,13.146842778298076,1.0775442329869553,73.25979226824808,0.02062713473996227,MQTT,STABLE_NETWORK,Stable network with low latency and packet loss
2025-04-10T14:52:17,2936.981060088339,14.288291972774733,2.3016416146329792,85.57112937356946,0.010668999288062704,LoRaWAN,STABLE_NETWORK,Stable network with low latency and packet loss
2025-04-10T12:42:30,26.57555867732471,7.98868066486464,3.025258970393944,73.24176774304615,0.014900841402193945,LoRaWAN,STABLE_NETWORK,Stable network with low latency and packet loss
2025-04-10T01:38:44,265.3852502944112,22.918682082544,0.4021012338343919,114.0414697076086,0.01572634377626949,HTTPS,STABLE_NETWORK,Stable network with low latency and packet loss
2025-04-10T12:39:03,129.82878866124977,13.8797040097683,1.114397943127937,82.28195438703865,0.012013302434817028,MQTT,STABLE_NETWORK,Stable network with low latency and packet loss
2025-04-10T19:29:09,1351.9928034015013,10.047380773347097,1.336728523147209,80.26032316913331,0.015547829059100848,LoRaWAN,STABLE_NETWORK,Stable network with low latency and packet loss
2025-04-10T16:20:59,2550.8976166262014,19.03374407843727,3.36877002473733,92.85123890102696,0.01065515089274687,CoAP,STABLE_NETWORK,Stable network with low latency and packet loss
2025-04-10T01:27:10,244.17910639286032,15.665025859941652,2.0936297527480225,69.96869070370533,0.009650145314126434,MQTT,STABLE_NETWORK,Stable network with low latency and packet loss
2025-04-10T04:12:12,187.76004659793307,24.82979905486364,2.5724549589663095,62.358248114933986,0.012170488680184683,MQTT,STABLE_NETWORK,Stable network with low latency and packet loss
2025-04-10T07:48:25,1495.2071372009627,21.593402955481018,3.305333844443604,53.92380201542612,0.004383838139588889,CoAP,STABLE_NETWORK,Stable network with low latency and packet loss
2025-04-10T18:24:57,162.7546569933695,20.462178443439328,0.5756603624068808,82.99091376040718,0.006393795578456289,HTTPS,STABLE_NETWORK,Stable network with low latency and packet loss
2025-04-10T06:45:10,610.4251924085289,13.476173341889051,3.8982847738280384,66.46059753230823,0.011410119372720004,LoRaWAN,STABLE_NETWORK,Stable network with low latency and packet loss
2025-04-10T14:57:21,229.30916035611946,17.4676715882232,3.0494312003947908,77.54604448239215,0.009673740722393152,LoRaWAN,STABLE_NETWORK,Stable network with low latency and packet loss
2025-04-10T06:12:58,1781.11602987822,21.096744813941097,1.3326107450425102,90.72863995931135,0.005357567112028372,HTTPS,STABLE_NETWORK,Stable network with low latency and packet loss
2025-04-10T10:59:26,75.24705122104915,13.87910694151496,2.0104129597763536,84.7511037824337,0.01068039217094302,LoRaWAN,STABLE_NETWORK,Stable network with low latency and packet loss
2025-04-10T13:57:20,435.6730409262317,27.305154113482992,1.4410884716122032,83.74779044207929,0.015255054253746049,MQTT,STABLE_NETWORK,Stable network with low latency and packet loss
2025-04-10T14:42:52,505.24211569915053,11.60439913815752,1.4841319727892313,73.1893479821351,0.00792425117257717,LoRaWAN,STABLE_NETWORK,Stable network with low latency and packet loss
2025-04-10T08:26:50,2528.8096828787075,20.360896578553383,1.2652347974934903,102.58242883825432,0.013945326115451429,LoRaWAN,STABLE_NETWORK,Stable network with low latency and packet loss
2025-04-10T15:04:25,155.9735285740959,9.986294402596831,2.4973538889475613,61.26391395766045,0.0031699747719107097,LoRaWAN,STABLE_NETWORK,Stable network with low latency and packet loss
2025-04-10T09:58:10,152.00285529547233,19.05038061537769,1.4270929592314734,92.02423235815306,0.00733162979044725,HTTPS,STABLE_NETWORK,Stable network with low latency and packet loss
2025-04-10T19:36:33,108.86855538565389,12.676561417523725,1.7843564446638351,104.56957034134469,0.004484251474207538,LoRaWAN,STABLE_NETWORK,Stable network with low latency and packet loss
2025-04-10T07:14:19,179.236036384672,23.19650332522362,1.8799874579491653,85.48304058841278,0.00800019233848372,HTTPS,STABLE_NETWORK,Stable network with low latency and packet loss
2025-04-10T02:08:13,2188.0555335162867,15.938775389702561,2.2335344466603564,66.10637424176475,0.0039127052298567515,LoRaWAN,STABLE_NETWORK,Stable network with low latency and packet loss
2025-04-10T11:35:27,454.97719210137683,20.922299694814445,2.7456044295115296,76.19685521259824,0.008257696156126109,CoAP,STABLE_NETWORK,Stable network with low latency and packet loss
2025-04-10T02:25:58,118.20794553335058,19.29310822429465,1.9597289884644857,62.767530968118756,0.017256605068973984,MQTT,STABLE_NETWORK,Stable network with low latency and packet loss
2025-04-10T02:15:46,381.32977440885793,26.630896280538725,2.762395241136011,66.05824807885115,0.013025904764043786,MQTT,STABLE_NETWORK,Stable network with low latency and packet loss
2025-04-10T15:54:30,227.95022949926147,13.055596823236291,2.1811759323116595,83.22108257813255,0.016172896544545252,LoRaWAN,STABLE_NETWORK,Stable network with low latency and packet loss
2025-04-10T20:49:04,900.4355281099661,23.668391199088855,2.737113557911887,72.87112475193028,0.019036365409332363,MQTT,STABLE_NETWORK,Stable network with low latency and packet loss
2025-04-10T06:28:46,443.9286105136519,11.105817904789202,1.4856660331723797,53.70114717220105,0.005956941694941918,MQTT,STABLE_NETWORK,Stable network with low latency and packet loss
2025-04-10T16:19:59,246.02820724135702,9.167185886262939,0.9622267355599485,92.22180499502615,0.0038676149013058495,LoRaWAN,STABLE_NETWORK,Stable network with low latency and packet loss
2025-04-10T04:17:50,47.43812077552698,14.179689123390503,0.9270952078033123,68.70216219356391,0.009116994854402677,MQTT,STABLE_NETWORK,Stable network with low latency and packet loss
2025-04-10T14:32:01,634.2820695786785,14.659685385757218,0.4556866124550305,72.24502466610188,0.012558963318566032,MQTT,STABLE_NETWORK,Stable network with low latency and packet loss
2025-04-10T03:08:03,381.52779673564504,17.143585759852343,0.9708179647219655,39.9522411075901,0.0038343457476645512,MQTT,STABLE_NETWORK,Stable network with low latency and packet loss
2025-04-10T07:37:44,45.57673044280611,17.48833941830582,0.6096141277450786,81.96169110427621,0.00911601490206662,HTTPS,STABLE_NETWORK,Stable network with low latency and packet loss
2025-04-10T21:37:24,544.0368662485351,9.890262047893515,2.339888786965774,102.8807894822353,0.010384554920268454,LoRaWAN,STABLE_NETWORK,Stable network with low latency and packet loss
2025-04-10T12:59:51,225.18748549804647,20.165683084780184,2.064980075871395,100.27069542971554,0.00751685993893075,LoRaWAN,STABLE_NETWORK,Stable network with low latency and packet loss
2025-04-10T11:00:47,28.21651523606983,21.5869071331033,2.568368371385909,97.95566379758355,0.014855812254290501,LoRaWAN,STABLE_NETWORK,Stable network with low latency and packet loss
2025-04-10T04:00:13,375.7150335251283,16.78577857937175,2.8751871077231494,63.909362418258304,0.005552780341066225,LoRaWAN,STABLE_NETWORK,Stable network with low latency and packet loss
2025-04-10T20:39:42,460.713901815447,3.8879301817524117,0.7072284542659384,64.60440029392515,0.006363174022525454,MQTT,STABLE_NETWORK,Stable network with low latency and packet loss
2025-04-10T03:03:37,190.56204385405238,11.270573401174904,2.000675063628724,88.40956067948296,0.005615180154478458,LoRaWAN,STABLE_NETWORK,Stable network with low latency and packet loss
2025-04-10T14:50:23,148.88703702001328,17.12362594398265,2.427139794124458,100.41002993675873,0.016200242435094277,LoRaWAN,STABLE_NETWORK,Stable network with low latency and packet loss
2025-04-10T17:15:45,52.58179420652716,18.415284863450893,0.8752540937681605,67.5021911151194,0.01090289584504437,HTTPS,STABLE_NETWORK,Stable network with low latency and packet loss
2025-04-10T02:02:35,254.3089238473929,11.165649089470197,0.16947297879628276,81.91698919997764,0.0021270017777832145,CoAP,STABLE_NETWORK,Stable network with low latency and packet loss
2025-04-10T02:26:37,42.50468846010011,15.730471886926582,1.870474238170448,93.06241350674166,0.007657087708751852,LoRaWAN,STABLE_NETWORK,Stable network with low latency and packet loss
2025-04-10T12:36:55,523.0180264590937,12.928266326456184,2.9338541844233075,95.6375907866959,0.004667199911155385,LoRaWAN,STABLE_NETWORK,Stable network with low latency and packet loss
2025-04-10T03:48:20,269.1359057033358,15.83044319525018,1.6410103757080352,89.36082306863605,0.004804167915706299,LoRaWAN,STABLE_NETWORK,Stable network with low latency and packet loss
2025-04-10T06:33:26,612.2940743584228,10.074239031788151,2.2469780665619856,89.90908661180555,0.00823888102986503,LoRaWAN,STABLE_NETWORK,Stable network with low latency and packet loss
2025-04-10T15:14:55,132.29078896264724,14.093231445905179,0.9981110642945699,58.77493985723514,0.0076641368833946216,MQTT,STABLE_NETWORK,Stable network with low latency and packet loss
2025-04-10T13:13:26,147.9477349494868,12.004320792399998,2.6930696913105168,72.15535383451846,0.010086884312826101,LoRaWAN,STABLE_NETWORK,Stable network with low latency and packet loss
2025-04-10T07:53:18,80.4328454772777,17.853908394622604,2.5306895347567493,74.63097565560385,0.0021437632347334444,LoRaWAN,STABLE_NETWORK,Stable network with low latency and packet loss
2025-04-10T13:04:26,448.96567150179897,16.68190874754718,2.282643640854646,87.84965047304497,0.005682443126357735,LoRaWAN,STABLE_NETWORK,Stable network with low latency and packet loss
2025-04-10T16:01:31,843.2803760936852,11.127328203086709,1.5982278665904748,78.63209695614411,0.010181115974223194,LoRaWAN,STABLE_NETWORK,Stable network with low latency and packet loss
2025-04-10T10:52:07,302.7709239347641,18.668082386387546,2.1956291677301505,92.74839547993841,0.004423921311957199,LoRaWAN,STABLE_NETWORK,Stable network with low latency and packet loss
2025-04-10T23:50:10,528.275574463451,15.864144804115966,1.7321915543616362,60.026277535883125,0.005291500916164114,CoAP,STABLE_NETWORK,Stable network with low latency and packet loss
2025-04-10T23:30:32,6771.105704056579,12.982726701589996,1.6171301162155687,40.703918585925116,0.008934950104974538,CoAP,STABLE_NETWORK,Stable network with low latency and packet loss
2025-04-10T01:46:25,416.6860596499192,14.47851190923681,2.7030196073189243,107.54659252766253,0.019775673867482055,LoRaWAN,STABLE_NETWORK,Stable network with low latency and packet loss
2025-04-10T18:27:51,3480.1440221462235,11.746346218015006,2.904002143587811,81.77246311276649,0.018929220148129026,LoRaWAN,STABLE_NETWORK,Stable network with low latency and packet loss
2025-04-10T17:57:33,117.9925268912534,7.016036342788061,2.283298735205936,62.27641354306959,0.0101446372669554,MQTT,STABLE_NETWORK,Stable network with low latency and packet loss
2025-04-10T19:33:26,326.2875123459144,7.030847416859521,1.970738877603883,79.54961761063493,0.005645246203549054,LoRaWAN,STABLE_NETWORK,Stable network with low latency and packet loss
2025-04-10T04:53:30,63.15410187386056,10.448133830834688,2.308552972119448,94.81317745181413,0.014711605152344886,LoRaWAN,STABLE_NETWORK,Stable network with low latency and packet loss
2025-04-10T19:06:36,376.86692843129856,17.69153567482144,0.1263311798970963,55.350514703596176,0.0030360228715850006,MQTT,STABLE_NETWORK,Stable network with low latency and packet loss
2025-04-10T19:12:34,86.97134523608028,17.26563962907796,2.3991875794643476,59.71954059419723,0.00776829828226311,MQTT,STABLE_NETWORK,Stable network with low latency and packet loss
2025-04-10T06:03:17,360.1234481407964,14.240071972692602,2.666332884465614,59.21180422885822,0.00912627906461156,MQTT,STABLE_NETWORK,Stable network with low latency and packet loss
2025-04-10T02:31:31,978.6528535460583,27.14432337734201,2.882671201930639,63.708150520985996,0.008405384377969836,CoAP,STABLE_NETWORK,Stable network with low latency and packet loss
2025-04-10T12:39:03,858.6868556197281,18.853850655711245,2.2134656015853773,109.02248097837422,0.01022687516589054,LoRaWAN,STABLE_NETWORK,Stable network with low latency and packet loss
2025-04-10T18:50:56,179.2109825063627,13.283465297891599,2.3262089934785974,73.28276443095297,0.01913007078159595,MQTT,STABLE_NETWORK,Stable network with low latency and packet loss
2025-04-10T09:49:59,61.39013466461037,13.110999228998638,2.0513489545355563,89.37636539884157,0.001324458915359046,LoRaWAN,STABLE_NETWORK,Stable network with low latency and packet loss
2025-04-10T10:18:39,710.7721878887401,17.444543286069944,2.47058149132346,92.61992601926725,0.014224116091028183,LoRaWAN,STABLE_NETWORK,Stable network with low latency and packet loss
2025-04-10T17:13:34,412.02974694735553,12.273955972341218,2.4775223441878014,83.6848725455149,0.010485775886727994,LoRaWAN,STABLE_NETWORK,Stable network with low latency and packet loss
2025-04-10T07:35:45,397.7175937475292,13.58887327834773,0.8779399878177911,63.17196241648386,0.011907128697473924,MQTT,STABLE_NETWORK,Stable network with low latency and packet loss
2025-04-10T01:10:18,105.91718604693415,8.220484569006842,1.9823246194372235,71.47074780655308,0.01025849698428997,MQTT,STABLE_NETWORK,Stable network with low latency and packet loss
2025-04-10T15:05:18,970.6927995628625,13.742537782365684,2.5669041590039763,92.38707507915267,0.006894390705858473,LoRaWAN,STABLE_NETWORK,Stable network with low latency and packet loss
2025-04-10T10:30:35,563.1902295244462,17.919135817074487,1.8711472431137828,102.79034010481222,0.008685577678390044,LoRaWAN,STABLE_NETWORK,Stable network with low latency and packet loss
2025-04-10T00:18:48,179.53427783992043,16.167063480439577,1.2209649868901966,65.42373271521393,0.00698740157288608,MQTT,STABLE_NETWORK,Stable network with low latency and packet loss
2025-04-10T05:53:59,629.8900427238983,8.236836211925946,1.6167544595559757,60.08655627855674,0.01381542936487048,MQTT,STABLE_NETWORK,Stable network with low latency and packet loss
2025-04-10T17:30:08,990.8573391768401,19.24764170050681,2.737289761393777,93.51276034174512,0.0005537902199381165,LoRaWAN,STABLE_NETWORK,Stable network with low latency and packet loss
2025-04-10T04:02:33,198.26060483862588,6.779496057631279,2.2819807041697544,125.34465224679026,0.0025648253999210387,LoRaWAN,STABLE_NETWORK,Stable network with low latency and packet loss
2025-04-10T22:22:02,447.11748180595475,12.820865193690155,2.1561228974198023,88.57935505654163,0.010734190852277996,LoRaWAN,STABLE_NETWORK,Stable network with low latency and packet loss
2025-04-10T12:51:29,103.27926588051092,15.918480991430474,2.7055868066534865,94.38753191662705,0.008760020050123555,LoRaWAN,STABLE_NETWORK,Stable network with low latency and packet loss
2025-04-10T02:45:17,161.01861520834868,8.500564351569288,0.7947944823530719,62.276172976380124,0.00995852866760365,MQTT,STABLE_NETWORK,Stable network with low latency and packet loss
2025-04-10T10:33:01,32.763668663214304,16.821111651765015,2.12217140388251,97.51995957229255,0.005965756308159365,LoRaWAN,STABLE_NETWORK,Stable network with low latency and packet loss
2025-04-10T11:12:03,52.372294149802,13.910417700776144,1.629465823678399,48.899023695962256,0.013008220211090521,MQTT,STABLE_NETWORK,Stable network with low latency and packet loss
2025-04-10T01:18:31,121.44026299682467,16.0687121765504,1.025739838104127,92.8346062668105,0.010679077156261674,MQTT,STABLE_NETWORK,Stable network with low latency and packet loss
2025-04-10T12:31:36,275.2944872886125,14.922933124940993,3.1938938545158573,111.37268599841819,0.006140260193159225,LoRaWAN,STABLE_NETWORK,Stable network with low latency and packet loss
2025-04-10T09:56:04,1370.6631897069403,14.509655723806972,2.315416699749696,77.75503445961269,0.019406520278461258,LoRaWAN,STABLE_NETWORK,Stable network with low latency and packet loss
2025-04-10T02:22:45,157.99976200916123,14.935717391294805,2.8137122377819055,86.4619919637154,0.009270507378380158,LoRaWAN,STABLE_NETWORK,Stable network with low latency and packet loss
2025-04-10T06:15:47,449.80809640766506,15.00187166694291,3.484926046644978,70.01170144257827,0.01576113074600334,LoRaWAN,STABLE_NETWORK,Stable network with low latency and packet loss
2025-04-10T22:43:57,190.22063619391366,15.827815089189702,0.9692756165378569,56.72484979081082,0.011573857967139153,MQTT,STABLE_NETWORK,Stable network with low latency and packet loss
2025-04-10T10:35:55,1575.8808573076333,8.771247317427656,1.0595638476939926,80.10695028799533,0.010608002652775209,LoRaWAN,STABLE_NETWORK,Stable network with low latency and packet loss
2025-04-10T04:51:38,407.3591096730834,13.39356337501059,2.4095342054053677,64.64904690178571,0.0036291841702988225,CoAP,STABLE_NETWORK,Stable network with low latency and packet loss
2025-04-10T17:21:59,2238.0082642867715,11.101851412828909,1.4129175556928788,67.85748831993939,0.00960485114969055,LoRaWAN,STABLE_NETWORK,Stable network with low latency and packet loss
2025-04-10T03:06:58,619.8527435992312,14.535395955019291,1.2038984901086511,76.57296030532753,0.007603082115630775,LoRaWAN,STABLE_NETWORK,Stable network with low latency and packet loss
2025-04-10T02:35:22,63.828818810477905,21.04146988474942,3.4305284782711833,77.88858960550002,0.003835659066024698,LoRaWAN,STABLE_NETWORK,Stable network with low latency and packet loss
2025-04-10T06:01:37,640.5938380049339,17.760857207787698,1.774804806546034,83.09298013920306,0.017661100327772388,MQTT,STABLE_NETWORK,Stable network with low latency and packet loss
2025-04-10T22:58:19,35.16306713977247,15.280504567332386,1.3555861615068392,92.58438198016867,0.005312196458805751,HTTPS,STABLE_NETWORK,Stable network with low latency and packet loss
2025-04-10T08:04:20,965.6691945245311,20.22751680431058,1.2395006181755273,70.68318101976115,0.009692096191919812,MQTT,STABLE_NETWORK,Stable network with low latency and packet loss
2025-04-10T23:37:13,49.49513000009118,16.20040423902863,2.7617579627347304,74.72503211334326,0.013841122128364188,LoRaWAN,STABLE_NETWORK,Stable network with low latency and packet loss
2025-04-10T18:33:16,1427.0444532803463,11.383979014739923,0.6530270937461671,77.8250530130424,0.00438891119163604,LoRaWAN,STABLE_NETWORK,Stable network with low latency and packet loss
2025-04-10T17:26:23,2024.4751497274628,12.99590849346423,4.045433307876068,83.57336920596448,0.00011190485796555225,CoAP,STABLE_NETWORK,Stable network with low latency and packet loss
2025-04-10T17:12:20,129.3693696128133,14.943747486761035,3.0996953880455536,99.3767005340357,0.010731290527452812,LoRaWAN,STABLE_NETWORK,Stable network with low latency and packet loss
2025-04-10T16:34:29,85.51380360493935,9.895287389714774,1.5970959512191008,72.35024258406345,0.019333624899760645,MQTT,STABLE_NETWORK,Stable network with low latency and packet loss
2025-04-10T17:10:52,866.0903906862937,12.734580751029203,1.0525189368879015,92.8028564647991,0.006956978794666615,LoRaWAN,STABLE_NETWORK,Stable network with low latency and packet loss
2025-04-10T06:59:43,182.48928906374536,17.36695054168982,2.565582980492684,81.8672566817939,0.01877678873270703,MQTT,STABLE_NETWORK,Stable network with low latency and packet loss
2025-04-10T10:59:32,881.8361001195666,15.142499892211093,2.267110467300266,64.34410267230963,0.006339015368886764,CoAP,STABLE_NETWORK,Stable network with low latency and packet loss
2025-04-10T01:03:47,356.8593275797707,22.093263993245298,2.5284579908698808,65.76931005168383,0.012633439981236953,MQTT,STABLE_NETWORK,Stable network with low latency and packet loss
2025-04-10T01:21:17,227.79118406227153,27.09301136280002,2.5917431519938816,76.53943532241348,0.005093096107299141,CoAP,STABLE_NETWORK,Stable network with low latency and packet loss
2025-04-10T14:22:59,474.4014896763274,8.477969111996607,2.303364192182092,81.41624982803589,0.0064290598099774054,LoRaWAN,STABLE_NETWORK,Stable network with low latency and packet loss
2025-04-10T09:56:38,102.32114573666784,13.015621431515406,2.199948885718373,61.71471641038385,0.008844929990701652,MQTT,STABLE_NETWORK,Stable network with low latency and packet loss
2025-04-10T11:33:18,299.7014655898771,24.56100416687046,0.7717440233253003,81.0358377840341,0.011635419125182235,HTTPS,STABLE_NETWORK,Stable network with low latency and packet loss
2025-04-10T12:35:25,106.78595929021711,9.974938450961968,1.4525374997786389,96.48137293202507,0.0032818786702540894,LoRaWAN,STABLE_NETWORK,Stable network with low latency and packet loss
2025-04-10T04:01:22,1307.40366655131,11.330760207272302,2.280218800742717,59.19328587460991,0.015668715309487595,LoRaWAN,STABLE_NETWORK,Stable network with low latency and packet loss
2025-04-10T21:05:10,17.46331699445202,8.601464460932924,0.930405639364914,93.46371598787209,0.008922947851510564,LoRaWAN,STABLE_NETWORK,Stable network with low latency and packet loss
2025-04-10T10:00:54,311.47804637609664,23.046070602399368,2.3343347267163237,88.56937899104395,0.011901893595729835,HTTPS,STABLE_NETWORK,Stable network with low latency and packet loss
2025-04-10T03:51:49,1090.6278512684323,17.745534204808564,2.5789732539117782,95.09304772612099,0.011518026719251737,LoRaWAN,STABLE_NETWORK,Stable network with low latency and packet loss
2025-04-10T05:34:39,514.4839246608952,23.34468496381947,1.9519847741396823,79.06893150023072,0.014713007021394203,MQTT,STABLE_NETWORK,Stable network with low latency and packet loss
2025-04-10T02:55:57,76.49049208334665,20.572263515221454,1.6449228629701529,113.7046432640307,0.005948433135972845,LoRaWAN,STABLE_NETWORK,Stable network with low latency and packet loss
2025-04-10T11:26:23,72.6177504410965,12.974390413342311,2.8762678008576543,122.11245794825084,0.013658542032807931,LoRaWAN,STABLE_NETWORK,Stable network with low latency and packet loss
2025-04-10T04:27:44,65.91488626224586,14.795484272364916,1.9614880473667156,101.53279774708747,0.009879927831317787,LoRaWAN,STABLE_NETWORK,Stable network with low latency and packet loss
2025-04-10T18:16:15,481.9835713446731,23.14803585295053,1.1286419859276808,84.59962690431233,0.006112492276314794,HTTPS,STABLE_NETWORK,Stable network with low latency and packet loss
2025-04-10T08:37:42,1042.1929171649538,15.86659164139415,2.8479891042451455,88.63997174742858,0.0049143676091039906,LoRaWAN,STABLE_NETWORK,Stable network with low latency and packet loss
2025-04-10T21:50:45,1654.2453313830786,12.274793926884222,1.5769858038224691,93.36785955376985,0.014370308053006688,LoRaWAN,STABLE_NETWORK,Stable network with low latency and packet loss
2025-04-10T03:55:39,276.69836682755846,12.201648943348603,2.1149145781892926,86.90626879986911,0.017769547393906307,LoRaWAN,STABLE_NETWORK,Stable network with low latency and packet loss
2025-04-10T15:51:55,387.4377422737219,19.42727141204244,2.6538645770211304,72.99934280294698,0.00920654964228263,CoAP,STABLE_NETWORK,Stable network with low latency and packet loss
2025-04-10T13:59:31,138.0064267854069,8.457576100326527,0.7355887052002652,80.70285480869015,0.011459731204522325,MQTT,STABLE_NETWORK,Stable network with low latency and packet loss
2025-04-10T21:56:38,1755.4374629345957,18.899432066870716,1.6495493573025304,84.66017190381544,0.016186882551493798,MQTT,STABLE_NETWORK,Stable network with low latency and packet loss
2025-04-10T06:29:43,500.9269804227971,17.275702324546558,1.5850887665032827,119.0770991417603,0.0016668821136232824,LoRaWAN,STABLE_NETWORK,Stable network with low latency and packet loss
2025-04-10T07:14:54,137.95901559068295,14.722826133232985,2.5731876799841937,91.58982729499301,0.004320072498186668,LoRaWAN,STABLE_NETWORK,Stable network with low latency and packet loss
2025-04-10T00:35:01,337.72843823391077,16.601388573556715,0.8579701113321108,100.84058461798372,0.012717731841740026,MQTT,STABLE_NETWORK,Stable network with low latency and packet loss
2025-04-10T16:22:38,334.61768044808866,14.220830679478517,2.066748419564765,95.83684386667996,0.015850137039868074,LoRaWAN,STABLE_NETWORK,Stable network with low latency and packet loss
2025-04-10T17:22:46,1230.6801745289022,16.65016312632065,2.7308237365717614,66.91302932327756,0.01941416987023016,LoRaWAN,STABLE_NETWORK,Stable network with low latency and packet loss
2025-04-10T05:46:36,54.931273230895044,12.850578826517125,2.0664964738429212,73.72072991401522,0.016543049136318204,MQTT,STABLE_NETWORK,Stable network with low latency and packet loss
2025-04-10T06:47:17,420.245108266312,8.709115548784162,2.4023132817151795,62.091879206138884,0.0027867632177343404,LoRaWAN,STABLE_NETWORK,Stable network with low latency and packet loss
2025-04-10T00:49:35,396.72760399095984,11.335990614111768,0.3950195263344831,91.99434697512798,0.018349291069264927,MQTT,STABLE_NETWORK,Stable network with low latency and packet loss
2025-04-10T07:48:52,414.24245416132595,13.951864641802729,2.657575661892692,83.92045938612213,0.0019567320678703353,LoRaWAN,STABLE_NETWORK,Stable network with low latency and packet loss
2025-04-10T20:30:10,1196.2881885767147,8.327557940497293,2.5671764562621835,60.81027799452008,0.01410965744699104,LoRaWAN,STABLE_NETWORK,Stable network with low latency and packet loss
2025-04-10T07:14:58,170.03535048095415,18.436950649115147,2.0501169682680906,96.6761304111948,0.017273640084472113,MQTT,STABLE_NETWORK,Stable network with low latency and packet loss
2025-04-10T02:23:46,555.1310433086849,15.15847764294236,0.5878630853023967,74.87512530091453,0.012040405991638385,MQTT,STABLE_NETWORK,Stable network with low latency and packet loss
2025-04-10T07:03:31,102.71697176324973,14.66608287368139,2.4394886693866447,92.68660534487537,0.013145639677951872,LoRaWAN,STABLE_NETWORK,Stable network with low latency and packet loss
2025-04-10T14:52:46,349.4865931522042,14.86345404213928,1.5613455727925545,74.247289938825,0.015481029515268373,MQTT,STABLE_NETWORK,Stable network with low latency and packet loss
2025-04-10T15:48:45,118.9659927012651,21.95204510806173,2.3101362442104687,92.31570297759261,0.006744976491485923,HTTPS,STABLE_NETWORK,Stable network with low latency and packet loss
2025-04-10T13:07:40,272.2005169346936,15.05674080827583,2.987437655121437,61.02738840233519,0.008865169520125388,MQTT,STABLE_NETWORK,Stable network with low latency and packet loss
2025-04-10T20:55:26,264.16681334592266,16.759809248713065,3.1261010618634666,46.75456103250687,0.007536757361577195,MQTT,STABLE_NETWORK,Stable network with low latency and packet loss
2025-04-10T15:53:18,72.59195675188094,7.047172760233682,1.6634603164996054,101.35139240993021,0.007155220435430501,LoRaWAN,STABLE_NETWORK,Stable network with low latency and packet loss
2025-04-10T22:25:08,2156.3379473088357,8.651173545181608,1.9235895733627777,86.6030130835862,0.012427180586257545,LoRaWAN,STABLE_NETWORK,Stable network with low latency and packet loss
2025-04-10T12:48:14,52.08433371209508,32.958750927493085,2.0627540134103755,76.52001865252134,0.014339456613781497,HTTPS,STABLE_NETWORK,Stable network with low latency and packet loss
2025-04-10T14:48:34,352.7474500982407,25.146008481742264,1.6145598041293243,58.423117799390056,0.006881863508390724,MQTT,STABLE_NETWORK,Stable network with low latency and packet loss
2025-04-10T21:59:19,238.1243257589258,18.26366065892477,2.5751472135493936,83.832712649062,0.018770699451124178,MQTT,STABLE_NETWORK,Stable network with low latency and packet loss
2025-04-10T04:59:32,339.5530957255182,9.968172192034672,0.9526378254946042,44.83120803518235,0.007898199895938048,MQTT,STABLE_NETWORK,Stable network with low latency and packet loss
2025-04-10T02:12:31,401.69646074311225,15.314071644584835,2.0486608397389228,77.7272983100205,0.009950273663549659,LoRaWAN,STABLE_NETWORK,Stable network with low latency and packet loss
2025-04-10T18:27:12,368.1766716510895,15.528177370864253,2.0637652104028072,92.95829986245752,0.011411859289318841,LoRaWAN,STABLE_NETWORK,Stable network with low latency and packet loss
2025-04-10T00:53:00,411.5531358120306,15.622648640880735,2.327744205062329,94.42605633758038,0.0024724368320314287,LoRaWAN,STABLE_NETWORK,Stable network with low latency and packet loss
2025-04-10T20:22:08,268.6524237530777,19.904489237507207,2.7428106751189807,56.47358310965333,0.012818207039657439,MQTT,STABLE_NETWORK,Stable network with low latency and packet loss
2025-04-10T14:42:01,870.7861248926844,9.545369331351708,1.4270146092189586,80.50036694625126,0.009053366093596794,LoRaWAN,STABLE_NETWORK,Stable network with low latency and packet loss
2025-04-10T10:00:10,25.2814632645702,17.14715715614502,1.7432649208838225,84.38834113929266,0.009850931048974915,MQTT,STABLE_NETWORK,Stable network with low latency and packet loss
2025-04-10T03:56:41,601.4870993084597,14.032073213107035,2.7047856673378576,95.89625152565037,0.00406181914375635,LoRaWAN,STABLE_NETWORK,Stable network with low latency and packet loss
2025-04-10T13:28:10,193.81462026698068,15.87449918923306,3.586151430892445,81.73810721507316,0.00706487919736748,LoRaWAN,STABLE_NETWORK,Stable network with low latency and packet loss
2025-04-10T23:53:39,590.087078565434,11.50573692683653,1.675723452102578,96.37461047205726,0.010529674040260352,LoRaWAN,STABLE_NETWORK,Stable network with low latency and packet loss
2025-04-10T07:24:58,784.747075858876,16.287806133228067,1.5629735005694823,86.8630553183317,0.023370516296363907,MQTT,STABLE_NETWORK,Stable network with low latency and packet loss
2025-04-10T15:23:49,1266.1708904903128,25.61703961669467,2.742428585148719,78.14209896993364,0.008448008653590553,CoAP,STABLE_NETWORK,Stable network with low latency and packet loss
2025-04-10T21:27:25,158.99007661062157,16.578598291173034,1.2162816620859265,72.21232143827287,0.010566391542955678,MQTT,STABLE_NETWORK,Stable network with low latency and packet loss
2025-04-10T20:38:12,171.30643041877937,17.908006434282267,0.7501953536720409,62.971780778401516,0.008904480869146945,MQTT,STABLE_NETWORK,Stable network with low latency and packet loss
2025-04-10T03:22:36,1122.6480880367694,17.23946016674621,2.8749016593747037,89.60118569705682,0.013254051064928043,LoRaWAN,STABLE_NETWORK,Stable network with low latency and packet loss
2025-04-10T00:03:41,1015.1281546781447,19.980576510084447,1.1789551478462115,80.68612763197928,0.00618573742958777,HTTPS,STABLE_NETWORK,Stable network with low latency and packet loss
2025-04-10T19:47:50,562.1407650818769,7.213052549075532,1.5905317276154438,53.0725015676441,0.008638239854715995,MQTT,STABLE_NETWORK,Stable network with low latency and packet loss
2025-04-10T00:50:13,622.8611644633166,10.090595333189261,2.609780973651759,89.48504440730683,0.005057287260274402,LoRaWAN,STABLE_NETWORK,Stable network with low latency and packet loss
2025-04-10T11:40:13,971.9846880047614,16.724718397337238,2.6372093248986825,90.1699869484727,0.01014395536928179,LoRaWAN,STABLE_NETWORK,Stable network with low latency and packet loss
2025-04-10T14:37:21,298.28366041288393,10.702235495496979,1.37727292763201,92.06162631503044,0.007806702927229482,LoRaWAN,STABLE_NETWORK,Stable network with low latency and packet loss
2025-04-10T16:35:12,212.46528201853678,31.202245678778272,1.8966023284751305,78.32255078307254,0.016296060941214975,MQTT,STABLE_NETWORK,Stable network with low latency and packet loss
2025-04-10T04:54:16,282.00858610831847,22.386951374792044,0.4770129540309713,95.32442308783169,0.0003261367864918815,HTTPS,STABLE_NETWORK,Stable network with low latency and packet loss
2025-04-10T09:30:39,94.6583344102675,15.81950571905173,2.627152522111442,89.1321781537453,0.014261572552460012,LoRaWAN,STABLE_NETWORK,Stable network with low latency and packet loss
2025-04-10T10:09:20,48.332804012889646,22.839107245149496,3.0692268881753755,97.37949857171361,0.004265692137306831,LoRaWAN,STABLE_NETWORK,Stable network with low latency and packet loss
2025-04-10T15:57:13,939.8016471547634,24.473239034303624,1.285548633916175,99.23567089682467,0.007941704914238784,HTTPS,STABLE_NETWORK,Stable network with low latency and packet loss
2025-04-10T20:33:55,155.09190240714344,8.154144193568765,0.8602281515596941,90.89632896875001,0.013890734659969713,MQTT,STABLE_NETWORK,Stable network with low latency and packet loss
2025-04-10T04:01:09,517.1751012325669,18.42948334326294,1.529154849739332,63.073199403425946,0.014053236754967526,MQTT,STABLE_NETWORK,Stable network with low latency and packet loss
2025-04-10T07:26:34,174.28262601593698,16.57287402103172,2.17345735039364,91.56220363543046,0.00339797357593017,LoRaWAN,STABLE_NETWORK,Stable network with low latency and packet loss
2025-04-10T18:34:20,1096.0459606395057,17.37822350201252,1.459742057927126,87.67491733384614,0.013434581369495314,MQTT,STABLE_NETWORK,Stable network with low latency and packet loss
2025-04-10T11:23:59,67.64604382831705,15.030954534545101,2.356424602807631,61.88821408973135,0.0028391422131392686,CoAP,STABLE_NETWORK,Stable network with low latency and packet loss
2025-04-10T18:10:22,1428.0987519135763,11.782820395837913,3.027367391070646,96.25808996647976,0.010562194125703018,LoRaWAN,STABLE_NETWORK,Stable network with low latency and packet loss
2025-04-10T13:06:22,67.72587562681319,23.02364334037273,3.307065537307979,97.95156954009525,0.003982246358334793,CoAP,STABLE_NETWORK,Stable network with low latency and packet loss
2025-04-10T10:45:29,240.95092865452753,18.951978479095715,2.017204654137549,101.94941239321544,0.01079491067554659,LoRaWAN,STABLE_NETWORK,Stable network with low latency and packet loss
2025-04-10T06:56:32,32.22475371079008,16.608836313585396,2.9599663970495285,81.09434246631051,0.007548285154919145,LoRaWAN,STABLE_NETWORK,Stable network with low latency and packet loss
2025-04-10T15:38:30,1367.1165836971443,20.13506341748849,3.3704502176247555,100.65562491038632,0.005611014585591182,LoRaWAN,STABLE_NETWORK,Stable network with low latency and packet loss
2025-04-10T03:32:04,800.8467783886067,16.610277391818443,2.2240839210725833,89.72484959724336,0.01935445962128625,LoRaWAN,STABLE_NETWORK,Stable network with low latency and packet loss
2025-04-10T07:45:57,375.278723227934,3.7072199981888865,1.6853262449304973,43.838102131843485,0.007180542922959627,MQTT,STABLE_NETWORK,Stable network with low latency and packet loss
2025-04-10T22:02:04,3765.468456992686,18.545629154949168,0.5392711603764353,76.44641029964127,0.014008693604050935,MQTT,STABLE_NETWORK,Stable network with low latency and packet loss
2025-04-10T03:54:53,83.56649370279963,19.98067609722679,1.886499134690078,64.6229002355478,0.00893576121523587,MQTT,STABLE_NETWORK,Stable network with low latency and packet loss
2025-04-10T19:08:48,97.99506157043022,12.366916623120717,1.3558123112401894,89.88820928208915,0.016348056937013498,MQTT,STABLE_NETWORK,Stable network with low latency and packet loss
2025-04-10T13:33:51,341.96043738918456,24.318143746067555,1.7078829615760776,84.21233587788264,0.012713358049340982,MQTT,STABLE_NETWORK,Stable network with low latency and packet loss
2025-04-10T13:27:31,691.7777820065659,15.87697088554045,0.4628088317327832,84.66406517393759,0.00962903067235623,MQTT,STABLE_NETWORK,Stable network with low latency and packet loss
2025-04-10T06:31:15,72.77695469754931,14.20907431605929,2.3684511194873314,82.58755921406899,0.01300122857367753,LoRaWAN,STABLE_NETWORK,Stable network with low latency and packet loss
2025-04-10T11:57:14,667.0958017446995,13.419009328403082,1.1377658998130025,83.32838799868074,0.009123000399714956,MQTT,STABLE_NETWORK,Stable network with low latency and packet loss
2025-04-10T14:16:08,1088.0034963693943,9.268572339859851,1.866239450722603,80.9728030514766,0.012407433175742177,LoRaWAN,STABLE_NETWORK,Stable network with low latency and packet loss
2025-04-10T03:36:33,116.34718027753276,20.057110389096813,3.5680627298786165,81.17996558987389,0.011465470556426645,LoRaWAN,STABLE_NETWORK,Stable network with low latency and packet loss
2025-04-10T02:13:50,428.5208563896454,18.652132403304115,1.7561364259676306,94.58543638795264,0.014870036441276217,MQTT,STABLE_NETWORK,Stable network with low latency and packet loss
2025-04-10T19:05:21,230.51734110451667,20.93770085342613,1.873703992787429,74.27981885411845,0.0008484470637477818,CoAP,STABLE_NETWORK,Stable network with low latency and packet loss
2025-04-10T06:52:51,149.91060576071735,19.61649467472684,0.3235725787799988,72.25515060437908,0.00705478734252819,MQTT,STABLE_NETWORK,Stable network with low latency and packet loss
2025-04-10T17:13:58,775.5080532773773,15.477607071684687,0.9934319584180553,70.15740540331426,0.0006597683778303848,LoRaWAN,STABLE_NETWORK,Stable network with low latency and packet loss
2025-04-10T18:12:53,243.99454852874567,10.087427419368463,1.2478833053149088,68.71908185154501,0.0075117676596121764,MQTT,STABLE_NETWORK,Stable network with low latency and packet loss
2025-04-10T23:23:02,392.68277373249987,12.134117366224784,1.7285731174195964,53.598791952062754,0.0031150548207273237,MQTT,STABLE_NETWORK,Stable network with low latency and packet loss
2025-04-10T13:25:14,552.7009324122818,20.4202097641395,2.2031354189895556,68.59402439121736,0.0074885368663633375,MQTT,STABLE_NETWORK,Stable network with low latency and packet loss
2025-04-10T19:15:37,50.214905775430836,14.874160181880722,3.9465396540188324,90.32116890594398,0.0016170851951825098,CoAP,STABLE_NETWORK,Stable network with low latency and packet loss
2025-04-10T08:22:42,37.776274234010494,17.74771427711623,2.9295997295971548,83.7582902750919,0.013598557345348084,LoRaWAN,STABLE_NETWORK,Stable network with low latency and packet loss
2025-04-10T14:04:46,1244.4601850961672,15.687970798433772,1.265044249232821,91.35556509849764,0.013411217720561603,LoRaWAN,STABLE_NETWORK,Stable network with low latency and packet loss
2025-04-10T10:34:24,138.7303173298981,18.513856190882574,2.7121831020887432,90.55390817600612,0.009043110493242437,LoRaWAN,STABLE_NETWORK,Stable network with low latency and packet loss
2025-04-10T01:50:54,58.215589284753186,21.63897668811613,2.00473712955216,80.71857355029655,0.0020769584117521153,HTTPS,STABLE_NETWORK,Stable network with low latency and packet loss
2025-04-10T20:17:17,830.3832071424085,16.216111680323806,1.8806438503644696,68.61841182958402,0.019733023297055563,MQTT,STABLE_NETWORK,Stable network with low latency and packet loss
2025-04-10T10:48:57,355.18115004717333,16.818683096851167,2.156178071835005,72.7412592657671,0.010435952011472537,MQTT,STABLE_NETWORK,Stable network with low latency and packet loss
2025-04-10T01:15:18,359.8788635175424,11.701497122143987,1.8274789443787263,81.80077264574125,0.014837617275245196,LoRaWAN,STABLE_NETWORK,Stable network with low latency and packet loss
2025-04-10T05:05:09,321.3759179246809,21.811695658122403,3.6108964709821043,76.71419615401452,0.00890791724913135,LoRaWAN,STABLE_NETWORK,Stable network with low latency and packet loss
2025-04-10T21:09:35,64.53990912313989,22.56418550593873,2.7968415361019394,78.4066837059712,0.009210259913887256,MQTT,STABLE_NETWORK,Stable network with low latency and packet loss
2025-04-10T08:46:49,173.8645241519974,17.241562047130195,2.9232659130739216,69.820001125129,0.009271622474167537,MQTT,STABLE_NETWORK,Stable network with low latency and packet loss
2025-04-10T16:25:09,139.06726129941794,9.76689382322828,2.523729730698033,78.37296692590321,0.008280862008291668,LoRaWAN,STABLE_NETWORK,Stable network with low latency and packet loss
2025-04-10T15:39:02,2207.273260637007,13.854356015933972,2.190553920984567,74.94504332739076,0.013544462609470617,LoRaWAN,STABLE_NETWORK,Stable network with low latency and packet loss
2025-04-10T01:31:16,248.13875329924124,19.643503143304343,1.2818423723900283,101.7096333339608,0.013130314456471762,MQTT,STABLE_NETWORK,Stable network with low latency and packet loss
2025-04-10T08:23:01,111.03214870192805,15.020291371099662,1.836133078656893,56.567118422106574,0.006980636562718808,MQTT,STABLE_NETWORK,Stable network with low latency and packet loss
2025-04-10T16:43:44,38.42161560342029,23.50878750008469,3.5426736060982895,68.35544594897355,0.00835405045675365,LoRaWAN,STABLE_NETWORK,Stable network with low latency and packet loss
2025-04-10T14:58:34,352.4064656382874,11.621015893491295,2.6562931991827092,97.58945809661037,0.010668058188527212,LoRaWAN,STABLE_NETWORK,Stable network with low latency and packet loss
2025-04-10T04:38:24,33.26491059332242,19.72131494589338,1.5368497486232706,75.95768121530108,0.0074699382425678675,MQTT,STABLE_NETWORK,Stable network with low latency and packet loss
2025-04-10T23:17:29,300.2767665029065,5.362560383884046,2.911077873279898,86.48468242671822,0.014409270467834655,LoRaWAN,STABLE_NETWORK,Stable network with low latency and packet loss
2025-04-10T09:58:21,417.87483727493003,15.125054064575027,1.4669980134670384,75.0719022091999,0.011226412123280833,MQTT,STABLE_NETWORK,Stable network with low latency and packet loss
2025-04-10T03:45:00,480.7622649477303,19.65864507825865,2.457858013667022,91.9049539097806,0.002753473334390395,LoRaWAN,STABLE_NETWORK,Stable network with low latency and packet loss
2025-04-10T17:48:16,324.1182739275507,15.200317640763924,1.8501610061279665,74.10929274716099,0.00725144083561499,LoRaWAN,STABLE_NETWORK,Stable network with low latency and packet loss
2025-04-10T08:16:26,710.9383948179405,18.071321995163547,2.311081531230414,60.42446000241644,0.009471571600505187,MQTT,STABLE_NETWORK,Stable network with low latency and packet loss
2025-04-10T06:25:35,274.5883507239798,8.386167234472545,1.9409216973016794,82.32177004283109,0.01110637705836686,LoRaWAN,STABLE_NETWORK,Stable network with low latency and packet loss
2025-04-10T02:28:58,541.9413764794822,7.96004955171423,2.0609943699227036,85.92174922794901,0.009725351922190198,LoRaWAN,STABLE_NETWORK,Stable network with low latency and packet loss
2025-04-10T00:13:27,1117.6168108771917,15.901244329185355,1.8147087913677267,69.15652638235791,0.012900628015166423,MQTT,STABLE_NETWORK,Stable network with low latency and packet loss
2025-04-10T22:09:57,86.16006603234797,17.382576767623586,0.894747478707391,84.39518375343495,0.013211196343493678,MQTT,STABLE_NETWORK,Stable network with low latency and packet loss
2025-04-10T12:00:05,95.23060011449624,15.090266656949614,0.5307501626967499,85.91821262013734,0.011931471306400269,MQTT,STABLE_NETWORK,Stable network with low latency and packet loss
2025-04-10T19:50:20,679.5898144521079,17.985904248573657,1.7426374096723842,83.20048437417702,0.0031811157760444943,LoRaWAN,STABLE_NETWORK,Stable network with low latency and packet loss
2025-04-10T23:03:34,202.09475602596584,22.134944744352733,2.289267400921145,83.1224479777844,0.023319720827468613,MQTT,STABLE_NETWORK,Stable network with low latency and packet loss
2025-04-10T00:24:38,239.52120014212872,12.155059202099274,2.2063606552900783,73.4853180278903,0.01054974011550201,LoRaWAN,STABLE_NETWORK,Stable network with low latency and packet loss
2025-04-10T09:57:40,34.56602760024079,22.08420178135971,2.481267101867198,82.28683659931812,0.011962829699897946,MQTT,STABLE_NETWORK,Stable network with low latency and packet loss
2025-04-10T03:28:43,238.41178927764403,19.43738032231835,1.9985592881628702,89.85816648097723,0.013486465476810264,MQTT,STABLE_NETWORK,Stable network with low latency and packet loss
2025-04-10T09:16:50,155.8608432423233,13.975351164765613,0.8994746561941758,48.43860231639975,0.012847730349416824,MQTT,STABLE_NETWORK,Stable network with low latency and packet loss
2025-04-10T11:44:55,51.669686553403025,21.949632120331806,1.4994524180313324,76.18129658084145,0.0102080746246422,MQTT,STABLE_NETWORK,Stable network with low latency and packet loss
2025-04-10T20:38:01,64.6999206294532,12.790458475149041,3.5675582217167907,93.13022473398883,0.0030240854966948182,LoRaWAN,STABLE_NETWORK,Stable network with low latency and packet loss
2025-04-10T21:32:39,288.3096814895723,10.139627160639918,2.204253071167208,91.3663236784846,0.014703501129940323,LoRaWAN,STABLE_NETWORK,Stable network with low latency and packet loss
2025-04-10T10:41:04,346.8962550659474,24.61124543308262,2.4398947959321946,42.77754478903835,0.007879669089089927,MQTT,STABLE_NETWORK,Stable network with low latency and packet loss
2025-04-10T10:55:53,99.29593624996198,26.39900621262484,2.4100506177828422,70.72884464409773,0.020843712695991036,MQTT,STABLE_NETWORK,Stable network with low latency and packet loss
2025-04-10T18:11:51,192.32494266044893,18.546834360145656,3.0375404032437223,55.715731426568084,0.008997435426766445,MQTT,STABLE_NETWORK,Stable network with low latency and packet loss
2025-04-10T20:28:54,174.8439788133226,12.765808520588376,1.0907131212719463,60.364413384149785,0.015085336591929004,MQTT,STABLE_NETWORK,Stable network with low latency and packet loss
2025-04-10T00:27:40,289.9580227159866,15.12901761683504,3.7929454368837865,86.47898960996964,0.01192164345043439,LoRaWAN,STABLE_NETWORK,Stable network with low latency and packet loss
2025-04-10T09:00:21,554.2012377920876,23.701280966903454,2.6764698302378513,87.92153177296603,0.012749431790805043,MQTT,STABLE_NETWORK,Stable network with low latency and packet loss
2025-04-10T16:14:39,10.28315607116092,8.8055016327154,2.8539618032014498,93.25557014466838,0.014513579109115566,LoRaWAN,STABLE_NETWORK,Stable network with low latency and packet loss
2025-04-10T00:48:45,1101.8516668570198,21.017944916564417,2.2180912502369847,87.65331763839418,0.009320913689747043,CoAP,STABLE_NETWORK,Stable network with low latency and packet loss
2025-04-10T08:23:27,357.2407568926012,4.401476018560691,1.4723870668005095,76.56102980977295,0.00600752121415856,LoRaWAN,STABLE_NETWORK,Stable network with low latency and packet loss
2025-04-10T14:58:24,125.95454696021375,14.462244537886567,2.1291054387043746,66.04026353112181,0.02522032723212618,MQTT,STABLE_NETWORK,Stable network with low latency and packet loss
2025-04-10T15:04:55,107.92380475213237,13.210092101494597,1.522438517287712,92.15929148316063,0.0036544264548831855,LoRaWAN,STABLE_NETWORK,Stable network with low latency and packet loss
2025-04-10T07:21:08,143.00294014537127,16.614850287955885,1.7657971419507787,84.82148056284562,0.012922688212767607,MQTT,STABLE_NETWORK,Stable network with low latency and packet loss
2025-04-10T13:29:51,193.92751852878766,23.79020768859134,2.750614970694402,80.21925667164649,0.016097388681563494,MQTT,STABLE_NETWORK,Stable network with low latency and packet loss
2025-04-10T12:42:04,988.7159650334766,17.618948789585826,2.456694817448422,75.59990273003301,0.015346704634818995,LoRaWAN,STABLE_NETWORK,Stable network with low latency and packet loss
2025-04-10T02:06:29,1098.4525729681006,19.390480562737768,2.458276776094204,67.82177442136518,0.008629557153897082,MQTT,STABLE_NETWORK,Stable network with low latency and packet loss
2025-04-10T09:43:48,525.6751181145141,6.9696729002315,0.9844826380157934,82.99879489576867,0.007548196859871398,LoRaWAN,STABLE_NETWORK,Stable network with low latency and packet loss
2025-04-10T13:51:44,578.3558772842425,14.011974294959176,2.0845641922237497,57.817010916770386,0.00831681567714844,MQTT,STABLE_NETWORK,Stable network with low latency and packet loss
2025-04-10T03:18:24,264.9456505970929,27.53595967240389,1.9280030739530902,97.41319125898349,0.006073721506901293,HTTPS,STABLE_NETWORK,Stable network with low latency and packet loss
2025-04-10T12:34:46,3474.0872692937814,14.36066371769461,2.9379488183190476,91.50363922428225,0.013749699388304238,LoRaWAN,STABLE_NETWORK,Stable network with low latency and packet loss
2025-04-10T16:00:54,34.12773963554909,16.90300826064133,3.248235319411182,99.16486401340904,0.013208596304779368,LoRaWAN,STABLE_NETWORK,Stable network with low latency and packet loss
2025-04-10T09:11:20,194.18825220083076,14.149219595268452,2.4850237854411534,80.97127641918466,0.007460920982523865,LoRaWAN,STABLE_NETWORK,Stable network with low latency and packet loss
2025-04-10T12:09:18,819.832562921291,15.528571149447446,3.487101397455466,92.54972171121508,0.007122602145189899,LoRaWAN,STABLE_NETWORK,Stable network with low latency and packet loss
2025-04-10T03:40:28,685.0043264311364,11.85587658508751,2.032976135333354,76.46850332127705,0.008605236308043525,LoRaWAN,STABLE_NETWORK,Stable network with low latency and packet loss
2025-04-10T08:07:59,164.2660542852785,20.228154784136013,2.1100141536087755,95.66411049074689,0.00867400573947474,LoRaWAN,STABLE_NETWORK,Stable network with low latency and packet loss
2025-04-10T07:30:51,354.68213412900724,21.10556270915707,2.362308094786159,73.24326357918952,0.0007646950313679127,CoAP,STABLE_NETWORK,Stable network with low latency and packet loss
2025-04-10T15:52:09,103.64639092651876,18.6071820501016,1.1632649360571286,93.04741007138294,0.012743420678308854,MQTT,STABLE_NETWORK,Stable network with low latency and packet loss
2025-04-10T16:19:33,129.29163306489596,15.11364674533519,0.15703444493457042,62.36256760382717,0.003699624677673042,MQTT,STABLE_NETWORK,Stable network with low latency and packet loss
2025-04-10T13:37:06,1342.125112883721,20.68844713571552,2.4038985215417235,90.0611585844443,0.011527801633441286,LoRaWAN,STABLE_NETWORK,Stable network with low latency and packet loss
2025-04-10T03:36:08,880.1650252899161,16.2107159966539,1.0318729761042893,52.22747138860866,0.007272660344806573,MQTT,STABLE_NETWORK,Stable network with low latency and packet loss
2025-04-10T05:33:16,57.01612959527552,9.197645769704703,2.208657091945166,82.8166313353182,0.006709938384681747,LoRaWAN,STABLE_NETWORK,Stable network with low latency and packet loss
2025-04-10T20:18:31,89.05993835006919,22.062828179101626,1.6172043473021565,75.55928570883874,0.00656698951764316,MQTT,STABLE_NETWORK,Stable network with low latency and packet loss
2025-04-10T16:21:31,1924.8495818992537,17.41728936866447,1.456727062380598,72.98050789786886,0.01186387413426604,MQTT,STABLE_NETWORK,Stable network with low latency and packet loss
2025-04-10T14:27:51,1125.2718919643921,13.557476288905788,1.889143197726849,99.05793400090131,0.015220102496513569,LoRaWAN,STABLE_NETWORK,Stable network with low latency and packet loss
2025-04-10T07:54:36,65.7125353443192,19.161370018392653,2.9452439096069005,55.34190692631436,0.01165255374511512,MQTT,STABLE_NETWORK,Stable network with low latency and packet loss
2025-04-10T20:29:18,183.6345199528778,12.136725436048696,2.633940907920287,79.94869868612699,0.011130003662256895,LoRaWAN,STABLE_NETWORK,Stable network with low latency and packet loss
2025-04-10T21:03:17,192.21824126684223,21.732363755897726,2.812678141950115,71.44390599251179,0.003511342192728589,CoAP,STABLE_NETWORK,Stable network with low latency and packet loss
2025-04-10T19:12:55,43.592918802846924,10.359938992353118,1.744008619068643,80.27699192085093,0.003618472291599014,LoRaWAN,STABLE_NETWORK,Stable network with low latency and packet loss
2025-04-10T05:43:18,30.006445051254094,23.383533175242565,1.5365628687831194,90.91470498586568,0.00392473016427686,HTTPS,STABLE_NETWORK,Stable network with low latency and packet loss
2025-04-10T05:32:45,356.4493303803683,19.336646221413623,2.802226715429552,83.79656911245291,0.014205511081947852,LoRaWAN,STABLE_NETWORK,Stable network with low latency and packet loss
2025-04-10T04:35:53,123.45764069624289,10.719067107871686,2.473165436113457,102.11418211827703,0.011324958258920263,LoRaWAN,STABLE_NETWORK,Stable network with low latency and packet loss
2025-04-10T16:14:39,1085.360518853365,23.262778899023786,2.162605755228568,87.05949484405046,0.011214965706939422,MQTT,STABLE_NETWORK,Stable network with low latency and packet loss
2025-04-10T19:34:06,214.53835101603673,12.814828064439325,1.5931697252444939,67.6737312380663,0.007790419886823787,MQTT,STABLE_NETWORK,Stable network with low latency and packet loss
2025-04-10T11:57:18,360.0354513374889,20.056531602469114,2.534562792607961,99.16922127313985,0.005698398164525622,LoRaWAN,STABLE_NETWORK,Stable network with low latency and packet loss
2025-04-10T14:48:42,112.46970595887993,12.20558829550169,2.8141313176662996,45.55001405141601,0.005643920945316755,MQTT,STABLE_NETWORK,Stable network with low latency and packet loss
2025-04-10T01:06:05,101.06004341443071,12.746000185396237,2.3667172972959007,83.25232038295964,0.00612429155518722,LoRaWAN,STABLE_NETWORK,Stable network with low latency and packet loss
2025-04-10T01:48:30,7251.143107712665,22.752072400085794,1.1074877562458605,65.98952138539026,0.008608015290726526,CoAP,STABLE_NETWORK,Stable network with low latency and packet loss
2025-04-10T07:06:52,377.46245709647104,15.723430227055681,2.197109154014352,49.00785173279357,0.01466389377711956,MQTT,STABLE_NETWORK,Stable network with low latency and packet loss
2025-04-10T14:47:58,276.8633333930877,10.22588069697298,2.115890539075298,61.89669874020248,0.004372792637773216,MQTT,STABLE_NETWORK,Stable network with low latency and packet loss
2025-04-10T13:10:26,209.96248132352417,23.427479956746478,2.2380923187784605,82.56137597725353,0.009945526942733434,MQTT,STABLE_NETWORK,Stable network with low latency and packet loss
2025-04-10T20:17:59,2594.933853832129,12.83388097087338,3.276933236099654,93.85950755667065,0.0073173124025441,CoAP,STABLE_NETWORK,Stable network with low latency and packet loss
2025-04-10T14:10:28,157.05902635837978,11.780956023954293,2.7091386600276324,63.34341837105807,0.00864638258659841,LoRaWAN,STABLE_NETWORK,Stable network with low latency and packet loss
2025-04-10T21:33:18,488.7863737260542,14.265265201565866,1.854709901741231,60.50157138057284,0.01086223128648736,MQTT,STABLE_NETWORK,Stable network with low latency and packet loss
2025-04-10T03:07:24,5526.4750460220985,13.454378056352345,1.9106239710335973,67.95688602151759,0.01517295168927429,LoRaWAN,STABLE_NETWORK,Stable network with low latency and packet loss
2025-04-10T18:42:52,220.69541889709046,14.892188179426924,1.2363450258791855,82.62007573017009,0.00042922930377355464,LoRaWAN,STABLE_NETWORK,Stable network with low latency and packet loss
2025-04-10T22:57:17,1151.2090385518597,11.231179864881236,1.3606005908270666,102.4042230597872,0.006392001672980386,LoRaWAN,STABLE_NETWORK,Stable network with low latency and packet loss
2025-04-10T10:25:42,279.0120654758409,16.988352400085336,1.3365479370017386,103.74495576460161,0.007881313159592639,LoRaWAN,STABLE_NETWORK,Stable network with low latency and packet loss
2025-04-10T10:26:10,985.8284296827976,9.36398803732456,2.703774796463248,89.61278541233672,0.010685508322506079,LoRaWAN,STABLE_NETWORK,Stable network with low latency and packet loss
2025-04-10T15:20:32,908.2043920559802,16.452796913198895,2.6013153413405155,96.18316794680355,0.006688837502259608,LoRaWAN,STABLE_NETWORK,Stable network with low latency and packet loss
2025-04-10T08:25:50,143.38890231899586,17.97314914826562,2.3198140403607073,71.01237837492368,0.0017349652489045218,CoAP,STABLE_NETWORK,Stable network with low latency and packet loss
2025-04-10T10:58:50,187.90710424476717,24.81593444011812,2.9210683262917523,105.12312958136053,0.005228424382871425,LoRaWAN,STABLE_NETWORK,Stable network with low latency and packet loss
2025-04-10T20:59:23,609.6300980564655,18.871794844382595,3.107456641289397,89.13592178375625,0.0026452394854611814,CoAP,STABLE_NETWORK,Stable network with low latency and packet loss
2025-04-10T04:20:37,370.50815809945965,9.57817295155323,0.14779027282161894,76.05537188634187,0.017584052526776042,MQTT,STABLE_NETWORK,Stable network with low latency and packet loss
2025-04-10T08:11:50,93.64918698650395,7.993612557433143,3.470280523806686,91.19131245827238,0.0090317957095212,LoRaWAN,STABLE_NETWORK,Stable network with low latency and packet loss
2025-04-10T06:34:58,677.5709984513313,27.215646780415714,4.815047296385831,68.97022230777078,0.0006562832367704736,LoRaWAN,STABLE_NETWORK,Stable network with low latency and packet loss
2025-04-10T07:38:52,198.95461324456252,17.139341340674502,0.6873038100469306,93.46141543980293,0.008391613542235448,MQTT,STABLE_NETWORK,Stable network with low latency and packet loss
2025-04-10T12:33:13,854.0771926502903,16.984017239609205,1.5677935561804421,91.1386379798921,0.0165787322068937,MQTT,STABLE_NETWORK,Stable network with low latency and packet loss
2025-04-10T08:25:41,19.182121502944725,15.713583188174542,3.2366510156603514,82.76995734508404,0.011279540819804371,LoRaWAN,STABLE_NETWORK,Stable network with low latency and packet loss
2025-04-10T18:09:54,69.98747460663502,19.45659954134628,2.214870151221064,67.88514959694187,0.016006804390821482,MQTT,STABLE_NETWORK,Stable network with low latency and packet loss
2025-04-10T19:23:18,174.04965776010823,18.556184332986632,2.362723985706278,73.21706693263397,0.007625724842454884,MQTT,STABLE_NETWORK,Stable network with low latency and packet loss
2025-04-10T21:50:12,198.12859919183154,11.833291365029721,1.395027581809733,69.88979244618622,0.018111047042508304,MQTT,STABLE_NETWORK,Stable network with low latency and packet loss
2025-04-10T07:41:04,267.70177509780694,15.54881870662664,1.651118073732929,116.21041951677705,0.013456510889712312,LoRaWAN,STABLE_NETWORK,Stable network with low latency and packet loss
2025-04-10T01:35:48,178.16266557728216,19.095754340532082,3.5539459260119504,54.0701138304298,0.005063956685761026,MQTT,STABLE_NETWORK,Stable network with low latency and packet loss
2025-04-10T03:17:36,484.8750627161887,18.124926815689598,2.599668525299402,99.05325233126058,0.003795075122892363,CoAP,STABLE_NETWORK,Stable network with low latency and packet loss
2025-04-10T04:37:03,247.5649552867691,19.326038253257686,3.075168564640138,88.29181301773988,0.011800070989323164,LoRaWAN,STABLE_NETWORK,Stable network with low latency and packet loss
2025-04-10T18:31:39,25.72449267821132,9.498666692007326,2.069144949355692,109.91569778344984,0.012778792945674333,LoRaWAN,STABLE_NETWORK,Stable network with low latency and packet loss
2025-04-10T05:20:40,227.17024089346472,19.37475788901085,2.3964637250094616,65.48165707692175,0.0047665659851686215,MQTT,STABLE_NETWORK,Stable network with low latency and packet loss
2025-04-10T08:49:43,154.79706837283538,9.38733648804335,1.9788061429428179,47.470428203566726,0.013934370677237962,MQTT,STABLE_NETWORK,Stable network with low latency and packet loss
2025-04-10T12:22:02,112.1879623333851,14.245100589367848,1.4237656496604552,56.1035694599092,0.004300236072349211,MQTT,STABLE_NETWORK,Stable network with low latency and packet loss
2025-04-10T23:42:42,232.22653952681512,14.159293747594427,2.830941673365043,71.1677442910254,0.00508725163386825,LoRaWAN,STABLE_NETWORK,Stable network with low latency and packet loss
2025-04-10T10:42:21,697.5246846173874,10.17184680253409,1.7966597384003224,70.966064920616,0.007491872102669119,MQTT,STABLE_NETWORK,Stable network with low latency and packet loss
2025-04-10T07:52:37,413.82261735431047,17.733734511664892,1.498426730593072,77.56172699777589,0.010215264243023145,MQTT,STABLE_NETWORK,Stable network with low latency and packet loss
2025-04-10T17:17:37,2220.2039398362695,19.947158844923376,1.5359819216931039,94.57137461063635,0.009855899074701333,CoAP,STABLE_NETWORK,Stable network with low latency and packet loss
2025-04-10T02:11:15,136.46728158283722,19.313217539944638,1.6893973721504285,76.95148634690706,0.01111175715793899,MQTT,STABLE_NETWORK,Stable network with low latency and packet loss
2025-04-10T19:15:18,146.10752558270104,22.556330241748746,2.948042715467073,69.431916315646,0.00042365992770297504,LoRaWAN,STABLE_NETWORK,Stable network with low latency and packet loss
2025-04-10T11:06:15,1153.1206041472965,15.993577708173126,2.1631034639065727,74.37685774043341,0.018577974357482787,MQTT,STABLE_NETWORK,Stable network with low latency and packet loss
2025-04-10T22:50:36,775.8968920806313,21.348633885326873,2.049681128935856,55.22726555900412,0.015140493810682323,MQTT,STABLE_NETWORK,Stable network with low latency and packet loss
2025-04-10T04:14:09,146.8871099381153,15.320464688331707,0.394532349388129,112.4332651614758,0.014176085043823512,MQTT,STABLE_NETWORK,Stable network with low latency and packet loss
2025-04-10T10:53:53,153.06190106494452,23.194222869035187,2.443664628945185,99.14198059024852,0.009783609264742697,LoRaWAN,STABLE_NETWORK,Stable network with low latency and packet loss
2025-04-10T19:21:19,262.15705003804806,13.169824648951895,1.0921554223553138,86.68404616498611,0.007675114806070116,MQTT,STABLE_NETWORK,Stable network with low latency and packet loss
2025-04-10T12:19:36,87.7799225064307,9.987729863515503,2.792583931295773,76.7105595975378,0.01453548174566556,LoRaWAN,STABLE_NETWORK,Stable network with low latency and packet loss
2025-04-10T20:04:56,985.658410765235,23.02806037053282,1.9208342837474541,79.22792823551565,0.012102120725327929,MQTT,STABLE_NETWORK,Stable network with low latency and packet loss
2025-04-10T05:14:08,5514.371078727149,21.08177717252898,3.5973962009977676,90.92311675065392,0.011387409199607549,LoRaWAN,STABLE_NETWORK,Stable network with low latency and packet loss
2025-04-10T20:57:22,217.6220612231082,7.643324790161247,2.6479899025462155,72.78677687776764,0.0173865643572236,LoRaWAN,STABLE_NETWORK,Stable network with low latency and packet loss
2025-04-10T18:30:08,724.6277280415278,12.125686903980075,3.4525751247864553,115.14295265172373,0.007962555815047586,LoRaWAN,STABLE_NETWORK,Stable network with low latency and packet loss
2025-04-10T11:02:18,403.8747334244843,22.78187419583877,2.340881766756856,83.82425205085029,0.00812934097323029,MQTT,STABLE_NETWORK,Stable network with low latency and packet loss
2025-04-10T06:32:04,1381.4945263967286,13.026807317151157,2.045114932930231,81.62154970507297,0.014944183966368547,LoRaWAN,STABLE_NETWORK,Stable network with low latency and packet loss
2025-04-10T10:00:55,65.24807251818102,12.015778323712254,3.763651000194069,41.22922273273584,0.00828615942369739,LoRaWAN,STABLE_NETWORK,Stable network with low latency and packet loss
2025-04-10T12:14:20,557.4382780293279,16.635000907120908,2.436442447691725,89.22470496224801,0.010087565378777693,LoRaWAN,STABLE_NETWORK,Stable network with low latency and packet loss
2025-04-10T12:41:24,66.52691414089276,11.433379106573279,3.2139084802966478,75.36207963392054,0.004654644004846821,LoRaWAN,STABLE_NETWORK,Stable network with low latency and packet loss
2025-04-10T23:40:04,147.87575077092387,22.635969792981236,0.33262768223003647,70.82702023085456,0.01532467138100526,MQTT,STABLE_NETWORK,Stable network with low latency and packet loss
2025-04-10T20:16:47,411.02738134588327,16.498861765566524,2.6252242842371936,75.26828334620842,0.005734307169818475,LoRaWAN,STABLE_NETWORK,Stable network with low latency and packet loss
2025-04-10T13:02:43,231.76691808300342,21.621983619185443,2.015144255680186,104.17819042792952,0.014041467351754378,MQTT,STABLE_NETWORK,Stable network with low latency and packet loss
2025-04-10T04:01:09,641.2334050225082,18.906398541367636,1.291454861351399,67.01019921365605,0.009373749591586586,MQTT,STABLE_NETWORK,Stable network with low latency and packet loss
2025-04-10T04:12:30,779.8962738021924,8.54784978265739,2.964230493327836,93.32070508037215,0.017020142219117775,LoRaWAN,STABLE_NETWORK,Stable network with low latency and packet loss
2025-04-10T06:31:29,440.2831474041193,18.30991617394379,2.296922593615034,83.56748480843152,0.005850389796777098,CoAP,STABLE_NETWORK,Stable network with low latency and packet loss
2025-04-10T02:41:11,869.6898014566535,10.887233563230822,1.588180353044953,82.80849391204103,0.011577887803238802,LoRaWAN,STABLE_NETWORK,Stable network with low latency and packet loss
2025-04-10T01:42:33,667.6756814246243,16.62160766710855,1.9725374404384033,69.75292009552925,0.00860442701344889,MQTT,STABLE_NETWORK,Stable network with low latency and packet loss
2025-04-10T12:29:59,294.6326588226379,16.539943046305,3.0586521004756904,76.24215211007677,0.012667382817076871,LoRaWAN,STABLE_NETWORK,Stable network with low latency and packet loss
2025-04-10T03:35:22,486.1435681312973,7.959125075174994,2.1761273725475685,93.54909940727218,0.009527166700917045,LoRaWAN,STABLE_NETWORK,Stable network with low latency and packet loss
2025-04-10T14:06:41,251.14960356708167,15.225470460568829,1.721165064760624,85.1594829272523,0.01579611306179302,MQTT,STABLE_NETWORK,Stable network with low latency and packet loss
2025-04-10T21:39:40,39.157490665899026,15.054716201469926,1.3943150881607507,106.42005827572271,0.01000645813237621,LoRaWAN,STABLE_NETWORK,Stable network with low latency and packet loss
2025-04-10T05:06:32,349.0999410439308,25.084819688683325,1.8923456525209992,79.25514136817718,0.012544051820047575,MQTT,STABLE_NETWORK,Stable network with low latency and packet loss
2025-04-10T00:28:19,381.0536443551438,21.282538707273424,1.0539439071129593,88.85252529428422,0.011757220971519313,MQTT,STABLE_NETWORK,Stable network with low latency and packet loss
2025-04-10T11:32:29,35.28984940515725,16.943251800498235,3.8950779279975114,75.40649538605372,0.004136091542053636,CoAP,STABLE_NETWORK,Stable network with low latency and packet loss
2025-04-10T08:19:58,308.0617671907939,15.190695252407277,2.2685945657644253,85.84422545758072,0.013502575695427111,MQTT,STABLE_NETWORK,Stable network with low latency and packet loss
2025-04-10T03:39:01,114.11547890363919,10.969361467748548,3.5000618396735845,80.9197894730616,0.004749014413745643,LoRaWAN,STABLE_NETWORK,Stable network with low latency and packet loss
2025-04-10T13:04:39,1764.0692134029448,23.448873976013076,2.159540244892351,82.92731184178214,0.011500045096127069,MQTT,STABLE_NETWORK,Stable network with low latency and packet loss
2025-04-10T14:30:08,220.41049127950936,9.284099553497219,2.1546472167113757,67.79590666297628,0.011132250186294011,LoRaWAN,STABLE_NETWORK,Stable network with low latency and packet loss
2025-04-10T20:57:01,320.7596536562943,12.225236506807857,0.9332237962106023,69.55041779223131,0.00603682123482399,MQTT,STABLE_NETWORK,Stable network with low latency and packet loss
2025-04-10T23:32:05,1398.5380275790544,16.102951980177327,3.2433198045689946,87.23029293862764,0.010771723875646663,LoRaWAN,STABLE_NETWORK,Stable network with low latency and packet loss
2025-04-10T16:44:41,110.2342732020966,17.075426211990926,3.466505315040717,90.31326190300373,0.014166432377198473,LoRaWAN,STABLE_NETWORK,Stable network with low latency and packet loss
2025-04-10T05:02:32,622.7231753803857,11.634672487031398,1.9203653582538194,61.19978805442818,0.0009026496205504254,LoRaWAN,STABLE_NETWORK,Stable network with low latency and packet loss
2025-04-10T14:02:49,793.0271658608382,11.233620939264783,1.8662535764723653,72.47618600894792,0.009524381931882688,MQTT,STABLE_NETWORK,Stable network with low latency and packet loss
2025-04-10T14:35:47,708.6678337001687,11.770191740380653,2.36257199296783,77.05583327577355,0.011612996865445747,MQTT,STABLE_NETWORK,Stable network with low latency and packet loss
2025-04-10T10:46:19,756.7739795956024,23.017616072235775,2.5953564195405807,75.29749686728492,0.013003093167800949,MQTT,STABLE_NETWORK,Stable network with low latency and packet loss
2025-04-10T09:08:16,538.1731092409987,13.180160797855734,1.8940155227586395,88.22267637543018,0.011748003545175004,MQTT,STABLE_NETWORK,Stable network with low latency and packet loss
2025-04-10T10:59:06,346.96579699064665,16.92917690078473,2.1218723066498897,111.77135338046554,0.01516476777469878,LoRaWAN,STABLE_NETWORK,Stable network with low latency and packet loss
2025-04-10T01:36:28,197.0265263529296,18.438569110439524,2.501198683304426,85.37658852049137,0.02103453436065641,MQTT,STABLE_NETWORK,Stable network with low latency and packet loss
2025-04-10T07:09:42,24.085367030460237,12.155391163059798,2.910524843717612,75.42686821511916,0.018713002040484414,LoRaWAN,STABLE_NETWORK,Stable network with low latency and packet loss
2025-04-10T05:40:30,1142.8972470373033,17.153473464937814,2.205057881650168,91.82325473460548,0.001181036450011868,LoRaWAN,STABLE_NETWORK,Stable network with low latency and packet loss
2025-04-10T10:21:50,153.38997060233837,11.880383053044092,2.400065744144635,80.1675599732199,0.0028765755106291424,LoRaWAN,STABLE_NETWORK,Stable network with low latency and packet loss
2025-04-10T18:31:51,924.3409825882276,6.396798297456874,1.508541059264178,90.34699252993977,0.016992335843172748,MQTT,STABLE_NETWORK,Stable network with low latency and packet loss
2025-04-10T15:20:49,524.4413805092604,19.71576358779047,2.9201127420665145,59.638310634267725,0.01369498026890513,MQTT,STABLE_NETWORK,Stable network with low latency and packet loss
2025-04-10T01:01:02,4490.437525944165,11.919651185949045,2.0372410464308017,92.41854633448105,0.014155222640201824,LoRaWAN,STABLE_NETWORK,Stable network with low latency and packet loss
2025-04-10T08:55:55,3034.6129217067914,15.094101095266305,1.220372974813992,64.40954664700547,0.02376710873465459,LoRaWAN,STABLE_NETWORK,Stable network with low latency and packet loss
2025-04-10T11:45:31,63.804923138406274,21.525902011503373,2.4639162135491013,70.06214351073265,0.00775994753594794,MQTT,STABLE_NETWORK,Stable network with low latency and packet loss
2025-04-10T12:35:40,1294.1018748291588,25.884865931900727,2.2281587247772343,64.9759786299301,0.000274863207708486,CoAP,STABLE_NETWORK,Stable network with low latency and packet loss
2025-04-10T01:45:30,788.58117490617,19.754208074186764,2.702381227034075,99.36151584179535,0.006438841642429014,LoRaWAN,STABLE_NETWORK,Stable network with low latency and packet loss
2025-04-10T08:30:00,121.04449608651548,18.025856495895088,1.649674140302376,84.73617086703781,0.014337977860734034,MQTT,STABLE_NETWORK,Stable network with low latency and packet loss
2025-04-10T17:52:28,82.871972181884,17.450727047994885,2.514018771427862,90.44922750276301,0.011196142738501431,LoRaWAN,STABLE_NETWORK,Stable network with low latency and packet loss
2025-04-10T09:51:47,1103.4179977657711,15.825446955990298,0.9294950752355302,110.08487529149454,0.0033510193921126655,LoRaWAN,STABLE_NETWORK,Stable network with low latency and packet loss
2025-04-10T20:13:49,62.41585534370703,16.607239201087314,2.208234711219124,73.17386034308066,0.008792835932434288,MQTT,STABLE_NETWORK,Stable network with low latency and packet loss
2025-04-10T14:33:01,175.38932903613167,19.835375153219665,2.2981821818015122,65.27117955113815,0.0038391381450999873,MQTT,STABLE_NETWORK,Stable network with low latency and packet loss
2025-04-10T21:27:47,413.76084451937913,18.079190921880148,2.8339162667439437,68.63552453620962,0.009589248054092232,MQTT,STABLE_NETWORK,Stable network with low latency and packet loss
2025-04-10T02:04:54,101.2740002795152,4.055959244945998,2.476844693308112,105.09322272291048,0.008470383539279282,LoRaWAN,STABLE_NETWORK,Stable network with low latency and packet loss
2025-04-10T00:42:05,764.5563815406734,25.12551958847788,2.7591320572471294,90.01298467811641,0.0031204259328957143,CoAP,STABLE_NETWORK,Stable network with low latency and packet loss
2025-04-10T12:02:57,115.11644638615067,13.219330880423868,2.5516748910424685,65.8271817189993,0.006235615690852454,LoRaWAN,STABLE_NETWORK,Stable network with low latency and packet loss
2025-04-10T09:22:29,580.2281128075066,20.533768726692685,2.281267142279978,81.29983014669996,0.0021213860464322915,CoAP,STABLE_NETWORK,Stable network with low latency and packet loss
2025-04-10T20:16:12,56.989889673095234,15.26714306354719,2.3301607742750265,83.64852997434669,0.006274765535663835,LoRaWAN,STABLE_NETWORK,Stable network with low latency and packet loss
2025-04-10T11:05:36,1073.2839685940125,17.345578947755435,1.9443550391902094,75.17159621102343,0.01992213056032259,MQTT,STABLE_NETWORK,Stable network with low latency and packet loss
2025-04-10T15:41:15,218.3704582488039,8.685102013276357,1.138234541488894,78.09688080638792,0.009800722836139274,MQTT,STABLE_NETWORK,Stable network with low latency and packet loss
2025-04-10T21:16:28,280.2319255990217,15.919353235977788,1.671306998804756,81.74953062861704,0.010455724072923188,MQTT,STABLE_NETWORK,Stable network with low latency and packet loss
2025-04-10T06:24:44,142.5898670813646,12.415401541830342,0.9739245272525061,68.71313623168115,0.011016764170243734,MQTT,STABLE_NETWORK,Stable network with low latency and packet loss
2025-04-10T13:09:12,291.5011314951,7.346254015610132,2.171997987871662,90.99985463312179,0.010681478527638196,LoRaWAN,STABLE_NETWORK,Stable network with low latency and packet loss
2025-04-10T00:19:21,100.15311595406146,16.732387164107912,0.6508132520849772,50.52509114012142,0.01280212054130159,MQTT,STABLE_NETWORK,Stable network with low latency and packet loss
2025-04-10T08:00:11,1391.3430661944483,24.098335876118213,1.0569448846061236,81.17427198337423,0.014643946877100017,MQTT,STABLE_NETWORK,Stable network with low latency and packet loss
2025-04-10T14:28:17,414.18975735732715,21.424495997924907,0.9332673739363466,89.37567779698863,0.009529147579232882,MQTT,STABLE_NETWORK,Stable network with low latency and packet loss
2025-04-10T04:54:06,237.42568372777163,16.367527734451656,2.345243199412387,58.13165244714417,0.007465563730394874,MQTT,STABLE_NETWORK,Stable network with low latency and packet loss
2025-04-10T09:57:29,790.9642691306522,8.443896131535125,2.896645140866884,81.34785503995421,0.012059273661700912,LoRaWAN,STABLE_NETWORK,Stable network with low latency and packet loss
2025-04-10T02:10:53,15.558268602051513,16.249988639158918,1.375597022030786,72.543841738643,0.005944133269997896,MQTT,STABLE_NETWORK,Stable network with low latency and packet loss
2025-04-10T15:27:11,340.25817374227853,14.044099423055007,1.061323040574873,65.25757445056567,0.0063218556091373355,MQTT,STABLE_NETWORK,Stable network with low latency and packet loss
2025-04-10T14:19:28,119.48012142224694,12.6601426660699,1.1553318945459323,96.07576975337808,0.013171728332764735,MQTT,STABLE_NETWORK,Stable network with low latency and packet loss
2025-04-10T07:19:20,1164.5718128243236,12.217894994494312,1.9721138819615134,77.82502042234186,0.025109545760191615,LoRaWAN,STABLE_NETWORK,Stable network with low latency and packet loss
2025-04-10T07:49:17,352.3725674831641,16.591313662785918,2.0166255133639712,87.59605635657562,0.017614920817000883,MQTT,STABLE_NETWORK,Stable network with low latency and packet loss
2025-04-10T13:10:05,554.8199703861667,12.839720924209617,2.8457674390784446,84.47996620188651,0.005438163110359997,LoRaWAN,STABLE_NETWORK,Stable network with low latency and packet loss
2025-04-10T05:29:37,267.0610391637749,25.11950935367913,2.6286261434708855,95.0144627991008,0.0066911064833190936,CoAP,STABLE_NETWORK,Stable network with low latency and packet loss
2025-04-10T00:03:17,1216.1215103678499,13.02073550575505,1.2614088211267522,94.88526049691897,0.014373824605886678,MQTT,STABLE_NETWORK,Stable network with low latency and packet loss
2025-04-10T22:55:53,713.5469043970215,21.574743524470602,1.229775917386941,87.65962329649797,0.012524439120679224,MQTT,STABLE_NETWORK,Stable network with low latency and packet loss
2025-04-10T16:59:33,100.63005781444727,16.13085589400494,1.6926162039901782,95.12250550172875,0.013145837808970282,MQTT,STABLE_NETWORK,Stable network with low latency and packet loss
2025-04-10T01:10:14,436.73672707888903,16.847933910102736,1.8610973470670875,74.1953242795611,0.010888430578025408,MQTT,STABLE_NETWORK,Stable network with low latency and packet loss
2025-04-10T17:31:03,170.47655956196994,13.819141980935024,2.674955334686263,77.14444454171453,0.00047153005200726433,LoRaWAN,STABLE_NETWORK,Stable network with low latency and packet loss
2025-04-10T07:14:29,861.977806394616,17.58610662179178,2.6301117957306728,90.37246047213907,0.01522276817514147,MQTT,STABLE_NETWORK,Stable network with low latency and packet loss
2025-04-10T04:57:53,752.6266258444775,10.43542873796823,1.9373904918483222,71.3175142726262,0.013982607445864331,LoRaWAN,STABLE_NETWORK,Stable network with low latency and packet loss
2025-04-10T23:28:59,178.40708793199846,9.934586860013171,2.89875297979683,71.64824580700751,0.012257413756320104,LoRaWAN,STABLE_NETWORK,Stable network with low latency and packet loss
2025-04-10T02:34:57,1188.2644847448853,30.556281904213648,2.8947884979580603,82.24043212170436,0.009488438566226097,HTTPS,STABLE_NETWORK,Stable network with low latency and packet loss
2025-04-10T19:05:56,722.5537254061821,11.972965851744698,1.9201722084761723,63.854474334497475,0.010684640893100977,LoRaWAN,STABLE_NETWORK,Stable network with low latency and packet loss
2025-04-10T22:49:48,192.60489931112843,17.392138983280162,1.7229576956708692,71.88293830023758,0.004083509090074774,MQTT,STABLE_NETWORK,Stable network with low latency and packet loss
2025-04-10T09:36:37,892.8845002691993,22.458572230137055,1.6761489042431195,88.94316146109837,0.017275877559617257,MQTT,STABLE_NETWORK,Stable network with low latency and packet loss
2025-04-10T03:27:48,145.21111065318263,17.314723666414235,3.501494880676149,97.89524712862823,0.001592513710769329,CoAP,STABLE_NETWORK,Stable network with low latency and packet loss
2025-04-10T08:41:05,4318.047377672504,16.784410497463746,0.5358598353835853,67.82950353028062,0.013171603445207335,MQTT,STABLE_NETWORK,Stable network with low latency and packet loss
2025-04-10T19:01:38,192.5692155570462,17.20491908809605,0.5557780042018117,83.2135700476782,0.012424252864557672,MQTT,STABLE_NETWORK,Stable network with low latency and packet loss
2025-04-10T23:32:24,416.4351626661846,12.825578605809593,2.014922660832816,69.20730237285541,0.006897744750175289,MQTT,STABLE_NETWORK,Stable network with low latency and packet loss
2025-04-10T22:30:45,610.8453674741435,22.4329248599299,2.2782347792950706,104.53169110346275,0.01069935711625773,LoRaWAN,STABLE_NETWORK,Stable network with low latency and packet loss
2025-04-10T09:39:58,208.42448726588756,11.890745063320306,2.5748511626054382,72.60293645847544,0.01720473789927699,LoRaWAN,STABLE_NETWORK,Stable network with low latency and packet loss
2025-04-10T06:44:51,50.105511718878404,15.483540974022661,1.0610776979593428,80.43647284539496,0.009671236588500812,MQTT,STABLE_NETWORK,Stable network with low latency and packet loss
2025-04-10T20:16:11,562.3170205940163,12.219335081720745,1.8070024434699543,73.54676131100362,0.012918546787025458,LoRaWAN,STABLE_NETWORK,Stable network with low latency and packet loss
2025-04-10T17:46:50,61.67002578925095,19.706622724433053,1.3988160625675539,91.386766461818,0.008397599773641726,MQTT,STABLE_NETWORK,Stable network with low latency and packet loss
2025-04-10T19:58:21,175.80571051826496,14.551150401684376,1.4259300353003248,97.20737000201316,0.015653333381631235,MQTT,STABLE_NETWORK,Stable network with low latency and packet loss
2025-04-10T06:59:26,323.63568951824334,20.402813923974364,2.8174939449551606,69.20007566164394,0.0159235966714468,MQTT,STABLE_NETWORK,Stable network with low latency and packet loss
2025-04-10T05:25:05,93.93088365033309,17.592291033220686,2.991629027126793,103.44912828323274,0.008183835161781793,LoRaWAN,STABLE_NETWORK,Stable network with low latency and packet loss
2025-04-10T20:03:24,7272.775508648051,18.650412466333414,1.3798781026329872,100.60753740357465,0.004402136445420595,MQTT,STABLE_NETWORK,Stable network with low latency and packet loss
2025-04-10T07:09:35,713.5152627130036,21.38062395954391,1.7375611496567311,97.51000007971821,0.021902241687178817,MQTT,STABLE_NETWORK,Stable network with low latency and packet loss
2025-04-10T03:55:33,73.1419189501741,21.031644804811382,4.682249971025363,98.33741392222868,0.021605643081608075,LoRaWAN,STABLE_NETWORK,Stable network with low latency and packet loss
2025-04-10T03:25:41,252.60537961941347,21.129549162428543,2.0616480153631342,70.75488157460445,0.005588173605431335,MQTT,STABLE_NETWORK,Stable network with low latency and packet loss
2025-04-10T03:04:47,214.9003602839325,3.0653855189167145,2.3198126383199527,85.57243924627599,0.016208516113166174,LoRaWAN,STABLE_NETWORK,Stable network with low latency and packet loss
2025-04-10T13:07:29,338.59171634584027,21.207652236464565,2.631499597074151,84.71246109415789,0.01088022112506151,MQTT,STABLE_NETWORK,Stable network with low latency and packet loss
2025-04-10T09:33:12,203.94878338296928,21.848717942667502,1.3750164116141725,78.01428854078091,0.0034542479208327197,HTTPS,STABLE_NETWORK,Stable network with low latency and packet loss
2025-04-10T22:36:35,33.46080964118897,9.73432051820472,1.5340845828326892,84.54120389892338,0.0052751066803028365,LoRaWAN,STABLE_NETWORK,Stable network with low latency and packet loss
2025-04-10T00:16:01,129.80159920273678,9.779289157729213,1.1664431581816324,74.85403993533187,0.005465133366949544,MQTT,STABLE_NETWORK,Stable network with low latency and packet loss
2025-04-10T15:33:02,361.5152992306549,18.231273171888528,2.163496952330551,70.37287864721047,0.0064585598837532095,MQTT,STABLE_NETWORK,Stable network with low latency and packet loss
2025-04-10T16:30:15,583.6927127838898,19.000647505322387,2.444592599418464,64.45953009649145,0.013732464937821076,MQTT,STABLE_NETWORK,Stable network with low latency and packet loss
2025-04-10T18:27:12,351.65562777444075,18.164819470184398,1.6816797849739291,105.27477161814522,0.009920246060156044,LoRaWAN,STABLE_NETWORK,Stable network with low latency and packet loss
2025-04-10T03:51:54,3016.626789591686,24.23795530702343,1.4792567836616946,96.65857607642336,0.013243948183681136,CoAP,STABLE_NETWORK,Stable network with low latency and packet loss
2025-04-10T02:39:19,4347.73466395423,19.128321046724192,2.6134378766007016,92.87012382576381,0.010164719433882016,CoAP,STABLE_NETWORK,Stable network with low latency and packet loss
2025-04-10T12:17:11,124.10887443970428,15.66382364813841,0.5551546062087365,76.74729484691737,0.013565722102046304,MQTT,STABLE_NETWORK,Stable network with low latency and packet loss
2025-04-10T13:35:16,26.79729446456993,20.26338198342915,1.2972056111212003,81.30285951009417,0.009606211798516449,MQTT,STABLE_NETWORK,Stable network with low latency and packet loss
2025-04-10T07:35:16,101.44830391797385,9.901368024501021,3.181919433260476,69.67976725387099,0.011872903854313496,LoRaWAN,STABLE_NETWORK,Stable network with low latency and packet loss
2025-04-10T06:44:14,183.8843435921258,12.784902551063311,2.131428430566511,73.98552823137848,0.01198468342789475,MQTT,STABLE_NETWORK,Stable network with low latency and packet loss
2025-04-10T11:47:43,1360.2713152813803,18.428032211908224,2.5761386087782783,98.99297936323325,0.007724245284273701,CoAP,STABLE_NETWORK,Stable network with low latency and packet loss
2025-04-10T20:08:03,4257.466587235904,19.0156075922923,1.73477758857231,97.1408773572013,0.00199570232650665,CoAP,STABLE_NETWORK,Stable network with low latency and packet loss
2025-04-10T09:37:50,267.5883547887713,15.9389704330009,0.6202881770650239,70.66338693193565,0.009924669936377367,MQTT,STABLE_NETWORK,Stable network with low latency and packet loss
2025-04-10T07:45:13,462.4479728730816,19.286988168821775,2.9200559467726452,77.2648520430003,0.00166356818677235,CoAP,STABLE_NETWORK,Stable network with low latency and packet loss
2025-04-10T15:55:10,2265.4789930554543,8.860827344515597,2.875272189559852,66.76565605705174,0.013090309218445223,LoRaWAN,STABLE_NETWORK,Stable network with low latency and packet loss
2025-04-10T19:45:37,41.93204495929693,16.759346557218247,1.6942360898723112,78.56130817370254,0.012473192168338879,MQTT,STABLE_NETWORK,Stable network with low latency and packet loss
2025-04-10T19:50:06,124.80092425002931,6.121257946667783,2.0094610659344574,100.54711180125328,0.013529438452342292,LoRaWAN,STABLE_NETWORK,Stable network with low latency and packet loss
2025-04-10T00:04:59,2851.5269505632955,16.756269650397932,1.3190906065147705,71.33116242671471,0.013728485241460944,MQTT,STABLE_NETWORK,Stable network with low latency and packet loss
2025-04-10T10:03:11,694.1051217027443,16.865017747539934,2.852775512467305,80.06039755398177,0.011800946383879827,LoRaWAN,STABLE_NETWORK,Stable network with low latency and packet loss
2025-04-10T16:37:04,431.6179150314924,12.400923578810003,2.335846953864832,86.32433993044438,0.011052930085335153,LoRaWAN,STABLE_NETWORK,Stable network with low latency and packet loss
2025-04-10T07:38:57,92.1390096651809,17.492291796743327,2.1349424625313684,88.86241669373582,0.0068979645736461865,MQTT,STABLE_NETWORK,Stable network with low latency and packet loss
2025-04-10T11:06:57,451.3448791918551,18.376571653208348,1.3477367006911114,61.7645481684291,0.013969099316664896,MQTT,STABLE_NETWORK,Stable network with low latency and packet loss
2025-04-10T20:16:30,152.18660395773642,21.11819729906673,1.290076097667117,99.95036978381255,0.011407433965811366,MQTT,STABLE_NETWORK,Stable network with low latency and packet loss
2025-04-10T23:01:58,165.13904339593253,14.208948863319733,1.788422727173303,62.572422115182405,0.00956514758318753,MQTT,STABLE_NETWORK,Stable network with low latency and packet loss
2025-04-10T08:51:15,459.4091861901833,15.22010105839966,2.4168373661628593,84.39908262973145,0.015441432328091798,LoRaWAN,STABLE_NETWORK,Stable network with low latency and packet loss
2025-04-10T14:21:55,370.16767003071317,13.080898456968322,2.176507820975739,68.03255339001656,0.010900405653366632,MQTT,STABLE_NETWORK,Stable network with low latency and packet loss
2025-04-10T17:45:32,253.7691822003406,15.779403950708454,2.7776328572437556,89.21648223560322,0.01602638048480239,LoRaWAN,STABLE_NETWORK,Stable network with low latency and packet loss
2025-04-10T06:41:18,103.40355985609224,13.27196565910004,1.9360302529013171,91.28787250699054,0.006003411443834701,LoRaWAN,STABLE_NETWORK,Stable network with low latency and packet loss
2025-04-10T03:54:39,1872.909395497106,17.84813805966753,4.049439761839318,94.53358918514122,0.009633495346395748,LoRaWAN,STABLE_NETWORK,Stable network with low latency and packet loss
2025-04-10T18:32:14,209.2257918429567,17.659094077078898,2.4398651962438045,74.9449386868082,0.012437327537292056,MQTT,STABLE_NETWORK,Stable network with low latency and packet loss
2025-04-10T21:16:56,1171.1223496751454,23.859240118167538,2.104626926554781,76.21601799638886,0.01704668483844083,MQTT,STABLE_NETWORK,Stable network with low latency and packet loss
2025-04-10T03:17:27,257.9334434820278,7.43755390118545,1.4320367103401217,66.56428346456094,0.013317709625989825,LoRaWAN,STABLE_NETWORK,Stable network with low latency and packet loss
2025-04-10T23:13:08,121.3961995677301,9.858394741928029,2.82180208611097,75.90509096447163,0.013996716296105417,LoRaWAN,STABLE_NETWORK,Stable network with low latency and packet loss
2025-04-10T01:12:33,232.1438282879188,14.152569102119553,2.7194713134798305,66.40828886640341,0.01331963080896147,LoRaWAN,STABLE_NETWORK,Stable network with low latency and packet loss
2025-04-10T23:12:46,103.96712409053802,18.183844806148542,2.582896682596675,102.50686909912092,0.015822362908104147,MQTT,STABLE_NETWORK,Stable network with low latency and packet loss
2025-04-10T15:31:10,2715.8382866089514,10.671528437261832,2.0779814823993137,70.14742195520152,0.022351662747478393,LoRaWAN,STABLE_NETWORK,Stable network with low latency and packet loss
2025-04-10T13:32:08,159.19624800609392,18.016321045368976,1.630858414532537,99.5647156424827,0.0029395392874427195,LoRaWAN,STABLE_NETWORK,Stable network with low latency and packet loss
2025-04-10T16:47:21,230.4849701444142,25.87825971617628,2.1152631590121773,81.7790994925169,0.011662142776646192,MQTT,STABLE_NETWORK,Stable network with low latency and packet loss
2025-04-10T19:48:05,14479.871793122338,17.449979595738935,1.524957487788539,73.15565060425546,0.01139958497970334,CoAP,STABLE_NETWORK,Stable network with low latency and packet loss
2025-04-10T09:10:52,293.30916636558686,24.757811220397063,1.7428952403213467,38.59132264303381,0.00819864539866926,MQTT,STABLE_NETWORK,Stable network with low latency and packet loss
2025-04-10T04:37:06,104.93663404119879,11.357991627338707,2.454884099836631,80.00738523009814,0.012057827684855596,LoRaWAN,STABLE_NETWORK,Stable network with low latency and packet loss
2025-04-10T07:54:48,37.68727313402961,16.45047425812446,2.3747183585442513,64.43394032679099,0.00038831661341693496,CoAP,STABLE_NETWORK,Stable network with low latency and packet loss
2025-04-10T19:52:11,408.20715917973274,24.980974766080738,2.913617358731467,98.54438912937076,0.002315895344654314,CoAP,STABLE_NETWORK,Stable network with low latency and packet loss
2025-04-10T14:04:33,306.0006515545361,19.405709168519632,1.6658290837411276,94.69120460615358,0.010412025374219556,MQTT,STABLE_NETWORK,Stable network with low latency and packet loss
2025-04-10T18:14:46,137.31122950199187,17.075493144286973,1.56828402524773,61.6909898769771,0.014141668868274756,MQTT,STABLE_NETWORK,Stable network with low latency and packet loss
2025-04-10T20:37:04,97.8001222932058,16.124796020243085,2.443125914723943,78.22239452331111,0.011277142091214408,MQTT,STABLE_NETWORK,Stable network with low latency and packet loss
2025-04-10T17:37:19,87.46681423236618,10.112345283366919,1.730053517740866,79.9095738277069,0.003674166219780746,LoRaWAN,STABLE_NETWORK,Stable network with low latency and packet loss
2025-04-10T08:51:38,259.3136877226509,19.910691769952287,1.5176931524196333,65.24537771323824,0.009391785583083428,MQTT,STABLE_NETWORK,Stable network with low latency and packet loss
2025-04-10T05:08:01,252.0323589456104,9.7543405899394,1.3982831729630378,95.9012772013822,0.011214374191727461,MQTT,STABLE_NETWORK,Stable network with low latency and packet loss
2025-04-10T08:50:29,806.4072343532471,24.424952188955757,3.0870021936743535,84.73984369271598,0.019627935397867904,MQTT,STABLE_NETWORK,Stable network with low latency and packet loss
2025-04-10T04:57:19,508.3006222752621,11.505034277513118,4.151348789223704,70.91412793997323,0.012810422462249654,LoRaWAN,STABLE_NETWORK,Stable network with low latency and packet loss
2025-04-10T08:34:54,542.6995891762239,17.730413167934348,0.7137464238894984,82.51526618668369,0.01573696001688915,MQTT,STABLE_NETWORK,Stable network with low latency and packet loss
2025-04-10T00:52:12,243.78266798666797,22.98520511011016,2.0884359331028097,73.78847495643853,0.011349358463795927,MQTT,STABLE_NETWORK,Stable network with low latency and packet loss
2025-04-10T08:23:45,28.58214870126697,13.39390007671518,2.15605327516269,98.28089291367812,0.008669967319158263,LoRaWAN,STABLE_NETWORK,Stable network with low latency and packet loss
2025-04-10T20:23:47,752.3194742954377,28.67587858789413,4.673193757894399,102.16852898148139,0.003436352019398026,CoAP,STABLE_NETWORK,Stable network with low latency and packet loss
2025-04-10T15:40:54,417.86216545574706,16.020104197610156,2.3772445786863194,65.98190254298733,0.004126788626527904,MQTT,STABLE_NETWORK,Stable network with low latency and packet loss
2025-04-10T05:32:57,173.06125487389775,15.721806130949403,2.0416761123699136,81.013698268641,0.011216956606865159,MQTT,STABLE_NETWORK,Stable network with low latency and packet loss
2025-04-10T07:53:45,1111.9462162181355,13.94167801115127,2.6039321366133,82.28508683564986,0.005282347898648679,LoRaWAN,STABLE_NETWORK,Stable network with low latency and packet loss
2025-04-10T14:17:50,963.6146314538,15.7686843993403,2.4841957789667237,74.26612257811165,0.00818281324296737,LoRaWAN,STABLE_NETWORK,Stable network with low latency and packet loss
2025-04-10T10:37:17,362.4897627373965,27.25708789005327,2.0644348765232188,70.71130362324656,0.010059995550069502,HTTPS,STABLE_NETWORK,Stable network with low latency and packet loss
2025-04-10T02:07:47,642.849917008668,7.456135418349944,2.1078079368662985,86.02616937217704,0.006422607263734792,LoRaWAN,STABLE_NETWORK,Stable network with low latency and packet loss
2025-04-10T15:16:53,741.048571765081,12.965433491894858,2.492871738451432,108.40974336125319,0.006618707468314505,LoRaWAN,STABLE_NETWORK,Stable network with low latency and packet loss
2025-04-10T02:19:43,1495.247125650476,17.8380725361668,3.3448541978683863,64.11647627640549,0.0010123507315531605,CoAP,STABLE_NETWORK,Stable network with low latency and packet loss
2025-04-10T04:16:48,154.5367678564415,16.94423571131698,1.6722584305263288,80.54391761278337,0.014570682947413958,MQTT,STABLE_NETWORK,Stable network with low latency and packet loss
2025-04-10T04:27:21,204.1086793617721,12.22958529888325,2.729409461548698,90.94189195823157,0.009135103672652486,LoRaWAN,STABLE_NETWORK,Stable network with low latency and packet loss
2025-04-10T03:02:29,122.36592676623631,18.1346075727797,2.0523734121604686,81.81299119396408,0.014432054236397748,MQTT,STABLE_NETWORK,Stable network with low latency and packet loss
2025-04-10T11:32:26,420.3121619252913,19.528419086116905,1.7699462400304535,76.1016948753927,0.006403605267237563,MQTT,STABLE_NETWORK,Stable network with low latency and packet loss
2025-04-10T13:54:40,345.16644207445563,16.435317567418107,1.5676654652875457,90.6389619281246,0.00566934349246233,MQTT,STABLE_NETWORK,Stable network with low latency and packet loss
2025-04-10T19:06:59,237.29827567226548,26.054872291321203,2.8725195134035957,84.94063198934303,0.0033610553792417733,CoAP,STABLE_NETWORK,Stable network with low latency and packet loss
2025-04-10T02:16:39,40.84704574804461,13.051732697925074,1.0865151654897804,82.52699367896903,0.008497514460608143,MQTT,STABLE_NETWORK,Stable network with low latency and packet loss
2025-04-10T11:06:40,780.0777216745241,20.279800997141383,2.691865671470186,70.24821609663931,0.00659130968534734,MQTT,STABLE_NETWORK,Stable network with low latency and packet loss
2025-04-10T02:14:01,1691.2748444030333,13.98894266875319,1.5995947722297457,89.84458070083949,0.004621445553235397,CoAP,STABLE_NETWORK,Stable network with low latency and packet loss
2025-04-10T03:14:09,314.7102290562683,12.910901720235632,1.1636037748483141,96.6194476804464,0.010074804402096349,MQTT,STABLE_NETWORK,Stable network with low latency and packet loss
2025-04-10T21:45:59,417.02610614782446,18.812767788807736,1.493520330184959,57.00163799309871,0.007729710083612919,MQTT,STABLE_NETWORK,Stable network with low latency and packet loss
2025-04-10T17:25:09,244.20245676314957,21.18666908374039,0.8210674233229658,100.07568101573997,0.016659074370781464,MQTT,STABLE_NETWORK,Stable network with low latency and packet loss
2025-04-10T06:34:58,2392.645300373801,16.24883568366325,1.2709335343092079,77.03030928856533,0.011407591814012881,MQTT,STABLE_NETWORK,Stable network with low latency and packet loss
2025-04-10T01:46:04,220.26619835992966,18.040302291520533,2.197615966288264,79.07390529531155,0.010722924174310174,MQTT,STABLE_NETWORK,Stable network with low latency and packet loss
2025-04-10T08:08:17,48.912400743010764,13.28170757122387,1.6117138735355785,79.19116736361472,0.00809034378310261,MQTT,STABLE_NETWORK,Stable network with low latency and packet loss
2025-04-10T06:59:53,273.2934380191708,7.4324714850555935,2.5625655944160655,64.7571907443992,0.019225896392454662,LoRaWAN,STABLE_NETWORK,Stable network with low latency and packet loss
2025-04-10T15:30:28,596.0900952442306,7.361939696368734,2.6262288154365825,65.90086322109902,0.009507365403869027,LoRaWAN,STABLE_NETWORK,Stable network with low latency and packet loss
2025-04-10T15:01:07,125.01985345131668,28.64232351316066,1.280491358980289,69.2791584482518,0.009485182117911661,MQTT,STABLE_NETWORK,Stable network with low latency and packet loss
2025-04-10T19:42:50,47.57572330574898,18.390699301133566,1.73916953018839,53.00793061733795,0.011382406669013228,MQTT,STABLE_NETWORK,Stable network with low latency and packet loss
2025-04-10T14:15:00,87.70199928745272,12.628313160332517,2.3852238534116577,76.80025622686864,0.012405512696391587,MQTT,STABLE_NETWORK,Stable network with low latency and packet loss
2025-04-10T09:24:17,1405.7340851665915,12.43835817183828,0.7748710348404266,73.53999314610978,0.002086807269630531,MQTT,STABLE_NETWORK,Stable network with low latency and packet loss
2025-04-10T23:04:48,32.043168250038846,12.408241870309324,1.9914103110042551,74.40294462974512,0.010498010456647706,LoRaWAN,STABLE_NETWORK,Stable network with low latency and packet loss
2025-04-10T00:46:11,112.66295293754303,14.69913027885087,1.382322365692792,97.41021710676054,0.008952233121456325,MQTT,STABLE_NETWORK,Stable network with low latency and packet loss
2025-04-10T10:29:49,128.40230532108006,19.94300411404166,1.5519433191701828,93.82533534101572,0.017851087171720237,MQTT,STABLE_NETWORK,Stable network with low latency and packet loss
2025-04-10T15:16:29,315.88775096466316,15.12472848640034,2.439071028428952,87.23965011590442,0.007288727777403411,LoRaWAN,STABLE_NETWORK,Stable network with low latency and packet loss
2025-04-10T14:20:43,2774.9862807644126,22.51329289364599,2.7280885870690432,66.98018810716076,0.012483590343876397,MQTT,STABLE_NETWORK,Stable network with low latency and packet loss
2025-04-10T04:04:59,916.5939228798401,17.04772236211876,1.4341160101262265,82.48131133748807,0.006841280362352337,MQTT,STABLE_NETWORK,Stable network with low latency and packet loss
2025-04-10T02:06:36,642.2019838828749,17.526383024713844,2.4820582152488906,75.86898156853783,0.012196870878281713,MQTT,STABLE_NETWORK,Stable network with low latency and packet loss
2025-04-10T18:55:05,623.5138098375228,19.989692925629466,2.010113976852856,70.8495407178022,0.016675970948014384,MQTT,STABLE_NETWORK,Stable network with low latency and packet loss
2025-04-10T10:11:58,515.7190545227246,15.881318939330178,4.09717019534887,103.44072776871815,0.01916058376172966,LoRaWAN,STABLE_NETWORK,Stable network with low latency and packet loss
2025-04-10T16:10:07,215.7750657138679,7.8857006673008785,2.2279831774298855,72.85706753124,0.0029403295798822214,CoAP,STABLE_NETWORK,Stable network with low latency and packet loss
2025-04-10T02:21:01,1396.8476933095444,14.090448824099067,3.503115729560415,85.178983139349,0.012381599412592191,LoRaWAN,STABLE_NETWORK,Stable network with low latency and packet loss
2025-04-10T06:00:18,544.1060115490654,12.605760617209759,1.6092419019871196,63.34111984404243,0.0008547765701992834,MQTT,STABLE_NETWORK,Stable network with low latency and packet loss
2025-04-10T11:24:45,1038.7502640693306,28.484949252972015,0.6591262401611084,93.38311221086737,0.008859879305545415,HTTPS,STABLE_NETWORK,Stable network with low latency and packet loss
2025-04-10T07:53:15,135.36750810300862,23.3083496622599,2.171688575747663,97.76634003089282,0.011256351463047405,MQTT,STABLE_NETWORK,Stable network with low latency and packet loss
2025-04-10T16:04:55,547.2390331658411,16.27926714689841,2.5590968592101495,86.67460520520535,0.00361275604383889,CoAP,STABLE_NETWORK,Stable network with low latency and packet loss
2025-04-10T01:01:09,438.00978425116296,24.221819987333646,0.8477583914078839,109.9918345669533,0.013984676536043537,MQTT,STABLE_NETWORK,Stable network with low latency and packet loss
2025-04-10T13:47:55,841.3503278474025,22.168327306198993,1.7238627086237015,75.8519015504627,0.015932213369123947,MQTT,STABLE_NETWORK,Stable network with low latency and packet loss
2025-04-10T07:06:05,353.13763456785097,6.87504058602799,1.9114756389956797,77.72251010156647,0.00829052732429778,LoRaWAN,STABLE_NETWORK,Stable network with low latency and packet loss
2025-04-10T09:58:59,489.813841097855,20.597426223331492,0.6036550376454157,96.25312926183923,0.004148312432519344,HTTPS,STABLE_NETWORK,Stable network with low latency and packet loss
2025-04-10T19:20:23,488.76332525833595,18.00949669486255,0.6753122946234598,76.62525893538678,0.0170955139251008,MQTT,STABLE_NETWORK,Stable network with low latency and packet loss
2025-04-10T07:30:46,103.84649974257728,14.79739969607327,2.4400556721125333,85.02360434842082,0.012612937886579478,LoRaWAN,STABLE_NETWORK,Stable network with low latency and packet loss
2025-04-10T20:26:31,1068.8205778102854,16.35327780619679,1.908099135407245,54.96665075818698,0.00955075495266163,MQTT,STABLE_NETWORK,Stable network with low latency and packet loss
2025-04-10T02:29:31,487.3524610323318,19.066857680387244,1.7121959392825017,70.23487868967624,0.006826933831779786,MQTT,STABLE_NETWORK,Stable network with low latency and packet loss
2025-04-10T16:01:04,1626.7938462855348,18.85317901854059,3.641107249890125,86.41759537186569,0.0030962721903548557,CoAP,STABLE_NETWORK,Stable network with low latency and packet loss
2025-04-10T20:14:53,501.09605933078024,18.89518649863756,2.6316779917151703,74.66139299787547,0.0015334655881484981,CoAP,STABLE_NETWORK,Stable network with low latency and packet loss
2025-04-10T21:19:23,1250.8299103760505,14.844000098242072,2.934907238203178,80.9688172776794,0.015796938832929167,LoRaWAN,STABLE_NETWORK,Stable network with low latency and packet loss
2025-04-10T07:42:37,876.8350162432081,16.226598677967583,1.8693369892309266,82.70334575915459,0.014277600780346176,MQTT,STABLE_NETWORK,Stable network with low latency and packet loss
2025-04-10T12:16:55,132.75738283620294,12.555524010250688,2.8272385340568396,73.72822057187854,0.018490422513723886,MQTT,STABLE_NETWORK,Stable network with low latency and packet loss
2025-04-10T05:13:11,79.08075312722714,21.045990410690713,2.676397228043074,77.96571310813466,0.013259854775670451,MQTT,STABLE_NETWORK,Stable network with low latency and packet loss
2025-04-10T06:50:38,93.58843625272686,9.190089193589788,0.3058582490794075,80.95709725002892,0.02540494440816119,MQTT,STABLE_NETWORK,Stable network with low latency and packet loss
2025-04-10T11:52:16,328.9351180836147,15.130974133447536,1.9184479841827626,83.9854104643269,0.008213970147546686,MQTT,STABLE_NETWORK,Stable network with low latency and packet loss
2025-04-10T17:01:59,1793.6075983304897,18.26192639134152,2.175409286641315,56.65904187040404,0.0027057711589746425,MQTT,STABLE_NETWORK,Stable network with low latency and packet loss
2025-04-10T12:47:51,40.14474989199643,9.777196736157364,3.014324609299911,105.61001127580704,0.016421558519210913,LoRaWAN,STABLE_NETWORK,Stable network with low latency and packet loss
2025-04-10T00:48:13,39.379054736394565,24.270936159628803,2.4978391626104672,98.90555263200865,0.009687861311799658,MQTT,STABLE_NETWORK,Stable network with low latency and packet loss
2025-04-10T11:16:35,743.4210003255217,10.330227203579092,2.670898723623942,90.46498396406783,0.012082002657628491,LoRaWAN,STABLE_NETWORK,Stable network with low latency and packet loss
2025-04-10T03:42:27,66.07832227822688,10.039400126491557,1.8017615278855723,77.78675714775484,0.004118517209681515,MQTT,STABLE_NETWORK,Stable network with low latency and packet loss
2025-04-10T12:50:16,73.64048044593274,23.274569004481844,1.9048360594955147,86.54188613759277,0.009901378353477163,MQTT,STABLE_NETWORK,Stable network with low latency and packet loss
2025-04-10T00:26:31,161.52431447404376,20.135855686938427,2.451978747717177,136.5202819784755,0.010538617776339385,LoRaWAN,STABLE_NETWORK,Stable network with low latency and packet loss
2025-04-10T10:50:19,2243.865459268192,10.38295801287582,1.6509365955507436,74.08703395718007,0.012085179854850617,LoRaWAN,STABLE_NETWORK,Stable network with low latency and packet loss
2025-04-10T21:04:07,584.1060523878367,10.25155948171415,3.1411107474246487,80.38405082724644,0.007155223763011557,LoRaWAN,STABLE_NETWORK,Stable network with low latency and packet loss
2025-04-10T16:13:08,218.35725097222664,12.807425534695426,2.5208819987013227,82.2649129813567,0.008098084312163474,LoRaWAN,STABLE_NETWORK,Stable network with low latency and packet loss
2025-04-10T10:40:51,303.503949746316,12.228668824124608,2.521834275656867,84.07766191216426,0.022355351176830886,LoRaWAN,STABLE_NETWORK,Stable network with low latency and packet loss
2025-04-10T17:42:26,166.33138587465555,20.77725990016201,3.040128150930765,92.98604596344099,0.017675238108212164,MQTT,STABLE_NETWORK,Stable network with low latency and packet loss
2025-04-10T19:53:20,265.0516059226741,26.204386760357558,2.7657332786614344,90.19534368153317,0.006363198177940279,CoAP,STABLE_NETWORK,Stable network with low latency and packet loss
2025-04-10T03:40:53,114.5679193112631,26.78743663695893,1.5007569597758919,70.75466964692193,0.013970531280569121,MQTT,STABLE_NETWORK,Stable network with low latency and packet loss
2025-04-10T03:14:21,292.68728116472596,19.117542453330515,3.413471503859882,92.73386339272102,0.011130420862435365,LoRaWAN,STABLE_NETWORK,Stable network with low latency and packet loss
2025-04-10T00:26:18,44.05274121409037,16.888232180812057,1.0776979713539538,88.87740578859939,0.001554153748653045,HTTPS,STABLE_NETWORK,Stable network with low latency and packet loss
2025-04-10T01:25:17,1214.5500621372892,11.164211740135379,1.749262732622956,84.36678646136822,0.011660152173318646,LoRaWAN,STABLE_NETWORK,Stable network with low latency and packet loss
2025-04-10T07:08:39,296.8183703288122,17.806787960780763,1.5397600618959488,91.18022086400808,0.014347377325169847,MQTT,STABLE_NETWORK,Stable network with low latency and packet loss
2025-04-10T15:43:15,1057.6516960743463,19.400599092800913,2.0314746032642277,94.53574135652104,0.012619991298674579,MQTT,STABLE_NETWORK,Stable network with low latency and packet loss
2025-04-10T15:47:07,500.36176743796875,22.896449910046503,1.83411562553098,79.95208023913882,0.004148981939119762,MQTT,STABLE_NETWORK,Stable network with low latency and packet loss
2025-04-10T09:24:50,177.40531761151232,16.931013258455963,1.471365950271606,58.88787324383884,0.012738824104871798,MQTT,STABLE_NETWORK,Stable network with low latency and packet loss
2025-04-10T14:10:47,203.86401702174598,22.534855424044885,1.9913410146776058,74.00817117625684,0.0028314207224155123,HTTPS,STABLE_NETWORK,Stable network with low latency and packet loss
2025-04-10T08:58:06,184.0290021399452,12.90625060435418,2.616156829551704,65.86731941320758,0.007345454031995859,LoRaWAN,STABLE_NETWORK,Stable network with low latency and packet loss
2025-04-10T04:50:30,80.74014299195952,17.22268626542974,1.3029081432991907,110.34123710217807,0.0004319365029068663,LoRaWAN,STABLE_NETWORK,Stable network with low latency and packet loss
2025-04-10T03:15:53,256.98936328530806,22.14370379177744,2.3074044437456123,77.69383874019839,0.015726109648436286,MQTT,STABLE_NETWORK,Stable network with low latency and packet loss
2025-04-10T08:04:41,811.6468721318811,16.852603889701424,2.438288831461042,103.79694438788995,0.0129995495584957,LoRaWAN,STABLE_NETWORK,Stable network with low latency and packet loss
2025-04-10T05:59:08,858.1890249535713,16.694664160436517,1.4818839044532646,90.12371095131859,0.010924679887435963,MQTT,STABLE_NETWORK,Stable network with low latency and packet loss
2025-04-10T14:11:48,183.71804221285637,20.63951003110993,2.8857255001952873,97.29556468646587,0.018617909871634454,MQTT,STABLE_NETWORK,Stable network with low latency and packet loss
2025-04-10T17:51:28,115.84659278117333,23.655741064249348,2.694046880109047,53.888199468691674,0.012635434036056808,MQTT,STABLE_NETWORK,Stable network with low latency and packet loss
2025-04-10T19:32:20,220.3665013657054,21.306583960041618,3.4590823980111303,89.8642073728361,0.002091472061806739,CoAP,STABLE_NETWORK,Stable network with low latency and packet loss
2025-04-10T06:41:30,259.2570750490002,18.857656197775018,2.964462315029433,117.59834053462492,0.014333315313846875,LoRaWAN,STABLE_NETWORK,Stable network with low latency and packet loss
2025-04-10T15:57:49,85.59172565747893,10.46130612327671,2.5807424790962,73.66233145539084,0.007566939258844246,LoRaWAN,STABLE_NETWORK,Stable network with low latency and packet loss
2025-04-10T05:22:32,308.4387886403322,12.956245878610211,1.416647488504191,89.47718575171419,0.013546622538373196,MQTT,STABLE_NETWORK,Stable network with low latency and packet loss
2025-04-10T14:09:50,28.002649571614256,20.63454494618663,0.5371166203744915,90.67197443994174,0.0022630118931251057,HTTPS,STABLE_NETWORK,Stable network with low latency and packet loss
2025-04-10T06:40:50,457.5183488369358,12.16555535023198,1.6842624464941167,85.43241909792626,0.007207741373007488,MQTT,STABLE_NETWORK,Stable network with low latency and packet loss
2025-04-10T13:22:01,21.98271695691576,18.229238690355665,2.0622275525024993,91.77009929956637,0.014040640353707511,MQTT,STABLE_NETWORK,Stable network with low latency and packet loss
2025-04-10T01:54:42,150.36673783535025,10.910915801038202,1.9601462991849363,81.23402755249312,0.0036329008063137186,LoRaWAN,STABLE_NETWORK,Stable network with low latency and packet loss
2025-04-10T15:39:05,250.4732599348149,21.532890736257155,0.5505317140287229,90.32797034761319,0.010540451288841533,MQTT,STABLE_NETWORK,Stable network with low latency and packet loss
2025-04-10T10:17:16,119.0877240369207,12.08003621722759,1.6634861054978916,73.70345329304095,0.0008741295158969879,MQTT,STABLE_NETWORK,Stable network with low latency and packet loss
2025-04-10T00:16:07,141.23953414914075,13.663545717562263,2.284321473518065,70.92597599487497,0.009731274580804765,LoRaWAN,STABLE_NETWORK,Stable network with low latency and packet loss
2025-04-10T21:59:04,154.0169779053397,18.997923710231333,3.254570746188327,89.18448997646985,0.010226646262930803,LoRaWAN,STABLE_NETWORK,Stable network with low latency and packet loss
2025-04-10T06:35:41,30.38546306850581,19.407538893222043,1.9102027277549143,42.21351629380847,0.007939186003270652,MQTT,STABLE_NETWORK,Stable network with low latency and packet loss
2025-04-10T14:23:50,3048.9067405995356,20.226638776769406,2.736246569257726,88.04273426181459,0.003045870321671638,CoAP,STABLE_NETWORK,Stable network with low latency and packet loss
2025-04-10T16:28:01,1441.1048555377058,18.19251695483397,2.3552053309573573,94.36717756821548,0.010032490843352199,LoRaWAN,STABLE_NETWORK,Stable network with low latency and packet loss
2025-04-10T09:35:53,105.96361411597836,14.159701342142077,2.689275075016546,76.26403981844447,0.00926011820015885,LoRaWAN,STABLE_NETWORK,Stable network with low latency and packet loss
2025-04-10T15:06:35,420.89483914205556,18.27140448737311,2.817981654302669,60.61654288784058,0.00731209814584088,MQTT,STABLE_NETWORK,Stable network with low latency and packet loss
2025-04-10T23:55:27,904.5713139714561,27.504098681531218,2.2996674018041556,64.17270377822423,0.01696390965814275,MQTT,STABLE_NETWORK,Stable network with low latency and packet loss
2025-04-10T19:13:56,85.64060798583347,14.881929079406106,0.6506484789329845,70.20155056620574,0.007835023608115086,MQTT,STABLE_NETWORK,Stable network with low latency and packet loss
2025-04-10T10:12:09,281.99190305739415,23.295544565172893,2.018682856215539,44.18606778341026,0.019704520860372745,MQTT,STABLE_NETWORK,Stable network with low latency and packet loss
2025-04-10T08:12:48,28.14769970688303,22.71810828561699,0.5814430053173223,72.22803111190962,0.008092114426539794,MQTT,STABLE_NETWORK,Stable network with low latency and packet loss
2025-04-10T04:03:51,386.4501683833309,9.796396323851699,2.7431589799635576,94.23737075800157,0.016103225253582282,MQTT,STABLE_NETWORK,Stable network with low latency and packet loss
2025-04-10T18:35:51,216.56027829841082,14.69903954047633,3.0747512239979793,63.207660013350264,0.011476040223598251,LoRaWAN,STABLE_NETWORK,Stable network with low latency and packet loss
2025-04-10T04:59:10,17.489152525238524,13.999804998565907,1.047953680053507,89.42414902935128,0.016299406404083543,MQTT,STABLE_NETWORK,Stable network with low latency and packet loss
2025-04-10T08:00:12,130.73939970883586,14.15632089266553,1.5304164151342867,86.25410602827996,0.004729065086801273,MQTT,STABLE_NETWORK,Stable network with low latency and packet loss
2025-04-10T19:31:16,842.3773574853199,15.885398732074208,2.9937889265325057,103.54707388952568,4.110121449036469e-05,CoAP,STABLE_NETWORK,Stable network with low latency and packet loss
2025-04-10T12:57:32,218.92189745880833,21.287426193363764,1.9744340140385817,78.63819913057166,0.005909393514131597,MQTT,STABLE_NETWORK,Stable network with low latency and packet loss
2025-04-10T05:33:45,331.0804991067706,23.892215049423292,1.2240933425692169,73.15764756678577,0.014204849454897164,MQTT,STABLE_NETWORK,Stable network with low latency and packet loss
2025-04-10T05:36:43,156.54207574052006,21.79716662483694,1.372190661360003,56.87645398045407,0.008523754568881211,MQTT,STABLE_NETWORK,Stable network with low latency and packet loss
2025-04-10T11:01:45,50.1076345257122,18.81811359039393,0.5036382583818131,84.55136146565067,0.015753802965111394,MQTT,STABLE_NETWORK,Stable network with low latency and packet loss
2025-04-10T05:32:11,84.8249022334133,20.621799353863434,2.037424862992426,75.13525963313832,0.0113219291392272,MQTT,STABLE_NETWORK,Stable network with low latency and packet loss
2025-04-10T23:36:33,63.7188382857514,14.872212272389092,2.220615486250742,56.966633345155955,0.014245023421657827,MQTT,STABLE_NETWORK,Stable network with low latency and packet loss
2025-04-10T14:39:04,534.9466805161904,14.887838219717672,2.0303208313784418,88.47214959008569,0.01640679197576391,MQTT,STABLE_NETWORK,Stable network with low latency and packet loss
2025-04-10T12:41:09,162.5846699671072,21.106314188344882,1.6610163984128625,97.98964422731959,0.014270134699189963,MQTT,STABLE_NETWORK,Stable network with low latency and packet loss
2025-04-10T06:55:38,30.340731991141507,14.498689308007535,2.7096858531621937,75.47576831857522,0.007571125206075887,LoRaWAN,STABLE_NETWORK,Stable network with low latency and packet loss
2025-04-10T07:45:49,185.07875873591186,17.564560509824204,1.6090815535390015,79.63396806566733,0.01363970110609535,MQTT,STABLE_NETWORK,Stable network with low latency and packet loss
2025-04-10T06:10:43,286.71522703024203,15.049988854883143,3.326441419224648,62.379695732194406,0.01094320083667891,MQTT,STABLE_NETWORK,Stable network with low latency and packet loss
2025-04-10T06:43:41,174.8469921567407,16.388640478137837,2.7706210325384415,78.40005231688085,0.0030869357329230875,LoRaWAN,STABLE_NETWORK,Stable network with low latency and packet loss
2025-04-10T21:48:07,1493.6497968468136,19.379176233618196,0.8887332660488163,77.64672950684293,0.013410257873289042,MQTT,STABLE_NETWORK,Stable network with low latency and packet loss
2025-04-10T10:22:49,111.12326341093424,13.950487405125989,0.4504286035593603,50.84719110472624,0.01265058272949449,MQTT,STABLE_NETWORK,Stable network with low latency and packet loss
2025-04-10T00:10:18,200.43391397705253,18.274101078325696,1.8614217284891275,64.1838133308287,0.013397606274328849,MQTT,STABLE_NETWORK,Stable network with low latency and packet loss
2025-04-10T14:40:00,130.87160815604886,19.687669567581878,2.7902043698634293,82.27055388253821,0.00961554548362456,MQTT,STABLE_NETWORK,Stable network with low latency and packet loss
2025-04-10T19:11:24,518.2616535809395,18.43561769809423,2.439909602325229,90.12531245648019,0.0013556683827871778,CoAP,STABLE_NETWORK,Stable network with low latency and packet loss
2025-04-10T23:52:17,143.89057525029557,17.76346851601881,1.9224216768534192,65.28704986395867,0.0014384706681645001,MQTT,STABLE_NETWORK,Stable network with low latency and packet loss
2025-04-10T17:22:46,48.79876977158271,25.53135382650044,2.0797284848151767,84.65287902747733,0.006286047364944088,MQTT,STABLE_NETWORK,Stable network with low latency and packet loss
2025-04-10T21:15:18,130.6100427464275,5.831878881023532,1.780789262227998,83.7092937758642,0.01066208478762292,LoRaWAN,STABLE_NETWORK,Stable network with low latency and packet loss
2025-04-10T20:17:41,3417.288253152799,14.331044840632796,2.8250346739934815,105.8250859421641,0.0230013868204758,LoRaWAN,STABLE_NETWORK,Stable network with low latency and packet loss
2025-04-10T02:09:46,122.2556039487878,13.992158058733088,0.1359749798389347,65.43897618769414,0.006301851818665579,MQTT,STABLE_NETWORK,Stable network with low latency and packet loss
2025-04-10T13:00:59,599.3377500255398,20.872924170034217,1.2969009277009231,83.83031477596992,0.010768393736730665,MQTT,STABLE_NETWORK,Stable network with low latency and packet loss
2025-04-10T15:20:58,62.17395829956336,24.313476851551805,1.7368021469478498,73.11073258119411,0.006784400816597872,MQTT,STABLE_NETWORK,Stable network with low latency and packet loss
2025-04-10T22:03:13,73.93080180619695,18.092251862813374,0.7223000327188807,56.058212609635774,0.010785980686368447,MQTT,STABLE_NETWORK,Stable network with low latency and packet loss
2025-04-10T21:07:11,191.33035463091178,12.916155679853196,1.8616411843323488,83.40820234609632,0.006750936904197107,MQTT,STABLE_NETWORK,Stable network with low latency and packet loss
2025-04-10T05:31:08,1691.4414125388114,16.96480521980538,1.2051236507067093,109.33868087708984,0.017306534349143542,MQTT,STABLE_NETWORK,Stable network with low latency and packet loss
2025-04-10T05:34:41,309.8015996864381,13.71293602726403,1.0328592308615923,103.55622112305134,0.00995497484080614,MQTT,STABLE_NETWORK,Stable network with low latency and packet loss
2025-04-10T00:10:37,166.94110673100388,17.73563665439125,2.0799743486625295,86.32638688823953,0.007855521982782223,MQTT,STABLE_NETWORK,Stable network with low latency and packet loss
2025-04-10T03:22:52,234.5215724361137,14.38501802007656,2.0898383422496383,98.22499878475406,0.013450140716745025,MQTT,STABLE_NETWORK,Stable network with low latency and packet loss
2025-04-10T09:54:07,246.5172871554783,13.479117716616013,1.9906209387299685,93.25201445503222,0.0056217833311816,LoRaWAN,STABLE_NETWORK,Stable network with low latency and packet loss
2025-04-10T08:36:55,285.8586740059592,11.076038013677175,1.7482653132622445,91.88262203049395,0.017872874557802274,MQTT,STABLE_NETWORK,Stable network with low latency and packet loss
2025-04-10T17:01:23,253.43756704903086,12.461656702972347,0.36331196420868617,77.35093011575267,0.0069433986890060865,MQTT,STABLE_NETWORK,Stable network with low latency and packet loss
2025-04-10T08:32:53,171.28053084154348,25.600542546701075,2.89906832445487,95.84939560915318,0.009548844634614735,MQTT,STABLE_NETWORK,Stable network with low latency and packet loss
2025-04-10T03:42:10,645.1143608767394,17.954747536122913,2.829829398996476,76.75852606360418,0.013404803532359037,MQTT,STABLE_NETWORK,Stable network with low latency and packet loss
2025-04-10T18:18:53,279.06512057828724,29.30902852046738,1.486688333961553,69.9491662393146,0.00618967282870864,HTTPS,STABLE_NETWORK,Stable network with low latency and packet loss
2025-04-10T00:04:33,1617.8662889553734,18.575894074699637,2.9503798346307817,64.20370805609836,0.012914957909090325,MQTT,STABLE_NETWORK,Stable network with low latency and packet loss
2025-04-10T02:09:22,116.00183019848063,14.859074356345126,1.7583842642681633,100.6058671125421,0.014358360373448361,MQTT,STABLE_NETWORK,Stable network with low latency and packet loss
2025-04-10T06:38:17,1012.9375070089303,11.866211546593501,2.0380406482553526,114.41201524300944,0.01514946878585542,LoRaWAN,STABLE_NETWORK,Stable network with low latency and packet loss
2025-04-10T21:47:31,2064.40874419724,14.22110158117447,2.097113819034922,67.48448809101407,0.010877319068959375,LoRaWAN,STABLE_NETWORK,Stable network with low latency and packet loss
2025-04-10T05:06:32,4.446744628776117,17.52858068854916,2.895165457231218,98.02155119440835,0.005608332375975553,LoRaWAN,STABLE_NETWORK,Stable network with low latency and packet loss
2025-04-10T00:17:06,30.528242640090305,16.845349837901363,1.8048030276495253,75.92044017944724,0.018619407375783416,MQTT,STABLE_NETWORK,Stable network with low latency and packet loss
2025-04-10T03:50:53,158.40561733605713,19.035964095208538,2.8181098465961476,60.90545086001277,0.0028709450587315532,MQTT,STABLE_NETWORK,Stable network with low latency and packet loss
2025-04-10T17:44:22,61.85643983996266,18.25839738531019,2.297439940583968,87.38994061507776,0.012228876466973878,MQTT,STABLE_NETWORK,Stable network with low latency and packet loss
2025-04-10T04:24:06,96.09380184996225,19.61553669729741,1.601757705330755,78.17670526286615,0.006997237672436086,MQTT,STABLE_NETWORK,Stable network with low latency and packet loss
2025-04-10T21:10:02,789.9253807085144,12.288544782720292,2.259901479376022,93.27242960939827,0.004509080479356102,LoRaWAN,STABLE_NETWORK,Stable network with low latency and packet loss
2025-04-10T12:05:36,1342.9729510125828,16.657330553633326,1.1786975001209221,89.76042995854344,0.0073898704856686405,MQTT,STABLE_NETWORK,Stable network with low latency and packet loss
2025-04-10T17:24:33,330.91833372163666,13.516785363403732,2.0261304546996626,90.78753548609573,0.00717647216860773,MQTT,STABLE_NETWORK,Stable network with low latency and packet loss
2025-04-10T15:38:46,45.23717631919878,13.61133087612424,3.658404881492311,81.54714612768677,0.005857125707691868,LoRaWAN,STABLE_NETWORK,Stable network with low latency and packet loss
2025-04-10T10:17:22,1706.6943762582207,25.45583993348887,1.7971629318358133,74.20670838222476,0.013012230968373666,MQTT,STABLE_NETWORK,Stable network with low latency and packet loss
2025-04-10T02:05:50,742.7383347029926,21.280155153643772,2.6764505622488475,81.539894759931,0.005784857677469825,MQTT,STABLE_NETWORK,Stable network with low latency and packet loss
2025-04-10T16:28:46,1527.5311093976766,8.805516389980825,1.553973439204243,82.68343600505725,0.002108985949622425,LoRaWAN,STABLE_NETWORK,Stable network with low latency and packet loss
2025-04-10T20:39:39,522.3879279239171,14.931975577894487,1.5232936466485694,69.61224538365443,0.0038149822376638935,MQTT,STABLE_NETWORK,Stable network with low latency and packet loss
2025-04-10T11:01:21,1299.9682159158012,21.021073700225738,0.6177015514654296,86.71978405132435,0.016556204194847053,MQTT,STABLE_NETWORK,Stable network with low latency and packet loss
2025-04-10T22:06:57,1747.6779579864915,20.111604388936673,1.123270414848522,71.50276146819309,0.006196537188343605,MQTT,STABLE_NETWORK,Stable network with low latency and packet loss
2025-04-10T07:43:59,223.51231254382367,5.827378565041325,1.7033396057393628,80.27057095683058,0.011898888351231663,LoRaWAN,STABLE_NETWORK,Stable network with low latency and packet loss
2025-04-10T20:56:36,82.16881523953768,19.77393472205638,1.886254797741206,98.99059118505284,0.00505980437329513,HTTPS,STABLE_NETWORK,Stable network with low latency and packet loss
2025-04-10T00:15:09,152.2387182522906,14.620150514197677,2.8639465761215024,83.11470419450345,0.00929996941817607,LoRaWAN,STABLE_NETWORK,Stable network with low latency and packet loss
2025-04-10T00:40:17,79.56799837366312,18.701094643190252,0.40477018807564247,102.74204773341694,0.020207647607250818,MQTT,STABLE_NETWORK,Stable network with low latency and packet loss
2025-04-10T15:52:14,56.448638004534324,23.29772808748681,3.455461034535416,87.71889454844235,0.008568389930563467,MQTT,STABLE_NETWORK,Stable network with low latency and packet loss
2025-04-10T22:43:23,493.1649035761253,13.732929417998406,2.25636855561216,85.92431713480701,0.009579390196861192,LoRaWAN,STABLE_NETWORK,Stable network with low latency and packet loss
2025-04-10T06:02:57,1084.2807233470862,12.117451677509484,2.219418530787509,86.38834368935171,0.008935699926769968,LoRaWAN,STABLE_NETWORK,Stable network with low latency and packet loss
2025-04-10T07:41:29,181.0767452690629,16.99397144505762,1.7515608460919592,78.4630642404052,0.013559153174447787,MQTT,STABLE_NETWORK,Stable network with low latency and packet loss
2025-04-10T04:14:32,176.1334186957626,20.80344539991986,2.053768613522254,91.8577949796484,0.01163072952096848,MQTT,STABLE_NETWORK,Stable network with low latency and packet loss
2025-04-10T03:22:30,245.78612515782623,16.724137810358204,1.5191802781763137,53.88166789471074,0.004567697627722527,MQTT,STABLE_NETWORK,Stable network with low latency and packet loss
2025-04-10T05:14:39,52.862139648088885,22.701653802470805,1.7342820018688019,88.98939108262316,0.0206945662461083,MQTT,STABLE_NETWORK,Stable network with low latency and packet loss
2025-04-10T16:15:56,329.54865701547266,12.655030269788927,3.8133114864188675,61.96591623419564,0.007479257439501654,LoRaWAN,STABLE_NETWORK,Stable network with low latency and packet loss
2025-04-10T22:30:23,194.9471345825468,21.434548543171374,1.8607440304705498,62.23635208370985,0.015730704454281534,MQTT,STABLE_NETWORK,Stable network with low latency and packet loss
2025-04-10T01:52:25,165.2708057076608,13.065275294614795,1.1134951423562511,61.64958572707953,0.013807233175085414,MQTT,STABLE_NETWORK,Stable network with low latency and packet loss
2025-04-10T09:16:53,82.67604759617942,16.910794062654638,2.144408271493681,68.45065921326386,0.010428693044081217,MQTT,STABLE_NETWORK,Stable network with low latency and packet loss
2025-04-10T13:06:03,331.89638338178327,17.3940040897501,2.375402572946192,71.66787599466488,0.01275897717921862,MQTT,STABLE_NETWORK,Stable network with low latency and packet loss
2025-04-10T22:37:43,369.77863627379185,16.057744735285866,1.6292279505469789,68.99808469431406,0.013263183648122274,MQTT,STABLE_NETWORK,Stable network with low latency and packet loss
2025-04-10T08:32:42,495.07157591674365,13.112582772909228,1.620898704261052,101.91485531797898,0.00869002991548778,LoRaWAN,STABLE_NETWORK,Stable network with low latency and packet loss
2025-04-10T09:14:52,536.3627771443969,16.900498950237157,0.34498737257389633,87.71328374276328,0.012196275976101135,MQTT,STABLE_NETWORK,Stable network with low latency and packet loss
2025-04-10T23:47:03,181.7831457370795,18.205439813377595,3.351294551557767,79.40996667968018,0.010743602014257156,LoRaWAN,STABLE_NETWORK,Stable network with low latency and packet loss
2025-04-10T12:16:28,77.23189209989539,14.547917511068253,2.1781573098412164,66.20359340444236,0.008590693979255274,MQTT,STABLE_NETWORK,Stable network with low latency and packet loss
2025-04-10T11:36:45,123.58246026513893,22.836127851845653,0.7016119906443805,94.44153184349715,1.1347714647223436e-05,HTTPS,STABLE_NETWORK,Stable network with low latency and packet loss
2025-04-10T17:41:21,305.08474190862097,15.986980941770765,0.8555825721321011,73.40746407056699,0.019632683069664272,MQTT,STABLE_NETWORK,Stable network with low latency and packet loss
2025-04-10T04:46:31,49.04683983486509,13.157175491350815,2.808021098572683,80.73031535929341,0.002078168019329106,CoAP,STABLE_NETWORK,Stable network with low latency and packet loss
2025-04-10T10:41:25,354.48766606718686,16.432418128742366,2.681863611370855,78.40053924832826,0.006344272927312069,LoRaWAN,STABLE_NETWORK,Stable network with low latency and packet loss
2025-04-10T07:38:19,218.35026928126547,13.35970588134141,2.487540466777165,92.60747205368979,0.0077652151918635795,LoRaWAN,STABLE_NETWORK,Stable network with low latency and packet loss
2025-04-10T01:37:20,350.37862210927375,13.79938001967715,0.7987503993021348,71.96586434017253,0.009916117972781621,MQTT,STABLE_NETWORK,Stable network with low latency and packet loss
2025-04-10T07:32:49,80.27872029451378,18.252222421149533,2.0326562034476625,58.41372813426172,0.014052743903550918,MQTT,STABLE_NETWORK,Stable network with low latency and packet loss
2025-04-10T04:44:47,85.58256072328714,5.08717854468947,2.1365055012701304,68.96230964225938,0.0036698376280352805,MQTT,STABLE_NETWORK,Stable network with low latency and packet loss
2025-04-10T08:56:20,214.6402808752748,20.005837596004604,2.2673530737901872,70.45358400822305,0.01777867799831132,MQTT,STABLE_NETWORK,Stable network with low latency and packet loss
2025-04-10T14:31:02,28.581503587883336,21.310197722865997,2.385030400070816,57.19608257153435,0.001961160144583394,MQTT,STABLE_NETWORK,Stable network with low latency and packet loss
2025-04-10T19:50:43,306.5830505519836,20.007231120858687,2.7178988424768855,78.39053175109635,0.011240439962075797,MQTT,STABLE_NETWORK,Stable network with low latency and packet loss
2025-04-10T13:30:38,45.79988103386511,19.049517974475403,1.0205951175168688,85.85750352391307,0.016718804727676173,MQTT,STABLE_NETWORK,Stable network with low latency and packet loss
2025-04-10T00:35:57,66.88580319618312,14.539240270526648,2.194604184928047,66.62626799154985,0.005942200107817571,MQTT,STABLE_NETWORK,Stable network with low latency and packet loss
2025-04-10T18:30:47,221.46858798194688,25.949898337415185,2.141465733108819,67.76206017917748,0.012663940013652017,MQTT,STABLE_NETWORK,Stable network with low latency and packet loss
2025-04-10T08:05:12,96.21297431676815,11.84329587988047,0.05931569460943065,101.9742403581613,0.010771942120074367,MQTT,STABLE_NETWORK,Stable network with low latency and packet loss
2025-04-10T23:51:09,737.414140169248,18.030708104001604,1.7813102643134673,73.83680922704566,0.02212210063425281,MQTT,STABLE_NETWORK,Stable network with low latency and packet loss
2025-04-10T18:35:41,1310.5817447170552,11.85337686061269,0.9706207753123988,78.29439098448391,0.017758950791613104,MQTT,STABLE_NETWORK,Stable network with low latency and packet loss
2025-04-10T12:16:30,56.64772767221331,15.043920541831618,1.6787012624258884,62.10049839068907,0.0076766830872406705,MQTT,STABLE_NETWORK,Stable network with low latency and packet loss
2025-04-10T13:23:19,1398.1218347226745,17.78787540405209,2.122595265927034,61.069487749567834,0.002721281029193211,MQTT,STABLE_NETWORK,Stable network with low latency and packet loss
2025-04-10T04:59:07,1874.8469058491119,20.106129371263496,1.7156579595734858,55.9991201063382,0.008563298778833323,MQTT,STABLE_NETWORK,Stable network with low latency and packet loss
2025-04-10T08:51:57,1249.1375661962459,16.20856769951108,1.7714464593193096,78.35238398207305,0.007050941518656309,MQTT,STABLE_NETWORK,Stable network with low latency and packet loss
2025-04-10T00:15:18,128.32729371241194,18.212977937954605,1.0994103120450718,65.43245753841559,0.012722483173509514,MQTT,STABLE_NETWORK,Stable network with low latency and packet loss
2025-04-10T15:25:52,197.24637285246123,14.930381508620089,0.9576737145257688,65.25692980406924,0.0071624604902766065,MQTT,STABLE_NETWORK,Stable network with low latency and packet loss
2025-04-10T05:42:34,1181.0448252835588,16.249809002628563,2.3781653375590177,63.79647194637231,0.006576796674009173,MQTT,STABLE_NETWORK,Stable network with low latency and packet loss
2025-04-10T20:35:21,175.78421227364186,11.54670396927472,2.500250450214802,81.3309973615046,0.007102216169693988,LoRaWAN,STABLE_NETWORK,Stable network with low latency and packet loss
2025-04-10T01:37:17,1959.0692120833462,18.820544539115907,1.885782708602954,79.29511062660362,0.0014529163720879736,CoAP,STABLE_NETWORK,Stable network with low latency and packet loss
2025-04-10T04:13:32,94.22252416258539,19.11609788639786,2.205300841894028,75.0628714621046,0.01482876078701334,MQTT,STABLE_NETWORK,Stable network with low latency and packet loss
2025-04-10T18:08:51,342.2680306888771,24.956022541788496,2.8321338561627822,73.69808034125832,0.004245957023826658,HTTPS,STABLE_NETWORK,Stable network with low latency and packet loss
2025-04-10T22:10:58,40.69039615830756,24.331608170609385,2.609927455450563,73.75081743631758,0.009872980542905406,MQTT,STABLE_NETWORK,Stable network with low latency and packet loss
2025-04-10T04:56:35,142.92913251576937,22.719234911445984,2.7261847575545994,69.12678734858815,0.009321814304239475,MQTT,STABLE_NETWORK,Stable network with low latency and packet loss
2025-04-10T23:04:11,172.3793159115934,20.043668876534554,3.7484553836670327,95.39541369080516,0.014854908615484452,MQTT,STABLE_NETWORK,Stable network with low latency and packet loss
2025-04-10T10:07:38,729.8502730122689,12.549718672446529,1.880494458543046,62.22006222149034,0.012448863770088707,MQTT,STABLE_NETWORK,Stable network with low latency and packet loss
2025-04-10T17:12:12,346.22121165977484,19.810733733359736,1.8859751279721049,84.52212925423152,0.01389869218358925,MQTT,STABLE_NETWORK,Stable network with low latency and packet loss
2025-04-10T19:50:37,60.98086492682195,18.182389352822824,0.6642606072416384,81.09507293576468,0.015629862535814765,MQTT,STABLE_NETWORK,Stable network with low latency and packet loss
2025-04-10T08:45:19,12.640284126692402,15.919044894204735,1.3453107899087224,74.55805036712687,0.005857154403168732,MQTT,STABLE_NETWORK,Stable network with low latency and packet loss
2025-04-10T21:46:44,912.9243168542266,22.197362161382095,1.6464710380260292,50.78126326377239,0.006081505122202595,MQTT,STABLE_NETWORK,Stable network with low latency and packet loss
2025-04-10T02:42:21,4157.99321949113,14.09498200904159,1.3993064765823138,57.640902494427365,0.007703673461463645,MQTT,STABLE_NETWORK,Stable network with low latency and packet loss
2025-04-10T07:27:05,419.59086775130896,11.75742786399229,1.6112712624007606,60.89803297693432,0.0005372489552040952,MQTT,STABLE_NETWORK,Stable network with low latency and packet loss
2025-04-10T03:51:34,112.34666014896922,14.764067489229395,1.9836933166134818,56.866988364728584,0.0032493318905693017,MQTT,STABLE_NETWORK,Stable network with low latency and packet loss
2025-04-10T11:32:11,95.57986626862338,12.354792867599372,2.381541112067997,84.2095670161802,0.013845800220721165,LoRaWAN,STABLE_NETWORK,Stable network with low latency and packet loss
2025-04-10T05:02:09,554.2879197947576,22.49174205795784,1.654479657026346,65.18077671069022,0.009553600188606019,MQTT,STABLE_NETWORK,Stable network with low latency and packet loss
2025-04-10T13:42:50,42.44180700691957,16.052687860043935,2.2405989593608506,77.02258501143268,0.0011522528969551676,CoAP,STABLE_NETWORK,Stable network with low latency and packet loss
2025-04-10T10:03:40,431.42279651319495,13.305863659216731,1.2382692958538044,70.93305068365846,0.01640184751354051,MQTT,STABLE_NETWORK,Stable network with low latency and packet loss
2025-04-10T19:17:38,719.5175055696848,15.666773122727587,0.938720850673342,84.33688308233076,0.004698950978376608,MQTT,STABLE_NETWORK,Stable network with low latency and packet loss
2025-04-10T14:42:12,167.38897589693462,27.385040342830028,1.6752316537590382,90.25804799550555,0.00855407742253921,MQTT,STABLE_NETWORK,Stable network with low latency and packet loss
2025-04-10T06:32:45,126.58061585981146,21.987152839302297,1.8336491022530272,58.71613420953302,0.007725369178939515,MQTT,STABLE_NETWORK,Stable network with low latency and packet loss
2025-04-10T19:02:03,53.73465092768576,17.035131567800878,2.243036372614605,72.53297927756782,0.009717663211927498,MQTT,STABLE_NETWORK,Stable network with low latency and packet loss
2025-04-10T10:55:53,165.59786177360004,25.5287082758115,2.0164576234625997,100.50517833030676,0.010812897355584461,MQTT,STABLE_NETWORK,Stable network with low latency and packet loss
2025-04-10T12:43:29,838.9417890894119,14.568882074539076,3.7095142208967293,54.26053759014654,0.012507613996639855,MQTT,STABLE_NETWORK,Stable network with low latency and packet loss
2025-04-10T15:01:40,640.8203512772708,19.326898664625713,1.8145736350638206,63.87149206537326,0.00859772996861569,MQTT,STABLE_NETWORK,Stable network with low latency and packet loss
2025-04-10T03:51:41,62.20745628768672,19.44764372866663,2.7623507047546854,116.2165596961884,0.007925478492923344,LoRaWAN,STABLE_NETWORK,Stable network with low latency and packet loss
2025-04-10T15:41:00,59.767199796655454,14.594098283883376,2.2804303546315725,69.42968193829708,0.0018413058899415628,MQTT,STABLE_NETWORK,Stable network with low latency and packet loss
2025-04-10T15:22:31,154.7275257360526,27.455558962583183,2.5586150441253794,79.9310647546825,0.014718231445490476,MQTT,STABLE_NETWORK,Stable network with low latency and packet loss
2025-04-10T22:04:08,1338.4627364238295,15.855240040291077,1.974844042832256,74.22294692512911,0.014933398441474323,MQTT,STABLE_NETWORK,Stable network with low latency and packet loss
2025-04-10T15:07:49,305.7304602272907,11.437096147964372,2.183851080220775,78.64339603856712,0.012402958314810097,MQTT,STABLE_NETWORK,Stable network with low latency and packet loss
2025-04-10T13:27:49,392.63642047092804,10.97209590537348,3.32189356826904,88.40877247417754,0.005206482917437727,LoRaWAN,STABLE_NETWORK,Stable network with low latency and packet loss
2025-04-10T22:17:21,241.42268774686372,16.811791397878487,2.2136468382244474,55.31688630200283,0.0029515803259380635,MQTT,STABLE_NETWORK,Stable network with low latency and packet loss
2025-04-10T05:30:26,338.63212100245744,20.08465821917904,0.7524123985571831,102.37759159003141,0.007504056402663,MQTT,STABLE_NETWORK,Stable network with low latency and packet loss
2025-04-10T08:58:34,2347.7142815121233,16.781990922930067,1.4730610312302255,77.93986000487466,0.015797382116770432,MQTT,STABLE_NETWORK,Stable network with low latency and packet loss
2025-04-10T06:57:36,493.3275003029081,22.31418103392408,1.960492952505119,85.0659194064172,0.00956529067547195,MQTT,STABLE_NETWORK,Stable network with low latency and packet loss
2025-04-10T07:38:00,263.0772902238839,14.644952681349524,2.6065488835499337,84.14319603516329,0.012068398530749983,MQTT,STABLE_NETWORK,Stable network with low latency and packet loss
2025-04-10T02:20:08,111.21873664729009,22.569222826500404,0.9827460026695476,38.19977191288497,0.011276982242763038,MQTT,STABLE_NETWORK,Stable network with low latency and packet loss
2025-04-10T21:16:21,197.99766231984844,8.987379218485403,1.6234142637615805,74.78734481811729,0.011094641908031297,LoRaWAN,STABLE_NETWORK,Stable network with low latency and packet loss
2025-04-10T10:14:02,104.96768013317852,7.980528016621477,2.263967489456705,94.19652024672635,0.010274255944781709,LoRaWAN,STABLE_NETWORK,Stable network with low latency and packet loss
2025-04-10T12:16:31,674.678040244847,24.193148262913184,4.2326481133073575,90.44326023175631,0.002719223466908438,CoAP,STABLE_NETWORK,Stable network with low latency and packet loss
2025-04-10T12:23:45,516.9861220217241,16.32216937510863,2.5535692995388146,54.23040927588171,0.007013003922751561,MQTT,STABLE_NETWORK,Stable network with low latency and packet loss
2025-04-10T22:36:22,138.49580433303555,22.53982529473038,0.3863713459637279,70.0274698279491,0.014995615445239065,MQTT,STABLE_NETWORK,Stable network with low latency and packet loss
2025-04-10T10:15:41,491.77812591733095,14.132117239610524,3.294035180819326,96.60730353886639,0.007857481032017711,LoRaWAN,STABLE_NETWORK,Stable network with low latency and packet loss
2025-04-10T02:40:16,190.31534703026725,25.626987465015656,1.560257005251671,94.1152479968043,0.013656789533734804,MQTT,STABLE_NETWORK,Stable network with low latency and packet loss
2025-04-10T07:57:50,394.24453021822137,13.750536109940224,2.0616728821484553,83.70910221885335,0.014283642084187044,MQTT,STABLE_NETWORK,Stable network with low latency and packet loss
2025-04-10T21:00:04,89.71144067708477,13.122353327157004,3.253679382962545,47.39166309351951,0.016899418819443013,MQTT,STABLE_NETWORK,Stable network with low latency and packet loss
2025-04-10T16:34:29,351.113796718243,17.49789928282018,1.5005690170106145,93.485591583327,0.011820153816752568,MQTT,STABLE_NETWORK,Stable network with low latency and packet loss
2025-04-10T11:49:39,41.1990360999835,29.478403622715142,2.635117827371059,81.976595131425,0.0069941606672695444,HTTPS,STABLE_NETWORK,Stable network with low latency and packet loss
2025-04-10T09:25:36,122.99563107959912,15.123775618001178,1.496076258697841,64.4964693851349,0.005194785306716455,MQTT,STABLE_NETWORK,Stable network with low latency and packet loss
2025-04-10T17:35:02,158.92164849552913,20.66507756466009,1.387281536196935,83.15118744900822,0.013479412707810168,MQTT,STABLE_NETWORK,Stable network with low latency and packet loss
2025-04-10T23:56:17,2269.151182304949,16.32237334463228,2.324089685541907,67.63952053361353,0.009423757966041236,MQTT,STABLE_NETWORK,Stable network with low latency and packet loss
2025-04-10T04:23:04,329.04755230599744,14.170220992630487,3.149105040312775,77.38226067973577,0.012219668223221042,LoRaWAN,STABLE_NETWORK,Stable network with low latency and packet loss
2025-04-10T07:04:23,272.2223481681747,22.7673472132175,2.2350019811093946,71.31407089578035,0.009784162656020556,MQTT,STABLE_NETWORK,Stable network with low latency and packet loss
2025-04-10T05:36:34,46.617464933926556,12.166850810106403,3.6644058714688073,107.38161093170191,0.017507387956926187,LoRaWAN,STABLE_NETWORK,Stable network with low latency and packet loss
2025-04-10T18:51:11,283.1571163291497,22.742889890371146,1.132971998070198,71.01908905454667,0.012272932154295264,MQTT,STABLE_NETWORK,Stable network with low latency and packet loss
2025-04-10T23:35:09,161.9264801197247,15.440969358969284,1.4166872147806029,74.78343286383007,0.011816028782733124,MQTT,STABLE_NETWORK,Stable network with low latency and packet loss
2025-04-10T09:01:00,750.6912813789604,12.349553807338516,2.4151903975010267,86.18491618466594,0.012918403572208036,MQTT,STABLE_NETWORK,Stable network with low latency and packet loss
2025-04-10T23:55:51,264.3187320408304,17.30580553888506,1.689933530454439,88.95873522918161,0.013064925778457998,MQTT,STABLE_NETWORK,Stable network with low latency and packet loss
2025-04-10T02:53:59,67.82042994371635,20.786439467359372,1.7954341550884414,94.66456624804665,0.006501576023147307,MQTT,STABLE_NETWORK,Stable network with low latency and packet loss
2025-04-10T01:20:02,222.19541540445164,11.139740413187116,2.1580838114246963,79.48040005370748,0.005895420416523579,LoRaWAN,STABLE_NETWORK,Stable network with low latency and packet loss
2025-04-10T19:53:18,2670.224907855297,10.85939637614441,1.3126050691485602,95.22318297673581,0.008848562941940823,CoAP,STABLE_NETWORK,Stable network with low latency and packet loss
2025-04-10T08:07:32,575.3813976881621,18.60731680146452,1.1342996243203265,76.02784464602671,0.013180456206524837,MQTT,STABLE_NETWORK,Stable network with low latency and packet loss
2025-04-10T03:59:35,496.13689024275,23.535887119854685,1.5347350603322292,71.85364637011125,0.009709036776377064,MQTT,STABLE_NETWORK,Stable network with low latency and packet loss
2025-04-10T17:34:20,226.79754371366766,18.904707917056076,2.501557825485319,108.02276059876749,0.014143865145525325,MQTT,STABLE_NETWORK,Stable network with low latency and packet loss
2025-04-10T00:55:20,199.71277249379,16.620531504740697,3.011929954084495,75.36128128977074,0.01037747338101969,MQTT,STABLE_NETWORK,Stable network with low latency and packet loss
2025-04-10T21:11:48,258.32991806339163,21.221715495417023,0.6926257005147693,62.09760396430667,0.009203141552342238,MQTT,STABLE_NETWORK,Stable network with low latency and packet loss
2025-04-10T15:41:43,206.91304948226826,19.132177395528483,1.1751140277156888,91.39305244104,0.007660242194820779,MQTT,STABLE_NETWORK,Stable network with low latency and packet loss
2025-04-10T18:16:42,754.2592737577239,24.424933411531722,0.7762336298241976,72.75938682142197,0.001470222334567839,MQTT,STABLE_NETWORK,Stable network with low latency and packet loss
2025-04-10T09:20:05,178.32748587199765,18.993803329188857,1.6008574803613196,90.54963303113799,0.015651583166021464,MQTT,STABLE_NETWORK,Stable network with low latency and packet loss
2025-04-10T20:08:55,265.4059950565567,20.370743069308354,1.4113601238053262,66.14735954376629,0.005655524546233969,MQTT,STABLE_NETWORK,Stable network with low latency and packet loss
2025-04-10T13:01:44,128.4999096760158,13.663366181955736,1.5222746678243608,79.47934361127993,0.002001339885522037,MQTT,STABLE_NETWORK,Stable network with low latency and packet loss
2025-04-10T08:08:00,413.21930948843874,18.23143820799342,0.8122957726625226,101.77749325477686,0.01014874473748757,MQTT,STABLE_NETWORK,Stable network with low latency and packet loss
2025-04-10T02:54:43,506.0745040973155,16.67289011250558,4.18175159857938,111.04577418872657,0.0060216802741800135,LoRaWAN,STABLE_NETWORK,Stable network with low latency and packet loss
2025-04-10T18:40:21,36.912765960947844,11.207814966997887,1.3900030516256976,77.97273680236088,0.01674778264846083,MQTT,STABLE_NETWORK,Stable network with low latency and packet loss
2025-04-10T11:59:07,1670.5577578173088,16.60442183048729,2.7549946640240837,53.2243567759102,0.010539196935579559,MQTT,STABLE_NETWORK,Stable network with low latency and packet loss
2025-04-10T07:25:04,302.3140106781233,13.602753017150455,1.0522746903997653,103.80552057466063,0.012344108875770908,MQTT,STABLE_NETWORK,Stable network with low latency and packet loss
2025-04-10T08:57:27,1010.011623844808,21.80358196493959,1.5300488982183074,85.0024500399382,0.012816510160121683,MQTT,STABLE_NETWORK,Stable network with low latency and packet loss
2025-04-10T15:09:06,214.8440750066745,17.934732986818496,1.212861003944162,109.78156514645538,0.010130223624173594,MQTT,STABLE_NETWORK,Stable network with low latency and packet loss
2025-04-10T22:30:04,393.24190458281873,20.304284968545808,2.9992254727583494,98.48722005596153,0.009958101726468858,MQTT,STABLE_NETWORK,Stable network with low latency and packet loss
2025-04-10T02:00:53,958.6006961947608,17.146489353278035,2.171791600769457,72.46782248297383,0.004279415014519537,MQTT,STABLE_NETWORK,Stable network with low latency and packet loss
2025-04-10T09:32:06,6.23692135975986,21.379998762534107,1.592720910010113,94.20145594949946,0.005520963080473306,MQTT,STABLE_NETWORK,Stable network with low latency and packet loss
2025-04-10T22:20:16,144.42313151066523,18.77811813653551,2.5691907436246857,65.02952513570055,0.017081410578894854,MQTT,STABLE_NETWORK,Stable network with low latency and packet loss
2025-04-10T02:33:58,192.04444496992815,19.71208195048416,0.8661362648307953,85.51773957020866,0.007951665107120497,MQTT,STABLE_NETWORK,Stable network with low latency and packet loss
2025-04-10T01:01:03,381.6547708303396,13.66901702235301,0.9962181387472357,88.84850289420545,0.008662271356338597,MQTT,STABLE_NETWORK,Stable network with low latency and packet loss
2025-04-10T19:56:25,100.12777058717774,16.1196974409463,2.550674548165182,70.748114784413,0.009794006336749086,MQTT,STABLE_NETWORK,Stable network with low latency and packet loss
2025-04-10T17:12:58,101.21256748755384,19.841113135012087,1.5950879736115127,91.44341399156423,0.013651222524110312,MQTT,STABLE_NETWORK,Stable network with low latency and packet loss
2025-04-10T20:56:39,295.5163045033007,24.028769935558103,1.6155392480918813,89.57800571865964,0.006954868731334413,MQTT,STABLE_NETWORK,Stable network with low latency and packet loss
2025-04-10T04:02:10,162.58318170641095,12.70870272280697,2.0577563544157207,102.01228630094643,0.016584686584560512,MQTT,STABLE_NETWORK,Stable network with low latency and packet loss
2025-04-10T11:55:06,81.45944821278997,20.097504071197488,1.891548659285242,91.51401589882663,0.007882101166544603,MQTT,STABLE_NETWORK,Stable network with low latency and packet loss
2025-04-10T08:47:09,862.8316141398304,22.030477878005343,0.8006706047909684,38.4819966953583,0.012654692007119005,MQTT,STABLE_NETWORK,Stable network with low latency and packet loss
2025-04-10T13:42:23,52.10889199650978,30.381129655326976,1.7523890482810587,99.79209555697983,0.011258046009775757,MQTT,STABLE_NETWORK,Stable network with low latency and packet loss
2025-04-10T12:25:42,399.2067995042718,23.3001923241374,0.8012718424883574,56.97113362075909,0.010973695482430728,MQTT,STABLE_NETWORK,Stable network with low latency and packet loss
2025-04-10T15:06:01,289.1910494678716,15.3690045541905,1.1716605372296058,70.12952043279682,0.0017634069877605543,MQTT,STABLE_NETWORK,Stable network with low latency and packet loss
2025-04-10T23:34:28,288.38110596019686,20.678038069594173,1.4850249872855774,52.53923599406528,0.009975978598856627,HTTPS,STABLE_NETWORK,Stable network with low latency and packet loss
2025-04-10T08:26:08,847.5105994627604,16.76208130377727,1.816447287704177,95.4822416949687,0.004920446490779911,CoAP,STABLE_NETWORK,Stable network with low latency and packet loss
2025-04-10T17:56:28,172.64724806007834,27.381556918078328,1.3649928528856181,80.96894086904145,0.01444684085758539,MQTT,STABLE_NETWORK,Stable network with low latency and packet loss
2025-04-10T12:34:29,1493.4846135192336,31.103803496420102,1.733655418968582,81.45053543937185,0.0060342821211819405,HTTPS,STABLE_NETWORK,Stable network with low latency and packet loss
2025-04-10T16:05:21,479.4585029049964,13.543080538239137,1.3375596823462963,109.21861376136371,0.005181028459798055,LoRaWAN,STABLE_NETWORK,Stable network with low latency and packet loss
2025-04-10T10:20:15,171.5234424200208,26.49232149093688,2.908802377990524,82.29656882125127,0.011504440358622869,MQTT,STABLE_NETWORK,Stable network with low latency and packet loss
2025-04-10T10:32:03,129.68901391094965,11.160576150830515,1.6921192148043418,81.38094636579807,0.012726156286709853,MQTT,STABLE_NETWORK,Stable network with low latency and packet loss
2025-04-10T16:45:08,455.4532663594855,14.191680214651683,3.0565881469041276,86.2357102278815,0.0028757094272437757,LoRaWAN,STABLE_NETWORK,Stable network with low latency and packet loss
2025-04-10T17:05:26,159.82693832391516,18.498958878818314,2.2618047424316057,57.493970399475,0.008686369425238913,MQTT,STABLE_NETWORK,Stable network with low latency and packet loss
2025-04-10T14:35:46,139.40152913873223,7.4120290707824115,0.7334865613145998,69.65626319275472,0.009104724997935985,MQTT,STABLE_NETWORK,Stable network with low latency and packet loss
2025-04-10T23:49:14,343.42177457420814,8.03492849165567,1.1058995657933806,68.72390170787801,0.019589984574974267,MQTT,STABLE_NETWORK,Stable network with low latency and packet loss
2025-04-10T01:10:30,43.490351383304805,13.28845229674524,2.004101609635771,92.13314377955498,0.012421604918153022,MQTT,STABLE_NETWORK,Stable network with low latency and packet loss
2025-04-10T19:56:34,752.552198307926,11.361630723930046,0.3146610678530204,80.90327980037169,0.015308372538586069,MQTT,STABLE_NETWORK,Stable network with low latency and packet loss
2025-04-10T13:40:08,465.064935671896,16.906284722626715,2.5012666407012567,91.59922958497663,0.01820251406620232,MQTT,STABLE_NETWORK,Stable network with low latency and packet loss
2025-04-10T23:35:25,149.80769736445254,9.921735333325898,0.7196309880138951,100.60930313099561,0.005533410528262735,MQTT,STABLE_NETWORK,Stable network with low latency and packet loss
2025-04-10T13:20:16,165.42627266762977,13.701166544549592,1.0421833161482557,97.32843331714156,0.012505052335150865,MQTT,STABLE_NETWORK,Stable network with low latency and packet loss
2025-04-10T13:35:28,266.39359208046733,13.915947745294966,2.3466972605146097,61.03153231937794,0.012700936722389389,MQTT,STABLE_NETWORK,Stable network with low latency and packet loss
2025-04-10T07:19:54,203.48847195288215,19.71179536139889,2.312525267970061,82.70334788112203,0.013571514452782069,MQTT,STABLE_NETWORK,Stable network with low latency and packet loss
2025-04-10T23:55:32,152.68399219549562,16.179141062012448,1.8370024105726375,88.52948156183248,0.01803977191459414,MQTT,STABLE_NETWORK,Stable network with low latency and packet loss
2025-04-10T07:32:58,1177.254499573419,15.747434518502573,2.545587497274372,87.98954570567273,0.007400649727711913,LoRaWAN,STABLE_NETWORK,Stable network with low latency and packet loss
2025-04-10T13:20:50,1852.968403736319,15.121465426226269,1.950691059885215,105.40725419040645,0.005490216444257797,CoAP,STABLE_NETWORK,Stable network with low latency and packet loss
2025-04-10T20:51:40,180.490423327261,24.985512937514347,2.3479901221482384,94.27274115815945,0.010789073472506697,MQTT,STABLE_NETWORK,Stable network with low latency and packet loss
2025-04-10T10:26:10,80.48155900955392,19.18405987251916,0.9076772444820074,83.78499711643005,0.01585727085829584,MQTT,STABLE_NETWORK,Stable network with low latency and packet loss
2025-04-10T12:19:55,172.68753453006275,7.42906657162678,1.2430554161796543,75.82980519405665,0.013637264423287013,MQTT,STABLE_NETWORK,Stable network with low latency and packet loss
2025-04-10T15:11:54,9.575178020631732,13.174406143150897,0.8048784846193604,88.20695893805511,0.00665633182860117,MQTT,STABLE_NETWORK,Stable network with low latency and packet loss
2025-04-10T12:55:11,274.0654090891056,22.935510454469153,2.6302180265839943,55.46006427334211,0.01688626589525894,MQTT,STABLE_NETWORK,Stable network with low latency and packet loss
2025-04-10T00:15:07,293.9624194491804,18.55488454962844,0.37598929363898526,75.00249397705583,0.01002779385617288,MQTT,STABLE_NETWORK,Stable network with low latency and packet loss
2025-04-10T01:18:00,390.9943648246353,15.810825230537642,1.534006201706843,81.90148880447016,0.011017340255583763,MQTT,STABLE_NETWORK,Stable network with low latency and packet loss
2025-04-10T21:56:40,391.46599632502944,23.900568061749475,2.7015869468560094,82.58798889674958,0.01038689984375321,MQTT,STABLE_NETWORK,Stable network with low latency and packet loss
2025-04-10T00:38:42,160.19002701491632,20.968967236193382,3.0353098384209876,74.0838517240272,0.01678504480493347,MQTT,STABLE_NETWORK,Stable network with low latency and packet loss
2025-04-10T02:40:03,1024.050196978813,13.361440330373581,1.5211523454955511,85.10771347026913,0.006146638760915685,MQTT,STABLE_NETWORK,Stable network with low latency and packet loss
2025-04-10T19:38:33,92.59818489028632,15.240329811072236,1.5928777451387024,54.94835324884876,0.010229925222016134,MQTT,STABLE_NETWORK,Stable network with low latency and packet loss
2025-04-10T20:43:47,413.79308213524826,24.22576414277945,1.2438189444913408,92.24112764940709,0.018741938560488433,MQTT,STABLE_NETWORK,Stable network with low latency and packet loss
2025-04-10T15:41:48,89.43470279599887,14.268572500188037,2.072506688387007,71.32449741418229,0.009667253733681548,MQTT,STABLE_NETWORK,Stable network with low latency and packet loss
2025-04-10T20:48:37,716.7299987999837,18.40613896704142,2.3989983586965122,75.41176061137072,0.008029078453282752,MQTT,STABLE_NETWORK,Stable network with low latency and packet loss
2025-04-10T02:30:53,364.99944293305305,19.724439710053446,0.5485486970367621,76.03345771029475,0.021409946948453433,MQTT,STABLE_NETWORK,Stable network with low latency and packet loss
2025-04-10T02:24:35,1461.6242067700134,15.011084306950643,2.5970934204932496,64.79109227638958,0.002249457023050569,CoAP,STABLE_NETWORK,Stable network with low latency and packet loss
2025-04-10T15:50:04,475.68315333884635,16.448403659053298,2.593486076124859,72.25509124275358,0.009405633013087548,MQTT,STABLE_NETWORK,Stable network with low latency and packet loss
2025-04-10T21:26:08,294.37685950183214,13.602916827453102,2.5241942013881826,84.73526344150703,0.013997698926870143,MQTT,STABLE_NETWORK,Stable network with low latency and packet loss
2025-04-10T00:32:41,116.6990958891934,23.38112704410311,0.9955978029644426,66.18722608595014,0.010850821775755623,MQTT,STABLE_NETWORK,Stable network with low latency and packet loss
2025-04-10T19:09:18,704.5020270569972,24.88118970164072,2.012777127493386,96.03232345582182,0.021919678115207418,MQTT,STABLE_NETWORK,Stable network with low latency and packet loss
2025-04-10T06:13:08,389.1274972828359,26.969407758679964,0.9877966291382221,90.50072100771737,0.013566389488058755,MQTT,STABLE_NETWORK,Stable network with low latency and packet loss
2025-04-10T02:57:45,165.78168863511348,25.350427029226978,2.687422850960134,73.56653166094394,0.010290585039740063,MQTT,STABLE_NETWORK,Stable network with low latency and packet loss
2025-04-10T20:01:54,111.62104401375144,6.618228054209157,2.0896524745816265,70.34527207626172,0.005354540616777321,MQTT,STABLE_NETWORK,Stable network with low latency and packet loss
2025-04-10T08:48:42,58.72868251558395,22.550858037154576,0.5912033044107994,51.04563427436853,0.007900456405832977,MQTT,STABLE_NETWORK,Stable network with low latency and packet loss
2025-04-10T14:58:28,123.96048013726804,15.020258980087371,3.129387082824854,119.63992718828116,0.014806521933419898,LoRaWAN,STABLE_NETWORK,Stable network with low latency and packet loss
2025-04-10T15:51:18,410.47306909646284,16.901116337899747,1.4236334345266104,86.73372665459554,0.008295368932544777,MQTT,STABLE_NETWORK,Stable network with low latency and packet loss
2025-04-10T17:34:50,157.72045154202382,10.16462098821554,2.908277141111988,85.30390184134605,0.008571571779736116,LoRaWAN,STABLE_NETWORK,Stable network with low latency and packet loss
2025-04-10T16:38:26,539.0909177044687,23.893200825451885,2.0986556023609197,61.86379548250942,0.006064303738179308,MQTT,STABLE_NETWORK,Stable network with low latency and packet loss
2025-04-10T22:17:48,106.30802126422421,8.924166830784026,1.5813290592060074,72.2905373097521,0.005920556807725272,MQTT,STABLE_NETWORK,Stable network with low latency and packet loss
2025-04-10T12:07:37,110.92505997336221,18.657930866063666,1.4009648495014668,53.277262807086984,0.007361530366336689,MQTT,STABLE_NETWORK,Stable network with low latency and packet loss
2025-04-10T06:39:15,982.0662410339716,10.449638978882767,2.0866818839404666,76.75774345025523,0.0077834385810938485,MQTT,STABLE_NETWORK,Stable network with low latency and packet loss
2025-04-10T08:51:37,2390.959297994353,11.42789913555409,2.3198059030849607,87.0260370423517,0.012146107251348572,LoRaWAN,STABLE_NETWORK,Stable network with low latency and packet loss
2025-04-10T17:35:48,120.06371314400911,23.936160692975914,1.9271859023635396,96.07177488483217,0.007070611514274703,HTTPS,STABLE_NETWORK,Stable network with low latency and packet loss
2025-04-10T04:31:03,223.87494112375833,23.753198493449343,1.632095919831678,87.5433090467103,0.012536630500408947,MQTT,STABLE_NETWORK,Stable network with low latency and packet loss
2025-04-10T13:33:11,655.0844906864108,25.39882878292264,2.2996666632180847,52.46270489459231,0.0099753510527844,MQTT,STABLE_NETWORK,Stable network with low latency and packet loss
2025-04-10T14:45:50,425.0830490782031,23.35474635758743,1.7071526752199129,86.87562119427156,0.014885771438471477,MQTT,STABLE_NETWORK,Stable network with low latency and packet loss
2025-04-10T12:33:06,70.68540757207494,9.734124728721142,1.8535542426048268,82.2583212629421,0.008595418652944168,MQTT,STABLE_NETWORK,Stable network with low latency and packet loss
2025-04-10T06:44:35,925.6847480378925,30.055389388084684,0.6953113148136891,69.86011363222775,0.016719907036094904,MQTT,STABLE_NETWORK,Stable network with low latency and packet loss
2025-04-10T03:19:47,365.1528097800225,7.4096373048898485,1.1217437995065658,56.392662555369974,0.009879496823660214,MQTT,STABLE_NETWORK,Stable network with low latency and packet loss
2025-04-10T14:22:10,330.1486883502203,19.94892727868806,1.913627965579857,83.13715047422204,0.006359570530757442,MQTT,STABLE_NETWORK,Stable network with low latency and packet loss
2025-04-10T01:56:44,1896.1240577773692,8.931440545653766,1.9264633105124147,93.95775710417881,0.012105255211207155,LoRaWAN,STABLE_NETWORK,Stable network with low latency and packet loss
2025-04-10T01:15:54,336.73416651555505,20.90671147842484,2.20208087774429,76.10206360281637,0.007862088358311101,MQTT,STABLE_NETWORK,Stable network with low latency and packet loss
2025-04-10T15:03:30,1510.368339171455,23.99035214989355,0.8842830434610109,96.48526785159213,0.00839345586608891,HTTPS,STABLE_NETWORK,Stable network with low latency and packet loss
2025-04-10T23:25:03,109.33652713581434,4.850564591250661,2.12019331919623,109.72644177176613,0.011246492818773862,LoRaWAN,STABLE_NETWORK,Stable network with low latency and packet loss
2025-04-10T15:39:31,219.4491951252547,19.880025259177767,0.08642695032694614,50.71221079539251,0.020632230529399272,MQTT,STABLE_NETWORK,Stable network with low latency and packet loss
2025-04-10T03:31:49,117.11167649978907,7.042826897107711,1.1145853502107224,73.79785220750149,0.015320036801766664,MQTT,STABLE_NETWORK,Stable network with low latency and packet loss
2025-04-10T16:15:43,376.4284096272034,7.73893342308593,1.1898070687640772,87.8750663134664,0.01698022739456992,MQTT,STABLE_NETWORK,Stable network with low latency and packet loss
2025-04-10T19:19:56,484.64645375702554,17.08641538311032,1.6033576561526812,69.22970768389004,0.011662071452314533,MQTT,STABLE_NETWORK,Stable network with low latency and packet loss
2025-04-10T02:14:50,32.18703501879923,15.836102649561145,1.0507303893197095,84.94282947602275,0.014428666108507144,MQTT,STABLE_NETWORK,Stable network with low latency and packet loss
2025-04-10T23:53:21,355.1845073340814,14.632938884411773,2.90969513367527,87.221773940894,0.00970948777458253,LoRaWAN,STABLE_NETWORK,Stable network with low latency and packet loss
2025-04-10T06:17:23,40.72587888515961,22.003503181152098,1.5429380554374008,81.41631150235078,0.000942672870191244,HTTPS,STABLE_NETWORK,Stable network with low latency and packet loss
2025-04-10T04:08:49,688.4586206378415,25.476250513265725,2.1735824652756626,73.66187654761022,0.013349016295596944,MQTT,STABLE_NETWORK,Stable network with low latency and packet loss
2025-04-10T08:05:10,1341.9980816673326,22.784620184060017,2.2089496764774506,111.07950055898965,0.011289052371971291,HTTPS,STABLE_NETWORK,Stable network with low latency and packet loss
2025-04-10T04:49:22,588.7827696786778,14.832763066855028,2.528131203597696,83.94034032082764,0.005821789837339232,LoRaWAN,STABLE_NETWORK,Stable network with low latency and packet loss
2025-04-10T07:24:09,1635.081199684778,13.774065924956973,0.32254265660003245,67.15897510253194,0.0007212396277505237,MQTT,STABLE_NETWORK,Stable network with low latency and packet loss
2025-04-10T02:29:01,292.38559559987897,14.766357972393532,2.08414869202293,67.46140325523544,0.012571643660767167,MQTT,STABLE_NETWORK,Stable network with low latency and packet loss
2025-04-10T04:19:20,72.39293453299838,11.55146031161066,0.5869733637172034,84.59421574723427,0.018275024847907332,MQTT,STABLE_NETWORK,Stable network with low latency and packet loss
2025-04-10T00:16:45,257.50386947638617,21.15252174325283,2.208807423110295,45.8898468097062,0.0066360605957905255,MQTT,STABLE_NETWORK,Stable network with low latency and packet loss
2025-04-10T06:31:23,920.1429292461871,21.39193686274597,2.5394603320848126,104.51794010740173,0.017822606452434324,MQTT,STABLE_NETWORK,Stable network with low latency and packet loss
2025-04-10T00:39:34,286.68784302604496,16.05552741329801,3.3262817599791967,94.94689658087601,0.009600962688653927,LoRaWAN,STABLE_NETWORK,Stable network with low latency and packet loss
2025-04-10T21:18:20,81.50267548494003,18.91323033328361,0.3919429027794381,79.78118775650032,0.007447358953692468,MQTT,STABLE_NETWORK,Stable network with low latency and packet loss
2025-04-10T16:50:57,558.1826571399054,22.492337137871225,1.623772008713963,78.29208114028975,0.007792847676949096,MQTT,STABLE_NETWORK,Stable network with low latency and packet loss
2025-04-10T13:06:30,555.9920542457301,26.743938209792546,1.5893360510110353,81.91879618144905,0.011749791218123366,MQTT,STABLE_NETWORK,Stable network with low latency and packet loss
2025-04-10T01:33:56,783.9586407693752,17.961529264409396,1.9356990213497556,56.045553393836684,0.016111738455164712,MQTT,STABLE_NETWORK,Stable network with low latency and packet loss
2025-04-10T05:02:59,385.90275014830206,18.637076619411744,0.7076226721397472,66.86680558073309,0.010923956995018646,MQTT,STABLE_NETWORK,Stable network with low latency and packet loss
2025-04-10T23:39:03,1551.6318394914747,15.208152153890488,2.3142472399842395,67.2393237379942,0.004639083964205335,MQTT,STABLE_NETWORK,Stable network with low latency and packet loss
2025-04-10T13:35:51,183.35516496838247,24.709301328186022,2.9859360164151405,76.36435205075514,0.008233390792681889,HTTPS,STABLE_NETWORK,Stable network with low latency and packet loss
2025-04-10T18:56:39,475.1041793778872,13.844703718834381,1.663996035604203,73.11794308480714,0.009076290228617489,MQTT,STABLE_NETWORK,Stable network with low latency and packet loss
2025-04-10T02:47:40,386.52060570487066,20.42278490833354,2.058208818129899,93.957174156819,0.004899089496089597,HTTPS,STABLE_NETWORK,Stable network with low latency and packet loss
2025-04-10T16:01:47,412.22600957946304,10.579795238018493,2.0757811834289557,81.63459492499675,0.010768517270128258,MQTT,STABLE_NETWORK,Stable network with low latency and packet loss
2025-04-10T18:21:34,177.8009753278031,18.20625132678023,1.5026264315346103,99.04630530403146,0.011990266102551727,MQTT,STABLE_NETWORK,Stable network with low latency and packet loss
2025-04-10T20:58:31,94.31460676921907,12.175544030513773,2.4548324863347424,107.43188840817714,0.00521999889401476,LoRaWAN,STABLE_NETWORK,Stable network with low latency and packet loss
2025-04-10T00:39:12,1012.3430456032554,18.161889990813346,1.5499944837670163,59.26132925776364,0.013407308043908262,MQTT,STABLE_NETWORK,Stable network with low latency and packet loss
2025-04-10T20:15:42,52.29172899174682,9.60154242654941,1.1679140211271961,93.58625879591986,0.017124000896206623,MQTT,STABLE_NETWORK,Stable network with low latency and packet loss
2025-04-10T17:29:09,179.3962510930584,16.69537733916213,1.0762018883959141,88.74740836474416,0.00858240548323614,MQTT,STABLE_NETWORK,Stable network with low latency and packet loss
2025-04-10T05:47:31,250.7664588465136,19.92497023009349,2.527951473610414,74.28556263777925,0.008938513474868213,MQTT,STABLE_NETWORK,Stable network with low latency and packet loss
2025-04-10T23:21:45,479.91362010828783,10.301153165879967,2.4407318014686377,86.63099654359804,0.006602513021123947,LoRaWAN,STABLE_NETWORK,Stable network with low latency and packet loss
2025-04-10T15:41:35,33.19979231188077,17.280511578068097,2.7751856576095224,70.55933486941288,0.009243921442056175,MQTT,STABLE_NETWORK,Stable network with low latency and packet loss
2025-04-10T01:33:14,268.79354931463826,27.63620088345501,2.0919347418029948,68.47613009733425,0.008030692703662632,MQTT,STABLE_NETWORK,Stable network with low latency and packet loss
2025-04-10T18:56:31,339.13323323057597,22.114054076374224,1.5734820245123338,75.98774776022672,0.0015329826575345255,HTTPS,STABLE_NETWORK,Stable network with low latency and packet loss
2025-04-10T10:00:21,377.70681786925724,9.29495549533311,2.2834133798198675,103.86577689308321,0.00783379197811858,LoRaWAN,STABLE_NETWORK,Stable network with low latency and packet loss
2025-04-10T03:50:08,191.70426212606426,26.056386279068022,2.2986114458337013,73.00482226290632,0.02317388815045237,MQTT,STABLE_NETWORK,Stable network with low latency and packet loss
2025-04-10T06:44:58,419.5127742102568,16.224433443998056,1.2798855051361249,78.79879295740551,0.0012135636545945044,HTTPS,STABLE_NETWORK,Stable network with low latency and packet loss
2025-04-10T16:54:18,110.11060513264209,18.470784879297504,1.240623347206983,53.15214860505442,0.012857745482964715,MQTT,STABLE_NETWORK,Stable network with low latency and packet loss
2025-04-10T17:41:11,970.3750426159271,8.331705188070249,2.3924992103990723,66.12561946561556,0.013437398394250982,MQTT,STABLE_NETWORK,Stable network with low latency and packet loss
2025-04-10T09:01:26,572.8500565256297,26.77757456799525,2.1039927950006536,81.94847097940128,0.011926809258183037,MQTT,STABLE_NETWORK,Stable network with low latency and packet loss
2025-04-10T15:46:24,1496.5678239349882,26.97633789632577,0.17513314781614753,65.89908968623368,0.00661148526564378,MQTT,STABLE_NETWORK,Stable network with low latency and packet loss
2025-04-10T05:24:37,681.9505499503093,22.725308847909066,3.2289487732497992,101.83468228893756,0.01133058663308133,HTTPS,STABLE_NETWORK,Stable network with low latency and packet loss
2025-04-10T06:48:30,243.48273222055795,22.79197611775849,2.748235095784131,63.03291197372667,0.009650795180742118,MQTT,STABLE_NETWORK,Stable network with low latency and packet loss
2025-04-10T04:14:47,634.8116015471002,17.247020669744757,1.0112098765313513,62.91125959960085,0.012176603421478374,MQTT,STABLE_NETWORK,Stable network with low latency and packet loss
2025-04-10T11:09:52,397.1187787484434,26.030335086095214,2.859931318025269,92.26745213925282,0.009729714025495707,MQTT,STABLE_NETWORK,Stable network with low latency and packet loss
2025-04-10T20:00:41,208.33347688697611,24.382309245285896,0.32480409377232133,95.38749685561883,0.01560924176669131,MQTT,STABLE_NETWORK,Stable network with low latency and packet loss
2025-04-10T06:33:19,30.083340230790622,14.051108858539894,1.1718897786170794,108.55623243105524,0.009603658813630187,MQTT,STABLE_NETWORK,Stable network with low latency and packet loss
2025-04-10T21:41:01,171.4286221972339,11.895008353346867,2.2708778057069465,61.49974624670739,0.014092838673922605,MQTT,STABLE_NETWORK,Stable network with low latency and packet loss
2025-04-10T17:18:13,73.1172095612222,21.113218391830763,2.7858286570111135,65.46740963633906,0.0079740611932209,MQTT,STABLE_NETWORK,Stable network with low latency and packet loss
2025-04-10T11:07:39,122.33323533726504,15.528490251410869,2.24871937459562,80.26459536083875,0.009105481328156589,MQTT,STABLE_NETWORK,Stable network with low latency and packet loss
2025-04-10T06:53:53,94.69311408445596,8.26433062254533,1.964876921507467,90.84962871738745,0.016701858040212722,MQTT,STABLE_NETWORK,Stable network with low latency and packet loss
2025-04-10T12:39:27,149.5143262305559,18.50790311413443,2.3610283228176456,75.39643215241787,0.014875090425441391,MQTT,STABLE_NETWORK,Stable network with low latency and packet loss
2025-04-10T03:52:59,1152.8383719858075,14.978135688421089,1.8376727231408276,76.10092847109937,0.009115881877044135,MQTT,STABLE_NETWORK,Stable network with low latency and packet loss
2025-04-10T15:31:33,127.93702080122644,15.148447399453206,2.4732812917427336,47.81005368939139,0.011743446134620361,MQTT,STABLE_NETWORK,Stable network with low latency and packet loss
2025-04-10T00:17:58,54.496126626954016,18.140701093803127,2.5123310689472373,95.22000489757369,0.013890055629359762,MQTT,STABLE_NETWORK,Stable network with low latency and packet loss
2025-04-10T12:26:47,399.44109571945927,16.49262461560855,1.318796046291199,82.04707151737848,0.01137707817812675,MQTT,STABLE_NETWORK,Stable network with low latency and packet loss
2025-04-10T16:04:53,402.6682636749531,13.999406575161862,2.1845702804011697,81.12155822500668,0.010679469962548347,MQTT,STABLE_NETWORK,Stable network with low latency and packet loss
2025-04-10T22:09:34,775.7068431520426,18.45271773341864,1.1478256237400104,71.76509033921297,0.01543462012739551,MQTT,STABLE_NETWORK,Stable network with low latency and packet loss
2025-04-10T11:46:52,132.44901720081884,14.05638439679074,2.857504183248567,78.72152969379627,0.013887387813646714,MQTT,STABLE_NETWORK,Stable network with low latency and packet loss
2025-04-10T02:40:20,211.6371640215232,19.149367342248333,1.6174987535096101,63.59384804059455,0.009083549143201069,MQTT,STABLE_NETWORK,Stable network with low latency and packet loss
2025-04-10T09:37:50,286.26037198227965,32.77857773980605,1.8011002696739442,98.9532961686503,0.011060176488903844,MQTT,STABLE_NETWORK,Stable network with low latency and packet loss
2025-04-10T19:10:50,264.99541393310744,11.23892708564954,2.014237071416544,84.8758276252853,0.013584670280286157,MQTT,STABLE_NETWORK,Stable network with low latency and packet loss
2025-04-10T09:34:06,843.3234651907201,13.91381169289941,0.7619536872550441,53.4406278336407,0.010466523101455218,MQTT,STABLE_NETWORK,Stable network with low latency and packet loss
2025-04-10T03:59:42,196.13745863781088,18.725395100206857,1.2063090491242323,67.14423475073505,0.01703297205469543,MQTT,STABLE_NETWORK,Stable network with low latency and packet loss
2025-04-10T16:24:04,886.564465660859,20.61329403680582,1.266748539279071,62.73663674417638,0.006558730317668375,HTTPS,STABLE_NETWORK,Stable network with low latency and packet loss
2025-04-10T05:04:21,619.9190122728867,16.43877013378764,2.5158397255151206,64.36712960025164,0.007377359676628017,MQTT,STABLE_NETWORK,Stable network with low latency and packet loss
2025-04-10T16:04:04,13.263084265984222,16.48284861611645,0.755340884655511,87.76220185081522,0.01762169027251667,MQTT,STABLE_NETWORK,Stable network with low latency and packet loss
2025-04-10T05:48:49,592.7308603583289,13.963719362291402,1.4266784536555166,94.57654496439137,0.01076349317807094,MQTT,STABLE_NETWORK,Stable network with low latency and packet loss
2025-04-10T22:53:05,14.002935761396083,25.301449947821656,0.9295668980808993,59.45163730506148,0.006999351228010363,HTTPS,STABLE_NETWORK,Stable network with low latency and packet loss
2025-04-10T04:12:35,781.3909120671408,14.350379528563444,1.7742285599147347,70.4056786272476,0.008724724913425037,MQTT,STABLE_NETWORK,Stable network with low latency and packet loss
2025-04-10T15:38:56,782.9486118301644,18.044222723624806,1.6993537551210494,77.2997368370801,0.011684391896099319,MQTT,STABLE_NETWORK,Stable network with low latency and packet loss
2025-04-10T16:32:00,110.55137602918354,21.20550614971251,2.0980990050171218,84.84609889210329,0.010881682158365755,MQTT,STABLE_NETWORK,Stable network with low latency and packet loss
2025-04-10T02:10:25,185.99951130479852,21.220432722792115,2.5225744951605735,53.42214515875435,0.013582059160375373,MQTT,STABLE_NETWORK,Stable network with low latency and packet loss
2025-04-10T12:00:16,204.3135579413852,22.156356197785772,1.8050803329972036,59.8868751152945,0.0028429591894114058,MQTT,STABLE_NETWORK,Stable network with low latency and packet loss
2025-04-10T17:05:43,335.8890816339255,12.184264961930829,2.5619451860552283,95.53814557998867,0.0051152204418610635,LoRaWAN,STABLE_NETWORK,Stable network with low latency and packet loss
2025-04-10T08:27:50,204.67549454405088,17.557014098040142,3.099118294336524,87.82299724050111,0.013756681313976279,MQTT,STABLE_NETWORK,Stable network with low latency and packet loss
2025-04-10T18:47:30,75.49393149348172,15.113126089207316,1.2679802129085904,55.177388475898304,0.016860308018664324,MQTT,STABLE_NETWORK,Stable network with low latency and packet loss
2025-04-10T07:23:51,193.75051108547584,14.664307533873334,1.1161845738970049,72.27130556782376,0.007698400022385735,HTTPS,STABLE_NETWORK,Stable network with low latency and packet loss
2025-04-10T18:47:02,146.24287097778418,10.93692597553365,2.8531624186917224,99.32618053184723,0.01356827118917145,MQTT,STABLE_NETWORK,Stable network with low latency and packet loss
2025-04-10T10:00:53,165.9469087492483,14.65835107544683,1.1925269812013555,65.51822534018939,0.010932452173716342,MQTT,STABLE_NETWORK,Stable network with low latency and packet loss
2025-04-10T23:58:48,96.63008739568258,20.728281218531215,1.5077149475558764,87.24165703779441,0.011109802994956577,MQTT,STABLE_NETWORK,Stable network with low latency and packet loss
2025-04-10T19:28:55,3456.573400481226,19.407318757453623,1.222121857567252,61.347731699342,0.008924690768326535,MQTT,STABLE_NETWORK,Stable network with low latency and packet loss
2025-04-10T07:08:47,1397.713676617353,18.198695561737527,2.393134406825423,83.91234287031737,0.011972607759566128,MQTT,STABLE_NETWORK,Stable network with low latency and packet loss
2025-04-10T21:34:53,982.7464545900082,14.45629995970165,1.619732948257648,87.45633555751049,0.00194824747238421,CoAP,STABLE_NETWORK,Stable network with low latency and packet loss
2025-04-10T10:43:58,201.1042393067314,22.705570458865278,1.0154689738760054,85.79744364920072,0.013418499453336818,MQTT,STABLE_NETWORK,Stable network with low latency and packet loss
2025-04-10T06:52:26,151.75498363384594,15.316918602875528,1.3015940603161607,58.00750517315636,0.01528322899347437,MQTT,STABLE_NETWORK,Stable network with low latency and packet loss
2025-04-10T01:35:19,98.17928398469586,12.163837987336501,2.201599428446797,69.73085992492938,0.0021632954206803334,MQTT,STABLE_NETWORK,Stable network with low latency and packet loss
2025-04-10T01:42:38,284.0024550462895,14.10265388309266,3.3962665153965848,86.9100822921906,0.00974258547275777,LoRaWAN,STABLE_NETWORK,Stable network with low latency and packet loss
2025-04-10T05:56:52,340.7892277635389,19.94083371068947,1.9919880962666174,73.6362698816762,0.002694485770335633,MQTT,STABLE_NETWORK,Stable network with low latency and packet loss
2025-04-10T14:57:05,63.31243418642727,15.283917307234487,3.4329830179373655,77.993537391614,0.007611962813542329,LoRaWAN,STABLE_NETWORK,Stable network with low latency and packet loss
2025-04-10T16:37:00,96.27053811008939,22.495522630192685,2.4849544498685585,82.57932680081844,0.004572828741894746,HTTPS,STABLE_NETWORK,Stable network with low latency and packet loss
2025-04-10T16:44:15,164.01249778387478,25.485731759167706,1.6620022908572016,75.33735537933302,0.014947320108155228,MQTT,STABLE_NETWORK,Stable network with low latency and packet loss
2025-04-10T02:34:24,5995.5380233422175,22.17544874998703,1.6865459601817179,74.52810248990457,0.004021237055655506,CoAP,STABLE_NETWORK,Stable network with low latency and packet loss
2025-04-10T02:40:04,1603.5710384111744,17.029187464048764,1.6152344396602982,103.26807373372972,0.013195018482702438,MQTT,STABLE_NETWORK,Stable network with low latency and packet loss
2025-04-10T04:37:13,5854.247134830207,16.64863879496029,2.9149614724303414,92.22843989377871,0.00940562581860893,CoAP,STABLE_NETWORK,Stable network with low latency and packet loss
2025-04-10T20:20:12,224.28511456248953,18.040617505970758,1.59278762930321,68.67062089046051,0.010874817185746361,MQTT,STABLE_NETWORK,Stable network with low latency and packet loss
2025-04-10T02:13:24,1287.5716674850132,12.230369309941524,2.422380901537247,52.15183777467972,0.006811234027794178,MQTT,STABLE_NETWORK,Stable network with low latency and packet loss
2025-04-10T22:09:41,574.1212212628869,16.5139389341383,2.2409008324271817,58.362781760502486,0.008415001026674047,MQTT,STABLE_NETWORK,Stable network with low latency and packet loss
2025-04-10T19:48:36,207.1520204972196,23.035130807182398,2.5706055201220406,82.32666972688736,0.019501141089279635,MQTT,STABLE_NETWORK,Stable network with low latency and packet loss
2025-04-10T18:59:18,55.02524673701079,15.74584921930618,2.130111112675555,94.69095263482976,0.012164480641683986,MQTT,STABLE_NETWORK,Stable network with low latency and packet loss
2025-04-10T14:11:16,102.82216004009881,23.46747587054266,0.6644104427334456,79.44921458731035,0.01575291737196835,MQTT,STABLE_NETWORK,Stable network with low latency and packet loss
2025-04-10T14:14:35,310.31808894154256,18.859984788398894,2.0215601713028284,66.73829933396951,0.0020649790077756185,MQTT,STABLE_NETWORK,Stable network with low latency and packet loss
2025-04-10T01:30:26,1548.47660547043,22.6402252218661,2.4901909563516837,94.58063718495076,0.015793540455113206,MQTT,STABLE_NETWORK,Stable network with low latency and packet loss
2025-04-10T07:07:47,183.34681322303354,14.921718903567204,1.1666086907641966,72.24241080160206,0.01326000990088171,MQTT,STABLE_NETWORK,Stable network with low latency and packet loss
2025-04-10T23:07:30,217.9708846623711,14.15349268674636,2.536474732886306,73.00399564412083,0.008314468389900768,MQTT,STABLE_NETWORK,Stable network with low latency and packet loss
2025-04-10T09:18:19,276.154844270516,4.6572667883837315,1.836998455564891,88.90738414170262,0.012455337286279684,LoRaWAN,STABLE_NETWORK,Stable network with low latency and packet loss
2025-04-10T08:18:41,724.6401588946196,14.79961806079612,1.7354903551021277,94.2374400352118,0.00781596292952206,MQTT,STABLE_NETWORK,Stable network with low latency and packet loss
2025-04-10T18:05:55,2745.1572258876763,21.77632319804279,0.43687270475051676,102.49215284789827,0.011864505454542254,HTTPS,STABLE_NETWORK,Stable network with low latency and packet loss
2025-04-10T09:59:54,236.83137987546897,20.655036780253482,2.9023407976779625,91.88254381732912,0.0019215519038042507,CoAP,STABLE_NETWORK,Stable network with low latency and packet loss
2025-04-10T09:18:59,375.440485455117,13.585901652344667,1.462304564082592,38.172269770893,0.005665135838764405,MQTT,STABLE_NETWORK,Stable network with low latency and packet loss
2025-04-10T17:18:05,98.84607666562856,21.839610751344388,3.041992495971705,79.52789452823889,0.02337602318599192,MQTT,STABLE_NETWORK,Stable network with low latency and packet loss
2025-04-10T08:15:08,142.83254806989987,19.14720067414879,2.6968376659178617,75.47498813028693,0.011809415633636956,MQTT,STABLE_NETWORK,Stable network with low latency and packet loss
2025-04-10T07:01:04,208.30872285076165,17.72091954158145,1.872880712390732,87.6243383837795,0.006419878948706881,MQTT,STABLE_NETWORK,Stable network with low latency and packet loss
2025-04-10T20:34:27,1300.4649495915987,5.023550775029576,2.1671937033922455,77.16442680986647,0.01429836501347391,MQTT,STABLE_NETWORK,Stable network with low latency and packet loss
2025-04-10T15:26:00,705.206764457467,16.044120210727574,2.8078428298376057,69.37907383412202,0.01190243884267701,MQTT,STABLE_NETWORK,Stable network with low latency and packet loss
2025-04-10T14:19:18,3802.8938019834955,28.422278271520693,1.2512002000428244,84.23368249815368,0.012430718266992555,HTTPS,STABLE_NETWORK,Stable network with low latency and packet loss
2025-04-10T07:04:05,25.66688513141028,5.617337330256451,1.8358660280985735,57.21354494576618,0.004611037667082778,MQTT,STABLE_NETWORK,Stable network with low latency and packet loss
2025-04-10T04:15:13,640.5147601121586,9.05025727784169,1.3021976154005757,70.4630149479142,0.005930484034057145,MQTT,STABLE_NETWORK,Stable network with low latency and packet loss
2025-04-10T13:46:22,659.0277282557514,16.14627381481957,2.290260209687845,105.31555087898597,0.018391023300093002,MQTT,STABLE_NETWORK,Stable network with low latency and packet loss
2025-04-10T11:59:34,62.358224789387805,18.408502416536336,1.1086003825113466,73.3413490003257,0.014317557526913108,MQTT,STABLE_NETWORK,Stable network with low latency and packet loss
2025-04-10T05:13:47,677.3124004171478,21.934043371419953,1.6936038457518507,92.92253042710044,0.009339834193350055,MQTT,STABLE_NETWORK,Stable network with low latency and packet loss
2025-04-10T13:52:30,1209.9043834440984,19.92270558696991,1.6031923652352609,83.84094202708478,0.017538366524095687,MQTT,STABLE_NETWORK,Stable network with low latency and packet loss
2025-04-10T08:39:24,114.4245038708424,19.693242151090324,1.741686174063143,83.45563026950558,0.017062725591765915,MQTT,STABLE_NETWORK,Stable network with low latency and packet loss
2025-04-10T18:43:14,122.05268071995978,16.427685519304035,4.112419468059446,77.92188778815085,0.007821368696198462,LoRaWAN,STABLE_NETWORK,Stable network with low latency and packet loss
2025-04-10T03:24:15,189.5317005729522,12.248553386244122,2.3622679684212304,94.18118972437827,0.0044256285983443845,LoRaWAN,STABLE_NETWORK,Stable network with low latency and packet loss
2025-04-10T17:17:03,156.432450726695,17.924957151632743,0.9579135554239504,87.39521883133446,0.017056062422480714,MQTT,STABLE_NETWORK,Stable network with low latency and packet loss
2025-04-10T16:57:31,951.9297427691538,14.176953203697556,1.1282371537853138,80.32743893768962,0.014415485407834727,MQTT,STABLE_NETWORK,Stable network with low latency and packet loss
2025-04-10T09:40:03,665.7933494281881,8.89187885105651,2.0618287419235584,59.12453934933211,0.02032213453287908,MQTT,STABLE_NETWORK,Stable network with low latency and packet loss
2025-04-10T04:07:16,173.43906295219193,21.67087668869487,1.7106934402433736,77.78997427367293,0.010310721140665923,HTTPS,STABLE_NETWORK,Stable network with low latency and packet loss
2025-04-10T17:52:12,526.2482662765196,14.024192025650827,1.2090146384224667,70.71824675757634,0.012473202887508849,MQTT,STABLE_NETWORK,Stable network with low latency and packet loss
2025-04-10T10:41:34,3910.430072714464,11.05160905186916,0.734533908108137,72.36356320619787,0.015518666508633459,MQTT,STABLE_NETWORK,Stable network with low latency and packet loss
2025-04-10T01:08:47,1147.6829500842948,12.36310110005994,2.9018590766719896,79.92845688431662,0.009068018809012422,LoRaWAN,STABLE_NETWORK,Stable network with low latency and packet loss
2025-04-10T19:18:38,271.42313783048496,19.67799399884384,1.3047151446196592,83.50451557388658,0.014959936070512856,MQTT,STABLE_NETWORK,Stable network with low latency and packet loss
2025-04-10T05:58:00,480.09013315453274,25.083696091804747,1.1039004707980564,79.4723854431883,0.013141706316839382,MQTT,STABLE_NETWORK,Stable network with low latency and packet loss
2025-04-10T20:57:18,341.1331086722405,6.390968649471612,1.9651513276122414,47.17951010053645,0.006176800769542516,MQTT,STABLE_NETWORK,Stable network with low latency and packet loss
2025-04-10T02:52:09,53.68039584172169,12.645712992085151,2.5858831123150674,63.3095233535891,0.003879227641081555,MQTT,STABLE_NETWORK,Stable network with low latency and packet loss
2025-04-10T06:38:16,80.12574468484499,17.848383100317182,2.069118028021447,83.87779292395443,0.012780510268780618,MQTT,STABLE_NETWORK,Stable network with low latency and packet loss
2025-04-10T10:56:52,252.46678672793195,10.053535252486876,1.449436944134301,74.43773249591341,0.00410073593203007,MQTT,STABLE_NETWORK,Stable network with low latency and packet loss
2025-04-10T07:52:58,21.997092430486607,19.554734503630723,1.9199340703136072,96.49953108478456,0.0034782600539282936,HTTPS,STABLE_NETWORK,Stable network with low latency and packet loss
2025-04-10T22:13:14,326.86228542639196,26.139676990189216,1.5558831800311217,87.16585219041227,0.007409176511202856,HTTPS,STABLE_NETWORK,Stable network with low latency and packet loss
2025-04-10T23:16:12,178.62622142531902,20.309527050612402,2.700511629295299,95.79748616953812,0.00682393866659191,HTTPS,STABLE_NETWORK,Stable network with low latency and packet loss
2025-04-10T15:08:29,117.28465949079555,15.202175010670672,2.504197943399986,66.72904392665907,0.010643030020052648,MQTT,STABLE_NETWORK,Stable network with low latency and packet loss
2025-04-10T01:15:24,196.7378429850269,13.79416267706744,1.364504898306496,92.02391165891058,0.0038939715810457284,HTTPS,STABLE_NETWORK,Stable network with low latency and packet loss
2025-04-10T14:38:44,1046.2332656305691,19.473063090341938,2.560976972160496,76.19117619030175,0.007371743092158074,MQTT,STABLE_NETWORK,Stable network with low latency and packet loss
2025-04-10T02:06:47,152.18697036927352,15.991967749817807,2.315289256869334,78.57790389032134,0.009947460003197073,MQTT,STABLE_NETWORK,Stable network with low latency and packet loss
2025-04-10T07:24:53,241.9985251526527,10.383591082711423,1.9366722485984786,67.34856675244944,0.014096195855309968,MQTT,STABLE_NETWORK,Stable network with low latency and packet loss
2025-04-10T20:22:33,363.5535581437514,23.571995477650777,3.5376000116765156,76.30508774144984,0.01787599319550155,MQTT,STABLE_NETWORK,Stable network with low latency and packet loss
2025-04-10T06:13:19,12.766286955893387,22.348052290613776,2.0335960505383643,116.51025769233931,0.008402308412664318,HTTPS,STABLE_NETWORK,Stable network with low latency and packet loss
2025-04-10T17:49:05,38.953786569105915,18.722888000672853,2.6953710120850833,73.61825955992431,0.007051883042663593,MQTT,STABLE_NETWORK,Stable network with low latency and packet loss
2025-04-10T10:35:09,173.08357884872188,23.575175106385267,1.2554169061170999,105.35520117485899,0.013415576174480682,MQTT,STABLE_NETWORK,Stable network with low latency and packet loss
2025-04-10T07:31:59,1346.5018521662294,14.754821991410864,1.574674859542813,80.0076342311102,0.006780142452095617,MQTT,STABLE_NETWORK,Stable network with low latency and packet loss
2025-04-10T12:40:21,1376.4658603737957,13.380155261363834,2.877132560629249,83.08056783911064,0.010101411173420151,LoRaWAN,STABLE_NETWORK,Stable network with low latency and packet loss
2025-04-10T18:31:20,55.83414045887156,15.531603667567978,1.7846853230812436,95.53388082933533,0.00473140304874517,HTTPS,STABLE_NETWORK,Stable network with low latency and packet loss
2025-04-10T04:46:27,176.56489557283405,22.347530656069495,0.6602049487019703,67.08989691166843,0.008218679719177693,MQTT,STABLE_NETWORK,Stable network with low latency and packet loss
2025-04-10T21:29:16,549.8212424656765,7.817749951863893,1.844395074336015,89.2035931876944,0.004784950094842553,LoRaWAN,STABLE_NETWORK,Stable network with low latency and packet loss
2025-04-10T04:53:57,69.5587317118957,13.232310087487123,1.3653520038332512,82.1838109885345,0.005175945670595378,MQTT,STABLE_NETWORK,Stable network with low latency and packet loss
2025-04-10T23:00:26,1485.4615536946471,15.186868301749366,2.124647625272661,87.98496201616503,0.006258173874480797,CoAP,STABLE_NETWORK,Stable network with low latency and packet loss
2025-04-10T01:10:03,4265.115232096874,14.422059506888456,1.787131620908808,83.18495340494148,0.005678349988876034,CoAP,STABLE_NETWORK,Stable network with low latency and packet loss
2025-04-10T06:53:53,470.15716989565135,17.382385149169078,2.848856392899674,64.85483166571164,0.023087086075014668,MQTT,STABLE_NETWORK,Stable network with low latency and packet loss
2025-04-10T15:22:26,153.90817116553245,18.785027927415232,2.5735399644776047,88.05849714117655,0.018262755143821963,MQTT,STABLE_NETWORK,Stable network with low latency and packet loss
2025-04-10T10:18:10,1544.220624353291,16.674062035819706,1.6307305514591681,70.11926573146647,0.018373691071136976,MQTT,STABLE_NETWORK,Stable network with low latency and packet loss
2025-04-10T09:58:23,43.558323407313324,23.21568655419185,2.3388594965391323,85.49737073949534,0.006059686809628187,HTTPS,STABLE_NETWORK,Stable network with low latency and packet loss
2025-04-10T19:39:57,217.99039538142677,15.345186795140894,0.23536383652313253,63.19654952278617,0.010800514605377417,MQTT,STABLE_NETWORK,Stable network with low latency and packet loss
2025-04-10T01:14:40,342.52407018862,12.98887464967511,1.3997692344815005,73.36082025672488,0.010675656044882017,MQTT,STABLE_NETWORK,Stable network with low latency and packet loss
2025-04-10T11:43:28,356.8958362555071,22.746015166503657,2.5463158138549864,98.82259736234799,0.012305039082926657,MQTT,STABLE_NETWORK,Stable network with low latency and packet loss
2025-04-10T18:35:26,3521.908042453725,21.4730346028837,2.2606802944286835,77.35990744948798,0.007763343202870197,HTTPS,STABLE_NETWORK,Stable network with low latency and packet loss
2025-04-10T00:49:04,120.24772349240472,9.122791713814797,1.7405947133332038,86.85604936029061,0.016566791783767847,MQTT,STABLE_NETWORK,Stable network with low latency and packet loss
2025-04-10T12:20:59,755.7297106307548,23.416684520625026,2.6628977609637867,79.59100999205866,0.010192229160296416,MQTT,STABLE_NETWORK,Stable network with low latency and packet loss
2025-04-10T13:22:56,333.85166963049943,14.179200803721603,2.8955078244940213,69.73520154264162,0.010552315304105424,MQTT,STABLE_NETWORK,Stable network with low latency and packet loss
2025-04-10T23:33:17,409.27330194209253,19.571616707550213,1.63127103446511,62.114371435618075,0.009305990051615282,MQTT,STABLE_NETWORK,Stable network with low latency and packet loss
2025-04-10T17:43:00,15.352668028716781,20.034200296737886,1.433198202930054,75.62026363535107,0.010597583304820933,MQTT,STABLE_NETWORK,Stable network with low latency and packet loss
2025-04-10T05:09:28,613.7287644152954,7.219400650741836,2.9761592439651436,89.65677098300273,0.01971565422414899,LoRaWAN,STABLE_NETWORK,Stable network with low latency and packet loss
2025-04-10T21:39:26,700.1138268387456,19.22216522112175,1.3235505739461515,98.00019240741014,0.0073321630496279416,HTTPS,STABLE_NETWORK,Stable network with low latency and packet loss
2025-04-10T03:31:36,236.1784670988693,15.778028650773955,1.8143316541186894,73.23042083170353,0.005106696172362534,MQTT,STABLE_NETWORK,Stable network with low latency and packet loss
2025-04-10T07:29:02,303.40945660453025,19.256583424679764,3.3745761773213823,86.24439930936407,0.010723558717687917,MQTT,STABLE_NETWORK,Stable network with low latency and packet loss
2025-04-10T09:45:01,630.7611116867666,18.00611750521679,1.2012820030306606,73.64641041237873,0.010312520094683555,MQTT,STABLE_NETWORK,Stable network with low latency and packet loss
2025-04-10T10:11:24,308.2024192342086,13.643557413339476,0.9310360644479057,84.36561971315454,0.008415218227133217,MQTT,STABLE_NETWORK,Stable network with low latency and packet loss
2025-04-10T10:14:04,678.4806514152117,25.71137984434819,1.705240838843259,82.65824859789781,0.015545535397183593,MQTT,STABLE_NETWORK,Stable network with low latency and packet loss
2025-04-10T23:04:34,72.56421126505926,11.433046025555191,1.7522053944169638,46.96290208633051,0.005462161231491589,MQTT,STABLE_NETWORK,Stable network with low latency and packet loss
2025-04-10T20:28:21,6315.44946985245,15.940677314825276,3.101667448027592,75.36104189369772,0.00957799247856906,LoRaWAN,STABLE_NETWORK,Stable network with low latency and packet loss
2025-04-10T15:27:37,140.72350013622423,20.289225929150593,1.3790706303978757,100.26162544097284,0.012486394944305909,MQTT,STABLE_NETWORK,Stable network with low latency and packet loss
2025-04-10T09:53:34,1589.6791165267214,25.98588356814929,2.0709259606209134,80.45776109234171,0.008126109359630197,HTTPS,STABLE_NETWORK,Stable network with low latency and packet loss
2025-04-10T15:14:04,2036.7989320985735,19.709315027693066,2.207622922927672,73.8700496960129,0.009454467067863027,MQTT,STABLE_NETWORK,Stable network with low latency and packet loss
2025-04-10T17:12:19,147.56746811511775,14.78608804867407,1.2925931936540254,71.12846839476214,0.015332451717017158,MQTT,STABLE_NETWORK,Stable network with low latency and packet loss
2025-04-10T20:29:39,5524.011059417658,3.1125895248214985,0.995744965841656,68.94254246277153,0.00039926195665723925,CoAP,STABLE_NETWORK,Stable network with low latency and packet loss
2025-04-10T05:54:56,322.0823949827566,23.137215889105452,2.5455981049974237,76.02992979457942,0.011662545572066484,MQTT,STABLE_NETWORK,Stable network with low latency and packet loss
2025-04-10T06:06:33,146.5817424246278,19.79899493175661,2.18901722349758,77.33352580854586,0.010340681657524296,MQTT,STABLE_NETWORK,Stable network with low latency and packet loss
2025-04-10T14:55:41,626.9699043523143,12.182609267133031,2.3016821295106578,68.2391751334923,0.014315129784656894,MQTT,STABLE_NETWORK,Stable network with low latency and packet loss
2025-04-10T01:20:18,92.6040956456658,16.77485384491262,0.9663425940288228,83.01240236592011,0.0090179330512641,MQTT,STABLE_NETWORK,Stable network with low latency and packet loss
2025-04-10T03:15:19,107.3186301140003,30.695547805026553,2.105941568394542,94.43302402265542,0.01111324380881943,MQTT,STABLE_NETWORK,Stable network with low latency and packet loss
2025-04-10T14:52:41,303.1740531055792,16.921016826488856,3.073846588707325,56.77049113636335,0.014168937672877847,MQTT,STABLE_NETWORK,Stable network with low latency and packet loss
2025-04-10T09:49:34,485.68898401167144,18.324307645293615,2.375295851840652,88.65154623003866,0.011821600276916373,MQTT,STABLE_NETWORK,Stable network with low latency and packet loss
2025-04-10T14:51:45,202.4396889179845,4.882514092321456,2.6312006718510865,75.47833832916476,0.01188589548673961,LoRaWAN,STABLE_NETWORK,Stable network with low latency and packet loss
2025-04-10T15:07:28,314.98327062950113,13.827600218892785,1.2495340013594165,78.86710420444969,0.010069334322521486,MQTT,STABLE_NETWORK,Stable network with low latency and packet loss
2025-04-10T01:06:45,127.01958604311986,19.903055228228062,2.4203595677745318,85.64814790947574,0.01430680709812421,MQTT,STABLE_NETWORK,Stable network with low latency and packet loss
2025-04-10T21:36:46,659.4364484200674,19.9671762451202,1.664571724943536,53.72129436510233,0.01307351904690534,MQTT,STABLE_NETWORK,Stable network with low latency and packet loss
2025-04-10T17:57:47,284.45051229607856,17.103435018409286,1.9657303710539988,98.47203321625486,0.009126830530172797,MQTT,STABLE_NETWORK,Stable network with low latency and packet loss
2025-04-10T21:00:49,138.68287554682635,16.69040215342632,2.0954645051861926,71.21757765388296,0.005591591439229417,MQTT,STABLE_NETWORK,Stable network with low latency and packet loss
2025-04-10T18:59:26,462.95763048358344,21.477586155483287,3.5559981172206694,57.251595100851766,0.01473298520412105,MQTT,STABLE_NETWORK,Stable network with low latency and packet loss
2025-04-10T10:16:14,236.4167653765963,13.918664483015464,1.6907339899793112,76.99965536991624,0.016235508344448108,MQTT,STABLE_NETWORK,Stable network with low latency and packet loss
2025-04-10T15:05:26,626.6876405853737,14.077958539299864,1.1110490552619827,80.6959723957117,0.013025868425386705,MQTT,STABLE_NETWORK,Stable network with low latency and packet loss
2025-04-10T02:23:54,303.59468914885264,21.693385750233244,2.181535213037384,80.03660039043106,0.005483985324708573,MQTT,STABLE_NETWORK,Stable network with low latency and packet loss
2025-04-10T11:07:42,116.28128026972206,24.14981935715311,1.4489836571918802,88.35469429485967,0.01831361936067598,MQTT,STABLE_NETWORK,Stable network with low latency and packet loss
2025-04-10T08:39:39,454.0177909243947,25.923679510650377,1.7899421725675553,72.68292905079443,0.01785650041546858,MQTT,STABLE_NETWORK,Stable network with low latency and packet loss
2025-04-10T10:41:17,4050.2715768555,13.32863437495019,1.807757512640158,86.11104783267491,0.017452700475872537,LoRaWAN,STABLE_NETWORK,Stable network with low latency and packet loss
2025-04-10T06:41:31,335.675234090757,22.187315855735296,2.298575282742896,88.79978931314282,0.007459143309504328,MQTT,STABLE_NETWORK,Stable network with low latency and packet loss
2025-04-10T22:18:10,61.07052620929585,26.051508598984793,2.8897957359438338,57.6864006054399,0.0016187211159322638,MQTT,STABLE_NETWORK,Stable network with low latency and packet loss
2025-04-10T07:33:16,513.3035851805084,20.46722197910026,3.4987465502894235,63.75247750616867,0.008349098626410534,MQTT,STABLE_NETWORK,Stable network with low latency and packet loss
2025-04-10T10:57:09,200.9315797489169,11.645902709634775,2.713143686850792,71.81402657146327,0.013585847260164412,MQTT,STABLE_NETWORK,Stable network with low latency and packet loss
2025-04-10T12:32:31,627.5048971289988,12.05571628853281,2.3952722552111982,96.7651168636811,0.007437962506756095,LoRaWAN,STABLE_NETWORK,Stable network with low latency and packet loss
2025-04-10T23:36:11,722.226561500039,23.09256279537259,2.521499968967194,92.70536290757477,0.015565415829892766,MQTT,STABLE_NETWORK,Stable network with low latency and packet loss
2025-04-10T12:28:12,206.8864834504878,21.2265826851918,0.38025024358006676,104.68387700374102,0.0020995299608968752,HTTPS,STABLE_NETWORK,Stable network with low latency and packet loss
2025-04-10T18:48:43,1820.0764556204806,21.130603014279473,2.186174797962167,72.09092314068774,0.009899590782694569,HTTPS,STABLE_NETWORK,Stable network with low latency and packet loss
2025-04-10T14:01:11,4279.81255711187,25.980868743711675,1.276184671029609,55.334246371338054,0.0041532130094606365,HTTPS,STABLE_NETWORK,Stable network with low latency and packet loss
2025-04-10T22:41:39,122.1744750136449,21.285758044357742,2.1714563856562,69.81349740012354,0.013418625278860863,MQTT,STABLE_NETWORK,Stable network with low latency and packet loss
2025-04-10T09:49:26,473.2496740548326,20.289878201301892,0.9525867320450172,56.92121434543202,0.01653408644924044,MQTT,STABLE_NETWORK,Stable network with low latency and packet loss
2025-04-10T12:58:58,511.101929124496,14.992006672475213,3.0751948732868843,90.1578210646961,0.009979898678080548,LoRaWAN,STABLE_NETWORK,Stable network with low latency and packet loss
2025-04-10T05:49:31,259.2310969187404,22.425965398281942,0.07157080840747643,84.7937784928205,0.018960761636497972,MQTT,STABLE_NETWORK,Stable network with low latency and packet loss
2025-04-10T03:34:34,43.221706430237894,14.700086968104578,1.8708117397988524,99.9207214055905,0.01455845578423608,MQTT,STABLE_NETWORK,Stable network with low latency and packet loss
2025-04-10T12:32:38,3263.360406354793,22.485536619534617,3.4634299894424725,53.254283936239204,0.0051629264605472834,CoAP,STABLE_NETWORK,Stable network with low latency and packet loss
2025-04-10T23:02:39,850.1524296467766,18.712183527791222,3.3031138658451287,81.05315762890665,0.021166106688813413,MQTT,STABLE_NETWORK,Stable network with low latency and packet loss
2025-04-10T08:41:47,66.34373433355748,17.92757766974134,1.127588268620622,88.6966478541742,0.012648800380123004,MQTT,STABLE_NETWORK,Stable network with low latency and packet loss
2025-04-10T04:28:48,73.62147959726067,11.128381887510292,1.9137764740080307,80.91821024599054,0.011459227163395692,MQTT,STABLE_NETWORK,Stable network with low latency and packet loss
2025-04-10T15:37:27,421.7853175037427,25.626322746270805,0.941836884675108,63.08744474261565,0.006581961868755834,MQTT,STABLE_NETWORK,Stable network with low latency and packet loss
2025-04-10T01:42:56,483.08443182961423,16.800092206202386,3.147821392058207,102.49399858632401,0.007802642243203984,LoRaWAN,STABLE_NETWORK,Stable network with low latency and packet loss
2025-04-10T21:27:01,1640.0037016215124,12.874468929075823,2.0086091983052667,88.80560334848633,0.00910549667863022,LoRaWAN,STABLE_NETWORK,Stable network with low latency and packet loss
2025-04-10T07:07:20,1924.0805861147267,20.931186931927652,2.273724483769301,66.4803545149252,0.0026211252120057994,HTTPS,STABLE_NETWORK,Stable network with low latency and packet loss
2025-04-10T03:52:31,1306.5992167633333,28.589220051769917,2.4671518356114666,96.95196209489512,0.01284731234910912,HTTPS,STABLE_NETWORK,Stable network with low latency and packet loss
2025-04-10T13:37:00,365.295729114385,19.59932685097488,1.9869301634661707,67.36444500004373,0.006674773669663297,MQTT,STABLE_NETWORK,Stable network with low latency and packet loss
2025-04-10T19:06:22,451.3714580041704,20.780547390526664,1.8127430361425958,74.66785954169737,0.002320179628465171,HTTPS,STABLE_NETWORK,Stable network with low latency and packet loss
2025-04-10T02:43:44,235.44543459173687,23.510309170756596,1.959909121355865,120.26209682589912,0.016862081114882573,MQTT,STABLE_NETWORK,Stable network with low latency and packet loss
2025-04-10T19:23:01,77.647506576388,11.335930909484993,2.8528230664465903,80.79908806134436,0.014789072674040359,MQTT,STABLE_NETWORK,Stable network with low latency and packet loss
2025-04-10T17:57:47,107.40264870890086,17.536510539825112,1.0591883988765902,94.78158905879361,0.0056790744335476215,HTTPS,STABLE_NETWORK,Stable network with low latency and packet loss
2025-04-10T23:13:29,564.9893123259822,14.615678830828308,0.5645466280231235,81.7255343885154,0.0040224702452060735,MQTT,STABLE_NETWORK,Stable network with low latency and packet loss
2025-04-10T21:14:36,1381.4117412716016,16.58411403955274,0.9501531831506516,112.7582242599296,0.0065353298036847016,HTTPS,STABLE_NETWORK,Stable network with low latency and packet loss
2025-04-10T05:33:00,556.0407289575862,21.341344314676324,1.913407712827738,70.02176573427667,0.01693564766970196,MQTT,STABLE_NETWORK,Stable network with low latency and packet loss
2025-04-10T12:20:50,509.70676568833045,26.279136914661905,1.4808012745223054,61.67815193748922,0.001561536668457852,MQTT,STABLE_NETWORK,Stable network with low latency and packet loss
2025-04-10T01:46:15,500.52388150687614,12.395390362161347,2.2016056388824543,66.48206384687441,0.0215100444414082,MQTT,STABLE_NETWORK,Stable network with low latency and packet loss
2025-04-10T06:00:37,728.9370435745318,21.70649699503886,1.8987115294569432,63.28958587671373,0.015535086876239543,MQTT,STABLE_NETWORK,Stable network with low latency and packet loss
2025-04-10T19:32:42,218.8877472941331,17.878168998202334,2.0895142431870224,93.83100102369306,0.004337835062354894,HTTPS,STABLE_NETWORK,Stable network with low latency and packet loss
2025-04-10T14:45:58,51.192269110860316,21.691212585590527,1.9737288658988668,91.01981422436307,0.014189402676342246,MQTT,STABLE_NETWORK,Stable network with low latency and packet loss
2025-04-10T17:58:31,196.79887203060764,18.72872686849608,1.4717072792741517,56.9869427927083,0.00642764638141964,MQTT,STABLE_NETWORK,Stable network with low latency and packet loss
2025-04-10T16:01:47,236.12345604816076,16.287460302822513,3.5039072331449255,82.56584437694238,0.010938861418042374,LoRaWAN,STABLE_NETWORK,Stable network with low latency and packet loss
2025-04-10T22:23:59,33.575293013506865,21.517580719420188,1.9023785002040112,66.96643509213666,0.011396811326615831,MQTT,STABLE_NETWORK,Stable network with low latency and packet loss
2025-04-10T08:21:23,381.92820827442455,19.43878061498858,2.2926799943444576,94.10306249680104,0.007045576752366993,HTTPS,STABLE_NETWORK,Stable network with low latency and packet loss
2025-04-10T15:16:32,2748.866634195826,24.863254698495535,2.6283515249533327,83.12203528369072,0.014970378369429747,MQTT,STABLE_NETWORK,Stable network with low latency and packet loss
2025-04-10T16:34:18,45.81957507469254,10.69689506307154,1.9042636442594865,42.50096951379937,0.01620997257119789,MQTT,STABLE_NETWORK,Stable network with low latency and packet loss
2025-04-10T19:49:20,790.0373552971819,17.56194618632239,1.586253801695556,65.78168935276825,0.011366864610667327,MQTT,STABLE_NETWORK,Stable network with low latency and packet loss
2025-04-10T02:13:12,493.576862948532,20.63551385791615,2.352380348427248,95.37868782477715,0.013898161074759347,MQTT,STABLE_NETWORK,Stable network with low latency and packet loss
2025-04-10T01:16:53,112.99645212389287,30.840508146164073,2.952307142986382,76.13190957843982,0.016192179574951688,MQTT,STABLE_NETWORK,Stable network with low latency and packet loss
2025-04-10T20:13:21,548.2485979114722,18.633704891834327,1.947765268732682,52.675500634051275,0.015062583676446493,MQTT,STABLE_NETWORK,Stable network with low latency and packet loss
2025-04-10T15:38:50,202.11580605815976,19.139924971550755,0.6974505640724873,98.09036738937291,0.005571939263527341,HTTPS,STABLE_NETWORK,Stable network with low latency and packet loss
2025-04-10T18:22:36,173.33373487999216,14.07790699906993,3.069317206101527,66.96226565361178,0.009967739330697774,MQTT,STABLE_NETWORK,Stable network with low latency and packet loss
2025-04-10T13:45:08,400.38101303190336,14.73903797908281,2.7968308317333603,91.4097689140816,0.007816604548866022,LoRaWAN,STABLE_NETWORK,Stable network with low latency and packet loss
2025-04-10T21:24:21,101.59953339142272,13.772379947531268,3.451922790450264,70.48381884448466,0.00340738398082863,CoAP,STABLE_NETWORK,Stable network with low latency and packet loss
2025-04-10T13:36:53,16.967970132089622,19.68757629503097,2.6379554863522925,94.84379283911274,0.01618373892913731,MQTT,STABLE_NETWORK,Stable network with low latency and packet loss
2025-04-10T05:32:52,178.23091077626958,19.874913910555474,1.573698908722688,59.790526320828825,0.006926775633300778,MQTT,STABLE_NETWORK,Stable network with low latency and packet loss
2025-04-10T15:38:44,1508.5348212465294,21.18294723397895,1.2079107726669416,93.79042010077427,0.0038929933490576074,HTTPS,STABLE_NETWORK,Stable network with low latency and packet loss
2025-04-10T05:07:04,431.97753400281704,4.46744747645244,1.4783703956258991,79.57077331645101,0.013620169073102609,MQTT,STABLE_NETWORK,Stable network with low latency and packet loss
2025-04-10T06:55:35,65.32375789156151,19.150839189901134,2.225691178126648,49.35681534467744,0.012808278286476762,MQTT,STABLE_NETWORK,Stable network with low latency and packet loss
2025-04-10T17:06:59,196.2021519081521,27.297187488294004,0.4574351450483789,94.60458470990474,0.006132870655603383,MQTT,STABLE_NETWORK,Stable network with low latency and packet loss
2025-04-10T00:02:51,249.3934631811425,14.613500739357008,1.6563137383124724,74.695714290972,0.00623212101609516,MQTT,STABLE_NETWORK,Stable network with low latency and packet loss
2025-04-10T15:53:42,320.73985772109654,9.4707387114453,0.7810613949651954,80.63288247117143,0.008626780366348424,MQTT,STABLE_NETWORK,Stable network with low latency and packet loss
2025-04-10T23:51:29,89.76662450257334,11.583413173866747,2.589257646380765,65.29957949301934,0.01646282955452105,MQTT,STABLE_NETWORK,Stable network with low latency and packet loss
2025-04-10T17:09:27,22.514731781950992,17.197531745118717,0.9561781461823757,58.226950847699555,0.005458322270947178,MQTT,STABLE_NETWORK,Stable network with low latency and packet loss
2025-04-10T00:35:57,437.18628102959127,27.765503918285294,1.4256446604213993,73.56086135149877,0.014785903074013639,MQTT,STABLE_NETWORK,Stable network with low latency and packet loss
2025-04-10T08:15:31,144.72866319313985,7.990598914231546,0.9168179222204376,73.795672603902,0.017973805186893687,MQTT,STABLE_NETWORK,Stable network with low latency and packet loss
2025-04-10T05:00:29,248.58106027889983,20.84896608258839,0.8225777385516191,52.84948846701502,0.00913594371084974,MQTT,STABLE_NETWORK,Stable network with low latency and packet loss
2025-04-10T16:17:46,447.2347370421157,22.469570327637328,1.4196456490312515,122.2468023900523,0.011081073147068759,HTTPS,STABLE_NETWORK,Stable network with low latency and packet loss
2025-04-10T12:55:38,121.51990129556455,19.5852979251167,1.5364269103848505,68.35698323112638,0.012144617320484885,MQTT,STABLE_NETWORK,Stable network with low latency and packet loss
2025-04-10T23:08:51,565.0669244641642,13.234426968548696,3.0500538295237254,70.37837828064161,0.003405972701514477,CoAP,STABLE_NETWORK,Stable network with low latency and packet loss
2025-04-10T12:55:55,187.95605861663614,14.128609079210362,2.612584574913614,93.85040898535009,0.01413009479069489,MQTT,STABLE_NETWORK,Stable network with low latency and packet loss
2025-04-10T21:11:11,1454.4522456329416,22.22282242022233,1.8365444657125651,81.74779646346322,0.010576069622389135,MQTT,STABLE_NETWORK,Stable network with low latency and packet loss
2025-04-10T16:30:30,59.384943267066454,9.56750513483897,1.0637933093558565,72.77224320294941,0.010960829657229325,MQTT,STABLE_NETWORK,Stable network with low latency and packet loss
2025-04-10T21:45:55,42.801407214173295,18.393068046228194,2.839100349083489,97.04625808810187,0.007506670965374832,HTTPS,STABLE_NETWORK,Stable network with low latency and packet loss
2025-04-10T18:23:24,115.86362231647263,9.64615884509007,2.519011256577226,88.3025340630705,0.016198929141961457,MQTT,STABLE_NETWORK,Stable network with low latency and packet loss
2025-04-10T12:35:24,5030.806843132652,17.99968918108016,2.6072424760188215,93.09797553196057,0.006190920932946062,CoAP,STABLE_NETWORK,Stable network with low latency and packet loss
2025-04-10T08:09:50,2243.6516257636927,18.87273003484611,2.685727471597092,105.06126705368233,0.016313916172542124,CoAP,STABLE_NETWORK,Stable network with low latency and packet loss
2025-04-10T21:10:27,315.0927081520102,22.33426873575598,4.023344426771089,75.25400885796722,0.004072929872350515,CoAP,STABLE_NETWORK,Stable network with low latency and packet loss
2025-04-10T17:37:44,637.6643446351115,19.75134186471835,2.5642483531339852,80.07629149022456,0.012941298179689349,MQTT,STABLE_NETWORK,Stable network with low latency and packet loss
2025-04-10T10:39:34,1622.2667657775023,20.6447107576529,2.4576272192285282,59.56536831559448,0.008351043538927395,MQTT,STABLE_NETWORK,Stable network with low latency and packet loss
2025-04-10T21:13:15,266.4584195394981,16.832909986884033,2.1043099988791623,56.27930017929353,0.01152920249767437,MQTT,STABLE_NETWORK,Stable network with low latency and packet loss
2025-04-10T14:44:59,1057.0180474428098,18.594420031912698,1.729170138117052,75.8697526341482,0.021113088035161043,MQTT,STABLE_NETWORK,Stable network with low latency and packet loss
2025-04-10T23:08:53,543.1058676055175,13.862533593417865,1.5466998844116078,67.86364764939641,0.0175182635184128,MQTT,STABLE_NETWORK,Stable network with low latency and packet loss
2025-04-10T09:14:17,1937.2115847201694,20.284919800325262,3.521444482539244,91.71197727923331,0.00611578877892751,CoAP,STABLE_NETWORK,Stable network with low latency and packet loss
2025-04-10T09:36:25,79.22734475881293,16.2688758744265,2.3320696646640715,89.94739261874781,0.009178469573396587,MQTT,STABLE_NETWORK,Stable network with low latency and packet loss
2025-04-10T20:05:13,195.48424392347425,7.304061646538701,1.9827423647215632,85.95908551675707,0.009447268457957871,LoRaWAN,STABLE_NETWORK,Stable network with low latency and packet loss
2025-04-10T07:11:55,511.8424588111548,2.8912465212331235,1.1679382514578092,85.65239246649529,0.01772025016378938,MQTT,STABLE_NETWORK,Stable network with low latency and packet loss
2025-04-10T05:24:32,443.6571129667483,21.44213563828376,1.2619882948307093,90.7202638831122,0.004450402419710772,HTTPS,STABLE_NETWORK,Stable network with low latency and packet loss
2025-04-10T08:27:53,3109.0938648277474,18.886687984449765,0.9434472410173078,92.53405916894125,0.0032112272141403084,HTTPS,STABLE_NETWORK,Stable network with low latency and packet loss
2025-04-10T14:23:05,709.7857622431541,15.181707230849046,1.4334145840273111,78.11866238352837,0.008865166915486897,MQTT,STABLE_NETWORK,Stable network with low latency and packet loss
2025-04-10T06:01:07,580.9306688065167,15.971017823882608,2.1683243076991214,71.33218771627446,0.018457695556577586,MQTT,STABLE_NETWORK,Stable network with low latency and packet loss
2025-04-10T08:19:47,1960.138173036977,17.206558795059784,0.6684024469475949,77.19584912755555,0.0021206146985036853,HTTPS,STABLE_NETWORK,Stable network with low latency and packet loss
2025-04-10T11:24:57,300.2993590534771,18.983591037226873,1.2721927092945085,101.21868788712445,0.01768463834390384,MQTT,STABLE_NETWORK,Stable network with low latency and packet loss
2025-04-10T11:19:33,264.6628570236197,17.86215804064593,1.6867749748799747,105.55304384190141,0.009057510615801519,HTTPS,STABLE_NETWORK,Stable network with low latency and packet loss
2025-04-10T21:09:47,22.496203487264435,17.565782970940425,0.8368736078511358,80.41343717195845,0.009841581536731073,MQTT,STABLE_NETWORK,Stable network with low latency and packet loss
2025-04-10T03:27:59,67.97008465095787,16.92190719594094,2.130120473206739,75.04709416246254,0.01596924464669026,MQTT,STABLE_NETWORK,Stable network with low latency and packet loss
2025-04-10T12:42:40,116.11957871888781,17.77789708672222,1.614264888639955,53.2409589453862,0.007795606331524742,MQTT,STABLE_NETWORK,Stable network with low latency and packet loss
2025-04-10T06:07:41,1112.9734984827546,16.138823575534406,1.7788374787019545,93.37973297325867,0.009566258867708285,HTTPS,STABLE_NETWORK,Stable network with low latency and packet loss
2025-04-10T07:06:37,65.44932328279276,26.29107848339203,1.157492479318155,102.0287893474881,0.008646103322102982,MQTT,STABLE_NETWORK,Stable network with low latency and packet loss
2025-04-10T16:05:52,231.2092149047977,31.905737315390084,0.9155806752964644,86.33035834740609,0.007672636407455016,MQTT,STABLE_NETWORK,Stable network with low latency and packet loss
2025-04-10T04:17:52,1793.2286244810243,22.0340611793638,1.4011673508283522,101.92690210450854,0.005712124966255173,HTTPS,STABLE_NETWORK,Stable network with low latency and packet loss
2025-04-10T07:56:29,61.242242351847494,16.36149708117858,1.1708948882538341,83.1161468922952,0.006777223692624672,MQTT,STABLE_NETWORK,Stable network with low latency and packet loss
2025-04-10T13:29:59,735.4755019899103,19.607754779977746,2.3912869491083244,83.8250503233044,0.01170017384091574,MQTT,STABLE_NETWORK,Stable network with low latency and packet loss
2025-04-10T20:29:55,453.73414912179305,21.416362893534828,0.6133639262241348,77.89956304848954,0.016629328689498134,MQTT,STABLE_NETWORK,Stable network with low latency and packet loss
2025-04-10T09:45:28,703.8694962803071,21.11782502708778,3.340197549028269,67.69131195572804,0.010146355090820344,MQTT,STABLE_NETWORK,Stable network with low latency and packet loss
2025-04-10T07:58:23,479.5500606125412,19.06216684136097,3.2483277951580583,72.70925199480487,0.018135800910240793,MQTT,STABLE_NETWORK,Stable network with low latency and packet loss
2025-04-10T14:33:52,162.61542750438096,22.07413686719222,1.8002162646560596,94.99842378676485,0.00490274173985837,HTTPS,STABLE_NETWORK,Stable network with low latency and packet loss
2025-04-10T07:48:14,459.76846221618325,20.03934982200787,2.332111183564708,85.63263130257307,0.004370407216430953,HTTPS,STABLE_NETWORK,Stable network with low latency and packet loss
2025-04-10T01:42:11,179.3754328066316,23.9312459486045,1.5586381757888523,52.016422278894474,0.009241680829359063,MQTT,STABLE_NETWORK,Stable network with low latency and packet loss
2025-04-10T20:28:08,538.0289031738146,18.76706284693124,2.014131233083666,75.22066806955154,0.012577536971233358,MQTT,STABLE_NETWORK,Stable network with low latency and packet loss
2025-04-10T18:44:27,322.6551472736598,27.502167161374274,2.01125152462352,85.28847573625355,0.014084654106978208,MQTT,STABLE_NETWORK,Stable network with low latency and packet loss
2025-04-10T11:29:08,364.70859589082977,19.63650335792494,1.6708541918276798,52.55889447671603,0.015510088372073252,MQTT,STABLE_NETWORK,Stable network with low latency and packet loss
2025-04-10T12:39:48,432.9507365264555,17.78644696976615,1.7118591117736686,49.02189831855438,0.01389888919135904,MQTT,STABLE_NETWORK,Stable network with low latency and packet loss
2025-04-10T02:12:36,573.8776747416375,23.816433129601965,1.8724895737357892,78.60533235803844,0.010581855099332163,MQTT,STABLE_NETWORK,Stable network with low latency and packet loss
2025-04-10T17:42:30,525.2943629046074,10.769421323913566,2.3921577335226436,112.7686859303912,0.01570294994311173,LoRaWAN,STABLE_NETWORK,Stable network with low latency and packet loss
2025-04-10T07:36:59,2341.307765001746,13.346175993490984,2.5769826797381428,120.60354918142227,0.019135659191798424,LoRaWAN,STABLE_NETWORK,Stable network with low latency and packet loss
2025-04-10T07:00:44,711.8338217131477,16.36571223785734,3.0484659659321443,75.32807457040332,0.012911141183551997,MQTT,STABLE_NETWORK,Stable network with low latency and packet loss
2025-04-10T06:36:26,1525.7925516393946,17.05393384501263,2.3141251421462314,98.86790196401589,0.00520189909083879,CoAP,STABLE_NETWORK,Stable network with low latency and packet loss
2025-04-10T22:52:58,104.9883807578646,20.686118157979454,2.1601047742757395,96.5568435439252,0.010606568750345937,MQTT,STABLE_NETWORK,Stable network with low latency and packet loss
2025-04-10T19:15:18,270.9322906128703,19.72877947982726,1.7207765337935217,64.14833646340288,0.002587941363279717,MQTT,STABLE_NETWORK,Stable network with low latency and packet loss
2025-04-10T22:07:07,356.6843910653538,22.404496424896397,2.6572144449710176,72.0197159846919,0.005329649474059918,MQTT,STABLE_NETWORK,Stable network with low latency and packet loss
2025-04-10T06:32:55,119.43369474593347,22.706772685551048,3.4557759544678497,95.4294059442453,0.010473782307010737,HTTPS,STABLE_NETWORK,Stable network with low latency and packet loss
2025-04-10T15:33:55,525.4927373244303,17.789373453358305,2.4192223590980095,80.6550180271662,0.005203808274307979,HTTPS,STABLE_NETWORK,Stable network with low latency and packet loss
2025-04-10T22:43:10,57.957395793391925,18.26688967190489,1.9093839713154621,68.70600580524288,0.005065415169597433,MQTT,STABLE_NETWORK,Stable network with low latency and packet loss
2025-04-10T08:36:41,399.0599897286111,13.496162301545873,1.7394138567421447,103.54029982246303,0.0025249759353753124,HTTPS,STABLE_NETWORK,Stable network with low latency and packet loss
2025-04-10T05:00:08,33.221212549994846,20.44851428768399,0.981272953834905,82.53468711997049,0.013330959183614401,MQTT,STABLE_NETWORK,Stable network with low latency and packet loss
2025-04-10T18:44:45,255.94929633214952,15.549896727401375,0.7482057099832593,78.55713863647028,0.0036251357698377706,MQTT,STABLE_NETWORK,Stable network with low latency and packet loss
2025-04-10T12:04:43,127.93173849711457,22.47010361132319,1.578534012750762,72.61690688813295,0.011199590711268925,MQTT,STABLE_NETWORK,Stable network with low latency and packet loss
2025-04-10T16:13:02,483.7164340712377,16.488352716155827,1.6705795040541753,45.54512415442856,0.00529397949555266,MQTT,STABLE_NETWORK,Stable network with low latency and packet loss
2025-04-10T08:18:34,183.124909181078,17.789709553587745,1.779831267150624,103.2953290043488,0.015002573507323768,MQTT,STABLE_NETWORK,Stable network with low latency and packet loss
2025-04-10T07:43:22,199.5803627050752,10.395199380724396,2.4123525850403897,90.22442290708376,0.01565653962632406,MQTT,STABLE_NETWORK,Stable network with low latency and packet loss
2025-04-10T13:04:12,17.868558958132233,27.007444918581584,3.4828404459290754,64.499482307714,0.0077463656307993276,MQTT,STABLE_NETWORK,Stable network with low latency and packet loss
2025-04-10T04:03:39,234.7650832049412,16.93663377917337,1.1055367126603062,70.53444408091957,0.014483560816992154,MQTT,STABLE_NETWORK,Stable network with low latency and packet loss
2025-04-10T20:46:08,136.35783454333523,17.64758792997364,1.3463439869421143,82.61677947196591,0.01394051525824689,MQTT,STABLE_NETWORK,Stable network with low latency and packet loss
2025-04-10T03:51:09,98.58340201937638,16.10310030938228,3.557856489185159,100.82686016490369,0.018481640321134196,MQTT,STABLE_NETWORK,Stable network with low latency and packet loss
2025-04-10T14:59:51,179.9649504505522,17.594965004827706,2.17257879630845,77.02796178075437,0.017458045234554628,MQTT,STABLE_NETWORK,Stable network with low latency and packet loss
2025-04-10T14:00:41,693.2590565898292,12.331657601991985,2.223679997025781,111.42756861955044,0.010869372037705861,LoRaWAN,STABLE_NETWORK,Stable network with low latency and packet loss
2025-04-10T05:39:26,771.4668879895642,18.434940447912968,2.131941994386254,89.88325953857586,0.002756971977988963,HTTPS,STABLE_NETWORK,Stable network with low latency and packet loss
2025-04-10T19:45:55,468.8317457617833,16.25337017183652,2.5098478351688147,95.97139364804707,0.012066200350951569,MQTT,STABLE_NETWORK,Stable network with low latency and packet loss
2025-04-10T20:44:28,2606.69666814799,12.956588866157237,3.4405673672340464,61.886049495405686,0.015554256952607037,LoRaWAN,STABLE_NETWORK,Stable network with low latency and packet loss
2025-04-10T21:11:09,421.070203453423,18.062519176185422,2.617231859623428,86.48366942788002,0.015831073457364755,MQTT,STABLE_NETWORK,Stable network with low latency and packet loss
2025-04-10T03:23:03,119.10712078916073,13.86113840200495,3.311731181822176,115.76259705329312,0.0029450907341808438,LoRaWAN,STABLE_NETWORK,Stable network with low latency and packet loss
2025-04-10T05:19:05,186.89858393350025,20.108480873570624,2.676990735959268,93.23155142003382,0.01209224494910258,MQTT,STABLE_NETWORK,Stable network with low latency and packet loss
2025-04-10T17:18:08,955.3789668010451,15.313680275157324,1.8502643695172407,76.03168144750305,0.013803831999079742,MQTT,STABLE_NETWORK,Stable network with low latency and packet loss
2025-04-10T00:27:40,401.261951321411,15.982106176216043,1.1120953720861975,74.53599819419662,0.002570281129523567,MQTT,STABLE_NETWORK,Stable network with low latency and packet loss
2025-04-10T18:09:10,38.67120162086382,13.161063074016152,0.38543835802791504,89.35595993036964,0.008402544709595323,MQTT,STABLE_NETWORK,Stable network with low latency and packet loss
2025-04-10T14:28:00,3532.641847188766,15.616767488486806,1.7963759598201603,47.04810822044854,0.00974118761523832,MQTT,STABLE_NETWORK,Stable network with low latency and packet loss
2025-04-10T02:00:01,194.51751066431274,18.241007149089207,1.5675757380103104,70.35313337082779,0.01579420853029631,MQTT,STABLE_NETWORK,Stable network with low latency and packet loss
2025-04-10T08:58:55,93.55849090892666,14.71638135265286,0.9924788596521237,100.21604934524845,0.009857995840005568,MQTT,STABLE_NETWORK,Stable network with low latency and packet loss
2025-04-10T05:42:11,324.8336942852254,22.385965577149193,2.0037073566324337,66.98464538597064,0.011858188720473157,MQTT,STABLE_NETWORK,Stable network with low latency and packet loss
2025-04-10T06:23:06,108.61001639643756,18.73058110926515,1.3109129002404112,74.60041987112773,0.0028842780728425997,MQTT,STABLE_NETWORK,Stable network with low latency and packet loss
2025-04-10T14:30:08,582.4729258853321,22.308281671751804,1.6482854602003827,66.81037217229058,0.004814301832730701,MQTT,STABLE_NETWORK,Stable network with low latency and packet loss
2025-04-10T13:59:57,279.8905136555324,11.50930932495503,2.186008748606981,62.54481225411892,0.011122069322990454,MQTT,STABLE_NETWORK,Stable network with low latency and packet loss
2025-04-10T11:51:34,125.03065423458337,14.778464821633731,1.3304611646013322,117.67994001793039,0.009879291184704276,HTTPS,STABLE_NETWORK,Stable network with low latency and packet loss
2025-04-10T14:03:30,185.81397892916024,17.02008279617705,2.568984619989849,73.50752574014273,0.0016903973906472036,CoAP,STABLE_NETWORK,Stable network with low latency and packet loss
2025-04-10T18:39:01,1275.0796829754981,14.624068036347003,3.2578063047449475,85.5828874986004,0.01051670099332162,CoAP,STABLE_NETWORK,Stable network with low latency and packet loss
2025-04-10T02:52:27,462.4724643887773,12.500501766340285,1.5756984823485534,52.64459024628643,0.01864656308496261,MQTT,STABLE_NETWORK,Stable network with low latency and packet loss
2025-04-10T00:01:37,89.70330214556539,11.110732528555449,1.325971077327948,88.10238683374601,0.008342384860813812,MQTT,STABLE_NETWORK,Stable network with low latency and packet loss
2025-04-10T00:47:13,526.5254108686771,13.873975992774312,1.5765230451065657,56.26351722399035,0.007910931713261793,MQTT,STABLE_NETWORK,Stable network with low latency and packet loss
2025-04-10T16:17:56,240.9110123055217,18.858531157577076,0.9121560323502378,115.3914103112694,0.018846610048701785,MQTT,STABLE_NETWORK,Stable network with low latency and packet loss
2025-04-10T23:24:56,331.5190174048265,17.58505286043408,3.576296614250051,67.32625853018664,0.014071977857419142,MQTT,STABLE_NETWORK,Stable network with low latency and packet loss
2025-04-10T08:37:20,46.13954868507427,20.9917480671199,1.8850832309948218,81.69429703971149,0.0063139866524955105,MQTT,STABLE_NETWORK,Stable network with low latency and packet loss
2025-04-10T08:26:30,59.99710903265991,21.94292926849189,1.7334538427027553,51.72917317826038,0.014995847491462438,MQTT,STABLE_NETWORK,Stable network with low latency and packet loss
2025-04-10T22:32:41,38.7401032512429,8.040332997150756,1.3124173068280207,63.63183962533796,0.01234958810845629,MQTT,STABLE_NETWORK,Stable network with low latency and packet loss
2025-04-10T17:42:02,359.4721108958662,9.165657070940632,1.9230126320588727,86.64413025105088,0.015765078433103666,MQTT,STABLE_NETWORK,Stable network with low latency and packet loss
2025-04-10T19:00:15,1058.848447833764,17.649120598350706,3.389431263114534,94.34221458999457,0.007973524840656068,CoAP,STABLE_NETWORK,Stable network with low latency and packet loss
2025-04-10T22:01:18,101.1381994505447,19.26936481710922,1.5349736977095083,101.69971390016472,0.015596267155435172,MQTT,STABLE_NETWORK,Stable network with low latency and packet loss
2025-04-10T04:53:54,25.49786769832661,11.34058111259808,3.9089760347527527,98.84138596751218,0.012828019510302768,LoRaWAN,STABLE_NETWORK,Stable network with low latency and packet loss
2025-04-10T15:38:52,310.91999098595,17.485677660635744,1.8773268363682318,94.8141395711456,0.0032614460156809707,HTTPS,STABLE_NETWORK,Stable network with low latency and packet loss
2025-04-10T14:08:06,71.16495186928067,18.787226358006546,2.8320996229276187,64.90462503698916,0.007059774784427554,MQTT,STABLE_NETWORK,Stable network with low latency and packet loss
2025-04-10T02:59:18,89.50871715374913,23.660205430802954,0.7252295496352092,61.784273199609196,0.0026880270283324093,MQTT,STABLE_NETWORK,Stable network with low latency and packet loss
2025-04-10T17:46:11,170.84569386914754,4.537319467382145,2.907793358575444,71.28604845470197,0.004314961452461969,LoRaWAN,STABLE_NETWORK,Stable network with low latency and packet loss
2025-04-10T16:40:11,148.66779093404367,16.512806354846425,0.490844109805439,65.14652752213432,0.0008763846700709736,MQTT,STABLE_NETWORK,Stable network with low latency and packet loss
2025-04-10T15:44:28,263.453105540983,19.571830426730354,2.1393817596156093,81.21747789242801,3.136459653309796e-05,HTTPS,STABLE_NETWORK,Stable network with low latency and packet loss
2025-04-10T23:05:00,1515.6598339464658,18.125939215400205,4.000435161855057,84.66567778115544,0.006707296191051561,LoRaWAN,STABLE_NETWORK,Stable network with low latency and packet loss
2025-04-10T00:25:12,521.1742820290758,20.18709867512536,0.008200473297562016,84.39139640396134,0.006244149993993335,MQTT,STABLE_NETWORK,Stable network with low latency and packet loss
2025-04-10T20:21:21,805.1214176568363,18.768479011929394,1.7016410963874289,76.03974800720194,0.005702297574836653,HTTPS,STABLE_NETWORK,Stable network with low latency and packet loss
2025-04-10T08:54:31,2235.5000176391095,13.194427044339246,1.5316642281864956,65.55977091437347,0.0021557728946835913,CoAP,STABLE_NETWORK,Stable network with low latency and packet loss
2025-04-10T22:52:51,591.3580864432554,16.691065572123136,3.1300324404025712,86.54362530258071,0.01979190001484201,MQTT,STABLE_NETWORK,Stable network with low latency and packet loss
2025-04-10T11:49:57,1369.3049498257872,23.685910277418394,2.4571806143279407,91.10114438597478,0.013323747098795144,MQTT,STABLE_NETWORK,Stable network with low latency and packet loss
2025-04-10T22:51:20,328.4135593874988,24.345478073984463,0.6692469621131876,93.22224587060165,0.009684359624105883,MQTT,STABLE_NETWORK,Stable network with low latency and packet loss
2025-04-10T15:55:27,346.6452670558296,10.158442425494778,2.3821465026478865,52.42076371393584,0.012098351131970532,MQTT,STABLE_NETWORK,Stable network with low latency and packet loss
2025-04-10T19:29:02,44.75925170145559,15.587099345828971,2.953281717740828,78.30486975958499,0.02158742857883565,MQTT,STABLE_NETWORK,Stable network with low latency and packet loss
2025-04-10T03:10:54,499.8312121197632,20.606575177606217,0.3348194843925323,100.55937392954216,0.008570232020143198,HTTPS,STABLE_NETWORK,Stable network with low latency and packet loss
2025-04-10T16:05:17,247.02084298178107,21.42437399708413,2.2842066440333615,90.10761186420943,0.0088631244563098,MQTT,STABLE_NETWORK,Stable network with low latency and packet loss
2025-04-10T01:50:18,916.1090592882149,17.169348260785636,0.900077909293679,88.78275704862513,0.015655370400528282,HTTPS,STABLE_NETWORK,Stable network with low latency and packet loss
2025-04-10T12:37:10,673.3091108547515,15.84867096096989,3.4181081285723582,100.37523766168732,0.012260014419678566,LoRaWAN,STABLE_NETWORK,Stable network with low latency and packet loss
2025-04-10T22:27:43,82.75251366302719,19.5982448972495,0.198749540216701,95.12596869143239,0.006659474141699829,HTTPS,STABLE_NETWORK,Stable network with low latency and packet loss
2025-04-10T18:47:34,284.4548474044794,8.481215142223997,2.5898516611996705,75.51069713251705,0.008390531911575976,MQTT,STABLE_NETWORK,Stable network with low latency and packet loss
2025-04-10T23:37:57,333.80127722407366,11.182289058578721,1.3517423471646373,59.633229945463896,0.005440609286230525,MQTT,STABLE_NETWORK,Stable network with low latency and packet loss
2025-04-10T00:45:57,386.5205882394628,17.548426378190246,2.826808540792947,82.20769812293034,0.013353182506967492,MQTT,STABLE_NETWORK,Stable network with low latency and packet loss
2025-04-10T08:47:21,294.8757977674843,22.959090629859663,0.9857941495705702,76.02450971247099,0.005435310645513673,MQTT,STABLE_NETWORK,Stable network with low latency and packet loss
2025-04-10T19:31:06,554.0762456191705,9.43966031765099,1.9188171812161834,89.23417282231367,0.012851448942596414,MQTT,STABLE_NETWORK,Stable network with low latency and packet loss
2025-04-10T02:55:14,442.9438128580933,19.771017109178885,1.0480472705864585,45.086051915430545,0.00398473403337972,MQTT,STABLE_NETWORK,Stable network with low latency and packet loss
2025-04-10T01:02:03,966.3194810673436,23.57839344191204,2.789571889292373,54.70023177602951,0.004859111132854891,HTTPS,STABLE_NETWORK,Stable network with low latency and packet loss
2025-04-10T17:54:50,90.46775647231973,22.66008472801015,2.0832583789254104,90.44836869506274,0.001292399484376849,HTTPS,STABLE_NETWORK,Stable network with low latency and packet loss
2025-04-10T01:03:33,327.5213569801947,24.25022404558481,3.636684904537101,93.42376301787606,0.02192878086968699,MQTT,STABLE_NETWORK,Stable network with low latency and packet loss
2025-04-10T19:55:40,1866.3935510199644,19.18283654890328,3.0551450092984087,84.98743625487029,0.004575463618613086,CoAP,STABLE_NETWORK,Stable network with low latency and packet loss
2025-04-10T09:26:39,869.2526827623428,12.46282730060636,1.5417281475406674,81.54602590864596,0.009799501092554246,MQTT,STABLE_NETWORK,Stable network with low latency and packet loss
2025-04-10T19:40:31,279.5984067531385,13.236625278026219,2.1759619401816392,72.86501293366693,0.019225046266987147,MQTT,STABLE_NETWORK,Stable network with low latency and packet loss
2025-04-10T06:40:45,564.8580537493823,24.830887008490187,1.8123211098991932,101.55319432086124,0.015757641548380365,MQTT,STABLE_NETWORK,Stable network with low latency and packet loss
2025-04-10T17:34:32,122.02757549486623,15.530839151867196,1.1574884279564293,103.45482135223423,0.014121544893572587,MQTT,STABLE_NETWORK,Stable network with low latency and packet loss
2025-04-10T05:01:42,196.26742181553345,10.742944065177594,2.6031050125927795,87.14716578375567,0.015120612868090359,MQTT,STABLE_NETWORK,Stable network with low latency and packet loss
2025-04-10T23:32:19,355.12758141012745,16.960502377880463,2.3362478990369926,92.1814762032375,0.007781133463450518,CoAP,STABLE_NETWORK,Stable network with low latency and packet loss
2025-04-10T08:16:22,217.7745220274678,17.770531385326716,0.3970421983587775,57.36820484047207,0.007572874613020334,MQTT,STABLE_NETWORK,Stable network with low latency and packet loss
2025-04-10T02:49:55,660.4632833751441,19.5499864369337,2.200916484624614,107.73845164968581,0.003069096486580463,CoAP,STABLE_NETWORK,Stable network with low latency and packet loss
2025-04-10T13:20:46,3857.9097404104664,21.945502921203992,1.1183072495215707,84.84909466503274,0.0037182792341768287,HTTPS,STABLE_NETWORK,Stable network with low latency and packet loss
2025-04-10T22:38:42,354.61997950334586,14.021773584135996,2.2529676313808316,85.8523003270552,0.007513297038961362,CoAP,STABLE_NETWORK,Stable network with low latency and packet loss
2025-04-10T22:34:31,178.43193158273414,14.186780180366583,0.3255827347312734,90.96905975641405,0.019982945274758943,MQTT,STABLE_NETWORK,Stable network with low latency and packet loss
2025-04-10T18:13:29,189.23143962374792,15.15502335610584,2.111144671932026,86.51096472466477,0.013422042315193223,MQTT,STABLE_NETWORK,Stable network with low latency and packet loss
2025-04-10T00:54:24,605.2242133916102,20.49564535137293,2.2556200472837493,81.5769465974047,0.0027037791731284377,HTTPS,STABLE_NETWORK,Stable network with low latency and packet loss
2025-04-10T02:14:13,75.18390306265073,21.835712072002345,2.350398098980934,82.86101331733578,0.003133530995021995,HTTPS,STABLE_NETWORK,Stable network with low latency and packet loss
2025-04-10T21:41:32,39.27069801577924,19.169101527618228,2.1676461832101985,85.73471422646051,0.0037734908557611503,HTTPS,STABLE_NETWORK,Stable network with low latency and packet loss
2025-04-10T01:28:28,1248.8110255584165,14.462094223321309,0.8152665145708058,73.34789910233286,0.007375530388513577,MQTT,STABLE_NETWORK,Stable network with low latency and packet loss
2025-04-10T23:43:02,333.692058453788,21.591451387126238,2.4900026315641828,78.11434043970874,0.0034046222466602317,HTTPS,STABLE_NETWORK,Stable network with low latency and packet loss
2025-04-10T03:04:09,73.30218556931379,19.359951380081505,2.18453012254139,85.44221444746327,0.004352404091570496,HTTPS,STABLE_NETWORK,Stable network with low latency and packet loss
2025-04-10T18:03:32,1314.0077806275142,19.996409051562615,0.7303879055506619,67.01064910321223,0.010712680535465886,MQTT,STABLE_NETWORK,Stable network with low latency and packet loss
2025-04-10T20:28:07,1149.2328763105577,15.378968274477156,1.2355924260193172,82.06651132236905,0.017788820197265232,MQTT,STABLE_NETWORK,Stable network with low latency and packet loss
2025-04-10T06:27:41,201.93434093132626,11.093748811436416,1.0268380871411713,80.08583827359479,0.003605477068254157,HTTPS,STABLE_NETWORK,Stable network with low latency and packet loss
2025-04-10T18:00:10,1371.0108219108263,4.83589129991051,2.153060953902801,79.55578205460256,0.0032563199890239015,LoRaWAN,STABLE_NETWORK,Stable network with low latency and packet loss
2025-04-10T12:52:27,812.2793824702368,27.61346345393987,2.6729602606659935,107.84437866848448,0.011259759743277293,HTTPS,STABLE_NETWORK,Stable network with low latency and packet loss
2025-04-10T15:30:14,118.89134337759816,12.298051595753213,2.9651263600621958,102.69526701384407,0.0037824751154723222,LoRaWAN,STABLE_NETWORK,Stable network with low latency and packet loss
2025-04-10T19:55:43,73.27487513160877,17.747893634096066,2.2929069800317987,71.64594605976868,0.008877915689910367,MQTT,STABLE_NETWORK,Stable network with low latency and packet loss
2025-04-10T07:02:49,712.6784948976596,17.163704710140983,0.013840309873418555,77.49477578758058,0.012563237816533412,MQTT,STABLE_NETWORK,Stable network with low latency and packet loss
2025-04-10T13:57:12,745.3318674436354,16.296341531758078,0.9763366247479477,81.10033937166796,0.016482686295114356,MQTT,STABLE_NETWORK,Stable network with low latency and packet loss
2025-04-10T04:22:57,170.39886737534323,25.401526418749732,0.21273997636232544,42.51543009454759,0.013070172057242944,MQTT,STABLE_NETWORK,Stable network with low latency and packet loss
2025-04-10T06:34:41,1544.7939524604158,18.107989841054966,0.921529729902745,55.472244078312855,0.007876682715465239,MQTT,STABLE_NETWORK,Stable network with low latency and packet loss
2025-04-10T20:52:53,66.30338360354322,20.389110773767666,2.1973542647513025,56.107634980705136,0.012772135735831771,MQTT,STABLE_NETWORK,Stable network with low latency and packet loss
2025-04-10T09:04:47,1631.5542218713288,17.19751116658339,1.7401630875942642,81.46741566617031,0.01627009053665973,MQTT,STABLE_NETWORK,Stable network with low latency and packet loss
2025-04-10T01:52:02,1027.8845867304346,19.023399535005908,3.8345503969060717,106.82605269114403,0.0064976093036042066,LoRaWAN,STABLE_NETWORK,Stable network with low latency and packet loss
2025-04-10T21:13:49,784.6115031754274,17.168694188202196,2.324735706979594,60.32630621732697,0.016403072731366524,MQTT,STABLE_NETWORK,Stable network with low latency and packet loss
2025-04-10T19:13:33,151.95393555119912,15.386361633359412,2.196976417456087,70.59521281812127,0.010392045418345808,MQTT,STABLE_NETWORK,Stable network with low latency and packet loss
2025-04-10T16:39:19,371.9377593947548,14.636605285127608,2.363791850188024,100.63485173404081,0.012727097313755115,MQTT,STABLE_NETWORK,Stable network with low latency and packet loss
2025-04-10T00:37:32,162.65140878554894,20.082707121226782,2.56886305694192,48.383740802871074,0.007280533053593642,MQTT,STABLE_NETWORK,Stable network with low latency and packet loss
2025-04-10T11:17:13,1083.7113405436917,16.2705191775048,2.2319429803477715,83.7067045165732,0.02111629745538133,MQTT,STABLE_NETWORK,Stable network with low latency and packet loss
2025-04-10T07:51:11,231.08457182636857,24.044551940004183,0.18843203344146975,63.978278846453705,0.0153083260005407,MQTT,STABLE_NETWORK,Stable network with low latency and packet loss
2025-04-10T20:33:47,67.58702569135644,14.718624277649326,0.9488644445175789,92.96557994617385,0.011679363521344974,MQTT,STABLE_NETWORK,Stable network with low latency and packet loss
2025-04-10T15:15:17,179.14404861061254,13.92360163059266,1.4252686015553524,107.38951206723529,0.01760863996684025,MQTT,STABLE_NETWORK,Stable network with low latency and packet loss
2025-04-10T09:09:36,77.6733363600901,14.96581764109471,1.8916888945310022,70.45450647213184,0.010701573165884519,MQTT,STABLE_NETWORK,Stable network with low latency and packet loss
2025-04-10T23:14:30,223.62708735495806,10.537138142685492,1.4155746328364378,67.20314908259141,0.014047482322551555,MQTT,STABLE_NETWORK,Stable network with low latency and packet loss
2025-04-10T07:10:02,76.97873961113214,23.681525389295363,3.0555734643810073,65.71883404180694,0.0006310639454848201,CoAP,STABLE_NETWORK,Stable network with low latency and packet loss
2025-04-10T05:34:56,96.4158942177476,15.187802866246422,0.9535661028585216,111.41903993236795,0.006692578559652522,HTTPS,STABLE_NETWORK,Stable network with low latency and packet loss
2025-04-10T16:49:26,140.18068649867095,21.439265979659616,0.5515632586947121,57.01771721702694,0.01048865185382531,MQTT,STABLE_NETWORK,Stable network with low latency and packet loss
2025-04-10T11:09:13,414.48633303540834,22.048549023480486,1.6227188748939438,105.5307644874494,0.013517458575470655,MQTT,STABLE_NETWORK,Stable network with low latency and packet loss
2025-04-10T01:47:28,45.48923744390436,18.264158177479164,1.9592442106093197,58.625084223204304,0.006282540406432709,MQTT,STABLE_NETWORK,Stable network with low latency and packet loss
2025-04-10T09:29:12,181.09501235890144,9.813223180588778,2.520567581841101,84.63691161830363,0.00540000473087689,CoAP,STABLE_NETWORK,Stable network with low latency and packet loss
2025-04-10T10:25:17,336.0606643316485,26.139555306816995,0.569393521611189,87.97777237153589,0.004650913820265587,HTTPS,STABLE_NETWORK,Stable network with low latency and packet loss
2025-04-10T08:07:40,369.81330188542694,18.896285849759018,1.7874063369559574,87.67091907827646,0.0074646051612554856,HTTPS,STABLE_NETWORK,Stable network with low latency and packet loss
2025-04-10T04:38:55,4595.915352245461,13.641030394664387,0.6926220108366516,80.7663155482848,0.0029941226521840022,HTTPS,STABLE_NETWORK,Stable network with low latency and packet loss
2025-04-10T19:37:35,230.81930347464242,15.006498692598191,2.482694279687969,80.60056292307193,0.007929720767230228,CoAP,STABLE_NETWORK,Stable network with low latency and packet loss
2025-04-10T13:32:14,95.44572027103945,23.42593672881405,3.17936209947794,68.88387566178518,0.01562438563476782,MQTT,STABLE_NETWORK,Stable network with low latency and packet loss
2025-04-10T19:16:55,84.8605443493296,18.294699721082484,1.3074842963890743,81.65296438443974,0.007544230731085802,MQTT,STABLE_NETWORK,Stable network with low latency and packet loss
2025-04-10T11:09:24,226.07466346549975,13.693094699711764,1.5593461761454908,77.8300966257175,0.007765799845702224,MQTT,STABLE_NETWORK,Stable network with low latency and packet loss
2025-04-10T17:24:34,466.18992644800153,17.340292963757747,1.455568535451416,88.78191906355507,0.004819439274107583,HTTPS,STABLE_NETWORK,Stable network with low latency and packet loss
2025-04-10T09:35:50,187.36330743337444,23.796091333479982,2.2107311688104634,79.99734954879547,0.013454370291260995,MQTT,STABLE_NETWORK,Stable network with low latency and packet loss
2025-04-10T12:30:18,367.66130578332985,26.182648097677355,2.529381663904143,51.990658859177614,0.016995213885050736,MQTT,STABLE_NETWORK,Stable network with low latency and packet loss
2025-04-10T17:24:10,139.6168164356293,17.890175757555678,2.5541420607366945,63.5345721910845,0.013593264657288304,MQTT,STABLE_NETWORK,Stable network with low latency and packet loss
2025-04-10T18:05:04,1820.949178160024,18.85577980827572,1.6305107117362372,72.17552935805335,0.012620018552079611,MQTT,STABLE_NETWORK,Stable network with low latency and packet loss
2025-04-10T04:26:26,79.04257444040663,20.271658043093353,0.07724942454802375,71.31690545434634,0.014113956570697663,HTTPS,STABLE_NETWORK,Stable network with low latency and packet loss
2025-04-10T17:30:11,1152.2645660463265,12.053133153360466,3.3264354209162796,70.09827146623554,0.012190028016646749,LoRaWAN,STABLE_NETWORK,Stable network with low latency and packet loss
2025-04-10T06:58:31,1218.410991585893,22.385394430322282,2.5004272919986157,78.8423364980422,0.01211070795558197,MQTT,STABLE_NETWORK,Stable network with low latency and packet loss
2025-04-10T03:12:25,410.7844470463204,22.575124771198084,2.569158464424717,71.43043293605804,0.014127745460483766,MQTT,STABLE_NETWORK,Stable network with low latency and packet loss
2025-04-10T23:04:58,274.82007846626925,24.730103036726273,1.2461669603395278,84.56833770941249,0.015104948159498099,MQTT,STABLE_NETWORK,Stable network with low latency and packet loss
2025-04-10T16:30:32,1950.5894024783306,19.428335856098112,2.4282391573619195,80.95867966772431,0.010124703786606666,CoAP,STABLE_NETWORK,Stable network with low latency and packet loss
2025-04-10T20:44:22,109.1602017102923,20.241786306986338,1.5708048579381813,78.36273600105818,0.010172183763649995,MQTT,STABLE_NETWORK,Stable network with low latency and packet loss
2025-04-10T19:14:49,425.8324772025755,25.29652811516756,1.8538024330356209,86.54881973967629,0.014425414975659277,MQTT,STABLE_NETWORK,Stable network with low latency and packet loss
2025-04-10T05:03:01,60.40816572183809,17.604444193791828,2.482583958085063,72.40027593423373,0.013226177657901492,MQTT,STABLE_NETWORK,Stable network with low latency and packet loss
2025-04-10T17:23:37,9171.852190522955,14.410922015003273,3.172919515363281,86.25245466609746,0.0058827448686816835,LoRaWAN,STABLE_NETWORK,Stable network with low latency and packet loss
2025-04-10T10:53:01,354.4219392514499,18.622925766194314,2.4179260355114414,57.02320378053055,0.011404154554040874,MQTT,STABLE_NETWORK,Stable network with low latency and packet loss
2025-04-10T07:40:46,209.11200329214404,21.235778808694146,2.1845269306825505,100.63535817030063,0.011141841742585926,HTTPS,STABLE_NETWORK,Stable network with low latency and packet loss
2025-04-10T00:32:01,40.02257260122672,17.024918763132032,1.1964142436712244,70.42389612377764,0.0135177212061416,MQTT,STABLE_NETWORK,Stable network with low latency and packet loss
2025-04-10T05:28:43,262.1065420050762,23.968666888293985,1.6893253032945958,96.33584023070856,0.0072482078905992675,HTTPS,STABLE_NETWORK,Stable network with low latency and packet loss
2025-04-10T10:13:04,192.43585166877938,18.79673759956217,1.1608201528186588,102.63370799828299,0.017865692714038595,MQTT,STABLE_NETWORK,Stable network with low latency and packet loss
2025-04-10T17:34:50,582.4588963680054,17.308023196648524,1.5905697506717975,87.07984446239671,0.015584514368578252,MQTT,STABLE_NETWORK,Stable network with low latency and packet loss
2025-04-10T01:32:45,76.58315739952006,18.252221537490083,0.433614422299442,90.02470609634484,0.020580542681834263,MQTT,STABLE_NETWORK,Stable network with low latency and packet loss
2025-04-10T04:57:18,1451.5668733276307,19.12837875220562,2.588613076123693,118.65331805753368,0.012281529866902369,CoAP,STABLE_NETWORK,Stable network with low latency and packet loss
2025-04-10T18:39:58,748.5420847919796,20.990698510885622,1.5846487770719597,90.7301672803004,0.004729674206818019,HTTPS,STABLE_NETWORK,Stable network with low latency and packet loss
2025-04-10T04:08:48,1166.7853678548622,12.631624412346905,1.9388678948658429,72.25938379302028,0.011295974997701769,MQTT,STABLE_NETWORK,Stable network with low latency and packet loss
2025-04-10T01:33:18,632.1717333235155,28.76698389700024,2.2862079280390217,70.71741523145832,0.013558109738510887,MQTT,STABLE_NETWORK,Stable network with low latency and packet loss
2025-04-10T21:46:24,641.2920708748444,10.421362369154677,1.5689741080431323,82.12201740161002,0.0006950777390195267,HTTPS,STABLE_NETWORK,Stable network with low latency and packet loss
2025-04-10T14:05:39,289.6833698199983,17.530064150301673,2.997690080562345,74.9780340998804,0.005531448995949408,CoAP,STABLE_NETWORK,Stable network with low latency and packet loss
2025-04-10T06:42:40,136.95571658348268,18.81382161555323,2.2800003278865253,52.486172220918576,0.007305307894310852,MQTT,STABLE_NETWORK,Stable network with low latency and packet loss
2025-04-10T12:41:02,106.77462924696344,14.062953363987532,1.4164431041870373,73.21912800980972,0.004823984032601717,MQTT,STABLE_NETWORK,Stable network with low latency and packet loss
2025-04-10T07:42:39,411.5584004127973,3.239481882617815,2.186980321180242,117.41964403022018,0.008053405094894332,LoRaWAN,STABLE_NETWORK,Stable network with low latency and packet loss
2025-04-10T23:50:00,350.45810274854665,13.785308442683409,2.906337127613814,59.83377347574455,0.010511827435386813,MQTT,STABLE_NETWORK,Stable network with low latency and packet loss
2025-04-10T01:28:25,409.57726263031213,25.280255458978115,1.6310863550329648,55.291970143674746,0.012343382787800524,MQTT,STABLE_NETWORK,Stable network with low latency and packet loss
2025-04-10T06:31:08,1076.8327849151467,14.542229030980193,2.525206806678761,87.82776743490626,0.014490188774865744,MQTT,STABLE_NETWORK,Stable network with low latency and packet loss
2025-04-10T12:51:55,260.6927141335071,21.745988837065717,3.006780753797218,81.95080158901283,0.007148989566703996,CoAP,STABLE_NETWORK,Stable network with low latency and packet loss
2025-04-10T01:07:48,453.9985866070034,17.864474300758996,1.9909925980969831,72.93478419869817,0.0037486290135522495,HTTPS,STABLE_NETWORK,Stable network with low latency and packet loss
2025-04-10T13:55:01,70.58489643288105,16.476059247647253,2.192446879860624,85.53215576742691,0.010931715373279303,MQTT,STABLE_NETWORK,Stable network with low latency and packet loss
2025-04-10T19:00:48,2496.2902601467335,26.48276377020171,1.8566617611562737,77.62255967947284,0.01669320701694617,MQTT,STABLE_NETWORK,Stable network with low latency and packet loss
2025-04-10T17:39:24,103.34882042099382,14.97896114375311,0.8446469395519782,70.67623028439861,0.015311448333751098,MQTT,STABLE_NETWORK,Stable network with low latency and packet loss
2025-04-10T04:13:37,1063.8984789257918,13.406535110300648,3.149651885105462,72.36104760976977,0.01533595057718087,MQTT,STABLE_NETWORK,Stable network with low latency and packet loss
2025-04-10T11:51:04,350.96283497980085,13.479444826419803,3.2485157361756514,74.14894049845384,0.006632256598761025,CoAP,STABLE_NETWORK,Stable network with low latency and packet loss
2025-04-10T20:35:32,359.00438320969755,16.713018633312625,0.7070866555970006,76.07616596193648,0.011075775621248674,MQTT,STABLE_NETWORK,Stable network with low latency and packet loss
2025-04-10T08:39:31,83.351478053429,18.62887580939092,1.7978323557670797,102.16664145056737,0.00942539444789914,HTTPS,STABLE_NETWORK,Stable network with low latency and packet loss
2025-04-10T09:48:31,543.1806828991178,11.251043455049928,2.2509490688788087,81.86662309208772,0.01604445354214684,MQTT,STABLE_NETWORK,Stable network with low latency and packet loss
2025-04-10T16:32:31,257.90375951079835,16.326452555769322,3.9365909560285903,98.9858279496426,0.002780539545215576,CoAP,STABLE_NETWORK,Stable network with low latency and packet loss
2025-04-10T07:19:28,545.2630054973881,11.931822796944193,3.0154874279843455,79.20793255172488,0.017123559773904354,MQTT,STABLE_NETWORK,Stable network with low latency and packet loss
2025-04-10T16:29:16,311.46646495622343,16.938382782213946,2.9534823715593146,61.43558040248978,0.011202611679762263,MQTT,STABLE_NETWORK,Stable network with low latency and packet loss
2025-04-10T17:54:53,323.3966521374913,14.386283301902765,2.0281114401010027,78.54315520084056,0.007863276202600973,CoAP,STABLE_NETWORK,Stable network with low latency and packet loss
2025-04-10T17:33:40,711.0878878606385,15.342588541549011,2.058937626089423,72.42974101798109,0.006374608294182701,MQTT,STABLE_NETWORK,Stable network with low latency and packet loss
2025-04-10T03:22:52,943.8681228192879,10.368093611688723,4.019663750950977,86.30269295348371,0.01980940626757778,LoRaWAN,STABLE_NETWORK,Stable network with low latency and packet loss
2025-04-10T08:00:35,484.5467866410416,16.14926272629904,3.158900069205247,78.1483159886519,0.006802966251218767,CoAP,STABLE_NETWORK,Stable network with low latency and packet loss
2025-04-10T11:52:10,21.95353492181752,19.284815057765574,2.550731641724693,77.89560385954407,0.015356366898012438,MQTT,STABLE_NETWORK,Stable network with low latency and packet loss
2025-04-10T04:04:59,188.9143858436855,20.0576173009851,3.021595431134582,58.56020835705673,0.00116336197784217,CoAP,STABLE_NETWORK,Stable network with low latency and packet loss
2025-04-10T11:50:24,388.330832856333,14.82652485961393,0.8167946386763483,91.27420762056784,0.01009434728306073,MQTT,STABLE_NETWORK,Stable network with low latency and packet loss
2025-04-10T06:22:44,889.6657903434818,12.193211150396284,0.4060357945363833,78.58787739246253,0.012174097478419436,MQTT,STABLE_NETWORK,Stable network with low latency and packet loss
2025-04-10T20:50:50,754.2673424302658,14.53417240589203,2.116471440878328,83.31858238695699,0.010106896359797321,CoAP,STABLE_NETWORK,Stable network with low latency and packet loss
2025-04-10T11:27:45,486.5747932396172,20.360298630691723,2.920762253164323,80.62447346893757,0.010994459419919583,MQTT,STABLE_NETWORK,Stable network with low latency and packet loss
2025-04-10T19:01:40,1173.5764647798985,16.918851766762323,0.9907399366427814,42.715215507609486,0.0024353133314530184,MQTT,STABLE_NETWORK,Stable network with low latency and packet loss
2025-04-10T14:01:07,376.46991048712084,18.24951900987808,0.8627229997789254,58.57460751335127,0.009895999618838174,MQTT,STABLE_NETWORK,Stable network with low latency and packet loss
2025-04-10T03:12:13,432.4514279505503,8.403091998381438,0.05038581188448532,66.92357726748361,0.0038659781420472116,MQTT,STABLE_NETWORK,Stable network with low latency and packet loss
2025-04-10T05:27:53,133.1622884422615,20.32341161984758,2.7454380734230828,83.97968366121606,0.009837387760685604,MQTT,STABLE_NETWORK,Stable network with low latency and packet loss
2025-04-10T02:11:43,677.7016167723261,3.135292499391098,1.0390988825745486,76.95644006738183,0.003255227095717397,CoAP,STABLE_NETWORK,Stable network with low latency and packet loss
2025-04-10T09:42:13,355.92244586583854,16.208671383144143,2.124758828384436,74.75602952373626,0.011684620305326009,MQTT,STABLE_NETWORK,Stable network with low latency and packet loss
2025-04-10T18:51:48,87.53336015743585,20.961138307351327,2.1779512759869255,53.31176759994035,0.01601726443638701,MQTT,STABLE_NETWORK,Stable network with low latency and packet loss
2025-04-10T06:44:23,139.8268342212203,16.164695477831643,2.819048014759623,85.06583471280379,0.009490030656700267,CoAP,STABLE_NETWORK,Stable network with low latency and packet loss
2025-04-10T09:26:32,56.84588226378432,21.151229786166624,1.360640599096497,80.58244044143329,0.005527206058304474,HTTPS,STABLE_NETWORK,Stable network with low latency and packet loss
2025-04-10T06:48:23,60.93931573577786,18.770133196194717,2.1173773474382562,77.21068881235955,0.012562938397152551,MQTT,STABLE_NETWORK,Stable network with low latency and packet loss
2025-04-10T11:02:48,603.774306869685,11.893447071222472,1.9568366932872854,82.6605927945235,0.02227488720917375,MQTT,STABLE_NETWORK,Stable network with low latency and packet loss
2025-04-10T01:47:11,336.7021092276069,15.744922384686614,1.2242152007356149,87.5601971512898,0.013806015653423463,MQTT,STABLE_NETWORK,Stable network with low latency and packet loss
2025-04-10T23:42:14,253.47335238921661,26.37618718944976,0.3710962282443957,87.86628778206381,0.012883766189918931,MQTT,STABLE_NETWORK,Stable network with low latency and packet loss
2025-04-10T23:47:12,233.40471958650411,26.706857115562464,2.976303289143616,64.15847838293271,0.012397381637498622,MQTT,STABLE_NETWORK,Stable network with low latency and packet loss
2025-04-10T13:03:24,409.4025347066857,22.435754669730535,1.760709497886456,97.7845119633239,0.01297166727885874,MQTT,STABLE_NETWORK,Stable network with low latency and packet loss
2025-04-10T06:09:46,47.17920732519908,22.48250263382135,0.6329054774835947,83.01580582922412,0.010222868160044538,HTTPS,STABLE_NETWORK,Stable network with low latency and packet loss
2025-04-10T02:01:28,1113.7676277333637,25.42181328311327,1.9243288679376698,98.01626828189778,0.004475113127375894,HTTPS,STABLE_NETWORK,Stable network with low latency and packet loss
2025-04-10T14:07:01,468.6236789694016,17.124080052519925,2.2555918343448695,69.69043511635408,0.006549680288719079,MQTT,STABLE_NETWORK,Stable network with low latency and packet loss
2025-04-10T13:18:33,341.1330807864326,15.613155462690681,3.400973406486589,76.29314079868774,0.009864960323179055,CoAP,STABLE_NETWORK,Stable network with low latency and packet loss
2025-04-10T07:32:53,43.38990989660115,24.21786960017744,2.407109531293486,82.20217682377425,0.014611688170241438,MQTT,STABLE_NETWORK,Stable network with low latency and packet loss
2025-04-10T21:56:59,605.4019392397965,9.182153967294616,2.671425676117273,109.65374176440373,0.010164309873002835,LoRaWAN,STABLE_NETWORK,Stable network with low latency and packet loss
2025-04-10T06:07:54,150.26418701567417,14.922660564275743,2.352262972145499,98.71116098015914,0.012654977580911586,MQTT,STABLE_NETWORK,Stable network with low latency and packet loss
2025-04-10T14:33:51,330.6136132524324,17.496346449786614,1.370142386783026,98.61753968535416,0.021061094297915903,MQTT,STABLE_NETWORK,Stable network with low latency and packet loss
2025-04-10T14:53:56,139.27425311647508,19.02470430316341,2.054658230278625,79.03709070537492,0.010050457874145461,MQTT,STABLE_NETWORK,Stable network with low latency and packet loss
2025-04-10T07:03:46,1916.8706835153112,16.786342992902085,1.3538665836662909,86.7091986919633,0.013841674450848964,MQTT,STABLE_NETWORK,Stable network with low latency and packet loss
2025-04-10T20:19:17,1508.204516090582,13.334272577154888,0.9087694231936982,94.23328658279983,0.013597193439345219,MQTT,STABLE_NETWORK,Stable network with low latency and packet loss
2025-04-10T05:12:06,275.97746716137743,13.20257823695367,1.8012053264186214,69.87463563678162,0.007773276710961502,MQTT,STABLE_NETWORK,Stable network with low latency and packet loss
2025-04-10T20:03:24,155.9755897907044,22.16487737183123,0.5443329843187248,71.14566391163379,0.00036945773200047945,HTTPS,STABLE_NETWORK,Stable network with low latency and packet loss
2025-04-10T03:12:34,4121.88580931623,8.306795772256553,3.8192123283547454,86.35588066768636,0.010133115764214672,CoAP,STABLE_NETWORK,Stable network with low latency and packet loss
2025-04-10T17:50:14,2324.8204650150383,19.838870024808912,2.950979701216852,74.7110883410906,0.010276284226176633,CoAP,STABLE_NETWORK,Stable network with low latency and packet loss
2025-04-10T17:27:10,591.5402105518598,14.539743859013926,2.1399789877048976,93.76892357744285,0.015688917132726115,MQTT,STABLE_NETWORK,Stable network with low latency and packet loss
2025-04-10T06:20:21,65.48557079546866,21.52400647588357,2.2162125025701966,84.70037065485832,0.004566383296535814,HTTPS,STABLE_NETWORK,Stable network with low latency and packet loss
2025-04-10T22:06:19,394.4688183030504,15.414288402421022,0.9973470511987943,71.11279580015805,0.012133662869079626,MQTT,STABLE_NETWORK,Stable network with low latency and packet loss
2025-04-10T13:37:02,266.0700628062753,26.850399898872116,0.9708766882777167,73.4324835702574,0.007755371919276842,MQTT,STABLE_NETWORK,Stable network with low latency and packet loss
2025-04-10T04:45:27,53.90062903049242,28.094372562696012,2.6811425890163525,67.77579821541487,0.004394190160638038,HTTPS,STABLE_NETWORK,Stable network with low latency and packet loss
2025-04-10T11:24:18,3178.7917106073683,14.810623156493426,1.3935473324423988,70.00892867184831,0.006183932837903241,CoAP,STABLE_NETWORK,Stable network with low latency and packet loss
2025-04-10T21:02:25,382.62305368082116,12.414511031218796,2.7353944908788668,91.01848182497078,0.012184603492947043,LoRaWAN,STABLE_NETWORK,Stable network with low latency and packet loss
2025-04-10T13:00:20,2493.147719834368,18.475166199437922,1.0818061578139841,75.13079360965123,0.007807051349035658,HTTPS,STABLE_NETWORK,Stable network with low latency and packet loss
2025-04-10T01:03:12,262.1206342438146,17.50500958102048,1.2690564757077754,67.66632410458868,0.011297247227867646,MQTT,STABLE_NETWORK,Stable network with low latency and packet loss
2025-04-10T14:13:07,133.87650321950747,14.073674913190391,1.0716595643786204,82.99707906394687,0.005980995647715856,HTTPS,STABLE_NETWORK,Stable network with low latency and packet loss
2025-04-10T05:08:56,130.05137997200248,14.777232340241888,1.513624053967276,80.9154585989323,8.813620847227845e-05,HTTPS,STABLE_NETWORK,Stable network with low latency and packet loss
2025-04-10T03:46:29,352.3237100425713,14.131486329087988,1.3181204433019587,80.27881191968092,0.006971431693924883,HTTPS,STABLE_NETWORK,Stable network with low latency and packet loss
2025-04-10T13:11:07,495.1410346610923,25.671677345367033,1.72042973863295,96.73517062518656,0.019050200640855244,MQTT,STABLE_NETWORK,Stable network with low latency and packet loss
2025-04-10T03:41:33,206.88604937331587,16.498166303632935,2.3136842466954666,69.6102009641507,0.014086263029604439,MQTT,STABLE_NETWORK,Stable network with low latency and packet loss
2025-04-10T22:32:29,165.0227465979252,14.495376144641124,2.097623162993771,86.51010194949963,0.023550546906224747,MQTT,STABLE_NETWORK,Stable network with low latency and packet loss
2025-04-10T05:22:59,895.0988758966004,19.00610038829263,2.2601131850937537,65.8234171367109,0.006216349098380267,HTTPS,STABLE_NETWORK,Stable network with low latency and packet loss
2025-04-10T01:20:24,88.558199114845,23.638932433871066,2.6324609069125664,90.23143821999734,0.005841102075955665,HTTPS,STABLE_NETWORK,Stable network with low latency and packet loss
2025-04-10T02:57:14,490.79928640820805,25.671391540033927,2.111082678001862,80.78665111815245,0.018566229236690313,MQTT,STABLE_NETWORK,Stable network with low latency and packet loss
2025-04-10T08:47:03,592.0955552947289,12.697655492524849,1.7610238780298524,95.31314639684787,0.002263065783592687,HTTPS,STABLE_NETWORK,Stable network with low latency and packet loss
2025-04-10T20:45:20,255.18174996466436,20.273303034787848,2.1366600166135923,56.09533248438427,0.015383171400413512,MQTT,STABLE_NETWORK,Stable network with low latency and packet loss
2025-04-10T07:44:14,605.0754256859054,23.91530790728423,1.0805352475860222,45.68681145831111,0.010193062084320649,MQTT,STABLE_NETWORK,Stable network with low latency and packet loss
2025-04-10T07:20:06,469.97364526223225,17.72203257910343,1.3481094540951912,71.9831626789813,0.015913337273022344,MQTT,STABLE_NETWORK,Stable network with low latency and packet loss
2025-04-10T13:02:23,298.7313567334974,16.512082667741392,1.5796925425945747,88.17772014502465,0.004072311714082289,HTTPS,STABLE_NETWORK,Stable network with low latency and packet loss
2025-04-10T23:43:15,3299.0630756774203,16.283568668522456,1.743764522336022,81.17975203991645,0.010702195240244836,CoAP,STABLE_NETWORK,Stable network with low latency and packet loss
2025-04-10T04:11:50,99.7025013923301,18.774431568195492,1.620819828919859,67.4092623769728,0.017567878417355177,MQTT,STABLE_NETWORK,Stable network with low latency and packet loss
2025-04-10T22:35:40,518.8190082635709,18.608406135427646,1.5443746788340056,72.75768298777086,0.0005087630052441911,HTTPS,STABLE_NETWORK,Stable network with low latency and packet loss
2025-04-10T04:55:09,157.85488944583247,9.401167072963624,1.9887095998968836,108.31784339783073,0.008914690873709673,LoRaWAN,STABLE_NETWORK,Stable network with low latency and packet loss
2025-04-10T20:54:26,2018.4425778374432,15.03179798631107,0.4142047761219638,52.29801907343241,0.01554320323634627,MQTT,STABLE_NETWORK,Stable network with low latency and packet loss
2025-04-10T20:46:24,103.91451390214544,9.722479994397426,2.542911663508619,49.28000428484111,0.005278306367388228,MQTT,STABLE_NETWORK,Stable network with low latency and packet loss
2025-04-10T14:52:22,3322.8833099364665,26.25234364971521,1.9856138858778623,100.32037694822912,0.007067454839327869,CoAP,STABLE_NETWORK,Stable network with low latency and packet loss
2025-04-10T05:59:21,108.58608999591334,24.70244943537918,1.3649531543776314,85.33604786166468,0.002785679944001737,HTTPS,STABLE_NETWORK,Stable network with low latency and packet loss
2025-04-10T20:52:36,380.2561818100856,17.354032979997605,1.6344171898952529,126.43137658768933,0.014651394552140404,HTTPS,STABLE_NETWORK,Stable network with low latency and packet loss
2025-04-10T11:18:58,138.63828992775964,24.35164950588665,2.4061703726735377,93.3277153417137,0.013633932697595384,MQTT,STABLE_NETWORK,Stable network with low latency and packet loss
2025-04-10T13:30:16,678.8204219762451,12.751212302470929,3.2753730571907234,93.41973416628358,0.00928860828003812,LoRaWAN,STABLE_NETWORK,Stable network with low latency and packet loss
2025-04-10T18:40:18,493.3181212859498,16.09977243099978,3.2994627338718154,67.43804118584949,0.007013472466514222,CoAP,STABLE_NETWORK,Stable network with low latency and packet loss
2025-04-10T00:17:54,686.4610673301102,12.999906039123386,0.3458461119801317,71.30526333935796,0.011336425885133686,MQTT,STABLE_NETWORK,Stable network with low latency and packet loss
2025-04-10T17:34:43,1080.8990813039302,20.32117025306348,1.512125475666958,112.64893271091674,0.01655243523925686,HTTPS,STABLE_NETWORK,Stable network with low latency and packet loss
2025-04-10T01:32:37,4136.802019462154,15.820105053057055,2.5430899464292813,75.5943386387999,0.017300527782542468,LoRaWAN,STABLE_NETWORK,Stable network with low latency and packet loss
2025-04-10T03:08:47,595.5740940934736,22.86013336818242,3.1569774151986083,74.62493920954489,0.010126481222528062,CoAP,STABLE_NETWORK,Stable network with low latency and packet loss
2025-04-10T17:09:51,804.2286258734565,13.844337616937484,2.037089389987529,77.5427093734638,0.012760340295138048,MQTT,STABLE_NETWORK,Stable network with low latency and packet loss
2025-04-10T12:29:00,194.44443281814128,13.534244522209182,2.317235714476012,93.09002088171864,0.00846216136773103,CoAP,STABLE_NETWORK,Stable network with low latency and packet loss
2025-04-10T05:54:04,60.71581023961275,17.50928137241718,1.287987429372388,93.78786457002911,0.0030305729966539265,HTTPS,STABLE_NETWORK,Stable network with low latency and packet loss
2025-04-10T02:18:36,2770.68631927196,22.26518372929911,2.0245850430011108,65.77172930959671,0.014081551507274945,MQTT,STABLE_NETWORK,Stable network with low latency and packet loss
2025-04-10T00:24:51,74.01594243657216,19.90684373910048,3.1144503198068483,65.98575655570795,0.010166229807738727,MQTT,STABLE_NETWORK,Stable network with low latency and packet loss
2025-04-10T19:36:32,203.41218710880906,28.71440369030585,2.91633787090561,96.18030920900223,0.012979613070233976,MQTT,STABLE_NETWORK,Stable network with low latency and packet loss
2025-04-10T04:35:09,99.17019671833651,6.423715133320374,1.556019655297661,63.76673396562202,0.013968584976672208,MQTT,STABLE_NETWORK,Stable network with low latency and packet loss
2025-04-10T12:59:25,1666.118799397624,16.01767503367021,2.0707067204171095,67.17113884204217,0.010723685460197006,MQTT,STABLE_NETWORK,Stable network with low latency and packet loss
2025-04-10T10:04:44,290.19360784398657,12.457990397698978,2.3400602450744437,76.4094581695572,0.005170119438470558,CoAP,STABLE_NETWORK,Stable network with low latency and packet loss
2025-04-10T23:39:11,213.75006318157048,20.523338895375197,0.6057115992879301,78.27812111967765,0.007382313730317896,MQTT,STABLE_NETWORK,Stable network with low latency and packet loss
2025-04-10T04:40:02,124.33204868490567,5.560172942660156,2.323274362931309,83.82302593794157,0.010689885286781643,LoRaWAN,STABLE_NETWORK,Stable network with low latency and packet loss
2025-04-10T05:56:43,497.3405664559357,20.89714895187653,2.174771552204703,81.46023645456074,0.01625841051037494,MQTT,STABLE_NETWORK,Stable network with low latency and packet loss
2025-04-10T20:13:50,1507.4228606904553,19.177951072521875,2.506075259017134,93.32736512186625,0.003964479615481132,HTTPS,STABLE_NETWORK,Stable network with low latency and packet loss
2025-04-10T06:00:47,2557.067828179585,18.011410207876654,2.0514595736679397,101.2138870834823,0.007749640825363264,HTTPS,STABLE_NETWORK,Stable network with low latency and packet loss
2025-04-10T12:00:18,562.6905694656458,24.874013268126625,3.0333311496364526,80.69836778434339,0.007488157114294337,HTTPS,STABLE_NETWORK,Stable network with low latency and packet loss
2025-04-10T05:48:45,364.96454514555563,15.653770577548027,1.514901211996879,75.30988335379037,0.014579122348884706,MQTT,STABLE_NETWORK,Stable network with low latency and packet loss
2025-04-10T18:57:17,340.8291767143772,23.86834809613529,3.0621084206059006,73.74061640284279,0.017633175058330418,MQTT,STABLE_NETWORK,Stable network with low latency and packet loss
2025-04-10T06:35:16,1840.6423941686787,22.584406239915083,2.412882763457889,93.82324946969706,0.012154139328633061,CoAP,STABLE_NETWORK,Stable network with low latency and packet loss
2025-04-10T13:21:01,184.0505232245729,15.421803600805353,2.2236091767600694,41.12771235739311,0.012312373935300899,MQTT,STABLE_NETWORK,Stable network with low latency and packet loss
2025-04-10T03:58:28,907.7874249462944,18.97860305906203,2.2155970956518605,64.66491912945335,0.008750218935815278,MQTT,STABLE_NETWORK,Stable network with low latency and packet loss
2025-04-10T17:17:35,711.9819202479034,9.807953734298998,1.4552100069875378,89.24900156705911,0.006369181248246375,CoAP,STABLE_NETWORK,Stable network with low latency and packet loss
2025-04-10T12:31:27,1120.9250580728772,18.648080375041523,1.9534026307774992,79.26787128298224,0.014283267632742323,MQTT,STABLE_NETWORK,Stable network with low latency and packet loss
2025-04-10T08:57:22,691.0616393364633,21.203253209827356,1.8357312926531955,92.11796403591379,0.013602021945561479,MQTT,STABLE_NETWORK,Stable network with low latency and packet loss
2025-04-10T19:48:07,698.5124727073834,18.788450723642327,1.7748036659918711,89.82161230058372,0.011272169077589165,HTTPS,STABLE_NETWORK,Stable network with low latency and packet loss
2025-04-10T19:01:29,4780.831543149967,12.550262808058914,0.10328580678244226,68.91044805335035,0.0015051818012268865,CoAP,STABLE_NETWORK,Stable network with low latency and packet loss
2025-04-10T03:52:53,1201.9281496155565,19.57222528646127,2.338604062223726,80.19669664090081,0.004804885055323801,HTTPS,STABLE_NETWORK,Stable network with low latency and packet loss
2025-04-10T21:23:39,671.7786010588572,20.342747391423806,2.430515215303563,76.34493021969143,0.007070410803373484,HTTPS,STABLE_NETWORK,Stable network with low latency and packet loss
2025-04-10T10:26:13,168.67676751739344,14.853753783247212,2.3330537424448625,73.2383497034323,0.015996051332249215,MQTT,STABLE_NETWORK,Stable network with low latency and packet loss
2025-04-10T14:44:11,244.39934447285222,17.65197504185646,2.111180206507435,69.01419749250252,0.014853316668362294,MQTT,STABLE_NETWORK,Stable network with low latency and packet loss
2025-04-10T08:07:21,2117.4492791051666,22.280489455290073,3.2093559326448533,79.0572456335387,0.013914533086689804,CoAP,STABLE_NETWORK,Stable network with low latency and packet loss
2025-04-10T11:40:33,108.01698035687156,23.906757504786086,3.5245285605478456,88.69522428797112,0.010819889655165416,CoAP,STABLE_NETWORK,Stable network with low latency and packet loss
2025-04-10T19:32:32,51.32045773259,18.43894869996969,2.786836913826794,72.03298243841502,0.01219275211495698,MQTT,STABLE_NETWORK,Stable network with low latency and packet loss
2025-04-10T01:56:16,52.033046242633134,6.617289566855617,2.309408305121061,87.90881647922045,0.008571630680406148,LoRaWAN,STABLE_NETWORK,Stable network with low latency and packet loss
2025-04-10T22:48:01,55.460871102275625,23.473565200266407,1.7585731143467558,73.21971187990162,0.01647327194251983,MQTT,STABLE_NETWORK,Stable network with low latency and packet loss
2025-04-10T03:26:04,295.03364919888713,15.73916157920801,1.289130709399695,51.9862151474667,0.009891297170607391,MQTT,STABLE_NETWORK,Stable network with low latency and packet loss
2025-04-10T09:17:33,298.58650682085596,11.078604149646015,3.793899329496906,85.84712910637934,0.005626461022566619,LoRaWAN,STABLE_NETWORK,Stable network with low latency and packet loss
2025-04-10T09:38:03,989.160688139889,17.792691473134102,2.212051055360396,78.25297114476986,0.009375183233007555,CoAP,STABLE_NETWORK,Stable network with low latency and packet loss
2025-04-10T00:21:09,92.20694072081565,25.995740612044596,1.884216903191306,57.49138338479751,0.0035050794910118565,MQTT,STABLE_NETWORK,Stable network with low latency and packet loss
2025-04-10T01:18:31,2716.6222984917476,28.097070569264293,3.1606982973795876,72.10194311151587,0.002945157469720127,HTTPS,STABLE_NETWORK,Stable network with low latency and packet loss
2025-04-10T01:00:26,287.7286252122689,21.105969834573155,2.338657085540608,76.54459349092025,0.012526290419699528,MQTT,STABLE_NETWORK,Stable network with low latency and packet loss
2025-04-10T16:13:51,61.61142021852232,19.96002420424614,2.2895859225604362,76.25637583366075,0.009308223226274722,MQTT,STABLE_NETWORK,Stable network with low latency and packet loss
2025-04-10T12:45:59,90.41810801248381,7.662399832006864,1.5383376614688518,52.56522363302038,0.011588428755558145,MQTT,STABLE_NETWORK,Stable network with low latency and packet loss
2025-04-10T22:53:47,235.8500065374371,14.681584053427049,0.5453692931417646,94.24784487691312,0.008165218801633952,HTTPS,STABLE_NETWORK,Stable network with low latency and packet loss
2025-04-10T09:17:17,105.73993218964699,19.978368346095124,2.6071315975562794,73.49134672160082,0.001306684481049836,HTTPS,STABLE_NETWORK,Stable network with low latency and packet loss
2025-04-10T18:07:34,218.55562730413072,22.699429452294908,1.8879307165459294,85.15451792951674,0.01401662363379344,MQTT,STABLE_NETWORK,Stable network with low latency and packet loss
2025-04-10T03:01:13,525.3804308662155,19.146276504556795,1.5880916705899901,80.9854186396928,0.0059394262854512835,HTTPS,STABLE_NETWORK,Stable network with low latency and packet loss
2025-04-10T22:47:07,148.4252098170169,19.168771995965823,3.068070022202881,52.4973317486786,0.007516442468086019,MQTT,STABLE_NETWORK,Stable network with low latency and packet loss
2025-04-10T20:13:36,244.7569332615587,28.36850130272739,1.8370764635211927,81.02903347052592,0.0072883815569038755,HTTPS,STABLE_NETWORK,Stable network with low latency and packet loss
2025-04-10T07:12:45,321.81746986648574,10.758268741536153,1.8927307465863232,92.59962360551526,0.011896339269317838,LoRaWAN,STABLE_NETWORK,Stable network with low latency and packet loss
2025-04-10T12:48:13,138.33277426796937,19.563692386023252,2.3537308965535337,78.51236236673208,0.01148152805525809,MQTT,STABLE_NETWORK,Stable network with low latency and packet loss
2025-04-10T00:26:10,93.9356544314655,22.440853278794478,1.5490305537568623,99.09928877313529,0.008409234121673995,HTTPS,STABLE_NETWORK,Stable network with low latency and packet loss
2025-04-10T02:25:23,705.0555706631536,19.35280243417437,1.1508252088564261,96.6957310935397,0.018713583613469243,MQTT,STABLE_NETWORK,Stable network with low latency and packet loss
2025-04-10T22:46:12,286.4736297145659,16.854122305357798,1.6582588349699616,73.92798282090152,0.008449674732999367,MQTT,STABLE_NETWORK,Stable network with low latency and packet loss
2025-04-10T05:19:57,679.8042072641219,8.968903710433391,2.7118253086080513,82.18751455613007,0.007672439869215117,CoAP,STABLE_NETWORK,Stable network with low latency and packet loss
2025-04-10T09:05:24,514.2265726242856,18.36292134588689,1.0176077811558657,51.39528150563166,0.006766603682327555,MQTT,STABLE_NETWORK,Stable network with low latency and packet loss
2025-04-10T05:28:07,150.01975682421045,24.075637557392874,0.7004398829342049,104.24862097242507,0.016734194595847438,MQTT,STABLE_NETWORK,Stable network with low latency and packet loss
2025-04-10T16:30:53,1350.1433358046813,13.010653076929731,2.3733163768426015,71.10273535358425,0.016014803287810478,MQTT,STABLE_NETWORK,Stable network with low latency and packet loss
2025-04-10T15:40:36,110.77717535749233,22.168908872125545,1.8500474404660903,72.78885971039429,0.009598715544004788,HTTPS,STABLE_NETWORK,Stable network with low latency and packet loss
2025-04-10T22:27:58,61.568602280046555,25.543869148102498,2.3935372289509256,57.56756515366909,0.008607272204423458,MQTT,STABLE_NETWORK,Stable network with low latency and packet loss
2025-04-10T06:09:22,466.1192530472137,21.82307248329,0.32003655559368793,76.60366951618028,0.01093378821237902,MQTT,STABLE_NETWORK,Stable network with low latency and packet loss
2025-04-10T07:54:06,68.90254344365773,20.582097203170388,2.1950866795488047,100.83780791164614,0.008026758500700809,HTTPS,STABLE_NETWORK,Stable network with low latency and packet loss
2025-04-10T20:33:06,274.0048153467,22.09348306706692,1.030384333988645,71.46930374210434,0.015361266765069884,MQTT,STABLE_NETWORK,Stable network with low latency and packet loss
2025-04-10T00:13:07,29.039587068977948,17.56421176109688,1.3901555535408723,90.05767625778014,0.01010435729073197,HTTPS,STABLE_NETWORK,Stable network with low latency and packet loss
2025-04-10T06:41:28,65.55125087803702,17.568931582066476,1.1815290992666032,101.9796471794595,0.00911452052571556,HTTPS,STABLE_NETWORK,Stable network with low latency and packet loss
2025-04-10T23:16:28,451.44216845767664,16.792251789400115,2.7507216572417814,72.81720170340225,0.00784360695787334,CoAP,STABLE_NETWORK,Stable network with low latency and packet loss
2025-04-10T07:40:28,1143.716644830415,21.52809082099918,2.9268945038521657,68.2502779845293,0.018673867928127277,MQTT,STABLE_NETWORK,Stable network with low latency and packet loss
2025-04-10T22:54:08,709.1815264891266,22.084026239816296,2.54156497524498,78.34021617197843,0.009270903459903945,HTTPS,STABLE_NETWORK,Stable network with low latency and packet loss
2025-04-10T08:27:15,699.0740809776478,15.512278501264625,4.128393405675083,99.98749757417644,0.005769475438161879,LoRaWAN,STABLE_NETWORK,Stable network with low latency and packet loss
2025-04-10T22:15:25,603.2950280469763,10.609325468132276,1.988636073978362,97.77708504707482,0.009289711745042077,CoAP,STABLE_NETWORK,Stable network with low latency and packet loss
2025-04-10T04:19:47,152.70677812018343,20.96121603595579,1.9911952399202932,78.26063065421333,0.013933997243906471,MQTT,STABLE_NETWORK,Stable network with low latency and packet loss
2025-04-10T21:13:19,369.3615807642074,20.191023101946385,1.5069901867818376,67.45411990361873,0.008032467189124218,MQTT,STABLE_NETWORK,Stable network with low latency and packet loss
2025-04-10T07:46:52,330.5596127896044,18.64372480197345,1.4780299138323496,71.41058345564926,0.009359237198939217,MQTT,STABLE_NETWORK,Stable network with low latency and packet loss
2025-04-10T16:21:13,538.0949916459385,7.754010518106793,1.3522695932135793,91.77330324599467,0.00954668296802418,LoRaWAN,STABLE_NETWORK,Stable network with low latency and packet loss
2025-04-10T13:11:12,397.3562655670446,25.63438452858906,2.8934304804159643,81.39526004084993,0.011464167751378748,HTTPS,STABLE_NETWORK,Stable network with low latency and packet loss
2025-04-10T06:07:00,382.8981758442133,22.4846562881369,1.2182122819640175,73.6231727316988,0.008707554038772757,HTTPS,STABLE_NETWORK,Stable network with low latency and packet loss
2025-04-10T04:33:43,258.210053071849,23.851664562950234,1.2230783292075418,79.93186291439129,0.0017000626574192254,HTTPS,STABLE_NETWORK,Stable network with low latency and packet loss
2025-04-10T23:41:19,1516.0740331811492,19.770307823071313,3.012364359485762,63.4481002365567,0.012873302795301106,MQTT,STABLE_NETWORK,Stable network with low latency and packet loss
2025-04-10T00:44:19,305.18626249128,20.297136473605725,1.053209167077367,75.56683145688727,0.009094091809993796,MQTT,STABLE_NETWORK,Stable network with low latency and packet loss
2025-04-10T14:26:20,408.80992724222386,17.26989022675071,2.5994884894900094,100.33798700260088,0.007121284583627953,HTTPS,STABLE_NETWORK,Stable network with low latency and packet loss
2025-04-10T06:46:26,3535.2169086481767,11.245602816405828,1.9924526769343966,51.690115188737906,0.019903612019755983,MQTT,STABLE_NETWORK,Stable network with low latency and packet loss
2025-04-10T23:37:36,864.9367905660949,29.531029031748684,2.009188227713774,88.70618441969347,0.008854982861171794,HTTPS,STABLE_NETWORK,Stable network with low latency and packet loss
2025-04-10T04:22:41,282.0439337877361,22.541091199736037,2.2479361808162954,88.99321551611014,0.00300103714933785,HTTPS,STABLE_NETWORK,Stable network with low latency and packet loss
2025-04-10T10:05:44,60.92017621367697,9.785314624201915,2.8753066446260718,82.13296074698988,0.010626283775127712,LoRaWAN,STABLE_NETWORK,Stable network with low latency and packet loss
2025-04-10T16:39:55,3122.3796727433164,25.10562061936971,2.7815941786888096,81.84138795742041,0.0006233751243118757,HTTPS,STABLE_NETWORK,Stable network with low latency and packet loss
2025-04-10T14:33:59,755.7021393052877,23.530420076518855,2.8940856615221167,77.3347423870342,0.008711504522011661,HTTPS,STABLE_NETWORK,Stable network with low latency and packet loss
2025-04-10T17:09:21,491.93684160226843,20.95509469919613,2.4532919142099536,71.39158607903185,0.003408429682880771,HTTPS,STABLE_NETWORK,Stable network with low latency and packet loss
2025-04-10T23:45:39,393.13138200295714,19.466885620744442,1.4298694463967836,63.85624118305765,0.004430757457586756,MQTT,STABLE_NETWORK,Stable network with low latency and packet loss
2025-04-10T22:29:56,384.8286620733619,24.17578166126705,2.4445682005403166,79.30808354233788,0.008940210711177836,HTTPS,STABLE_NETWORK,Stable network with low latency and packet loss
2025-04-10T07:06:09,383.80334239184646,18.973056495098426,1.8938180152996578,60.419903444564376,0.023473762388173062,MQTT,STABLE_NETWORK,Stable network with low latency and packet loss
2025-04-10T00:51:33,65.34027907895108,12.206726719447666,1.749069804901947,64.41695722852704,0.0025295088151394973,HTTPS,STABLE_NETWORK,Stable network with low latency and packet loss
2025-04-10T18:39:37,35.93816059125237,17.46346650206893,2.366163938324556,80.1057465454549,0.015302681355952346,MQTT,STABLE_NETWORK,Stable network with low latency and packet loss
2025-04-10T01:28:46,341.6300672275609,12.128095985781275,2.7484487499769426,82.2209045043078,0.008607324608460726,CoAP,STABLE_NETWORK,Stable network with low latency and packet loss
2025-04-10T10:13:39,53.55135760105556,23.24398433782689,0.732351612182792,127.71012208063053,0.012339143551439648,HTTPS,STABLE_NETWORK,Stable network with low latency and packet loss
2025-04-10T04:01:08,9817.92274085076,23.277392770126664,2.035721964760048,77.46768864369088,0.008186637894476101,CoAP,STABLE_NETWORK,Stable network with low latency and packet loss
2025-04-10T03:16:16,581.9686122829229,16.473743423607768,3.808602242918232,53.48406483826142,0.011205855739199194,MQTT,STABLE_NETWORK,Stable network with low latency and packet loss
2025-04-10T19:57:10,687.0236913501594,22.85075831099955,2.247122640348273,69.70582617487167,0.006367164509513237,HTTPS,STABLE_NETWORK,Stable network with low latency and packet loss
2025-04-10T11:09:28,216.05597563697793,20.84921552886421,1.907142611816839,78.12756459587901,0.0007164651691248906,HTTPS,STABLE_NETWORK,Stable network with low latency and packet loss
2025-04-10T15:35:43,1871.8811964729998,21.141741635312393,2.3037125623192143,65.02313480970034,0.0010303686028101371,CoAP,STABLE_NETWORK,Stable network with low latency and packet loss
2025-04-10T15:17:18,269.30814410528274,28.012062920662526,0.5326662879762076,73.31244885902943,0.006393161459624222,MQTT,STABLE_NETWORK,Stable network with low latency and packet loss
2025-04-10T07:06:42,1200.7321201623017,16.591695233321566,1.9943729103627497,71.94579266562994,0.0039885153113542295,CoAP,STABLE_NETWORK,Stable network with low latency and packet loss
2025-04-10T09:29:31,184.39488630522902,18.507224419019202,1.9842716768327902,92.48907061692822,0.013520285375078817,MQTT,STABLE_NETWORK,Stable network with low latency and packet loss
2025-04-10T13:33:00,1735.6485228573292,16.233600111618426,3.0878292345491465,85.20653720313233,0.008202926345757163,CoAP,STABLE_NETWORK,Stable network with low latency and packet loss
2025-04-10T07:38:37,98.08735448468232,26.933729782548674,1.9590891272919178,69.05412100729613,0.011294912549529012,MQTT,STABLE_NETWORK,Stable network with low latency and packet loss
2025-04-10T17:06:37,457.41328177985395,16.025684771950687,2.26666035907252,58.06512334149308,0.01039500625531661,MQTT,STABLE_NETWORK,Stable network with low latency and packet loss
2025-04-10T07:27:59,676.2927144716125,16.651935010210934,1.4440222661502298,83.66577200628011,0.00673058502677446,HTTPS,STABLE_NETWORK,Stable network with low latency and packet loss
2025-04-10T16:25:39,937.6019901412299,15.37723999626493,1.191228046661944,75.329647229047,0.007310412892523079,HTTPS,STABLE_NETWORK,Stable network with low latency and packet loss
2025-04-10T12:18:28,370.75792405848557,18.403691381778597,1.150922815439062,76.06971339644247,0.004719986426843058,HTTPS,STABLE_NETWORK,Stable network with low latency and packet loss
2025-04-10T14:40:18,130.2415614387302,20.56975498421486,2.7851263247175817,99.79458734602369,0.007475313624992725,HTTPS,STABLE_NETWORK,Stable network with low latency and packet loss
2025-04-10T12:48:03,57.51872314578431,14.26390545510829,0.333085904735672,79.10295881565402,0.00019359473771213276,HTTPS,STABLE_NETWORK,Stable network with low latency and packet loss
2025-04-10T06:34:21,449.4586236863281,16.423753001952143,1.7056415764683979,61.06622289953628,0.013694309038276332,MQTT,STABLE_NETWORK,Stable network with low latency and packet loss
2025-04-10T09:16:47,209.83957434848529,24.022962543497773,1.5707914024003693,78.57397088095274,0.010359865304708374,MQTT,STABLE_NETWORK,Stable network with low latency and packet loss
2025-04-10T00:42:10,573.5561092105582,9.541552278990961,1.218696343859289,69.95787186691337,0.0033909101136735884,HTTPS,STABLE_NETWORK,Stable network with low latency and packet loss
2025-04-10T08:51:01,263.8046770391989,23.97197349141386,0.9048466492499021,97.14944827215429,0.01834765183010282,MQTT,STABLE_NETWORK,Stable network with low latency and packet loss
2025-04-10T11:58:59,417.4936992225753,19.411858341629138,2.408150494598101,87.23619599232657,0.014711878146773162,MQTT,STABLE_NETWORK,Stable network with low latency and packet loss
2025-04-10T17:48:27,221.57195926327012,14.751692523061818,0.8055369310543667,97.50774755196328,0.010675784276633656,HTTPS,STABLE_NETWORK,Stable network with low latency and packet loss
2025-04-10T06:00:14,140.29180590029722,23.12183911496141,1.6724578269298864,86.59670529675307,0.012243472779746464,MQTT,STABLE_NETWORK,Stable network with low latency and packet loss
2025-04-10T20:04:00,196.0399901575894,15.295033799496963,1.903495934086771,81.90430079829214,0.021081270181230554,MQTT,STABLE_NETWORK,Stable network with low latency and packet loss
2025-04-10T07:16:29,180.80226952460325,10.933716530523137,3.0251673382873046,58.95556350843388,0.01571152264697343,MQTT,STABLE_NETWORK,Stable network with low latency and packet loss
2025-04-10T17:56:14,366.5554813855077,12.62728068256046,1.7370977879779435,68.5088682887192,0.01217114741653035,MQTT,STABLE_NETWORK,Stable network with low latency and packet loss
2025-04-10T05:09:33,99.59364167582876,15.53987011197595,1.109690179841321,54.8657524479266,0.009725274575879227,MQTT,STABLE_NETWORK,Stable network with low latency and packet loss
2025-04-10T10:32:58,619.0777952501593,18.532325386166658,2.7094089669128216,80.35041419158095,0.005461111389647876,CoAP,STABLE_NETWORK,Stable network with low latency and packet loss
2025-04-10T08:18:22,1814.7643749218478,15.670063691062419,2.9370977910188425,57.58963494298203,0.01180207731120138,MQTT,STABLE_NETWORK,Stable network with low latency and packet loss
2025-04-10T07:21:07,160.35204003994224,22.817494289384392,2.1250776829332336,77.47856572251189,0.012459946171756128,MQTT,STABLE_NETWORK,Stable network with low latency and packet loss
2025-04-10T19:45:58,79.31726080119824,29.420266560277124,3.663985804460795,72.07161000838897,0.014734534075832424,MQTT,STABLE_NETWORK,Stable network with low latency and packet loss
2025-04-10T06:15:12,1374.7008151238458,18.884363641745722,1.814879333385398,97.58685380148981,0.004154685558066601,HTTPS,STABLE_NETWORK,Stable network with low latency and packet loss
2025-04-10T09:42:26,65.99066674400896,22.579977419663894,2.172069782165424,100.32659253807351,0.004729986757394786,HTTPS,STABLE_NETWORK,Stable network with low latency and packet loss
2025-04-10T18:53:08,1833.305456405722,22.526941083986138,1.8326144962300466,95.27539308900879,0.0037766045781672574,HTTPS,STABLE_NETWORK,Stable network with low latency and packet loss
2025-04-10T18:06:16,215.6403774292057,20.772168899585786,2.2726689813542227,85.48341301707575,0.013867247535158122,MQTT,STABLE_NETWORK,Stable network with low latency and packet loss
2025-04-10T23:34:22,1629.0611447078015,22.07910750201884,2.080233081521609,97.2998882459188,0.007897894945421018,HTTPS,STABLE_NETWORK,Stable network with low latency and packet loss
2025-04-10T19:01:48,83.75881135441318,13.30036486190213,3.4768268926030483,82.24487688420145,0.012745239047956361,LoRaWAN,STABLE_NETWORK,Stable network with low latency and packet loss
2025-04-10T08:07:58,187.49578516370033,29.534200371355404,1.7617449750588312,88.48998826686633,0.0135165858648436,MQTT,STABLE_NETWORK,Stable network with low latency and packet loss
2025-04-10T06:26:18,122.89042020079474,26.307638806103427,3.14873680322388,80.12152944958308,0.009032063513234642,HTTPS,STABLE_NETWORK,Stable network with low latency and packet loss
2025-04-10T07:09:25,686.0891662489394,17.575482210923795,2.9033156348694336,93.47782206139372,0.00840519760280767,CoAP,STABLE_NETWORK,Stable network with low latency and packet loss
2025-04-10T21:07:41,65.74999082751802,24.251711747839558,2.1435818308727166,95.81401507146423,0.006462052544720381,HTTPS,STABLE_NETWORK,Stable network with low latency and packet loss
2025-04-10T05:13:21,203.7206011375589,29.35876604923115,1.5802092609225937,74.65005099219104,0.00863538610053605,MQTT,STABLE_NETWORK,Stable network with low latency and packet loss
2025-04-10T19:16:31,184.18137118050876,19.953542672445774,1.8311467303842384,93.40983694685407,0.014105223623847304,MQTT,STABLE_NETWORK,Stable network with low latency and packet loss
2025-04-10T07:35:39,1852.7327872833569,9.410926581381132,2.5234714255655883,92.5334001691152,0.013904733220543277,LoRaWAN,STABLE_NETWORK,Stable network with low latency and packet loss
2025-04-10T11:42:22,2415.3823038464293,19.581843583303424,2.7981889100656434,89.00374329450598,0.007763934320206223,CoAP,STABLE_NETWORK,Stable network with low latency and packet loss
2025-04-10T01:20:59,243.6870917832094,13.265739846609367,2.6757920490265295,72.01844670270349,0.0024620279465523386,CoAP,STABLE_NETWORK,Stable network with low latency and packet loss
2025-04-10T12:18:05,207.73122791307057,19.871083407880278,1.1744633208118225,96.56124659352545,0.01776928205968017,HTTPS,STABLE_NETWORK,Stable network with low latency and packet loss
2025-04-10T14:28:57,85.81736877183432,17.00093737652383,2.9840316297014944,99.96339173183604,0.0060059550879029535,CoAP,STABLE_NETWORK,Stable network with low latency and packet loss
2025-04-10T09:55:41,200.1446797457722,19.276539462679374,1.7309452086667865,128.48436128886576,0.012595720249656526,HTTPS,STABLE_NETWORK,Stable network with low latency and packet loss
2025-04-10T10:05:54,1163.6472750859723,20.379435010951465,0.3796165305801864,78.78773689248578,0.014424400255724099,MQTT,STABLE_NETWORK,Stable network with low latency and packet loss
2025-04-10T05:13:22,1253.523521123721,15.745814968993342,2.253256666230863,79.36392593767671,0.014337221419909587,MQTT,STABLE_NETWORK,Stable network with low latency and packet loss
2025-04-10T13:26:27,148.3827509626799,20.85288379577348,1.2621417292194543,42.01019052502375,0.007219398460072058,MQTT,STABLE_NETWORK,Stable network with low latency and packet loss
2025-04-10T05:48:29,124.56513327354412,22.392058355044423,2.2479662096505275,69.56541358895286,0.010913156754486526,MQTT,STABLE_NETWORK,Stable network with low latency and packet loss
2025-04-10T13:01:35,66.91407291744211,12.481162383406787,1.3759040790412551,80.4450966190039,0.007488880710226034,HTTPS,STABLE_NETWORK,Stable network with low latency and packet loss
2025-04-10T17:41:03,3169.828158223845,16.08198190787673,2.8805002273310145,79.81706507798113,0.008959009130867394,CoAP,STABLE_NETWORK,Stable network with low latency and packet loss
2025-04-10T05:06:34,201.48131704001068,17.985552039334657,2.0153728854402146,98.38533429561406,0.007043239685001928,HTTPS,STABLE_NETWORK,Stable network with low latency and packet loss
2025-04-10T02:10:38,431.3684425899254,28.551602010648416,1.4007896615697533,71.09183953057098,0.0011890636315730844,HTTPS,STABLE_NETWORK,Stable network with low latency and packet loss
2025-04-10T09:23:46,539.4038594533583,18.572820053584852,1.1504355567540108,81.06939383531243,0.005410891586292913,HTTPS,STABLE_NETWORK,Stable network with low latency and packet loss
2025-04-10T07:58:56,1283.875525600822,15.600127087417858,1.985839006293203,74.23183326853729,0.010882094066311953,CoAP,STABLE_NETWORK,Stable network with low latency and packet loss
2025-04-10T03:55:29,65.21602864443794,13.10075139943074,0.9322750413614953,92.66738121212468,0.0015979222918707254,HTTPS,STABLE_NETWORK,Stable network with low latency and packet loss
2025-04-10T01:18:12,468.3579502585783,13.196928239315941,1.3362367845958865,88.21558634396519,0.004589271156009416,HTTPS,STABLE_NETWORK,Stable network with low latency and packet loss
2025-04-10T04:46:39,69.70084387262138,26.906330670564916,0.6469490814857115,107.35752709666947,0.011911756105299308,HTTPS,STABLE_NETWORK,Stable network with low latency and packet loss
2025-04-10T15:03:29,577.6360132436666,19.00620577569252,2.402786971580161,80.17491033968861,0.010147444092164915,HTTPS,STABLE_NETWORK,Stable network with low latency and packet loss
2025-04-10T10:07:58,279.158498114195,28.742224507592702,2.732283619518115,53.53328237427707,0.016138419849795943,MQTT,STABLE_NETWORK,Stable network with low latency and packet loss
2025-04-10T21:17:22,279.15663073421865,13.964525438032709,2.2190558397755114,72.56698006080279,0.011242105898972402,MQTT,STABLE_NETWORK,Stable network with low latency and packet loss
2025-04-10T14:49:34,699.7343166437179,16.45260694912843,1.8846605665546883,72.01855600473809,0.01198979916181656,MQTT,STABLE_NETWORK,Stable network with low latency and packet loss
2025-04-10T16:37:39,2172.5196209157934,15.994706479425743,3.759125413428251,97.94867759212394,0.007993553791426813,CoAP,STABLE_NETWORK,Stable network with low latency and packet loss
2025-04-10T21:10:42,101.0819007768961,14.118949031343956,2.4104999187036413,42.288717225180854,0.015118103693401485,MQTT,STABLE_NETWORK,Stable network with low latency and packet loss
2025-04-10T05:49:54,775.3288431946296,18.47313453240474,3.158253321114362,89.35416331452781,0.009185378362932942,CoAP,STABLE_NETWORK,Stable network with low latency and packet loss
2025-04-10T05:41:00,186.2149630341997,18.950248405242526,1.3472887556627633,82.50884340395396,0.008730294153761205,HTTPS,STABLE_NETWORK,Stable network with low latency and packet loss
2025-04-10T21:17:34,409.2830234433366,15.388784266574977,0.6621896829092528,54.38821923771464,0.00036133781518256705,MQTT,STABLE_NETWORK,Stable network with low latency and packet loss
2025-04-10T02:33:46,533.5946919947148,16.29697199929225,2.1505633252467686,90.14552991098405,2.8406157251716774e-05,HTTPS,STABLE_NETWORK,Stable network with low latency and packet loss
2025-04-10T07:23:24,476.713787478841,21.13537906090222,1.5327305633423074,96.54845350994265,0.00640222310131662,HTTPS,STABLE_NETWORK,Stable network with low latency and packet loss
2025-04-10T14:49:30,156.61898859537325,23.044094319657304,0.8534233888421183,65.0050696082673,0.01158939961742067,HTTPS,STABLE_NETWORK,Stable network with low latency and packet loss
2025-04-10T22:50:16,51.673196463723286,9.467262848921735,3.252350001830921,87.74841471461268,0.009960508413201041,LoRaWAN,STABLE_NETWORK,Stable network with low latency and packet loss
2025-04-10T03:51:40,1391.6340563766012,25.051837509928166,2.1075486333052695,70.40872229120546,0.007538928196454176,HTTPS,STABLE_NETWORK,Stable network with low latency and packet loss
2025-04-10T05:01:29,241.8524926979301,21.3251258048957,1.7319101225642597,73.82853767382338,0.01276271868826766,MQTT,STABLE_NETWORK,Stable network with low latency and packet loss
2025-04-10T10:44:47,749.1479139939239,18.510400664833103,2.330769664679056,85.65648539347457,0.011543901798517518,CoAP,STABLE_NETWORK,Stable network with low latency and packet loss
2025-04-10T21:20:08,178.3024956583534,21.521849301495273,1.1393287000992323,67.9535241017137,0.010129816374105894,HTTPS,STABLE_NETWORK,Stable network with low latency and packet loss
2025-04-10T03:32:27,1613.6325812472037,22.672513800252187,2.120562911000943,99.04836059671933,0.009713821712502044,HTTPS,STABLE_NETWORK,Stable network with low latency and packet loss
2025-04-10T16:11:00,1322.8365368333393,22.28347418230109,1.2753816750380356,69.27113096578341,0.010842863066345035,MQTT,STABLE_NETWORK,Stable network with low latency and packet loss
2025-04-10T16:30:10,174.84233189641282,23.740396650283103,1.2892728768468587,63.39888677574204,0.00709851873175062,MQTT,STABLE_NETWORK,Stable network with low latency and packet loss
2025-04-10T22:43:00,185.86699932163253,20.666441626782287,2.9174588008314086,71.48173433691228,0.0176013593033331,MQTT,STABLE_NETWORK,Stable network with low latency and packet loss
2025-04-10T09:08:03,150.30920222872595,19.360929682623766,2.6817640437035584,92.5260269310443,0.005350163109106554,HTTPS,STABLE_NETWORK,Stable network with low latency and packet loss
2025-04-10T23:58:17,515.373594544318,19.561891267580155,2.0795594659532872,84.61468552805849,0.0006475589088037921,HTTPS,STABLE_NETWORK,Stable network with low latency and packet loss
2025-04-10T21:08:19,80.20654212583759,12.95021500443396,1.6572100865530752,81.07329394959613,0.017224694414251913,MQTT,STABLE_NETWORK,Stable network with low latency and packet loss
2025-04-10T00:00:24,1423.2199292786836,14.466975667342552,1.8015041906906741,80.56647540191776,0.01614903668167804,MQTT,STABLE_NETWORK,Stable network with low latency and packet loss
2025-04-10T03:35:06,1005.5269203724819,25.330959645540002,1.0109868979666339,80.77585587567096,0.014066927925607093,MQTT,STABLE_NETWORK,Stable network with low latency and packet loss
2025-04-10T07:15:43,362.98662892471566,10.507740850017905,1.7698110276318606,73.34683669258955,0.012003148696802104,MQTT,STABLE_NETWORK,Stable network with low latency and packet loss
2025-04-10T05:46:40,163.4552229159855,25.99751820434655,2.014219567414888,82.91647544222651,0.008965989183787729,HTTPS,STABLE_NETWORK,Stable network with low latency and packet loss
2025-04-10T13:41:16,85.88418450531827,15.75827729881351,0.6601902170128604,68.34215272001876,0.01620155265335569,MQTT,STABLE_NETWORK,Stable network with low latency and packet loss
2025-04-10T19:05:23,53.47009359957043,19.594548732786645,2.345523019451342,66.09636806437504,0.004189532980193171,HTTPS,STABLE_NETWORK,Stable network with low latency and packet loss
2025-04-10T03:43:50,153.69280480302635,12.07886503523498,2.34943810091017,82.32208876156214,0.008041199084254644,CoAP,STABLE_NETWORK,Stable network with low latency and packet loss
2025-04-10T15:26:49,121.14485469287922,13.843216762385154,1.6249717519776692,88.50712368104398,0.013475989606402759,MQTT,STABLE_NETWORK,Stable network with low latency and packet loss
2025-04-10T15:05:52,291.4476218138886,21.73077919861846,2.030650907791758,81.56185410374512,0.011662013509913896,HTTPS,STABLE_NETWORK,Stable network with low latency and packet loss
2025-04-10T01:50:29,320.41552288852324,17.674940027276985,1.9986999445282172,97.4441871052321,0.0056055792237419124,HTTPS,STABLE_NETWORK,Stable network with low latency and packet loss
2025-04-10T16:11:14,129.5401838329272,25.47165735513569,1.891319105256583,81.10326288258382,0.01302691745793069,MQTT,STABLE_NETWORK,Stable network with low latency and packet loss
2025-04-10T11:15:41,257.47010304729037,22.330746375856766,1.8636251436939928,69.40490251183992,0.0006265849060764286,HTTPS,STABLE_NETWORK,Stable network with low latency and packet loss
2025-04-10T00:20:24,390.7069835750391,19.360251617070386,1.320350690166047,90.43188326716528,0.013542421385760048,MQTT,STABLE_NETWORK,Stable network with low latency and packet loss
2025-04-10T08:15:19,23.318177861631987,20.30697248215806,1.8965539151849626,85.19255293307626,0.016045523512957155,MQTT,STABLE_NETWORK,Stable network with low latency and packet loss
2025-04-10T16:45:42,277.2169457732557,15.761096316748086,1.9062053652692095,92.16216570286241,0.016130820407040846,MQTT,STABLE_NETWORK,Stable network with low latency and packet loss
2025-04-10T22:33:19,64.22457792514835,14.990334321687705,0.9120656430405447,73.78635583940437,0.001706015033422133,HTTPS,STABLE_NETWORK,Stable network with low latency and packet loss
2025-04-10T01:15:06,209.00816720842343,12.689486492345615,2.4883258987571892,92.17211331793477,0.005226120343898026,CoAP,STABLE_NETWORK,Stable network with low latency and packet loss
2025-04-10T10:38:08,2972.6300020065123,19.130087672322766,0.25911267052631737,57.55308295683783,0.013221036296221678,MQTT,STABLE_NETWORK,Stable network with low latency and packet loss
2025-04-10T18:11:15,312.09902004156584,20.973297307993178,2.721094861680871,82.15447437519795,0.02175730812829427,MQTT,STABLE_NETWORK,Stable network with low latency and packet loss
2025-04-10T07:26:06,962.6532220540943,3.664359845814737,2.77941528488844,82.06202737184609,0.009046446301046814,LoRaWAN,STABLE_NETWORK,Stable network with low latency and packet loss
2025-04-10T20:20:13,356.1783729357339,13.856606764376227,2.4585729833061443,97.70142541071476,0.009676791395561917,LoRaWAN,STABLE_NETWORK,Stable network with low latency and packet loss
2025-04-10T19:41:14,140.69388523918502,6.091311534130332,0.9828201558858725,103.75415102143539,0.01004063193072322,LoRaWAN,STABLE_NETWORK,Stable network with low latency and packet loss
2025-04-10T17:23:38,491.53204796103046,17.258410338713986,3.409509263665907,84.6861565991457,0.011513665592658612,CoAP,STABLE_NETWORK,Stable network with low latency and packet loss
2025-04-10T09:19:50,325.7754306799838,21.169272785878096,3.431602533331451,79.1502427586913,0.004858204932091894,CoAP,STABLE_NETWORK,Stable network with low latency and packet loss
2025-04-10T21:49:54,1978.1150068565803,16.87856816221634,2.693950411264388,78.40171808576189,0.011423025544405382,CoAP,STABLE_NETWORK,Stable network with low latency and packet loss
2025-04-10T18:55:42,602.353791772398,21.713397312718673,2.5487213688763166,81.39731150868853,0.004614855407835135,HTTPS,STABLE_NETWORK,Stable network with low latency and packet loss
2025-04-10T21:17:11,44.82998918606665,21.99967264451232,2.823825588386339,80.06671629632746,0.01645375266300001,MQTT,STABLE_NETWORK,Stable network with low latency and packet loss
2025-04-10T13:23:19,42.51445684712798,16.253551625625988,3.081756032791122,62.027165989687205,0.01699905400942606,MQTT,STABLE_NETWORK,Stable network with low latency and packet loss
2025-04-10T02:18:54,1189.2645823206074,10.792514354094807,0.5114515896497878,74.28385780889067,0.00430916754801102,HTTPS,STABLE_NETWORK,Stable network with low latency and packet loss
2025-04-10T20:33:47,1002.0542688801188,25.44149706971607,1.0197581050327025,68.86575927700798,0.009922701447004915,MQTT,STABLE_NETWORK,Stable network with low latency and packet loss
2025-04-10T23:46:47,321.750834060137,17.934383075910773,2.3697136355047235,73.75437941488408,0.002442221150422653,HTTPS,STABLE_NETWORK,Stable network with low latency and packet loss
2025-04-10T16:13:08,68.08311225921753,13.144839143327546,2.511123451975519,78.31449317210168,0.009095072906928412,CoAP,STABLE_NETWORK,Stable network with low latency and packet loss
2025-04-10T23:07:32,724.8690809490923,18.474435312903957,2.814193419674401,93.64349042070818,0.020207304780266187,MQTT,STABLE_NETWORK,Stable network with low latency and packet loss
2025-04-10T10:55:56,701.2024278983595,15.252263107362818,2.7805201068003442,80.8533876253598,0.0074571657138566595,CoAP,STABLE_NETWORK,Stable network with low latency and packet loss
2025-04-10T23:10:33,231.8050740092448,22.727398150471064,2.88525251329512,69.8839582091486,0.010502821611695346,MQTT,STABLE_NETWORK,Stable network with low latency and packet loss
2025-04-10T21:51:42,301.2072377379426,14.954942205621363,1.0543613489036021,85.67266833015206,0.01420905936673721,MQTT,STABLE_NETWORK,Stable network with low latency and packet loss
2025-04-10T12:07:24,760.457865921414,10.407058390596992,3.004811093707583,76.91106563463391,0.008451895587583608,CoAP,STABLE_NETWORK,Stable network with low latency and packet loss
2025-04-10T08:47:13,694.818457852091,20.82410512756799,2.6731384256245647,54.715758846319176,0.008594328634487046,MQTT,STABLE_NETWORK,Stable network with low latency and packet loss
2025-04-10T09:46:40,610.2488365818243,18.177671614696642,1.7501877401802948,45.933150189635,0.0034455469678200436,MQTT,STABLE_NETWORK,Stable network with low latency and packet loss
2025-04-10T08:26:36,45.79679826439903,20.662722000758585,1.947455138252209,89.72480360159227,0.011798814143514583,HTTPS,STABLE_NETWORK,Stable network with low latency and packet loss
2025-04-10T05:34:21,421.8714099570279,15.977354649759063,3.333448501050004,72.9675990242099,0.013935301705991193,CoAP,STABLE_NETWORK,Stable network with low latency and packet loss
2025-04-10T01:15:22,299.6985836104817,20.089171867515493,2.4562625530327202,94.28538122988589,0.007158100504976674,HTTPS,STABLE_NETWORK,Stable network with low latency and packet loss
2025-04-10T23:13:44,106.69452190443833,23.234768851398297,0.6632412328569561,84.89468132457685,0.011919668452199928,MQTT,STABLE_NETWORK,Stable network with low latency and packet loss
2025-04-10T02:23:06,425.5577722788823,16.012886307047246,3.0853124834419403,77.99103128260089,0.0042050761464962425,CoAP,STABLE_NETWORK,Stable network with low latency and packet loss
2025-04-10T16:20:57,127.502647493512,25.615087361712796,1.6531625801965764,93.18463924159337,0.0038718326668535008,HTTPS,STABLE_NETWORK,Stable network with low latency and packet loss
2025-04-10T20:34:28,2206.768236495862,20.743475768499312,2.9036870219523383,100.17818211790122,0.014618081697201543,CoAP,STABLE_NETWORK,Stable network with low latency and packet loss
2025-04-10T23:30:06,188.43272256343334,19.692707540363216,1.9763192732821255,74.79572180696303,0.0026905513654209914,HTTPS,STABLE_NETWORK,Stable network with low latency and packet loss
2025-04-10T10:17:49,1080.8509204035652,16.12663282053843,2.200944973422608,83.57803677514342,0.004254073263131265,CoAP,STABLE_NETWORK,Stable network with low latency and packet loss
2025-04-10T20:13:32,242.00291039930914,19.9281797392541,1.6448199653424236,83.25331812546658,0.015071262801215924,MQTT,STABLE_NETWORK,Stable network with low latency and packet loss
2025-04-10T11:11:41,1683.642833226547,17.112528940300372,2.98728266494583,87.52860676651781,0.006467446987217393,CoAP,STABLE_NETWORK,Stable network with low latency and packet loss
2025-04-10T05:42:18,54.51757539228541,33.47279805917829,1.5952956925854374,84.75962652966716,0.006031435750264303,HTTPS,STABLE_NETWORK,Stable network with low latency and packet loss
2025-04-10T04:40:22,391.86274292700114,21.403758819643958,1.9358817003546887,110.28348899746744,0.01661184430684595,HTTPS,STABLE_NETWORK,Stable network with low latency and packet loss
2025-04-10T11:44:44,49.79688367231464,19.16809787974432,3.694336654509126,92.5063553946492,0.012058721754956167,CoAP,STABLE_NETWORK,Stable network with low latency and packet loss
2025-04-10T06:16:19,497.61743393666114,21.41795830769825,2.1482444878276876,68.37418107423143,0.0033822184175605697,HTTPS,STABLE_NETWORK,Stable network with low latency and packet loss
2025-04-10T07:06:49,1812.1883841438532,18.07899006648985,2.2676225656194724,94.17054276445381,0.005601786854552911,HTTPS,STABLE_NETWORK,Stable network with low latency and packet loss
2025-04-10T11:54:29,342.2390172790074,9.147764687321876,1.529735667510158,61.40518218560484,0.00025501567660463596,CoAP,STABLE_NETWORK,Stable network with low latency and packet loss
2025-04-10T14:27:11,726.2263543618152,16.060817865913425,0.9577275910705911,77.9328082237853,0.0037931926857797576,HTTPS,STABLE_NETWORK,Stable network with low latency and packet loss
2025-04-10T05:53:09,16919.757816762412,14.0916911448487,1.9020287672072518,100.58746846874088,0.013351523234197079,CoAP,STABLE_NETWORK,Stable network with low latency and packet loss
2025-04-10T05:44:30,418.86923879936455,15.412897402847806,1.119584355722465,78.12766865664739,0.016792085997868758,MQTT,STABLE_NETWORK,Stable network with low latency and packet loss
2025-04-10T11:35:35,314.94222547365024,13.865397006775332,3.142242889185125,88.27619413800454,0.003714766367883369,CoAP,STABLE_NETWORK,Stable network with low latency and packet loss
2025-04-10T15:02:49,930.1183213501863,18.41555385321035,1.0630829198568574,90.32057394250594,0.0065228277051660255,HTTPS,STABLE_NETWORK,Stable network with low latency and packet loss
2025-04-10T09:43:18,268.61357829644595,30.299652887200843,2.1559905315336736,89.63829092648632,0.008922394969869216,HTTPS,STABLE_NETWORK,Stable network with low latency and packet loss
2025-04-10T23:29:49,255.05551732402503,19.612535251730254,2.1117092682482514,88.09973765183673,0.005580101392276553,HTTPS,STABLE_NETWORK,Stable network with low latency and packet loss
2025-04-10T22:26:32,571.394860202692,19.438455079195556,2.2201778582420317,94.47526583724519,0.011244052088558353,HTTPS,STABLE_NETWORK,Stable network with low latency and packet loss
2025-04-10T05:35:25,217.41567451781117,14.37160735894437,2.8957996793568297,76.76425377046635,0.012372473034679081,CoAP,STABLE_NETWORK,Stable network with low latency and packet loss
2025-04-10T04:12:43,739.3718589589075,20.26764416000603,2.558958588496365,84.97294303435235,0.0055558408656054175,CoAP,STABLE_NETWORK,Stable network with low latency and packet loss
2025-04-10T18:03:08,1977.1822710568324,17.275861726470257,2.9100938968130747,100.66054333924951,0.008964875139178659,CoAP,STABLE_NETWORK,Stable network with low latency and packet loss
2025-04-10T01:04:04,49.22058325032763,22.750263717681534,1.2118020711475266,68.73136930150177,0.002569040718080267,HTTPS,STABLE_NETWORK,Stable network with low latency and packet loss
2025-04-10T20:59:57,1385.1736478750101,24.930859847497807,3.0621267678413515,84.29164555943629,0.010434626931322894,HTTPS,STABLE_NETWORK,Stable network with low latency and packet loss
2025-04-10T11:20:33,225.25052919922177,29.45461659282949,1.4160777619003366,67.31439550694736,0.007281199759503943,MQTT,STABLE_NETWORK,Stable network with low latency and packet loss
2025-04-10T22:44:25,135.11978429042549,15.072897913305425,3.1923100989252395,52.78888658085198,0.01067643002627981,MQTT,STABLE_NETWORK,Stable network with low latency and packet loss
2025-04-10T16:10:24,70.00109056560514,8.516478027468889,1.73469076764656,57.86378754965329,0.009986248980769701,MQTT,STABLE_NETWORK,Stable network with low latency and packet loss
2025-04-10T23:42:22,309.8358946526093,19.848126894134314,2.3876587314038686,96.1882701845991,0.0141731528997549,HTTPS,STABLE_NETWORK,Stable network with low latency and packet loss
2025-04-10T17:25:28,53.04076674135253,9.030288628681514,1.2124405548817565,73.66683646648148,0.018280485866856044,MQTT,STABLE_NETWORK,Stable network with low latency and packet loss
2025-04-10T15:17:20,1393.7943943331236,27.385991765223473,2.4195891323506764,113.21626741770504,0.004071769170403507,HTTPS,STABLE_NETWORK,Stable network with low latency and packet loss
2025-04-10T01:28:08,208.1556432635284,23.772589224944866,1.201568625666779,61.704812992299395,0.01513171896034286,MQTT,STABLE_NETWORK,Stable network with low latency and packet loss
2025-04-10T14:42:23,290.41480473993767,20.414725928865998,0.8611359531031229,88.7454199409749,0.00420667909441767,HTTPS,STABLE_NETWORK,Stable network with low latency and packet loss
2025-04-10T05:59:14,270.3993507936148,27.494494214126853,1.3592313080305112,107.12653773575158,0.016840786762313993,HTTPS,STABLE_NETWORK,Stable network with low latency and packet loss
2025-04-10T20:55:14,4729.51384920325,26.82972389638965,1.365184005071909,83.07926517717202,0.013875132570771958,HTTPS,STABLE_NETWORK,Stable network with low latency and packet loss
2025-04-10T09:27:09,268.39786596602744,17.458148415887464,0.7270497446779729,89.38657544595773,0.011034920438152934,HTTPS,STABLE_NETWORK,Stable network with low latency and packet loss
2025-04-10T10:53:56,199.13486814730496,19.86292068420106,1.0466262364066548,80.96026072541736,0.00040192147413513866,HTTPS,STABLE_NETWORK,Stable network with low latency and packet loss
2025-04-10T22:16:57,382.145633572996,10.807408745282455,1.5061904662865833,94.16534682048648,0.012001565536815842,LoRaWAN,STABLE_NETWORK,Stable network with low latency and packet loss
2025-04-10T19:24:32,469.30308787027946,23.879161332833892,3.07383024552463,73.61363285385883,0.016245036280153266,MQTT,STABLE_NETWORK,Stable network with low latency and packet loss
2025-04-10T19:57:37,18.316535991111095,7.105429441425777,1.6256354259163435,83.4894411194707,0.01915307167084924,MQTT,STABLE_NETWORK,Stable network with low latency and packet loss
2025-04-10T01:04:41,4715.034973127559,21.967408745757048,2.030467921019555,65.89220403599238,0.01200266790217671,CoAP,STABLE_NETWORK,Stable network with low latency and packet loss
2025-04-10T04:52:42,640.2503912859763,15.143429209646229,1.8198972474307138,72.68472612260854,0.016235435921831815,MQTT,STABLE_NETWORK,Stable network with low latency and packet loss
2025-04-10T02:33:13,197.52446817398405,18.299969529220267,1.6299040407810972,94.63048024119932,0.021085700653532574,MQTT,STABLE_NETWORK,Stable network with low latency and packet loss
2025-04-10T20:56:02,3135.659362564216,19.460766584034438,2.482724792651988,97.57320518045293,0.004714024209420574,CoAP,STABLE_NETWORK,Stable network with low latency and packet loss
2025-04-10T11:17:52,94.4247722510223,26.023962935158814,2.2926741656107668,62.73435598754468,0.009735399420428276,HTTPS,STABLE_NETWORK,Stable network with low latency and packet loss
2025-04-10T03:10:13,22.70051702655422,16.76682180551913,4.532401342988104,72.04864985992555,0.010559455415694407,LoRaWAN,STABLE_NETWORK,Stable network with low latency and packet loss
2025-04-10T15:30:46,2072.527274748332,18.055113352143053,2.362828885530312,83.2315320154835,0.0027952816955779955,CoAP,STABLE_NETWORK,Stable network with low latency and packet loss
2025-04-10T23:38:44,246.13219684234286,18.453860789023768,1.6354513030389588,72.23210515450235,0.017943909399703535,MQTT,STABLE_NETWORK,Stable network with low latency and packet loss
2025-04-10T04:25:48,226.8277057222809,20.943517614619505,2.2594964697611606,75.05243991513754,0.006905860687586871,HTTPS,STABLE_NETWORK,Stable network with low latency and packet loss
2025-04-10T18:24:51,123.8886468034179,11.389990999531719,2.6618934816672963,99.18590377858823,0.003996343813889172,LoRaWAN,STABLE_NETWORK,Stable network with low latency and packet loss
2025-04-10T17:20:56,55.02762225914041,20.575703075134033,3.4073576307935065,78.91879104881131,0.006258351191028523,CoAP,STABLE_NETWORK,Stable network with low latency and packet loss
2025-04-10T17:45:27,254.82023855001702,25.258771322147428,1.630755917812051,102.78456555257083,0.0055925401969996735,HTTPS,STABLE_NETWORK,Stable network with low latency and packet loss
2025-04-10T03:33:07,76.35740634065064,22.178228846845936,2.1110503233810025,60.250878553616985,0.012624672291940722,MQTT,STABLE_NETWORK,Stable network with low latency and packet loss
2025-04-10T03:08:37,424.5148176703505,27.663192204585947,1.6816863453379796,78.93563855753081,0.010805814095179488,HTTPS,STABLE_NETWORK,Stable network with low latency and packet loss
2025-04-10T00:32:34,1938.7946025892404,25.417215859265575,1.672117227329867,80.87013043727839,0.0073620992632678645,HTTPS,STABLE_NETWORK,Stable network with low latency and packet loss
2025-04-10T08:58:20,920.9525867697627,19.030570964481168,2.5482629921535596,68.69441619970101,0.00885096332047996,CoAP,STABLE_NETWORK,Stable network with low latency and packet loss
2025-04-10T05:47:36,43.71137177683389,17.45131904609579,2.294993190290392,80.72417205433685,0.0068404991244368114,HTTPS,STABLE_NETWORK,Stable network with low latency and packet loss
2025-04-10T12:18:28,230.9602278555908,19.28803622135112,2.966309731947084,71.78604125704372,0.016538662676133322,MQTT,STABLE_NETWORK,Stable network with low latency and packet loss
2025-04-10T17:10:39,424.5460591538202,9.53769986442276,3.0238216855323374,80.02819983832208,0.009672292187328554,LoRaWAN,STABLE_NETWORK,Stable network with low latency and packet loss
2025-04-10T02:20:49,454.46521515190426,25.03400331128247,2.6644587740984935,70.11470178917206,0.013948474056928527,MQTT,STABLE_NETWORK,Stable network with low latency and packet loss
2025-04-10T07:51:32,1554.0973173747914,16.53760954823216,3.291109829279386,64.98853230727103,0.010639307242535109,CoAP,STABLE_NETWORK,Stable network with low latency and packet loss
2025-04-10T03:20:08,49.08140962023345,16.36373295491937,3.3153753438218687,95.9656498045794,0.01290075727298237,LoRaWAN,STABLE_NETWORK,Stable network with low latency and packet loss
2025-04-10T14:26:47,260.214499815563,16.54173496722404,2.3436190916999013,107.95532799790666,0.01695125265575224,MQTT,STABLE_NETWORK,Stable network with low latency and packet loss
2025-04-10T04:35:42,712.1564612967929,14.425956829710671,1.8049451488642636,72.31138568691686,0.015731842526272674,MQTT,STABLE_NETWORK,Stable network with low latency and packet loss
2025-04-10T00:46:40,9.707761392976948,22.00936997784073,1.32644207207283,89.96259279729337,0.006976471343750595,HTTPS,STABLE_NETWORK,Stable network with low latency and packet loss
2025-04-10T18:59:26,72.37847924245597,9.577075341567227,1.9217752132035122,105.65854844254676,0.009419941454980587,LoRaWAN,STABLE_NETWORK,Stable network with low latency and packet loss
2025-04-10T00:01:25,52.94850966028298,20.055358403826236,1.9223011277353215,92.16793041746494,0.008422485448085944,HTTPS,STABLE_NETWORK,Stable network with low latency and packet loss
2025-04-10T10:12:18,97.40159410125601,20.89065725118164,1.9795646352065162,78.82959780907778,0.006238612939496631,HTTPS,STABLE_NETWORK,Stable network with low latency and packet loss
2025-04-10T17:47:49,106.61160746124999,16.14619094233418,1.3779128018966555,70.39408273765511,0.013533892526159271,MQTT,STABLE_NETWORK,Stable network with low latency and packet loss
2025-04-10T12:09:53,1940.9911111551285,19.897290965033847,1.7597538669064108,63.34983644567915,0.004347294251287871,HTTPS,STABLE_NETWORK,Stable network with low latency and packet loss
2025-04-10T04:38:48,195.53662579920535,20.826897373328215,2.5869067717265093,90.5802641172204,0.012459420719404871,CoAP,STABLE_NETWORK,Stable network with low latency and packet loss
2025-04-10T22:52:46,1021.2969453295912,17.629188781046835,0.1842102767989937,67.3634704969628,0.012925137470273745,MQTT,STABLE_NETWORK,Stable network with low latency and packet loss
2025-04-10T18:46:11,524.4123424260226,9.407945306925097,1.503797017740597,74.36406499723978,0.01479161801666866,MQTT,STABLE_NETWORK,Stable network with low latency and packet loss
2025-04-10T02:51:56,132.94304728892703,23.21492929907898,3.06698066479737,95.83888487912208,0.013870763257566088,HTTPS,STABLE_NETWORK,Stable network with low latency and packet loss
2025-04-10T00:19:31,509.0846400003661,23.405957446817474,1.097463915015902,68.75152759811174,0.0030157074951416,HTTPS,STABLE_NETWORK,Stable network with low latency and packet loss
2025-04-10T05:28:14,344.8407636945213,12.718102336701666,1.8532020762990955,60.142225366544324,0.005818019023323515,HTTPS,STABLE_NETWORK,Stable network with low latency and packet loss
2025-04-10T18:40:34,371.84295318792675,22.25402648566194,3.552452746891216,100.94356950730382,0.006769792945784213,CoAP,STABLE_NETWORK,Stable network with low latency and packet loss
2025-04-10T13:01:48,152.8269764048001,16.71184885681579,2.241665698655162,76.85497280349288,0.008360737307249629,CoAP,STABLE_NETWORK,Stable network with low latency and packet loss
2025-04-10T15:39:00,196.1011364867565,11.193989215186402,1.3148900196526148,69.29167711171215,0.007819849411566323,MQTT,STABLE_NETWORK,Stable network with low latency and packet loss
2025-04-10T21:15:18,943.242542867878,10.68892687851335,1.9445755791955432,88.97099272839004,0.015173345617055967,LoRaWAN,STABLE_NETWORK,Stable network with low latency and packet loss
2025-04-10T13:12:35,146.03470939673562,22.255298761381187,1.6399318000347132,75.46998811977393,0.00786926826830935,HTTPS,STABLE_NETWORK,Stable network with low latency and packet loss
2025-04-10T01:11:12,85.01453711202737,12.644916636549976,1.721435522269065,85.1454713762823,0.011817272790704728,MQTT,STABLE_NETWORK,Stable network with low latency and packet loss
2025-04-10T01:16:11,500.85285733190864,23.620141089028287,2.4446902741619674,111.19648176687774,0.0024174064787129863,HTTPS,STABLE_NETWORK,Stable network with low latency and packet loss
2025-04-10T04:11:12,486.56618730407337,17.752397989552996,2.916361394953707,86.30360454667655,0.008381948860131837,CoAP,STABLE_NETWORK,Stable network with low latency and packet loss
2025-04-10T13:18:36,393.6025140493865,16.689659945965698,1.710701731878585,89.99965256613415,0.011417179700017176,HTTPS,STABLE_NETWORK,Stable network with low latency and packet loss
2025-04-10T10:49:45,1105.0373133863375,18.231658747854787,2.0886236983080617,88.58612362818394,0.006130638617508441,HTTPS,STABLE_NETWORK,Stable network with low latency and packet loss
2025-04-10T03:52:50,110.80617261007252,21.10512268273483,1.3388942636838412,83.79389100669485,0.006169155369561581,HTTPS,STABLE_NETWORK,Stable network with low latency and packet loss
2025-04-10T18:12:40,687.7015452866448,17.43439733357386,3.1115325423027365,50.77912960233935,0.006942051082413448,CoAP,STABLE_NETWORK,Stable network with low latency and packet loss
2025-04-10T09:33:06,537.9194412761998,14.463141834102583,3.5525458374154866,81.25735643035401,0.008419270349200158,LoRaWAN,STABLE_NETWORK,Stable network with low latency and packet loss
2025-04-10T23:58:32,1117.9739427072911,17.947158162658155,1.7070770524535823,86.80163029580571,0.005638632579610264,HTTPS,STABLE_NETWORK,Stable network with low latency and packet loss
2025-04-10T05:43:06,627.2638767222451,7.209042905273245,3.6806013653848915,81.32772599375993,0.00419818322951419,LoRaWAN,STABLE_NETWORK,Stable network with low latency and packet loss
2025-04-10T22:46:57,78.59782917342534,16.165627451188005,1.4393737095911125,96.94779233317372,0.009004661650939223,HTTPS,STABLE_NETWORK,Stable network with low latency and packet loss
2025-04-10T14:41:36,301.9287376871729,27.500631391394595,3.418726532373986,52.93875301482068,0.008860504718248539,HTTPS,STABLE_NETWORK,Stable network with low latency and packet loss
2025-04-10T19:03:51,361.10091557549606,21.329120019046854,3.5405859413603986,62.251853950069275,0.01061573088087726,CoAP,STABLE_NETWORK,Stable network with low latency and packet loss
2025-04-10T05:01:25,269.420352268508,19.51983162619522,0.7329930258364854,56.29927606011743,0.0024879723422260025,HTTPS,STABLE_NETWORK,Stable network with low latency and packet loss
2025-04-10T01:32:03,136.22266647780768,20.930396622587462,1.4176499815786476,72.01223006146908,0.019626451153289252,MQTT,STABLE_NETWORK,Stable network with low latency and packet loss
2025-04-10T23:30:47,51.78213584717245,14.407095898409292,2.1969693121879095,68.79076325213556,0.00763864823529071,CoAP,STABLE_NETWORK,Stable network with low latency and packet loss
2025-04-10T09:12:26,88.02093636245674,19.38910154483328,1.1605387804608762,73.52397264351792,0.01426268458516421,MQTT,STABLE_NETWORK,Stable network with low latency and packet loss
2025-04-10T17:26:55,1132.436631926357,16.84631713733697,2.3048815142844408,87.45767914929594,0.011186489275959265,CoAP,STABLE_NETWORK,Stable network with low latency and packet loss
2025-04-10T14:48:57,104.46129035292412,20.471203996544673,2.3392714263855687,111.79234605584037,0.01126848960993833,HTTPS,STABLE_NETWORK,Stable network with low latency and packet loss
2025-04-10T19:28:50,11.166635320222744,16.34884908864177,2.838560984736435,62.24244843247948,0.009204154665830673,CoAP,STABLE_NETWORK,Stable network with low latency and packet loss
2025-04-10T04:30:32,426.0848098532886,16.932724961379872,3.635468665563528,77.50670911963326,0.005603891443582388,CoAP,STABLE_NETWORK,Stable network with low latency and packet loss
2025-04-10T02:54:41,226.0825333015285,21.10385954791413,3.9949994615936593,63.14900257749565,0.012885942962053235,CoAP,STABLE_NETWORK,Stable network with low latency and packet loss
2025-04-10T14:10:03,1270.5433523748216,20.257466330610498,1.6263062125723464,84.98918903482374,0.01714667029789585,MQTT,STABLE_NETWORK,Stable network with low latency and packet loss
2025-04-10T20:14:12,342.18128562769624,17.747546124785075,2.650928254094338,90.17883997349722,0.0026908474668380635,HTTPS,STABLE_NETWORK,Stable network with low latency and packet loss
2025-04-10T22:40:05,270.30854048163445,22.539381817857613,0.9906664067953859,73.3486515836876,0.009784347238946155,MQTT,STABLE_NETWORK,Stable network with low latency and packet loss
2025-04-10T03:49:42,240.44592200331948,21.180373352025068,1.8773765726155893,93.96156014783067,0.003287052402434959,HTTPS,STABLE_NETWORK,Stable network with low latency and packet loss
2025-04-10T03:40:10,272.83321520637855,20.938777107085006,2.248549661020007,63.309527484220254,0.01133823108291582,MQTT,STABLE_NETWORK,Stable network with low latency and packet loss
2025-04-10T03:31:39,118.13414910783774,17.338564182038315,1.8188799215664972,86.41849443531605,0.004749624730165845,HTTPS,STABLE_NETWORK,Stable network with low latency and packet loss
2025-04-10T20:45:22,1155.5409106199381,18.4397134776246,0.2912771554984488,111.579082137176,0.007958564460824692,HTTPS,STABLE_NETWORK,Stable network with low latency and packet loss
2025-04-10T10:20:57,163.23341967780246,22.784890643250357,2.74269677117534,63.55081965134475,0.00964484645190394,MQTT,STABLE_NETWORK,Stable network with low latency and packet loss
2025-04-10T04:43:25,246.15510469637485,22.026074452493344,1.3292641959306368,73.62377149067731,0.006215962076944154,HTTPS,STABLE_NETWORK,Stable network with low latency and packet loss
2025-04-10T23:11:33,101.31815551076328,24.077584898452262,2.597413409051809,88.68875755053719,0.008921166209962795,HTTPS,STABLE_NETWORK,Stable network with low latency and packet loss
2025-04-10T13:34:06,913.7388128803497,17.49465538475544,2.0928406739886167,103.96421269399553,0.02203759063930301,MQTT,STABLE_NETWORK,Stable network with low latency and packet loss
2025-04-10T11:46:52,1736.9325527219853,21.47825575796303,0.025708000354826233,84.24052682810759,0.010191146251272638,HTTPS,STABLE_NETWORK,Stable network with low latency and packet loss
2025-04-10T18:44:38,443.87385003293645,20.744604401050356,1.747381607279321,83.2235267248322,0.015402478492891291,MQTT,STABLE_NETWORK,Stable network with low latency and packet loss
2025-04-10T02:34:58,2397.16358121284,10.72396345480064,0.9402278525991925,84.38244950783744,0.012795587436714677,LoRaWAN,STABLE_NETWORK,Stable network with low latency and packet loss
2025-04-10T22:03:09,337.17631254167554,12.728312777108368,1.6997949389369569,61.34502381951552,0.013470284600933843,MQTT,STABLE_NETWORK,Stable network with low latency and packet loss
2025-04-10T05:42:59,857.0484236152087,14.648825729987848,1.6086755727726603,86.99658204851315,0.006396188914775415,HTTPS,STABLE_NETWORK,Stable network with low latency and packet loss
2025-04-10T10:01:38,99.54974908828098,31.825474070223727,2.088165427910573,78.67526931721262,0.007625486099666499,HTTPS,STABLE_NETWORK,Stable network with low latency and packet loss
2025-04-10T13:27:16,114.50929787567603,18.174482598587836,1.6757274833870168,53.9517620391615,0.006030428577515172,HTTPS,STABLE_NETWORK,Stable network with low latency and packet loss
2025-04-10T15:10:27,1463.7927809670703,22.953567747315006,3.2273510119771833,81.22483580665072,0.007129209320329399,HTTPS,STABLE_NETWORK,Stable network with low latency and packet loss
2025-04-10T01:20:25,169.14167006017942,21.525768472024122,2.7122206852687682,54.74592300896347,0.0007378858297313381,HTTPS,STABLE_NETWORK,Stable network with low latency and packet loss
2025-04-10T21:25:14,1474.2292638213016,21.074267554329555,1.4513665730973462,76.3684575995517,0.0037213308429539724,HTTPS,STABLE_NETWORK,Stable network with low latency and packet loss
2025-04-10T10:46:49,128.31808199023757,15.64770421618812,2.3378068049737903,72.241636310611,0.012468125814630871,MQTT,STABLE_NETWORK,Stable network with low latency and packet loss
2025-04-10T19:26:50,134.38563861782083,21.99991602719166,1.4798754035065693,75.09363580826574,0.005622006377295781,HTTPS,STABLE_NETWORK,Stable network with low latency and packet loss
2025-04-10T09:42:10,52.24534600848638,12.823467622810092,1.905980509232799,82.02295822937685,0.006210741816590036,CoAP,STABLE_NETWORK,Stable network with low latency and packet loss
2025-04-10T21:29:19,43.829869613929354,17.71809926457573,2.207054510354025,104.28340944915651,0.006154668188410046,HTTPS,STABLE_NETWORK,Stable network with low latency and packet loss
2025-04-10T16:15:02,77.48774283813991,12.141071902205605,1.471585999650828,71.43138618035054,0.008115738829542868,HTTPS,STABLE_NETWORK,Stable network with low latency and packet loss
2025-04-10T16:51:43,910.6517977557404,22.425791805621543,1.1338676328260284,71.58604108928789,0.008202832231483527,HTTPS,STABLE_NETWORK,Stable network with low latency and packet loss
2025-04-10T09:17:38,223.3076298065438,6.465227628418529,1.0644189715947605,56.17394768667424,0.007049508179173678,MQTT,STABLE_NETWORK,Stable network with low latency and packet loss
2025-04-10T11:57:46,20.854994275679214,23.165218916187133,2.9204520768438336,54.40076623376967,0.0013971523679114101,CoAP,STABLE_NETWORK,Stable network with low latency and packet loss
2025-04-10T13:06:26,30.795635544450057,16.73729886233469,1.4183422801598622,88.48232562631635,0.013725852266422901,HTTPS,STABLE_NETWORK,Stable network with low latency and packet loss
2025-04-10T03:47:03,212.0411326890541,21.419091066646875,2.7061943526693226,104.48136744593384,0.010968695814972474,HTTPS,STABLE_NETWORK,Stable network with low latency and packet loss
2025-04-10T15:41:41,146.92478092909022,19.467607444865504,1.2705161431469385,76.00921048568027,0.012412343407166128,MQTT,STABLE_NETWORK,Stable network with low latency and packet loss
2025-04-10T15:36:14,1140.7422382780323,15.76550930023704,2.3801053493628612,78.58236040271075,0.013123006551472747,LoRaWAN,STABLE_NETWORK,Stable network with low latency and packet loss
2025-04-10T23:27:12,587.1422736126625,13.716425277003381,2.005630430741974,73.11197252637716,0.003937146100021219,CoAP,STABLE_NETWORK,Stable network with low latency and packet loss
2025-04-10T06:50:37,275.4310433717951,22.28621340692158,2.5983482314206627,75.88461736707978,0.014542972208934142,MQTT,STABLE_NETWORK,Stable network with low latency and packet loss
2025-04-10T19:32:49,75.02455088667404,22.91680416533379,1.69549526887592,72.86577055130161,0.00908304850398084,HTTPS,STABLE_NETWORK,Stable network with low latency and packet loss
2025-04-10T05:33:59,325.20539115028095,21.16036505444953,3.271254372179044,98.14342450405795,0.0036127037100124586,HTTPS,STABLE_NETWORK,Stable network with low latency and packet loss
2025-04-10T08:29:51,3208.0034002781676,19.655594255268568,1.8640219006131213,74.78899988148089,0.007167152325009951,HTTPS,STABLE_NETWORK,Stable network with low latency and packet loss
2025-04-10T17:42:31,2051.949039598493,21.192312262670708,1.483341449340303,75.00211748987614,0.012724464917472856,HTTPS,STABLE_NETWORK,Stable network with low latency and packet loss
2025-04-10T01:19:27,394.39566488923157,23.73397125696807,2.1154097649477763,92.6281573747784,0.0029532613823512258,HTTPS,STABLE_NETWORK,Stable network with low latency and packet loss
2025-04-10T19:08:42,557.261455419459,18.74417930265485,1.4956975097687328,86.37428334424959,0.005609039283188519,HTTPS,STABLE_NETWORK,Stable network with low latency and packet loss
2025-04-10T15:04:08,256.74732491800665,25.20109292004373,1.8653214345140616,62.34610321104469,0.010618936612312592,MQTT,STABLE_NETWORK,Stable network with low latency and packet loss
2025-04-10T20:34:31,336.4080346240052,16.46226282797782,2.335567204287391,84.39336292491694,0.0024612053647867123,CoAP,STABLE_NETWORK,Stable network with low latency and packet loss
2025-04-10T23:58:56,130.47345356828964,11.859540134067453,2.962903311438734,84.79693357717804,0.015053784384385576,LoRaWAN,STABLE_NETWORK,Stable network with low latency and packet loss
2025-04-10T08:53:43,771.3674538636623,13.75759672686944,2.1912106439215626,71.81978705711732,0.009213483656292884,CoAP,STABLE_NETWORK,Stable network with low latency and packet loss
2025-04-10T04:21:29,31.968164339182163,15.20787932172652,2.057685649940421,111.62786011860231,0.008840795107537248,LoRaWAN,STABLE_NETWORK,Stable network with low latency and packet loss
2025-04-10T09:51:52,146.30161413830282,23.235431732807413,1.4253205413532135,58.784493837990965,0.006970394925682093,MQTT,STABLE_NETWORK,Stable network with low latency and packet loss
2025-04-10T00:18:01,1148.881675081288,20.01605463130896,3.231675441387166,76.77658032634088,0.004062752294002321,LoRaWAN,STABLE_NETWORK,Stable network with low latency and packet loss
2025-04-10T07:23:20,67.13924876278489,20.541365611904265,1.4695407903572242,98.65708034432846,0.01580207166541503,HTTPS,STABLE_NETWORK,Stable network with low latency and packet loss
2025-04-10T12:25:49,1019.9834477514545,23.44053326479699,2.1714588792202205,125.06624945499959,0.004706819048748716,HTTPS,STABLE_NETWORK,Stable network with low latency and packet loss
2025-04-10T23:54:01,194.8752721283302,18.19739150848326,2.6701673249925086,99.4283413356864,0.009413121345284147,LoRaWAN,STABLE_NETWORK,Stable network with low latency and packet loss
2025-04-10T07:05:13,492.32732038463865,28.920724711143723,2.2080026985209082,79.76913177926014,0.001568682628360461,HTTPS,STABLE_NETWORK,Stable network with low latency and packet loss
2025-04-10T07:51:08,188.5286691873228,11.415398475927597,2.152980646017906,50.98007884940872,0.006809862745268049,MQTT,STABLE_NETWORK,Stable network with low latency and packet loss
2025-04-10T17:21:49,303.51008595929295,19.18403754654386,2.1034008497525654,87.8932966535217,0.0027402688972287276,HTTPS,STABLE_NETWORK,Stable network with low latency and packet loss
2025-04-10T22:51:02,84.127048034097,9.911130331400402,2.381430521729465,74.51518335874502,0.01184122683751494,LoRaWAN,STABLE_NETWORK,Stable network with low latency and packet loss
2025-04-10T03:43:38,104.5454691291968,10.260698912793835,2.705420724778349,95.85737469547938,0.01704934636527888,LoRaWAN,STABLE_NETWORK,Stable network with low latency and packet loss
2025-04-10T18:40:20,52.00005953210159,18.106463309342733,2.143859668480944,74.66295798660992,0.013332086522994346,HTTPS,STABLE_NETWORK,Stable network with low latency and packet loss
2025-04-10T08:51:49,499.0489847171687,30.504738025846088,1.5514945060046288,78.36112852749405,0.012871907822573867,HTTPS,STABLE_NETWORK,Stable network with low latency and packet loss
2025-04-10T20:01:28,48.19057833988709,15.374796332095741,0.7500294799543064,72.53289272830085,0.010545448693236113,MQTT,STABLE_NETWORK,Stable network with low latency and packet loss
2025-04-10T04:08:33,298.46773494891835,19.879250461891093,2.2505111977742205,73.90328188873075,0.02329249900646816,MQTT,STABLE_NETWORK,Stable network with low latency and packet loss
2025-04-10T14:48:43,1229.8278697949625,19.922879752454424,1.823616876480137,110.46733749611053,0.013813828866744782,HTTPS,STABLE_NETWORK,Stable network with low latency and packet loss
2025-04-10T22:30:24,168.09875596658745,24.059657170003902,0.27719317637358,74.81189328164854,0.010411653879501007,MQTT,STABLE_NETWORK,Stable network with low latency and packet loss
2025-04-10T12:27:57,803.3137893398354,19.980952374562584,2.0667887986857334,78.15760027948255,0.005850540347032183,HTTPS,STABLE_NETWORK,Stable network with low latency and packet loss
2025-04-10T22:42:51,325.42531291346285,23.219557038373946,0.6767142156557422,69.20559586083378,0.019647169784780316,HTTPS,STABLE_NETWORK,Stable network with low latency and packet loss
2025-04-10T07:21:01,2529.75010064556,24.775514619077274,3.0383104891835,101.91452178235943,0.008953428048491802,CoAP,STABLE_NETWORK,Stable network with low latency and packet loss
2025-04-10T03:36:02,153.00655104120239,17.02366990812564,3.681792009173698,97.26967596929083,0.011092955495884254,LoRaWAN,STABLE_NETWORK,Stable network with low latency and packet loss
2025-04-10T23:26:44,25.73143105015692,19.137103446876743,1.6442067268447755,79.84123464249319,0.005928642689803128,HTTPS,STABLE_NETWORK,Stable network with low latency and packet loss
2025-04-10T08:12:58,196.20956646578335,16.405760739707954,2.3972548886757643,67.13768034582942,0.01203726688449562,MQTT,STABLE_NETWORK,Stable network with low latency and packet loss
2025-04-10T22:32:16,183.11798108633118,20.24872772340545,1.7669613501230566,71.2489505631737,0.01224225315804258,MQTT,STABLE_NETWORK,Stable network with low latency and packet loss
2025-04-10T16:21:14,206.30403936657714,25.83012316645201,1.507644941386378,114.95346935103305,0.01758252676438809,HTTPS,STABLE_NETWORK,Stable network with low latency and packet loss
2025-04-10T20:07:29,224.39578958082643,8.656230724151955,1.371221475549115,81.43138831070637,0.004836715965565941,LoRaWAN,STABLE_NETWORK,Stable network with low latency and packet loss
2025-04-10T06:29:01,287.53411183392313,11.983808086581373,2.290052945107939,94.2120517238776,0.01936557643460935,LoRaWAN,STABLE_NETWORK,Stable network with low latency and packet loss
2025-04-10T15:20:15,170.013807190944,8.481212862689656,2.1113417106586563,93.75360395692813,0.007802960851616131,LoRaWAN,STABLE_NETWORK,Stable network with low latency and packet loss
2025-04-10T10:38:45,165.13324828626696,24.925890580900187,1.9840363841339133,81.0073432614153,0.013405793553097737,HTTPS,STABLE_NETWORK,Stable network with low latency and packet loss
2025-04-10T05:43:34,500.199430145582,18.053253382709308,1.3171165918446026,96.36544640527845,0.010540833096746319,HTTPS,STABLE_NETWORK,Stable network with low latency and packet loss
2025-04-10T08:49:30,66.2756628758102,26.932783979285382,2.4736739159425536,76.06715876367119,0.006982607082081537,HTTPS,STABLE_NETWORK,Stable network with low latency and packet loss
2025-04-10T22:20:05,48.936432012080594,7.76747031877415,2.305035458741799,67.11479616223671,0.006556787939543828,LoRaWAN,STABLE_NETWORK,Stable network with low latency and packet loss
2025-04-10T23:29:31,75.88112574428038,20.383193595324542,1.7536546210955568,68.30592004760888,0.008534045223586268,HTTPS,STABLE_NETWORK,Stable network with low latency and packet loss
2025-04-10T14:39:09,191.33246714039032,9.265214594830141,1.5909601743385409,127.23321475948427,0.01603049614165918,LoRaWAN,STABLE_NETWORK,Stable network with low latency and packet loss
2025-04-10T17:07:43,2058.2150089283655,15.836188544852076,2.118484632163771,99.35692278799436,0.007198037748983897,LoRaWAN,STABLE_NETWORK,Stable network with low latency and packet loss
2025-04-10T11:07:03,395.09528149771324,21.944994996830363,1.3963887350996638,78.43232708745047,0.005253704067504194,HTTPS,STABLE_NETWORK,Stable network with low latency and packet loss
2025-04-10T12:54:01,77.12396934606393,30.53011974109626,1.5951909870488898,73.18481122197412,0.011577961451475341,MQTT,STABLE_NETWORK,Stable network with low latency and packet loss
2025-04-10T08:25:30,1677.7653139003273,33.53533046483612,1.550008763634092,80.71821741904294,0.00821357083998021,HTTPS,STABLE_NETWORK,Stable network with low latency and packet loss
2025-04-10T12:28:51,347.5140579111262,24.239756837331672,1.7545605021068453,47.73566549893134,0.006282283687008461,MQTT,STABLE_NETWORK,Stable network with low latency and packet loss
2025-04-10T10:07:12,631.3670037293656,16.396707217565158,1.848060064843088,113.28303905565288,0.00773901463517045,LoRaWAN,STABLE_NETWORK,Stable network with low latency and packet loss
2025-04-10T14:42:01,539.4981133436561,12.008099580634168,0.8683896688051196,59.733592261105414,0.012897691706515679,MQTT,STABLE_NETWORK,Stable network with low latency and packet loss
2025-04-10T10:41:58,10718.246879450633,17.62138686013689,2.373088697402233,60.85987281494815,0.007927004089918647,LoRaWAN,STABLE_NETWORK,Stable network with low latency and packet loss
2025-04-10T02:37:12,63.27990130947068,26.53455507351677,0.6837607590009629,97.22077614544807,0.02216896894362141,HTTPS,STABLE_NETWORK,Stable network with low latency and packet loss
2025-04-10T01:08:57,98.08080209050536,22.110133768669705,2.618488948105585,97.06559330550381,0.01152752999560544,HTTPS,STABLE_NETWORK,Stable network with low latency and packet loss
2025-04-10T12:00:37,346.99974278273606,19.03511747342683,3.3387082529081487,61.948683390731304,0.015183064919935933,MQTT,STABLE_NETWORK,Stable network with low latency and packet loss
2025-04-10T20:10:22,281.2868514092042,17.61057408105306,2.479942721431304,54.298015129734154,0.01257861985362311,MQTT,STABLE_NETWORK,Stable network with low latency and packet loss
2025-04-10T08:55:12,108.38211395511799,27.270821373886236,1.3263664723187345,80.20736431735781,0.008584158083925458,HTTPS,STABLE_NETWORK,Stable network with low latency and packet loss
2025-04-10T22:08:27,45.341767467499125,25.79879685383878,2.7042381608477086,57.901092667645045,0.009428748049457255,HTTPS,STABLE_NETWORK,Stable network with low latency and packet loss
2025-04-10T19:04:09,571.4632871071528,27.298849114178513,0.41473877965127226,95.70044061019502,0.004854086031621156,HTTPS,STABLE_NETWORK,Stable network with low latency and packet loss
2025-04-10T20:52:47,864.246594053214,14.371276106678192,2.5530447692079026,72.75237215370868,0.01962251863678697,MQTT,STABLE_NETWORK,Stable network with low latency and packet loss
2025-04-10T05:13:54,82.37467980919787,25.50855364370283,2.2054087872449686,63.721592373255945,0.014308304879267644,MQTT,STABLE_NETWORK,Stable network with low latency and packet loss
2025-04-10T04:49:39,1561.2961329797022,14.51047139316759,1.6281748234762399,84.025382185844,0.013221425902307477,LoRaWAN,STABLE_NETWORK,Stable network with low latency and packet loss
2025-04-10T15:56:51,352.23560155720656,17.55367972131737,3.0162198093352894,73.66595176634905,0.002852457928224697,LoRaWAN,STABLE_NETWORK,Stable network with low latency and packet loss
2025-04-10T00:51:07,210.03753479377855,16.964387895769875,1.5072322420645627,64.96365603502068,0.013391668233270298,MQTT,STABLE_NETWORK,Stable network with low latency and packet loss
2025-04-10T11:56:06,209.37495887885748,17.939552255553053,4.532886506327404,74.91278190184698,0.005870061183017289,LoRaWAN,STABLE_NETWORK,Stable network with low latency and packet loss
2025-04-10T18:30:31,333.8983395503566,18.921735414582656,2.7277134467783064,88.50265678593823,1.5031723601630423e-05,LoRaWAN,STABLE_NETWORK,Stable network with low latency and packet loss
2025-04-10T06:15:07,15.178915836062291,12.56701709392907,1.9365540300726474,78.19224634193235,0.0046660035951598434,LoRaWAN,STABLE_NETWORK,Stable network with low latency and packet loss
2025-04-10T06:03:08,80.06634997363876,23.903207606960812,3.0831516423834255,91.47366995987865,0.013913937557544914,MQTT,STABLE_NETWORK,Stable network with low latency and packet loss
2025-04-10T06:16:35,482.1256839884177,16.59003015838416,3.8134459776832816,107.12221547878778,0.010440438775461911,LoRaWAN,STABLE_NETWORK,Stable network with low latency and packet loss
2025-04-10T10:38:36,765.2922834770244,24.17760461849724,1.7657324248485433,78.17480377470122,0.007125620132377844,HTTPS,STABLE_NETWORK,Stable network with low latency and packet loss
2025-04-10T14:17:17,173.09012599062157,16.58292903494005,0.2820554275211822,71.44331824818897,0.014299639870936277,MQTT,STABLE_NETWORK,Stable network with low latency and packet loss
2025-04-10T07:57:29,255.73026269987793,25.433327332540934,1.6104200285372974,92.02113081941897,0.0108223671007957,HTTPS,STABLE_NETWORK,Stable network with low latency and packet loss
2025-04-10T06:36:43,139.3667881537173,25.289532392619197,1.445029373086621,95.14353366869058,0.010276502638574075,HTTPS,STABLE_NETWORK,Stable network with low latency and packet loss
2025-04-10T11:23:41,1795.9582414459974,18.29982479442967,1.8759284878139546,62.30573280437632,0.009050917523974576,CoAP,STABLE_NETWORK,Stable network with low latency and packet loss
2025-04-10T15:39:20,561.631423707705,16.948427804791557,2.816057484619453,84.46632582288859,0.013705468398612489,LoRaWAN,STABLE_NETWORK,Stable network with low latency and packet loss
2025-04-10T07:32:45,604.9083443065869,12.235605916923397,1.1834062470351272,68.48426899494514,0.015543831118173677,MQTT,STABLE_NETWORK,Stable network with low latency and packet loss
2025-04-10T19:32:59,905.7582114946015,13.942598265981408,1.8857588513591046,83.6815592808143,0.012856130696716433,LoRaWAN,STABLE_NETWORK,Stable network with low latency and packet loss
2025-04-10T14:04:24,460.43452696334595,16.10480296207712,2.3312630456988743,79.84890581682053,0.005007859147931727,LoRaWAN,STABLE_NETWORK,Stable network with low latency and packet loss
2025-04-10T05:47:30,110.37439827991071,6.93956409603868,2.131138908922598,64.435156356558,0.005574381520668353,LoRaWAN,STABLE_NETWORK,Stable network with low latency and packet loss
2025-04-10T01:30:18,451.48055280067814,22.571385739395275,2.0765983071684317,78.30930081563726,0.0077978446268143365,HTTPS,STABLE_NETWORK,Stable network with low latency and packet loss
2025-04-10T20:21:37,204.2949602913125,24.030140239634413,2.3178218316374286,69.55918121192951,0.012685384984324782,MQTT,STABLE_NETWORK,Stable network with low latency and packet loss
2025-04-10T06:14:52,28.884259955256585,11.080986416940979,0.9938595519429254,80.61980957747375,0.0042241576900949795,HTTPS,STABLE_NETWORK,Stable network with low latency and packet loss
2025-04-10T21:52:09,2825.39210935362,25.25104583040177,0.1509233289743186,57.66161082686341,0.021266858708958496,MQTT,STABLE_NETWORK,Stable network with low latency and packet loss
2025-04-10T04:47:49,382.16215614991944,19.7373159526791,1.7872515754665739,64.65639292844808,0.00936764858203167,HTTPS,STABLE_NETWORK,Stable network with low latency and packet loss
2025-04-10T08:05:17,84.50102252679311,26.06196275152887,3.623165922406147,78.07292347632128,0.014073512288479756,CoAP,STABLE_NETWORK,Stable network with low latency and packet loss
2025-04-10T11:22:12,779.2928140929798,11.519328175705997,2.562535971756518,70.93874777664797,0.016441308701793982,LoRaWAN,STABLE_NETWORK,Stable network with low latency and packet loss
2025-04-10T13:59:02,28.493629960025988,20.02591585561371,2.5897776047264283,92.41461886537587,0.0012412278377613335,HTTPS,STABLE_NETWORK,Stable network with low latency and packet loss
2025-04-10T09:59:38,102.0497377653524,23.607968296278976,1.7425277688342669,67.48228262263814,0.011633914758307,HTTPS,STABLE_NETWORK,Stable network with low latency and packet loss
2025-04-10T18:27:24,54.276830279257325,18.17173224549474,1.8238333116444745,80.82314312247559,0.008329843330394703,HTTPS,STABLE_NETWORK,Stable network with low latency and packet loss
2025-04-10T15:18:56,298.982470598875,14.62805471527157,1.5404324199684922,98.61298223497246,0.01352986839242024,LoRaWAN,STABLE_NETWORK,Stable network with low latency and packet loss
2025-04-10T11:19:43,317.77383379467454,18.997817957767158,2.1575013886564394,72.44671277771894,0.0007351605466065086,HTTPS,STABLE_NETWORK,Stable network with low latency and packet loss
2025-04-10T13:35:47,529.2325404522891,24.287267326911856,1.4982041847163603,53.951957008357645,0.017776416147117023,MQTT,STABLE_NETWORK,Stable network with low latency and packet loss
2025-04-10T09:43:39,759.1612938138871,15.784858584280778,2.899080003036197,70.85393995232567,0.013380273613012018,LoRaWAN,STABLE_NETWORK,Stable network with low latency and packet loss
2025-04-10T20:44:27,904.2853190867144,21.140310939764504,3.8241743569759237,84.49965264944166,0.008457248540554605,LoRaWAN,STABLE_NETWORK,Stable network with low latency and packet loss
2025-04-10T08:11:35,771.292049943452,13.840543238723319,1.912594483586505,77.55209937192369,0.013858699730180135,LoRaWAN,STABLE_NETWORK,Stable network with low latency and packet loss
2025-04-10T12:51:47,78.88213941021989,26.183175458917937,0.13142302860276756,92.00109388911386,0.013608055369597794,HTTPS,STABLE_NETWORK,Stable network with low latency and packet loss
2025-04-10T19:39:58,181.04944808869453,24.961485008096982,2.390357122995705,74.19300386415352,0.004984317622072856,HTTPS,STABLE_NETWORK,Stable network with low latency and packet loss
2025-04-10T19:38:49,46.935683967343984,22.24529861236581,2.716147403476281,94.75692459821285,0.00561177710265778,HTTPS,STABLE_NETWORK,Stable network with low latency and packet loss
2025-04-10T20:11:10,68.09289534575629,27.340525342382794,2.9582848623156837,88.32353871202675,0.010514695398542856,HTTPS,STABLE_NETWORK,Stable network with low latency and packet loss
2025-04-10T04:06:35,288.64788300956144,14.310643558738589,1.9544398631012807,96.22913757208748,0.008888234870138054,LoRaWAN,STABLE_NETWORK,Stable network with low latency and packet loss
2025-04-10T10:19:32,373.2386676452258,21.941901906462512,4.1691208797639305,55.45230466185242,0.0026163396785224436,CoAP,STABLE_NETWORK,Stable network with low latency and packet loss
2025-04-10T03:10:46,440.20407464108433,19.32786217654329,2.146533657489534,117.01654578621148,0.008095353639761965,LoRaWAN,STABLE_NETWORK,Stable network with low latency and packet loss
2025-04-10T01:55:44,168.70401965830027,15.823284219422169,2.4725115569358547,80.24328977859528,0.009063184079613418,LoRaWAN,STABLE_NETWORK,Stable network with low latency and packet loss
2025-04-10T10:45:39,287.5021564593293,12.04182030092424,1.9536666796069975,73.10505967467685,0.013948044831239688,MQTT,STABLE_NETWORK,Stable network with low latency and packet loss
2025-04-10T05:36:57,176.2957309934848,17.586784953059258,1.3420501828893516,79.40448489907315,0.008683152019014423,HTTPS,STABLE_NETWORK,Stable network with low latency and packet loss
2025-04-10T01:43:47,114.90343571515791,24.008589216545413,3.3035763570325662,73.67208176297376,0.012751316395692599,CoAP,STABLE_NETWORK,Stable network with low latency and packet loss
2025-04-10T02:08:45,285.2111766861507,15.073918158979623,2.8452319346918564,67.59110410137288,0.00701276972513056,LoRaWAN,STABLE_NETWORK,Stable network with low latency and packet loss
2025-04-10T05:50:50,443.1947752808844,23.956559639793333,0.9060167478821708,66.01128941640147,0.010901449134620551,HTTPS,STABLE_NETWORK,Stable network with low latency and packet loss
2025-04-10T02:12:49,150.4712187593728,13.29448276087557,4.289203374741129,69.15325838597114,0.007542282328135749,LoRaWAN,STABLE_NETWORK,Stable network with low latency and packet loss
2025-04-10T15:44:38,255.71568726465003,24.372404313167756,1.4794367525057366,54.179508652166064,0.008195720998196826,MQTT,STABLE_NETWORK,Stable network with low latency and packet loss
2025-04-10T14:41:46,51.543715715170855,13.65134787090928,1.6134397062182944,85.12275219370451,0.012438249728268026,LoRaWAN,STABLE_NETWORK,Stable network with low latency and packet loss
2025-04-10T08:59:14,86.82376415975965,18.22750606596952,2.7934547888189627,75.68515603105119,0.0054169726145578126,LoRaWAN,STABLE_NETWORK,Stable network with low latency and packet loss
2025-04-10T12:05:36,1391.8512163477733,21.870352473818876,1.1516016913755835,72.95292275573192,0.0054991114343109024,HTTPS,STABLE_NETWORK,Stable network with low latency and packet loss
2025-04-10T16:46:30,577.1369044722599,9.143413805183044,2.364326221080064,73.63385096920518,0.011842872629581525,LoRaWAN,STABLE_NETWORK,Stable network with low latency and packet loss
2025-04-10T12:10:47,364.7693954730778,18.857109134796488,1.7114885451111221,63.04357170561438,0.007164953777809787,HTTPS,STABLE_NETWORK,Stable network with low latency and packet loss
2025-04-10T14:39:05,676.6115010129438,9.515008470891383,2.019589913980079,62.16655771589804,0.011693361871417654,LoRaWAN,STABLE_NETWORK,Stable network with low latency and packet loss
2025-04-10T23:13:05,2196.20365508983,20.821795131066892,1.7177895442739493,82.45424747729984,0.009644697477000632,HTTPS,STABLE_NETWORK,Stable network with low latency and packet loss
2025-04-10T05:33:33,78.487148517677,23.153084910753304,1.2604388491329344,83.79936053661473,0.009185427869904082,HTTPS,STABLE_NETWORK,Stable network with low latency and packet loss
2025-04-10T02:12:52,91.09838947511463,17.974422963546825,2.8317288354346464,108.95103408102236,0.008792997997893749,LoRaWAN,STABLE_NETWORK,Stable network with low latency and packet loss
2025-04-10T04:39:17,1433.6262423731873,21.410979370516007,1.1685592320589944,86.11463352488244,0.0028584632501808434,HTTPS,STABLE_NETWORK,Stable network with low latency and packet loss
2025-04-10T03:53:48,188.10941459196997,22.616091992487075,0.8380710012168557,94.87258234284057,0.00985416732036017,HTTPS,STABLE_NETWORK,Stable network with low latency and packet loss
2025-04-10T18:32:56,334.1621845960136,27.019040509920295,1.5593161616262567,97.3289388660289,0.009325130359204015,HTTPS,STABLE_NETWORK,Stable network with low latency and packet loss
2025-04-10T21:53:10,980.248864353882,16.327325997453997,1.3448419265527036,100.45747942440231,0.007820129040848726,LoRaWAN,STABLE_NETWORK,Stable network with low latency and packet loss
2025-04-10T11:38:09,175.35909134878358,16.629505263799018,3.358504266473367,61.54458721163664,0.001741600050485806,LoRaWAN,STABLE_NETWORK,Stable network with low latency and packet loss
2025-04-10T02:22:22,359.9648207404509,16.194033946857466,2.596082379133538,94.91520870113585,0.007932427513414128,LoRaWAN,STABLE_NETWORK,Stable network with low latency and packet loss
2025-04-10T23:15:36,181.06842045013522,26.685553944799167,2.3232237076129136,70.64566250876268,0.017370508849884347,MQTT,STABLE_NETWORK,Stable network with low latency and packet loss
2025-04-10T13:31:27,326.2674766897776,27.900819219748062,1.545635151437707,58.884043836919226,0.006899514023934401,MQTT,STABLE_NETWORK,Stable network with low latency and packet loss
2025-04-10T18:31:17,115.43418742639268,14.471530615205548,0.8924111325871611,74.69170988513658,0.0007337000128963787,HTTPS,STABLE_NETWORK,Stable network with low latency and packet loss
2025-04-10T07:54:18,1469.6299763350555,10.784129005252062,2.1399438796163563,79.203697266956,0.011235440683738782,LoRaWAN,STABLE_NETWORK,Stable network with low latency and packet loss
2025-04-10T06:57:13,1418.6129243866042,13.993562082362164,1.2005645249691792,75.0439532744373,0.004631745104070971,LoRaWAN,STABLE_NETWORK,Stable network with low latency and packet loss
2025-04-10T16:12:57,257.73172523949404,9.62234963289994,2.0132409025884743,64.79829071403658,0.010907051992603566,LoRaWAN,STABLE_NETWORK,Stable network with low latency and packet loss
2025-04-10T23:25:01,539.3495908392873,21.88070197951268,2.4437995141505198,90.62368578374165,0.006338839520392048,HTTPS,STABLE_NETWORK,Stable network with low latency and packet loss
2025-04-10T09:40:03,155.48838264837286,20.290690963282465,0.6302430681809987,67.69043547832348,0.006916977516961355,MQTT,STABLE_NETWORK,Stable network with low latency and packet loss
2025-04-10T06:14:43,112.0461645033813,23.95846710777997,1.0595240277487985,91.02843581634568,0.011193230069497174,HTTPS,STABLE_NETWORK,Stable network with low latency and packet loss
2025-04-10T01:33:49,1005.6858058886751,21.15986475949344,1.969637751304712,78.88026978938618,0.013776403565624479,HTTPS,STABLE_NETWORK,Stable network with low latency and packet loss
2025-04-10T10:27:32,126.61014296819775,11.654783481076976,2.363026982162713,72.37648498814488,0.00981259814641767,LoRaWAN,STABLE_NETWORK,Stable network with low latency and packet loss
2025-04-10T06:16:08,148.3601471365076,18.891578270436824,2.3533660892264634,59.684211072964615,0.00646416636554517,CoAP,STABLE_NETWORK,Stable network with low latency and packet loss
2025-04-10T09:30:21,158.2890418342918,30.001137284179848,3.7459318034502553,66.57773690978142,0.006432868599324801,HTTPS,STABLE_NETWORK,Stable network with low latency and packet loss
2025-04-10T11:35:37,1182.0226508090939,19.87966713127899,0.8977815729148466,89.25957069138829,0.027364450215454972,MQTT,STABLE_NETWORK,Stable network with low latency and packet loss
2025-04-10T03:52:31,59.646315342547005,14.815342062541294,0.07545235664662187,83.78396780242483,0.009305498380614523,MQTT,STABLE_NETWORK,Stable network with low latency and packet loss
2025-04-10T20:38:42,1026.249953942986,18.722622905799305,2.170866409047028,86.2709082309012,0.012541226753900205,LoRaWAN,STABLE_NETWORK,Stable network with low latency and packet loss
2025-04-10T15:36:01,464.5787083237479,5.497265801646044,1.9721205944135591,58.07543846690584,0.005818985327995597,LoRaWAN,STABLE_NETWORK,Stable network with low latency and packet loss
2025-04-10T05:43:42,82.87228885378529,15.91761183102415,2.0718127453454542,79.92385691336823,0.008275804579997723,LoRaWAN,STABLE_NETWORK,Stable network with low latency and packet loss
2025-04-10T07:06:10,362.9489967969444,16.123143645224342,2.179690606518298,80.29592518316285,0.006564223242686445,LoRaWAN,STABLE_NETWORK,Stable network with low latency and packet loss
2025-04-10T11:02:44,441.25771779293007,20.969444127778956,1.6989696323185683,76.6554563227679,0.015265274776254643,MQTT,STABLE_NETWORK,Stable network with low latency and packet loss
2025-04-10T02:03:04,129.66591418381,15.107032877844942,1.9050443101012844,98.27985071423245,0.022941174747155214,MQTT,STABLE_NETWORK,Stable network with low latency and packet loss
2025-04-10T15:14:58,183.25910202638758,16.365831103199593,3.503132228549361,76.84899164556974,0.017279473876982622,LoRaWAN,STABLE_NETWORK,Stable network with low latency and packet loss
2025-04-10T09:59:29,190.8431482606635,18.50692237675056,1.9557316827671758,65.38154133069057,0.016264843088986403,MQTT,STABLE_NETWORK,Stable network with low latency and packet loss
2025-04-10T08:07:56,2006.499983146571,15.488667261762112,2.9677133046581377,83.56974895464948,0.015405595712012353,LoRaWAN,STABLE_NETWORK,Stable network with low latency and packet loss
2025-04-10T16:28:07,406.16809663817963,17.51868516442736,1.47463956071272,81.17767523929616,0.01093619697598574,MQTT,STABLE_NETWORK,Stable network with low latency and packet loss
2025-04-10T19:09:08,20.126621653282854,13.53600341650764,3.3048822796144677,71.64080501931507,0.007786811788710638,LoRaWAN,STABLE_NETWORK,Stable network with low latency and packet loss
2025-04-10T01:22:40,595.9980008837294,20.924127587542795,0.1134244164810776,45.164056575679496,0.011356302798559533,MQTT,STABLE_NETWORK,Stable network with low latency and packet loss
2025-04-10T11:02:00,1912.0854532078422,21.41985590823529,3.1267678941018318,81.28294975036233,0.0046228400443563775,LoRaWAN,STABLE_NETWORK,Stable network with low latency and packet loss
2025-04-10T23:46:13,612.8534326040605,19.71749085414411,2.169780554965418,77.21924532217852,0.006884137167971481,HTTPS,STABLE_NETWORK,Stable network with low latency and packet loss
2025-04-10T12:57:14,142.96695669528359,21.47996938986468,1.890990783649125,80.60287178082336,0.009400657601179642,HTTPS,STABLE_NETWORK,Stable network with low latency and packet loss
2025-04-10T06:54:33,825.0709296136133,24.424280007679886,1.5949071013012204,90.32565768297565,0.01798225820964209,HTTPS,STABLE_NETWORK,Stable network with low latency and packet loss
2025-04-10T00:48:06,207.61892276285516,21.160996592616446,2.341270778187816,74.34500248112833,0.010646579075587515,HTTPS,STABLE_NETWORK,Stable network with low latency and packet loss
2025-04-10T00:35:55,80.09448094441612,13.953496042977878,1.6085971468142357,100.86884721194367,0.014737823480784756,LoRaWAN,STABLE_NETWORK,Stable network with low latency and packet loss
2025-04-10T19:41:02,208.2137100782844,23.330898290215693,0.9743443636125386,98.93999553586896,0.01982908942705643,MQTT,STABLE_NETWORK,Stable network with low latency and packet loss
2025-04-10T10:36:01,1104.0067844964403,21.384890146031502,0.11006346029098957,65.63805822221678,0.013730015168900878,MQTT,STABLE_NETWORK,Stable network with low latency and packet loss
2025-04-10T06:31:17,352.9316515059811,24.655408788253247,3.189549394879295,63.18610991841214,0.00977301802510155,CoAP,STABLE_NETWORK,Stable network with low latency and packet loss
2025-04-10T08:22:00,352.91573418427873,10.438548527656447,1.780626341094957,102.60934505280497,0.011170886058519984,LoRaWAN,STABLE_NETWORK,Stable network with low latency and packet loss
2025-04-10T12:45:31,1540.8620053751752,18.58329368035455,2.6979874411405325,83.25266268736364,0.010870808091406548,LoRaWAN,STABLE_NETWORK,Stable network with low latency and packet loss
2025-04-10T10:49:06,18.943291422425336,24.007110982804928,1.8272423032017189,81.11807608591532,0.014408144095854742,MQTT,STABLE_NETWORK,Stable network with low latency and packet loss
2025-04-10T01:55:32,305.1883391367515,20.187465549468822,1.8285646318213762,80.48372443826318,0.00683118191467434,HTTPS,STABLE_NETWORK,Stable network with low latency and packet loss
2025-04-10T16:09:58,888.7375792881218,16.914418093309862,1.7569954427599053,65.76437381383825,0.013420006500157669,MQTT,STABLE_NETWORK,Stable network with low latency and packet loss
2025-04-10T20:13:42,310.3337799885833,18.824453736217556,1.9577014796228545,78.08189692421946,0.018214448244898686,MQTT,STABLE_NETWORK,Stable network with low latency and packet loss
2025-04-10T17:15:09,90.8659050348143,18.074461755834847,3.104001725435515,87.76809783916053,0.0032526315032312333,LoRaWAN,STABLE_NETWORK,Stable network with low latency and packet loss
2025-04-10T20:15:32,69.94921248552706,22.826605335990152,1.9741078064201962,95.08773897147003,0.016148600567149514,HTTPS,STABLE_NETWORK,Stable network with low latency and packet loss
2025-04-10T11:47:25,572.6318097506735,19.64546725303371,2.2314643571876527,74.70704922309355,0.008892225670316414,CoAP,STABLE_NETWORK,Stable network with low latency and packet loss
2025-04-10T10:22:30,1864.2895946251099,19.41020987389238,2.543018520655621,62.40228408812483,0.01131822106984534,LoRaWAN,STABLE_NETWORK,Stable network with low latency and packet loss
2025-04-10T17:17:29,1641.3304846513558,28.645921983570023,2.2118242871592906,44.284963378434774,0.016264530755619212,MQTT,STABLE_NETWORK,Stable network with low latency and packet loss
2025-04-10T20:33:04,318.547369634397,21.68098078905168,0.8213072198573317,86.6343959750495,0.01867516166787395,MQTT,STABLE_NETWORK,Stable network with low latency and packet loss
2025-04-10T10:25:53,3583.7828971223767,19.025991537216928,3.3100896418902686,67.17276101369683,0.01041897721401907,LoRaWAN,STABLE_NETWORK,Stable network with low latency and packet loss
2025-04-10T17:59:06,829.4309941098953,18.00805837815019,1.5848804936764305,57.9674907222643,0.0007710107670793505,CoAP,STABLE_NETWORK,Stable network with low latency and packet loss
2025-04-10T18:29:37,457.82248511667154,12.235249352131449,1.071188406320649,75.91276594167718,0.013938673655333418,MQTT,STABLE_NETWORK,Stable network with low latency and packet loss
2025-04-10T17:43:33,1012.2613374037347,23.43640302486305,2.3819978413604073,88.84719467255113,0.018232583901888526,HTTPS,STABLE_NETWORK,Stable network with low latency and packet loss
2025-04-10T13:02:34,72.66235870653199,20.03844032630047,1.3346846221335715,79.96630307331968,0.016794054428179855,MQTT,STABLE_NETWORK,Stable network with low latency and packet loss
2025-04-10T17:58:44,152.7630927019155,11.72151648102573,2.5180106552499226,102.39250329935169,0.016347921987781473,LoRaWAN,STABLE_NETWORK,Stable network with low latency and packet loss
2025-04-10T16:42:26,1091.1477314336807,20.42203596165959,1.9894306013345575,76.83400434210076,0.011174143859642622,HTTPS,STABLE_NETWORK,Stable network with low latency and packet loss
2025-04-10T19:25:32,156.87012662763698,21.19281663145837,2.90149908801886,63.50375573055769,0.0049981053776890095,CoAP,STABLE_NETWORK,Stable network with low latency and packet loss
2025-04-10T20:15:36,1531.0027725935745,20.577326518997793,2.8083104331919015,65.05339459414151,0.008504486561676225,LoRaWAN,STABLE_NETWORK,Stable network with low latency and packet loss
2025-04-10T19:03:56,429.95434664352393,20.9815369091231,2.635550234513122,65.34275595188666,0.017267669233751073,MQTT,STABLE_NETWORK,Stable network with low latency and packet loss
2025-04-10T22:38:06,361.2572099269401,14.717903888670342,1.2595510781353378,95.11102098313874,0.0037490123587026617,LoRaWAN,STABLE_NETWORK,Stable network with low latency and packet loss
2025-04-10T12:44:52,101.48050104752063,12.059340802633923,2.36762107996206,97.12689692534012,0.014013015130028719,LoRaWAN,STABLE_NETWORK,Stable network with low latency and packet loss
2025-04-10T20:39:11,85.35945717796875,19.35579431177976,2.1039282945373228,53.76674678088422,0.0004829796162664525,CoAP,STABLE_NETWORK,Stable network with low latency and packet loss
2025-04-10T15:48:34,110.52348891442537,21.43401132866109,2.81790324746377,85.82150866727103,0.012084348606282371,LoRaWAN,STABLE_NETWORK,Stable network with low latency and packet loss
2025-04-10T18:46:39,508.8978433488693,16.53474502391174,2.0869080568697265,79.40252325468904,0.00953152288996977,LoRaWAN,STABLE_NETWORK,Stable network with low latency and packet loss
2025-04-10T06:33:27,63.75064350477115,19.902255627656796,2.7636743277050577,82.9687178742411,0.008240974593914398,LoRaWAN,STABLE_NETWORK,Stable network with low latency and packet loss
2025-04-10T13:57:18,685.2281632610046,14.947847059436484,1.6547075161072806,52.918916855989806,0.011251958065658737,MQTT,STABLE_NETWORK,Stable network with low latency and packet loss
2025-04-10T17:16:25,403.69063428938716,19.68577413340687,0.7991588147983624,61.98928270513073,0.011168886528162156,MQTT,STABLE_NETWORK,Stable network with low latency and packet loss
2025-04-10T08:01:11,413.1780432280456,20.50255334413291,1.835774458535998,83.02355103281973,0.003704357252918393,HTTPS,STABLE_NETWORK,Stable network with low latency and packet loss
2025-04-10T19:38:18,111.32479852276448,17.562487423324672,1.2539439654686442,72.98429705786208,0.012829801588387337,MQTT,STABLE_NETWORK,Stable network with low latency and packet loss
2025-04-10T18:56:15,658.7028310651825,25.09771051251294,2.618310436567751,107.79836543150284,0.006924944108401401,LoRaWAN,STABLE_NETWORK,Stable network with low latency and packet loss
2025-04-10T18:44:12,277.94522278586305,22.880223816703438,2.3170830438967296,94.14630897379536,0.01735127231525576,MQTT,STABLE_NETWORK,Stable network with low latency and packet loss
2025-04-10T10:28:58,124.9740552393724,10.555979292975273,2.2407544568080877,75.08901289586986,0.0032233355927851473,LoRaWAN,STABLE_NETWORK,Stable network with low latency and packet loss
2025-04-10T02:20:23,68.85993822204746,20.376762662407607,1.6664929550136014,86.04642193735188,0.013433623683631785,HTTPS,STABLE_NETWORK,Stable network with low latency and packet loss
2025-04-10T13:51:19,875.7812830262587,19.22764233493217,0.46835520328669755,73.42384371425223,0.02520085080153488,HTTPS,STABLE_NETWORK,Stable network with low latency and packet loss
2025-04-10T22:27:49,143.45906987833737,23.072423231770134,1.2445829893855564,61.919541800728936,0.008944370645695695,MQTT,STABLE_NETWORK,Stable network with low latency and packet loss
2025-04-10T10:16:10,168.13523328747993,15.075225748073269,1.6545213736872306,100.42757787625068,0.02058029093440531,MQTT,STABLE_NETWORK,Stable network with low latency and packet loss
2025-04-10T22:50:38,207.71740151701408,14.949208528836982,1.2585328171053767,68.76537794715115,0.00928558795284927,MQTT,STABLE_NETWORK,Stable network with low latency and packet loss
2025-04-10T01:28:54,220.68640983239797,20.87826107799292,2.0160570213354423,120.29942712533068,0.009744230596416735,LoRaWAN,STABLE_NETWORK,Stable network with low latency and packet loss
2025-04-10T21:22:59,1782.9882337286367,20.089802069534954,1.2479485495459053,71.70514499342666,0.012307758151798609,MQTT,STABLE_NETWORK,Stable network with low latency and packet loss
2025-04-10T14:45:23,352.36039345676556,19.89077884714489,1.864994359575653,71.6406355118436,0.010257980190902393,MQTT,STABLE_NETWORK,Stable network with low latency and packet loss
2025-04-10T11:12:27,314.2486745404697,17.33384294569708,1.8497214727550564,96.98281282344648,0.0029005215744295192,LoRaWAN,STABLE_NETWORK,Stable network with low latency and packet loss
2025-04-10T13:59:57,5.54275624635735,16.858632919472093,1.1255108924687458,98.67566695480323,0.015287354078528853,LoRaWAN,STABLE_NETWORK,Stable network with low latency and packet loss
2025-04-10T08:56:17,1208.357532331877,19.40287988215857,1.0031489828959246,79.97270771871034,0.005761687539282312,HTTPS,STABLE_NETWORK,Stable network with low latency and packet loss
2025-04-10T00:47:06,1551.9255820493843,15.998401273264488,2.2821271738787803,71.60323868328013,0.009027241714124275,LoRaWAN,STABLE_NETWORK,Stable network with low latency and packet loss
2025-04-10T19:55:36,372.57910559584246,18.98186301516477,1.0406797686962337,115.10261090852275,0.004222777588466471,MQTT,STABLE_NETWORK,Stable network with low latency and packet loss
2025-04-10T01:56:22,65.70733641341644,24.7079699221605,2.4833884626647307,85.03352591643771,0.013437540555755554,HTTPS,STABLE_NETWORK,Stable network with low latency and packet loss
2025-04-10T07:17:27,354.1394059603879,17.160034194249548,1.7095388881159734,87.83366152379806,0.014312496148534987,LoRaWAN,STABLE_NETWORK,Stable network with low latency and packet loss
2025-04-10T09:53:19,1413.0376874203025,16.078717792199768,1.9861139597494002,71.15093708953795,0.018067270823968133,MQTT,STABLE_NETWORK,Stable network with low latency and packet loss
2025-04-10T21:34:13,17.01144021767325,20.649220294844213,0.9992790995177447,74.82133716031953,0.009215116021185516,MQTT,STABLE_NETWORK,Stable network with low latency and packet loss
2025-04-10T02:15:28,132.99538353721647,23.69328150625174,1.8840222308339247,57.430671476982035,0.002930265521827827,HTTPS,STABLE_NETWORK,Stable network with low latency and packet loss
2025-04-10T15:13:59,7280.00059508148,23.483115245200317,1.4962769394710338,77.48670724009827,0.00846663419264023,CoAP,STABLE_NETWORK,Stable network with low latency and packet loss
2025-04-10T07:52:43,355.81469809428086,15.17252386547624,0.8899322200388518,46.08296273275942,0.008766540852330487,MQTT,STABLE_NETWORK,Stable network with low latency and packet loss
2025-04-10T17:43:49,229.82593494337047,21.169913802696087,0.3230790139094828,47.22863648366439,0.010912229977989348,MQTT,STABLE_NETWORK,Stable network with low latency and packet loss
2025-04-10T07:16:40,103.79333760852212,25.114846868442076,2.2687587562393334,92.96722761952027,0.003572466861178839,HTTPS,STABLE_NETWORK,Stable network with low latency and packet loss
2025-04-10T20:12:13,2086.240641371499,21.659602444367856,1.1181243219543848,89.21214090785021,0.0015327571766436017,LoRaWAN,STABLE_NETWORK,Stable network with low latency and packet loss
2025-04-10T04:34:43,249.4410147336696,19.282070687630444,1.939263967088289,72.10314109818408,0.006263820122409292,LoRaWAN,STABLE_NETWORK,Stable network with low latency and packet loss
2025-04-10T07:10:40,952.8091511270752,16.19289842676791,3.8211507466138177,90.83552109418999,0.01284742276896957,LoRaWAN,STABLE_NETWORK,Stable network with low latency and packet loss
2025-04-10T20:01:40,902.9894338146464,17.133622660033286,2.605652618832713,78.61378203509541,0.005798140478702392,LoRaWAN,STABLE_NETWORK,Stable network with low latency and packet loss
2025-04-10T08:59:40,277.9727406301584,14.875164336230412,4.11602298407127,58.29477630626728,0.006946382088160192,LoRaWAN,STABLE_NETWORK,Stable network with low latency and packet loss
2025-04-10T05:58:00,390.0757008613952,9.84352689710368,2.3161675844067258,88.24445486794322,0.013068367518298808,LoRaWAN,STABLE_NETWORK,Stable network with low latency and packet loss
2025-04-10T09:44:00,78.2471941323874,24.24859501594314,2.1960227347775656,94.07174632144776,0.006802859895265937,HTTPS,STABLE_NETWORK,Stable network with low latency and packet loss
2025-04-10T15:16:40,199.32528751760233,9.887757985809788,1.9167070458075541,81.28758079311847,0.012183402574331523,LoRaWAN,STABLE_NETWORK,Stable network with low latency and packet loss
2025-04-10T22:33:22,350.69673796192154,6.215929202389306,0.7658579189537635,67.15291448810628,0.01612132564407047,MQTT,STABLE_NETWORK,Stable network with low latency and packet loss
2025-04-10T02:16:47,320.59908014557624,18.23228307797279,2.1862282213558952,72.73883714363114,0.006322157674378514,LoRaWAN,STABLE_NETWORK,Stable network with low latency and packet loss
2025-04-10T08:51:44,315.383383575922,14.82489975820624,1.6127606064715097,82.268237685031,0.00884390559131928,LoRaWAN,STABLE_NETWORK,Stable network with low latency and packet loss
2025-04-10T02:29:11,726.3336342604033,16.556087176267926,1.2830792884239497,61.66366809979111,0.007223209142502079,MQTT,STABLE_NETWORK,Stable network with low latency and packet loss
2025-04-10T09:46:35,26.630434175361394,19.68200180060914,3.195503352517524,91.149892771897,0.004484298578057251,LoRaWAN,STABLE_NETWORK,Stable network with low latency and packet loss
2025-04-10T01:07:02,64.76881874708401,23.025926175044777,1.3735399130539745,127.742257022626,0.006581528586599626,LoRaWAN,STABLE_NETWORK,Stable network with low latency and packet loss
2025-04-10T09:41:39,287.87061353316244,17.80974350546475,0.8981493324413479,69.95664871111896,0.005476894461464231,HTTPS,STABLE_NETWORK,Stable network with low latency and packet loss
2025-04-10T03:26:38,78.71066267657623,26.71887998234334,1.571016282534944,61.90426467279828,0.008681511050232424,MQTT,STABLE_NETWORK,Stable network with low latency and packet loss
2025-04-10T03:42:47,301.34319910675845,22.987876821095984,0.7001144494121969,74.79430453058953,0.0016862224106829523,HTTPS,STABLE_NETWORK,Stable network with low latency and packet loss
2025-04-10T23:36:46,132.7106512241877,22.729015157763374,1.2485455215446608,58.61186902284062,0.015256283735848745,MQTT,STABLE_NETWORK,Stable network with low latency and packet loss
2025-04-10T03:25:51,279.13993849781644,20.9327123133217,1.7264239326056596,62.15172493417819,0.010390669672793226,MQTT,STABLE_NETWORK,Stable network with low latency and packet loss
2025-04-10T21:47:47,631.4969114792133,19.33158637409847,3.335816763967965,89.15844141160044,0.009825071183825761,LoRaWAN,STABLE_NETWORK,Stable network with low latency and packet loss
2025-04-10T07:01:40,308.97801537491034,17.704985399232168,2.839427110286889,95.14907061489947,0.019588682793204464,LoRaWAN,STABLE_NETWORK,Stable network with low latency and packet loss
2025-04-10T01:21:32,374.7021358145073,14.28699160630315,1.3820992666788237,110.19294869300799,0.022858189520047277,LoRaWAN,STABLE_NETWORK,Stable network with low latency and packet loss
2025-04-10T21:02:22,153.37221919507218,20.916668387614678,2.1093223884041272,89.99519137037802,0.008634119293264656,LoRaWAN,STABLE_NETWORK,Stable network with low latency and packet loss
2025-04-10T23:13:42,83.27479983982799,24.085360085810393,3.246896401232279,70.9485316906296,0.012368347750644408,LoRaWAN,STABLE_NETWORK,Stable network with low latency and packet loss
2025-04-10T06:28:37,206.3910389475997,13.61116586313301,2.5852714131620536,81.92788030700632,0.016490666588711046,LoRaWAN,STABLE_NETWORK,Stable network with low latency and packet loss
2025-04-10T09:57:49,474.6022954618198,21.1210983711985,1.2755485341322441,72.23914985988017,0.01833346659020845,MQTT,STABLE_NETWORK,Stable network with low latency and packet loss
2025-04-10T16:47:29,624.6376394648939,23.734298860522316,2.619330603342631,87.58492939996853,0.01141463390660739,LoRaWAN,STABLE_NETWORK,Stable network with low latency and packet loss
2025-04-10T06:26:12,1058.097962741148,25.154347756534506,1.9203326608112867,85.40150141772291,0.016146667591090465,HTTPS,STABLE_NETWORK,Stable network with low latency and packet loss
2025-04-10T00:52:08,90.5988681171332,19.915042516858968,3.2967987887848507,82.63616340220662,0.007295246933464743,LoRaWAN,STABLE_NETWORK,Stable network with low latency and packet loss
2025-04-10T09:07:52,926.6017832876553,17.969963824059406,0.886102387761418,62.0888557459655,0.017123205476374418,MQTT,STABLE_NETWORK,Stable network with low latency and packet loss
2025-04-10T17:16:59,377.07555791791975,17.737569352637287,1.1876840214567967,68.7712595828978,0.0024557780352645773,HTTPS,STABLE_NETWORK,Stable network with low latency and packet loss
2025-04-10T19:50:17,391.12886824378097,14.55830841608607,2.050810366173598,82.16624810285138,0.01657725421755011,LoRaWAN,STABLE_NETWORK,Stable network with low latency and packet loss
2025-04-10T18:09:00,97.35600666300866,9.978840118072096,1.2788737364255294,99.24139782403256,0.016346625192822144,LoRaWAN,STABLE_NETWORK,Stable network with low latency and packet loss
2025-04-10T21:38:25,568.9986185497776,27.016889956372754,3.0784494599778114,81.2822753074068,0.008315074120806877,HTTPS,STABLE_NETWORK,Stable network with low latency and packet loss
2025-04-10T07:04:03,385.82838274098634,11.643178458695923,3.2436740174094716,74.43070964383666,0.0050885893003428,LoRaWAN,STABLE_NETWORK,Stable network with low latency and packet loss
2025-04-10T09:49:57,108.13287041489534,17.50482611407697,3.0171108395647357,40.85236124925651,0.007408586572704775,MQTT,STABLE_NETWORK,Stable network with low latency and packet loss
2025-04-10T14:10:24,416.8192538509151,26.6903243995875,1.6277421911095324,63.41033361849331,0.01572221324421642,MQTT,STABLE_NETWORK,Stable network with low latency and packet loss
2025-04-10T03:51:49,494.71973315107795,18.99093857738623,2.589958036891934,88.07069432662632,0.006925626701995682,LoRaWAN,STABLE_NETWORK,Stable network with low latency and packet loss
2025-04-10T01:18:57,228.4688437607452,12.611232707813405,3.0124814382117324,80.45472451537083,0.008994604604089605,LoRaWAN,STABLE_NETWORK,Stable network with low latency and packet loss
2025-04-10T05:28:40,81.1176486847039,20.17823146441413,0.6855289821962829,74.98838186899509,0.010956286585539437,MQTT,STABLE_NETWORK,Stable network with low latency and packet loss
2025-04-10T01:14:45,564.1556922790138,25.083053568265598,2.2673792676175695,82.8751697868825,0.013503431526688876,MQTT,STABLE_NETWORK,Stable network with low latency and packet loss
2025-04-10T23:45:46,114.28656232268041,22.48726562053446,2.6190552588163762,73.7414242101016,0.010941624751977921,LoRaWAN,STABLE_NETWORK,Stable network with low latency and packet loss
2025-04-10T16:23:04,1083.8967381648229,19.367226543732954,1.2105567936082728,64.96043338627274,0.014424417398300693,MQTT,STABLE_NETWORK,Stable network with low latency and packet loss
2025-04-10T13:15:58,155.37455642336243,18.59827315129004,1.0819548046682428,89.0158518102165,0.011145267997155647,LoRaWAN,STABLE_NETWORK,Stable network with low latency and packet loss
2025-04-10T01:05:45,343.85347105853293,25.437289051006914,1.7702702453416999,91.46804980832366,0.013350981135156146,HTTPS,STABLE_NETWORK,Stable network with low latency and packet loss
2025-04-10T19:10:30,1452.4587591121938,14.400491775269652,0.6411305502359752,80.51098306873335,0.008436625095226363,LoRaWAN,STABLE_NETWORK,Stable network with low latency and packet loss
2025-04-10T14:04:56,149.65969389488765,14.004234313364764,1.56179269971848,39.413681882317356,0.012427741549488287,MQTT,STABLE_NETWORK,Stable network with low latency and packet loss
2025-04-10T08:39:31,377.5327122987771,10.38282889503223,1.3575796254464265,71.58233647960255,0.012245148315453125,LoRaWAN,STABLE_NETWORK,Stable network with low latency and packet loss
2025-04-10T11:31:07,701.247538101323,21.157676656260985,2.767592201314637,98.43935505330656,0.0056400934649709815,LoRaWAN,STABLE_NETWORK,Stable network with low latency and packet loss
2025-04-10T01:53:36,47.39096053956899,14.171509320857524,1.7519156110632488,96.52236208520021,0.005736457499074478,LoRaWAN,STABLE_NETWORK,Stable network with low latency and packet loss
2025-04-10T19:57:19,461.12762520707673,16.18295877602767,2.5482421301460905,63.038979598419544,0.015600657411754608,MQTT,STABLE_NETWORK,Stable network with low latency and packet loss
2025-04-10T10:42:05,90.57868883582685,24.26379836722507,1.3836407240827042,73.54788097228146,0.007654609730475532,HTTPS,STABLE_NETWORK,Stable network with low latency and packet loss
2025-04-10T01:41:07,2405.1611803394835,26.500920367398685,2.711685859973469,91.97102281547326,0.01666207919598701,LoRaWAN,STABLE_NETWORK,Stable network with low latency and packet loss
2025-04-10T14:28:32,72.07308814787723,14.58726303743789,1.8828304515632135,88.90850705147031,0.011074329750074151,LoRaWAN,STABLE_NETWORK,Stable network with low latency and packet loss
2025-04-10T08:22:24,93.14715455088036,27.253546570541253,0.608640744539402,75.65908732149583,0.01774962574828377,MQTT,STABLE_NETWORK,Stable network with low latency and packet loss
2025-04-10T08:01:19,123.12549577302822,14.77528771703374,1.9793309686859608,97.20580322724665,0.006994340990495566,LoRaWAN,STABLE_NETWORK,Stable network with low latency and packet loss
2025-04-10T23:47:14,41.53465226846916,25.985104175529486,2.442273295287669,89.66643800521976,0.005174177496884858,HTTPS,STABLE_NETWORK,Stable network with low latency and packet loss
2025-04-10T19:07:09,76.67306949527247,16.17676076923569,2.081883853228696,73.18387533479795,0.004991088146159249,LoRaWAN,STABLE_NETWORK,Stable network with low latency and packet loss
2025-04-10T01:33:11,75.52043439956013,27.901382191596625,3.6647626595534377,85.54978654476494,0.012312147269482484,LoRaWAN,STABLE_NETWORK,Stable network with low latency and packet loss
2025-04-10T18:16:58,36.22363139622927,15.142801207114223,2.4631212818882675,99.3648419522178,0.008408816054262025,LoRaWAN,STABLE_NETWORK,Stable network with low latency and packet loss
2025-04-10T09:48:07,460.04544598563393,20.42376896528733,2.192773916255004,109.60802545127697,0.004659921857031442,LoRaWAN,STABLE_NETWORK,Stable network with low latency and packet loss
2025-04-10T04:50:51,79.01291007925252,20.824055325318618,1.1052959439327972,61.681870577903,0.010548398077694254,MQTT,STABLE_NETWORK,Stable network with low latency and packet loss
2025-04-10T09:59:18,343.3064634163563,15.728523721734838,2.4685992362748452,101.07488567860659,0.0011316445618057124,LoRaWAN,STABLE_NETWORK,Stable network with low latency and packet loss
2025-04-10T06:30:51,340.4770359281807,22.42522822249393,3.321960238313582,81.83372143839212,0.01891504921304898,LoRaWAN,STABLE_NETWORK,Stable network with low latency and packet loss
2025-04-10T23:01:17,1581.1696360296683,18.603443693596446,2.588394809207561,84.43827785511975,0.018207175386772814,LoRaWAN,STABLE_NETWORK,Stable network with low latency and packet loss
2025-04-10T19:33:50,238.63203946877053,23.16942240795656,2.4678315071749055,107.62672648078117,0.017264270374933756,LoRaWAN,STABLE_NETWORK,Stable network with low latency and packet loss
2025-04-10T16:44:44,337.14902408376304,14.151702714685468,2.2306778618825605,55.40455292736135,0.004395557318020398,LoRaWAN,STABLE_NETWORK,Stable network with low latency and packet loss
2025-04-10T08:12:35,1063.640277153495,21.621307530974562,1.7387723331456586,90.47113968462303,0.016579714014403436,LoRaWAN,STABLE_NETWORK,Stable network with low latency and packet loss
2025-04-10T22:50:47,60.27703832995253,22.55630937629511,2.1491312557975855,111.89663697912391,0.012762119538138956,LoRaWAN,STABLE_NETWORK,Stable network with low latency and packet loss
2025-04-10T14:48:52,757.9094202287425,19.669016112759437,1.9660473131903775,81.38021288722472,0.013218002243170702,LoRaWAN,STABLE_NETWORK,Stable network with low latency and packet loss
2025-04-10T19:17:01,38.87415925182374,9.961243943035816,1.7880779184081872,100.67000614783994,0.004935671181303533,LoRaWAN,STABLE_NETWORK,Stable network with low latency and packet loss
2025-04-10T05:55:55,606.193002284513,23.783159272027504,1.4544688178843068,82.66230651607961,0.016068936707952848,MQTT,STABLE_NETWORK,Stable network with low latency and packet loss
2025-04-10T18:15:27,300.62580217801184,26.01798526520166,2.891614385719724,111.92275070784338,0.006934337330217269,LoRaWAN,STABLE_NETWORK,Stable network with low latency and packet loss
2025-04-10T10:19:09,277.3363867144635,21.199194425057794,1.7818907868954348,92.85303879087152,0.007976158698364691,LoRaWAN,STABLE_NETWORK,Stable network with low latency and packet loss
2025-04-10T15:38:19,756.4343511798878,19.53932310487462,1.591416994127713,87.67052124904319,0.002822358637216922,LoRaWAN,STABLE_NETWORK,Stable network with low latency and packet loss
2025-04-10T07:34:11,994.4341980273426,17.00519269925784,2.7177714084990496,70.97423286141367,0.022505615657677436,LoRaWAN,STABLE_NETWORK,Stable network with low latency and packet loss
2025-04-10T06:55:58,259.5032559211057,20.057306099421965,3.1852533836363923,78.53522869398553,0.012177138447165649,LoRaWAN,STABLE_NETWORK,Stable network with low latency and packet loss
2025-04-10T09:01:42,1362.6264390179165,9.365280578747111,2.906111731406443,88.25431140230162,0.023207858098625023,LoRaWAN,STABLE_NETWORK,Stable network with low latency and packet loss
2025-04-10T15:40:13,384.23437930062926,18.595881219641207,2.7804804793528777,76.4840822804647,0.009259619190655521,LoRaWAN,STABLE_NETWORK,Stable network with low latency and packet loss
2025-04-10T02:24:05,133.22014005824687,23.605326685108487,0.7075777945592128,67.94972647689404,0.002953753590806331,HTTPS,STABLE_NETWORK,Stable network with low latency and packet loss
2025-04-10T15:52:16,260.128896486162,14.454230760650312,2.3371149936089837,49.26794386274194,0.016682292478134735,MQTT,STABLE_NETWORK,Stable network with low latency and packet loss
2025-04-10T17:10:04,225.9244498220543,25.465146980125077,2.091611783028951,92.46096960893544,0.008085228144870326,HTTPS,STABLE_NETWORK,Stable network with low latency and packet loss
2025-04-10T09:04:15,166.58813863231185,14.37049655076008,2.4469156446209746,78.35603701738596,0.008739668402679502,LoRaWAN,STABLE_NETWORK,Stable network with low latency and packet loss
2025-04-10T01:59:16,769.4666669479051,13.575309197191551,2.7283313614305786,54.57983083596942,0.020927383067351778,LoRaWAN,STABLE_NETWORK,Stable network with low latency and packet loss
2025-04-10T11:15:50,43.12769891501151,10.550809943114306,2.3647234042546224,83.69753965710738,0.016301167092771143,LoRaWAN,STABLE_NETWORK,Stable network with low latency and packet loss
2025-04-10T08:03:44,565.4804567237002,18.97424317609552,1.7883530895391053,81.69110689418135,0.006483113482708889,LoRaWAN,STABLE_NETWORK,Stable network with low latency and packet loss
2025-04-10T23:01:21,92.0589715528958,20.939331930385258,2.4664128628502704,88.0804943558226,0.013944294302140722,LoRaWAN,STABLE_NETWORK,Stable network with low latency and packet loss
2025-04-10T08:13:28,420.2880921308993,11.712789998655953,1.7875427299009765,67.38311042791631,0.011996927090672918,LoRaWAN,STABLE_NETWORK,Stable network with low latency and packet loss
2025-04-10T18:54:31,211.8397559300733,22.5263138687477,2.5087814284409995,71.8621628304384,0.013230933479601217,MQTT,STABLE_NETWORK,Stable network with low latency and packet loss
2025-04-10T04:00:01,202.20703763086246,19.74820630754287,2.4355221657842963,88.60064841928798,0.014546502301320572,LoRaWAN,STABLE_NETWORK,Stable network with low latency and packet loss
2025-04-10T09:43:55,2406.54243510545,15.642841788643496,1.7668326429538683,71.91499429761183,0.009075998167858746,LoRaWAN,STABLE_NETWORK,Stable network with low latency and packet loss
2025-04-10T21:21:31,510.72797207923696,16.57716416485662,2.3846171073262776,87.41171502727641,0.0054321573489010365,LoRaWAN,STABLE_NETWORK,Stable network with low latency and packet loss
2025-04-10T03:07:22,98.07326614927673,14.583644794922971,2.310357980573616,75.98150157970855,0.007855136738373882,LoRaWAN,STABLE_NETWORK,Stable network with low latency and packet loss
2025-04-10T22:27:29,1355.7750900435433,14.822624644627865,3.057591191182382,71.47594903128058,0.014086311173347278,LoRaWAN,STABLE_NETWORK,Stable network with low latency and packet loss
2025-04-10T01:44:03,895.7377255152154,13.542802436304221,3.479296434311669,89.5788100230139,0.02088279998710785,LoRaWAN,STABLE_NETWORK,Stable network with low latency and packet loss
2025-04-10T18:53:39,81.32263062118172,23.525123988095988,2.7173363381688387,93.36382113946871,0.006697648342452797,LoRaWAN,STABLE_NETWORK,Stable network with low latency and packet loss
2025-04-10T13:15:06,249.72899124975626,9.814263700697687,1.8091605722706363,74.59943520180299,0.002800082913598778,LoRaWAN,STABLE_NETWORK,Stable network with low latency and packet loss
2025-04-10T21:05:09,3240.0077889616005,17.86222210779564,1.175174895869143,96.5657217092324,0.0014595825184322841,LoRaWAN,STABLE_NETWORK,Stable network with low latency and packet loss
2025-04-10T22:08:49,139.664789491026,25.040571412457894,2.3997924233437677,70.80918940186577,0.008178377838399479,MQTT,STABLE_NETWORK,Stable network with low latency and packet loss
2025-04-10T04:03:39,9676.364016628766,18.333730774190176,1.2812703177476137,92.57801704036308,0.014946570348192929,CoAP,STABLE_NETWORK,Stable network with low latency and packet loss
2025-04-10T15:41:17,45.76623783128341,20.907302046945926,2.032549010534171,86.7607506406863,0.008563828673932345,LoRaWAN,STABLE_NETWORK,Stable network with low latency and packet loss
2025-04-10T06:11:09,124.79779051547236,27.967398201188196,2.7174057479517897,86.48742067201208,0.013481739354743772,LoRaWAN,STABLE_NETWORK,Stable network with low latency and packet loss
2025-04-10T08:55:41,350.1106547233573,10.523691989916482,3.130814563327098,104.55469797781424,0.005727481068531889,LoRaWAN,STABLE_NETWORK,Stable network with low latency and packet loss
2025-04-10T11:36:52,68.82572279102367,17.268056361115832,2.1179525788633184,91.97284239024482,0.015362292076637803,LoRaWAN,STABLE_NETWORK,Stable network with low latency and packet loss
2025-04-10T18:36:19,84.58907544870836,7.027035731950225,3.48647997009152,74.98583683954892,0.00998951571284529,LoRaWAN,STABLE_NETWORK,Stable network with low latency and packet loss
2025-04-10T19:04:21,194.54838114867385,24.56602579594324,2.215007393493642,77.99160442534436,0.0066326299910576415,MQTT,STABLE_NETWORK,Stable network with low latency and packet loss
2025-04-10T03:37:43,797.3363197038425,23.19159955318127,1.937244045380848,87.23184953053938,0.009237341991052467,LoRaWAN,STABLE_NETWORK,Stable network with low latency and packet loss
2025-04-10T02:16:21,94.65636824710431,21.181472703057647,2.0567813224192726,68.04911150927411,0.018359059980990966,MQTT,STABLE_NETWORK,Stable network with low latency and packet loss
2025-04-10T00:58:44,341.23657870895283,18.17488390823801,1.8119009419189815,78.2802895883406,0.018369397524455343,MQTT,STABLE_NETWORK,Stable network with low latency and packet loss
2025-04-10T20:47:49,2038.991250335557,20.417320113000063,3.071276967594409,79.45271738820797,0.013131877277108416,LoRaWAN,STABLE_NETWORK,Stable network with low latency and packet loss
2025-04-10T20:07:41,99.95993321815592,16.209310602151966,1.7488799845673089,78.64637903958531,0.002074488743281864,LoRaWAN,STABLE_NETWORK,Stable network with low latency and packet loss
2025-04-10T06:34:30,1198.6583283438347,22.359738910006705,2.017754640125113,60.10081720849516,0.01352617819475112,MQTT,STABLE_NETWORK,Stable network with low latency and packet loss
2025-04-10T18:48:04,286.26910863617707,23.20489894460033,0.08310407601733916,76.56473478019102,0.005787507206365792,HTTPS,STABLE_NETWORK,Stable network with low latency and packet loss
2025-04-10T10:29:48,210.64411330467303,16.24794689834733,1.9420584323486538,63.063565312266896,0.01254371642482969,MQTT,STABLE_NETWORK,Stable network with low latency and packet loss
2025-04-10T03:46:50,169.4098667517856,24.110170878703205,2.323341070463369,47.62022235530554,0.0026571341033049655,LoRaWAN,STABLE_NETWORK,Stable network with low latency and packet loss
2025-04-10T09:32:57,107.07019556931769,18.276921308446852,2.207847831533991,79.01301364747955,0.003953148549588317,LoRaWAN,STABLE_NETWORK,Stable network with low latency and packet loss
2025-04-10T06:33:18,107.10719541341311,22.682666550782606,3.5660633848526238,63.96807114591077,0.02236556511290661,LoRaWAN,STABLE_NETWORK,Stable network with low latency and packet loss
2025-04-10T12:11:37,263.9787419844875,21.727821201524566,2.0649214008024463,72.74149032767434,0.00926899193028613,LoRaWAN,STABLE_NETWORK,Stable network with low latency and packet loss
2025-04-10T02:23:21,1115.8579056345466,14.116828872524655,0.9418749725224771,84.87684413070323,0.010238306062128414,LoRaWAN,STABLE_NETWORK,Stable network with low latency and packet loss
2025-04-10T01:18:25,62.41012165422108,19.46175158806962,1.9149367105422754,83.82268463694135,0.0074502736921255065,LoRaWAN,STABLE_NETWORK,Stable network with low latency and packet loss
2025-04-10T09:02:12,86.85345959361092,22.8964836395508,4.621646449594266,98.89213105785771,0.014773448457380916,LoRaWAN,STABLE_NETWORK,Stable network with low latency and packet loss
2025-04-10T02:31:39,577.8770049537914,26.475375433355055,1.5579861992258424,73.74397300428512,0.005851869392489087,MQTT,STABLE_NETWORK,Stable network with low latency and packet loss
2025-04-10T10:32:22,155.18003877160123,15.52611837439162,2.284247066978685,54.79311713016985,1.0129198499863462e-05,LoRaWAN,STABLE_NETWORK,Stable network with low latency and packet loss
2025-04-10T07:25:39,73.46011590247491,14.118238566598574,1.262252671921551,110.73835907905259,0.0073693948425794,LoRaWAN,STABLE_NETWORK,Stable network with low latency and packet loss
2025-04-10T08:10:46,268.16764681952463,27.46706488061685,1.312401516575429,80.43794120566028,0.017788077178953282,MQTT,STABLE_NETWORK,Stable network with low latency and packet loss
2025-04-10T21:43:56,82.69444108094586,22.538570759167435,2.8634625701633274,71.77690030093939,0.016350373936872435,MQTT,STABLE_NETWORK,Stable network with low latency and packet loss
2025-04-10T12:21:31,135.4351555456144,23.917695230198383,0.962508827637911,77.50902791428538,0.008972391824591405,HTTPS,STABLE_NETWORK,Stable network with low latency and packet loss
2025-04-10T09:46:11,153.50547197418317,17.82286470215599,2.486550554869887,94.63555485335061,0.012967709063214011,LoRaWAN,STABLE_NETWORK,Stable network with low latency and packet loss
2025-04-10T16:42:47,601.7647233288211,15.995962979167924,0.9266223679824421,68.61505116146719,0.008135244622501049,LoRaWAN,STABLE_NETWORK,Stable network with low latency and packet loss
2025-04-10T07:11:06,660.6449153188889,20.735729772237406,1.7467063967707133,55.78395178222125,0.018144622609044057,MQTT,STABLE_NETWORK,Stable network with low latency and packet loss
2025-04-10T15:43:14,453.7390847375738,23.404157902629198,0.9561150739839983,78.35467765112848,0.002760552228264634,LoRaWAN,STABLE_NETWORK,Stable network with low latency and packet loss
2025-04-10T02:31:00,497.18524838508375,12.904521508393161,1.4918532745837512,97.29916950741881,0.010612332319904685,LoRaWAN,STABLE_NETWORK,Stable network with low latency and packet loss
2025-04-10T09:32:09,72.52107430798767,31.051194626160704,1.348124471540499,84.73194681224645,0.009284369879647349,HTTPS,STABLE_NETWORK,Stable network with low latency and packet loss
2025-04-10T16:45:09,314.3996209074177,15.528137820247712,1.9537302650259083,93.51155647721686,0.00307719601187236,LoRaWAN,STABLE_NETWORK,Stable network with low latency and packet loss
2025-04-10T19:03:07,162.11275674971836,20.09171645838717,3.020967482473772,90.57876958043306,0.013196652724866635,LoRaWAN,STABLE_NETWORK,Stable network with low latency and packet loss
2025-04-10T05:46:31,244.88720804402246,8.265251106403593,1.2816445856767453,75.91461916960762,0.006614910790345447,LoRaWAN,STABLE_NETWORK,Stable network with low latency and packet loss
2025-04-10T18:14:41,597.6491163319946,16.62787340144866,1.755424201529218,86.75170209484688,0.0070535648941971885,LoRaWAN,STABLE_NETWORK,Stable network with low latency and packet loss
2025-04-10T17:22:00,248.5539647808027,21.69381274595873,0.32411715708346756,86.79456903777606,0.012243286344481508,MQTT,STABLE_NETWORK,Stable network with low latency and packet loss
2025-04-10T12:53:32,521.0144785509038,15.460777131845422,3.42870051470831,59.38723259486393,0.0037897194450528214,LoRaWAN,STABLE_NETWORK,Stable network with low latency and packet loss
2025-04-10T20:52:59,568.2455071509457,21.256375914500097,3.0060094749309867,77.58038372152048,0.002045393495292213,LoRaWAN,STABLE_NETWORK,Stable network with low latency and packet loss
2025-04-10T21:04:51,101.31429074513926,22.72695194732583,3.1753459277728084,80.24355728073932,0.01884423090422902,MQTT,STABLE_NETWORK,Stable network with low latency and packet loss
2025-04-10T02:48:58,457.27452118445166,18.1273503990904,0.7787652381477128,88.0576227193975,0.001794309093346741,LoRaWAN,STABLE_NETWORK,Stable network with low latency and packet loss
2025-04-10T09:23:36,38.500436885114866,30.42443860832998,1.6528791983929778,90.65483166826264,0.0074559005292328395,HTTPS,STABLE_NETWORK,Stable network with low latency and packet loss
2025-04-10T21:05:19,48.02596458332847,14.610319001961525,1.3718688029151984,76.96636866997203,0.005532077349104334,LoRaWAN,STABLE_NETWORK,Stable network with low latency and packet loss
2025-04-10T15:12:37,131.82631303742895,26.670454990984474,1.4720480895596926,61.461617569512256,0.0030593273236189404,HTTPS,STABLE_NETWORK,Stable network with low latency and packet loss
2025-04-10T08:22:58,133.34953494100841,26.12673084419147,1.3037476755909854,77.94160164310628,0.010704486048541857,MQTT,STABLE_NETWORK,Stable network with low latency and packet loss
2025-04-10T17:46:14,322.68407754920094,17.95704303607936,1.4232908410121674,104.57722748624849,0.0023641833383323506,LoRaWAN,STABLE_NETWORK,Stable network with low latency and packet loss
2025-04-10T11:15:54,809.9147903734038,12.634320542084314,1.2122137836817353,48.914323790258635,0.009591292758008161,MQTT,STABLE_NETWORK,Stable network with low latency and packet loss
2025-04-10T06:34:43,94.13911684539255,17.102342461074386,2.6967207804222926,64.66855137390506,0.008502947268846393,LoRaWAN,STABLE_NETWORK,Stable network with low latency and packet loss
2025-04-10T01:42:32,309.9401859279174,20.15056768749411,2.0904193698215985,90.72620505892581,0.016586602196959684,LoRaWAN,STABLE_NETWORK,Stable network with low latency and packet loss
2025-04-10T09:35:54,1758.8273616987208,15.318129964023331,1.269168516941639,105.57468364051647,0.0044994666577168295,LoRaWAN,STABLE_NETWORK,Stable network with low latency and packet loss
2025-04-10T12:34:09,300.9148406835034,23.226167483686705,2.085788525421126,89.81395016060891,0.010811566599540377,LoRaWAN,STABLE_NETWORK,Stable network with low latency and packet loss
2025-04-10T20:17:36,457.07506281142565,12.376901787623364,2.0732149610491555,98.40819915281247,0.011135136008613768,LoRaWAN,STABLE_NETWORK,Stable network with low latency and packet loss
2025-04-10T18:14:06,161.54486770229505,16.598737541069127,2.3171566551434717,89.71752712900259,0.006033106233085239,LoRaWAN,STABLE_NETWORK,Stable network with low latency and packet loss
2025-04-10T00:18:26,255.84442117092917,22.23283833420327,1.7270175144460675,59.67423018893538,0.015457042351990549,MQTT,STABLE_NETWORK,Stable network with low latency and packet loss
2025-04-10T16:06:08,91.39163736077646,20.218119918059937,3.36122804987317,72.7925133003396,0.0096473560182124,LoRaWAN,STABLE_NETWORK,Stable network with low latency and packet loss
2025-04-10T15:13:53,456.7070168349957,11.667820321942086,2.89924226152106,90.83411133673778,0.001025181588957133,LoRaWAN,STABLE_NETWORK,Stable network with low latency and packet loss
2025-04-10T11:29:54,302.30786885233715,18.04686693359662,1.1754410076446717,71.3843234423754,0.009772495146562941,MQTT,STABLE_NETWORK,Stable network with low latency and packet loss
2025-04-10T16:15:14,12.890386230972089,18.495267353823927,1.705689804831638,68.70752838024845,0.005594526353569893,LoRaWAN,STABLE_NETWORK,Stable network with low latency and packet loss
2025-04-10T23:30:53,620.8839054430372,15.937971700985305,2.253635760834561,107.30446821133307,0.003872835446227162,LoRaWAN,STABLE_NETWORK,Stable network with low latency and packet loss
2025-04-10T17:52:33,108.8554135886591,18.354428885157137,1.125800372162833,50.121623639553874,0.017282356030979076,MQTT,STABLE_NETWORK,Stable network with low latency and packet loss
2025-04-10T02:11:32,1185.8031812287713,24.21618947314848,1.1095160074573198,75.86612172359986,0.008647737359733966,LoRaWAN,STABLE_NETWORK,Stable network with low latency and packet loss
2025-04-10T10:38:46,321.71287330560256,31.03996622358268,1.1557433319521833,87.80220734329984,0.013870317524953085,HTTPS,STABLE_NETWORK,Stable network with low latency and packet loss
2025-04-10T06:00:01,257.6379747347195,21.308200871070873,1.3290420707612354,85.74279881414664,0.005422672516523372,LoRaWAN,STABLE_NETWORK,Stable network with low latency and packet loss
2025-04-10T03:32:58,290.3200054818103,18.200203249311073,2.191319665561382,51.26428612484524,0.0045425432183956215,LoRaWAN,STABLE_NETWORK,Stable network with low latency and packet loss
2025-04-10T21:35:34,254.40076728389548,16.413133715470323,3.8748031946939454,121.25764915899408,0.00833724929796496,LoRaWAN,STABLE_NETWORK,Stable network with low latency and packet loss
2025-04-10T07:09:33,360.1903502197359,15.080981195599993,1.7089478185698566,83.48172628273694,0.011971111680684047,LoRaWAN,STABLE_NETWORK,Stable network with low latency and packet loss
2025-04-10T08:57:12,95.76364193556928,19.082930700734444,1.9823853353615748,85.0287453108026,0.011079731540795956,LoRaWAN,STABLE_NETWORK,Stable network with low latency and packet loss
2025-04-10T06:01:41,675.9364225908862,19.974136171146828,1.9394843112509048,72.05285975531172,0.012824151765384598,LoRaWAN,STABLE_NETWORK,Stable network with low latency and packet loss
2025-04-10T06:39:26,68.27992192158261,24.369194606989506,3.063598063392,58.21024248100777,0.015113409292308096,MQTT,STABLE_NETWORK,Stable network with low latency and packet loss
2025-04-10T09:06:07,1594.3819505928532,17.5968299864075,2.240484210861211,76.60261874779378,0.0026377402008052357,LoRaWAN,STABLE_NETWORK,Stable network with low latency and packet loss
2025-04-10T17:04:35,3849.801740129255,19.139895744296226,1.456206871919846,88.69562419620081,0.012895031604382856,LoRaWAN,STABLE_NETWORK,Stable network with low latency and packet loss
2025-04-10T06:55:59,1793.190265069449,12.51541222590076,2.626204712118893,74.46556366216032,0.011113134247980301,LoRaWAN,STABLE_NETWORK,Stable network with low latency and packet loss
2025-04-10T07:28:48,596.0131844131793,12.336954646775384,1.6119756973660884,60.417394013250785,0.01795958819824063,MQTT,STABLE_NETWORK,Stable network with low latency and packet loss
2025-04-10T17:12:18,11980.850603282764,16.685918061927467,0.5564587784500779,67.67655321886856,0.004598644946017158,MQTT,STABLE_NETWORK,Stable network with low latency and packet loss
2025-04-10T06:15:27,1139.6514849246885,21.140021694687857,1.7140243537051383,96.39118908863955,0.009789820456105993,LoRaWAN,STABLE_NETWORK,Stable network with low latency and packet loss
2025-04-10T19:00:43,390.8987511438258,26.225159501233517,2.2873412743882557,64.17214386841908,0.009039662162723503,MQTT,STABLE_NETWORK,Stable network with low latency and packet loss
2025-04-10T06:04:29,843.5515275994519,15.343969259440726,1.1480658313899599,75.90893312483254,0.011795335185256823,LoRaWAN,STABLE_NETWORK,Stable network with low latency and packet loss
2025-04-10T08:19:28,622.3015113943655,16.26572187044397,1.6744925394969277,72.83966592365879,0.012211102074513864,LoRaWAN,STABLE_NETWORK,Stable network with low latency and packet loss
2025-04-10T13:41:28,1436.220582021496,12.200845009521464,2.360108802970232,115.29852434090401,0.015702856279419527,LoRaWAN,STABLE_NETWORK,Stable network with low latency and packet loss
2025-04-10T01:41:44,110.11404526333952,26.053444238051664,0.6327847444697028,85.33824990904321,0.008099858505529262,MQTT,STABLE_NETWORK,Stable network with low latency and packet loss
2025-04-10T02:00:09,250.40094481765027,24.09482867999237,1.5384728259108251,75.89261292754178,0.006667708098574079,LoRaWAN,STABLE_NETWORK,Stable network with low latency and packet loss
2025-04-10T16:43:30,1291.8992151528435,18.092326948894808,2.669910394265093,64.23513533380469,0.004757822382561972,LoRaWAN,STABLE_NETWORK,Stable network with low latency and packet loss
2025-04-10T08:07:14,74.26592835853404,11.63948741578012,2.8575406440522197,102.23259934380314,0.0137435864799503,LoRaWAN,STABLE_NETWORK,Stable network with low latency and packet loss
2025-04-10T01:15:42,415.24365830648014,19.57429242409745,2.4236347415331188,71.38584521522766,0.0039926546219694915,LoRaWAN,STABLE_NETWORK,Stable network with low latency and packet loss
2025-04-10T16:28:57,53.79403331268229,15.528670362261664,1.053002751162115,119.15711578964795,0.011097835882744893,LoRaWAN,STABLE_NETWORK,Stable network with low latency and packet loss
2025-04-10T15:20:10,721.7376078447147,26.839390495340815,2.0318603114342273,85.70823159420931,0.0061261891313363,LoRaWAN,STABLE_NETWORK,Stable network with low latency and packet loss
2025-04-10T04:23:11,177.92329766939028,14.225497018996041,1.985779515769482,72.56819568685466,0.010965146427422506,LoRaWAN,STABLE_NETWORK,Stable network with low latency and packet loss
2025-04-10T14:39:25,2703.1538123655587,12.531674773499375,2.9573631694675213,81.92019883188652,0.00974446063936622,LoRaWAN,STABLE_NETWORK,Stable network with low latency and packet loss
2025-04-10T14:52:01,172.51574727425512,18.786837357720408,3.0471958664198486,69.35570547424763,0.01095325811191658,LoRaWAN,STABLE_NETWORK,Stable network with low latency and packet loss
2025-04-10T02:36:04,623.2672416160775,25.991807522204,1.6217974783139368,92.15735637942372,0.009977384385826021,LoRaWAN,STABLE_NETWORK,Stable network with low latency and packet loss
2025-04-10T20:51:24,116.45173051747511,22.83949087260895,1.841795549162713,102.86229347537838,0.013734827904881858,LoRaWAN,STABLE_NETWORK,Stable network with low latency and packet loss
2025-04-10T09:49:42,232.1647027612903,24.068492073030228,1.4578718427937276,87.53359545383127,0.003790268589723417,LoRaWAN,STABLE_NETWORK,Stable network with low latency and packet loss
2025-04-10T14:01:25,166.03514711495183,25.587916845073813,0.7605190398570869,77.6054220654284,0.01483667837531073,MQTT,STABLE_NETWORK,Stable network with low latency and packet loss
2025-04-10T14:07:44,133.49567551495065,24.081225599322302,1.9539139033190123,81.89409813139632,0.002741208645316893,LoRaWAN,STABLE_NETWORK,Stable network with low latency and packet loss
2025-04-10T01:06:43,898.0129375561894,18.288572495734428,2.4289971971607067,113.78801804662257,0.007376508078150481,LoRaWAN,STABLE_NETWORK,Stable network with low latency and packet loss
2025-04-10T00:24:49,45.41561751041059,14.017321202577008,2.4353717169622535,66.0162537969622,0.011864326881048456,LoRaWAN,STABLE_NETWORK,Stable network with low latency and packet loss
2025-04-10T20:40:18,53.65527842138275,17.230902494640798,1.1818551899449712,58.5512516121929,0.011806601436265367,MQTT,STABLE_NETWORK,Stable network with low latency and packet loss
2025-04-10T05:33:04,424.72050543231796,28.795580325565954,2.77901834872993,57.71957576461572,0.003741391413460476,LoRaWAN,STABLE_NETWORK,Stable network with low latency and packet loss
2025-04-10T07:19:58,75.71222565407564,22.81513860660737,1.2779288158805695,90.49715571682592,0.013389563148150546,LoRaWAN,STABLE_NETWORK,Stable network with low latency and packet loss
2025-04-10T09:10:57,92.89028267774577,16.58691241387642,1.7607229957050077,58.249694833925574,0.0053490192513583204,LoRaWAN,STABLE_NETWORK,Stable network with low latency and packet loss
2025-04-10T20:59:17,290.68231968933503,22.558217061857626,3.1984649887014873,95.06558363171507,0.0033493520925164406,LoRaWAN,STABLE_NETWORK,Stable network with low latency and packet loss
2025-04-10T14:08:55,172.3658353685919,25.202142542224024,2.4866905281952603,71.43030631021712,0.003994580953532141,LoRaWAN,STABLE_NETWORK,Stable network with low latency and packet loss
2025-04-10T05:32:22,85.7502541799154,14.880874978181506,1.944363665103299,105.03942288716303,0.010899969141155978,LoRaWAN,STABLE_NETWORK,Stable network with low latency and packet loss
2025-04-10T14:29:06,119.1271657213569,17.65651432730855,2.247387916207823,59.01004062822409,0.0072523583021862365,LoRaWAN,STABLE_NETWORK,Stable network with low latency and packet loss
2025-04-10T22:43:47,633.8683310066147,22.947847976327438,2.5760626607191557,82.5475504519458,0.007187229289295818,LoRaWAN,STABLE_NETWORK,Stable network with low latency and packet loss
2025-04-10T17:05:31,598.5464575752234,27.921993762330835,1.222022276764197,77.20908422695177,0.005158036662537203,LoRaWAN,STABLE_NETWORK,Stable network with low latency and packet loss
2025-04-10T13:08:34,143.8588487945149,22.857326819817686,1.1734188968913033,65.89271042951933,0.017243276611258827,MQTT,STABLE_NETWORK,Stable network with low latency and packet loss
2025-04-10T20:27:49,143.1537138750735,17.977620092577528,2.456278271870596,52.80282606986494,0.008189955533814627,LoRaWAN,STABLE_NETWORK,Stable network with low latency and packet loss
2025-04-10T10:58:57,575.4645018133571,22.008960270762074,3.1532368999807705,69.60591036639832,0.010078760077400767,LoRaWAN,STABLE_NETWORK,Stable network with low latency and packet loss
2025-04-10T08:28:12,290.4196354852149,32.68651669707801,1.4567011039560922,72.14539086198612,0.022050397175268556,MQTT,STABLE_NETWORK,Stable network with low latency and packet loss
2025-04-10T09:27:06,344.43147608927313,17.27199132885137,2.5495375249525463,77.7534821861533,0.004436252332008184,LoRaWAN,STABLE_NETWORK,Stable network with low latency and packet loss
2025-04-10T23:42:42,1455.2179899466346,17.796433579287804,2.7256766173596434,96.80476157772686,0.01409071459216878,LoRaWAN,STABLE_NETWORK,Stable network with low latency and packet loss
2025-04-10T00:17:14,1404.8895377500849,25.099691409399146,1.530027203156298,85.63034468058004,0.012563640077128213,LoRaWAN,STABLE_NETWORK,Stable network with low latency and packet loss
2025-04-10T17:39:21,84.29901395359033,15.709040189117918,1.7896547049344191,73.76259515301021,0.009427928672444399,LoRaWAN,STABLE_NETWORK,Stable network with low latency and packet loss
2025-04-10T21:31:12,188.277356280632,15.852695811593739,2.0600956503957466,103.95162480852252,0.0068310565156606586,LoRaWAN,STABLE_NETWORK,Stable network with low latency and packet loss
2025-04-10T22:01:35,13.126937862908036,19.699489069139336,1.2182545549854877,90.68881489709331,0.008213003279926754,LoRaWAN,STABLE_NETWORK,Stable network with low latency and packet loss
2025-04-10T08:52:04,422.2717291222084,20.37229480651374,2.6612529708457435,67.21959555406039,0.007719407290120837,LoRaWAN,STABLE_NETWORK,Stable network with low latency and packet loss
2025-04-10T05:24:12,799.1228073603343,18.292877659757693,2.1815655355297405,83.84198500648273,0.00667723953562201,LoRaWAN,STABLE_NETWORK,Stable network with low latency and packet loss
2025-04-10T22:39:39,1441.5776499629385,9.220408878418072,1.4479511936323735,74.83528612184901,0.00540077969066554,LoRaWAN,STABLE_NETWORK,Stable network with low latency and packet loss
2025-04-10T12:01:28,268.06659383468633,27.598119400293566,1.819076568698609,97.6153861035392,0.008185310728270608,MQTT,STABLE_NETWORK,Stable network with low latency and packet loss
2025-04-10T14:14:04,210.63506925861438,12.76325896522475,1.9153061327393517,84.20382869034039,0.014818247093544972,LoRaWAN,STABLE_NETWORK,Stable network with low latency and packet loss
2025-04-10T07:35:55,54.992811111779666,18.951200882357128,2.118270222154739,65.6152136981216,0.010283457391779239,LoRaWAN,STABLE_NETWORK,Stable network with low latency and packet loss
2025-04-10T07:12:42,839.1481470170918,17.09567611982046,2.4413556463443484,80.70977294546068,0.007595896362203602,LoRaWAN,STABLE_NETWORK,Stable network with low latency and packet loss
2025-04-10T23:15:35,116.6720125361224,19.79955487982905,1.010318467067697,83.54013011193902,0.005764318945672165,LoRaWAN,STABLE_NETWORK,Stable network with low latency and packet loss
2025-04-10T08:02:30,44.645181260238125,23.63216353032275,2.307297376413972,57.65303879776904,0.010258565426705061,MQTT,STABLE_NETWORK,Stable network with low latency and packet loss
2025-04-10T22:43:17,385.0635167347763,22.7245085132714,2.6928033323272507,44.937826542565894,0.010939574023398058,MQTT,STABLE_NETWORK,Stable network with low latency and packet loss
2025-04-10T10:43:20,356.0267878139034,14.042266504214016,2.872476753716276,42.14213455817038,0.018480128181785745,LoRaWAN,STABLE_NETWORK,Stable network with low latency and packet loss
2025-04-10T06:33:00,1048.9316031181327,21.219387775632725,0.6948602566337907,102.23932783674587,0.01448509494559986,LoRaWAN,STABLE_NETWORK,Stable network with low latency and packet loss
2025-04-10T06:26:46,127.89130608215174,16.61342583990425,1.5906546804283872,57.932114963722555,0.02031889930291783,MQTT,STABLE_NETWORK,Stable network with low latency and packet loss
2025-04-10T04:37:19,71.723430860508,19.446382093347697,2.6828443803275692,53.7039565127797,0.013022771335999885,LoRaWAN,STABLE_NETWORK,Stable network with low latency and packet loss
2025-04-10T16:51:41,791.7679936500434,22.62216245109781,1.1111660430684345,81.33779156119492,0.00988047007671773,LoRaWAN,STABLE_NETWORK,Stable network with low latency and packet loss
2025-04-10T12:25:16,329.14945905428357,26.112420919725086,3.233229446700885,59.728135470392374,0.0030515418280906382,LoRaWAN,STABLE_NETWORK,Stable network with low latency and packet loss
2025-04-10T09:04:12,85.91776829581633,24.4956352001779,1.3700407975653532,85.75984711686006,0.00232985231993613,LoRaWAN,STABLE_NETWORK,Stable network with low latency and packet loss
2025-04-10T12:39:49,141.6630932623033,16.405554543949606,2.74823086752948,85.66487379505946,0.020517772912572202,LoRaWAN,STABLE_NETWORK,Stable network with low latency and packet loss
2025-04-10T11:52:46,123.23582875637727,10.68736789874318,1.4724834967873837,85.44850364298978,0.013895397315520556,LoRaWAN,STABLE_NETWORK,Stable network with low latency and packet loss
2025-04-10T18:42:13,724.5817614295383,22.562392706445692,1.6482677332700146,76.87431039847989,0.011010667509943327,LoRaWAN,STABLE_NETWORK,Stable network with low latency and packet loss
2025-04-10T23:49:00,127.03336604415335,15.35687486638884,1.763747871979056,56.838973282139364,0.008943918881481685,LoRaWAN,STABLE_NETWORK,Stable network with low latency and packet loss
2025-04-10T19:07:40,83.34657059173107,16.7113671163518,1.1785821783191297,110.03620882440035,0.0015695539930520482,LoRaWAN,STABLE_NETWORK,Stable network with low latency and packet loss
2025-04-10T23:55:48,389.6275191142358,26.137147759296113,2.18771139368019,61.862031209779005,0.01472330777585271,MQTT,STABLE_NETWORK,Stable network with low latency and packet loss
2025-04-10T17:39:57,113.97319767834142,23.094471660728704,2.8473533654666845,62.51541143230688,0.013515645025043686,MQTT,STABLE_NETWORK,Stable network with low latency and packet loss
2025-04-10T07:22:06,364.66779897341644,10.170931429428425,2.3013472566836017,61.45241921775754,0.017507961981759107,MQTT,STABLE_NETWORK,Stable network with low latency and packet loss
2025-04-10T22:19:38,136.53081592377148,22.28670515673048,1.089188758285436,86.67396850600062,0.010970124799097524,LoRaWAN,STABLE_NETWORK,Stable network with low latency and packet loss
2025-04-10T15:04:48,124.83943005393357,14.786841921925312,2.497499022417278,34.776971566625164,0.011498966860710537,MQTT,STABLE_NETWORK,Stable network with low latency and packet loss
2025-04-10T13:58:44,140.13032233972984,15.842421184567902,1.49620166652813,97.62293818606713,0.0007429407866608069,LoRaWAN,STABLE_NETWORK,Stable network with low latency and packet loss
2025-04-10T00:42:45,471.12502675289625,22.614494201983828,2.497013803507314,79.25409751585829,0.0020275314794820556,LoRaWAN,STABLE_NETWORK,Stable network with low latency and packet loss
2025-04-10T04:38:31,103.34249664317045,25.419103176593243,1.7184150752161516,100.2343594854246,0.012788811745260965,LoRaWAN,STABLE_NETWORK,Stable network with low latency and packet loss
2025-04-10T19:10:53,155.51512438798528,24.7044722647085,1.699382588096094,72.77890754899822,0.004960672918391109,LoRaWAN,STABLE_NETWORK,Stable network with low latency and packet loss
2025-04-10T04:50:42,151.17173823828549,13.984644578026588,2.4583984888394177,73.40665082239242,0.011420214091582198,LoRaWAN,STABLE_NETWORK,Stable network with low latency and packet loss
2025-04-10T15:29:54,562.7180522139495,24.90333873176784,2.7266236628419933,97.07103145939305,0.0170789797470648,LoRaWAN,STABLE_NETWORK,Stable network with low latency and packet loss
2025-04-10T13:54:21,89.8219676995317,18.215126897159195,2.0724862784659677,74.28405690491499,0.007620440980942534,LoRaWAN,STABLE_NETWORK,Stable network with low latency and packet loss
2025-04-10T07:29:35,232.50998588578707,24.859584698838653,1.8270717446509397,67.33336735739047,0.0018513162930231478,LoRaWAN,STABLE_NETWORK,Stable network with low latency and packet loss
2025-04-10T19:22:25,24.029744190903138,27.748918043199907,2.508366650902908,78.04245163907689,0.00736723731539089,LoRaWAN,STABLE_NETWORK,Stable network with low latency and packet loss
2025-04-10T04:50:50,223.6057927801689,20.647573028896407,2.200712904510757,80.38541040731026,0.011277220591733623,LoRaWAN,STABLE_NETWORK,Stable network with low latency and packet loss
2025-04-10T22:45:50,175.3867185103127,19.842181990831577,0.4099030117804987,73.99714060860654,6.322562200912138e-05,LoRaWAN,STABLE_NETWORK,Stable network with low latency and packet loss
2025-04-10T06:26:25,696.078344627921,14.873546071904432,2.5473774963977456,75.3941422312398,0.006490112720791304,LoRaWAN,STABLE_NETWORK,Stable network with low latency and packet loss
2025-04-10T23:11:14,246.41079849592896,14.65092349915879,1.8717122092511862,76.69559095805424,0.004850576561777532,LoRaWAN,STABLE_NETWORK,Stable network with low latency and packet loss
2025-04-10T16:54:48,204.39444400151027,15.76096790925643,3.228469851995699,52.89329401492347,0.014438921590192843,LoRaWAN,STABLE_NETWORK,Stable network with low latency and packet loss
2025-04-10T09:16:54,53.1659001077892,17.115855865847475,1.9633300131382105,54.65845208204418,0.014441226571037918,MQTT,STABLE_NETWORK,Stable network with low latency and packet loss
2025-04-10T03:23:17,176.8743181382966,19.292740620495316,3.159993242534054,101.17813145308804,0.008471232619543025,LoRaWAN,STABLE_NETWORK,Stable network with low latency and packet loss
2025-04-10T23:31:01,439.0282597962733,21.90630155241947,1.1762289027622232,78.11164081988221,0.013018119170094572,MQTT,STABLE_NETWORK,Stable network with low latency and packet loss
2025-04-10T03:47:31,142.59885544950023,14.193176762494993,2.6038397363626222,117.31932280180114,0.001873874577926593,LoRaWAN,STABLE_NETWORK,Stable network with low latency and packet loss
2025-04-10T14:23:29,218.34568335730768,17.298850233275672,1.7255095970557734,81.05285942689507,0.011467591634327846,LoRaWAN,STABLE_NETWORK,Stable network with low latency and packet loss
2025-04-10T01:53:57,44.95202330035813,22.726888593646645,2.1664721589276015,63.98987590127629,0.008678834160725409,LoRaWAN,STABLE_NETWORK,Stable network with low latency and packet loss
2025-04-10T21:10:40,2620.289406427804,17.960332946081525,1.5320787011854198,50.76515271218538,0.01134534977302165,LoRaWAN,STABLE_NETWORK,Stable network with low latency and packet loss
2025-04-10T11:59:57,2071.705954561613,16.480504769622094,1.253704056131714,87.52092038587148,0.013181412241900923,LoRaWAN,STABLE_NETWORK,Stable network with low latency and packet loss
2025-04-10T01:54:40,1216.409710669885,17.018845741331873,2.060449313922538,79.52183188918033,0.015518133213604846,LoRaWAN,STABLE_NETWORK,Stable network with low latency and packet loss
2025-04-10T22:27:17,1175.5163242106776,18.506910051755693,2.1848357857074796,95.03062294548015,0.01701529441048152,LoRaWAN,STABLE_NETWORK,Stable network with low latency and packet loss
2025-04-10T06:46:13,197.51532651661483,10.679381442011554,1.70954601594546,60.6885184871702,0.0017008067189276995,LoRaWAN,STABLE_NETWORK,Stable network with low latency and packet loss
2025-04-10T16:49:55,74.42145114696532,26.763200128581662,1.9615414406866059,96.38617048658242,0.003478300143719789,LoRaWAN,STABLE_NETWORK,Stable network with low latency and packet loss
2025-04-10T06:34:17,223.80861010896848,26.59421697949407,1.4478832434500202,76.87952054417873,0.0037072580843800374,LoRaWAN,STABLE_NETWORK,Stable network with low latency and packet loss
2025-04-10T14:57:23,513.8272077923999,20.16410226243955,2.101570548492531,79.04706860875183,0.002597324756179388,LoRaWAN,STABLE_NETWORK,Stable network with low latency and packet loss
2025-04-10T10:33:17,178.39781555427078,21.57688766022408,1.4117447140061545,39.07118212830665,0.00337573759966965,MQTT,STABLE_NETWORK,Stable network with low latency and packet loss
2025-04-10T23:54:24,2144.899539608147,28.77254492456464,2.230189003869775,62.13979241939168,0.0015584696086339105,LoRaWAN,STABLE_NETWORK,Stable network with low latency and packet loss
2025-04-10T17:50:50,1538.4540564419895,17.8359729376033,1.6158465733148586,55.84691790375359,0.005000293680478048,LoRaWAN,STABLE_NETWORK,Stable network with low latency and packet loss
2025-04-10T20:18:24,813.6944894089029,14.494270486071638,1.958807582609209,73.38245841900576,0.010071304663041286,LoRaWAN,STABLE_NETWORK,Stable network with low latency and packet loss
2025-04-10T21:17:15,83.07947273967198,23.81789890000958,2.7929125676039694,71.94699927783844,0.013279021185108575,LoRaWAN,STABLE_NETWORK,Stable network with low latency and packet loss
2025-04-10T21:27:06,352.5795117954988,20.221734754652676,3.206232716986457,91.85645161269757,0.01744370274764308,LoRaWAN,STABLE_NETWORK,Stable network with low latency and packet loss
2025-04-10T23:21:49,254.25569925820943,18.830599058399002,2.2194171725265495,73.76328634707436,0.009271608366880835,LoRaWAN,STABLE_NETWORK,Stable network with low latency and packet loss
2025-04-10T08:52:32,1344.9135090563275,13.133621850474025,1.0570336955281225,70.66478690913665,0.011509629091125122,LoRaWAN,STABLE_NETWORK,Stable network with low latency and packet loss
2025-04-10T11:58:32,3011.2586748236686,22.52761748819705,3.2154975350250057,57.40288281069344,0.003524453373858951,LoRaWAN,STABLE_NETWORK,Stable network with low latency and packet loss
2025-04-10T08:30:34,656.6074286837184,22.804747924106714,2.5116999323068585,62.028202442697186,0.006485830883877211,LoRaWAN,STABLE_NETWORK,Stable network with low latency and packet loss
2025-04-10T11:03:45,2520.7958275502083,23.118850242784234,0.6180771694719205,57.204831053684046,0.01686526552442073,MQTT,STABLE_NETWORK,Stable network with low latency and packet loss
2025-04-10T17:23:43,351.01149960419815,15.699073609278337,1.7849487966075546,59.49694313013911,0.012231825347126345,LoRaWAN,STABLE_NETWORK,Stable network with low latency and packet loss
2025-04-10T21:54:17,600.5140696396526,22.12696047709637,2.415732370460095,80.40389206613328,0.0010910563315602983,LoRaWAN,STABLE_NETWORK,Stable network with low latency and packet loss
2025-04-10T21:52:11,100.02566210447932,32.062139559521846,2.281109535715927,66.80813117098494,0.0021891774614887,LoRaWAN,STABLE_NETWORK,Stable network with low latency and packet loss
2025-04-10T15:32:15,775.7444663455109,15.877724396749835,3.711920915464826,81.9888751706066,0.020001693256631432,LoRaWAN,STABLE_NETWORK,Stable network with low latency and packet loss
2025-04-10T07:18:19,658.4169054568966,13.545298458324009,2.191649293008166,69.15677029430896,0.0024443426301993558,LoRaWAN,STABLE_NETWORK,Stable network with low latency and packet loss
2025-04-10T14:45:31,75.63854380915039,16.19187591656582,1.4184235189283063,83.08036081793199,0.016307594526471972,MQTT,STABLE_NETWORK,Stable network with low latency and packet loss
2025-04-10T10:41:42,101.47256500625721,11.122823197738297,2.7592575236985084,99.10361578781357,0.016849714227134324,LoRaWAN,STABLE_NETWORK,Stable network with low latency and packet loss
2025-04-10T20:26:17,299.3751700395262,12.293906783488623,0.8021781681485112,76.94496546337697,0.015304753417302584,MQTT,STABLE_NETWORK,Stable network with low latency and packet loss
2025-04-10T02:55:21,395.3439953626845,16.59249757438339,0.8631943528030699,80.88279511688661,0.009205937592499791,LoRaWAN,STABLE_NETWORK,Stable network with low latency and packet loss
2025-04-10T17:22:29,8.778958460406072,27.57246092406828,2.66044363270124,86.52017667317703,0.005021870018594347,LoRaWAN,STABLE_NETWORK,Stable network with low latency and packet loss
2025-04-10T13:58:52,58.667157258201165,18.852054773483502,2.523082540086366,67.57330801997628,0.014348857061069066,LoRaWAN,STABLE_NETWORK,Stable network with low latency and packet loss
2025-04-10T17:03:48,227.32082265772675,11.226326412463717,2.39007157215954,107.98972247498014,0.010070291576008337,LoRaWAN,STABLE_NETWORK,Stable network with low latency and packet loss
2025-04-10T13:36:10,209.5302018559191,28.26295427429136,2.838497610476902,79.73955073709071,0.008141805290670693,LoRaWAN,STABLE_NETWORK,Stable network with low latency and packet loss
2025-04-10T18:40:43,53.20200364648528,20.812070761897267,1.723668513108862,93.32062088740294,0.001563335608461773,LoRaWAN,STABLE_NETWORK,Stable network with low latency and packet loss
2025-04-10T13:22:43,703.5787458422635,12.26431694289094,1.3130618953432671,83.89963234087246,0.014739982158649464,LoRaWAN,STABLE_NETWORK,Stable network with low latency and packet loss
2025-04-10T00:19:11,391.85521822890144,10.419495966838188,1.2856980809483467,59.473127612881996,0.017969552697081555,MQTT,STABLE_NETWORK,Stable network with low latency and packet loss
2025-04-10T00:50:06,726.1270936460182,18.67687354031012,1.8187297555615232,89.76029988657481,0.009848394421416122,LoRaWAN,STABLE_NETWORK,Stable network with low latency and packet loss
2025-04-10T07:47:02,1483.5298379571304,21.223934456953828,1.346446911964656,98.65969507249565,0.0007055019344131292,LoRaWAN,STABLE_NETWORK,Stable network with low latency and packet loss
2025-04-10T01:19:48,152.32463293875009,19.231904698095114,2.6210247179039534,73.50218840586122,0.005788463957925265,LoRaWAN,STABLE_NETWORK,Stable network with low latency and packet loss
2025-04-10T13:20:51,385.2359184040905,12.782486756528542,1.3941787416766722,63.787295255481496,0.00041874431417476127,LoRaWAN,STABLE_NETWORK,Stable network with low latency and packet loss
2025-04-10T15:33:28,422.4089841766965,15.989703350427051,2.547973316703392,94.03807208879046,0.007836045114973576,LoRaWAN,STABLE_NETWORK,Stable network with low latency and packet loss
2025-04-10T12:03:51,78.66297851060169,23.21159808633579,2.052792138468188,69.48503600514256,0.007865563116895095,LoRaWAN,STABLE_NETWORK,Stable network with low latency and packet loss
2025-04-10T11:17:54,86.81033341698847,14.75036985313768,3.193094325583362,87.50958054394354,0.014918822321812294,LoRaWAN,STABLE_NETWORK,Stable network with low latency and packet loss
2025-04-10T04:38:26,207.10585540696184,18.09978638453435,2.138826587302028,92.9744968276261,0.006813558457145581,LoRaWAN,STABLE_NETWORK,Stable network with low latency and packet loss
2025-04-10T09:35:59,20.1772614695781,27.198277115250463,1.123378626381291,88.20468032377187,0.007836411124614993,LoRaWAN,STABLE_NETWORK,Stable network with low latency and packet loss
2025-04-10T05:40:42,49.38377440746662,13.715039480824572,3.0988640964089615,99.47878994742936,0.004881866184108805,LoRaWAN,STABLE_NETWORK,Stable network with low latency and packet loss
2025-04-10T00:15:30,35.87091058707835,13.119962938127504,1.1810493761361183,87.45159205273697,0.005681146768077593,LoRaWAN,STABLE_NETWORK,Stable network with low latency and packet loss
2025-04-10T18:07:35,295.0853034756851,6.750476872471312,3.100514348765002,104.05090960225611,0.02236038141893795,LoRaWAN,STABLE_NETWORK,Stable network with low latency and packet loss
2025-04-10T18:45:46,354.3329802213654,13.656204382084825,2.50620117891487,50.54128804326109,0.007627121902436079,LoRaWAN,STABLE_NETWORK,Stable network with low latency and packet loss
2025-04-10T11:24:37,236.9510350418781,20.689260439699225,2.0214732739926897,88.39565534407829,0.013069787923511501,LoRaWAN,STABLE_NETWORK,Stable network with low latency and packet loss
2025-04-10T16:07:36,324.68047285707087,16.778018440373916,2.486525745542137,82.02173053378726,0.008516706506199213,LoRaWAN,STABLE_NETWORK,Stable network with low latency and packet loss
2025-04-10T10:17:55,26.765043207401654,20.312079784154417,2.517383330880032,71.28183150087001,0.010802872622471107,LoRaWAN,STABLE_NETWORK,Stable network with low latency and packet loss
2025-04-10T17:01:53,382.5134971628986,24.961522218122592,2.4130200275598646,84.00004238774959,0.019977104138889697,MQTT,STABLE_NETWORK,Stable network with low latency and packet loss
2025-04-10T14:20:49,1967.987372315647,26.189914237817806,1.4833406844742507,81.60412121891473,0.019120261061518345,LoRaWAN,STABLE_NETWORK,Stable network with low latency and packet loss
2025-04-10T07:21:44,166.5646917961963,18.67685107027136,2.416288187756868,81.72376744691319,0.01125511325204392,LoRaWAN,STABLE_NETWORK,Stable network with low latency and packet loss
2025-04-10T10:28:30,135.26988388421927,21.880325427289037,1.7675583004504123,82.12796111049029,0.012230512759602056,LoRaWAN,STABLE_NETWORK,Stable network with low latency and packet loss
2025-04-10T08:11:31,811.4332715114037,26.29783349702172,2.359408995052127,61.93037934436893,0.014889496815441631,MQTT,STABLE_NETWORK,Stable network with low latency and packet loss
2025-04-10T21:10:35,252.73387912786748,23.27379276532768,1.3000859282108996,104.3718044728195,0.007221196032317593,LoRaWAN,STABLE_NETWORK,Stable network with low latency and packet loss
2025-04-10T23:04:48,213.4174734135854,15.413035922771176,1.9215440661041963,78.72428393596627,0.00776084665805254,LoRaWAN,STABLE_NETWORK,Stable network with low latency and packet loss
2025-04-10T00:31:48,26.181030968331335,19.542136477554955,0.011436983257611555,86.45951228646511,0.007477327946653232,LoRaWAN,STABLE_NETWORK,Stable network with low latency and packet loss
2025-04-10T05:04:40,3016.1443926130714,30.894720349336698,0.9159387698666308,75.0805204800778,0.004033586806241457,LoRaWAN,STABLE_NETWORK,Stable network with low latency and packet loss
2025-04-10T05:00:46,154.8890912805868,19.911320951293614,1.6327318839607416,55.555700211176024,0.017682743607553147,MQTT,STABLE_NETWORK,Stable network with low latency and packet loss
2025-04-10T23:32:43,363.812427428251,29.096546618659332,1.5017390879622752,76.69878501864454,0.008263992248011127,LoRaWAN,STABLE_NETWORK,Stable network with low latency and packet loss
2025-04-10T17:26:31,114.78055779878889,20.397425804115393,3.188854437734813,80.55563914860792,0.0075709550717714185,LoRaWAN,STABLE_NETWORK,Stable network with low latency and packet loss
2025-04-10T20:12:59,9970.76832238719,25.658243264383245,2.8026900782690314,95.96360253495837,0.010722361780104588,CoAP,STABLE_NETWORK,Stable network with low latency and packet loss
2025-04-10T00:40:27,96.08806176069936,20.888368497126624,2.2948313409299397,59.3434885003918,0.009306478645869563,LoRaWAN,STABLE_NETWORK,Stable network with low latency and packet loss
2025-04-10T01:01:00,114.03871335527481,21.29937325881934,2.8723785223184883,60.963036711830306,0.004810623615446252,LoRaWAN,STABLE_NETWORK,Stable network with low latency and packet loss
2025-04-10T23:47:58,48.99285744552058,15.926627130538707,2.3567598119573723,98.48782563764699,0.007440435453422429,LoRaWAN,STABLE_NETWORK,Stable network with low latency and packet loss
2025-04-10T03:00:43,136.47970843564391,19.26996245340261,4.24456035313419,91.04784981810104,0.008132639427595817,LoRaWAN,STABLE_NETWORK,Stable network with low latency and packet loss
2025-04-10T09:05:00,518.6110887698125,24.301187466697357,2.2407416858663938,62.23381576629505,0.01547949518310396,MQTT,STABLE_NETWORK,Stable network with low latency and packet loss
2025-04-10T11:24:05,27.906577018525834,25.427149400787343,1.0949460937919548,58.2196153583329,0.005468280662308707,MQTT,STABLE_NETWORK,Stable network with low latency and packet loss
2025-04-10T19:36:32,371.6452488417519,13.141718972491391,2.2695218506304013,79.45420010963896,0.007151851305825054,LoRaWAN,STABLE_NETWORK,Stable network with low latency and packet loss
2025-04-10T05:44:24,1161.0110504812628,22.39178246911179,2.310172073713426,69.2279772042101,0.017065621357506017,MQTT,STABLE_NETWORK,Stable network with low latency and packet loss
2025-04-10T05:11:22,651.6117655374344,18.716451865322703,1.9403937110840082,90.89932223052652,0.020602667391557035,LoRaWAN,STABLE_NETWORK,Stable network with low latency and packet loss
2025-04-10T06:21:35,612.0092492318523,17.32786431722286,1.3597533020493922,55.973525265708474,0.009045065269671075,MQTT,STABLE_NETWORK,Stable network with low latency and packet loss
2025-04-10T01:08:58,165.84305435071738,19.147414303971928,2.9113784680567627,53.34179938948261,0.02313116279901918,MQTT,STABLE_NETWORK,Stable network with low latency and packet loss
2025-04-10T13:32:28,148.85866683961123,13.191735297355304,3.5368427406026015,68.99242461498294,0.0085095609816302,LoRaWAN,STABLE_NETWORK,Stable network with low latency and packet loss
2025-04-10T08:11:44,93.40562882373057,18.434378511815623,2.414531955390875,80.6904847078011,0.0136963384716991,LoRaWAN,STABLE_NETWORK,Stable network with low latency and packet loss
2025-04-10T07:23:01,322.77509521168355,23.146048602628618,2.3575109373413317,82.53258233618472,0.014959556868984427,LoRaWAN,STABLE_NETWORK,Stable network with low latency and packet loss
2025-04-10T06:54:56,357.5715086865769,26.305427914234095,1.8124352269700317,94.38354989749267,0.012272165757819111,LoRaWAN,STABLE_NETWORK,Stable network with low latency and packet loss
2025-04-10T19:07:53,480.21829297969396,21.723520871045853,2.9710314327528518,65.65532112600516,0.008347830343799673,LoRaWAN,STABLE_NETWORK,Stable network with low latency and packet loss
2025-04-10T21:06:36,274.4642806097428,21.200870786166305,1.9065435357716867,87.29377020950376,0.016243239646014745,LoRaWAN,STABLE_NETWORK,Stable network with low latency and packet loss
2025-04-10T15:14:44,229.52295422867647,24.848002881999466,2.5157992377071396,104.28781390672903,0.0033309495422036203,LoRaWAN,STABLE_NETWORK,Stable network with low latency and packet loss
2025-04-10T15:44:08,525.2978482857505,14.592579143668772,2.7634873007707643,64.32840081038808,0.0072509403343213406,LoRaWAN,STABLE_NETWORK,Stable network with low latency and packet loss
2025-04-10T02:56:07,818.7551857700266,19.20033112650418,1.5676751965565865,65.13713608881305,0.013752096635421407,MQTT,STABLE_NETWORK,Stable network with low latency and packet loss
2025-04-10T05:04:34,724.1627271138092,28.37571039419688,2.344384947241078,85.0869964999284,0.007616513855796765,LoRaWAN,STABLE_NETWORK,Stable network with low latency and packet loss
2025-04-10T02:43:23,1002.1642265674082,30.003731359655788,1.4134438445740871,52.693978498054335,0.0065264277603571536,MQTT,STABLE_NETWORK,Stable network with low latency and packet loss
2025-04-10T15:40:34,616.7204676163084,16.82303008287651,2.7916285548440225,76.88857302031256,0.010113224551653966,LoRaWAN,STABLE_NETWORK,Stable network with low latency and packet loss
2025-04-10T02:44:16,444.02336078390357,11.333848993069138,2.6656983608366653,78.35329132630581,0.009316029240258497,LoRaWAN,STABLE_NETWORK,Stable network with low latency and packet loss
2025-04-10T09:18:37,106.54236909762167,23.915665943582248,2.0864729830253124,92.98969071340895,0.009057765897847639,LoRaWAN,STABLE_NETWORK,Stable network with low latency and packet loss
2025-04-10T14:23:36,204.6234191611449,24.404656468637175,1.55016670888013,110.75869759331397,0.013859977665209008,LoRaWAN,STABLE_NETWORK,Stable network with low latency and packet loss
2025-04-10T09:25:57,283.8101524707323,25.632003430705304,1.3801076661358074,76.24133946881972,0.017939753284321257,MQTT,STABLE_NETWORK,Stable network with low latency and packet loss
2025-04-10T22:33:37,91.13120469188354,20.78478060219907,2.692836185920422,58.190846523885064,0.0008765760476328807,LoRaWAN,STABLE_NETWORK,Stable network with low latency and packet loss
2025-04-10T03:04:50,1525.9591857466683,13.198846819402279,1.8418139962875117,68.53984307807602,0.007229121115547859,LoRaWAN,STABLE_NETWORK,Stable network with low latency and packet loss
2025-04-10T07:10:12,34.425053952625,16.92749275175137,2.6453021103710928,48.14746703146233,0.01809078886216078,MQTT,STABLE_NETWORK,Stable network with low latency and packet loss
2025-04-10T06:46:58,143.82738002922343,17.169976497026504,2.0487213763136656,86.40934276440298,0.012742670179075405,LoRaWAN,STABLE_NETWORK,Stable network with low latency and packet loss
2025-04-10T18:40:30,326.3449312023279,23.548347239394595,1.18894680889002,74.89330224928432,4.22352735238319e-05,LoRaWAN,STABLE_NETWORK,Stable network with low latency and packet loss
2025-04-10T19:01:34,922.1754995700762,21.0026671865421,2.0911734005328597,88.66373926745469,0.022043789738674394,LoRaWAN,STABLE_NETWORK,Stable network with low latency and packet loss
2025-04-10T13:11:06,474.3612904389662,14.332117425742517,0.4152554563585018,81.4002864716276,0.004031850790192991,LoRaWAN,STABLE_NETWORK,Stable network with low latency and packet loss
2025-04-10T08:55:46,115.20963692055554,22.56337740461133,1.7085221214422779,72.41333978666404,0.014427961809141913,MQTT,STABLE_NETWORK,Stable network with low latency and packet loss
2025-04-10T05:27:54,336.0288644009737,22.246376852104547,2.2082165704465355,100.37140345465166,0.011166454178757827,LoRaWAN,STABLE_NETWORK,Stable network with low latency and packet loss
2025-04-10T22:42:13,187.23047581737646,30.719260446134907,2.583839376876173,74.66860544315831,0.009947362814808621,LoRaWAN,STABLE_NETWORK,Stable network with low latency and packet loss
2025-04-10T06:15:59,542.8716044238708,21.65458444000849,1.9119724735477064,97.33505080638679,0.013754018560181805,LoRaWAN,STABLE_NETWORK,Stable network with low latency and packet loss
2025-04-10T17:49:07,377.49567616097016,37.30025497443681,1.5066133572091767,106.40364919688872,0.008569060125084762,LoRaWAN,STABLE_NETWORK,Stable network with low latency and packet loss
2025-04-10T03:53:16,487.607159359645,21.670304725240346,2.248609406138617,46.41926769073144,0.003899464610814663,LoRaWAN,STABLE_NETWORK,Stable network with low latency and packet loss
2025-04-10T10:51:23,369.1280907268171,25.326787702073155,2.153560380828655,73.6714301887218,0.015246052956189818,MQTT,STABLE_NETWORK,Stable network with low latency and packet loss
2025-04-10T17:48:00,1341.2229284872565,16.758143976726302,1.3206108039454927,78.20350537907612,0.009477167918556025,LoRaWAN,STABLE_NETWORK,Stable network with low latency and packet loss
2025-04-10T10:19:02,188.44453964111997,19.87028913236651,2.0877488703843268,67.62923531733816,0.0010019608741334424,LoRaWAN,STABLE_NETWORK,Stable network with low latency and packet loss
2025-04-10T17:44:25,123.18341660490418,29.728787596005837,1.3699010720398872,86.6439080751424,0.000554867289530879,LoRaWAN,STABLE_NETWORK,Stable network with low latency and packet loss
2025-04-10T17:20:44,30.56130500015663,19.484730270926665,2.771510110688445,87.78364315017797,0.003439644492182898,LoRaWAN,STABLE_NETWORK,Stable network with low latency and packet loss
2025-04-10T13:40:26,1942.104573690321,23.4200539415036,0.8524056264074205,63.79982877604616,0.013491452286073938,MQTT,STABLE_NETWORK,Stable network with low latency and packet loss
2025-04-10T19:58:59,4174.5941258294215,23.81854326430768,1.3198559682981021,70.92032064552093,0.015964066109796782,LoRaWAN,STABLE_NETWORK,Stable network with low latency and packet loss
2025-04-10T14:27:34,986.152786634912,26.436159008048303,2.173385158718722,110.38248009264774,0.010461840342851038,LoRaWAN,STABLE_NETWORK,Stable network with low latency and packet loss
2025-04-10T09:23:57,95.54503282932215,25.897318449963453,1.6002680511337954,97.80805191348253,0.007803962350947121,LoRaWAN,STABLE_NETWORK,Stable network with low latency and packet loss
2025-04-10T03:58:32,6.749767030677058,16.024643868302938,1.3852722432376638,86.19945363696182,0.005083585020070976,LoRaWAN,STABLE_NETWORK,Stable network with low latency and packet loss
2025-04-10T14:31:34,489.7281039044606,17.286780371874713,0.6743993567903748,105.51589401809196,0.01564031725535372,LoRaWAN,STABLE_NETWORK,Stable network with low latency and packet loss
2025-04-10T03:30:30,446.1460515194378,23.442706719179764,0.6861195944765484,56.02136213748918,0.008115903818109796,MQTT,STABLE_NETWORK,Stable network with low latency and packet loss
2025-04-10T04:58:13,20.115744454668597,19.818371514724063,1.5813685036284555,73.88926784448115,0.014776004816859983,MQTT,STABLE_NETWORK,Stable network with low latency and packet loss
2025-04-10T21:09:01,259.2332374391046,20.26063172112124,2.5436270606847367,63.33535326018066,0.012259635909011253,LoRaWAN,STABLE_NETWORK,Stable network with low latency and packet loss
2025-04-10T08:16:24,1834.4977605829024,21.32568713319539,0.9470204512290634,89.2654453590234,0.01884584888500672,LoRaWAN,STABLE_NETWORK,Stable network with low latency and packet loss
2025-04-10T02:51:41,378.71115362149254,23.42751535145255,1.9237594883663258,76.71773205770077,0.018100810918384475,LoRaWAN,STABLE_NETWORK,Stable network with low latency and packet loss
2025-04-10T21:09:09,292.55007810497835,15.400564674827585,0.4661407882553479,70.80291602482403,0.01197946085008613,MQTT,STABLE_NETWORK,Stable network with low latency and packet loss
2025-04-10T16:04:50,180.84197589477606,13.95653902174545,0.8709567999177557,66.54478611651568,0.01514803954755807,MQTT,STABLE_NETWORK,Stable network with low latency and packet loss
2025-04-10T13:46:46,885.331618605094,24.594257889439888,2.6753741649286984,70.1973146465971,0.01375645053672895,LoRaWAN,STABLE_NETWORK,Stable network with low latency and packet loss
2025-04-10T19:14:46,641.87423312186,12.717678771070297,2.3033635678191926,82.14068736900853,0.01603589484533751,LoRaWAN,STABLE_NETWORK,Stable network with low latency and packet loss
2025-04-10T09:32:22,149.7816088499595,22.320564006249167,4.559386512353049,53.82194190162609,0.011883759037369004,LoRaWAN,STABLE_NETWORK,Stable network with low latency and packet loss
2025-04-10T10:44:34,245.09663633513546,19.611098506136653,1.6972187464391943,74.15628369229411,0.004073221839504411,LoRaWAN,STABLE_NETWORK,Stable network with low latency and packet loss
2025-04-10T04:00:31,1546.6437829765207,12.201673880025087,1.3518678993841213,81.3052533563122,0.012029344320205125,LoRaWAN,STABLE_NETWORK,Stable network with low latency and packet loss
2025-04-10T20:39:38,2534.1728212702037,20.486100558452637,2.441183332289098,76.02316973894935,0.009384039228396757,LoRaWAN,STABLE_NETWORK,Stable network with low latency and packet loss
2025-04-10T12:29:31,10712.298051029793,32.0618889213162,1.6785168518416582,75.0367099966496,0.01008592297000407,MQTT,STABLE_NETWORK,Stable network with low latency and packet loss
2025-04-10T01:39:55,129.0597789740909,18.712734935958565,0.809747492511455,90.85618108649764,0.01403071419014446,LoRaWAN,STABLE_NETWORK,Stable network with low latency and packet loss
2025-04-10T05:17:30,1239.733496893706,26.427476105843372,1.993181766846586,122.04235683594739,0.015003735717863809,LoRaWAN,STABLE_NETWORK,Stable network with low latency and packet loss
2025-04-10T21:10:19,301.22885662106694,19.018575277929166,1.13089186691501,80.86525831147623,0.02091585076133555,LoRaWAN,STABLE_NETWORK,Stable network with low latency and packet loss
2025-04-10T06:46:12,221.74141462467998,20.736283711835185,2.1689028475747407,85.77193611288787,0.009253021354997852,LoRaWAN,STABLE_NETWORK,Stable network with low latency and packet loss
2025-04-10T00:58:56,1373.9423502187315,24.514637661919867,2.5982085247804965,87.13688140058825,0.012452617891356299,LoRaWAN,STABLE_NETWORK,Stable network with low latency and packet loss
2025-04-10T07:09:27,162.34200918164026,20.748481747402835,1.82282409618688,80.48338170751363,0.002558384450594641,LoRaWAN,STABLE_NETWORK,Stable network with low latency and packet loss
2025-04-10T07:22:27,44.2978958486782,17.220608879972964,4.796003821703369,110.1852951703623,0.011266651307451364,LoRaWAN,STABLE_NETWORK,Stable network with low latency and packet loss
2025-04-10T05:59:12,88.62834661303015,25.866712104169572,0.763357567308582,83.91690769556608,0.007275465331725408,LoRaWAN,STABLE_NETWORK,Stable network with low latency and packet loss
2025-04-10T04:39:59,365.4110439426167,18.491770260624623,2.109779670763393,112.84805360092474,0.007995468978710363,LoRaWAN,STABLE_NETWORK,Stable network with low latency and packet loss
2025-04-10T14:16:19,110.90733241415194,16.894557458735417,1.5299967664062244,69.63475740419572,0.007114008869660981,LoRaWAN,STABLE_NETWORK,Stable network with low latency and packet loss
2025-04-10T12:46:57,241.3382217253513,19.888719475467454,2.4543153195534573,109.93541795192729,0.011339937505201613,LoRaWAN,STABLE_NETWORK,Stable network with low latency and packet loss
2025-04-10T16:44:09,100.39368378319264,23.257376254498062,1.4813339118216884,63.04093213088744,0.01001801376763423,MQTT,STABLE_NETWORK,Stable network with low latency and packet loss
2025-04-10T07:13:44,718.682737974686,18.228197498294904,1.240407572961377,56.83577542418074,0.014495156447230692,MQTT,STABLE_NETWORK,Stable network with low latency and packet loss
2025-04-10T15:23:22,888.977223534835,24.136255682015165,1.2385362748781663,78.89873365151236,0.003816236096533604,LoRaWAN,STABLE_NETWORK,Stable network with low latency and packet loss
2025-04-10T02:23:00,293.4623748343266,15.366870821637512,2.4741328786748533,95.55271717655845,0.012439655490507875,LoRaWAN,STABLE_NETWORK,Stable network with low latency and packet loss
2025-04-10T05:49:24,233.0793947240913,15.614551036270662,3.38758259307674,57.59974972263727,0.016101452729551623,LoRaWAN,STABLE_NETWORK,Stable network with low latency and packet loss
2025-04-10T10:39:50,225.7968728654824,16.093584500217403,2.3628380963873434,48.3679611468254,0.008731120242423313,LoRaWAN,STABLE_NETWORK,Stable network with low latency and packet loss
2025-04-10T05:26:59,222.28785421327953,29.258708891382717,2.365312577024328,83.86490262906574,0.00677174904492535,LoRaWAN,STABLE_NETWORK,Stable network with low latency and packet loss
2025-04-10T03:34:28,549.1875089005526,16.6264810654975,1.8740197653556179,71.35016225812846,0.015001588538889419,LoRaWAN,STABLE_NETWORK,Stable network with low latency and packet loss
2025-04-10T20:14:04,187.99021478070046,23.623148608638594,1.4722818001574662,73.09921682066026,0.017157583514735647,MQTT,STABLE_NETWORK,Stable network with low latency and packet loss
2025-04-10T23:18:58,76.85573855060979,17.4103343763734,2.6270729822235817,72.84164944662092,0.0009163132276614888,LoRaWAN,STABLE_NETWORK,Stable network with low latency and packet loss
2025-04-10T12:45:23,233.2659984011904,25.95943242319629,2.1440552585735215,100.77919771018044,0.007529171421742991,LoRaWAN,STABLE_NETWORK,Stable network with low latency and packet loss
2025-04-10T14:42:44,782.7525817000778,13.630750175071439,2.092443550027633,110.32397077411423,0.003672818365598347,LoRaWAN,STABLE_NETWORK,Stable network with low latency and packet loss
2025-04-10T23:21:56,265.13743499924817,30.12480175456147,2.4535360931439225,84.20614652761698,0.015769142266945365,LoRaWAN,STABLE_NETWORK,Stable network with low latency and packet loss
2025-04-10T16:47:13,26.143886455132577,25.167086058842127,3.4708622282325043,71.98289718884547,0.007228936424735712,LoRaWAN,STABLE_NETWORK,Stable network with low latency and packet loss
2025-04-10T01:20:54,2784.8077878675126,20.01283602313419,1.1509034035057781,76.21043755594378,0.00822773152354226,LoRaWAN,STABLE_NETWORK,Stable network with low latency and packet loss
2025-04-10T02:54:57,125.71612767332573,21.638252216916516,1.3563830757007944,103.0459604015964,0.010336670868823991,LoRaWAN,STABLE_NETWORK,Stable network with low latency and packet loss
2025-04-10T19:46:55,188.79165760854096,18.74331539053549,1.9905869832608825,91.91975447294207,0.0065803843379192255,LoRaWAN,STABLE_NETWORK,Stable network with low latency and packet loss
2025-04-10T10:06:24,223.91091197376562,21.79400834432315,1.9743606039692612,74.73683541713336,0.015578467646671569,MQTT,STABLE_NETWORK,Stable network with low latency and packet loss
2025-04-10T18:58:22,243.598636977711,26.23597937465164,1.5880356200577201,81.0882347221573,0.014101990017239161,LoRaWAN,STABLE_NETWORK,Stable network with low latency and packet loss
2025-04-10T05:32:55,170.2137273865362,20.397274892146072,2.5039197576535073,93.96280601351614,0.013811723949849438,LoRaWAN,STABLE_NETWORK,Stable network with low latency and packet loss
2025-04-10T14:23:12,297.74276106721703,24.40067974003651,1.7914587156312847,74.94803256864695,0.013533544755214384,LoRaWAN,STABLE_NETWORK,Stable network with low latency and packet loss
2025-04-10T23:51:26,178.04708629042895,12.088937486164575,1.5701191429637573,64.84494407764964,0.0012084823607765322,LoRaWAN,STABLE_NETWORK,Stable network with low latency and packet loss
2025-04-10T19:28:57,72.11907843135664,22.501345075905604,1.350680978146398,88.24016836619356,0.015290060530135086,LoRaWAN,STABLE_NETWORK,Stable network with low latency and packet loss
2025-04-10T16:23:12,1234.694776507262,22.60959603571895,0.11150957594951061,61.38396056691852,0.018693376818508113,MQTT,STABLE_NETWORK,Stable network with low latency and packet loss
2025-04-10T04:50:48,867.5692623283375,18.20768747700975,2.707592431071058,91.38597339124972,0.011047084724814055,LoRaWAN,STABLE_NETWORK,Stable network with low latency and packet loss
2025-04-10T13:19:58,299.678603996558,22.6240614821168,2.2885118144926544,52.238381813392685,0.013351027638161497,MQTT,STABLE_NETWORK,Stable network with low latency and packet loss
2025-04-10T20:32:30,131.30847128365428,16.766306035646924,2.0857424594672382,87.10146934657195,0.004394611356695616,LoRaWAN,STABLE_NETWORK,Stable network with low latency and packet loss
2025-04-10T21:03:44,108.62163273696308,19.626119456858724,0.3385707751079905,83.75702153003186,0.013194126262220619,MQTT,STABLE_NETWORK,Stable network with low latency and packet loss
2025-04-10T03:01:36,639.0168426413902,18.987567054152198,3.2306063409226087,89.98819786888296,0.008804798671071737,LoRaWAN,STABLE_NETWORK,Stable network with low latency and packet loss
2025-04-10T01:55:11,1823.7127757936964,15.116152605871122,2.866360017549053,63.32106262789474,0.009840300274578951,LoRaWAN,STABLE_NETWORK,Stable network with low latency and packet loss
2025-04-10T08:04:08,13.7837512390692,6.527635191624557,1.8921326017297033,95.39701487475165,0.015304074384734648,LoRaWAN,STABLE_NETWORK,Stable network with low latency and packet loss
2025-04-10T08:01:49,2797.279530034888,22.217530288663312,3.0838914889934483,76.5587270845541,0.010840081241197959,LoRaWAN,STABLE_NETWORK,Stable network with low latency and packet loss
2025-04-10T14:55:07,183.71478100082706,6.343209231363897,1.313025465268371,82.09326796513484,0.013870450844902817,LoRaWAN,STABLE_NETWORK,Stable network with low latency and packet loss
2025-04-10T12:49:45,266.14243287754874,27.743243466583124,1.011641055226862,86.0489022275649,0.020071789686734502,MQTT,STABLE_NETWORK,Stable network with low latency and packet loss
2025-04-10T05:59:57,133.3966847190647,24.51128869232467,2.7224435363978063,51.744201655257925,0.008652330674442366,MQTT,STABLE_NETWORK,Stable network with low latency and packet loss
2025-04-10T04:47:24,1106.8668381291277,20.624737825297927,2.4563664288808083,79.77426723010893,0.011872910936628098,LoRaWAN,STABLE_NETWORK,Stable network with low latency and packet loss
2025-04-10T13:09:16,161.09015990783374,18.47784354062827,1.8908819249800144,61.18215040827532,0.013462895971206713,MQTT,STABLE_NETWORK,Stable network with low latency and packet loss
2025-04-10T13:16:48,105.58483658263509,24.42851898843843,2.586558328426453,72.78926456591284,0.013906280287724775,LoRaWAN,STABLE_NETWORK,Stable network with low latency and packet loss
2025-04-10T04:16:10,52.509505694272015,12.734565608613654,2.9519510351506044,74.36561887746055,0.0009226096230243314,LoRaWAN,STABLE_NETWORK,Stable network with low latency and packet loss
2025-04-10T17:25:40,238.20267023591174,24.0291204368265,3.059459865223428,80.41897955098568,0.009362775911591058,LoRaWAN,STABLE_NETWORK,Stable network with low latency and packet loss
2025-04-10T16:37:32,77.6524185377915,12.664180130024448,1.6574968242310413,121.94477556651341,0.00438781281752314,LoRaWAN,STABLE_NETWORK,Stable network with low latency and packet loss
2025-04-10T17:37:01,404.6813464866632,18.904468451522114,0.602516733713637,66.43865449013997,0.0026624794023247652,LoRaWAN,STABLE_NETWORK,Stable network with low latency and packet loss
2025-04-10T17:10:12,1053.232523042173,11.384181501720072,0.6010364914425426,71.67814293817105,0.0070085715651424935,LoRaWAN,STABLE_NETWORK,Stable network with low latency and packet loss
2025-04-10T22:57:24,1598.7089740092467,22.404938581842107,1.384285383420294,79.65751645699807,0.009585623501093916,LoRaWAN,STABLE_NETWORK,Stable network with low latency and packet loss
2025-04-10T05:49:26,366.3266435985476,14.514075934718676,2.311786740341605,56.106852611159354,0.014108522901644667,MQTT,STABLE_NETWORK,Stable network with low latency and packet loss
2025-04-10T03:51:56,190.23641136360658,21.388438815673865,1.9153397944632853,87.48506907489389,0.006510697378579525,LoRaWAN,STABLE_NETWORK,Stable network with low latency and packet loss
2025-04-10T22:33:51,99.65885990630586,14.92154453382189,0.4666614238823543,68.39143352236037,0.006664217254089653,LoRaWAN,STABLE_NETWORK,Stable network with low latency and packet loss
2025-04-10T23:48:52,67.58286387335603,9.28158927710935,2.118048359533218,63.982695177650534,0.01386122569841301,LoRaWAN,STABLE_NETWORK,Stable network with low latency and packet loss
2025-04-10T23:05:45,31.738064995778352,27.361483353702923,2.827197124574932,85.3344939145484,0.01512094528535023,LoRaWAN,STABLE_NETWORK,Stable network with low latency and packet loss
2025-04-10T10:29:53,149.12868504910202,22.397412886847814,1.6306900960975619,75.07277847890828,0.014706757092697427,LoRaWAN,STABLE_NETWORK,Stable network with low latency and packet loss
2025-04-10T22:49:04,501.6668376620699,32.913779807332475,2.0058356486725697,85.30766341657954,0.00756641160312479,LoRaWAN,STABLE_NETWORK,Stable network with low latency and packet loss
2025-04-10T21:25:37,194.1288039862025,18.31791221968459,1.2901886273212577,90.76791126661277,2.6786512772799045e-05,LoRaWAN,STABLE_NETWORK,Stable network with low latency and packet loss
2025-04-10T17:25:29,362.29200535960723,14.919942552217503,1.1352730484222657,97.93598486289315,0.007940093672307132,LoRaWAN,STABLE_NETWORK,Stable network with low latency and packet loss
2025-04-10T18:16:57,563.0213489677014,21.15698312511147,1.554129380366293,93.0056569369573,0.0077426494243719455,LoRaWAN,STABLE_NETWORK,Stable network with low latency and packet loss
2025-04-10T00:12:21,205.43015816752617,14.870368755578719,1.1582094516176171,96.99739510801056,0.013468287027754825,LoRaWAN,STABLE_NETWORK,Stable network with low latency and packet loss
2025-04-10T14:44:49,1819.3536701361936,23.636752555164307,2.072007431367235,90.32997825209465,0.014612491320751948,LoRaWAN,STABLE_NETWORK,Stable network with low latency and packet loss
2025-04-10T21:37:59,419.58338337908197,24.921703821806776,1.7775787339274416,82.87474096813375,0.005349752661169112,LoRaWAN,STABLE_NETWORK,Stable network with low latency and packet loss
2025-04-10T15:27:01,3963.3314950732374,15.222863980592592,2.957166287268151,71.14459029602115,0.014571380931218833,MQTT,STABLE_NETWORK,Stable network with low latency and packet loss
2025-04-10T14:53:47,164.70575434827344,24.2783953282165,1.8359399856257497,83.20081454124576,0.0022687051250780965,LoRaWAN,STABLE_NETWORK,Stable network with low latency and packet loss
2025-04-10T20:04:44,4492.176413759364,18.567583168533798,1.7563663018133768,87.0048032829789,0.005613600416659962,LoRaWAN,STABLE_NETWORK,Stable network with low latency and packet loss
2025-04-10T16:39:11,832.1852636797022,20.21580915524644,1.4175719258794084,68.63432514674602,0.015380417593122602,MQTT,STABLE_NETWORK,Stable network with low latency and packet loss
2025-04-10T05:11:16,183.70966483973066,20.946365994065726,1.3625648596635611,117.06451442174804,0.006184725646621474,LoRaWAN,STABLE_NETWORK,Stable network with low latency and packet loss
2025-04-10T09:20:18,1255.6922358649524,23.860965943044384,1.5631119207540514,80.83521572615625,0.014453714975896266,LoRaWAN,STABLE_NETWORK,Stable network with low latency and packet loss
2025-04-10T09:30:04,343.6715583721546,20.408516125142235,1.5736937033020735,80.60994868091618,0.008254203681890669,LoRaWAN,STABLE_NETWORK,Stable network with low latency and packet loss
2025-04-10T19:28:36,878.4048806046642,25.462678894654157,2.053122882746757,86.1653793375173,0.017249834884339774,LoRaWAN,STABLE_NETWORK,Stable network with low latency and packet loss
2025-04-10T13:54:56,34.538960437644725,15.56378664990282,3.2312024669222157,60.01121063136286,0.00965525071329447,LoRaWAN,STABLE_NETWORK,Stable network with low latency and packet loss
2025-04-10T00:19:09,226.81308369080506,23.997832553641278,2.264697756201751,85.29219859180185,0.008659853128537863,LoRaWAN,STABLE_NETWORK,Stable network with low latency and packet loss
2025-04-10T20:36:42,253.21959487878806,22.664408393692568,1.3343340059055389,69.5856513964031,0.011535379922289268,MQTT,STABLE_NETWORK,Stable network with low latency and packet loss
2025-04-10T23:53:43,148.1431486309224,21.81460098871158,0.5247156267274193,81.27308794236207,0.009967496769901812,LoRaWAN,STABLE_NETWORK,Stable network with low latency and packet loss
2025-04-10T00:50:58,1677.7066196929954,14.387104387407764,1.1480445584927197,63.26300840299285,0.01854838732000727,MQTT,STABLE_NETWORK,Stable network with low latency and packet loss
2025-04-10T22:26:08,21.783570892368886,19.621766069599627,0.9779999775881913,87.39236253430289,0.01040770380935143,LoRaWAN,STABLE_NETWORK,Stable network with low latency and packet loss
2025-04-10T20:51:20,164.29962118415415,17.93487360990322,1.976995681436359,102.74158260370953,0.013293951293053373,LoRaWAN,STABLE_NETWORK,Stable network with low latency and packet loss
2025-04-10T20:36:52,125.91333397441049,28.53395638103259,3.7077449655424504,108.4284591072904,0.011014403807460374,LoRaWAN,STABLE_NETWORK,Stable network with low latency and packet loss
2025-04-10T05:12:53,807.8581048937401,25.517622630563245,0.9719073580371651,96.26743022255053,0.006676332527995507,LoRaWAN,STABLE_NETWORK,Stable network with low latency and packet loss
2025-04-10T19:17:33,106.74052923660427,16.19787259396816,2.3737697824234973,46.359112623385194,0.015722537001258762,MQTT,STABLE_NETWORK,Stable network with low latency and packet loss
2025-04-10T09:27:30,99.6304533211241,14.756165597842777,3.3212853726694442,94.642902228493,0.0064234386844451135,LoRaWAN,STABLE_NETWORK,Stable network with low latency and packet loss
2025-04-10T19:48:17,951.4000459514745,17.510518318800578,2.6520388690061463,98.82447759641802,0.009155644445777843,LoRaWAN,STABLE_NETWORK,Stable network with low latency and packet loss
2025-04-10T22:05:33,76.00593355601089,21.1461053031423,1.11062801697362,98.11074521953988,0.015379936502325206,LoRaWAN,STABLE_NETWORK,Stable network with low latency and packet loss
2025-04-10T17:08:01,114.35033037694451,21.997092994912883,2.130000289854297,82.60238554357043,0.021705647208645037,MQTT,STABLE_NETWORK,Stable network with low latency and packet loss
2025-04-10T22:48:22,395.94312285050137,25.823552608660833,1.7698411229937703,70.20533789069083,4.414495847015511e-05,LoRaWAN,STABLE_NETWORK,Stable network with low latency and packet loss
2025-04-10T05:48:51,129.53999696769355,14.006857658859285,1.986911334361571,66.31808786232574,0.004721947293778619,LoRaWAN,STABLE_NETWORK,Stable network with low latency and packet loss
2025-04-10T08:59:01,780.7517323393225,16.111327397053234,2.6467308399573946,66.93418630324663,0.014379347438226438,LoRaWAN,STABLE_NETWORK,Stable network with low latency and packet loss
