timestamp,payload_size,latency,jitter,throughput,packet_loss,best_protocol,device_archetype
2025-01-02T14:57:00,63.155,18.701,1.516,6.756,1.4329,MQTT,env_sensor
2025-01-01T10:27:00,2221.548,78.647,6.033,149.685,0.8667,HTTPS,camera
2025-01-02T05:15:00,76.435,37.376,3.225,13.055,0.5021,MQTT,actuator
2025-01-01T10:05:00,30.013,198.772,2.594,0.49,6.1024,LoRaWAN,smart_meter
2025-01-01T22:26:00,28.638,301.85,4.505,0.59,3.6371,LoRaWAN,smart_meter
2025-01-01T11:22:00,1382.687,7.292,0.265,162.234,0.366,HTTPS,camera
2025-01-02T00:59:00,1444.237,45.867,4.8,0.05,0.9924,HTTPS,gateway
2025-01-01T23:31:00,122.985,23.405,7.278,8.929,1.0301,CoAP,actuator
2025-01-02T09:36:00,38.867,25.755,2.785,6.021,0.5098,MQTT,env_sensor
2025-01-01T22:08:00,2168.315,74.165,0.957,153.212,0.7362,HTTPS,camera
2025-01-02T03:51:00,55.298,33.575,2.287,0.05,0.9459,HTTPS,env_sensor
2025-01-01T21:52:00,27.012,251.329,3.075,0.219,3.9979,LoRaWAN,smart_meter
2025-01-01T05:43:00,31.434,210.567,2.308,0.48,2.7628,LoRaWAN,smart_meter
2025-01-01T08:26:00,83.35,17.383,0.1,4.301,0.5957,MQTT,env_sensor
2025-01-01T01:24:00,64.097,27.964,3.162,3.893,1.7767,MQTT,env_sensor
2025-01-01T07:35:00,89.342,29.717,8.542,8.848,0.896,MQTT,actuator
2025-01-01T08:34:00,1218.717,36.814,14.577,41.783,0.0406,HTTPS,gateway
2025-01-02T01:19:00,61.078,22.093,0.46,8.012,1.0583,MQTT,env_sensor
2025-01-02T09:30:00,2998.837,59.511,2.817,54.829,0.2636,HTTPS,camera
2025-01-02T00:19:00,129.879,8.918,7.825,10.516,0.282,MQTT,actuator
2025-01-01T22:31:00,96.44,21.026,7.713,12.097,0.0,CoAP,actuator
2025-01-01T04:12:00,105.108,21.407,10.624,11.801,0.7771,MQTT,actuator
2025-01-02T05:43:00,101.55,30.812,3.646,8.819,0.5018,MQTT,actuator
2025-01-02T17:14:00,72.748,20.738,2.944,4.918,1.3825,MQTT,env_sensor
2025-01-01T14:27:00,57.903,8.357,2.282,5.145,3.1276,MQTT,env_sensor
2025-01-01T07:48:00,70.819,17.741,6.061,0.05,0.4835,CoAP,actuator
2025-01-01T04:18:00,1723.35,41.458,6.058,156.491,0.4663,HTTPS,gateway
2025-01-01T10:43:00,26.517,215.931,1.845,0.748,3.8621,LoRaWAN,smart_meter
2025-01-01T13:21:00,3004.941,63.234,0.1,189.315,0.3872,HTTPS,camera
2025-01-01T04:33:00,357.671,53.445,11.911,19.019,0.0702,CoAP,gateway
2025-01-01T00:45:00,91.012,46.627,3.172,6.052,2.5727,MQTT,env_sensor
2025-01-02T03:25:00,2038.192,24.469,11.809,131.591,1.7696,HTTPS,gateway
2025-01-01T18:03:00,122.022,25.178,7.349,13.246,1.3031,MQTT,actuator
2025-01-01T05:38:00,59.446,26.815,0.1,6.657,2.218,MQTT,env_sensor
2025-01-02T12:37:00,955.889,82.608,9.068,25.267,1.0303,CoAP,gateway
2025-01-01T22:32:00,108.191,32.971,3.425,1.887,1.4539,MQTT,env_sensor
2025-01-02T01:28:00,124.624,31.489,6.267,10.192,1.6434,CoAP,actuator
2025-01-01T14:30:00,1891.91,45.066,0.1,171.903,0.2255,HTTPS,camera
2025-01-01T23:34:00,128.322,20.86,6.088,6.916,1.0085,MQTT,actuator
2025-01-01T02:25:00,1133.612,88.576,4.221,228.589,1.4428,HTTPS,camera
2025-01-01T02:22:00,649.325,45.896,2.187,20.794,0.1496,HTTPS,gateway
2025-01-02T05:33:00,414.736,99.238,0.225,146.717,1.0554,CoAP,camera
2025-01-02T03:36:00,23.041,62.458,2.522,0.463,4.2346,MQTT,smart_meter
2025-01-01T06:09:00,80.365,32.154,1.383,4.907,1.429,MQTT,env_sensor
2025-01-01T21:32:00,19.803,173.088,0.973,0.839,2.1411,LoRaWAN,smart_meter
2025-01-01T03:18:00,244.327,25.975,6.11,102.582,0.0,HTTPS,camera
2025-01-02T01:23:00,14.535,261.021,4.092,0.694,5.2151,LoRaWAN,smart_meter
2025-01-02T12:17:00,141.673,9.562,5.652,13.821,1.9765,MQTT,actuator
2025-01-01T08:11:00,21.154,193.563,2.951,0.05,2.8565,LoRaWAN,smart_meter
2025-01-01T01:44:00,1311.931,30.855,4.106,54.459,1.6337,HTTPS,gateway
2025-01-02T11:37:00,20.795,274.312,1.438,0.644,4.8124,LoRaWAN,smart_meter
2025-01-02T14:27:00,1438.792,92.832,0.954,88.686,0.1807,HTTPS,camera
2025-01-02T02:34:00,508.594,56.504,16.373,84.85,0.9122,HTTPS,gateway
2025-01-02T02:57:00,274.024,62.961,15.164,43.746,0.5231,CoAP,gateway
2025-01-01T04:56:00,582.947,13.49,9.865,0.05,0.6667,CoAP,gateway
2025-01-02T06:40:00,61.205,23.027,1.31,10.376,2.6218,MQTT,env_sensor
2025-01-02T10:52:00,145.017,14.77,3.802,11.842,0.9671,MQTT,actuator
2025-01-01T13:00:00,100.824,29.456,2.841,7.066,2.3668,MQTT,actuator
2025-01-01T03:19:00,1835.129,92.78,4.964,186.288,0.5309,HTTPS,camera
2025-01-01T14:42:00,270.141,88.643,12.244,98.994,2.3581,CoAP,gateway
2025-01-01T10:32:00,103.34,39.788,8.138,6.954,1.4016,MQTT,actuator
2025-01-02T03:12:00,107.073,19.027,1.694,12.702,0.7088,MQTT,actuator
2025-01-01T14:13:00,127.012,13.248,7.884,7.603,2.1076,CoAP,actuator
2025-01-02T01:43:00,110.487,22.963,7.093,6.946,0.0,CoAP,actuator
2025-01-02T17:26:00,834.9,65.561,6.453,89.093,1.3217,CoAP,camera
2025-01-02T17:29:00,108.356,23.734,5.796,6.071,1.0661,CoAP,actuator
2025-01-01T02:34:00,34.794,176.92,1.989,0.153,2.76,LoRaWAN,smart_meter
2025-01-01T18:41:00,30.306,230.175,3.402,0.374,0.0,LoRaWAN,smart_meter
2025-01-02T01:27:00,898.076,28.301,10.636,25.175,2.331,CoAP,gateway
2025-01-01T16:27:00,228.13,34.583,8.213,217.445,0.2682,HTTPS,camera
2025-01-01T20:30:00,133.678,19.014,5.471,11.708,1.1581,MQTT,actuator
2025-01-02T13:22:00,84.158,22.624,7.43,4.677,0.9435,CoAP,env_sensor
2025-01-01T21:36:00,346.072,32.505,3.033,81.484,0.8651,HTTPS,camera
2025-01-01T03:32:00,60.036,54.059,3.173,5.869,2.1945,MQTT,env_sensor
2025-01-01T03:26:00,1262.616,57.669,3.976,80.335,1.2077,HTTPS,camera
2025-01-01T10:04:00,1095.598,30.611,0.1,140.5,0.3797,HTTPS,camera
2025-01-01T00:04:00,152.513,30.207,8.828,8.159,0.0,MQTT,actuator
2025-01-02T01:01:00,30.622,255.03,0.993,0.125,4.9002,LoRaWAN,smart_meter
2025-01-01T20:17:00,27.59,135.134,2.758,0.336,3.1906,LoRaWAN,smart_meter
2025-01-01T13:27:00,278.176,19.252,3.86,81.708,0.5041,HTTPS,gateway
2025-01-02T07:12:00,38.76,183.712,3.903,0.392,5.9219,LoRaWAN,smart_meter
2025-01-02T17:35:00,24.56,121.551,2.553,0.05,3.5466,LoRaWAN,smart_meter
2025-01-02T15:57:00,22.219,160.717,3.221,0.221,2.6065,LoRaWAN,smart_meter
2025-01-01T02:14:00,93.378,10.556,7.533,3.229,0.1503,MQTT,actuator
2025-01-02T06:56:00,31.675,196.385,0.372,0.805,3.8409,LoRaWAN,smart_meter
2025-01-01T03:02:00,2066.106,51.172,3.224,170.119,1.1904,HTTPS,camera
2025-01-02T01:56:00,477.354,71.512,5.893,107.118,0.7894,HTTPS,camera
2025-01-02T16:42:00,62.149,19.297,2.565,4.904,2.6506,MQTT,env_sensor
2025-01-01T20:07:00,822.516,58.679,10.312,0.05,0.0,CoAP,gateway
2025-01-02T03:34:00,25.015,312.935,2.025,0.05,4.5248,LoRaWAN,smart_meter
2025-01-01T01:34:00,632.429,48.67,3.971,4.882,1.591,CoAP,gateway
2025-01-01T05:08:00,22.774,105.229,0.111,0.403,0.0,LoRaWAN,smart_meter
2025-01-02T08:38:00,134.513,20.509,7.872,0.816,2.3436,MQTT,actuator
2025-01-01T07:23:00,101.146,1.0,4.969,0.05,0.6562,MQTT,env_sensor
2025-01-01T08:22:00,56.293,39.998,1.73,0.05,1.3614,MQTT,env_sensor
2025-01-01T01:35:00,1485.615,24.921,3.257,79.56,0.3535,HTTPS,gateway
2025-01-01T06:33:00,39.696,235.308,2.575,0.822,0.0,LoRaWAN,smart_meter
2025-01-02T08:22:00,1197.499,60.36,8.606,128.161,0.2024,HTTPS,camera
2025-01-01T20:43:00,534.834,41.081,11.223,41.075,0.0,CoAP,gateway
2025-01-01T17:31:00,532.694,47.339,8.694,73.692,0.9685,HTTPS,gateway
2025-01-01T05:17:00,57.313,22.298,3.706,6.858,2.3238,MQTT,env_sensor
2025-01-02T16:11:00,63.896,34.096,0.1,3.001,0.0,MQTT,env_sensor
2025-01-02T01:40:00,19.894,170.392,2.538,0.474,1.7151,LoRaWAN,smart_meter
2025-01-02T05:43:00,19.403,59.776,1.851,0.192,5.2196,LoRaWAN,smart_meter
2025-01-02T03:42:00,21.2,183.083,3.692,0.672,0.3027,LoRaWAN,smart_meter
2025-01-01T03:12:00,130.136,50.412,18.15,151.913,1.7341,MQTT,gateway
2025-01-01T09:17:00,2073.68,35.295,2.407,84.7,0.2628,HTTPS,camera
2025-01-02T12:14:00,2614.685,76.885,3.878,70.364,0.8217,HTTPS,camera
2025-01-01T13:52:00,147.776,60.857,9.978,67.222,1.4171,CoAP,gateway
2025-01-02T08:18:00,1321.507,22.212,4.974,136.573,1.0038,HTTPS,camera
2025-01-01T20:03:00,97.94,29.321,5.501,3.206,1.2794,MQTT,actuator
2025-01-01T06:42:00,103.093,19.672,0.1,6.004,0.3739,MQTT,env_sensor
2025-01-01T20:44:00,1345.319,44.58,9.416,34.388,2.2417,CoAP,gateway
2025-01-01T07:29:00,28.879,156.873,2.754,0.677,1.4638,LoRaWAN,smart_meter
2025-01-01T14:05:00,62.175,6.339,5.771,7.731,1.5904,MQTT,env_sensor
2025-01-01T21:22:00,767.307,59.211,10.572,42.474,0.8815,CoAP,gateway
2025-01-02T09:32:00,725.978,66.942,2.912,130.362,0.8481,HTTPS,camera
2025-01-01T17:35:00,673.875,85.088,5.428,215.601,0.2642,HTTPS,camera
2025-01-01T05:41:00,97.107,11.532,2.272,2.49,0.9056,MQTT,env_sensor
2025-01-02T15:32:00,74.765,20.687,4.339,0.17,0.7536,MQTT,env_sensor
2025-01-01T05:35:00,24.436,265.565,3.025,0.738,0.0,LoRaWAN,smart_meter
2025-01-02T06:55:00,15.446,12.871,11.752,1.734,1.0212,MQTT,actuator
2025-01-02T09:24:00,26.376,231.062,2.251,0.262,2.2231,LoRaWAN,smart_meter
2025-01-02T01:26:00,147.671,11.829,0.897,10.915,1.8224,MQTT,actuator
2025-01-01T15:50:00,26.721,286.494,1.275,0.461,1.2837,LoRaWAN,smart_meter
2025-01-01T14:14:00,1348.09,48.787,4.27,78.595,0.8165,HTTPS,camera
2025-01-02T09:17:00,18.689,105.759,0.1,0.515,0.0,LoRaWAN,smart_meter
2025-01-02T14:53:00,1296.984,23.27,5.193,70.739,3.0662,HTTPS,gateway
2025-01-01T10:34:00,30.828,274.6,0.674,0.42,1.5508,LoRaWAN,smart_meter
2025-01-01T00:29:00,102.209,13.768,1.729,3.551,2.0938,MQTT,env_sensor
2025-01-02T02:48:00,71.467,14.965,4.062,6.721,1.9038,MQTT,actuator
2025-01-01T11:55:00,1663.066,94.315,8.137,130.181,0.2072,HTTPS,camera
2025-01-02T08:14:00,128.562,12.481,7.146,6.882,1.0941,MQTT,actuator
2025-01-01T04:51:00,69.585,27.494,5.772,7.276,1.7896,MQTT,env_sensor
2025-01-01T10:17:00,152.193,24.076,8.707,9.494,0.9885,MQTT,actuator
2025-01-01T19:15:00,88.644,22.674,3.173,4.895,0.4047,MQTT,env_sensor
2025-01-02T02:09:00,103.608,3.593,3.423,0.703,0.9903,MQTT,env_sensor
2025-01-02T05:44:00,94.022,4.152,4.472,12.061,0.3753,MQTT,actuator
2025-01-01T19:16:00,20.432,207.485,0.649,0.333,0.9438,LoRaWAN,smart_meter
2025-01-01T21:29:00,121.322,13.065,2.817,12.459,1.6117,MQTT,actuator
2025-01-02T12:04:00,19.543,281.588,2.358,0.419,1.3426,LoRaWAN,smart_meter
2025-01-01T03:10:00,2814.789,27.827,5.267,202.343,0.8061,HTTPS,camera
2025-01-01T04:47:00,1199.891,24.475,1.779,84.672,2.099,HTTPS,gateway
2025-01-01T12:02:00,22.506,150.848,4.383,0.724,1.3234,LoRaWAN,smart_meter
2025-01-02T07:39:00,33.24,225.606,4.31,0.147,2.1977,LoRaWAN,smart_meter
2025-01-01T23:19:00,76.674,14.819,0.1,2.378,1.1931,MQTT,env_sensor
2025-01-02T03:11:00,2334.437,43.962,4.176,214.372,0.4094,HTTPS,camera
2025-01-02T02:04:00,36.136,20.468,0.583,9.599,1.3197,MQTT,env_sensor
2025-01-01T22:36:00,83.411,22.155,0.1,4.395,2.2118,MQTT,env_sensor
2025-01-02T02:04:00,1493.587,26.165,1.765,0.05,0.2622,HTTPS,gateway
2025-01-01T02:48:00,97.38,26.318,6.957,7.198,0.0,MQTT,actuator
2025-01-02T12:02:00,22.342,220.986,2.441,0.05,4.2266,LoRaWAN,smart_meter
2025-01-02T13:35:00,869.876,8.133,2.907,112.323,0.7116,HTTPS,gateway
2025-01-01T00:11:00,1724.778,79.603,1.539,174.1,0.899,HTTPS,camera
2025-01-02T09:36:00,15.909,24.273,4.518,99.9,0.8822,HTTPS,gateway
2025-01-01T13:58:00,123.852,6.993,0.254,12.602,2.0352,MQTT,actuator
2025-01-02T01:29:00,17.085,198.083,0.242,0.484,1.705,LoRaWAN,smart_meter
2025-01-02T03:56:00,125.476,13.158,5.478,14.28,1.7081,MQTT,actuator
2025-01-02T10:24:00,135.642,8.736,7.508,11.262,0.4656,MQTT,actuator
2025-01-02T06:34:00,2452.034,117.801,5.872,37.901,0.5042,HTTPS,camera
2025-01-01T07:55:00,1067.647,37.618,2.32,49.02,0.0275,HTTPS,gateway
2025-01-01T18:11:00,31.035,174.619,1.424,0.498,0.0,LoRaWAN,smart_meter
2025-01-01T12:35:00,153.236,2.392,1.474,13.391,0.1299,MQTT,actuator
2025-01-02T01:28:00,1179.951,38.109,9.296,107.691,0.735,HTTPS,camera
2025-01-01T19:50:00,108.179,18.918,0.1,5.88,0.9237,MQTT,actuator
2025-01-02T08:49:00,654.932,38.042,5.688,195.374,0.701,HTTPS,camera
2025-01-02T08:40:00,2056.605,38.596,0.1,146.022,0.0,HTTPS,camera
2025-01-01T08:16:00,2319.037,73.753,4.361,125.305,0.1858,HTTPS,camera
2025-01-01T20:10:00,1031.234,66.905,11.753,106.791,0.0,HTTPS,gateway
2025-01-01T13:32:00,12.549,131.507,2.652,0.05,3.8564,LoRaWAN,smart_meter
2025-01-01T02:16:00,61.346,19.476,4.309,5.68,0.4277,MQTT,actuator
2025-01-02T12:18:00,89.31,15.357,4.034,5.996,0.8585,MQTT,actuator
2025-01-01T00:18:00,26.956,220.408,0.1,0.708,2.3358,LoRaWAN,smart_meter
2025-01-02T07:11:00,93.944,22.636,6.767,11.278,1.2683,MQTT,actuator
2025-01-01T05:23:00,2423.03,51.363,9.195,99.668,0.1735,HTTPS,camera
2025-01-01T18:07:00,112.33,11.679,4.845,2.202,1.141,MQTT,actuator
2025-01-01T10:54:00,33.191,195.456,4.125,0.425,5.6124,LoRaWAN,smart_meter
2025-01-02T16:50:00,1265.38,32.891,9.585,57.295,1.3071,HTTPS,gateway
2025-01-02T07:42:00,53.926,34.821,2.204,7.853,1.9942,MQTT,env_sensor
2025-01-02T14:37:00,1596.849,38.742,6.018,28.438,1.6191,CoAP,gateway
2025-01-01T12:10:00,1512.227,55.059,12.752,75.84,1.9955,HTTPS,gateway
2025-01-02T10:42:00,34.498,140.244,2.66,0.186,5.8359,LoRaWAN,smart_meter
2025-01-02T02:51:00,82.647,26.31,2.265,3.318,0.7414,MQTT,env_sensor
2025-01-02T11:19:00,24.37,235.498,3.041,0.525,6.0507,LoRaWAN,smart_meter
2025-01-02T03:31:00,24.007,313.79,2.465,0.167,5.1468,LoRaWAN,smart_meter
2025-01-01T07:47:00,9.472,176.579,0.945,0.2,2.0808,LoRaWAN,smart_meter
2025-01-02T10:42:00,1242.749,74.139,0.1,77.947,2.1625,HTTPS,gateway
2025-01-01T02:55:00,116.504,13.71,7.837,10.389,0.9773,MQTT,actuator
2025-01-01T19:32:00,36.325,123.004,1.911,0.417,0.0,LoRaWAN,smart_meter
2025-01-01T18:55:00,1301.709,48.725,4.085,33.256,0.1869,HTTPS,camera
2025-01-01T11:25:00,930.953,29.812,12.546,83.347,0.1305,HTTPS,gateway
2025-01-02T16:54:00,34.28,238.252,5.287,0.107,1.8074,LoRaWAN,smart_meter
2025-01-02T02:10:00,109.034,4.457,2.037,7.109,0.755,MQTT,env_sensor
2025-01-01T09:39:00,25.523,159.945,3.57,0.05,5.8108,LoRaWAN,smart_meter
2025-01-02T03:54:00,528.598,64.881,9.04,25.275,1.3952,CoAP,gateway
2025-01-01T20:39:00,635.265,13.616,0.1,41.251,0.4922,HTTPS,gateway
2025-01-02T08:01:00,21.276,124.364,5.146,0.549,4.5522,LoRaWAN,smart_meter
2025-01-01T13:33:00,1118.957,78.347,0.23,93.046,0.632,HTTPS,gateway
2025-01-02T15:20:00,2391.643,59.265,1.879,176.287,0.4614,HTTPS,camera
2025-01-02T16:40:00,1953.597,74.654,8.093,47.709,0.4726,HTTPS,camera
2025-01-01T19:27:00,29.518,178.536,2.411,0.287,1.2531,LoRaWAN,smart_meter
2025-01-02T13:35:00,46.612,28.947,5.239,0.05,1.3001,MQTT,env_sensor
2025-01-01T04:09:00,82.152,26.692,3.801,4.056,0.7161,MQTT,env_sensor
2025-01-02T00:45:00,103.371,26.326,5.189,12.026,1.1754,MQTT,actuator
2025-01-02T17:25:00,1268.839,1.0,11.227,61.256,0.0,HTTPS,gateway
2025-01-02T01:53:00,73.802,33.322,4.399,82.659,0.7643,HTTPS,camera
2025-01-02T10:08:00,1904.252,50.859,9.466,135.098,0.4827,HTTPS,camera
2025-01-02T10:47:00,39.402,171.506,0.718,0.321,3.564,MQTT,smart_meter
2025-01-01T08:41:00,24.994,223.125,0.1,0.05,3.296,LoRaWAN,smart_meter
2025-01-01T06:46:00,31.78,266.827,1.11,0.32,4.5827,LoRaWAN,smart_meter
2025-01-01T19:06:00,2472.391,60.936,2.417,77.577,0.0,HTTPS,camera
2025-01-01T09:43:00,79.466,15.42,2.932,0.52,1.8434,MQTT,env_sensor
2025-01-01T06:38:00,76.24,8.823,5.32,0.412,1.6594,MQTT,env_sensor
2025-01-01T04:19:00,2132.68,56.315,8.529,82.424,0.7178,HTTPS,camera
2025-01-01T07:10:00,56.979,34.79,2.705,3.34,2.0821,MQTT,env_sensor
2025-01-02T14:45:00,1815.202,40.496,3.925,103.374,1.2136,HTTPS,camera
2025-01-01T11:54:00,1026.159,35.184,2.182,131.958,1.8543,HTTPS,gateway
2025-01-02T00:56:00,82.797,36.85,4.628,5.008,0.3312,MQTT,actuator
2025-01-01T12:43:00,41.14,16.046,4.534,1.171,0.3411,MQTT,env_sensor
2025-01-02T06:54:00,26.852,221.35,0.665,0.52,4.2698,LoRaWAN,smart_meter
2025-01-02T12:07:00,96.974,15.385,9.647,18.237,0.0,MQTT,actuator
2025-01-02T08:08:00,158.132,19.514,8.724,0.937,0.9226,CoAP,actuator
2025-01-01T14:12:00,633.466,62.525,7.854,22.833,0.0,CoAP,gateway
2025-01-01T11:46:00,2131.592,59.265,11.655,12.993,1.4265,CoAP,camera
2025-01-01T09:59:00,928.676,18.188,19.129,90.144,1.7952,CoAP,gateway
2025-01-01T07:15:00,469.827,62.5,9.751,184.197,1.1214,CoAP,gateway
2025-01-02T10:20:00,951.478,68.329,1.264,81.968,0.71,HTTPS,camera
2025-01-02T14:38:00,998.525,19.534,10.334,0.05,1.2081,CoAP,gateway
2025-01-02T12:13:00,1508.297,70.531,9.638,67.026,1.2814,HTTPS,gateway
2025-01-01T23:46:00,68.531,33.131,9.245,9.47,1.1734,CoAP,actuator
2025-01-02T00:55:00,1098.196,50.356,16.473,56.789,0.4884,HTTPS,gateway
2025-01-01T01:09:00,2680.946,69.975,2.105,120.413,0.1808,HTTPS,camera
2025-01-01T17:31:00,3286.559,67.147,7.499,148.591,0.577,HTTPS,camera
2025-01-02T10:20:00,27.599,227.137,0.1,0.211,1.7064,LoRaWAN,smart_meter
2025-01-02T07:54:00,28.054,270.954,3.323,0.084,1.6466,LoRaWAN,smart_meter
2025-01-01T00:53:00,123.456,18.207,4.675,8.633,0.5739,MQTT,actuator
2025-01-01T21:11:00,977.856,23.136,0.1,280.343,0.0,HTTPS,camera
2025-01-02T13:57:00,112.178,42.209,0.769,0.494,0.6869,HTTPS,env_sensor
2025-01-02T13:56:00,145.866,11.13,4.424,1.218,1.2217,MQTT,actuator
2025-01-02T10:36:00,26.618,101.262,1.612,0.639,3.481,LoRaWAN,smart_meter
2025-01-01T20:50:00,70.992,21.618,2.622,8.952,1.1263,MQTT,env_sensor
2025-01-01T22:28:00,81.495,21.421,2.847,3.071,2.3103,MQTT,env_sensor
2025-01-01T15:30:00,29.941,58.338,1.993,0.354,1.0396,MQTT,smart_meter
2025-01-02T17:16:00,172.619,6.979,5.162,12.439,1.2474,MQTT,actuator
2025-01-02T07:56:00,1032.614,84.371,7.1,40.418,0.432,HTTPS,camera
2025-01-01T15:08:00,84.921,24.478,1.794,6.264,1.4763,MQTT,env_sensor
2025-01-01T05:11:00,1514.368,96.427,5.713,227.501,1.1149,HTTPS,camera
2025-01-02T03:04:00,32.914,293.42,0.381,0.608,3.5084,LoRaWAN,smart_meter
2025-01-01T13:31:00,1558.605,80.077,1.672,12.774,0.1527,HTTPS,camera
2025-01-01T17:48:00,121.973,7.667,9.238,11.477,1.0582,MQTT,actuator
2025-01-02T00:55:00,28.363,150.079,0.1,0.596,3.4736,LoRaWAN,smart_meter
2025-01-02T11:58:00,32.097,220.819,3.557,0.905,0.0,LoRaWAN,smart_meter
2025-01-02T13:09:00,63.805,26.416,5.939,7.767,0.2536,MQTT,actuator
2025-01-02T10:59:00,92.748,17.059,3.604,3.788,0.501,MQTT,actuator
2025-01-01T00:37:00,8.0,56.469,8.949,92.657,1.0648,MQTT,gateway
2025-01-02T12:14:00,68.241,35.676,3.249,0.05,1.0508,MQTT,env_sensor
2025-01-01T10:55:00,139.448,2.668,6.019,7.503,0.7982,CoAP,actuator
2025-01-02T06:41:00,93.829,6.321,3.539,8.868,0.822,MQTT,actuator
2025-01-02T02:47:00,30.456,17.226,5.177,2.545,0.9732,MQTT,env_sensor
2025-01-01T16:05:00,137.286,21.011,5.918,7.077,1.3773,MQTT,actuator
2025-01-01T04:43:00,133.563,82.104,13.726,18.45,1.4136,MQTT,gateway
2025-01-02T13:18:00,20.1,184.55,1.364,0.694,2.532,LoRaWAN,smart_meter
2025-01-01T18:14:00,21.25,224.492,0.759,0.162,1.1105,LoRaWAN,smart_meter
2025-01-01T01:02:00,897.602,20.856,4.252,168.702,0.2372,HTTPS,camera
2025-01-01T18:00:00,92.032,30.962,5.945,4.059,0.186,CoAP,env_sensor
2025-01-02T13:07:00,97.115,26.61,3.877,7.892,1.9939,MQTT,env_sensor
2025-01-02T07:37:00,1181.076,28.313,15.743,0.05,1.0043,CoAP,gateway
2025-01-02T16:06:00,26.29,227.374,3.052,0.729,0.0,LoRaWAN,smart_meter
2025-01-01T08:41:00,64.219,42.622,2.54,3.986,1.3637,MQTT,env_sensor
2025-01-02T03:58:00,1813.456,53.531,4.809,102.584,0.4678,HTTPS,camera
2025-01-01T15:33:00,8.0,58.854,12.336,75.137,2.1156,MQTT,gateway
2025-01-02T11:50:00,45.695,13.028,4.122,3.954,1.5014,MQTT,actuator
2025-01-02T08:32:00,2376.705,75.112,1.61,100.178,0.8336,HTTPS,camera
2025-01-02T05:50:00,84.516,39.909,0.459,4.053,0.5716,MQTT,env_sensor
2025-01-02T02:46:00,118.668,14.051,5.128,4.96,1.2844,MQTT,actuator
2025-01-02T16:48:00,62.093,23.169,3.794,0.727,0.7736,MQTT,env_sensor
2025-01-01T10:47:00,58.907,55.351,3.399,2.013,0.7218,MQTT,env_sensor
2025-01-01T15:02:00,834.81,99.916,2.13,62.375,0.1766,HTTPS,camera
2025-01-02T01:44:00,452.474,41.451,5.902,31.723,0.803,CoAP,gateway
2025-01-01T11:13:00,3027.976,59.419,0.1,199.036,0.7918,HTTPS,camera
2025-01-02T16:31:00,1191.049,36.982,6.075,49.518,1.2518,CoAP,gateway
2025-01-01T19:20:00,657.216,1.0,6.237,71.21,0.1041,HTTPS,gateway
2025-01-01T05:48:00,143.491,28.474,2.695,5.819,1.6334,MQTT,actuator
2025-01-01T01:13:00,27.002,24.463,5.116,5.365,1.1396,MQTT,env_sensor
2025-01-01T21:23:00,444.076,48.766,9.743,55.859,1.7318,CoAP,gateway
2025-01-01T05:44:00,92.144,11.246,6.002,1.122,1.7111,MQTT,actuator
2025-01-01T08:14:00,75.619,19.221,4.258,4.989,2.1157,MQTT,env_sensor
2025-01-02T14:51:00,51.397,5.804,3.981,0.05,1.3199,MQTT,env_sensor
2025-01-02T16:51:00,82.208,10.91,7.031,7.803,0.1022,MQTT,actuator
2025-01-02T09:21:00,2105.112,59.667,5.462,17.665,0.8342,HTTPS,camera
2025-01-01T16:16:00,27.733,70.128,4.648,0.492,5.4277,LoRaWAN,smart_meter
2025-01-02T01:22:00,84.185,23.227,2.632,4.761,1.8572,MQTT,env_sensor
2025-01-02T01:20:00,99.706,17.448,3.877,9.362,0.0,MQTT,actuator
2025-01-02T00:15:00,64.91,14.479,8.075,2.066,1.9121,CoAP,actuator
2025-01-01T00:44:00,950.194,83.4,6.012,59.213,0.0,HTTPS,gateway
2025-01-01T20:55:00,55.799,29.219,5.471,6.057,0.968,MQTT,env_sensor
2025-01-02T15:01:00,1656.711,49.197,5.271,149.206,0.0,HTTPS,camera
2025-01-01T19:03:00,28.345,118.443,1.397,0.986,7.1668,LoRaWAN,smart_meter
2025-01-02T09:10:00,61.228,14.242,0.1,8.596,1.44,MQTT,env_sensor
2025-01-02T12:54:00,36.279,213.683,2.101,0.686,2.8803,LoRaWAN,smart_meter
2025-01-02T11:37:00,2332.302,21.924,3.056,68.989,0.9774,HTTPS,camera
2025-01-01T16:29:00,31.264,7.109,5.303,5.833,0.0977,MQTT,actuator
2025-01-02T17:37:00,2183.62,62.992,0.1,142.744,1.2661,HTTPS,camera
2025-01-01T12:04:00,1055.626,67.606,11.929,0.05,0.8023,HTTPS,gateway
2025-01-02T14:21:00,114.547,16.377,4.075,3.309,1.5998,MQTT,actuator
2025-01-01T06:55:00,72.983,12.091,3.828,0.05,0.365,MQTT,actuator
2025-01-02T10:08:00,84.206,7.384,1.96,8.368,1.8453,MQTT,env_sensor
2025-01-01T02:47:00,33.945,192.224,2.581,0.632,2.4737,LoRaWAN,smart_meter
2025-01-02T17:39:00,872.843,33.56,18.501,3.974,1.8566,CoAP,gateway
2025-01-01T08:29:00,1584.01,83.007,0.1,203.163,0.0,HTTPS,camera
2025-01-01T12:02:00,2003.788,39.658,8.282,48.83,0.0,HTTPS,camera
2025-01-02T13:07:00,14.401,147.951,0.1,0.437,1.4579,LoRaWAN,smart_meter
2025-01-02T03:49:00,983.228,34.529,7.415,21.294,0.2875,CoAP,gateway
2025-01-01T20:37:00,17.741,308.811,1.444,0.4,2.197,LoRaWAN,smart_meter
2025-01-02T10:41:00,1707.971,93.914,0.1,104.489,0.1463,HTTPS,camera
2025-01-01T05:44:00,926.206,28.838,3.32,14.767,1.0498,CoAP,gateway
2025-01-01T12:32:00,22.927,99.776,1.36,0.121,3.3518,LoRaWAN,smart_meter
2025-01-01T13:50:00,593.771,51.458,5.872,9.117,0.1449,CoAP,gateway
2025-01-01T08:30:00,76.86,29.901,2.557,4.137,2.1468,MQTT,env_sensor
2025-01-02T14:00:00,31.177,214.723,5.392,0.405,3.3444,LoRaWAN,smart_meter
2025-01-02T00:06:00,89.352,11.131,11.773,8.329,0.6606,MQTT,actuator
2025-01-02T14:19:00,58.915,17.591,0.24,4.559,0.1938,MQTT,env_sensor
2025-01-02T10:44:00,130.976,17.939,7.503,1.638,0.1422,MQTT,actuator
2025-01-01T05:04:00,108.988,1.0,2.055,5.373,1.6807,MQTT,env_sensor
2025-01-02T17:17:00,134.007,31.322,8.779,4.937,0.3605,CoAP,actuator
2025-01-01T04:54:00,815.659,70.775,18.312,81.096,0.0,HTTPS,gateway
2025-01-02T08:39:00,2007.514,72.371,11.027,124.981,0.423,HTTPS,camera
2025-01-01T03:21:00,44.91,21.981,4.742,7.639,1.8381,MQTT,env_sensor
2025-01-01T16:05:00,33.395,11.845,5.023,4.465,1.0087,MQTT,env_sensor
2025-01-02T16:25:00,92.233,27.493,4.989,0.519,0.9549,MQTT,actuator
2025-01-01T17:42:00,129.124,22.552,1.769,7.646,0.2558,MQTT,actuator
2025-01-01T00:15:00,51.634,24.844,4.868,5.675,1.8021,MQTT,env_sensor
2025-01-01T17:37:00,911.657,37.343,3.33,198.667,0.9683,HTTPS,camera
2025-01-02T17:22:00,964.191,33.414,1.469,200.47,0.3534,HTTPS,camera
2025-01-01T15:12:00,1932.572,20.867,5.282,88.901,0.0,HTTPS,camera
2025-01-01T12:55:00,102.144,20.287,6.923,7.234,0.4986,MQTT,actuator
2025-01-01T15:11:00,139.244,10.127,5.061,0.05,0.585,MQTT,actuator
2025-01-01T21:08:00,640.961,50.785,0.1,27.717,1.7045,MQTT,gateway
2025-01-02T12:50:00,583.582,46.211,6.28,100.683,0.0,HTTPS,gateway
2025-01-01T02:04:00,8.0,99.575,2.572,82.372,0.6912,HTTPS,camera
2025-01-01T18:39:00,611.315,47.698,4.967,119.264,1.9619,CoAP,gateway
2025-01-01T02:06:00,29.698,119.474,1.057,0.05,2.83,LoRaWAN,smart_meter
2025-01-02T02:37:00,29.504,248.285,0.1,0.373,1.4771,LoRaWAN,smart_meter
2025-01-02T12:27:00,90.884,11.804,0.1,7.228,0.7889,MQTT,env_sensor
2025-01-02T08:52:00,115.808,31.389,5.224,10.292,0.8985,MQTT,actuator
2025-01-02T10:45:00,113.892,1.0,3.914,5.466,2.0259,MQTT,env_sensor
2025-01-01T15:21:00,101.781,18.0,0.661,7.363,1.135,MQTT,actuator
2025-01-02T09:44:00,141.099,21.156,1.075,10.967,0.0007,MQTT,actuator
2025-01-02T16:37:00,227.59,43.37,1.665,81.07,1.002,MQTT,gateway
2025-01-02T01:11:00,80.88,18.231,2.504,1.203,0.9616,MQTT,env_sensor
2025-01-02T04:11:00,1895.436,86.322,5.805,188.26,0.72,HTTPS,camera
2025-01-01T19:27:00,64.937,43.816,0.1,5.818,0.0,MQTT,env_sensor
2025-01-01T02:32:00,1186.243,67.767,5.71,26.49,0.0048,HTTPS,gateway
2025-01-02T11:53:00,128.396,21.115,8.061,3.056,0.0,MQTT,actuator
2025-01-02T16:17:00,1203.375,87.986,7.307,202.257,0.1229,HTTPS,camera
2025-01-01T16:41:00,78.944,27.915,5.913,6.846,1.6162,MQTT,env_sensor
2025-01-01T00:00:00,56.348,14.678,5.228,7.634,0.4092,MQTT,env_sensor
2025-01-02T17:00:00,136.028,25.446,6.637,4.712,1.0265,MQTT,actuator
2025-01-01T21:35:00,108.668,18.396,10.558,7.73,0.7947,CoAP,actuator
2025-01-01T18:08:00,3326.544,66.705,1.567,131.592,0.9049,HTTPS,camera
2025-01-01T02:26:00,68.705,23.562,6.816,5.425,0.0,MQTT,env_sensor
2025-01-02T01:59:00,31.574,248.957,2.603,0.063,0.0,LoRaWAN,smart_meter
2025-01-02T11:18:00,741.717,6.051,12.467,2.8,0.4475,CoAP,gateway
2025-01-02T14:48:00,122.408,22.83,7.165,14.076,1.4761,MQTT,actuator
2025-01-02T15:40:00,30.27,181.799,2.758,0.411,4.9513,LoRaWAN,smart_meter
2025-01-01T13:38:00,68.873,44.132,6.119,2.915,1.8691,MQTT,env_sensor
2025-01-01T23:34:00,34.359,185.869,4.835,0.705,1.2133,LoRaWAN,smart_meter
2025-01-01T02:56:00,95.581,18.694,7.786,7.773,0.8258,MQTT,actuator
2025-01-02T08:08:00,78.319,27.058,3.611,6.47,1.3645,MQTT,env_sensor
2025-01-01T21:06:00,1723.391,86.292,3.834,113.84,0.6991,HTTPS,camera
2025-01-01T19:33:00,66.9,14.826,2.886,5.516,0.0,MQTT,env_sensor
2025-01-02T13:27:00,31.743,167.479,1.181,0.05,1.0962,LoRaWAN,smart_meter
2025-01-02T05:06:00,89.597,2.896,5.147,5.0,0.5209,MQTT,actuator
2025-01-02T03:45:00,31.896,140.212,0.305,0.912,4.2625,LoRaWAN,smart_meter
2025-01-01T03:48:00,123.317,14.165,3.907,14.804,1.438,MQTT,actuator
2025-01-02T03:49:00,38.585,105.226,1.064,0.05,4.0582,LoRaWAN,smart_meter
2025-01-02T08:11:00,1272.615,89.419,7.231,0.05,0.6719,HTTPS,camera
2025-01-01T02:04:00,100.193,20.506,6.446,8.868,0.7319,CoAP,actuator
2025-01-02T13:23:00,1823.284,76.496,1.756,185.542,0.4319,HTTPS,camera
2025-01-02T12:46:00,1379.658,54.823,8.624,110.882,0.0,HTTPS,camera
2025-01-02T05:10:00,48.77,217.305,2.169,0.639,3.353,LoRaWAN,smart_meter
2025-01-01T20:27:00,73.653,8.932,9.176,10.361,1.1165,CoAP,actuator
2025-01-01T23:53:00,126.427,18.411,9.714,11.246,0.0,MQTT,actuator
2025-01-02T15:25:00,13.543,232.375,3.816,0.705,3.9879,LoRaWAN,smart_meter
2025-01-01T16:15:00,96.976,16.672,6.468,6.896,0.1907,MQTT,actuator
2025-01-02T14:41:00,1716.625,62.466,9.318,98.122,0.3937,HTTPS,gateway
2025-01-01T19:18:00,96.212,17.979,9.327,6.92,0.1611,MQTT,actuator
2025-01-02T12:55:00,134.064,18.277,2.985,10.497,0.0,MQTT,actuator
2025-01-02T03:39:00,66.074,15.501,11.222,13.482,0.0,MQTT,actuator
2025-01-01T12:52:00,1447.702,58.63,4.506,32.481,2.0097,MQTT,camera
2025-01-02T14:26:00,1027.622,91.522,8.054,74.459,0.6933,HTTPS,camera
2025-01-02T05:54:00,70.533,17.159,10.956,4.361,1.752,MQTT,actuator
2025-01-01T04:59:00,16.432,1.313,2.132,0.05,2.0647,MQTT,env_sensor
2025-01-01T20:04:00,134.055,1.0,1.748,8.504,0.4543,MQTT,actuator
2025-01-01T11:41:00,816.742,51.86,0.1,73.683,0.0,HTTPS,gateway
2025-01-02T09:37:00,26.895,164.628,0.805,0.708,4.0937,LoRaWAN,smart_meter
2025-01-01T21:22:00,1330.182,58.611,8.263,112.662,1.401,HTTPS,camera
2025-01-01T15:51:00,1351.66,45.844,0.1,123.789,1.0982,HTTPS,camera
2025-01-02T14:05:00,108.368,3.193,4.066,10.228,0.04,MQTT,actuator
2025-01-02T03:47:00,1180.156,41.718,0.1,23.408,1.1855,HTTPS,gateway
2025-01-01T01:34:00,28.938,265.332,0.692,0.532,0.0779,LoRaWAN,smart_meter
2025-01-01T13:38:00,129.812,20.508,2.348,2.491,1.6431,MQTT,actuator
2025-01-01T19:15:00,1206.172,47.76,7.963,55.118,1.129,HTTPS,camera
2025-01-02T02:01:00,70.336,25.464,1.859,9.405,2.448,MQTT,actuator
2025-01-01T23:07:00,1306.085,90.72,1.973,138.961,2.074,HTTPS,camera
2025-01-02T02:08:00,37.439,209.157,1.75,0.255,7.3973,LoRaWAN,smart_meter
2025-01-02T07:34:00,860.738,53.994,0.1,118.61,1.051,HTTPS,gateway
2025-01-01T10:24:00,16.917,160.83,2.778,0.516,2.2527,LoRaWAN,smart_meter
2025-01-01T10:48:00,76.049,24.235,1.736,2.423,1.0788,MQTT,env_sensor
2025-01-02T13:22:00,119.104,33.682,4.799,9.654,0.0,HTTPS,actuator
2025-01-02T06:46:00,69.695,1.0,4.367,1.456,0.1569,MQTT,env_sensor
2025-01-01T20:50:00,39.016,284.163,1.114,0.315,2.8124,LoRaWAN,smart_meter
2025-01-01T03:54:00,1097.824,45.685,5.742,9.269,1.113,CoAP,gateway
2025-01-01T04:22:00,1365.528,24.412,12.61,24.823,2.1892,MQTT,gateway
2025-01-02T09:08:00,1160.534,55.312,9.642,58.369,0.7119,HTTPS,camera
2025-01-02T11:03:00,1844.235,72.668,8.212,89.091,0.0969,HTTPS,camera
2025-01-01T11:51:00,1471.637,31.462,9.631,75.845,0.2121,HTTPS,gateway
2025-01-01T04:18:00,61.903,12.619,7.724,13.358,0.5818,MQTT,actuator
2025-01-01T04:24:00,1503.819,62.402,9.554,50.62,0.5095,HTTPS,gateway
2025-01-01T10:40:00,28.066,230.967,1.639,0.308,3.055,LoRaWAN,smart_meter
2025-01-01T23:45:00,31.308,223.224,1.429,0.808,0.9932,LoRaWAN,smart_meter
2025-01-02T07:26:00,1026.964,55.14,7.445,23.468,1.1478,CoAP,gateway
2025-01-01T03:26:00,1042.291,53.611,8.312,50.22,1.0534,HTTPS,gateway
2025-01-02T07:22:00,135.154,15.606,8.287,8.346,1.5035,MQTT,actuator
2025-01-02T05:45:00,105.012,11.204,5.786,11.654,0.5106,MQTT,actuator
2025-01-01T17:51:00,1315.444,26.385,13.045,14.066,0.8634,HTTPS,gateway
2025-01-01T21:44:00,1174.292,48.374,3.192,77.187,2.2277,HTTPS,gateway
2025-01-02T04:56:00,130.81,38.494,2.901,6.278,0.8624,MQTT,actuator
2025-01-02T17:18:00,8.0,50.577,4.646,95.985,0.0,HTTPS,gateway
2025-01-01T01:22:00,118.951,6.351,7.574,12.946,0.0129,MQTT,actuator
2025-01-01T14:22:00,142.979,27.156,2.365,5.534,0.6922,MQTT,actuator
2025-01-01T05:12:00,20.568,239.031,0.1,0.05,5.5041,LoRaWAN,smart_meter
2025-01-02T14:25:00,82.334,37.493,3.711,2.589,0.643,MQTT,env_sensor
2025-01-01T09:43:00,167.607,18.456,4.714,2.964,1.1465,MQTT,actuator
2025-01-01T17:18:00,68.121,10.143,2.821,6.303,1.2903,MQTT,env_sensor
2025-01-02T01:30:00,20.508,186.732,4.634,0.101,2.3916,LoRaWAN,smart_meter
2025-01-01T01:16:00,57.076,26.089,0.1,0.05,0.7166,MQTT,env_sensor
2025-01-01T19:50:00,1202.47,18.449,2.939,10.022,0.8606,HTTPS,gateway
2025-01-02T14:53:00,87.314,19.322,6.993,4.59,1.5784,CoAP,actuator
2025-01-02T15:02:00,145.941,14.24,6.896,12.474,0.0,MQTT,actuator
2025-01-02T03:39:00,258.52,64.548,4.411,108.042,0.172,HTTPS,camera
2025-01-01T20:38:00,32.921,144.291,2.874,0.287,0.0,LoRaWAN,smart_meter
2025-01-01T18:48:00,369.192,42.457,7.619,86.594,0.0,HTTPS,gateway
2025-01-01T16:00:00,64.037,10.328,3.1,3.541,0.0,MQTT,env_sensor
2025-01-02T15:59:00,669.929,17.223,14.71,26.361,0.7522,CoAP,gateway
2025-01-01T21:14:00,65.955,11.595,4.307,1.3,1.1248,MQTT,env_sensor
2025-01-01T20:47:00,763.873,68.935,5.583,0.05,0.0,CoAP,gateway
2025-01-02T02:33:00,33.384,110.055,2.208,0.628,7.9476,LoRaWAN,smart_meter
2025-01-02T16:17:00,90.865,14.825,8.101,13.569,0.21,CoAP,actuator
2025-01-01T06:00:00,774.505,53.548,4.926,87.937,1.2622,HTTPS,gateway
2025-01-01T00:06:00,93.7,22.037,3.183,6.73,1.0517,MQTT,env_sensor
2025-01-02T13:15:00,1251.605,61.265,9.069,91.37,0.6313,HTTPS,gateway
2025-01-01T01:13:00,133.205,21.805,3.041,11.854,0.7301,MQTT,actuator
2025-01-02T03:14:00,91.041,16.754,6.346,1.947,1.8749,MQTT,env_sensor
2025-01-02T16:00:00,59.602,11.749,5.735,4.889,1.1258,MQTT,env_sensor
2025-01-01T07:23:00,1990.963,63.018,6.455,92.75,0.5685,HTTPS,camera
2025-01-02T11:05:00,27.263,140.843,2.936,0.563,1.4852,LoRaWAN,smart_meter
2025-01-01T15:56:00,2511.222,51.092,8.176,165.034,0.6317,HTTPS,camera
2025-01-02T07:46:00,37.193,28.648,3.59,6.726,0.7852,MQTT,env_sensor
2025-01-01T11:20:00,80.332,46.97,4.628,1.397,1.5282,MQTT,env_sensor
2025-01-01T13:04:00,168.733,20.38,1.332,6.313,0.0,MQTT,actuator
2025-01-01T19:03:00,968.166,24.578,14.992,44.344,0.934,CoAP,gateway
2025-01-01T14:33:00,60.752,34.864,0.569,9.852,0.2644,MQTT,env_sensor
2025-01-02T10:56:00,8.0,68.642,6.684,26.873,0.0,CoAP,camera
2025-01-01T21:45:00,156.62,8.183,7.967,9.963,0.3216,MQTT,actuator
2025-01-01T18:15:00,21.418,12.84,6.248,0.05,0.8973,LoRaWAN,env_sensor
2025-01-02T04:33:00,903.687,41.385,4.915,81.102,0.355,HTTPS,camera
2025-01-02T03:56:00,1215.75,62.047,3.622,17.924,0.9623,HTTPS,gateway
2025-01-01T15:52:00,33.245,124.578,1.397,0.263,2.8974,LoRaWAN,smart_meter
2025-01-01T15:20:00,97.827,32.991,2.539,0.05,2.0009,MQTT,env_sensor
2025-01-02T06:02:00,1051.707,46.24,8.72,83.288,1.5155,HTTPS,gateway
2025-01-02T13:04:00,86.154,20.954,5.191,10.319,0.8352,MQTT,actuator
2025-01-02T14:35:00,1365.957,28.031,4.792,77.969,0.4738,HTTPS,gateway
2025-01-01T02:16:00,214.6,44.138,6.086,133.374,0.1442,HTTPS,gateway
2025-01-02T16:33:00,1211.788,36.966,10.467,195.362,1.0595,HTTPS,camera
2025-01-01T02:14:00,24.381,142.727,2.331,0.245,0.0,LoRaWAN,smart_meter
2025-01-02T04:34:00,65.993,27.851,1.34,0.05,0.0,MQTT,env_sensor
2025-01-01T21:11:00,47.679,38.921,0.743,4.288,1.8147,MQTT,env_sensor
2025-01-01T14:25:00,35.486,201.538,1.953,0.428,2.5542,LoRaWAN,smart_meter
2025-01-01T02:40:00,127.614,4.953,4.981,4.177,0.584,MQTT,actuator
2025-01-01T13:43:00,27.176,291.962,2.73,0.05,0.3387,LoRaWAN,smart_meter
2025-01-02T06:38:00,1238.229,17.499,13.791,98.862,2.8706,HTTPS,gateway
2025-01-01T19:18:00,58.698,20.12,2.942,7.125,0.0865,MQTT,env_sensor
2025-01-01T20:35:00,78.71,21.74,2.937,0.05,0.7327,MQTT,env_sensor
2025-01-01T19:34:00,1687.086,76.406,6.396,133.405,0.4403,HTTPS,camera
2025-01-01T12:59:00,41.844,42.584,5.571,3.817,0.0,MQTT,env_sensor
2025-01-01T04:36:00,123.645,17.035,3.683,1.738,1.7844,MQTT,actuator
2025-01-01T10:44:00,34.114,19.504,3.646,2.846,1.7834,MQTT,env_sensor
2025-01-01T21:15:00,84.744,36.759,6.161,11.271,0.6725,MQTT,env_sensor
2025-01-01T04:59:00,1327.535,26.516,4.419,67.828,0.9399,HTTPS,camera
2025-01-01T10:39:00,158.195,19.189,9.162,4.521,1.0914,MQTT,actuator
2025-01-02T07:55:00,34.164,234.018,1.009,0.647,2.0975,LoRaWAN,smart_meter
2025-01-01T00:16:00,24.77,150.51,2.787,0.369,3.8516,LoRaWAN,smart_meter
2025-01-02T16:36:00,72.936,18.155,7.661,13.379,0.8457,MQTT,actuator
2025-01-02T12:05:00,8.0,9.875,9.327,38.002,1.7594,MQTT,gateway
2025-01-01T02:34:00,1097.221,42.851,7.675,59.335,0.5468,HTTPS,gateway
2025-01-02T06:07:00,113.644,20.694,5.26,17.293,0.2822,MQTT,actuator
2025-01-01T19:23:00,87.892,17.691,3.596,9.319,1.5559,MQTT,actuator
2025-01-02T16:40:00,621.266,52.586,9.029,50.333,0.2644,HTTPS,gateway
2025-01-01T23:07:00,66.373,22.921,1.585,0.6,3.1649,MQTT,env_sensor
2025-01-02T10:24:00,23.672,149.795,6.659,0.377,2.2053,LoRaWAN,smart_meter
2025-01-01T20:20:00,1460.29,78.488,5.353,194.725,0.109,HTTPS,camera
2025-01-01T21:38:00,560.513,41.002,10.28,67.645,1.0994,CoAP,gateway
2025-01-02T07:07:00,71.873,16.65,1.015,5.396,1.9331,MQTT,env_sensor
2025-01-01T01:41:00,62.845,22.805,8.404,11.214,1.4901,MQTT,actuator
2025-01-02T11:38:00,740.63,80.434,14.909,86.62,2.6802,CoAP,gateway
2025-01-01T09:25:00,29.353,113.077,2.792,0.166,1.7221,LoRaWAN,smart_meter
2025-01-02T02:37:00,869.211,27.559,15.296,49.579,1.0601,CoAP,gateway
2025-01-02T12:29:00,1517.209,54.121,6.562,46.133,1.3635,CoAP,gateway
2025-01-02T00:58:00,1172.382,37.148,8.808,147.861,0.3048,HTTPS,camera
2025-01-02T02:19:00,45.199,21.229,0.755,10.668,0.4654,MQTT,actuator
2025-01-01T14:17:00,1009.453,63.792,2.803,0.05,0.4321,HTTPS,gateway
2025-01-01T10:24:00,1378.1,39.511,4.839,136.594,0.4244,HTTPS,camera
2025-01-02T00:34:00,82.467,23.109,2.909,0.05,1.4549,MQTT,env_sensor
2025-01-02T03:29:00,99.205,25.007,7.28,1.311,0.1348,MQTT,actuator
2025-01-01T21:29:00,84.645,34.843,3.141,0.108,1.3272,MQTT,env_sensor
2025-01-01T02:39:00,33.941,265.091,2.821,0.343,4.4898,LoRaWAN,smart_meter
2025-01-02T08:24:00,724.35,80.674,6.421,25.427,0.0,CoAP,gateway
2025-01-01T00:43:00,55.886,13.991,0.1,8.831,0.922,MQTT,env_sensor
2025-01-01T08:56:00,122.204,8.111,3.652,4.246,0.4298,MQTT,actuator
2025-01-01T14:05:00,37.989,116.628,3.534,0.378,3.105,LoRaWAN,smart_meter
2025-01-02T14:08:00,3474.655,35.92,1.029,126.506,0.0,HTTPS,camera
2025-01-01T07:51:00,1085.095,65.08,13.354,27.37,0.8824,HTTPS,gateway
2025-01-02T04:31:00,81.285,30.934,5.003,7.946,0.714,MQTT,env_sensor
2025-01-02T04:18:00,88.292,27.833,7.566,9.647,1.4064,MQTT,actuator
2025-01-01T07:02:00,72.448,21.599,6.903,3.783,1.3461,MQTT,actuator
2025-01-02T02:52:00,131.062,1.0,1.642,11.343,0.0338,MQTT,actuator
2025-01-01T23:11:00,150.407,22.574,5.205,10.724,0.2987,MQTT,actuator
2025-01-01T07:53:00,71.959,48.311,13.497,65.159,0.1325,MQTT,gateway
2025-01-01T21:01:00,16.082,197.353,4.611,0.474,2.4855,LoRaWAN,smart_meter
2025-01-01T06:34:00,90.793,14.852,1.915,1.31,0.1413,MQTT,env_sensor
2025-01-02T11:04:00,1456.024,82.524,6.04,61.798,0.4713,HTTPS,camera
2025-01-01T08:36:00,721.748,32.271,1.957,117.513,0.0,HTTPS,gateway
2025-01-02T05:55:00,1257.919,53.09,2.329,106.085,0.7014,HTTPS,camera
2025-01-02T15:18:00,50.227,29.634,3.216,7.744,0.0,MQTT,env_sensor
2025-01-01T09:00:00,95.891,23.786,6.991,19.001,0.0525,MQTT,actuator
2025-01-02T05:53:00,1945.568,101.45,1.997,210.448,0.0,HTTPS,camera
2025-01-01T14:28:00,1109.234,7.384,2.658,95.558,2.3416,HTTPS,gateway
2025-01-01T11:50:00,3044.157,60.258,0.727,75.779,1.0138,HTTPS,camera
2025-01-01T20:55:00,629.496,75.291,6.36,115.4,2.2484,CoAP,gateway
2025-01-01T04:28:00,78.393,6.751,8.123,7.99,1.3612,MQTT,actuator
2025-01-01T01:06:00,613.138,88.148,1.17,89.251,0.9899,HTTPS,camera
2025-01-01T02:20:00,1611.091,67.947,11.005,35.071,2.3607,CoAP,gateway
2025-01-02T11:47:00,1431.877,44.17,9.078,62.353,0.7282,HTTPS,gateway
2025-01-02T08:40:00,147.108,16.275,6.053,4.126,0.0,CoAP,actuator
2025-01-02T08:56:00,1014.486,46.75,16.913,45.87,0.0,CoAP,gateway
2025-01-02T08:55:00,170.812,32.443,5.423,41.347,0.3636,MQTT,gateway
2025-01-01T11:26:00,83.501,14.324,1.576,9.279,0.29,MQTT,actuator
2025-01-01T08:19:00,80.969,21.189,9.855,9.703,1.1057,MQTT,actuator
2025-01-01T11:03:00,36.978,193.218,3.164,0.406,4.1904,LoRaWAN,smart_meter
2025-01-01T06:36:00,25.721,254.994,2.335,0.516,6.2291,LoRaWAN,smart_meter
2025-01-02T00:01:00,85.751,25.379,4.235,4.248,0.2007,MQTT,env_sensor
2025-01-02T02:09:00,27.142,214.594,0.1,0.581,2.7225,LoRaWAN,smart_meter
2025-01-02T09:33:00,461.724,62.349,0.52,123.67,1.3447,HTTPS,camera
2025-01-01T12:03:00,60.445,29.969,4.209,3.153,0.9347,MQTT,env_sensor
2025-01-01T00:39:00,2724.316,65.799,5.221,103.419,0.0,HTTPS,camera
2025-01-02T02:32:00,837.341,91.343,16.599,102.971,0.9184,HTTPS,gateway
2025-01-01T04:25:00,1425.763,76.624,5.829,74.724,0.7104,HTTPS,camera
2025-01-01T00:46:00,1610.909,62.156,1.36,183.011,0.0782,HTTPS,camera
2025-01-02T09:02:00,1813.037,48.785,3.56,109.567,0.8711,HTTPS,gateway
2025-01-02T02:25:00,19.871,150.246,0.1,0.123,0.0,LoRaWAN,smart_meter
2025-01-02T09:51:00,19.656,299.41,3.893,0.279,1.897,LoRaWAN,smart_meter
2025-01-01T10:03:00,2537.07,49.116,2.59,68.481,2.1184,HTTPS,camera
2025-01-01T16:27:00,83.768,23.152,4.033,10.149,1.9056,MQTT,actuator
2025-01-01T17:02:00,410.197,3.825,0.457,2.375,1.4581,MQTT,gateway
2025-01-01T07:35:00,1956.744,40.826,9.397,87.105,0.5776,HTTPS,gateway
2025-01-02T13:26:00,1253.696,65.188,1.388,7.989,0.0,HTTPS,gateway
2025-01-01T23:43:00,1001.667,28.827,8.047,187.525,0.0,HTTPS,camera
2025-01-02T00:20:00,35.333,89.412,0.833,0.273,3.7482,MQTT,smart_meter
2025-01-01T15:27:00,1189.706,52.591,10.009,116.48,0.967,HTTPS,gateway
2025-01-02T14:29:00,94.935,1.271,3.823,6.0,0.2145,MQTT,env_sensor
2025-01-01T01:43:00,2062.538,61.926,9.326,68.186,0.8063,HTTPS,camera
2025-01-01T00:31:00,91.693,19.226,0.1,6.025,1.1872,MQTT,env_sensor
2025-01-02T02:25:00,27.641,13.326,4.935,88.194,1.1038,MQTT,camera
2025-01-02T16:23:00,21.638,126.123,2.476,0.944,2.6286,LoRaWAN,smart_meter
2025-01-02T11:29:00,76.023,35.754,3.19,3.247,2.1951,MQTT,env_sensor
2025-01-01T02:00:00,149.023,25.195,6.957,12.447,0.4853,MQTT,actuator
2025-01-01T02:26:00,40.395,321.103,2.482,0.66,2.0986,LoRaWAN,smart_meter
2025-01-01T22:19:00,51.373,22.424,3.888,1.792,0.0,MQTT,env_sensor
2025-01-01T16:17:00,2538.803,76.139,4.52,143.978,0.1367,HTTPS,camera
2025-01-02T04:03:00,30.954,152.586,2.39,0.252,1.3182,LoRaWAN,smart_meter
2025-01-01T01:28:00,61.315,33.403,3.914,1.439,1.2988,MQTT,env_sensor
2025-01-02T08:44:00,656.497,43.189,0.1,1.761,0.4923,HTTPS,gateway
2025-01-01T17:55:00,1922.426,60.311,6.679,35.423,0.396,HTTPS,camera
2025-01-01T06:47:00,79.604,29.437,5.181,17.427,0.0857,CoAP,actuator
2025-01-01T17:33:00,119.105,6.088,8.06,14.33,0.0,MQTT,actuator
2025-01-02T15:38:00,1245.816,39.254,16.512,109.349,0.2929,HTTPS,gateway
2025-01-02T01:54:00,36.08,193.94,1.635,0.555,4.402,LoRaWAN,smart_meter
2025-01-01T23:56:00,1021.389,42.393,9.738,78.697,0.5116,HTTPS,gateway
2025-01-01T08:19:00,1463.782,47.36,5.712,56.397,0.0428,HTTPS,camera
2025-01-01T00:42:00,2881.501,26.356,4.367,143.715,0.409,HTTPS,camera
2025-01-01T08:37:00,64.881,24.223,4.9,3.887,0.017,MQTT,env_sensor
2025-01-01T16:32:00,821.782,61.883,7.312,68.811,0.4391,HTTPS,gateway
2025-01-01T02:23:00,96.281,29.394,5.609,3.078,1.4617,MQTT,env_sensor
2025-01-01T14:48:00,39.39,208.988,4.792,0.151,2.1176,LoRaWAN,smart_meter
2025-01-02T06:42:00,33.296,129.617,0.1,0.606,2.3073,LoRaWAN,smart_meter
2025-01-01T10:44:00,98.863,15.322,5.373,9.665,2.4094,MQTT,actuator
2025-01-02T12:43:00,1868.994,54.03,2.16,152.925,1.1339,HTTPS,camera
2025-01-01T22:41:00,35.696,23.705,7.341,1.51,2.7081,MQTT,env_sensor
2025-01-02T14:31:00,139.943,18.086,2.771,2.126,1.0367,MQTT,actuator
2025-01-02T02:49:00,359.569,59.623,3.944,26.65,3.2618,CoAP,gateway
2025-01-02T16:28:00,1901.472,89.045,9.173,148.609,1.2799,HTTPS,camera
2025-01-01T13:03:00,72.358,10.374,2.212,3.201,2.2881,MQTT,env_sensor
2025-01-01T12:51:00,104.755,3.337,8.098,17.716,1.0771,MQTT,actuator
2025-01-02T12:38:00,100.621,4.66,6.902,10.031,0.6039,MQTT,actuator
2025-01-01T05:28:00,46.315,26.257,4.709,5.336,0.7316,MQTT,env_sensor
2025-01-01T11:27:00,639.367,66.802,5.07,157.748,1.5105,CoAP,camera
2025-01-02T13:21:00,33.636,286.987,1.073,0.199,2.3248,LoRaWAN,smart_meter
2025-01-02T02:52:00,989.262,84.748,0.1,35.417,0.0,HTTPS,gateway
2025-01-01T02:54:00,1320.377,88.529,4.421,140.484,0.6124,HTTPS,camera
2025-01-02T07:20:00,1509.535,63.714,4.037,185.02,0.28,HTTPS,camera
2025-01-02T03:28:00,105.05,16.651,7.08,6.202,1.1804,MQTT,actuator
2025-01-01T19:08:00,127.172,18.668,13.717,3.518,0.0,MQTT,actuator
2025-01-01T14:39:00,29.987,25.561,4.885,5.133,0.9714,MQTT,env_sensor
2025-01-01T05:15:00,1619.989,75.854,5.421,200.394,0.7474,HTTPS,camera
2025-01-02T12:47:00,86.552,21.012,2.583,7.547,2.0676,MQTT,env_sensor
2025-01-02T12:46:00,39.125,157.397,2.655,0.05,5.1766,LoRaWAN,smart_meter
2025-01-02T04:04:00,1212.024,38.884,6.553,210.234,1.17,HTTPS,camera
2025-01-01T21:22:00,50.642,19.897,4.612,8.55,3.0583,MQTT,env_sensor
2025-01-02T01:46:00,681.077,81.74,3.772,73.672,0.8078,HTTPS,gateway
2025-01-02T13:00:00,1501.229,49.272,0.147,41.117,0.0997,HTTPS,gateway
2025-01-01T06:57:00,60.756,39.92,4.07,6.463,2.2245,MQTT,env_sensor
2025-01-01T04:40:00,724.986,12.181,0.104,83.686,0.8023,HTTPS,gateway
2025-01-01T19:31:00,91.303,26.985,2.956,4.085,1.1985,MQTT,env_sensor
2025-01-01T01:03:00,98.515,5.859,3.378,2.372,1.1264,MQTT,actuator
2025-01-02T09:16:00,572.238,29.84,10.367,131.613,2.6003,CoAP,gateway
2025-01-01T18:51:00,468.298,15.661,10.565,18.072,0.4536,CoAP,gateway
2025-01-02T13:40:00,1517.502,16.605,4.39,146.977,0.4623,HTTPS,camera
2025-01-01T08:21:00,112.073,8.325,8.025,12.371,1.1201,CoAP,actuator
2025-01-01T00:51:00,63.567,7.182,6.679,0.05,0.0373,MQTT,env_sensor
2025-01-01T07:57:00,20.341,261.415,2.464,0.579,4.6694,LoRaWAN,smart_meter
2025-01-02T06:41:00,885.223,40.481,4.614,62.81,0.6735,HTTPS,gateway
2025-01-01T01:09:00,147.42,36.992,3.845,4.989,2.1597,MQTT,env_sensor
2025-01-01T07:00:00,984.49,31.742,15.018,47.658,2.9011,CoAP,gateway
2025-01-02T17:06:00,636.172,38.931,10.542,123.723,0.1398,HTTPS,gateway
2025-01-02T01:14:00,83.795,45.692,5.999,6.998,0.0,CoAP,env_sensor
2025-01-02T00:17:00,15.526,220.39,1.384,0.615,1.3542,LoRaWAN,smart_meter
2025-01-01T11:12:00,53.841,19.943,1.662,1.829,2.9819,MQTT,env_sensor
2025-01-02T10:49:00,739.079,39.382,23.734,81.737,0.0,HTTPS,gateway
2025-01-01T04:34:00,51.254,18.759,3.196,3.946,2.3513,MQTT,env_sensor
2025-01-01T01:45:00,2145.491,52.726,5.005,174.071,0.0,HTTPS,camera
2025-01-02T09:59:00,96.135,15.175,8.729,52.398,1.0041,CoAP,gateway
2025-01-01T06:37:00,24.207,192.968,2.451,0.895,4.562,LoRaWAN,smart_meter
2025-01-01T00:55:00,122.536,6.534,7.523,8.655,0.8074,MQTT,actuator
2025-01-01T03:50:00,78.51,37.148,4.362,2.894,0.7188,MQTT,env_sensor
2025-01-01T13:56:00,862.304,43.179,0.1,13.018,0.4187,HTTPS,gateway
2025-01-01T13:19:00,98.189,27.883,5.561,10.854,1.9887,MQTT,actuator
2025-01-02T05:49:00,1486.859,109.352,17.906,48.062,0.2938,HTTPS,gateway
2025-01-01T10:01:00,23.111,21.807,0.1,1.2,1.7356,MQTT,env_sensor
2025-01-02T14:52:00,51.905,27.967,5.209,4.678,1.8484,MQTT,env_sensor
2025-01-02T14:57:00,91.883,30.124,7.37,11.387,0.2655,CoAP,actuator
2025-01-01T09:41:00,79.6,15.986,9.391,18.14,0.8869,MQTT,actuator
2025-01-01T10:54:00,1043.121,75.22,8.671,80.68,1.7663,HTTPS,gateway
2025-01-01T20:52:00,28.9,245.08,2.257,0.696,2.7206,LoRaWAN,smart_meter
2025-01-02T14:55:00,1806.84,51.644,6.348,76.38,0.7632,HTTPS,camera
2025-01-01T19:59:00,1562.304,52.565,0.1,115.836,1.4373,HTTPS,camera
2025-01-01T19:54:00,1136.724,86.027,2.303,20.465,0.4002,HTTPS,gateway
2025-01-02T14:16:00,2487.571,44.198,2.407,162.679,0.4823,HTTPS,camera
2025-01-01T04:46:00,62.581,22.753,0.41,3.747,3.5171,MQTT,env_sensor
2025-01-02T10:10:00,416.887,42.992,3.802,80.929,1.3699,HTTPS,gateway
2025-01-01T18:52:00,76.563,4.365,6.545,10.917,1.0592,MQTT,actuator
2025-01-01T03:38:00,114.807,18.446,8.546,0.05,0.345,MQTT,actuator
2025-01-01T20:42:00,26.327,241.081,1.686,0.722,0.0,LoRaWAN,smart_meter
2025-01-02T10:16:00,1693.886,42.824,11.727,45.772,1.0506,CoAP,gateway
2025-01-01T22:37:00,72.102,14.602,0.557,8.352,1.1822,MQTT,env_sensor
2025-01-01T20:04:00,40.634,119.157,2.981,0.05,6.1242,LoRaWAN,smart_meter
2025-01-01T21:30:00,4027.545,70.633,9.859,256.352,1.167,HTTPS,camera
2025-01-02T13:50:00,40.816,185.548,0.1,0.271,3.1166,LoRaWAN,smart_meter
2025-01-02T00:14:00,29.883,230.087,1.156,0.359,2.9266,LoRaWAN,smart_meter
2025-01-01T18:24:00,94.32,33.519,2.584,12.239,1.3984,MQTT,actuator
2025-01-01T14:15:00,1752.993,27.765,11.162,85.183,2.6906,HTTPS,gateway
2025-01-01T11:59:00,18.022,202.594,2.451,0.07,1.0286,LoRaWAN,smart_meter
2025-01-01T14:34:00,28.735,154.546,0.1,0.171,5.4736,LoRaWAN,smart_meter
2025-01-01T19:20:00,79.11,49.262,6.986,0.847,1.8286,CoAP,env_sensor
2025-01-01T00:54:00,65.003,27.2,2.492,3.718,2.1466,MQTT,env_sensor
2025-01-01T03:27:00,1075.467,29.58,2.023,0.05,1.2406,MQTT,gateway
2025-01-01T08:15:00,43.964,12.895,1.387,3.527,0.1874,MQTT,env_sensor
2025-01-02T02:43:00,88.719,42.665,3.675,0.05,0.7,MQTT,env_sensor
2025-01-01T02:05:00,39.123,264.425,2.159,0.636,0.0,LoRaWAN,smart_meter
2025-01-02T13:01:00,71.878,14.477,3.958,6.208,0.8863,MQTT,env_sensor
2025-01-01T05:47:00,72.87,20.163,2.798,3.615,0.0,MQTT,env_sensor
2025-01-01T03:08:00,8.0,253.103,2.198,0.071,1.9876,LoRaWAN,smart_meter
2025-01-02T02:20:00,819.228,50.705,3.521,72.263,0.0,HTTPS,gateway
2025-01-02T16:00:00,42.067,131.714,0.792,0.081,1.5826,LoRaWAN,smart_meter
2025-01-01T18:56:00,26.024,179.251,1.101,0.656,6.0143,LoRaWAN,smart_meter
2025-01-02T07:23:00,729.747,57.721,6.963,84.682,0.766,HTTPS,gateway
2025-01-02T09:10:00,812.05,37.902,6.907,121.559,1.4949,CoAP,gateway
2025-01-01T05:05:00,2618.075,63.6,1.266,121.917,0.0,HTTPS,camera
2025-01-01T01:25:00,910.931,99.091,0.1,138.444,0.7902,HTTPS,camera
2025-01-02T17:37:00,96.607,20.301,4.709,4.342,1.3137,MQTT,actuator
2025-01-02T13:12:00,106.346,7.27,5.868,5.064,0.0,MQTT,env_sensor
2025-01-01T18:19:00,1693.383,75.2,11.677,128.513,0.2553,HTTPS,gateway
2025-01-01T18:16:00,23.355,126.988,3.158,0.235,2.955,LoRaWAN,smart_meter
2025-01-02T02:03:00,935.324,44.369,11.344,0.05,0.3537,CoAP,gateway
2025-01-02T12:31:00,97.838,23.8,2.816,4.376,2.3268,MQTT,env_sensor
2025-01-01T01:57:00,48.103,28.642,6.865,6.16,1.3929,CoAP,env_sensor
2025-01-01T14:54:00,2039.001,70.199,3.736,162.189,0.7937,HTTPS,camera
2025-01-01T22:35:00,73.165,17.455,3.583,2.572,1.6668,MQTT,env_sensor
2025-01-02T02:09:00,813.779,25.976,10.185,166.038,0.8664,CoAP,camera
2025-01-01T05:43:00,8.0,19.076,3.929,78.14,0.4676,HTTPS,gateway
2025-01-01T11:15:00,8.507,52.585,1.229,0.511,3.1187,MQTT,smart_meter
2025-01-02T12:56:00,645.604,64.453,5.514,41.168,0.0,CoAP,camera
2025-01-02T11:45:00,76.913,12.422,5.565,4.269,2.0573,MQTT,actuator
2025-01-02T10:21:00,1889.935,53.142,9.748,71.093,1.398,HTTPS,camera
2025-01-02T13:04:00,23.734,254.41,2.458,0.498,1.2088,LoRaWAN,smart_meter
2025-01-01T04:36:00,115.171,25.641,8.003,52.81,1.5858,CoAP,gateway
2025-01-02T10:52:00,35.767,255.803,1.646,0.52,2.3506,LoRaWAN,smart_meter
2025-01-02T16:24:00,667.993,67.617,8.487,78.532,1.6873,CoAP,gateway
2025-01-02T11:12:00,45.53,17.177,4.503,0.05,1.973,MQTT,env_sensor
2025-01-02T08:58:00,33.58,214.854,1.382,0.252,0.0,LoRaWAN,smart_meter
2025-01-02T00:19:00,1339.513,34.358,15.14,53.053,0.0,HTTPS,gateway
2025-01-01T16:36:00,59.589,15.05,0.1,6.469,0.6061,MQTT,env_sensor
2025-01-01T01:39:00,1434.939,77.409,9.443,84.358,0.0127,HTTPS,gateway
2025-01-02T09:12:00,23.91,137.981,0.1,0.402,3.9931,LoRaWAN,smart_meter
2025-01-01T11:09:00,55.636,25.993,6.804,11.933,0.923,MQTT,actuator
2025-01-02T12:59:00,1407.71,51.927,0.44,92.307,1.2742,HTTPS,camera
2025-01-01T11:42:00,1648.889,49.398,2.653,81.873,0.6934,HTTPS,camera
2025-01-01T23:18:00,649.389,74.232,9.428,141.639,0.6886,HTTPS,camera
2025-01-01T22:56:00,119.869,16.694,9.95,9.525,0.9978,CoAP,actuator
2025-01-01T04:16:00,34.666,129.402,2.262,0.172,1.3498,LoRaWAN,smart_meter
2025-01-01T04:41:00,67.158,13.162,6.304,4.82,0.884,CoAP,actuator
2025-01-02T03:20:00,47.574,113.801,4.002,0.458,4.3215,MQTT,smart_meter
2025-01-01T14:51:00,50.588,25.543,7.525,9.749,0.6372,MQTT,actuator
2025-01-02T14:24:00,71.552,17.732,0.1,4.556,1.7464,MQTT,env_sensor
2025-01-01T08:46:00,17.183,289.888,1.056,0.235,1.6089,LoRaWAN,smart_meter
2025-01-01T12:24:00,1387.525,24.535,8.313,149.546,0.5871,HTTPS,camera
2025-01-01T16:09:00,1081.975,17.219,3.732,129.592,1.5666,HTTPS,gateway
2025-01-02T06:55:00,1535.616,65.901,9.849,77.824,0.951,HTTPS,gateway
2025-01-01T07:04:00,1809.902,39.708,0.1,197.141,0.0236,HTTPS,camera
2025-01-02T16:02:00,26.486,243.366,2.692,0.273,2.9424,LoRaWAN,smart_meter
2025-01-01T08:27:00,111.022,28.511,5.704,0.641,2.6138,CoAP,env_sensor
2025-01-02T16:57:00,121.448,14.708,5.302,9.319,0.0,MQTT,actuator
2025-01-01T06:37:00,2751.686,48.621,8.609,72.706,0.0,HTTPS,camera
2025-01-01T06:48:00,69.079,27.031,4.368,4.126,1.5975,MQTT,env_sensor
2025-01-02T06:10:00,110.941,13.627,5.029,4.594,0.0,CoAP,actuator
2025-01-01T22:55:00,2055.844,75.425,0.1,29.313,0.9152,HTTPS,camera
2025-01-02T11:27:00,95.098,19.729,8.529,8.408,0.6086,MQTT,actuator
2025-01-01T21:13:00,1787.357,19.472,8.734,51.955,0.4872,HTTPS,camera
2025-01-01T18:41:00,122.961,19.496,7.934,12.205,0.5415,MQTT,actuator
2025-01-01T00:30:00,1564.601,85.084,0.1,118.098,0.3844,HTTPS,camera
2025-01-02T15:19:00,18.479,273.899,3.493,0.797,4.7018,LoRaWAN,smart_meter
2025-01-02T00:36:00,35.084,267.971,3.792,0.05,2.7396,LoRaWAN,smart_meter
2025-01-01T07:05:00,1786.508,52.804,12.674,11.183,2.7266,HTTPS,gateway
2025-01-02T01:03:00,60.094,24.847,3.624,1.907,0.724,MQTT,env_sensor
2025-01-02T09:40:00,85.759,35.865,4.133,3.082,0.0793,MQTT,env_sensor
2025-01-01T22:56:00,20.266,238.512,1.415,0.749,5.3316,LoRaWAN,smart_meter
2025-01-02T10:22:00,99.88,37.664,7.663,6.229,0.0,MQTT,actuator
2025-01-01T18:07:00,16.308,111.378,2.13,0.599,1.0353,LoRaWAN,smart_meter
2025-01-02T16:26:00,1811.981,50.818,12.063,0.05,0.6973,HTTPS,gateway
2025-01-02T17:31:00,1223.883,44.542,0.1,115.626,0.0,HTTPS,gateway
2025-01-02T01:02:00,64.577,19.025,1.032,4.96,0.0,MQTT,env_sensor
2025-01-01T09:14:00,23.008,192.259,3.856,0.443,0.2699,LoRaWAN,smart_meter
2025-01-01T12:01:00,1328.84,77.101,1.423,133.019,1.0507,HTTPS,camera
2025-01-02T05:12:00,103.744,44.502,1.028,6.532,4.7661,MQTT,env_sensor
2025-01-01T06:51:00,1404.856,53.705,4.373,87.895,2.5019,HTTPS,gateway
2025-01-01T16:32:00,35.881,43.318,5.035,0.442,3.9983,MQTT,smart_meter
2025-01-02T13:34:00,75.123,8.667,11.259,11.112,1.0888,MQTT,actuator
2025-01-02T17:12:00,12.622,90.298,0.69,0.877,2.3278,MQTT,smart_meter
2025-01-01T00:50:00,97.542,14.796,2.145,3.981,1.8051,MQTT,env_sensor
2025-01-02T09:27:00,23.976,228.982,2.688,0.336,2.4038,LoRaWAN,smart_meter
2025-01-02T04:50:00,183.786,31.24,5.515,6.421,0.7979,CoAP,actuator
2025-01-01T00:39:00,35.014,158.816,0.283,0.062,6.605,LoRaWAN,smart_meter
2025-01-01T11:33:00,607.953,72.149,7.066,71.181,2.3967,CoAP,gateway
2025-01-01T22:57:00,1254.729,38.235,3.819,170.82,0.2577,HTTPS,camera
2025-01-02T10:40:00,93.86,35.458,6.296,3.38,1.338,MQTT,env_sensor
2025-01-02T13:41:00,90.72,10.098,0.676,2.136,0.3153,MQTT,env_sensor
2025-01-01T11:07:00,1656.076,55.65,1.093,187.403,0.8808,HTTPS,camera
2025-01-02T08:47:00,2948.726,43.562,0.1,60.661,0.758,HTTPS,camera
2025-01-02T07:23:00,119.784,25.235,8.938,11.146,0.6151,MQTT,actuator
2025-01-01T19:16:00,1053.946,29.983,5.927,69.611,1.6207,HTTPS,gateway
2025-01-02T07:52:00,91.423,57.317,10.03,24.895,0.0,MQTT,gateway
2025-01-02T11:28:00,10.261,163.916,2.692,0.214,4.7145,LoRaWAN,smart_meter
2025-01-01T06:29:00,73.539,24.449,10.547,6.198,0.0447,CoAP,actuator
2025-01-01T20:37:00,1567.106,48.007,5.082,162.993,0.0,HTTPS,gateway
2025-01-01T19:21:00,109.172,24.217,3.96,8.073,0.2072,MQTT,actuator
2025-01-01T03:27:00,123.931,19.552,7.394,6.621,0.1776,MQTT,actuator
2025-01-02T07:32:00,23.126,224.27,4.023,0.345,2.443,LoRaWAN,smart_meter
2025-01-02T12:40:00,69.059,9.135,5.78,2.647,1.0724,CoAP,env_sensor
2025-01-01T10:20:00,33.683,166.134,3.61,0.275,5.5312,LoRaWAN,smart_meter
2025-01-02T07:51:00,27.91,125.151,1.983,0.341,6.3143,LoRaWAN,smart_meter
2025-01-02T07:06:00,1706.815,75.068,2.137,172.74,0.0,HTTPS,camera
2025-01-01T10:55:00,1474.059,33.382,0.1,32.158,0.4685,HTTPS,gateway
2025-01-01T18:58:00,56.426,21.553,5.632,4.525,0.4496,CoAP,env_sensor
2025-01-02T03:50:00,851.366,65.262,4.394,46.435,0.216,HTTPS,gateway
2025-01-01T00:14:00,29.287,76.465,2.432,0.216,2.804,MQTT,smart_meter
2025-01-02T16:06:00,35.183,30.384,3.693,1.781,3.1891,MQTT,env_sensor
2025-01-01T06:30:00,1082.728,26.838,12.322,122.85,1.603,HTTPS,gateway
2025-01-02T13:54:00,78.571,25.35,0.1,6.162,0.4691,MQTT,env_sensor
2025-01-02T14:55:00,753.371,81.311,2.15,80.938,0.6982,HTTPS,gateway
2025-01-01T23:05:00,1067.215,86.926,10.833,40.938,0.9732,HTTPS,gateway
2025-01-02T04:29:00,56.675,1.014,0.1,2.587,0.0,MQTT,env_sensor
2025-01-01T09:12:00,47.787,32.577,7.771,9.234,0.2235,CoAP,actuator
2025-01-01T09:01:00,17.192,148.882,3.021,0.566,0.0,LoRaWAN,smart_meter
2025-01-02T03:05:00,135.22,11.269,4.486,0.05,1.6696,MQTT,actuator
2025-01-02T05:41:00,91.868,19.483,3.671,4.853,0.9306,MQTT,env_sensor
2025-01-02T17:05:00,27.935,213.08,0.1,0.458,1.2795,LoRaWAN,smart_meter
2025-01-02T16:42:00,22.625,278.514,1.23,0.454,2.7977,LoRaWAN,smart_meter
2025-01-02T17:15:00,40.447,126.774,2.084,0.827,0.2289,LoRaWAN,smart_meter
2025-01-01T14:42:00,42.818,33.807,0.89,7.187,1.8504,MQTT,env_sensor
2025-01-01T17:26:00,795.811,15.013,13.61,42.962,1.2974,CoAP,gateway
2025-01-02T13:24:00,152.507,21.089,5.11,4.592,1.0998,MQTT,actuator
2025-01-01T08:56:00,24.675,171.412,0.106,0.6,3.235,LoRaWAN,smart_meter
2025-01-01T07:55:00,106.739,23.427,7.857,13.67,1.0849,MQTT,actuator
2025-01-02T07:13:00,148.197,10.164,7.9,10.401,1.4723,MQTT,actuator
2025-01-01T18:56:00,1584.031,61.953,0.919,86.73,0.6422,HTTPS,camera
2025-01-02T09:12:00,1533.751,30.54,6.019,87.397,0.0221,HTTPS,camera
2025-01-01T00:23:00,153.739,10.222,2.985,10.493,1.2879,MQTT,actuator
2025-01-02T11:57:00,16.243,259.02,2.633,0.193,4.0812,LoRaWAN,smart_meter
2025-01-01T01:53:00,1925.097,70.536,1.544,57.784,0.0,HTTPS,camera
2025-01-01T19:53:00,780.101,53.716,11.544,0.175,0.0,CoAP,gateway
2025-01-02T06:05:00,165.999,15.607,7.919,10.984,0.5063,MQTT,actuator
2025-01-01T08:26:00,1798.491,74.14,20.705,55.325,1.7326,HTTPS,gateway
2025-01-01T02:18:00,131.818,1.964,13.949,4.633,1.235,MQTT,actuator
2025-01-02T14:14:00,63.528,39.19,1.836,6.614,0.4427,MQTT,env_sensor
2025-01-02T03:16:00,1622.827,112.381,5.692,81.6,0.7392,HTTPS,camera
2025-01-01T12:53:00,759.088,100.01,4.074,100.571,1.5931,HTTPS,camera
2025-01-02T08:42:00,81.224,24.91,4.796,13.599,0.7718,MQTT,env_sensor
2025-01-02T11:19:00,47.873,16.362,6.83,3.184,1.2809,CoAP,actuator
2025-01-01T19:11:00,1119.415,45.686,13.868,36.554,1.1621,CoAP,gateway
2025-01-02T12:49:00,177.736,52.487,5.741,92.599,2.7395,CoAP,gateway
2025-01-01T23:47:00,156.527,21.244,7.386,2.204,2.0283,MQTT,actuator
2025-01-02T06:30:00,20.357,171.418,0.612,0.995,2.0056,LoRaWAN,smart_meter
2025-01-01T19:45:00,944.859,86.65,10.066,111.448,0.4022,HTTPS,gateway
2025-01-02T03:32:00,31.253,244.515,1.214,0.587,1.1257,LoRaWAN,smart_meter
2025-01-02T03:15:00,1163.02,51.033,17.173,96.925,2.2043,HTTPS,gateway
2025-01-01T06:46:00,75.347,19.976,8.049,11.276,0.9108,MQTT,actuator
2025-01-01T08:26:00,1296.132,59.044,5.016,14.542,0.7506,HTTPS,camera
2025-01-01T13:04:00,81.081,23.068,7.768,7.203,0.6443,MQTT,env_sensor
2025-01-01T10:56:00,1023.859,65.387,4.052,2.112,1.2885,MQTT,gateway
2025-01-01T14:04:00,37.659,47.338,3.992,8.941,0.1926,MQTT,env_sensor
2025-01-01T19:31:00,1103.731,54.717,0.1,11.894,0.5609,HTTPS,gateway
2025-01-02T16:17:00,16.126,233.386,1.311,0.375,2.6218,LoRaWAN,smart_meter
2025-01-02T11:54:00,97.132,18.183,8.52,9.01,0.9688,MQTT,actuator
2025-01-01T15:57:00,55.585,14.324,6.593,3.272,2.3285,MQTT,actuator
2025-01-01T23:44:00,323.452,43.881,9.622,17.118,0.0,CoAP,gateway
2025-01-01T08:24:00,945.834,89.01,10.75,77.246,0.0,HTTPS,gateway
2025-01-01T07:47:00,696.052,80.082,0.1,0.05,1.5337,CoAP,gateway
2025-01-01T10:44:00,23.907,235.313,3.885,0.184,2.8984,LoRaWAN,smart_meter
2025-01-01T10:00:00,35.349,272.987,0.1,0.164,5.0316,LoRaWAN,smart_meter
2025-01-02T16:01:00,90.896,19.652,6.295,12.07,0.8591,MQTT,actuator
2025-01-02T06:26:00,37.154,201.368,2.041,0.401,4.3959,LoRaWAN,smart_meter
2025-01-02T11:50:00,1404.918,30.595,4.034,85.954,0.0,HTTPS,camera
2025-01-01T11:53:00,21.835,154.439,4.078,0.345,1.0923,LoRaWAN,smart_meter
2025-01-02T06:40:00,2193.196,14.776,11.201,29.669,0.4588,HTTPS,gateway
2025-01-01T23:36:00,24.593,17.311,2.463,5.007,0.721,MQTT,env_sensor
2025-01-02T16:58:00,18.925,223.526,5.028,0.402,1.7923,LoRaWAN,smart_meter
2025-01-02T08:54:00,126.529,20.782,6.611,17.164,0.9261,CoAP,actuator
2025-01-02T00:22:00,919.24,40.409,9.083,89.366,1.4087,HTTPS,gateway
2025-01-01T03:44:00,113.412,24.943,3.166,9.88,2.4007,MQTT,env_sensor
2025-01-01T07:12:00,58.5,12.354,1.933,4.098,2.0615,MQTT,env_sensor
2025-01-01T06:05:00,87.709,13.899,9.403,10.724,0.2594,MQTT,actuator
2025-01-02T02:56:00,108.111,2.486,10.129,4.492,1.4601,MQTT,actuator
2025-01-01T00:40:00,1351.683,120.994,2.451,74.641,0.6407,HTTPS,camera
2025-01-01T10:30:00,63.659,33.206,0.1,9.663,1.6976,MQTT,env_sensor
2025-01-02T04:03:00,248.123,38.506,1.744,60.425,2.2604,MQTT,gateway
2025-01-01T20:32:00,2007.267,74.44,12.102,132.731,0.4681,HTTPS,gateway
2025-01-01T13:28:00,32.209,164.585,2.613,0.411,4.59,LoRaWAN,smart_meter
2025-01-01T05:26:00,83.507,51.997,2.67,6.422,1.9991,MQTT,env_sensor
2025-01-02T06:12:00,150.856,22.683,3.789,4.675,1.6163,MQTT,actuator
2025-01-01T15:55:00,34.251,197.086,2.265,0.05,3.9773,LoRaWAN,smart_meter
2025-01-01T21:43:00,34.297,14.989,1.682,6.458,1.1783,MQTT,env_sensor
2025-01-01T00:40:00,121.024,25.93,7.967,8.658,1.1889,MQTT,actuator
2025-01-01T02:38:00,70.78,33.441,4.26,2.443,0.3444,MQTT,env_sensor
2025-01-01T02:38:00,101.003,36.863,11.385,11.05,0.6557,CoAP,actuator
2025-01-02T04:17:00,133.02,15.105,12.103,6.396,1.3839,MQTT,actuator
2025-01-01T04:13:00,83.502,21.311,2.537,13.569,1.2296,MQTT,actuator
2025-01-01T06:39:00,20.482,114.313,0.277,0.61,2.6917,LoRaWAN,smart_meter
2025-01-01T01:31:00,931.499,57.578,2.995,145.639,0.1943,HTTPS,gateway
2025-01-01T06:15:00,88.896,17.798,3.486,0.564,0.7998,MQTT,env_sensor
2025-01-01T07:14:00,788.109,1.0,5.421,51.232,1.0955,CoAP,gateway
2025-01-01T18:54:00,47.565,18.692,6.011,6.3,0.0,MQTT,actuator
2025-01-02T14:22:00,96.044,26.006,4.901,2.827,0.5899,MQTT,env_sensor
2025-01-01T13:36:00,1443.076,38.432,9.825,116.831,0.0,HTTPS,gateway
2025-01-01T03:40:00,15.7,171.031,1.464,0.711,4.0316,LoRaWAN,smart_meter
2025-01-02T09:49:00,842.8,72.614,4.525,12.429,0.0,HTTPS,gateway
2025-01-01T16:35:00,1678.728,59.252,4.298,126.086,0.0396,HTTPS,camera
2025-01-01T16:58:00,31.5,223.95,3.208,0.081,4.2688,LoRaWAN,smart_meter
2025-01-02T03:48:00,76.683,35.542,1.47,6.394,1.1633,MQTT,env_sensor
2025-01-01T18:29:00,1133.087,53.161,4.154,109.182,0.0,HTTPS,gateway
2025-01-02T05:16:00,23.834,102.598,4.29,0.767,2.2511,LoRaWAN,smart_meter
2025-01-02T05:44:00,779.334,49.843,4.333,37.424,1.9634,CoAP,gateway
2025-01-02T07:22:00,86.305,19.592,3.983,0.05,2.1348,MQTT,env_sensor
2025-01-02T13:23:00,1167.214,56.958,16.338,60.194,0.3638,HTTPS,gateway
2025-01-01T08:06:00,26.997,193.229,3.944,0.05,2.0036,LoRaWAN,smart_meter
2025-01-01T19:35:00,3339.66,120.171,3.183,89.534,1.0581,HTTPS,camera
2025-01-02T16:45:00,40.723,244.726,1.011,0.112,6.346,LoRaWAN,smart_meter
2025-01-01T13:10:00,2324.785,61.282,4.2,110.122,0.0,HTTPS,camera
2025-01-02T16:02:00,127.5,25.609,8.085,9.051,0.1525,MQTT,actuator
2025-01-02T11:18:00,14.371,230.829,2.785,0.52,3.4995,LoRaWAN,smart_meter
2025-01-01T23:38:00,35.896,156.007,3.391,0.17,5.9576,LoRaWAN,smart_meter
2025-01-02T12:41:00,43.056,107.012,2.356,0.523,4.0677,LoRaWAN,smart_meter
2025-01-01T21:21:00,34.904,77.976,3.206,0.727,3.4425,MQTT,smart_meter
2025-01-02T08:07:00,2129.641,56.337,0.1,84.922,1.2273,HTTPS,camera
2025-01-02T14:50:00,126.641,4.949,8.075,15.715,1.1072,MQTT,actuator
2025-01-01T03:21:00,31.292,231.246,0.762,0.235,4.6582,LoRaWAN,smart_meter
2025-01-01T00:38:00,2286.986,69.046,0.1,56.937,0.8044,HTTPS,camera
2025-01-01T04:27:00,69.605,27.645,1.383,8.935,2.753,MQTT,env_sensor
2025-01-02T01:53:00,79.513,17.346,2.209,2.99,0.6425,MQTT,env_sensor
2025-01-01T22:43:00,22.531,121.681,1.017,1.165,5.8468,LoRaWAN,smart_meter
2025-01-01T16:22:00,25.239,251.435,3.136,0.189,5.6067,LoRaWAN,smart_meter
2025-01-02T12:09:00,136.762,17.352,6.303,12.926,0.0,MQTT,actuator
2025-01-02T07:26:00,76.506,15.162,3.748,6.436,1.658,MQTT,env_sensor
2025-01-01T00:05:00,1226.665,18.215,3.76,80.833,1.4558,HTTPS,gateway
2025-01-01T12:13:00,8.969,177.04,0.633,0.662,1.2074,LoRaWAN,smart_meter
2025-01-01T14:18:00,81.195,1.0,1.662,7.02,4.469,MQTT,env_sensor
2025-01-02T10:45:00,37.325,235.77,1.958,0.634,1.3982,LoRaWAN,smart_meter
2025-01-01T19:33:00,1893.268,56.489,6.107,30.97,0.7416,HTTPS,camera
2025-01-01T06:27:00,2268.688,47.712,10.135,31.434,1.007,CoAP,camera
2025-01-02T12:48:00,38.484,15.398,5.228,7.283,0.0,MQTT,env_sensor
2025-01-01T03:55:00,144.819,9.939,7.246,9.706,0.5013,CoAP,actuator
2025-01-02T11:07:00,1410.543,79.93,4.543,103.245,1.1891,HTTPS,camera
2025-01-01T04:27:00,1099.258,81.223,12.12,70.622,0.3828,HTTPS,gateway
2025-01-01T22:14:00,1974.668,39.9,2.804,114.499,0.407,HTTPS,camera
2025-01-01T10:11:00,212.856,9.561,4.138,7.102,0.0,MQTT,actuator
2025-01-02T00:01:00,94.921,21.401,3.962,11.131,0.8022,MQTT,actuator
2025-01-01T19:54:00,24.756,192.684,2.782,0.574,0.9129,LoRaWAN,smart_meter
2025-01-01T04:43:00,84.949,11.487,3.669,3.52,1.4495,MQTT,env_sensor
2025-01-01T20:48:00,93.304,26.642,6.441,9.592,1.2895,MQTT,actuator
2025-01-01T02:01:00,24.333,254.289,0.1,0.357,4.4286,LoRaWAN,smart_meter
2025-01-01T21:43:00,123.75,16.948,9.153,7.831,0.2162,CoAP,actuator
2025-01-01T00:42:00,21.393,125.692,3.448,0.759,3.8937,LoRaWAN,smart_meter
2025-01-02T08:11:00,29.011,35.215,3.529,9.47,1.7883,MQTT,env_sensor
2025-01-02T01:10:00,62.837,17.513,3.59,6.814,0.6864,MQTT,actuator
2025-01-01T19:58:00,28.024,25.513,2.425,5.172,0.0,MQTT,env_sensor
2025-01-02T12:09:00,1197.5,51.735,8.487,60.163,0.4601,HTTPS,gateway
2025-01-01T11:06:00,68.14,12.659,1.898,5.793,1.3579,MQTT,env_sensor
2025-01-01T19:53:00,66.176,15.44,9.621,14.712,0.0,MQTT,actuator
2025-01-01T00:31:00,86.546,16.373,5.556,8.868,0.6045,MQTT,actuator
2025-01-02T11:34:00,74.677,12.299,5.356,4.78,1.2471,CoAP,actuator
2025-01-01T08:07:00,39.888,63.032,2.151,0.05,1.8178,MQTT,smart_meter
2025-01-02T02:07:00,45.215,42.728,0.1,2.646,0.9107,MQTT,env_sensor
2025-01-02T10:05:00,1296.73,74.568,12.078,28.294,1.4946,HTTPS,gateway
2025-01-01T00:13:00,141.71,5.608,7.546,8.633,0.0801,MQTT,actuator
2025-01-02T05:53:00,839.113,33.263,2.52,83.523,0.1459,HTTPS,gateway
2025-01-01T00:17:00,94.488,49.85,3.025,2.993,2.8454,MQTT,env_sensor
2025-01-02T08:55:00,105.224,28.006,7.877,14.517,1.392,MQTT,actuator
2025-01-01T14:58:00,1604.457,26.834,3.219,225.043,0.4757,HTTPS,camera
2025-01-01T20:31:00,1768.362,24.983,4.213,162.09,1.3457,HTTPS,camera
2025-01-01T03:23:00,2164.016,74.571,3.588,137.836,0.0588,HTTPS,camera
2025-01-01T09:57:00,35.237,207.582,0.577,0.232,1.4814,LoRaWAN,smart_meter
2025-01-01T02:47:00,151.685,13.335,5.83,6.005,0.8029,MQTT,actuator
2025-01-02T05:45:00,37.398,180.793,3.242,0.05,2.9946,LoRaWAN,smart_meter
2025-01-02T11:41:00,89.699,28.598,1.872,6.211,1.9989,MQTT,actuator
2025-01-02T02:07:00,24.416,204.436,2.963,0.889,0.0,LoRaWAN,smart_meter
2025-01-01T06:47:00,2817.72,16.232,1.325,141.967,0.0,HTTPS,camera
2025-01-01T20:09:00,35.611,24.003,2.295,3.292,1.6714,MQTT,env_sensor
2025-01-02T17:06:00,33.93,251.312,1.011,0.571,1.4929,LoRaWAN,smart_meter
2025-01-01T06:12:00,686.581,38.308,7.456,30.527,1.213,CoAP,gateway
2025-01-02T10:15:00,76.693,5.093,5.107,2.331,0.0,MQTT,env_sensor
2025-01-01T06:06:00,23.203,222.5,2.452,0.777,1.2364,LoRaWAN,smart_meter
2025-01-02T04:57:00,96.748,18.164,3.475,12.614,0.4127,MQTT,actuator
2025-01-01T07:04:00,32.046,160.622,0.1,0.05,8.0163,LoRaWAN,smart_meter
2025-01-01T17:18:00,2187.649,75.956,1.322,144.801,1.2165,HTTPS,camera
2025-01-02T03:54:00,111.265,25.433,8.444,16.441,0.0,MQTT,actuator
2025-01-01T03:41:00,23.067,179.11,3.086,0.224,2.324,MQTT,smart_meter
2025-01-02T15:48:00,126.444,14.545,6.497,12.046,0.6867,CoAP,actuator
2025-01-01T04:00:00,850.694,38.146,6.443,39.722,0.0,CoAP,gateway
2025-01-01T15:32:00,693.702,93.121,2.711,78.415,0.3869,HTTPS,camera
2025-01-02T02:25:00,81.502,23.067,1.702,1.976,1.8379,MQTT,env_sensor
2025-01-01T11:37:00,69.939,26.52,3.328,3.985,1.1108,MQTT,env_sensor
2025-01-02T14:04:00,27.003,97.0,2.303,0.622,5.0954,LoRaWAN,smart_meter
2025-01-02T02:50:00,2450.225,38.107,7.113,204.097,1.6964,HTTPS,camera
2025-01-02T05:38:00,131.405,25.64,1.378,8.555,0.3476,MQTT,actuator
2025-01-01T10:05:00,854.797,41.757,17.047,143.989,0.6088,HTTPS,gateway
2025-01-01T22:38:00,77.078,40.734,0.1,7.239,0.0,MQTT,env_sensor
2025-01-01T17:34:00,1575.3,89.268,9.284,79.733,0.4504,HTTPS,camera
2025-01-02T10:41:00,85.45,9.945,4.243,6.073,0.3761,MQTT,env_sensor
2025-01-01T12:49:00,54.387,34.048,5.113,5.095,1.6301,MQTT,env_sensor
2025-01-01T01:27:00,68.795,16.222,2.653,4.485,0.5785,MQTT,env_sensor
2025-01-01T11:59:00,1160.305,26.358,10.115,73.364,0.1268,HTTPS,gateway
2025-01-02T08:05:00,121.781,15.733,4.403,10.479,0.3837,MQTT,actuator
2025-01-02T06:15:00,1224.556,26.496,4.331,60.891,0.9929,HTTPS,camera
2025-01-02T00:41:00,61.835,39.45,2.013,2.236,1.6276,MQTT,env_sensor
2025-01-01T17:19:00,2160.87,102.469,0.1,41.055,0.3382,HTTPS,camera
2025-01-02T11:20:00,856.265,5.464,1.471,59.399,0.8677,HTTPS,gateway
2025-01-01T01:59:00,31.686,128.173,4.993,0.05,4.7032,LoRaWAN,smart_meter
2025-01-01T00:48:00,48.476,162.991,2.125,0.05,0.4476,LoRaWAN,smart_meter
2025-01-02T03:18:00,33.428,72.135,1.711,0.05,5.3496,LoRaWAN,smart_meter
2025-01-02T07:04:00,1476.633,46.337,5.032,0.05,0.3109,HTTPS,gateway
2025-01-01T15:05:00,61.118,87.701,6.88,128.687,0.3385,CoAP,camera
2025-01-01T13:17:00,108.537,7.17,6.906,3.763,1.6873,MQTT,actuator
2025-01-01T06:18:00,31.427,171.03,1.829,0.05,4.855,LoRaWAN,smart_meter
2025-01-02T02:21:00,40.272,230.369,2.089,0.273,5.9103,LoRaWAN,smart_meter
2025-01-02T09:04:00,2951.564,40.61,6.574,172.435,1.2661,HTTPS,camera
2025-01-02T16:52:00,1925.571,42.887,1.234,118.093,0.7395,HTTPS,camera
2025-01-01T10:51:00,8.0,227.758,0.411,0.584,0.245,LoRaWAN,smart_meter
2025-01-01T16:50:00,1501.84,68.062,7.617,108.702,0.0722,HTTPS,camera
2025-01-02T11:24:00,51.556,23.38,4.294,0.121,1.7529,MQTT,env_sensor
2025-01-02T06:46:00,615.428,34.944,8.398,83.198,0.3551,HTTPS,camera
2025-01-01T21:29:00,403.352,35.213,10.453,89.378,0.6853,HTTPS,gateway
2025-01-02T09:23:00,1522.785,40.732,3.465,189.912,0.4775,HTTPS,camera
2025-01-02T02:15:00,108.028,16.85,0.424,1.642,3.6507,MQTT,env_sensor
2025-01-02T05:14:00,2181.695,42.268,6.504,134.047,0.0,HTTPS,camera
2025-01-02T06:45:00,42.744,156.886,2.628,0.05,4.5602,LoRaWAN,smart_meter
2025-01-01T04:38:00,1533.884,35.858,8.728,135.126,2.22,HTTPS,gateway
2025-01-02T11:19:00,1813.895,58.975,9.109,91.609,2.3504,HTTPS,gateway
2025-01-01T12:12:00,105.465,17.651,2.375,4.169,1.0005,MQTT,env_sensor
2025-01-01T06:00:00,2150.262,64.383,8.514,75.396,0.3585,HTTPS,camera
2025-01-02T14:35:00,1314.513,58.292,4.358,138.736,0.0,HTTPS,camera
2025-01-01T17:46:00,1436.99,30.654,7.345,21.59,0.0,HTTPS,gateway
2025-01-02T03:23:00,29.951,239.242,3.058,0.499,7.8124,LoRaWAN,smart_meter
2025-01-02T03:59:00,1686.858,68.075,2.931,129.896,0.1906,HTTPS,camera
2025-01-01T23:00:00,81.322,23.418,5.317,4.827,1.0716,MQTT,env_sensor
2025-01-02T01:25:00,8.0,64.144,7.34,43.821,1.0269,CoAP,gateway
2025-01-02T01:16:00,1057.269,64.417,5.067,56.709,0.6848,HTTPS,gateway
2025-01-01T00:09:00,29.387,17.44,1.027,5.348,0.8534,MQTT,env_sensor
2025-01-02T03:50:00,39.271,232.312,1.642,0.11,2.1799,LoRaWAN,smart_meter
2025-01-01T08:52:00,13.378,104.344,0.648,0.528,4.5706,LoRaWAN,smart_meter
2025-01-01T18:05:00,26.684,228.789,3.48,0.05,2.0589,LoRaWAN,smart_meter
2025-01-02T15:28:00,106.868,24.973,9.261,4.494,0.0,CoAP,actuator
2025-01-01T00:30:00,125.304,24.103,5.13,9.602,1.2538,MQTT,actuator
2025-01-01T04:35:00,139.092,17.196,2.331,0.05,0.3293,MQTT,actuator
2025-01-01T10:51:00,1792.314,74.073,4.11,4.38,0.2045,HTTPS,camera
2025-01-01T01:18:00,144.984,23.993,6.82,7.989,1.2775,MQTT,actuator
2025-01-02T00:55:00,2422.837,37.862,5.167,85.593,0.7583,HTTPS,camera
2025-01-01T22:31:00,31.426,94.728,4.031,0.808,1.3471,MQTT,smart_meter
2025-01-01T12:46:00,1146.796,1.0,7.65,0.05,0.872,HTTPS,gateway
2025-01-02T07:24:00,113.221,29.015,7.766,5.396,0.6257,MQTT,actuator
2025-01-01T17:13:00,138.328,16.779,2.496,11.023,0.3893,MQTT,actuator
2025-01-01T01:46:00,1377.791,29.763,1.867,80.427,1.0998,HTTPS,gateway
2025-01-01T07:21:00,502.649,51.305,4.192,44.907,1.5627,MQTT,gateway
2025-01-02T10:00:00,1576.412,46.68,5.702,116.508,0.9766,HTTPS,camera
2025-01-01T15:41:00,1843.785,58.638,0.1,219.715,0.8835,HTTPS,camera
2025-01-01T03:02:00,1240.154,33.858,13.013,65.78,0.5075,HTTPS,gateway
2025-01-01T00:04:00,231.972,69.861,8.577,57.278,0.9785,CoAP,gateway
2025-01-01T12:23:00,71.073,36.139,1.657,3.751,1.8753,MQTT,env_sensor
2025-01-02T02:59:00,1207.666,94.441,1.229,237.79,2.208,HTTPS,camera
2025-01-01T23:42:00,96.773,38.241,6.684,8.219,1.4993,MQTT,actuator
2025-01-02T13:08:00,1072.785,36.596,3.331,166.785,0.5926,HTTPS,camera
2025-01-02T05:49:00,43.554,212.921,0.1,0.485,2.6321,LoRaWAN,smart_meter
2025-01-02T02:45:00,71.077,37.013,4.359,4.779,0.7871,MQTT,env_sensor
2025-01-02T05:58:00,1680.296,27.161,5.152,168.476,0.0,HTTPS,camera
2025-01-01T10:47:00,104.067,25.272,3.792,6.739,1.5147,MQTT,actuator
2025-01-01T07:00:00,97.437,3.232,3.465,8.027,0.5707,MQTT,actuator
2025-01-02T15:52:00,45.169,12.957,6.289,0.05,0.4368,LoRaWAN,env_sensor
2025-01-02T07:21:00,1119.551,35.796,12.204,172.148,1.5747,HTTPS,camera
2025-01-02T02:43:00,145.767,10.153,0.1,9.224,0.6686,MQTT,actuator
2025-01-01T04:52:00,2602.331,32.289,6.733,188.164,0.6939,HTTPS,camera
2025-01-01T08:53:00,1143.431,12.41,6.409,37.516,2.2225,CoAP,gateway
2025-01-01T15:14:00,40.844,35.569,2.715,121.597,0.6101,HTTPS,camera
2025-01-01T11:14:00,3513.086,66.506,6.705,264.255,0.1393,HTTPS,camera
2025-01-01T14:36:00,1079.879,39.374,4.587,150.326,0.0,HTTPS,camera
2025-01-01T19:05:00,21.263,303.902,3.96,0.221,0.0,LoRaWAN,smart_meter
2025-01-02T02:11:00,1400.079,51.621,6.28,52.552,1.1399,HTTPS,gateway
2025-01-02T13:59:00,665.354,19.519,14.164,138.119,0.5314,HTTPS,gateway
2025-01-02T10:28:00,116.158,11.304,2.17,8.521,1.039,MQTT,actuator
2025-01-01T19:52:00,132.744,25.063,5.285,5.66,1.1076,MQTT,actuator
2025-01-01T19:57:00,1571.614,61.371,6.469,76.626,0.9988,HTTPS,gateway
2025-01-01T18:25:00,910.302,61.663,6.911,117.678,0.9169,HTTPS,camera
2025-01-01T02:07:00,51.825,25.528,7.062,5.92,2.5036,MQTT,env_sensor
2025-01-02T03:18:00,62.421,40.529,6.09,3.206,1.3395,CoAP,env_sensor
2025-01-02T07:33:00,1179.75,24.757,14.122,0.766,1.8615,CoAP,gateway
2025-01-02T14:00:00,99.46,10.519,6.803,10.213,0.6125,MQTT,actuator
2025-01-02T10:09:00,92.584,25.655,5.502,9.746,0.0,MQTT,actuator
2025-01-02T13:43:00,30.532,94.278,0.672,0.274,2.5328,MQTT,smart_meter
2025-01-02T10:34:00,60.336,25.641,12.318,4.76,1.2338,MQTT,actuator
2025-01-02T04:47:00,70.795,17.747,1.308,12.107,0.9895,MQTT,actuator
2025-01-01T14:01:00,64.447,12.789,3.843,4.861,1.457,MQTT,env_sensor
2025-01-01T09:34:00,1337.43,73.508,0.1,52.219,0.0,HTTPS,gateway
2025-01-02T02:30:00,149.33,8.071,8.731,2.64,2.5876,MQTT,actuator
2025-01-01T16:18:00,860.04,83.979,4.241,191.756,0.6286,HTTPS,camera
2025-01-01T16:45:00,108.753,41.878,0.1,7.941,0.5017,MQTT,env_sensor
2025-01-01T23:22:00,28.941,177.927,0.1,0.065,3.8207,LoRaWAN,smart_meter
2025-01-01T07:38:00,1501.854,91.425,3.974,87.729,0.2939,HTTPS,camera
2025-01-01T20:58:00,160.795,31.155,5.629,6.828,2.121,CoAP,actuator
2025-01-02T07:47:00,137.302,18.25,7.5,12.018,0.6644,CoAP,actuator
2025-01-01T07:30:00,1870.414,63.604,0.1,65.502,0.0,HTTPS,camera
2025-01-01T21:54:00,86.559,1.0,2.696,3.716,0.0,MQTT,env_sensor
2025-01-01T16:25:00,97.486,6.464,5.585,1.756,1.2329,MQTT,env_sensor
2025-01-02T02:56:00,1231.122,53.664,13.404,99.692,0.0,HTTPS,gateway
2025-01-02T07:24:00,720.737,32.196,6.035,91.34,0.8043,HTTPS,gateway
2025-01-02T02:37:00,830.838,67.038,1.745,109.005,0.0,HTTPS,camera
2025-01-01T09:12:00,1539.527,77.125,6.061,221.148,0.6201,HTTPS,camera
2025-01-02T07:38:00,72.537,41.816,3.742,0.05,1.2837,MQTT,env_sensor
2025-01-02T08:38:00,1663.985,75.028,0.1,75.393,0.6903,HTTPS,camera
2025-01-01T23:50:00,76.618,22.254,4.105,7.786,0.0,MQTT,env_sensor
2025-01-01T00:36:00,59.983,25.462,5.199,4.033,2.6085,MQTT,env_sensor
2025-01-01T18:10:00,22.118,231.687,4.591,0.05,8.1541,LoRaWAN,smart_meter
2025-01-01T15:21:00,668.253,67.744,10.673,153.558,1.9605,CoAP,gateway
2025-01-02T11:41:00,25.69,123.409,2.371,0.458,1.2267,LoRaWAN,smart_meter
2025-01-01T13:48:00,12.811,192.414,1.389,0.553,3.7239,LoRaWAN,smart_meter
2025-01-01T22:46:00,58.857,33.823,0.795,6.765,1.4769,MQTT,env_sensor
2025-01-01T01:52:00,799.999,60.537,5.256,135.025,0.1952,HTTPS,camera
2025-01-01T14:28:00,79.606,33.89,5.859,5.026,0.907,CoAP,env_sensor
2025-01-02T03:21:00,8.0,51.819,8.564,52.784,0.0,HTTPS,camera
2025-01-02T11:49:00,124.57,13.718,5.8,5.825,0.0921,MQTT,actuator
2025-01-02T04:46:00,41.378,168.364,3.347,0.393,4.0417,LoRaWAN,smart_meter
2025-01-02T12:59:00,93.471,28.345,2.943,3.813,3.4466,MQTT,env_sensor
2025-01-01T13:59:00,2113.109,93.634,5.59,139.929,1.0625,HTTPS,camera
2025-01-02T15:52:00,2257.461,61.373,5.485,83.928,0.4586,HTTPS,camera
2025-01-02T05:26:00,38.862,272.074,3.438,0.577,2.6427,LoRaWAN,smart_meter
2025-01-01T18:43:00,896.772,57.13,14.618,29.113,1.5906,CoAP,gateway
2025-01-01T13:13:00,759.228,20.679,8.228,72.406,1.1491,CoAP,gateway
2025-01-01T21:35:00,43.421,19.662,2.183,9.173,1.587,MQTT,env_sensor
2025-01-01T08:25:00,111.804,7.755,0.854,3.303,3.1736,MQTT,env_sensor
2025-01-01T04:14:00,84.419,23.752,0.922,4.143,1.6954,MQTT,env_sensor
2025-01-01T13:08:00,146.535,21.37,3.224,11.089,0.4613,MQTT,actuator
2025-01-01T04:35:00,24.028,110.791,2.588,0.276,2.4116,LoRaWAN,smart_meter
2025-01-02T13:49:00,1222.959,42.288,0.1,86.518,0.6655,HTTPS,camera
2025-01-02T14:37:00,1175.888,85.03,0.876,101.744,0.8171,HTTPS,camera
2025-01-01T03:35:00,144.6,16.289,11.07,12.073,2.1272,MQTT,actuator
2025-01-01T10:32:00,50.969,15.243,0.354,3.459,1.4679,MQTT,env_sensor
2025-01-02T16:39:00,1023.981,52.852,12.216,66.058,0.4166,CoAP,gateway
2025-01-01T20:37:00,2099.041,59.597,6.142,142.958,0.8496,HTTPS,camera
2025-01-02T03:09:00,84.654,21.302,4.929,8.356,1.3309,MQTT,env_sensor
2025-01-01T06:59:00,89.769,22.839,0.936,0.05,3.4731,MQTT,env_sensor
2025-01-01T19:51:00,2060.374,42.633,3.368,160.989,1.0261,HTTPS,camera
2025-01-02T15:50:00,91.29,26.753,1.033,0.05,1.8508,MQTT,env_sensor
2025-01-01T08:39:00,74.858,26.172,6.946,11.916,1.1542,MQTT,actuator
2025-01-02T04:17:00,1622.187,69.176,4.588,72.4,0.303,HTTPS,camera
2025-01-01T14:31:00,833.477,40.692,10.175,84.022,1.6759,CoAP,gateway
2025-01-02T03:49:00,1318.946,76.982,2.192,20.362,0.3217,HTTPS,camera
2025-01-02T03:13:00,1584.829,56.878,10.149,63.435,1.6583,HTTPS,gateway
2025-01-01T20:52:00,101.645,38.976,1.887,4.04,0.5076,MQTT,env_sensor
2025-01-01T16:57:00,126.833,13.83,6.32,9.263,0.8457,MQTT,actuator
2025-01-02T00:08:00,45.58,38.404,4.384,0.889,0.0,LoRaWAN,env_sensor
2025-01-01T10:13:00,46.79,263.52,4.621,0.05,3.1255,LoRaWAN,smart_meter
2025-01-02T08:46:00,49.237,17.807,5.276,10.82,0.8952,MQTT,actuator
2025-01-01T06:28:00,698.525,26.332,1.589,25.645,0.0,HTTPS,gateway
2025-01-01T08:04:00,511.348,56.366,8.921,35.24,0.4986,CoAP,gateway
2025-01-02T01:48:00,2789.862,132.792,6.918,92.381,0.8644,HTTPS,camera
2025-01-02T01:27:00,34.13,40.451,0.1,5.633,1.3289,MQTT,env_sensor
2025-01-02T11:57:00,1649.225,59.473,8.162,234.259,0.0412,HTTPS,camera
2025-01-01T13:08:00,17.201,189.949,2.214,0.654,1.6197,LoRaWAN,smart_meter
2025-01-02T06:59:00,71.66,1.0,1.411,9.3,1.6582,MQTT,actuator
2025-01-02T04:55:00,62.442,21.653,2.179,7.982,1.5767,MQTT,env_sensor
2025-01-01T12:50:00,109.076,19.758,0.836,8.154,0.0229,MQTT,actuator
2025-01-01T23:32:00,893.659,83.568,6.461,82.717,0.8691,HTTPS,camera
2025-01-02T09:08:00,146.249,33.044,6.77,8.197,0.1934,MQTT,actuator
2025-01-02T08:36:00,1613.164,64.597,1.748,63.886,0.7876,HTTPS,camera
2025-01-01T09:49:00,62.905,25.482,10.744,1.098,1.799,CoAP,actuator
2025-01-01T21:34:00,1518.243,87.907,1.166,181.255,0.2776,HTTPS,camera
2025-01-01T22:08:00,42.059,246.559,1.158,0.05,3.4642,LoRaWAN,smart_meter
2025-01-02T06:19:00,425.022,42.623,3.591,207.181,0.3407,HTTPS,camera
2025-01-01T08:46:00,1003.731,63.812,4.878,136.439,0.0,HTTPS,camera
2025-01-02T08:27:00,97.058,20.189,3.886,4.678,1.4621,MQTT,env_sensor
2025-01-01T10:05:00,2844.543,65.477,3.242,63.333,0.4296,HTTPS,camera
2025-01-02T10:14:00,23.571,181.389,1.966,0.05,4.0607,LoRaWAN,smart_meter
2025-01-02T09:50:00,36.024,142.368,2.073,0.652,3.406,LoRaWAN,smart_meter
2025-01-01T14:16:00,816.767,40.727,6.338,37.521,2.0921,CoAP,gateway
2025-01-01T19:49:00,106.998,4.173,6.725,11.151,0.8723,MQTT,actuator
2025-01-01T15:22:00,431.971,53.262,13.471,14.257,0.7105,CoAP,gateway
2025-01-02T06:37:00,156.887,17.358,2.982,5.633,0.3961,MQTT,actuator
2025-01-01T18:33:00,411.931,15.452,5.547,130.784,0.1968,HTTPS,camera
2025-01-01T15:47:00,2711.931,10.246,6.172,151.982,0.6598,HTTPS,camera
2025-01-01T18:25:00,73.082,30.095,2.469,12.882,0.1082,MQTT,actuator
2025-01-02T11:43:00,1169.887,65.895,0.1,100.423,1.6547,HTTPS,gateway
2025-01-02T05:50:00,1021.573,67.912,2.478,107.367,1.0879,HTTPS,camera
2025-01-01T17:50:00,169.895,26.477,5.289,7.538,0.6932,MQTT,actuator
2025-01-02T16:02:00,2713.385,70.817,5.806,157.244,0.616,HTTPS,camera
2025-01-02T05:17:00,1679.42,43.061,6.915,144.319,1.3342,HTTPS,gateway
2025-01-02T08:19:00,2581.651,51.265,0.1,110.01,0.5078,HTTPS,camera
2025-01-02T11:22:00,46.912,14.489,6.64,4.465,1.0413,CoAP,env_sensor
2025-01-01T02:43:00,97.76,31.534,1.755,4.75,0.6874,MQTT,env_sensor
2025-01-02T04:06:00,92.906,13.895,4.777,6.646,1.7139,MQTT,actuator
2025-01-01T13:40:00,38.118,36.007,2.281,0.968,1.4227,MQTT,env_sensor
2025-01-01T23:59:00,1828.858,71.276,5.882,60.648,0.182,HTTPS,camera
2025-01-02T11:36:00,2436.895,81.197,7.742,106.176,1.0203,HTTPS,camera
2025-01-02T17:23:00,2236.395,98.702,6.463,165.804,1.3041,HTTPS,camera
2025-01-02T03:41:00,2135.315,64.974,2.798,80.77,0.0,HTTPS,camera
2025-01-01T01:30:00,32.704,202.11,2.393,0.151,1.6216,LoRaWAN,smart_meter
2025-01-02T03:34:00,702.098,62.214,10.853,84.304,0.8435,HTTPS,camera
2025-01-01T12:23:00,975.781,36.202,8.54,23.232,0.9677,HTTPS,gateway
2025-01-01T16:12:00,84.084,23.742,2.625,1.821,1.4518,MQTT,env_sensor
2025-01-01T08:23:00,2161.553,76.913,2.32,0.05,0.9039,HTTPS,camera
2025-01-01T19:25:00,163.251,17.575,6.68,11.665,0.6643,MQTT,actuator
2025-01-01T03:58:00,31.81,245.22,2.313,0.768,3.5975,MQTT,smart_meter
2025-01-01T16:02:00,722.121,46.494,2.889,59.343,0.0,HTTPS,camera
2025-01-01T20:44:00,65.338,18.21,6.17,9.478,1.4319,MQTT,actuator
2025-01-01T07:28:00,2529.685,58.767,1.461,116.08,0.1474,HTTPS,camera
2025-01-01T15:38:00,2157.319,67.016,9.25,71.956,1.2849,HTTPS,camera
2025-01-02T11:01:00,28.411,233.851,2.344,1.106,0.0239,MQTT,smart_meter
2025-01-01T09:16:00,32.16,240.02,3.01,0.05,0.4396,LoRaWAN,smart_meter
2025-01-01T13:14:00,91.235,25.754,10.29,12.544,0.1719,MQTT,actuator
2025-01-01T08:42:00,41.051,241.021,1.534,0.482,2.0988,LoRaWAN,smart_meter
2025-01-01T18:26:00,28.997,78.313,2.105,0.28,2.6471,MQTT,smart_meter
2025-01-02T16:36:00,65.509,13.158,1.709,6.624,0.0457,MQTT,env_sensor
2025-01-01T18:04:00,1100.458,53.75,3.308,171.249,0.7724,HTTPS,camera
2025-01-02T05:43:00,1777.522,12.542,6.567,172.366,0.3714,HTTPS,camera
2025-01-01T07:08:00,2447.445,42.378,7.125,0.129,0.4132,HTTPS,camera
2025-01-02T05:26:00,52.961,40.646,3.801,3.907,1.9709,MQTT,env_sensor
2025-01-02T07:26:00,91.792,6.209,11.041,5.923,0.8073,CoAP,actuator
2025-01-01T23:37:00,854.738,68.906,4.383,21.12,2.362,MQTT,gateway
2025-01-02T13:02:00,109.4,3.074,6.267,6.542,0.4162,MQTT,actuator
2025-01-02T00:57:00,1540.102,44.092,0.1,104.428,0.0,HTTPS,gateway
2025-01-02T11:47:00,82.153,33.686,0.169,0.963,2.1487,MQTT,env_sensor
2025-01-02T12:22:00,893.881,32.328,11.833,82.854,0.0,HTTPS,gateway
2025-01-02T03:58:00,23.403,107.211,1.854,0.311,1.006,LoRaWAN,smart_meter
2025-01-02T08:32:00,137.052,24.245,4.241,7.208,1.4209,MQTT,actuator
2025-01-02T02:22:00,1234.666,37.041,5.323,0.05,0.2211,HTTPS,gateway
2025-01-01T12:06:00,930.007,16.234,9.61,89.15,0.0,CoAP,gateway
2025-01-01T18:23:00,26.071,89.861,2.278,0.264,5.6474,LoRaWAN,smart_meter
2025-01-01T14:22:00,1324.935,36.267,12.389,69.24,0.0,HTTPS,gateway
2025-01-01T17:23:00,21.182,88.612,2.642,0.705,1.3885,MQTT,smart_meter
2025-01-01T19:41:00,39.923,31.52,2.343,4.085,0.9847,HTTPS,env_sensor
2025-01-01T17:02:00,984.942,90.966,0.1,55.113,0.8294,HTTPS,camera
2025-01-02T16:10:00,946.034,47.224,6.052,0.061,0.0,CoAP,gateway
2025-01-01T14:01:00,584.802,31.039,4.502,111.264,1.5319,HTTPS,gateway
2025-01-01T17:49:00,14.936,354.92,0.676,0.651,1.1146,LoRaWAN,smart_meter
2025-01-01T23:22:00,52.383,9.965,8.694,8.104,0.0,MQTT,actuator
2025-01-02T00:10:00,1887.929,40.951,0.762,0.05,1.3446,HTTPS,camera
2025-01-02T04:08:00,1583.579,44.722,4.26,147.291,0.9027,HTTPS,camera
2025-01-02T09:30:00,102.26,24.604,4.203,5.367,0.2713,MQTT,actuator
2025-01-02T02:41:00,1349.582,38.427,1.984,193.843,0.575,HTTPS,camera
2025-01-01T02:24:00,20.409,167.729,0.1,0.796,6.1192,LoRaWAN,smart_meter
2025-01-01T19:24:00,59.881,31.266,3.574,4.399,0.872,MQTT,env_sensor
2025-01-02T02:35:00,37.553,222.024,0.76,0.411,2.7252,LoRaWAN,smart_meter
2025-01-01T22:13:00,88.029,24.764,6.007,4.054,0.7798,MQTT,env_sensor
2025-01-01T17:46:00,2004.967,47.627,2.964,157.38,1.2562,HTTPS,camera
2025-01-01T12:24:00,800.476,56.774,10.617,120.793,0.4127,HTTPS,gateway
2025-01-02T00:40:00,1891.577,81.496,1.912,80.411,1.6375,HTTPS,gateway
2025-01-01T17:49:00,688.273,43.663,12.633,22.387,0.1156,CoAP,gateway
2025-01-01T16:40:00,1130.403,45.304,6.613,63.702,0.2806,HTTPS,gateway
2025-01-01T13:49:00,3136.976,51.051,8.574,139.799,1.4652,HTTPS,camera
2025-01-01T23:35:00,2684.647,40.74,4.22,75.923,0.5096,HTTPS,camera
2025-01-01T18:18:00,29.888,220.092,1.531,0.712,1.813,LoRaWAN,smart_meter
2025-01-02T14:18:00,2040.067,82.397,4.575,156.412,0.7755,HTTPS,camera
2025-01-02T07:58:00,126.929,16.443,4.247,6.29,0.6085,MQTT,actuator
2025-01-02T12:38:00,235.603,39.145,6.372,104.686,0.4352,HTTPS,gateway
2025-01-02T09:27:00,63.378,30.384,4.024,4.173,1.8182,MQTT,env_sensor
2025-01-02T03:35:00,2533.741,94.747,2.041,60.586,0.5627,HTTPS,camera
2025-01-01T12:58:00,1723.471,31.703,9.51,0.05,1.5821,CoAP,gateway
2025-01-01T12:33:00,62.464,15.975,0.1,2.3,2.0276,MQTT,env_sensor
2025-01-02T13:21:00,2167.212,46.11,2.54,229.449,0.0,HTTPS,camera
2025-01-01T11:08:00,2181.05,82.834,4.881,120.76,0.7631,HTTPS,camera
2025-01-02T03:36:00,847.167,62.879,0.1,88.476,1.53,HTTPS,camera
2025-01-01T02:05:00,1150.949,4.045,14.154,0.786,1.4564,CoAP,gateway
2025-01-02T00:38:00,80.594,6.318,3.405,1.131,1.4499,MQTT,env_sensor
2025-01-02T03:24:00,2033.419,20.478,1.149,75.097,0.8705,HTTPS,gateway
2025-01-01T20:59:00,29.845,141.449,1.418,0.05,3.7804,LoRaWAN,smart_meter
2025-01-01T01:27:00,1243.769,59.469,10.227,247.096,0.7967,HTTPS,camera
2025-01-02T09:00:00,1276.722,73.15,3.164,88.75,0.3058,HTTPS,camera
2025-01-01T22:40:00,99.807,40.839,5.317,5.053,1.5692,CoAP,env_sensor
2025-01-01T05:17:00,1185.136,68.028,12.951,57.941,0.9058,HTTPS,gateway
2025-01-02T02:14:00,2004.166,73.947,3.27,213.982,0.7839,HTTPS,camera
2025-01-02T02:03:00,40.748,259.598,2.881,0.479,1.1757,LoRaWAN,smart_meter
2025-01-02T10:51:00,1380.869,81.402,8.613,123.966,0.4651,HTTPS,camera
2025-01-01T09:58:00,24.489,187.247,3.345,0.525,3.5414,LoRaWAN,smart_meter
2025-01-02T12:17:00,91.222,21.163,2.284,7.094,0.907,MQTT,env_sensor
2025-01-01T17:45:00,161.913,19.963,4.333,8.655,0.9856,MQTT,actuator
2025-01-02T10:12:00,33.022,234.096,0.1,0.943,5.1836,LoRaWAN,smart_meter
2025-01-02T14:11:00,26.206,170.846,1.174,0.79,1.8501,LoRaWAN,smart_meter
2025-01-01T09:36:00,106.761,18.478,2.311,2.973,2.5156,MQTT,env_sensor
2025-01-01T04:34:00,89.177,24.859,4.177,6.217,1.0308,MQTT,actuator
2025-01-02T15:03:00,22.285,152.988,6.792,0.05,2.6963,LoRaWAN,smart_meter
2025-01-01T18:50:00,1418.989,37.852,8.679,71.777,0.0,HTTPS,gateway
2025-01-01T01:18:00,428.632,58.666,7.186,88.33,0.4131,HTTPS,gateway
2025-01-02T00:11:00,159.76,7.77,7.724,8.741,2.0615,MQTT,actuator
2025-01-02T14:07:00,306.644,97.49,5.822,98.805,0.9391,HTTPS,camera
2025-01-01T01:50:00,419.9,15.099,0.1,44.152,1.3358,MQTT,camera
2025-01-01T08:09:00,1586.262,50.298,7.166,23.397,1.0308,CoAP,gateway
2025-01-02T11:01:00,34.817,17.438,9.09,8.663,0.518,MQTT,actuator
2025-01-01T03:31:00,1814.91,44.887,4.6,146.71,0.4117,HTTPS,camera
2025-01-01T22:14:00,28.182,100.694,2.169,0.48,0.9576,LoRaWAN,smart_meter
2025-01-02T15:39:00,16.114,189.382,2.323,0.453,2.5959,LoRaWAN,smart_meter
2025-01-01T18:08:00,35.608,256.933,1.707,0.64,3.9373,LoRaWAN,smart_meter
2025-01-02T00:27:00,31.677,269.906,0.104,0.861,3.132,LoRaWAN,smart_meter
2025-01-01T09:39:00,2110.594,84.469,1.713,119.298,1.161,HTTPS,camera
2025-01-02T13:32:00,39.854,150.536,2.541,0.295,2.9398,LoRaWAN,smart_meter
2025-01-02T14:02:00,1080.812,81.232,0.682,81.386,0.1987,HTTPS,camera
2025-01-02T06:16:00,1377.367,17.939,8.608,90.684,1.2003,HTTPS,gateway
2025-01-01T20:19:00,60.399,21.376,3.58,5.871,1.7929,MQTT,env_sensor
2025-01-01T02:27:00,103.33,25.967,4.854,8.427,1.102,MQTT,actuator
2025-01-01T18:50:00,68.136,9.799,1.884,0.05,0.2217,MQTT,env_sensor
2025-01-02T11:16:00,1787.067,54.324,4.255,43.116,0.4851,HTTPS,camera
2025-01-02T04:58:00,63.096,30.829,0.1,7.121,0.6283,MQTT,env_sensor
2025-01-02T00:53:00,174.048,9.126,1.553,3.945,0.7471,MQTT,actuator
2025-01-01T14:41:00,56.87,14.702,2.46,4.509,1.1018,MQTT,env_sensor
2025-01-01T23:30:00,99.124,23.965,0.671,9.618,1.6063,MQTT,env_sensor
2025-01-01T21:30:00,132.413,32.662,4.117,4.941,1.1173,MQTT,actuator
2025-01-02T02:44:00,68.592,6.846,2.171,0.05,2.1053,MQTT,env_sensor
2025-01-02T07:07:00,3035.777,88.996,0.1,192.228,0.5207,HTTPS,camera
2025-01-01T19:39:00,104.73,12.971,0.421,9.891,0.9626,MQTT,actuator
2025-01-01T10:47:00,2409.357,35.743,13.031,80.679,0.8465,HTTPS,camera
2025-01-01T03:10:00,28.919,213.58,2.88,0.504,2.0243,LoRaWAN,smart_meter
2025-01-02T00:06:00,1708.145,74.833,2.507,246.141,0.8139,HTTPS,camera
2025-01-01T00:53:00,1279.991,41.837,9.87,72.365,1.2911,HTTPS,gateway
2025-01-02T10:02:00,49.21,18.136,1.471,1.009,0.8007,MQTT,env_sensor
2025-01-02T02:27:00,38.5,41.984,8.123,4.737,1.9228,MQTT,env_sensor
2025-01-01T14:32:00,91.834,18.299,8.519,12.507,1.0019,MQTT,actuator
2025-01-01T01:18:00,2780.917,77.114,7.55,58.283,0.7355,HTTPS,camera
2025-01-02T10:53:00,64.3,6.279,10.129,13.041,0.5077,MQTT,actuator
2025-01-02T11:26:00,70.699,20.855,6.411,4.936,1.2981,MQTT,actuator
2025-01-01T18:26:00,2206.145,127.685,2.858,44.182,1.1506,HTTPS,camera
2025-01-02T07:29:00,83.659,29.31,5.58,4.266,0.0893,CoAP,env_sensor
2025-01-01T09:03:00,45.088,29.251,1.835,8.076,2.3769,MQTT,env_sensor
2025-01-01T01:59:00,98.244,22.48,5.384,4.124,0.0,MQTT,actuator
2025-01-01T13:07:00,1505.593,106.476,2.626,15.929,1.0184,MQTT,camera
2025-01-01T19:16:00,109.334,21.293,7.869,4.965,1.887,CoAP,actuator
2025-01-01T06:22:00,9.977,212.048,3.531,0.426,6.1019,LoRaWAN,smart_meter
2025-01-01T22:31:00,1937.46,72.227,2.345,193.148,0.5452,HTTPS,camera
2025-01-01T00:21:00,55.669,48.947,5.283,0.05,1.9739,MQTT,env_sensor
2025-01-01T05:03:00,109.822,9.559,9.998,5.925,0.364,CoAP,actuator
2025-01-01T22:34:00,1110.236,51.97,6.869,8.918,0.5799,HTTPS,gateway
2025-01-02T00:03:00,21.217,40.182,4.834,2.109,0.3386,MQTT,env_sensor
2025-01-02T05:47:00,186.773,75.249,3.191,8.721,0.916,MQTT,camera
2025-01-02T15:33:00,25.02,196.331,4.601,0.158,0.7172,LoRaWAN,smart_meter
2025-01-02T04:49:00,822.535,46.244,4.439,45.368,0.4447,HTTPS,gateway
2025-01-02T11:07:00,137.787,13.071,7.132,0.05,0.6193,MQTT,actuator
2025-01-01T11:50:00,75.26,17.663,1.406,3.442,0.0626,MQTT,env_sensor
2025-01-02T02:28:00,534.377,63.704,7.463,9.521,2.4276,CoAP,gateway
2025-01-02T08:33:00,148.267,18.066,5.727,5.442,0.0,MQTT,actuator
2025-01-01T09:38:00,84.342,40.874,1.689,2.736,1.1237,MQTT,env_sensor
2025-01-01T21:34:00,137.361,2.483,5.807,8.014,1.5032,MQTT,actuator
2025-01-01T19:01:00,116.556,28.281,4.451,9.177,0.0,MQTT,env_sensor
2025-01-01T03:00:00,37.092,228.741,1.606,0.165,3.0791,LoRaWAN,smart_meter
2025-01-02T09:04:00,116.984,17.755,1.746,5.995,0.5316,MQTT,actuator
2025-01-01T17:55:00,1556.763,9.639,11.581,11.793,0.9785,HTTPS,gateway
2025-01-01T23:30:00,3138.369,30.241,6.818,169.476,1.0153,HTTPS,camera
2025-01-01T02:10:00,78.633,32.182,2.468,4.363,0.1195,MQTT,env_sensor
2025-01-01T22:08:00,82.847,9.138,1.321,5.196,0.782,MQTT,env_sensor
2025-01-01T05:40:00,843.619,78.606,11.267,94.808,0.0293,HTTPS,gateway
2025-01-01T06:02:00,882.1,72.019,2.782,121.899,0.5942,HTTPS,camera
2025-01-01T03:27:00,79.331,28.65,3.481,5.017,2.2174,MQTT,env_sensor
2025-01-02T05:52:00,67.021,20.094,11.152,8.524,0.8308,MQTT,actuator
2025-01-01T20:18:00,37.643,201.994,2.433,0.524,2.9006,LoRaWAN,smart_meter
2025-01-01T19:46:00,1269.778,61.031,6.331,12.114,1.7162,HTTPS,gateway
2025-01-02T13:58:00,718.983,5.884,5.408,156.777,0.6683,HTTPS,camera
2025-01-01T02:04:00,33.762,134.773,3.917,0.725,3.2709,LoRaWAN,smart_meter
2025-01-02T02:13:00,28.876,126.466,1.921,0.309,2.8899,LoRaWAN,smart_meter
2025-01-02T01:04:00,1101.756,39.084,0.554,8.368,1.042,MQTT,gateway
2025-01-01T14:02:00,90.073,12.037,0.1,5.898,1.1464,MQTT,actuator
2025-01-01T20:16:00,1024.92,72.105,3.42,175.634,0.0,HTTPS,camera
2025-01-02T10:04:00,101.143,15.785,3.365,9.083,1.2013,MQTT,actuator
2025-01-01T05:59:00,90.794,5.948,6.765,4.521,1.1365,MQTT,actuator
2025-01-02T03:23:00,129.097,37.441,7.805,6.64,0.0908,CoAP,actuator
2025-01-02T16:15:00,36.732,20.888,4.707,0.05,0.923,MQTT,env_sensor
2025-01-01T11:07:00,133.832,30.263,5.942,9.532,1.2176,CoAP,actuator
2025-01-01T01:23:00,1781.379,50.542,5.087,11.776,0.5319,HTTPS,gateway
2025-01-01T09:31:00,84.202,27.215,4.581,0.05,0.8456,MQTT,env_sensor
2025-01-01T13:44:00,279.146,25.236,4.319,86.387,2.3341,MQTT,gateway
2025-01-02T07:22:00,1983.817,89.069,4.967,157.337,1.1275,HTTPS,camera
2025-01-01T09:38:00,28.863,211.297,3.39,0.283,3.2808,LoRaWAN,smart_meter
2025-01-02T06:48:00,1038.7,33.124,3.346,246.563,0.4898,HTTPS,camera
2025-01-01T17:47:00,72.819,31.134,4.483,5.713,0.1708,MQTT,env_sensor
2025-01-01T10:31:00,8.0,27.973,5.789,5.909,0.7632,CoAP,env_sensor
2025-01-02T17:12:00,45.533,12.021,6.919,0.187,0.8475,MQTT,env_sensor
2025-01-02T04:16:00,1500.247,77.011,4.15,14.101,0.5376,HTTPS,camera
2025-01-02T10:38:00,85.961,46.226,0.814,2.608,0.9333,MQTT,env_sensor
2025-01-02T10:15:00,373.353,50.497,5.926,58.828,0.6509,HTTPS,camera
2025-01-01T18:32:00,1654.235,83.347,0.814,0.05,1.077,HTTPS,camera
2025-01-02T16:14:00,429.698,53.027,3.31,61.687,1.2604,HTTPS,gateway
2025-01-01T20:05:00,791.38,38.425,14.479,127.378,1.5912,CoAP,gateway
2025-01-02T10:06:00,2313.773,34.522,8.611,142.962,0.8088,HTTPS,camera
2025-01-02T09:58:00,318.145,72.325,19.375,53.522,0.0,HTTPS,gateway
2025-01-02T09:20:00,105.579,14.793,5.188,3.311,1.796,MQTT,env_sensor
2025-01-02T02:29:00,65.854,39.122,0.1,5.636,2.0607,MQTT,env_sensor
2025-01-01T01:14:00,8.0,18.026,14.212,37.301,2.1446,MQTT,gateway
2025-01-01T16:41:00,34.691,114.178,2.747,0.05,3.5611,LoRaWAN,smart_meter
2025-01-02T01:04:00,50.635,7.758,2.292,5.646,0.8194,MQTT,env_sensor
2025-01-01T05:47:00,26.914,103.498,3.385,0.619,0.0,LoRaWAN,smart_meter
2025-01-02T07:00:00,773.627,24.383,10.506,51.529,0.0,HTTPS,gateway
2025-01-02T10:08:00,87.402,22.5,0.1,12.127,1.4008,MQTT,actuator
2025-01-01T22:00:00,1530.639,52.348,4.416,77.18,1.1839,HTTPS,camera
2025-01-01T15:50:00,87.186,21.727,1.847,7.188,0.5757,MQTT,actuator
2025-01-02T12:52:00,108.446,24.117,7.953,8.858,0.0,MQTT,actuator
2025-01-01T19:12:00,52.753,31.268,3.819,7.249,2.8121,MQTT,env_sensor
2025-01-02T02:27:00,2613.156,20.672,6.048,125.781,0.0,HTTPS,camera
2025-01-02T13:50:00,2174.703,55.199,8.417,86.449,0.0,HTTPS,camera
2025-01-01T03:53:00,906.856,54.434,4.603,82.58,1.7469,CoAP,gateway
2025-01-02T02:40:00,180.616,16.152,0.727,4.981,1.4068,MQTT,actuator
2025-01-01T18:54:00,66.262,28.985,7.422,5.48,2.3422,MQTT,env_sensor
2025-01-01T04:23:00,88.787,21.741,4.68,3.282,0.0,MQTT,env_sensor
2025-01-01T21:03:00,97.337,24.766,3.624,3.904,1.4551,MQTT,actuator
2025-01-02T05:35:00,120.289,22.049,5.551,8.431,1.2876,MQTT,actuator
2025-01-02T07:09:00,723.202,59.184,1.463,19.94,0.132,HTTPS,gateway
2025-01-02T05:25:00,69.88,49.341,0.1,2.605,1.1485,MQTT,env_sensor
2025-01-02T11:46:00,147.468,18.533,6.975,13.206,1.3405,MQTT,actuator
2025-01-01T06:17:00,34.995,191.889,0.1,0.05,0.8613,LoRaWAN,smart_meter
2025-01-01T21:31:00,112.659,17.685,8.096,15.944,1.1486,CoAP,actuator
2025-01-01T19:57:00,92.679,17.142,2.958,6.999,0.0,MQTT,env_sensor
2025-01-01T01:31:00,48.046,22.408,7.612,7.865,1.4082,MQTT,actuator
2025-01-01T21:24:00,83.015,19.891,8.42,13.667,1.8884,MQTT,actuator
2025-01-02T12:26:00,125.83,12.135,0.1,10.966,0.603,MQTT,actuator
2025-01-02T15:51:00,301.348,66.459,8.351,38.99,1.0931,CoAP,gateway
2025-01-01T03:05:00,1231.536,63.476,20.053,93.098,0.4328,HTTPS,gateway
2025-01-01T18:12:00,70.664,22.541,3.416,1.872,0.6863,MQTT,actuator
2025-01-01T06:48:00,495.855,15.866,12.306,119.752,0.9224,HTTPS,gateway
2025-01-01T16:55:00,1698.672,48.185,9.177,128.172,0.4487,HTTPS,camera
2025-01-02T17:18:00,1432.592,71.386,2.438,69.111,0.726,HTTPS,camera
2025-01-02T11:52:00,25.165,220.177,3.867,0.676,4.4047,LoRaWAN,smart_meter
2025-01-02T03:21:00,987.173,26.861,5.536,90.503,0.0,HTTPS,gateway
2025-01-02T11:24:00,1677.455,57.044,2.927,64.36,0.571,HTTPS,gateway
2025-01-02T13:20:00,1231.287,8.725,4.814,134.723,0.0,HTTPS,camera
2025-01-01T19:10:00,1622.675,46.386,5.566,105.397,0.2668,HTTPS,camera
2025-01-01T04:15:00,124.022,11.162,4.261,9.843,0.0,MQTT,actuator
2025-01-02T16:13:00,1277.619,34.84,11.547,97.015,0.9672,HTTPS,gateway
2025-01-02T01:56:00,22.428,18.565,0.1,9.614,1.9256,MQTT,env_sensor
2025-01-01T13:09:00,2118.908,42.979,6.698,113.887,2.2912,HTTPS,camera
2025-01-02T12:18:00,1478.979,31.978,3.305,55.47,0.0,HTTPS,gateway
2025-01-02T01:30:00,78.778,19.284,4.286,0.05,2.1453,MQTT,env_sensor
2025-01-01T16:43:00,33.523,209.338,2.52,0.366,3.7151,LoRaWAN,smart_meter
2025-01-01T13:27:00,1361.846,32.889,2.41,157.722,0.852,HTTPS,camera
2025-01-01T16:16:00,385.225,39.511,1.107,37.542,1.4731,MQTT,gateway
2025-01-02T01:44:00,2629.103,140.253,5.065,16.617,0.6603,HTTPS,camera
2025-01-02T02:10:00,27.858,259.191,2.087,0.199,3.8194,LoRaWAN,smart_meter
2025-01-01T20:54:00,79.774,17.023,4.207,13.032,1.448,MQTT,env_sensor
2025-01-02T08:02:00,50.901,16.012,0.1,2.012,2.6588,MQTT,env_sensor
2025-01-02T04:08:00,151.145,40.843,4.33,2.709,2.2859,MQTT,actuator
2025-01-01T01:48:00,368.105,61.759,8.914,50.419,1.6924,CoAP,gateway
2025-01-02T09:19:00,550.575,65.024,7.143,72.311,0.7629,HTTPS,gateway
2025-01-02T05:11:00,29.554,148.891,1.046,0.474,0.6641,LoRaWAN,smart_meter
2025-01-01T20:24:00,59.257,15.246,0.615,3.559,0.0,MQTT,env_sensor
2025-01-01T09:48:00,2839.382,57.4,2.743,212.16,1.111,HTTPS,camera
2025-01-02T14:13:00,2726.77,63.92,2.814,166.472,0.2994,HTTPS,camera
2025-01-01T10:43:00,1710.103,43.857,2.086,166.324,1.4778,HTTPS,gateway
2025-01-01T08:57:00,95.157,7.56,4.888,12.652,0.2459,MQTT,env_sensor
2025-01-01T00:13:00,91.358,33.386,1.407,4.292,1.5055,MQTT,env_sensor
2025-01-01T11:53:00,76.854,17.192,3.682,1.643,0.1387,MQTT,env_sensor
2025-01-01T01:31:00,2584.86,51.525,7.757,120.748,0.0,HTTPS,camera
2025-01-02T10:25:00,1672.54,90.488,2.14,123.518,0.389,HTTPS,camera
2025-01-02T09:04:00,57.113,14.878,4.759,5.098,0.5924,MQTT,env_sensor
2025-01-01T22:44:00,22.407,130.96,1.523,1.186,3.1971,MQTT,smart_meter
2025-01-01T17:52:00,24.092,155.06,1.604,0.904,5.8237,LoRaWAN,smart_meter
2025-01-01T13:05:00,29.017,19.85,3.376,6.872,0.6477,MQTT,env_sensor
2025-01-01T04:54:00,35.164,150.371,1.381,0.05,1.3088,LoRaWAN,smart_meter
2025-01-02T05:13:00,23.295,153.58,2.793,0.05,3.7487,LoRaWAN,smart_meter
2025-01-01T12:25:00,94.247,14.808,3.019,4.985,0.9697,MQTT,actuator
2025-01-01T10:55:00,23.238,303.018,3.991,0.05,3.2107,LoRaWAN,smart_meter
2025-01-01T18:59:00,22.796,208.37,0.78,0.05,2.3696,LoRaWAN,smart_meter
2025-01-01T14:00:00,1588.99,69.975,6.642,34.805,0.4118,HTTPS,camera
2025-01-01T12:19:00,86.183,31.688,3.925,4.357,2.8747,MQTT,env_sensor
2025-01-02T11:12:00,173.301,21.337,3.436,8.298,0.8562,MQTT,actuator
2025-01-01T15:33:00,105.759,27.743,11.757,6.547,0.9564,MQTT,actuator
2025-01-01T05:04:00,28.515,187.484,1.233,0.656,0.0,LoRaWAN,smart_meter
2025-01-02T09:38:00,95.298,33.391,0.1,0.05,2.7941,MQTT,env_sensor
2025-01-01T17:15:00,19.359,246.279,0.127,0.314,8.1311,LoRaWAN,smart_meter
2025-01-01T09:52:00,110.932,57.39,2.975,115.249,1.3672,MQTT,gateway
2025-01-01T03:53:00,39.823,115.397,2.158,0.309,5.007,LoRaWAN,smart_meter
2025-01-02T01:50:00,38.146,160.314,1.453,0.382,0.1792,LoRaWAN,smart_meter
2025-01-01T00:50:00,40.947,228.343,1.311,0.341,2.1923,LoRaWAN,smart_meter
2025-01-01T14:10:00,92.001,78.708,0.1,89.741,1.277,MQTT,gateway
2025-01-01T15:53:00,1946.602,29.499,4.858,80.11,1.1336,MQTT,camera
2025-01-02T12:46:00,55.47,35.307,4.341,3.452,0.0,MQTT,env_sensor
2025-01-01T03:46:00,22.169,103.953,2.153,0.942,1.8288,LoRaWAN,smart_meter
2025-01-02T06:17:00,16.302,259.827,2.194,0.493,1.5245,LoRaWAN,smart_meter
2025-01-01T16:21:00,51.205,33.897,5.354,3.947,1.8413,MQTT,env_sensor
2025-01-02T08:10:00,66.378,31.805,3.824,4.193,0.3149,MQTT,env_sensor
2025-01-02T06:47:00,1057.099,37.469,5.787,32.213,2.3468,CoAP,gateway
2025-01-02T05:07:00,336.114,46.615,5.306,27.393,0.2345,CoAP,gateway
2025-01-02T07:53:00,106.136,29.407,6.464,2.512,1.0476,CoAP,env_sensor
2025-01-01T03:50:00,26.288,140.034,2.394,0.665,3.0877,LoRaWAN,smart_meter
2025-01-01T18:08:00,1126.355,62.52,9.718,38.943,0.479,HTTPS,gateway
2025-01-01T05:34:00,18.008,177.99,2.903,0.05,0.6822,LoRaWAN,smart_meter
2025-01-01T06:05:00,77.29,13.227,5.552,5.644,0.472,MQTT,env_sensor
2025-01-01T18:47:00,1390.246,46.593,1.561,247.34,1.3995,HTTPS,camera
2025-01-02T00:28:00,32.742,255.513,2.958,0.548,4.8851,LoRaWAN,smart_meter
2025-01-01T12:11:00,2075.192,84.329,0.713,13.967,0.2989,HTTPS,camera
2025-01-01T15:58:00,1339.478,84.974,3.939,168.524,0.7862,HTTPS,camera
2025-01-02T01:52:00,122.656,28.228,2.176,13.267,0.2881,MQTT,actuator
2025-01-01T10:17:00,2025.076,102.042,0.363,11.218,0.9091,HTTPS,camera
2025-01-01T06:42:00,805.278,30.821,5.591,52.321,0.4921,HTTPS,gateway
2025-01-01T04:38:00,19.773,276.257,0.191,0.561,1.2074,LoRaWAN,smart_meter
2025-01-02T14:57:00,18.899,190.196,0.194,0.818,4.3618,LoRaWAN,smart_meter
2025-01-02T07:10:00,16.536,62.38,1.196,0.05,0.0,HTTPS,smart_meter
2025-01-02T06:04:00,88.666,23.11,7.232,3.195,0.8908,MQTT,env_sensor
2025-01-02T11:40:00,35.03,85.896,3.393,0.456,1.6958,MQTT,smart_meter
2025-01-02T10:23:00,65.673,20.039,4.934,3.354,1.0097,MQTT,env_sensor
2025-01-02T00:26:00,18.43,86.574,2.517,0.565,2.5208,MQTT,smart_meter
2025-01-02T16:56:00,838.72,37.487,16.877,99.541,2.4346,CoAP,gateway
2025-01-02T00:28:00,88.28,36.482,4.357,9.566,1.4836,MQTT,actuator
2025-01-02T08:23:00,958.801,17.905,4.225,84.862,0.8364,HTTPS,gateway
2025-01-02T11:13:00,1239.848,31.817,3.45,63.404,0.0969,HTTPS,gateway
2025-01-02T14:12:00,49.92,18.477,0.859,7.206,2.8361,MQTT,env_sensor
2025-01-01T15:43:00,113.006,8.995,7.158,5.284,0.9202,MQTT,actuator
2025-01-02T13:52:00,38.324,160.83,0.1,0.492,3.1608,LoRaWAN,smart_meter
2025-01-02T08:35:00,239.585,44.298,9.17,36.213,1.0019,CoAP,camera
2025-01-02T16:10:00,107.944,38.107,5.49,2.751,1.5789,MQTT,env_sensor
2025-01-02T10:25:00,86.517,30.748,1.871,10.556,0.0,MQTT,env_sensor
2025-01-01T05:41:00,531.792,17.685,10.145,74.916,0.8193,HTTPS,gateway
2025-01-02T08:49:00,24.477,132.948,1.36,0.9,3.0063,LoRaWAN,smart_meter
2025-01-01T22:10:00,1591.353,62.085,6.396,258.895,1.4713,HTTPS,camera
2025-01-01T14:26:00,159.075,21.377,4.64,15.556,0.9824,MQTT,actuator
2025-01-02T01:43:00,31.674,255.864,0.683,0.716,1.6145,LoRaWAN,smart_meter
2025-01-01T01:12:00,79.669,17.305,5.42,2.666,2.5379,MQTT,env_sensor
2025-01-01T22:59:00,84.585,10.936,6.4,7.546,1.2177,MQTT,actuator
2025-01-02T11:01:00,855.761,42.067,6.149,78.38,0.282,HTTPS,gateway
2025-01-02T08:07:00,1108.345,43.481,5.725,48.494,0.9968,HTTPS,gateway
2025-01-01T17:28:00,593.942,31.715,4.687,82.367,0.0,HTTPS,gateway
2025-01-02T14:55:00,28.646,233.235,0.495,0.68,2.6531,LoRaWAN,smart_meter
2025-01-01T23:10:00,100.876,8.259,7.98,21.095,1.1036,MQTT,actuator
2025-01-02T09:19:00,64.088,29.94,5.188,6.406,0.5598,MQTT,env_sensor
2025-01-01T15:27:00,99.66,5.263,3.341,6.956,0.0,MQTT,env_sensor
2025-01-01T13:14:00,52.095,33.974,2.082,3.635,1.6434,MQTT,env_sensor
2025-01-01T22:11:00,16.524,22.055,2.265,22.395,2.1476,MQTT,camera
2025-01-02T01:09:00,26.017,211.122,4.021,0.497,0.4078,LoRaWAN,smart_meter
2025-01-01T03:09:00,112.387,4.919,12.545,6.633,1.0978,MQTT,actuator
2025-01-01T03:13:00,866.364,50.085,2.279,0.05,0.6163,HTTPS,gateway
2025-01-02T11:44:00,598.212,98.645,5.405,90.559,0.0,HTTPS,camera
2025-01-01T20:06:00,17.176,38.851,4.036,6.26,1.1802,MQTT,env_sensor
2025-01-02T15:08:00,150.49,25.847,6.284,11.404,1.2005,CoAP,actuator
2025-01-01T00:24:00,1065.231,46.827,3.858,147.559,0.793,HTTPS,gateway
2025-01-02T04:02:00,145.95,18.646,0.1,0.05,0.3625,MQTT,actuator
2025-01-02T01:10:00,1356.342,82.232,11.428,94.029,1.6385,HTTPS,gateway
2025-01-01T19:12:00,78.442,14.553,5.693,8.94,0.7021,MQTT,actuator
2025-01-01T00:33:00,37.102,146.969,1.145,0.432,3.8626,LoRaWAN,smart_meter
2025-01-02T15:47:00,1028.035,64.185,1.075,129.162,0.0,HTTPS,camera
2025-01-01T12:30:00,722.112,31.239,6.181,110.621,0.0354,HTTPS,gateway
2025-01-01T04:44:00,1242.763,49.905,2.498,28.851,0.2125,HTTPS,gateway
2025-01-01T01:03:00,102.577,28.885,2.879,5.611,2.1261,MQTT,env_sensor
2025-01-01T05:13:00,51.573,22.761,1.591,3.838,0.2377,MQTT,env_sensor
2025-01-02T08:31:00,1203.613,28.713,0.522,131.259,0.6699,HTTPS,gateway
2025-01-01T09:41:00,1255.909,75.2,0.1,126.957,1.1146,HTTPS,camera
2025-01-02T12:28:00,80.27,25.498,5.179,5.168,1.2623,MQTT,env_sensor
2025-01-02T17:16:00,39.937,191.342,4.151,0.05,1.9826,LoRaWAN,smart_meter
2025-01-02T11:10:00,25.131,164.261,1.83,0.827,6.1052,LoRaWAN,smart_meter
2025-01-02T15:29:00,23.378,229.151,2.326,0.299,4.5485,LoRaWAN,smart_meter
2025-01-01T16:14:00,38.591,230.406,3.35,0.689,1.5023,LoRaWAN,smart_meter
2025-01-02T14:25:00,34.487,124.075,2.146,0.414,0.682,LoRaWAN,smart_meter
2025-01-01T21:44:00,146.324,7.189,6.332,5.001,1.1806,MQTT,actuator
2025-01-01T17:40:00,133.739,13.934,3.567,6.119,1.8417,MQTT,actuator
2025-01-01T01:45:00,1692.144,22.75,3.419,30.637,0.4194,HTTPS,gateway
2025-01-01T17:08:00,179.74,79.176,0.529,96.634,1.6644,MQTT,gateway
2025-01-01T05:05:00,84.983,32.179,2.139,4.039,1.3369,MQTT,env_sensor
2025-01-01T05:52:00,108.585,1.23,5.817,11.484,2.5289,MQTT,actuator
2025-01-01T01:11:00,149.521,25.516,9.443,13.044,0.5644,MQTT,actuator
2025-01-02T02:49:00,434.546,70.189,0.666,96.285,0.6009,HTTPS,camera
2025-01-02T01:55:00,82.103,27.117,1.929,2.951,0.0,MQTT,env_sensor
2025-01-01T17:32:00,110.555,8.772,4.717,8.291,0.4572,MQTT,actuator
2025-01-01T02:28:00,27.764,191.175,1.224,0.397,5.7572,LoRaWAN,smart_meter
2025-01-01T15:37:00,105.336,20.354,10.169,4.647,0.795,MQTT,actuator
2025-01-01T09:48:00,1576.828,40.213,20.878,35.344,0.0,HTTPS,gateway
2025-01-01T17:25:00,60.708,15.129,7.553,14.359,1.9778,MQTT,actuator
2025-01-02T07:01:00,107.953,10.808,9.354,5.503,1.9868,MQTT,actuator
2025-01-01T06:22:00,1514.619,48.823,10.284,109.534,0.0,HTTPS,camera
2025-01-01T01:58:00,1573.071,42.316,0.534,86.878,0.0,HTTPS,camera
2025-01-01T12:57:00,2201.444,54.329,10.571,114.654,0.6368,HTTPS,camera
2025-01-02T15:38:00,2006.61,53.86,4.053,195.559,0.0763,HTTPS,camera
2025-01-01T13:54:00,30.005,99.333,2.731,0.419,2.4402,MQTT,smart_meter
2025-01-01T22:59:00,20.502,87.648,3.776,0.283,2.6264,MQTT,smart_meter
2025-01-01T06:36:00,535.126,77.075,6.595,71.731,1.8328,CoAP,gateway
2025-01-02T15:20:00,67.21,26.698,5.728,4.845,1.0117,MQTT,env_sensor
2025-01-01T23:54:00,665.351,33.462,3.287,67.502,1.0218,CoAP,gateway
2025-01-02T17:39:00,29.875,158.146,1.302,0.391,4.7602,LoRaWAN,smart_meter
2025-01-01T08:20:00,159.314,18.425,10.058,2.552,0.0,MQTT,actuator
2025-01-02T14:27:00,89.195,35.629,5.003,1.81,1.1365,MQTT,env_sensor
2025-01-02T12:37:00,51.14,35.45,3.867,4.529,1.4124,MQTT,env_sensor
2025-01-01T16:53:00,8.0,45.697,5.285,110.456,1.742,CoAP,gateway
2025-01-01T05:09:00,19.544,272.505,2.564,0.063,5.2693,LoRaWAN,smart_meter
2025-01-02T09:14:00,1118.972,45.324,16.448,5.898,0.7197,HTTPS,gateway
2025-01-02T13:45:00,1725.812,69.627,0.845,133.466,0.3881,HTTPS,camera
2025-01-02T09:06:00,1418.084,79.581,4.013,134.761,0.6242,HTTPS,camera
2025-01-01T04:20:00,80.959,28.887,3.124,5.056,0.2716,MQTT,env_sensor
2025-01-02T00:44:00,346.408,16.749,2.519,47.89,0.0,HTTPS,gateway
2025-01-02T10:07:00,743.389,63.899,4.524,64.308,0.8909,HTTPS,gateway
2025-01-01T06:58:00,8.0,60.46,8.452,156.451,1.0977,CoAP,camera
2025-01-01T18:58:00,2009.048,49.746,2.546,175.126,0.636,HTTPS,camera
2025-01-01T15:15:00,26.77,219.289,0.1,0.621,3.2368,LoRaWAN,smart_meter
2025-01-02T16:55:00,2011.415,43.643,0.801,59.276,0.8111,HTTPS,camera
2025-01-01T15:38:00,157.359,11.244,3.406,11.132,1.958,MQTT,actuator
2025-01-01T06:52:00,1433.775,62.466,2.878,69.927,0.0,HTTPS,camera
2025-01-01T06:15:00,84.838,27.54,5.019,15.645,1.8778,CoAP,actuator
2025-01-01T21:33:00,1459.138,17.298,7.774,20.959,0.2022,HTTPS,gateway
2025-01-01T02:44:00,1716.813,53.34,0.1,131.926,0.0,HTTPS,camera
2025-01-01T19:39:00,3489.852,72.244,0.261,64.563,0.6796,HTTPS,camera
2025-01-02T10:14:00,57.667,13.712,1.331,3.086,0.939,MQTT,env_sensor
2025-01-02T15:40:00,1440.011,36.714,1.494,103.201,0.2547,HTTPS,camera
2025-01-02T00:24:00,101.237,12.67,2.426,7.484,1.1659,MQTT,env_sensor
2025-01-01T20:41:00,1777.081,82.674,4.731,235.999,0.4706,HTTPS,camera
2025-01-01T20:25:00,36.765,41.218,2.559,5.324,1.814,MQTT,env_sensor
2025-01-02T10:33:00,431.233,18.154,9.618,121.029,0.0,HTTPS,gateway
2025-01-02T08:21:00,17.298,113.062,0.1,0.975,0.4574,LoRaWAN,smart_meter
2025-01-01T09:08:00,17.073,170.798,0.1,0.344,3.9415,LoRaWAN,smart_meter
2025-01-01T10:53:00,1099.539,62.321,2.618,35.887,0.0,HTTPS,gateway
2025-01-02T13:58:00,21.231,207.956,2.54,0.181,7.676,LoRaWAN,smart_meter
2025-01-02T08:34:00,827.846,93.929,7.029,16.95,0.0,CoAP,camera
2025-01-01T23:12:00,860.805,10.422,9.586,34.45,0.3928,CoAP,gateway
2025-01-02T01:19:00,82.304,9.808,8.091,14.645,0.6122,MQTT,actuator
2025-01-01T16:01:00,1388.21,8.725,6.217,108.456,0.534,HTTPS,camera
2025-01-01T05:51:00,1405.952,46.766,5.225,158.575,1.1344,HTTPS,camera
2025-01-01T02:20:00,40.131,162.97,4.29,0.195,8.3578,LoRaWAN,smart_meter
2025-01-01T09:35:00,80.864,13.61,2.212,4.392,0.3712,MQTT,actuator
2025-01-01T08:43:00,1476.186,85.181,0.793,137.008,0.2732,HTTPS,camera
2025-01-02T11:28:00,1719.944,45.219,4.595,124.693,0.0,HTTPS,camera
2025-01-02T10:31:00,97.417,6.712,5.873,6.272,3.2532,MQTT,actuator
2025-01-02T06:32:00,1805.417,59.761,0.1,169.461,0.7976,HTTPS,camera
2025-01-02T08:15:00,8.0,68.829,0.1,78.106,0.0,HTTPS,gateway
2025-01-01T01:58:00,173.585,34.378,3.898,6.903,1.8748,MQTT,actuator
2025-01-02T12:33:00,26.89,178.847,1.85,0.632,7.1474,LoRaWAN,smart_meter
2025-01-02T11:19:00,1383.577,59.037,0.1,155.01,0.5487,HTTPS,camera
2025-01-02T12:17:00,19.429,248.013,1.687,0.47,0.0,LoRaWAN,smart_meter
2025-01-01T01:35:00,55.243,19.153,0.211,0.816,3.0102,MQTT,env_sensor
2025-01-01T23:43:00,1262.942,32.786,12.147,106.54,0.8385,HTTPS,gateway
2025-01-02T04:53:00,8.0,43.295,17.564,54.377,0.8607,HTTPS,gateway
2025-01-01T17:43:00,796.968,41.899,6.253,115.445,0.7257,HTTPS,camera
2025-01-01T13:49:00,69.43,20.321,1.415,0.05,0.4617,MQTT,env_sensor
2025-01-01T16:56:00,1442.483,40.602,12.431,40.463,1.1942,CoAP,gateway
2025-01-02T12:15:00,39.263,138.276,0.1,0.103,5.3058,LoRaWAN,smart_meter
2025-01-01T10:33:00,29.1,146.973,4.735,0.264,3.9221,LoRaWAN,smart_meter
2025-01-02T04:39:00,1099.11,53.414,9.08,59.634,0.133,HTTPS,gateway
2025-01-01T18:56:00,811.64,49.02,8.423,89.573,0.5051,HTTPS,gateway
2025-01-01T11:31:00,2243.781,22.076,0.1,0.05,0.0,HTTPS,camera
2025-01-02T11:53:00,13.832,194.253,0.776,0.05,3.9412,LoRaWAN,smart_meter
2025-01-01T07:03:00,1645.008,51.887,0.1,0.177,2.3667,HTTPS,gateway
2025-01-02T03:14:00,2454.634,28.538,3.376,86.439,0.1882,HTTPS,camera
2025-01-02T10:18:00,2584.196,43.965,4.953,205.825,0.2641,HTTPS,camera
2025-01-01T09:11:00,2555.296,55.465,2.224,152.383,1.0563,HTTPS,camera
2025-01-01T03:34:00,28.497,225.037,0.1,0.05,2.5892,LoRaWAN,smart_meter
2025-01-02T03:16:00,55.458,9.443,3.219,3.632,1.0476,MQTT,env_sensor
2025-01-02T07:14:00,69.849,28.203,1.843,0.05,1.9932,MQTT,env_sensor
2025-01-02T11:03:00,98.163,30.719,5.686,6.14,1.3348,CoAP,env_sensor
2025-01-02T17:22:00,108.201,28.641,4.395,0.05,1.5525,MQTT,actuator
2025-01-01T23:06:00,33.876,91.797,0.512,0.868,5.9376,LoRaWAN,smart_meter
2025-01-01T00:18:00,85.044,14.954,3.65,8.057,0.7582,MQTT,actuator
2025-01-02T15:38:00,20.715,166.355,2.484,1.292,4.9396,MQTT,smart_meter
2025-01-01T02:56:00,39.401,324.46,3.831,0.325,4.7869,LoRaWAN,smart_meter
2025-01-02T14:47:00,18.29,178.423,2.91,0.057,3.6083,LoRaWAN,smart_meter
2025-01-01T19:17:00,86.169,25.686,3.443,6.246,1.4417,MQTT,env_sensor
2025-01-02T12:05:00,97.533,29.43,5.531,2.798,1.7133,MQTT,env_sensor
2025-01-02T00:32:00,1218.773,17.718,5.265,0.05,0.0406,HTTPS,gateway
2025-01-01T04:32:00,25.286,159.351,1.726,0.877,4.1718,LoRaWAN,smart_meter
2025-01-01T17:40:00,39.561,205.563,0.96,0.379,4.9376,LoRaWAN,smart_meter
2025-01-02T15:07:00,94.796,20.129,7.665,9.541,0.2561,CoAP,actuator
2025-01-01T15:36:00,1397.607,35.03,13.281,122.942,1.1284,HTTPS,gateway
2025-01-02T01:41:00,100.839,15.086,3.165,3.955,0.9864,MQTT,env_sensor
2025-01-01T15:42:00,69.087,10.409,6.465,11.231,0.6277,MQTT,actuator
2025-01-02T09:31:00,603.541,58.787,2.143,59.415,0.506,HTTPS,camera
2025-01-02T10:16:00,39.958,22.848,1.646,4.761,0.2797,MQTT,env_sensor
2025-01-01T12:53:00,110.387,17.444,2.869,6.709,1.5531,MQTT,env_sensor
2025-01-01T14:55:00,96.788,24.436,6.386,7.886,0.9661,MQTT,actuator
2025-01-02T16:01:00,1020.371,42.707,6.778,132.925,0.5109,HTTPS,camera
2025-01-02T05:56:00,94.176,24.5,0.194,0.773,0.0885,MQTT,env_sensor
2025-01-02T14:07:00,727.076,81.491,13.281,93.03,1.5364,CoAP,gateway
2025-01-01T06:01:00,821.881,41.801,3.36,129.523,0.0,HTTPS,camera
2025-01-02T17:18:00,68.796,40.853,2.588,0.931,1.6711,MQTT,env_sensor
2025-01-01T05:55:00,1997.55,67.873,6.109,146.504,1.2862,MQTT,camera
2025-01-02T06:05:00,2502.265,59.869,5.286,34.519,1.61,CoAP,camera
2025-01-01T07:43:00,120.617,13.604,6.241,6.439,0.0,MQTT,actuator
2025-01-02T02:58:00,88.012,33.495,4.553,12.582,1.2708,MQTT,actuator
2025-01-02T00:38:00,899.621,44.149,11.194,33.94,0.9615,CoAP,gateway
2025-01-02T00:39:00,997.982,58.322,9.231,147.629,0.1483,HTTPS,camera
2025-01-01T14:53:00,36.642,273.012,4.392,0.144,2.0676,LoRaWAN,smart_meter
2025-01-01T12:52:00,1943.622,1.0,7.182,69.624,1.7861,HTTPS,gateway
2025-01-01T19:35:00,89.415,25.146,1.223,5.793,0.4663,MQTT,env_sensor
2025-01-01T08:28:00,118.672,18.127,3.649,11.448,0.9452,MQTT,actuator
2025-01-02T14:21:00,30.705,140.017,1.703,0.05,3.1019,LoRaWAN,smart_meter
2025-01-01T22:11:00,1296.709,51.052,7.662,131.217,0.1857,HTTPS,gateway
2025-01-01T13:19:00,52.562,26.228,3.814,12.716,1.6716,MQTT,env_sensor
2025-01-02T04:41:00,71.553,44.819,1.89,2.13,2.0878,MQTT,env_sensor
2025-01-01T01:18:00,42.066,18.235,4.981,0.993,0.0,LoRaWAN,env_sensor
2025-01-01T17:38:00,78.967,24.067,4.777,2.819,0.0,MQTT,env_sensor
2025-01-02T15:15:00,27.069,28.076,6.353,5.518,1.4273,MQTT,env_sensor
2025-01-01T20:12:00,1146.581,101.37,8.511,66.098,0.9084,HTTPS,camera
2025-01-01T00:57:00,100.926,16.866,5.929,8.977,0.0,CoAP,actuator
2025-01-01T08:16:00,62.516,15.544,6.426,10.856,0.6203,MQTT,actuator
2025-01-01T07:37:00,911.378,104.898,6.911,80.231,0.0,HTTPS,gateway
2025-01-01T10:32:00,1928.179,44.767,3.642,131.813,0.7731,HTTPS,camera
2025-01-01T19:40:00,22.331,223.884,0.67,0.7,5.6327,LoRaWAN,smart_meter
2025-01-01T07:44:00,26.623,159.723,3.99,0.816,2.3638,LoRaWAN,smart_meter
2025-01-01T18:27:00,2627.356,66.05,4.004,175.778,0.6746,HTTPS,camera
2025-01-01T04:07:00,1474.609,100.192,0.1,180.275,0.1976,HTTPS,camera
2025-01-02T06:00:00,977.333,86.534,4.899,121.085,0.5236,HTTPS,camera
2025-01-01T11:18:00,81.344,5.638,4.129,83.93,0.3428,MQTT,gateway
2025-01-01T00:24:00,46.423,15.094,7.497,1.709,0.4366,MQTT,env_sensor
2025-01-02T16:11:00,98.948,22.894,11.228,8.395,0.8603,MQTT,actuator
2025-01-02T13:45:00,132.728,16.068,8.202,11.951,1.058,MQTT,actuator
2025-01-02T01:34:00,22.203,117.311,0.1,0.092,1.7445,LoRaWAN,smart_meter
2025-01-01T17:55:00,91.788,22.421,1.92,0.05,0.0,MQTT,actuator
2025-01-02T02:57:00,920.331,100.376,6.533,208.868,0.1387,HTTPS,camera
2025-01-02T06:28:00,81.918,20.675,6.844,9.427,1.2362,MQTT,actuator
2025-01-02T17:10:00,22.378,257.519,0.199,0.548,5.9396,LoRaWAN,smart_meter
2025-01-01T02:19:00,893.591,44.542,3.921,222.326,0.377,HTTPS,camera
2025-01-02T01:15:00,64.84,18.389,6.828,3.634,1.4409,CoAP,env_sensor
2025-01-01T22:11:00,87.614,25.474,3.264,12.082,0.4508,MQTT,env_sensor
2025-01-01T17:57:00,1394.335,41.605,11.706,98.415,1.5193,HTTPS,gateway
2025-01-02T13:08:00,22.619,202.664,4.076,0.761,5.6542,LoRaWAN,smart_meter
2025-01-01T11:33:00,61.887,37.538,5.772,1.452,0.0,CoAP,env_sensor
2025-01-01T12:52:00,114.264,8.058,6.9,3.324,0.0,MQTT,actuator
2025-01-02T17:23:00,116.385,9.337,3.986,8.468,0.0776,MQTT,actuator
2025-01-01T22:58:00,1587.525,13.132,0.1,134.539,1.2505,HTTPS,camera
2025-01-02T07:01:00,27.173,185.723,2.0,0.211,3.2559,LoRaWAN,smart_meter
2025-01-02T00:17:00,775.226,34.562,12.641,18.083,1.5985,CoAP,gateway
2025-01-02T01:27:00,2148.89,60.093,8.665,93.784,0.5488,HTTPS,camera
2025-01-01T14:01:00,29.244,203.464,4.719,0.529,4.9053,LoRaWAN,smart_meter
2025-01-02T16:39:00,1094.631,86.443,5.604,55.843,1.192,HTTPS,camera
2025-01-02T06:29:00,27.38,175.12,3.268,0.57,2.8353,LoRaWAN,smart_meter
2025-01-02T14:25:00,1382.512,7.617,13.628,55.101,0.4612,HTTPS,gateway
2025-01-01T12:59:00,26.236,173.734,1.825,0.315,4.5004,LoRaWAN,smart_meter
2025-01-02T05:08:00,1686.364,71.919,0.722,49.526,1.1656,HTTPS,camera
2025-01-02T10:09:00,2736.204,42.786,2.87,165.674,0.7142,HTTPS,camera
2025-01-01T05:46:00,130.866,1.0,4.487,0.05,0.0,MQTT,env_sensor
2025-01-02T03:01:00,109.586,16.537,6.385,8.89,1.2283,MQTT,actuator
2025-01-01T14:15:00,818.231,66.339,5.838,40.427,0.8387,CoAP,camera
2025-01-02T08:00:00,146.944,26.472,5.2,7.851,0.9261,MQTT,actuator
2025-01-02T10:03:00,140.899,55.007,1.574,80.135,0.1522,HTTPS,camera
2025-01-01T18:39:00,2946.051,88.374,2.692,97.719,0.5532,HTTPS,camera
2025-01-01T04:56:00,62.874,31.334,8.892,10.492,1.4011,CoAP,actuator
2025-01-01T22:10:00,771.306,53.68,2.88,53.582,1.5321,CoAP,gateway
2025-01-02T08:50:00,2566.299,60.561,7.323,213.843,0.0743,HTTPS,camera
2025-01-01T10:35:00,1690.607,63.393,4.264,183.574,0.0762,HTTPS,camera
2025-01-01T10:38:00,945.254,59.521,3.811,140.218,0.0,HTTPS,camera
2025-01-01T22:23:00,31.161,178.787,1.383,0.301,4.9898,LoRaWAN,smart_meter
2025-01-01T09:10:00,59.676,35.403,1.79,5.959,2.0936,MQTT,env_sensor
2025-01-01T22:46:00,1184.96,52.799,12.522,53.28,1.3189,HTTPS,gateway
2025-01-01T22:01:00,116.634,38.574,9.405,10.999,1.707,CoAP,actuator
2025-01-01T04:13:00,28.05,237.998,2.293,0.152,0.3432,LoRaWAN,smart_meter
2025-01-01T10:56:00,102.112,36.704,4.183,8.502,1.7474,MQTT,actuator
2025-01-01T20:04:00,839.977,61.548,4.302,195.369,0.0,HTTPS,camera
2025-01-01T14:33:00,122.22,20.038,6.181,3.603,2.4707,MQTT,actuator
2025-01-02T07:58:00,2365.767,63.551,11.256,147.301,0.0,HTTPS,camera
2025-01-02T01:39:00,977.4,72.626,2.776,39.561,0.94,HTTPS,gateway
2025-01-01T18:49:00,88.071,50.178,3.939,7.182,0.4683,MQTT,env_sensor
2025-01-01T04:03:00,86.187,19.05,5.913,11.458,0.7367,MQTT,actuator
2025-01-02T06:36:00,69.317,21.236,2.033,3.207,2.3677,MQTT,env_sensor
2025-01-01T07:56:00,88.466,32.761,0.1,4.458,1.614,MQTT,env_sensor
2025-01-02T12:43:00,781.421,50.182,0.1,87.565,0.6825,HTTPS,gateway
2025-01-02T01:31:00,576.385,47.017,0.1,119.685,0.0302,HTTPS,gateway
2025-01-01T15:31:00,67.909,19.949,8.826,3.473,0.9927,MQTT,actuator
2025-01-02T15:44:00,1404.066,37.142,5.327,155.418,0.5894,HTTPS,camera
2025-01-01T19:30:00,22.931,301.683,4.275,0.094,4.5223,LoRaWAN,smart_meter
2025-01-02T10:03:00,37.014,176.684,2.655,0.073,4.9683,LoRaWAN,smart_meter
2025-01-01T16:54:00,1109.352,38.421,2.658,78.612,0.9188,HTTPS,gateway
2025-01-01T12:14:00,86.194,22.193,1.312,3.954,1.2895,MQTT,env_sensor
2025-01-01T21:13:00,8.0,38.012,8.263,38.82,1.3504,CoAP,gateway
2025-01-02T01:05:00,1257.919,65.679,12.751,16.182,1.1227,MQTT,gateway
2025-01-02T04:25:00,57.41,14.623,2.149,8.504,0.0353,MQTT,actuator
2025-01-02T03:33:00,49.607,35.84,4.518,0.05,1.3642,MQTT,env_sensor
2025-01-01T05:54:00,174.693,25.646,5.002,6.982,1.0858,MQTT,actuator
2025-01-02T05:40:00,105.777,9.367,7.395,13.169,0.1828,MQTT,actuator
2025-01-01T12:00:00,105.42,1.0,0.921,7.877,0.0,MQTT,actuator
2025-01-02T05:28:00,746.203,60.966,9.43,53.736,0.3161,HTTPS,gateway
2025-01-02T06:24:00,1119.308,39.593,10.713,75.803,0.2631,HTTPS,gateway
2025-01-02T01:36:00,89.396,19.31,4.752,5.449,3.4043,MQTT,env_sensor
2025-01-02T04:14:00,88.773,20.252,4.515,4.475,2.3131,MQTT,env_sensor
2025-01-01T11:56:00,90.564,7.444,10.143,2.026,0.8922,MQTT,actuator
2025-01-01T04:03:00,280.392,42.608,11.094,49.265,1.5036,CoAP,gateway
2025-01-02T01:09:00,1236.124,26.899,6.346,62.044,0.8692,HTTPS,camera
2025-01-01T19:44:00,1122.855,16.386,9.201,74.843,0.2991,HTTPS,gateway
2025-01-01T01:03:00,1522.918,85.783,5.295,153.434,1.1413,HTTPS,camera
2025-01-01T09:07:00,35.815,205.438,2.857,0.634,1.2883,LoRaWAN,smart_meter
2025-01-02T04:30:00,143.686,5.873,6.781,1.355,0.0,MQTT,actuator
2025-01-02T05:03:00,443.135,64.754,10.74,33.89,1.9564,CoAP,gateway
2025-01-01T10:49:00,72.92,26.698,2.678,7.793,0.6844,MQTT,env_sensor
2025-01-02T11:26:00,2034.387,54.676,2.444,189.835,0.097,HTTPS,camera
2025-01-01T04:37:00,1123.193,23.554,9.112,43.451,0.0,HTTPS,gateway
2025-01-01T18:02:00,34.029,217.602,3.734,0.399,4.428,LoRaWAN,smart_meter
2025-01-02T09:54:00,962.37,52.211,8.701,117.605,1.1735,CoAP,gateway
2025-01-02T14:38:00,88.428,19.057,4.276,0.05,1.3025,MQTT,env_sensor
2025-01-02T05:24:00,774.409,49.789,0.1,48.328,0.0,HTTPS,gateway
2025-01-02T09:07:00,1525.166,47.03,11.953,178.374,2.6806,HTTPS,gateway
2025-01-01T15:41:00,1423.351,72.764,10.264,99.779,2.6633,HTTPS,gateway
2025-01-01T15:49:00,21.263,246.29,2.321,0.223,2.8173,LoRaWAN,smart_meter
2025-01-01T01:04:00,8.0,59.507,8.987,87.452,1.725,MQTT,gateway
2025-01-02T04:21:00,2651.113,78.367,0.79,137.505,0.8775,HTTPS,camera
2025-01-01T04:04:00,81.328,30.778,8.001,5.985,0.647,CoAP,actuator
2025-01-01T09:08:00,57.976,24.638,2.49,0.05,0.8459,MQTT,env_sensor
2025-01-01T23:23:00,16.157,147.464,0.512,1.123,5.847,MQTT,smart_meter
2025-01-01T03:51:00,152.195,17.987,3.234,8.824,1.2654,MQTT,actuator
2025-01-02T10:30:00,33.095,242.049,0.1,0.276,2.5402,LoRaWAN,smart_meter
2025-01-02T16:57:00,29.746,215.197,0.431,0.554,2.006,LoRaWAN,smart_meter
2025-01-02T12:18:00,77.314,41.292,5.436,0.782,0.4645,CoAP,env_sensor
2025-01-01T22:32:00,134.365,10.972,7.598,9.035,0.4817,MQTT,actuator
2025-01-01T17:26:00,133.943,1.0,0.189,6.728,0.92,MQTT,env_sensor
2025-01-01T14:42:00,38.131,280.121,2.706,0.773,3.6897,LoRaWAN,smart_meter
2025-01-01T08:48:00,42.724,234.877,4.603,0.361,0.1183,LoRaWAN,smart_meter
2025-01-01T06:16:00,1222.018,70.301,11.412,77.875,0.5161,HTTPS,gateway
2025-01-02T03:19:00,63.021,21.244,2.355,6.94,2.0529,MQTT,env_sensor
2025-01-01T10:57:00,36.477,35.269,3.178,4.261,1.1115,MQTT,env_sensor
2025-01-02T11:11:00,845.579,11.173,14.875,51.443,0.9306,HTTPS,gateway
2025-01-02T10:15:00,117.516,16.297,3.346,12.962,0.6607,MQTT,actuator
2025-01-01T20:07:00,1529.498,29.89,2.675,199.932,0.9659,HTTPS,camera
2025-01-01T08:43:00,93.064,46.204,3.965,0.05,2.6743,MQTT,env_sensor
2025-01-01T08:52:00,86.736,16.433,3.575,5.427,2.748,MQTT,env_sensor
2025-01-01T15:05:00,120.728,18.619,8.574,6.317,0.3264,MQTT,actuator
2025-01-01T08:50:00,103.552,18.205,5.641,6.672,0.0,MQTT,env_sensor
2025-01-01T02:02:00,22.548,217.418,2.216,0.545,6.6464,LoRaWAN,smart_meter
2025-01-01T04:33:00,31.752,157.797,0.856,0.094,4.2589,LoRaWAN,smart_meter
2025-01-01T20:10:00,125.753,20.394,5.183,11.654,0.9654,MQTT,actuator
2025-01-01T06:58:00,363.008,26.584,6.385,18.203,1.9269,CoAP,gateway
2025-01-01T01:30:00,108.882,20.726,5.556,8.714,1.6542,CoAP,actuator
2025-01-01T08:48:00,54.58,4.779,2.211,9.834,1.8758,MQTT,env_sensor
2025-01-02T17:14:00,816.007,11.93,4.882,76.547,0.0,HTTPS,gateway
2025-01-01T23:41:00,31.479,32.729,3.658,0.05,2.6951,MQTT,env_sensor
2025-01-01T05:36:00,22.871,24.298,1.645,4.887,2.0066,MQTT,env_sensor
2025-01-01T09:25:00,2117.747,34.763,4.456,220.613,1.1314,HTTPS,camera
2025-01-01T23:52:00,8.0,149.585,0.907,0.391,4.143,LoRaWAN,smart_meter
2025-01-02T16:56:00,20.888,253.569,3.807,0.12,2.9664,LoRaWAN,smart_meter
2025-01-02T10:39:00,360.855,53.931,3.868,100.439,0.2693,HTTPS,camera
2025-01-02T04:26:00,278.645,57.389,8.889,43.094,1.9508,CoAP,gateway
2025-01-02T07:43:00,1156.805,34.762,11.707,27.031,0.6761,HTTPS,gateway
2025-01-01T23:19:00,15.282,246.386,2.545,0.545,4.1312,LoRaWAN,smart_meter
2025-01-01T05:09:00,2457.626,76.813,3.21,55.27,0.435,HTTPS,camera
2025-01-02T07:24:00,421.772,52.315,0.1,219.982,0.0,HTTPS,camera
2025-01-01T02:13:00,16.281,248.311,0.399,0.05,4.5385,LoRaWAN,smart_meter
2025-01-02T01:05:00,87.209,21.954,3.992,9.616,0.9225,MQTT,actuator
2025-01-01T23:14:00,73.443,30.824,0.653,0.05,0.6801,MQTT,env_sensor
2025-01-02T17:22:00,109.11,39.009,2.8,4.187,1.0758,MQTT,env_sensor
2025-01-01T20:35:00,19.585,95.133,3.613,0.489,4.4786,MQTT,smart_meter
2025-01-01T04:32:00,159.974,50.975,11.398,75.212,0.0,HTTPS,gateway
2025-01-02T11:30:00,842.854,55.95,3.892,31.117,2.2782,CoAP,gateway
2025-01-01T13:59:00,29.743,188.292,1.359,0.094,3.6028,LoRaWAN,smart_meter
2025-01-02T05:11:00,1273.928,57.555,4.831,17.297,0.4645,HTTPS,gateway
2025-01-02T14:15:00,90.568,22.766,1.858,8.301,0.4289,MQTT,env_sensor
2025-01-01T06:00:00,120.486,18.743,3.375,12.475,0.0618,MQTT,actuator
2025-01-01T06:03:00,554.635,71.103,5.046,169.817,0.9164,HTTPS,camera
2025-01-02T01:47:00,77.239,3.287,3.083,5.123,0.6875,MQTT,actuator
2025-01-02T16:23:00,101.787,29.358,11.192,8.64,0.0,MQTT,actuator
2025-01-01T08:42:00,1105.26,19.741,8.192,135.131,0.2372,HTTPS,camera
2025-01-01T09:46:00,625.827,80.889,6.78,86.262,0.9374,HTTPS,gateway
2025-01-01T20:01:00,30.708,180.273,1.37,0.432,4.3289,LoRaWAN,smart_meter
2025-01-01T10:58:00,692.092,32.331,8.714,76.158,1.8493,CoAP,gateway
2025-01-01T10:59:00,83.276,8.78,4.193,0.814,0.1806,MQTT,env_sensor
2025-01-02T10:27:00,2212.946,56.016,7.497,129.693,0.0,HTTPS,camera
2025-01-02T13:37:00,678.891,22.969,1.273,0.697,0.0,HTTPS,camera
2025-01-02T00:58:00,26.771,130.819,2.843,0.446,0.9093,LoRaWAN,smart_meter
2025-01-01T16:50:00,84.774,15.118,0.1,0.584,0.2418,MQTT,env_sensor
2025-01-01T22:44:00,1037.392,41.563,10.945,37.202,0.6068,HTTPS,gateway
2025-01-02T15:05:00,114.288,21.956,7.428,1.995,0.0,MQTT,actuator
2025-01-01T02:29:00,2142.804,52.814,0.56,173.468,0.0,HTTPS,camera
2025-01-01T07:31:00,21.806,100.108,0.1,0.083,2.5859,LoRaWAN,smart_meter
2025-01-02T16:22:00,207.626,22.443,5.497,154.382,0.0,HTTPS,gateway
2025-01-02T08:14:00,50.246,31.686,4.181,0.05,0.7667,MQTT,env_sensor
2025-01-01T08:39:00,26.121,153.605,2.671,0.603,2.2602,LoRaWAN,smart_meter
2025-01-02T07:59:00,80.814,22.031,1.951,12.29,0.7953,MQTT,actuator
2025-01-01T04:07:00,17.356,235.846,2.78,0.859,4.4354,LoRaWAN,smart_meter
2025-01-01T11:43:00,37.893,36.582,4.829,8.433,1.318,MQTT,env_sensor
2025-01-02T13:40:00,841.387,22.228,7.68,22.693,1.9426,CoAP,gateway
2025-01-02T05:35:00,1819.581,99.97,1.823,125.247,0.3236,HTTPS,camera
2025-01-02T10:35:00,49.412,49.654,2.889,5.72,1.0771,MQTT,env_sensor
2025-01-01T03:29:00,72.257,37.12,1.241,0.908,2.1142,MQTT,env_sensor
2025-01-01T00:46:00,45.468,214.144,0.621,0.217,6.2254,LoRaWAN,smart_meter
2025-01-01T05:39:00,702.057,59.648,5.658,92.885,1.9635,CoAP,gateway
2025-01-01T08:19:00,39.781,90.444,3.328,0.375,3.1664,LoRaWAN,smart_meter
2025-01-01T16:52:00,80.39,12.994,8.692,5.956,1.3236,CoAP,actuator
2025-01-02T03:25:00,117.481,15.565,8.985,11.341,1.479,MQTT,actuator
2025-01-01T03:32:00,960.439,63.074,4.241,163.005,0.8804,HTTPS,camera
2025-01-01T16:05:00,1421.721,30.269,0.888,197.345,0.4256,HTTPS,camera
2025-01-02T07:09:00,24.467,60.858,3.662,0.457,3.5862,MQTT,smart_meter
2025-01-02T11:37:00,77.303,33.107,3.337,8.993,1.65,MQTT,env_sensor
2025-01-02T14:47:00,42.385,27.048,5.488,4.592,1.4209,MQTT,env_sensor
2025-01-02T14:34:00,93.227,20.23,6.146,16.168,1.8547,MQTT,actuator
2025-01-02T03:44:00,1909.386,48.9,4.277,142.809,1.0867,HTTPS,camera
2025-01-02T04:50:00,339.163,26.899,11.633,33.783,0.9592,CoAP,gateway
2025-01-01T03:03:00,648.909,46.645,4.078,123.857,0.9555,HTTPS,camera
2025-01-01T01:43:00,25.146,168.52,3.162,0.465,1.3259,LoRaWAN,smart_meter
2025-01-01T02:44:00,72.548,36.477,0.1,1.072,2.3609,MQTT,env_sensor
2025-01-01T07:44:00,95.521,18.781,2.135,10.909,0.8657,MQTT,actuator
2025-01-01T04:42:00,95.205,37.767,6.352,3.82,2.9698,CoAP,env_sensor
2025-01-02T00:38:00,125.48,9.674,9.03,5.308,0.7175,MQTT,actuator
2025-01-02T10:56:00,120.806,25.353,3.696,6.246,0.9573,MQTT,env_sensor
2025-01-02T06:35:00,1344.543,39.783,3.674,53.817,2.1745,HTTPS,gateway
2025-01-02T14:52:00,486.234,40.876,5.956,12.194,0.0,CoAP,gateway
2025-01-01T13:25:00,64.752,15.106,5.411,11.364,1.0046,MQTT,actuator
2025-01-01T22:39:00,1885.194,77.735,1.872,162.23,0.4315,HTTPS,camera
2025-01-01T07:40:00,145.193,27.365,8.897,8.208,0.5031,MQTT,actuator
2025-01-01T02:23:00,158.673,9.829,0.76,5.683,1.2094,MQTT,actuator
2025-01-01T06:44:00,552.95,71.638,5.076,112.968,0.0,HTTPS,camera
2025-01-01T05:23:00,1531.06,16.79,0.1,5.948,1.4426,MQTT,gateway
2025-01-01T07:08:00,67.841,28.432,5.169,16.38,0.0,MQTT,actuator
2025-01-01T03:59:00,1010.604,47.927,14.953,96.6,1.3114,CoAP,gateway
2025-01-02T00:32:00,138.381,22.3,6.817,7.928,0.8048,MQTT,actuator
2025-01-01T14:39:00,22.349,120.276,2.89,0.05,4.3141,LoRaWAN,smart_meter
2025-01-02T01:40:00,222.184,14.865,10.736,114.516,2.0886,MQTT,gateway
2025-01-01T06:13:00,84.412,38.687,0.1,0.238,2.2295,MQTT,env_sensor
2025-01-02T01:03:00,1817.206,22.786,1.868,207.767,0.0,HTTPS,camera
2025-01-02T09:53:00,42.48,295.428,4.123,0.312,3.7263,LoRaWAN,smart_meter
2025-01-01T03:06:00,64.14,9.054,3.501,3.466,2.1958,MQTT,env_sensor
2025-01-02T01:07:00,2716.977,86.522,0.1,47.164,0.0,HTTPS,camera
2025-01-01T00:49:00,1292.875,61.091,5.446,132.048,0.374,HTTPS,camera
2025-01-01T22:04:00,66.293,1.0,4.795,6.304,1.94,MQTT,env_sensor
2025-01-02T16:39:00,90.349,26.425,2.096,6.368,0.0,MQTT,actuator
2025-01-02T13:07:00,113.458,18.886,12.605,10.732,0.064,CoAP,actuator
2025-01-01T00:46:00,1003.169,80.21,3.673,121.237,0.375,HTTPS,gateway
2025-01-01T18:43:00,175.274,18.052,6.363,7.138,0.543,MQTT,actuator
2025-01-02T06:47:00,58.644,40.336,3.001,0.05,1.9514,MQTT,env_sensor
2025-01-01T03:06:00,1859.3,84.798,4.803,127.423,0.2789,HTTPS,camera
2025-01-01T19:40:00,731.752,70.401,1.426,55.853,0.0,HTTPS,gateway
2025-01-02T06:52:00,17.444,208.942,1.124,0.505,5.1639,LoRaWAN,smart_meter
2025-01-01T07:21:00,190.459,15.026,4.133,8.179,1.642,MQTT,actuator
2025-01-02T10:00:00,89.081,20.364,0.1,0.274,0.4792,MQTT,actuator
2025-01-02T11:08:00,51.407,23.812,3.44,0.05,2.0872,MQTT,env_sensor
2025-01-01T10:37:00,35.985,183.674,2.625,0.29,2.6725,LoRaWAN,smart_meter
2025-01-01T22:37:00,36.658,160.838,2.639,0.634,5.3936,LoRaWAN,smart_meter
2025-01-01T11:36:00,1327.68,77.033,3.026,141.137,0.8113,HTTPS,camera
2025-01-02T09:52:00,1677.055,32.224,3.735,132.744,0.2373,HTTPS,camera
2025-01-01T09:26:00,147.571,23.05,6.992,13.028,1.2004,MQTT,actuator
2025-01-01T03:39:00,755.523,64.422,7.902,84.374,2.4121,CoAP,gateway
2025-01-01T18:38:00,18.049,186.622,4.218,0.05,6.3311,LoRaWAN,smart_meter
2025-01-01T13:53:00,95.494,20.477,8.76,9.921,1.1355,MQTT,actuator
2025-01-01T09:54:00,1738.387,115.367,5.434,194.083,0.3513,HTTPS,camera
2025-01-01T09:21:00,31.942,264.29,2.707,0.295,3.1115,LoRaWAN,smart_meter
2025-01-02T06:14:00,558.393,67.029,12.971,164.741,1.5127,CoAP,gateway
2025-01-02T04:19:00,101.481,4.757,2.005,9.466,1.0833,MQTT,actuator
2025-01-01T21:50:00,81.69,57.494,2.907,9.712,2.159,MQTT,env_sensor
2025-01-02T06:47:00,1154.224,94.174,10.805,130.205,0.0433,HTTPS,camera
2025-01-01T14:10:00,20.041,105.979,5.548,0.272,1.3024,LoRaWAN,smart_meter
2025-01-01T09:08:00,118.244,4.773,6.595,10.328,1.0227,MQTT,actuator
2025-01-01T19:01:00,1335.136,23.324,7.877,0.05,1.677,MQTT,gateway
2025-01-02T01:03:00,72.73,8.738,7.666,8.73,0.9829,MQTT,actuator
2025-01-01T08:39:00,72.66,34.178,3.906,0.05,0.0821,MQTT,env_sensor
2025-01-02T15:03:00,58.712,9.085,3.582,3.927,0.9975,MQTT,actuator
2025-01-02T02:53:00,1624.804,78.761,4.581,105.719,0.8651,HTTPS,camera
2025-01-01T17:24:00,373.554,32.192,3.671,72.487,1.3517,HTTPS,gateway
2025-01-01T05:46:00,805.321,51.523,6.828,21.227,1.3709,CoAP,gateway
2025-01-02T11:33:00,169.232,27.344,7.683,2.466,1.021,CoAP,actuator
2025-01-01T22:21:00,124.582,20.182,2.071,2.257,2.9566,MQTT,env_sensor
2025-01-01T18:46:00,26.829,251.459,3.612,0.625,4.3062,LoRaWAN,smart_meter
2025-01-02T03:43:00,829.03,60.32,12.732,111.556,1.0804,CoAP,gateway
2025-01-01T03:49:00,68.545,12.134,5.248,13.989,0.0821,MQTT,actuator
2025-01-02T09:57:00,1020.783,72.757,0.791,167.104,1.3785,HTTPS,camera
2025-01-02T15:30:00,1915.879,94.766,5.756,101.376,0.0,HTTPS,camera
2025-01-02T04:56:00,1873.701,63.451,0.525,152.091,1.0504,HTTPS,camera
2025-01-02T04:22:00,1349.459,98.764,1.692,111.509,0.713,HTTPS,camera
2025-01-01T21:12:00,837.729,28.018,9.687,65.179,0.4543,HTTPS,gateway
2025-01-01T09:49:00,1331.199,63.639,8.053,109.826,1.0351,HTTPS,camera
2025-01-02T06:43:00,1717.809,58.58,3.918,81.428,1.7758,HTTPS,camera
2025-01-01T06:40:00,1800.023,65.522,3.115,199.716,0.4019,HTTPS,camera
2025-01-02T17:21:00,1822.208,54.06,9.177,86.115,1.0499,HTTPS,gateway
2025-01-02T00:51:00,77.454,6.506,8.841,7.112,0.4952,MQTT,actuator
2025-01-01T17:03:00,49.164,6.522,2.997,1.692,0.6995,MQTT,env_sensor
2025-01-01T12:56:00,17.135,264.587,1.467,0.445,5.1161,LoRaWAN,smart_meter
2025-01-01T21:37:00,26.54,200.51,2.054,0.136,0.0,LoRaWAN,smart_meter
2025-01-01T12:58:00,2391.155,68.406,3.587,115.184,0.6815,HTTPS,camera
2025-01-01T22:33:00,142.38,17.18,0.562,11.479,1.2607,MQTT,actuator
2025-01-01T13:48:00,1125.445,39.833,9.467,60.239,1.4065,HTTPS,gateway
2025-01-01T11:28:00,410.462,37.381,4.723,47.664,0.4149,HTTPS,gateway
2025-01-01T09:32:00,2035.045,60.421,2.129,51.019,0.5667,HTTPS,camera
2025-01-02T11:55:00,83.978,17.75,3.209,1.639,3.4387,MQTT,env_sensor
2025-01-01T11:54:00,966.513,75.516,7.88,64.14,0.2727,HTTPS,camera
2025-01-01T19:53:00,1381.175,49.06,2.429,31.449,0.0,HTTPS,camera
2025-01-01T06:35:00,970.485,56.681,5.958,147.514,1.5842,CoAP,gateway
2025-01-02T14:26:00,1518.642,63.489,14.018,57.825,0.0,HTTPS,gateway
2025-01-01T03:35:00,513.722,60.886,4.131,9.016,0.3606,HTTPS,camera
2025-01-01T21:07:00,1319.324,8.332,9.024,45.174,0.4462,HTTPS,gateway
2025-01-01T05:32:00,31.036,155.257,1.891,0.224,3.1822,LoRaWAN,smart_meter
2025-01-01T09:40:00,34.451,136.318,1.138,0.168,0.0,LoRaWAN,smart_meter
2025-01-01T21:48:00,1679.945,37.807,5.916,180.207,1.2069,HTTPS,camera
2025-01-02T04:17:00,109.944,35.727,1.627,3.077,0.9843,MQTT,env_sensor
2025-01-02T08:41:00,32.393,227.379,2.684,0.738,1.4405,LoRaWAN,smart_meter
2025-01-01T18:21:00,31.72,133.792,0.816,0.05,4.7794,LoRaWAN,smart_meter
2025-01-02T04:45:00,1294.754,21.181,17.343,57.979,1.7926,MQTT,gateway
2025-01-01T04:56:00,30.15,81.148,0.59,0.05,3.8845,MQTT,smart_meter
2025-01-02T15:12:00,1913.647,67.273,8.433,85.208,1.1248,HTTPS,gateway
2025-01-01T22:37:00,70.076,14.068,5.505,4.065,0.0,MQTT,actuator
2025-01-01T15:38:00,25.749,144.337,0.755,0.583,1.0958,LoRaWAN,smart_meter
2025-01-02T05:35:00,19.311,193.753,2.396,0.05,4.9065,LoRaWAN,smart_meter
2025-01-01T11:40:00,116.543,20.786,4.478,12.216,0.4702,MQTT,actuator
2025-01-01T04:02:00,33.225,243.429,3.982,0.425,2.943,LoRaWAN,smart_meter
2025-01-02T04:12:00,2235.575,54.771,0.1,198.861,0.0,HTTPS,camera
2025-01-02T06:51:00,39.787,34.862,2.529,1.289,2.125,MQTT,env_sensor
2025-01-01T13:02:00,172.445,32.219,3.608,10.474,1.4673,MQTT,actuator
2025-01-02T03:22:00,105.78,29.143,4.779,1.115,0.6538,MQTT,env_sensor
2025-01-02T17:06:00,799.554,106.961,2.188,167.382,0.4765,HTTPS,camera
2025-01-01T00:54:00,866.079,102.793,7.286,119.501,0.8474,HTTPS,camera
2025-01-02T12:01:00,324.012,48.442,3.789,0.05,1.0446,CoAP,gateway
2025-01-01T08:22:00,54.089,27.124,4.571,7.311,0.0,MQTT,actuator
2025-01-01T09:19:00,83.337,14.036,3.124,7.093,1.0453,MQTT,actuator
2025-01-01T01:38:00,19.495,121.527,4.589,0.523,0.1269,LoRaWAN,smart_meter
2025-01-01T10:13:00,1957.063,88.798,3.697,149.48,0.479,HTTPS,camera
2025-01-02T11:09:00,1254.962,63.861,9.669,99.211,0.0,HTTPS,gateway
2025-01-02T10:19:00,57.515,1.0,4.259,2.395,0.5736,MQTT,actuator
2025-01-01T16:19:00,106.01,6.758,6.436,9.656,0.7285,MQTT,actuator
2025-01-01T01:47:00,81.013,29.414,1.528,6.809,1.6882,MQTT,env_sensor
2025-01-01T20:15:00,173.444,23.584,5.943,0.815,2.1531,MQTT,actuator
2025-01-02T09:45:00,80.866,26.21,0.374,7.42,2.3797,MQTT,env_sensor
2025-01-02T15:43:00,746.832,58.681,4.082,54.776,1.7447,CoAP,gateway
2025-01-02T01:43:00,1245.399,31.985,3.834,105.683,1.5844,HTTPS,gateway
2025-01-01T15:01:00,100.078,25.557,8.15,12.984,0.1896,CoAP,actuator
2025-01-02T13:54:00,571.621,85.694,3.768,50.893,1.939,HTTPS,gateway
2025-01-01T18:14:00,1520.351,103.61,2.745,144.168,1.4993,HTTPS,camera
2025-01-01T05:14:00,1827.381,24.987,4.753,132.15,0.3212,HTTPS,camera
2025-01-01T11:49:00,1414.32,43.703,9.547,81.891,0.3523,HTTPS,gateway
2025-01-01T23:55:00,1871.571,86.433,4.598,97.7,0.1502,HTTPS,camera
2025-01-01T02:05:00,125.261,20.855,3.784,5.049,0.7482,MQTT,actuator
2025-01-02T13:04:00,1174.468,69.671,6.19,0.05,0.2503,HTTPS,gateway
2025-01-01T00:56:00,1531.088,51.497,4.741,118.905,0.1781,HTTPS,camera
2025-01-01T19:51:00,103.157,8.857,4.964,7.97,0.4531,MQTT,actuator
2025-01-01T23:16:00,58.054,49.043,3.499,5.879,1.1259,MQTT,env_sensor
2025-01-01T22:32:00,30.587,177.589,2.316,0.05,4.7788,LoRaWAN,smart_meter
2025-01-01T01:59:00,771.116,41.551,4.261,0.05,0.8885,HTTPS,camera
2025-01-01T12:39:00,1474.083,67.882,7.511,165.089,0.4744,HTTPS,camera
2025-01-01T15:40:00,449.304,10.268,4.56,51.487,0.7115,HTTPS,gateway
2025-01-02T00:01:00,2311.959,57.744,7.534,124.612,0.3754,HTTPS,camera
2025-01-02T11:54:00,31.663,36.277,1.762,4.453,2.0749,MQTT,env_sensor
2025-01-02T16:43:00,1735.699,41.628,5.314,69.873,1.955,HTTPS,gateway
2025-01-02T01:53:00,51.502,10.954,6.908,10.523,0.0,MQTT,actuator
2025-01-01T17:09:00,20.246,180.262,2.246,0.202,4.5829,LoRaWAN,smart_meter
2025-01-01T18:07:00,1340.485,50.344,8.85,105.547,0.764,HTTPS,gateway
2025-01-02T12:16:00,1314.213,79.519,2.019,126.606,0.8328,HTTPS,camera
2025-01-02T14:32:00,2193.581,26.388,0.1,86.759,1.3437,HTTPS,camera
2025-01-02T10:50:00,15.267,289.635,2.252,0.515,3.9537,LoRaWAN,smart_meter
2025-01-02T12:07:00,1214.827,58.672,4.595,84.396,0.3545,HTTPS,camera
2025-01-01T13:19:00,25.417,106.465,3.093,0.758,3.9668,LoRaWAN,smart_meter
2025-01-01T03:09:00,97.59,1.0,2.247,5.16,2.9463,MQTT,env_sensor
2025-01-01T14:58:00,39.159,272.89,3.567,0.318,1.7273,LoRaWAN,smart_meter
2025-01-01T11:10:00,119.415,30.518,3.913,0.648,1.7758,MQTT,env_sensor
2025-01-02T08:10:00,29.916,114.785,2.748,0.05,2.4843,LoRaWAN,smart_meter
2025-01-02T08:23:00,111.484,18.583,5.616,4.454,1.6187,MQTT,actuator
2025-01-01T02:36:00,1739.547,50.998,5.743,256.599,0.0,HTTPS,camera
2025-01-01T08:32:00,8.0,40.671,1.759,126.933,0.4627,HTTPS,camera
2025-01-02T01:19:00,722.082,63.495,2.367,77.736,1.6839,CoAP,gateway
2025-01-02T06:18:00,20.637,118.359,1.897,0.451,2.3844,LoRaWAN,smart_meter
2025-01-01T03:38:00,1108.263,27.277,8.999,60.333,1.3893,HTTPS,gateway
2025-01-01T16:54:00,80.727,29.32,2.775,2.076,3.2882,MQTT,env_sensor
2025-01-02T11:28:00,85.004,32.187,1.737,3.968,1.9826,CoAP,env_sensor
2025-01-02T13:29:00,1192.693,55.305,7.679,23.982,0.5277,HTTPS,gateway
2025-01-01T09:15:00,21.991,182.612,3.507,0.641,2.0465,LoRaWAN,smart_meter
2025-01-02T03:50:00,24.319,38.095,2.643,5.589,0.0,HTTPS,env_sensor
2025-01-02T14:37:00,151.24,20.723,2.604,4.731,0.8005,MQTT,actuator
2025-01-01T07:49:00,549.711,130.218,3.028,109.818,0.7828,HTTPS,camera
2025-01-01T21:24:00,8.0,66.635,0.1,36.041,0.0,HTTPS,camera
2025-01-02T14:11:00,1568.094,21.494,14.571,62.317,1.0576,HTTPS,gateway
2025-01-02T13:06:00,34.278,28.11,0.934,0.05,2.7016,MQTT,env_sensor
2025-01-02T04:12:00,112.036,18.174,7.687,12.286,0.0,MQTT,actuator
2025-01-02T05:07:00,115.075,20.553,1.849,6.99,1.299,MQTT,actuator
2025-01-01T16:03:00,2221.379,16.147,0.1,155.625,0.7548,HTTPS,camera
2025-01-01T00:19:00,151.835,8.022,6.887,14.549,0.7481,MQTT,actuator
2025-01-01T15:48:00,88.824,46.867,3.017,5.16,0.5873,MQTT,env_sensor
2025-01-01T00:35:00,64.993,10.421,0.1,2.816,1.0707,MQTT,env_sensor
2025-01-02T13:10:00,61.414,18.008,0.89,4.584,1.7112,MQTT,env_sensor
2025-01-02T15:24:00,18.012,112.45,1.186,0.12,0.0,LoRaWAN,smart_meter
2025-01-01T06:48:00,1501.096,93.095,3.778,298.858,1.1073,HTTPS,camera
2025-01-01T15:11:00,54.411,32.275,7.61,1.173,2.2625,CoAP,env_sensor
2025-01-01T05:56:00,76.919,14.046,6.149,6.383,0.0792,MQTT,actuator
2025-01-02T07:43:00,107.455,4.253,6.278,7.209,1.008,MQTT,actuator
2025-01-01T18:49:00,1029.321,35.363,12.888,59.297,1.95,HTTPS,gateway
2025-01-01T10:41:00,29.592,282.058,2.949,0.05,4.7145,LoRaWAN,smart_meter
2025-01-01T20:33:00,189.227,26.114,10.087,95.456,1.5002,MQTT,gateway
2025-01-02T00:35:00,8.0,44.117,3.064,43.361,0.5776,HTTPS,gateway
2025-01-01T06:26:00,970.703,31.871,0.1,57.754,0.8031,HTTPS,gateway
2025-01-02T01:56:00,114.127,15.04,2.163,6.198,0.1855,MQTT,actuator
2025-01-02T12:16:00,30.262,140.683,2.078,0.487,5.5088,LoRaWAN,smart_meter
2025-01-01T09:09:00,1407.32,31.182,3.472,96.834,0.0,HTTPS,gateway
2025-01-01T07:54:00,130.502,11.809,7.179,10.445,1.0652,MQTT,actuator
2025-01-02T01:39:00,1802.133,52.448,5.047,36.437,0.3375,HTTPS,camera
2025-01-02T08:11:00,74.664,8.757,0.1,11.557,0.4346,MQTT,actuator
2025-01-01T15:12:00,65.443,42.264,3.946,4.426,0.4654,MQTT,env_sensor
2025-01-02T17:34:00,911.695,33.08,4.338,72.171,0.5917,HTTPS,gateway
2025-01-01T21:23:00,21.186,234.58,0.414,1.186,0.766,HTTPS,smart_meter
2025-01-02T11:16:00,273.6,50.538,2.309,11.668,1.5996,CoAP,gateway
2025-01-01T10:46:00,98.131,24.343,6.537,11.354,1.7772,MQTT,actuator
2025-01-02T02:18:00,15.172,221.841,3.226,0.308,4.1917,LoRaWAN,smart_meter
2025-01-02T02:10:00,156.472,37.227,5.586,229.825,0.0,MQTT,camera
2025-01-02T15:54:00,108.652,11.261,1.281,7.699,2.7292,MQTT,env_sensor
2025-01-01T09:25:00,8.0,74.138,7.488,9.531,2.1478,MQTT,gateway
2025-01-02T02:47:00,32.702,131.639,1.844,0.85,4.0969,LoRaWAN,smart_meter
2025-01-02T13:40:00,27.156,291.681,1.745,0.648,5.379,LoRaWAN,smart_meter
2025-01-01T12:29:00,21.574,157.662,0.952,0.502,2.4842,LoRaWAN,smart_meter
2025-01-02T04:08:00,81.562,16.224,1.799,2.706,0.1403,MQTT,env_sensor
2025-01-02T14:50:00,18.358,270.45,1.035,0.887,2.2313,LoRaWAN,smart_meter
2025-01-02T17:35:00,403.194,56.753,3.661,99.898,0.0,HTTPS,gateway
2025-01-02T07:50:00,829.385,58.453,5.487,46.702,0.7815,CoAP,gateway
2025-01-01T10:47:00,8.0,38.058,8.8,0.05,1.6111,CoAP,gateway
2025-01-02T07:53:00,106.271,5.814,7.86,12.887,1.2465,MQTT,actuator
2025-01-01T02:33:00,1787.038,21.084,15.985,26.952,2.3073,CoAP,gateway
2025-01-02T10:12:00,100.185,23.136,6.318,6.0,0.0,MQTT,actuator
2025-01-01T09:12:00,25.82,138.848,0.1,0.68,2.0481,LoRaWAN,smart_meter
2025-01-02T16:20:00,1771.55,71.308,0.985,233.022,1.134,HTTPS,camera
2025-01-01T21:01:00,513.691,63.668,5.144,15.838,0.138,CoAP,camera
2025-01-02T13:51:00,1016.05,51.17,4.306,135.375,0.3296,HTTPS,camera
2025-01-02T02:55:00,25.788,196.024,1.668,0.449,5.4459,LoRaWAN,smart_meter
2025-01-01T05:40:00,1345.861,54.814,3.725,126.243,1.1386,HTTPS,camera
2025-01-01T16:57:00,22.478,170.325,1.65,0.458,4.5495,LoRaWAN,smart_meter
2025-01-01T13:07:00,26.986,189.773,3.098,0.996,2.8415,LoRaWAN,smart_meter
2025-01-01T16:40:00,1017.156,49.927,3.947,137.253,0.9173,HTTPS,camera
2025-01-02T02:03:00,102.344,11.568,7.812,11.443,0.647,MQTT,actuator
2025-01-02T15:10:00,98.561,26.625,7.782,17.634,1.1477,MQTT,actuator
2025-01-01T06:21:00,2253.247,46.115,3.557,137.254,0.0862,HTTPS,camera
2025-01-01T22:30:00,42.379,37.754,6.754,2.755,0.034,MQTT,env_sensor
2025-01-01T18:09:00,19.222,173.086,2.331,0.27,0.2893,LoRaWAN,smart_meter
2025-01-02T08:19:00,29.88,24.682,4.861,4.071,0.4268,MQTT,env_sensor
2025-01-01T06:32:00,42.734,1.726,6.116,0.124,0.8256,MQTT,env_sensor
2025-01-01T09:41:00,8.0,40.338,5.47,7.079,2.3029,CoAP,env_sensor
2025-01-01T04:27:00,1599.438,56.457,2.967,72.948,0.0,HTTPS,camera
2025-01-01T11:33:00,1491.963,69.02,5.603,111.476,0.8673,HTTPS,camera
2025-01-01T21:56:00,1219.623,18.503,13.533,41.842,0.6383,HTTPS,gateway
2025-01-02T11:59:00,87.161,15.358,9.449,12.127,1.1453,MQTT,actuator
2025-01-01T17:21:00,156.252,14.474,8.478,12.365,1.0466,MQTT,actuator
2025-01-01T07:39:00,610.048,66.296,8.881,102.007,0.0666,HTTPS,gateway
2025-01-01T07:44:00,254.841,38.541,13.732,68.913,0.5632,HTTPS,gateway
2025-01-01T06:16:00,74.779,33.644,1.76,0.589,0.8066,MQTT,env_sensor
2025-01-01T10:52:00,854.424,32.811,7.454,58.905,1.9995,CoAP,gateway
2025-01-01T18:56:00,72.804,26.352,3.724,3.498,0.9926,MQTT,env_sensor
2025-01-01T03:46:00,113.158,1.0,6.334,11.079,0.626,MQTT,actuator
2025-01-01T04:05:00,33.602,206.048,3.932,0.751,7.9288,LoRaWAN,smart_meter
2025-01-01T05:33:00,1074.021,18.301,3.918,134.406,1.5277,HTTPS,gateway
2025-01-01T17:07:00,1122.489,17.667,0.1,16.31,0.656,HTTPS,gateway
2025-01-02T09:34:00,120.43,6.957,8.028,4.941,1.1445,MQTT,actuator
2025-01-02T17:07:00,135.738,22.701,2.998,4.426,0.7644,MQTT,actuator
2025-01-01T08:04:00,1466.072,69.126,0.1,85.07,1.0662,HTTPS,camera
2025-01-01T23:04:00,77.49,30.077,5.889,6.692,3.6043,CoAP,env_sensor
2025-01-01T01:19:00,828.24,35.718,14.104,57.962,0.5355,HTTPS,gateway
2025-01-01T03:15:00,1217.894,60.765,0.1,35.361,0.4587,HTTPS,gateway
2025-01-01T21:28:00,118.224,29.053,8.13,8.538,0.3041,MQTT,actuator
2025-01-02T04:58:00,30.267,182.224,0.705,0.328,0.5797,LoRaWAN,smart_meter
2025-01-02T08:04:00,149.725,13.498,0.1,11.682,1.1523,MQTT,actuator
2025-01-01T21:48:00,25.579,234.313,4.023,0.554,1.007,LoRaWAN,smart_meter
2025-01-02T08:20:00,2439.672,20.134,4.899,64.646,0.2108,HTTPS,camera
2025-01-02T14:00:00,1513.418,34.619,12.628,92.455,0.0,HTTPS,gateway
2025-01-01T15:50:00,1904.868,56.753,0.1,72.584,0.5602,HTTPS,camera
2025-01-01T01:54:00,2158.901,64.393,6.486,42.221,0.8838,HTTPS,camera
2025-01-01T07:42:00,20.117,28.839,3.241,0.44,4.4667,MQTT,smart_meter
2025-01-02T07:50:00,108.407,19.58,0.236,5.983,0.9128,MQTT,env_sensor
2025-01-01T04:58:00,34.434,121.819,2.469,0.637,5.4962,LoRaWAN,smart_meter
2025-01-01T01:58:00,35.567,87.445,2.238,0.378,3.4756,MQTT,smart_meter
2025-01-02T14:10:00,820.749,76.421,15.991,0.05,1.1708,CoAP,gateway
2025-01-01T15:43:00,217.21,66.281,2.216,150.492,0.0,HTTPS,gateway
2025-01-02T08:30:00,1401.802,55.665,14.129,74.268,2.7727,HTTPS,gateway
2025-01-01T20:23:00,764.183,77.928,5.415,114.572,0.8602,HTTPS,camera
2025-01-02T10:36:00,100.569,39.999,0.1,6.323,0.8396,MQTT,env_sensor
2025-01-01T00:28:00,68.352,23.402,6.108,7.327,1.2228,MQTT,env_sensor
2025-01-01T03:15:00,992.449,39.732,0.1,0.05,1.5547,CoAP,camera
2025-01-01T19:27:00,1544.502,24.148,10.94,184.174,1.1328,HTTPS,camera
2025-01-02T05:46:00,921.344,41.951,5.256,69.436,1.0786,CoAP,gateway
2025-01-02T03:06:00,41.415,26.043,0.183,8.091,1.1088,MQTT,env_sensor
2025-01-01T11:05:00,648.518,44.064,3.438,21.192,0.0,HTTPS,gateway
2025-01-01T13:59:00,1151.359,50.136,12.497,160.163,0.9653,HTTPS,gateway
2025-01-01T03:00:00,1254.791,31.979,4.545,181.972,0.0,HTTPS,camera
2025-01-01T14:34:00,578.606,54.282,1.739,115.081,1.0542,HTTPS,gateway
2025-01-01T13:13:00,91.842,23.242,0.347,8.568,0.2172,MQTT,actuator
2025-01-01T21:39:00,26.354,184.04,1.289,0.783,3.0283,LoRaWAN,smart_meter
2025-01-02T06:44:00,74.943,6.887,1.789,1.769,0.3108,MQTT,env_sensor
2025-01-01T07:59:00,869.779,50.105,2.252,65.97,0.6775,HTTPS,gateway
2025-01-01T03:07:00,26.367,200.484,0.1,0.109,2.6421,LoRaWAN,smart_meter
2025-01-01T12:53:00,24.594,138.366,0.709,0.556,2.9849,LoRaWAN,smart_meter
2025-01-02T10:18:00,88.499,23.087,3.434,9.652,0.0,MQTT,actuator
2025-01-01T13:57:00,1014.198,55.22,5.095,54.583,0.0,HTTPS,gateway
2025-01-01T21:03:00,129.085,27.972,2.087,9.422,1.7176,MQTT,env_sensor
2025-01-01T03:27:00,1680.034,69.265,0.1,172.335,1.4494,HTTPS,camera
2025-01-01T18:13:00,996.919,46.891,5.977,34.95,0.0,HTTPS,gateway
2025-01-02T05:25:00,23.534,274.693,2.445,0.291,3.9255,LoRaWAN,smart_meter
2025-01-02T06:50:00,21.081,22.624,3.594,9.149,0.0,MQTT,env_sensor
2025-01-02T06:12:00,479.138,49.827,11.927,41.81,1.5871,CoAP,gateway
2025-01-02T14:08:00,27.71,200.205,1.242,0.335,1.0063,LoRaWAN,smart_meter
2025-01-02T10:45:00,142.687,22.039,3.584,9.799,2.0631,MQTT,actuator
2025-01-01T21:50:00,1737.084,24.078,0.1,20.18,0.8815,HTTPS,gateway
2025-01-02T02:06:00,1999.437,55.786,5.036,157.232,0.0,HTTPS,camera
2025-01-01T08:50:00,39.221,268.379,0.1,0.279,3.6684,LoRaWAN,smart_meter
2025-01-01T18:40:00,937.164,53.686,17.695,82.43,0.0,HTTPS,gateway
2025-01-01T16:22:00,69.468,40.256,5.18,1.327,0.0,MQTT,env_sensor
2025-01-02T17:13:00,434.022,60.494,9.144,60.988,0.1108,HTTPS,gateway
2025-01-02T05:10:00,75.958,41.415,5.027,7.138,0.0,CoAP,env_sensor
2025-01-01T17:49:00,117.265,14.315,7.781,6.42,1.8799,MQTT,actuator
2025-01-02T11:06:00,86.704,23.943,2.99,3.988,1.2323,MQTT,env_sensor
2025-01-02T08:32:00,939.794,42.626,17.989,39.326,1.615,MQTT,gateway
2025-01-02T02:37:00,45.359,30.027,4.241,7.938,1.7404,MQTT,env_sensor
2025-01-01T09:43:00,1163.313,27.352,0.1,152.141,0.0,HTTPS,camera
2025-01-01T12:17:00,437.761,53.163,10.321,116.019,2.263,CoAP,gateway
2025-01-01T03:21:00,496.826,50.319,0.1,134.718,0.3752,HTTPS,gateway
2025-01-01T16:28:00,76.774,24.815,0.3,5.04,2.4616,MQTT,env_sensor
2025-01-02T02:23:00,2575.328,33.705,8.444,135.451,0.5954,HTTPS,camera
2025-01-02T03:51:00,313.898,25.999,15.769,94.041,0.0,HTTPS,gateway
2025-01-01T00:09:00,26.193,139.007,2.027,0.809,4.6488,LoRaWAN,smart_meter
2025-01-01T22:28:00,848.602,1.0,9.091,23.054,0.1923,CoAP,gateway
2025-01-02T06:20:00,113.892,5.892,8.403,7.826,0.0,MQTT,actuator
2025-01-01T21:37:00,447.578,62.105,5.258,0.05,1.5297,CoAP,gateway
2025-01-01T18:03:00,61.061,23.446,1.686,11.304,0.0376,MQTT,env_sensor
2025-01-01T12:49:00,117.726,61.825,0.63,205.024,0.4332,MQTT,camera
2025-01-02T15:00:00,72.591,12.75,2.36,6.01,2.0028,MQTT,env_sensor
2025-01-02T14:54:00,1949.036,49.317,6.478,45.785,0.124,HTTPS,camera
2025-01-01T17:43:00,23.385,160.438,0.975,0.701,1.4898,LoRaWAN,smart_meter
2025-01-01T10:25:00,84.893,17.214,3.643,10.006,0.4121,MQTT,actuator
2025-01-01T00:41:00,2628.334,56.825,10.115,11.585,0.4046,HTTPS,camera
2025-01-01T21:26:00,19.036,256.794,2.923,0.554,5.7155,LoRaWAN,smart_meter
2025-01-01T21:05:00,1340.77,47.53,12.134,146.155,1.0516,HTTPS,gateway
2025-01-01T16:26:00,517.754,14.265,0.1,207.817,0.6628,HTTPS,camera
2025-01-01T06:31:00,83.97,28.486,5.553,13.047,1.8866,MQTT,env_sensor
2025-01-01T21:04:00,2223.145,74.251,5.745,142.643,1.1224,CoAP,gateway
2025-01-01T20:58:00,104.782,36.674,2.215,3.981,1.8621,MQTT,env_sensor
2025-01-02T03:52:00,536.971,99.142,8.116,226.532,0.5687,HTTPS,camera
2025-01-01T13:34:00,93.238,17.196,7.225,6.227,0.551,MQTT,actuator
2025-01-01T17:35:00,28.141,153.925,0.358,0.05,4.4859,LoRaWAN,smart_meter
2025-01-02T06:03:00,142.127,22.895,6.301,6.622,1.1533,MQTT,actuator
2025-01-01T08:10:00,3434.707,76.682,3.423,112.663,0.4059,HTTPS,camera
2025-01-01T19:01:00,132.034,16.059,3.445,7.249,0.0,MQTT,actuator
2025-01-02T13:47:00,139.676,15.119,3.583,2.097,1.0811,MQTT,actuator
2025-01-01T21:11:00,190.519,16.272,6.087,6.2,0.4765,MQTT,actuator
2025-01-02T13:40:00,70.511,15.275,7.927,4.589,1.7322,MQTT,actuator
2025-01-02T02:54:00,1363.464,29.011,0.1,95.448,2.3737,HTTPS,gateway
2025-01-01T17:43:00,1492.733,49.749,7.592,25.075,0.0517,HTTPS,gateway
2025-01-01T13:42:00,113.311,22.364,7.306,1.309,0.637,MQTT,actuator
2025-01-01T07:34:00,37.78,141.942,4.111,0.532,0.3481,LoRaWAN,smart_meter
2025-01-01T04:29:00,1244.282,23.686,8.454,77.441,1.5196,HTTPS,gateway
2025-01-02T11:52:00,644.011,36.363,3.944,63.293,0.9167,HTTPS,gateway
2025-01-02T17:28:00,132.084,26.567,6.126,5.15,1.5555,MQTT,actuator
2025-01-01T10:04:00,1131.353,57.421,8.157,33.599,0.4303,HTTPS,gateway
2025-01-01T20:49:00,60.776,28.965,3.545,2.076,2.0137,MQTT,env_sensor
2025-01-02T10:54:00,755.079,51.51,6.97,111.271,0.2034,HTTPS,gateway
2025-01-02T12:45:00,1794.347,61.854,0.1,93.356,0.904,HTTPS,camera
2025-01-01T11:53:00,1804.571,67.731,0.1,212.303,0.5182,HTTPS,camera
2025-01-01T05:25:00,484.833,59.248,5.191,41.126,2.2379,CoAP,gateway
2025-01-02T09:55:00,698.062,43.136,7.204,42.86,2.0243,CoAP,gateway
2025-01-02T08:17:00,54.687,17.792,3.742,6.873,0.5751,MQTT,env_sensor
2025-01-01T09:06:00,64.705,9.773,2.546,4.772,0.0,MQTT,env_sensor
2025-01-01T23:51:00,137.512,27.104,6.827,0.05,1.8238,MQTT,env_sensor
2025-01-02T13:31:00,1054.92,32.333,5.421,47.929,0.7235,HTTPS,camera
2025-01-01T01:44:00,101.235,22.575,4.95,0.05,1.5512,MQTT,env_sensor
2025-01-02T03:25:00,25.473,117.376,1.344,0.378,1.8643,LoRaWAN,smart_meter
2025-01-02T12:07:00,18.848,176.504,0.1,1.23,4.0592,MQTT,smart_meter
2025-01-01T21:32:00,78.771,22.068,2.673,2.131,1.997,MQTT,actuator
2025-01-02T00:14:00,1624.856,92.07,0.922,44.221,0.6052,HTTPS,camera
2025-01-02T02:34:00,27.736,172.195,3.358,0.248,2.1379,LoRaWAN,smart_meter
2025-01-01T23:31:00,1359.379,37.373,8.64,88.945,0.6102,HTTPS,camera
2025-01-01T12:41:00,711.569,54.948,5.128,40.453,1.4165,CoAP,gateway
2025-01-02T09:44:00,1231.343,41.177,0.1,95.034,0.0,HTTPS,camera
2025-01-02T15:11:00,1780.874,51.298,3.666,82.33,0.3889,HTTPS,camera
2025-01-01T07:28:00,79.862,16.306,4.502,4.951,1.2511,MQTT,env_sensor
2025-01-01T10:13:00,87.363,14.481,6.925,14.358,0.3727,MQTT,actuator
2025-01-01T23:07:00,26.346,163.839,1.085,0.811,3.4725,LoRaWAN,smart_meter
2025-01-02T11:54:00,28.139,106.703,3.197,0.691,3.2667,LoRaWAN,smart_meter
2025-01-01T04:28:00,35.694,17.494,6.284,7.735,0.0,MQTT,env_sensor
2025-01-02T00:44:00,2930.691,35.775,1.386,164.346,1.094,HTTPS,camera
2025-01-02T05:23:00,1955.345,37.997,0.1,88.544,0.2548,HTTPS,camera
2025-01-02T08:03:00,62.144,16.186,3.399,5.174,0.0,MQTT,actuator
2025-01-02T03:01:00,63.429,27.116,4.871,3.376,2.029,MQTT,env_sensor
2025-01-01T04:37:00,35.686,250.308,1.763,0.203,4.5195,LoRaWAN,smart_meter
2025-01-01T05:39:00,51.991,12.536,2.882,3.907,0.888,MQTT,env_sensor
2025-01-01T05:14:00,1215.644,9.187,8.731,24.956,1.3882,MQTT,gateway
2025-01-01T22:53:00,27.144,197.138,2.238,0.383,1.2255,MQTT,smart_meter
2025-01-01T17:58:00,66.411,12.326,3.575,9.883,1.0099,MQTT,actuator
2025-01-02T10:37:00,109.358,12.914,8.222,3.225,1.7005,MQTT,actuator
2025-01-01T22:53:00,86.653,27.958,1.147,7.438,0.9245,MQTT,env_sensor
2025-01-01T08:29:00,88.187,18.67,3.992,4.65,0.0379,MQTT,env_sensor
2025-01-01T07:02:00,480.303,68.007,2.625,124.383,1.2596,CoAP,gateway
2025-01-02T01:00:00,1073.986,73.758,8.814,102.115,0.0,HTTPS,gateway
2025-01-02T14:01:00,149.236,18.715,4.851,7.223,0.427,MQTT,actuator
2025-01-01T07:20:00,48.028,32.726,5.574,5.849,1.1762,CoAP,env_sensor
2025-01-02T05:38:00,1104.13,19.004,7.723,18.534,2.3205,CoAP,gateway
2025-01-01T22:02:00,155.692,12.816,7.176,12.494,1.2707,MQTT,actuator
2025-01-01T10:39:00,26.503,202.441,1.241,0.382,3.1446,LoRaWAN,smart_meter
2025-01-02T01:16:00,26.852,218.616,3.325,0.05,4.7014,LoRaWAN,smart_meter
2025-01-01T11:35:00,2279.963,65.828,5.841,77.19,1.0341,HTTPS,camera
2025-01-01T23:41:00,33.441,186.442,0.15,0.05,3.1498,LoRaWAN,smart_meter
2025-01-01T07:47:00,1281.125,87.877,7.1,11.372,0.0,HTTPS,camera
2025-01-02T14:22:00,122.767,26.047,0.601,5.216,0.5171,MQTT,actuator
2025-01-02T09:06:00,469.948,50.544,7.376,87.632,1.1519,CoAP,gateway
2025-01-02T01:18:00,70.22,37.933,3.311,2.104,1.9122,MQTT,env_sensor
2025-01-01T20:20:00,29.957,96.656,5.814,0.413,1.2964,CoAP,smart_meter
2025-01-01T03:49:00,26.431,206.405,0.1,0.297,1.9161,LoRaWAN,smart_meter
2025-01-01T23:28:00,44.949,14.48,0.1,2.986,1.0939,MQTT,env_sensor
2025-01-02T11:17:00,50.378,6.454,0.472,7.715,0.0,MQTT,env_sensor
2025-01-01T08:59:00,51.232,30.368,3.429,7.422,1.5713,MQTT,env_sensor
2025-01-01T20:56:00,31.771,234.855,2.469,0.821,1.5013,LoRaWAN,smart_meter
2025-01-01T02:34:00,826.52,80.854,2.436,72.649,0.1817,HTTPS,camera
2025-01-02T09:57:00,699.854,71.178,7.894,84.508,0.7372,HTTPS,gateway
2025-01-01T18:02:00,2365.391,107.96,3.147,83.978,0.6601,HTTPS,camera
2025-01-02T12:19:00,18.719,222.598,1.056,0.081,3.0702,LoRaWAN,smart_meter
2025-01-02T07:46:00,18.081,99.458,2.499,0.588,3.692,MQTT,smart_meter
2025-01-01T02:45:00,43.098,21.275,2.193,9.236,0.5151,MQTT,actuator
2025-01-02T13:30:00,1770.047,1.243,2.463,138.129,0.9151,HTTPS,camera
2025-01-01T02:21:00,76.665,11.486,3.594,7.767,0.0,MQTT,env_sensor
2025-01-02T15:55:00,29.424,127.854,1.853,0.364,4.2795,LoRaWAN,smart_meter
2025-01-01T18:20:00,94.949,11.278,4.232,3.033,1.7026,MQTT,env_sensor
2025-01-01T21:24:00,94.871,30.994,1.798,1.545,1.0434,MQTT,env_sensor
2025-01-01T02:56:00,79.813,20.667,2.602,0.05,1.7782,MQTT,env_sensor
2025-01-01T03:26:00,23.882,152.675,2.259,0.166,6.3421,LoRaWAN,smart_meter
2025-01-01T06:44:00,96.654,11.637,6.28,6.992,0.5364,MQTT,actuator
2025-01-02T02:43:00,17.721,132.352,0.1,0.114,0.8498,LoRaWAN,smart_meter
2025-01-02T06:01:00,64.621,27.809,5.107,8.216,0.0,MQTT,env_sensor
2025-01-01T07:23:00,131.8,20.538,9.035,12.443,0.0,MQTT,actuator
2025-01-01T17:27:00,598.111,83.226,14.224,38.861,0.6757,HTTPS,gateway
2025-01-01T14:05:00,958.686,56.623,8.457,84.681,0.0,HTTPS,gateway
2025-01-02T03:13:00,72.357,28.681,3.36,9.121,3.3009,MQTT,env_sensor
2025-01-01T15:20:00,11.303,123.194,2.287,0.334,3.2652,MQTT,smart_meter
2025-01-02T08:26:00,61.565,24.975,3.875,8.454,0.2402,MQTT,actuator
2025-01-01T01:17:00,1351.938,95.484,5.086,127.899,0.1603,HTTPS,camera
2025-01-01T20:05:00,72.279,17.282,2.934,5.359,0.7465,MQTT,env_sensor
2025-01-01T01:45:00,95.295,13.526,2.691,11.427,0.6982,MQTT,actuator
2025-01-01T04:39:00,748.078,35.907,10.285,94.879,1.5112,CoAP,gateway
2025-01-01T10:43:00,150.521,13.247,2.614,10.167,1.9574,MQTT,actuator
2025-01-02T16:21:00,32.135,142.713,1.596,0.76,0.0,LoRaWAN,smart_meter
2025-01-02T08:38:00,706.143,35.407,8.023,52.138,0.6241,HTTPS,gateway
2025-01-02T09:12:00,8.369,20.13,4.121,5.267,1.9384,MQTT,env_sensor
2025-01-01T13:38:00,9.459,193.434,1.321,0.561,5.1875,LoRaWAN,smart_meter
2025-01-02T16:04:00,120.043,31.144,7.83,3.814,0.0,CoAP,actuator
2025-01-01T16:23:00,1667.672,41.859,1.207,210.716,1.8434,HTTPS,camera
2025-01-01T00:56:00,987.56,88.342,10.127,111.671,1.6788,CoAP,gateway
2025-01-01T02:52:00,109.617,11.908,0.1,3.55,1.6668,MQTT,actuator
2025-01-02T11:59:00,2045.013,56.658,9.21,99.926,1.0536,HTTPS,gateway
2025-01-02T09:04:00,18.085,105.871,1.335,0.507,3.5671,LoRaWAN,smart_meter
2025-01-02T06:52:00,715.255,47.021,2.081,130.914,1.5274,MQTT,gateway
2025-01-01T19:59:00,73.963,23.579,3.979,14.631,2.3257,MQTT,env_sensor
2025-01-01T13:56:00,19.164,162.233,0.378,0.371,2.9668,LoRaWAN,smart_meter
2025-01-02T05:44:00,73.231,17.419,3.106,2.649,2.528,MQTT,env_sensor
2025-01-01T00:25:00,137.725,10.594,1.022,11.122,0.4877,MQTT,actuator
2025-01-02T16:31:00,123.482,24.984,4.875,5.109,0.5419,MQTT,actuator
2025-01-02T10:25:00,141.152,6.031,10.091,16.332,0.7806,MQTT,actuator
2025-01-01T20:57:00,1703.711,34.686,21.483,102.822,1.8596,HTTPS,gateway
2025-01-02T13:03:00,2024.415,14.978,6.075,102.687,1.4659,HTTPS,gateway
2025-01-01T18:34:00,1174.863,65.355,5.035,110.199,0.094,HTTPS,camera
2025-01-01T06:20:00,1198.546,100.859,3.338,84.353,0.5463,HTTPS,camera
2025-01-01T11:44:00,140.574,9.51,4.279,8.487,0.6301,MQTT,actuator
2025-01-02T11:31:00,1761.316,70.39,5.379,163.371,0.6333,HTTPS,camera
2025-01-01T23:53:00,94.049,17.264,4.234,5.865,0.3488,MQTT,env_sensor
2025-01-01T18:21:00,104.225,1.205,5.225,3.349,1.397,MQTT,env_sensor
2025-01-01T22:49:00,1181.426,13.662,7.0,75.735,0.0,HTTPS,gateway
2025-01-01T23:02:00,64.003,27.871,2.467,5.107,0.7056,MQTT,env_sensor
2025-01-01T12:02:00,120.815,24.783,10.713,15.044,1.7967,MQTT,actuator
2025-01-01T19:18:00,22.57,158.385,2.141,0.868,2.518,MQTT,smart_meter
2025-01-02T04:46:00,139.003,32.101,5.255,9.963,0.651,CoAP,actuator
2025-01-01T11:19:00,8.0,39.119,4.385,173.254,1.0278,MQTT,camera
2025-01-02T00:50:00,98.324,16.721,2.239,4.611,1.4096,MQTT,env_sensor
2025-01-01T05:16:00,698.933,39.515,2.499,82.929,0.8011,HTTPS,gateway
2025-01-01T16:55:00,50.797,18.264,4.276,3.787,0.2299,MQTT,env_sensor
2025-01-02T05:29:00,83.116,46.296,3.876,9.673,2.1872,MQTT,env_sensor
2025-01-02T01:33:00,19.524,247.728,3.486,0.769,1.9911,LoRaWAN,smart_meter
2025-01-01T22:34:00,72.131,16.635,5.028,9.278,0.0,MQTT,actuator
2025-01-02T03:12:00,1247.121,37.877,11.767,84.264,0.148,HTTPS,gateway
2025-01-02T03:33:00,21.618,89.189,1.45,0.5,4.4129,LoRaWAN,smart_meter
2025-01-01T00:13:00,1578.681,48.131,5.603,90.989,0.9778,HTTPS,camera
2025-01-01T05:08:00,888.5,44.743,6.84,79.895,0.7605,HTTPS,gateway
2025-01-02T02:57:00,119.004,32.076,5.285,5.267,0.7154,CoAP,actuator
2025-01-02T12:16:00,51.951,23.82,2.248,5.598,1.816,MQTT,env_sensor
2025-01-01T13:20:00,35.852,164.858,0.873,0.478,2.2069,LoRaWAN,smart_meter
2025-01-02T14:58:00,1653.431,86.896,2.596,82.189,0.6736,HTTPS,camera
2025-01-01T03:22:00,93.948,31.195,4.178,0.869,1.674,MQTT,env_sensor
2025-01-01T17:38:00,125.016,22.29,10.433,0.796,0.0,MQTT,actuator
2025-01-01T11:29:00,2576.509,40.574,4.967,179.387,0.0903,HTTPS,camera
2025-01-02T11:59:00,105.822,42.842,3.14,0.763,2.3426,MQTT,env_sensor
2025-01-01T14:45:00,12.434,249.032,2.309,0.551,3.1336,LoRaWAN,smart_meter
2025-01-01T14:15:00,22.491,34.314,2.043,0.408,1.9879,MQTT,smart_meter
2025-01-01T04:38:00,20.41,31.309,3.593,7.458,0.0,HTTPS,env_sensor
2025-01-02T04:26:00,25.793,281.363,0.1,0.557,3.8823,LoRaWAN,smart_meter
2025-01-01T17:34:00,71.576,29.866,8.087,10.924,0.7344,MQTT,actuator
2025-01-02T02:17:00,1013.264,2.027,4.549,85.89,0.8508,HTTPS,gateway
2025-01-01T01:25:00,40.828,25.811,2.676,2.458,0.8333,MQTT,env_sensor
2025-01-01T21:54:00,1151.183,56.277,9.953,156.378,0.5871,HTTPS,gateway
2025-01-02T03:53:00,2024.783,9.269,7.502,77.882,0.314,HTTPS,camera
2025-01-02T01:34:00,1122.906,24.79,1.834,79.618,0.127,HTTPS,camera
2025-01-02T14:50:00,891.877,38.493,10.915,42.208,0.0,CoAP,gateway
2025-01-01T06:38:00,29.598,223.575,0.1,0.455,4.0993,LoRaWAN,smart_meter
2025-01-02T02:40:00,63.85,30.444,4.857,3.151,0.3018,MQTT,env_sensor
2025-01-02T09:07:00,91.168,16.684,5.774,9.435,2.1304,CoAP,env_sensor
2025-01-02T06:18:00,1478.664,28.186,2.222,76.663,1.6723,HTTPS,gateway
2025-01-02T14:24:00,124.945,8.885,9.069,8.787,0.3865,MQTT,actuator
2025-01-02T14:30:00,121.611,24.43,9.334,10.933,1.5807,MQTT,actuator
2025-01-02T12:19:00,498.053,32.579,7.328,46.922,0.7389,CoAP,gateway
2025-01-01T15:44:00,1308.321,50.11,13.234,3.899,0.0,HTTPS,gateway
2025-01-01T02:58:00,894.153,45.385,3.703,116.388,1.399,HTTPS,gateway
2025-01-02T09:41:00,42.922,206.139,4.28,0.983,3.5345,LoRaWAN,smart_meter
2025-01-01T01:52:00,104.977,17.276,5.114,4.314,1.0202,CoAP,actuator
2025-01-02T13:55:00,1987.937,56.963,6.139,135.684,0.9663,HTTPS,camera
2025-01-01T12:47:00,1000.175,63.316,7.279,26.069,1.4184,CoAP,gateway
2025-01-01T10:10:00,17.376,222.961,0.545,0.45,3.3725,LoRaWAN,smart_meter
2025-01-02T02:20:00,2069.041,43.967,8.65,251.403,0.0484,HTTPS,camera
2025-01-02T07:18:00,152.555,18.072,4.972,11.585,0.0,MQTT,actuator
2025-01-01T23:57:00,24.505,185.757,2.904,0.976,3.4748,LoRaWAN,smart_meter
2025-01-01T21:14:00,145.172,23.185,5.626,16.45,1.9339,MQTT,actuator
2025-01-01T14:48:00,108.891,13.198,6.351,9.819,0.0677,MQTT,actuator
2025-01-01T20:08:00,2121.83,77.009,10.121,0.05,0.9441,HTTPS,camera
2025-01-01T05:56:00,19.183,200.647,3.452,0.075,3.2471,LoRaWAN,smart_meter
2025-01-02T09:54:00,26.517,1.0,0.825,0.252,5.4753,LoRaWAN,smart_meter
2025-01-01T11:04:00,26.744,305.844,3.904,0.05,0.0,LoRaWAN,smart_meter
2025-01-01T04:06:00,66.955,43.701,2.911,9.171,1.2497,MQTT,env_sensor
2025-01-02T04:50:00,16.948,144.654,0.1,0.621,3.7857,LoRaWAN,smart_meter
2025-01-01T15:10:00,990.573,40.845,2.755,99.694,0.5588,HTTPS,camera
2025-01-02T00:28:00,3243.705,117.343,2.179,107.21,0.6066,HTTPS,camera
2025-01-01T17:00:00,71.579,24.962,2.316,2.923,1.6558,MQTT,env_sensor
2025-01-01T01:34:00,151.913,10.467,8.028,7.908,1.0354,MQTT,actuator
2025-01-02T01:34:00,761.524,44.954,3.964,53.077,0.0,HTTPS,gateway
2025-01-01T00:03:00,95.129,8.3,6.13,4.795,0.2729,MQTT,actuator
2025-01-02T04:49:00,42.08,14.755,0.683,0.529,0.0,LoRaWAN,smart_meter
2025-01-01T19:09:00,1843.995,87.886,2.21,47.441,0.8226,HTTPS,camera
2025-01-01T14:10:00,22.701,21.632,3.588,8.049,3.0048,MQTT,env_sensor
2025-01-01T20:06:00,943.992,56.763,1.239,149.605,0.5351,HTTPS,camera
2025-01-02T16:19:00,110.352,19.232,2.825,4.549,1.9273,MQTT,env_sensor
2025-01-01T20:13:00,1065.875,34.235,3.883,91.185,0.8957,HTTPS,camera
2025-01-01T06:56:00,136.58,19.955,0.1,8.989,0.6227,MQTT,actuator
2025-01-01T21:15:00,1009.361,34.122,8.439,111.21,0.0,HTTPS,camera
2025-01-02T14:28:00,27.216,155.282,0.588,0.486,3.4055,LoRaWAN,smart_meter
2025-01-02T13:42:00,1417.521,49.199,2.033,2.702,0.4649,HTTPS,camera
2025-01-02T02:55:00,82.85,17.368,4.447,8.185,0.7088,MQTT,actuator
2025-01-01T11:46:00,66.321,21.441,7.976,3.442,1.3247,MQTT,actuator
2025-01-02T15:58:00,92.99,7.893,5.207,6.049,1.4996,MQTT,actuator
2025-01-01T16:34:00,31.406,232.514,0.1,0.533,2.1958,LoRaWAN,smart_meter
2025-01-01T09:50:00,1950.811,61.932,0.215,82.357,1.1446,HTTPS,camera
2025-01-02T10:28:00,1079.743,44.361,15.751,70.496,1.307,HTTPS,gateway
2025-01-02T10:06:00,19.907,25.497,4.289,4.03,1.8884,MQTT,env_sensor
2025-01-01T05:13:00,952.214,36.265,8.859,42.51,1.2012,CoAP,gateway
2025-01-01T16:50:00,90.356,20.384,7.786,0.05,0.8347,MQTT,actuator
2025-01-01T02:30:00,653.992,34.228,14.85,70.528,0.3216,HTTPS,gateway
2025-01-01T09:17:00,8.0,37.537,0.238,42.792,0.9147,HTTPS,gateway
2025-01-01T22:27:00,1452.985,35.001,3.346,127.351,0.8486,HTTPS,camera
2025-01-01T13:02:00,785.079,22.174,14.126,5.076,1.3737,CoAP,gateway
2025-01-02T11:56:00,100.636,17.525,5.443,2.845,2.3965,MQTT,env_sensor
2025-01-01T21:27:00,597.752,25.632,4.716,66.213,0.3384,HTTPS,gateway
2025-01-02T12:08:00,39.453,152.413,3.163,0.201,5.9862,LoRaWAN,smart_meter
2025-01-02T15:34:00,635.396,114.74,6.67,245.134,0.5518,HTTPS,camera
2025-01-02T13:31:00,762.404,49.349,10.961,49.27,2.8771,CoAP,gateway
2025-01-01T19:39:00,74.433,16.342,1.764,2.474,1.3339,MQTT,env_sensor
2025-01-01T21:01:00,112.954,28.595,5.08,2.055,1.5948,MQTT,env_sensor
2025-01-02T15:58:00,48.527,26.454,0.833,10.836,2.3043,MQTT,env_sensor
2025-01-01T21:18:00,27.861,106.261,3.852,0.122,3.997,LoRaWAN,smart_meter
2025-01-01T00:11:00,1023.838,70.838,1.588,101.704,1.1024,CoAP,gateway
2025-01-01T03:18:00,118.978,19.232,4.994,6.667,1.3927,MQTT,actuator
2025-01-01T21:04:00,85.154,20.505,5.157,10.782,0.515,MQTT,actuator
2025-01-01T17:11:00,874.874,56.149,4.827,75.504,1.9448,HTTPS,gateway
2025-01-02T07:16:00,846.561,61.532,10.108,50.089,0.7655,HTTPS,gateway
2025-01-02T06:55:00,39.955,115.772,0.797,0.271,0.3386,LoRaWAN,smart_meter
2025-01-02T08:13:00,89.721,25.185,1.269,5.537,0.508,MQTT,env_sensor
2025-01-02T09:36:00,1538.452,75.741,4.186,117.088,0.7418,HTTPS,camera
2025-01-01T14:41:00,1041.408,73.676,7.613,50.336,1.115,HTTPS,gateway
2025-01-02T14:51:00,525.196,61.761,3.593,96.534,0.2776,HTTPS,gateway
2025-01-01T23:37:00,24.38,150.08,1.468,0.255,7.3244,LoRaWAN,smart_meter
2025-01-01T08:28:00,50.617,16.021,5.639,6.643,2.154,MQTT,env_sensor
2025-01-02T10:22:00,22.044,194.443,2.903,0.397,0.5223,LoRaWAN,smart_meter
2025-01-01T20:27:00,752.477,54.481,4.675,70.467,2.0101,HTTPS,gateway
2025-01-02T11:43:00,24.038,179.309,2.258,0.216,3.982,LoRaWAN,smart_meter
2025-01-01T02:37:00,1390.565,65.225,6.944,69.638,0.4144,HTTPS,gateway
2025-01-01T12:02:00,1411.198,35.737,7.942,0.05,0.2671,HTTPS,gateway
2025-01-02T10:40:00,98.281,22.061,5.333,4.188,0.9837,MQTT,actuator
2025-01-01T07:34:00,64.997,20.26,0.271,2.223,3.2278,MQTT,env_sensor
2025-01-01T04:49:00,22.79,90.155,1.829,0.32,0.5017,LoRaWAN,smart_meter
2025-01-02T17:19:00,125.946,9.046,7.78,10.155,2.0496,CoAP,actuator
2025-01-01T08:15:00,8.0,122.616,1.223,0.285,2.9456,LoRaWAN,smart_meter
2025-01-01T01:05:00,2302.312,47.674,4.125,169.761,0.7428,HTTPS,camera
2025-01-01T01:42:00,1213.238,71.437,6.609,129.188,0.6043,HTTPS,camera
2025-01-02T14:47:00,132.448,22.156,5.74,8.46,1.2733,MQTT,actuator
2025-01-01T13:33:00,83.834,16.922,12.366,5.997,1.6111,MQTT,actuator
2025-01-01T11:52:00,122.04,30.835,5.517,10.037,0.9919,MQTT,actuator
2025-01-01T16:11:00,757.43,116.341,2.454,103.902,0.3747,HTTPS,camera
2025-01-02T00:15:00,79.049,23.73,2.092,0.284,2.5771,MQTT,env_sensor
2025-01-01T00:03:00,92.446,40.855,2.592,2.002,0.6756,MQTT,env_sensor
2025-01-01T03:24:00,30.049,168.186,0.829,0.359,2.891,MQTT,smart_meter
2025-01-01T13:29:00,2703.549,55.858,5.05,112.931,1.4581,HTTPS,camera
2025-01-02T04:15:00,1497.606,42.766,6.734,133.118,0.7672,HTTPS,camera
2025-01-01T20:44:00,32.419,23.478,1.308,0.05,0.0,HTTPS,env_sensor
2025-01-01T02:55:00,13.767,80.165,1.409,0.668,4.5115,MQTT,smart_meter
2025-01-01T22:47:00,87.448,6.879,11.616,11.444,0.5518,CoAP,actuator
2025-01-01T06:26:00,796.692,36.087,0.896,91.295,0.6423,HTTPS,camera
2025-01-01T00:39:00,69.973,19.57,3.506,6.478,0.0,MQTT,env_sensor
2025-01-01T05:20:00,21.989,257.613,2.562,0.829,2.6967,LoRaWAN,smart_meter
2025-01-01T14:13:00,56.055,11.277,0.246,10.401,0.8691,MQTT,env_sensor
2025-01-02T05:06:00,26.663,138.921,2.724,0.325,1.3164,LoRaWAN,smart_meter
2025-01-02T16:24:00,30.858,164.812,0.924,0.255,4.7202,MQTT,smart_meter
2025-01-01T01:19:00,87.824,23.856,2.438,0.488,0.6389,MQTT,env_sensor
2025-01-01T15:47:00,811.388,30.318,2.572,63.132,0.0,HTTPS,gateway
2025-01-02T00:40:00,2783.917,72.021,5.374,220.857,0.6447,HTTPS,camera
2025-01-02T01:07:00,26.123,291.122,1.537,0.409,0.5268,LoRaWAN,smart_meter
2025-01-02T11:31:00,44.98,37.207,2.551,0.742,0.0,HTTPS,env_sensor
2025-01-01T20:54:00,23.054,228.289,0.1,0.108,3.2693,LoRaWAN,smart_meter
2025-01-02T03:41:00,86.022,12.187,3.595,6.753,0.0904,MQTT,actuator
2025-01-01T17:50:00,26.62,191.181,3.523,0.92,0.3835,LoRaWAN,smart_meter
2025-01-01T18:33:00,36.055,254.143,1.415,0.05,5.5085,LoRaWAN,smart_meter
2025-01-02T17:24:00,1486.231,38.326,8.609,43.025,2.5693,CoAP,gateway
2025-01-02T15:14:00,3054.733,45.016,0.1,128.784,0.0,HTTPS,camera
2025-01-01T08:44:00,8.0,41.387,5.996,111.684,0.3825,HTTPS,gateway
2025-01-01T13:32:00,1372.451,53.605,7.816,93.843,2.1015,HTTPS,gateway
2025-01-01T16:19:00,15.54,189.938,2.98,0.52,3.9035,LoRaWAN,smart_meter
2025-01-02T13:45:00,23.255,198.2,2.039,0.05,1.3721,LoRaWAN,smart_meter
2025-01-01T03:13:00,2738.388,44.259,3.639,204.453,0.7363,HTTPS,camera
2025-01-02T15:23:00,36.893,272.552,1.46,0.05,2.4345,LoRaWAN,smart_meter
2025-01-02T09:36:00,24.681,196.003,2.602,0.423,4.6076,LoRaWAN,smart_meter
2025-01-02T16:51:00,74.225,38.114,0.1,4.171,2.3132,MQTT,env_sensor
2025-01-02T11:17:00,1425.796,29.622,1.639,40.612,0.1037,HTTPS,camera
2025-01-01T19:20:00,1849.344,29.425,2.156,260.105,0.0228,HTTPS,camera
2025-01-01T09:24:00,10.158,21.713,5.209,5.646,2.4081,MQTT,env_sensor
2025-01-02T16:43:00,24.474,136.64,2.443,0.613,3.0541,LoRaWAN,smart_meter
2025-01-01T11:47:00,64.749,46.847,6.503,3.517,0.1819,MQTT,env_sensor
2025-01-01T04:21:00,377.056,49.118,8.036,106.156,1.3137,CoAP,gateway
2025-01-01T15:05:00,12.869,272.096,0.1,0.434,4.5809,LoRaWAN,smart_meter
2025-01-01T02:39:00,161.291,27.656,11.823,1.521,1.5682,CoAP,actuator
2025-01-02T06:11:00,95.113,24.598,1.783,3.57,1.3999,MQTT,env_sensor
2025-01-02T14:10:00,15.335,264.135,2.802,0.215,2.7805,LoRaWAN,smart_meter
2025-01-01T09:29:00,1121.215,31.542,6.039,12.338,1.4462,CoAP,gateway
2025-01-01T03:30:00,24.199,195.759,3.173,0.188,1.1313,LoRaWAN,smart_meter
2025-01-01T10:56:00,70.524,25.073,2.83,4.516,0.0,MQTT,env_sensor
2025-01-01T22:20:00,80.024,11.102,0.654,2.794,1.0864,MQTT,env_sensor
2025-01-02T05:11:00,52.559,42.193,5.222,1.334,2.3008,CoAP,env_sensor
2025-01-01T08:46:00,864.361,57.462,14.596,47.363,1.9188,CoAP,gateway
2025-01-01T04:40:00,110.503,1.0,10.751,3.895,0.5383,MQTT,actuator
2025-01-02T07:12:00,95.521,27.56,2.597,4.988,1.6167,MQTT,env_sensor
2025-01-02T13:10:00,98.522,22.954,6.675,9.118,0.0279,MQTT,actuator
2025-01-01T16:23:00,26.245,88.266,4.201,0.05,1.276,MQTT,smart_meter
2025-01-02T08:50:00,20.905,190.397,0.1,0.893,1.6318,LoRaWAN,smart_meter
2025-01-02T02:47:00,631.445,43.895,6.343,69.202,0.4476,HTTPS,gateway
2025-01-02T01:36:00,1102.05,51.615,13.073,87.231,2.0004,HTTPS,gateway
2025-01-02T03:17:00,75.67,33.188,2.338,10.498,1.1601,MQTT,actuator
2025-01-02T02:24:00,880.358,71.9,6.567,21.393,1.442,CoAP,camera
2025-01-01T09:02:00,37.864,21.457,2.969,1.271,2.0767,MQTT,env_sensor
2025-01-01T14:12:00,41.8,211.342,1.93,0.67,0.0,LoRaWAN,smart_meter
2025-01-01T13:36:00,93.073,19.488,5.801,12.366,0.033,MQTT,actuator
2025-01-01T20:27:00,1189.165,48.898,1.395,68.613,0.8688,HTTPS,camera
2025-01-02T05:02:00,386.765,44.308,6.479,87.324,0.3976,HTTPS,gateway
2025-01-01T07:55:00,115.693,7.64,4.208,0.134,1.1266,MQTT,env_sensor
2025-01-02T16:53:00,138.162,16.364,2.187,13.089,0.9411,MQTT,actuator
2025-01-02T13:27:00,45.823,33.209,1.539,5.594,0.0,HTTPS,env_sensor
2025-01-02T08:49:00,138.46,10.681,2.992,6.38,0.5136,MQTT,actuator
2025-01-02T11:58:00,55.652,16.169,7.678,2.555,0.0889,MQTT,actuator
2025-01-02T00:21:00,18.736,122.827,0.732,0.492,0.0,LoRaWAN,smart_meter
2025-01-01T03:16:00,16.325,307.116,1.047,0.647,1.5051,LoRaWAN,smart_meter
2025-01-01T23:36:00,117.595,30.057,5.375,10.492,1.1448,MQTT,actuator
2025-01-02T12:00:00,856.467,84.8,7.579,0.05,1.4987,CoAP,gateway
2025-01-02T15:50:00,21.258,237.333,2.191,0.359,0.7115,LoRaWAN,smart_meter
2025-01-01T21:17:00,86.576,5.24,5.502,8.201,1.6412,MQTT,actuator
2025-01-01T19:23:00,15.161,190.032,2.779,0.45,2.3215,LoRaWAN,smart_meter
2025-01-01T21:09:00,31.713,204.766,0.1,0.452,0.4651,LoRaWAN,smart_meter
2025-01-01T23:43:00,81.28,16.972,0.1,4.919,0.5759,MQTT,env_sensor
2025-01-01T13:06:00,144.979,9.469,7.911,7.535,0.2634,MQTT,actuator
2025-01-01T20:49:00,78.197,32.081,9.279,9.499,0.5361,MQTT,actuator
2025-01-01T22:39:00,33.425,135.813,0.1,0.506,7.0342,LoRaWAN,smart_meter
2025-01-02T04:10:00,117.132,22.251,7.055,12.645,1.1987,CoAP,actuator
2025-01-02T03:44:00,672.112,3.964,8.596,92.224,0.6241,HTTPS,gateway
2025-01-02T10:14:00,122.898,14.756,4.999,7.572,0.7405,MQTT,actuator
2025-01-02T03:49:00,74.311,7.654,7.493,11.452,0.0454,MQTT,actuator
2025-01-01T13:28:00,889.44,50.388,5.2,16.712,0.5141,CoAP,camera
2025-01-01T19:22:00,161.638,6.969,3.923,4.409,0.3774,MQTT,actuator
2025-01-02T15:44:00,31.184,218.628,2.921,0.613,1.2903,LoRaWAN,smart_meter
2025-01-01T08:51:00,924.059,52.531,5.621,45.323,0.434,CoAP,gateway
2025-01-01T16:27:00,45.283,141.109,1.435,0.189,2.4254,LoRaWAN,smart_meter
2025-01-02T10:45:00,1214.429,43.796,2.312,110.505,0.2442,HTTPS,camera
2025-01-02T10:48:00,847.313,26.389,2.68,22.2,0.7995,MQTT,gateway
2025-01-01T17:27:00,22.725,285.082,3.384,0.455,2.0055,LoRaWAN,smart_meter
2025-01-01T00:19:00,1773.371,103.958,4.235,110.736,0.5468,HTTPS,camera
2025-01-02T16:14:00,1596.067,44.445,0.1,82.442,1.038,HTTPS,camera
2025-01-01T00:06:00,91.818,7.121,7.1,9.516,1.2598,CoAP,actuator
2025-01-02T15:03:00,1275.593,68.718,0.1,92.166,0.7649,HTTPS,camera
2025-01-01T02:28:00,2374.707,61.047,7.142,143.487,0.5982,HTTPS,camera
2025-01-01T05:21:00,89.14,40.501,3.071,6.337,1.8852,MQTT,env_sensor
2025-01-01T03:09:00,32.458,160.511,1.707,0.333,0.2307,LoRaWAN,smart_meter
2025-01-01T08:00:00,157.605,14.26,0.377,4.47,0.464,MQTT,actuator
2025-01-01T14:38:00,44.308,31.549,0.301,1.166,3.8547,MQTT,env_sensor
2025-01-02T02:03:00,61.037,37.262,4.441,10.588,1.0762,MQTT,env_sensor
2025-01-01T11:24:00,26.894,218.117,1.823,0.74,0.0,LoRaWAN,smart_meter
2025-01-01T02:03:00,1413.226,51.316,0.1,80.794,0.5926,HTTPS,gateway
2025-01-01T10:19:00,1974.43,58.317,0.1,93.112,0.1485,HTTPS,camera
2025-01-01T18:59:00,107.654,13.185,2.808,6.122,0.0,MQTT,env_sensor
2025-01-01T20:33:00,26.383,180.156,3.445,0.522,0.0,LoRaWAN,smart_meter
2025-01-01T16:58:00,48.737,28.406,0.1,8.984,0.0,MQTT,env_sensor
2025-01-02T00:51:00,86.847,28.189,2.13,0.05,0.6436,MQTT,env_sensor
2025-01-02T15:07:00,80.892,30.054,2.304,5.002,0.8556,MQTT,env_sensor
2025-01-01T13:18:00,163.411,10.962,5.109,0.05,1.7762,MQTT,actuator
2025-01-02T11:30:00,33.932,21.225,4.447,6.714,1.5524,MQTT,env_sensor
2025-01-02T01:57:00,1653.902,84.134,3.766,0.05,0.6617,HTTPS,camera
2025-01-01T22:22:00,59.786,15.551,2.907,4.719,0.8226,MQTT,actuator
2025-01-01T19:26:00,1621.006,35.216,0.1,0.05,0.8769,HTTPS,gateway
2025-01-01T13:37:00,2051.045,19.631,8.002,182.492,1.0916,HTTPS,camera
2025-01-01T08:45:00,40.078,42.106,2.236,4.09,2.0759,MQTT,env_sensor
2025-01-01T15:25:00,93.114,26.102,8.244,8.813,1.6331,MQTT,actuator
2025-01-02T13:36:00,126.0,22.589,11.271,6.053,0.0,MQTT,actuator
2025-01-01T12:36:00,8.0,21.215,5.782,2.401,0.993,MQTT,env_sensor
2025-01-02T11:11:00,969.414,80.495,1.492,51.822,0.9043,HTTPS,camera
2025-01-01T16:20:00,115.652,11.748,1.56,7.963,2.1044,MQTT,env_sensor
2025-01-01T12:09:00,167.43,45.953,2.257,58.548,0.8079,HTTPS,gateway
2025-01-01T15:26:00,89.3,10.088,0.311,6.367,1.7439,MQTT,env_sensor
2025-01-01T18:26:00,125.642,16.429,0.773,7.605,0.4836,MQTT,actuator
2025-01-02T13:00:00,34.2,246.33,2.009,0.416,2.2979,LoRaWAN,smart_meter
2025-01-02T01:24:00,64.552,19.72,2.121,5.618,1.3364,MQTT,env_sensor
2025-01-02T14:19:00,1012.555,69.163,4.573,125.098,0.5927,HTTPS,camera
2025-01-01T05:16:00,126.006,22.158,10.405,5.757,0.4256,MQTT,actuator
2025-01-01T09:55:00,87.017,27.26,2.53,4.986,1.542,MQTT,actuator
2025-01-02T13:21:00,75.297,38.608,5.404,1.869,1.215,MQTT,env_sensor
2025-01-01T09:19:00,57.212,39.249,4.235,3.493,0.0,MQTT,env_sensor
2025-01-01T21:38:00,26.673,118.654,0.1,0.348,5.2284,LoRaWAN,smart_meter
2025-01-01T14:23:00,78.557,23.519,2.3,11.257,0.9029,MQTT,actuator
2025-01-02T05:03:00,12.986,173.132,3.414,0.768,3.2186,LoRaWAN,smart_meter
2025-01-02T00:52:00,49.687,36.304,5.407,0.05,0.2818,LoRaWAN,env_sensor
2025-01-01T11:23:00,44.055,27.353,4.427,0.05,0.0311,HTTPS,env_sensor
2025-01-02T08:26:00,83.929,14.705,6.603,7.001,0.1967,CoAP,env_sensor
2025-01-01T12:04:00,43.804,107.028,2.539,0.307,1.0129,LoRaWAN,smart_meter
2025-01-01T06:56:00,56.371,12.43,4.555,4.083,1.2692,MQTT,env_sensor
2025-01-01T08:08:00,22.058,184.084,1.69,0.395,3.0763,LoRaWAN,smart_meter
2025-01-01T20:40:00,29.698,256.223,3.142,0.436,4.2368,MQTT,smart_meter
2025-01-01T10:18:00,1794.867,37.836,7.459,19.087,0.8043,HTTPS,camera
2025-01-01T17:22:00,123.538,21.973,5.968,2.84,0.0,CoAP,actuator
2025-01-01T12:27:00,1072.215,56.415,6.824,201.887,0.6885,HTTPS,camera
2025-01-02T08:17:00,106.337,25.87,3.397,1.237,0.5296,MQTT,actuator
2025-01-02T00:52:00,114.609,21.166,0.431,9.78,1.1888,MQTT,actuator
2025-01-02T07:52:00,22.988,279.096,0.769,0.75,0.1694,LoRaWAN,smart_meter
2025-01-01T09:17:00,107.128,1.0,2.249,12.172,0.0,MQTT,actuator
2025-01-01T04:31:00,53.722,22.624,3.034,1.89,0.0,MQTT,actuator
2025-01-02T00:11:00,1977.691,25.187,6.979,122.631,1.3983,HTTPS,camera
2025-01-02T16:04:00,544.077,85.659,10.717,129.044,0.0,HTTPS,gateway
2025-01-01T10:21:00,26.547,222.898,2.952,0.523,0.0,LoRaWAN,smart_meter
2025-01-02T09:05:00,12.865,191.608,0.95,0.05,2.7797,LoRaWAN,smart_meter
2025-01-01T19:19:00,77.643,76.921,10.363,99.152,2.0399,MQTT,gateway
2025-01-01T09:33:00,96.301,26.448,9.468,8.118,0.1662,MQTT,actuator
2025-01-01T09:22:00,1457.28,62.689,1.688,57.826,1.1898,HTTPS,camera
2025-01-01T18:17:00,63.359,45.598,3.383,3.373,2.3501,MQTT,env_sensor
2025-01-01T10:49:00,1108.462,47.12,1.535,47.514,3.0009,MQTT,gateway
2025-01-02T15:06:00,1624.762,59.406,1.551,92.359,1.4095,HTTPS,camera
2025-01-01T21:34:00,23.639,174.283,2.992,0.42,4.0934,LoRaWAN,smart_meter
2025-01-02T05:01:00,33.905,251.285,4.309,0.63,5.3443,LoRaWAN,smart_meter
2025-01-02T08:57:00,2085.151,66.382,5.53,104.754,0.3601,HTTPS,camera
2025-01-01T19:38:00,1171.029,44.258,4.363,96.135,1.8384,HTTPS,gateway
2025-01-01T20:22:00,2551.396,110.008,0.4,120.659,0.3974,HTTPS,camera
2025-01-01T14:41:00,1347.459,61.877,6.198,150.875,1.1079,HTTPS,camera
2025-01-01T07:34:00,99.409,6.118,7.842,14.949,1.7032,CoAP,actuator
2025-01-01T06:17:00,659.499,20.48,7.432,31.935,1.2949,CoAP,gateway
2025-01-01T19:10:00,1757.613,22.873,3.029,57.397,0.9155,HTTPS,gateway
2025-01-01T11:40:00,1104.508,86.177,0.1,99.465,0.1137,HTTPS,camera
2025-01-02T03:52:00,39.035,78.83,3.136,0.445,1.0888,MQTT,smart_meter
2025-01-02T12:12:00,1081.237,81.712,6.552,177.334,0.1622,HTTPS,camera
2025-01-02T14:00:00,2075.547,55.622,9.645,64.682,0.0446,HTTPS,camera
2025-01-02T07:28:00,1799.769,76.313,1.717,28.036,0.8641,HTTPS,camera
2025-01-01T02:08:00,1424.336,27.94,10.094,42.581,1.8434,CoAP,gateway
2025-01-02T06:44:00,1514.388,77.738,0.1,163.653,0.0,HTTPS,camera
2025-01-01T10:51:00,119.032,21.744,6.665,11.049,0.3485,CoAP,actuator
2025-01-01T07:52:00,156.135,14.671,6.4,4.699,2.0348,MQTT,actuator
2025-01-01T15:39:00,56.824,18.582,2.175,7.538,1.2707,MQTT,env_sensor
2025-01-01T16:04:00,1036.24,70.212,6.937,134.793,0.8693,HTTPS,camera
2025-01-01T16:11:00,35.956,21.082,3.788,10.186,1.1224,MQTT,env_sensor
2025-01-02T06:12:00,1432.246,67.458,6.483,208.647,1.0361,HTTPS,camera
2025-01-01T17:17:00,2048.409,69.7,4.774,249.204,0.8656,HTTPS,camera
2025-01-01T06:34:00,1801.545,42.596,4.321,121.444,0.6724,HTTPS,camera
2025-01-01T18:29:00,17.034,298.956,2.771,0.804,4.1195,LoRaWAN,smart_meter
2025-01-01T15:47:00,39.814,18.816,6.99,5.078,2.5484,MQTT,env_sensor
2025-01-02T06:58:00,73.788,39.555,1.791,1.656,0.6978,MQTT,env_sensor
2025-01-01T14:07:00,566.295,30.182,8.075,66.606,2.6077,CoAP,gateway
2025-01-02T03:19:00,1420.445,48.944,4.733,118.306,2.1255,HTTPS,gateway
2025-01-02T06:13:00,1607.872,83.513,6.671,135.931,0.0613,HTTPS,camera
2025-01-02T11:03:00,25.373,116.707,2.863,0.257,5.9105,LoRaWAN,smart_meter
2025-01-01T02:06:00,904.842,60.271,1.893,122.982,0.0,HTTPS,camera
2025-01-02T16:46:00,1125.046,62.369,2.916,117.311,0.5824,HTTPS,camera
2025-01-02T03:35:00,84.366,15.128,2.237,8.093,1.5144,MQTT,env_sensor
2025-01-01T22:19:00,1023.377,1.732,13.308,80.075,1.5486,CoAP,gateway
2025-01-01T10:09:00,1395.266,72.41,5.592,157.019,0.0183,HTTPS,camera
2025-01-02T08:44:00,121.78,29.588,3.079,6.039,0.8371,MQTT,actuator
2025-01-01T03:55:00,2122.522,54.972,1.253,112.121,0.5985,HTTPS,camera
2025-01-01T12:25:00,35.238,65.141,2.987,2.084,0.0,MQTT,env_sensor
2025-01-02T12:23:00,1063.85,78.841,0.1,251.158,0.3502,HTTPS,camera
2025-01-02T02:12:00,2042.55,75.558,1.478,162.393,0.1868,HTTPS,camera
2025-01-01T23:33:00,136.07,29.938,8.615,8.536,1.2601,MQTT,actuator
2025-01-01T17:15:00,57.235,13.227,1.54,3.486,2.3774,MQTT,env_sensor
2025-01-02T05:59:00,57.381,25.432,3.955,2.739,1.1561,MQTT,env_sensor
2025-01-01T07:40:00,43.428,146.094,2.189,0.643,6.064,LoRaWAN,smart_meter
2025-01-02T16:15:00,808.851,40.413,5.315,83.061,0.0,HTTPS,gateway
2025-01-02T13:06:00,149.074,31.22,1.502,32.613,2.2163,MQTT,gateway
2025-01-02T03:52:00,1348.196,50.717,2.479,85.216,1.3545,HTTPS,gateway
2025-01-01T23:56:00,1195.409,35.596,6.068,112.7,1.0827,HTTPS,camera
2025-01-01T02:59:00,1982.641,85.613,4.042,108.197,0.3234,HTTPS,camera
2025-01-01T14:13:00,1078.701,49.796,1.991,100.465,0.0017,HTTPS,gateway
2025-01-01T06:18:00,141.037,7.776,4.727,0.05,1.5411,MQTT,actuator
2025-01-01T19:29:00,65.149,27.751,3.183,1.516,0.8101,MQTT,actuator
2025-01-01T06:32:00,1702.722,117.879,3.068,119.362,0.8853,HTTPS,camera
2025-01-01T09:18:00,18.818,75.682,0.375,0.792,3.9597,MQTT,smart_meter
2025-01-01T07:03:00,78.102,21.518,5.906,4.094,1.7368,CoAP,env_sensor
2025-01-02T12:23:00,131.319,13.958,4.688,6.244,1.9644,MQTT,actuator
2025-01-01T20:47:00,63.927,23.131,1.101,0.872,0.2372,MQTT,env_sensor
2025-01-01T23:09:00,76.636,40.991,1.782,0.05,0.0039,HTTPS,env_sensor
2025-01-01T10:07:00,2230.723,34.663,0.213,85.116,0.4265,HTTPS,camera
2025-01-01T08:22:00,682.386,49.641,12.802,20.177,0.0,CoAP,gateway
2025-01-02T07:25:00,1822.499,76.532,2.002,159.102,0.6195,HTTPS,camera
2025-01-02T15:46:00,1317.277,26.574,8.671,171.686,2.2022,HTTPS,gateway
2025-01-02T08:10:00,1935.602,61.78,6.253,203.702,0.0,HTTPS,camera
2025-01-01T06:19:00,144.279,5.709,0.1,0.874,0.2189,MQTT,env_sensor
2025-01-02T10:49:00,81.837,34.661,2.175,1.142,0.9931,MQTT,env_sensor
2025-01-02T16:15:00,93.809,14.108,10.07,5.712,0.5443,MQTT,actuator
2025-01-02T05:47:00,63.477,45.33,1.339,0.05,0.886,HTTPS,env_sensor
2025-01-01T11:05:00,26.034,217.3,3.435,0.151,2.4376,LoRaWAN,smart_meter
2025-01-02T08:49:00,59.46,67.566,16.0,90.601,0.6466,HTTPS,gateway
2025-01-02T10:42:00,91.602,12.327,6.548,17.296,2.3429,MQTT,actuator
2025-01-01T08:14:00,2688.694,30.102,2.182,82.512,1.1759,HTTPS,camera
2025-01-02T01:02:00,1440.654,65.176,3.598,155.705,0.5597,HTTPS,camera
2025-01-02T15:10:00,26.661,34.44,1.652,0.424,2.6037,MQTT,smart_meter
2025-01-02T05:00:00,558.184,27.471,10.909,68.69,1.9014,CoAP,gateway
2025-01-02T14:12:00,119.589,16.604,10.386,13.209,0.0,MQTT,actuator
2025-01-01T21:19:00,78.013,34.741,2.897,3.619,2.0875,MQTT,env_sensor
2025-01-02T05:39:00,659.051,33.601,7.216,110.706,0.9975,HTTPS,camera
2025-01-02T14:43:00,2070.258,53.204,0.1,50.814,1.2035,HTTPS,camera
2025-01-01T06:59:00,133.514,16.945,4.231,9.579,0.839,MQTT,actuator
2025-01-01T18:55:00,87.465,1.71,4.274,4.443,0.5727,MQTT,env_sensor
2025-01-01T14:55:00,998.875,64.778,3.185,19.908,1.1898,MQTT,camera
2025-01-01T18:55:00,17.951,190.957,1.951,0.93,3.6843,LoRaWAN,smart_meter
2025-01-01T07:32:00,14.333,46.198,1.348,6.785,1.4258,MQTT,env_sensor
2025-01-01T17:58:00,1128.154,21.955,1.18,41.815,0.0,HTTPS,camera
2025-01-02T05:15:00,1038.574,52.57,2.475,39.872,0.6678,HTTPS,camera
2025-01-01T11:03:00,1478.643,66.082,8.3,0.05,0.9395,HTTPS,camera
2025-01-01T11:47:00,2079.9,85.758,0.798,145.671,0.8856,HTTPS,camera
2025-01-01T22:23:00,71.636,14.476,3.228,1.748,0.9789,MQTT,actuator
2025-01-02T11:31:00,41.646,141.961,3.601,0.1,0.8573,LoRaWAN,smart_meter
2025-01-01T17:38:00,726.421,11.022,7.196,20.085,1.4134,CoAP,gateway
2025-01-01T23:49:00,706.127,19.433,10.75,64.755,1.055,CoAP,gateway
2025-01-02T06:11:00,21.305,181.113,2.73,0.104,3.0277,LoRaWAN,smart_meter
2025-01-01T01:53:00,81.597,42.072,1.925,9.118,0.8606,MQTT,env_sensor
2025-01-01T08:58:00,99.369,13.305,3.219,2.004,0.3787,MQTT,env_sensor
2025-01-01T00:57:00,30.271,170.409,5.018,0.354,4.6092,LoRaWAN,smart_meter
2025-01-02T10:34:00,59.816,40.178,4.144,1.67,1.4766,MQTT,env_sensor
2025-01-02T04:13:00,114.285,11.031,4.509,12.813,1.7194,MQTT,actuator
2025-01-02T05:20:00,2222.136,58.063,4.218,117.92,0.7271,HTTPS,camera
2025-01-02T17:07:00,1339.898,57.853,2.903,90.782,0.5127,HTTPS,camera
2025-01-02T02:49:00,127.654,14.052,3.566,12.05,1.7857,MQTT,actuator
2025-01-02T08:26:00,21.26,227.297,3.309,0.225,2.5157,LoRaWAN,smart_meter
2025-01-01T05:48:00,1934.812,59.385,7.698,162.488,0.4174,HTTPS,camera
2025-01-02T06:43:00,52.895,29.977,1.753,3.742,2.0431,MQTT,env_sensor
2025-01-01T13:57:00,22.733,166.726,0.1,0.461,4.012,LoRaWAN,smart_meter
2025-01-02T08:53:00,2181.861,70.412,4.977,150.995,0.0,HTTPS,camera
2025-01-02T00:56:00,3103.631,7.27,0.1,170.103,0.8032,HTTPS,camera
2025-01-01T11:01:00,977.841,90.278,3.648,152.898,0.9763,HTTPS,camera
2025-01-01T02:14:00,1696.068,79.437,6.509,61.874,0.2893,HTTPS,camera
2025-01-02T02:30:00,1234.69,12.476,2.01,156.29,1.247,HTTPS,camera
2025-01-02T10:49:00,114.93,24.521,5.17,3.965,0.8743,MQTT,actuator
2025-01-01T17:02:00,35.913,260.39,1.218,0.262,2.0416,LoRaWAN,smart_meter
2025-01-02T01:07:00,736.6,37.627,4.271,18.962,0.9059,HTTPS,gateway
2025-01-02T02:10:00,1104.104,58.568,2.985,19.074,0.4808,HTTPS,gateway
2025-01-01T09:39:00,117.625,10.005,2.694,17.173,0.0,MQTT,actuator
2025-01-02T14:43:00,67.285,14.529,5.07,3.865,1.8693,CoAP,env_sensor
2025-01-01T16:49:00,808.052,65.386,4.916,70.891,1.6375,CoAP,gateway
2025-01-02T08:41:00,137.355,14.504,5.773,6.912,0.0,MQTT,actuator
2025-01-02T12:07:00,196.666,77.73,0.1,32.192,1.2229,MQTT,gateway
2025-01-02T09:29:00,25.699,124.369,0.1,0.434,3.2164,LoRaWAN,smart_meter
2025-01-01T02:58:00,97.205,12.281,5.745,8.071,1.6649,MQTT,actuator
2025-01-01T04:25:00,22.503,329.536,2.217,0.099,5.1413,LoRaWAN,smart_meter
2025-01-02T12:14:00,33.435,260.914,3.077,0.527,2.4449,LoRaWAN,smart_meter
2025-01-02T11:36:00,94.152,21.148,7.611,6.023,1.8357,CoAP,actuator
2025-01-01T20:07:00,86.932,26.978,1.546,17.52,1.0756,MQTT,actuator
2025-01-01T07:39:00,23.258,188.148,2.657,0.05,3.4112,LoRaWAN,smart_meter
2025-01-01T06:04:00,1341.992,64.533,0.836,0.05,0.6335,HTTPS,camera
2025-01-02T03:30:00,1892.91,86.722,4.15,145.509,0.6162,HTTPS,camera
2025-01-02T11:42:00,17.842,318.585,0.812,0.522,0.0,LoRaWAN,smart_meter
2025-01-01T09:39:00,69.636,28.518,1.871,3.537,1.2201,MQTT,env_sensor
2025-01-01T09:11:00,64.505,31.246,4.261,7.357,1.5381,MQTT,env_sensor
2025-01-01T14:00:00,2044.127,62.031,16.102,118.019,2.7008,HTTPS,gateway
2025-01-02T05:26:00,80.607,17.975,3.572,5.326,0.639,MQTT,actuator
2025-01-02T07:24:00,90.995,18.529,4.392,4.773,1.3499,MQTT,env_sensor
2025-01-01T18:25:00,1621.644,45.305,4.578,68.817,0.6368,HTTPS,gateway
2025-01-01T20:10:00,1885.181,52.405,6.2,85.106,0.3981,HTTPS,camera
2025-01-02T14:02:00,76.332,34.358,2.173,0.05,1.6405,MQTT,env_sensor
2025-01-01T14:40:00,73.09,19.17,2.964,6.034,1.5004,MQTT,env_sensor
2025-01-01T12:50:00,30.962,24.846,2.789,0.05,0.9934,MQTT,env_sensor
2025-01-01T05:29:00,1719.345,77.759,2.149,130.671,0.632,HTTPS,camera
2025-01-02T05:09:00,915.758,62.868,7.187,118.241,0.9343,HTTPS,camera
2025-01-02T08:05:00,47.018,8.326,4.507,2.629,2.3246,MQTT,env_sensor
2025-01-01T07:09:00,77.848,15.9,5.924,4.967,0.0,MQTT,actuator
2025-01-02T16:18:00,1995.915,48.72,3.897,171.53,0.6195,HTTPS,camera
2025-01-01T01:26:00,87.263,29.478,5.187,11.271,0.3919,MQTT,actuator
2025-01-02T16:11:00,33.809,212.506,0.1,0.183,4.5131,LoRaWAN,smart_meter
2025-01-01T15:19:00,619.066,56.899,13.487,36.584,1.1746,CoAP,gateway
2025-01-01T22:40:00,629.988,42.946,6.652,0.05,2.1961,CoAP,gateway
2025-01-02T08:38:00,25.815,127.895,0.448,0.352,2.3623,LoRaWAN,smart_meter
2025-01-01T03:42:00,1076.934,60.329,4.067,77.159,0.4165,HTTPS,camera
2025-01-01T21:11:00,21.144,214.177,0.778,0.457,2.6429,LoRaWAN,smart_meter
2025-01-01T12:19:00,525.475,64.007,2.43,117.775,1.0852,HTTPS,gateway
2025-01-01T11:32:00,76.181,24.708,3.633,3.318,0.2277,MQTT,env_sensor
2025-01-01T13:16:00,649.289,40.974,13.432,68.035,0.4582,HTTPS,gateway
2025-01-02T15:29:00,110.263,21.777,6.509,7.803,0.6378,MQTT,actuator
2025-01-01T07:19:00,13.213,232.469,2.586,0.414,5.8392,LoRaWAN,smart_meter
2025-01-01T14:02:00,1326.677,30.408,8.057,57.53,1.9366,CoAP,gateway
2025-01-01T17:48:00,1025.078,78.776,4.03,139.512,0.8884,HTTPS,camera
2025-01-02T06:13:00,15.884,297.899,1.8,0.494,0.551,LoRaWAN,smart_meter
2025-01-02T12:01:00,92.121,4.869,4.457,0.388,0.0,MQTT,actuator
2025-01-01T04:30:00,121.553,12.912,10.52,12.388,0.0,MQTT,actuator
2025-01-01T01:08:00,104.599,13.439,5.344,8.125,1.2424,MQTT,actuator
2025-01-02T12:29:00,1414.244,69.825,5.38,107.578,1.1472,HTTPS,camera
2025-01-01T12:52:00,39.284,137.623,0.218,0.733,1.3033,LoRaWAN,smart_meter
2025-01-02T15:26:00,95.446,32.458,3.812,5.142,0.7141,MQTT,env_sensor
2025-01-01T10:18:00,997.358,50.627,3.797,50.211,0.9365,HTTPS,gateway
2025-01-01T10:11:00,302.842,54.604,16.464,30.374,1.6789,CoAP,gateway
2025-01-01T10:58:00,42.876,20.868,5.963,0.05,1.2244,MQTT,env_sensor
2025-01-02T05:48:00,26.64,177.358,0.576,0.836,2.1849,LoRaWAN,smart_meter
2025-01-02T04:20:00,86.476,17.511,8.46,11.422,1.0467,MQTT,actuator
2025-01-02T04:11:00,57.864,30.703,0.1,5.137,3.0419,MQTT,env_sensor
2025-01-01T20:54:00,1159.431,97.301,5.353,0.05,0.0,HTTPS,camera
2025-01-02T07:43:00,1511.722,37.066,0.1,22.988,0.0275,HTTPS,camera
2025-01-02T14:33:00,48.414,52.005,4.158,5.424,2.4741,MQTT,env_sensor
2025-01-01T13:54:00,1121.681,55.634,11.697,0.05,0.0,HTTPS,gateway
2025-01-02T06:51:00,118.494,15.153,1.147,14.625,0.9923,MQTT,actuator
2025-01-02T11:41:00,1914.889,62.889,6.573,97.366,0.9554,HTTPS,camera
2025-01-01T19:41:00,1673.653,50.433,6.258,184.99,0.0,HTTPS,camera
2025-01-01T02:15:00,985.981,8.096,10.446,78.86,0.4634,HTTPS,gateway
2025-01-01T09:56:00,1054.35,60.36,10.692,77.507,0.3857,HTTPS,gateway
2025-01-01T17:31:00,31.594,156.128,3.256,0.595,5.7945,LoRaWAN,smart_meter
2025-01-02T12:59:00,84.841,28.777,4.13,2.862,1.3835,MQTT,actuator
2025-01-01T03:53:00,92.221,1.0,3.536,14.177,0.8143,MQTT,actuator
2025-01-02T10:47:00,972.615,56.807,13.245,93.623,0.9366,HTTPS,gateway
2025-01-01T08:40:00,35.406,259.194,3.33,0.992,3.9878,LoRaWAN,smart_meter
2025-01-02T13:55:00,26.357,191.83,0.751,0.702,4.6015,LoRaWAN,smart_meter
2025-01-01T14:51:00,1877.374,33.48,4.205,41.287,1.311,HTTPS,gateway
2025-01-01T07:26:00,66.228,32.586,0.962,0.05,0.0,MQTT,env_sensor
2025-01-02T08:47:00,33.347,14.949,2.217,3.479,1.2828,MQTT,env_sensor
2025-01-01T22:09:00,335.118,37.755,12.332,110.786,0.0,HTTPS,gateway
2025-01-01T10:22:00,82.446,16.183,2.607,6.362,1.6671,MQTT,actuator
2025-01-01T02:37:00,9.977,119.993,0.534,0.541,2.2478,LoRaWAN,smart_meter
2025-01-02T05:03:00,1100.825,56.249,4.94,44.88,1.5262,HTTPS,camera
2025-01-01T09:32:00,25.772,296.134,2.984,0.768,2.6161,LoRaWAN,smart_meter
2025-01-01T13:41:00,13.758,320.825,2.095,0.498,2.3958,LoRaWAN,smart_meter
2025-01-02T00:30:00,91.711,24.083,1.237,1.368,2.5044,MQTT,env_sensor
2025-01-01T09:47:00,11.69,202.917,1.502,0.05,2.2501,LoRaWAN,smart_meter
2025-01-01T12:21:00,110.726,28.959,10.572,11.133,0.3552,MQTT,actuator
2025-01-01T10:01:00,1369.019,80.158,8.749,144.369,0.8811,HTTPS,camera
2025-01-02T12:20:00,279.105,43.199,6.561,34.04,0.0,CoAP,gateway
2025-01-01T03:13:00,84.828,14.382,12.514,7.97,2.1998,MQTT,actuator
2025-01-01T06:57:00,2022.58,42.458,0.298,138.419,0.0,HTTPS,camera
2025-01-01T05:12:00,1411.619,47.443,0.1,55.964,1.4094,HTTPS,gateway
2025-01-01T13:11:00,56.156,28.252,0.1,4.026,0.0,MQTT,env_sensor
2025-01-01T15:31:00,77.624,44.582,3.046,4.177,1.0608,MQTT,env_sensor
2025-01-01T10:06:00,74.904,20.134,12.096,12.993,0.2283,MQTT,actuator
2025-01-02T11:18:00,100.206,17.795,3.756,6.217,0.5326,MQTT,actuator
2025-01-02T03:40:00,29.39,19.094,2.374,5.305,0.0,MQTT,env_sensor
2025-01-02T06:20:00,219.816,10.214,8.78,78.748,1.8105,CoAP,gateway
2025-01-01T08:18:00,987.091,50.987,3.969,40.758,0.0,HTTPS,gateway
2025-01-01T14:03:00,38.977,109.376,0.1,0.05,2.5678,LoRaWAN,smart_meter
2025-01-01T13:29:00,623.747,19.499,16.415,35.305,1.8135,MQTT,gateway
2025-01-02T13:55:00,1121.081,52.048,7.062,0.05,0.9195,HTTPS,gateway
2025-01-02T16:44:00,64.135,18.28,4.758,3.897,0.8326,MQTT,env_sensor
2025-01-01T03:23:00,924.971,52.79,7.182,84.67,0.8906,HTTPS,gateway
2025-01-02T09:26:00,2052.612,29.825,5.126,54.555,0.0,HTTPS,camera
2025-01-02T04:10:00,37.112,218.488,1.162,0.561,5.0838,LoRaWAN,smart_meter
2025-01-01T03:59:00,442.009,59.151,7.181,232.827,0.6707,HTTPS,camera
2025-01-02T09:22:00,115.923,25.024,3.84,1.008,0.3145,MQTT,env_sensor
2025-01-01T02:30:00,188.24,23.191,0.662,12.674,1.8893,MQTT,actuator
2025-01-02T04:23:00,64.654,19.332,4.768,7.27,0.9792,MQTT,env_sensor
2025-01-01T08:36:00,1234.199,66.037,5.578,102.276,0.3898,HTTPS,camera
2025-01-01T06:30:00,38.648,251.503,1.877,0.333,4.3382,LoRaWAN,smart_meter
2025-01-01T10:08:00,2051.985,70.026,1.985,55.981,1.4508,HTTPS,camera
2025-01-02T09:35:00,124.36,15.333,4.959,3.61,1.5219,MQTT,actuator
2025-01-02T10:01:00,2342.114,68.415,4.694,91.431,0.7892,HTTPS,camera
2025-01-01T12:23:00,654.739,54.02,4.573,111.252,0.8306,HTTPS,camera
2025-01-02T04:32:00,30.226,142.132,1.065,0.713,3.8776,LoRaWAN,smart_meter
2025-01-02T11:40:00,189.26,79.18,2.55,239.961,0.4953,HTTPS,camera
2025-01-01T19:22:00,56.749,16.646,1.204,5.916,2.713,MQTT,env_sensor
2025-01-02T07:14:00,23.992,159.443,0.94,0.4,2.2771,LoRaWAN,smart_meter
2025-01-01T17:47:00,29.563,174.298,0.1,0.76,4.3862,LoRaWAN,smart_meter
2025-01-01T18:35:00,21.686,166.321,3.066,0.637,2.6194,LoRaWAN,smart_meter
2025-01-01T13:45:00,87.848,27.279,5.55,3.907,1.2574,MQTT,env_sensor
2025-01-01T10:37:00,2972.248,58.184,7.776,33.491,0.2315,HTTPS,camera
2025-01-02T02:16:00,105.401,18.382,7.668,11.179,0.1895,MQTT,actuator
2025-01-01T01:11:00,105.512,13.811,0.1,3.581,0.0,MQTT,env_sensor
2025-01-02T07:55:00,318.843,64.15,11.08,33.502,0.6858,CoAP,gateway
2025-01-02T04:51:00,100.778,21.527,4.673,5.05,1.6113,MQTT,env_sensor
2025-01-01T19:19:00,48.47,49.513,7.438,94.591,0.0,HTTPS,camera
2025-01-02T13:32:00,81.881,29.013,1.391,0.587,2.5418,MQTT,env_sensor
2025-01-01T11:13:00,1097.32,29.97,1.45,42.86,0.5953,HTTPS,gateway
2025-01-02T04:46:00,68.003,30.187,3.506,9.328,1.1208,MQTT,env_sensor
2025-01-01T22:57:00,94.668,15.799,2.613,8.024,0.0,MQTT,actuator
2025-01-02T00:38:00,33.617,267.235,2.949,0.339,3.1708,LoRaWAN,smart_meter
2025-01-01T11:54:00,56.245,6.732,2.639,4.139,0.0,MQTT,env_sensor
2025-01-02T03:20:00,1816.275,46.64,12.468,25.352,1.696,CoAP,gateway
2025-01-01T05:03:00,1007.92,38.773,9.239,42.847,1.0448,CoAP,gateway
2025-01-01T01:46:00,2446.411,17.336,5.836,168.591,1.1735,HTTPS,camera
2025-01-02T03:42:00,42.713,14.644,2.57,4.278,2.9415,MQTT,env_sensor
2025-01-02T17:26:00,24.907,252.042,1.784,0.793,5.1576,LoRaWAN,smart_meter
2025-01-02T07:39:00,100.985,29.494,3.975,4.096,1.369,MQTT,env_sensor
2025-01-02T16:12:00,31.062,233.143,3.717,0.661,4.8131,LoRaWAN,smart_meter
2025-01-01T04:00:00,68.343,28.06,3.692,6.669,1.0716,MQTT,env_sensor
2025-01-02T16:35:00,633.339,22.128,7.398,24.234,1.5758,MQTT,gateway
2025-01-01T06:32:00,880.636,32.375,12.839,116.0,0.1528,HTTPS,gateway
2025-01-01T08:13:00,2171.343,39.551,0.1,175.785,0.3425,HTTPS,camera
2025-01-02T07:44:00,266.173,60.405,11.062,87.835,1.5724,CoAP,gateway
2025-01-02T03:35:00,117.547,1.0,8.23,8.318,1.566,CoAP,actuator
2025-01-01T09:10:00,734.44,55.761,7.631,34.602,0.1364,HTTPS,gateway
2025-01-01T11:32:00,27.915,253.241,4.792,0.291,0.8412,LoRaWAN,smart_meter
2025-01-01T20:32:00,1817.581,101.979,2.688,210.962,0.5839,HTTPS,camera
2025-01-02T01:25:00,8.0,36.211,1.283,3.766,1.8763,MQTT,env_sensor
2025-01-01T03:30:00,155.753,20.902,7.621,4.466,0.4236,MQTT,actuator
2025-01-01T16:58:00,905.577,49.122,10.077,47.434,1.1583,CoAP,gateway
2025-01-02T09:00:00,110.643,10.883,3.404,6.603,1.6702,MQTT,env_sensor
2025-01-01T04:04:00,19.037,114.334,2.992,0.204,1.5795,LoRaWAN,smart_meter
2025-01-01T13:05:00,1233.383,46.819,1.295,37.436,0.0,HTTPS,gateway
2025-01-01T03:22:00,28.289,144.366,0.779,0.539,3.4572,LoRaWAN,smart_meter
2025-01-01T00:48:00,113.184,23.026,9.937,10.212,1.6839,MQTT,actuator
2025-01-01T11:15:00,394.754,39.851,7.512,22.884,1.1208,CoAP,gateway
2025-01-01T20:57:00,1626.353,29.908,0.1,186.822,0.7205,HTTPS,camera
2025-01-01T15:15:00,1075.965,46.87,7.303,79.788,0.066,HTTPS,camera
2025-01-02T08:08:00,12.739,118.406,0.866,0.158,4.8482,LoRaWAN,smart_meter
2025-01-02T16:46:00,43.07,9.865,2.129,10.139,2.4571,MQTT,env_sensor
2025-01-02T06:35:00,1990.552,54.74,6.281,195.155,0.5271,HTTPS,camera
2025-01-01T16:14:00,81.975,18.443,2.32,0.678,1.0867,MQTT,env_sensor
2025-01-01T16:07:00,84.428,11.479,3.544,2.672,1.2897,MQTT,actuator
2025-01-02T03:26:00,55.236,16.147,6.789,9.168,0.7144,MQTT,actuator
2025-01-02T11:51:00,28.132,48.457,3.891,0.405,2.5971,MQTT,smart_meter
2025-01-01T12:44:00,1302.437,40.728,1.069,223.812,0.5295,HTTPS,camera
2025-01-01T23:35:00,142.4,26.87,5.987,0.05,1.5491,MQTT,actuator
2025-01-01T00:31:00,38.812,116.427,1.9,0.356,1.9911,LoRaWAN,smart_meter
2025-01-01T21:32:00,1114.929,60.728,9.117,42.412,0.6572,HTTPS,gateway
2025-01-02T12:01:00,110.305,14.399,2.41,6.474,1.2428,MQTT,env_sensor
2025-01-01T00:10:00,43.668,25.22,0.1,0.231,2.7053,MQTT,env_sensor
2025-01-02T10:03:00,91.014,10.481,2.436,7.008,0.6973,MQTT,env_sensor
2025-01-02T00:31:00,41.834,122.961,1.949,0.43,5.0834,LoRaWAN,smart_meter
2025-01-01T03:11:00,1527.33,23.975,0.1,168.301,0.3243,HTTPS,camera
2025-01-01T18:15:00,18.909,204.943,5.48,0.05,1.7936,LoRaWAN,smart_meter
2025-01-01T11:55:00,978.942,73.173,11.985,74.674,0.0,HTTPS,gateway
2025-01-01T16:28:00,1454.761,43.81,18.405,24.18,0.8031,HTTPS,gateway
2025-01-01T08:38:00,81.374,18.441,10.924,12.445,1.123,MQTT,actuator
2025-01-01T00:44:00,56.341,18.903,6.182,12.624,0.306,MQTT,actuator
2025-01-02T16:05:00,25.37,170.651,0.1,0.436,0.0,LoRaWAN,smart_meter
2025-01-01T18:56:00,50.818,12.723,10.857,12.705,0.7653,MQTT,actuator
2025-01-02T13:47:00,31.51,204.776,0.922,0.185,3.5118,LoRaWAN,smart_meter
2025-01-02T09:00:00,822.971,62.585,3.929,0.05,1.3204,CoAP,gateway
2025-01-02T03:54:00,44.893,6.11,5.088,5.552,0.8762,MQTT,env_sensor
2025-01-02T04:05:00,28.997,187.505,3.011,0.54,3.792,LoRaWAN,smart_meter
2025-01-01T02:18:00,20.068,252.58,4.663,0.39,4.0731,LoRaWAN,smart_meter
2025-01-01T10:51:00,106.481,25.084,2.894,4.463,1.2056,MQTT,env_sensor
2025-01-02T06:11:00,1031.861,33.146,21.747,40.801,0.4198,HTTPS,gateway
2025-01-02T03:21:00,93.327,20.606,3.506,2.518,0.3217,MQTT,env_sensor
2025-01-01T20:01:00,1700.293,14.345,7.872,49.388,0.289,HTTPS,camera
2025-01-01T10:32:00,38.903,130.818,3.864,0.399,0.8246,LoRaWAN,smart_meter
2025-01-02T09:38:00,856.145,73.643,5.347,114.784,0.6451,HTTPS,camera
2025-01-01T02:41:00,83.82,24.69,4.273,6.202,0.0,MQTT,env_sensor
2025-01-01T06:13:00,1198.526,53.012,6.58,125.627,0.2001,HTTPS,camera
2025-01-01T01:07:00,717.401,53.704,2.623,98.653,1.0914,HTTPS,camera
2025-01-02T03:32:00,1639.884,25.989,6.32,55.103,0.6602,HTTPS,camera
2025-01-02T07:12:00,726.755,62.025,6.379,174.839,0.1685,HTTPS,camera
2025-01-01T09:26:00,113.35,11.225,1.452,1.26,1.1323,MQTT,env_sensor
2025-01-01T19:02:00,2085.038,50.537,1.477,100.89,1.39,HTTPS,camera
2025-01-02T05:10:00,626.656,30.083,4.694,83.441,0.0945,HTTPS,gateway
2025-01-01T20:33:00,68.687,8.965,5.382,6.667,0.8037,MQTT,env_sensor
2025-01-02T12:17:00,2470.78,36.315,0.1,63.479,0.7979,HTTPS,camera
2025-01-01T00:19:00,33.913,7.709,3.103,3.02,1.2564,MQTT,env_sensor
2025-01-01T04:34:00,26.898,262.926,0.844,0.568,1.1788,LoRaWAN,smart_meter
2025-01-02T04:14:00,876.023,55.41,4.609,42.17,1.9236,MQTT,gateway
2025-01-01T13:51:00,1252.375,45.875,6.013,2.301,0.5365,HTTPS,gateway
2025-01-01T15:59:00,100.615,48.987,6.013,5.437,0.0,CoAP,env_sensor
2025-01-01T11:23:00,29.358,181.636,3.491,0.069,1.4246,MQTT,smart_meter
2025-01-01T13:24:00,90.456,19.636,4.54,9.136,1.9429,MQTT,env_sensor
2025-01-02T08:09:00,167.707,27.765,10.064,2.68,1.0513,MQTT,actuator
2025-01-01T09:50:00,128.347,19.158,5.606,8.013,1.4922,CoAP,actuator
2025-01-02T08:34:00,46.489,13.285,2.726,11.052,0.0,MQTT,actuator
2025-01-02T05:12:00,1950.587,78.597,0.1,114.346,1.0959,HTTPS,camera
2025-01-02T09:42:00,1135.421,23.687,13.362,139.617,0.0566,HTTPS,gateway
2025-01-02T17:10:00,1587.777,21.558,6.962,30.791,1.0834,CoAP,gateway
2025-01-02T11:45:00,63.833,12.059,3.641,4.463,0.8723,MQTT,env_sensor
2025-01-01T22:15:00,92.851,16.522,8.09,11.118,0.4421,MQTT,actuator
2025-01-01T15:34:00,125.748,17.765,6.304,9.732,0.0278,MQTT,actuator
2025-01-01T14:43:00,2601.892,51.061,8.57,112.492,0.8527,HTTPS,camera
2025-01-01T13:55:00,846.631,50.523,6.346,33.758,0.9175,CoAP,gateway
2025-01-02T02:36:00,1734.127,62.383,3.097,85.476,1.8887,HTTPS,camera
2025-01-01T06:05:00,750.652,26.287,6.815,147.351,0.6878,HTTPS,gateway
2025-01-01T08:41:00,741.142,27.277,0.602,47.105,0.0,HTTPS,gateway
2025-01-01T13:42:00,589.068,52.487,9.213,230.47,0.8105,HTTPS,camera
2025-01-01T12:55:00,35.039,329.541,3.182,0.215,0.8437,LoRaWAN,smart_meter
2025-01-01T16:01:00,93.799,14.861,11.347,2.223,1.4627,MQTT,actuator
2025-01-02T15:39:00,2647.122,69.811,8.394,136.816,0.6784,HTTPS,camera
2025-01-01T18:53:00,1903.156,52.114,5.108,160.108,0.4789,HTTPS,camera
2025-01-01T08:40:00,106.811,1.0,2.507,2.498,1.6086,MQTT,env_sensor
2025-01-01T20:38:00,840.725,49.813,11.353,43.711,1.789,CoAP,gateway
2025-01-02T03:07:00,37.537,26.895,0.1,2.813,0.0,MQTT,env_sensor
2025-01-02T08:52:00,2589.776,57.341,0.1,148.343,0.5824,HTTPS,camera
2025-01-02T02:39:00,16.325,167.502,3.444,0.226,4.632,LoRaWAN,smart_meter
2025-01-01T12:48:00,26.032,75.305,0.728,0.718,1.3133,MQTT,smart_meter
2025-01-01T00:18:00,143.7,42.163,10.719,45.848,1.5678,CoAP,gateway
2025-01-02T01:59:00,771.179,27.102,3.456,29.75,0.8346,HTTPS,gateway
2025-01-01T03:34:00,1070.851,49.427,3.331,94.63,0.5466,HTTPS,gateway
2025-01-01T08:59:00,1134.142,32.289,8.625,136.951,1.4152,HTTPS,gateway
2025-01-02T04:35:00,489.007,39.794,2.101,58.037,0.4858,HTTPS,gateway
2025-01-01T03:54:00,44.634,174.378,4.477,0.333,2.2926,LoRaWAN,smart_meter
2025-01-02T11:39:00,73.605,35.573,3.272,7.654,3.143,MQTT,env_sensor
2025-01-01T00:36:00,23.848,211.31,2.417,0.779,3.0896,LoRaWAN,smart_meter
2025-01-01T13:45:00,100.922,13.006,5.616,10.385,0.7824,MQTT,actuator
2025-01-01T17:50:00,746.927,19.829,7.018,82.41,1.7174,CoAP,gateway
2025-01-02T05:18:00,75.032,33.119,2.379,1.58,0.0,MQTT,env_sensor
2025-01-02T08:03:00,105.788,24.728,2.585,4.931,0.8429,MQTT,env_sensor
2025-01-02T17:23:00,22.492,112.617,0.805,0.705,4.0737,LoRaWAN,smart_meter
2025-01-01T05:07:00,126.348,26.411,5.001,5.789,0.2653,CoAP,actuator
2025-01-02T03:03:00,1004.541,41.965,0.795,124.736,0.7098,HTTPS,gateway
2025-01-02T00:33:00,158.107,30.092,11.716,81.437,1.4556,CoAP,gateway
2025-01-01T06:41:00,1302.626,77.731,3.656,57.018,0.3133,HTTPS,camera
2025-01-02T15:32:00,1230.518,55.801,5.948,137.018,0.6209,HTTPS,camera
2025-01-02T14:09:00,751.926,10.906,3.341,54.323,1.7498,MQTT,gateway
2025-01-01T22:40:00,122.534,12.955,2.514,3.525,1.9413,MQTT,actuator
2025-01-01T02:06:00,1925.471,53.879,14.474,43.287,2.4435,CoAP,gateway
2025-01-01T16:22:00,553.007,22.099,0.1,85.801,0.1106,HTTPS,gateway
2025-01-01T03:41:00,1117.818,6.08,18.031,26.222,1.5999,CoAP,gateway
2025-01-01T02:49:00,55.595,16.127,4.522,2.484,0.6722,MQTT,env_sensor
2025-01-01T07:00:00,1491.841,63.204,0.1,169.71,0.6946,HTTPS,camera
2025-01-02T11:25:00,1391.738,24.197,8.064,134.12,0.211,HTTPS,gateway
2025-01-01T06:02:00,1090.992,40.309,3.018,112.024,1.5354,HTTPS,gateway
2025-01-01T00:33:00,77.192,15.666,3.574,8.433,0.0,MQTT,actuator
2025-01-01T10:23:00,967.869,37.46,4.69,108.139,0.8152,HTTPS,camera
2025-01-02T09:19:00,35.902,147.501,1.936,0.05,5.0536,LoRaWAN,smart_meter
2025-01-01T22:27:00,28.038,121.699,3.012,0.331,3.6521,LoRaWAN,smart_meter
2025-01-02T11:04:00,35.696,28.34,3.05,5.252,1.5958,MQTT,env_sensor
2025-01-01T07:43:00,12.943,145.266,0.342,0.545,2.6194,LoRaWAN,smart_meter
2025-01-01T05:55:00,595.16,44.375,6.588,77.857,0.8853,HTTPS,gateway
2025-01-02T14:32:00,136.213,8.813,7.404,8.434,2.2358,MQTT,actuator
2025-01-01T02:13:00,1434.686,43.639,13.573,107.364,0.8538,HTTPS,gateway
2025-01-02T07:19:00,1301.325,13.703,7.345,59.113,2.3983,HTTPS,gateway
2025-01-02T12:14:00,143.618,27.54,6.405,6.166,1.9658,MQTT,actuator
2025-01-01T15:29:00,109.755,30.994,7.045,1.13,0.7367,MQTT,actuator
2025-01-01T11:48:00,11.137,38.5,5.017,99.346,0.0633,HTTPS,gateway
2025-01-01T19:34:00,151.677,49.212,11.985,41.537,0.0012,MQTT,gateway
2025-01-01T19:34:00,87.878,21.47,4.71,7.588,1.3191,MQTT,actuator
2025-01-02T13:20:00,1115.575,52.491,11.438,0.05,2.01,CoAP,gateway
2025-01-02T01:01:00,562.48,51.964,4.632,77.157,1.49,CoAP,gateway
2025-01-01T19:18:00,427.371,68.711,3.377,21.781,0.7208,HTTPS,gateway
2025-01-01T22:59:00,140.283,96.272,1.649,117.762,0.5796,HTTPS,camera
2025-01-02T06:53:00,476.067,75.514,0.1,2.417,0.2147,HTTPS,gateway
2025-01-01T18:52:00,17.461,111.085,3.02,0.171,4.613,LoRaWAN,smart_meter
2025-01-01T01:51:00,1018.661,49.015,5.241,168.231,0.5731,HTTPS,camera
2025-01-01T05:56:00,1663.582,69.657,7.58,226.599,0.0442,HTTPS,camera
2025-01-02T16:34:00,1506.623,22.162,3.038,131.261,1.0963,HTTPS,camera
2025-01-02T07:56:00,1023.376,50.368,6.579,107.043,2.2995,CoAP,gateway
2025-01-01T08:03:00,1793.857,46.545,4.403,101.146,0.8103,HTTPS,camera
2025-01-01T15:29:00,43.547,31.954,3.402,5.547,0.0,MQTT,env_sensor
2025-01-01T22:30:00,1039.873,62.966,3.216,97.521,0.9852,HTTPS,camera
2025-01-01T02:30:00,19.233,269.194,0.1,0.441,4.5953,LoRaWAN,smart_meter
2025-01-01T20:33:00,1309.805,92.766,2.662,113.728,0.2441,HTTPS,camera
2025-01-02T08:06:00,58.881,14.007,2.774,0.05,1.1702,MQTT,env_sensor
2025-01-02T03:51:00,3232.64,96.519,3.097,81.358,0.1617,HTTPS,camera
2025-01-01T18:46:00,119.185,24.44,2.272,12.743,0.0,MQTT,actuator
2025-01-01T12:47:00,61.823,49.171,3.647,0.05,2.3125,MQTT,env_sensor
2025-01-01T12:40:00,47.118,23.774,0.1,2.678,2.0284,MQTT,env_sensor
2025-01-01T08:48:00,1143.318,42.816,8.728,45.936,0.5004,HTTPS,camera
2025-01-01T03:55:00,93.287,22.037,6.901,1.64,1.8392,CoAP,env_sensor
2025-01-01T01:23:00,31.724,196.411,2.916,0.127,5.4948,LoRaWAN,smart_meter
2025-01-01T09:20:00,285.714,76.649,10.754,78.58,0.499,HTTPS,gateway
2025-01-01T02:02:00,73.741,20.985,0.116,2.376,0.3215,MQTT,actuator
2025-01-02T16:20:00,162.318,32.006,6.467,6.326,0.2078,CoAP,actuator
2025-01-01T05:07:00,895.97,31.037,12.735,24.058,0.3932,CoAP,gateway
2025-01-02T15:36:00,21.404,221.512,3.247,0.05,4.6342,LoRaWAN,smart_meter
2025-01-01T21:47:00,290.531,60.216,11.752,116.091,0.0,HTTPS,gateway
2025-01-02T09:02:00,144.553,16.282,9.522,10.831,0.9371,MQTT,actuator
2025-01-02T10:52:00,134.351,13.873,0.621,9.691,1.3635,MQTT,env_sensor
2025-01-02T00:51:00,1601.79,73.692,3.951,167.218,0.544,HTTPS,camera
2025-01-01T21:55:00,28.161,215.278,0.326,0.679,3.9013,LoRaWAN,smart_meter
2025-01-02T16:47:00,1560.415,38.654,5.402,90.77,0.0,HTTPS,camera
2025-01-02T15:16:00,28.535,168.902,2.003,0.29,1.5691,LoRaWAN,smart_meter
2025-01-02T17:13:00,35.511,200.862,1.057,0.05,1.9567,LoRaWAN,smart_meter
2025-01-02T04:59:00,139.085,10.577,10.701,10.066,0.6109,MQTT,actuator
2025-01-01T17:21:00,34.997,207.077,1.086,0.472,7.4647,LoRaWAN,smart_meter
2025-01-01T08:02:00,1054.774,58.306,4.49,61.313,1.0068,HTTPS,gateway
2025-01-01T13:20:00,1548.243,57.116,17.547,43.086,1.8423,HTTPS,gateway
2025-01-02T09:15:00,87.104,17.807,3.987,0.05,0.6771,MQTT,env_sensor
2025-01-01T06:25:00,30.294,95.08,3.699,0.879,2.6713,LoRaWAN,smart_meter
2025-01-01T00:44:00,32.752,192.602,1.648,0.106,2.3891,LoRaWAN,smart_meter
2025-01-02T10:26:00,806.269,60.986,5.394,43.044,0.589,CoAP,gateway
2025-01-01T05:55:00,143.282,12.164,2.414,12.451,0.0,MQTT,actuator
2025-01-01T03:01:00,33.062,196.27,2.024,0.998,3.4602,LoRaWAN,smart_meter
2025-01-02T01:20:00,300.411,63.926,1.679,148.225,0.0313,HTTPS,camera
2025-01-01T21:25:00,81.983,22.277,8.868,7.98,1.0609,MQTT,actuator
2025-01-01T03:21:00,1429.253,86.587,10.775,122.165,1.386,HTTPS,camera
2025-01-01T03:44:00,847.343,69.858,21.241,71.5,2.3656,CoAP,gateway
2025-01-01T05:42:00,1432.612,86.292,0.1,49.76,1.5423,HTTPS,gateway
2025-01-02T04:28:00,98.887,10.4,4.048,5.533,3.143,MQTT,env_sensor
2025-01-01T15:09:00,437.599,1.0,20.075,22.2,2.4296,CoAP,gateway
2025-01-01T14:58:00,1273.807,35.57,5.182,80.307,0.131,HTTPS,gateway
2025-01-02T13:14:00,1115.684,31.05,2.521,48.838,1.7663,HTTPS,gateway
2025-01-01T02:51:00,890.672,57.521,4.722,53.769,0.7969,HTTPS,gateway
2025-01-01T02:20:00,96.54,24.636,3.198,10.266,0.8603,MQTT,actuator
2025-01-01T14:43:00,84.414,11.529,3.326,2.529,1.1464,MQTT,actuator
2025-01-02T16:03:00,171.864,26.388,2.774,2.453,1.8763,MQTT,actuator
2025-01-01T12:11:00,1086.562,44.24,6.239,14.383,0.969,HTTPS,gateway
2025-01-01T08:39:00,633.214,24.964,1.547,41.469,0.5627,HTTPS,gateway
2025-01-01T02:42:00,85.452,23.39,1.947,5.677,1.2058,MQTT,env_sensor
2025-01-01T20:39:00,80.89,18.938,5.619,9.556,0.0,CoAP,actuator
2025-01-01T22:21:00,665.869,26.637,5.591,88.567,2.131,CoAP,gateway
2025-01-01T08:31:00,409.021,35.421,7.655,18.217,0.5876,CoAP,gateway
2025-01-02T02:51:00,14.417,215.106,0.897,0.494,3.5399,LoRaWAN,smart_meter
2025-01-02T15:17:00,119.224,22.569,6.419,0.05,0.0877,CoAP,actuator
2025-01-02T02:20:00,34.128,203.45,4.161,0.595,1.9302,LoRaWAN,smart_meter
2025-01-01T23:41:00,989.409,69.086,8.564,15.648,0.6969,HTTPS,gateway
2025-01-02T11:12:00,46.956,34.03,6.674,129.348,2.9944,MQTT,gateway
2025-01-01T06:50:00,23.697,209.635,0.1,0.556,2.8854,LoRaWAN,smart_meter
2025-01-02T01:52:00,1129.588,52.987,1.759,33.17,1.2146,HTTPS,gateway
2025-01-01T00:20:00,52.188,18.573,3.934,7.082,0.0554,MQTT,env_sensor
2025-01-02T02:18:00,94.45,20.261,8.763,9.998,1.4713,CoAP,actuator
2025-01-02T01:49:00,1466.993,97.315,13.029,11.171,0.6938,HTTPS,camera
2025-01-01T21:02:00,1220.097,50.775,0.632,76.371,0.3599,HTTPS,camera
2025-01-01T12:16:00,1509.758,49.846,3.379,44.269,0.5024,HTTPS,camera
2025-01-01T09:53:00,22.309,275.483,2.197,0.262,1.4055,LoRaWAN,smart_meter
2025-01-02T15:43:00,2252.528,66.114,4.89,185.565,0.918,HTTPS,camera
2025-01-01T04:55:00,1534.647,81.519,6.994,100.245,1.0979,HTTPS,camera
2025-01-01T14:19:00,77.322,8.158,0.1,7.942,0.7761,MQTT,env_sensor
2025-01-02T12:47:00,1329.932,37.877,0.1,73.176,0.3152,HTTPS,camera
2025-01-01T14:19:00,887.399,44.297,0.1,22.697,1.2128,MQTT,gateway
2025-01-02T07:30:00,160.93,21.713,6.335,11.206,0.1824,CoAP,actuator
2025-01-02T05:19:00,1566.156,68.343,6.886,155.869,0.8532,HTTPS,camera
2025-01-01T11:33:00,20.193,242.185,0.385,0.129,5.3996,LoRaWAN,smart_meter
2025-01-02T05:15:00,28.518,21.615,0.1,7.17,1.9885,MQTT,env_sensor
2025-01-01T04:47:00,83.822,6.585,1.001,14.122,1.4119,MQTT,actuator
2025-01-01T17:50:00,1167.22,54.418,7.619,190.649,0.2901,HTTPS,camera
2025-01-01T17:47:00,899.534,66.221,4.873,2.172,1.2109,CoAP,camera
2025-01-01T16:36:00,1370.249,63.579,6.688,41.941,0.7143,HTTPS,gateway
2025-01-01T11:52:00,77.472,24.307,2.536,4.265,0.0,MQTT,env_sensor
2025-01-02T05:11:00,123.639,1.668,6.185,9.749,0.083,MQTT,actuator
2025-01-02T02:04:00,2046.913,47.629,1.245,204.086,0.2356,HTTPS,camera
2025-01-02T05:51:00,1494.556,44.285,11.272,162.066,0.2415,HTTPS,camera
2025-01-01T01:32:00,910.721,58.906,8.533,43.735,2.5248,CoAP,gateway
2025-01-02T06:58:00,1016.547,47.393,2.835,90.805,0.0,HTTPS,gateway
2025-01-01T23:14:00,982.324,23.478,0.1,59.561,1.4288,HTTPS,gateway
2025-01-01T06:22:00,840.282,16.288,7.719,104.536,1.3573,CoAP,gateway
2025-01-01T16:53:00,1104.172,49.148,1.998,25.108,1.1494,HTTPS,camera
2025-01-02T14:35:00,28.377,185.226,0.216,0.337,2.3336,LoRaWAN,smart_meter
2025-01-01T22:10:00,97.78,19.075,10.289,13.656,0.2903,MQTT,actuator
2025-01-02T11:03:00,81.503,16.779,6.009,6.317,0.4707,MQTT,actuator
2025-01-01T09:11:00,12.862,301.134,3.004,0.357,4.5353,LoRaWAN,smart_meter
2025-01-02T05:22:00,109.561,25.463,5.919,6.57,0.9143,MQTT,actuator
2025-01-01T17:37:00,606.983,42.795,2.492,63.182,0.368,HTTPS,gateway
2025-01-01T02:28:00,165.658,21.041,3.865,2.018,0.9135,MQTT,env_sensor
2025-01-02T12:57:00,28.448,247.295,2.18,0.781,2.3878,LoRaWAN,smart_meter
2025-01-01T04:38:00,123.962,7.62,3.768,3.053,1.4518,MQTT,actuator
2025-01-01T13:36:00,32.042,78.585,1.997,0.944,4.8085,MQTT,smart_meter
2025-01-01T08:00:00,64.512,21.265,2.072,8.56,1.5516,MQTT,env_sensor
2025-01-01T11:01:00,45.203,17.392,4.139,9.182,1.1775,MQTT,env_sensor
2025-01-02T05:51:00,1357.556,49.572,4.609,50.93,1.2677,HTTPS,gateway
2025-01-02T10:09:00,29.104,140.815,4.026,0.663,5.5255,LoRaWAN,smart_meter
2025-01-02T14:51:00,1149.561,77.086,4.923,129.358,0.6241,HTTPS,camera
2025-01-02T04:07:00,30.808,1.0,0.625,0.339,1.8963,MQTT,smart_meter
2025-01-01T15:00:00,2244.35,65.664,10.815,110.807,0.8197,HTTPS,camera
2025-01-02T11:40:00,94.338,42.231,5.712,70.239,0.6399,HTTPS,gateway
2025-01-01T21:55:00,117.03,16.113,5.074,6.735,1.4143,CoAP,actuator
2025-01-01T17:56:00,783.483,46.479,0.422,106.606,0.7796,HTTPS,camera
2025-01-01T02:12:00,106.849,10.981,2.614,0.05,0.0,MQTT,env_sensor
2025-01-01T18:18:00,63.257,25.443,3.787,2.964,0.5631,MQTT,env_sensor
2025-01-02T07:14:00,1159.466,19.527,7.827,36.276,2.4055,CoAP,gateway
2025-01-01T09:41:00,27.168,177.442,0.355,0.441,0.0,LoRaWAN,smart_meter
2025-01-02T06:23:00,56.614,17.646,6.62,1.5,0.6215,MQTT,actuator
2025-01-02T04:02:00,1442.966,73.288,5.281,150.26,1.7596,HTTPS,camera
2025-01-01T09:59:00,2186.41,64.666,4.493,132.176,1.2853,HTTPS,camera
2025-01-02T09:08:00,82.349,20.621,2.956,3.4,0.6901,MQTT,env_sensor
2025-01-02T16:28:00,983.123,33.347,6.163,45.28,2.6152,CoAP,gateway
2025-01-01T11:11:00,15.461,286.76,1.783,0.638,1.4487,LoRaWAN,smart_meter
2025-01-01T08:02:00,118.324,1.975,7.315,5.908,1.5962,MQTT,actuator
2025-01-02T06:48:00,97.985,29.687,2.211,3.991,2.2689,MQTT,env_sensor
2025-01-02T10:15:00,1183.796,40.395,0.506,11.606,1.6076,HTTPS,gateway
2025-01-01T09:35:00,854.94,35.343,9.787,24.707,0.896,HTTPS,gateway
2025-01-01T08:05:00,75.073,30.121,1.897,0.05,0.2484,MQTT,env_sensor
2025-01-01T14:46:00,1133.555,86.591,6.345,207.013,0.9762,HTTPS,camera
2025-01-01T01:57:00,1407.274,41.69,2.526,90.189,1.6798,HTTPS,gateway
2025-01-01T11:00:00,22.594,200.018,1.832,0.05,2.9541,LoRaWAN,smart_meter
2025-01-02T10:32:00,128.907,7.453,7.816,9.927,0.1841,MQTT,actuator
2025-01-01T09:34:00,31.416,143.483,1.26,0.435,2.4832,LoRaWAN,smart_meter
2025-01-01T14:15:00,98.223,26.87,4.547,0.05,2.2641,MQTT,actuator
2025-01-01T05:33:00,75.967,27.355,9.149,10.431,0.6664,MQTT,actuator
2025-01-01T21:38:00,110.0,8.147,0.904,3.898,1.1077,MQTT,actuator
2025-01-02T01:32:00,1301.848,26.686,1.719,119.927,0.145,HTTPS,camera
2025-01-01T12:37:00,248.0,8.97,4.151,77.09,2.1357,MQTT,gateway
2025-01-01T22:19:00,93.931,17.929,7.258,8.692,1.1554,MQTT,actuator
2025-01-02T00:29:00,179.225,25.061,7.624,4.645,0.9815,MQTT,actuator
2025-01-02T10:18:00,84.235,10.174,4.269,6.801,0.0,MQTT,env_sensor
2025-01-01T22:41:00,8.0,237.175,5.088,0.05,5.9823,LoRaWAN,smart_meter
2025-01-01T20:24:00,8.0,31.605,3.239,40.663,0.6628,HTTPS,camera
2025-01-02T11:08:00,1710.638,43.774,12.334,26.358,0.1704,HTTPS,gateway
2025-01-01T21:29:00,46.3,41.643,3.29,111.13,0.1981,HTTPS,camera
2025-01-02T01:39:00,69.242,5.716,6.848,10.008,0.7747,MQTT,actuator
2025-01-02T04:50:00,49.363,7.647,6.196,2.032,0.7575,MQTT,env_sensor
2025-01-02T01:10:00,1626.244,73.248,0.873,128.703,0.9249,HTTPS,camera
2025-01-01T07:26:00,2785.176,61.372,7.446,170.832,0.6019,HTTPS,camera
2025-01-01T00:37:00,24.341,187.449,3.271,0.05,5.3639,LoRaWAN,smart_meter
2025-01-01T12:20:00,1217.499,12.942,2.568,113.02,0.0,HTTPS,camera
2025-01-02T00:47:00,97.977,24.335,8.988,9.612,0.0765,MQTT,actuator
2025-01-01T23:02:00,22.786,143.207,0.1,0.05,5.9525,LoRaWAN,smart_meter
2025-01-01T14:15:00,73.939,35.16,0.264,6.141,2.2703,MQTT,env_sensor
2025-01-01T16:27:00,682.942,14.193,0.756,54.956,2.9374,HTTPS,gateway
2025-01-01T13:41:00,1318.17,44.642,17.953,76.76,0.0,HTTPS,gateway
2025-01-01T04:31:00,532.325,68.13,5.649,71.308,0.0,CoAP,gateway
2025-01-01T02:06:00,157.798,10.491,0.552,9.39,0.0,MQTT,actuator
2025-01-01T00:45:00,33.758,171.687,3.524,0.16,3.341,LoRaWAN,smart_meter
2025-01-02T10:41:00,15.383,225.456,2.515,0.258,5.0757,LoRaWAN,smart_meter
2025-01-01T10:09:00,132.873,20.205,5.846,7.256,0.6467,MQTT,actuator
2025-01-02T13:47:00,1362.335,46.737,1.387,29.047,0.6542,HTTPS,camera
2025-01-01T03:51:00,109.302,25.016,1.759,3.822,0.0009,MQTT,env_sensor
2025-01-01T04:17:00,123.074,29.73,6.21,11.03,1.2432,MQTT,actuator
2025-01-02T10:57:00,360.27,46.016,2.146,81.93,0.5807,HTTPS,camera
2025-01-01T07:16:00,65.628,28.227,1.785,8.081,1.2403,MQTT,env_sensor
2025-01-02T15:29:00,1470.772,64.974,8.602,54.01,1.5745,HTTPS,gateway
2025-01-02T10:10:00,68.08,24.813,9.49,7.61,0.8167,CoAP,actuator
2025-01-01T22:35:00,1086.352,49.463,2.839,129.872,0.754,HTTPS,gateway
2025-01-01T00:51:00,1524.91,75.549,7.382,155.84,0.6097,HTTPS,camera
2025-01-01T23:26:00,2088.272,86.382,3.684,190.029,0.0,HTTPS,camera
2025-01-02T02:32:00,23.622,40.314,0.1,0.151,1.3547,MQTT,smart_meter
2025-01-02T16:43:00,45.028,48.816,0.1,1.443,0.4568,MQTT,env_sensor
2025-01-01T09:28:00,37.507,142.936,2.017,0.05,5.5924,LoRaWAN,smart_meter
2025-01-01T07:47:00,52.786,33.948,7.373,7.015,2.2639,MQTT,env_sensor
2025-01-02T06:53:00,158.203,18.808,5.574,8.806,0.3723,MQTT,actuator
2025-01-01T22:41:00,1102.778,44.373,0.1,118.731,0.0,HTTPS,gateway
2025-01-01T21:56:00,1150.866,42.296,6.011,54.474,0.1098,HTTPS,camera
2025-01-01T11:44:00,24.341,199.223,0.884,0.05,2.6828,LoRaWAN,smart_meter
2025-01-01T08:19:00,89.364,1.0,3.41,7.628,2.6882,MQTT,env_sensor
2025-01-02T14:58:00,19.575,138.854,5.033,0.265,0.0,LoRaWAN,smart_meter
2025-01-02T15:04:00,124.499,14.75,4.741,10.349,1.7405,MQTT,actuator
2025-01-01T00:58:00,1992.762,11.684,9.353,110.409,0.0,HTTPS,camera
2025-01-01T04:14:00,115.241,20.046,8.108,5.957,0.1026,CoAP,actuator
2025-01-02T12:05:00,102.112,15.99,4.374,7.956,1.1985,MQTT,actuator
2025-01-02T01:25:00,167.168,5.23,7.1,6.849,0.5306,MQTT,actuator
2025-01-02T13:37:00,76.221,36.628,6.06,0.05,2.1834,CoAP,env_sensor
2025-01-02T12:06:00,923.66,29.123,0.608,46.718,1.6259,MQTT,gateway
2025-01-01T13:17:00,1965.915,101.742,4.63,153.005,1.2494,HTTPS,camera
2025-01-01T04:13:00,267.779,65.197,0.625,129.565,0.3172,HTTPS,camera
2025-01-02T11:13:00,52.26,21.408,5.209,13.158,0.0,MQTT,actuator
2025-01-02T16:31:00,34.578,146.202,0.236,0.519,4.5517,LoRaWAN,smart_meter
2025-01-01T12:56:00,1205.913,51.297,7.829,11.679,2.5463,CoAP,gateway
2025-01-02T01:19:00,32.825,122.393,0.1,0.319,5.5215,LoRaWAN,smart_meter
2025-01-02T03:30:00,832.861,8.291,4.92,62.16,1.321,MQTT,gateway
2025-01-01T02:11:00,414.644,66.605,4.02,63.08,0.6695,HTTPS,gateway
2025-01-01T01:29:00,1364.264,50.17,0.1,140.38,0.0914,HTTPS,camera
2025-01-02T13:55:00,32.56,45.576,4.546,1.693,1.3161,MQTT,env_sensor
2025-01-01T10:24:00,892.545,53.033,8.597,72.648,1.2851,CoAP,gateway
2025-01-01T03:52:00,484.043,62.417,4.564,187.184,1.4625,HTTPS,camera
2025-01-01T16:54:00,14.658,156.056,0.1,0.309,2.6257,MQTT,smart_meter
2025-01-01T00:18:00,2242.928,16.078,3.208,0.05,1.207,MQTT,camera
2025-01-02T17:04:00,28.005,213.251,2.546,0.562,3.5796,LoRaWAN,smart_meter
2025-01-02T13:52:00,27.794,4.075,2.555,4.512,0.0,MQTT,env_sensor
2025-01-02T09:03:00,146.662,12.656,4.184,10.983,1.4914,MQTT,actuator
2025-01-02T06:24:00,1862.155,30.745,5.27,62.522,0.7755,HTTPS,camera
2025-01-02T13:53:00,845.178,97.198,4.529,24.874,0.9925,HTTPS,camera
2025-01-02T00:15:00,8.0,135.494,0.611,0.176,6.7898,LoRaWAN,smart_meter
2025-01-01T08:30:00,61.454,46.29,6.908,13.018,0.3071,MQTT,actuator
2025-01-02T11:01:00,8.0,88.776,5.366,55.485,1.2198,MQTT,camera
2025-01-02T07:48:00,1037.298,85.034,10.724,163.281,0.9734,HTTPS,camera
2025-01-01T06:07:00,856.414,65.207,5.166,220.993,0.0877,HTTPS,camera
2025-01-01T05:19:00,34.163,28.022,0.1,5.759,2.3664,MQTT,env_sensor
2025-01-01T07:42:00,44.031,9.833,0.1,3.878,0.6239,MQTT,env_sensor
2025-01-01T00:11:00,45.756,22.219,3.408,3.199,1.5614,MQTT,env_sensor
2025-01-01T11:25:00,138.845,26.259,0.1,6.319,1.8563,MQTT,actuator
2025-01-02T10:56:00,1061.187,59.549,6.018,52.458,0.2226,HTTPS,gateway
2025-01-02T05:14:00,40.17,184.18,4.164,0.323,4.1134,LoRaWAN,smart_meter
2025-01-01T00:55:00,736.694,41.73,6.792,27.701,0.2904,CoAP,gateway
2025-01-01T17:19:00,1035.205,57.559,7.752,6.077,0.0,HTTPS,gateway
2025-01-02T06:49:00,124.358,17.601,0.1,6.035,0.8152,MQTT,actuator
2025-01-01T20:55:00,33.216,210.415,2.183,0.513,2.296,LoRaWAN,smart_meter
2025-01-02T03:26:00,37.205,206.85,3.481,0.05,3.0904,LoRaWAN,smart_meter
2025-01-02T07:52:00,1053.5,37.513,3.283,215.813,0.8423,HTTPS,camera
2025-01-01T09:15:00,72.614,19.966,0.453,0.05,3.178,MQTT,env_sensor
2025-01-01T03:31:00,117.373,15.173,2.359,13.361,0.7023,MQTT,actuator
2025-01-01T16:59:00,91.847,13.467,4.493,8.337,0.7358,MQTT,env_sensor
2025-01-02T12:12:00,55.447,8.284,2.561,3.329,1.2089,MQTT,env_sensor
2025-01-02T11:04:00,982.517,1.0,2.698,59.334,0.0785,HTTPS,gateway
2025-01-01T16:42:00,31.325,150.39,2.597,0.464,1.5198,LoRaWAN,smart_meter
2025-01-02T01:38:00,105.15,7.044,4.26,0.05,1.3816,MQTT,env_sensor
2025-01-02T05:37:00,116.334,26.301,4.138,9.842,0.0,MQTT,actuator
2025-01-02T04:14:00,1467.755,25.259,7.741,83.888,1.414,HTTPS,camera
2025-01-02T07:35:00,744.673,67.14,9.474,98.801,2.5067,CoAP,gateway
2025-01-01T18:59:00,146.321,21.113,4.526,6.438,0.0,MQTT,actuator
2025-01-01T17:06:00,802.029,60.917,1.149,101.972,2.3122,HTTPS,gateway
2025-01-02T02:46:00,65.493,49.697,4.995,3.672,1.6403,MQTT,env_sensor
2025-01-01T13:22:00,26.77,274.002,1.757,0.511,3.6148,LoRaWAN,smart_meter
2025-01-01T10:40:00,1061.375,64.783,5.338,32.636,0.0,HTTPS,gateway
2025-01-02T10:07:00,1342.003,13.731,4.03,95.53,0.7481,HTTPS,camera
2025-01-01T23:56:00,92.336,34.942,5.469,12.586,0.0,CoAP,actuator
2025-01-02T11:59:00,2255.329,83.672,10.483,74.425,0.0,HTTPS,camera
2025-01-01T03:52:00,1816.226,30.3,5.789,75.803,0.2732,HTTPS,gateway
2025-01-01T02:50:00,30.837,120.029,1.7,0.384,2.2332,LoRaWAN,smart_meter
2025-01-01T09:50:00,58.808,2.894,2.197,7.603,1.4883,MQTT,env_sensor
2025-01-01T22:48:00,1222.204,55.73,0.1,59.887,1.5116,HTTPS,gateway
2025-01-02T03:27:00,88.035,32.252,3.883,4.42,0.9998,MQTT,actuator
2025-01-02T07:17:00,691.67,78.047,9.575,68.487,1.4825,CoAP,gateway
2025-01-01T17:53:00,127.854,19.582,0.422,0.05,0.2808,MQTT,actuator
2025-01-01T11:33:00,103.117,22.648,0.214,7.667,1.0547,MQTT,actuator
2025-01-01T05:34:00,105.745,27.405,0.1,7.201,1.2401,MQTT,actuator
2025-01-01T18:22:00,23.077,121.816,2.104,0.757,3.4211,LoRaWAN,smart_meter
2025-01-01T16:36:00,101.698,16.398,7.33,12.419,1.1165,MQTT,actuator
2025-01-01T17:22:00,2420.541,66.013,4.468,80.248,0.4643,HTTPS,camera
2025-01-01T09:03:00,1536.576,29.804,12.301,62.898,0.8356,HTTPS,gateway
2025-01-02T15:38:00,110.246,6.608,7.99,3.135,0.0,MQTT,actuator
2025-01-01T09:03:00,23.367,5.653,5.928,4.801,0.9599,MQTT,actuator
2025-01-01T12:05:00,28.552,283.498,0.973,0.996,3.8934,LoRaWAN,smart_meter
2025-01-01T17:35:00,1160.35,20.871,6.188,11.8,0.0,HTTPS,gateway
2025-01-01T18:22:00,1486.989,30.361,2.78,59.556,0.1835,HTTPS,camera
2025-01-02T14:12:00,1040.631,66.973,2.731,150.603,1.6221,HTTPS,camera
2025-01-01T03:44:00,30.975,226.7,0.833,0.322,0.8633,LoRaWAN,smart_meter
2025-01-01T12:15:00,34.145,179.57,1.939,0.163,3.9132,LoRaWAN,smart_meter
2025-01-01T22:03:00,58.486,35.35,5.205,2.256,0.0,MQTT,actuator
2025-01-01T09:37:00,27.676,112.273,1.853,0.05,0.8709,LoRaWAN,smart_meter
2025-01-02T13:17:00,2027.197,113.573,6.913,93.531,0.9731,HTTPS,camera
2025-01-01T08:23:00,667.024,62.722,6.716,88.253,1.5204,CoAP,gateway
2025-01-02T05:06:00,2597.447,69.55,8.177,212.142,0.5827,HTTPS,camera
2025-01-01T16:39:00,1227.302,55.059,8.102,51.522,0.7999,HTTPS,gateway
2025-01-02T15:27:00,1496.634,53.613,7.771,96.73,0.9622,HTTPS,camera
2025-01-01T03:30:00,1665.267,42.851,8.254,68.028,0.6671,HTTPS,camera
2025-01-01T07:01:00,39.94,27.856,4.996,5.745,1.9243,MQTT,env_sensor
2025-01-01T05:18:00,1606.729,67.654,6.486,54.681,1.5694,HTTPS,gateway
2025-01-02T11:06:00,41.202,146.194,3.384,0.233,1.2705,LoRaWAN,smart_meter
2025-01-02T14:11:00,89.681,8.632,7.772,13.725,1.5852,MQTT,actuator
2025-01-02T14:59:00,783.397,34.827,2.78,71.001,0.7657,HTTPS,gateway
2025-01-01T12:08:00,98.508,20.622,4.101,5.47,0.5628,MQTT,actuator
2025-01-02T15:13:00,713.804,6.207,8.399,74.511,0.9683,HTTPS,gateway
2025-01-01T09:45:00,153.675,13.183,3.775,4.48,1.5637,MQTT,actuator
2025-01-01T13:25:00,974.546,1.0,2.811,162.779,0.1425,HTTPS,camera
2025-01-01T10:19:00,278.569,23.729,7.733,115.331,1.8051,CoAP,gateway
2025-01-02T05:21:00,25.515,221.793,0.984,0.672,0.0,LoRaWAN,smart_meter
2025-01-01T04:52:00,644.581,14.775,0.1,0.05,0.5328,HTTPS,gateway
2025-01-02T11:02:00,46.602,18.404,4.357,0.05,0.0,LoRaWAN,env_sensor
2025-01-01T15:34:00,2047.04,61.566,5.635,22.068,0.7045,HTTPS,camera
2025-01-01T07:26:00,556.877,15.45,2.83,101.756,0.2164,HTTPS,gateway
2025-01-01T12:32:00,1091.158,25.951,7.215,41.997,0.5694,HTTPS,gateway
2025-01-02T06:04:00,139.562,44.126,2.986,4.768,2.3254,MQTT,gateway
2025-01-02T06:32:00,27.398,165.698,1.571,0.05,1.9513,LoRaWAN,smart_meter
2025-01-01T06:55:00,24.219,344.263,1.878,0.087,4.8937,LoRaWAN,smart_meter
2025-01-01T19:10:00,31.556,53.718,0.1,0.351,2.8717,LoRaWAN,smart_meter
2025-01-01T22:48:00,75.77,10.448,8.39,8.751,0.5707,MQTT,actuator
2025-01-01T22:07:00,1895.824,72.034,0.536,106.927,1.5575,HTTPS,camera
2025-01-02T01:45:00,438.92,30.626,3.256,59.417,0.3493,HTTPS,gateway
2025-01-02T02:55:00,105.494,30.975,5.248,7.698,1.717,CoAP,env_sensor
2025-01-02T01:08:00,102.628,32.149,2.468,0.05,1.9993,MQTT,env_sensor
2025-01-01T14:34:00,63.354,13.35,7.755,2.079,0.6046,CoAP,env_sensor
2025-01-01T02:44:00,49.308,123.408,3.354,0.471,2.9014,MQTT,smart_meter
2025-01-01T03:49:00,1451.866,65.761,1.662,97.598,1.1009,HTTPS,camera
2025-01-02T17:10:00,2457.731,44.778,1.3,85.365,1.2533,HTTPS,camera
2025-01-01T12:42:00,1023.815,28.597,2.376,152.054,0.2523,HTTPS,camera
2025-01-01T22:16:00,147.048,9.265,1.213,4.703,0.5477,MQTT,actuator
2025-01-01T10:24:00,86.729,5.477,4.048,3.375,2.1541,MQTT,env_sensor
2025-01-01T23:31:00,33.316,258.913,2.848,0.392,3.4014,LoRaWAN,smart_meter
2025-01-01T20:56:00,1139.269,39.692,6.533,54.82,1.7537,HTTPS,gateway
2025-01-02T06:35:00,19.421,142.49,0.1,0.154,2.691,LoRaWAN,smart_meter
2025-01-01T05:34:00,679.823,35.914,8.83,19.505,0.2876,CoAP,gateway
2025-01-02T11:13:00,42.157,120.79,0.1,0.05,3.0737,LoRaWAN,smart_meter
2025-01-01T06:00:00,44.094,176.429,2.838,0.543,0.0,LoRaWAN,smart_meter
2025-01-01T12:17:00,30.909,140.198,0.377,1.166,2.7629,MQTT,smart_meter
2025-01-01T21:10:00,21.076,158.877,1.755,0.104,2.9242,LoRaWAN,smart_meter
2025-01-01T23:06:00,1649.593,49.137,7.531,46.743,1.2416,CoAP,gateway
2025-01-01T15:16:00,55.692,29.872,11.233,3.475,1.2001,MQTT,actuator
2025-01-02T16:46:00,35.256,212.539,2.155,0.375,3.1831,LoRaWAN,smart_meter
2025-01-01T00:50:00,1974.227,59.8,4.902,136.229,0.091,HTTPS,camera
2025-01-01T00:35:00,2137.557,24.439,5.909,65.621,0.0003,HTTPS,camera
2025-01-02T00:40:00,23.377,228.446,0.816,0.781,3.0685,LoRaWAN,smart_meter
2025-01-01T21:15:00,22.293,175.707,0.1,0.348,0.9377,LoRaWAN,smart_meter
2025-01-02T16:53:00,1049.588,37.718,0.1,219.109,1.295,HTTPS,camera
2025-01-01T05:52:00,1025.277,77.757,17.812,11.4,0.0608,HTTPS,gateway
2025-01-01T04:04:00,101.487,2.931,4.695,2.903,0.7716,MQTT,env_sensor
2025-01-02T17:03:00,249.45,60.197,10.402,106.652,0.6035,HTTPS,gateway
2025-01-01T16:37:00,81.179,13.075,2.463,2.173,1.2375,MQTT,actuator
2025-01-01T21:08:00,2387.062,69.465,3.955,145.241,0.7542,HTTPS,camera
2025-01-02T02:31:00,60.19,19.928,4.297,5.558,0.0,MQTT,env_sensor
2025-01-02T10:31:00,22.452,296.34,1.157,0.517,0.1262,LoRaWAN,smart_meter
2025-01-01T06:06:00,96.315,19.054,4.803,1.778,0.8884,MQTT,actuator
2025-01-02T02:17:00,30.277,282.081,0.1,0.05,1.9523,LoRaWAN,smart_meter
2025-01-01T17:11:00,111.648,20.363,8.164,5.365,1.0335,CoAP,actuator
2025-01-01T06:00:00,73.082,19.917,1.05,0.05,0.3464,MQTT,env_sensor
2025-01-01T07:56:00,31.504,112.92,2.575,0.511,0.8634,LoRaWAN,smart_meter
2025-01-02T09:26:00,15.451,324.332,3.336,0.191,2.0287,LoRaWAN,smart_meter
2025-01-01T02:47:00,57.252,22.157,5.07,7.082,0.754,CoAP,env_sensor
2025-01-02T16:17:00,78.118,21.915,4.792,1.184,1.1638,MQTT,env_sensor
2025-01-01T21:07:00,54.668,126.211,0.1,0.749,1.5413,MQTT,smart_meter
2025-01-01T00:27:00,497.121,33.05,8.618,14.377,0.5867,CoAP,gateway
2025-01-02T00:50:00,24.759,252.144,0.1,0.303,5.4179,LoRaWAN,smart_meter
2025-01-02T14:29:00,86.384,7.385,8.395,14.163,1.2336,MQTT,actuator
2025-01-01T09:39:00,806.884,80.699,14.695,110.927,1.3073,CoAP,gateway
2025-01-01T16:38:00,147.539,27.828,6.214,5.896,1.1422,MQTT,actuator
2025-01-02T17:00:00,52.207,15.495,4.851,1.7,1.9952,MQTT,env_sensor
2025-01-01T00:23:00,26.81,255.155,1.536,0.073,3.0969,LoRaWAN,smart_meter
2025-01-02T05:29:00,1032.702,30.955,4.329,108.49,0.4,HTTPS,camera
2025-01-02T08:25:00,95.287,17.822,1.576,2.064,1.8336,MQTT,env_sensor
2025-01-02T14:44:00,8.0,72.001,9.069,117.651,2.1946,CoAP,gateway
2025-01-01T05:18:00,104.979,15.789,4.342,4.751,1.0177,MQTT,actuator
2025-01-02T01:36:00,2120.686,59.408,9.125,123.064,0.7765,HTTPS,camera
2025-01-01T20:40:00,789.816,40.739,3.474,118.319,0.0,HTTPS,gateway
2025-01-01T11:32:00,80.187,14.977,11.189,9.517,0.8925,MQTT,actuator
2025-01-01T15:09:00,112.023,1.0,0.1,12.079,0.8996,MQTT,actuator
2025-01-02T01:42:00,186.968,26.35,7.087,9.391,2.1322,MQTT,actuator
2025-01-01T19:57:00,27.219,99.309,1.429,0.309,6.9347,LoRaWAN,smart_meter
2025-01-02T01:29:00,77.157,12.801,5.179,3.035,2.0114,MQTT,env_sensor
2025-01-02T15:40:00,333.839,63.779,12.195,27.988,0.1822,CoAP,gateway
2025-01-01T11:23:00,861.464,30.383,3.51,54.646,1.4435,CoAP,gateway
2025-01-02T00:20:00,50.118,40.072,4.882,5.965,2.3863,MQTT,env_sensor
2025-01-02T15:01:00,69.841,36.162,4.408,0.903,2.2714,MQTT,env_sensor
2025-01-01T20:31:00,38.237,220.266,1.698,0.05,1.6983,LoRaWAN,smart_meter
2025-01-01T19:16:00,817.631,65.147,8.527,137.935,0.0,HTTPS,camera
2025-01-02T05:34:00,2250.328,35.545,4.022,144.085,0.7183,HTTPS,camera
2025-01-01T09:42:00,124.228,22.025,6.023,5.363,2.2797,MQTT,actuator
2025-01-01T19:26:00,1514.983,67.554,2.508,33.649,1.2062,MQTT,camera
2025-01-01T09:58:00,1672.671,82.0,5.341,39.742,0.0597,HTTPS,camera
2025-01-01T06:09:00,21.819,279.222,0.346,0.434,7.0495,LoRaWAN,smart_meter
2025-01-02T14:28:00,1022.175,22.915,14.352,22.867,1.8526,CoAP,gateway
2025-01-02T09:41:00,830.054,58.379,15.507,0.05,0.7019,CoAP,gateway
2025-01-01T05:18:00,73.636,17.979,0.317,1.221,1.3248,MQTT,env_sensor
2025-01-02T10:28:00,2061.596,25.113,9.755,144.116,0.7905,HTTPS,camera
2025-01-01T18:06:00,2016.376,35.398,7.264,0.05,1.0261,MQTT,camera
2025-01-01T08:10:00,85.893,24.464,2.152,3.765,0.5102,MQTT,actuator
2025-01-01T23:11:00,2386.032,130.076,6.952,228.942,1.0104,HTTPS,camera
2025-01-01T06:21:00,81.824,9.184,6.122,3.983,2.15,MQTT,actuator
2025-01-01T12:40:00,2030.431,39.179,2.753,119.983,1.1138,HTTPS,camera
2025-01-02T09:14:00,42.001,129.561,6.035,0.531,3.3197,LoRaWAN,smart_meter
2025-01-01T20:10:00,33.865,23.228,3.423,0.05,1.7729,MQTT,env_sensor
2025-01-02T05:07:00,71.328,13.437,3.517,1.552,1.793,MQTT,env_sensor
2025-01-01T14:58:00,53.205,25.1,6.869,5.717,2.5365,MQTT,env_sensor
2025-01-02T09:52:00,26.926,140.861,1.309,0.482,2.5965,LoRaWAN,smart_meter
2025-01-01T14:43:00,32.632,150.541,1.974,0.491,5.1973,LoRaWAN,smart_meter
2025-01-02T17:28:00,655.56,36.968,10.609,70.209,0.6414,HTTPS,gateway
2025-01-01T20:14:00,40.267,22.3,5.984,1.187,1.6735,MQTT,env_sensor
2025-01-01T12:36:00,27.452,89.552,2.556,0.32,0.5152,HTTPS,smart_meter
2025-01-01T16:13:00,1203.652,52.167,10.43,57.948,1.6641,HTTPS,gateway
2025-01-02T00:14:00,363.416,28.82,5.658,73.114,1.1694,CoAP,gateway
2025-01-01T12:45:00,51.002,2.89,5.483,4.29,0.0,MQTT,env_sensor
2025-01-01T10:01:00,98.083,14.096,5.433,8.191,0.8111,MQTT,actuator
2025-01-02T03:39:00,53.817,37.815,0.297,2.546,3.2217,MQTT,env_sensor
2025-01-02T03:38:00,2091.301,29.387,0.1,88.172,0.6191,HTTPS,camera
2025-01-01T17:03:00,1831.491,96.4,7.141,0.05,1.1746,CoAP,camera
2025-01-02T00:59:00,34.285,187.924,3.026,0.563,0.0,LoRaWAN,smart_meter
2025-01-02T10:01:00,122.297,16.694,5.489,10.174,0.0,CoAP,actuator
2025-01-02T08:22:00,8.0,95.109,1.061,0.605,2.3517,MQTT,smart_meter
2025-01-01T01:26:00,8.0,71.886,8.42,16.527,0.4901,CoAP,gateway
2025-01-01T12:54:00,71.444,34.895,2.152,5.163,1.1848,MQTT,env_sensor
2025-01-01T16:56:00,1603.627,74.65,3.593,201.402,1.493,HTTPS,camera
2025-01-01T01:49:00,73.171,29.901,6.855,76.989,0.9143,MQTT,gateway
2025-01-01T02:13:00,68.124,26.57,3.306,8.056,1.9945,MQTT,env_sensor
2025-01-02T00:35:00,30.025,46.113,3.023,7.569,0.5901,HTTPS,env_sensor
2025-01-01T03:14:00,2338.071,81.286,1.717,114.474,0.1513,HTTPS,camera
2025-01-02T04:34:00,441.975,4.609,0.1,119.875,0.6091,HTTPS,gateway
2025-01-02T02:46:00,2234.432,37.821,2.028,202.019,0.8235,HTTPS,camera
2025-01-01T13:26:00,2208.984,69.264,8.739,112.31,0.7422,HTTPS,camera
2025-01-02T16:37:00,88.478,11.49,3.49,1.563,0.2573,MQTT,env_sensor
2025-01-02T17:10:00,101.517,15.689,1.089,5.956,1.7163,MQTT,actuator
2025-01-02T06:48:00,1185.666,51.87,3.687,97.099,0.4082,HTTPS,gateway
2025-01-01T06:01:00,123.915,10.084,6.233,11.11,0.9006,MQTT,actuator
2025-01-02T17:06:00,143.318,14.038,5.296,4.305,0.6493,MQTT,actuator
2025-01-01T18:06:00,72.584,30.693,3.622,3.269,0.9396,MQTT,actuator
2025-01-02T02:39:00,1892.77,65.609,5.277,103.151,0.0,HTTPS,camera
2025-01-01T03:05:00,1181.879,32.602,0.276,89.312,0.9896,HTTPS,camera
2025-01-01T06:20:00,114.933,17.608,8.558,11.21,2.0584,MQTT,actuator
2025-01-01T16:50:00,441.256,29.128,7.772,114.1,2.5108,CoAP,gateway
2025-01-02T12:23:00,22.991,135.447,0.874,0.178,0.0,LoRaWAN,smart_meter
2025-01-02T06:50:00,1147.647,65.669,12.995,73.616,0.8756,HTTPS,gateway
2025-01-01T19:05:00,108.643,47.215,5.388,3.814,3.0062,MQTT,env_sensor
2025-01-01T22:44:00,97.076,14.319,3.936,3.161,1.8064,MQTT,env_sensor
2025-01-01T06:46:00,3361.394,2.883,4.696,98.073,0.1704,HTTPS,camera
2025-01-02T02:37:00,162.451,8.532,7.923,3.263,0.1206,MQTT,actuator
2025-01-01T09:24:00,793.995,20.379,8.71,94.315,1.9963,CoAP,gateway
2025-01-01T05:34:00,1862.493,12.253,7.12,114.989,1.1399,HTTPS,camera
2025-01-01T13:05:00,21.68,169.007,0.766,0.77,3.8582,LoRaWAN,smart_meter
2025-01-01T02:58:00,1172.661,40.598,0.675,79.147,0.6542,HTTPS,camera
2025-01-01T18:32:00,1462.161,77.356,10.62,81.984,0.6917,HTTPS,gateway
2025-01-02T07:33:00,31.031,160.091,2.228,0.05,0.0,LoRaWAN,smart_meter
2025-01-01T12:17:00,85.995,18.651,2.948,3.538,2.8641,MQTT,env_sensor
2025-01-01T07:45:00,1317.731,80.804,4.118,121.169,0.2669,HTTPS,camera
2025-01-02T01:41:00,120.189,15.799,6.703,5.442,0.0,MQTT,actuator
2025-01-01T15:35:00,894.046,27.814,0.528,117.103,2.2144,MQTT,gateway
2025-01-01T10:22:00,957.129,15.943,9.76,42.507,1.3495,CoAP,gateway
2025-01-01T03:50:00,1373.966,29.931,2.704,151.838,1.051,HTTPS,camera
2025-01-01T04:19:00,69.931,27.566,0.1,3.226,2.3687,MQTT,env_sensor
2025-01-02T06:13:00,9.852,34.296,0.1,10.077,0.662,HTTPS,env_sensor
2025-01-01T10:20:00,57.707,3.576,2.743,6.238,0.0,MQTT,env_sensor
2025-01-02T01:12:00,1575.342,1.0,13.916,81.453,0.6237,HTTPS,gateway
2025-01-01T23:50:00,8.0,33.16,11.047,97.292,1.9335,CoAP,gateway
2025-01-01T10:40:00,104.935,21.455,4.432,5.048,1.0951,MQTT,actuator
2025-01-02T00:35:00,1944.15,22.473,4.041,72.311,0.0564,HTTPS,camera
2025-01-01T09:00:00,1952.984,1.0,8.431,224.039,1.3589,MQTT,camera
2025-01-01T23:22:00,2050.333,33.688,0.1,70.704,0.9648,HTTPS,camera
2025-01-02T08:28:00,85.451,46.98,1.741,1.69,0.1329,MQTT,env_sensor
2025-01-02T14:28:00,45.63,26.233,5.954,0.05,1.1031,MQTT,env_sensor
2025-01-01T01:46:00,84.692,23.898,6.814,4.167,0.502,MQTT,env_sensor
2025-01-02T15:11:00,39.434,238.287,0.437,0.318,0.2788,LoRaWAN,smart_meter
2025-01-01T07:13:00,75.469,3.521,1.427,1.502,1.148,MQTT,env_sensor
2025-01-01T01:15:00,1680.876,48.026,5.876,132.694,0.6731,HTTPS,camera
2025-01-01T11:00:00,2818.304,50.481,7.742,73.227,1.3031,HTTPS,gateway
2025-01-01T15:53:00,552.694,31.344,9.702,47.223,1.647,CoAP,gateway
2025-01-01T19:09:00,26.632,159.074,2.236,0.05,0.0,LoRaWAN,smart_meter
2025-01-02T16:44:00,1483.516,114.911,3.78,135.201,1.2994,HTTPS,camera
2025-01-02T15:34:00,34.918,18.633,1.862,1.106,2.7672,MQTT,env_sensor
2025-01-02T13:24:00,30.815,93.045,3.154,0.05,4.0306,MQTT,smart_meter
2025-01-01T19:59:00,76.423,30.812,0.329,14.931,0.979,HTTPS,actuator
2025-01-02T12:11:00,109.855,20.916,3.854,9.31,0.8328,MQTT,actuator
2025-01-01T06:01:00,55.062,18.145,3.47,6.545,1.807,MQTT,env_sensor
2025-01-01T21:19:00,427.978,68.214,15.98,42.341,0.7078,CoAP,gateway
2025-01-01T05:02:00,50.507,28.107,2.605,3.617,2.4629,MQTT,env_sensor
2025-01-02T06:28:00,2070.967,66.655,4.473,136.693,0.4905,HTTPS,camera
2025-01-01T07:24:00,2136.697,37.402,4.457,129.75,1.2518,HTTPS,camera
2025-01-01T23:52:00,63.882,12.493,4.493,4.473,1.0331,MQTT,env_sensor
2025-01-02T02:36:00,1736.07,31.686,11.973,128.912,1.3894,HTTPS,gateway
2025-01-02T13:32:00,1128.826,73.873,4.292,124.616,0.3217,HTTPS,camera
2025-01-02T08:18:00,63.808,23.978,4.998,9.272,0.3213,MQTT,actuator
2025-01-01T21:59:00,107.711,14.184,6.619,3.401,0.9059,MQTT,actuator
2025-01-02T05:53:00,71.231,28.397,0.664,4.089,1.5341,MQTT,env_sensor
2025-01-02T10:55:00,29.451,128.044,0.639,0.568,0.0,LoRaWAN,smart_meter
2025-01-02T03:27:00,272.561,42.167,9.945,79.561,1.6383,CoAP,gateway
2025-01-01T14:29:00,764.79,86.215,12.563,93.777,0.4097,HTTPS,gateway
2025-01-01T05:31:00,68.268,34.267,4.799,3.385,0.6744,MQTT,env_sensor
2025-01-01T23:00:00,21.258,9.823,0.1,0.052,3.6061,MQTT,smart_meter
2025-01-02T15:06:00,95.764,19.154,3.625,7.804,0.3133,MQTT,actuator
2025-01-01T00:15:00,23.088,194.504,1.323,0.276,4.8911,LoRaWAN,smart_meter
2025-01-01T13:47:00,67.503,31.474,2.52,7.395,2.2368,MQTT,env_sensor
2025-01-01T09:30:00,1934.115,55.898,2.344,132.952,1.1453,HTTPS,camera
2025-01-01T21:20:00,382.366,41.694,1.743,71.737,2.169,HTTPS,gateway
2025-01-02T12:25:00,1108.989,32.84,2.961,0.05,1.4942,HTTPS,gateway
2025-01-02T09:19:00,93.047,14.89,3.227,6.666,0.6477,MQTT,actuator
2025-01-01T00:32:00,34.671,230.27,2.963,0.05,2.6319,LoRaWAN,smart_meter
2025-01-01T14:53:00,1459.539,12.956,5.351,58.465,0.8101,HTTPS,gateway
2025-01-02T02:57:00,27.56,220.568,3.378,0.157,2.8931,LoRaWAN,smart_meter
2025-01-01T07:42:00,863.129,56.648,4.343,91.71,3.164,MQTT,gateway
2025-01-01T21:19:00,17.565,109.361,0.411,0.083,4.6663,LoRaWAN,smart_meter
2025-01-02T02:44:00,125.042,21.179,10.606,7.635,0.8514,CoAP,actuator
2025-01-01T23:06:00,127.373,9.578,10.351,2.675,0.4056,MQTT,actuator
2025-01-02T09:50:00,965.017,43.638,6.996,141.635,1.1421,CoAP,camera
2025-01-02T14:36:00,46.548,42.083,0.503,1.673,0.1266,MQTT,env_sensor
2025-01-02T06:33:00,90.402,63.946,8.416,158.357,0.9725,MQTT,camera
2025-01-01T20:13:00,14.581,93.349,1.663,0.663,2.7833,MQTT,smart_meter
2025-01-02T05:02:00,1830.153,85.627,0.483,193.285,0.0,HTTPS,camera
2025-01-02T16:19:00,86.467,19.758,11.625,8.691,0.7271,MQTT,actuator
2025-01-02T00:19:00,90.413,25.519,2.923,0.05,1.7345,MQTT,env_sensor
2025-01-01T01:20:00,948.586,19.187,8.213,23.445,0.146,CoAP,gateway
2025-01-02T04:24:00,404.247,87.081,4.559,118.535,0.0,HTTPS,camera
2025-01-02T07:27:00,29.005,148.801,0.1,0.561,3.0858,LoRaWAN,smart_meter
2025-01-01T23:01:00,58.893,2.002,5.654,4.565,1.043,MQTT,actuator
2025-01-02T11:24:00,23.311,40.192,2.123,0.507,7.1278,LoRaWAN,smart_meter
2025-01-01T01:20:00,76.837,27.948,0.1,0.05,0.0,MQTT,env_sensor
2025-01-02T17:21:00,157.808,18.002,2.699,0.05,0.6506,MQTT,actuator
2025-01-01T04:17:00,45.523,121.602,2.977,0.808,5.8765,LoRaWAN,smart_meter
2025-01-01T05:21:00,26.87,107.32,2.222,0.663,1.6887,MQTT,smart_meter
2025-01-02T06:39:00,41.432,14.492,2.073,8.707,0.0,MQTT,actuator
2025-01-01T21:59:00,158.819,35.789,8.096,12.45,1.1522,CoAP,gateway
2025-01-01T13:11:00,32.171,223.775,3.038,0.094,3.7488,LoRaWAN,smart_meter
2025-01-02T15:36:00,2463.566,46.556,7.052,255.65,0.1429,HTTPS,camera
2025-01-02T09:48:00,1052.926,82.065,3.948,178.685,1.2298,HTTPS,camera
2025-01-01T01:11:00,1822.494,68.796,2.924,220.865,0.255,HTTPS,camera
2025-01-01T13:06:00,121.666,73.1,13.523,17.939,1.0263,CoAP,gateway
2025-01-02T13:03:00,118.097,5.953,5.569,6.179,0.8652,MQTT,actuator
2025-01-01T19:32:00,1027.403,56.754,19.691,18.779,1.0887,CoAP,gateway
2025-01-02T06:24:00,48.941,26.39,2.613,4.027,0.0,MQTT,env_sensor
2025-01-01T16:26:00,1602.112,64.88,12.795,78.533,0.1799,HTTPS,gateway
2025-01-02T11:15:00,27.205,5.366,4.822,5.849,0.0,MQTT,env_sensor
2025-01-02T09:07:00,3213.027,41.828,7.339,58.087,0.8845,HTTPS,camera
2025-01-01T07:25:00,29.408,157.447,3.697,0.641,5.5838,LoRaWAN,smart_meter
2025-01-01T01:47:00,87.753,19.608,13.203,6.132,0.7633,MQTT,actuator
2025-01-01T00:29:00,892.895,73.193,3.016,234.314,1.0241,HTTPS,camera
2025-01-02T12:54:00,105.172,16.916,8.353,6.916,1.1571,MQTT,actuator
2025-01-01T11:41:00,50.691,19.15,0.61,2.771,0.0,MQTT,env_sensor
2025-01-01T17:41:00,1536.477,43.732,9.183,50.258,0.4204,HTTPS,camera
2025-01-02T06:09:00,16.34,28.881,5.214,5.275,3.5806,MQTT,env_sensor
2025-01-02T13:52:00,134.036,27.693,4.913,12.137,0.3034,MQTT,actuator
2025-01-02T03:41:00,646.265,58.916,1.887,22.917,1.7913,CoAP,gateway
2025-01-02T03:25:00,65.139,39.745,3.217,3.316,1.2682,MQTT,env_sensor
2025-01-02T15:02:00,72.862,44.728,1.985,1.277,1.7644,MQTT,env_sensor
2025-01-02T08:53:00,173.896,32.095,8.231,103.471,0.298,HTTPS,gateway
2025-01-01T16:10:00,122.617,20.543,5.322,11.656,0.5848,MQTT,actuator
2025-01-01T19:11:00,33.523,229.079,0.778,0.836,3.3147,LoRaWAN,smart_meter
2025-01-02T08:20:00,92.035,20.839,4.736,4.58,0.676,MQTT,actuator
2025-01-01T10:13:00,763.468,51.814,8.397,0.05,0.21,HTTPS,gateway
2025-01-02T12:41:00,608.939,40.476,4.63,145.24,0.8714,HTTPS,camera
2025-01-02T01:50:00,129.814,5.093,7.215,6.819,0.9758,MQTT,actuator
2025-01-02T13:50:00,58.86,25.625,3.496,0.958,0.3891,MQTT,env_sensor
2025-01-02T07:08:00,42.287,131.061,4.239,0.34,5.4517,LoRaWAN,smart_meter
2025-01-01T06:42:00,28.932,73.866,2.264,0.136,4.688,MQTT,smart_meter
2025-01-02T03:08:00,52.759,40.303,0.1,3.413,1.0297,MQTT,env_sensor
2025-01-02T08:04:00,70.297,16.042,2.246,6.281,1.8453,MQTT,env_sensor
2025-01-02T04:38:00,27.463,130.389,0.1,0.249,1.3618,LoRaWAN,smart_meter
2025-01-02T03:20:00,128.454,37.472,9.661,12.867,1.041,MQTT,actuator
2025-01-01T08:55:00,57.992,39.647,0.873,5.499,1.2604,MQTT,env_sensor
2025-01-01T01:38:00,248.373,24.891,7.003,149.425,0.0,CoAP,gateway
2025-01-02T11:05:00,102.598,10.761,4.384,6.776,0.5988,MQTT,actuator
2025-01-01T08:34:00,1778.642,53.193,1.708,108.565,0.4233,HTTPS,camera
2025-01-01T19:31:00,752.465,80.751,3.018,95.022,1.1197,MQTT,camera
2025-01-02T07:28:00,16.382,23.937,0.1,5.014,2.0916,MQTT,env_sensor
2025-01-02T13:05:00,2048.728,91.086,5.285,162.859,1.3216,HTTPS,camera
2025-01-02T00:03:00,692.24,43.311,0.1,65.642,0.8265,HTTPS,gateway
2025-01-02T05:01:00,2238.939,68.148,2.385,114.524,0.0,HTTPS,camera
2025-01-01T02:33:00,1590.535,97.265,7.127,85.513,0.9445,HTTPS,camera
2025-01-01T00:59:00,353.005,74.853,6.674,69.584,2.1313,CoAP,gateway
2025-01-01T17:51:00,122.579,7.431,9.088,3.756,1.1619,MQTT,actuator
2025-01-01T16:43:00,112.486,26.669,2.429,2.865,0.071,MQTT,actuator
2025-01-01T05:04:00,2142.457,56.556,6.406,24.815,0.8725,HTTPS,camera
2025-01-01T05:25:00,26.15,232.021,2.661,0.42,2.318,LoRaWAN,smart_meter
2025-01-01T13:49:00,495.355,64.265,10.046,61.313,1.2693,CoAP,gateway
2025-01-02T09:02:00,19.539,37.869,4.268,6.794,0.8321,HTTPS,env_sensor
2025-01-01T10:22:00,31.714,175.863,2.403,0.797,5.3193,LoRaWAN,smart_meter
2025-01-01T09:21:00,147.642,24.405,7.749,7.434,0.9437,MQTT,actuator
2025-01-02T12:52:00,41.239,77.129,2.415,0.278,1.4323,MQTT,smart_meter
2025-01-01T18:24:00,742.837,30.861,7.825,68.713,1.0564,CoAP,gateway
2025-01-02T16:55:00,8.0,20.2,10.427,72.307,1.6809,MQTT,gateway
2025-01-01T20:20:00,136.914,17.211,11.177,7.425,1.1811,CoAP,actuator
2025-01-02T15:13:00,80.967,37.004,3.962,1.364,0.5199,MQTT,env_sensor
2025-01-01T06:55:00,82.968,22.818,4.604,4.553,0.6748,MQTT,env_sensor
2025-01-01T13:16:00,2093.772,74.327,2.602,130.474,0.8132,HTTPS,camera
2025-01-02T13:54:00,169.885,26.389,6.964,6.748,0.5279,MQTT,actuator
2025-01-01T19:36:00,30.22,120.997,2.634,0.837,3.2106,LoRaWAN,smart_meter
2025-01-01T05:57:00,135.967,1.0,6.064,14.218,0.0966,MQTT,actuator
2025-01-02T11:00:00,1377.042,31.422,3.974,103.518,2.1799,HTTPS,gateway
2025-01-01T00:20:00,1646.316,7.625,6.852,108.744,0.1287,HTTPS,camera
2025-01-02T12:22:00,20.767,188.921,4.021,0.608,3.7719,LoRaWAN,smart_meter
2025-01-01T21:10:00,942.023,59.902,7.185,70.287,0.7414,HTTPS,camera
2025-01-02T13:26:00,1698.263,59.62,1.481,51.411,0.814,HTTPS,camera
2025-01-02T02:30:00,17.405,195.912,4.135,0.08,2.1069,LoRaWAN,smart_meter
2025-01-01T22:05:00,1016.41,56.667,4.576,68.206,1.2739,CoAP,camera
2025-01-02T01:15:00,1473.327,1.144,0.1,9.5,0.1243,MQTT,gateway
2025-01-01T23:18:00,17.055,225.918,1.553,0.44,5.3712,LoRaWAN,smart_meter
2025-01-01T20:03:00,26.673,169.436,0.1,0.416,3.3684,LoRaWAN,smart_meter
2025-01-02T00:25:00,59.599,32.985,3.6,5.312,3.276,MQTT,env_sensor
2025-01-02T12:53:00,71.248,17.171,3.464,2.489,1.549,MQTT,env_sensor
2025-01-01T20:59:00,20.654,42.477,1.482,3.614,0.8431,MQTT,env_sensor
2025-01-02T14:41:00,75.673,22.725,2.669,2.515,1.9417,MQTT,env_sensor
2025-01-01T18:04:00,107.363,14.567,7.37,2.856,1.11,MQTT,actuator
2025-01-01T00:33:00,40.179,31.93,5.217,3.486,0.0,MQTT,env_sensor
2025-01-02T08:09:00,57.931,29.959,4.314,0.905,0.801,MQTT,env_sensor
2025-01-01T06:24:00,182.007,24.179,5.027,15.454,0.0,CoAP,actuator
2025-01-02T15:25:00,1229.882,41.79,13.418,81.287,1.434,HTTPS,gateway
2025-01-01T12:00:00,58.373,21.747,0.1,6.69,0.1955,MQTT,env_sensor
2025-01-01T10:28:00,32.312,140.716,0.576,0.132,0.26,LoRaWAN,smart_meter
2025-01-01T12:33:00,142.665,15.639,2.995,15.958,1.0354,MQTT,actuator
2025-01-01T12:22:00,1512.509,45.517,4.129,0.05,0.8841,HTTPS,gateway
2025-01-02T07:49:00,117.15,1.0,8.597,7.346,0.0,MQTT,actuator
2025-01-02T02:31:00,1468.515,31.754,24.618,27.042,2.0458,CoAP,gateway
2025-01-02T09:37:00,128.884,8.223,3.473,11.662,1.317,MQTT,actuator
2025-01-01T14:00:00,107.348,20.289,5.994,13.016,0.9729,CoAP,actuator
2025-01-01T20:30:00,75.194,34.34,0.271,6.746,2.3742,MQTT,env_sensor
2025-01-02T13:25:00,483.043,21.974,14.07,39.252,2.1799,CoAP,gateway
2025-01-02T02:15:00,86.767,28.648,4.801,7.416,1.1295,MQTT,actuator
2025-01-02T03:47:00,9.496,284.176,0.449,0.05,7.7497,LoRaWAN,smart_meter
2025-01-01T21:53:00,131.252,35.04,8.042,9.247,1.1204,CoAP,actuator
2025-01-02T16:36:00,972.609,58.055,14.595,56.933,0.766,HTTPS,gateway
2025-01-01T05:49:00,79.697,16.227,4.241,11.391,1.7453,MQTT,env_sensor
2025-01-02T12:15:00,102.399,21.876,10.237,3.967,0.1356,MQTT,actuator
2025-01-01T13:34:00,1126.512,66.338,7.052,42.543,1.8595,CoAP,gateway
2025-01-01T19:38:00,110.088,10.721,7.691,8.3,0.5502,MQTT,actuator
2025-01-02T04:41:00,464.855,36.379,17.417,100.164,0.0,HTTPS,gateway
2025-01-01T12:56:00,1322.613,63.667,2.494,68.122,0.6134,HTTPS,camera
2025-01-02T09:06:00,89.08,17.457,6.984,4.753,0.0,MQTT,actuator
2025-01-01T19:48:00,1399.77,60.338,0.1,122.742,0.7943,HTTPS,camera
2025-01-02T00:11:00,58.867,35.43,0.842,7.954,0.5531,MQTT,env_sensor
2025-01-01T19:41:00,1416.357,25.829,9.873,105.143,2.3544,HTTPS,gateway
2025-01-01T10:30:00,1273.23,50.048,7.756,69.938,1.4265,HTTPS,gateway
2025-01-01T14:18:00,57.084,21.678,8.626,13.108,0.6653,CoAP,actuator
2025-01-01T22:26:00,181.497,17.254,6.136,8.434,0.9145,CoAP,actuator
2025-01-01T23:15:00,48.373,52.052,10.429,0.05,0.0,LoRaWAN,gateway
2025-01-02T07:51:00,98.917,7.734,2.137,5.604,1.0179,MQTT,env_sensor
2025-01-02T16:00:00,1493.765,85.198,7.681,0.05,0.6602,HTTPS,camera
2025-01-01T14:24:00,144.997,23.408,4.261,9.487,2.1331,MQTT,actuator
2025-01-01T08:58:00,1406.046,36.749,1.994,85.449,1.323,HTTPS,camera
2025-01-01T12:12:00,8.0,32.125,2.975,23.298,2.1424,MQTT,gateway
2025-01-01T05:06:00,107.7,32.766,4.197,12.261,1.3614,MQTT,actuator
2025-01-01T19:49:00,89.496,39.972,3.583,9.276,2.2894,MQTT,env_sensor
2025-01-02T03:32:00,74.306,38.33,0.1,51.65,0.5547,HTTPS,gateway
2025-01-02T15:36:00,1861.78,35.4,7.418,38.33,1.1213,CoAP,gateway
2025-01-02T01:14:00,27.415,189.145,3.266,0.52,1.8709,LoRaWAN,smart_meter
2025-01-02T05:09:00,84.55,16.4,2.647,9.674,0.0385,MQTT,actuator
2025-01-01T10:22:00,1278.05,85.723,4.413,185.747,0.8643,HTTPS,camera
2025-01-01T00:25:00,2025.556,92.059,5.601,80.733,0.0,HTTPS,camera
2025-01-01T06:28:00,78.525,41.071,0.874,0.05,2.0711,MQTT,env_sensor
2025-01-01T07:56:00,793.826,24.47,0.829,45.86,1.822,CoAP,gateway
2025-01-01T19:32:00,2058.159,73.515,4.723,99.462,0.0,HTTPS,camera
2025-01-01T20:15:00,28.428,141.923,3.42,0.253,3.6964,LoRaWAN,smart_meter
2025-01-02T12:37:00,540.453,52.534,3.39,182.43,0.859,HTTPS,camera
2025-01-01T04:33:00,551.197,72.985,4.313,43.116,1.4165,MQTT,camera
2025-01-01T06:30:00,108.875,9.409,6.416,6.106,1.2331,MQTT,env_sensor
2025-01-01T12:08:00,31.323,68.912,1.22,0.496,2.6323,MQTT,smart_meter
2025-01-01T06:34:00,32.866,145.273,1.15,0.89,2.4426,LoRaWAN,smart_meter
2025-01-01T13:24:00,1763.595,42.802,1.908,222.077,0.8039,HTTPS,camera
2025-01-01T06:19:00,35.13,165.839,2.528,0.05,1.1601,LoRaWAN,smart_meter
2025-01-01T01:25:00,18.13,188.811,0.1,0.05,2.5311,LoRaWAN,smart_meter
2025-01-02T07:54:00,45.505,11.761,3.208,8.284,1.2219,MQTT,env_sensor
2025-01-01T21:39:00,126.268,85.321,10.619,0.05,1.4881,CoAP,gateway
2025-01-02T15:40:00,92.201,19.542,9.365,8.927,0.5938,MQTT,actuator
2025-01-02T13:03:00,31.881,207.14,0.1,0.64,0.0909,LoRaWAN,smart_meter
2025-01-01T02:03:00,80.858,1.0,3.5,5.813,1.3012,MQTT,env_sensor
2025-01-01T05:42:00,31.557,245.155,1.608,0.05,4.1706,MQTT,smart_meter
2025-01-01T22:18:00,99.898,16.88,0.1,4.869,2.5531,MQTT,actuator
2025-01-02T09:43:00,85.11,1.0,2.402,4.995,1.2913,MQTT,env_sensor
2025-01-01T10:14:00,24.675,170.671,3.698,0.74,4.9072,LoRaWAN,smart_meter
2025-01-02T15:24:00,118.119,15.435,6.361,9.938,0.6186,MQTT,actuator
2025-01-01T12:20:00,35.987,36.836,3.614,10.544,0.627,HTTPS,env_sensor
2025-01-01T01:34:00,97.207,21.853,3.461,0.05,2.0647,MQTT,env_sensor
2025-01-02T05:08:00,28.06,202.313,1.485,0.629,0.8335,LoRaWAN,smart_meter
2025-01-01T11:28:00,64.332,14.118,5.84,5.295,2.045,MQTT,env_sensor
2025-01-01T19:43:00,48.006,48.191,3.225,0.5,2.0084,MQTT,env_sensor
2025-01-01T14:37:00,46.966,76.467,9.926,77.103,1.117,CoAP,camera
2025-01-01T15:36:00,1278.948,85.539,2.294,4.399,1.0663,MQTT,camera
2025-01-01T23:45:00,97.174,27.46,9.78,11.228,1.7618,CoAP,actuator
2025-01-01T07:52:00,11.219,25.145,2.203,7.271,0.7886,MQTT,env_sensor
2025-01-01T17:33:00,2341.672,76.69,2.494,25.127,0.7386,HTTPS,camera
2025-01-01T07:40:00,1745.451,74.747,8.736,190.879,1.3283,HTTPS,camera
2025-01-02T06:33:00,25.362,196.315,2.455,0.528,4.8333,LoRaWAN,smart_meter
2025-01-02T15:21:00,1565.284,44.986,6.378,19.729,3.4969,CoAP,gateway
2025-01-01T13:03:00,1176.718,34.866,0.1,110.612,0.9155,HTTPS,camera
2025-01-02T08:57:00,53.698,23.468,4.555,0.05,0.0,MQTT,env_sensor
2025-01-01T06:24:00,28.636,214.952,1.701,0.563,7.0746,LoRaWAN,smart_meter
2025-01-01T01:39:00,127.943,20.449,4.506,12.774,0.7699,MQTT,actuator
2025-01-02T12:32:00,21.16,220.758,2.761,0.45,2.8009,LoRaWAN,smart_meter
2025-01-01T10:17:00,33.253,120.589,0.627,0.661,3.6613,LoRaWAN,smart_meter
2025-01-01T04:58:00,1079.837,53.315,11.813,62.582,1.9979,HTTPS,gateway
2025-01-01T03:56:00,1816.363,43.182,13.725,108.97,2.7823,HTTPS,gateway
2025-01-01T04:01:00,1652.753,18.907,9.973,14.914,0.0,HTTPS,gateway
2025-01-01T15:07:00,99.615,17.94,4.338,8.723,0.0,MQTT,actuator
2025-01-01T19:42:00,586.232,38.176,7.881,146.489,0.9657,HTTPS,gateway
2025-01-01T05:01:00,1162.493,81.622,9.451,0.05,0.9429,HTTPS,camera
2025-01-01T11:44:00,2788.496,26.487,0.1,88.387,0.4919,HTTPS,camera
2025-01-02T08:55:00,33.844,25.129,3.686,3.667,0.1667,MQTT,env_sensor
2025-01-02T03:32:00,109.283,20.267,0.118,0.05,2.7329,MQTT,env_sensor
2025-01-01T09:45:00,29.837,130.793,2.829,0.243,1.2693,LoRaWAN,smart_meter
2025-01-01T19:08:00,47.417,10.496,4.758,2.839,0.0,MQTT,env_sensor
2025-01-02T09:39:00,96.167,43.909,0.832,0.413,1.2487,MQTT,env_sensor
2025-01-02T00:13:00,33.667,192.785,1.429,0.625,3.39,LoRaWAN,smart_meter
2025-01-01T16:28:00,56.023,35.937,12.057,4.455,0.0,MQTT,actuator
2025-01-01T06:02:00,67.208,11.99,0.708,2.802,2.5792,MQTT,env_sensor
2025-01-02T15:21:00,37.352,51.656,0.369,5.861,0.0,HTTPS,env_sensor
2025-01-01T20:01:00,100.751,11.13,3.596,3.918,1.9497,MQTT,env_sensor
2025-01-01T11:41:00,2259.676,96.699,3.154,218.313,0.6955,HTTPS,camera
2025-01-01T00:02:00,57.247,13.087,9.058,4.281,0.388,MQTT,actuator
2025-01-01T21:23:00,735.573,45.09,11.311,0.05,0.9979,HTTPS,camera
2025-01-01T06:09:00,152.302,14.231,2.078,7.613,0.0,MQTT,actuator
2025-01-01T10:34:00,94.134,7.556,4.029,8.308,0.0,MQTT,actuator
2025-01-02T17:05:00,81.301,46.78,0.477,0.05,1.7918,MQTT,env_sensor
2025-01-02T08:06:00,1648.268,66.59,11.064,172.752,0.4288,HTTPS,camera
2025-01-01T02:19:00,45.107,48.493,0.827,7.025,0.894,MQTT,env_sensor
2025-01-02T02:18:00,1381.95,47.982,11.148,39.584,2.7224,CoAP,gateway
2025-01-02T00:32:00,1068.56,33.453,5.689,91.176,0.0,HTTPS,camera
2025-01-01T03:49:00,94.962,40.269,3.061,7.17,1.3013,MQTT,env_sensor
2025-01-01T02:57:00,726.64,61.592,2.819,72.397,0.8044,HTTPS,camera
2025-01-01T01:16:00,132.804,19.898,9.08,9.295,0.0,MQTT,actuator
2025-01-01T03:04:00,588.476,83.455,3.547,27.352,1.6321,CoAP,gateway
2025-01-02T06:01:00,1895.405,29.794,3.536,120.638,1.3917,HTTPS,camera
2025-01-02T16:00:00,76.07,14.939,15.099,9.249,0.7906,CoAP,actuator
2025-01-02T11:46:00,16.142,249.782,4.128,0.099,3.0393,LoRaWAN,smart_meter
2025-01-02T01:56:00,77.054,61.907,10.987,97.019,1.6026,MQTT,gateway
2025-01-02T02:33:00,1271.166,25.051,3.433,61.488,0.5731,HTTPS,camera
2025-01-01T15:44:00,24.76,170.613,1.64,0.907,2.537,MQTT,smart_meter
2025-01-01T13:47:00,79.491,20.837,2.823,7.152,1.2312,MQTT,actuator
2025-01-02T16:50:00,70.25,20.987,6.213,3.562,1.9507,MQTT,actuator
2025-01-02T03:20:00,58.532,19.186,3.477,4.191,2.66,MQTT,env_sensor
2025-01-02T10:15:00,25.806,154.625,0.474,0.513,3.4128,LoRaWAN,smart_meter
2025-01-02T07:41:00,58.952,27.207,3.275,6.492,0.0213,MQTT,env_sensor
2025-01-01T19:28:00,116.737,21.726,9.734,7.179,0.1758,CoAP,actuator
2025-01-01T02:46:00,54.368,28.379,6.887,0.966,2.5698,CoAP,env_sensor
2025-01-01T07:35:00,739.846,19.557,2.178,0.05,1.4346,MQTT,camera
2025-01-01T22:29:00,36.134,45.259,6.704,0.956,1.7927,CoAP,env_sensor
2025-01-02T09:47:00,72.885,26.971,0.524,4.667,0.0,MQTT,env_sensor
2025-01-02T13:11:00,115.613,33.461,5.154,7.464,0.5485,MQTT,env_sensor
2025-01-02T13:38:00,2842.516,53.013,1.815,150.51,1.8163,HTTPS,camera
2025-01-02T07:19:00,65.778,41.175,2.303,5.208,2.5788,MQTT,env_sensor
2025-01-02T15:10:00,2988.893,85.588,7.481,95.466,0.9307,HTTPS,camera
2025-01-01T07:43:00,1451.814,15.324,5.97,15.264,0.5764,HTTPS,gateway
2025-01-01T14:36:00,91.76,26.871,3.6,2.203,2.9183,MQTT,env_sensor
2025-01-01T09:24:00,117.419,11.148,1.764,11.95,0.8748,MQTT,actuator
2025-01-02T17:31:00,77.774,20.861,1.869,4.303,0.969,MQTT,env_sensor
2025-01-01T07:06:00,136.778,13.505,9.947,1.881,0.76,MQTT,actuator
2025-01-02T04:22:00,76.893,19.596,3.186,0.909,1.3406,MQTT,env_sensor
2025-01-01T14:35:00,136.102,16.06,6.984,15.628,1.2032,MQTT,actuator
2025-01-02T05:22:00,1202.991,62.736,1.17,90.41,0.0,HTTPS,camera
2025-01-02T06:39:00,88.148,32.947,3.889,0.344,1.7593,MQTT,env_sensor
2025-01-01T11:11:00,1305.117,63.43,0.236,194.67,1.2282,HTTPS,camera
2025-01-02T11:20:00,1898.893,65.658,2.798,163.211,0.5518,HTTPS,camera
2025-01-02T04:54:00,2609.876,69.473,2.462,193.359,0.9444,HTTPS,camera
2025-01-01T06:12:00,47.533,16.075,0.574,7.092,1.265,MQTT,env_sensor
2025-01-01T13:26:00,131.329,23.733,0.1,10.292,0.2966,MQTT,actuator
2025-01-02T09:23:00,125.27,24.066,5.253,9.224,1.9115,MQTT,env_sensor
2025-01-02T09:32:00,83.048,23.629,0.755,6.536,1.8127,MQTT,env_sensor
2025-01-02T10:35:00,45.84,142.551,0.178,0.274,6.0632,LoRaWAN,smart_meter
2025-01-02T02:28:00,84.222,27.448,2.371,8.967,1.1484,MQTT,env_sensor
2025-01-02T16:16:00,1063.579,57.346,6.519,88.152,0.8216,HTTPS,gateway
2025-01-01T11:04:00,714.101,37.028,9.36,5.934,0.0,CoAP,gateway
2025-01-02T05:51:00,31.95,219.629,1.983,0.429,5.6353,LoRaWAN,smart_meter
2025-01-01T04:43:00,2443.066,108.94,7.419,0.05,0.0,HTTPS,camera
2025-01-02T02:06:00,34.634,113.993,0.565,0.449,6.7497,LoRaWAN,smart_meter
2025-01-01T03:54:00,42.173,17.979,0.952,0.664,1.6882,MQTT,env_sensor
2025-01-01T08:06:00,86.561,8.71,5.978,0.177,0.5825,MQTT,env_sensor
2025-01-01T20:59:00,747.958,18.111,8.587,28.978,0.0,CoAP,gateway
2025-01-01T15:25:00,615.335,19.503,9.409,222.885,1.5327,CoAP,camera
2025-01-01T22:41:00,145.663,11.927,3.257,14.541,0.3558,MQTT,actuator
2025-01-02T06:20:00,112.607,16.773,4.909,1.991,2.1698,MQTT,env_sensor
2025-01-01T07:50:00,145.153,25.777,7.436,3.927,1.737,MQTT,actuator
2025-01-02T10:48:00,1462.925,26.827,1.797,173.76,0.8595,HTTPS,camera
2025-01-01T01:35:00,103.279,19.532,6.068,11.397,1.2033,MQTT,actuator
2025-01-01T23:44:00,19.024,266.064,1.712,0.175,2.1527,LoRaWAN,smart_meter
2025-01-01T02:21:00,1233.092,40.396,1.582,51.307,2.0969,HTTPS,gateway
2025-01-01T02:56:00,1350.8,22.067,11.855,122.566,2.2867,HTTPS,gateway
2025-01-02T00:53:00,86.507,3.632,2.337,5.844,1.6233,MQTT,env_sensor
2025-01-02T17:39:00,688.707,58.524,3.127,120.177,1.1297,HTTPS,camera
2025-01-01T00:01:00,90.532,36.24,8.607,16.064,0.5495,MQTT,actuator
2025-01-01T15:39:00,1981.034,32.762,0.469,68.324,1.5548,HTTPS,camera
2025-01-01T19:21:00,1922.059,61.457,5.466,265.55,0.4059,HTTPS,camera
2025-01-02T05:57:00,62.929,13.681,1.456,2.945,1.9205,MQTT,env_sensor
2025-01-01T10:35:00,21.892,169.372,3.008,0.567,3.1356,LoRaWAN,smart_meter
2025-01-02T12:36:00,610.607,46.166,13.443,42.801,2.1812,CoAP,gateway
2025-01-02T05:43:00,85.149,19.563,6.95,4.992,0.0,MQTT,env_sensor
2025-01-02T03:15:00,8.0,18.033,5.123,9.407,0.6329,CoAP,env_sensor
2025-01-02T00:14:00,16.917,20.207,0.1,0.05,1.7659,MQTT,env_sensor
2025-01-02T14:07:00,76.474,22.255,3.429,3.479,1.6847,MQTT,env_sensor
2025-01-02T13:59:00,24.253,31.852,0.701,6.001,1.3664,MQTT,env_sensor
2025-01-01T23:42:00,44.191,118.741,1.776,0.461,3.9438,LoRaWAN,smart_meter
2025-01-01T08:45:00,135.242,18.36,5.349,11.07,0.7392,MQTT,actuator
2025-01-01T21:17:00,8.0,21.25,6.757,6.777,2.8395,MQTT,env_sensor
2025-01-01T15:41:00,63.416,8.601,9.275,10.121,0.0592,MQTT,actuator
2025-01-01T02:43:00,2976.768,78.721,0.337,153.095,0.6928,HTTPS,camera
2025-01-02T10:37:00,843.776,38.476,2.158,126.016,0.5381,HTTPS,camera
2025-01-02T12:35:00,423.052,6.433,9.14,0.05,1.5741,CoAP,gateway
2025-01-01T14:54:00,91.556,18.566,3.237,10.878,1.4451,MQTT,actuator
2025-01-01T08:09:00,19.12,172.294,3.14,0.215,5.003,LoRaWAN,smart_meter
2025-01-01T07:11:00,842.834,53.683,0.1,0.05,1.0023,MQTT,gateway
2025-01-02T17:35:00,69.013,16.477,3.161,5.067,1.6705,MQTT,env_sensor
2025-01-02T13:51:00,24.102,260.573,2.564,0.084,1.7746,LoRaWAN,smart_meter
2025-01-02T01:55:00,602.832,67.671,10.177,27.152,1.5829,CoAP,gateway
2025-01-02T05:16:00,102.848,15.205,3.672,3.885,0.1099,MQTT,actuator
2025-01-02T12:48:00,2099.511,84.892,2.532,253.099,1.5,HTTPS,camera
2025-01-02T00:10:00,128.895,36.785,2.791,7.935,0.0,MQTT,actuator
2025-01-01T01:00:00,52.799,14.154,5.678,5.213,0.5431,MQTT,env_sensor
2025-01-02T04:41:00,1845.009,87.827,6.939,137.722,1.0977,HTTPS,camera
2025-01-01T06:59:00,699.746,46.993,10.821,76.786,0.6873,HTTPS,camera
2025-01-01T04:23:00,33.274,140.419,4.211,0.437,2.4475,LoRaWAN,smart_meter
2025-01-02T10:39:00,110.568,14.118,12.914,11.193,0.0309,MQTT,actuator
2025-01-01T16:24:00,101.05,10.013,8.285,0.05,1.7955,MQTT,actuator
2025-01-01T10:58:00,17.0,187.186,4.472,0.188,6.5963,LoRaWAN,smart_meter
2025-01-02T00:22:00,24.591,249.328,2.356,0.183,1.1494,LoRaWAN,smart_meter
2025-01-01T12:51:00,18.123,189.17,1.191,0.213,3.0049,LoRaWAN,smart_meter
2025-01-01T11:09:00,1569.278,22.794,0.477,76.558,0.0209,HTTPS,gateway
2025-01-02T09:22:00,27.826,139.551,1.445,0.132,4.8689,LoRaWAN,smart_meter
2025-01-01T00:10:00,556.278,58.362,4.74,5.921,1.1011,MQTT,gateway
2025-01-02T13:14:00,118.841,26.425,0.232,7.254,2.2819,MQTT,env_sensor
2025-01-01T08:09:00,126.431,1.0,6.272,11.946,1.5119,MQTT,actuator
2025-01-01T10:25:00,44.915,17.284,5.916,5.906,1.5583,MQTT,env_sensor
2025-01-01T16:46:00,1647.14,78.946,6.787,132.036,0.0,HTTPS,camera
2025-01-01T13:28:00,97.653,15.018,9.505,16.34,0.3298,MQTT,actuator
2025-01-01T20:52:00,517.796,45.304,13.145,55.145,1.503,CoAP,gateway
2025-01-01T11:40:00,59.551,31.491,1.899,5.994,0.783,MQTT,env_sensor
2025-01-01T11:39:00,1208.5,37.817,11.181,40.92,1.2904,CoAP,gateway
2025-01-01T08:55:00,982.486,26.399,13.441,45.47,0.0,CoAP,gateway
2025-01-01T04:35:00,700.288,74.373,2.715,38.888,0.0,HTTPS,gateway
2025-01-01T20:44:00,650.565,76.008,2.174,187.756,0.4321,HTTPS,camera
2025-01-02T16:29:00,1999.03,43.034,0.1,277.843,0.0,HTTPS,camera
2025-01-02T15:51:00,59.742,50.527,4.66,4.402,0.0,MQTT,env_sensor
2025-01-01T17:12:00,143.763,7.236,0.889,3.199,1.9617,MQTT,actuator
2025-01-02T10:22:00,1707.79,66.087,0.952,151.625,0.0,HTTPS,camera
2025-01-02T01:02:00,149.671,10.841,4.522,8.721,0.4619,MQTT,actuator
2025-01-01T19:23:00,1114.367,32.095,0.1,73.462,1.4968,HTTPS,gateway
2025-01-01T22:00:00,1251.869,17.222,8.442,92.381,1.4179,HTTPS,gateway
2025-01-02T13:16:00,106.808,25.443,8.825,8.063,1.251,MQTT,actuator
2025-01-01T20:46:00,1621.832,41.714,0.1,110.462,0.4804,HTTPS,camera
2025-01-01T16:05:00,885.592,43.263,7.275,32.04,0.5281,CoAP,gateway
2025-01-02T08:14:00,180.618,37.864,7.177,13.089,1.8414,MQTT,gateway
2025-01-01T06:02:00,76.617,20.273,0.1,4.341,0.3212,MQTT,actuator
2025-01-02T06:06:00,728.55,33.31,9.488,171.045,0.5279,HTTPS,gateway
2025-01-02T11:06:00,51.525,18.528,10.482,11.248,0.8402,MQTT,actuator
2025-01-01T00:44:00,2766.534,39.753,3.697,0.05,0.6056,HTTPS,camera
2025-01-01T15:06:00,82.928,19.606,6.699,11.635,0.094,MQTT,actuator
2025-01-01T11:49:00,1468.741,83.976,3.712,40.888,0.1823,HTTPS,camera
2025-01-01T09:47:00,77.794,25.855,5.736,20.468,1.5286,MQTT,actuator
2025-01-02T16:41:00,589.441,17.016,1.852,87.583,1.4819,MQTT,gateway
2025-01-01T13:03:00,159.638,61.512,5.387,127.705,1.8242,MQTT,gateway
2025-01-01T18:04:00,394.05,22.044,9.046,120.138,2.7545,CoAP,gateway
2025-01-01T23:47:00,25.867,157.386,1.84,0.442,1.6753,MQTT,smart_meter
2025-01-01T01:12:00,1617.934,73.541,1.149,167.203,0.6331,HTTPS,camera
2025-01-02T09:15:00,2158.838,22.023,5.169,180.905,0.7534,HTTPS,camera
2025-01-01T17:59:00,120.812,14.055,7.696,2.487,0.9538,MQTT,actuator
2025-01-01T11:17:00,113.495,42.912,5.697,9.567,0.5454,CoAP,env_sensor
2025-01-01T15:18:00,2118.106,98.551,0.1,23.503,0.7895,HTTPS,camera
2025-01-01T22:07:00,63.805,47.164,2.758,5.939,1.6302,MQTT,env_sensor
2025-01-01T10:07:00,1266.587,37.758,2.508,47.217,2.2206,HTTPS,gateway
2025-01-02T10:43:00,65.932,19.508,1.702,8.368,0.9521,MQTT,env_sensor
2025-01-02T16:27:00,66.25,48.664,4.177,0.536,1.5181,MQTT,env_sensor
2025-01-01T07:36:00,22.743,110.058,3.374,1.135,1.6363,MQTT,smart_meter
2025-01-01T20:57:00,20.036,278.035,1.208,0.05,3.4769,LoRaWAN,smart_meter
2025-01-02T08:00:00,11.725,324.38,3.319,0.716,8.4612,LoRaWAN,smart_meter
2025-01-01T09:38:00,1077.642,51.75,5.34,106.432,1.2994,HTTPS,camera
2025-01-02T05:10:00,169.332,16.948,3.595,3.785,1.1901,MQTT,actuator
2025-01-02T05:27:00,538.476,32.04,6.701,86.084,2.5468,CoAP,gateway
2025-01-01T20:50:00,853.105,85.953,9.67,20.456,0.6536,CoAP,gateway
2025-01-02T15:20:00,79.298,20.654,7.316,8.658,0.8857,CoAP,actuator
2025-01-01T21:52:00,1951.026,49.486,3.817,139.37,0.1751,HTTPS,camera
2025-01-01T21:39:00,1588.795,49.942,0.1,38.869,1.0017,HTTPS,camera
2025-01-02T11:41:00,905.259,39.307,13.752,85.931,1.3052,CoAP,gateway
2025-01-02T17:17:00,66.372,28.977,7.236,0.05,0.488,MQTT,env_sensor
2025-01-01T18:34:00,1643.258,6.16,10.074,63.316,0.9668,HTTPS,gateway
2025-01-01T19:16:00,133.078,29.225,2.187,2.09,2.8584,MQTT,env_sensor
2025-01-02T11:02:00,1578.863,29.317,0.1,23.361,1.4285,MQTT,gateway
2025-01-02T14:40:00,8.0,45.817,17.605,0.05,1.6327,CoAP,gateway
2025-01-02T13:30:00,35.121,153.259,1.028,0.447,3.0964,LoRaWAN,smart_meter
2025-01-02T03:18:00,1358.749,66.375,8.701,55.333,1.4022,CoAP,gateway
2025-01-01T23:34:00,1429.639,22.928,9.298,55.206,1.1929,HTTPS,gateway
2025-01-01T02:47:00,556.261,111.153,0.1,74.226,0.2597,HTTPS,camera
2025-01-02T12:28:00,116.76,29.435,5.271,8.873,0.5164,MQTT,actuator
2025-01-01T22:42:00,740.302,48.055,0.1,107.235,0.0,HTTPS,camera
2025-01-01T21:14:00,8.0,41.719,14.693,45.618,2.884,CoAP,gateway
2025-01-01T16:29:00,28.996,192.053,0.1,0.267,4.1451,LoRaWAN,smart_meter
2025-01-01T01:33:00,119.458,12.042,6.756,3.785,2.0578,MQTT,actuator
2025-01-02T05:25:00,1408.28,67.645,12.797,73.013,0.2605,HTTPS,camera
2025-01-01T08:01:00,103.736,26.691,5.158,5.753,0.0,MQTT,actuator
2025-01-01T15:07:00,194.263,41.38,7.947,93.435,2.075,CoAP,gateway
2025-01-01T20:47:00,18.905,266.706,2.07,0.691,4.3071,LoRaWAN,smart_meter
2025-01-02T03:24:00,35.911,165.378,0.1,0.159,1.3032,LoRaWAN,smart_meter
2025-01-02T12:36:00,89.122,10.154,7.47,4.066,0.0584,MQTT,actuator
2025-01-01T08:04:00,60.26,22.424,0.223,4.115,0.0893,MQTT,env_sensor
2025-01-01T20:10:00,35.942,238.905,4.635,0.529,4.1105,LoRaWAN,smart_meter
2025-01-02T06:40:00,2244.998,47.835,1.86,0.05,0.4534,HTTPS,camera
2025-01-01T22:47:00,1322.108,38.03,0.834,92.832,1.3914,HTTPS,camera
2025-01-01T17:08:00,2198.741,52.875,0.164,203.049,1.1976,HTTPS,camera
2025-01-02T12:08:00,1729.869,35.962,7.937,145.359,0.5248,HTTPS,camera
2025-01-01T02:01:00,337.309,43.972,2.87,109.964,2.5591,HTTPS,gateway
2025-01-01T22:33:00,29.105,213.809,4.25,0.05,6.166,LoRaWAN,smart_meter
2025-01-02T07:31:00,95.688,22.673,5.217,1.858,2.534,MQTT,env_sensor
2025-01-01T19:06:00,125.995,35.987,2.075,2.984,1.144,MQTT,env_sensor
2025-01-02T04:32:00,60.881,12.126,4.636,0.099,0.0,MQTT,actuator
2025-01-01T20:02:00,156.724,4.839,7.934,5.039,0.1414,MQTT,actuator
2025-01-02T01:03:00,675.749,63.458,5.634,64.788,0.6737,HTTPS,gateway
2025-01-01T05:41:00,30.5,165.531,2.323,0.719,0.3973,LoRaWAN,smart_meter
2025-01-01T10:33:00,65.801,11.992,4.766,9.602,2.1522,MQTT,actuator
2025-01-02T02:48:00,1301.193,91.019,2.286,112.22,1.1521,HTTPS,camera
2025-01-01T18:14:00,42.907,45.664,4.493,0.05,0.1107,LoRaWAN,env_sensor
2025-01-02T04:42:00,105.336,26.997,3.669,4.153,0.8547,MQTT,actuator
2025-01-02T07:03:00,3195.576,34.451,5.472,117.406,0.8879,HTTPS,camera
2025-01-02T13:23:00,121.773,19.162,7.245,5.035,0.0,CoAP,actuator
2025-01-01T04:58:00,971.442,64.618,10.211,122.674,0.4591,HTTPS,camera
2025-01-01T02:00:00,1786.965,34.97,1.562,174.014,0.3859,HTTPS,camera
2025-01-02T16:36:00,35.544,247.341,2.242,0.05,6.4018,LoRaWAN,smart_meter
2025-01-01T01:24:00,2376.428,33.991,2.963,0.05,1.106,HTTPS,camera
2025-01-02T06:53:00,1243.152,71.473,1.564,46.785,1.4643,HTTPS,camera
2025-01-01T17:46:00,27.879,203.043,3.263,0.747,1.8365,LoRaWAN,smart_meter
2025-01-02T04:44:00,956.942,77.325,7.072,131.726,2.7369,CoAP,gateway
2025-01-02T15:08:00,2304.722,86.533,2.728,160.366,0.617,HTTPS,camera
2025-01-01T20:53:00,58.138,8.571,0.538,4.79,1.6315,MQTT,env_sensor
2025-01-02T05:56:00,31.867,300.488,3.054,0.487,3.4053,LoRaWAN,smart_meter
2025-01-01T00:43:00,479.23,40.731,11.091,11.488,0.2289,CoAP,gateway
2025-01-02T04:47:00,1625.308,84.618,8.635,113.262,0.0,HTTPS,camera
2025-01-02T03:38:00,123.889,10.788,6.59,7.745,1.2321,MQTT,actuator
2025-01-01T14:04:00,946.252,33.175,12.991,68.076,1.4692,CoAP,gateway
2025-01-01T12:44:00,854.718,70.402,14.281,66.186,0.9775,HTTPS,gateway
2025-01-02T14:46:00,1710.925,65.185,4.042,131.261,0.3587,HTTPS,camera
2025-01-01T17:25:00,1662.19,41.76,6.041,88.977,0.773,HTTPS,gateway
2025-01-01T12:00:00,1466.447,44.455,0.1,199.877,0.535,HTTPS,camera
2025-01-01T20:43:00,24.523,16.877,0.695,11.824,0.9937,MQTT,env_sensor
2025-01-02T09:15:00,11.518,160.88,1.652,0.225,1.1553,LoRaWAN,smart_meter
2025-01-01T08:28:00,32.874,252.676,3.686,0.464,4.3171,LoRaWAN,smart_meter
2025-01-01T09:33:00,71.061,25.749,2.2,0.918,2.2303,MQTT,env_sensor
2025-01-02T14:20:00,69.398,26.223,1.884,4.993,0.9542,MQTT,env_sensor
2025-01-02T09:56:00,34.486,183.619,0.199,0.71,5.3871,LoRaWAN,smart_meter
2025-01-01T00:49:00,53.207,191.352,3.859,0.457,1.7325,MQTT,smart_meter
2025-01-01T08:27:00,108.598,15.718,4.847,4.939,0.8137,MQTT,actuator
2025-01-01T14:49:00,81.105,26.281,3.196,13.68,0.8173,MQTT,actuator
2025-01-01T21:51:00,133.4,18.525,4.886,11.693,0.9248,MQTT,actuator
2025-01-01T02:05:00,84.175,20.843,3.418,0.05,1.7581,MQTT,env_sensor
2025-01-01T02:25:00,404.286,48.85,3.554,51.251,0.8247,HTTPS,gateway
2025-01-02T03:19:00,121.593,7.379,0.633,9.473,2.345,MQTT,actuator
2025-01-01T13:24:00,837.658,14.829,0.1,107.463,0.9683,HTTPS,gateway
2025-01-01T12:08:00,651.861,68.309,2.189,160.043,0.4941,HTTPS,camera
2025-01-02T04:05:00,137.207,20.635,6.584,10.621,0.9595,MQTT,actuator
2025-01-02T08:13:00,60.805,15.283,9.146,10.827,1.1468,MQTT,actuator
2025-01-01T04:46:00,2584.657,55.371,6.059,98.57,1.0065,HTTPS,camera
2025-01-01T02:17:00,1263.148,62.364,5.277,93.08,0.1887,HTTPS,camera
2025-01-01T21:31:00,2329.133,67.628,0.356,119.627,0.5386,HTTPS,camera
2025-01-02T15:09:00,106.815,16.819,9.539,2.242,0.5318,CoAP,actuator
2025-01-01T02:38:00,765.57,60.449,0.1,43.337,2.6334,MQTT,gateway
2025-01-02T10:51:00,116.628,20.204,10.123,7.871,0.5866,MQTT,actuator
2025-01-02T12:36:00,89.817,19.629,0.1,6.056,0.63,MQTT,env_sensor
2025-01-02T00:40:00,74.81,24.795,3.551,0.406,1.3133,MQTT,env_sensor
2025-01-02T09:57:00,113.262,21.987,10.009,5.219,0.0,CoAP,actuator
2025-01-02T12:25:00,42.157,235.201,2.815,0.05,3.623,LoRaWAN,smart_meter
2025-01-02T14:51:00,84.291,22.929,7.365,10.935,0.8288,CoAP,actuator
2025-01-02T02:21:00,104.227,16.323,7.632,4.808,0.0599,CoAP,actuator
2025-01-01T00:53:00,1855.577,67.864,2.438,80.271,0.0,HTTPS,camera
2025-01-01T03:57:00,34.088,104.271,2.207,0.05,2.4812,LoRaWAN,smart_meter
2025-01-01T02:59:00,43.382,152.06,3.721,0.171,2.1442,LoRaWAN,smart_meter
2025-01-01T02:32:00,81.264,15.929,2.194,5.721,0.1063,MQTT,env_sensor
2025-01-02T08:52:00,25.13,234.091,0.1,0.58,5.9396,LoRaWAN,smart_meter
2025-01-01T23:22:00,477.649,37.482,14.161,67.285,1.1716,CoAP,gateway
2025-01-01T00:38:00,32.052,237.398,0.1,0.152,3.1772,LoRaWAN,smart_meter
2025-01-01T21:53:00,2269.118,55.05,2.931,77.302,0.9846,HTTPS,camera
2025-01-01T11:38:00,825.55,64.797,3.734,48.674,0.5795,HTTPS,camera
2025-01-02T11:34:00,14.364,122.074,0.1,0.411,0.0,LoRaWAN,smart_meter
2025-01-01T14:08:00,1398.254,90.011,1.795,101.62,0.659,HTTPS,camera
2025-01-02T03:24:00,45.946,22.424,4.297,0.603,0.6052,MQTT,env_sensor
2025-01-01T01:05:00,38.346,204.453,3.532,0.841,5.049,LoRaWAN,smart_meter
2025-01-01T16:23:00,674.836,43.575,10.411,34.305,0.974,HTTPS,gateway
2025-01-01T08:28:00,921.967,51.631,6.038,29.1,1.9658,CoAP,gateway
2025-01-02T03:00:00,749.946,77.95,21.012,57.565,2.0218,CoAP,gateway
2025-01-01T00:10:00,113.802,26.167,7.025,5.195,1.6756,MQTT,actuator
2025-01-02T03:46:00,17.582,189.486,4.143,0.937,2.1407,LoRaWAN,smart_meter
2025-01-02T02:06:00,53.339,32.952,4.434,0.05,1.5427,MQTT,env_sensor
2025-01-01T05:13:00,27.358,155.852,2.533,0.75,1.2837,LoRaWAN,smart_meter
2025-01-01T07:24:00,16.315,241.431,4.301,0.801,5.5182,LoRaWAN,smart_meter
2025-01-02T13:10:00,593.476,32.66,10.537,37.609,0.9183,CoAP,gateway
2025-01-02T11:12:00,2594.989,61.849,4.002,154.292,0.352,HTTPS,camera
2025-01-02T13:28:00,73.113,15.818,4.962,0.05,0.8222,MQTT,actuator
2025-01-01T05:53:00,46.505,26.431,5.603,0.05,0.0,LoRaWAN,env_sensor
2025-01-02T03:06:00,355.555,29.868,6.97,84.281,0.6517,HTTPS,camera
2025-01-01T06:40:00,85.628,45.607,4.05,6.831,0.0,MQTT,env_sensor
2025-01-02T05:57:00,28.851,256.568,1.708,0.781,2.4457,LoRaWAN,smart_meter
2025-01-01T13:31:00,67.304,21.042,0.889,6.103,2.9563,MQTT,env_sensor
2025-01-02T12:05:00,636.438,71.066,2.94,133.216,0.4501,HTTPS,camera
2025-01-02T01:00:00,104.023,35.909,3.709,4.96,2.492,MQTT,env_sensor
2025-01-02T01:36:00,28.341,6.466,0.1,0.386,2.0718,MQTT,smart_meter
2025-01-01T19:56:00,30.839,18.436,6.177,1.202,1.0421,CoAP,env_sensor
2025-01-01T02:35:00,2038.669,83.383,2.176,127.799,0.0,HTTPS,camera
2025-01-01T03:41:00,102.618,16.421,3.923,9.996,1.1033,MQTT,actuator
2025-01-01T22:46:00,121.303,1.0,4.558,10.491,0.1911,MQTT,actuator
2025-01-01T13:00:00,1348.242,40.89,6.955,23.278,0.0,HTTPS,gateway
2025-01-02T07:33:00,90.497,1.764,10.703,5.483,1.9834,MQTT,actuator
2025-01-02T01:54:00,2693.261,79.212,9.54,71.633,0.0,HTTPS,camera
2025-01-02T09:46:00,55.227,30.359,5.146,5.846,0.4756,MQTT,env_sensor
2025-01-02T16:05:00,107.002,13.233,11.698,16.388,0.1607,CoAP,actuator
2025-01-02T07:30:00,758.0,65.361,7.903,82.609,0.6111,HTTPS,gateway
2025-01-01T14:17:00,2003.283,24.146,6.055,4.033,0.074,CoAP,camera
2025-01-02T07:21:00,118.005,20.756,6.022,14.491,0.3863,CoAP,actuator
2025-01-02T03:46:00,40.664,30.577,1.347,7.099,0.8442,MQTT,env_sensor
2025-01-02T16:29:00,299.494,56.511,5.627,76.766,1.1865,CoAP,gateway
2025-01-01T23:45:00,88.497,25.865,5.119,7.868,2.4515,CoAP,env_sensor
2025-01-01T16:02:00,119.43,16.445,4.565,11.497,0.9511,MQTT,actuator
2025-01-01T07:02:00,35.848,202.084,0.988,0.052,3.4342,LoRaWAN,smart_meter
2025-01-02T06:11:00,799.174,66.713,3.431,129.799,0.8007,HTTPS,camera
2025-01-02T05:04:00,444.252,47.563,5.043,76.738,0.4939,HTTPS,gateway
2025-01-01T15:23:00,126.924,12.053,5.047,9.507,0.7839,MQTT,actuator
2025-01-02T10:50:00,86.04,8.175,5.028,8.616,1.1146,MQTT,actuator
2025-01-01T11:07:00,34.65,248.284,1.058,0.613,0.0,LoRaWAN,smart_meter
2025-01-01T18:01:00,1982.795,99.419,3.177,164.467,0.202,HTTPS,camera
2025-01-01T12:40:00,19.827,201.332,0.1,0.883,3.6451,LoRaWAN,smart_meter
2025-01-01T18:02:00,107.578,25.588,2.714,14.534,0.596,MQTT,actuator
2025-01-02T09:49:00,29.69,168.692,3.426,0.59,3.2487,LoRaWAN,smart_meter
2025-01-02T02:49:00,56.658,28.478,2.658,7.057,0.2422,MQTT,env_sensor
2025-01-02T15:44:00,113.964,22.294,0.1,9.539,0.0,MQTT,actuator
2025-01-01T09:52:00,107.64,14.324,7.037,11.94,1.2428,MQTT,actuator
2025-01-01T22:19:00,1083.66,76.096,3.069,133.161,0.1085,HTTPS,camera
2025-01-01T07:38:00,69.462,14.293,0.565,3.941,1.0817,MQTT,env_sensor
2025-01-01T14:10:00,3229.076,77.585,7.484,70.743,0.1681,HTTPS,camera
2025-01-01T08:29:00,35.423,85.976,4.092,0.424,5.5041,LoRaWAN,smart_meter
2025-01-01T19:57:00,117.354,9.437,4.031,5.986,0.2842,MQTT,actuator
2025-01-02T13:59:00,105.987,13.046,2.942,1.404,1.5549,MQTT,actuator
2025-01-01T11:24:00,88.749,21.105,3.113,0.05,1.3919,MQTT,env_sensor
2025-01-02T05:37:00,487.653,68.593,8.166,57.111,2.2761,CoAP,gateway
2025-01-01T19:13:00,831.259,12.07,2.394,88.487,1.7017,MQTT,gateway
2025-01-02T06:41:00,2062.58,112.148,1.6,117.284,1.0274,HTTPS,camera
2025-01-02T06:50:00,90.713,26.346,6.641,16.652,1.47,MQTT,actuator
2025-01-01T15:58:00,29.83,189.358,1.668,0.524,0.4323,LoRaWAN,smart_meter
2025-01-01T09:02:00,971.646,10.821,1.958,134.122,0.7246,HTTPS,camera
2025-01-01T11:42:00,106.935,20.829,9.354,5.19,0.8345,MQTT,actuator
2025-01-01T10:14:00,140.817,6.978,4.919,7.278,0.7774,MQTT,actuator
2025-01-01T22:38:00,25.504,79.315,1.478,0.739,1.1675,MQTT,smart_meter
2025-01-01T18:52:00,3377.983,95.454,2.55,165.122,0.695,HTTPS,camera
2025-01-01T14:55:00,20.589,251.53,3.494,0.291,0.0,LoRaWAN,smart_meter
2025-01-02T00:58:00,94.904,25.252,3.14,2.761,0.5813,MQTT,env_sensor
2025-01-01T19:40:00,1187.386,23.657,5.034,60.162,1.2596,HTTPS,camera
2025-01-01T13:40:00,143.041,6.617,0.1,2.466,0.7611,MQTT,actuator
2025-01-02T09:21:00,1525.574,65.446,6.194,84.368,1.2303,HTTPS,gateway
2025-01-02T08:17:00,769.858,49.849,10.521,101.166,2.0871,CoAP,gateway
2025-01-01T02:20:00,72.781,7.288,1.729,1.988,0.6075,MQTT,env_sensor
2025-01-02T04:52:00,1126.483,42.405,6.183,91.635,1.5597,HTTPS,gateway
2025-01-01T23:05:00,59.182,23.385,0.195,8.815,0.3692,MQTT,env_sensor
2025-01-02T04:24:00,19.167,192.262,2.442,0.409,1.4804,LoRaWAN,smart_meter
2025-01-02T17:25:00,27.176,164.03,3.064,0.339,0.2413,LoRaWAN,smart_meter
2025-01-02T00:09:00,1419.867,64.878,18.582,122.18,2.5115,HTTPS,gateway
2025-01-02T03:02:00,528.759,77.961,12.271,37.894,0.7008,CoAP,gateway
2025-01-02T16:34:00,70.873,19.684,4.82,0.05,1.1691,MQTT,env_sensor
2025-01-02T07:36:00,91.674,6.627,10.133,11.17,1.2337,MQTT,actuator
2025-01-01T01:40:00,85.977,22.265,3.451,4.259,1.063,MQTT,env_sensor
2025-01-01T16:03:00,541.572,40.18,5.632,32.655,1.2967,CoAP,gateway
2025-01-01T13:45:00,27.493,241.27,2.765,0.36,2.1974,LoRaWAN,smart_meter
2025-01-01T14:50:00,37.356,185.653,0.1,0.381,1.5989,LoRaWAN,smart_meter
2025-01-02T07:08:00,77.28,23.401,4.527,0.8,1.0452,MQTT,env_sensor
2025-01-01T02:50:00,86.555,21.011,1.13,0.435,1.4706,MQTT,env_sensor
2025-01-01T19:01:00,17.283,247.882,2.884,0.436,4.8836,LoRaWAN,smart_meter
2025-01-02T00:46:00,87.819,23.09,2.235,6.867,1.4398,MQTT,env_sensor
2025-01-02T06:19:00,27.368,247.628,2.425,0.785,3.7151,LoRaWAN,smart_meter
2025-01-01T07:48:00,143.615,18.003,0.1,38.282,2.3793,MQTT,gateway
2025-01-02T06:50:00,36.693,173.529,3.067,0.499,2.3589,LoRaWAN,smart_meter
2025-01-01T03:03:00,1090.891,49.398,13.153,121.288,0.8601,HTTPS,gateway
2025-01-01T23:29:00,101.593,21.825,4.177,9.709,0.8611,MQTT,actuator
2025-01-02T07:32:00,60.453,23.547,3.769,5.962,1.3809,MQTT,env_sensor
2025-01-02T09:23:00,92.304,20.294,12.707,6.662,1.5803,CoAP,actuator
2025-01-01T10:51:00,794.625,74.038,11.465,5.148,1.5058,CoAP,gateway
2025-01-01T19:15:00,77.227,19.888,5.698,13.223,0.0166,MQTT,actuator
2025-01-02T07:00:00,102.758,20.766,6.188,12.805,1.4604,MQTT,actuator
2025-01-01T16:32:00,83.236,21.038,8.422,5.944,0.8384,CoAP,actuator
2025-01-01T09:59:00,82.401,35.417,5.06,2.631,1.2344,CoAP,env_sensor
2025-01-02T11:31:00,120.16,2.819,9.982,6.419,0.5588,MQTT,actuator
2025-01-02T06:23:00,91.6,18.987,1.994,6.408,0.0621,MQTT,env_sensor
2025-01-01T08:07:00,102.899,37.314,7.44,60.362,0.2934,HTTPS,gateway
2025-01-02T10:23:00,2377.841,75.555,6.847,109.861,0.0,HTTPS,camera
2025-01-02T11:34:00,1663.072,58.234,1.816,69.66,0.0956,HTTPS,camera
2025-01-01T18:44:00,34.655,208.154,0.1,0.385,2.9486,LoRaWAN,smart_meter
2025-01-02T04:09:00,1849.632,80.869,10.283,52.409,0.2956,HTTPS,gateway
2025-01-02T02:55:00,942.699,37.575,3.06,68.607,0.0466,HTTPS,camera
2025-01-01T16:57:00,556.899,49.085,7.272,122.983,0.0,HTTPS,gateway
2025-01-01T15:21:00,37.835,289.21,2.173,0.821,1.5613,LoRaWAN,smart_meter
2025-01-01T14:38:00,32.994,252.026,2.72,0.747,4.5654,LoRaWAN,smart_meter
2025-01-02T00:42:00,33.661,154.755,0.465,0.149,5.4525,LoRaWAN,smart_meter
2025-01-01T18:43:00,32.712,93.909,1.84,0.453,1.3602,MQTT,smart_meter
2025-01-01T22:54:00,20.526,189.211,2.427,0.05,3.714,LoRaWAN,smart_meter
2025-01-01T20:59:00,133.163,21.396,5.832,0.678,1.8128,MQTT,actuator
2025-01-01T16:04:00,36.237,1.571,0.1,6.797,1.5186,MQTT,env_sensor
2025-01-01T01:27:00,26.432,102.164,3.376,0.514,2.4869,LoRaWAN,smart_meter
2025-01-02T07:40:00,37.658,189.654,0.1,0.239,4.0008,LoRaWAN,smart_meter
2025-01-02T02:25:00,124.994,20.072,1.099,5.87,2.093,MQTT,actuator
2025-01-02T15:17:00,23.264,61.345,2.434,0.588,1.9952,MQTT,smart_meter
2025-01-02T00:29:00,21.039,135.391,2.324,0.188,3.8911,LoRaWAN,smart_meter
2025-01-02T09:32:00,452.895,21.482,14.433,49.913,0.9757,MQTT,gateway
2025-01-02T08:24:00,40.279,112.394,2.205,0.324,4.3524,LoRaWAN,smart_meter
2025-01-02T10:06:00,80.048,22.305,2.921,11.963,0.916,MQTT,actuator
2025-01-01T15:39:00,99.333,14.587,4.25,13.892,0.9334,MQTT,actuator
2025-01-02T05:45:00,2066.849,58.508,0.767,80.105,0.7053,HTTPS,camera
2025-01-01T02:23:00,29.737,140.399,0.846,0.144,4.4016,LoRaWAN,smart_meter
2025-01-02T08:52:00,838.116,37.397,2.784,87.752,0.0,HTTPS,gateway
2025-01-01T03:03:00,121.412,3.772,6.035,8.637,1.1841,MQTT,actuator
2025-01-02T05:37:00,57.593,16.451,1.171,2.718,2.3077,MQTT,env_sensor
2025-01-02T14:33:00,86.238,25.101,6.667,10.494,0.4318,MQTT,actuator
2025-01-02T14:06:00,101.874,22.48,4.393,4.759,2.0417,MQTT,actuator
2025-01-01T16:23:00,36.416,28.886,0.725,3.36,0.0,MQTT,env_sensor
2025-01-02T07:21:00,1065.43,95.071,6.636,85.997,0.0,HTTPS,gateway
2025-01-02T01:01:00,82.417,47.843,1.591,1.66,0.2208,MQTT,env_sensor
2025-01-02T05:00:00,51.242,19.728,3.877,1.281,1.0883,MQTT,env_sensor
2025-01-01T21:22:00,26.067,133.233,3.593,0.115,3.1954,LoRaWAN,smart_meter
2025-01-01T19:55:00,29.639,72.757,3.039,0.097,4.069,MQTT,smart_meter
2025-01-01T06:26:00,114.972,20.624,0.474,0.942,0.4925,MQTT,actuator
2025-01-02T10:17:00,111.491,22.172,7.54,6.693,0.0,MQTT,actuator
2025-01-01T19:24:00,1291.145,2.813,1.536,85.132,0.9515,HTTPS,camera
2025-01-01T05:41:00,104.165,27.255,4.652,3.574,0.1992,MQTT,actuator
2025-01-01T18:14:00,349.658,48.37,8.247,180.514,1.2069,CoAP,gateway
2025-01-02T09:51:00,397.006,46.698,7.236,125.604,0.0,HTTPS,gateway
2025-01-01T20:20:00,1070.829,54.881,2.103,195.035,0.0,HTTPS,gateway
2025-01-02T12:39:00,62.361,12.788,6.501,9.087,1.1354,MQTT,actuator
2025-01-01T21:25:00,35.835,97.967,1.97,0.523,0.3459,HTTPS,smart_meter
2025-01-01T09:33:00,1181.518,78.821,8.656,189.57,0.4041,HTTPS,camera
2025-01-01T09:46:00,125.55,30.37,1.196,9.103,1.3848,MQTT,actuator
2025-01-01T10:40:00,97.484,25.556,0.371,3.297,1.6219,MQTT,env_sensor
2025-01-02T00:18:00,8.0,56.865,1.479,121.776,1.0243,HTTPS,gateway
2025-01-02T07:06:00,24.15,192.288,4.42,0.201,4.1449,LoRaWAN,smart_meter
2025-01-01T06:20:00,39.048,219.582,0.1,0.461,3.3188,LoRaWAN,smart_meter
2025-01-02T12:25:00,189.568,34.836,3.057,226.572,1.7174,MQTT,camera
2025-01-02T08:23:00,30.426,177.297,3.288,0.484,0.7802,LoRaWAN,smart_meter
2025-01-01T15:22:00,1537.506,61.151,1.088,0.05,1.1985,HTTPS,camera
2025-01-02T00:16:00,101.433,13.438,7.705,10.012,1.4482,MQTT,actuator
2025-01-01T18:41:00,889.909,85.867,0.622,61.927,0.5824,HTTPS,camera
2025-01-02T10:21:00,125.844,11.032,0.766,0.05,2.7082,MQTT,env_sensor
2025-01-01T15:35:00,29.499,113.549,2.125,0.444,2.7729,LoRaWAN,smart_meter
2025-01-01T18:38:00,68.492,25.921,0.615,8.424,2.2523,MQTT,env_sensor
2025-01-01T08:38:00,103.938,10.758,0.178,4.234,0.0851,MQTT,env_sensor
2025-01-02T16:29:00,112.388,23.792,2.785,8.143,2.0065,MQTT,env_sensor
2025-01-02T16:34:00,31.732,336.026,3.439,0.715,6.0462,LoRaWAN,smart_meter
2025-01-02T01:49:00,113.368,16.781,8.279,6.412,0.2338,MQTT,actuator
2025-01-02T06:04:00,28.524,219.64,0.108,0.052,1.7495,LoRaWAN,smart_meter
2025-01-02T00:15:00,2529.898,65.739,6.615,130.13,0.6019,HTTPS,camera
2025-01-01T16:18:00,91.361,25.037,5.099,7.794,0.1135,CoAP,actuator
2025-01-01T17:24:00,35.907,191.791,2.858,0.126,2.1497,LoRaWAN,smart_meter
2025-01-01T05:38:00,22.751,251.14,3.506,0.841,5.8049,LoRaWAN,smart_meter
2025-01-01T12:18:00,39.419,191.288,0.732,0.47,4.199,LoRaWAN,smart_meter
2025-01-01T02:54:00,21.112,167.953,2.903,0.585,4.1074,LoRaWAN,smart_meter
2025-01-01T05:32:00,1794.019,51.961,3.024,63.105,1.0264,HTTPS,gateway
2025-01-01T10:29:00,85.23,20.246,5.853,0.939,1.254,CoAP,actuator
2025-01-02T10:51:00,147.096,58.958,9.534,119.24,0.7742,HTTPS,gateway
2025-01-01T12:57:00,54.583,41.294,4.395,8.657,0.1336,MQTT,env_sensor
2025-01-02T14:18:00,144.57,25.268,6.64,12.582,0.6916,MQTT,actuator
2025-01-01T22:33:00,978.324,75.261,10.473,85.815,2.1627,CoAP,gateway
2025-01-01T11:06:00,1203.015,67.207,2.752,201.922,1.5196,HTTPS,camera
2025-01-02T11:52:00,1539.344,16.442,2.965,36.776,0.4542,HTTPS,camera
2025-01-02T12:21:00,1787.042,74.361,6.806,93.371,1.0053,HTTPS,camera
2025-01-01T14:19:00,1946.26,24.795,2.872,178.524,1.212,HTTPS,camera
2025-01-02T06:24:00,28.654,196.465,0.1,0.174,3.8243,LoRaWAN,smart_meter
2025-01-02T07:40:00,117.644,9.499,4.469,2.359,1.4853,MQTT,env_sensor
2025-01-01T06:13:00,86.842,9.772,11.805,5.019,0.2226,MQTT,actuator
2025-01-02T07:27:00,80.457,12.955,1.65,9.048,0.799,MQTT,actuator
2025-01-02T13:48:00,25.443,156.424,2.921,0.146,3.264,LoRaWAN,smart_meter
2025-01-02T06:45:00,88.525,6.445,5.85,5.805,0.0,MQTT,env_sensor
2025-01-01T19:23:00,68.799,22.937,3.139,0.533,0.5644,MQTT,env_sensor
2025-01-01T03:05:00,94.928,43.059,2.034,0.05,0.0861,MQTT,env_sensor
2025-01-02T05:41:00,1321.83,72.77,15.785,72.824,0.0,HTTPS,gateway
2025-01-01T00:38:00,1144.861,26.689,13.587,84.378,1.4528,HTTPS,gateway
2025-01-01T20:40:00,1742.761,54.974,4.439,59.365,0.0,HTTPS,camera
2025-01-02T10:30:00,110.424,1.0,5.633,9.713,2.1989,MQTT,actuator
2025-01-01T00:16:00,74.109,28.73,1.243,10.248,0.5068,MQTT,env_sensor
2025-01-02T12:42:00,259.518,84.678,6.869,134.443,2.8715,CoAP,gateway
2025-01-02T06:31:00,30.05,212.562,0.1,0.521,2.9026,LoRaWAN,smart_meter
2025-01-01T20:19:00,31.135,45.011,0.1,113.785,2.3644,MQTT,gateway
2025-01-02T17:32:00,80.331,20.712,7.839,6.451,1.2909,MQTT,actuator
2025-01-02T08:03:00,1978.879,54.639,6.674,110.208,0.0222,HTTPS,camera
2025-01-02T09:46:00,1583.975,50.622,5.4,106.163,0.2966,HTTPS,camera
2025-01-01T17:13:00,29.775,231.424,1.686,0.855,2.9687,LoRaWAN,smart_meter
2025-01-02T00:14:00,56.797,20.833,7.545,5.489,1.2355,MQTT,actuator
2025-01-01T20:23:00,149.499,16.309,6.827,6.45,0.8549,MQTT,actuator
2025-01-01T10:53:00,61.542,19.329,2.59,3.981,0.6453,MQTT,env_sensor
2025-01-01T05:54:00,2111.95,61.453,0.617,119.418,1.3748,HTTPS,camera
2025-01-01T02:18:00,1202.91,36.624,11.245,112.426,1.1932,HTTPS,gateway
2025-01-01T15:39:00,783.39,62.163,13.668,69.001,0.148,HTTPS,gateway
2025-01-02T10:27:00,80.518,14.96,4.58,3.277,0.6326,MQTT,env_sensor
2025-01-01T16:43:00,1677.681,115.813,0.1,43.152,0.0,HTTPS,camera
2025-01-02T02:33:00,110.995,23.583,6.873,4.15,1.0372,MQTT,actuator
2025-01-02T02:12:00,87.315,28.053,0.1,0.05,1.2252,MQTT,env_sensor
2025-01-02T03:02:00,120.975,26.179,10.282,11.856,0.4168,MQTT,actuator
2025-01-01T15:46:00,681.124,38.809,2.778,84.131,1.9099,CoAP,gateway
2025-01-01T10:36:00,158.882,12.204,6.206,10.806,0.1379,MQTT,actuator
2025-01-01T02:16:00,1072.344,62.751,0.1,0.05,0.7861,HTTPS,camera
2025-01-01T19:26:00,18.346,142.53,2.497,0.461,0.0,LoRaWAN,smart_meter
2025-01-01T12:39:00,74.647,22.038,7.156,5.984,0.6128,MQTT,actuator
2025-01-01T11:28:00,1059.167,31.897,0.298,143.261,0.6038,HTTPS,camera
2025-01-01T07:19:00,29.869,19.861,1.684,6.112,1.5199,MQTT,env_sensor
2025-01-02T05:16:00,60.504,35.951,6.537,6.473,1.1265,CoAP,env_sensor
2025-01-01T21:10:00,137.821,8.181,6.143,8.687,0.1549,MQTT,actuator
2025-01-01T17:51:00,2271.084,8.239,0.1,128.651,0.0,HTTPS,camera
2025-01-01T15:15:00,88.676,6.963,3.97,0.05,2.0412,MQTT,actuator
2025-01-01T18:33:00,86.116,24.95,2.445,4.292,0.9934,MQTT,env_sensor
2025-01-01T04:02:00,127.225,32.584,7.137,0.05,0.9427,CoAP,actuator
2025-01-01T10:27:00,23.308,216.981,3.396,0.592,2.1012,LoRaWAN,smart_meter
2025-01-02T12:29:00,40.669,51.772,2.224,0.997,5.6189,LoRaWAN,smart_meter
2025-01-01T04:09:00,1934.837,59.355,5.716,158.637,0.304,HTTPS,camera
2025-01-01T12:18:00,167.625,5.705,7.701,7.629,0.7661,CoAP,actuator
2025-01-01T11:47:00,91.287,28.561,5.045,12.396,0.0,MQTT,actuator
2025-01-01T14:08:00,88.898,23.664,3.36,1.78,0.9178,MQTT,env_sensor
2025-01-01T13:51:00,26.099,160.434,2.343,0.05,3.7057,LoRaWAN,smart_meter
2025-01-01T00:19:00,947.516,45.078,8.816,108.083,1.41,CoAP,gateway
2025-01-02T03:28:00,101.878,1.0,3.296,3.788,0.0,MQTT,env_sensor
2025-01-02T17:03:00,959.887,68.381,4.004,116.282,0.2195,HTTPS,camera
2025-01-01T04:41:00,28.286,297.755,2.761,0.05,6.343,LoRaWAN,smart_meter
2025-01-01T22:08:00,134.08,12.322,3.823,12.292,0.7299,HTTPS,actuator
2025-01-02T07:34:00,165.623,27.186,6.096,0.05,1.0134,MQTT,actuator
2025-01-01T10:54:00,117.577,18.912,9.788,0.843,0.9988,MQTT,actuator
2025-01-02T16:41:00,50.302,22.774,4.182,7.81,0.0,MQTT,env_sensor
2025-01-01T20:03:00,1170.279,36.83,15.859,58.464,1.5787,HTTPS,gateway
2025-01-01T17:47:00,1745.53,57.227,8.742,24.199,0.4987,HTTPS,gateway
2025-01-02T13:59:00,36.316,254.314,2.162,0.079,4.9075,LoRaWAN,smart_meter
2025-01-01T00:34:00,107.853,15.63,5.284,2.367,0.4072,MQTT,actuator
2025-01-01T03:20:00,1536.809,29.545,5.477,32.447,1.2432,MQTT,camera
2025-01-01T10:57:00,111.528,29.453,2.381,9.938,0.1371,MQTT,actuator
2025-01-01T22:43:00,1010.091,51.412,11.795,97.91,0.7055,HTTPS,gateway
2025-01-01T22:12:00,28.301,220.64,1.853,0.05,6.8573,LoRaWAN,smart_meter
2025-01-01T20:03:00,1118.034,41.568,4.876,116.697,0.3455,HTTPS,camera
2025-01-01T03:22:00,393.005,43.769,4.68,71.417,0.0,HTTPS,gateway
2025-01-02T16:37:00,619.287,52.813,0.1,88.481,0.3592,HTTPS,camera
2025-01-01T09:26:00,1715.054,79.276,8.787,126.894,0.5654,HTTPS,camera
2025-01-02T00:21:00,105.332,12.107,5.864,3.431,0.723,MQTT,actuator
2025-01-02T00:16:00,31.161,192.429,1.396,0.05,3.4075,LoRaWAN,smart_meter
2025-01-02T07:24:00,22.029,301.842,1.02,0.05,1.8659,LoRaWAN,smart_meter
2025-01-01T04:14:00,29.384,175.399,3.732,0.672,7.7077,LoRaWAN,smart_meter
2025-01-02T05:12:00,1239.935,49.461,13.503,106.693,1.3633,HTTPS,gateway
2025-01-01T15:27:00,110.451,4.279,1.644,6.724,0.5806,MQTT,actuator
2025-01-01T05:17:00,28.697,182.204,0.1,0.081,3.8951,LoRaWAN,smart_meter
2025-01-02T16:53:00,17.603,123.593,3.701,0.297,3.6058,LoRaWAN,smart_meter
2025-01-01T02:17:00,42.328,173.365,2.036,0.05,2.3869,LoRaWAN,smart_meter
2025-01-01T13:43:00,39.957,40.211,7.372,5.359,1.3307,MQTT,env_sensor
2025-01-02T16:01:00,115.256,27.734,5.406,4.214,1.0658,CoAP,env_sensor
2025-01-01T15:43:00,63.182,18.854,1.159,0.66,1.8542,MQTT,env_sensor
2025-01-01T17:45:00,38.644,130.183,3.678,0.591,5.8694,LoRaWAN,smart_meter
2025-01-02T08:09:00,1544.052,77.527,7.064,99.422,0.0,HTTPS,camera
2025-01-01T07:32:00,856.264,55.078,18.166,51.624,2.2543,CoAP,gateway
2025-01-01T01:23:00,133.454,19.905,6.542,5.306,1.6644,CoAP,actuator
2025-01-02T01:47:00,513.885,55.043,11.947,78.015,2.1737,CoAP,gateway
2025-01-02T05:14:00,55.652,28.874,5.021,3.873,0.0,MQTT,env_sensor
2025-01-01T19:49:00,27.648,169.209,0.1,0.074,0.0,LoRaWAN,smart_meter
2025-01-01T09:04:00,309.499,35.597,15.845,68.478,1.3686,CoAP,gateway
2025-01-01T06:28:00,32.47,211.698,1.946,0.888,3.8387,LoRaWAN,smart_meter
2025-01-01T14:04:00,112.967,30.518,12.692,8.926,1.0354,MQTT,actuator
2025-01-01T02:01:00,71.071,22.002,6.714,5.386,0.7404,CoAP,actuator
2025-01-02T06:30:00,75.006,45.47,5.59,6.284,0.0,CoAP,env_sensor
2025-01-02T08:16:00,76.583,48.14,4.319,1.026,0.6077,MQTT,env_sensor
2025-01-02T17:30:00,32.178,103.807,2.729,0.05,6.0099,LoRaWAN,smart_meter
2025-01-01T14:26:00,30.971,63.272,0.1,0.585,1.5304,MQTT,smart_meter
2025-01-01T09:20:00,1753.594,81.409,3.784,185.65,0.7875,HTTPS,camera
2025-01-02T10:04:00,1032.814,65.763,7.08,22.761,1.6918,MQTT,gateway
2025-01-01T18:04:00,24.557,164.23,0.966,0.403,0.955,LoRaWAN,smart_meter
2025-01-02T02:27:00,32.427,202.977,5.088,0.328,6.3182,LoRaWAN,smart_meter
2025-01-02T10:57:00,47.012,16.53,1.961,3.167,3.2746,MQTT,env_sensor
2025-01-01T22:06:00,18.551,298.951,1.372,0.5,2.5847,LoRaWAN,smart_meter
2025-01-01T02:38:00,31.975,245.926,3.052,0.565,1.2709,LoRaWAN,smart_meter
2025-01-01T21:46:00,84.415,30.355,2.353,5.7,0.0,MQTT,env_sensor
2025-01-01T03:36:00,22.71,179.242,1.652,0.705,3.8023,LoRaWAN,smart_meter
2025-01-01T15:20:00,127.447,16.07,7.279,10.08,1.3414,MQTT,actuator
2025-01-01T20:14:00,2819.55,61.621,3.67,24.62,1.5814,HTTPS,camera
2025-01-01T14:45:00,40.685,12.199,0.658,3.865,0.8165,MQTT,env_sensor
2025-01-02T17:21:00,23.622,21.28,3.427,4.142,1.3709,MQTT,env_sensor
2025-01-01T21:40:00,57.184,51.052,1.119,2.515,1.9068,MQTT,env_sensor
2025-01-01T21:06:00,22.939,20.584,1.736,9.705,1.6416,MQTT,env_sensor
2025-01-01T19:22:00,653.593,50.766,5.551,90.701,0.5422,HTTPS,gateway
2025-01-02T14:13:00,38.708,157.467,0.602,0.624,5.1003,LoRaWAN,smart_meter
2025-01-01T22:24:00,32.56,21.784,0.256,7.303,1.1556,MQTT,env_sensor
2025-01-02T07:16:00,2096.005,60.064,6.838,178.414,0.6757,HTTPS,camera
2025-01-01T09:31:00,155.967,7.958,2.892,8.312,0.0,MQTT,actuator
2025-01-02T05:19:00,22.293,137.591,1.587,0.467,4.9198,LoRaWAN,smart_meter
2025-01-01T13:26:00,82.401,18.931,2.055,6.675,0.1851,MQTT,env_sensor
2025-01-01T13:25:00,21.966,237.6,1.038,0.454,1.4545,LoRaWAN,smart_meter
2025-01-01T22:16:00,20.869,236.614,0.1,0.05,1.949,LoRaWAN,smart_meter
2025-01-02T16:13:00,1762.874,36.498,8.199,6.058,0.9682,HTTPS,camera
2025-01-01T12:27:00,29.506,231.237,0.1,0.514,0.0,LoRaWAN,smart_meter
2025-01-02T08:42:00,1987.762,90.739,1.555,146.855,1.2824,HTTPS,camera
2025-01-02T04:56:00,77.105,21.545,1.979,6.582,1.5269,MQTT,env_sensor
2025-01-02T15:18:00,97.252,17.049,4.705,11.259,0.4655,MQTT,actuator
2025-01-01T09:07:00,1098.429,41.439,5.233,60.466,0.1043,HTTPS,gateway
2025-01-01T02:46:00,826.018,48.621,5.51,77.662,0.7864,HTTPS,gateway
2025-01-01T10:59:00,171.351,20.394,8.731,8.149,1.4432,CoAP,actuator
2025-01-02T01:17:00,47.26,21.457,4.313,4.866,1.3628,MQTT,env_sensor
2025-01-01T19:22:00,1751.722,70.453,2.011,170.993,0.0,HTTPS,camera
2025-01-01T15:16:00,26.132,152.825,2.804,0.787,1.4545,LoRaWAN,smart_meter
2025-01-01T16:15:00,27.549,210.865,2.871,0.145,6.4588,LoRaWAN,smart_meter
2025-01-01T23:24:00,93.867,23.16,15.733,6.639,0.368,MQTT,actuator
2025-01-01T22:22:00,13.422,14.159,1.205,0.05,1.1249,MQTT,env_sensor
2025-01-01T17:02:00,116.094,13.193,4.025,10.683,2.1649,MQTT,actuator
2025-01-01T06:39:00,51.06,43.086,4.291,2.938,1.4249,MQTT,env_sensor
2025-01-01T01:48:00,15.087,29.321,2.988,3.709,0.2856,MQTT,env_sensor
2025-01-02T14:30:00,2191.971,24.494,8.198,116.658,0.5138,HTTPS,camera
2025-01-02T05:56:00,456.702,49.816,4.032,106.655,0.0,HTTPS,camera
2025-01-02T15:35:00,29.731,154.965,0.529,0.05,0.0766,LoRaWAN,smart_meter
2025-01-02T16:27:00,25.262,133.41,3.046,0.145,4.0972,LoRaWAN,smart_meter
2025-01-01T20:11:00,2734.348,35.927,0.618,60.01,0.1065,HTTPS,camera
2025-01-01T15:10:00,60.315,16.973,3.822,7.719,1.1401,MQTT,env_sensor
2025-01-02T05:28:00,20.049,241.347,1.719,0.686,0.0,LoRaWAN,smart_meter
2025-01-01T00:07:00,13.694,27.003,0.563,5.482,2.201,MQTT,env_sensor
2025-01-02T10:04:00,38.214,209.954,4.294,0.05,5.961,LoRaWAN,smart_meter
2025-01-02T00:07:00,253.508,24.696,1.848,89.738,1.1862,MQTT,gateway
2025-01-01T22:51:00,157.234,19.488,7.606,3.222,0.0,MQTT,actuator
2025-01-01T18:10:00,83.628,32.523,3.09,5.065,1.1078,MQTT,env_sensor
2025-01-01T17:33:00,92.326,19.622,3.546,6.72,1.9245,MQTT,env_sensor
2025-01-01T08:03:00,67.735,19.731,3.199,8.929,0.2863,MQTT,env_sensor
2025-01-02T08:56:00,88.429,18.488,4.272,1.441,1.583,MQTT,env_sensor
2025-01-01T14:22:00,1582.705,43.892,2.723,72.519,0.4612,HTTPS,camera
2025-01-01T18:57:00,51.356,21.413,0.696,2.424,1.8035,MQTT,env_sensor
2025-01-01T10:14:00,146.838,18.183,1.773,1.938,0.0,MQTT,env_sensor
2025-01-02T17:15:00,2500.329,87.043,2.986,115.461,0.7262,HTTPS,camera
2025-01-01T09:27:00,98.62,12.249,12.778,10.104,0.4372,MQTT,actuator
2025-01-01T03:05:00,36.879,263.06,0.1,0.05,4.6096,LoRaWAN,smart_meter
2025-01-02T09:29:00,39.167,30.791,9.116,6.627,0.8103,MQTT,actuator
2025-01-02T10:20:00,42.159,9.274,6.175,2.328,0.8544,MQTT,actuator
2025-01-02T04:53:00,8.0,221.751,0.1,0.581,3.6059,LoRaWAN,smart_meter
2025-01-02T15:49:00,1531.437,52.66,12.416,35.93,0.7344,HTTPS,gateway
2025-01-01T03:25:00,136.965,17.397,4.856,10.979,0.15,MQTT,actuator
2025-01-02T07:50:00,19.751,166.216,0.1,0.29,1.8866,LoRaWAN,smart_meter
2025-01-01T14:23:00,29.598,243.866,3.269,0.403,1.0551,LoRaWAN,smart_meter
2025-01-01T07:15:00,27.293,250.925,4.668,0.703,2.7095,LoRaWAN,smart_meter
2025-01-01T21:49:00,13.8,209.398,0.1,0.181,6.0524,LoRaWAN,smart_meter
2025-01-01T05:38:00,1892.361,72.692,4.16,154.763,0.2724,HTTPS,camera
2025-01-01T23:39:00,117.441,21.462,8.928,10.004,0.6567,CoAP,actuator
2025-01-01T17:03:00,106.43,26.3,6.641,6.261,0.0,MQTT,actuator
2025-01-01T14:51:00,1517.816,62.01,0.969,139.603,0.4843,HTTPS,camera
2025-01-01T09:49:00,619.308,29.15,9.072,87.093,1.9453,CoAP,gateway
2025-01-01T22:24:00,663.066,80.564,10.279,25.755,0.9004,CoAP,gateway
2025-01-02T14:18:00,798.484,35.786,8.289,62.769,0.1167,HTTPS,gateway
2025-01-02T09:07:00,156.231,12.09,1.696,1.601,0.336,MQTT,actuator
2025-01-02T01:33:00,1061.349,27.892,2.698,49.35,0.8934,HTTPS,camera
2025-01-01T18:45:00,118.091,14.107,9.16,15.128,0.9191,MQTT,actuator
2025-01-02T00:45:00,27.587,86.157,1.889,0.05,4.7675,MQTT,smart_meter
2025-01-01T19:14:00,297.578,116.041,0.1,117.21,0.6353,HTTPS,camera
2025-01-01T06:16:00,26.202,337.089,3.028,0.324,3.074,LoRaWAN,smart_meter
2025-01-02T06:43:00,1556.011,60.183,16.231,82.489,0.9691,HTTPS,gateway
2025-01-02T11:27:00,40.348,10.709,0.736,5.58,0.5562,MQTT,env_sensor
2025-01-01T00:03:00,2078.416,46.625,0.1,103.753,0.843,HTTPS,camera
2025-01-01T13:23:00,2460.103,61.007,2.681,274.34,0.0,HTTPS,camera
2025-01-02T02:16:00,90.802,18.886,1.755,2.955,2.2756,MQTT,env_sensor
2025-01-01T06:38:00,123.068,2.855,9.136,16.314,0.3893,MQTT,actuator
2025-01-01T10:18:00,16.71,227.705,0.894,0.192,5.1499,LoRaWAN,smart_meter
2025-01-01T03:22:00,1908.269,9.314,5.015,122.811,0.1954,HTTPS,camera
2025-01-02T13:32:00,147.51,4.277,4.263,0.05,0.7682,MQTT,actuator
2025-01-02T16:12:00,969.869,79.963,11.77,136.167,1.2747,CoAP,camera
2025-01-01T15:53:00,80.861,29.435,5.392,4.803,0.2393,MQTT,env_sensor
2025-01-01T18:28:00,1188.699,41.319,5.171,31.418,0.7304,HTTPS,gateway
2025-01-01T15:57:00,1152.871,58.758,4.965,228.275,0.0,HTTPS,camera
2025-01-01T03:26:00,40.012,38.38,1.91,0.05,0.0,MQTT,env_sensor
2025-01-02T17:30:00,63.205,17.498,10.501,7.879,0.8865,CoAP,actuator
2025-01-01T03:28:00,1304.693,57.086,5.536,17.258,2.193,MQTT,gateway
2025-01-01T16:32:00,2252.764,36.04,4.05,186.836,0.3854,HTTPS,camera
2025-01-01T01:10:00,75.3,9.378,0.434,4.616,2.0481,MQTT,env_sensor
2025-01-02T09:54:00,89.661,42.787,4.701,6.799,1.6498,MQTT,env_sensor
2025-01-02T17:09:00,1868.338,103.664,7.804,153.381,0.0,HTTPS,camera
2025-01-01T13:46:00,58.344,12.76,2.139,7.809,0.0,MQTT,env_sensor
2025-01-01T07:36:00,1507.851,3.689,5.374,123.407,0.0,HTTPS,camera
2025-01-02T07:57:00,30.681,161.632,1.063,0.181,4.0029,LoRaWAN,smart_meter
2025-01-02T05:56:00,127.743,14.524,11.818,8.395,1.1821,MQTT,actuator
2025-01-02T16:30:00,138.625,12.843,6.199,4.628,0.8466,MQTT,actuator
2025-01-01T21:36:00,110.915,24.606,6.513,14.819,0.2898,MQTT,actuator
2025-01-01T17:04:00,1392.459,41.683,11.318,0.741,0.4726,HTTPS,gateway
2025-01-02T03:58:00,92.168,7.684,5.691,2.43,0.1087,MQTT,env_sensor
2025-01-02T07:06:00,76.008,10.764,3.097,1.716,1.1372,MQTT,actuator
2025-01-02T00:26:00,2005.911,20.798,3.195,88.868,0.0,HTTPS,camera
2025-01-01T18:33:00,123.66,27.619,0.1,4.795,0.7597,MQTT,actuator
2025-01-02T04:34:00,27.932,269.755,2.306,0.05,4.0273,LoRaWAN,smart_meter
2025-01-01T09:29:00,79.27,28.134,1.097,6.26,0.2913,MQTT,actuator
2025-01-01T16:15:00,1963.499,57.835,6.872,0.05,0.9801,HTTPS,camera
2025-01-01T13:48:00,111.192,24.559,2.093,5.968,0.3628,MQTT,actuator
2025-01-01T09:09:00,2075.317,77.09,6.223,66.868,1.6553,HTTPS,camera
2025-01-01T14:27:00,41.503,108.522,0.686,0.393,0.5834,LoRaWAN,smart_meter
2025-01-01T02:27:00,32.412,181.831,0.481,1.096,4.0717,MQTT,smart_meter
2025-01-01T18:31:00,2443.624,82.808,3.965,122.176,0.0,HTTPS,camera
2025-01-02T12:15:00,399.059,13.424,14.311,0.05,0.5018,CoAP,gateway
2025-01-02T01:33:00,93.615,43.861,3.554,4.318,0.6022,MQTT,env_sensor
2025-01-02T15:20:00,271.879,77.034,7.289,62.464,0.0,HTTPS,gateway
2025-01-02T13:49:00,93.162,13.887,12.315,15.202,0.1613,MQTT,actuator
2025-01-02T10:19:00,37.562,144.752,3.226,0.423,0.8501,LoRaWAN,smart_meter
2025-01-01T05:22:00,135.129,26.437,8.452,4.289,1.2797,MQTT,actuator
2025-01-02T02:29:00,1589.115,40.412,5.684,96.328,0.3522,HTTPS,camera
2025-01-02T15:54:00,129.947,16.599,8.716,10.231,0.0182,CoAP,actuator
2025-01-02T09:17:00,50.931,32.127,5.921,7.509,2.1347,CoAP,env_sensor
2025-01-02T08:35:00,20.491,210.673,0.1,0.125,3.6952,MQTT,smart_meter
2025-01-01T18:36:00,8.814,229.046,3.652,0.645,2.6882,LoRaWAN,smart_meter
2025-01-02T08:20:00,935.467,78.8,6.815,31.878,0.8588,CoAP,gateway
2025-01-01T10:19:00,114.141,30.702,4.293,9.392,0.4842,MQTT,actuator
2025-01-01T23:48:00,741.526,4.117,8.798,72.933,0.0,HTTPS,gateway
2025-01-02T04:52:00,55.927,30.488,3.005,0.05,0.0,MQTT,env_sensor
2025-01-02T13:29:00,24.342,33.532,5.888,6.034,4.227,CoAP,env_sensor
2025-01-01T04:57:00,97.268,37.809,1.444,5.871,0.0,MQTT,env_sensor
2025-01-02T02:18:00,2189.34,75.323,1.784,187.855,0.5441,HTTPS,camera
2025-01-02T07:34:00,1475.555,79.473,5.944,172.539,0.5359,HTTPS,camera
2025-01-02T09:41:00,1289.529,92.121,0.1,180.109,0.0,HTTPS,camera
2025-01-01T09:04:00,1052.641,68.773,1.613,107.934,0.6401,HTTPS,camera
2025-01-01T12:46:00,25.3,296.382,3.04,0.165,2.2818,LoRaWAN,smart_meter
2025-01-02T08:11:00,17.566,155.231,0.1,0.187,4.7449,LoRaWAN,smart_meter
2025-01-02T16:05:00,105.385,26.506,7.304,2.275,0.0233,CoAP,env_sensor
2025-01-01T01:08:00,3001.741,67.431,0.1,145.222,0.0809,HTTPS,camera
2025-01-01T09:14:00,98.546,7.508,8.083,1.537,1.4341,MQTT,actuator
2025-01-01T14:56:00,22.534,192.3,2.342,0.181,5.0017,LoRaWAN,smart_meter
2025-01-01T14:24:00,27.151,185.313,0.419,0.05,3.8398,LoRaWAN,smart_meter
2025-01-01T15:19:00,1547.724,35.747,5.229,74.681,0.9549,HTTPS,camera
2025-01-02T17:19:00,1133.274,85.822,3.791,128.854,0.0,HTTPS,camera
2025-01-02T07:01:00,1622.329,43.808,10.496,0.05,0.0,HTTPS,gateway
2025-01-01T05:40:00,58.624,27.73,0.857,1.205,1.1889,MQTT,env_sensor
2025-01-02T12:08:00,58.222,41.714,0.237,1.153,2.5916,MQTT,env_sensor
2025-01-01T01:16:00,1604.778,98.502,6.157,121.049,0.573,HTTPS,camera
2025-01-02T02:36:00,82.663,5.264,8.521,9.393,1.0696,CoAP,actuator
2025-01-01T08:52:00,222.934,43.666,6.435,154.396,1.8377,MQTT,gateway
2025-01-01T15:24:00,809.696,45.288,6.717,36.335,0.7889,CoAP,gateway
2025-01-01T21:55:00,430.797,50.959,4.513,46.801,0.0975,HTTPS,gateway
2025-01-01T17:48:00,399.182,60.702,9.882,45.241,2.2134,CoAP,gateway
2025-01-02T04:35:00,39.983,298.519,1.165,0.326,4.1115,LoRaWAN,smart_meter
2025-01-02T08:23:00,1398.124,41.425,1.585,134.866,0.6098,HTTPS,camera
2025-01-01T22:42:00,17.38,99.632,1.581,0.733,5.3971,LoRaWAN,smart_meter
2025-01-02T00:41:00,643.231,19.882,6.159,64.496,1.8969,CoAP,gateway
2025-01-01T01:08:00,1525.303,19.29,13.417,41.33,0.6103,HTTPS,gateway
2025-01-01T19:59:00,1160.891,84.334,5.012,0.05,1.9816,CoAP,gateway
2025-01-01T20:49:00,18.12,287.447,0.952,0.427,3.088,LoRaWAN,smart_meter
2025-01-01T02:41:00,1492.05,51.25,11.341,0.05,1.2939,CoAP,gateway
2025-01-02T14:45:00,43.648,4.286,12.969,5.738,1.325,MQTT,actuator
2025-01-01T01:50:00,1646.154,47.418,7.19,17.626,2.1972,CoAP,gateway
2025-01-02T08:27:00,1153.86,47.879,14.002,74.038,2.1694,HTTPS,gateway
2025-01-01T17:10:00,131.443,18.162,4.39,14.655,0.3634,MQTT,actuator
2025-01-01T23:23:00,75.268,18.761,3.99,1.67,1.588,MQTT,actuator
2025-01-01T10:29:00,36.016,143.466,2.997,0.674,0.0,LoRaWAN,smart_meter
2025-01-01T04:03:00,97.433,25.558,2.371,5.516,0.8962,MQTT,env_sensor
2025-01-02T02:11:00,32.66,176.564,1.58,0.75,3.1754,LoRaWAN,smart_meter
2025-01-01T20:23:00,30.557,179.933,2.092,0.683,4.3139,LoRaWAN,smart_meter
2025-01-01T09:04:00,41.796,83.497,1.887,0.492,5.0519,LoRaWAN,smart_meter
2025-01-01T21:00:00,64.427,12.767,9.026,4.413,0.0,MQTT,actuator
2025-01-02T08:16:00,17.168,172.1,0.382,0.458,5.0264,LoRaWAN,smart_meter
2025-01-01T23:41:00,2191.439,100.224,5.655,213.747,1.2748,HTTPS,camera
2025-01-02T10:08:00,27.308,121.337,4.295,0.842,5.3707,LoRaWAN,smart_meter
2025-01-01T09:37:00,1906.667,28.603,7.667,54.97,1.4377,HTTPS,gateway
2025-01-01T13:34:00,3031.17,13.949,1.228,28.469,1.7926,MQTT,camera
2025-01-02T14:17:00,1219.878,61.327,7.487,89.087,0.6176,HTTPS,gateway
2025-01-02T01:05:00,2297.086,22.674,0.538,104.213,0.8014,HTTPS,camera
2025-01-01T21:52:00,9.97,30.267,6.558,111.358,2.2845,MQTT,gateway
2025-01-02T01:42:00,1413.915,34.285,6.921,111.48,0.9739,HTTPS,gateway
2025-01-01T08:45:00,34.129,241.189,4.617,0.904,3.9163,LoRaWAN,smart_meter
2025-01-01T18:54:00,2146.095,53.239,3.882,124.031,0.0,HTTPS,camera
2025-01-02T06:04:00,59.082,18.351,7.699,1.077,0.6517,MQTT,actuator
2025-01-01T15:02:00,50.54,20.614,1.669,4.935,1.3217,MQTT,env_sensor
2025-01-02T15:55:00,133.425,10.747,1.381,8.89,0.0,MQTT,actuator
2025-01-01T20:23:00,56.661,14.003,0.1,1.366,0.2403,MQTT,env_sensor
2025-01-02T14:49:00,93.894,10.729,3.072,10.425,0.0,MQTT,actuator
2025-01-02T00:04:00,999.473,50.941,5.235,24.262,2.3801,CoAP,gateway
2025-01-01T21:20:00,2590.428,47.628,0.1,59.1,0.3875,HTTPS,camera
2025-01-02T11:10:00,42.739,42.456,2.252,10.688,1.8478,MQTT,env_sensor
2025-01-01T01:24:00,1245.375,39.455,11.853,86.714,2.0671,HTTPS,gateway
2025-01-01T18:36:00,111.18,13.566,6.981,8.321,0.2143,MQTT,actuator
2025-01-02T04:30:00,40.71,209.832,0.1,0.05,2.3637,LoRaWAN,smart_meter
2025-01-02T09:06:00,27.601,257.575,1.122,0.081,5.4428,LoRaWAN,smart_meter
2025-01-02T12:10:00,92.336,14.62,6.976,12.147,1.5354,MQTT,actuator
2025-01-01T04:51:00,58.992,17.491,3.997,9.901,0.9157,MQTT,actuator
2025-01-01T13:47:00,2380.974,31.045,0.1,144.188,0.9126,HTTPS,camera
2025-01-01T17:17:00,36.663,76.609,1.999,0.05,2.9753,MQTT,smart_meter
2025-01-01T21:00:00,73.688,48.777,5.038,6.937,1.1457,CoAP,env_sensor
2025-01-02T13:00:00,2885.173,13.112,5.274,151.773,1.0322,HTTPS,camera
2025-01-01T19:08:00,1248.801,60.996,1.503,64.92,0.5306,HTTPS,camera
2025-01-01T00:07:00,984.344,52.458,18.359,74.782,0.4659,HTTPS,gateway
2025-01-01T21:57:00,115.336,22.648,7.311,1.654,1.7787,CoAP,actuator
2025-01-01T08:21:00,1905.459,36.861,4.644,81.213,0.1372,HTTPS,camera
2025-01-01T02:58:00,77.248,38.227,2.694,3.998,0.8978,MQTT,env_sensor
2025-01-01T01:54:00,1664.554,1.0,2.947,115.877,2.4431,HTTPS,gateway
2025-01-01T21:01:00,658.746,39.298,8.713,70.873,1.7702,CoAP,gateway
2025-01-02T09:42:00,157.545,14.449,8.707,10.261,0.167,MQTT,actuator
2025-01-01T14:42:00,69.7,25.506,5.908,5.469,0.2088,MQTT,actuator
2025-01-02T05:14:00,118.056,30.887,6.609,12.439,0.0873,CoAP,actuator
2025-01-02T16:48:00,26.823,185.319,1.083,0.589,2.8855,LoRaWAN,smart_meter
2025-01-02T15:35:00,122.555,10.601,7.52,8.559,1.8988,MQTT,actuator
2025-01-02T05:34:00,34.397,188.853,0.1,0.47,0.9683,LoRaWAN,smart_meter
2025-01-02T03:00:00,131.767,12.818,7.044,10.833,2.2675,CoAP,actuator
2025-01-02T10:55:00,45.515,20.513,1.477,1.329,0.0,MQTT,env_sensor
2025-01-01T11:17:00,988.18,36.886,16.166,36.679,1.358,CoAP,gateway
2025-01-01T09:38:00,114.936,16.056,5.304,4.371,0.0,MQTT,actuator
2025-01-01T02:44:00,78.49,1.443,8.45,4.533,0.0785,MQTT,actuator
2025-01-01T18:06:00,21.125,154.849,1.325,0.05,5.1947,LoRaWAN,smart_meter
2025-01-02T16:04:00,22.438,168.173,1.924,0.52,7.5508,LoRaWAN,smart_meter
2025-01-02T10:57:00,37.85,157.737,2.415,0.279,3.1056,LoRaWAN,smart_meter
2025-01-01T17:51:00,74.392,31.766,4.342,3.881,1.1084,MQTT,env_sensor
2025-01-01T08:16:00,20.632,180.969,0.1,0.54,4.8702,LoRaWAN,smart_meter
2025-01-02T08:37:00,29.858,150.848,1.911,0.05,3.6757,LoRaWAN,smart_meter
2025-01-02T04:03:00,1141.713,51.354,3.132,101.78,1.342,HTTPS,camera
2025-01-02T16:38:00,73.309,32.374,0.896,2.779,1.8263,MQTT,env_sensor
2025-01-02T06:15:00,82.602,3.047,3.335,5.471,0.7144,MQTT,env_sensor
2025-01-01T00:05:00,25.664,261.25,0.944,0.919,0.0,LoRaWAN,smart_meter
2025-01-02T14:44:00,105.412,16.231,9.057,10.707,0.6341,MQTT,actuator
2025-01-01T09:16:00,56.24,18.891,5.501,6.681,2.8372,MQTT,env_sensor
2025-01-01T18:23:00,737.383,44.977,7.308,54.269,0.9095,HTTPS,gateway
2025-01-02T06:12:00,16.541,126.339,1.526,0.812,5.1162,LoRaWAN,smart_meter
2025-01-01T11:22:00,25.716,15.37,4.971,6.063,0.4205,MQTT,actuator
2025-01-02T15:26:00,113.813,20.212,4.605,8.356,0.3768,MQTT,actuator
2025-01-02T04:36:00,38.313,28.408,1.396,1.512,1.0912,MQTT,env_sensor
2025-01-01T10:00:00,89.84,33.063,0.78,8.742,2.9586,MQTT,env_sensor
2025-01-01T10:53:00,103.283,17.412,8.549,9.79,0.9211,MQTT,actuator
2025-01-02T12:15:00,674.08,40.912,1.527,94.111,0.9462,HTTPS,camera
2025-01-01T14:26:00,1461.061,50.947,10.792,114.054,1.9067,HTTPS,gateway
2025-01-01T00:30:00,8.0,22.629,1.126,0.05,1.2258,MQTT,env_sensor
2025-01-01T07:20:00,43.316,94.76,2.874,0.613,2.2619,MQTT,smart_meter
2025-01-02T02:50:00,163.45,15.914,7.024,4.491,0.1084,CoAP,actuator
2025-01-01T00:49:00,61.914,15.201,3.748,2.345,1.9732,CoAP,env_sensor
2025-01-01T07:52:00,29.194,123.602,3.057,0.805,5.7598,LoRaWAN,smart_meter
2025-01-01T11:16:00,88.077,22.557,6.909,6.497,0.0,MQTT,actuator
2025-01-01T02:35:00,111.428,14.87,8.84,12.035,1.6781,CoAP,actuator
2025-01-02T12:06:00,2226.05,48.176,2.162,91.566,0.0329,HTTPS,camera
2025-01-01T13:51:00,1247.305,85.521,0.1,115.786,0.0,HTTPS,camera
2025-01-02T00:37:00,68.597,15.71,2.8,6.717,0.2726,MQTT,env_sensor
2025-01-02T01:43:00,2649.792,80.203,6.343,10.647,0.8143,HTTPS,camera
2025-01-02T00:39:00,875.498,1.0,1.308,94.623,2.1622,MQTT,gateway
2025-01-02T05:15:00,18.084,233.13,4.624,0.163,0.4153,LoRaWAN,smart_meter
2025-01-02T06:21:00,119.347,23.025,5.335,3.109,0.9582,MQTT,actuator
2025-01-02T12:58:00,24.266,75.418,2.308,0.106,2.9837,MQTT,smart_meter
2025-01-01T15:46:00,78.706,9.722,14.429,13.16,0.6558,MQTT,actuator
2025-01-02T03:41:00,50.574,125.991,1.841,0.05,6.1868,LoRaWAN,smart_meter
2025-01-02T04:26:00,94.659,10.486,9.66,2.776,0.4706,MQTT,actuator
2025-01-02T03:09:00,2392.805,36.942,9.396,88.415,0.8582,HTTPS,camera
2025-01-02T15:03:00,858.038,33.92,8.866,79.411,0.6805,HTTPS,gateway
2025-01-01T12:23:00,8.0,171.943,3.718,0.103,0.0,LoRaWAN,smart_meter
2025-01-02T06:15:00,21.027,136.906,2.349,0.105,7.7616,LoRaWAN,smart_meter
2025-01-01T04:18:00,46.883,29.348,4.836,8.108,0.1477,MQTT,env_sensor
2025-01-02T10:04:00,68.283,6.748,1.959,0.05,1.3926,MQTT,env_sensor
2025-01-01T11:42:00,1065.364,47.346,13.062,55.994,1.8852,HTTPS,gateway
2025-01-01T08:38:00,1583.429,75.346,3.039,264.445,1.0676,HTTPS,camera
2025-01-02T07:28:00,36.335,223.608,1.756,0.05,2.5382,LoRaWAN,smart_meter
2025-01-01T10:29:00,914.874,1.0,11.718,34.472,1.9207,CoAP,gateway
2025-01-01T08:20:00,89.031,39.426,5.74,7.107,1.0343,CoAP,env_sensor
2025-01-02T03:12:00,2081.306,25.135,4.237,163.59,0.914,HTTPS,camera
2025-01-02T00:13:00,107.675,18.972,2.089,1.823,0.9288,MQTT,env_sensor
2025-01-01T18:32:00,21.697,86.249,0.909,0.788,3.323,LoRaWAN,smart_meter
2025-01-02T17:20:00,8.361,217.829,2.626,0.05,6.1629,LoRaWAN,smart_meter
2025-01-01T16:31:00,95.318,89.153,4.693,142.789,1.7462,MQTT,camera
2025-01-01T07:34:00,181.097,55.842,3.269,0.05,0.9018,HTTPS,gateway
2025-01-02T08:43:00,67.77,26.96,5.684,3.07,1.2999,MQTT,env_sensor
2025-01-01T17:30:00,1307.511,3.862,5.297,45.749,0.5528,HTTPS,gateway
2025-01-01T03:18:00,473.011,62.173,9.037,26.646,2.0407,CoAP,gateway
2025-01-01T20:26:00,1496.316,100.31,6.489,53.329,0.5891,HTTPS,camera
2025-01-02T04:57:00,90.543,35.365,0.829,6.388,2.2343,MQTT,env_sensor
2025-01-02T10:41:00,154.778,7.194,6.317,6.588,1.0349,MQTT,actuator
2025-01-01T08:11:00,47.444,23.776,0.1,3.43,1.9779,MQTT,env_sensor
2025-01-01T00:01:00,49.484,17.253,0.669,4.57,1.1125,MQTT,env_sensor
2025-01-01T07:00:00,22.488,266.237,0.1,0.05,1.433,LoRaWAN,smart_meter
2025-01-01T02:36:00,24.373,150.189,0.1,0.552,3.8101,LoRaWAN,smart_meter
2025-01-01T01:54:00,85.073,7.878,6.674,0.089,1.1327,MQTT,actuator
2025-01-02T04:10:00,8.0,91.72,0.1,100.962,0.2185,HTTPS,camera
2025-01-02T12:39:00,821.105,68.078,4.433,63.45,2.1175,HTTPS,gateway
2025-01-02T11:43:00,56.77,15.891,2.953,0.051,1.1711,MQTT,env_sensor
2025-01-02T02:58:00,1421.669,41.302,1.092,87.018,2.7892,HTTPS,gateway
2025-01-01T18:47:00,33.42,198.507,3.097,0.05,3.7019,LoRaWAN,smart_meter
2025-01-01T23:39:00,1221.786,59.548,2.136,66.234,0.4705,HTTPS,gateway
2025-01-02T12:41:00,83.087,11.297,2.28,0.05,1.3695,MQTT,env_sensor
2025-01-01T09:01:00,1066.948,64.365,9.323,99.369,0.6126,HTTPS,camera
2025-01-01T01:07:00,1173.193,55.514,7.627,25.909,0.0,HTTPS,gateway
2025-01-01T23:48:00,9.403,13.728,6.548,1.2,1.2506,MQTT,env_sensor
2025-01-02T03:13:00,23.622,167.846,2.857,0.088,2.3724,LoRaWAN,smart_meter
2025-01-02T13:17:00,27.831,245.283,0.1,0.46,4.4029,LoRaWAN,smart_meter
2025-01-02T00:26:00,8.0,78.014,8.908,96.988,0.0108,HTTPS,gateway
2025-01-01T06:47:00,41.505,243.031,0.51,0.449,3.5606,LoRaWAN,smart_meter
2025-01-01T16:54:00,2320.067,18.168,0.1,55.479,0.5199,HTTPS,camera
2025-01-02T07:44:00,1235.198,43.028,4.469,126.603,0.0,HTTPS,camera
2025-01-01T13:35:00,67.858,28.431,6.044,7.327,1.4201,MQTT,env_sensor
2025-01-02T03:55:00,1640.272,89.327,5.996,132.466,1.1101,HTTPS,camera
2025-01-01T21:54:00,22.034,180.249,2.342,0.403,0.8417,LoRaWAN,smart_meter
2025-01-02T07:37:00,116.132,25.768,7.667,5.351,1.2337,MQTT,actuator
2025-01-02T01:38:00,21.32,107.113,2.693,0.385,3.1209,LoRaWAN,smart_meter
2025-01-01T15:45:00,1462.287,30.428,0.344,65.131,0.6079,HTTPS,camera
2025-01-01T17:18:00,141.936,20.222,8.885,8.412,0.43,CoAP,actuator
2025-01-01T02:15:00,2003.741,34.053,3.734,22.89,0.8846,HTTPS,camera
2025-01-02T08:05:00,84.706,51.936,10.63,10.057,1.2195,MQTT,gateway
2025-01-01T04:10:00,1885.609,54.562,6.056,200.086,0.7215,HTTPS,camera
2025-01-02T09:45:00,151.035,25.714,2.14,4.716,1.1137,MQTT,actuator
2025-01-02T09:25:00,83.235,23.121,9.962,10.963,0.7608,MQTT,actuator
2025-01-02T06:40:00,105.51,17.901,4.179,10.981,0.9721,MQTT,actuator
2025-01-02T01:47:00,41.369,125.738,2.589,0.367,0.6223,LoRaWAN,smart_meter
2025-01-01T04:30:00,80.321,21.45,2.019,6.829,1.1637,MQTT,env_sensor
2025-01-02T07:07:00,1106.256,32.281,8.886,52.843,0.0,HTTPS,gateway
2025-01-02T06:27:00,1181.64,60.962,5.295,2.813,2.0855,CoAP,gateway
2025-01-02T04:31:00,345.254,18.566,8.441,47.243,1.5323,CoAP,gateway
2025-01-02T15:15:00,50.09,89.394,1.929,27.842,0.2892,MQTT,camera
2025-01-02T13:12:00,1112.386,16.511,11.645,74.395,0.0884,HTTPS,gateway
2025-01-02T06:08:00,28.517,171.004,2.922,0.776,5.5817,LoRaWAN,smart_meter
2025-01-01T11:00:00,122.242,28.002,2.926,4.393,1.3267,MQTT,env_sensor
2025-01-01T19:19:00,8.0,235.432,1.924,0.189,2.7867,LoRaWAN,smart_meter
2025-01-02T14:05:00,1074.312,24.067,6.305,110.217,1.0132,HTTPS,gateway
2025-01-01T16:22:00,152.885,5.346,9.451,5.07,0.6073,MQTT,actuator
2025-01-01T20:53:00,1462.5,6.155,0.1,84.216,0.6654,HTTPS,camera
2025-01-01T21:27:00,67.982,20.853,4.168,3.712,0.2087,MQTT,env_sensor
2025-01-01T10:12:00,2732.988,112.514,1.28,12.161,0.7232,HTTPS,camera
2025-01-02T09:36:00,147.82,12.711,6.618,13.166,0.4786,CoAP,actuator
2025-01-01T07:11:00,92.415,11.669,2.097,0.897,2.2812,MQTT,actuator
2025-01-02T11:34:00,108.579,34.068,0.212,1.028,0.5898,MQTT,env_sensor
2025-01-01T16:45:00,49.112,17.739,8.039,10.404,0.2311,CoAP,actuator
2025-01-02T03:55:00,26.857,254.919,4.31,0.151,3.9313,LoRaWAN,smart_meter
2025-01-02T02:00:00,130.756,32.658,5.981,0.05,0.5013,MQTT,env_sensor
2025-01-01T18:00:00,1149.794,1.21,3.857,169.172,0.7114,HTTPS,camera
2025-01-01T06:24:00,1146.426,26.021,5.777,99.433,0.2731,HTTPS,camera
2025-01-01T10:52:00,62.718,12.995,5.782,0.05,1.562,MQTT,env_sensor
2025-01-01T04:43:00,16.706,139.576,3.654,0.05,2.9262,LoRaWAN,smart_meter
2025-01-01T16:53:00,36.565,285.255,1.455,0.05,0.5301,LoRaWAN,smart_meter
2025-01-01T23:08:00,28.911,127.976,0.1,0.425,2.1232,LoRaWAN,smart_meter
2025-01-02T12:44:00,791.449,22.589,13.666,47.428,0.6065,CoAP,gateway
2025-01-02T03:13:00,109.275,11.734,5.931,16.952,0.2456,MQTT,actuator
2025-01-01T12:53:00,72.661,34.374,11.229,15.875,0.9113,CoAP,actuator
2025-01-01T08:04:00,18.797,230.477,1.633,0.671,0.4211,LoRaWAN,smart_meter
2025-01-01T17:04:00,63.474,8.973,2.357,6.608,0.9557,MQTT,env_sensor
2025-01-01T18:10:00,1033.907,77.033,6.591,161.802,0.0,HTTPS,camera
2025-01-01T12:27:00,91.534,42.799,2.95,4.122,0.4383,MQTT,env_sensor
2025-01-01T02:42:00,35.518,194.485,1.195,0.132,2.0746,LoRaWAN,smart_meter
2025-01-02T02:29:00,31.291,220.337,2.393,0.291,3.146,LoRaWAN,smart_meter
2025-01-01T15:02:00,720.758,66.307,11.933,62.312,1.172,CoAP,gateway
2025-01-01T12:47:00,32.353,140.027,2.748,0.939,5.8772,LoRaWAN,smart_meter
2025-01-02T07:28:00,91.502,26.658,11.92,7.668,0.0,MQTT,actuator
2025-01-01T19:43:00,647.083,45.562,2.063,144.097,0.3278,HTTPS,camera
2025-01-01T03:26:00,55.263,26.196,2.78,6.459,1.7691,MQTT,actuator
2025-01-01T17:14:00,21.4,259.058,1.459,0.238,1.5464,LoRaWAN,smart_meter
2025-01-01T10:15:00,1045.337,43.557,13.042,89.487,1.9741,HTTPS,gateway
2025-01-01T07:53:00,36.584,176.134,3.602,0.76,2.4554,MQTT,smart_meter
2025-01-01T06:25:00,113.411,20.858,5.566,9.55,0.8502,MQTT,actuator
2025-01-02T09:33:00,1766.042,39.429,7.528,0.05,1.0522,MQTT,gateway
2025-01-01T02:29:00,1886.153,67.814,9.644,35.271,2.1706,HTTPS,gateway
2025-01-01T12:13:00,1896.72,54.791,11.093,127.845,0.1639,HTTPS,camera
2025-01-02T01:25:00,27.573,227.353,0.132,0.633,1.006,LoRaWAN,smart_meter
2025-01-02T06:37:00,31.269,130.852,0.704,0.148,3.5522,LoRaWAN,smart_meter
2025-01-01T14:44:00,532.047,25.72,13.271,74.89,1.2622,CoAP,gateway
2025-01-01T09:46:00,55.624,17.843,3.572,7.493,0.8069,MQTT,env_sensor
2025-01-02T11:26:00,23.825,337.713,3.783,0.635,6.2249,LoRaWAN,smart_meter
2025-01-01T14:05:00,126.748,23.835,8.474,4.49,0.8377,MQTT,actuator
2025-01-02T14:49:00,1663.334,75.75,8.962,58.874,0.0,HTTPS,gateway
2025-01-01T06:15:00,331.324,89.915,7.252,95.443,0.8525,CoAP,gateway
2025-01-02T04:11:00,41.509,54.68,0.1,0.05,4.091,MQTT,smart_meter
2025-01-01T02:59:00,88.825,1.162,5.247,9.381,0.635,MQTT,actuator
2025-01-01T19:10:00,54.035,19.349,1.631,6.644,0.0,MQTT,env_sensor
2025-01-02T08:31:00,1757.817,66.205,4.437,21.75,1.1019,HTTPS,camera
2025-01-02T07:54:00,136.011,21.028,7.25,6.616,0.7615,MQTT,actuator
2025-01-01T20:49:00,1258.205,44.742,7.56,19.699,1.8838,CoAP,gateway
2025-01-02T00:32:00,74.978,28.538,5.614,3.465,0.0,MQTT,env_sensor
2025-01-02T04:32:00,253.756,96.21,6.105,124.897,1.5364,MQTT,camera
2025-01-01T10:54:00,44.478,41.955,5.115,1.523,1.987,CoAP,env_sensor
2025-01-02T12:01:00,24.043,206.751,1.867,0.38,2.4955,LoRaWAN,smart_meter
2025-01-01T06:49:00,107.0,24.906,1.75,5.561,1.7631,MQTT,env_sensor
2025-01-02T14:45:00,1252.13,39.099,14.728,63.604,1.8881,CoAP,gateway
2025-01-01T12:43:00,2547.195,83.165,3.851,153.619,1.6809,HTTPS,camera
2025-01-02T12:34:00,1146.025,61.739,2.958,115.109,1.3697,HTTPS,gateway
2025-01-01T20:16:00,87.67,20.99,2.83,0.05,2.4064,MQTT,env_sensor
2025-01-01T12:22:00,1904.243,32.085,7.02,197.707,0.5274,HTTPS,camera
2025-01-01T05:00:00,3962.494,56.941,8.38,80.318,1.3801,HTTPS,camera
2025-01-02T12:18:00,31.343,237.474,2.322,0.222,2.1456,LoRaWAN,smart_meter
2025-01-01T03:02:00,36.559,209.394,1.571,0.501,2.8563,LoRaWAN,smart_meter
2025-01-02T11:23:00,123.233,19.01,0.907,1.202,0.0,MQTT,actuator
2025-01-01T09:29:00,81.722,19.489,7.039,4.825,0.6418,CoAP,env_sensor
2025-01-01T00:20:00,24.182,135.682,2.779,0.193,3.1282,LoRaWAN,smart_meter
2025-01-02T01:58:00,897.025,54.291,3.34,25.824,0.9063,HTTPS,gateway
2025-01-02T16:54:00,1096.385,92.762,2.283,85.295,1.8825,HTTPS,gateway
2025-01-02T15:48:00,2177.516,51.335,8.448,62.255,0.5926,HTTPS,camera
2025-01-01T08:08:00,106.655,2.075,4.501,7.334,1.2904,MQTT,actuator
2025-01-02T11:28:00,474.755,9.594,5.159,76.207,2.0963,CoAP,gateway
2025-01-02T01:17:00,2573.032,28.72,4.332,15.828,0.9402,HTTPS,camera
2025-01-01T12:55:00,649.7,65.233,2.859,110.691,0.792,HTTPS,gateway
2025-01-02T04:48:00,77.905,29.417,7.924,8.956,1.2844,MQTT,env_sensor
2025-01-02T07:55:00,1726.501,23.638,5.173,156.765,0.365,HTTPS,camera
2025-01-02T11:04:00,28.921,123.26,0.1,0.403,0.0231,LoRaWAN,smart_meter
2025-01-01T20:08:00,52.62,24.199,5.34,13.023,1.1194,MQTT,actuator
2025-01-01T16:55:00,1227.084,57.476,20.445,107.603,0.3444,HTTPS,gateway
2025-01-01T20:21:00,108.084,24.417,0.1,10.658,0.3829,MQTT,actuator
2025-01-01T05:56:00,48.812,11.819,0.308,0.05,1.1326,MQTT,env_sensor
2025-01-01T15:52:00,1045.198,39.769,0.1,159.433,1.0269,HTTPS,gateway
2025-01-02T13:39:00,84.903,13.169,7.715,5.674,1.1883,MQTT,actuator
2025-01-01T07:06:00,943.519,67.619,8.054,21.16,0.4597,CoAP,gateway
2025-01-01T23:08:00,61.826,20.704,2.672,2.897,2.132,MQTT,env_sensor
2025-01-01T06:36:00,141.514,25.823,0.575,3.483,1.1839,MQTT,actuator
2025-01-01T04:53:00,1424.658,83.038,6.467,65.88,0.0,HTTPS,camera
2025-01-01T12:03:00,1259.211,82.785,14.269,73.758,0.3681,HTTPS,gateway
2025-01-02T12:11:00,346.788,68.399,7.288,21.32,2.2112,CoAP,gateway
2025-01-01T16:51:00,734.17,64.596,3.328,128.381,0.4438,HTTPS,gateway
2025-01-02T17:26:00,35.063,34.911,5.726,1.782,0.4511,MQTT,env_sensor
2025-01-01T07:03:00,92.276,26.339,8.615,4.969,0.3199,MQTT,actuator
2025-01-01T22:18:00,969.128,1.0,6.869,137.234,0.3462,CoAP,camera
2025-01-02T16:33:00,121.059,15.919,7.521,6.011,0.7764,MQTT,actuator
2025-01-02T09:31:00,1158.986,46.176,8.464,78.891,0.0,HTTPS,gateway
2025-01-01T18:40:00,2937.418,68.606,2.048,64.896,0.0,HTTPS,camera
2025-01-01T09:13:00,16.174,208.09,5.038,0.05,6.2196,LoRaWAN,smart_meter
2025-01-01T12:58:00,28.395,208.713,0.1,0.349,3.1253,LoRaWAN,smart_meter
2025-01-02T03:37:00,2394.791,39.183,0.1,214.387,0.3696,HTTPS,camera
2025-01-01T23:33:00,67.927,32.646,1.47,8.498,2.4063,MQTT,env_sensor
2025-01-01T03:06:00,1004.265,56.809,6.018,0.05,0.8399,CoAP,gateway
2025-01-01T01:17:00,57.507,21.187,4.343,9.112,2.0253,MQTT,env_sensor
2025-01-01T02:27:00,8.0,1.0,11.018,60.388,1.0727,MQTT,gateway
2025-01-02T03:33:00,617.336,57.008,10.736,1.231,2.2163,CoAP,gateway
2025-01-01T16:02:00,1497.014,32.674,8.669,33.193,1.6164,CoAP,gateway
2025-01-01T15:26:00,90.864,22.073,2.346,6.475,0.0,MQTT,actuator
2025-01-01T14:04:00,33.181,137.983,0.431,0.801,2.8725,LoRaWAN,smart_meter
2025-01-01T21:43:00,28.581,204.606,1.526,0.32,1.2682,LoRaWAN,smart_meter
2025-01-01T17:26:00,144.699,14.123,8.244,0.05,0.1984,CoAP,actuator
2025-01-02T17:16:00,1573.753,60.551,10.973,13.624,0.2091,HTTPS,gateway
2025-01-02T10:13:00,661.225,68.209,4.131,148.53,0.0,HTTPS,camera
2025-01-02T09:48:00,8.0,48.665,5.784,20.818,0.8391,HTTPS,gateway
2025-01-02T08:47:00,150.89,15.15,4.513,8.393,0.7733,MQTT,actuator
2025-01-01T20:52:00,122.138,17.734,6.847,11.896,0.0,MQTT,actuator
2025-01-01T09:03:00,35.33,271.431,1.966,0.05,7.9625,LoRaWAN,smart_meter
2025-01-02T16:15:00,1969.488,78.357,4.783,93.085,0.9095,HTTPS,camera
2025-01-01T23:47:00,112.773,13.41,2.723,7.646,1.4476,MQTT,env_sensor
2025-01-02T01:55:00,1139.018,23.364,0.411,138.669,0.2188,HTTPS,camera
2025-01-01T07:48:00,1719.614,43.434,6.586,76.283,0.9223,HTTPS,camera
2025-01-01T11:00:00,118.052,21.958,5.948,10.128,1.8177,CoAP,actuator
2025-01-02T09:39:00,135.486,13.597,11.672,4.367,0.7669,MQTT,actuator
2025-01-02T09:01:00,1035.417,1.0,12.614,100.0,1.7598,HTTPS,gateway
2025-01-02T04:39:00,78.468,34.249,1.397,1.648,1.1268,MQTT,env_sensor
2025-01-02T01:02:00,33.413,213.223,3.383,0.407,0.7798,LoRaWAN,smart_meter
2025-01-01T14:52:00,966.206,28.375,4.719,27.378,2.3545,MQTT,gateway
2025-01-01T21:28:00,1782.328,53.136,4.768,201.486,0.7802,HTTPS,camera
2025-01-01T14:17:00,111.789,12.906,3.41,6.642,0.8956,MQTT,actuator
2025-01-01T11:25:00,31.093,238.575,0.932,0.415,0.0,LoRaWAN,smart_meter
2025-01-01T07:55:00,22.588,122.996,2.069,0.06,3.3179,LoRaWAN,smart_meter
2025-01-01T16:11:00,39.061,31.291,0.591,0.574,7.5193,LoRaWAN,smart_meter
2025-01-02T10:55:00,93.151,11.482,6.913,9.805,0.0,MQTT,actuator
2025-01-02T13:05:00,81.15,14.172,7.675,8.589,0.5951,MQTT,actuator
2025-01-01T09:13:00,848.203,74.57,9.924,0.05,0.9654,CoAP,gateway
2025-01-02T07:57:00,105.507,17.583,5.016,2.228,0.2176,MQTT,actuator
2025-01-02T13:29:00,2045.363,93.996,6.768,242.47,0.0,HTTPS,camera
2025-01-02T07:38:00,1088.372,20.462,0.235,150.863,0.2324,HTTPS,camera
2025-01-01T08:35:00,988.473,1.0,6.444,92.231,2.4597,CoAP,gateway
2025-01-01T04:20:00,122.908,10.694,7.871,10.083,0.9967,MQTT,actuator
2025-01-01T05:11:00,33.016,162.733,0.262,0.858,3.2524,LoRaWAN,smart_meter
2025-01-01T14:06:00,573.471,103.451,17.833,182.041,0.8637,HTTPS,gateway
2025-01-01T13:52:00,1846.811,69.404,6.231,27.907,1.1986,CoAP,camera
2025-01-01T14:02:00,37.966,153.059,3.068,0.491,3.758,LoRaWAN,smart_meter
2025-01-02T00:00:00,913.48,35.173,0.1,26.277,0.9464,HTTPS,gateway
2025-01-02T08:19:00,35.078,176.106,2.496,0.474,3.9069,LoRaWAN,smart_meter
2025-01-02T06:49:00,1614.857,67.153,8.656,164.272,0.0,HTTPS,camera
2025-01-01T22:06:00,74.993,23.552,0.902,11.833,1.7495,MQTT,env_sensor
2025-01-01T11:27:00,80.079,22.252,5.957,2.617,1.2507,MQTT,actuator
2025-01-02T15:16:00,2549.646,75.459,3.454,23.203,0.0,HTTPS,camera
2025-01-01T00:23:00,806.222,34.205,12.553,95.475,0.377,HTTPS,gateway
2025-01-02T06:04:00,3104.251,33.773,0.1,19.528,0.7654,HTTPS,camera
2025-01-01T05:26:00,19.314,140.805,2.44,0.735,2.1129,LoRaWAN,smart_meter
2025-01-01T09:57:00,2013.48,85.521,0.742,85.189,0.9035,HTTPS,camera
2025-01-02T04:42:00,19.452,210.145,2.904,0.084,3.8338,LoRaWAN,smart_meter
2025-01-01T04:21:00,1446.845,64.502,3.423,117.212,0.6251,HTTPS,camera
2025-01-01T11:15:00,51.504,26.115,3.449,1.038,0.3189,MQTT,env_sensor
2025-01-01T16:44:00,8.0,29.019,9.17,0.05,1.148,MQTT,gateway
2025-01-02T12:44:00,32.432,168.24,1.213,0.49,3.71,LoRaWAN,smart_meter
2025-01-01T16:22:00,2450.093,55.753,13.675,57.672,0.0036,HTTPS,camera
2025-01-01T15:13:00,1418.45,20.361,9.05,29.27,0.8754,HTTPS,gateway
2025-01-02T03:03:00,74.376,9.877,4.918,5.018,1.2945,MQTT,actuator
2025-01-02T01:16:00,1152.017,45.717,4.024,136.205,0.0,HTTPS,camera
2025-01-01T15:44:00,85.934,32.546,3.979,1.562,1.5775,MQTT,env_sensor
2025-01-01T23:54:00,119.399,13.906,10.78,8.744,0.2913,MQTT,actuator
2025-01-02T04:08:00,832.849,54.124,9.43,28.82,0.4562,CoAP,gateway
2025-01-02T02:45:00,148.993,27.926,6.626,15.186,1.4951,MQTT,actuator
2025-01-01T15:49:00,1443.136,111.398,3.962,84.818,0.5088,HTTPS,camera
2025-01-01T15:14:00,26.202,152.982,2.247,0.208,2.7592,LoRaWAN,smart_meter
2025-01-01T02:31:00,26.087,99.216,1.163,0.831,0.0,HTTPS,smart_meter
2025-01-01T18:57:00,127.274,27.777,5.839,8.2,2.0311,MQTT,actuator
2025-01-01T14:39:00,98.728,27.928,0.1,9.28,0.5156,MQTT,actuator
2025-01-02T03:48:00,416.151,64.746,11.719,100.298,0.6877,HTTPS,gateway
2025-01-01T17:23:00,89.675,20.222,4.747,3.219,1.4626,MQTT,actuator
2025-01-01T23:26:00,297.627,44.749,11.447,37.714,1.3385,CoAP,gateway
2025-01-02T13:07:00,472.201,74.275,1.96,153.039,1.0908,HTTPS,camera
2025-01-01T03:32:00,34.912,228.704,2.943,0.05,0.0,LoRaWAN,smart_meter
2025-01-02T07:33:00,64.13,14.693,5.021,1.239,1.3418,MQTT,env_sensor
2025-01-01T20:35:00,1075.982,16.359,1.047,35.363,0.6358,HTTPS,gateway
2025-01-02T11:29:00,98.742,20.373,7.626,5.542,0.0559,CoAP,actuator
2025-01-02T12:32:00,65.517,70.675,6.152,177.657,0.1709,MQTT,camera
2025-01-01T14:03:00,102.726,13.067,4.284,9.624,0.0,MQTT,actuator
2025-01-01T11:49:00,90.126,9.771,0.1,7.589,1.9024,MQTT,env_sensor
2025-01-02T11:22:00,545.332,47.512,13.249,62.708,0.0,HTTPS,gateway
2025-01-02T13:31:00,86.586,23.189,4.94,10.184,0.7548,MQTT,actuator
2025-01-02T07:17:00,858.365,119.956,0.1,115.64,0.877,HTTPS,camera
2025-01-01T13:16:00,26.639,161.727,1.215,0.05,3.1491,LoRaWAN,smart_meter
2025-01-01T16:59:00,23.692,70.631,3.346,0.633,3.2644,MQTT,smart_meter
2025-01-01T07:18:00,144.078,19.466,5.521,13.671,0.777,MQTT,actuator
2025-01-02T13:00:00,100.152,20.228,6.142,11.552,0.8094,MQTT,actuator
2025-01-01T05:21:00,1872.147,1.0,8.598,163.069,1.1221,HTTPS,camera
2025-01-01T02:52:00,22.594,163.765,0.1,0.05,2.7593,LoRaWAN,smart_meter
2025-01-02T03:11:00,81.108,8.926,5.181,9.256,0.9599,MQTT,actuator
2025-01-02T04:00:00,2258.072,58.865,0.1,132.97,1.4206,HTTPS,camera
2025-01-01T08:15:00,124.638,29.333,3.439,3.98,0.7197,MQTT,actuator
2025-01-02T07:31:00,134.099,26.603,1.42,7.688,0.7964,MQTT,actuator
2025-01-02T13:46:00,1673.273,47.304,1.646,0.05,1.8009,HTTPS,gateway
2025-01-01T18:58:00,71.514,17.722,5.38,0.083,0.8068,MQTT,actuator
2025-01-02T17:01:00,1382.938,49.009,9.814,35.133,0.8801,HTTPS,gateway
2025-01-01T00:22:00,26.142,214.495,0.3,0.166,1.4292,LoRaWAN,smart_meter
2025-01-01T07:57:00,410.103,90.786,9.818,1.373,1.4262,CoAP,gateway
2025-01-02T17:27:00,113.643,9.658,3.157,5.658,0.2696,MQTT,actuator
2025-01-01T13:29:00,154.713,17.844,1.2,11.153,1.6587,MQTT,actuator
2025-01-02T10:54:00,109.977,19.345,6.953,8.738,0.9576,MQTT,actuator
2025-01-01T07:29:00,63.48,27.1,2.019,1.663,2.3737,MQTT,env_sensor
2025-01-02T04:01:00,112.735,38.264,6.971,7.595,0.7683,MQTT,actuator
2025-01-01T06:08:00,3197.086,71.655,4.74,185.699,0.1635,HTTPS,camera
2025-01-01T02:15:00,121.375,16.743,6.098,2.326,0.7615,MQTT,actuator
2025-01-01T19:28:00,11.251,129.563,3.127,0.599,4.1661,LoRaWAN,smart_meter
2025-01-02T13:02:00,2180.938,105.626,6.499,64.549,0.8843,HTTPS,camera
2025-01-01T17:25:00,39.515,6.345,1.131,7.022,0.9577,MQTT,env_sensor
2025-01-01T10:38:00,104.729,36.187,0.1,7.974,1.5981,MQTT,env_sensor
2025-01-02T01:01:00,99.686,11.32,9.204,11.302,0.0,CoAP,actuator
2025-01-01T16:21:00,129.613,1.0,2.963,6.087,0.5481,MQTT,actuator
2025-01-01T16:19:00,59.306,16.351,2.697,6.276,2.2088,MQTT,env_sensor
2025-01-01T16:16:00,93.26,13.684,5.211,10.487,1.2586,MQTT,actuator
2025-01-01T21:31:00,1177.421,30.874,2.828,95.408,0.8665,HTTPS,gateway
2025-01-02T15:01:00,94.206,10.48,6.106,9.259,2.0156,MQTT,actuator
2025-01-02T15:18:00,1782.928,60.778,1.863,121.014,1.5611,HTTPS,camera
2025-01-02T05:04:00,2154.152,29.546,0.1,129.382,1.067,HTTPS,camera
2025-01-01T15:48:00,137.709,10.03,5.557,10.021,0.0,MQTT,actuator
2025-01-01T16:38:00,86.377,27.462,5.486,5.195,2.4458,MQTT,env_sensor
2025-01-01T13:06:00,26.144,138.15,3.526,0.926,3.2158,LoRaWAN,smart_meter
2025-01-01T01:23:00,1528.848,38.172,1.481,154.205,0.0475,HTTPS,camera
2025-01-01T23:20:00,66.291,13.988,2.509,5.406,1.6532,MQTT,env_sensor
2025-01-01T15:24:00,86.08,11.209,3.329,4.319,0.0,MQTT,env_sensor
2025-01-01T23:13:00,2305.26,47.075,2.517,172.893,0.5383,HTTPS,camera
2025-01-02T07:58:00,84.359,13.503,3.649,0.85,0.0,MQTT,env_sensor
2025-01-01T15:27:00,2884.342,76.366,3.647,54.268,0.9893,HTTPS,camera
2025-01-01T19:14:00,1494.67,1.0,8.098,75.874,0.6543,HTTPS,gateway
2025-01-01T07:41:00,31.198,107.511,0.825,0.05,3.7993,LoRaWAN,smart_meter
2025-01-02T05:09:00,746.619,41.72,11.558,0.05,0.7019,CoAP,gateway
2025-01-02T07:44:00,37.258,243.769,1.18,0.073,4.8707,LoRaWAN,smart_meter
2025-01-02T06:57:00,479.263,39.37,9.45,144.324,0.0,HTTPS,gateway
2025-01-01T04:46:00,29.378,133.821,1.35,0.442,4.9943,LoRaWAN,smart_meter
2025-01-01T13:18:00,24.89,171.887,2.365,0.666,0.186,LoRaWAN,smart_meter
2025-01-01T10:42:00,20.471,168.267,2.298,0.531,2.3342,LoRaWAN,smart_meter
2025-01-01T07:01:00,1293.405,36.014,1.747,89.313,0.6802,HTTPS,camera
2025-01-01T02:32:00,27.161,198.715,0.1,0.683,0.2508,LoRaWAN,smart_meter
2025-01-01T05:15:00,118.962,1.143,8.501,10.158,0.9115,MQTT,actuator
2025-01-01T16:47:00,1119.081,43.615,0.1,80.447,2.0683,HTTPS,gateway
2025-01-02T01:48:00,8.0,8.753,5.087,3.623,2.2997,CoAP,env_sensor
2025-01-01T18:18:00,91.975,16.022,4.014,6.137,0.4671,MQTT,actuator
2025-01-01T15:08:00,24.268,106.458,0.133,0.527,6.2959,LoRaWAN,smart_meter
2025-01-02T13:17:00,88.571,19.417,2.677,3.362,0.6457,MQTT,env_sensor
2025-01-01T19:42:00,15.517,17.023,0.1,3.764,0.4628,MQTT,env_sensor
2025-01-01T12:29:00,496.41,47.564,6.077,77.652,0.0,HTTPS,gateway
2025-01-01T14:57:00,29.962,111.735,3.059,0.57,2.8443,LoRaWAN,smart_meter
2025-01-02T04:44:00,1519.902,53.704,0.953,135.435,0.0,HTTPS,camera
2025-01-01T09:24:00,2780.782,85.751,2.007,43.225,1.3359,HTTPS,camera
2025-01-01T11:02:00,663.825,81.807,9.634,31.387,0.0,CoAP,gateway
2025-01-01T19:49:00,1840.233,72.037,12.805,126.971,0.7268,HTTPS,gateway
2025-01-02T07:56:00,29.827,104.519,1.437,0.623,2.1329,LoRaWAN,smart_meter
2025-01-02T03:23:00,1328.834,31.999,5.057,129.344,0.5852,HTTPS,camera
2025-01-02T13:46:00,68.553,19.137,1.25,5.193,1.6305,MQTT,env_sensor
2025-01-02T17:08:00,31.556,188.985,1.76,0.157,3.0873,LoRaWAN,smart_meter
2025-01-01T17:26:00,2031.883,70.968,3.131,120.289,0.1237,HTTPS,camera
2025-01-01T10:45:00,2502.4,38.054,5.075,49.759,0.6464,HTTPS,camera
2025-01-01T17:41:00,86.208,16.24,3.299,12.872,1.7393,MQTT,actuator
2025-01-01T01:12:00,1536.806,67.77,6.065,79.501,1.3399,HTTPS,gateway
2025-01-01T22:51:00,38.933,250.23,3.352,0.496,2.2812,LoRaWAN,smart_meter
2025-01-02T10:42:00,1024.936,63.609,4.869,222.989,0.7624,HTTPS,camera
2025-01-02T10:48:00,34.821,165.78,2.338,0.601,2.9108,LoRaWAN,smart_meter
2025-01-01T12:41:00,50.658,32.006,4.856,0.05,0.0,MQTT,env_sensor
2025-01-01T09:25:00,85.792,1.0,2.159,0.05,2.4898,MQTT,env_sensor
2025-01-01T08:25:00,118.121,27.066,8.13,5.223,2.2021,CoAP,actuator
2025-01-01T02:28:00,47.891,10.523,3.725,10.098,1.1239,MQTT,actuator
2025-01-01T04:36:00,26.042,157.448,2.521,0.062,2.1068,LoRaWAN,smart_meter
2025-01-01T21:18:00,96.189,26.972,4.551,4.758,1.5965,MQTT,actuator
2025-01-01T12:05:00,1527.716,61.285,11.538,183.845,1.7439,HTTPS,camera
2025-01-02T15:12:00,121.614,16.532,7.932,5.468,0.8133,MQTT,actuator
2025-01-01T05:18:00,34.979,172.38,1.437,0.488,2.7891,LoRaWAN,smart_meter
2025-01-01T11:49:00,40.464,93.228,0.91,0.21,3.0956,MQTT,smart_meter
2025-01-01T17:37:00,62.536,13.027,0.1,10.208,1.0388,MQTT,env_sensor
2025-01-02T04:20:00,2023.343,87.39,3.951,46.908,0.7346,HTTPS,camera
2025-01-01T09:10:00,1722.03,103.322,4.542,74.279,0.7169,HTTPS,camera
2025-01-01T20:11:00,818.718,33.925,9.059,42.738,0.8604,CoAP,gateway
2025-01-02T10:46:00,2654.201,122.292,4.715,101.111,1.3694,HTTPS,camera
2025-01-01T04:56:00,60.202,42.008,6.071,11.225,1.9484,MQTT,env_sensor
2025-01-01T13:14:00,35.707,180.49,1.637,0.639,3.5078,LoRaWAN,smart_meter
2025-01-01T21:24:00,18.06,155.895,1.329,0.481,5.3175,LoRaWAN,smart_meter
2025-01-01T08:26:00,38.123,144.396,2.097,0.615,2.8364,LoRaWAN,smart_meter
2025-01-02T07:30:00,74.626,27.074,2.976,0.766,1.8192,MQTT,env_sensor
2025-01-01T20:25:00,81.882,33.08,1.985,6.956,1.7178,MQTT,actuator
2025-01-01T09:23:00,114.725,29.426,4.358,6.922,0.0,MQTT,actuator
2025-01-02T06:00:00,111.55,24.104,1.943,8.021,0.6035,MQTT,actuator
2025-01-01T20:49:00,527.547,70.097,10.554,92.815,0.3608,HTTPS,camera
2025-01-02T04:39:00,1979.845,81.909,8.006,87.162,1.1935,HTTPS,camera
2025-01-02T13:17:00,8.0,60.068,5.538,0.05,0.1516,HTTPS,gateway
2025-01-02T09:17:00,132.475,14.288,3.843,11.388,0.9623,MQTT,actuator
2025-01-01T13:17:00,52.86,38.509,2.427,2.476,0.2016,MQTT,env_sensor
2025-01-01T17:29:00,8.0,73.498,5.224,170.629,1.0693,MQTT,camera
2025-01-01T12:19:00,101.426,23.589,6.555,8.775,1.0979,MQTT,actuator
2025-01-02T09:37:00,2028.995,89.101,6.113,146.959,0.566,HTTPS,camera
2025-01-01T18:01:00,40.674,23.99,4.475,6.328,0.0,MQTT,env_sensor
2025-01-02T04:13:00,1527.667,72.347,11.204,139.14,0.1254,HTTPS,camera
2025-01-02T11:50:00,30.959,206.239,2.654,0.663,2.8968,LoRaWAN,smart_meter
2025-01-02T15:58:00,36.866,202.641,1.554,0.779,0.0,LoRaWAN,smart_meter
2025-01-01T00:47:00,119.907,27.279,0.1,3.198,0.2319,MQTT,actuator
2025-01-01T03:06:00,34.043,196.557,2.599,0.496,3.2071,LoRaWAN,smart_meter
2025-01-01T04:07:00,59.704,20.07,2.672,3.135,1.0686,MQTT,env_sensor
2025-01-02T13:33:00,12.738,208.711,0.1,0.268,2.5829,LoRaWAN,smart_meter
2025-01-01T03:45:00,126.544,13.84,7.62,11.534,0.0,MQTT,actuator
2025-01-01T11:57:00,106.621,17.142,11.495,8.867,0.6746,MQTT,actuator
2025-01-01T08:51:00,535.089,47.3,2.973,29.645,0.318,HTTPS,camera
2025-01-01T16:02:00,38.159,106.155,3.466,0.256,1.8071,LoRaWAN,smart_meter
2025-01-01T18:42:00,162.012,33.079,5.071,12.021,0.0,MQTT,actuator
2025-01-02T14:41:00,88.795,5.666,5.438,5.312,1.5344,MQTT,actuator
2025-01-01T01:37:00,1607.086,66.063,3.553,188.535,1.7323,HTTPS,camera
2025-01-02T00:39:00,33.809,173.281,1.684,0.228,2.6428,MQTT,smart_meter
2025-01-02T11:11:00,12.046,226.935,0.784,0.05,2.4321,LoRaWAN,smart_meter
2025-01-02T16:54:00,22.088,40.614,5.19,3.084,1.6039,CoAP,env_sensor
2025-01-01T00:57:00,1256.617,39.066,11.219,53.206,2.5666,HTTPS,gateway
2025-01-02T01:42:00,35.96,239.597,0.275,0.541,3.3377,LoRaWAN,smart_meter
2025-01-02T16:32:00,656.79,50.875,10.225,87.216,0.1333,HTTPS,gateway
2025-01-02T05:15:00,505.678,2.461,6.538,16.941,2.4361,CoAP,gateway
2025-01-02T12:00:00,39.134,183.389,4.123,0.685,1.5357,LoRaWAN,smart_meter
2025-01-02T00:47:00,70.526,21.96,3.653,4.284,2.5075,MQTT,env_sensor
2025-01-01T13:08:00,420.747,46.618,6.345,167.158,0.182,HTTPS,camera
2025-01-01T22:36:00,1196.908,20.851,15.796,16.657,0.6381,HTTPS,gateway
2025-01-02T13:33:00,106.08,17.959,0.831,4.564,0.0,MQTT,actuator
2025-01-02T17:15:00,107.188,23.943,8.448,8.716,0.0,MQTT,actuator
2025-01-01T13:31:00,27.207,151.952,2.462,0.415,0.0,LoRaWAN,smart_meter
2025-01-02T08:20:00,34.096,115.123,5.174,1.362,1.0274,MQTT,smart_meter
2025-01-01T08:05:00,1028.732,31.495,7.838,82.784,0.0,HTTPS,camera
2025-01-02T11:12:00,28.252,189.336,3.738,0.595,0.0,LoRaWAN,smart_meter
2025-01-01T08:54:00,122.633,13.628,2.035,0.05,1.61,MQTT,env_sensor
2025-01-01T23:15:00,61.784,17.858,3.276,5.592,0.7066,MQTT,env_sensor
2025-01-02T13:09:00,17.292,182.966,2.425,1.131,3.829,MQTT,smart_meter
2025-01-01T19:04:00,1540.06,60.797,3.23,140.553,1.0777,HTTPS,camera
2025-01-02T11:02:00,1143.976,50.687,1.882,139.083,0.6974,HTTPS,camera
2025-01-01T00:36:00,104.798,17.675,1.303,3.708,0.0,MQTT,actuator
2025-01-01T15:33:00,44.797,21.829,0.1,4.611,1.6134,MQTT,env_sensor
2025-01-01T00:59:00,52.997,28.174,3.131,2.658,2.4064,MQTT,env_sensor
2025-01-02T01:21:00,872.74,37.08,6.073,34.755,0.8278,CoAP,camera
2025-01-01T20:26:00,101.078,17.503,5.363,1.713,2.4018,MQTT,env_sensor
2025-01-02T09:24:00,669.878,55.161,14.525,95.078,2.2179,CoAP,gateway
2025-01-02T04:31:00,121.65,15.333,0.1,14.834,2.6722,MQTT,actuator
2025-01-02T13:38:00,71.368,17.427,6.39,4.3,0.0,MQTT,actuator
2025-01-02T13:51:00,36.204,25.077,0.1,4.976,1.5017,MQTT,env_sensor
2025-01-02T15:41:00,17.434,188.013,0.855,0.803,6.0041,LoRaWAN,smart_meter
2025-01-02T01:24:00,174.553,10.523,9.876,4.053,1.7898,CoAP,actuator
2025-01-02T10:47:00,1863.709,103.4,4.66,81.595,0.3729,HTTPS,camera
2025-01-01T16:45:00,1631.124,93.327,7.955,164.202,1.3533,HTTPS,camera
2025-01-01T14:03:00,52.378,27.537,2.756,3.53,1.881,MQTT,env_sensor
2025-01-02T16:48:00,99.343,24.05,0.1,13.29,1.696,MQTT,actuator
2025-01-01T13:35:00,146.053,22.575,8.061,19.585,1.0271,MQTT,actuator
2025-01-01T08:49:00,77.512,4.791,1.066,6.596,0.225,MQTT,env_sensor
2025-01-01T07:09:00,63.854,8.024,4.765,5.848,0.6341,MQTT,env_sensor
2025-01-01T01:12:00,46.036,235.31,1.307,0.566,3.4486,LoRaWAN,smart_meter
2025-01-01T07:39:00,117.583,11.886,5.701,5.794,0.8589,MQTT,actuator
2025-01-02T17:33:00,39.12,29.025,4.55,0.05,1.46,MQTT,env_sensor
2025-01-02T04:46:00,1738.044,16.517,5.329,90.196,0.0348,HTTPS,camera
2025-01-01T18:45:00,90.847,10.398,3.503,3.022,0.2068,MQTT,env_sensor
2025-01-02T08:36:00,63.621,16.642,1.389,5.133,1.0385,MQTT,env_sensor
2025-01-02T00:49:00,41.956,45.787,3.333,0.05,1.7087,MQTT,env_sensor
2025-01-02T11:44:00,119.94,20.736,1.13,3.576,1.3077,MQTT,env_sensor
2025-01-01T02:11:00,36.505,45.831,1.491,5.418,0.2987,MQTT,env_sensor
2025-01-01T12:10:00,2272.776,33.459,1.88,0.05,0.0,HTTPS,camera
2025-01-02T12:36:00,24.908,182.551,0.1,0.162,2.5811,LoRaWAN,smart_meter
2025-01-02T09:32:00,35.61,202.779,2.615,0.427,3.0196,LoRaWAN,smart_meter
2025-01-01T22:32:00,1554.079,33.332,4.295,65.588,1.1919,HTTPS,camera
2025-01-01T19:00:00,945.386,15.6,2.575,65.087,0.0,HTTPS,gateway
2025-01-02T10:27:00,1425.432,31.286,12.932,0.05,1.3894,CoAP,gateway
2025-01-01T16:25:00,464.588,2.5,2.924,171.278,0.9772,HTTPS,camera
2025-01-01T07:32:00,151.107,23.73,7.03,13.703,1.2425,MQTT,actuator
2025-01-01T19:26:00,78.699,14.259,7.121,6.578,1.0147,MQTT,actuator
2025-01-01T04:12:00,622.429,33.837,5.69,31.14,0.1342,CoAP,gateway
2025-01-02T15:30:00,1039.236,3.513,8.595,11.81,0.8718,HTTPS,gateway
2025-01-01T12:14:00,1816.372,115.549,0.1,128.907,1.2832,HTTPS,camera
2025-01-01T21:04:00,2150.193,49.581,0.268,94.496,0.7554,HTTPS,camera
2025-01-01T20:51:00,1483.043,66.176,17.377,65.709,0.6737,HTTPS,gateway
2025-01-01T03:07:00,139.994,20.818,4.056,2.155,0.926,MQTT,actuator
2025-01-02T14:14:00,29.747,119.271,2.49,0.709,5.2842,LoRaWAN,smart_meter
2025-01-01T23:05:00,1946.458,80.503,3.668,182.981,0.5544,HTTPS,camera
2025-01-01T14:32:00,14.499,220.338,3.82,0.575,0.5838,LoRaWAN,smart_meter
2025-01-02T07:20:00,125.583,13.397,11.235,5.304,2.0958,MQTT,actuator
2025-01-01T19:02:00,22.213,195.69,1.215,0.273,4.1078,LoRaWAN,smart_meter
2025-01-01T02:35:00,16.588,186.427,3.704,0.512,2.249,LoRaWAN,smart_meter
2025-01-01T02:50:00,1470.186,54.099,13.512,50.627,1.7394,CoAP,gateway
2025-01-01T04:29:00,74.725,33.594,2.009,0.05,1.2736,MQTT,env_sensor
2025-01-02T10:31:00,1879.618,77.363,6.666,72.594,0.8812,HTTPS,camera
2025-01-02T10:46:00,1229.01,46.629,9.925,92.639,0.0613,HTTPS,gateway
2025-01-01T01:02:00,96.364,20.205,2.143,3.58,0.7118,MQTT,actuator
2025-01-02T02:32:00,1741.271,21.066,2.772,3.727,2.1341,MQTT,camera
2025-01-02T05:48:00,2207.547,72.713,0.1,101.302,0.9289,HTTPS,camera
2025-01-01T05:50:00,94.391,7.562,7.205,4.248,1.2971,MQTT,actuator
2025-01-02T15:09:00,1358.628,127.75,7.747,192.251,0.0,HTTPS,camera
2025-01-01T11:21:00,62.836,18.337,0.1,2.671,0.0,MQTT,env_sensor
2025-01-01T13:49:00,28.188,270.539,3.136,0.167,3.3715,LoRaWAN,smart_meter
2025-01-02T00:07:00,90.268,23.146,7.105,12.134,0.9015,MQTT,env_sensor
2025-01-02T11:49:00,21.033,239.747,1.981,0.13,2.2028,LoRaWAN,smart_meter
2025-01-01T06:47:00,1432.286,54.085,9.691,0.05,2.4836,CoAP,gateway
2025-01-02T16:08:00,1843.347,41.079,4.345,73.251,0.564,HTTPS,camera
2025-01-01T05:29:00,146.916,20.275,7.458,10.154,0.0963,MQTT,actuator
2025-01-02T04:13:00,548.576,70.661,2.121,62.505,0.7968,HTTPS,gateway
2025-01-02T11:13:00,71.248,31.298,2.214,4.081,1.4186,MQTT,env_sensor
2025-01-02T01:13:00,34.897,199.854,1.867,0.728,2.0814,LoRaWAN,smart_meter
2025-01-01T14:53:00,118.516,1.0,7.522,18.029,0.0,CoAP,actuator
2025-01-01T00:05:00,37.443,18.87,6.102,5.983,2.3701,CoAP,env_sensor
2025-01-02T14:17:00,124.868,17.372,8.958,3.652,0.0,MQTT,actuator
2025-01-01T23:07:00,459.218,36.813,3.011,59.296,3.1454,HTTPS,gateway
2025-01-01T17:54:00,27.738,132.25,1.234,0.05,4.9063,LoRaWAN,smart_meter
2025-01-01T17:10:00,681.022,45.089,13.267,91.611,2.1391,CoAP,gateway
2025-01-01T12:40:00,487.577,54.777,10.591,53.849,2.2904,CoAP,gateway
2025-01-01T23:00:00,831.869,70.371,10.851,6.198,0.2606,CoAP,gateway
2025-01-01T11:37:00,26.669,103.892,2.33,0.168,3.093,LoRaWAN,smart_meter
2025-01-01T02:00:00,44.308,16.223,4.624,6.082,0.7839,MQTT,env_sensor
2025-01-01T09:18:00,823.71,19.42,12.725,15.273,1.7743,CoAP,gateway
2025-01-01T21:26:00,94.135,6.892,6.469,1.963,1.1133,MQTT,env_sensor
2025-01-01T22:02:00,69.084,22.858,2.866,2.127,0.0851,MQTT,env_sensor
2025-01-01T07:01:00,1312.49,50.23,6.077,40.734,0.7664,HTTPS,gateway
2025-01-02T06:37:00,1603.11,42.927,6.472,72.711,0.7482,HTTPS,gateway
2025-01-01T04:44:00,87.014,24.519,5.004,0.538,1.0184,MQTT,env_sensor
2025-01-02T10:01:00,20.547,133.855,2.377,0.05,1.1884,LoRaWAN,smart_meter
2025-01-01T18:28:00,41.915,234.054,1.044,0.285,4.7926,MQTT,smart_meter
2025-01-02T10:32:00,1050.975,67.765,3.388,165.626,1.2957,HTTPS,camera
2025-01-01T00:29:00,29.4,239.956,0.1,0.42,3.9768,LoRaWAN,smart_meter
2025-01-01T11:40:00,11.215,209.076,1.358,0.05,4.0038,LoRaWAN,smart_meter
2025-01-02T03:01:00,24.584,76.281,2.638,0.785,0.0,HTTPS,smart_meter
2025-01-02T15:56:00,57.022,36.428,1.349,3.194,0.5469,MQTT,env_sensor
2025-01-01T23:49:00,1731.2,36.922,0.1,142.219,0.5683,HTTPS,camera
2025-01-02T09:50:00,54.178,15.592,8.791,4.084,0.1785,CoAP,actuator
2025-01-01T01:53:00,1171.28,53.281,10.854,102.765,2.7083,HTTPS,gateway
2025-01-01T17:24:00,1795.053,67.697,0.1,212.455,0.5008,HTTPS,camera
2025-01-01T07:31:00,8.0,26.037,8.198,3.125,1.6434,MQTT,gateway
2025-01-02T02:38:00,684.844,79.756,2.877,83.443,0.1522,HTTPS,camera
2025-01-02T01:07:00,94.79,16.627,3.845,3.477,1.2598,MQTT,env_sensor
2025-01-02T07:57:00,3025.635,54.646,3.061,78.11,1.0965,HTTPS,camera
2025-01-02T08:22:00,1111.223,53.886,13.587,35.223,0.8092,HTTPS,gateway
2025-01-02T16:44:00,130.031,71.598,2.452,104.898,1.1219,MQTT,gateway
2025-01-02T17:02:00,35.884,104.719,4.234,0.721,7.9141,LoRaWAN,smart_meter
2025-01-02T07:19:00,44.537,171.425,3.272,0.364,2.3676,LoRaWAN,smart_meter
2025-01-02T07:15:00,87.929,30.393,4.3,8.339,0.9474,MQTT,env_sensor
2025-01-01T22:00:00,70.134,19.29,3.302,2.43,1.5856,MQTT,env_sensor
2025-01-02T08:57:00,32.878,100.178,0.149,0.56,3.866,LoRaWAN,smart_meter
2025-01-02T08:17:00,1995.486,60.524,5.05,32.162,1.2883,CoAP,camera
2025-01-01T04:15:00,82.815,33.734,4.863,3.559,4.243,MQTT,env_sensor
2025-01-01T03:37:00,23.046,140.423,3.133,0.385,4.5531,LoRaWAN,smart_meter
2025-01-01T23:39:00,70.266,41.973,1.519,10.099,0.0645,MQTT,env_sensor
2025-01-02T03:05:00,22.278,260.626,1.068,0.565,5.8342,LoRaWAN,smart_meter
2025-01-02T09:47:00,1326.988,67.265,2.527,0.05,1.0082,MQTT,gateway
2025-01-01T09:06:00,8.0,47.55,8.082,122.338,0.4307,HTTPS,camera
2025-01-01T15:12:00,332.725,29.966,6.45,125.296,0.4035,HTTPS,gateway
2025-01-01T12:02:00,107.791,25.138,7.291,3.501,0.0,MQTT,env_sensor
2025-01-01T06:52:00,114.356,23.256,6.54,12.03,1.074,MQTT,actuator
2025-01-01T01:05:00,94.377,19.285,4.23,10.026,0.661,HTTPS,actuator
2025-01-02T10:43:00,2035.203,45.697,5.97,107.186,0.9625,HTTPS,camera
2025-01-02T00:08:00,17.368,138.878,2.401,0.296,0.7496,LoRaWAN,smart_meter
2025-01-02T00:10:00,94.012,26.5,1.749,3.408,1.4004,MQTT,env_sensor
2025-01-01T15:49:00,1032.66,44.374,4.652,36.585,0.6513,HTTPS,gateway
2025-01-02T07:17:00,106.8,18.962,5.222,16.206,2.6845,MQTT,actuator
2025-01-02T08:33:00,32.127,105.144,0.1,0.319,3.1073,LoRaWAN,smart_meter
2025-01-02T14:59:00,36.616,114.398,2.74,0.326,0.2914,LoRaWAN,smart_meter
2025-01-01T14:01:00,110.067,26.864,1.094,4.997,0.6326,MQTT,actuator
2025-01-01T05:38:00,1321.976,58.058,8.657,74.32,0.0,HTTPS,gateway
2025-01-01T07:13:00,1342.567,7.381,8.82,96.851,1.3885,MQTT,camera
2025-01-02T02:31:00,2468.766,80.495,13.625,136.247,0.7151,HTTPS,camera
2025-01-01T14:12:00,55.02,36.11,2.023,3.499,0.5838,MQTT,env_sensor
2025-01-01T12:42:00,132.67,15.85,8.153,7.907,0.0,MQTT,actuator
2025-01-01T08:34:00,32.884,215.311,0.414,0.201,0.0,LoRaWAN,smart_meter
2025-01-01T13:34:00,72.54,39.462,1.613,3.6,2.5672,MQTT,env_sensor
2025-01-01T21:17:00,22.63,122.892,0.825,0.687,1.9816,LoRaWAN,smart_meter
2025-01-01T01:32:00,13.558,78.174,1.347,0.586,2.7362,MQTT,smart_meter
2025-01-02T04:48:00,1453.635,83.045,2.155,214.828,0.5013,HTTPS,camera
2025-01-01T17:28:00,83.027,13.275,4.349,1.254,0.2435,MQTT,actuator
2025-01-02T06:48:00,22.146,50.758,0.339,0.491,0.4587,HTTPS,smart_meter
2025-01-01T18:46:00,866.317,55.3,1.412,79.529,1.767,MQTT,camera
2025-01-01T15:17:00,100.902,19.545,11.979,4.746,0.0,MQTT,actuator
2025-01-01T21:52:00,60.257,12.61,4.399,7.355,1.508,MQTT,env_sensor
2025-01-01T15:35:00,82.91,23.749,4.328,5.153,0.0,MQTT,env_sensor
2025-01-01T11:34:00,82.315,31.123,3.251,5.379,0.1761,MQTT,env_sensor
2025-01-02T12:31:00,34.001,232.153,3.239,0.467,3.0828,LoRaWAN,smart_meter
2025-01-02T06:14:00,79.61,21.029,13.513,6.118,0.8832,MQTT,actuator
2025-01-02T03:31:00,1535.121,69.634,6.7,93.926,1.3615,HTTPS,gateway
2025-01-01T11:24:00,1579.851,48.978,4.761,175.174,0.4459,HTTPS,camera
2025-01-02T08:21:00,75.251,38.446,5.091,0.05,0.8763,MQTT,env_sensor
2025-01-01T01:42:00,67.159,23.111,2.188,7.554,2.3022,MQTT,env_sensor
2025-01-01T08:47:00,26.543,159.301,2.426,0.7,5.0643,LoRaWAN,smart_meter
2025-01-01T10:02:00,151.551,12.195,7.038,10.994,0.9459,MQTT,actuator
2025-01-01T11:10:00,140.249,12.503,9.291,10.05,0.0,MQTT,actuator
2025-01-01T16:33:00,37.35,18.178,3.705,0.05,2.3412,MQTT,env_sensor
2025-01-01T18:25:00,27.393,192.676,2.11,0.132,1.7648,MQTT,smart_meter
2025-01-02T01:31:00,943.857,90.557,3.175,118.917,1.2653,HTTPS,camera
2025-01-01T02:53:00,38.421,197.772,0.922,0.823,0.8256,LoRaWAN,smart_meter
2025-01-02T12:49:00,40.339,152.178,4.208,0.339,2.9018,LoRaWAN,smart_meter
2025-01-01T05:42:00,93.011,27.088,6.607,12.235,0.0,MQTT,actuator
2025-01-01T20:28:00,108.609,19.088,4.145,0.05,0.2892,MQTT,env_sensor
2025-01-01T15:56:00,93.738,13.747,5.176,2.056,1.0928,MQTT,env_sensor
2025-01-01T20:26:00,149.192,1.0,6.693,8.611,0.1467,MQTT,actuator
2025-01-02T08:30:00,2755.563,55.132,4.744,183.933,1.3198,HTTPS,camera
2025-01-02T09:40:00,38.573,163.129,3.136,0.542,0.9495,LoRaWAN,smart_meter
2025-01-01T13:22:00,1731.108,54.529,10.465,167.468,0.7486,HTTPS,camera
2025-01-02T06:48:00,85.918,22.249,7.932,12.177,0.734,MQTT,actuator
2025-01-02T14:00:00,61.718,33.711,3.777,4.838,1.3741,MQTT,env_sensor
2025-01-01T19:13:00,124.272,21.783,1.705,2.63,1.5422,MQTT,env_sensor
2025-01-02T05:31:00,38.941,225.666,1.91,0.184,3.8025,LoRaWAN,smart_meter
2025-01-01T18:07:00,49.889,22.274,3.653,4.887,1.2294,MQTT,env_sensor
2025-01-02T00:35:00,21.502,215.69,3.966,0.244,4.2951,LoRaWAN,smart_meter
2025-01-01T09:20:00,30.914,23.336,2.86,8.054,0.9374,MQTT,env_sensor
2025-01-01T17:23:00,66.563,24.213,1.552,0.05,0.8313,MQTT,env_sensor
2025-01-01T04:46:00,148.901,20.228,8.576,14.522,0.0,CoAP,actuator
2025-01-02T16:49:00,24.443,129.693,5.663,0.865,5.3274,LoRaWAN,smart_meter
2025-01-01T03:20:00,29.33,242.69,3.43,0.05,2.6509,LoRaWAN,smart_meter
2025-01-02T12:11:00,98.897,21.411,4.152,0.05,3.4032,MQTT,env_sensor
2025-01-02T15:08:00,54.176,12.837,0.948,5.352,1.2787,MQTT,env_sensor
2025-01-01T01:07:00,30.057,264.177,0.407,0.546,3.3048,MQTT,smart_meter
2025-01-01T02:13:00,1740.821,63.414,4.5,184.277,1.4821,HTTPS,camera
2025-01-01T20:25:00,22.169,206.254,0.77,0.835,4.0744,LoRaWAN,smart_meter
2025-01-02T11:35:00,545.49,25.907,5.202,81.168,0.9717,HTTPS,gateway
2025-01-02T04:21:00,25.199,183.51,2.441,0.05,3.9722,LoRaWAN,smart_meter
2025-01-02T06:40:00,34.191,212.476,2.597,0.68,3.3054,LoRaWAN,smart_meter
2025-01-02T08:28:00,128.482,22.597,5.159,6.146,0.0,MQTT,actuator
2025-01-02T06:56:00,126.206,38.822,7.633,11.722,1.853,CoAP,actuator
2025-01-02T16:49:00,639.763,56.612,5.48,80.54,0.1425,HTTPS,gateway
2025-01-02T02:50:00,62.698,16.533,3.714,3.079,1.2017,MQTT,env_sensor
2025-01-02T16:42:00,2287.005,66.572,1.139,130.995,0.6737,HTTPS,camera
2025-01-01T13:50:00,1451.692,51.21,6.703,155.517,0.0883,HTTPS,camera
2025-01-02T07:46:00,140.109,17.822,7.436,6.906,0.9652,MQTT,actuator
2025-01-01T17:16:00,452.371,29.45,10.173,55.921,0.1192,HTTPS,gateway
2025-01-01T03:14:00,72.181,3.018,6.622,9.067,0.6943,MQTT,actuator
2025-01-01T09:00:00,99.018,29.76,2.082,3.818,2.2926,MQTT,env_sensor
2025-01-01T04:21:00,13.875,224.298,4.558,0.05,2.9633,LoRaWAN,smart_meter
2025-01-01T00:35:00,87.371,19.56,4.371,12.579,0.3543,MQTT,actuator
2025-01-01T21:36:00,1406.803,47.104,6.739,51.287,0.4145,HTTPS,gateway
2025-01-02T02:22:00,2135.95,6.078,2.296,67.634,0.2201,HTTPS,camera
2025-01-02T01:18:00,107.77,18.751,9.001,13.035,0.0,MQTT,actuator
2025-01-02T06:08:00,47.899,25.572,4.405,4.177,1.9739,MQTT,actuator
2025-01-01T04:23:00,1139.114,31.909,18.845,70.891,1.2171,CoAP,gateway
2025-01-02T10:39:00,65.556,26.303,5.011,5.327,1.4619,CoAP,env_sensor
2025-01-01T19:40:00,61.083,9.021,2.453,1.616,3.2611,MQTT,env_sensor
2025-01-01T02:33:00,21.182,178.594,1.333,0.132,1.5771,LoRaWAN,smart_meter
2025-01-02T08:01:00,926.738,61.995,3.209,42.134,0.7948,HTTPS,camera
2025-01-02T05:00:00,113.881,21.102,6.11,2.93,0.0,MQTT,actuator
2025-01-01T01:15:00,132.039,14.966,2.144,16.635,1.7027,MQTT,actuator
2025-01-01T05:51:00,39.002,176.864,2.764,0.65,2.5015,LoRaWAN,smart_meter
2025-01-01T17:19:00,22.084,131.197,4.301,0.565,2.8147,LoRaWAN,smart_meter
2025-01-01T20:51:00,13.142,229.663,2.717,1.039,5.8412,MQTT,smart_meter
2025-01-01T08:56:00,72.859,20.905,3.335,5.431,0.5958,MQTT,env_sensor
2025-01-01T13:48:00,1347.342,70.066,4.988,127.648,0.7547,HTTPS,camera
2025-01-01T00:54:00,113.487,24.824,11.688,5.89,0.2155,MQTT,actuator
2025-01-01T20:34:00,30.575,233.277,3.171,0.478,0.1668,LoRaWAN,smart_meter
2025-01-02T10:57:00,1767.982,81.745,0.116,105.627,1.5194,HTTPS,gateway
2025-01-01T12:23:00,130.297,18.952,6.913,5.162,1.1004,MQTT,actuator
2025-01-01T03:13:00,61.329,24.614,1.738,6.378,2.7637,MQTT,env_sensor
2025-01-01T02:02:00,1421.181,53.654,3.705,125.035,0.0,HTTPS,camera
2025-01-01T04:51:00,20.611,216.048,1.437,0.436,6.7903,LoRaWAN,smart_meter
2025-01-02T07:42:00,109.46,35.287,10.983,12.502,1.3438,MQTT,actuator
2025-01-02T14:02:00,1074.588,40.667,1.836,0.05,1.072,HTTPS,gateway
2025-01-02T14:56:00,121.686,18.438,8.992,12.711,2.3901,MQTT,actuator
2025-01-02T14:46:00,69.349,15.354,5.168,0.628,0.4666,MQTT,env_sensor
2025-01-02T01:15:00,35.83,219.681,3.715,0.57,0.0,LoRaWAN,smart_meter
2025-01-01T10:18:00,44.902,11.156,4.478,6.375,0.8443,MQTT,env_sensor
2025-01-02T04:05:00,788.908,86.624,6.76,208.675,1.1719,CoAP,camera
2025-01-02T13:17:00,106.671,26.475,3.068,9.0,0.9176,MQTT,actuator
2025-01-01T20:30:00,1576.314,62.686,6.982,240.624,0.0,HTTPS,camera
2025-01-01T19:29:00,72.204,21.378,1.991,8.441,1.1916,MQTT,env_sensor
2025-01-01T19:04:00,1409.423,35.803,7.302,102.961,0.716,HTTPS,gateway
2025-01-01T04:59:00,871.694,39.626,3.878,54.634,0.0,HTTPS,gateway
2025-01-02T07:48:00,69.765,21.953,7.176,2.889,0.0,MQTT,actuator
2025-01-01T17:40:00,703.82,27.979,12.774,61.081,1.916,CoAP,gateway
2025-01-01T01:19:00,89.377,1.0,5.924,10.279,1.7801,CoAP,actuator
2025-01-01T11:11:00,594.276,39.204,0.1,0.05,1.2993,CoAP,gateway
2025-01-01T19:45:00,28.419,239.403,0.484,0.715,5.1679,LoRaWAN,smart_meter
2025-01-01T07:13:00,111.605,13.313,10.432,6.448,1.4198,MQTT,actuator
2025-01-01T23:19:00,85.739,12.824,9.258,11.945,0.4812,CoAP,actuator
2025-01-01T02:12:00,548.989,43.686,4.417,57.197,2.2308,HTTPS,gateway
2025-01-02T13:01:00,23.645,304.356,3.451,0.239,6.1876,LoRaWAN,smart_meter
2025-01-01T03:46:00,737.45,36.453,10.04,125.72,0.2688,HTTPS,gateway
2025-01-01T09:37:00,1447.253,50.638,1.428,109.016,0.0223,HTTPS,camera
2025-01-01T02:57:00,841.86,40.534,5.848,69.632,1.5375,CoAP,gateway
2025-01-01T13:28:00,817.914,49.279,7.966,99.334,0.0,HTTPS,gateway
2025-01-02T09:10:00,32.403,187.312,3.083,0.646,0.1643,LoRaWAN,smart_meter
2025-01-01T13:24:00,100.936,15.806,7.762,6.406,1.0076,CoAP,actuator
2025-01-01T08:56:00,459.89,44.529,1.989,169.666,0.3042,HTTPS,camera
2025-01-02T00:18:00,150.94,21.795,4.71,4.136,0.1793,MQTT,actuator
2025-01-02T13:49:00,667.534,53.815,2.581,38.697,1.5844,MQTT,gateway
2025-01-02T06:47:00,143.987,12.316,0.361,4.521,0.9682,MQTT,actuator
2025-01-01T08:13:00,90.47,11.238,3.976,10.015,1.1412,MQTT,actuator
2025-01-01T15:49:00,81.444,32.02,8.402,4.456,1.3635,MQTT,env_sensor
2025-01-01T04:50:00,1091.066,26.821,8.56,10.072,1.256,MQTT,gateway
2025-01-01T07:52:00,2697.859,1.0,5.892,12.237,0.38,HTTPS,camera
2025-01-01T20:40:00,83.575,34.241,3.302,3.208,0.0,MQTT,env_sensor
2025-01-02T08:46:00,1464.165,102.537,6.213,130.562,1.306,HTTPS,camera
2025-01-02T17:11:00,99.041,29.973,0.1,8.118,1.4472,MQTT,actuator
2025-01-01T22:06:00,140.891,7.871,7.315,13.98,1.2104,MQTT,actuator
2025-01-01T05:52:00,2128.712,30.041,2.841,86.744,0.2993,HTTPS,camera
2025-01-01T15:32:00,73.088,3.122,2.478,10.928,0.6295,MQTT,env_sensor
2025-01-02T09:13:00,33.264,188.683,2.585,0.443,0.319,LoRaWAN,smart_meter
2025-01-01T17:36:00,30.409,123.71,2.751,0.517,2.7091,LoRaWAN,smart_meter
2025-01-01T09:58:00,340.306,53.516,10.437,105.894,2.1139,CoAP,gateway
2025-01-02T06:22:00,1956.171,111.804,4.56,198.306,1.12,HTTPS,camera
2025-01-01T03:41:00,8.0,65.588,6.721,83.965,0.8628,HTTPS,camera
2025-01-02T16:09:00,1085.043,43.304,0.1,16.676,2.9729,HTTPS,gateway
2025-01-01T05:19:00,2435.774,89.401,0.1,125.302,0.5744,HTTPS,camera
2025-01-02T13:21:00,54.977,11.204,5.726,1.227,1.3326,MQTT,actuator
2025-01-02T02:11:00,32.842,54.043,2.313,1.482,0.8551,MQTT,env_sensor
2025-01-02T09:45:00,29.895,55.323,4.565,0.221,4.3582,MQTT,smart_meter
2025-01-02T00:46:00,1545.328,40.16,9.15,80.909,0.332,HTTPS,gateway
2025-01-01T16:55:00,30.01,157.139,2.069,0.334,4.4908,LoRaWAN,smart_meter
2025-01-02T04:38:00,1748.422,35.864,4.635,90.092,0.3754,HTTPS,gateway
2025-01-01T16:01:00,55.022,37.502,1.313,3.469,2.8088,MQTT,env_sensor
2025-01-02T08:18:00,8.0,104.853,9.378,30.392,1.6871,CoAP,gateway
2025-01-01T23:28:00,1491.745,56.675,3.216,139.147,0.2333,HTTPS,camera
2025-01-01T03:37:00,83.181,21.96,0.379,5.54,0.0,MQTT,env_sensor
2025-01-02T09:13:00,1362.278,74.075,2.844,164.221,0.0753,HTTPS,camera
2025-01-01T01:14:00,1460.618,116.367,3.97,71.584,1.9904,HTTPS,camera
2025-01-01T13:35:00,1279.101,100.475,5.857,145.306,1.506,HTTPS,camera
2025-01-02T12:52:00,1577.059,58.604,2.972,164.871,0.5982,HTTPS,camera
2025-01-02T02:43:00,386.053,65.39,5.881,74.967,0.0,HTTPS,gateway
2025-01-01T07:46:00,126.424,23.963,5.784,17.43,1.1909,MQTT,actuator
2025-01-01T02:55:00,651.293,31.161,7.795,134.468,0.8064,HTTPS,gateway
2025-01-01T05:38:00,58.658,9.603,2.167,12.966,1.0204,MQTT,actuator
2025-01-02T12:32:00,85.356,1.0,4.495,1.33,0.5707,MQTT,env_sensor
2025-01-01T04:55:00,27.037,170.766,2.911,0.369,3.3184,LoRaWAN,smart_meter
2025-01-02T03:37:00,23.961,162.618,0.232,0.467,3.7254,LoRaWAN,smart_meter
2025-01-01T02:46:00,160.478,28.674,7.377,11.445,1.5635,MQTT,actuator
2025-01-01T09:40:00,63.288,6.554,6.179,4.145,1.1696,MQTT,env_sensor
2025-01-02T13:05:00,45.068,29.731,0.1,0.05,1.985,MQTT,env_sensor
2025-01-02T07:48:00,1179.277,22.832,8.417,120.766,2.1061,HTTPS,gateway
2025-01-01T20:36:00,77.647,29.586,2.551,5.564,2.1246,MQTT,env_sensor
2025-01-01T16:25:00,828.134,1.0,11.365,28.421,1.4222,CoAP,gateway
2025-01-01T00:10:00,1793.045,71.984,2.155,92.967,0.387,HTTPS,camera
2025-01-01T07:29:00,114.165,13.812,0.1,0.05,1.118,MQTT,actuator
2025-01-01T08:16:00,858.827,49.016,10.382,123.201,0.5669,HTTPS,gateway
2025-01-01T22:58:00,30.266,142.066,0.69,0.192,3.3588,MQTT,smart_meter
2025-01-01T14:43:00,669.212,59.642,8.159,52.517,0.9425,HTTPS,gateway
2025-01-01T01:04:00,91.705,13.061,2.919,3.864,0.1792,MQTT,actuator
2025-01-01T09:11:00,836.552,45.276,16.845,0.05,1.2286,CoAP,gateway
2025-01-02T11:48:00,1135.79,85.711,0.643,140.108,0.0,HTTPS,camera
2025-01-02T04:42:00,1178.495,44.319,5.545,40.628,1.5397,CoAP,gateway
2025-01-01T16:35:00,563.764,67.732,7.215,72.852,2.3949,CoAP,gateway
2025-01-01T21:53:00,46.94,9.211,3.799,2.436,0.4659,MQTT,env_sensor
2025-01-02T08:19:00,149.444,14.467,3.184,9.905,0.4065,MQTT,actuator
2025-01-02T09:55:00,2049.556,25.154,2.489,123.059,0.9893,HTTPS,camera
2025-01-01T12:54:00,679.111,46.036,10.701,37.131,0.0897,CoAP,gateway
2025-01-01T22:09:00,24.863,133.967,0.603,0.238,5.9734,LoRaWAN,smart_meter
2025-01-02T00:15:00,1947.147,87.951,4.336,46.002,0.0,HTTPS,gateway
2025-01-01T10:54:00,1271.834,24.63,4.033,78.548,0.8101,HTTPS,camera
2025-01-02T08:54:00,89.758,37.299,2.359,5.911,2.1285,MQTT,env_sensor
2025-01-01T06:52:00,44.186,209.649,1.758,0.297,0.0,LoRaWAN,smart_meter
2025-01-02T14:53:00,85.66,16.395,1.233,5.243,1.0874,MQTT,env_sensor
2025-01-01T12:09:00,22.337,169.796,3.289,0.794,0.0321,LoRaWAN,smart_meter
2025-01-02T02:14:00,122.627,39.589,2.068,12.115,0.4023,MQTT,env_sensor
2025-01-02T09:20:00,24.72,193.106,1.753,0.332,5.9693,LoRaWAN,smart_meter
2025-01-01T14:16:00,92.833,18.127,6.215,6.924,0.6223,MQTT,actuator
2025-01-01T11:22:00,72.251,16.802,0.1,4.503,0.6274,MQTT,env_sensor
2025-01-01T21:16:00,80.884,16.035,2.81,0.05,0.1348,MQTT,env_sensor
2025-01-01T14:47:00,3064.923,74.009,1.765,73.98,0.0143,HTTPS,camera
2025-01-01T16:34:00,1689.299,43.747,2.967,183.38,0.0,HTTPS,camera
2025-01-01T01:07:00,101.993,15.363,5.198,3.858,2.2752,MQTT,actuator
2025-01-01T01:26:00,44.23,17.98,0.1,0.05,0.9449,MQTT,env_sensor
2025-01-02T16:47:00,59.436,30.755,3.869,7.533,0.0,CoAP,env_sensor
2025-01-02T12:42:00,1480.886,109.331,1.297,214.94,0.615,HTTPS,camera
2025-01-01T15:33:00,27.982,195.425,1.213,0.083,2.6124,LoRaWAN,smart_meter
2025-01-01T18:21:00,130.252,22.783,8.101,9.686,1.9131,CoAP,actuator
2025-01-01T03:58:00,103.035,37.312,0.924,6.19,0.8823,MQTT,env_sensor
2025-01-01T03:23:00,81.022,23.551,4.521,8.802,1.9973,MQTT,env_sensor
2025-01-01T04:43:00,141.514,15.557,13.481,5.824,0.6746,CoAP,actuator
2025-01-01T04:30:00,567.186,47.217,11.133,89.038,0.0,HTTPS,gateway
2025-01-02T05:11:00,2316.724,43.344,8.433,124.83,0.2607,HTTPS,camera
2025-01-02T01:34:00,110.865,26.658,2.466,4.226,2.05,MQTT,env_sensor
2025-01-02T06:42:00,126.187,27.423,11.07,2.124,1.3239,MQTT,actuator
2025-01-01T20:35:00,2916.999,55.216,7.419,129.589,2.1627,HTTPS,camera
2025-01-01T04:21:00,49.466,24.043,1.33,4.518,0.5537,MQTT,env_sensor
2025-01-02T01:33:00,104.208,14.621,3.293,12.129,0.7528,MQTT,actuator
2025-01-01T17:37:00,139.312,7.27,8.315,2.61,0.5343,CoAP,actuator
2025-01-02T14:09:00,109.94,28.366,0.782,20.469,1.7026,MQTT,actuator
2025-01-02T10:00:00,77.952,43.199,2.817,6.403,2.603,MQTT,env_sensor
2025-01-01T13:25:00,350.059,23.344,6.742,72.668,1.5448,CoAP,gateway
2025-01-02T11:59:00,33.182,176.507,0.908,0.177,1.5214,LoRaWAN,smart_meter
2025-01-01T04:23:00,2081.857,108.917,3.838,243.169,0.2137,HTTPS,camera
2025-01-02T01:38:00,1248.238,21.871,5.088,110.726,0.0,HTTPS,camera
2025-01-01T13:55:00,92.855,6.406,2.981,2.949,0.0,MQTT,env_sensor
2025-01-02T02:22:00,104.746,11.676,12.128,6.282,1.2772,MQTT,actuator
2025-01-02T17:21:00,23.61,112.336,1.196,0.193,3.7653,LoRaWAN,smart_meter
2025-01-01T17:25:00,32.778,177.624,0.1,0.26,2.8943,LoRaWAN,smart_meter
2025-01-02T03:44:00,91.991,9.94,3.832,11.446,1.494,MQTT,actuator
2025-01-02T15:33:00,44.699,25.388,4.544,2.692,1.3378,MQTT,env_sensor
2025-01-01T11:34:00,32.595,256.131,5.137,0.824,0.4797,LoRaWAN,smart_meter
2025-01-02T11:42:00,1234.386,43.559,0.796,158.248,1.7491,HTTPS,camera
2025-01-02T10:40:00,795.99,47.201,2.173,123.541,0.0,HTTPS,camera
2025-01-02T14:42:00,1030.957,25.638,13.163,34.663,0.7052,HTTPS,gateway
2025-01-01T00:51:00,34.617,281.985,2.048,0.678,2.6706,LoRaWAN,smart_meter
2025-01-01T16:12:00,492.468,29.55,2.211,0.05,2.3455,MQTT,gateway
2025-01-02T04:16:00,21.156,152.375,1.942,0.69,1.8632,LoRaWAN,smart_meter
2025-01-02T07:52:00,64.573,32.204,2.109,2.769,0.3897,MQTT,env_sensor
2025-01-01T17:00:00,1273.1,47.773,3.418,13.402,0.2486,HTTPS,camera
2025-01-01T16:20:00,26.841,180.932,1.689,0.801,0.0,LoRaWAN,smart_meter
2025-01-01T22:27:00,39.734,25.378,3.873,5.427,1.1013,MQTT,env_sensor
2025-01-02T05:50:00,21.681,162.828,0.99,0.05,3.9621,LoRaWAN,smart_meter
2025-01-01T21:05:00,23.402,168.135,0.121,0.601,6.3462,LoRaWAN,smart_meter
2025-01-02T03:52:00,138.792,26.494,6.378,4.888,1.754,CoAP,actuator
2025-01-02T05:31:00,52.948,9.438,5.669,13.432,0.0,MQTT,actuator
2025-01-01T12:04:00,84.474,19.845,8.3,6.703,0.5694,MQTT,actuator
2025-01-02T06:37:00,65.886,26.417,4.913,0.05,0.3879,MQTT,env_sensor
2025-01-02T10:39:00,886.629,40.847,7.039,92.861,0.5415,HTTPS,gateway
2025-01-02T05:02:00,30.005,177.205,0.1,0.196,2.0945,LoRaWAN,smart_meter
2025-01-01T19:42:00,17.248,99.836,0.481,0.059,5.5437,LoRaWAN,smart_meter
2025-01-01T13:27:00,99.77,17.789,10.463,4.089,1.4755,MQTT,actuator
2025-01-02T02:26:00,87.058,34.643,2.452,0.05,0.7779,MQTT,env_sensor
2025-01-01T22:13:00,18.651,120.876,1.998,0.808,5.8497,LoRaWAN,smart_meter
2025-01-01T11:17:00,109.968,9.692,6.164,3.742,1.5948,MQTT,actuator
2025-01-01T11:10:00,310.114,27.639,15.114,55.97,0.9897,HTTPS,gateway
2025-01-01T07:11:00,68.112,10.407,3.04,4.207,0.4464,MQTT,env_sensor
2025-01-02T15:09:00,71.356,16.289,2.137,0.05,1.6272,MQTT,env_sensor
2025-01-02T03:09:00,34.064,25.973,2.009,13.112,0.429,MQTT,actuator
2025-01-01T20:16:00,491.686,24.066,9.339,70.064,0.8864,CoAP,gateway
2025-01-02T07:21:00,23.504,44.559,3.038,6.335,0.3512,MQTT,env_sensor
2025-01-01T11:16:00,1383.023,59.959,9.446,219.609,0.3847,HTTPS,camera
2025-01-01T11:09:00,27.12,14.448,0.222,6.793,1.8506,MQTT,env_sensor
2025-01-01T18:42:00,36.056,227.995,0.1,0.348,7.7504,LoRaWAN,smart_meter
2025-01-02T09:57:00,32.676,105.977,3.397,0.18,4.3133,LoRaWAN,smart_meter
2025-01-01T11:42:00,81.175,43.151,2.469,3.422,2.1489,MQTT,env_sensor
2025-01-02T15:31:00,75.686,6.207,3.677,7.07,0.4315,MQTT,env_sensor
2025-01-01T23:57:00,1228.523,59.23,8.235,35.998,2.0946,CoAP,gateway
2025-01-01T21:42:00,792.8,40.376,12.521,23.233,0.0,HTTPS,gateway
2025-01-02T04:51:00,128.896,6.017,3.186,6.716,2.088,MQTT,actuator
2025-01-02T13:27:00,67.648,16.216,11.273,8.502,1.5726,MQTT,actuator
2025-01-01T00:54:00,24.458,231.27,3.888,0.853,3.0461,LoRaWAN,smart_meter
2025-01-02T15:44:00,811.19,39.477,8.321,77.387,0.7217,HTTPS,gateway
2025-01-01T12:51:00,468.436,84.155,12.039,68.513,0.0,HTTPS,gateway
2025-01-02T09:37:00,883.947,48.843,8.283,53.042,0.1186,HTTPS,gateway
2025-01-02T08:45:00,559.86,38.31,12.828,45.645,0.0,CoAP,gateway
2025-01-01T22:02:00,45.942,197.775,2.141,0.05,8.7701,LoRaWAN,smart_meter
2025-01-01T07:59:00,32.707,159.06,2.337,0.807,3.9153,LoRaWAN,smart_meter
2025-01-01T19:14:00,76.717,21.595,3.482,9.189,0.0,MQTT,env_sensor
2025-01-01T08:53:00,33.659,192.942,0.22,0.376,5.4321,LoRaWAN,smart_meter
2025-01-02T03:07:00,162.621,21.539,6.182,6.12,1.1245,MQTT,actuator
2025-01-02T06:07:00,464.026,57.527,10.396,136.295,0.9187,HTTPS,camera
2025-01-01T10:17:00,1284.853,89.708,9.132,38.656,0.1478,HTTPS,gateway
2025-01-01T13:23:00,32.826,263.286,0.72,0.28,1.5786,LoRaWAN,smart_meter
2025-01-01T18:46:00,91.717,30.4,0.486,2.682,0.7683,MQTT,env_sensor
2025-01-01T00:36:00,698.349,67.567,0.718,89.839,0.9209,HTTPS,camera
2025-01-01T09:29:00,1129.809,67.516,8.609,194.245,1.2159,HTTPS,camera
2025-01-02T08:47:00,650.27,1.0,14.387,91.994,1.1548,CoAP,gateway
2025-01-02T04:16:00,64.758,17.509,0.756,5.021,1.6327,MQTT,env_sensor
2025-01-01T17:47:00,108.799,22.566,0.351,10.329,2.7438,MQTT,actuator
2025-01-01T11:50:00,170.66,21.703,9.91,2.575,1.1832,CoAP,actuator
2025-01-01T04:52:00,135.735,29.344,7.978,7.726,0.2574,MQTT,actuator
2025-01-02T10:58:00,573.588,48.947,3.857,169.57,1.5055,HTTPS,camera
2025-01-01T01:45:00,116.066,28.195,1.449,1.102,1.2911,MQTT,env_sensor
2025-01-02T14:48:00,33.24,156.401,3.666,0.494,0.6654,LoRaWAN,smart_meter
2025-01-01T14:21:00,37.71,203.321,1.587,0.936,1.3389,LoRaWAN,smart_meter
2025-01-02T17:15:00,120.496,21.539,1.741,2.533,1.0527,MQTT,env_sensor
2025-01-01T08:59:00,29.941,153.7,1.176,0.085,3.8853,LoRaWAN,smart_meter
2025-01-02T15:15:00,865.168,50.697,5.257,64.678,0.3051,HTTPS,gateway
2025-01-01T03:53:00,130.822,14.006,2.87,4.924,0.0,MQTT,env_sensor
2025-01-01T16:48:00,1954.088,29.427,6.95,32.234,1.6549,MQTT,gateway
2025-01-02T17:28:00,19.963,144.127,1.055,0.581,2.9565,LoRaWAN,smart_meter
2025-01-01T04:26:00,1843.828,94.899,4.701,180.551,0.0256,HTTPS,camera
2025-01-02T16:51:00,1853.454,63.295,3.102,197.252,0.4022,HTTPS,camera
2025-01-02T08:06:00,37.205,187.389,0.1,0.43,2.8163,LoRaWAN,smart_meter
2025-01-01T18:00:00,101.046,7.212,6.761,11.785,0.0,MQTT,actuator
2025-01-01T13:16:00,120.356,24.024,2.778,1.607,2.5848,MQTT,env_sensor
2025-01-01T11:51:00,52.297,11.785,9.386,6.492,0.5837,MQTT,actuator
2025-01-02T13:58:00,98.868,8.592,4.084,5.038,1.0789,MQTT,env_sensor
2025-01-02T00:02:00,60.26,10.548,4.816,6.416,1.0904,MQTT,env_sensor
2025-01-02T00:44:00,25.369,188.064,2.163,0.919,0.0,LoRaWAN,smart_meter
2025-01-02T08:12:00,575.207,55.712,0.557,84.143,0.7131,HTTPS,camera
2025-01-02T04:27:00,109.735,12.498,5.327,12.176,0.7571,MQTT,actuator
2025-01-02T00:54:00,724.235,14.46,0.1,2.447,1.3089,CoAP,gateway
2025-01-01T04:28:00,523.02,49.871,19.481,65.94,2.3868,CoAP,gateway
2025-01-02T10:52:00,781.001,57.279,3.792,64.597,1.9856,CoAP,gateway
2025-01-02T06:31:00,982.637,58.258,8.591,45.594,2.0984,CoAP,gateway
2025-01-01T12:20:00,32.753,13.73,8.22,11.771,0.3403,MQTT,actuator
2025-01-01T19:00:00,32.037,157.616,1.301,0.227,4.541,LoRaWAN,smart_meter
2025-01-01T12:27:00,122.606,26.168,4.326,4.513,0.769,MQTT,actuator
2025-01-01T07:33:00,162.762,13.574,3.244,3.274,0.3266,MQTT,actuator
2025-01-01T16:03:00,25.211,217.531,0.1,0.247,4.8045,LoRaWAN,smart_meter
2025-01-02T14:50:00,47.367,10.081,0.627,3.36,0.0,MQTT,env_sensor
2025-01-01T19:07:00,19.562,229.578,0.1,0.748,1.5525,LoRaWAN,smart_meter
2025-01-01T22:06:00,2567.215,55.667,1.665,98.693,0.214,HTTPS,camera
2025-01-01T07:03:00,1710.356,111.171,2.548,75.74,0.6601,HTTPS,camera
2025-01-02T09:26:00,165.704,1.0,4.92,12.148,1.1416,MQTT,actuator
2025-01-02T17:38:00,23.49,110.971,3.126,0.216,1.5832,LoRaWAN,smart_meter
2025-01-02T06:36:00,1268.636,12.022,3.887,108.81,1.2972,HTTPS,camera
2025-01-01T08:42:00,679.266,61.076,1.072,31.205,1.5635,CoAP,gateway
2025-01-02T06:46:00,99.032,20.478,2.05,3.675,0.1907,MQTT,actuator
2025-01-02T14:56:00,1163.531,51.847,3.506,117.75,0.6625,HTTPS,camera
2025-01-02T13:05:00,25.717,166.282,1.244,0.763,0.3303,LoRaWAN,smart_meter
2025-01-02T06:21:00,779.723,60.801,9.906,132.957,0.3906,HTTPS,camera
2025-01-02T04:13:00,32.86,180.945,2.113,0.594,2.6418,LoRaWAN,smart_meter
2025-01-02T08:59:00,91.729,11.989,2.702,3.232,3.2365,MQTT,env_sensor
2025-01-01T00:34:00,2118.622,51.072,0.1,211.517,0.022,HTTPS,camera
2025-01-02T06:36:00,25.253,179.798,1.387,0.353,5.2589,LoRaWAN,smart_meter
2025-01-02T12:05:00,21.053,130.355,2.144,0.178,2.3869,LoRaWAN,smart_meter
2025-01-01T11:27:00,21.207,167.542,1.926,0.05,4.0397,LoRaWAN,smart_meter
2025-01-01T18:53:00,56.242,19.845,2.527,9.569,0.0,MQTT,env_sensor
2025-01-01T15:11:00,1571.537,78.764,2.194,1.11,0.7916,HTTPS,camera
2025-01-01T08:47:00,81.859,32.497,3.755,6.791,0.2939,MQTT,env_sensor
2025-01-01T05:50:00,360.713,68.718,0.1,78.799,0.1418,HTTPS,camera
2025-01-01T05:31:00,870.292,63.043,10.714,57.605,1.2195,CoAP,gateway
2025-01-02T14:26:00,27.355,218.757,2.26,0.3,3.526,LoRaWAN,smart_meter
2025-01-01T04:45:00,362.515,55.676,0.1,94.434,1.0796,MQTT,gateway
2025-01-02T15:41:00,79.072,20.006,3.511,0.05,0.6475,MQTT,env_sensor
2025-01-02T14:28:00,1707.143,39.928,3.417,105.074,0.1297,HTTPS,camera
2025-01-01T01:43:00,450.534,64.835,6.217,32.451,0.3452,CoAP,gateway
2025-01-01T01:51:00,764.708,35.774,0.238,81.614,1.8181,HTTPS,gateway
2025-01-02T07:29:00,164.2,12.907,4.091,3.347,0.9441,MQTT,actuator
2025-01-01T08:54:00,1043.942,28.16,5.313,120.28,1.9754,HTTPS,gateway
2025-01-02T04:06:00,1367.141,65.973,8.239,10.911,1.144,CoAP,gateway
2025-01-01T11:38:00,711.344,24.499,4.114,134.246,0.9879,HTTPS,gateway
2025-01-02T12:35:00,126.536,17.418,9.21,7.886,1.615,MQTT,actuator
2025-01-01T03:36:00,295.673,34.305,4.032,31.421,1.3832,MQTT,camera
2025-01-01T13:03:00,36.012,34.733,0.721,0.365,0.4968,HTTPS,smart_meter
2025-01-01T10:36:00,1942.136,59.41,3.117,44.003,0.5895,HTTPS,camera
2025-01-02T01:51:00,135.273,26.698,11.038,8.934,0.7969,CoAP,actuator
2025-01-02T11:57:00,115.45,10.012,0.717,8.598,0.4879,MQTT,actuator
2025-01-02T17:14:00,62.406,12.327,6.255,10.693,0.9246,MQTT,actuator
2025-01-02T04:57:00,8.0,129.412,2.334,0.507,4.339,LoRaWAN,smart_meter
2025-01-01T06:49:00,20.326,163.883,0.1,0.299,2.2238,LoRaWAN,smart_meter
2025-01-01T23:29:00,1908.864,90.715,6.434,181.567,0.3846,HTTPS,camera
2025-01-01T08:22:00,19.232,175.13,2.221,0.117,4.3571,LoRaWAN,smart_meter
2025-01-02T14:07:00,86.814,25.3,7.733,11.287,0.0,MQTT,actuator
2025-01-02T13:46:00,1883.269,60.628,4.17,115.169,0.6723,HTTPS,camera
2025-01-02T09:16:00,942.056,39.542,9.292,149.236,0.6019,HTTPS,camera
2025-01-01T00:45:00,73.554,1.0,6.932,10.521,0.8356,MQTT,actuator
2025-01-01T18:03:00,858.325,84.021,0.1,41.895,0.4606,HTTPS,gateway
2025-01-02T02:08:00,574.586,58.824,1.92,85.251,0.2234,HTTPS,camera
2025-01-02T10:25:00,18.588,134.266,1.186,0.519,3.0866,LoRaWAN,smart_meter
2025-01-02T01:03:00,33.543,256.288,2.205,0.102,3.4996,LoRaWAN,smart_meter
2025-01-01T16:13:00,75.995,26.084,0.504,5.737,0.0,MQTT,env_sensor
2025-01-02T13:35:00,1605.883,21.756,3.264,227.857,0.2933,HTTPS,camera
2025-01-01T11:20:00,26.497,194.423,2.096,0.346,1.9494,LoRaWAN,smart_meter
2025-01-01T18:17:00,1267.79,42.649,2.054,107.381,0.0,HTTPS,gateway
2025-01-02T13:42:00,90.04,20.156,2.411,3.823,1.3506,MQTT,actuator
2025-01-02T00:02:00,23.203,202.304,2.593,0.543,1.2409,LoRaWAN,smart_meter
2025-01-02T09:10:00,3018.107,43.009,0.695,109.339,0.579,HTTPS,camera
2025-01-02T03:59:00,64.583,34.675,3.011,2.898,2.8805,MQTT,env_sensor
2025-01-02T07:47:00,66.419,19.512,3.129,2.811,0.7253,MQTT,env_sensor
2025-01-01T22:38:00,931.535,107.266,5.937,187.537,1.0105,CoAP,camera
2025-01-01T14:51:00,23.225,68.249,2.486,0.302,2.9609,MQTT,smart_meter
2025-01-01T18:02:00,1255.695,43.126,10.087,8.586,1.3836,CoAP,gateway
2025-01-02T04:27:00,229.368,5.318,10.267,36.142,0.0,MQTT,gateway
2025-01-01T17:05:00,3312.784,30.581,6.533,91.917,0.411,HTTPS,camera
2025-01-02T01:45:00,55.205,16.221,6.586,8.965,0.6469,MQTT,env_sensor
2025-01-01T05:10:00,1478.431,49.142,5.392,144.857,0.4036,HTTPS,gateway
2025-01-02T09:46:00,30.788,277.338,1.267,0.968,0.7386,LoRaWAN,smart_meter
2025-01-01T16:37:00,97.61,13.341,5.439,8.984,1.3198,MQTT,env_sensor
2025-01-01T05:26:00,2101.008,90.255,2.16,188.902,1.0899,HTTPS,camera
2025-01-01T17:00:00,1119.974,47.523,12.174,86.265,0.7426,HTTPS,gateway
2025-01-02T01:26:00,31.105,174.502,2.771,0.598,3.947,LoRaWAN,smart_meter
2025-01-01T04:53:00,57.795,22.924,3.317,10.665,0.1008,MQTT,env_sensor
2025-01-01T17:04:00,123.99,10.695,6.728,3.135,1.7738,MQTT,actuator
2025-01-02T08:39:00,1720.946,48.974,12.466,87.023,0.3671,HTTPS,gateway
2025-01-01T21:09:00,319.107,49.692,3.916,75.127,1.9946,HTTPS,gateway
2025-01-01T13:47:00,1100.501,52.617,11.224,40.844,1.1974,CoAP,gateway
2025-01-02T04:20:00,19.104,230.345,1.166,0.47,4.6298,LoRaWAN,smart_meter
2025-01-02T09:53:00,2434.685,29.217,6.819,129.704,0.7118,HTTPS,camera
2025-01-02T12:39:00,1492.823,49.278,8.744,76.169,0.3708,HTTPS,camera
2025-01-01T18:37:00,64.032,38.682,2.39,9.813,1.3589,MQTT,env_sensor
2025-01-01T13:44:00,119.463,28.742,1.595,14.021,0.8267,MQTT,actuator
2025-01-02T08:41:00,1079.559,43.857,1.103,164.752,0.0735,HTTPS,camera
2025-01-01T17:44:00,72.73,36.986,3.358,0.05,2.6574,MQTT,env_sensor
2025-01-01T19:03:00,811.731,53.52,0.1,203.51,1.0584,HTTPS,camera
2025-01-01T23:11:00,73.035,12.868,4.386,10.118,0.2273,MQTT,env_sensor
2025-01-01T14:07:00,142.986,25.841,3.802,6.805,1.4085,MQTT,actuator
2025-01-01T20:56:00,114.747,23.315,6.873,11.673,0.4005,MQTT,actuator
2025-01-02T13:14:00,1871.5,97.66,5.136,43.338,0.9157,HTTPS,camera
2025-01-02T00:39:00,101.484,32.125,9.171,2.689,0.6547,MQTT,actuator
2025-01-02T08:40:00,62.183,34.329,3.448,0.05,0.7667,MQTT,env_sensor
2025-01-01T08:32:00,916.622,41.182,7.87,87.126,0.8781,HTTPS,gateway
2025-01-02T02:26:00,166.356,6.339,0.953,4.718,1.5685,MQTT,actuator
2025-01-02T07:20:00,74.712,25.303,0.514,3.379,0.7977,MQTT,env_sensor
2025-01-01T05:04:00,1209.373,52.9,12.081,73.813,0.8737,HTTPS,gateway
2025-01-02T03:45:00,720.043,85.042,15.728,77.399,0.0772,HTTPS,gateway
2025-01-01T12:27:00,185.111,48.085,9.307,86.667,0.0,MQTT,gateway
2025-01-01T08:01:00,29.359,226.929,2.89,0.376,5.3425,LoRaWAN,smart_meter
2025-01-02T13:42:00,22.478,189.604,5.273,0.36,3.4107,LoRaWAN,smart_meter
2025-01-01T12:47:00,131.912,14.329,9.695,8.897,1.3855,MQTT,actuator
2025-01-01T05:39:00,1468.679,65.678,5.151,105.593,0.3459,HTTPS,camera
2025-01-02T11:32:00,99.188,38.014,2.445,0.55,0.3694,MQTT,env_sensor
2025-01-01T14:37:00,132.186,4.781,6.063,5.133,1.1751,CoAP,actuator
2025-01-01T18:34:00,16.355,239.982,1.921,0.441,2.8779,LoRaWAN,smart_meter
2025-01-02T07:05:00,80.993,41.812,1.962,0.05,1.9125,MQTT,env_sensor
2025-01-01T16:19:00,1650.575,54.005,7.677,67.96,1.3611,HTTPS,camera
2025-01-02T08:23:00,44.466,23.922,4.602,4.904,1.8283,MQTT,env_sensor
2025-01-02T04:00:00,71.493,15.113,4.754,9.552,0.7945,MQTT,actuator
2025-01-02T10:58:00,97.749,72.747,3.15,52.407,2.1606,MQTT,gateway
2025-01-01T21:27:00,130.124,25.773,5.723,3.939,0.8677,MQTT,actuator
2025-01-01T23:53:00,33.715,283.201,3.919,0.505,0.9632,LoRaWAN,smart_meter
2025-01-01T21:38:00,70.422,22.353,4.18,5.894,3.0527,MQTT,env_sensor
2025-01-02T16:38:00,75.385,21.191,4.471,3.267,0.0719,MQTT,actuator
2025-01-02T03:05:00,34.64,23.281,3.54,7.127,1.0593,MQTT,env_sensor
2025-01-01T08:50:00,117.782,16.808,4.033,11.602,0.4686,MQTT,actuator
2025-01-02T03:53:00,139.826,15.132,6.297,0.05,0.0,MQTT,actuator
2025-01-01T23:12:00,115.885,20.595,6.695,8.674,1.7647,MQTT,actuator
2025-01-01T12:21:00,1267.625,101.4,8.307,181.094,0.7041,HTTPS,camera
2025-01-01T02:16:00,61.319,17.163,1.814,6.181,1.6632,MQTT,env_sensor
2025-01-02T14:13:00,1498.476,19.152,5.754,129.768,0.0695,HTTPS,gateway
2025-01-01T13:52:00,76.189,34.568,2.307,2.307,1.6835,MQTT,env_sensor
2025-01-01T08:41:00,83.835,10.376,4.048,1.939,0.0,MQTT,actuator
2025-01-02T04:28:00,594.658,30.654,16.395,24.884,0.0,CoAP,gateway
2025-01-02T03:15:00,1478.988,104.89,4.799,113.734,1.623,HTTPS,camera
2025-01-01T04:39:00,95.945,17.234,5.955,11.795,1.0721,MQTT,actuator
2025-01-02T16:38:00,22.347,174.222,0.873,0.11,2.3532,LoRaWAN,smart_meter
2025-01-02T03:06:00,32.89,88.255,0.523,0.356,2.5484,MQTT,smart_meter
2025-01-02T06:59:00,83.429,7.784,4.999,4.706,1.1173,MQTT,env_sensor
2025-01-02T10:37:00,17.536,221.285,2.36,0.967,3.059,LoRaWAN,smart_meter
2025-01-02T16:30:00,101.249,57.004,1.304,178.995,0.265,HTTPS,camera
2025-01-02T14:05:00,28.535,213.912,1.608,0.401,4.4846,LoRaWAN,smart_meter
2025-01-01T12:04:00,2289.719,44.46,8.41,150.917,0.8034,HTTPS,camera
2025-01-01T21:47:00,120.188,19.046,7.021,10.917,0.2572,MQTT,actuator
2025-01-01T12:51:00,1878.078,60.18,6.608,141.063,1.4209,HTTPS,camera
2025-01-02T07:59:00,924.032,72.022,8.596,59.956,0.6411,HTTPS,gateway
2025-01-02T09:59:00,67.746,35.193,2.094,5.514,0.961,MQTT,env_sensor
2025-01-01T03:29:00,28.843,223.295,3.481,1.152,3.6606,MQTT,smart_meter
2025-01-01T11:57:00,1851.112,16.71,12.674,12.579,3.0917,CoAP,gateway
2025-01-02T16:34:00,1518.818,1.0,9.706,0.05,1.3149,CoAP,gateway
2025-01-01T05:13:00,86.531,26.626,6.809,13.362,1.3899,MQTT,actuator
2025-01-01T23:43:00,95.434,8.891,11.155,9.186,0.5896,CoAP,actuator
2025-01-02T12:21:00,109.014,14.445,10.285,4.037,1.5666,MQTT,actuator
2025-01-02T09:18:00,722.908,62.444,6.862,67.111,0.4655,HTTPS,gateway
2025-01-02T00:04:00,26.557,1.0,0.891,10.199,1.3164,MQTT,env_sensor
2025-01-01T23:47:00,1700.073,48.342,4.284,152.042,0.0,HTTPS,camera
2025-01-02T03:14:00,9.871,49.064,11.994,50.252,2.4417,MQTT,gateway
2025-01-01T06:27:00,128.016,9.56,9.591,12.107,1.2833,MQTT,actuator
2025-01-01T20:54:00,136.301,24.205,4.696,1.898,1.5448,MQTT,actuator
2025-01-01T00:56:00,91.216,9.797,1.372,9.703,0.0886,MQTT,actuator
2025-01-02T07:52:00,65.704,17.455,6.838,9.306,0.8888,MQTT,actuator
2025-01-02T05:58:00,89.043,17.534,0.1,7.315,2.245,MQTT,env_sensor
2025-01-01T05:47:00,1558.109,46.814,3.389,166.343,1.0828,HTTPS,camera
2025-01-01T05:02:00,800.961,64.256,10.613,68.266,1.0749,CoAP,gateway
2025-01-02T17:17:00,1219.494,41.486,13.148,50.27,0.8608,HTTPS,gateway
2025-01-02T11:22:00,2267.809,83.502,0.538,114.643,0.541,HTTPS,camera
2025-01-01T16:52:00,1740.994,26.248,2.917,102.347,0.4413,HTTPS,camera
2025-01-01T08:05:00,31.047,130.383,1.876,0.087,0.0,LoRaWAN,smart_meter
2025-01-02T10:09:00,79.932,3.739,3.28,4.718,0.8194,MQTT,env_sensor
2025-01-02T11:58:00,74.323,25.952,1.959,2.796,1.0316,MQTT,env_sensor
2025-01-02T07:41:00,154.636,12.715,8.471,17.308,0.1968,CoAP,actuator
2025-01-02T05:39:00,543.692,48.06,6.058,167.688,1.9351,CoAP,gateway
2025-01-02T16:12:00,619.784,64.818,0.1,83.75,1.1117,HTTPS,gateway
2025-01-01T19:48:00,1067.833,27.142,4.625,35.965,0.6958,HTTPS,gateway
2025-01-01T07:39:00,29.734,7.92,0.938,4.548,2.834,MQTT,env_sensor
2025-01-02T06:06:00,53.173,3.446,6.192,0.05,1.1913,MQTT,env_sensor
2025-01-02T15:50:00,1344.621,52.284,7.532,192.308,0.6572,HTTPS,camera
2025-01-01T00:07:00,30.431,195.556,2.05,0.435,3.0855,LoRaWAN,smart_meter
2025-01-01T11:38:00,105.47,5.064,5.467,4.104,2.4149,MQTT,env_sensor
2025-01-01T21:34:00,1527.035,46.959,1.439,0.05,0.0,HTTPS,gateway
2025-01-01T04:10:00,411.357,51.965,8.85,0.232,0.0,CoAP,gateway
2025-01-01T04:50:00,2720.841,88.171,0.1,197.248,0.9806,HTTPS,camera
2025-01-01T01:54:00,64.029,21.525,2.499,0.05,0.0,MQTT,env_sensor
2025-01-02T01:30:00,181.469,21.345,3.145,4.483,0.8097,MQTT,actuator
2025-01-02T15:05:00,36.141,66.209,2.97,0.736,3.3539,MQTT,smart_meter
2025-01-01T09:36:00,1182.335,42.45,2.571,15.031,1.0316,HTTPS,camera
2025-01-02T00:37:00,114.558,16.155,4.211,2.229,0.0,MQTT,actuator
2025-01-01T19:13:00,23.505,252.87,4.91,0.325,5.3137,LoRaWAN,smart_meter
2025-01-02T04:54:00,133.743,17.309,8.867,7.532,0.0,MQTT,actuator
2025-01-01T00:49:00,110.726,4.153,4.528,5.917,0.6798,MQTT,actuator
2025-01-01T03:21:00,108.048,13.733,1.479,3.828,2.2525,MQTT,actuator
2025-01-02T00:33:00,75.675,18.431,1.442,7.749,0.3679,MQTT,actuator
2025-01-02T06:00:00,38.801,150.844,2.739,0.05,1.7125,LoRaWAN,smart_meter
2025-01-01T00:06:00,25.504,184.339,3.188,0.157,3.5795,LoRaWAN,smart_meter
2025-01-02T17:00:00,889.012,68.499,9.114,23.973,1.1222,CoAP,gateway
2025-01-02T08:56:00,2093.267,76.395,3.265,94.354,1.1235,HTTPS,camera
2025-01-02T09:47:00,138.703,28.308,0.1,5.369,1.4907,MQTT,actuator
2025-01-02T09:51:00,122.599,15.837,9.904,2.776,0.3948,MQTT,actuator
2025-01-01T12:45:00,1208.793,45.476,11.382,70.685,1.7597,HTTPS,gateway
2025-01-01T09:23:00,103.613,23.8,3.746,1.675,1.5157,MQTT,env_sensor
2025-01-02T12:24:00,23.39,173.487,2.918,0.602,3.9259,LoRaWAN,smart_meter
2025-01-01T22:38:00,94.9,20.824,5.862,1.389,0.0926,MQTT,actuator
2025-01-01T06:07:00,114.091,3.793,8.27,5.529,0.4594,MQTT,actuator
2025-01-01T19:21:00,24.436,216.219,2.519,0.062,0.9179,LoRaWAN,smart_meter
2025-01-02T04:53:00,65.87,12.863,4.701,4.717,0.2946,MQTT,env_sensor
2025-01-01T12:24:00,105.845,21.624,3.791,9.261,0.931,MQTT,actuator
2025-01-02T16:59:00,92.553,15.973,2.679,0.05,2.0286,MQTT,env_sensor
2025-01-01T07:30:00,1128.333,57.705,4.341,54.373,1.0191,HTTPS,gateway
2025-01-02T15:41:00,142.973,6.746,8.278,13.423,0.8145,MQTT,actuator
2025-01-01T19:10:00,95.906,24.902,5.227,4.347,2.2766,MQTT,actuator
2025-01-02T17:16:00,48.479,31.918,5.037,3.835,2.7872,CoAP,env_sensor
2025-01-01T07:27:00,2220.049,60.341,5.32,58.563,0.0802,HTTPS,camera
2025-01-01T09:14:00,63.441,18.363,0.415,0.05,1.9773,MQTT,env_sensor
2025-01-01T01:52:00,45.896,20.981,2.49,0.05,1.2264,MQTT,env_sensor
2025-01-01T12:49:00,1207.616,67.294,10.109,111.581,0.4223,HTTPS,gateway
2025-01-01T23:03:00,58.327,20.359,5.555,7.316,0.5327,CoAP,env_sensor
2025-01-01T07:17:00,157.616,14.053,9.715,4.035,1.1437,CoAP,actuator
2025-01-02T08:22:00,30.234,4.73,8.061,3.426,0.3704,MQTT,actuator
2025-01-01T23:58:00,27.752,98.476,1.148,0.565,2.797,MQTT,smart_meter
2025-01-01T15:54:00,1268.533,61.64,8.584,115.392,1.8432,HTTPS,gateway
2025-01-01T23:40:00,2189.414,58.482,3.124,102.682,0.6894,HTTPS,camera
2025-01-01T23:33:00,8.0,138.884,0.223,0.05,1.7068,LoRaWAN,smart_meter
2025-01-01T22:04:00,614.642,47.657,12.415,38.969,0.7472,CoAP,gateway
2025-01-02T12:45:00,105.131,12.976,4.936,2.813,0.4517,MQTT,actuator
2025-01-02T15:14:00,148.399,10.122,10.229,6.987,1.7265,MQTT,actuator
2025-01-01T14:48:00,922.82,7.775,0.1,0.05,1.0179,MQTT,camera
2025-01-02T03:36:00,67.421,13.563,6.455,1.982,1.853,MQTT,env_sensor
2025-01-02T04:23:00,8.0,66.941,9.365,73.329,1.0344,CoAP,gateway
2025-01-01T21:48:00,131.712,19.337,5.705,5.98,0.9597,MQTT,actuator
2025-01-02T07:44:00,88.906,22.178,7.757,4.308,1.7393,MQTT,env_sensor
2025-01-02T11:08:00,35.85,308.61,0.278,0.612,1.5674,LoRaWAN,smart_meter
2025-01-01T10:41:00,1657.276,23.456,3.439,86.798,0.6566,HTTPS,camera
2025-01-02T07:04:00,49.908,23.729,6.065,6.982,1.8878,CoAP,actuator
2025-01-01T21:30:00,29.641,243.939,1.394,0.384,2.7682,LoRaWAN,smart_meter
2025-01-02T02:45:00,38.946,227.76,1.388,0.932,2.1473,LoRaWAN,smart_meter
2025-01-02T16:24:00,2024.87,59.673,5.282,40.019,0.7077,HTTPS,camera
2025-01-02T04:58:00,1476.105,20.335,11.285,90.596,0.0,HTTPS,gateway
2025-01-01T05:58:00,92.734,12.259,7.521,9.919,0.6088,MQTT,actuator
2025-01-02T15:42:00,147.387,18.354,8.703,7.923,0.8913,MQTT,actuator
2025-01-01T18:01:00,28.534,194.537,5.583,0.322,1.7912,LoRaWAN,smart_meter
2025-01-02T06:10:00,63.109,24.798,3.12,10.817,0.7748,MQTT,env_sensor
2025-01-02T13:25:00,538.017,27.657,3.98,29.65,1.6278,MQTT,camera
2025-01-01T01:10:00,14.074,198.249,0.1,0.549,3.2999,LoRaWAN,smart_meter
2025-01-02T06:10:00,1197.291,44.893,9.137,93.874,2.1043,HTTPS,gateway
2025-01-02T17:27:00,87.412,1.308,4.014,6.588,0.6837,MQTT,env_sensor
2025-01-01T08:14:00,41.027,7.755,11.696,11.243,0.4284,MQTT,actuator
2025-01-01T14:24:00,1817.33,53.9,4.416,117.242,0.4879,HTTPS,camera
2025-01-02T15:10:00,1068.94,69.38,9.961,24.132,1.5015,CoAP,gateway
2025-01-01T06:29:00,1887.562,99.744,4.335,38.554,0.0,HTTPS,camera
2025-01-01T15:53:00,27.633,100.965,1.844,0.183,0.865,LoRaWAN,smart_meter
2025-01-02T05:37:00,1509.94,39.908,7.629,149.788,0.7975,HTTPS,camera
2025-01-02T09:40:00,94.43,5.94,2.139,6.183,0.6403,MQTT,actuator
2025-01-01T00:22:00,1831.832,67.002,9.154,64.956,1.2216,HTTPS,gateway
2025-01-01T02:23:00,1811.467,9.771,4.71,96.01,0.9695,HTTPS,camera
2025-01-02T02:15:00,1739.213,78.165,4.377,137.338,0.0,HTTPS,camera
2025-01-02T15:53:00,414.322,8.371,0.1,95.021,0.0,HTTPS,gateway
2025-01-01T15:28:00,110.946,8.903,8.66,14.392,1.3492,CoAP,actuator
2025-01-02T11:39:00,25.761,163.27,3.084,0.05,5.885,LoRaWAN,smart_meter
2025-01-01T18:34:00,86.945,4.514,2.454,1.397,1.9369,MQTT,env_sensor
2025-01-01T00:07:00,1579.047,78.174,9.351,138.241,1.0796,HTTPS,camera
2025-01-01T06:53:00,67.768,19.377,3.96,1.286,2.0965,MQTT,env_sensor
2025-01-01T03:20:00,107.621,7.091,3.955,14.015,0.0,MQTT,actuator
2025-01-02T07:42:00,894.838,44.171,11.059,13.473,2.2999,MQTT,gateway
2025-01-01T06:09:00,1177.055,43.365,7.891,0.05,0.0,HTTPS,gateway
2025-01-02T12:49:00,141.818,17.291,5.013,4.485,1.4491,CoAP,env_sensor
2025-01-01T15:26:00,993.254,39.401,1.246,114.477,0.0,HTTPS,camera
2025-01-01T05:50:00,20.566,1.0,0.1,3.663,0.4162,MQTT,env_sensor
2025-01-01T01:55:00,47.958,52.856,6.338,2.507,1.7271,CoAP,env_sensor
2025-01-01T13:33:00,1581.449,39.172,6.204,34.366,0.751,HTTPS,camera
2025-01-01T12:42:00,57.143,28.783,6.393,11.182,0.0,CoAP,env_sensor
2025-01-02T03:08:00,114.634,10.171,0.45,18.192,2.4572,MQTT,actuator
2025-01-01T18:58:00,35.406,134.337,2.408,0.05,5.7482,LoRaWAN,smart_meter
2025-01-02T00:41:00,134.314,23.404,6.653,4.685,0.0663,MQTT,actuator
2025-01-01T13:01:00,76.241,53.772,3.255,1.3,0.4147,MQTT,env_sensor
2025-01-01T20:57:00,53.89,39.757,2.86,6.017,0.6045,CoAP,env_sensor
2025-01-01T00:02:00,1134.785,67.218,2.25,123.285,0.6272,HTTPS,camera
2025-01-01T14:57:00,145.728,16.573,9.679,7.295,0.7536,MQTT,actuator
2025-01-01T03:36:00,79.306,37.508,1.328,6.092,0.4113,MQTT,env_sensor
2025-01-02T10:38:00,1908.09,73.959,2.385,146.395,1.2052,HTTPS,camera
2025-01-01T13:11:00,1064.069,44.76,10.632,77.1,3.0283,HTTPS,gateway
2025-01-01T05:51:00,130.852,23.125,0.948,3.598,0.4644,MQTT,env_sensor
2025-01-01T02:37:00,115.771,21.216,8.645,11.659,0.0,MQTT,actuator
2025-01-02T01:32:00,619.115,22.891,11.678,76.035,0.4801,CoAP,gateway
2025-01-01T16:31:00,72.235,22.06,10.745,12.198,0.2378,CoAP,actuator
2025-01-01T09:20:00,153.232,5.794,3.197,7.322,1.7525,MQTT,actuator
2025-01-01T15:37:00,46.572,32.489,2.37,1.935,1.2543,MQTT,env_sensor
2025-01-02T10:34:00,570.048,39.928,5.237,109.725,0.4525,HTTPS,gateway
2025-01-02T10:12:00,69.865,11.792,2.418,9.543,0.613,MQTT,env_sensor
2025-01-01T21:54:00,88.042,32.639,5.037,4.292,1.5261,MQTT,actuator
2025-01-01T15:45:00,97.249,35.769,3.916,3.001,1.6306,MQTT,env_sensor
2025-01-02T07:39:00,767.368,49.028,8.66,16.704,0.3068,HTTPS,gateway
2025-01-01T02:42:00,854.051,81.377,2.576,182.698,1.4504,HTTPS,camera
2025-01-02T11:23:00,11.155,26.344,0.929,8.676,0.8241,MQTT,env_sensor
2025-01-01T11:30:00,107.768,25.723,7.403,4.87,0.2067,MQTT,actuator
2025-01-01T02:55:00,1645.302,65.998,2.705,136.75,1.5786,HTTPS,camera
2025-01-02T03:02:00,485.629,67.716,3.172,114.553,0.8457,HTTPS,camera
2025-01-02T14:03:00,88.475,20.944,4.389,9.903,1.4666,MQTT,actuator
2025-01-01T19:47:00,635.54,61.335,2.006,124.361,0.2312,HTTPS,camera
2025-01-02T03:32:00,108.409,10.714,9.171,5.6,2.271,MQTT,actuator
2025-01-01T14:24:00,103.721,16.855,1.3,0.659,0.0,MQTT,env_sensor
2025-01-02T12:12:00,22.764,162.992,1.309,0.689,0.8265,LoRaWAN,smart_meter
2025-01-02T15:28:00,29.327,265.45,2.938,0.446,3.3584,LoRaWAN,smart_meter
2025-01-02T11:42:00,1535.728,35.226,12.345,39.406,0.0,HTTPS,gateway
2025-01-01T05:26:00,102.049,11.843,4.126,10.266,0.1732,MQTT,actuator
2025-01-01T07:17:00,1616.838,13.003,1.204,178.301,0.7269,HTTPS,camera
2025-01-01T23:04:00,1897.806,50.782,1.842,68.669,0.0,HTTPS,camera
2025-01-02T13:20:00,157.97,29.522,5.963,8.863,0.0,MQTT,actuator
2025-01-02T04:31:00,1343.077,76.838,3.953,77.141,0.1933,HTTPS,camera
2025-01-02T14:30:00,26.668,167.709,3.206,0.414,0.0,LoRaWAN,smart_meter
2025-01-02T07:56:00,114.344,18.526,5.08,6.716,1.3803,MQTT,actuator
2025-01-01T10:21:00,788.659,104.026,6.461,24.672,2.5743,CoAP,gateway
2025-01-01T01:48:00,90.394,9.243,6.559,12.717,0.0,MQTT,actuator
2025-01-01T08:57:00,1767.288,61.62,12.831,20.324,1.5806,MQTT,gateway
2025-01-02T12:24:00,63.808,4.648,7.132,9.755,0.6004,MQTT,actuator
2025-01-01T07:01:00,111.811,11.079,2.765,5.086,0.114,MQTT,actuator
2025-01-01T03:06:00,105.256,23.037,5.412,11.045,0.411,CoAP,actuator
2025-01-02T01:46:00,110.373,9.794,4.295,5.061,1.9986,MQTT,actuator
2025-01-01T16:03:00,75.827,31.548,4.075,3.541,0.5499,MQTT,actuator
2025-01-01T00:42:00,115.068,14.076,11.488,99.118,1.4697,MQTT,gateway
2025-01-02T00:48:00,142.578,16.491,11.236,10.904,1.3194,CoAP,actuator
2025-01-01T04:17:00,1405.745,78.54,8.032,144.819,1.2996,CoAP,camera
2025-01-01T23:48:00,974.864,30.218,3.425,162.623,0.2435,HTTPS,camera
2025-01-02T07:18:00,8.0,62.707,13.147,96.735,0.0,HTTPS,gateway
2025-01-02T16:29:00,42.277,113.039,6.373,0.526,2.5618,LoRaWAN,smart_meter
2025-01-02T14:18:00,28.864,213.435,0.1,0.157,2.3474,LoRaWAN,smart_meter
2025-01-01T03:05:00,67.223,19.065,1.938,12.973,2.1955,MQTT,actuator
2025-01-01T02:31:00,123.948,11.22,5.851,15.669,1.421,CoAP,actuator
2025-01-02T15:36:00,124.178,20.129,4.472,16.026,1.6407,MQTT,actuator
2025-01-01T16:14:00,1120.292,61.78,17.432,42.317,1.5529,CoAP,gateway
2025-01-01T23:17:00,939.282,21.756,6.535,137.467,0.7812,HTTPS,camera
2025-01-02T14:33:00,3548.699,80.134,1.613,120.841,0.224,HTTPS,camera
2025-01-01T18:39:00,22.048,205.73,2.949,0.05,4.4555,LoRaWAN,smart_meter
2025-01-01T11:04:00,68.394,16.795,1.275,5.926,1.2416,MQTT,env_sensor
2025-01-01T09:15:00,889.138,59.571,1.981,159.492,0.2481,HTTPS,camera
2025-01-01T21:08:00,61.257,19.531,1.4,2.124,0.6342,MQTT,actuator
2025-01-01T17:52:00,2527.35,44.096,3.817,142.894,0.8662,HTTPS,camera
2025-01-02T05:53:00,20.659,253.516,3.992,0.05,2.8409,LoRaWAN,smart_meter
2025-01-01T06:45:00,2944.397,59.476,1.565,187.432,0.0,HTTPS,camera
2025-01-02T01:16:00,78.296,29.304,3.454,6.533,1.5852,MQTT,env_sensor
2025-01-02T16:11:00,1052.938,78.852,3.376,195.629,0.1085,HTTPS,camera
2025-01-01T02:22:00,38.458,19.23,5.642,3.969,1.2102,MQTT,env_sensor
2025-01-01T16:17:00,86.72,18.963,9.723,9.223,1.0488,MQTT,actuator
2025-01-02T11:02:00,44.084,153.495,1.859,0.848,1.0195,LoRaWAN,smart_meter
2025-01-01T22:54:00,55.882,33.008,3.95,4.538,2.7034,MQTT,env_sensor
2025-01-01T04:27:00,17.849,111.441,2.268,0.503,8.5576,LoRaWAN,smart_meter
2025-01-02T02:59:00,126.435,22.906,4.858,17.325,0.1466,MQTT,actuator
2025-01-01T23:36:00,2294.286,60.257,0.23,67.761,0.2907,HTTPS,camera
2025-01-02T16:58:00,30.412,60.598,4.661,115.346,1.7671,MQTT,gateway
2025-01-02T05:04:00,75.391,30.708,3.715,5.124,2.6393,MQTT,env_sensor
2025-01-02T05:58:00,121.458,9.997,9.624,4.378,1.1728,CoAP,actuator
2025-01-01T21:08:00,90.065,12.35,4.581,6.869,1.8279,MQTT,env_sensor
2025-01-02T05:24:00,138.441,8.529,8.749,2.157,1.4033,MQTT,actuator
2025-01-01T03:14:00,29.632,242.523,5.294,0.506,6.8983,LoRaWAN,smart_meter
2025-01-02T15:37:00,25.39,277.731,2.854,0.731,3.952,LoRaWAN,smart_meter
2025-01-01T06:39:00,1044.105,73.034,10.795,217.202,0.5135,HTTPS,camera
2025-01-01T23:38:00,119.086,11.834,6.133,2.72,2.1258,MQTT,actuator
2025-01-02T05:21:00,256.628,40.01,9.035,47.052,1.2772,CoAP,gateway
2025-01-01T03:10:00,1650.212,32.969,7.656,88.585,1.3014,HTTPS,gateway
2025-01-01T10:39:00,331.836,67.109,0.214,8.457,0.5899,CoAP,gateway
2025-01-01T16:18:00,31.559,140.942,6.038,0.862,0.9868,LoRaWAN,smart_meter
2025-01-02T04:25:00,36.619,82.789,5.12,0.05,1.8417,LoRaWAN,smart_meter
2025-01-02T12:40:00,1369.138,32.503,10.613,55.589,0.4429,HTTPS,gateway
2025-01-02T15:08:00,30.951,78.483,3.87,0.107,0.9935,LoRaWAN,smart_meter
2025-01-01T22:22:00,1631.725,43.518,0.221,87.087,0.409,HTTPS,gateway
2025-01-01T18:31:00,83.368,33.049,4.054,6.789,0.0968,MQTT,env_sensor
2025-01-01T18:48:00,35.361,21.134,3.785,3.184,0.9194,MQTT,env_sensor
2025-01-01T22:49:00,12.224,217.419,3.854,0.248,3.3205,LoRaWAN,smart_meter
2025-01-02T15:29:00,69.96,16.679,0.551,0.05,0.6467,MQTT,env_sensor
2025-01-02T06:01:00,1418.504,48.829,4.089,131.114,0.9101,HTTPS,gateway
2025-01-02T11:51:00,1173.155,33.736,5.664,74.79,1.9857,CoAP,gateway
2025-01-01T19:51:00,74.96,7.088,6.955,1.618,2.1249,MQTT,env_sensor
2025-01-02T14:16:00,888.636,8.608,5.852,80.001,1.5612,CoAP,gateway
2025-01-02T17:18:00,24.558,99.033,3.626,0.578,1.8746,MQTT,smart_meter
2025-01-01T05:11:00,62.327,7.205,1.834,11.794,1.573,MQTT,env_sensor
2025-01-01T02:40:00,2016.489,89.802,9.088,100.244,0.8924,HTTPS,camera
2025-01-01T07:25:00,806.325,66.439,4.79,141.947,0.723,HTTPS,camera
2025-01-01T07:54:00,38.05,183.36,1.766,0.05,5.2402,LoRaWAN,smart_meter
2025-01-02T05:20:00,118.62,17.986,2.202,8.647,2.4655,MQTT,actuator
2025-01-01T18:39:00,65.04,28.451,8.815,0.205,0.4876,MQTT,env_sensor
2025-01-02T01:14:00,1839.228,85.944,6.394,0.05,0.0,HTTPS,camera
2025-01-01T19:23:00,1732.154,52.386,2.747,120.566,0.7115,HTTPS,camera
2025-01-02T03:11:00,44.749,40.162,3.103,6.561,2.3848,MQTT,env_sensor
2025-01-02T04:03:00,134.716,21.852,7.419,6.798,0.4287,CoAP,actuator
2025-01-01T05:25:00,996.626,57.988,4.877,48.889,1.0148,MQTT,camera
2025-01-02T12:18:00,1652.825,38.364,8.749,58.383,0.0,HTTPS,camera
2025-01-02T15:17:00,2525.263,70.859,5.828,4.739,0.4185,HTTPS,camera
2025-01-01T14:48:00,1516.029,62.532,6.505,57.582,0.1936,HTTPS,gateway
2025-01-02T15:11:00,140.368,20.576,9.357,4.239,1.93,MQTT,actuator
2025-01-01T14:40:00,26.178,135.224,3.666,1.117,4.7606,MQTT,smart_meter
2025-01-01T05:29:00,34.465,25.557,0.765,5.804,0.0,MQTT,env_sensor
2025-01-01T12:41:00,106.742,14.479,4.396,11.006,0.3546,MQTT,actuator
2025-01-01T06:51:00,57.725,17.03,3.156,4.063,0.7529,MQTT,env_sensor
2025-01-01T07:06:00,67.865,19.486,2.684,4.608,1.1242,MQTT,env_sensor
2025-01-02T12:08:00,88.427,17.84,3.79,8.216,0.9017,MQTT,actuator
2025-01-01T22:18:00,67.386,26.377,3.739,4.792,2.8903,MQTT,env_sensor
2025-01-02T12:04:00,105.806,24.582,2.754,0.927,1.4145,MQTT,env_sensor
2025-01-02T01:09:00,505.612,56.662,8.601,57.101,1.2633,CoAP,gateway
2025-01-02T06:18:00,61.379,30.699,0.1,7.021,1.054,MQTT,env_sensor
2025-01-01T21:31:00,97.603,20.835,3.259,0.661,2.0154,MQTT,env_sensor
2025-01-01T13:30:00,564.547,61.195,10.936,29.596,1.7113,CoAP,gateway
2025-01-02T12:26:00,604.869,36.652,17.33,136.996,0.423,HTTPS,gateway
2025-01-01T12:30:00,125.809,15.515,3.94,18.668,1.0118,MQTT,actuator
2025-01-02T05:12:00,31.371,170.033,0.1,0.77,0.6574,LoRaWAN,smart_meter
2025-01-01T13:00:00,888.951,74.697,7.256,98.613,0.0,HTTPS,camera
2025-01-01T13:56:00,57.764,28.598,0.796,2.508,1.8405,MQTT,env_sensor
2025-01-02T10:07:00,31.082,91.741,2.2,0.697,3.2416,MQTT,smart_meter
2025-01-01T15:20:00,1707.111,39.897,0.1,44.06,0.0,HTTPS,gateway
2025-01-01T23:19:00,137.834,67.517,8.236,51.657,0.9026,HTTPS,gateway
2025-01-01T22:45:00,70.448,43.044,0.1,2.262,1.2218,MQTT,env_sensor
2025-01-01T01:50:00,91.066,6.341,3.363,6.16,1.645,MQTT,actuator
2025-01-01T07:36:00,39.676,23.193,6.937,10.244,0.0,MQTT,actuator
2025-01-01T17:29:00,17.753,229.844,1.064,0.622,1.7954,LoRaWAN,smart_meter
2025-01-02T04:47:00,13.962,89.852,2.463,0.05,0.8768,HTTPS,smart_meter
2025-01-02T07:30:00,3074.419,56.122,5.26,71.743,0.3209,HTTPS,camera
2025-01-02T06:57:00,289.048,74.467,4.193,228.463,0.2384,HTTPS,camera
2025-01-01T19:17:00,107.357,23.262,1.912,9.702,1.0893,MQTT,actuator
2025-01-01T22:02:00,821.554,16.104,5.566,16.504,0.3899,CoAP,gateway
2025-01-02T08:58:00,79.889,33.728,8.061,3.892,0.0,MQTT,actuator
2025-01-02T01:55:00,24.248,127.282,3.078,0.303,1.8237,LoRaWAN,smart_meter
2025-01-02T10:27:00,24.577,198.356,3.038,0.665,6.3411,LoRaWAN,smart_meter
2025-01-02T15:24:00,97.248,20.96,3.911,0.277,1.8875,MQTT,env_sensor
2025-01-01T22:10:00,69.834,40.15,1.859,7.818,1.3544,MQTT,env_sensor
2025-01-01T02:24:00,52.708,37.529,2.407,4.287,2.721,MQTT,env_sensor
2025-01-02T07:59:00,2020.917,60.112,4.326,103.118,0.7565,HTTPS,camera
2025-01-01T11:12:00,1021.499,61.835,0.1,11.406,0.3478,HTTPS,gateway
2025-01-02T09:31:00,25.583,310.607,2.848,0.338,2.3082,LoRaWAN,smart_meter
2025-01-01T10:48:00,910.4,41.448,9.067,82.408,0.0,HTTPS,gateway
2025-01-02T02:09:00,1318.843,11.285,0.664,30.508,2.2289,MQTT,gateway
2025-01-01T18:34:00,43.212,25.87,9.474,6.516,0.8307,MQTT,actuator
2025-01-02T08:28:00,1255.75,24.245,12.343,16.779,1.2981,CoAP,gateway
2025-01-01T17:20:00,1127.653,1.0,5.0,86.443,1.1469,MQTT,camera
2025-01-02T13:08:00,1643.942,20.982,0.1,56.681,0.1324,HTTPS,gateway
2025-01-02T17:30:00,193.591,56.244,6.942,2.181,0.2041,MQTT,gateway
2025-01-01T19:24:00,710.44,44.971,5.353,71.686,0.9769,HTTPS,gateway
2025-01-01T07:19:00,111.865,19.66,2.172,5.878,1.1845,MQTT,actuator
2025-01-01T15:17:00,34.938,267.183,0.213,0.29,4.2204,LoRaWAN,smart_meter
2025-01-02T12:56:00,82.284,15.6,7.385,11.797,0.8447,MQTT,actuator
2025-01-02T15:28:00,1084.589,55.44,3.985,71.595,3.2839,HTTPS,gateway
2025-01-01T21:33:00,2101.997,24.916,5.682,127.075,0.2426,HTTPS,camera
2025-01-02T14:25:00,165.7,14.989,8.754,4.778,1.4302,MQTT,actuator
2025-01-01T17:16:00,43.005,37.207,2.21,8.235,0.5859,MQTT,env_sensor
2025-01-02T03:51:00,117.571,10.427,9.729,6.411,0.1193,MQTT,actuator
2025-01-01T11:13:00,72.108,31.727,5.871,1.516,1.8306,CoAP,env_sensor
2025-01-01T23:20:00,680.103,78.522,5.037,274.669,1.3472,CoAP,camera
2025-01-01T13:39:00,25.308,56.385,6.344,3.231,2.2458,MQTT,env_sensor
2025-01-02T10:40:00,1196.407,25.593,11.66,0.05,1.1846,MQTT,gateway
2025-01-02T09:48:00,48.443,18.527,2.434,2.43,1.8654,MQTT,env_sensor
2025-01-02T09:58:00,26.841,81.912,0.1,0.372,3.8838,MQTT,smart_meter
2025-01-02T11:22:00,157.455,10.452,11.316,3.81,0.0,MQTT,actuator
2025-01-02T10:58:00,85.893,12.57,4.229,2.041,0.6959,MQTT,env_sensor
2025-01-01T09:17:00,22.822,213.13,0.105,0.486,5.521,LoRaWAN,smart_meter
2025-01-02T09:22:00,103.166,28.428,3.848,1.328,1.0524,MQTT,actuator
2025-01-01T21:57:00,42.284,213.165,0.1,0.05,4.446,LoRaWAN,smart_meter
2025-01-02T01:32:00,87.49,37.403,1.856,8.802,0.1599,MQTT,env_sensor
2025-01-01T16:31:00,25.0,197.093,3.693,0.608,0.2875,LoRaWAN,smart_meter
2025-01-02T07:00:00,1823.419,42.986,0.1,65.311,1.0932,HTTPS,camera
2025-01-01T01:04:00,1129.076,27.682,3.647,246.216,0.6303,HTTPS,camera
2025-01-02T04:48:00,427.381,28.336,1.703,48.857,0.3525,HTTPS,gateway
2025-01-01T06:10:00,58.956,24.617,0.601,0.05,2.3716,MQTT,env_sensor
2025-01-01T09:25:00,143.287,5.224,9.924,9.884,1.2571,MQTT,actuator
2025-01-02T08:39:00,21.409,209.798,1.063,0.609,2.0498,LoRaWAN,smart_meter
2025-01-01T08:30:00,30.528,128.4,1.647,0.064,5.5471,LoRaWAN,smart_meter
2025-01-02T07:29:00,23.956,147.108,0.1,0.229,6.685,LoRaWAN,smart_meter
2025-01-01T21:43:00,950.536,24.988,6.798,110.364,1.0124,CoAP,gateway
2025-01-02T17:00:00,2083.099,83.648,3.426,78.676,0.5344,HTTPS,camera
2025-01-01T03:25:00,1490.34,1.0,9.244,0.05,0.0,HTTPS,gateway
2025-01-02T11:53:00,85.753,52.23,3.224,3.147,2.5454,MQTT,env_sensor
2025-01-01T07:50:00,36.541,170.221,1.739,0.417,1.2483,LoRaWAN,smart_meter
2025-01-01T02:08:00,1871.568,43.666,4.655,106.119,0.0254,HTTPS,camera
2025-01-01T20:36:00,1461.195,54.231,11.031,70.009,0.6732,HTTPS,gateway
2025-01-02T03:22:00,40.731,124.761,2.762,0.052,6.1758,LoRaWAN,smart_meter
2025-01-02T05:36:00,55.228,7.708,0.1,2.3,1.3839,MQTT,env_sensor
2025-01-02T11:17:00,1011.962,54.719,11.945,48.412,0.4506,CoAP,gateway
2025-01-01T23:16:00,70.986,16.416,2.904,4.858,1.8021,MQTT,actuator
2025-01-02T06:14:00,32.905,280.41,4.903,0.635,3.8959,LoRaWAN,smart_meter
2025-01-01T10:42:00,84.23,14.482,6.41,12.839,1.2343,MQTT,actuator
2025-01-01T01:09:00,1761.849,46.956,8.072,50.446,2.5,HTTPS,gateway
2025-01-02T03:05:00,1491.877,16.401,0.37,45.179,1.9763,MQTT,gateway
2025-01-01T06:16:00,2234.034,51.485,3.995,95.41,1.2043,HTTPS,camera
2025-01-02T07:48:00,79.141,9.182,3.845,5.446,0.1843,MQTT,env_sensor
2025-01-01T14:54:00,63.622,42.995,4.412,4.428,0.6997,MQTT,env_sensor
2025-01-01T15:23:00,1126.124,75.529,7.988,48.192,0.0,HTTPS,gateway
2025-01-01T05:57:00,2511.752,59.762,0.806,197.438,0.1069,HTTPS,camera
2025-01-02T10:12:00,1234.763,36.791,6.033,130.997,0.3953,HTTPS,camera
2025-01-01T06:58:00,32.264,250.879,1.195,0.365,5.0498,LoRaWAN,smart_meter
2025-01-01T18:44:00,1700.4,61.927,2.359,167.729,1.0696,HTTPS,camera
2025-01-02T10:33:00,2112.681,39.083,0.1,67.265,1.319,HTTPS,camera
2025-01-01T06:24:00,1023.069,44.04,8.738,82.209,0.2493,HTTPS,gateway
2025-01-01T01:02:00,728.531,66.351,8.85,44.092,0.0175,CoAP,gateway
2025-01-01T16:24:00,13.461,213.712,3.116,0.477,0.3445,LoRaWAN,smart_meter
2025-01-02T11:00:00,126.173,7.565,17.73,9.153,1.0264,MQTT,actuator
2025-01-02T09:49:00,161.24,26.835,6.655,7.192,0.473,CoAP,actuator
2025-01-01T05:23:00,142.623,19.611,0.1,5.561,1.7182,MQTT,env_sensor
2025-01-02T06:28:00,97.282,17.968,7.491,5.809,1.6819,MQTT,env_sensor
2025-01-01T05:48:00,30.82,36.908,2.895,1.843,1.1238,MQTT,env_sensor
2025-01-01T09:45:00,1239.504,29.716,13.03,73.038,0.4943,HTTPS,gateway
2025-01-02T02:58:00,1214.4,64.857,2.196,157.047,1.3734,HTTPS,camera
2025-01-01T05:56:00,1125.986,62.158,0.977,73.207,1.7194,HTTPS,gateway
2025-01-01T04:47:00,28.46,163.143,1.317,0.699,4.9191,LoRaWAN,smart_meter
2025-01-01T12:03:00,22.277,170.142,3.851,0.171,0.0,LoRaWAN,smart_meter
2025-01-01T09:04:00,130.194,22.979,5.881,8.83,1.0521,MQTT,actuator
2025-01-01T00:32:00,73.24,5.166,3.412,6.561,0.6251,MQTT,actuator
2025-01-02T02:08:00,76.072,26.08,4.872,0.05,2.1913,MQTT,env_sensor
2025-01-02T11:49:00,2134.909,89.504,6.374,83.255,0.733,HTTPS,camera
2025-01-01T16:06:00,231.572,62.878,3.217,169.713,1.3536,MQTT,camera
2025-01-01T06:12:00,1913.07,32.122,1.802,84.32,0.7105,HTTPS,camera
2025-01-02T14:14:00,123.176,31.038,6.255,2.852,0.8555,MQTT,actuator
2025-01-01T14:35:00,37.775,301.493,0.1,0.804,4.5275,LoRaWAN,smart_meter
2025-01-01T19:11:00,78.104,24.003,2.125,4.121,2.1236,MQTT,env_sensor
2025-01-01T00:12:00,2482.666,39.94,4.153,195.278,0.4815,HTTPS,camera
2025-01-01T05:14:00,29.595,112.8,0.1,0.478,2.8976,LoRaWAN,smart_meter
2025-01-02T04:03:00,92.461,56.378,0.1,6.176,0.0,MQTT,env_sensor
2025-01-01T05:27:00,26.58,151.357,1.69,0.05,4.7423,LoRaWAN,smart_meter
2025-01-02T11:03:00,1257.329,48.761,13.835,47.764,1.2029,CoAP,gateway
2025-01-02T12:14:00,722.21,59.151,0.448,50.989,1.0001,HTTPS,gateway
2025-01-02T13:34:00,314.919,69.991,10.186,68.172,1.114,CoAP,gateway
2025-01-02T05:18:00,1343.267,80.444,5.717,185.007,0.0173,HTTPS,camera
2025-01-01T05:18:00,1343.094,116.51,6.016,143.058,0.121,HTTPS,camera
2025-01-01T17:18:00,19.036,87.901,3.699,0.44,2.7026,LoRaWAN,smart_meter
2025-01-01T04:44:00,112.491,21.795,6.871,20.031,2.6828,MQTT,actuator
2025-01-01T15:12:00,35.072,172.211,0.1,0.05,0.9499,LoRaWAN,smart_meter
2025-01-01T19:56:00,132.747,25.232,2.976,10.301,0.6043,MQTT,actuator
2025-01-02T07:31:00,1146.967,44.623,0.1,0.05,0.5184,HTTPS,gateway
2025-01-02T10:10:00,814.913,59.144,3.487,167.467,0.716,HTTPS,camera
2025-01-01T10:10:00,1150.296,66.946,1.644,75.335,0.0,HTTPS,gateway
2025-01-01T16:39:00,1302.11,63.003,4.591,113.727,0.5219,HTTPS,camera
2025-01-02T00:23:00,33.643,74.533,1.855,0.506,2.9215,MQTT,smart_meter
2025-01-01T17:01:00,25.054,82.488,3.284,0.686,4.5377,MQTT,smart_meter
2025-01-01T09:19:00,28.39,80.676,4.039,0.05,5.8469,LoRaWAN,smart_meter
2025-01-02T04:54:00,63.36,13.215,4.933,3.459,2.2767,MQTT,env_sensor
2025-01-01T16:46:00,702.81,49.0,1.74,23.632,0.0,HTTPS,gateway
2025-01-01T13:03:00,82.125,17.308,7.002,4.988,1.0997,MQTT,actuator
2025-01-02T10:38:00,43.722,166.864,2.665,0.547,1.4786,LoRaWAN,smart_meter
2025-01-02T13:30:00,80.907,40.907,5.889,5.374,0.959,CoAP,env_sensor
2025-01-02T02:41:00,28.933,22.858,3.174,3.399,1.2972,MQTT,env_sensor
2025-01-02T14:18:00,72.637,17.468,2.758,4.683,1.2796,MQTT,env_sensor
2025-01-01T18:05:00,53.784,38.549,2.809,5.268,0.9197,MQTT,env_sensor
2025-01-01T05:57:00,59.055,25.181,4.17,4.878,3.0426,MQTT,env_sensor
2025-01-01T13:10:00,127.679,14.545,9.158,1.386,0.7917,MQTT,actuator
2025-01-02T01:17:00,24.05,164.839,4.287,0.24,2.6546,LoRaWAN,smart_meter
2025-01-01T00:04:00,2491.797,59.927,5.026,127.589,0.4292,HTTPS,camera
2025-01-01T21:14:00,359.389,1.0,2.564,117.447,0.8528,HTTPS,camera
2025-01-02T07:32:00,1139.093,71.981,4.771,106.261,2.3333,HTTPS,gateway
2025-01-02T11:09:00,85.112,25.687,6.305,5.665,1.047,CoAP,actuator
2025-01-01T00:16:00,1426.862,44.295,1.778,172.762,1.0447,HTTPS,camera
2025-01-01T18:51:00,56.608,39.996,4.287,10.749,2.6553,MQTT,env_sensor
2025-01-02T12:32:00,1380.148,48.298,0.1,67.21,0.8305,HTTPS,gateway
2025-01-02T15:32:00,18.059,141.993,3.963,0.489,0.7368,LoRaWAN,smart_meter
2025-01-02T10:55:00,744.494,50.194,9.865,37.609,1.5812,CoAP,gateway
2025-01-02T04:05:00,45.448,9.152,5.133,5.537,1.6807,MQTT,env_sensor
2025-01-01T23:34:00,2876.978,25.339,1.892,141.572,0.0,HTTPS,camera
2025-01-02T07:05:00,30.452,201.874,0.1,0.252,5.066,LoRaWAN,smart_meter
2025-01-02T02:29:00,677.76,39.958,9.949,94.834,0.0,HTTPS,gateway
2025-01-02T01:50:00,539.116,34.42,0.1,44.576,0.0,HTTPS,gateway
2025-01-01T17:30:00,25.657,184.011,2.156,0.748,0.0,LoRaWAN,smart_meter
2025-01-02T10:11:00,1046.429,54.435,7.15,94.084,0.5422,HTTPS,gateway
2025-01-01T15:03:00,98.485,14.968,4.087,3.595,0.0,MQTT,env_sensor
2025-01-01T15:00:00,39.006,179.746,2.198,0.196,4.0271,LoRaWAN,smart_meter
2025-01-02T11:35:00,118.475,26.669,8.964,8.377,0.0,MQTT,actuator
2025-01-01T23:47:00,536.99,44.052,17.566,10.567,0.8906,HTTPS,gateway
2025-01-02T16:20:00,73.571,12.443,3.41,5.59,0.2658,MQTT,env_sensor
2025-01-02T12:36:00,946.255,44.267,2.61,141.175,0.8643,HTTPS,camera
2025-01-01T00:23:00,965.343,16.766,5.967,150.36,0.1625,HTTPS,camera
2025-01-01T12:36:00,114.907,11.206,8.143,8.96,0.9461,MQTT,actuator
2025-01-02T09:56:00,231.766,23.582,4.201,60.891,0.4547,HTTPS,gateway
2025-01-01T02:01:00,1071.423,10.075,3.801,136.702,0.7771,HTTPS,camera
2025-01-02T05:51:00,101.329,21.568,6.145,1.701,2.391,MQTT,env_sensor
2025-01-01T02:52:00,1553.547,36.789,9.532,235.726,0.0,HTTPS,camera
2025-01-02T13:22:00,26.426,139.802,2.233,0.782,4.1165,LoRaWAN,smart_meter
2025-01-01T04:50:00,30.266,203.295,4.261,0.283,4.2571,LoRaWAN,smart_meter
2025-01-01T14:20:00,1648.743,50.336,2.255,136.742,0.2784,HTTPS,camera
2025-01-01T17:28:00,36.88,113.157,3.806,1.121,3.4909,MQTT,smart_meter
2025-01-01T15:44:00,1824.144,25.203,5.247,133.364,0.2122,HTTPS,camera
2025-01-02T07:15:00,115.558,17.097,4.089,8.752,0.1717,MQTT,actuator
2025-01-01T10:26:00,150.774,19.994,6.265,8.684,0.2292,MQTT,env_sensor
2025-01-01T00:31:00,1447.464,72.676,9.276,43.937,0.0,HTTPS,gateway
2025-01-01T00:09:00,1447.32,54.947,3.073,58.549,0.0,HTTPS,gateway
2025-01-01T19:43:00,63.122,27.266,8.558,7.7,0.0,MQTT,actuator
2025-01-01T10:28:00,735.601,42.799,12.376,34.551,1.6901,CoAP,gateway
2025-01-01T02:29:00,29.531,148.545,1.686,0.393,3.6052,LoRaWAN,smart_meter
2025-01-02T14:22:00,899.065,30.254,5.364,32.403,0.5538,CoAP,gateway
2025-01-01T01:06:00,79.543,33.999,2.967,3.623,2.04,MQTT,env_sensor
2025-01-01T17:46:00,100.505,30.83,3.457,1.35,1.5367,MQTT,env_sensor
2025-01-01T06:53:00,25.209,123.539,0.1,0.414,3.3409,LoRaWAN,smart_meter
2025-01-02T03:27:00,19.996,101.416,2.727,0.599,2.6163,LoRaWAN,smart_meter
2025-01-02T09:48:00,117.751,10.85,2.447,10.965,0.671,MQTT,actuator
2025-01-01T15:53:00,56.511,7.282,8.945,7.317,1.6809,MQTT,actuator
2025-01-01T02:30:00,59.108,26.364,0.481,4.819,0.7417,MQTT,env_sensor
2025-01-01T07:55:00,1949.428,80.633,2.296,180.559,0.0,HTTPS,camera
2025-01-02T09:52:00,1128.587,26.408,9.732,17.663,0.708,HTTPS,gateway
2025-01-02T09:50:00,465.016,43.417,7.685,0.05,1.2344,CoAP,gateway
2025-01-01T01:11:00,589.392,31.508,7.202,29.413,1.7466,CoAP,gateway
2025-01-01T19:44:00,127.344,15.121,3.18,7.886,0.9763,MQTT,actuator
2025-01-02T04:23:00,1850.708,82.168,10.257,175.444,0.1008,HTTPS,camera
2025-01-01T22:11:00,38.601,88.454,2.021,0.61,2.6365,MQTT,smart_meter
2025-01-02T16:12:00,59.904,1.0,2.335,2.11,1.576,MQTT,env_sensor
2025-01-01T21:44:00,34.14,176.271,0.1,0.717,4.6533,LoRaWAN,smart_meter
2025-01-01T14:30:00,86.288,12.849,4.455,1.492,0.0,MQTT,env_sensor
2025-01-01T10:42:00,1436.404,34.984,5.821,114.604,0.6884,HTTPS,gateway
2025-01-02T11:51:00,1328.629,23.221,0.391,123.633,0.5755,HTTPS,camera
2025-01-02T01:13:00,87.582,11.558,2.912,5.328,0.95,MQTT,env_sensor
2025-01-01T05:43:00,2624.553,77.744,3.141,134.131,0.6524,HTTPS,camera
2025-01-01T19:13:00,907.137,77.345,7.284,119.281,0.115,HTTPS,camera
2025-01-01T18:36:00,77.979,29.836,5.483,1.467,0.2456,CoAP,env_sensor
2025-01-02T10:49:00,1255.828,54.807,2.065,248.944,0.1091,HTTPS,camera
2025-01-01T06:47:00,56.489,33.584,5.227,0.05,2.0166,MQTT,env_sensor
2025-01-02T12:19:00,1873.633,40.177,3.033,69.854,0.633,HTTPS,camera
2025-01-01T06:38:00,1638.921,57.816,5.068,159.303,0.1637,HTTPS,camera
2025-01-01T03:47:00,22.225,156.013,4.118,0.13,2.1257,LoRaWAN,smart_meter
2025-01-01T10:12:00,64.771,23.693,3.09,6.126,0.6472,MQTT,env_sensor
2025-01-01T22:17:00,132.481,29.403,3.41,1.831,0.9014,MQTT,env_sensor
2025-01-01T13:20:00,667.672,92.415,9.734,156.753,0.4378,HTTPS,camera
2025-01-02T08:08:00,773.345,57.446,7.461,43.062,1.0772,CoAP,gateway
2025-01-01T03:02:00,86.822,19.613,1.455,7.325,1.6906,MQTT,env_sensor
2025-01-01T07:22:00,59.45,17.863,6.321,5.364,0.6839,MQTT,env_sensor
2025-01-02T04:48:00,8.0,284.224,1.398,0.317,1.6366,LoRaWAN,smart_meter
2025-01-01T04:55:00,111.842,13.098,2.875,7.881,1.4562,MQTT,env_sensor
2025-01-02T16:17:00,238.009,19.961,6.297,56.527,0.632,MQTT,gateway
2025-01-02T04:41:00,13.736,188.627,0.704,0.05,4.5514,LoRaWAN,smart_meter
2025-01-01T03:11:00,25.044,76.224,0.1,0.781,3.1232,MQTT,smart_meter
2025-01-01T04:06:00,27.395,313.561,3.199,0.256,1.346,LoRaWAN,smart_meter
2025-01-02T11:26:00,54.244,43.483,5.289,1.674,2.5068,MQTT,env_sensor
2025-01-01T20:02:00,734.199,34.951,11.857,73.508,1.67,CoAP,gateway
2025-01-01T03:58:00,1385.287,46.338,3.585,74.727,0.7276,HTTPS,gateway
2025-01-02T14:31:00,907.215,70.884,9.295,130.605,1.0782,CoAP,camera
2025-01-01T06:25:00,2234.002,51.013,4.538,148.912,0.3737,HTTPS,camera
2025-01-01T09:16:00,84.475,8.761,4.593,7.345,0.0,MQTT,actuator
2025-01-02T07:13:00,905.518,37.165,3.491,105.367,1.3162,CoAP,gateway
2025-01-02T07:27:00,108.266,32.381,1.631,3.448,1.4173,MQTT,env_sensor
2025-01-01T16:04:00,85.243,32.622,4.775,9.313,1.2194,MQTT,actuator
2025-01-02T02:11:00,78.443,22.677,3.506,6.672,0.3461,MQTT,actuator
2025-01-01T13:46:00,2387.223,60.14,6.631,120.953,0.9637,HTTPS,camera
2025-01-01T07:28:00,127.684,10.691,7.04,9.011,1.1165,MQTT,actuator
2025-01-02T13:12:00,1113.188,67.148,5.167,102.214,0.7577,HTTPS,camera
2025-01-01T02:35:00,73.8,46.341,1.687,4.61,2.6,MQTT,env_sensor
2025-01-01T14:40:00,125.59,27.142,1.231,7.944,0.3994,MQTT,actuator
2025-01-02T12:28:00,1670.377,97.254,0.1,145.52,0.4994,HTTPS,camera
2025-01-02T12:31:00,2302.839,77.267,0.1,70.158,0.1886,HTTPS,camera
2025-01-01T15:29:00,872.093,48.182,3.399,47.587,1.3681,CoAP,gateway
2025-01-01T02:49:00,202.269,68.785,9.109,42.325,0.0,CoAP,gateway
2025-01-01T22:52:00,992.68,73.409,8.399,100.17,2.9329,CoAP,gateway
2025-01-01T11:35:00,79.045,35.473,2.762,0.05,0.5417,MQTT,env_sensor
2025-01-02T10:42:00,65.365,11.053,2.954,4.455,0.0,MQTT,env_sensor
2025-01-01T02:12:00,34.548,173.503,1.952,0.05,2.0275,LoRaWAN,smart_meter
2025-01-02T12:55:00,1118.479,47.892,8.609,80.131,1.0108,HTTPS,camera
2025-01-01T15:10:00,1362.011,63.625,5.883,47.534,1.2019,CoAP,gateway
2025-01-02T10:36:00,155.039,29.072,11.012,6.462,0.0,MQTT,actuator
2025-01-01T13:02:00,1690.183,78.862,3.661,133.807,0.0517,HTTPS,camera
2025-01-01T19:56:00,966.668,57.773,5.177,101.514,0.3408,HTTPS,gateway
2025-01-01T11:22:00,1163.244,18.046,12.01,133.861,0.897,HTTPS,gateway
2025-01-01T21:44:00,94.865,27.743,1.32,3.097,0.0,MQTT,env_sensor
2025-01-01T14:12:00,133.255,16.311,6.328,7.747,1.8729,MQTT,actuator
2025-01-02T09:05:00,1420.513,25.264,10.948,79.029,2.0299,HTTPS,gateway
2025-01-01T23:23:00,483.52,5.127,6.2,107.023,0.1623,HTTPS,gateway
2025-01-02T09:59:00,26.352,152.708,1.538,1.02,4.0708,MQTT,smart_meter
2025-01-02T13:40:00,115.985,2.616,2.013,0.05,1.4101,MQTT,env_sensor
2025-01-01T02:15:00,123.975,20.448,3.809,5.596,2.7383,MQTT,env_sensor
2025-01-02T03:29:00,554.896,37.623,3.188,126.666,1.3484,CoAP,gateway
2025-01-02T15:06:00,64.618,26.176,5.571,7.206,0.9154,MQTT,env_sensor
2025-01-02T05:49:00,95.067,19.913,4.398,9.508,1.3995,MQTT,actuator
2025-01-01T16:21:00,2658.893,69.735,3.815,167.481,1.3113,HTTPS,camera
2025-01-01T11:30:00,1067.065,53.822,5.156,88.377,2.218,HTTPS,gateway
2025-01-02T10:19:00,790.299,81.227,8.469,90.834,0.9516,HTTPS,gateway
2025-01-02T01:57:00,1203.026,50.003,14.175,51.28,1.663,HTTPS,gateway
2025-01-01T11:48:00,98.228,25.064,4.349,0.05,0.7711,MQTT,env_sensor
2025-01-01T14:00:00,26.461,184.026,2.659,0.351,4.7272,LoRaWAN,smart_meter
2025-01-01T04:49:00,65.731,22.683,6.051,7.156,3.146,MQTT,env_sensor
2025-01-02T10:25:00,719.755,19.318,1.562,56.217,1.9748,MQTT,gateway
2025-01-01T15:13:00,58.076,37.424,2.698,1.189,0.8515,MQTT,env_sensor
2025-01-02T13:43:00,78.865,1.22,3.23,5.249,0.8956,MQTT,env_sensor
2025-01-01T05:43:00,110.62,33.538,2.738,1.748,1.348,MQTT,env_sensor
2025-01-01T21:30:00,43.611,21.529,4.488,6.185,1.2561,MQTT,env_sensor
2025-01-01T07:56:00,151.036,16.708,3.044,11.275,0.2398,MQTT,actuator
2025-01-02T08:02:00,23.059,185.514,4.255,0.164,5.226,LoRaWAN,smart_meter
2025-01-01T09:59:00,138.241,14.003,9.975,6.902,0.1893,MQTT,actuator
2025-01-01T00:34:00,20.916,138.702,1.647,0.684,4.1387,LoRaWAN,smart_meter
2025-01-02T06:39:00,889.938,49.027,8.222,84.584,1.0756,CoAP,gateway
2025-01-02T17:24:00,20.104,179.641,1.772,0.366,2.8815,LoRaWAN,smart_meter
2025-01-02T09:58:00,152.561,39.281,7.746,1.298,0.0,CoAP,actuator
2025-01-01T23:51:00,20.022,256.298,2.61,0.073,1.3785,LoRaWAN,smart_meter
2025-01-01T22:59:00,78.979,21.887,3.236,1.897,1.0529,MQTT,env_sensor
2025-01-01T16:57:00,82.804,38.058,2.743,7.891,2.018,MQTT,env_sensor
2025-01-02T07:02:00,1049.857,100.175,2.196,0.05,1.0883,HTTPS,camera
2025-01-02T00:41:00,29.824,235.009,1.639,0.712,3.4423,LoRaWAN,smart_meter
2025-01-01T14:50:00,97.389,21.2,4.476,5.198,0.6502,MQTT,actuator
2025-01-01T20:16:00,33.213,232.54,0.723,0.416,1.6221,LoRaWAN,smart_meter
2025-01-02T04:14:00,134.136,22.968,10.101,0.05,0.5484,MQTT,actuator
2025-01-01T20:46:00,38.184,90.68,3.841,0.716,3.2911,MQTT,smart_meter
2025-01-01T01:28:00,1421.355,86.824,1.356,221.612,0.6458,HTTPS,camera
2025-01-01T09:58:00,48.296,2.495,4.122,1.603,2.571,MQTT,env_sensor
2025-01-01T05:45:00,26.183,279.763,0.193,0.083,3.2839,LoRaWAN,smart_meter
2025-01-01T21:21:00,1104.457,34.418,10.252,69.538,0.0,HTTPS,gateway
2025-01-02T08:59:00,1001.837,97.982,4.011,158.676,0.0,HTTPS,camera
2025-01-01T02:36:00,2079.247,46.707,10.059,93.075,0.3069,HTTPS,gateway
2025-01-01T23:42:00,523.404,86.042,11.049,51.354,0.9044,HTTPS,gateway
2025-01-02T06:26:00,641.325,60.835,2.206,103.717,1.4706,HTTPS,gateway
2025-01-02T03:34:00,1119.438,40.931,4.741,7.887,0.2598,HTTPS,gateway
2025-01-02T06:16:00,27.687,158.763,2.074,0.05,3.5076,LoRaWAN,smart_meter
2025-01-01T22:13:00,2268.869,48.718,7.091,180.276,0.7878,HTTPS,camera
2025-01-01T21:23:00,69.782,17.155,1.098,10.252,0.5819,MQTT,actuator
2025-01-01T08:49:00,794.519,81.199,0.179,148.164,0.244,HTTPS,camera
2025-01-01T06:32:00,40.002,27.429,15.903,5.18,0.5212,MQTT,actuator
2025-01-02T13:16:00,1848.742,93.347,6.901,158.01,1.2241,HTTPS,camera
2025-01-01T19:06:00,113.711,8.059,3.911,5.412,0.1172,MQTT,actuator
2025-01-01T15:21:00,2310.169,51.657,4.527,110.175,0.0,HTTPS,camera
2025-01-01T13:46:00,20.399,223.656,2.473,0.58,0.0,LoRaWAN,smart_meter
2025-01-01T05:03:00,2265.321,86.27,0.1,62.005,0.574,HTTPS,camera
2025-01-01T15:51:00,137.833,37.741,2.636,8.318,0.3411,MQTT,actuator
2025-01-01T11:34:00,110.405,33.61,5.085,3.425,0.796,CoAP,actuator
2025-01-01T19:05:00,112.478,21.258,3.436,7.202,1.4984,MQTT,actuator
2025-01-01T05:27:00,2434.2,42.12,2.313,68.381,1.1833,HTTPS,camera
2025-01-02T04:19:00,581.797,27.468,9.683,80.593,2.5585,CoAP,gateway
2025-01-02T08:40:00,23.951,304.208,0.1,0.61,4.6538,LoRaWAN,smart_meter
2025-01-02T04:40:00,70.414,23.589,0.751,0.05,0.6066,MQTT,env_sensor
2025-01-01T06:49:00,983.993,48.313,12.607,71.669,1.272,CoAP,gateway
2025-01-02T03:31:00,125.839,8.021,4.377,6.642,0.7128,MQTT,actuator
2025-01-02T14:07:00,38.276,113.699,2.638,0.149,3.1726,LoRaWAN,smart_meter
2025-01-02T00:42:00,480.853,47.604,10.626,68.419,1.3055,CoAP,gateway
2025-01-02T13:09:00,333.943,78.408,6.142,74.113,0.9065,HTTPS,camera
2025-01-01T09:49:00,22.379,121.783,1.261,0.05,5.0814,LoRaWAN,smart_meter
2025-01-01T08:33:00,83.199,4.604,0.1,1.984,0.3234,MQTT,env_sensor
2025-01-01T05:15:00,95.216,30.276,2.093,0.05,0.5171,MQTT,env_sensor
2025-01-01T22:09:00,29.698,14.915,0.158,0.05,2.1948,MQTT,env_sensor
2025-01-02T13:42:00,29.98,22.618,1.492,8.076,1.7167,MQTT,env_sensor
2025-01-02T15:59:00,24.052,59.104,0.251,0.305,0.0159,LoRaWAN,smart_meter
2025-01-01T01:49:00,1726.381,67.955,0.229,151.487,0.5072,HTTPS,camera
2025-01-01T15:06:00,2081.526,63.714,5.144,133.695,0.0,HTTPS,camera
2025-01-02T17:15:00,792.564,55.618,11.878,50.003,0.5049,HTTPS,gateway
2025-01-02T09:41:00,93.609,36.799,1.761,4.407,0.4207,MQTT,env_sensor
2025-01-02T16:43:00,155.096,18.053,7.495,8.234,0.8982,MQTT,actuator
2025-01-01T11:12:00,1913.284,76.435,6.552,179.742,0.4753,HTTPS,camera
2025-01-01T10:07:00,44.4,147.165,2.951,0.202,2.8,MQTT,smart_meter
2025-01-02T09:33:00,33.553,106.378,0.358,0.05,5.2182,LoRaWAN,smart_meter
2025-01-02T12:20:00,138.857,4.267,6.251,16.661,0.0,MQTT,actuator
2025-01-02T10:16:00,27.194,216.61,3.717,0.223,5.7592,LoRaWAN,smart_meter
2025-01-02T04:37:00,1310.745,45.537,3.735,0.05,0.7281,HTTPS,gateway
2025-01-01T18:44:00,1449.052,57.191,6.098,111.818,1.1243,HTTPS,gateway
2025-01-02T02:01:00,1203.546,87.795,5.059,91.292,0.2888,HTTPS,gateway
2025-01-01T10:43:00,15.035,26.131,5.571,5.585,0.5388,MQTT,env_sensor
2025-01-02T12:13:00,100.182,32.1,1.145,4.133,1.8318,MQTT,env_sensor
2025-01-02T02:35:00,135.379,26.57,10.942,11.346,0.6452,CoAP,actuator
2025-01-01T11:11:00,44.819,39.977,4.759,2.499,0.0,MQTT,env_sensor
2025-01-01T08:47:00,295.387,48.509,1.671,118.499,0.611,HTTPS,camera
2025-01-02T04:55:00,31.566,111.339,3.578,0.831,1.5028,LoRaWAN,smart_meter
2025-01-01T22:40:00,2460.716,59.997,4.64,187.789,0.8693,HTTPS,camera
2025-01-01T20:30:00,30.497,203.564,2.418,0.431,4.0797,LoRaWAN,smart_meter
2025-01-02T10:00:00,729.512,41.461,11.884,59.61,0.3557,HTTPS,gateway
2025-01-02T16:01:00,17.83,197.769,2.865,0.062,1.5365,LoRaWAN,smart_meter
2025-01-01T22:41:00,1602.496,62.143,2.995,69.828,0.8013,HTTPS,camera
2025-01-01T23:09:00,139.382,25.091,2.227,8.701,1.2182,MQTT,actuator
2025-01-02T08:24:00,120.282,31.482,7.261,10.676,0.8973,CoAP,actuator
2025-01-01T14:25:00,55.555,14.387,3.298,1.957,2.7762,MQTT,env_sensor
2025-01-01T05:25:00,127.333,19.211,11.747,8.919,0.0449,MQTT,actuator
2025-01-01T17:52:00,52.96,35.139,0.1,5.455,1.5303,MQTT,env_sensor
2025-01-02T12:53:00,645.093,63.286,7.49,172.36,0.4134,HTTPS,camera
2025-01-02T09:22:00,751.826,34.09,11.699,34.504,0.7477,CoAP,gateway
2025-01-01T10:36:00,45.823,32.699,4.504,3.081,1.5719,MQTT,env_sensor
2025-01-02T02:42:00,2288.89,78.395,2.147,176.626,0.7939,HTTPS,camera
2025-01-01T18:05:00,73.907,25.455,3.964,3.554,0.888,MQTT,actuator
2025-01-01T03:51:00,784.037,46.276,15.645,63.605,1.6383,CoAP,gateway
2025-01-01T02:25:00,57.405,31.259,3.104,1.796,2.8826,MQTT,env_sensor
2025-01-01T16:00:00,1778.666,32.325,4.047,89.021,1.5939,HTTPS,gateway
2025-01-01T10:00:00,2761.07,80.694,7.981,137.436,1.3091,HTTPS,camera
2025-01-01T18:40:00,33.696,186.096,0.984,0.548,1.8623,LoRaWAN,smart_meter
2025-01-02T03:16:00,23.336,220.43,1.413,0.885,6.7757,LoRaWAN,smart_meter
2025-01-01T08:03:00,115.578,12.886,3.68,9.538,0.0,MQTT,actuator
2025-01-02T03:48:00,29.982,215.492,1.996,0.298,4.1919,LoRaWAN,smart_meter
2025-01-01T13:55:00,993.008,21.748,3.143,149.349,0.9461,HTTPS,camera
2025-01-01T08:42:00,40.443,32.634,3.908,7.256,1.9284,MQTT,env_sensor
2025-01-02T14:14:00,1576.964,35.724,2.861,97.183,0.6429,HTTPS,camera
2025-01-02T03:01:00,2870.385,89.962,4.267,167.28,0.563,HTTPS,camera
2025-01-01T14:40:00,2285.7,54.524,5.79,61.295,0.8406,HTTPS,camera
2025-01-02T07:31:00,28.584,118.241,0.1,0.322,3.6384,LoRaWAN,smart_meter
2025-01-01T12:43:00,1224.258,34.494,11.841,29.905,1.262,CoAP,gateway
2025-01-01T05:01:00,117.039,10.122,4.865,3.009,0.412,MQTT,actuator
2025-01-02T05:09:00,87.698,7.48,5.249,10.806,3.1575,MQTT,env_sensor
2025-01-02T14:05:00,1980.778,77.317,0.328,96.543,0.4613,HTTPS,camera
2025-01-02T10:13:00,1894.418,75.749,3.094,65.349,0.2777,HTTPS,gateway
2025-01-01T21:49:00,44.311,22.698,7.779,0.05,2.6183,MQTT,env_sensor
2025-01-01T03:48:00,627.537,41.142,14.869,37.395,0.0,CoAP,gateway
2025-01-02T02:57:00,89.977,42.65,4.216,6.501,0.509,CoAP,env_sensor
2025-01-01T23:24:00,918.594,49.276,4.074,83.901,0.0,HTTPS,gateway
2025-01-02T10:32:00,1046.675,38.176,0.492,0.05,1.3984,MQTT,gateway
2025-01-02T04:45:00,140.404,26.411,7.494,3.909,0.9962,MQTT,actuator
2025-01-01T06:03:00,41.344,42.527,18.148,96.875,2.4826,MQTT,gateway
2025-01-02T02:23:00,809.852,46.447,13.976,140.702,1.3938,CoAP,gateway
2025-01-01T17:05:00,1161.772,73.797,4.28,72.059,1.5231,HTTPS,gateway
2025-01-01T08:20:00,1007.626,72.891,3.514,15.851,0.0,HTTPS,camera
2025-01-01T03:34:00,1869.097,31.368,11.065,0.05,0.4094,HTTPS,camera
2025-01-01T05:46:00,34.658,189.976,0.677,0.05,2.091,LoRaWAN,smart_meter
2025-01-02T17:08:00,3390.4,105.729,4.55,200.297,0.7665,HTTPS,camera
2025-01-01T10:03:00,1091.482,62.989,7.861,77.605,2.3776,HTTPS,gateway
2025-01-02T11:43:00,882.142,59.421,5.436,34.837,1.0632,CoAP,camera
2025-01-02T13:12:00,18.17,247.34,3.007,0.878,0.0,LoRaWAN,smart_meter
2025-01-02T16:18:00,2092.565,13.668,2.494,41.785,0.7151,HTTPS,gateway
2025-01-02T17:30:00,940.094,9.748,6.145,102.889,0.2112,HTTPS,camera
2025-01-01T11:30:00,30.424,96.218,3.484,0.105,2.9017,LoRaWAN,smart_meter
2025-01-02T16:07:00,1606.793,65.517,2.121,126.165,0.9071,HTTPS,camera
2025-01-01T03:44:00,2277.708,119.403,7.349,0.05,0.5935,HTTPS,camera
2025-01-01T11:16:00,70.805,30.002,2.869,2.015,1.9448,MQTT,env_sensor
2025-01-01T11:37:00,145.405,7.257,4.233,10.612,0.0,MQTT,actuator
2025-01-01T02:33:00,41.449,38.351,0.37,4.759,2.4514,MQTT,env_sensor
2025-01-02T05:55:00,153.599,12.766,7.934,8.54,1.0909,MQTT,actuator
2025-01-01T08:20:00,44.465,166.106,1.821,0.264,5.9085,LoRaWAN,smart_meter
2025-01-02T07:03:00,72.036,16.884,8.769,10.831,0.0,MQTT,actuator
2025-01-02T09:44:00,938.471,58.798,4.469,53.739,0.3948,HTTPS,gateway
2025-01-01T00:22:00,105.324,28.212,9.248,1.006,1.1825,MQTT,actuator
2025-01-02T03:52:00,57.885,31.311,6.044,5.436,2.1736,MQTT,env_sensor
2025-01-02T06:05:00,1236.068,14.792,13.816,88.06,0.964,HTTPS,gateway
2025-01-01T08:49:00,97.169,23.189,2.42,9.051,1.739,MQTT,actuator
2025-01-01T12:31:00,30.462,119.415,1.446,0.462,2.3863,LoRaWAN,smart_meter
2025-01-02T14:28:00,100.662,23.665,11.114,4.025,1.8666,MQTT,actuator
2025-01-02T06:29:00,115.272,25.069,8.718,9.141,0.6045,MQTT,actuator
2025-01-02T08:32:00,23.029,212.013,2.059,0.344,5.4658,LoRaWAN,smart_meter
2025-01-01T16:48:00,38.401,228.058,0.1,0.05,1.9115,MQTT,smart_meter
2025-01-01T18:50:00,1739.527,56.351,1.89,67.573,0.019,HTTPS,camera
2025-01-01T20:56:00,58.153,9.397,2.318,6.371,2.7927,MQTT,env_sensor
2025-01-02T10:28:00,76.096,21.516,1.807,4.196,0.9005,MQTT,env_sensor
2025-01-02T07:19:00,139.442,12.765,5.205,3.992,0.0,MQTT,actuator
2025-01-02T04:09:00,1457.022,91.215,6.132,138.117,1.8888,HTTPS,camera
2025-01-02T03:37:00,54.259,8.997,4.057,5.762,0.272,MQTT,env_sensor
2025-01-02T12:58:00,729.864,61.721,10.712,61.352,1.5702,CoAP,gateway
2025-01-02T14:23:00,24.925,251.883,3.174,0.523,3.464,LoRaWAN,smart_meter
2025-01-02T17:00:00,24.834,212.26,0.624,0.492,4.2045,LoRaWAN,smart_meter
2025-01-01T15:33:00,1373.358,69.802,0.1,24.969,1.1255,HTTPS,camera
2025-01-01T11:50:00,35.577,258.712,3.587,0.441,2.6861,LoRaWAN,smart_meter
2025-01-01T16:28:00,16.906,119.885,0.816,0.267,1.6144,LoRaWAN,smart_meter
2025-01-01T01:14:00,36.96,119.634,2.009,0.202,1.8688,LoRaWAN,smart_meter
2025-01-02T07:40:00,144.325,1.0,8.117,13.361,1.1805,CoAP,actuator
2025-01-02T09:55:00,82.245,15.068,3.039,5.705,3.0773,MQTT,env_sensor
2025-01-02T14:31:00,17.214,82.981,3.433,0.502,5.0281,LoRaWAN,smart_meter
2025-01-02T05:20:00,35.018,107.015,3.588,0.752,2.8911,LoRaWAN,smart_meter
2025-01-01T18:12:00,1397.504,70.636,9.444,0.05,0.0,HTTPS,gateway
2025-01-02T02:31:00,104.022,15.235,0.49,3.502,0.3604,MQTT,actuator
2025-01-02T10:34:00,2658.195,30.868,4.159,76.234,0.9739,HTTPS,camera
2025-01-01T18:49:00,35.07,330.23,2.49,0.05,5.7277,LoRaWAN,smart_meter
2025-01-02T13:28:00,2807.211,42.613,0.1,101.281,0.3855,HTTPS,camera
2025-01-01T15:34:00,1353.492,56.326,6.715,102.253,1.8363,HTTPS,gateway
2025-01-02T14:56:00,961.675,65.814,2.708,176.207,1.0192,HTTPS,gateway
2025-01-01T18:30:00,49.948,16.404,3.299,0.154,1.8199,MQTT,env_sensor
2025-01-02T10:05:00,135.625,26.922,7.374,12.578,0.2267,MQTT,actuator
2025-01-01T10:27:00,911.479,52.939,12.28,109.996,3.1389,CoAP,gateway
2025-01-01T16:00:00,1364.775,74.852,6.351,244.238,1.2257,HTTPS,camera
2025-01-02T14:53:00,29.393,215.487,2.924,0.191,5.1073,LoRaWAN,smart_meter
2025-01-01T08:05:00,61.927,18.624,8.682,5.303,0.8615,MQTT,actuator
2025-01-01T16:42:00,98.107,9.902,10.071,8.819,0.542,CoAP,actuator
2025-01-01T15:42:00,57.902,32.491,3.983,5.377,1.0314,MQTT,env_sensor
2025-01-01T09:13:00,82.318,15.821,10.227,4.284,1.6597,CoAP,actuator
2025-01-01T12:14:00,1084.383,54.05,5.222,31.53,0.8356,HTTPS,gateway
2025-01-01T08:33:00,2578.056,64.022,8.006,23.65,1.0651,HTTPS,camera
2025-01-02T15:50:00,111.748,10.609,7.435,10.758,0.4375,MQTT,actuator
2025-01-02T15:19:00,528.079,39.682,7.175,10.537,2.7899,CoAP,gateway
2025-01-02T02:05:00,1271.871,47.774,7.012,120.485,0.0098,HTTPS,camera
2025-01-01T21:58:00,27.381,125.429,3.232,0.095,4.0794,LoRaWAN,smart_meter
2025-01-01T13:41:00,99.378,36.266,2.48,4.013,0.8945,MQTT,env_sensor
2025-01-02T11:06:00,1886.892,68.459,7.134,87.431,0.1635,HTTPS,camera
2025-01-02T16:07:00,29.183,209.79,4.994,0.257,4.7873,LoRaWAN,smart_meter
2025-01-01T16:37:00,215.737,34.886,11.53,91.644,0.7935,HTTPS,gateway
2025-01-02T16:08:00,75.486,17.714,2.042,4.539,0.0,MQTT,env_sensor
2025-01-01T19:47:00,24.946,135.819,1.99,0.095,2.6693,LoRaWAN,smart_meter
2025-01-02T06:51:00,1100.849,27.393,2.201,10.118,0.2681,HTTPS,gateway
2025-01-02T12:34:00,31.96,126.505,1.02,0.242,4.7436,LoRaWAN,smart_meter
2025-01-01T16:16:00,89.532,28.447,0.1,1.434,0.128,MQTT,env_sensor
2025-01-02T06:02:00,77.437,20.256,4.557,4.202,0.1194,MQTT,env_sensor
2025-01-01T12:47:00,1578.713,58.02,4.336,93.692,0.9758,HTTPS,camera
2025-01-01T18:35:00,55.431,30.015,1.473,8.047,1.5078,CoAP,env_sensor
2025-01-01T22:01:00,927.436,37.626,6.065,160.198,0.0,HTTPS,gateway
2025-01-02T09:56:00,1108.379,76.953,3.565,12.996,0.4203,HTTPS,camera
2025-01-02T09:01:00,56.367,4.728,5.28,4.906,0.0,MQTT,env_sensor
2025-01-02T15:41:00,378.119,34.43,0.199,85.522,1.5209,HTTPS,gateway
2025-01-02T14:05:00,45.979,28.625,2.332,8.021,1.8579,MQTT,env_sensor
2025-01-01T15:00:00,84.661,50.444,1.062,7.991,0.1406,MQTT,gateway
2025-01-01T14:45:00,1529.98,45.132,3.432,3.797,0.0,HTTPS,gateway
2025-01-02T13:39:00,22.15,294.98,1.385,0.276,2.738,LoRaWAN,smart_meter
2025-01-01T04:00:00,48.303,278.362,2.467,0.592,3.4476,LoRaWAN,smart_meter
2025-01-02T04:07:00,1880.745,32.047,2.403,122.037,0.26,HTTPS,camera
2025-01-02T07:53:00,2183.248,75.448,4.813,127.908,1.1754,HTTPS,camera
2025-01-01T11:38:00,27.403,48.919,1.791,0.155,3.2041,MQTT,smart_meter
2025-01-02T04:37:00,1204.52,57.315,4.935,201.815,0.0,HTTPS,camera
2025-01-01T02:22:00,28.727,106.223,1.885,0.204,0.6034,LoRaWAN,smart_meter
2025-01-02T10:48:00,99.112,4.787,0.1,5.388,2.656,MQTT,env_sensor
2025-01-01T15:52:00,135.545,16.01,5.956,1.769,0.1566,MQTT,actuator
2025-01-01T21:11:00,18.349,27.262,13.334,84.458,1.3925,MQTT,gateway
2025-01-02T14:48:00,568.198,65.997,6.656,96.399,1.4167,CoAP,camera
2025-01-02T11:15:00,8.0,173.61,0.1,0.176,2.7503,LoRaWAN,smart_meter
2025-01-01T08:09:00,1830.228,20.533,5.466,174.996,0.0858,HTTPS,camera
2025-01-02T04:06:00,2409.612,70.899,1.505,195.843,0.5226,HTTPS,camera
2025-01-02T12:09:00,888.83,35.379,3.016,34.667,0.2475,HTTPS,camera
2025-01-02T09:54:00,1962.093,54.582,2.078,82.621,1.1168,HTTPS,camera
2025-01-01T13:07:00,32.585,21.637,3.77,1.147,1.2345,MQTT,env_sensor
2025-01-01T01:27:00,115.255,15.823,8.893,2.984,0.0,MQTT,actuator
2025-01-01T07:04:00,58.764,1.941,1.852,1.601,0.6322,MQTT,env_sensor
2025-01-01T21:55:00,2401.024,44.948,1.758,120.359,0.6523,HTTPS,camera
2025-01-01T20:24:00,142.971,22.526,5.862,1.119,0.3,MQTT,actuator
2025-01-01T11:29:00,113.993,11.717,1.107,4.483,1.802,MQTT,env_sensor
2025-01-02T09:35:00,453.847,48.62,8.915,15.247,1.7494,CoAP,gateway
2025-01-01T14:59:00,32.962,116.1,0.1,0.254,0.0,LoRaWAN,smart_meter
2025-01-02T04:11:00,929.658,27.185,15.214,4.259,1.2724,CoAP,gateway
2025-01-02T01:48:00,858.847,87.913,5.893,59.896,0.2711,HTTPS,gateway
2025-01-01T04:12:00,25.846,162.427,1.277,0.127,6.1347,LoRaWAN,smart_meter
2025-01-01T10:02:00,2462.723,55.074,1.438,80.504,0.0,HTTPS,camera
2025-01-02T06:39:00,28.437,232.024,2.751,0.497,5.2772,LoRaWAN,smart_meter
2025-01-01T11:58:00,31.749,262.037,1.418,0.219,2.0058,LoRaWAN,smart_meter
2025-01-01T00:59:00,2029.881,109.099,5.885,94.06,0.7025,HTTPS,camera
2025-01-01T07:06:00,28.759,206.783,2.067,0.431,1.1032,LoRaWAN,smart_meter
2025-01-02T16:35:00,163.021,15.738,0.87,5.27,1.8732,MQTT,actuator
2025-01-02T15:15:00,34.295,335.938,0.883,0.29,5.7553,LoRaWAN,smart_meter
2025-01-01T04:45:00,2907.821,18.813,6.175,139.408,0.0,HTTPS,camera
2025-01-01T10:08:00,124.164,13.454,2.579,0.05,0.9348,MQTT,actuator
2025-01-02T11:22:00,30.126,219.778,2.562,0.346,1.753,LoRaWAN,smart_meter
2025-01-01T15:11:00,23.909,85.939,0.675,0.47,6.9404,LoRaWAN,smart_meter
2025-01-01T03:07:00,146.469,39.198,2.859,2.933,0.0,MQTT,env_sensor
2025-01-02T12:10:00,1394.465,40.613,5.061,6.512,0.0,HTTPS,gateway
2025-01-02T14:54:00,129.796,10.226,2.783,2.696,0.2126,MQTT,env_sensor
2025-01-01T03:48:00,73.924,41.782,7.474,0.05,1.0633,CoAP,env_sensor
2025-01-01T13:26:00,22.818,177.888,0.453,0.242,2.9544,LoRaWAN,smart_meter
2025-01-02T12:58:00,88.442,32.546,0.755,0.514,0.0,HTTPS,env_sensor
2025-01-02T15:12:00,94.181,22.203,2.292,6.379,0.5864,MQTT,env_sensor
2025-01-01T10:28:00,81.882,15.86,5.484,6.726,0.1424,MQTT,actuator
2025-01-02T05:13:00,103.712,19.572,12.167,12.637,0.8217,CoAP,actuator
2025-01-01T15:13:00,1575.298,64.09,7.8,62.722,0.9249,HTTPS,camera
2025-01-02T04:59:00,910.805,64.643,0.1,116.91,1.1722,HTTPS,gateway
2025-01-02T03:08:00,26.595,202.274,3.247,0.365,0.9827,LoRaWAN,smart_meter
2025-01-02T06:43:00,24.353,206.406,0.38,0.05,0.5973,LoRaWAN,smart_meter
2025-01-01T09:02:00,1021.67,74.409,0.1,95.729,1.2965,CoAP,gateway
2025-01-02T03:18:00,1266.018,46.457,9.688,26.731,0.388,HTTPS,camera
2025-01-02T17:31:00,26.557,211.548,2.689,1.331,8.1913,LoRaWAN,smart_meter
2025-01-02T04:00:00,30.618,188.529,3.268,0.347,0.5662,LoRaWAN,smart_meter
2025-01-01T12:11:00,36.694,224.017,1.247,0.725,4.085,LoRaWAN,smart_meter
2025-01-01T15:17:00,57.433,34.825,3.25,4.506,2.0433,MQTT,env_sensor
2025-01-02T05:32:00,201.471,53.793,14.563,68.072,0.2252,MQTT,gateway
2025-01-01T23:18:00,114.404,22.594,3.238,8.635,1.3115,MQTT,actuator
2025-01-01T10:19:00,80.059,34.553,2.276,10.069,0.8589,MQTT,env_sensor
2025-01-01T21:47:00,62.137,16.585,4.713,1.266,1.2428,MQTT,env_sensor
2025-01-01T11:35:00,35.645,247.06,1.484,0.59,1.5142,MQTT,smart_meter
2025-01-01T01:29:00,515.293,53.523,0.1,84.169,0.7184,HTTPS,gateway
2025-01-01T12:46:00,76.296,11.707,8.573,1.882,0.8793,MQTT,actuator
2025-01-01T14:22:00,27.504,215.595,0.1,0.622,4.769,MQTT,smart_meter
2025-01-01T17:58:00,31.381,241.655,2.373,0.409,2.179,LoRaWAN,smart_meter
2025-01-02T09:25:00,1597.829,99.766,4.384,160.006,0.7859,HTTPS,camera
2025-01-01T03:36:00,117.537,22.878,3.286,8.191,1.1211,MQTT,actuator
2025-01-02T14:34:00,18.161,186.838,1.716,0.785,0.0,LoRaWAN,smart_meter
2025-01-02T12:35:00,20.651,30.276,3.928,6.517,1.0324,MQTT,env_sensor
2025-01-01T05:22:00,1542.308,56.681,5.556,11.84,0.0,HTTPS,camera
2025-01-01T07:53:00,1162.373,76.629,4.218,96.595,1.5284,HTTPS,camera
2025-01-02T05:29:00,1772.997,44.336,10.016,82.006,0.8116,HTTPS,gateway
2025-01-02T07:15:00,26.02,190.553,3.663,0.578,3.3991,LoRaWAN,smart_meter
2025-01-02T15:24:00,329.382,67.85,8.668,132.823,1.1659,CoAP,gateway
2025-01-01T20:00:00,92.157,22.871,3.34,0.133,1.6515,MQTT,env_sensor
2025-01-02T16:08:00,259.997,78.125,7.362,4.2,0.0,CoAP,gateway
2025-01-01T12:39:00,1091.323,41.547,13.495,45.47,2.9008,CoAP,gateway
2025-01-02T05:18:00,1040.828,48.827,10.895,34.018,0.0,HTTPS,gateway
2025-01-01T20:02:00,32.987,92.742,2.86,0.138,1.5473,LoRaWAN,smart_meter
2025-01-01T13:40:00,26.794,116.654,1.269,0.917,6.5952,LoRaWAN,smart_meter
2025-01-01T09:06:00,117.437,15.099,4.931,16.405,0.0,MQTT,actuator
2025-01-02T16:22:00,100.207,14.718,11.567,14.029,1.7017,MQTT,actuator
2025-01-02T08:40:00,1456.074,31.925,3.631,64.784,1.3316,HTTPS,gateway
2025-01-02T11:18:00,740.444,54.918,6.295,4.053,0.7057,CoAP,camera
2025-01-02T01:04:00,25.438,152.228,4.318,0.521,0.6395,LoRaWAN,smart_meter
2025-01-02T15:53:00,40.991,171.211,2.657,0.332,1.8085,LoRaWAN,smart_meter
2025-01-01T06:24:00,77.297,25.941,2.363,1.883,0.7835,MQTT,env_sensor
2025-01-02T03:45:00,84.588,14.126,7.144,10.361,0.1029,CoAP,actuator
2025-01-01T01:53:00,23.107,290.921,3.098,0.05,6.3642,LoRaWAN,smart_meter
2025-01-01T23:52:00,1419.312,71.531,6.639,114.212,0.8972,HTTPS,camera
2025-01-02T16:27:00,1008.913,70.897,6.318,35.636,1.5092,CoAP,gateway
2025-01-02T11:01:00,90.851,14.142,4.722,3.391,1.9733,MQTT,env_sensor
2025-01-01T17:53:00,478.623,42.068,15.342,125.345,1.5441,CoAP,gateway
2025-01-02T15:27:00,57.362,15.647,4.734,5.1,1.1469,MQTT,actuator
2025-01-02T00:20:00,1026.103,60.754,3.99,213.056,0.3191,HTTPS,camera
2025-01-02T06:10:00,1161.713,76.223,3.958,80.643,0.1367,HTTPS,camera
2025-01-02T14:03:00,696.856,49.7,6.268,77.81,0.8072,HTTPS,gateway
2025-01-01T16:36:00,2402.62,9.979,1.418,157.602,0.0,HTTPS,camera
2025-01-02T16:55:00,63.81,26.316,0.781,8.683,1.4936,MQTT,env_sensor
2025-01-01T01:09:00,35.904,16.863,6.989,11.795,1.7662,CoAP,actuator
2025-01-02T17:35:00,1459.309,56.783,5.87,0.05,0.0,HTTPS,camera
2025-01-01T16:13:00,133.026,31.794,3.142,10.47,0.6101,HTTPS,actuator
2025-01-01T13:08:00,1209.604,57.648,15.243,53.811,0.5446,HTTPS,gateway
2025-01-01T10:42:00,83.721,21.181,7.37,4.701,1.1132,MQTT,env_sensor
2025-01-02T13:23:00,32.539,320.111,3.547,0.509,4.2008,LoRaWAN,smart_meter
2025-01-01T12:54:00,39.359,240.297,3.736,0.856,2.7247,LoRaWAN,smart_meter
2025-01-02T02:12:00,633.316,59.328,12.737,68.801,1.7357,CoAP,gateway
2025-01-01T13:12:00,111.213,11.342,5.843,4.077,0.9817,CoAP,actuator
2025-01-02T10:23:00,41.13,187.324,2.533,0.464,4.3162,LoRaWAN,smart_meter
2025-01-01T05:34:00,55.867,6.211,6.306,2.846,2.3344,MQTT,env_sensor
2025-01-01T12:56:00,116.045,26.753,7.284,8.863,0.8756,MQTT,actuator
2025-01-01T13:44:00,45.945,36.723,2.249,3.916,0.3947,MQTT,env_sensor
2025-01-02T00:34:00,59.632,8.534,7.626,5.62,0.69,MQTT,actuator
2025-01-02T17:12:00,90.922,9.395,6.41,11.826,0.1826,CoAP,actuator
2025-01-02T03:18:00,173.912,26.869,8.691,6.837,1.5936,CoAP,actuator
2025-01-01T22:33:00,93.405,17.967,1.588,1.135,1.4468,MQTT,env_sensor
2025-01-02T09:52:00,43.467,12.948,3.384,3.226,1.2155,MQTT,env_sensor
2025-01-01T00:52:00,98.138,22.473,3.588,0.609,0.8219,MQTT,actuator
2025-01-01T01:30:00,32.985,11.985,0.801,0.05,1.6571,MQTT,env_sensor
2025-01-02T16:55:00,32.062,161.164,4.314,0.45,1.4956,LoRaWAN,smart_meter
2025-01-01T13:06:00,56.604,30.789,0.1,8.715,0.4598,MQTT,env_sensor
2025-01-01T02:19:00,118.06,7.019,7.143,11.5,0.0,MQTT,actuator
2025-01-02T01:31:00,31.441,193.731,3.068,0.299,3.6915,LoRaWAN,smart_meter
2025-01-01T03:43:00,1952.323,61.356,6.425,87.223,0.3081,HTTPS,camera
2025-01-01T21:07:00,308.036,18.39,4.521,138.218,0.3389,HTTPS,camera
2025-01-01T00:12:00,27.487,144.157,1.788,0.926,3.0479,LoRaWAN,smart_meter
2025-01-02T02:04:00,20.704,153.663,1.63,0.456,3.6974,LoRaWAN,smart_meter
2025-01-01T02:32:00,108.173,28.325,4.999,13.575,1.0241,MQTT,actuator
2025-01-01T11:04:00,120.281,17.672,7.779,7.875,1.7349,MQTT,actuator
2025-01-01T17:30:00,1144.221,71.448,2.69,62.261,0.5215,HTTPS,camera
2025-01-01T17:34:00,56.781,27.016,2.061,4.087,2.3084,MQTT,env_sensor
2025-01-02T09:02:00,14.834,218.627,3.754,0.05,5.11,LoRaWAN,smart_meter
2025-01-01T04:36:00,428.824,65.066,1.273,79.321,1.8001,HTTPS,camera
2025-01-02T06:43:00,138.094,13.967,2.718,9.098,1.0195,MQTT,actuator
2025-01-01T03:43:00,563.557,84.051,4.504,53.033,3.3243,HTTPS,gateway
2025-01-02T07:07:00,21.272,147.164,2.558,0.702,0.5845,LoRaWAN,smart_meter
2025-01-01T13:25:00,48.073,45.297,4.659,6.628,1.3653,MQTT,env_sensor
2025-01-02T17:04:00,90.959,13.679,5.707,3.218,0.8355,MQTT,env_sensor
2025-01-01T23:26:00,76.608,22.228,2.89,4.076,1.5227,MQTT,actuator
2025-01-01T11:03:00,72.135,6.256,6.791,14.396,1.1999,MQTT,actuator
2025-01-01T17:19:00,31.37,16.664,1.153,5.702,1.1668,MQTT,env_sensor
2025-01-01T12:37:00,865.938,41.611,6.246,93.694,0.2643,HTTPS,camera
2025-01-01T09:10:00,27.59,146.31,0.1,0.986,0.863,LoRaWAN,smart_meter
2025-01-02T07:16:00,95.09,40.975,7.286,10.672,1.0187,MQTT,actuator
2025-01-02T06:30:00,932.21,42.936,2.177,0.05,0.8929,HTTPS,gateway
2025-01-01T15:59:00,19.536,170.724,2.442,0.648,1.0358,LoRaWAN,smart_meter
2025-01-02T16:52:00,1335.845,31.273,6.908,64.428,0.0,HTTPS,gateway
2025-01-02T01:21:00,1069.515,30.244,8.156,48.058,1.3252,CoAP,gateway
2025-01-02T01:08:00,1512.466,41.667,10.337,84.26,1.9229,HTTPS,gateway
2025-01-02T00:03:00,421.528,107.988,7.595,112.869,1.3868,CoAP,camera
2025-01-01T04:16:00,68.431,23.34,3.747,2.124,3.4915,MQTT,env_sensor
2025-01-02T16:20:00,30.835,213.656,1.165,0.102,1.2603,LoRaWAN,smart_meter
2025-01-01T17:36:00,1580.862,131.791,3.499,103.344,0.8845,HTTPS,camera
2025-01-01T21:56:00,161.809,7.753,0.1,1.742,1.9741,MQTT,actuator
2025-01-01T03:37:00,1028.621,53.383,4.84,7.924,1.183,MQTT,gateway
2025-01-02T08:10:00,923.411,49.672,7.239,13.722,0.5552,HTTPS,gateway
2025-01-01T01:28:00,21.17,149.884,1.518,0.05,4.576,LoRaWAN,smart_meter
2025-01-01T10:15:00,930.087,81.286,3.978,92.446,0.8151,HTTPS,camera
2025-01-02T03:30:00,35.076,159.84,1.176,0.05,2.7576,LoRaWAN,smart_meter
2025-01-02T13:03:00,1037.074,73.269,6.393,86.812,0.7673,HTTPS,camera
2025-01-01T05:49:00,946.368,57.067,2.111,99.795,0.9176,HTTPS,gateway
2025-01-02T11:32:00,879.43,78.367,8.045,89.983,2.2673,CoAP,gateway
2025-01-02T09:03:00,25.133,154.852,1.058,0.709,3.0597,LoRaWAN,smart_meter
2025-01-01T19:03:00,113.12,30.689,1.337,6.498,2.3731,MQTT,env_sensor
2025-01-02T16:02:00,58.483,1.369,1.287,0.05,0.5256,MQTT,env_sensor
2025-01-02T00:16:00,2230.593,97.348,3.591,200.105,1.3756,HTTPS,camera
2025-01-02T08:51:00,96.182,28.335,4.31,10.654,1.2628,MQTT,actuator
2025-01-01T22:16:00,1428.297,65.24,13.08,52.238,0.3297,HTTPS,gateway
2025-01-01T11:18:00,36.086,200.567,2.018,0.143,4.1589,LoRaWAN,smart_meter
2025-01-01T16:20:00,1868.601,35.412,5.479,192.831,0.8689,HTTPS,camera
2025-01-01T13:35:00,300.243,47.274,11.67,14.247,1.0224,CoAP,gateway
2025-01-01T19:20:00,19.797,67.731,0.1,0.05,1.9679,MQTT,smart_meter
2025-01-02T04:19:00,1614.426,79.215,2.194,81.905,0.9723,HTTPS,camera
2025-01-01T16:49:00,2511.785,30.743,3.082,144.896,0.3215,HTTPS,camera
2025-01-01T15:54:00,33.666,199.026,1.168,0.53,2.3646,LoRaWAN,smart_meter
2025-01-01T03:16:00,767.172,89.914,14.013,14.697,1.9424,CoAP,gateway
2025-01-01T00:47:00,21.473,198.119,0.965,0.19,3.0505,MQTT,smart_meter
2025-01-02T00:12:00,679.248,15.467,10.052,155.086,0.7566,HTTPS,camera
2025-01-01T21:35:00,543.606,41.739,12.549,67.559,1.2597,CoAP,gateway
2025-01-02T04:42:00,69.695,33.437,0.1,4.11,1.5193,MQTT,env_sensor
2025-01-02T13:07:00,519.358,76.581,5.358,24.552,0.7236,CoAP,gateway
2025-01-01T19:38:00,106.054,32.638,3.227,4.293,0.5387,MQTT,env_sensor
2025-01-01T12:48:00,1702.98,48.05,4.509,50.216,0.4239,HTTPS,camera
2025-01-02T05:35:00,62.524,27.406,1.217,6.141,0.5085,MQTT,env_sensor
2025-01-01T20:12:00,1314.373,58.183,7.116,70.214,2.4929,HTTPS,gateway
2025-01-01T19:50:00,1527.213,78.55,4.139,98.534,0.4221,HTTPS,camera
2025-01-01T18:06:00,81.488,41.345,2.284,4.267,1.5215,MQTT,env_sensor
2025-01-02T16:33:00,1332.392,24.684,6.557,91.403,0.5837,HTTPS,gateway
2025-01-02T01:20:00,28.684,223.608,4.023,0.647,0.2479,LoRaWAN,smart_meter
2025-01-02T12:30:00,110.962,10.512,10.877,12.086,0.3672,MQTT,actuator
2025-01-02T08:07:00,19.312,177.073,2.536,0.697,4.9295,LoRaWAN,smart_meter
2025-01-02T13:44:00,90.549,19.899,1.743,6.118,0.4247,MQTT,env_sensor
2025-01-01T22:58:00,142.505,4.841,2.099,3.545,1.3163,MQTT,actuator
2025-01-01T12:05:00,135.254,15.518,4.182,0.596,0.3442,MQTT,actuator
2025-01-02T02:42:00,57.561,26.508,3.109,6.181,3.4243,MQTT,env_sensor
2025-01-01T06:10:00,1677.515,30.708,11.421,18.598,1.2749,CoAP,gateway
2025-01-01T00:48:00,15.585,15.956,1.932,8.172,0.9357,MQTT,env_sensor
2025-01-01T13:57:00,717.916,55.473,6.531,139.426,0.2862,HTTPS,camera
2025-01-02T16:01:00,1337.991,36.359,11.862,30.151,0.0,HTTPS,gateway
2025-01-02T17:11:00,2396.114,58.198,4.642,58.458,0.6016,HTTPS,camera
2025-01-02T03:15:00,152.933,34.291,9.822,10.883,1.2195,MQTT,actuator
2025-01-01T01:44:00,1201.69,20.042,4.87,210.835,0.0391,HTTPS,camera
2025-01-02T08:41:00,927.901,14.307,7.956,52.662,1.3143,CoAP,gateway
2025-01-01T09:36:00,1109.344,23.494,6.968,130.589,1.2805,HTTPS,gateway
2025-01-01T00:08:00,25.859,207.083,2.39,0.516,3.5008,LoRaWAN,smart_meter
2025-01-02T12:07:00,95.434,16.297,3.274,7.494,2.8026,MQTT,env_sensor
2025-01-01T03:38:00,21.332,11.637,2.074,8.297,2.4054,MQTT,env_sensor
2025-01-02T02:51:00,101.703,24.651,0.1,9.095,0.0,MQTT,actuator
2025-01-01T01:05:00,91.623,42.192,3.873,3.026,0.6154,MQTT,env_sensor
2025-01-02T04:22:00,23.45,192.286,4.582,0.502,7.1992,LoRaWAN,smart_meter
2025-01-01T03:18:00,28.608,247.612,1.495,0.05,0.5605,LoRaWAN,smart_meter
2025-01-02T15:06:00,37.81,224.103,4.025,0.724,1.173,LoRaWAN,smart_meter
2025-01-01T08:37:00,31.377,275.887,1.603,0.309,3.1578,LoRaWAN,smart_meter
2025-01-02T11:10:00,167.722,69.115,5.693,88.129,0.7556,CoAP,camera
2025-01-01T07:57:00,1753.618,57.989,5.712,125.238,0.1099,HTTPS,camera
2025-01-02T01:22:00,86.282,7.657,4.055,11.484,2.7011,MQTT,actuator
2025-01-01T16:33:00,30.484,278.544,2.07,0.613,7.7921,LoRaWAN,smart_meter
2025-01-02T14:54:00,24.005,177.771,0.895,0.548,0.0,LoRaWAN,smart_meter
2025-01-01T03:52:00,150.24,19.64,8.906,5.583,0.0,MQTT,actuator
2025-01-02T16:45:00,46.049,33.823,6.704,6.785,1.8797,MQTT,env_sensor
2025-01-02T06:52:00,680.492,39.775,1.129,164.553,0.0,HTTPS,camera
2025-01-02T08:56:00,37.267,46.311,1.741,0.062,0.1774,LoRaWAN,smart_meter
2025-01-02T16:33:00,15.963,157.828,2.0,0.17,0.3833,LoRaWAN,smart_meter
2025-01-01T19:13:00,127.517,20.453,4.021,6.218,1.0985,MQTT,actuator
2025-01-01T00:42:00,66.22,24.4,4.146,4.025,2.0216,MQTT,env_sensor
2025-01-02T13:57:00,79.027,25.685,1.316,5.009,0.2516,MQTT,actuator
2025-01-01T08:26:00,103.436,28.013,9.478,13.744,0.8135,MQTT,actuator
2025-01-01T18:25:00,67.848,24.256,3.974,0.67,1.2815,MQTT,env_sensor
2025-01-01T00:29:00,1421.761,1.0,7.201,4.188,1.6055,MQTT,gateway
2025-01-01T00:26:00,953.87,26.651,4.113,60.388,0.0439,HTTPS,gateway
2025-01-01T05:35:00,115.843,23.278,7.17,12.197,1.7133,MQTT,actuator
2025-01-01T03:39:00,34.58,14.098,6.19,1.177,1.918,MQTT,env_sensor
2025-01-01T23:10:00,24.668,111.287,1.412,0.503,0.0,LoRaWAN,smart_meter
2025-01-02T12:30:00,20.388,165.233,1.314,0.393,4.241,LoRaWAN,smart_meter
2025-01-02T09:33:00,57.646,34.29,5.069,4.488,0.535,CoAP,env_sensor
2025-01-02T01:18:00,40.416,189.65,2.966,0.58,1.5188,LoRaWAN,smart_meter
2025-01-01T14:27:00,113.39,16.35,8.146,5.313,0.6888,MQTT,actuator
2025-01-02T10:45:00,1231.026,88.612,7.539,44.055,2.0704,MQTT,gateway
2025-01-01T07:56:00,1640.046,70.958,0.262,113.799,0.5654,HTTPS,camera
2025-01-01T03:45:00,26.499,197.172,0.566,0.05,1.1111,LoRaWAN,smart_meter
2025-01-01T11:28:00,43.207,77.814,0.1,0.679,2.3085,MQTT,smart_meter
2025-01-01T13:16:00,58.355,2.645,7.925,8.409,0.2596,MQTT,actuator
2025-01-01T00:20:00,193.439,50.704,6.524,107.503,1.1982,MQTT,gateway
2025-01-01T01:37:00,96.196,21.444,2.04,11.36,1.9579,MQTT,actuator
2025-01-02T01:31:00,75.708,21.086,0.345,3.822,1.3514,MQTT,env_sensor
2025-01-01T15:31:00,2100.386,52.129,4.65,165.27,0.9641,HTTPS,camera
2025-01-01T10:44:00,1085.104,30.635,14.995,67.322,1.1814,HTTPS,gateway
2025-01-02T07:37:00,470.807,45.472,1.681,129.295,1.1575,HTTPS,camera
2025-01-01T06:11:00,24.525,102.521,3.07,0.05,3.9942,LoRaWAN,smart_meter
2025-01-02T07:35:00,92.986,34.548,2.797,4.532,1.8963,MQTT,env_sensor
2025-01-02T11:08:00,1763.935,58.85,0.719,9.591,0.0,HTTPS,camera
2025-01-01T03:43:00,80.527,17.037,4.687,0.929,0.0,MQTT,env_sensor
2025-01-02T03:57:00,118.269,18.218,7.193,11.372,1.9752,MQTT,actuator
2025-01-02T09:18:00,55.123,31.766,3.884,2.14,1.698,MQTT,env_sensor
2025-01-01T11:57:00,67.931,36.301,4.07,6.659,0.8155,MQTT,env_sensor
2025-01-02T00:36:00,207.655,17.152,1.094,10.142,0.319,MQTT,actuator
2025-01-02T00:17:00,76.628,9.91,2.459,5.424,0.0,MQTT,env_sensor
2025-01-01T15:07:00,756.59,51.305,3.003,100.161,0.4978,HTTPS,camera
2025-01-02T01:35:00,52.028,29.224,4.648,5.49,0.2341,MQTT,env_sensor
2025-01-01T14:54:00,1495.37,47.195,6.058,87.564,0.5584,HTTPS,gateway
2025-01-01T18:05:00,1421.602,80.849,2.513,101.266,0.4368,HTTPS,camera
2025-01-01T06:54:00,38.457,126.272,1.195,0.834,2.0761,LoRaWAN,smart_meter
2025-01-01T08:18:00,102.446,6.417,0.1,12.869,0.0,MQTT,actuator
2025-01-01T15:40:00,81.967,33.236,4.348,1.732,0.0605,MQTT,env_sensor
2025-01-01T21:06:00,147.998,13.704,3.058,7.478,1.2699,MQTT,actuator
2025-01-01T07:23:00,1153.472,35.885,2.034,62.705,0.0,HTTPS,gateway
2025-01-02T05:44:00,34.577,95.225,3.087,0.504,0.8831,LoRaWAN,smart_meter
2025-01-01T04:16:00,152.575,6.39,6.371,14.307,1.7577,MQTT,actuator
2025-01-01T02:39:00,1138.272,27.32,6.582,57.936,0.8397,HTTPS,gateway
2025-01-02T03:29:00,29.947,265.484,1.605,0.527,4.1721,LoRaWAN,smart_meter
2025-01-01T22:23:00,1339.021,68.035,8.339,115.533,2.0652,HTTPS,camera
2025-01-01T07:41:00,93.327,3.159,6.746,6.177,0.8168,CoAP,actuator
2025-01-01T19:56:00,32.041,282.729,1.77,0.63,3.3291,LoRaWAN,smart_meter
2025-01-01T01:09:00,29.357,257.612,0.1,0.317,7.1911,LoRaWAN,smart_meter
2025-01-02T03:44:00,103.493,7.087,3.977,0.962,2.1376,MQTT,env_sensor
2025-01-02T06:16:00,72.798,28.569,2.241,5.479,2.4307,MQTT,env_sensor
2025-01-01T11:28:00,137.683,11.133,3.202,15.011,1.4607,MQTT,actuator
2025-01-02T10:43:00,1435.758,34.227,0.1,39.573,0.3795,HTTPS,gateway
2025-01-01T19:39:00,1305.719,27.215,0.61,29.856,1.0587,MQTT,gateway
2025-01-01T00:39:00,1120.495,60.6,8.602,0.05,0.4674,HTTPS,gateway
2025-01-01T16:12:00,119.121,15.425,5.401,9.072,0.0,MQTT,actuator
2025-01-01T06:04:00,36.249,210.046,0.1,0.05,2.0809,LoRaWAN,smart_meter
2025-01-02T08:04:00,1064.794,74.463,0.523,243.756,0.9101,HTTPS,camera
2025-01-01T04:37:00,64.392,34.121,5.235,1.686,0.0,CoAP,env_sensor
2025-01-01T12:11:00,141.67,16.238,3.484,6.578,0.8637,MQTT,actuator
2025-01-01T06:51:00,27.23,159.615,3.286,0.934,2.736,LoRaWAN,smart_meter
2025-01-02T08:15:00,88.088,26.744,3.385,9.529,0.8344,MQTT,env_sensor
2025-01-01T03:57:00,865.438,36.847,1.708,92.176,0.614,HTTPS,camera
2025-01-02T05:35:00,1154.351,62.505,10.787,28.027,1.0322,CoAP,gateway
2025-01-01T06:17:00,85.972,18.243,10.861,9.447,2.065,CoAP,actuator
2025-01-01T06:56:00,646.187,44.26,8.114,134.875,0.0,HTTPS,gateway
2025-01-01T17:13:00,1099.188,21.871,1.529,134.316,0.6026,HTTPS,gateway
2025-01-01T12:13:00,88.103,22.95,0.614,4.552,0.8663,MQTT,env_sensor
2025-01-01T02:10:00,11.703,182.148,0.371,0.838,4.6593,LoRaWAN,smart_meter
2025-01-01T05:02:00,36.674,168.006,2.345,0.128,0.0,LoRaWAN,smart_meter
2025-01-01T06:06:00,115.415,32.096,1.306,2.508,1.5063,MQTT,env_sensor
2025-01-01T15:30:00,2499.945,37.856,3.049,168.852,1.0099,HTTPS,camera
2025-01-02T13:52:00,2069.079,58.959,2.923,24.087,0.6183,HTTPS,camera
2025-01-01T14:46:00,90.707,25.766,9.091,13.068,0.3177,MQTT,actuator
2025-01-02T15:13:00,126.238,19.053,5.533,19.679,0.1561,MQTT,actuator
2025-01-02T08:42:00,313.989,54.957,10.147,32.129,0.9941,CoAP,gateway
2025-01-01T17:28:00,1255.523,49.761,2.847,128.312,0.7588,HTTPS,camera
2025-01-02T04:24:00,90.226,22.412,0.1,6.316,0.3285,MQTT,env_sensor
2025-01-01T03:55:00,18.263,250.854,3.81,0.638,1.2414,LoRaWAN,smart_meter
2025-01-02T00:52:00,1681.772,44.462,6.13,96.589,0.9241,HTTPS,camera
2025-01-02T15:00:00,41.744,225.654,3.439,0.185,1.5001,LoRaWAN,smart_meter
2025-01-01T12:48:00,106.627,2.348,3.211,14.463,1.082,MQTT,actuator
2025-01-01T03:24:00,71.285,21.105,7.81,2.18,1.1395,MQTT,actuator
2025-01-01T20:32:00,20.839,158.636,5.038,0.925,5.1411,LoRaWAN,smart_meter
2025-01-02T06:41:00,96.679,15.15,0.1,8.86,1.8354,MQTT,env_sensor
2025-01-01T04:05:00,1433.281,69.544,3.735,245.139,1.7109,HTTPS,camera
2025-01-02T05:42:00,82.621,54.89,4.334,0.877,1.609,MQTT,env_sensor
2025-01-02T16:58:00,58.216,37.295,1.389,2.758,1.3728,MQTT,env_sensor
2025-01-01T07:37:00,115.505,32.695,12.783,4.41,1.3762,MQTT,actuator
2025-01-02T05:16:00,839.648,83.739,2.159,167.839,0.5166,HTTPS,camera
2025-01-01T04:48:00,1622.973,62.045,9.806,80.019,0.0688,HTTPS,gateway
2025-01-01T14:39:00,2001.686,72.315,4.533,45.555,0.0646,HTTPS,camera
2025-01-02T06:19:00,99.351,25.726,7.336,2.362,1.5607,MQTT,env_sensor
2025-01-02T17:07:00,949.424,53.365,2.666,42.777,0.8911,HTTPS,gateway
2025-01-02T00:57:00,114.645,9.161,1.302,7.245,1.2186,MQTT,actuator
2025-01-01T09:05:00,54.92,14.884,2.566,3.631,0.0442,MQTT,actuator
2025-01-01T22:50:00,43.33,219.039,0.1,0.622,3.8977,LoRaWAN,smart_meter
2025-01-01T23:57:00,57.857,39.157,3.06,0.946,0.6628,HTTPS,env_sensor
2025-01-01T09:37:00,123.099,32.06,5.004,5.974,0.0,MQTT,actuator
2025-01-01T15:06:00,253.362,44.174,12.256,44.63,0.9265,CoAP,gateway
2025-01-01T11:03:00,1594.19,40.785,6.842,62.007,0.0,HTTPS,gateway
2025-01-01T12:10:00,28.459,161.45,2.338,0.554,3.8237,LoRaWAN,smart_meter
2025-01-02T11:51:00,23.744,12.421,5.551,7.466,1.8604,MQTT,env_sensor
2025-01-01T05:40:00,24.825,161.3,3.097,0.663,1.6544,LoRaWAN,smart_meter
2025-01-01T08:40:00,1091.624,64.305,1.27,66.861,1.5556,HTTPS,gateway
2025-01-02T06:31:00,1661.055,52.193,2.793,36.039,0.2237,HTTPS,camera
2025-01-02T02:08:00,1122.326,42.268,8.638,45.42,0.0953,HTTPS,gateway
2025-01-01T04:57:00,104.059,15.373,1.549,4.756,1.8307,MQTT,actuator
2025-01-01T23:57:00,898.454,67.143,7.676,222.592,0.7047,HTTPS,camera
2025-01-01T12:11:00,146.691,14.415,5.411,5.456,1.3304,MQTT,env_sensor
2025-01-01T03:51:00,994.627,64.134,0.1,119.168,0.7334,HTTPS,camera
2025-01-01T15:09:00,1801.984,40.488,3.871,39.525,0.0,HTTPS,camera
2025-01-01T05:08:00,1415.454,96.117,3.381,120.677,0.0,HTTPS,camera
2025-01-01T11:04:00,1897.145,57.723,6.838,115.261,1.0177,HTTPS,camera
2025-01-01T02:37:00,45.492,21.279,4.488,6.803,0.0,MQTT,env_sensor
2025-01-01T07:07:00,1718.208,31.744,3.562,216.382,0.7244,HTTPS,camera
2025-01-01T17:14:00,1055.691,53.912,5.871,45.917,2.0144,CoAP,gateway
2025-01-01T15:10:00,14.166,70.245,2.685,0.629,0.0,HTTPS,smart_meter
2025-01-02T15:56:00,20.108,101.596,1.591,0.569,1.7818,LoRaWAN,smart_meter
2025-01-02T02:14:00,134.963,10.521,4.837,4.66,1.037,MQTT,actuator
2025-01-01T00:26:00,100.736,13.537,1.913,5.493,1.0683,MQTT,env_sensor
2025-01-01T11:30:00,1039.576,58.862,3.831,105.78,0.8585,HTTPS,camera
2025-01-02T07:21:00,23.154,149.141,1.427,0.869,0.8557,LoRaWAN,smart_meter
2025-01-01T17:02:00,92.739,32.411,2.192,2.961,0.0,MQTT,env_sensor
2025-01-02T07:47:00,683.596,50.204,8.949,96.474,0.8679,HTTPS,gateway
2025-01-02T00:08:00,633.058,38.621,5.575,97.554,0.8176,HTTPS,gateway
2025-01-01T16:07:00,1348.886,26.433,12.77,53.805,1.1948,HTTPS,gateway
2025-01-01T12:31:00,61.914,32.018,4.063,5.859,0.7155,MQTT,env_sensor
2025-01-01T11:58:00,343.291,65.889,7.164,51.761,0.2915,HTTPS,camera
2025-01-01T22:57:00,39.238,251.184,3.743,0.222,2.6059,LoRaWAN,smart_meter
2025-01-01T07:18:00,66.479,20.468,6.216,8.469,1.1334,MQTT,env_sensor
2025-01-02T01:09:00,97.684,13.371,1.674,3.399,0.8556,MQTT,env_sensor
2025-01-01T19:33:00,31.173,157.205,3.064,0.05,1.8861,LoRaWAN,smart_meter
2025-01-02T12:58:00,180.279,22.999,5.477,10.381,0.0,MQTT,actuator
2025-01-02T02:02:00,1852.108,82.048,5.367,47.134,1.1832,MQTT,camera
2025-01-01T17:07:00,35.887,150.411,1.267,0.05,4.9628,LoRaWAN,smart_meter
2025-01-01T21:50:00,16.702,121.874,2.292,0.334,6.4019,LoRaWAN,smart_meter
2025-01-01T09:20:00,51.737,149.805,2.768,0.362,0.0,LoRaWAN,smart_meter
2025-01-02T12:11:00,10.796,173.742,2.569,0.46,3.2432,LoRaWAN,smart_meter
2025-01-01T04:06:00,1132.037,79.109,1.227,99.891,0.7346,HTTPS,camera
2025-01-01T13:41:00,2553.428,29.189,3.92,171.024,1.23,HTTPS,camera
2025-01-02T12:17:00,83.503,22.25,3.072,65.042,1.9393,MQTT,gateway
2025-01-01T10:14:00,1146.992,32.031,1.021,137.547,0.8873,HTTPS,camera
2025-01-02T01:26:00,1346.577,40.258,9.286,155.175,0.4951,HTTPS,camera
2025-01-01T07:23:00,26.378,197.351,0.1,0.505,3.7081,LoRaWAN,smart_meter
2025-01-01T11:58:00,1416.042,53.463,10.259,62.528,1.9382,HTTPS,gateway
2025-01-01T01:24:00,30.985,115.864,0.622,0.05,3.3273,LoRaWAN,smart_meter
2025-01-01T04:56:00,2098.922,53.628,2.869,41.811,0.438,HTTPS,camera
2025-01-01T14:25:00,115.768,27.644,6.775,11.419,1.5502,MQTT,actuator
2025-01-02T02:02:00,1201.883,56.625,13.843,50.112,2.2967,HTTPS,gateway
2025-01-02T04:10:00,924.015,52.9,12.585,26.639,2.8737,CoAP,gateway
2025-01-02T14:08:00,625.685,49.093,0.1,55.726,2.1049,MQTT,gateway
2025-01-01T17:45:00,600.053,32.205,7.657,0.05,1.7069,CoAP,gateway
2025-01-02T07:00:00,44.517,9.1,1.739,2.43,0.8059,MQTT,env_sensor
2025-01-01T05:12:00,68.154,25.125,4.602,0.05,0.0,MQTT,env_sensor
2025-01-01T00:32:00,900.801,52.983,6.265,51.018,2.7108,CoAP,gateway
2025-01-02T15:35:00,1785.325,10.866,12.523,30.063,1.2968,CoAP,gateway
2025-01-02T14:26:00,88.673,33.579,0.1,9.303,1.9605,MQTT,actuator
2025-01-02T13:34:00,1078.849,72.43,9.762,183.522,0.4577,HTTPS,camera
2025-01-01T03:44:00,66.279,3.409,11.944,6.003,1.4366,MQTT,actuator
2025-01-02T08:54:00,20.812,114.948,3.939,0.655,0.1563,LoRaWAN,smart_meter
2025-01-01T05:33:00,97.401,44.699,4.21,5.659,1.622,MQTT,env_sensor
2025-01-02T12:03:00,81.135,30.469,0.1,4.461,0.5835,MQTT,env_sensor
2025-01-01T20:09:00,45.471,132.411,1.797,0.329,1.7705,LoRaWAN,smart_meter
2025-01-02T01:23:00,118.069,3.115,7.586,5.839,2.0124,MQTT,actuator
2025-01-01T06:27:00,59.291,8.173,1.936,7.964,1.4911,MQTT,env_sensor
2025-01-02T11:39:00,105.602,18.306,10.725,6.213,0.283,CoAP,actuator
2025-01-01T16:29:00,694.677,37.3,8.955,80.726,1.0057,CoAP,gateway
2025-01-01T20:25:00,1415.883,72.383,8.856,43.747,0.4647,HTTPS,gateway
2025-01-01T17:15:00,127.046,21.536,5.118,1.495,0.3048,MQTT,actuator
2025-01-01T04:25:00,1569.294,17.233,11.886,54.558,0.0,HTTPS,gateway
2025-01-01T22:07:00,115.509,31.132,3.367,5.88,2.0645,MQTT,actuator
2025-01-02T08:55:00,33.657,208.878,4.107,0.178,5.5789,LoRaWAN,smart_meter
2025-01-01T23:25:00,59.601,4.92,2.675,5.929,2.3563,MQTT,env_sensor
2025-01-01T19:54:00,2358.444,65.634,7.123,124.217,1.3555,HTTPS,camera
2025-01-01T17:19:00,75.892,28.16,6.132,10.02,1.2174,MQTT,actuator
2025-01-02T09:01:00,88.414,17.6,5.425,2.853,0.64,MQTT,actuator
2025-01-01T23:29:00,93.242,8.432,0.233,11.276,0.0,MQTT,env_sensor
2025-01-01T08:54:00,19.294,150.106,2.368,0.349,7.4683,LoRaWAN,smart_meter
2025-01-01T18:17:00,1397.578,124.384,9.019,144.187,0.3367,HTTPS,camera
2025-01-01T19:04:00,140.4,6.992,9.497,6.592,1.7724,CoAP,actuator
2025-01-02T16:08:00,156.906,21.279,7.933,3.033,0.5561,MQTT,actuator
2025-01-02T11:35:00,82.338,24.37,2.269,2.649,1.559,MQTT,env_sensor
2025-01-01T00:14:00,49.176,26.82,0.1,6.991,0.848,MQTT,actuator
2025-01-02T17:27:00,1185.784,53.957,9.261,34.076,1.299,MQTT,gateway
2025-01-01T10:50:00,91.86,20.579,5.137,5.749,0.3509,MQTT,actuator
2025-01-01T13:31:00,98.63,21.342,9.824,13.926,0.9913,MQTT,actuator
2025-01-01T18:53:00,23.712,183.725,3.238,0.444,5.9347,LoRaWAN,smart_meter
2025-01-02T01:51:00,24.544,284.717,0.1,0.068,2.2754,LoRaWAN,smart_meter
2025-01-01T11:20:00,1385.301,78.704,8.606,151.812,1.5277,HTTPS,camera
2025-01-02T09:26:00,50.442,14.649,0.629,0.05,0.6961,MQTT,env_sensor
2025-01-01T02:22:00,2480.562,29.301,9.174,253.476,0.5773,HTTPS,camera
2025-01-01T07:38:00,124.259,22.739,7.779,5.215,1.203,MQTT,actuator
2025-01-01T04:04:00,582.729,32.089,15.338,12.918,0.8351,CoAP,gateway
2025-01-01T18:18:00,1356.127,65.82,5.488,97.734,1.0453,HTTPS,gateway
2025-01-01T04:29:00,28.255,165.263,1.931,0.613,4.1281,LoRaWAN,smart_meter
2025-01-01T11:01:00,19.903,152.839,2.096,0.416,4.5163,LoRaWAN,smart_meter
2025-01-01T18:31:00,74.562,15.37,10.851,6.494,0.6951,MQTT,actuator
2025-01-02T09:05:00,1392.832,60.236,3.487,117.889,0.2033,HTTPS,camera
2025-01-01T14:47:00,24.949,237.097,0.233,0.679,1.8615,LoRaWAN,smart_meter
2025-01-02T00:21:00,2487.052,101.496,0.1,153.829,1.1414,HTTPS,camera
2025-01-01T06:08:00,64.28,21.914,3.876,0.05,1.5729,MQTT,env_sensor
2025-01-01T21:41:00,710.367,38.896,6.953,170.938,0.8531,HTTPS,camera
2025-01-02T10:26:00,98.723,1.0,5.008,6.316,0.3792,MQTT,actuator
2025-01-02T09:55:00,29.419,47.763,3.73,0.535,4.594,MQTT,smart_meter
2025-01-01T20:06:00,1770.342,45.783,1.709,77.848,1.0994,HTTPS,gateway
2025-01-02T15:16:00,138.222,19.172,7.381,1.132,0.2413,MQTT,actuator
2025-01-02T16:43:00,1482.335,72.769,4.352,111.083,1.7947,HTTPS,camera
2025-01-01T17:11:00,2649.493,68.158,2.327,20.178,1.3523,HTTPS,camera
2025-01-02T01:24:00,2265.098,43.271,0.979,217.944,0.8269,HTTPS,camera
2025-01-02T08:13:00,31.956,242.824,2.541,0.566,1.8916,LoRaWAN,smart_meter
2025-01-01T13:58:00,48.362,36.99,5.214,10.064,2.2493,MQTT,env_sensor
2025-01-01T12:22:00,81.005,19.788,9.082,8.987,0.0828,MQTT,actuator
2025-01-01T01:15:00,2023.673,34.362,9.57,146.312,1.5399,HTTPS,gateway
2025-01-01T14:11:00,64.658,59.486,9.079,74.507,1.3156,CoAP,gateway
2025-01-02T16:09:00,133.141,25.999,7.084,21.26,0.2265,MQTT,actuator
2025-01-02T08:28:00,36.173,179.914,1.586,0.089,0.8912,LoRaWAN,smart_meter
2025-01-01T23:01:00,2341.406,27.268,2.742,106.113,0.3548,HTTPS,camera
2025-01-01T17:25:00,1992.514,31.988,5.529,210.232,0.9574,HTTPS,camera
2025-01-02T01:04:00,1488.657,42.305,3.169,91.262,0.5251,HTTPS,camera
2025-01-02T08:59:00,1049.869,71.337,13.051,93.486,0.9222,HTTPS,gateway
2025-01-01T23:59:00,64.708,17.805,1.944,1.212,0.8771,MQTT,env_sensor
2025-01-01T03:25:00,35.435,230.843,2.908,0.05,2.322,LoRaWAN,smart_meter
2025-01-01T07:16:00,138.556,31.597,5.513,13.669,0.3964,MQTT,actuator
2025-01-02T13:15:00,10.897,157.711,1.479,0.542,1.0621,LoRaWAN,smart_meter
2025-01-01T00:07:00,124.992,24.194,4.681,6.74,0.0,MQTT,actuator
2025-01-02T10:21:00,172.288,31.621,2.389,94.472,0.0785,HTTPS,gateway
2025-01-01T14:29:00,8.0,16.444,2.429,0.05,1.1649,MQTT,env_sensor
2025-01-01T12:25:00,1035.106,36.17,5.079,159.426,0.1151,HTTPS,camera
2025-01-01T00:01:00,1685.927,75.885,1.379,194.8,0.8441,HTTPS,camera
2025-01-01T05:22:00,30.32,199.734,4.114,0.12,2.0484,LoRaWAN,smart_meter
2025-01-02T05:08:00,118.057,12.1,2.959,4.824,1.4378,MQTT,actuator
2025-01-01T23:32:00,1406.975,102.153,6.362,82.354,0.1702,HTTPS,gateway
2025-01-02T05:33:00,95.165,23.67,5.794,2.207,0.0,MQTT,env_sensor
2025-01-01T03:40:00,1515.712,25.367,3.679,81.121,0.3333,HTTPS,camera
2025-01-02T11:21:00,175.062,28.39,6.361,12.007,0.4091,CoAP,actuator
2025-01-01T04:01:00,1373.519,47.864,8.857,129.53,1.004,HTTPS,camera
2025-01-02T15:51:00,694.124,81.886,7.243,212.207,0.515,HTTPS,camera
2025-01-01T03:01:00,1059.427,54.101,5.017,16.27,0.9363,HTTPS,camera
2025-01-01T04:24:00,106.643,9.45,1.717,0.05,1.8318,MQTT,env_sensor
2025-01-02T08:36:00,1375.524,39.2,8.054,72.529,2.5193,HTTPS,gateway
2025-01-01T19:17:00,3025.943,107.614,5.538,169.161,0.4026,HTTPS,camera
2025-01-02T04:56:00,21.236,87.066,1.198,0.114,5.7366,LoRaWAN,smart_meter
2025-01-01T14:18:00,18.117,96.39,2.236,0.617,0.0,HTTPS,smart_meter
2025-01-02T10:48:00,59.949,23.16,7.411,0.684,0.0,MQTT,actuator
2025-01-02T03:10:00,50.676,12.767,3.187,2.041,0.4933,MQTT,env_sensor
2025-01-02T15:46:00,143.074,5.294,1.669,4.483,1.5442,MQTT,actuator
2025-01-01T21:15:00,76.962,2.856,6.419,13.023,1.0189,MQTT,actuator
2025-01-01T07:45:00,112.144,24.888,4.55,1.004,1.565,MQTT,env_sensor
2025-01-02T16:12:00,115.008,32.18,4.948,8.635,1.329,MQTT,actuator
2025-01-02T01:22:00,16.823,174.785,3.325,0.231,1.1555,MQTT,smart_meter
2025-01-02T00:43:00,78.607,24.651,11.362,6.716,0.9825,CoAP,actuator
2025-01-02T15:52:00,856.32,68.481,6.235,62.338,2.8188,CoAP,gateway
2025-01-02T04:55:00,450.932,68.237,2.875,110.235,1.1795,HTTPS,camera
2025-01-01T11:00:00,1127.628,80.383,0.1,70.375,0.0,HTTPS,camera
2025-01-02T15:45:00,24.866,182.521,0.985,0.823,1.1738,LoRaWAN,smart_meter
2025-01-01T06:51:00,2216.149,36.724,5.885,171.498,0.2178,HTTPS,camera
2025-01-02T04:38:00,182.03,11.678,1.933,0.363,1.1581,MQTT,actuator
2025-01-01T12:53:00,768.475,22.869,6.432,42.896,2.492,CoAP,gateway
2025-01-01T15:49:00,146.029,7.737,8.672,0.835,0.42,MQTT,actuator
2025-01-01T06:54:00,104.294,16.628,2.726,4.948,2.0468,MQTT,env_sensor
2025-01-01T17:31:00,86.343,24.34,3.08,4.431,0.8468,MQTT,env_sensor
2025-01-02T14:38:00,32.857,287.539,3.559,0.615,6.454,LoRaWAN,smart_meter
2025-01-01T06:56:00,31.931,156.79,1.637,0.05,7.4601,LoRaWAN,smart_meter
2025-01-01T01:36:00,24.941,146.241,0.844,0.05,6.3773,LoRaWAN,smart_meter
2025-01-02T00:13:00,2561.809,73.634,6.041,45.796,0.5744,HTTPS,camera
2025-01-01T06:57:00,114.178,8.973,3.726,3.742,0.5696,MQTT,actuator
2025-01-01T00:37:00,1611.564,83.914,2.18,6.642,0.2102,HTTPS,camera
2025-01-02T04:43:00,2051.617,60.238,9.026,283.777,0.4708,HTTPS,camera
2025-01-01T12:21:00,29.678,114.986,2.061,0.05,1.7279,LoRaWAN,smart_meter
2025-01-01T14:46:00,1625.915,39.469,14.007,86.552,0.0,HTTPS,gateway
2025-01-02T16:57:00,51.041,59.49,3.833,3.931,0.3523,MQTT,env_sensor
2025-01-02T01:50:00,14.354,11.04,3.222,0.05,0.6834,LoRaWAN,env_sensor
2025-01-02T10:41:00,1031.635,51.395,11.53,9.483,2.9649,CoAP,gateway
2025-01-02T07:45:00,16.815,42.813,2.039,4.877,1.7177,MQTT,env_sensor
2025-01-01T22:31:00,956.39,11.999,1.08,17.598,0.4014,MQTT,gateway
2025-01-01T04:45:00,123.242,19.1,7.732,6.639,0.7272,CoAP,actuator
2025-01-01T00:06:00,1102.454,42.268,3.66,102.918,1.1361,HTTPS,camera
2025-01-01T04:22:00,13.366,188.511,1.971,0.416,4.8283,LoRaWAN,smart_meter
2025-01-01T06:06:00,50.08,33.453,3.665,33.007,1.7906,MQTT,gateway
2025-01-02T16:07:00,85.73,18.528,1.358,5.006,0.3411,MQTT,env_sensor
2025-01-01T11:06:00,1732.777,56.175,12.161,34.168,1.1783,CoAP,gateway
2025-01-01T18:53:00,132.15,16.639,7.118,7.688,0.0,MQTT,actuator
2025-01-02T08:56:00,93.392,19.233,6.375,8.959,0.7662,MQTT,actuator
2025-01-01T07:39:00,1588.861,19.909,1.529,71.805,0.9572,HTTPS,camera
2025-01-01T06:49:00,92.687,27.143,2.913,2.828,1.8713,MQTT,actuator
2025-01-01T11:52:00,25.072,252.676,1.003,0.591,4.6752,LoRaWAN,smart_meter
2025-01-02T01:44:00,35.564,218.59,3.64,0.05,1.4596,LoRaWAN,smart_meter
2025-01-02T09:21:00,50.401,30.225,5.2,4.382,2.8044,CoAP,env_sensor
2025-01-02T10:11:00,75.242,15.617,2.921,6.886,1.1479,MQTT,actuator
2025-01-01T00:24:00,33.135,218.364,2.606,0.05,3.9371,LoRaWAN,smart_meter
2025-01-01T11:29:00,32.05,211.839,2.682,0.05,1.9287,LoRaWAN,smart_meter
2025-01-01T15:34:00,85.663,5.432,3.795,0.05,1.471,MQTT,env_sensor
2025-01-02T13:11:00,124.095,23.274,8.187,8.481,0.9094,MQTT,actuator
2025-01-01T12:46:00,119.835,22.52,2.566,2.001,0.6862,MQTT,env_sensor
2025-01-01T12:01:00,1740.58,30.408,6.834,112.979,0.6844,HTTPS,gateway
2025-01-02T05:19:00,133.616,21.007,6.021,10.783,0.3204,MQTT,actuator
2025-01-02T17:33:00,20.099,230.582,3.041,0.987,6.5235,LoRaWAN,smart_meter
2025-01-02T13:49:00,31.057,85.526,1.448,0.316,0.0,HTTPS,smart_meter
2025-01-01T12:57:00,104.641,26.086,7.838,5.947,0.0,CoAP,actuator
2025-01-01T04:20:00,28.756,276.347,2.362,0.05,7.8394,LoRaWAN,smart_meter
2025-01-01T14:44:00,1603.304,94.611,3.626,127.535,1.1386,HTTPS,camera
2025-01-02T00:42:00,81.504,31.168,1.314,4.501,3.2136,MQTT,env_sensor
2025-01-02T16:07:00,93.288,22.191,9.143,9.053,0.0,MQTT,actuator
2025-01-01T12:36:00,1625.001,23.033,3.403,23.775,0.3311,HTTPS,camera
2025-01-02T15:48:00,29.519,223.836,1.085,0.93,1.8114,LoRaWAN,smart_meter
2025-01-02T14:49:00,34.155,250.036,4.292,0.327,0.0,LoRaWAN,smart_meter
2025-01-02T04:11:00,43.33,33.404,5.331,11.726,0.0625,MQTT,actuator
2025-01-01T01:13:00,1135.407,26.116,13.399,86.338,1.3053,HTTPS,gateway
2025-01-01T22:18:00,8.0,157.139,0.1,0.746,4.0005,LoRaWAN,smart_meter
2025-01-02T01:13:00,661.317,44.728,10.647,93.372,0.0,HTTPS,gateway
2025-01-02T14:04:00,129.816,15.346,11.748,5.403,1.2792,MQTT,actuator
2025-01-02T08:44:00,1858.77,4.64,2.082,132.805,1.0373,HTTPS,camera
2025-01-01T23:52:00,477.753,51.109,3.862,61.992,0.0,HTTPS,gateway
2025-01-01T18:49:00,142.633,24.273,1.758,11.885,0.0,MQTT,actuator
2025-01-02T13:33:00,65.423,23.112,0.1,6.148,2.0597,MQTT,env_sensor
2025-01-02T01:53:00,24.321,292.921,1.334,0.327,2.3344,LoRaWAN,smart_meter
2025-01-01T22:25:00,1113.577,29.54,5.98,106.114,0.877,HTTPS,gateway
2025-01-02T11:00:00,32.548,176.582,2.569,0.456,0.0,LoRaWAN,smart_meter
2025-01-01T02:42:00,998.04,81.71,1.493,64.012,1.2203,MQTT,gateway
2025-01-02T02:35:00,1493.088,77.068,6.853,106.052,2.2469,HTTPS,camera
2025-01-02T00:47:00,33.763,136.658,2.375,0.44,1.4932,LoRaWAN,smart_meter
2025-01-02T04:28:00,14.947,245.866,1.712,0.21,3.1389,LoRaWAN,smart_meter
2025-01-02T01:42:00,1450.311,87.366,2.853,60.945,2.2324,HTTPS,camera
2025-01-02T09:38:00,1290.757,41.545,0.1,72.557,1.2264,HTTPS,gateway
2025-01-01T15:30:00,1347.836,42.017,8.801,67.74,2.785,HTTPS,gateway
2025-01-01T08:29:00,1071.124,15.645,8.809,83.456,0.0,HTTPS,gateway
2025-01-01T12:38:00,39.187,208.011,4.269,0.614,1.8462,LoRaWAN,smart_meter
2025-01-01T14:17:00,110.349,32.035,3.902,0.05,0.0,MQTT,env_sensor
2025-01-01T19:31:00,16.741,216.976,2.267,0.678,5.9667,LoRaWAN,smart_meter
2025-01-02T06:59:00,27.943,217.312,0.24,1.002,0.0,MQTT,smart_meter
2025-01-01T12:21:00,8.0,84.378,3.648,87.347,0.5806,HTTPS,gateway
2025-01-01T07:21:00,1819.314,37.619,3.148,203.056,0.0646,HTTPS,camera
2025-01-02T07:35:00,2078.384,8.197,5.303,87.047,0.3897,HTTPS,camera
2025-01-02T00:46:00,48.216,21.333,7.837,9.298,1.2914,MQTT,actuator
2025-01-02T02:23:00,19.219,220.447,2.99,0.387,1.6809,LoRaWAN,smart_meter
2025-01-01T10:01:00,27.01,102.136,0.1,0.653,2.3047,LoRaWAN,smart_meter
2025-01-02T02:41:00,21.648,69.215,1.598,0.912,1.4427,MQTT,smart_meter
2025-01-01T22:01:00,1918.639,105.676,0.105,96.341,0.9548,HTTPS,camera
2025-01-02T04:32:00,668.854,43.803,13.835,0.05,0.1713,HTTPS,gateway
2025-01-02T06:25:00,111.651,24.608,3.551,4.519,0.0,MQTT,actuator
2025-01-01T00:08:00,484.421,15.096,13.775,76.707,0.0,HTTPS,gateway
2025-01-02T00:53:00,1206.43,50.373,10.446,79.415,0.0,HTTPS,gateway
2025-01-02T02:45:00,1220.678,55.941,5.55,141.582,0.2993,HTTPS,camera
2025-01-02T11:33:00,2094.806,108.266,5.608,172.31,0.5725,HTTPS,camera
2025-01-01T15:27:00,22.799,147.661,1.859,0.175,4.6357,LoRaWAN,smart_meter
2025-01-02T07:32:00,120.828,27.015,1.713,9.563,1.1188,MQTT,actuator
2025-01-01T08:13:00,385.962,72.912,11.898,81.262,0.3587,HTTPS,gateway
2025-01-02T05:40:00,1905.052,65.479,11.119,129.958,1.6487,CoAP,gateway
2025-01-01T17:49:00,69.818,12.732,4.274,4.508,1.4722,MQTT,env_sensor
2025-01-02T04:12:00,28.154,109.237,0.1,0.46,3.7482,LoRaWAN,smart_meter
2025-01-02T07:04:00,935.722,83.439,4.416,91.414,0.3526,HTTPS,camera
2025-01-02T08:11:00,453.232,78.983,6.396,85.876,1.229,CoAP,gateway
2025-01-01T02:53:00,121.573,27.067,1.512,4.543,0.983,MQTT,actuator
2025-01-02T05:32:00,33.562,220.127,1.334,0.05,4.0413,LoRaWAN,smart_meter
2025-01-01T16:48:00,87.043,40.818,2.344,1.266,0.6616,MQTT,env_sensor
2025-01-01T03:08:00,934.862,45.064,18.114,61.431,0.0041,HTTPS,gateway
2025-01-01T12:50:00,2625.599,67.998,6.126,23.908,0.1092,HTTPS,camera
2025-01-02T16:40:00,105.124,7.446,6.89,15.145,0.0631,MQTT,actuator
2025-01-01T16:39:00,8.0,26.003,2.78,3.638,0.4951,MQTT,env_sensor
2025-01-02T08:25:00,80.074,11.909,8.876,6.646,0.4015,MQTT,actuator
2025-01-01T02:19:00,1640.918,13.616,9.922,0.05,0.6051,HTTPS,gateway
2025-01-01T15:50:00,973.45,40.555,6.567,12.935,2.3465,CoAP,gateway
2025-01-02T02:05:00,1430.015,33.256,4.666,136.323,2.7017,HTTPS,gateway
2025-01-01T03:29:00,1375.53,67.766,3.719,181.773,1.084,HTTPS,camera
2025-01-01T08:55:00,30.09,231.231,4.191,0.212,2.7063,LoRaWAN,smart_meter
2025-01-02T17:31:00,148.425,23.129,0.1,8.259,0.583,MQTT,actuator
2025-01-01T18:21:00,958.508,34.977,18.648,60.329,0.0,HTTPS,gateway
2025-01-01T09:48:00,77.525,51.83,3.745,3.167,0.4398,MQTT,env_sensor
2025-01-01T17:58:00,586.627,76.79,4.928,123.865,2.0239,MQTT,gateway
2025-01-01T21:33:00,140.099,20.965,7.001,2.608,0.5976,MQTT,actuator
2025-01-01T02:37:00,1385.132,27.861,5.006,154.109,0.0,HTTPS,camera
2025-01-01T05:21:00,974.949,54.001,1.011,61.476,1.3449,HTTPS,gateway
2025-01-02T11:38:00,63.754,40.113,3.107,8.829,0.6149,MQTT,env_sensor
2025-01-01T07:09:00,51.715,104.826,2.59,0.537,3.2455,MQTT,smart_meter
2025-01-02T05:49:00,2132.257,21.877,5.571,85.013,0.8173,HTTPS,camera
2025-01-01T04:13:00,33.059,26.164,2.612,2.117,0.0,MQTT,env_sensor
2025-01-02T10:29:00,1388.972,54.862,6.911,113.088,0.5745,HTTPS,camera
2025-01-01T17:39:00,68.652,18.367,0.458,8.73,0.8024,MQTT,actuator
2025-01-01T19:24:00,78.113,6.417,5.179,14.381,2.0734,MQTT,actuator
2025-01-02T04:21:00,68.786,27.756,2.628,7.691,2.4222,MQTT,env_sensor
2025-01-02T16:50:00,1401.684,67.639,3.331,70.528,0.4073,HTTPS,camera
2025-01-01T07:04:00,83.08,26.844,6.024,9.752,0.608,MQTT,actuator
2025-01-02T00:02:00,93.29,18.654,3.122,12.095,1.6809,MQTT,actuator
2025-01-01T02:01:00,95.445,31.413,3.887,2.729,2.0121,MQTT,env_sensor
2025-01-01T15:10:00,181.929,29.932,0.608,6.088,1.8805,MQTT,actuator
2025-01-02T05:21:00,71.002,25.338,3.755,7.751,1.6641,MQTT,env_sensor
2025-01-01T16:30:00,120.177,17.553,5.12,7.719,2.1638,MQTT,actuator
2025-01-02T04:14:00,22.047,316.938,5.62,0.409,5.4158,LoRaWAN,smart_meter
2025-01-01T17:30:00,143.606,22.121,7.364,7.287,0.3553,MQTT,actuator
2025-01-02T07:56:00,47.079,16.784,1.335,11.024,1.2674,MQTT,env_sensor
2025-01-02T02:28:00,8.0,41.087,6.851,65.254,0.0,HTTPS,camera
2025-01-02T16:13:00,105.202,13.424,0.728,3.351,4.0357,MQTT,env_sensor
2025-01-02T14:47:00,727.381,59.507,14.501,72.46,0.0,HTTPS,gateway
2025-01-02T13:15:00,119.717,24.438,2.342,11.387,0.0,MQTT,actuator
2025-01-01T06:15:00,1361.995,122.976,1.668,207.013,0.2872,HTTPS,camera
2025-01-01T20:15:00,1476.439,55.352,12.947,40.727,0.2917,HTTPS,gateway
2025-01-02T11:07:00,716.098,36.198,0.1,65.425,0.3228,HTTPS,gateway
2025-01-02T01:38:00,1028.392,46.71,8.546,22.471,2.1098,CoAP,gateway
2025-01-01T18:08:00,99.056,13.699,5.15,9.438,0.0434,MQTT,actuator
2025-01-01T13:04:00,1464.327,55.342,7.831,23.763,0.8571,HTTPS,gateway
2025-01-02T04:45:00,75.718,6.406,5.343,2.074,1.8299,MQTT,env_sensor
2025-01-01T20:19:00,142.996,19.456,8.516,14.021,1.3162,MQTT,actuator
2025-01-01T23:39:00,37.359,240.861,1.176,1.486,3.94,MQTT,smart_meter
2025-01-01T03:38:00,15.591,221.827,2.811,0.757,0.5321,LoRaWAN,smart_meter
2025-01-02T04:41:00,93.337,27.527,2.2,12.984,1.5651,MQTT,actuator
2025-01-02T10:17:00,21.316,238.151,2.066,0.701,4.935,LoRaWAN,smart_meter
2025-01-02T11:04:00,77.357,42.417,7.087,10.556,1.5074,CoAP,actuator
2025-01-02T13:29:00,136.172,17.386,5.72,2.48,0.339,MQTT,actuator
2025-01-01T16:54:00,74.813,18.486,7.71,8.578,0.7574,MQTT,actuator
2025-01-01T03:51:00,40.984,148.618,4.889,0.597,1.6572,LoRaWAN,smart_meter
2025-01-02T13:29:00,30.58,252.818,5.924,0.971,1.5607,LoRaWAN,smart_meter
2025-01-02T12:06:00,25.455,145.974,1.832,0.356,3.0518,LoRaWAN,smart_meter
2025-01-01T13:54:00,536.639,64.014,2.019,124.775,0.2211,HTTPS,camera
2025-01-01T14:40:00,1188.759,35.425,10.929,27.573,1.2374,CoAP,gateway
2025-01-01T22:55:00,99.035,25.295,8.67,14.687,0.9336,MQTT,actuator
2025-01-01T14:11:00,63.202,23.621,3.204,0.05,1.971,MQTT,env_sensor
2025-01-02T04:53:00,48.753,1.0,6.486,10.561,1.1234,MQTT,actuator
2025-01-01T01:49:00,37.182,275.219,2.648,0.547,1.5109,LoRaWAN,smart_meter
2025-01-02T05:24:00,41.845,201.405,2.273,0.427,1.8666,LoRaWAN,smart_meter
2025-01-01T16:58:00,99.844,18.432,4.273,13.425,1.2348,MQTT,actuator
2025-01-02T16:44:00,26.28,134.528,2.119,0.222,6.2297,LoRaWAN,smart_meter
2025-01-01T02:55:00,8.0,11.703,3.39,9.251,1.4064,MQTT,env_sensor
2025-01-02T17:36:00,133.099,19.059,7.132,8.526,0.0,MQTT,actuator
2025-01-01T05:59:00,1178.872,22.803,0.1,89.949,0.4547,HTTPS,camera
2025-01-01T16:20:00,2210.354,50.147,6.629,34.85,0.7204,HTTPS,gateway
2025-01-01T09:51:00,105.967,23.52,7.141,1.663,0.4368,MQTT,actuator
2025-01-01T06:03:00,160.324,20.816,4.711,7.011,0.4068,MQTT,actuator
2025-01-02T14:52:00,35.507,72.483,0.1,0.457,2.6386,MQTT,smart_meter
2025-01-02T01:36:00,139.063,22.721,3.915,8.121,0.035,MQTT,actuator
2025-01-01T20:06:00,87.985,22.899,4.741,1.161,1.3849,MQTT,actuator
2025-01-01T19:07:00,46.167,17.926,4.168,7.582,0.8652,MQTT,env_sensor
2025-01-01T12:25:00,29.864,194.785,0.1,0.994,3.079,LoRaWAN,smart_meter
2025-01-02T09:18:00,71.693,9.935,8.118,3.59,1.4204,MQTT,actuator
2025-01-02T05:26:00,271.239,28.171,5.48,42.71,0.6297,CoAP,gateway
2025-01-01T12:39:00,88.903,20.54,2.497,0.343,2.015,MQTT,env_sensor
2025-01-01T12:31:00,1847.617,71.104,7.552,146.625,0.2802,HTTPS,camera
2025-01-01T17:29:00,97.655,20.958,8.625,8.757,0.0905,MQTT,actuator
2025-01-02T05:10:00,1037.084,25.291,5.584,0.05,0.0,HTTPS,camera
2025-01-01T05:07:00,2138.537,60.12,7.335,41.999,1.4346,MQTT,camera
2025-01-01T15:14:00,68.497,3.947,1.494,2.794,3.7754,MQTT,env_sensor
2025-01-01T20:29:00,848.302,41.824,10.97,8.792,1.68,CoAP,gateway
2025-01-01T18:58:00,1136.755,48.577,9.925,85.489,1.7466,HTTPS,gateway
2025-01-02T09:42:00,30.199,19.144,3.635,3.943,0.5011,MQTT,env_sensor
2025-01-01T08:06:00,425.356,61.452,6.591,143.965,1.248,CoAP,camera
2025-01-02T04:26:00,132.079,1.399,8.662,115.554,0.8628,MQTT,camera
2025-01-02T01:11:00,1930.272,59.616,6.852,56.454,1.1167,HTTPS,camera
2025-01-01T08:10:00,83.332,23.81,3.437,5.482,1.0885,MQTT,env_sensor
2025-01-02T08:34:00,89.574,14.916,2.349,3.91,1.243,MQTT,env_sensor
2025-01-02T15:50:00,1345.429,35.644,11.509,68.891,0.0,HTTPS,gateway
2025-01-02T08:53:00,75.372,15.599,4.968,10.314,0.0719,MQTT,actuator
2025-01-02T06:57:00,21.306,172.998,4.78,0.505,5.4607,LoRaWAN,smart_meter
2025-01-02T08:22:00,68.046,55.522,0.745,3.706,0.6701,MQTT,env_sensor
2025-01-01T23:27:00,42.938,32.395,5.475,4.043,0.0,MQTT,env_sensor
2025-01-01T03:28:00,83.057,29.668,2.399,7.677,0.0,MQTT,env_sensor
2025-01-02T08:33:00,1265.85,53.274,0.646,112.725,0.9021,HTTPS,camera
2025-01-01T03:11:00,33.921,19.079,4.192,1.355,1.4562,MQTT,actuator
2025-01-02T09:08:00,22.493,212.091,3.58,0.798,3.4948,LoRaWAN,smart_meter
2025-01-02T08:57:00,69.207,24.044,2.666,12.698,1.4322,MQTT,actuator
2025-01-02T10:32:00,34.977,171.746,1.646,0.674,0.0,LoRaWAN,smart_meter
2025-01-02T11:49:00,48.917,11.019,2.376,3.903,0.0,MQTT,env_sensor
2025-01-02T08:19:00,1185.411,80.114,4.726,25.127,0.0,HTTPS,gateway
2025-01-01T07:16:00,29.034,170.169,1.479,0.555,2.9951,LoRaWAN,smart_meter
2025-01-02T08:43:00,1685.693,28.113,3.324,95.636,0.0,HTTPS,camera
2025-01-01T07:11:00,33.846,84.415,5.742,0.996,0.7524,LoRaWAN,smart_meter
2025-01-01T02:14:00,751.527,76.733,12.911,63.481,2.3434,CoAP,gateway
2025-01-02T01:02:00,1094.932,37.787,5.075,15.175,2.1352,CoAP,gateway
2025-01-01T00:01:00,29.925,187.002,1.07,0.105,0.0,LoRaWAN,smart_meter
2025-01-01T14:27:00,381.774,18.33,7.467,28.178,0.929,CoAP,gateway
2025-01-01T01:49:00,108.906,15.735,11.343,6.369,1.8351,MQTT,actuator
2025-01-01T16:20:00,120.503,27.688,2.574,7.902,1.1964,MQTT,actuator
2025-01-02T12:56:00,70.869,18.796,4.156,5.409,0.6205,MQTT,env_sensor
2025-01-01T09:02:00,63.062,19.253,5.849,9.563,0.3978,CoAP,actuator
2025-01-02T02:47:00,123.138,20.219,1.705,9.599,1.0837,MQTT,actuator
2025-01-01T19:21:00,1095.355,1.0,6.042,98.412,0.0,HTTPS,gateway
2025-01-01T16:24:00,71.532,20.643,0.159,0.152,2.5153,MQTT,env_sensor
2025-01-01T23:12:00,1726.863,53.035,0.495,119.143,0.3301,HTTPS,camera
2025-01-01T16:57:00,1990.504,64.851,4.562,165.514,0.5614,HTTPS,camera
2025-01-01T15:01:00,92.364,24.106,6.202,1.705,1.9688,MQTT,env_sensor
2025-01-01T06:48:00,82.771,6.192,8.343,9.704,0.5619,MQTT,actuator
2025-01-01T06:23:00,94.416,46.086,4.832,4.857,0.0361,MQTT,env_sensor
2025-01-01T18:28:00,65.281,1.0,1.804,3.853,3.1574,MQTT,env_sensor
2025-01-02T06:06:00,10.984,137.868,2.209,0.216,4.1657,LoRaWAN,smart_meter
2025-01-02T04:16:00,97.718,10.337,0.616,0.323,1.6161,MQTT,actuator
2025-01-02T03:12:00,22.976,168.725,0.1,0.819,6.8183,LoRaWAN,smart_meter
2025-01-01T09:07:00,115.425,22.598,3.78,11.111,0.2153,MQTT,actuator
2025-01-01T19:07:00,141.297,18.097,4.561,11.464,0.2122,MQTT,actuator
2025-01-01T14:52:00,84.807,40.785,3.638,4.571,0.7265,MQTT,env_sensor
2025-01-01T22:20:00,1132.582,82.219,2.564,36.696,0.7404,HTTPS,camera
2025-01-02T13:46:00,26.019,144.455,4.068,0.113,0.8394,LoRaWAN,smart_meter
2025-01-01T00:45:00,645.81,50.502,4.932,0.05,0.9955,HTTPS,gateway
2025-01-02T13:25:00,17.862,156.37,2.841,0.701,4.7376,LoRaWAN,smart_meter
2025-01-01T13:42:00,696.836,29.849,11.61,53.042,0.2707,HTTPS,gateway
2025-01-02T04:21:00,106.828,16.661,3.892,11.666,2.2731,MQTT,actuator
2025-01-02T04:33:00,142.014,25.311,7.34,11.037,0.8319,MQTT,actuator
2025-01-01T08:11:00,1321.605,40.987,8.991,0.05,1.0156,CoAP,gateway
2025-01-01T09:53:00,63.953,20.161,4.388,7.014,0.3091,MQTT,env_sensor
2025-01-01T15:04:00,30.157,352.154,1.335,0.205,0.0,HTTPS,smart_meter
2025-01-02T09:34:00,17.391,162.523,3.235,0.528,0.0,LoRaWAN,smart_meter
2025-01-01T03:50:00,745.447,67.239,18.827,37.418,0.4381,CoAP,gateway
2025-01-02T16:28:00,27.258,228.093,1.203,0.421,2.1896,LoRaWAN,smart_meter
2025-01-01T00:18:00,79.043,11.142,3.831,2.464,1.2357,MQTT,env_sensor
2025-01-01T20:18:00,1744.256,94.125,4.05,0.05,0.0,HTTPS,camera
2025-01-02T17:34:00,110.44,16.518,3.179,3.173,0.5486,MQTT,env_sensor
2025-01-01T03:24:00,140.636,41.661,8.082,32.499,0.0,MQTT,gateway
2025-01-01T08:12:00,80.278,6.166,2.742,6.987,0.7081,MQTT,actuator
2025-01-01T21:03:00,536.22,65.003,7.928,53.868,0.0,HTTPS,gateway
2025-01-02T16:10:00,1399.484,54.194,2.662,168.202,0.0,HTTPS,camera
2025-01-01T19:00:00,1951.125,1.0,11.37,70.053,0.4916,HTTPS,camera
2025-01-02T05:51:00,91.039,20.153,3.752,9.041,0.0,MQTT,actuator
2025-01-02T00:33:00,30.759,195.113,2.271,0.721,1.3,LoRaWAN,smart_meter
2025-01-01T10:31:00,540.81,41.28,0.579,64.828,1.3142,HTTPS,gateway
2025-01-01T06:41:00,19.115,209.754,2.423,0.332,0.0,LoRaWAN,smart_meter
2025-01-01T06:17:00,89.55,19.318,1.641,14.582,0.1742,MQTT,env_sensor
2025-01-02T15:34:00,35.811,138.139,0.1,0.455,4.5376,LoRaWAN,smart_meter
2025-01-01T21:02:00,33.808,158.158,0.334,0.253,3.8336,LoRaWAN,smart_meter
2025-01-02T16:36:00,128.763,87.238,2.041,101.097,0.7411,HTTPS,camera
2025-01-02T14:44:00,108.399,8.836,0.1,4.063,1.2024,MQTT,env_sensor
2025-01-02T16:21:00,611.834,44.549,3.333,115.949,2.0148,MQTT,gateway
2025-01-01T07:53:00,119.532,26.376,7.886,8.997,1.3494,MQTT,actuator
2025-01-02T02:17:00,111.502,3.74,8.421,7.332,0.6438,CoAP,actuator
2025-01-01T13:43:00,886.452,21.025,12.745,63.578,1.128,CoAP,gateway
2025-01-02T08:28:00,1050.403,61.843,1.745,114.931,0.0,HTTPS,camera
2025-01-02T01:45:00,38.791,154.876,2.411,0.946,0.0,LoRaWAN,smart_meter
2025-01-02T10:13:00,60.095,11.751,7.413,6.407,0.0287,CoAP,actuator
2025-01-02T04:08:00,32.668,287.741,1.761,0.199,0.0,LoRaWAN,smart_meter
2025-01-01T18:43:00,54.415,18.42,4.508,1.084,2.8631,MQTT,env_sensor
2025-01-01T15:16:00,3015.142,106.457,8.553,178.962,0.7074,HTTPS,camera
2025-01-01T00:37:00,84.082,27.485,3.985,8.095,0.0,MQTT,env_sensor
2025-01-01T04:26:00,111.257,23.945,10.056,8.259,0.1014,MQTT,actuator
2025-01-02T13:36:00,2397.367,52.382,0.1,124.327,0.0,HTTPS,camera
2025-01-01T01:08:00,59.648,24.265,4.19,1.423,0.0,MQTT,env_sensor
2025-01-02T02:32:00,54.588,33.056,4.35,8.395,2.3778,MQTT,env_sensor
2025-01-02T13:49:00,66.994,20.868,3.01,4.242,1.5549,MQTT,env_sensor
2025-01-01T07:12:00,117.516,19.771,6.556,7.344,0.0,MQTT,actuator
2025-01-02T09:18:00,1629.549,58.045,3.899,70.462,0.7278,HTTPS,camera
2025-01-02T09:51:00,2133.18,46.281,4.582,111.986,0.2481,HTTPS,camera
2025-01-02T14:34:00,2306.47,38.141,1.616,106.078,1.2265,HTTPS,camera
2025-01-02T04:04:00,8.0,42.957,0.601,7.768,1.2424,MQTT,env_sensor
2025-01-02T05:23:00,37.282,197.135,0.485,0.578,3.1531,LoRaWAN,smart_meter
2025-01-01T16:08:00,881.174,75.141,9.182,118.978,1.0279,CoAP,camera
2025-01-01T22:29:00,143.671,13.139,3.577,11.663,0.0,MQTT,actuator
2025-01-02T04:46:00,267.651,53.646,16.493,100.037,0.7169,HTTPS,gateway
2025-01-01T23:45:00,1240.068,91.641,0.1,66.785,0.6828,HTTPS,camera
2025-01-01T00:51:00,67.763,46.102,3.61,22.897,2.26,MQTT,gateway
2025-01-01T07:33:00,920.586,61.264,0.309,213.84,0.4856,HTTPS,camera
2025-01-01T11:52:00,1359.981,53.276,0.828,91.715,1.8437,HTTPS,camera
2025-01-01T08:57:00,811.081,62.451,0.1,0.05,0.885,HTTPS,camera
2025-01-02T04:13:00,8.0,23.263,3.11,1.579,2.4236,MQTT,env_sensor
2025-01-02T04:18:00,42.793,26.527,3.024,4.589,0.0,MQTT,env_sensor
2025-01-01T05:24:00,93.114,23.427,4.935,9.905,0.7824,MQTT,env_sensor
2025-01-01T00:17:00,1047.935,93.37,13.327,0.05,0.9967,HTTPS,gateway
2025-01-01T10:21:00,108.152,38.147,4.179,1.296,1.8414,MQTT,env_sensor
2025-01-01T03:39:00,19.175,128.626,0.1,0.241,1.7912,LoRaWAN,smart_meter
2025-01-02T12:51:00,1395.87,54.981,7.405,191.677,0.6566,HTTPS,camera
2025-01-01T03:15:00,16.131,156.648,0.1,0.25,2.2781,LoRaWAN,smart_meter
2025-01-01T11:56:00,39.787,153.883,1.263,0.498,0.0,LoRaWAN,smart_meter
2025-01-02T05:20:00,1301.725,41.791,8.473,84.626,2.1767,HTTPS,gateway
2025-01-01T22:13:00,75.69,14.199,7.744,9.289,0.0,MQTT,actuator
2025-01-01T03:33:00,83.362,41.95,5.734,1.074,0.913,CoAP,env_sensor
2025-01-02T04:24:00,457.364,52.068,8.576,82.525,0.6088,HTTPS,gateway
2025-01-02T03:20:00,1375.25,95.196,2.466,78.61,0.2698,HTTPS,camera
2025-01-01T04:47:00,1454.924,60.381,5.31,267.046,0.9401,HTTPS,camera
2025-01-01T17:05:00,117.632,14.946,8.566,14.489,0.2268,MQTT,actuator
2025-01-01T22:08:00,1376.336,61.257,6.008,17.739,1.2929,CoAP,gateway
2025-01-02T12:53:00,17.73,284.269,1.428,0.229,5.7418,LoRaWAN,smart_meter
2025-01-01T17:40:00,1457.161,50.534,2.105,229.724,0.0,HTTPS,camera
2025-01-02T02:26:00,1331.528,24.317,9.321,22.939,1.6112,MQTT,gateway
2025-01-01T08:25:00,1553.156,53.03,4.67,182.626,1.2362,HTTPS,camera
2025-01-01T08:15:00,2256.802,21.69,6.012,76.487,0.6153,HTTPS,camera
2025-01-02T06:34:00,46.644,222.573,0.201,0.351,7.4424,LoRaWAN,smart_meter
2025-01-01T17:22:00,46.093,49.976,3.71,4.627,0.4631,MQTT,env_sensor
2025-01-01T07:05:00,29.071,37.863,3.675,5.47,1.4596,MQTT,env_sensor
2025-01-01T07:51:00,115.898,34.791,3.739,11.434,2.0097,MQTT,env_sensor
2025-01-01T01:21:00,124.837,19.172,4.993,9.57,1.258,MQTT,actuator
2025-01-01T09:05:00,29.861,286.825,0.146,0.142,3.3386,MQTT,smart_meter
2025-01-01T15:03:00,1929.411,75.397,7.012,140.48,0.7911,HTTPS,camera
2025-01-02T11:14:00,23.152,144.912,1.506,0.717,6.1856,LoRaWAN,smart_meter
2025-01-01T17:39:00,30.485,22.817,4.988,3.098,0.8818,MQTT,env_sensor
2025-01-01T21:40:00,2582.007,53.122,6.992,159.319,0.581,HTTPS,camera
2025-01-02T02:24:00,69.032,32.302,0.1,6.663,1.0922,MQTT,env_sensor
2025-01-01T00:56:00,25.677,124.714,2.177,0.761,2.6055,LoRaWAN,smart_meter
2025-01-01T02:54:00,119.528,18.404,9.277,11.21,0.1799,MQTT,actuator
2025-01-02T02:27:00,1723.129,39.053,4.164,26.056,1.4446,HTTPS,gateway
2025-01-02T06:19:00,795.162,82.059,6.866,34.631,0.7283,CoAP,gateway
2025-01-01T00:45:00,1417.465,49.248,3.735,1.023,1.0812,MQTT,camera
2025-01-01T10:08:00,30.484,192.77,0.316,0.464,4.5649,LoRaWAN,smart_meter
2025-01-02T05:30:00,33.448,17.886,2.997,5.609,0.5761,MQTT,env_sensor
2025-01-02T07:12:00,114.725,6.938,8.093,0.05,1.3504,MQTT,actuator
2025-01-02T04:39:00,111.746,18.333,3.782,3.711,0.7626,MQTT,actuator
2025-01-02T15:17:00,54.877,45.372,3.679,2.633,1.0265,MQTT,env_sensor
2025-01-01T13:52:00,25.74,174.407,2.015,0.337,6.143,LoRaWAN,smart_meter
2025-01-01T12:34:00,69.145,14.101,2.516,7.728,2.4253,MQTT,env_sensor
2025-01-01T12:37:00,36.046,11.183,11.543,14.184,1.509,MQTT,actuator
2025-01-02T05:21:00,2956.756,38.574,7.381,127.849,0.2464,HTTPS,camera
2025-01-01T14:23:00,116.788,17.054,4.366,1.931,0.6144,MQTT,env_sensor
2025-01-01T00:15:00,1450.122,46.638,10.224,57.137,0.6449,HTTPS,gateway
2025-01-01T06:45:00,30.975,224.217,5.066,0.069,2.3084,LoRaWAN,smart_meter
2025-01-02T09:02:00,1934.634,87.97,4.407,63.781,0.0,HTTPS,camera
2025-01-02T04:53:00,916.218,103.127,5.364,177.882,0.4888,HTTPS,camera
2025-01-02T11:15:00,135.073,9.95,9.886,10.965,0.6923,CoAP,actuator
2025-01-01T09:16:00,1841.568,64.484,7.502,119.028,1.8144,HTTPS,gateway
2025-01-02T16:56:00,71.618,16.43,0.1,1.849,1.5742,MQTT,env_sensor
2025-01-01T18:19:00,91.018,9.479,8.363,14.398,0.8144,MQTT,actuator
2025-01-01T23:21:00,613.214,59.393,6.328,48.279,1.0156,CoAP,gateway
2025-01-02T04:15:00,33.333,204.889,3.911,0.215,2.2161,LoRaWAN,smart_meter
2025-01-01T14:31:00,33.742,130.606,1.719,0.597,1.9553,LoRaWAN,smart_meter
2025-01-02T12:06:00,133.907,16.304,10.33,12.471,1.6175,MQTT,actuator
2025-01-01T15:19:00,139.871,26.402,1.418,12.231,1.2164,MQTT,actuator
2025-01-01T16:08:00,100.176,12.873,8.567,8.674,0.0,MQTT,actuator
2025-01-01T11:15:00,1790.601,86.969,2.002,49.565,0.4878,HTTPS,camera
2025-01-02T14:16:00,26.291,238.249,1.177,0.513,4.1606,LoRaWAN,smart_meter
2025-01-01T00:52:00,2096.392,53.141,7.599,55.172,0.7751,HTTPS,camera
2025-01-02T10:50:00,842.803,29.576,12.223,72.499,1.1942,CoAP,gateway
2025-01-01T20:08:00,73.912,36.105,0.72,0.05,0.0,MQTT,env_sensor
2025-01-01T01:06:00,23.254,102.345,3.738,0.05,3.9405,LoRaWAN,smart_meter
2025-01-01T07:12:00,198.666,36.423,4.916,66.439,1.8967,MQTT,gateway
2025-01-01T16:46:00,27.126,172.741,1.311,0.889,2.8396,LoRaWAN,smart_meter
2025-01-02T13:14:00,39.363,178.415,0.321,0.05,6.1673,LoRaWAN,smart_meter
2025-01-01T02:07:00,640.462,48.203,11.128,80.474,1.4583,CoAP,gateway
2025-01-01T22:05:00,113.454,11.922,4.172,1.647,1.1566,MQTT,env_sensor
2025-01-01T18:16:00,65.504,7.747,3.389,4.7,0.0,MQTT,env_sensor
2025-01-01T20:38:00,79.793,19.906,3.107,8.319,2.5974,MQTT,env_sensor
2025-01-01T22:10:00,21.947,111.043,2.32,0.512,2.8197,LoRaWAN,smart_meter
2025-01-02T07:39:00,1876.65,89.068,1.728,133.39,0.0,HTTPS,camera
2025-01-01T11:45:00,92.512,15.119,5.108,8.771,1.1947,MQTT,actuator
2025-01-02T11:17:00,126.253,20.385,11.486,4.885,0.3983,MQTT,actuator
2025-01-02T12:04:00,803.751,21.172,1.373,2.432,0.3762,MQTT,camera
2025-01-02T02:14:00,36.619,108.854,3.728,0.398,2.0389,LoRaWAN,smart_meter
2025-01-02T01:12:00,119.062,1.0,0.1,3.212,0.9129,MQTT,env_sensor
2025-01-01T07:27:00,26.255,21.874,6.782,11.52,0.6157,MQTT,actuator
2025-01-01T04:01:00,35.835,105.331,3.59,0.185,2.4461,LoRaWAN,smart_meter
2025-01-02T07:04:00,90.44,30.718,4.167,3.947,1.5038,MQTT,env_sensor
2025-01-01T09:42:00,1498.058,32.263,8.92,120.304,0.9565,HTTPS,camera
2025-01-01T21:18:00,1505.338,15.077,3.657,19.82,1.7332,MQTT,gateway
2025-01-02T05:05:00,63.805,5.649,5.988,6.239,1.6785,MQTT,actuator
2025-01-01T16:52:00,25.635,143.065,2.674,0.137,5.3633,LoRaWAN,smart_meter
2025-01-01T02:17:00,498.91,46.811,6.914,136.812,0.824,HTTPS,gateway
2025-01-01T02:33:00,100.566,18.011,6.797,7.476,0.0,MQTT,actuator
2025-01-02T10:35:00,1671.821,77.241,7.952,60.389,0.5609,HTTPS,camera
2025-01-02T13:46:00,150.201,28.732,6.797,12.386,0.0,MQTT,actuator
2025-01-01T18:27:00,109.54,17.0,8.629,7.982,1.7304,MQTT,actuator
2025-01-01T20:33:00,73.051,10.766,7.157,7.971,0.603,CoAP,actuator
2025-01-02T03:58:00,142.072,7.772,7.415,0.877,1.355,CoAP,actuator
2025-01-01T23:18:00,199.737,38.319,8.835,0.05,0.7922,MQTT,gateway
2025-01-02T05:57:00,2057.087,26.63,9.967,59.727,0.6184,HTTPS,camera
2025-01-02T15:57:00,59.621,11.927,3.264,3.669,0.7721,MQTT,env_sensor
2025-01-01T15:39:00,14.334,160.011,1.702,0.05,1.9839,LoRaWAN,smart_meter
2025-01-02T13:27:00,231.604,20.043,0.1,230.989,0.914,HTTPS,camera
2025-01-02T15:06:00,1532.51,33.805,8.052,91.538,1.5226,HTTPS,gateway
2025-01-02T09:47:00,24.383,78.545,3.854,0.45,3.91,LoRaWAN,smart_meter
2025-01-01T16:30:00,69.169,8.172,6.408,0.561,0.0,MQTT,env_sensor
2025-01-02T17:20:00,8.0,66.453,6.816,55.5,1.1466,MQTT,gateway
2025-01-01T21:41:00,173.517,28.326,6.405,10.155,1.2112,MQTT,actuator
2025-01-01T04:15:00,1804.155,30.788,4.888,83.499,0.1634,HTTPS,camera
2025-01-01T20:28:00,2835.396,65.798,0.1,104.0,1.0262,HTTPS,camera
2025-01-01T02:48:00,2235.818,68.144,0.1,84.594,0.5381,HTTPS,camera
2025-01-01T10:14:00,663.13,33.158,16.052,0.05,1.1468,CoAP,gateway
2025-01-01T21:45:00,1732.684,88.376,3.758,8.765,0.0,HTTPS,camera
2025-01-01T06:04:00,104.219,19.472,11.813,10.566,1.2668,MQTT,actuator
2025-01-02T02:55:00,1123.331,64.224,10.518,13.02,1.0121,CoAP,gateway
2025-01-01T01:26:00,789.416,111.077,7.587,0.05,0.702,CoAP,camera
2025-01-01T06:21:00,19.935,214.429,2.522,0.388,0.689,LoRaWAN,smart_meter
2025-01-01T05:36:00,1511.353,39.37,6.234,93.78,0.8588,HTTPS,camera
2025-01-02T17:25:00,1812.262,32.769,1.143,162.462,0.1809,HTTPS,camera
2025-01-01T17:08:00,99.135,24.662,8.151,14.147,0.8812,CoAP,actuator
2025-01-01T19:37:00,24.374,135.185,2.781,0.601,4.0665,LoRaWAN,smart_meter
2025-01-01T22:52:00,1821.375,37.377,1.081,108.183,1.0557,HTTPS,camera
2025-01-01T23:11:00,26.989,114.132,1.366,0.605,1.9831,LoRaWAN,smart_meter
2025-01-02T14:17:00,61.1,15.906,1.162,5.679,1.6955,MQTT,env_sensor
2025-01-01T20:05:00,71.874,30.806,7.278,5.444,1.3241,MQTT,actuator
2025-01-01T03:43:00,23.67,213.963,1.491,0.881,7.8553,LoRaWAN,smart_meter
2025-01-01T01:51:00,42.051,22.794,4.79,9.267,0.2535,MQTT,env_sensor
2025-01-01T15:24:00,77.114,20.622,6.638,3.094,1.745,MQTT,actuator
2025-01-01T12:38:00,89.955,10.053,3.177,12.448,0.3178,MQTT,actuator
2025-01-01T13:32:00,1178.008,67.022,2.334,131.118,0.7021,HTTPS,camera
2025-01-02T08:14:00,1319.845,90.819,7.966,121.821,0.0746,HTTPS,camera
2025-01-01T10:30:00,1050.837,66.203,0.1,119.735,0.6466,HTTPS,camera
2025-01-01T14:04:00,2092.764,84.852,7.39,156.673,0.6534,HTTPS,camera
2025-01-02T10:46:00,110.907,21.246,8.264,10.852,0.568,MQTT,actuator
2025-01-02T17:13:00,98.893,10.078,7.536,3.253,0.2998,MQTT,actuator
2025-01-01T06:44:00,1345.199,25.693,10.766,69.609,0.0942,HTTPS,gateway
2025-01-01T03:08:00,2283.17,61.907,0.1,126.343,1.2629,HTTPS,camera
2025-01-01T06:07:00,64.556,35.395,3.029,1.75,1.2504,MQTT,env_sensor
2025-01-01T14:59:00,2001.767,49.183,3.487,194.211,0.4662,HTTPS,camera
2025-01-01T17:00:00,89.221,23.814,3.479,10.814,1.3188,MQTT,actuator
2025-01-01T06:53:00,1668.59,88.98,2.476,86.652,0.553,HTTPS,camera
2025-01-01T13:37:00,28.95,118.276,0.1,0.716,5.0707,LoRaWAN,smart_meter
2025-01-01T23:03:00,2147.327,57.207,4.484,69.185,0.2471,HTTPS,camera
2025-01-01T06:01:00,23.354,93.441,0.551,0.714,5.7463,LoRaWAN,smart_meter
2025-01-02T09:59:00,115.944,4.028,5.26,6.771,0.0,CoAP,actuator
2025-01-02T05:38:00,23.444,180.967,2.72,0.396,4.4541,LoRaWAN,smart_meter
2025-01-02T17:17:00,1443.152,68.185,2.904,170.523,0.8881,HTTPS,camera
2025-01-01T09:06:00,34.738,189.573,3.844,0.824,3.7954,MQTT,smart_meter
2025-01-01T06:41:00,296.607,67.287,4.961,36.764,0.0,HTTPS,gateway
2025-01-01T05:35:00,1081.23,63.48,5.832,45.224,0.2367,HTTPS,gateway
2025-01-01T08:27:00,12.658,181.802,6.544,0.509,2.0739,LoRaWAN,smart_meter
2025-01-01T01:01:00,174.05,24.476,6.914,12.062,0.0,CoAP,actuator
2025-01-01T14:09:00,111.338,24.448,8.844,15.725,1.6893,MQTT,actuator
2025-01-01T12:50:00,344.446,32.339,0.1,52.536,0.0,HTTPS,gateway
2025-01-01T22:35:00,98.757,20.055,6.518,6.395,0.4524,MQTT,actuator
2025-01-01T16:17:00,29.45,223.631,0.1,0.187,3.997,LoRaWAN,smart_meter
2025-01-01T15:51:00,1523.566,14.541,5.565,52.32,0.0,HTTPS,gateway
2025-01-01T12:34:00,274.578,37.972,10.928,63.281,0.2484,HTTPS,gateway
2025-01-02T09:27:00,1275.141,61.091,4.57,0.05,0.0,HTTPS,gateway
2025-01-01T22:54:00,142.185,24.244,9.283,11.712,0.9057,MQTT,actuator
2025-01-02T03:23:00,126.078,38.346,4.201,3.951,0.7805,MQTT,env_sensor
2025-01-01T05:49:00,36.16,97.046,3.322,0.062,2.4504,LoRaWAN,smart_meter
2025-01-01T11:02:00,1916.036,32.943,0.109,200.439,1.2643,HTTPS,camera
2025-01-02T11:09:00,57.955,37.533,1.776,4.154,3.0166,MQTT,env_sensor
2025-01-01T08:30:00,1240.836,23.133,8.087,61.856,0.594,HTTPS,gateway
2025-01-01T05:20:00,81.188,13.779,10.818,15.897,0.2146,CoAP,actuator
2025-01-02T12:57:00,83.622,7.375,1.501,10.73,0.3439,MQTT,env_sensor
2025-01-01T16:30:00,1799.28,46.804,1.121,90.817,0.0,HTTPS,camera
2025-01-02T06:12:00,52.909,25.178,2.53,5.033,1.4875,MQTT,env_sensor
2025-01-01T04:09:00,580.686,44.273,4.505,63.836,0.8407,HTTPS,gateway
2025-01-01T00:11:00,32.118,319.035,2.786,0.613,3.7732,LoRaWAN,smart_meter
2025-01-02T16:18:00,130.453,7.398,9.975,1.584,1.3693,CoAP,actuator
2025-01-01T22:07:00,19.932,215.781,1.599,0.136,6.0677,LoRaWAN,smart_meter
2025-01-02T05:12:00,167.665,21.75,5.957,12.232,0.5125,CoAP,actuator
2025-01-02T16:59:00,19.602,205.543,3.219,0.477,3.9337,LoRaWAN,smart_meter
2025-01-01T01:57:00,34.118,145.826,1.243,0.482,2.2502,LoRaWAN,smart_meter
2025-01-02T03:42:00,1233.331,35.045,7.292,29.263,0.646,HTTPS,gateway
2025-01-02T17:03:00,72.451,26.81,0.807,0.675,1.9067,MQTT,env_sensor
2025-01-02T02:26:00,21.662,39.104,3.229,0.923,1.7448,MQTT,smart_meter
2025-01-01T16:41:00,380.878,63.993,11.371,21.729,0.124,CoAP,gateway
2025-01-01T14:14:00,19.202,122.684,7.401,0.05,2.7954,LoRaWAN,smart_meter
2025-01-02T09:57:00,78.335,21.865,0.1,1.496,1.9348,MQTT,env_sensor
2025-01-01T12:00:00,18.269,115.222,3.049,0.05,6.2392,LoRaWAN,smart_meter
2025-01-02T08:59:00,25.623,227.929,2.17,0.485,3.7023,LoRaWAN,smart_meter
2025-01-01T20:45:00,30.941,277.022,0.271,0.569,3.2576,LoRaWAN,smart_meter
2025-01-02T01:18:00,1581.079,43.156,4.347,182.738,0.0,HTTPS,camera
2025-01-02T09:21:00,24.512,285.805,1.376,0.745,0.0,LoRaWAN,smart_meter
2025-01-01T07:45:00,39.836,198.435,0.1,0.384,0.8138,LoRaWAN,smart_meter
2025-01-01T02:08:00,132.542,10.698,2.755,12.329,0.6036,MQTT,actuator
2025-01-02T09:24:00,132.763,14.872,0.1,7.476,0.5344,MQTT,actuator
2025-01-01T23:34:00,44.83,13.024,2.772,0.163,1.2954,MQTT,env_sensor
2025-01-01T05:06:00,62.205,32.018,4.192,2.354,1.4869,MQTT,env_sensor
2025-01-02T12:45:00,8.0,31.414,7.099,17.494,1.6397,MQTT,gateway
2025-01-01T16:31:00,86.347,40.512,3.601,0.05,0.0,MQTT,env_sensor
2025-01-01T14:18:00,448.924,21.218,7.683,20.603,1.3882,CoAP,camera
2025-01-02T10:53:00,1042.612,56.514,1.46,112.103,0.6209,HTTPS,gateway
2025-01-02T08:08:00,775.322,67.462,6.546,249.54,0.9181,HTTPS,camera
2025-01-01T14:21:00,8.0,71.495,14.797,64.933,1.2104,MQTT,gateway
2025-01-01T04:27:00,120.391,17.813,4.635,3.553,0.0325,MQTT,actuator
2025-01-02T14:19:00,721.834,60.773,8.859,20.884,1.1413,CoAP,gateway
2025-01-01T10:26:00,758.795,28.871,3.737,0.05,1.4385,MQTT,gateway
2025-01-02T05:31:00,40.902,22.961,0.133,0.793,0.1872,MQTT,env_sensor
2025-01-01T19:06:00,474.211,47.949,6.456,85.826,0.4289,HTTPS,gateway
2025-01-02T04:35:00,126.063,16.385,4.561,10.38,0.6044,MQTT,actuator
2025-01-02T09:58:00,852.456,60.041,5.168,175.614,1.3689,CoAP,camera
2025-01-02T09:44:00,36.262,247.817,2.639,0.949,3.7979,LoRaWAN,smart_meter
2025-01-02T06:08:00,1720.42,53.322,6.277,69.393,2.1838,HTTPS,gateway
2025-01-01T10:33:00,808.749,22.802,13.247,19.074,1.1471,MQTT,gateway
2025-01-02T15:27:00,41.975,250.576,3.173,0.537,1.7086,LoRaWAN,smart_meter
2025-01-01T03:31:00,1034.218,37.278,7.717,39.339,0.0,HTTPS,gateway
2025-01-01T19:14:00,124.15,23.075,5.858,9.067,0.9866,MQTT,actuator
2025-01-02T01:35:00,327.451,51.488,15.759,57.13,0.5683,HTTPS,gateway
2025-01-02T15:59:00,38.506,31.399,3.07,1.459,0.0,MQTT,env_sensor
2025-01-01T03:12:00,34.225,177.956,1.629,0.149,4.8925,MQTT,smart_meter
2025-01-01T13:56:00,2753.129,78.327,3.342,98.484,0.6299,HTTPS,camera
2025-01-01T12:45:00,142.617,15.577,8.331,13.088,0.1565,MQTT,actuator
2025-01-01T06:39:00,666.233,45.968,7.895,153.676,1.0798,CoAP,gateway
2025-01-01T08:25:00,699.305,73.554,4.398,42.518,2.1387,CoAP,gateway
2025-01-01T23:24:00,68.071,36.17,5.02,3.6,1.3605,MQTT,env_sensor
2025-01-01T15:05:00,1527.291,82.426,13.261,92.27,3.1386,HTTPS,gateway
2025-01-02T09:31:00,75.616,26.43,2.081,5.709,0.4767,MQTT,env_sensor
2025-01-02T10:27:00,157.084,17.839,7.485,6.766,0.6849,MQTT,actuator
2025-01-01T23:14:00,87.174,19.03,9.097,8.45,0.0,CoAP,actuator
2025-01-01T11:29:00,137.537,27.578,9.792,4.635,1.1506,MQTT,actuator
2025-01-02T12:55:00,25.738,68.733,2.088,0.222,1.3718,MQTT,smart_meter
2025-01-01T19:42:00,1727.844,59.837,8.938,36.301,0.7235,HTTPS,camera
2025-01-01T19:37:00,646.19,23.625,6.875,135.669,0.2671,CoAP,gateway
2025-01-01T05:48:00,9.576,114.355,0.814,0.754,0.0,LoRaWAN,smart_meter
2025-01-02T05:54:00,64.747,46.202,3.426,6.782,0.7751,MQTT,env_sensor
2025-01-01T14:28:00,3112.351,83.907,4.102,161.403,0.0,HTTPS,camera
2025-01-01T10:29:00,8.0,67.676,5.537,29.244,0.9029,HTTPS,camera
2025-01-02T08:54:00,1420.777,43.975,0.1,120.129,1.1869,HTTPS,camera
2025-01-01T14:33:00,47.448,191.072,4.061,0.691,2.1339,LoRaWAN,smart_meter
2025-01-01T14:52:00,1956.956,66.165,7.349,33.405,1.2466,MQTT,camera
2025-01-02T03:57:00,1874.26,79.216,0.1,91.342,1.3801,HTTPS,camera
2025-01-01T21:14:00,25.528,211.28,2.459,0.948,0.9626,LoRaWAN,smart_meter
2025-01-01T13:23:00,123.863,22.499,2.514,4.115,1.9978,MQTT,env_sensor
2025-01-02T07:16:00,108.201,44.884,6.151,4.317,0.8983,CoAP,env_sensor
2025-01-01T03:08:00,137.007,30.733,4.529,8.799,1.5214,MQTT,actuator
2025-01-01T22:05:00,1436.992,44.191,12.931,0.05,1.4329,MQTT,gateway
2025-01-01T17:24:00,131.905,22.786,4.304,19.035,0.8045,MQTT,actuator
2025-01-02T15:07:00,1203.635,34.931,3.75,164.591,1.3222,HTTPS,camera
2025-01-01T21:25:00,1078.942,31.238,0.1,134.769,1.3986,HTTPS,camera
2025-01-02T17:39:00,83.86,16.925,4.458,6.559,1.8604,MQTT,env_sensor
2025-01-02T01:11:00,118.225,13.039,4.267,3.685,0.0,MQTT,actuator
2025-01-01T15:25:00,23.719,143.515,1.089,0.717,2.4399,LoRaWAN,smart_meter
2025-01-01T05:30:00,62.632,37.023,3.302,2.703,0.4313,MQTT,env_sensor
2025-01-01T10:09:00,128.284,34.839,3.739,4.097,2.9525,MQTT,env_sensor
2025-01-01T18:29:00,82.704,21.644,1.776,3.604,1.2986,MQTT,env_sensor
2025-01-02T12:40:00,2501.859,59.616,6.509,115.154,0.8004,HTTPS,camera
2025-01-02T15:33:00,1114.823,59.166,12.672,62.436,0.7836,HTTPS,gateway
2025-01-01T08:48:00,94.177,17.222,8.592,16.7,1.2482,MQTT,actuator
2025-01-01T09:40:00,291.235,48.425,9.411,61.279,0.9487,HTTPS,gateway
2025-01-02T05:17:00,49.606,13.674,2.679,3.496,0.38,MQTT,env_sensor
2025-01-02T00:25:00,25.656,186.81,0.398,0.163,3.5903,MQTT,smart_meter
2025-01-02T05:47:00,123.083,12.115,7.919,8.652,0.237,MQTT,actuator
2025-01-01T07:47:00,168.099,12.703,8.17,4.27,2.1887,MQTT,actuator
2025-01-01T09:16:00,327.081,34.444,0.1,132.06,0.5739,HTTPS,camera
2025-01-02T01:35:00,1300.977,66.48,5.05,150.585,0.2263,HTTPS,camera
2025-01-02T06:22:00,1354.353,55.821,15.886,54.561,0.3616,HTTPS,gateway
2025-01-01T02:54:00,741.702,45.258,6.938,52.728,1.7476,CoAP,gateway
2025-01-01T11:22:00,30.024,207.675,0.1,0.951,0.4346,LoRaWAN,smart_meter
2025-01-01T12:41:00,1600.057,61.918,6.633,175.643,0.1631,HTTPS,camera
2025-01-01T22:03:00,245.001,39.531,6.561,8.542,0.029,CoAP,gateway
2025-01-02T04:29:00,703.535,80.074,10.592,40.082,0.6474,CoAP,gateway
2025-01-01T09:01:00,106.268,18.175,6.705,9.637,1.9678,MQTT,actuator
2025-01-01T04:55:00,153.237,32.535,0.1,18.115,1.2367,MQTT,actuator
2025-01-02T16:53:00,41.883,22.69,5.293,1.55,0.79,CoAP,env_sensor
2025-01-02T01:51:00,64.503,48.864,6.303,40.635,0.0807,MQTT,gateway
2025-01-01T09:56:00,34.514,189.291,0.1,0.559,4.7258,LoRaWAN,smart_meter
2025-01-02T14:45:00,33.385,273.48,3.624,0.281,4.2114,LoRaWAN,smart_meter
2025-01-01T07:31:00,51.882,30.349,2.118,3.732,2.2969,MQTT,env_sensor
2025-01-01T16:11:00,1432.422,52.924,2.01,12.019,0.7625,HTTPS,gateway
2025-01-01T23:16:00,1033.28,97.688,7.405,189.935,0.0,HTTPS,camera
2025-01-01T06:42:00,1482.051,63.688,0.641,61.295,0.2643,HTTPS,camera
2025-01-01T00:36:00,460.99,31.886,1.695,46.378,1.0224,MQTT,gateway
2025-01-02T08:15:00,163.716,20.367,10.166,15.767,1.267,CoAP,actuator
2025-01-02T14:47:00,1387.641,62.033,3.671,30.728,0.7734,HTTPS,camera
2025-01-02T08:48:00,127.696,21.867,6.663,7.397,0.0,MQTT,actuator
2025-01-02T13:18:00,99.486,18.309,6.492,8.656,0.5355,CoAP,actuator
2025-01-02T02:29:00,128.84,14.532,5.416,5.714,0.9942,MQTT,actuator
2025-01-01T01:01:00,2078.579,77.079,0.1,137.973,1.1487,HTTPS,camera
2025-01-01T01:17:00,1421.03,1.996,16.652,112.039,0.7528,HTTPS,gateway
2025-01-01T00:30:00,18.644,161.391,0.388,0.218,2.7111,LoRaWAN,smart_meter
2025-01-01T05:10:00,1304.545,54.469,8.323,112.755,0.6076,HTTPS,camera
2025-01-01T17:32:00,90.137,31.455,2.567,2.063,0.6445,MQTT,env_sensor
2025-01-01T08:37:00,1637.891,78.736,2.446,178.563,0.0,HTTPS,camera
2025-01-01T05:15:00,22.136,172.037,2.252,0.585,1.1205,LoRaWAN,smart_meter
2025-01-01T06:37:00,141.412,19.744,3.428,10.368,0.0,MQTT,actuator
2025-01-01T10:19:00,33.108,187.744,2.092,0.355,1.8378,LoRaWAN,smart_meter
2025-01-01T18:55:00,133.709,1.0,10.241,9.573,1.205,MQTT,actuator
2025-01-01T11:05:00,1210.109,29.147,12.827,78.456,0.0,HTTPS,camera
2025-01-02T17:07:00,56.343,31.582,4.275,7.253,1.8172,MQTT,env_sensor
2025-01-01T23:12:00,29.152,190.325,2.355,0.762,4.4462,LoRaWAN,smart_meter
2025-01-02T07:04:00,20.288,226.138,3.983,0.05,4.0946,LoRaWAN,smart_meter
2025-01-02T10:44:00,30.596,155.028,0.1,0.47,1.6644,LoRaWAN,smart_meter
2025-01-01T21:55:00,65.264,15.359,1.366,3.995,1.119,MQTT,env_sensor
2025-01-01T00:06:00,997.983,65.498,1.767,81.568,0.5153,HTTPS,gateway
2025-01-01T17:22:00,25.276,64.316,2.254,0.277,4.3726,MQTT,smart_meter
2025-01-01T03:32:00,110.036,23.186,4.582,4.035,0.3149,MQTT,actuator
2025-01-02T12:51:00,46.284,279.994,2.436,0.167,1.3497,LoRaWAN,smart_meter
2025-01-02T02:07:00,1012.558,3.498,7.572,44.028,1.0197,CoAP,gateway
2025-01-02T01:00:00,158.751,24.646,3.614,13.197,1.4377,MQTT,actuator
2025-01-02T08:54:00,956.019,29.478,14.015,87.977,1.2687,CoAP,gateway
2025-01-01T04:30:00,1157.606,59.466,0.1,188.113,0.113,HTTPS,camera
2025-01-01T11:08:00,85.103,5.955,10.804,0.234,0.6245,MQTT,actuator
2025-01-02T16:24:00,62.437,20.094,5.686,5.028,1.6584,MQTT,env_sensor
2025-01-01T17:01:00,661.158,70.153,3.491,130.6,0.5038,HTTPS,camera
2025-01-01T13:51:00,103.223,23.877,8.457,7.699,1.061,CoAP,actuator
2025-01-01T17:43:00,155.218,22.136,3.267,4.562,0.0,MQTT,actuator
2025-01-01T22:55:00,71.658,21.182,5.352,9.766,1.0635,MQTT,env_sensor
2025-01-02T05:38:00,61.982,14.5,7.128,4.025,1.0252,MQTT,env_sensor
2025-01-02T07:38:00,1017.57,23.978,3.041,89.426,2.0769,MQTT,gateway
2025-01-01T16:49:00,75.922,32.552,2.256,7.973,0.8683,MQTT,env_sensor
2025-01-01T03:53:00,2864.14,11.509,3.941,167.054,0.1349,HTTPS,camera
2025-01-02T17:11:00,465.286,27.76,11.908,64.877,1.6812,CoAP,gateway
2025-01-02T08:45:00,32.335,146.671,0.1,0.331,4.1114,LoRaWAN,smart_meter
2025-01-01T08:51:00,35.073,215.312,1.442,0.753,0.6513,LoRaWAN,smart_meter
2025-01-02T12:26:00,28.77,234.989,3.864,0.665,2.3409,LoRaWAN,smart_meter
2025-01-02T14:33:00,8.0,52.966,17.068,45.649,1.7077,CoAP,gateway
2025-01-01T13:13:00,34.963,185.974,2.215,0.05,1.5776,LoRaWAN,smart_meter
2025-01-02T04:59:00,552.505,12.235,0.902,84.88,0.5214,HTTPS,camera
2025-01-01T03:10:00,47.715,20.24,1.962,3.128,1.16,MQTT,env_sensor
2025-01-01T21:20:00,69.491,43.894,0.554,1.42,0.3026,MQTT,env_sensor
2025-01-02T01:59:00,56.955,27.607,5.413,2.468,0.8559,MQTT,env_sensor
2025-01-02T12:50:00,37.72,221.237,3.472,0.312,3.6146,LoRaWAN,smart_meter
2025-01-01T15:51:00,21.871,26.698,2.339,0.326,3.2504,MQTT,smart_meter
2025-01-01T10:35:00,646.723,60.229,14.828,55.291,1.5649,CoAP,gateway
2025-01-01T09:30:00,30.261,209.719,0.911,0.43,1.8632,LoRaWAN,smart_meter
2025-01-02T12:50:00,83.809,34.555,0.1,4.152,0.0,MQTT,env_sensor
2025-01-01T13:52:00,154.149,10.483,8.84,7.672,0.1612,CoAP,actuator
2025-01-02T07:34:00,30.153,131.99,3.714,0.196,3.7227,LoRaWAN,smart_meter
2025-01-01T03:07:00,811.745,43.168,16.134,15.674,0.0,CoAP,gateway
2025-01-02T05:28:00,95.77,21.908,5.984,8.635,1.5289,MQTT,actuator
2025-01-02T01:11:00,22.049,233.888,3.85,0.05,3.0007,LoRaWAN,smart_meter
2025-01-01T10:39:00,2224.466,43.386,6.867,170.226,0.8337,HTTPS,camera
2025-01-02T11:15:00,2265.944,54.251,6.012,147.602,1.2823,HTTPS,camera
2025-01-02T06:09:00,23.902,229.139,1.998,0.43,0.0,LoRaWAN,smart_meter
2025-01-01T14:11:00,2428.176,50.522,3.571,134.089,0.0,HTTPS,camera
2025-01-01T01:54:00,27.783,152.557,1.043,0.284,0.0,LoRaWAN,smart_meter
2025-01-01T12:01:00,131.159,16.644,5.654,8.097,0.5286,MQTT,actuator
2025-01-02T17:08:00,91.295,29.098,0.1,2.659,0.0,MQTT,env_sensor
2025-01-02T12:20:00,21.292,292.107,1.108,0.768,3.457,LoRaWAN,smart_meter
2025-01-01T11:06:00,14.492,198.134,1.622,0.156,4.387,LoRaWAN,smart_meter
2025-01-01T18:45:00,878.681,53.886,12.664,95.938,2.2338,CoAP,gateway
2025-01-01T05:05:00,41.414,139.398,3.867,0.452,0.0,LoRaWAN,smart_meter
2025-01-01T03:18:00,55.503,36.637,1.728,5.104,1.4042,MQTT,env_sensor
2025-01-01T23:36:00,1307.42,59.668,7.293,47.14,0.0,HTTPS,gateway
2025-01-01T16:09:00,97.589,14.507,3.948,10.102,0.0,MQTT,actuator
2025-01-01T18:22:00,90.822,23.385,3.563,0.05,2.7059,MQTT,env_sensor
2025-01-02T05:06:00,958.223,65.097,0.1,127.476,1.6903,HTTPS,gateway
2025-01-02T05:01:00,50.277,30.307,2.262,0.05,0.0,MQTT,env_sensor
2025-01-02T01:41:00,36.953,122.241,1.526,0.989,1.918,LoRaWAN,smart_meter
2025-01-01T23:02:00,1843.5,75.668,6.102,131.223,0.3927,HTTPS,camera
2025-01-02T11:27:00,616.053,77.044,0.218,101.167,0.722,HTTPS,camera
2025-01-01T21:23:00,51.199,32.406,5.479,9.803,1.7284,CoAP,env_sensor
2025-01-02T01:24:00,27.475,214.347,0.279,0.858,1.154,LoRaWAN,smart_meter
2025-01-02T13:53:00,64.4,2.575,0.1,0.181,3.019,MQTT,env_sensor
2025-01-01T21:01:00,120.71,1.0,0.717,7.845,0.6451,MQTT,actuator
2025-01-01T00:53:00,58.967,43.066,2.909,1.388,0.6574,MQTT,env_sensor
2025-01-02T10:03:00,87.557,2.204,9.783,8.265,1.3199,MQTT,actuator
2025-01-01T23:27:00,15.07,194.482,0.901,0.362,2.6774,LoRaWAN,smart_meter
2025-01-01T05:30:00,675.785,32.698,0.1,152.321,0.3238,HTTPS,gateway
2025-01-02T06:28:00,20.794,191.287,0.204,0.823,3.9434,LoRaWAN,smart_meter
2025-01-02T05:42:00,42.713,21.203,7.644,4.672,0.3014,MQTT,actuator
2025-01-02T07:54:00,493.468,64.37,13.026,60.462,0.7955,HTTPS,gateway
2025-01-02T06:57:00,139.221,6.943,5.831,11.929,1.2958,MQTT,actuator
2025-01-01T00:27:00,1441.722,44.643,1.537,35.928,1.2889,HTTPS,camera
2025-01-02T17:36:00,2332.396,70.936,4.699,96.383,1.2503,HTTPS,camera
2025-01-02T03:10:00,22.029,290.198,1.588,0.601,2.0217,LoRaWAN,smart_meter
2025-01-01T06:36:00,1911.998,92.49,1.88,132.532,0.908,HTTPS,camera
2025-01-01T00:17:00,32.386,198.046,1.95,0.199,0.1804,LoRaWAN,smart_meter
2025-01-01T14:59:00,78.834,16.55,5.334,5.173,0.0,MQTT,actuator
2025-01-02T11:25:00,87.539,27.166,2.447,3.551,1.8705,MQTT,env_sensor
2025-01-02T07:38:00,129.812,19.652,3.438,5.566,0.7515,MQTT,actuator
2025-01-02T12:51:00,27.724,23.337,3.908,6.403,1.1881,MQTT,env_sensor
2025-01-02T00:30:00,69.427,20.346,6.99,6.118,0.1929,MQTT,actuator
2025-01-01T08:34:00,61.094,20.347,2.143,3.381,2.8847,MQTT,env_sensor
2025-01-01T14:46:00,39.142,34.927,6.274,10.765,0.5348,CoAP,env_sensor
2025-01-01T07:32:00,1477.584,81.3,4.735,59.473,1.0055,HTTPS,camera
2025-01-01T08:14:00,1315.701,39.764,0.1,113.802,0.3845,HTTPS,gateway
2025-01-02T00:24:00,97.818,34.974,3.227,17.453,0.0,MQTT,actuator
2025-01-01T16:05:00,34.159,228.664,0.1,0.936,4.4659,LoRaWAN,smart_meter
2025-01-01T02:29:00,50.418,42.71,2.468,2.346,1.5243,MQTT,env_sensor
2025-01-02T15:57:00,899.07,42.243,0.1,181.011,0.3384,HTTPS,camera
2025-01-02T11:56:00,1019.809,1.0,6.498,74.032,0.9163,HTTPS,camera
2025-01-01T10:17:00,61.42,30.202,0.1,4.717,2.0082,MQTT,env_sensor
2025-01-01T23:48:00,25.602,261.948,2.371,0.745,3.087,LoRaWAN,smart_meter
2025-01-02T05:57:00,578.777,57.932,7.051,0.05,2.1613,CoAP,gateway
2025-01-02T01:29:00,98.343,18.412,8.779,6.441,0.8042,CoAP,actuator
2025-01-01T08:03:00,34.89,177.732,0.158,0.739,0.0,LoRaWAN,smart_meter
2025-01-01T08:33:00,97.85,24.989,5.889,12.263,2.295,CoAP,actuator
2025-01-02T11:16:00,47.726,30.759,3.955,7.9,0.2368,MQTT,env_sensor
2025-01-02T03:12:00,84.383,24.807,0.1,5.427,0.5652,MQTT,env_sensor
2025-01-02T04:34:00,2154.998,42.856,2.437,158.12,1.0445,HTTPS,camera
2025-01-01T06:30:00,465.209,61.67,0.377,85.692,0.4172,HTTPS,camera
2025-01-01T21:25:00,30.31,26.481,0.1,5.561,0.0,MQTT,env_sensor
2025-01-01T12:26:00,71.512,33.555,2.984,3.269,1.7912,MQTT,env_sensor
2025-01-02T07:23:00,1988.417,27.732,3.996,81.682,0.9258,HTTPS,camera
2025-01-02T02:00:00,814.747,48.522,9.313,52.967,0.8763,HTTPS,gateway
2025-01-01T13:40:00,689.603,57.886,10.074,52.047,1.4964,CoAP,gateway
2025-01-01T04:42:00,613.728,92.276,6.669,111.34,2.3992,CoAP,gateway
2025-01-01T19:31:00,147.764,8.684,6.942,5.456,0.0,MQTT,actuator
2025-01-02T14:25:00,930.991,32.642,2.277,135.569,0.076,HTTPS,camera
2025-01-01T00:52:00,100.42,37.53,3.147,3.631,1.5659,MQTT,env_sensor
2025-01-01T19:15:00,29.049,189.199,0.832,0.272,2.2816,LoRaWAN,smart_meter
2025-01-01T03:15:00,55.258,31.271,6.639,0.05,0.4162,MQTT,env_sensor
2025-01-01T18:20:00,33.392,229.075,0.784,0.231,0.0,LoRaWAN,smart_meter
2025-01-01T17:06:00,101.878,18.979,0.957,1.235,0.6237,MQTT,env_sensor
2025-01-01T02:21:00,122.482,23.761,0.1,14.831,0.3972,MQTT,actuator
2025-01-01T04:33:00,116.493,1.0,2.726,1.785,0.5431,MQTT,env_sensor
2025-01-01T00:12:00,385.264,77.724,3.106,31.604,0.8671,HTTPS,gateway
2025-01-02T09:14:00,1210.293,64.993,1.338,13.526,1.0441,HTTPS,camera
2025-01-01T05:00:00,134.536,17.43,8.86,12.772,0.3188,MQTT,actuator
2025-01-01T18:03:00,34.508,188.891,2.777,0.687,1.5634,LoRaWAN,smart_meter
2025-01-01T12:40:00,107.08,7.491,6.357,4.901,0.6058,MQTT,actuator
2025-01-01T02:49:00,39.163,201.693,4.521,0.818,3.4135,LoRaWAN,smart_meter
2025-01-01T10:57:00,1316.889,64.078,6.435,59.257,1.0456,HTTPS,camera
2025-01-01T11:02:00,58.209,31.704,4.451,7.745,0.6869,MQTT,env_sensor
2025-01-01T20:37:00,104.484,25.756,3.815,4.444,0.7711,MQTT,env_sensor
2025-01-02T11:32:00,2940.426,7.516,2.57,94.708,0.6359,HTTPS,camera
2025-01-01T21:42:00,40.334,246.477,1.387,0.179,3.5842,LoRaWAN,smart_meter
2025-01-01T09:35:00,83.198,18.968,1.354,2.028,2.231,MQTT,env_sensor
2025-01-01T01:20:00,1133.002,98.822,10.741,112.471,0.8307,HTTPS,camera
2025-01-01T23:39:00,1195.868,81.153,0.1,197.183,1.0845,HTTPS,camera
2025-01-02T10:18:00,32.588,166.788,0.1,0.625,0.2516,LoRaWAN,smart_meter
2025-01-01T07:46:00,71.019,17.686,1.787,7.566,3.0152,MQTT,env_sensor
2025-01-02T00:12:00,166.942,9.245,5.677,14.313,1.3182,MQTT,actuator
2025-01-02T08:52:00,55.291,26.884,2.363,6.852,1.1537,MQTT,env_sensor
2025-01-01T23:28:00,125.105,12.661,6.783,6.097,0.0,MQTT,actuator
2025-01-02T17:09:00,67.064,14.739,0.1,0.05,1.964,MQTT,env_sensor
2025-01-02T03:59:00,28.361,136.201,0.1,0.288,2.9856,LoRaWAN,smart_meter
2025-01-01T20:09:00,15.867,25.967,7.522,3.277,0.2411,MQTT,actuator
2025-01-02T08:27:00,1317.23,42.525,0.1,99.853,0.54,HTTPS,camera
2025-01-02T11:45:00,1732.14,92.412,8.333,45.221,1.0536,MQTT,camera
2025-01-01T23:00:00,121.191,13.781,10.807,8.289,1.358,MQTT,actuator
2025-01-01T20:29:00,26.525,23.334,5.488,3.627,1.9974,MQTT,env_sensor
2025-01-01T20:09:00,2003.212,76.341,5.837,38.991,0.5455,HTTPS,camera
2025-01-01T23:19:00,1026.262,75.485,2.202,115.087,0.3672,HTTPS,camera
2025-01-02T00:45:00,1089.889,76.784,5.553,193.392,1.2091,HTTPS,camera
2025-01-02T07:36:00,872.22,34.844,6.583,64.238,0.0,CoAP,gateway
2025-01-01T16:59:00,120.845,21.497,8.4,3.099,0.82,MQTT,actuator
2025-01-02T11:48:00,35.226,133.853,3.261,0.584,4.262,LoRaWAN,smart_meter
2025-01-02T15:43:00,104.288,32.078,6.258,10.417,1.467,MQTT,actuator
2025-01-02T12:43:00,54.879,29.786,3.988,4.626,1.3433,MQTT,env_sensor
2025-01-01T01:30:00,980.298,55.273,15.009,115.805,0.0,CoAP,gateway
2025-01-02T05:01:00,580.277,35.481,5.635,29.928,0.3899,HTTPS,gateway
2025-01-01T22:50:00,63.062,25.227,3.679,8.185,0.4904,MQTT,env_sensor
2025-01-02T13:38:00,39.238,16.212,3.251,3.883,0.4995,MQTT,env_sensor
2025-01-01T14:59:00,1190.667,44.185,9.887,51.003,0.734,HTTPS,gateway
2025-01-02T04:52:00,14.873,215.059,2.536,0.518,0.7367,LoRaWAN,smart_meter
2025-01-01T19:27:00,1219.792,34.883,10.348,70.085,1.5454,HTTPS,gateway
2025-01-02T15:12:00,1830.119,63.386,4.323,105.527,0.0,HTTPS,camera
2025-01-02T11:53:00,1888.218,97.114,5.27,53.035,0.8131,HTTPS,camera
2025-01-01T20:19:00,1225.882,65.194,0.1,123.407,0.9168,HTTPS,camera
2025-01-01T16:34:00,54.669,49.414,2.665,8.068,2.9424,MQTT,env_sensor
2025-01-02T04:02:00,654.987,52.537,4.569,65.936,0.7949,HTTPS,gateway
2025-01-01T02:13:00,121.269,17.627,5.481,8.018,0.1366,MQTT,actuator
2025-01-02T12:56:00,2262.937,5.391,4.871,58.858,1.8449,HTTPS,gateway
2025-01-01T22:29:00,38.618,47.064,0.559,0.865,4.6116,MQTT,smart_meter
2025-01-01T12:15:00,784.109,58.937,4.415,93.834,1.1621,HTTPS,gateway
2025-01-02T16:21:00,83.585,29.254,1.858,9.739,1.0413,MQTT,env_sensor
2025-01-01T14:16:00,27.479,71.995,4.6,0.48,1.8062,MQTT,smart_meter
2025-01-01T16:26:00,84.865,10.833,7.998,6.277,0.627,MQTT,actuator
2025-01-01T00:25:00,30.207,27.107,5.495,2.217,1.5273,MQTT,env_sensor
2025-01-02T10:11:00,2252.49,73.523,4.454,243.656,0.4889,HTTPS,camera
2025-01-01T22:47:00,685.904,31.23,12.3,87.165,0.5644,HTTPS,gateway
2025-01-02T00:10:00,1290.125,41.69,6.665,46.558,0.7556,HTTPS,gateway
2025-01-02T02:33:00,540.049,39.592,8.126,57.786,1.7898,MQTT,gateway
2025-01-01T08:43:00,140.11,23.902,7.436,9.637,0.0,MQTT,actuator
2025-01-02T03:48:00,1959.842,54.615,6.619,11.657,0.0,HTTPS,camera
2025-01-02T14:13:00,57.394,11.498,9.398,12.059,1.6665,MQTT,actuator
2025-01-01T12:44:00,110.158,3.828,0.1,5.575,1.0435,MQTT,actuator
2025-01-01T17:09:00,1571.354,34.615,14.616,48.118,1.2846,CoAP,gateway
2025-01-01T03:46:00,100.34,22.309,1.107,3.89,0.6273,MQTT,env_sensor
2025-01-02T02:00:00,1345.554,106.912,4.579,239.531,0.8997,HTTPS,camera
2025-01-01T15:18:00,25.566,207.143,0.1,0.624,3.1417,LoRaWAN,smart_meter
2025-01-02T12:38:00,1671.471,77.007,1.663,134.085,0.2233,HTTPS,camera
2025-01-01T07:32:00,20.113,174.323,2.74,0.415,4.6806,LoRaWAN,smart_meter
2025-01-02T01:12:00,132.912,12.849,4.626,8.875,1.2785,MQTT,actuator
2025-01-01T22:54:00,470.701,81.547,4.605,142.306,0.0,HTTPS,camera
2025-01-02T01:54:00,97.67,12.329,5.889,8.219,0.173,MQTT,actuator
2025-01-01T01:55:00,8.0,18.599,17.986,40.004,0.5259,MQTT,gateway
2025-01-01T20:59:00,1406.29,35.778,2.757,44.691,0.9804,HTTPS,camera
2025-01-01T07:30:00,26.556,199.959,0.902,0.872,6.3766,LoRaWAN,smart_meter
2025-01-01T13:09:00,35.504,116.469,2.519,0.399,1.3743,LoRaWAN,smart_meter
2025-01-02T12:02:00,475.094,69.602,0.1,66.285,0.0301,HTTPS,camera
2025-01-01T06:37:00,1570.199,36.169,0.1,92.256,0.532,HTTPS,gateway
2025-01-02T03:27:00,1029.09,42.502,0.1,216.94,1.1557,HTTPS,camera
2025-01-01T04:46:00,506.536,38.2,9.749,14.171,1.5369,CoAP,gateway
2025-01-02T02:01:00,82.024,43.566,4.081,4.581,1.4873,MQTT,env_sensor
2025-01-01T03:16:00,79.052,1.0,4.716,2.043,0.9793,MQTT,env_sensor
2025-01-01T06:44:00,127.928,24.798,3.616,5.248,1.9423,MQTT,env_sensor
2025-01-01T01:01:00,1234.967,65.718,9.394,92.8,1.808,MQTT,gateway
2025-01-01T04:42:00,30.039,263.729,0.1,0.618,1.8919,LoRaWAN,smart_meter
2025-01-02T13:39:00,1006.005,86.169,4.549,226.404,0.8484,HTTPS,camera
2025-01-02T00:54:00,87.626,22.383,2.578,3.709,0.0,MQTT,env_sensor
2025-01-02T01:44:00,123.882,11.215,9.755,2.399,0.7184,MQTT,actuator
2025-01-01T20:17:00,23.782,41.496,2.954,2.575,1.0287,MQTT,env_sensor
2025-01-02T09:27:00,709.909,82.726,6.951,146.652,0.6666,HTTPS,camera
2025-01-01T17:18:00,904.24,44.676,14.217,76.295,1.6835,CoAP,gateway
2025-01-01T10:09:00,632.796,29.457,9.679,23.158,1.3236,CoAP,gateway
2025-01-01T22:28:00,1718.449,34.926,2.989,102.139,1.3478,HTTPS,camera
2025-01-02T10:13:00,32.498,91.909,0.1,1.02,5.2356,MQTT,smart_meter
2025-01-02T08:29:00,33.395,185.089,1.923,0.321,5.1934,LoRaWAN,smart_meter
2025-01-01T09:42:00,24.996,242.324,2.635,0.462,0.5962,LoRaWAN,smart_meter
2025-01-01T21:21:00,105.507,24.883,9.717,8.115,0.5742,CoAP,actuator
2025-01-02T10:51:00,18.636,301.529,2.719,0.253,0.0,LoRaWAN,smart_meter
2025-01-01T10:21:00,72.404,11.498,8.172,7.311,0.9006,MQTT,actuator
2025-01-02T01:59:00,1721.611,46.239,8.23,119.975,0.8642,HTTPS,camera
2025-01-02T10:34:00,33.277,228.289,3.461,0.44,5.5793,LoRaWAN,smart_meter
2025-01-01T04:12:00,56.7,30.959,0.1,0.05,1.2052,MQTT,env_sensor
2025-01-02T03:29:00,71.253,6.036,1.722,7.991,2.0752,MQTT,env_sensor
2025-01-01T10:12:00,897.044,49.81,3.728,91.866,1.4203,HTTPS,gateway
2025-01-01T11:40:00,574.017,48.029,4.433,30.093,2.2191,CoAP,gateway
2025-01-01T23:23:00,62.281,47.846,4.438,6.42,2.2911,MQTT,env_sensor
2025-01-01T19:51:00,17.059,181.304,1.599,0.395,3.7252,LoRaWAN,smart_meter
2025-01-01T22:38:00,930.522,37.335,0.1,40.557,1.1898,MQTT,gateway
2025-01-01T09:30:00,68.946,22.863,9.127,2.879,1.2639,MQTT,actuator
2025-01-02T11:43:00,119.419,30.69,8.16,12.784,0.6017,CoAP,actuator
2025-01-02T08:34:00,33.585,252.793,2.908,0.45,0.85,LoRaWAN,smart_meter
2025-01-02T00:05:00,1701.482,53.936,7.604,86.9,1.3906,HTTPS,gateway
2025-01-02T09:39:00,27.063,115.896,1.649,0.448,4.18,LoRaWAN,smart_meter
2025-01-01T03:34:00,137.171,26.103,3.845,8.012,0.4242,MQTT,actuator
2025-01-01T02:41:00,51.345,259.135,4.802,0.593,3.7519,MQTT,smart_meter
2025-01-01T21:59:00,26.111,249.472,2.501,0.573,2.9305,LoRaWAN,smart_meter
2025-01-01T07:37:00,26.701,231.396,1.059,0.221,0.1913,LoRaWAN,smart_meter
2025-01-01T01:47:00,1599.225,73.845,2.732,187.254,0.1813,HTTPS,camera
2025-01-01T01:10:00,493.787,38.948,6.114,203.09,0.3911,HTTPS,camera
2025-01-01T19:32:00,84.461,23.952,2.744,0.05,1.7979,MQTT,env_sensor
2025-01-01T03:20:00,64.273,24.5,0.656,6.668,1.9671,MQTT,env_sensor
2025-01-01T08:06:00,553.905,56.548,7.536,73.392,0.0,HTTPS,gateway
2025-01-01T03:40:00,57.615,29.965,5.145,5.316,0.6599,MQTT,env_sensor
2025-01-02T09:28:00,40.559,21.378,4.574,4.732,1.8767,MQTT,env_sensor
2025-01-02T17:12:00,1357.351,55.827,4.216,150.835,0.6289,HTTPS,camera
2025-01-02T10:11:00,40.219,28.667,3.475,2.238,2.017,MQTT,env_sensor
2025-01-01T02:41:00,96.807,12.213,4.206,7.452,0.0709,MQTT,actuator
2025-01-01T14:35:00,66.19,16.789,4.793,2.75,0.9878,MQTT,env_sensor
2025-01-02T09:30:00,735.465,100.717,4.968,62.794,1.3932,HTTPS,gateway
2025-01-01T16:47:00,72.783,31.233,0.217,0.569,0.8169,MQTT,env_sensor
2025-01-01T08:46:00,131.912,26.48,0.878,2.928,0.5489,MQTT,env_sensor
2025-01-01T21:41:00,80.061,25.392,4.042,0.05,1.5088,MQTT,env_sensor
2025-01-01T10:58:00,148.843,9.008,2.505,13.232,0.5654,MQTT,actuator
2025-01-02T02:56:00,2732.444,74.587,0.1,99.376,0.1422,HTTPS,camera
2025-01-02T13:41:00,53.795,16.648,12.77,2.836,1.1147,MQTT,actuator
2025-01-02T07:05:00,104.688,23.439,7.195,8.572,0.0,MQTT,actuator
2025-01-01T17:50:00,36.142,39.155,3.367,2.452,1.5438,MQTT,env_sensor
2025-01-01T08:23:00,18.95,267.039,0.1,0.403,1.0543,LoRaWAN,smart_meter
2025-01-02T00:03:00,71.968,23.111,6.264,9.295,1.1078,MQTT,actuator
2025-01-01T23:29:00,1512.987,26.596,12.309,80.632,2.1679,HTTPS,gateway
2025-01-01T18:11:00,1248.382,50.313,6.812,0.05,1.3553,CoAP,gateway
2025-01-01T18:51:00,91.574,20.376,6.515,5.726,0.9138,MQTT,actuator
2025-01-01T18:13:00,2138.717,57.565,1.314,51.312,1.1915,HTTPS,camera
2025-01-01T16:58:00,1189.842,68.484,5.009,200.859,0.8346,HTTPS,camera
2025-01-01T10:24:00,114.729,13.789,9.531,6.634,0.0013,MQTT,actuator
2025-01-01T11:36:00,52.481,21.518,3.605,2.488,3.0571,MQTT,env_sensor
2025-01-01T23:48:00,97.024,17.978,5.11,11.331,0.4167,MQTT,actuator
2025-01-01T23:26:00,33.562,107.517,1.066,0.216,4.2308,LoRaWAN,smart_meter
2025-01-01T03:00:00,134.814,15.645,6.76,0.05,1.6215,MQTT,actuator
2025-01-02T12:47:00,8.0,214.501,2.096,0.477,1.4959,LoRaWAN,smart_meter
2025-01-01T18:28:00,87.297,14.232,6.662,11.618,0.7956,MQTT,actuator
2025-01-01T09:28:00,107.255,23.344,10.466,6.928,0.6852,MQTT,actuator
2025-01-01T10:31:00,151.217,15.65,3.77,14.204,1.4868,MQTT,actuator
2025-01-01T21:52:00,144.017,13.041,1.006,5.059,0.5515,MQTT,actuator
2025-01-01T21:28:00,38.83,30.038,4.863,5.982,0.281,MQTT,env_sensor
2025-01-02T05:48:00,56.096,1.723,4.9,5.11,2.77,MQTT,env_sensor
2025-01-01T09:13:00,66.991,22.384,4.528,6.078,2.5065,MQTT,env_sensor
2025-01-01T13:10:00,32.518,105.963,2.448,0.131,4.9207,LoRaWAN,smart_meter
2025-01-01T20:14:00,1853.859,32.474,4.946,43.339,0.0,HTTPS,gateway
2025-01-02T06:30:00,122.317,20.705,5.306,8.477,0.9851,MQTT,actuator
2025-01-01T14:55:00,1012.481,80.435,14.37,8.743,0.6251,CoAP,gateway
2025-01-01T13:20:00,71.937,20.127,4.194,11.941,0.5691,MQTT,actuator
2025-01-02T09:14:00,55.132,18.37,5.892,10.449,1.7192,CoAP,env_sensor
2025-01-02T06:32:00,61.124,16.951,4.791,8.003,1.071,MQTT,actuator
2025-01-01T16:04:00,8.0,43.968,5.435,71.916,0.8488,HTTPS,gateway
2025-01-01T06:57:00,33.451,178.649,2.6,0.184,0.0,LoRaWAN,smart_meter
2025-01-01T20:24:00,23.117,153.967,2.279,0.611,2.1725,LoRaWAN,smart_meter
2025-01-01T00:58:00,109.796,26.116,5.259,2.452,1.0594,CoAP,actuator
2025-01-01T23:04:00,45.42,23.168,5.005,8.934,0.4387,MQTT,actuator
2025-01-02T15:40:00,96.298,29.074,1.32,4.783,2.177,MQTT,env_sensor
2025-01-02T07:25:00,692.271,42.585,17.984,58.573,1.2194,CoAP,gateway
2025-01-02T11:51:00,115.411,11.551,4.989,8.551,1.4504,MQTT,actuator
2025-01-01T22:00:00,139.842,4.721,5.223,0.05,0.5392,MQTT,actuator
2025-01-01T17:54:00,1539.534,49.552,1.595,104.201,0.3948,HTTPS,camera
2025-01-02T16:45:00,1721.729,15.112,8.428,68.151,0.1605,HTTPS,camera
2025-01-02T05:46:00,15.522,225.774,1.589,0.471,6.2946,LoRaWAN,smart_meter
2025-01-02T02:05:00,85.214,19.384,2.019,6.575,0.8671,MQTT,env_sensor
2025-01-01T17:08:00,84.056,29.411,4.986,3.48,1.0264,MQTT,env_sensor
2025-01-01T20:06:00,31.505,164.052,0.1,0.303,0.7126,LoRaWAN,smart_meter
2025-01-02T10:14:00,203.729,66.496,11.377,81.259,1.5627,CoAP,gateway
2025-01-02T16:49:00,136.473,43.154,6.02,4.436,0.0,MQTT,actuator
2025-01-01T15:23:00,31.997,84.1,0.1,0.197,3.2328,MQTT,smart_meter
2025-01-01T10:45:00,1177.951,39.995,8.309,21.689,2.4155,CoAP,gateway
2025-01-02T07:45:00,24.29,181.184,1.207,0.68,1.8711,LoRaWAN,smart_meter
2025-01-01T14:09:00,36.042,67.011,0.863,0.569,2.7243,MQTT,smart_meter
2025-01-01T12:38:00,8.0,65.247,1.3,147.14,0.2645,HTTPS,camera
2025-01-02T04:47:00,8.0,53.253,15.904,37.383,1.1181,CoAP,gateway
2025-01-02T08:36:00,21.073,220.477,2.373,0.276,2.6112,LoRaWAN,smart_meter
2025-01-02T02:14:00,238.957,50.168,9.776,26.402,0.8991,MQTT,gateway
2025-01-01T01:55:00,37.906,19.481,11.166,15.753,0.5468,MQTT,actuator
2025-01-02T00:47:00,2214.244,49.176,2.917,90.038,0.0,HTTPS,camera
2025-01-02T11:47:00,2698.124,56.26,5.559,164.169,1.9678,HTTPS,camera
2025-01-01T02:24:00,816.882,58.155,7.743,139.829,0.825,HTTPS,gateway
2025-01-01T10:46:00,103.285,35.405,2.508,5.37,1.3915,MQTT,env_sensor
2025-01-01T07:53:00,59.794,11.841,1.489,7.107,0.7855,MQTT,env_sensor
2025-01-01T19:28:00,939.201,50.676,1.464,217.53,0.0104,HTTPS,camera
2025-01-01T06:21:00,1079.902,45.474,11.641,94.073,1.2377,HTTPS,gateway
2025-01-02T01:46:00,39.419,96.133,3.031,0.764,3.2106,MQTT,smart_meter
2025-01-02T15:22:00,98.576,28.051,8.329,10.417,0.0,MQTT,actuator
2025-01-02T05:46:00,83.827,24.377,3.644,8.612,0.0,MQTT,env_sensor
2025-01-01T18:15:00,109.732,10.295,9.709,7.678,0.4472,MQTT,actuator
2025-01-02T12:56:00,29.67,138.905,1.431,0.497,2.5856,LoRaWAN,smart_meter
2025-01-02T07:40:00,1469.645,66.393,2.256,19.279,1.9521,HTTPS,camera
2025-01-02T06:45:00,889.474,25.661,9.052,1.496,0.8328,CoAP,gateway
2025-01-01T17:11:00,34.85,126.139,4.455,0.05,4.3673,LoRaWAN,smart_meter
2025-01-01T04:09:00,30.88,164.305,4.247,0.05,2.56,LoRaWAN,smart_meter
2025-01-01T20:31:00,42.284,22.553,5.266,6.619,0.9113,MQTT,env_sensor
2025-01-02T07:42:00,33.366,255.035,2.33,0.17,1.0578,LoRaWAN,smart_meter
2025-01-02T14:54:00,1934.29,13.001,10.522,0.05,0.0484,HTTPS,gateway
2025-01-01T18:29:00,60.839,34.534,2.338,2.931,1.0481,MQTT,actuator
2025-01-01T06:08:00,16.595,184.539,4.215,0.404,0.6649,LoRaWAN,smart_meter
2025-01-02T05:45:00,49.245,11.429,5.434,0.143,2.1489,MQTT,env_sensor
2025-01-01T07:35:00,32.196,27.895,5.68,8.494,2.0297,MQTT,env_sensor
2025-01-01T10:41:00,570.98,7.565,3.869,0.05,0.0,HTTPS,gateway
2025-01-02T06:49:00,25.626,158.432,1.655,0.379,8.463,LoRaWAN,smart_meter
2025-01-02T09:13:00,1137.106,59.757,12.858,104.876,0.9204,HTTPS,gateway
2025-01-02T15:56:00,1007.733,39.077,8.045,18.32,1.3957,CoAP,camera
2025-01-01T02:30:00,2197.483,51.438,5.232,139.451,1.5319,HTTPS,camera
2025-01-02T06:58:00,128.506,8.149,6.852,6.883,0.468,MQTT,actuator
2025-01-02T05:05:00,43.742,32.551,8.887,0.469,0.657,LoRaWAN,env_sensor
2025-01-02T17:05:00,98.797,21.925,10.07,3.63,2.0003,MQTT,actuator
2025-01-01T15:22:00,114.904,24.1,6.054,7.619,2.0759,MQTT,actuator
2025-01-01T16:23:00,137.019,18.625,9.572,5.867,0.4829,MQTT,actuator
2025-01-01T10:10:00,2530.13,34.842,8.504,124.405,0.2973,HTTPS,camera
2025-01-01T23:45:00,1007.872,48.827,3.001,37.597,0.9921,HTTPS,gateway
2025-01-01T05:08:00,41.849,30.337,2.305,8.453,1.2495,MQTT,env_sensor
2025-01-02T00:59:00,1447.922,70.519,0.575,141.225,0.3431,HTTPS,camera
2025-01-02T14:36:00,767.509,95.697,9.113,115.912,0.0,HTTPS,camera
2025-01-01T01:25:00,178.003,63.537,11.863,51.717,1.8152,MQTT,gateway
2025-01-02T12:23:00,76.525,17.195,5.897,2.984,0.7703,MQTT,env_sensor
2025-01-02T08:29:00,72.623,37.185,3.45,6.288,0.3441,MQTT,env_sensor
2025-01-01T15:42:00,23.501,268.07,0.546,0.355,3.4163,LoRaWAN,smart_meter
2025-01-02T07:55:00,20.437,15.573,4.335,8.94,2.7612,MQTT,env_sensor
2025-01-02T11:58:00,436.332,85.75,5.614,14.781,1.3508,CoAP,gateway
2025-01-02T08:50:00,179.582,21.204,8.439,6.128,0.0,MQTT,actuator
2025-01-02T00:04:00,108.38,13.559,5.73,7.986,1.5948,MQTT,actuator
2025-01-02T12:28:00,29.249,111.552,2.238,0.116,0.3274,LoRaWAN,smart_meter
2025-01-02T01:46:00,2071.904,26.185,4.732,95.025,0.2949,HTTPS,camera
2025-01-01T04:42:00,107.155,15.863,4.867,6.287,0.434,MQTT,actuator
2025-01-02T08:43:00,115.257,16.707,11.227,3.297,0.0,MQTT,actuator
2025-01-01T11:37:00,866.293,25.521,3.624,47.539,2.4258,MQTT,gateway
2025-01-01T15:32:00,1000.663,43.989,8.835,5.012,0.5271,CoAP,gateway
2025-01-02T16:42:00,352.856,78.576,3.919,161.06,0.0,HTTPS,gateway
2025-01-02T11:39:00,1375.347,77.8,0.1,103.189,0.0,HTTPS,gateway
2025-01-02T04:09:00,14.02,181.29,1.961,0.375,6.1224,LoRaWAN,smart_meter
2025-01-02T09:43:00,94.008,18.634,6.33,7.886,0.5957,MQTT,actuator
2025-01-02T16:47:00,37.12,206.132,0.1,0.584,3.4166,LoRaWAN,smart_meter
2025-01-02T12:40:00,50.56,197.487,2.669,0.262,2.5363,MQTT,smart_meter
2025-01-02T12:27:00,30.782,133.411,4.717,0.308,2.7567,LoRaWAN,smart_meter
2025-01-02T10:24:00,2056.343,58.861,0.1,125.691,0.2024,HTTPS,camera
2025-01-01T11:20:00,110.115,18.741,5.301,2.884,0.3108,MQTT,actuator
2025-01-02T00:26:00,59.438,14.503,0.1,15.113,1.0664,MQTT,actuator
2025-01-01T04:32:00,2559.414,43.044,4.519,188.42,0.0,HTTPS,camera
2025-01-01T22:42:00,899.764,22.705,1.751,42.861,1.2092,MQTT,gateway
2025-01-01T07:20:00,1563.576,47.845,5.371,117.207,0.7134,HTTPS,camera
2025-01-02T11:49:00,819.113,19.231,5.958,48.054,0.9304,CoAP,gateway
2025-01-02T02:26:00,1058.02,56.837,3.205,155.627,0.3542,HTTPS,camera
2025-01-02T07:59:00,22.27,109.47,3.873,0.282,1.2656,LoRaWAN,smart_meter
2025-01-02T03:55:00,24.277,31.456,2.117,2.879,0.5431,MQTT,env_sensor
2025-01-01T20:01:00,1314.349,31.985,4.586,29.354,2.2967,HTTPS,gateway
2025-01-02T03:02:00,29.321,236.98,2.596,0.152,2.6426,LoRaWAN,smart_meter
2025-01-02T10:16:00,117.168,1.0,8.115,10.509,0.1131,MQTT,actuator
2025-01-01T09:44:00,21.781,180.015,2.326,0.466,0.0,LoRaWAN,smart_meter
2025-01-02T13:37:00,822.32,49.323,15.019,39.554,0.0,HTTPS,gateway
2025-01-02T10:32:00,85.676,13.544,3.654,5.111,2.459,MQTT,env_sensor
2025-01-01T14:13:00,1413.641,56.407,3.048,63.56,0.7568,HTTPS,camera
2025-01-02T06:20:00,3246.631,46.459,7.88,135.563,0.1523,HTTPS,camera
2025-01-02T01:40:00,23.427,37.164,0.705,4.759,0.0,MQTT,env_sensor
2025-01-02T01:18:00,784.896,29.125,7.298,90.359,1.4866,CoAP,gateway
2025-01-01T17:36:00,758.792,36.147,1.564,38.189,2.0027,MQTT,gateway
2025-01-02T07:02:00,1667.409,27.762,11.173,56.987,0.0,HTTPS,gateway
2025-01-01T21:45:00,45.92,31.347,6.55,6.76,0.5744,CoAP,env_sensor
2025-01-02T08:38:00,75.061,30.755,1.58,2.966,2.0142,MQTT,env_sensor
2025-01-02T12:32:00,137.117,16.475,5.476,8.829,1.2482,MQTT,actuator
2025-01-01T18:21:00,2619.829,34.891,8.037,200.746,0.7271,HTTPS,camera
2025-01-01T16:56:00,118.139,20.099,11.759,4.246,1.4545,CoAP,actuator
2025-01-01T00:59:00,23.555,225.281,2.137,0.55,0.0,LoRaWAN,smart_meter
2025-01-01T11:38:00,102.083,10.943,11.803,13.21,0.7208,MQTT,actuator
2025-01-01T20:50:00,1932.38,99.891,3.657,122.215,0.675,HTTPS,camera
2025-01-02T04:00:00,1558.855,16.695,10.076,71.448,0.704,HTTPS,gateway
2025-01-02T08:18:00,59.707,21.182,3.891,1.968,0.6771,MQTT,env_sensor
2025-01-02T11:00:00,735.631,1.0,2.055,210.072,0.0,HTTPS,camera
2025-01-02T02:51:00,1511.441,38.224,5.471,159.423,1.073,HTTPS,camera
2025-01-01T08:02:00,1903.069,68.608,10.752,120.78,0.7874,HTTPS,camera
2025-01-01T13:22:00,76.614,20.579,1.79,0.05,1.0031,MQTT,env_sensor
2025-01-02T00:16:00,1929.967,54.749,3.934,139.054,0.4419,HTTPS,gateway
2025-01-01T13:00:00,30.423,187.783,0.1,0.319,4.5836,LoRaWAN,smart_meter
2025-01-02T05:52:00,237.561,34.646,5.481,57.821,1.8468,CoAP,gateway
2025-01-02T00:00:00,745.809,107.579,3.198,58.928,0.0,HTTPS,camera
2025-01-02T07:46:00,1211.15,27.87,5.3,47.935,1.7822,CoAP,gateway
2025-01-01T20:54:00,1429.528,69.621,10.086,38.281,0.0,HTTPS,gateway
2025-01-01T03:35:00,99.069,24.819,6.0,7.358,1.621,MQTT,env_sensor
2025-01-01T14:28:00,168.024,15.681,1.247,0.05,1.0592,MQTT,actuator
2025-01-01T05:49:00,310.871,77.508,3.493,233.287,0.6295,HTTPS,camera
2025-01-02T16:50:00,36.808,135.86,0.1,0.492,3.816,LoRaWAN,smart_meter
2025-01-01T19:45:00,76.911,31.885,4.406,4.319,1.9886,MQTT,env_sensor
2025-01-02T11:07:00,110.545,25.072,2.03,2.3,2.9028,MQTT,env_sensor
2025-01-02T13:25:00,35.614,18.526,6.11,8.305,0.0,MQTT,actuator
2025-01-01T22:21:00,34.485,122.048,0.433,0.299,5.31,LoRaWAN,smart_meter
2025-01-01T20:12:00,129.704,29.752,0.1,2.267,0.7718,MQTT,env_sensor
2025-01-02T12:43:00,135.138,1.836,4.982,11.149,0.0,MQTT,actuator
2025-01-02T15:22:00,2727.576,61.813,0.527,6.47,1.0998,MQTT,camera
2025-01-01T20:38:00,735.754,20.721,3.165,77.917,0.0,HTTPS,camera
2025-01-02T14:34:00,1032.904,60.277,11.055,9.406,1.3873,CoAP,gateway
2025-01-01T21:19:00,2135.17,30.689,2.871,82.681,0.2195,HTTPS,camera
2025-01-02T14:32:00,57.53,24.121,3.474,6.808,0.4943,MQTT,env_sensor
2025-01-01T17:53:00,1840.345,87.227,8.307,121.834,0.8428,HTTPS,camera
2025-01-02T02:38:00,93.465,34.812,4.494,8.63,3.4824,MQTT,env_sensor
2025-01-02T16:58:00,1294.603,26.413,5.301,37.243,1.3855,MQTT,camera
2025-01-01T17:16:00,35.504,114.943,0.822,0.385,6.393,LoRaWAN,smart_meter
2025-01-01T22:22:00,678.86,69.644,10.399,71.247,0.5461,CoAP,camera
2025-01-02T10:02:00,79.254,26.674,7.013,9.987,0.7185,MQTT,actuator
2025-01-02T11:46:00,965.616,11.276,6.987,59.416,1.6529,CoAP,gateway
2025-01-01T19:15:00,1513.966,43.087,3.744,46.019,1.1401,HTTPS,gateway
2025-01-02T00:23:00,1354.813,45.52,4.393,113.98,0.0,HTTPS,camera
2025-01-02T01:58:00,1695.922,49.165,7.154,107.26,0.7083,HTTPS,camera
2025-01-01T12:45:00,1614.088,108.173,1.472,145.837,0.4664,HTTPS,camera
2025-01-02T11:35:00,29.209,234.717,2.873,0.94,0.8328,LoRaWAN,smart_meter
2025-01-02T15:46:00,75.688,1.0,2.414,3.826,1.3466,MQTT,env_sensor
2025-01-02T10:29:00,96.141,7.983,10.111,7.435,1.7308,CoAP,actuator
2025-01-01T10:07:00,152.156,1.0,6.788,14.12,0.6547,MQTT,actuator
2025-01-01T13:22:00,886.148,47.459,7.149,105.668,1.6542,CoAP,gateway
2025-01-01T07:42:00,111.464,26.821,10.079,14.93,1.229,MQTT,actuator
2025-01-01T10:03:00,71.549,10.369,6.275,4.957,0.0,CoAP,actuator
2025-01-02T02:23:00,66.933,23.207,2.735,5.723,2.6067,MQTT,env_sensor
2025-01-01T01:56:00,622.598,41.183,2.272,121.702,0.8462,HTTPS,camera
2025-01-01T23:51:00,1749.055,110.515,4.69,0.05,0.0768,HTTPS,camera
2025-01-01T09:35:00,17.795,47.499,2.127,0.05,5.0921,LoRaWAN,smart_meter
2025-01-02T13:20:00,52.26,4.578,6.615,8.099,3.5054,MQTT,env_sensor
2025-01-01T00:04:00,33.106,150.126,0.1,0.266,5.6501,LoRaWAN,smart_meter
2025-01-01T03:14:00,48.147,54.184,0.1,4.251,1.4597,MQTT,env_sensor
2025-01-02T10:59:00,1602.54,84.874,7.25,52.552,0.0,HTTPS,gateway
2025-01-02T12:02:00,1053.768,37.422,6.659,0.05,0.3215,HTTPS,gateway
2025-01-01T14:29:00,1843.639,46.645,1.512,73.359,0.9708,HTTPS,camera
2025-01-02T12:21:00,964.289,30.15,14.957,124.326,2.5201,CoAP,gateway
2025-01-02T06:55:00,41.676,24.915,3.444,6.117,0.0,MQTT,env_sensor
2025-01-01T17:27:00,115.922,9.099,5.881,14.613,0.8747,MQTT,actuator
2025-01-01T17:17:00,51.01,35.731,5.756,4.619,0.7067,MQTT,env_sensor
2025-01-01T02:52:00,1022.618,50.298,11.335,34.791,1.3849,CoAP,gateway
2025-01-02T15:32:00,140.27,27.472,9.716,7.675,1.289,MQTT,actuator
2025-01-01T21:57:00,1003.871,80.722,4.554,190.035,1.6211,HTTPS,camera
2025-01-02T13:32:00,1147.762,38.861,13.849,34.916,0.0,HTTPS,gateway
2025-01-02T02:20:00,167.928,16.838,2.205,12.989,2.0833,MQTT,actuator
2025-01-01T12:05:00,1374.136,30.329,7.032,63.522,1.3583,HTTPS,gateway
2025-01-01T13:21:00,28.43,216.388,2.77,0.604,1.5573,LoRaWAN,smart_meter
2025-01-01T13:02:00,56.459,26.419,0.84,9.069,1.7518,MQTT,env_sensor
2025-01-01T08:44:00,1657.681,139.564,0.1,147.123,1.2817,HTTPS,camera
2025-01-02T00:10:00,22.827,121.679,0.368,0.108,9.3689,LoRaWAN,smart_meter
2025-01-01T17:44:00,991.76,35.469,6.063,258.588,1.2243,CoAP,camera
2025-01-02T07:53:00,859.097,75.238,5.145,0.05,1.0009,CoAP,gateway
2025-01-02T01:28:00,15.652,188.591,2.455,0.448,4.675,LoRaWAN,smart_meter
2025-01-01T05:52:00,41.553,202.032,2.253,1.133,3.5844,MQTT,smart_meter
2025-01-01T08:49:00,28.292,156.368,0.1,0.176,4.0753,LoRaWAN,smart_meter
2025-01-02T16:23:00,119.984,36.279,7.713,3.034,0.0182,MQTT,env_sensor
2025-01-02T08:02:00,791.363,69.409,3.98,49.257,0.0,HTTPS,camera
2025-01-01T01:10:00,530.654,40.418,10.564,51.732,1.9647,CoAP,gateway
2025-01-01T01:33:00,8.0,30.17,5.823,67.994,1.3413,MQTT,gateway
2025-01-02T07:01:00,1410.023,99.199,7.159,133.371,0.5361,HTTPS,camera
2025-01-01T10:16:00,76.48,13.62,3.443,1.194,0.5534,MQTT,env_sensor
2025-01-02T00:27:00,1883.873,76.677,9.504,102.213,2.3559,HTTPS,gateway
2025-01-01T18:53:00,699.744,65.501,0.1,38.413,0.5478,HTTPS,gateway
2025-01-01T08:24:00,206.278,21.638,4.883,7.578,0.7566,MQTT,actuator
2025-01-02T11:42:00,61.441,27.016,0.56,3.979,2.0617,MQTT,env_sensor
2025-01-02T03:03:00,78.331,29.022,3.61,4.315,1.4501,MQTT,env_sensor
2025-01-01T19:25:00,30.879,129.799,4.071,0.455,1.821,LoRaWAN,smart_meter
2025-01-01T19:52:00,43.498,317.086,0.62,0.34,5.0898,LoRaWAN,smart_meter
2025-01-01T20:31:00,888.357,77.528,5.18,26.621,0.0,HTTPS,gateway
2025-01-01T05:57:00,204.996,58.949,9.095,34.859,2.1827,MQTT,gateway
2025-01-01T19:50:00,40.697,23.886,2.403,5.66,1.6851,MQTT,env_sensor
2025-01-01T18:47:00,481.191,28.399,2.538,0.05,1.4092,MQTT,gateway
2025-01-02T12:25:00,40.883,37.672,0.368,4.442,1.9052,MQTT,env_sensor
2025-01-01T05:15:00,574.506,41.964,9.902,48.668,0.0,CoAP,gateway
2025-01-02T05:09:00,38.039,144.388,0.845,0.763,6.3716,LoRaWAN,smart_meter
2025-01-01T04:11:00,53.983,19.913,3.756,2.176,0.7422,MQTT,env_sensor
2025-01-01T20:11:00,58.841,23.664,2.99,7.041,0.8522,MQTT,env_sensor
2025-01-02T04:57:00,386.71,36.974,2.962,43.293,0.8579,HTTPS,gateway
2025-01-01T20:48:00,28.294,165.035,2.404,0.331,2.2572,LoRaWAN,smart_meter
2025-01-02T02:07:00,2566.873,56.858,3.989,244.874,0.4497,HTTPS,camera
2025-01-02T12:03:00,1346.065,46.378,15.324,114.146,1.0088,HTTPS,gateway
2025-01-02T09:21:00,165.44,11.683,9.631,3.653,1.0393,MQTT,actuator
2025-01-01T03:25:00,807.964,67.821,3.302,153.398,0.0,HTTPS,camera
2025-01-02T15:29:00,1626.305,144.029,6.537,94.458,0.8047,HTTPS,camera
2025-01-01T22:46:00,1206.584,55.937,4.646,224.91,0.0,HTTPS,camera
2025-01-01T08:36:00,70.157,26.016,0.1,4.702,2.094,MQTT,env_sensor
2025-01-01T03:40:00,136.406,13.599,0.822,11.006,0.3415,MQTT,actuator
2025-01-01T10:34:00,1990.736,25.702,3.654,203.729,0.1518,HTTPS,camera
2025-01-02T00:55:00,114.087,8.133,0.25,11.946,0.5055,MQTT,actuator
2025-01-02T06:06:00,1158.159,72.138,4.241,30.261,2.1539,HTTPS,camera
2025-01-02T12:41:00,136.074,9.624,4.893,3.866,0.2823,MQTT,actuator
2025-01-02T16:16:00,2266.777,31.022,4.177,108.166,1.2136,HTTPS,camera
2025-01-02T13:36:00,26.83,239.559,2.848,0.273,4.6849,LoRaWAN,smart_meter
2025-01-02T06:08:00,340.429,79.731,0.1,49.469,0.4262,HTTPS,camera
2025-01-01T23:17:00,97.042,24.201,7.461,6.162,1.2812,MQTT,actuator
2025-01-02T15:21:00,1772.06,72.307,5.273,57.267,0.2786,HTTPS,camera
2025-01-02T02:41:00,1186.448,32.071,5.837,29.534,0.1973,HTTPS,gateway
2025-01-01T11:43:00,32.167,240.121,3.927,0.318,5.0194,LoRaWAN,smart_meter
2025-01-01T00:29:00,88.608,13.588,8.144,5.431,0.8945,MQTT,actuator
2025-01-02T03:01:00,1960.644,65.091,12.571,6.406,0.3545,HTTPS,gateway
2025-01-02T03:17:00,73.613,23.038,2.29,1.036,0.0,MQTT,env_sensor
2025-01-01T17:43:00,36.078,12.749,0.1,6.414,0.0035,MQTT,env_sensor
2025-01-01T05:47:00,8.0,72.088,0.998,49.446,0.679,MQTT,gateway
2025-01-01T06:43:00,941.215,50.062,10.222,54.341,1.0181,CoAP,gateway
2025-01-02T00:59:00,139.946,9.079,8.495,12.364,0.0,MQTT,actuator
2025-01-02T11:23:00,2195.377,30.601,4.946,22.319,1.6593,HTTPS,gateway
2025-01-02T07:44:00,73.727,7.307,11.34,13.568,2.3176,MQTT,actuator
2025-01-01T12:12:00,82.617,9.891,12.135,9.323,1.2252,CoAP,actuator
2025-01-01T20:36:00,111.175,12.076,6.307,14.56,2.0592,MQTT,actuator
2025-01-01T04:20:00,1097.993,94.816,0.1,165.825,0.2754,HTTPS,camera
2025-01-01T13:46:00,150.171,16.743,5.611,7.33,0.0139,MQTT,actuator
2025-01-02T00:12:00,35.965,193.185,1.65,0.055,0.0,LoRaWAN,smart_meter
2025-01-02T09:45:00,616.871,91.746,5.844,70.564,0.6154,HTTPS,gateway
2025-01-01T05:04:00,33.975,13.118,9.186,9.357,0.8124,MQTT,actuator
2025-01-02T04:19:00,21.67,111.838,0.866,0.539,3.2013,LoRaWAN,smart_meter
2025-01-01T12:33:00,779.269,27.514,7.754,123.2,1.6949,CoAP,camera
2025-01-01T16:36:00,32.604,211.91,2.688,0.429,4.1237,LoRaWAN,smart_meter
2025-01-02T07:15:00,983.695,7.448,9.199,93.281,1.0012,CoAP,gateway
2025-01-02T11:44:00,21.848,219.046,1.604,0.537,0.9132,LoRaWAN,smart_meter
2025-01-01T22:22:00,24.662,188.932,0.714,0.253,1.9368,LoRaWAN,smart_meter
2025-01-02T01:32:00,30.107,211.733,0.1,0.201,0.2434,LoRaWAN,smart_meter
2025-01-02T12:21:00,84.803,30.824,4.316,3.567,0.8134,MQTT,env_sensor
2025-01-02T15:21:00,33.473,248.895,2.584,0.05,4.8056,LoRaWAN,smart_meter
2025-01-01T21:16:00,20.181,178.987,3.662,0.405,0.5923,LoRaWAN,smart_meter
2025-01-01T22:29:00,1115.755,69.268,14.093,64.83,1.8374,HTTPS,gateway
2025-01-01T12:05:00,85.029,27.514,2.321,6.887,0.768,MQTT,env_sensor
2025-01-01T22:31:00,92.36,31.456,4.435,2.182,1.7341,MQTT,env_sensor
2025-01-01T03:17:00,36.58,31.159,3.062,2.886,0.0,MQTT,env_sensor
2025-01-02T00:56:00,48.59,39.588,0.941,1.374,2.0667,MQTT,env_sensor
2025-01-02T02:35:00,654.284,83.787,7.865,97.371,1.183,CoAP,gateway
2025-01-02T10:37:00,44.287,42.003,3.354,0.05,2.0798,LoRaWAN,env_sensor
2025-01-01T12:38:00,333.058,49.53,3.817,75.798,1.4419,HTTPS,gateway
2025-01-01T14:07:00,30.963,204.791,3.54,0.614,3.263,LoRaWAN,smart_meter
2025-01-01T21:28:00,40.326,60.518,9.759,54.798,1.4654,MQTT,gateway
2025-01-01T05:33:00,19.056,225.972,3.288,0.414,4.3003,LoRaWAN,smart_meter
2025-01-02T01:01:00,1923.534,93.043,1.478,94.227,0.0605,HTTPS,camera
2025-01-02T14:06:00,73.654,43.421,2.669,11.399,1.6451,MQTT,env_sensor
2025-01-02T14:10:00,84.721,40.75,9.712,6.307,0.8184,CoAP,actuator
2025-01-01T05:57:00,30.031,131.035,1.841,0.755,6.5676,LoRaWAN,smart_meter
2025-01-02T10:35:00,468.208,46.904,8.055,91.938,0.1378,HTTPS,gateway
2025-01-02T02:24:00,1379.61,56.274,9.72,0.05,2.823,CoAP,gateway
2025-01-01T15:29:00,10.969,85.255,0.312,0.506,3.0516,MQTT,smart_meter
2025-01-01T22:48:00,1574.333,91.827,4.476,136.758,0.7802,HTTPS,camera
2025-01-02T05:17:00,156.712,25.728,7.642,6.479,1.3049,MQTT,actuator
2025-01-02T03:08:00,1075.4,78.339,0.553,110.451,0.8995,HTTPS,camera
2025-01-02T00:25:00,175.705,13.706,10.807,6.158,1.4268,MQTT,actuator
2025-01-02T01:06:00,51.606,20.126,1.877,1.07,2.7379,MQTT,env_sensor
2025-01-02T07:07:00,124.91,17.498,6.167,10.467,1.6293,MQTT,actuator
2025-01-01T10:33:00,1657.825,104.225,8.07,46.369,1.1824,CoAP,camera
2025-01-01T01:51:00,131.728,34.397,5.706,12.934,0.9226,MQTT,actuator
2025-01-02T02:46:00,22.678,269.113,2.072,0.349,0.0,LoRaWAN,smart_meter
2025-01-01T08:00:00,16.612,177.261,0.82,0.88,3.3028,LoRaWAN,smart_meter
2025-01-01T15:01:00,1442.125,11.298,5.957,110.386,0.0,HTTPS,gateway
2025-01-02T05:25:00,46.047,21.92,6.58,12.4,0.2503,MQTT,actuator
2025-01-01T02:09:00,85.297,15.518,1.333,9.577,0.7474,MQTT,actuator
2025-01-01T15:15:00,50.397,32.836,0.402,5.684,0.0557,MQTT,env_sensor
2025-01-01T00:32:00,375.781,51.666,5.445,110.158,1.0165,CoAP,camera
2025-01-01T19:58:00,83.697,26.505,9.526,10.338,0.0,CoAP,actuator
2025-01-01T07:26:00,22.908,77.811,3.188,1.198,4.8907,MQTT,smart_meter
2025-01-02T15:47:00,76.181,29.044,4.705,4.597,0.1045,MQTT,env_sensor
2025-01-01T23:17:00,201.851,44.14,9.656,23.127,0.0,CoAP,gateway
2025-01-01T18:00:00,1263.734,68.8,0.792,120.034,1.4539,HTTPS,gateway
2025-01-01T17:53:00,74.319,21.013,0.872,5.086,1.1053,MQTT,env_sensor
2025-01-01T07:54:00,1277.185,54.605,0.1,63.426,1.014,HTTPS,camera
2025-01-01T21:13:00,45.432,203.099,2.085,0.05,0.3743,LoRaWAN,smart_meter
2025-01-01T09:52:00,53.888,30.579,1.141,3.739,1.7447,MQTT,env_sensor
2025-01-01T13:36:00,33.306,8.772,2.315,0.05,2.5954,MQTT,env_sensor
2025-01-02T17:29:00,950.772,52.47,6.523,58.068,1.0852,CoAP,gateway
2025-01-01T17:03:00,1066.687,56.197,11.884,55.946,0.0,HTTPS,gateway
2025-01-02T16:24:00,84.99,10.062,5.97,7.595,1.2173,MQTT,actuator
2025-01-02T00:36:00,43.781,19.602,2.48,6.722,0.9796,MQTT,env_sensor
2025-01-01T19:29:00,1017.052,44.143,5.385,44.25,0.6365,CoAP,gateway
2025-01-01T19:45:00,1662.881,67.753,8.132,94.591,1.2283,HTTPS,camera
2025-01-01T07:24:00,397.884,41.427,10.131,32.52,0.308,CoAP,gateway
2025-01-02T02:41:00,115.147,18.808,2.995,3.472,1.0956,MQTT,actuator
2025-01-01T23:02:00,106.989,43.278,11.408,75.323,0.6397,MQTT,gateway
2025-01-01T09:09:00,13.019,169.928,3.55,0.05,0.0,LoRaWAN,smart_meter
2025-01-02T07:37:00,66.9,35.678,3.162,2.132,2.6134,MQTT,env_sensor
2025-01-01T15:16:00,960.59,64.814,6.14,86.982,0.7946,HTTPS,gateway
2025-01-01T18:30:00,1743.818,62.108,2.542,105.999,0.0122,HTTPS,camera
2025-01-01T22:21:00,2324.367,118.707,6.137,167.5,0.156,HTTPS,camera
2025-01-01T03:47:00,125.907,20.019,8.072,7.797,0.0,MQTT,actuator
2025-01-01T20:12:00,20.11,95.623,1.499,0.471,2.9663,MQTT,smart_meter
2025-01-02T10:49:00,42.752,71.97,2.918,0.316,2.5654,LoRaWAN,smart_meter
2025-01-02T04:37:00,109.973,20.408,8.559,3.832,0.081,MQTT,actuator
2025-01-02T03:29:00,1634.392,14.969,0.1,155.161,0.8836,HTTPS,camera
2025-01-02T04:20:00,941.427,44.674,12.51,31.965,1.8615,CoAP,gateway
2025-01-01T04:40:00,39.818,176.104,0.615,0.494,5.0024,LoRaWAN,smart_meter
2025-01-01T16:15:00,649.15,49.02,6.579,74.219,1.3854,CoAP,gateway
2025-01-02T09:11:00,78.287,38.188,4.801,7.905,1.9852,MQTT,env_sensor
2025-01-01T07:46:00,29.542,236.115,3.498,0.248,0.8683,LoRaWAN,smart_meter
2025-01-01T23:27:00,934.701,20.61,12.172,44.182,0.3953,CoAP,gateway
2025-01-01T00:21:00,96.45,28.054,14.93,26.136,0.4511,MQTT,gateway
2025-01-02T15:27:00,1364.85,21.166,9.062,58.833,0.7952,HTTPS,gateway
2025-01-01T16:49:00,103.992,16.086,4.805,6.573,1.3484,MQTT,actuator
2025-01-01T22:51:00,566.69,1.0,3.892,109.779,1.3478,HTTPS,gateway
2025-01-01T06:45:00,74.266,13.743,2.428,7.019,2.1978,MQTT,env_sensor
2025-01-02T15:00:00,744.485,32.198,6.454,131.8,0.1464,HTTPS,camera
2025-01-01T12:32:00,2454.16,37.517,4.135,99.628,0.3164,HTTPS,camera
2025-01-01T16:46:00,153.115,39.537,9.869,8.499,0.0,CoAP,actuator
2025-01-02T17:32:00,998.137,67.656,0.1,14.068,1.5036,CoAP,camera
2025-01-01T01:57:00,1826.69,73.409,3.758,108.209,1.0962,HTTPS,camera
2025-01-02T08:48:00,407.604,26.071,4.494,63.253,0.0,HTTPS,gateway
2025-01-01T19:52:00,1813.54,71.303,4.904,187.121,0.0,HTTPS,camera
2025-01-02T11:57:00,49.936,22.965,7.201,10.69,2.2001,MQTT,env_sensor
2025-01-02T07:34:00,61.399,17.78,2.621,3.589,0.6979,MQTT,env_sensor
2025-01-02T05:54:00,31.774,140.105,1.157,0.495,4.1141,LoRaWAN,smart_meter
2025-01-01T06:35:00,125.464,15.498,6.64,9.421,0.4096,MQTT,actuator
2025-01-01T01:41:00,61.158,6.995,3.031,6.112,0.9877,MQTT,env_sensor
2025-01-01T08:18:00,33.155,206.412,2.214,0.608,4.8325,LoRaWAN,smart_meter
2025-01-01T20:44:00,28.665,199.795,0.27,0.354,6.9619,LoRaWAN,smart_meter
2025-01-01T02:10:00,2359.927,86.961,0.1,102.769,1.733,HTTPS,camera
2025-01-01T03:09:00,1315.007,80.492,10.408,108.811,0.553,HTTPS,gateway
2025-01-01T04:36:00,85.022,3.787,0.1,2.385,2.1022,MQTT,env_sensor
2025-01-01T13:05:00,867.351,87.028,1.605,76.572,0.7747,HTTPS,camera
2025-01-01T13:45:00,1905.626,35.325,1.864,252.893,0.4966,HTTPS,camera
2025-01-01T08:58:00,27.433,220.492,0.517,0.351,2.294,LoRaWAN,smart_meter
2025-01-02T02:16:00,365.867,67.321,10.258,14.596,0.0507,CoAP,gateway
2025-01-02T05:34:00,157.573,11.502,13.4,2.489,1.2045,MQTT,actuator
2025-01-02T13:53:00,111.778,16.613,8.186,7.945,1.6432,MQTT,actuator
2025-01-01T13:46:00,682.722,41.098,4.221,119.838,1.3905,HTTPS,gateway
2025-01-01T23:35:00,1880.46,24.402,4.849,94.64,0.8056,HTTPS,gateway
2025-01-01T01:22:00,1408.443,35.173,3.718,91.56,1.4798,HTTPS,camera
2025-01-01T13:01:00,611.437,26.749,3.678,48.892,1.2992,CoAP,gateway
2025-01-01T05:54:00,83.818,28.566,3.813,3.11,2.5909,MQTT,env_sensor
2025-01-01T12:03:00,1208.399,37.454,6.235,40.762,0.6957,HTTPS,camera
2025-01-01T13:13:00,720.471,66.724,3.108,74.599,0.7589,HTTPS,camera
2025-01-02T06:46:00,31.153,115.915,1.442,0.59,3.2516,LoRaWAN,smart_meter
2025-01-01T14:52:00,32.493,173.056,1.379,0.621,3.9373,LoRaWAN,smart_meter
2025-01-01T07:24:00,65.886,24.86,1.28,5.024,0.2491,MQTT,env_sensor
2025-01-01T15:11:00,988.044,35.522,0.382,39.84,1.8058,MQTT,gateway
2025-01-01T14:51:00,52.217,25.468,0.1,1.83,1.7697,MQTT,env_sensor
2025-01-01T17:53:00,27.663,225.636,3.029,0.423,0.8891,LoRaWAN,smart_meter
2025-01-02T00:12:00,301.038,28.96,13.542,33.777,0.9451,CoAP,gateway
2025-01-02T10:39:00,27.187,256.762,5.175,0.489,2.7619,LoRaWAN,smart_meter
2025-01-02T12:30:00,1027.489,53.987,10.055,16.585,0.0612,HTTPS,gateway
2025-01-01T20:25:00,1739.577,27.712,4.789,145.501,0.1657,HTTPS,camera
2025-01-02T05:38:00,1850.123,46.969,1.838,121.635,0.9089,HTTPS,camera
2025-01-01T23:37:00,1265.299,95.195,1.698,97.207,0.2274,HTTPS,camera
2025-01-01T09:54:00,8.0,56.114,2.411,160.496,0.4817,HTTPS,gateway
2025-01-01T15:00:00,74.898,3.336,6.181,6.557,0.3937,MQTT,actuator
2025-01-02T02:35:00,43.999,18.142,4.771,4.3,2.2154,MQTT,env_sensor
2025-01-02T12:22:00,1908.81,34.178,0.1,88.918,0.1532,HTTPS,camera
2025-01-02T00:40:00,140.364,12.694,3.133,8.301,0.0,MQTT,actuator
2025-01-02T17:38:00,1229.177,1.0,7.17,83.336,0.8194,HTTPS,camera
2025-01-01T12:01:00,81.3,19.426,6.984,0.477,0.1644,MQTT,env_sensor
2025-01-01T00:25:00,415.17,70.71,5.164,59.128,1.9437,CoAP,gateway
2025-01-01T04:53:00,149.582,14.283,4.565,4.573,0.2252,MQTT,actuator
2025-01-02T03:16:00,118.945,11.144,11.87,4.984,0.5328,MQTT,actuator
2025-01-02T16:55:00,63.371,18.14,5.985,6.902,1.3037,MQTT,actuator
2025-01-02T17:32:00,43.012,1.329,2.114,0.05,0.0,LoRaWAN,env_sensor
2025-01-02T02:54:00,83.878,41.945,3.457,7.167,2.1914,MQTT,env_sensor
2025-01-02T02:44:00,1727.547,103.523,5.463,89.448,0.574,HTTPS,camera
2025-01-01T12:00:00,762.944,34.869,13.658,2.958,1.0064,CoAP,gateway
2025-01-02T09:39:00,1247.497,90.68,3.726,17.622,1.0627,HTTPS,gateway
2025-01-02T07:40:00,1418.523,67.432,3.772,36.591,1.0366,HTTPS,gateway
2025-01-02T05:05:00,350.543,57.455,8.583,22.872,1.1875,CoAP,gateway
2025-01-02T12:54:00,855.823,77.852,3.839,129.343,0.3464,HTTPS,camera
2025-01-01T20:58:00,1897.408,39.348,8.263,95.842,0.0,HTTPS,gateway
2025-01-01T02:26:00,2034.195,49.874,1.443,167.132,1.1891,HTTPS,camera
2025-01-02T15:44:00,63.946,25.261,3.537,0.05,1.3032,MQTT,env_sensor
2025-01-02T16:07:00,1343.175,45.202,9.955,104.79,0.0122,HTTPS,gateway
2025-01-01T12:51:00,17.969,28.175,2.422,9.897,0.402,MQTT,env_sensor
2025-01-01T06:39:00,160.17,19.39,6.687,6.677,0.7969,MQTT,actuator
2025-01-02T12:08:00,1230.437,33.753,5.865,110.929,0.0,HTTPS,gateway
2025-01-01T14:45:00,61.58,8.507,14.319,12.067,1.34,MQTT,actuator
2025-01-02T12:39:00,90.924,13.198,1.932,2.55,1.4713,MQTT,env_sensor
2025-01-01T08:15:00,1234.494,41.395,6.315,105.098,0.108,HTTPS,gateway
2025-01-01T00:34:00,74.414,17.869,2.402,3.932,2.0807,MQTT,env_sensor
2025-01-01T15:37:00,1714.903,60.682,2.113,95.137,1.2943,HTTPS,camera
2025-01-02T11:33:00,29.164,210.146,3.616,0.841,0.7234,LoRaWAN,smart_meter
2025-01-01T05:26:00,1081.749,41.829,9.226,0.05,0.0,HTTPS,gateway
2025-01-01T09:27:00,36.881,198.895,5.073,0.424,4.5311,LoRaWAN,smart_meter
2025-01-01T17:14:00,1019.079,104.88,6.543,28.261,0.759,CoAP,camera
2025-01-02T15:49:00,1630.283,35.998,8.405,160.825,0.8172,HTTPS,camera
2025-01-02T13:41:00,29.371,313.406,4.38,0.05,1.3439,LoRaWAN,smart_meter
2025-01-01T02:27:00,54.31,20.985,0.128,0.05,2.1751,MQTT,env_sensor
2025-01-01T17:58:00,99.818,36.985,4.546,1.684,1.4968,MQTT,env_sensor
2025-01-01T04:14:00,1381.038,81.073,5.041,109.902,1.3042,HTTPS,camera
2025-01-02T05:55:00,662.977,31.636,11.276,138.959,0.3476,HTTPS,gateway
2025-01-02T10:57:00,110.337,23.031,4.34,2.237,1.3295,MQTT,actuator
2025-01-01T16:33:00,705.821,85.09,2.941,129.458,0.8695,HTTPS,camera
2025-01-01T03:34:00,99.723,10.036,6.256,11.231,1.6937,CoAP,env_sensor
2025-01-02T03:38:00,18.11,291.303,2.173,0.05,1.9073,LoRaWAN,smart_meter
2025-01-02T00:01:00,34.174,149.067,2.993,0.634,2.5841,LoRaWAN,smart_meter
2025-01-01T20:48:00,8.0,100.189,0.622,142.855,0.9116,HTTPS,camera
2025-01-01T01:59:00,29.868,35.5,5.148,3.066,1.1733,CoAP,env_sensor
2025-01-02T16:16:00,83.659,19.58,6.951,6.585,1.9508,MQTT,actuator
2025-01-02T11:36:00,52.987,41.196,3.607,2.0,1.0737,MQTT,env_sensor
2025-01-02T14:41:00,3378.472,96.716,1.661,109.075,0.4685,HTTPS,camera
2025-01-01T09:44:00,87.504,24.378,0.134,11.91,0.2414,MQTT,actuator
2025-01-01T17:03:00,39.935,180.336,3.541,0.238,1.5299,LoRaWAN,smart_meter
2025-01-01T04:38:00,2180.514,77.131,4.57,0.05,0.6331,HTTPS,camera
2025-01-02T02:36:00,25.9,252.656,0.1,0.645,1.7457,LoRaWAN,smart_meter
2025-01-01T04:07:00,2051.798,51.529,9.177,70.702,1.3545,HTTPS,gateway
2025-01-01T01:56:00,103.918,29.891,0.1,0.05,2.1905,MQTT,env_sensor
2025-01-01T23:59:00,73.232,7.832,2.851,18.015,1.3994,MQTT,actuator
2025-01-01T11:18:00,116.633,17.91,4.954,5.389,1.4114,MQTT,actuator
2025-01-02T00:53:00,21.828,282.019,2.956,0.339,0.0,LoRaWAN,smart_meter
2025-01-02T17:31:00,1145.248,43.713,7.236,82.379,0.0,HTTPS,camera
2025-01-01T08:46:00,40.994,5.174,6.751,13.523,1.1065,MQTT,actuator
2025-01-02T06:02:00,206.351,23.34,3.555,9.915,0.7317,MQTT,actuator
2025-01-02T06:08:00,82.426,9.765,0.1,5.029,2.608,MQTT,env_sensor
2025-01-02T04:09:00,70.412,18.913,3.573,3.642,0.3169,MQTT,env_sensor
2025-01-01T19:00:00,36.665,14.927,1.837,6.056,0.4727,MQTT,env_sensor
2025-01-01T21:19:00,136.158,15.835,4.071,6.524,0.9176,MQTT,actuator
2025-01-01T03:42:00,819.973,16.218,0.494,0.05,1.5323,MQTT,gateway
2025-01-01T23:50:00,25.092,119.171,0.1,0.512,3.2383,LoRaWAN,smart_meter
2025-01-01T03:47:00,670.227,27.444,0.1,58.474,0.8585,HTTPS,camera
2025-01-01T09:45:00,2398.399,61.805,5.183,160.877,0.1351,HTTPS,camera
2025-01-01T13:12:00,1120.181,61.007,11.495,13.267,0.0,HTTPS,gateway
2025-01-01T11:09:00,25.827,253.42,4.332,0.584,3.5755,LoRaWAN,smart_meter
2025-01-01T15:32:00,26.112,295.96,5.198,0.471,1.2662,LoRaWAN,smart_meter
2025-01-02T05:14:00,1772.512,34.075,13.542,27.645,1.0581,CoAP,gateway
2025-01-01T19:05:00,1540.518,57.981,0.469,83.345,1.125,HTTPS,camera
2025-01-02T00:47:00,1530.086,34.512,8.727,19.151,0.4,HTTPS,gateway
2025-01-02T16:26:00,34.389,168.035,1.846,0.47,0.2791,LoRaWAN,smart_meter
2025-01-02T07:03:00,942.818,43.036,5.441,18.694,2.0937,CoAP,gateway
2025-01-01T17:21:00,1957.958,28.452,3.939,148.544,0.2223,HTTPS,camera
2025-01-01T09:21:00,759.466,69.039,4.445,62.71,0.2701,HTTPS,gateway
2025-01-01T15:08:00,964.045,36.175,4.761,70.546,0.3143,HTTPS,gateway
2025-01-01T12:28:00,20.214,99.449,4.617,0.56,1.7468,LoRaWAN,smart_meter
2025-01-02T16:25:00,56.226,12.355,1.476,3.169,1.0811,MQTT,env_sensor
2025-01-02T15:23:00,1545.681,52.585,0.1,165.509,0.9903,HTTPS,camera
2025-01-01T23:16:00,618.507,41.657,11.085,53.69,1.458,HTTPS,gateway
2025-01-02T12:58:00,2416.415,27.302,1.542,88.455,0.5165,HTTPS,camera
2025-01-01T18:20:00,1328.416,79.504,0.1,67.908,0.4303,HTTPS,camera
2025-01-01T07:33:00,28.051,119.094,2.245,0.475,4.9384,LoRaWAN,smart_meter
2025-01-02T11:32:00,34.669,121.535,0.47,0.209,6.0063,LoRaWAN,smart_meter
2025-01-01T05:42:00,1972.915,77.133,7.115,145.441,0.1895,HTTPS,camera
2025-01-02T08:45:00,1293.645,68.375,0.871,154.849,0.3222,HTTPS,camera
2025-01-02T16:25:00,31.823,205.331,1.37,0.569,1.3673,LoRaWAN,smart_meter
2025-01-01T09:27:00,85.387,1.0,1.0,1.131,2.5153,MQTT,env_sensor
2025-01-01T23:55:00,62.888,18.451,4.626,10.557,0.0,MQTT,actuator
2025-01-01T12:26:00,897.249,54.531,13.36,57.888,0.2664,HTTPS,gateway
2025-01-01T07:16:00,777.761,28.333,9.849,0.05,1.3453,CoAP,gateway
2025-01-01T19:09:00,646.523,10.829,5.16,63.603,0.556,CoAP,gateway
2025-01-02T04:21:00,1038.957,78.586,5.631,60.989,1.8052,HTTPS,gateway
2025-01-01T06:29:00,77.671,31.155,6.539,4.601,1.2285,MQTT,env_sensor
2025-01-01T07:41:00,1938.111,39.53,0.1,63.108,0.0985,HTTPS,camera
2025-01-02T01:21:00,13.49,181.792,0.1,0.551,5.7799,LoRaWAN,smart_meter
2025-01-01T15:46:00,98.902,31.774,4.765,7.507,2.6652,MQTT,env_sensor
2025-01-02T07:58:00,744.346,25.856,0.199,19.006,0.1932,HTTPS,gateway
2025-01-02T04:40:00,807.942,21.189,5.81,54.198,0.4284,HTTPS,gateway
2025-01-02T02:00:00,117.342,15.791,0.548,13.793,1.9908,MQTT,actuator
2025-01-02T09:13:00,92.033,29.677,4.377,6.392,0.0,MQTT,env_sensor
2025-01-01T13:27:00,46.425,30.609,2.454,7.375,0.0,MQTT,env_sensor
2025-01-02T03:00:00,47.368,22.418,3.144,2.965,1.5324,MQTT,env_sensor
2025-01-01T22:47:00,21.332,183.291,2.91,0.646,5.061,LoRaWAN,smart_meter
2025-01-01T07:10:00,39.767,132.093,1.225,0.534,0.0,LoRaWAN,smart_meter
2025-01-01T20:47:00,112.3,23.665,2.07,6.767,0.9951,MQTT,actuator
2025-01-02T16:57:00,849.405,51.929,7.062,73.372,1.0571,CoAP,camera
2025-01-01T19:03:00,110.969,2.097,2.425,11.195,0.9739,MQTT,actuator
2025-01-02T15:57:00,1429.405,34.969,3.273,103.17,0.0,HTTPS,gateway
2025-01-01T20:19:00,30.254,220.487,3.63,0.727,0.9773,LoRaWAN,smart_meter
2025-01-02T12:35:00,581.948,30.572,2.643,80.944,0.2818,HTTPS,camera
2025-01-02T12:34:00,97.472,41.311,4.56,5.959,0.9864,MQTT,env_sensor
2025-01-02T06:44:00,25.266,23.262,4.479,0.327,3.3456,MQTT,smart_meter
2025-01-02T12:22:00,81.611,13.537,6.893,13.008,1.9309,MQTT,actuator
2025-01-02T15:49:00,24.146,137.493,4.021,0.244,1.0337,LoRaWAN,smart_meter
2025-01-01T04:45:00,35.831,195.296,1.535,0.463,3.3424,LoRaWAN,smart_meter
2025-01-02T17:12:00,2293.89,66.881,0.247,9.635,1.4891,MQTT,gateway
2025-01-01T23:59:00,674.584,52.76,6.425,109.795,0.0,HTTPS,gateway
2025-01-01T17:10:00,38.332,244.429,3.181,0.05,4.6657,LoRaWAN,smart_meter
2025-01-02T17:36:00,1048.848,37.829,10.423,50.942,1.9831,HTTPS,gateway
2025-01-01T22:56:00,1240.324,55.653,0.262,58.254,0.8666,HTTPS,camera
2025-01-01T23:13:00,46.246,186.678,0.354,1.084,1.3763,MQTT,smart_meter
2025-01-01T23:09:00,1861.598,24.442,4.412,80.381,2.821,HTTPS,gateway
2025-01-01T10:23:00,120.751,24.606,2.13,8.019,0.9655,MQTT,actuator
2025-01-02T17:02:00,108.56,44.588,4.144,1.385,1.9869,MQTT,env_sensor
2025-01-01T08:08:00,1500.18,46.827,3.444,109.108,0.7802,HTTPS,camera
2025-01-01T12:06:00,1207.707,94.892,4.524,212.536,0.467,HTTPS,camera
2025-01-01T05:53:00,1024.711,78.238,14.45,112.891,0.4085,HTTPS,gateway
2025-01-01T21:42:00,63.222,20.087,0.1,3.535,0.5481,MQTT,actuator
2025-01-02T16:46:00,105.42,12.51,5.937,12.983,0.9371,MQTT,actuator
2025-01-01T08:19:00,1391.21,46.984,14.774,69.145,0.0,HTTPS,gateway
2025-01-01T19:08:00,28.377,152.645,0.64,0.221,0.3153,LoRaWAN,smart_meter
2025-01-02T09:09:00,1362.037,39.448,3.931,122.99,0.9325,HTTPS,gateway
2025-01-02T06:49:00,873.089,54.814,5.119,110.035,0.0,HTTPS,gateway
2025-01-02T16:19:00,1176.941,58.131,10.691,67.276,0.0,HTTPS,gateway
2025-01-02T09:49:00,1250.986,52.329,2.789,44.069,0.1451,HTTPS,camera
2025-01-01T01:58:00,1961.352,52.042,7.195,109.647,2.0017,HTTPS,gateway
2025-01-02T14:26:00,50.008,21.123,0.781,9.527,0.214,MQTT,env_sensor
2025-01-02T15:25:00,67.18,6.031,2.877,2.822,1.029,MQTT,env_sensor
2025-01-02T01:56:00,34.048,141.565,1.793,0.05,3.8051,LoRaWAN,smart_meter
2025-01-01T08:47:00,85.95,13.615,10.082,16.538,1.1837,CoAP,actuator
2025-01-02T03:47:00,88.92,19.94,5.851,9.413,1.0227,CoAP,actuator
2025-01-02T09:25:00,868.97,52.917,4.897,6.099,1.9846,MQTT,gateway
2025-01-02T16:40:00,32.486,111.681,3.938,0.113,2.762,LoRaWAN,smart_meter
2025-01-01T23:55:00,67.905,15.551,6.612,3.497,0.0,MQTT,env_sensor
2025-01-01T04:08:00,107.311,13.336,10.362,11.843,0.0,MQTT,actuator
2025-01-01T08:06:00,101.728,6.438,4.166,14.452,1.1028,MQTT,actuator
2025-01-01T21:58:00,1585.033,74.162,6.368,96.259,1.1546,HTTPS,camera
2025-01-01T09:30:00,1341.568,25.801,0.1,71.05,1.8801,HTTPS,gateway
2025-01-01T05:19:00,97.172,10.368,4.564,13.2,2.2706,MQTT,actuator
2025-01-02T01:07:00,61.07,13.129,5.155,13.839,1.0503,MQTT,actuator
2025-01-01T01:04:00,20.697,205.509,0.1,0.789,1.4865,LoRaWAN,smart_meter
2025-01-02T06:22:00,15.854,252.796,3.953,0.26,2.6174,LoRaWAN,smart_meter
2025-01-01T18:51:00,1337.244,32.561,2.175,75.54,0.2236,HTTPS,camera
2025-01-01T23:15:00,22.136,167.021,2.317,1.138,2.2671,MQTT,smart_meter
2025-01-02T15:48:00,1199.969,30.305,15.802,0.05,2.9382,CoAP,gateway
2025-01-02T05:34:00,1134.824,55.941,8.652,84.805,0.1531,HTTPS,gateway
2025-01-02T04:25:00,1569.23,17.565,2.643,186.622,0.6944,HTTPS,camera
2025-01-01T09:06:00,632.349,46.451,4.714,65.722,0.6254,HTTPS,gateway
2025-01-02T04:09:00,70.845,20.686,13.375,6.026,0.2094,MQTT,actuator
2025-01-02T08:55:00,620.213,56.957,8.037,53.661,1.202,CoAP,camera
2025-01-02T10:21:00,21.809,136.612,2.852,0.548,1.6601,MQTT,smart_meter
2025-01-01T09:34:00,2338.971,77.687,2.628,185.535,1.4351,HTTPS,camera
2025-01-01T08:27:00,1625.781,40.525,9.374,80.26,1.5113,HTTPS,gateway
2025-01-01T05:59:00,103.352,15.979,6.276,3.841,0.0,MQTT,env_sensor
2025-01-01T01:38:00,1204.928,47.604,1.928,37.851,1.3584,HTTPS,camera
2025-01-01T21:12:00,41.362,49.383,3.208,0.373,4.6103,MQTT,smart_meter
2025-01-01T10:10:00,54.445,20.007,3.988,5.153,0.2338,MQTT,env_sensor
2025-01-02T00:31:00,534.486,58.921,0.1,3.078,0.0,MQTT,camera
2025-01-02T08:37:00,782.652,41.564,10.346,24.916,2.1111,CoAP,gateway
2025-01-01T04:18:00,34.514,189.368,0.1,0.56,4.7829,LoRaWAN,smart_meter
2025-01-02T02:59:00,34.213,176.768,0.77,0.798,0.7055,LoRaWAN,smart_meter
2025-01-01T12:07:00,1530.57,52.005,1.324,0.05,1.2124,HTTPS,camera
2025-01-01T08:32:00,138.532,12.621,1.681,11.93,0.4969,MQTT,actuator
2025-01-01T02:50:00,116.116,22.421,4.993,4.944,0.0,MQTT,actuator
2025-01-01T20:23:00,1805.363,33.298,13.362,93.386,1.8758,HTTPS,gateway
2025-01-02T05:41:00,1367.946,119.543,8.712,94.412,1.4504,HTTPS,camera
2025-01-01T10:11:00,1235.435,53.463,4.354,182.987,0.0788,HTTPS,camera
2025-01-01T08:31:00,1891.825,114.843,1.533,165.613,0.0,HTTPS,camera
2025-01-02T04:01:00,2292.294,22.672,6.174,116.146,0.1718,HTTPS,camera
2025-01-02T13:05:00,1071.23,29.914,12.594,9.012,1.8031,MQTT,gateway
2025-01-01T02:51:00,32.568,162.635,4.608,0.423,3.7631,LoRaWAN,smart_meter
2025-01-01T22:52:00,116.723,5.543,12.293,10.682,0.7622,CoAP,actuator
2025-01-02T16:25:00,2305.957,85.491,5.439,151.217,0.4855,HTTPS,camera
2025-01-01T12:21:00,70.814,24.405,5.636,0.05,1.3426,MQTT,env_sensor
2025-01-01T16:06:00,715.085,55.908,2.35,73.755,1.1424,MQTT,gateway
2025-01-01T21:09:00,135.11,53.415,0.1,0.452,1.3031,MQTT,env_sensor
2025-01-02T00:16:00,59.522,15.739,4.921,9.765,1.3884,MQTT,env_sensor
2025-01-02T01:46:00,132.234,12.202,3.826,2.609,1.7203,MQTT,env_sensor
2025-01-01T01:58:00,61.284,33.647,0.1,6.589,0.576,MQTT,env_sensor
2025-01-01T04:00:00,1901.577,67.961,4.092,121.0,0.8496,HTTPS,camera
2025-01-01T21:05:00,53.372,39.843,3.72,3.373,0.1836,MQTT,env_sensor
2025-01-01T23:10:00,78.244,8.689,2.435,10.793,0.9107,MQTT,env_sensor
2025-01-01T15:57:00,69.047,14.978,1.747,4.153,2.628,MQTT,env_sensor
2025-01-02T10:47:00,47.496,24.436,2.817,1.245,1.0139,MQTT,env_sensor
2025-01-02T13:20:00,38.93,147.52,0.316,0.248,0.2925,LoRaWAN,smart_meter
2025-01-02T02:03:00,1576.456,65.452,6.385,62.313,0.7612,HTTPS,camera
2025-01-01T14:57:00,64.093,28.018,3.735,0.346,0.0,MQTT,env_sensor
2025-01-01T18:23:00,39.019,23.933,2.599,4.27,0.0,MQTT,env_sensor
2025-01-01T06:10:00,1923.215,72.603,9.28,129.673,0.8973,HTTPS,camera
2025-01-02T10:14:00,1923.223,62.13,7.325,51.626,0.6619,HTTPS,camera
2025-01-01T23:25:00,2412.018,59.865,5.797,120.342,1.0161,HTTPS,camera
2025-01-02T17:35:00,95.045,7.201,5.055,13.616,0.0,MQTT,actuator
2025-01-01T22:15:00,277.792,51.137,4.546,149.123,0.0043,HTTPS,camera
2025-01-01T01:42:00,35.578,281.077,4.51,0.423,3.6038,LoRaWAN,smart_meter
2025-01-02T13:55:00,88.697,25.939,1.916,7.464,0.7247,MQTT,actuator
2025-01-02T16:42:00,99.208,22.04,6.14,6.159,0.4851,CoAP,actuator
2025-01-01T16:27:00,38.191,36.01,4.754,9.017,0.956,MQTT,env_sensor
2025-01-01T14:20:00,1317.659,29.635,7.858,103.318,0.0622,HTTPS,gateway
2025-01-02T04:59:00,42.995,257.827,1.548,0.787,1.8018,MQTT,smart_meter
2025-01-02T10:19:00,84.028,26.276,3.973,3.884,1.5619,MQTT,env_sensor
2025-01-02T10:09:00,705.665,68.759,20.927,67.059,0.6265,HTTPS,gateway
2025-01-01T20:28:00,1026.176,8.23,4.689,28.18,0.0,HTTPS,gateway
2025-01-02T13:06:00,88.316,24.261,8.801,6.196,1.1266,MQTT,actuator
2025-01-01T22:52:00,108.446,24.626,3.064,4.175,0.0,MQTT,env_sensor
2025-01-01T09:33:00,1031.291,50.058,15.643,52.602,1.5343,HTTPS,gateway
2025-01-01T17:57:00,98.113,6.866,6.334,10.258,1.7204,MQTT,actuator
2025-01-02T11:24:00,2809.966,71.967,1.147,117.396,0.8056,HTTPS,camera
2025-01-02T05:27:00,23.732,237.991,1.126,0.894,0.3954,LoRaWAN,smart_meter
2025-01-01T18:04:00,90.771,11.355,0.625,0.05,1.8838,MQTT,env_sensor
2025-01-01T16:14:00,1148.931,83.209,4.407,140.248,0.7471,HTTPS,camera
2025-01-01T10:48:00,1576.947,60.764,0.807,215.607,0.7015,HTTPS,camera
2025-01-01T15:55:00,646.135,85.142,3.496,103.879,0.5685,HTTPS,camera
2025-01-01T03:11:00,630.068,52.192,9.483,9.013,0.7761,CoAP,gateway
2025-01-02T05:13:00,3351.531,75.096,1.413,108.435,1.2433,HTTPS,camera
2025-01-02T15:01:00,481.337,60.945,10.651,0.05,1.096,CoAP,gateway
2025-01-02T16:32:00,845.05,53.628,0.233,110.601,1.3795,HTTPS,camera
2025-01-02T14:15:00,1045.883,67.19,8.837,67.402,2.3939,HTTPS,gateway
2025-01-01T07:06:00,2227.482,55.107,0.1,181.453,0.8231,HTTPS,camera
2025-01-02T07:41:00,1748.246,60.05,3.969,17.856,0.868,HTTPS,gateway
2025-01-02T07:45:00,3152.476,30.826,4.668,146.062,0.8833,HTTPS,camera
2025-01-01T21:37:00,81.704,17.956,0.507,3.951,0.968,MQTT,actuator
2025-01-02T00:21:00,1347.031,27.971,13.064,15.919,1.5715,MQTT,gateway
2025-01-01T09:22:00,111.424,20.004,7.82,7.008,1.0413,MQTT,actuator
2025-01-02T09:13:00,145.683,16.46,8.064,9.655,1.2651,MQTT,actuator
2025-01-01T19:48:00,81.638,37.696,3.492,0.657,0.1017,MQTT,env_sensor
2025-01-01T14:48:00,112.348,20.542,1.404,3.61,1.5174,MQTT,env_sensor
2025-01-01T02:21:00,16.664,116.842,2.11,0.57,1.4073,LoRaWAN,smart_meter
2025-01-02T09:09:00,31.96,93.385,1.391,0.617,1.8154,MQTT,smart_meter
2025-01-01T20:17:00,96.305,18.558,14.354,9.91,0.0327,CoAP,actuator
2025-01-01T04:59:00,131.593,20.143,3.913,4.019,1.7694,MQTT,actuator
2025-01-01T08:34:00,105.116,15.673,9.764,1.714,0.0,MQTT,actuator
2025-01-01T11:57:00,1598.367,52.15,3.644,60.243,0.0216,HTTPS,camera
2025-01-01T23:07:00,117.127,21.739,1.719,6.256,1.3848,MQTT,actuator
2025-01-02T01:31:00,67.066,25.15,9.949,9.289,1.1077,CoAP,actuator
2025-01-02T01:26:00,100.28,29.499,5.86,1.178,2.2337,MQTT,env_sensor
2025-01-02T06:44:00,1589.1,24.249,5.11,83.517,0.1106,HTTPS,gateway
2025-01-01T09:53:00,359.745,28.483,7.689,55.556,2.3245,CoAP,gateway
2025-01-02T15:04:00,336.378,79.542,7.392,126.268,0.1388,HTTPS,camera
2025-01-01T17:15:00,981.713,2.654,12.669,130.152,3.1492,CoAP,gateway
2025-01-01T21:06:00,915.607,36.213,13.035,55.424,0.0,HTTPS,gateway
2025-01-02T09:17:00,8.0,29.433,2.551,80.129,0.7793,HTTPS,gateway
2025-01-01T10:15:00,57.622,21.649,3.958,7.668,1.5334,MQTT,actuator
2025-01-02T03:54:00,2476.148,62.7,4.061,43.275,0.0,HTTPS,camera
2025-01-01T02:53:00,1713.873,42.638,2.989,122.976,0.3196,HTTPS,camera
2025-01-01T20:28:00,163.737,20.733,1.569,12.837,0.7058,MQTT,actuator
2025-01-02T04:57:00,2390.037,52.812,0.1,76.994,0.6618,HTTPS,camera
2025-01-02T09:40:00,1544.667,1.836,2.115,140.883,0.1823,HTTPS,camera
2025-01-02T00:01:00,1331.078,32.209,0.785,15.5,1.3234,MQTT,gateway
2025-01-01T11:05:00,116.224,12.707,8.303,12.874,0.0,MQTT,actuator
2025-01-02T06:14:00,81.276,35.362,3.653,4.573,2.6122,MQTT,env_sensor
2025-01-02T11:50:00,1873.362,21.22,5.264,55.333,0.4197,HTTPS,gateway
2025-01-01T09:15:00,116.885,28.542,4.155,6.729,0.2615,MQTT,actuator
2025-01-01T22:02:00,1157.007,22.874,4.628,214.44,0.0,HTTPS,camera
2025-01-02T12:31:00,59.251,22.669,4.072,6.6,0.0,MQTT,actuator
2025-01-01T11:39:00,98.347,17.551,2.953,4.816,0.2573,MQTT,actuator
2025-01-01T15:20:00,3480.77,68.681,4.392,139.619,0.8044,HTTPS,camera
2025-01-01T15:38:00,103.834,21.719,1.8,4.901,1.4838,MQTT,env_sensor
2025-01-01T08:00:00,709.963,14.997,0.1,128.835,0.6214,HTTPS,camera
2025-01-02T09:14:00,88.105,20.265,4.336,6.582,0.2725,MQTT,actuator
2025-01-01T05:13:00,1986.253,92.358,6.745,57.469,0.9912,HTTPS,camera
2025-01-02T02:38:00,20.744,140.58,0.1,0.463,2.077,LoRaWAN,smart_meter
2025-01-01T02:04:00,964.43,55.28,8.541,8.201,0.6289,CoAP,gateway
2025-01-01T14:49:00,63.984,36.958,4.092,3.395,1.9702,MQTT,env_sensor
2025-01-01T10:52:00,2356.289,32.797,2.525,86.224,0.5325,HTTPS,camera
2025-01-01T06:11:00,143.564,26.612,11.86,8.394,0.7685,MQTT,actuator
2025-01-01T12:43:00,42.835,79.288,2.963,0.05,4.304,MQTT,smart_meter
2025-01-01T22:42:00,41.953,18.812,0.1,3.821,1.7113,MQTT,env_sensor
2025-01-01T05:09:00,77.617,72.763,13.577,79.744,1.1816,MQTT,gateway
2025-01-02T03:10:00,116.059,25.591,5.628,3.954,0.5116,CoAP,actuator
2025-01-01T20:01:00,96.169,21.925,8.013,4.447,0.7315,CoAP,actuator
2025-01-02T08:01:00,78.762,25.067,0.1,0.05,0.0,MQTT,env_sensor
2025-01-02T10:31:00,890.105,50.595,6.769,29.285,1.2548,CoAP,gateway
2025-01-01T14:42:00,1245.063,98.515,6.188,159.329,0.8253,HTTPS,camera
2025-01-02T11:25:00,1574.678,19.808,6.392,149.814,0.7963,HTTPS,camera
2025-01-01T15:14:00,132.487,9.386,9.043,10.215,1.6595,MQTT,actuator
2025-01-01T05:28:00,1555.117,59.512,9.325,92.196,1.7618,HTTPS,gateway
2025-01-01T14:14:00,74.304,21.113,4.294,0.05,0.8542,MQTT,env_sensor
2025-01-02T03:25:00,2229.944,54.836,5.451,158.02,0.0043,HTTPS,camera
2025-01-01T09:28:00,979.987,50.49,7.201,63.223,0.4997,HTTPS,camera
2025-01-01T16:09:00,2477.725,46.988,1.793,159.757,0.6422,HTTPS,camera
2025-01-02T16:05:00,1875.333,59.457,0.908,114.371,1.5586,HTTPS,camera
2025-01-01T09:21:00,75.136,31.953,3.119,0.478,1.7176,MQTT,env_sensor
2025-01-01T05:06:00,27.102,90.258,0.1,0.631,8.4597,LoRaWAN,smart_meter
2025-01-01T01:21:00,446.718,57.769,17.044,52.121,1.2446,CoAP,gateway
2025-01-02T00:54:00,14.542,173.778,5.637,0.632,2.4601,LoRaWAN,smart_meter
2025-01-01T07:38:00,821.442,18.332,0.1,126.811,1.2454,HTTPS,gateway
2025-01-01T15:00:00,88.034,22.017,5.287,0.05,1.2292,MQTT,env_sensor
2025-01-01T07:08:00,33.747,109.939,2.097,0.592,1.2904,LoRaWAN,smart_meter
2025-01-02T09:55:00,87.977,16.542,6.392,4.996,1.0871,MQTT,actuator
2025-01-01T20:36:00,22.238,164.192,2.19,0.15,1.6604,LoRaWAN,smart_meter
2025-01-01T21:16:00,1506.013,70.821,4.136,171.307,0.5952,HTTPS,camera
2025-01-01T12:07:00,26.163,117.58,0.302,0.376,2.48,LoRaWAN,smart_meter
2025-01-01T10:25:00,814.523,33.733,10.934,102.232,2.5435,CoAP,gateway
2025-01-02T05:17:00,797.102,94.824,2.75,109.485,0.8783,HTTPS,camera
2025-01-02T11:47:00,23.982,194.682,0.834,0.286,1.3848,LoRaWAN,smart_meter
2025-01-01T18:27:00,18.226,219.475,4.225,0.524,2.5083,LoRaWAN,smart_meter
2025-01-01T22:45:00,1227.898,50.148,4.044,0.05,0.5633,HTTPS,camera
2025-01-01T01:33:00,2281.504,1.0,4.097,140.041,0.8266,HTTPS,camera
2025-01-01T14:19:00,89.503,17.749,11.402,11.559,1.1635,MQTT,actuator
2025-01-01T23:56:00,75.112,28.58,2.951,3.859,1.0639,MQTT,env_sensor
2025-01-01T08:18:00,34.918,22.43,3.181,4.959,0.9649,MQTT,env_sensor
2025-01-02T05:36:00,2134.326,35.234,2.235,204.544,0.3137,HTTPS,camera
2025-01-02T08:17:00,32.743,203.281,4.546,0.05,2.8545,LoRaWAN,smart_meter
2025-01-02T06:38:00,61.461,17.191,2.767,2.446,0.0,MQTT,env_sensor
2025-01-01T15:07:00,75.248,16.832,3.878,6.432,0.1536,MQTT,env_sensor
2025-01-01T08:05:00,788.311,49.12,5.909,41.824,1.2636,CoAP,gateway
2025-01-01T15:14:00,986.594,69.977,3.751,73.484,0.4643,HTTPS,gateway
2025-01-01T07:27:00,1014.324,63.097,8.257,86.618,0.1682,HTTPS,gateway
2025-01-02T15:55:00,14.584,13.08,3.382,6.82,0.9241,MQTT,env_sensor
2025-01-01T06:12:00,73.643,21.603,3.54,16.086,1.824,MQTT,actuator
2025-01-02T12:27:00,78.753,7.376,12.712,14.636,0.4372,CoAP,actuator
2025-01-01T07:20:00,1153.075,32.737,5.241,44.641,2.0136,MQTT,gateway
2025-01-01T09:22:00,12.441,294.544,0.762,0.209,2.2124,LoRaWAN,smart_meter
2025-01-02T11:13:00,1407.356,46.064,3.713,129.376,1.0785,HTTPS,camera
2025-01-01T01:35:00,44.265,258.955,2.553,0.05,4.0005,LoRaWAN,smart_meter
2025-01-02T09:03:00,916.335,49.59,18.2,20.676,0.8947,CoAP,gateway
2025-01-02T10:17:00,57.062,34.658,4.992,5.863,2.2267,MQTT,env_sensor
2025-01-01T04:39:00,1173.384,64.707,0.643,181.515,0.0,HTTPS,camera
2025-01-02T02:40:00,768.4,70.688,7.25,25.284,0.2295,CoAP,gateway
2025-01-02T03:00:00,40.269,284.567,2.543,0.374,1.2034,LoRaWAN,smart_meter
2025-01-02T00:46:00,1265.646,89.025,4.814,136.991,0.1273,HTTPS,camera
2025-01-02T11:45:00,36.589,91.65,3.734,0.71,8.4826,LoRaWAN,smart_meter
2025-01-01T14:52:00,96.923,14.29,5.183,10.879,0.9089,MQTT,actuator
2025-01-01T04:33:00,124.968,22.353,3.519,7.553,1.9434,MQTT,actuator
2025-01-02T03:33:00,870.849,71.512,13.083,202.555,0.8047,HTTPS,camera
2025-01-02T14:48:00,10.994,11.189,6.135,5.792,2.3196,MQTT,env_sensor
2025-01-02T16:02:00,1581.203,57.235,7.226,24.818,1.5259,CoAP,gateway
2025-01-01T05:40:00,179.723,27.136,7.21,10.659,1.116,MQTT,actuator
2025-01-02T15:26:00,1067.961,26.26,6.32,99.906,0.6133,HTTPS,gateway
2025-01-02T04:33:00,108.918,42.551,0.1,0.05,0.5665,MQTT,env_sensor
2025-01-02T07:31:00,1717.429,32.978,5.322,105.988,0.5371,HTTPS,camera
2025-01-01T13:56:00,93.359,23.998,6.367,8.373,0.4165,MQTT,actuator
2025-01-02T14:37:00,145.219,41.673,3.287,0.959,1.2351,MQTT,env_sensor
2025-01-02T02:19:00,69.114,28.734,2.667,0.618,1.5252,MQTT,env_sensor
2025-01-02T04:36:00,2088.169,12.949,7.012,195.9,1.2431,HTTPS,camera
2025-01-01T14:06:00,2272.916,77.86,6.427,155.059,1.6632,HTTPS,camera
2025-01-02T05:36:00,53.71,27.939,6.506,5.684,0.0,MQTT,actuator
2025-01-02T09:16:00,33.753,231.469,1.613,0.05,0.0,LoRaWAN,smart_meter
2025-01-01T02:43:00,98.62,8.65,4.226,11.065,0.2312,MQTT,actuator
2025-01-02T14:43:00,94.076,19.451,8.853,6.376,0.3958,MQTT,actuator
2025-01-01T03:38:00,134.02,54.071,4.652,0.05,0.0,MQTT,camera
2025-01-01T14:10:00,113.012,15.967,1.858,6.937,1.326,MQTT,actuator
2025-01-02T08:45:00,62.093,19.723,5.104,12.863,1.1246,MQTT,actuator
2025-01-01T10:48:00,16.29,268.521,0.1,0.329,2.9152,LoRaWAN,smart_meter
2025-01-01T06:11:00,108.256,9.392,3.626,2.232,2.5136,MQTT,env_sensor
2025-01-01T01:38:00,152.423,20.757,3.79,1.648,1.2255,MQTT,actuator
2025-01-02T14:27:00,218.029,43.843,8.208,110.842,1.0246,CoAP,gateway
2025-01-01T22:20:00,160.961,14.065,7.358,10.956,0.0,MQTT,actuator
2025-01-02T13:44:00,165.487,27.363,0.1,7.439,1.3714,MQTT,actuator
2025-01-01T01:31:00,92.889,1.0,2.596,1.018,2.8361,MQTT,env_sensor
2025-01-01T23:16:00,24.652,113.946,3.52,0.76,2.9197,LoRaWAN,smart_meter
2025-01-01T17:56:00,34.434,63.72,2.198,0.497,4.1791,MQTT,smart_meter
2025-01-02T08:39:00,61.317,46.783,1.815,5.771,1.6918,MQTT,env_sensor
2025-01-01T12:57:00,23.124,217.521,0.857,0.194,0.6723,LoRaWAN,smart_meter
2025-01-02T02:46:00,1550.669,28.891,12.523,0.05,0.4575,HTTPS,gateway
2025-01-01T03:23:00,29.262,160.739,0.1,0.41,3.4462,LoRaWAN,smart_meter
2025-01-01T02:06:00,39.841,25.941,1.417,6.268,0.871,MQTT,env_sensor
2025-01-02T15:49:00,150.65,13.588,8.069,8.367,0.2208,CoAP,actuator
2025-01-01T19:37:00,58.164,30.086,5.351,9.934,0.0,MQTT,env_sensor
2025-01-01T08:37:00,1193.836,28.627,6.327,41.265,2.0357,HTTPS,gateway
2025-01-01T10:33:00,51.901,5.964,1.615,2.799,2.276,MQTT,env_sensor
2025-01-01T16:45:00,31.582,188.744,2.038,0.206,2.5928,LoRaWAN,smart_meter
2025-01-01T01:44:00,39.172,285.176,2.116,0.359,5.8733,LoRaWAN,smart_meter
2025-01-01T13:18:00,1365.009,70.98,5.218,34.276,0.0,HTTPS,camera
2025-01-02T17:21:00,1879.428,47.981,10.302,0.488,1.1875,CoAP,camera
2025-01-01T22:53:00,1430.606,78.272,9.554,57.66,0.1972,HTTPS,gateway
2025-01-01T16:30:00,20.852,199.653,1.752,0.392,5.0756,LoRaWAN,smart_meter
2025-01-01T07:05:00,105.709,16.704,4.909,1.973,0.4715,MQTT,actuator
2025-01-01T07:30:00,72.154,12.978,6.319,4.034,0.7869,MQTT,actuator
2025-01-01T10:36:00,26.259,190.4,0.938,0.05,1.4294,LoRaWAN,smart_meter
2025-01-02T14:43:00,16.773,222.019,2.365,0.435,3.0045,LoRaWAN,smart_meter
2025-01-02T09:58:00,51.947,32.664,2.491,0.05,1.1546,MQTT,env_sensor
2025-01-02T13:50:00,128.654,18.998,4.594,11.34,0.6653,MQTT,actuator
2025-01-01T22:50:00,127.823,15.712,8.827,9.077,1.6089,MQTT,actuator
2025-01-01T13:18:00,1244.833,45.86,2.448,90.147,1.1919,HTTPS,gateway
2025-01-02T06:49:00,98.527,40.902,4.425,0.05,2.4698,MQTT,env_sensor
2025-01-01T12:36:00,532.127,43.747,11.063,0.05,0.7288,HTTPS,gateway
2025-01-01T21:40:00,89.34,6.177,7.114,8.928,0.6457,MQTT,actuator
2025-01-01T14:08:00,79.368,13.897,10.658,13.918,2.3915,MQTT,actuator
2025-01-01T02:52:00,71.585,16.69,3.697,5.073,3.4058,MQTT,env_sensor
2025-01-02T03:45:00,1949.184,107.246,7.571,170.433,0.1663,HTTPS,camera
2025-01-01T16:24:00,1194.284,66.862,2.227,168.201,0.7259,HTTPS,camera
2025-01-02T13:45:00,130.512,32.351,2.494,36.392,1.1126,MQTT,gateway
2025-01-01T12:06:00,27.644,123.521,1.892,0.355,1.9498,LoRaWAN,smart_meter
2025-01-01T06:04:00,522.674,52.516,7.726,87.542,2.0898,CoAP,gateway
2025-01-01T13:07:00,60.785,15.112,7.142,4.18,0.8331,MQTT,actuator
2025-01-02T02:36:00,87.125,5.116,1.91,0.619,2.1544,MQTT,env_sensor
2025-01-02T10:26:00,16.462,225.967,0.1,0.426,3.3749,LoRaWAN,smart_meter
2025-01-01T23:13:00,127.11,17.813,0.1,10.712,0.6531,MQTT,actuator
2025-01-01T16:11:00,106.612,18.794,6.736,8.158,1.1665,MQTT,actuator
2025-01-02T02:22:00,24.513,163.348,0.904,0.05,3.5731,LoRaWAN,smart_meter
2025-01-01T15:52:00,1053.152,41.838,1.364,87.664,0.0,HTTPS,camera
2025-01-01T09:34:00,41.858,23.49,1.164,3.312,0.901,MQTT,env_sensor
2025-01-02T02:16:00,343.281,69.163,1.34,222.691,0.0,HTTPS,camera
2025-01-01T18:18:00,1615.027,33.64,3.808,78.244,1.0128,HTTPS,camera
2025-01-02T01:52:00,63.337,18.102,5.394,3.812,0.0,MQTT,env_sensor
2025-01-01T06:54:00,1020.612,22.916,13.259,110.498,0.7562,HTTPS,gateway
2025-01-02T02:54:00,68.323,23.185,9.566,9.886,0.9015,MQTT,actuator
2025-01-02T16:31:00,47.285,24.672,1.959,3.429,0.1698,MQTT,env_sensor
2025-01-01T22:12:00,633.568,61.269,9.582,63.863,1.1041,CoAP,gateway
2025-01-01T13:19:00,1210.224,29.158,3.078,134.281,0.7011,HTTPS,camera
2025-01-02T17:27:00,28.95,216.113,0.131,0.463,4.0829,LoRaWAN,smart_meter
2025-01-01T03:25:00,72.398,8.64,0.1,0.213,1.9969,MQTT,env_sensor
2025-01-02T11:46:00,1966.994,60.692,2.962,15.139,0.2395,HTTPS,camera
2025-01-01T23:32:00,114.771,22.125,0.632,8.014,1.255,MQTT,actuator
2025-01-02T11:29:00,836.421,48.58,2.446,49.805,1.1324,CoAP,gateway
2025-01-01T08:38:00,861.53,66.765,8.32,44.298,0.8347,HTTPS,gateway
2025-01-01T00:38:00,105.423,21.421,10.27,7.598,1.1604,MQTT,actuator
2025-01-01T14:35:00,3762.479,57.18,1.964,68.852,0.888,HTTPS,camera
2025-01-02T04:20:00,86.729,23.202,2.263,4.915,0.9822,MQTT,env_sensor
2025-01-02T05:05:00,587.075,28.983,0.1,140.934,0.2112,HTTPS,camera
2025-01-01T05:32:00,2156.741,15.862,0.75,206.411,0.0914,HTTPS,camera
2025-01-01T22:12:00,171.234,15.77,2.834,11.138,0.5812,MQTT,actuator
2025-01-01T13:55:00,94.94,13.795,6.258,8.722,1.8456,CoAP,actuator
2025-01-02T00:24:00,26.198,67.977,3.879,0.05,5.7349,LoRaWAN,smart_meter
2025-01-02T04:07:00,750.251,67.486,2.717,110.248,1.0449,MQTT,gateway
2025-01-01T09:59:00,39.133,239.37,0.363,0.602,5.5506,LoRaWAN,smart_meter
2025-01-01T13:36:00,2011.508,60.599,2.734,105.217,0.6214,HTTPS,camera
2025-01-01T07:18:00,543.492,18.526,6.386,3.579,1.3051,CoAP,gateway
2025-01-01T10:49:00,21.64,105.605,1.565,0.719,4.2429,LoRaWAN,smart_meter
2025-01-02T13:39:00,26.581,18.339,1.334,4.919,0.548,MQTT,env_sensor
2025-01-02T11:10:00,8.0,78.381,6.69,61.517,0.3908,HTTPS,gateway
2025-01-02T03:17:00,34.475,202.421,3.271,1.004,3.6791,MQTT,smart_meter
2025-01-02T15:21:00,39.891,6.773,9.16,11.952,2.5786,MQTT,actuator
2025-01-02T13:48:00,1766.639,47.594,9.827,103.303,1.1482,HTTPS,gateway
2025-01-02T13:23:00,66.866,17.395,5.551,11.274,0.8142,MQTT,env_sensor
2025-01-01T11:07:00,42.591,6.661,0.559,2.024,2.0123,MQTT,env_sensor
2025-01-02T08:25:00,1464.597,47.897,9.784,97.858,1.5291,HTTPS,gateway
2025-01-01T23:58:00,1649.914,43.499,6.363,0.05,0.1072,HTTPS,camera
2025-01-01T17:42:00,1346.927,74.739,4.452,83.239,1.5344,HTTPS,camera
2025-01-01T02:51:00,98.526,23.778,8.433,11.691,0.5607,MQTT,actuator
2025-01-01T12:31:00,590.865,44.961,9.249,72.9,1.8181,CoAP,gateway
2025-01-01T06:23:00,27.826,256.676,1.759,0.926,1.3612,MQTT,smart_meter
2025-01-02T11:41:00,77.14,20.29,0.833,2.227,2.6293,MQTT,env_sensor
2025-01-01T06:07:00,741.58,61.064,11.063,66.497,0.0,HTTPS,gateway
2025-01-02T01:00:00,18.094,47.52,4.276,0.849,2.6939,MQTT,smart_meter
2025-01-01T05:06:00,1307.454,50.637,6.004,0.05,0.6469,HTTPS,camera
2025-01-01T21:51:00,1025.548,70.118,2.883,49.365,0.0,HTTPS,gateway
2025-01-02T12:12:00,902.033,24.333,8.529,100.109,0.0,HTTPS,gateway
2025-01-02T16:14:00,23.562,181.124,1.428,1.059,0.3123,MQTT,smart_meter
2025-01-02T00:13:00,544.319,65.814,13.708,55.451,2.8173,CoAP,gateway
2025-01-02T01:35:00,127.953,8.375,8.498,12.639,0.7943,CoAP,actuator
2025-01-01T21:33:00,21.609,214.761,0.838,0.473,4.4817,LoRaWAN,smart_meter
2025-01-01T17:24:00,81.645,30.864,1.956,7.846,2.765,MQTT,env_sensor
2025-01-01T10:55:00,2422.794,60.042,2.784,79.978,0.7371,HTTPS,camera
2025-01-02T06:25:00,655.652,15.14,10.63,74.343,1.196,CoAP,gateway
2025-01-01T23:38:00,2381.394,14.33,5.736,126.32,0.8501,HTTPS,camera
2025-01-01T12:35:00,40.533,16.123,0.1,6.003,0.9322,MQTT,env_sensor
2025-01-02T16:09:00,1364.8,51.463,3.82,148.061,0.6245,HTTPS,camera
2025-01-02T08:00:00,420.366,74.104,12.264,140.249,1.0282,CoAP,gateway
2025-01-02T05:39:00,86.533,19.285,3.325,0.05,0.8088,MQTT,env_sensor
2025-01-01T03:57:00,133.053,24.713,14.204,0.323,1.1336,MQTT,actuator
2025-01-02T14:01:00,28.491,18.014,3.866,0.099,3.515,LoRaWAN,smart_meter
2025-01-02T13:57:00,23.825,175.252,1.964,0.567,1.7265,LoRaWAN,smart_meter
2025-01-01T04:31:00,40.187,144.181,4.011,0.234,5.9017,LoRaWAN,smart_meter
2025-01-01T13:33:00,21.633,166.084,2.258,1.12,2.6461,MQTT,smart_meter
2025-01-02T13:19:00,1768.863,88.153,1.126,28.874,1.0174,MQTT,camera
2025-01-01T04:32:00,8.0,5.115,0.1,8.509,1.6841,MQTT,env_sensor
2025-01-01T12:22:00,48.099,8.698,0.789,2.818,0.9129,MQTT,env_sensor
2025-01-01T12:14:00,22.761,170.264,3.505,0.378,1.9478,LoRaWAN,smart_meter
2025-01-01T10:35:00,125.885,28.9,13.831,4.663,1.6976,MQTT,actuator
2025-01-01T15:28:00,76.571,29.049,0.393,0.727,0.0,MQTT,env_sensor
2025-01-01T21:26:00,509.507,46.078,11.575,35.002,0.0349,CoAP,gateway
2025-01-01T12:29:00,213.475,35.739,2.263,114.425,1.2556,MQTT,camera
2025-01-01T00:52:00,1242.665,39.647,1.799,48.941,0.5677,HTTPS,gateway
2025-01-02T03:08:00,1641.776,45.318,16.879,63.06,0.4758,HTTPS,gateway
2025-01-01T20:21:00,1458.056,20.098,8.747,60.553,0.0,HTTPS,gateway
2025-01-01T08:23:00,79.747,41.808,1.119,1.332,0.6866,MQTT,env_sensor
2025-01-01T21:06:00,37.102,264.941,2.599,0.268,5.1599,LoRaWAN,smart_meter
2025-01-02T00:27:00,1755.089,60.353,7.773,239.012,1.0408,HTTPS,camera
2025-01-01T08:35:00,166.971,18.446,4.859,7.919,0.1499,MQTT,actuator
2025-01-02T00:56:00,681.123,59.607,9.479,0.05,0.0,CoAP,gateway
2025-01-02T08:14:00,30.594,144.128,2.958,0.811,1.8444,LoRaWAN,smart_meter
2025-01-02T06:57:00,56.112,20.131,5.588,3.5,1.5463,MQTT,env_sensor
2025-01-02T13:44:00,21.046,82.38,0.1,0.166,0.3015,LoRaWAN,smart_meter
2025-01-01T07:57:00,109.879,16.5,5.897,9.356,0.0,CoAP,actuator
2025-01-02T10:16:00,1097.816,54.66,0.569,103.81,0.8233,HTTPS,camera
2025-01-01T07:54:00,1583.662,42.737,9.768,36.922,1.5371,CoAP,gateway
2025-01-02T09:56:00,44.136,39.216,4.963,9.19,0.9926,MQTT,env_sensor
2025-01-01T20:00:00,161.713,28.973,6.619,7.962,1.5214,MQTT,actuator
2025-01-02T12:55:00,46.952,11.456,4.533,5.407,1.8712,MQTT,env_sensor
2025-01-01T21:28:00,35.271,118.036,1.653,0.402,4.3893,LoRaWAN,smart_meter
2025-01-02T15:14:00,888.445,29.212,12.594,119.621,0.7276,CoAP,gateway
2025-01-01T14:09:00,1066.152,36.159,12.148,130.47,0.856,HTTPS,camera
2025-01-02T00:25:00,463.651,62.649,8.117,218.171,0.085,HTTPS,camera
2025-01-01T17:55:00,15.36,184.378,1.404,0.438,2.7563,LoRaWAN,smart_meter
2025-01-01T12:22:00,33.408,125.145,1.89,0.569,3.5067,LoRaWAN,smart_meter
2025-01-01T23:04:00,414.116,37.313,10.262,118.894,0.4918,HTTPS,gateway
2025-01-02T13:44:00,451.707,83.582,1.315,0.05,1.7561,MQTT,camera
2025-01-02T04:34:00,133.052,29.516,5.823,8.71,0.9893,MQTT,actuator
2025-01-01T04:21:00,130.267,11.136,10.669,7.811,1.3691,MQTT,actuator
2025-01-01T17:48:00,36.857,32.87,3.099,6.205,0.0,MQTT,env_sensor
2025-01-02T03:50:00,111.413,10.209,5.315,13.192,0.331,MQTT,actuator
2025-01-02T09:09:00,118.375,21.119,4.513,4.981,0.539,MQTT,actuator
2025-01-01T14:25:00,1271.882,1.0,0.1,84.766,1.3261,HTTPS,camera
2025-01-02T16:19:00,21.923,136.329,1.201,0.918,1.0844,LoRaWAN,smart_meter
2025-01-02T05:31:00,1757.812,41.598,4.956,128.576,0.1279,HTTPS,camera
2025-01-01T12:15:00,53.318,22.72,2.565,8.758,1.4887,MQTT,env_sensor
2025-01-01T16:08:00,1533.15,50.888,0.1,81.473,0.9371,HTTPS,gateway
2025-01-01T03:09:00,1993.779,56.36,4.813,104.895,0.7046,HTTPS,camera
2025-01-02T15:42:00,26.802,226.309,3.168,0.05,5.6417,LoRaWAN,smart_meter
2025-01-01T03:31:00,30.953,211.342,0.614,0.676,5.0236,LoRaWAN,smart_meter
2025-01-02T13:04:00,70.344,5.493,5.687,9.88,1.9734,MQTT,env_sensor
2025-01-02T17:33:00,993.342,54.279,3.467,8.986,1.3835,CoAP,gateway
2025-01-02T15:54:00,29.108,56.356,1.287,0.361,3.5675,LoRaWAN,smart_meter
2025-01-02T17:19:00,94.545,26.259,0.854,5.584,1.6403,MQTT,env_sensor
2025-01-01T07:05:00,1561.678,92.281,6.239,118.373,1.0143,HTTPS,camera
2025-01-01T02:40:00,1211.589,37.321,5.089,53.619,0.7207,HTTPS,gateway
2025-01-01T10:13:00,83.825,31.413,4.466,4.383,0.4209,MQTT,env_sensor
2025-01-01T22:09:00,68.516,14.521,6.14,7.17,0.2858,MQTT,actuator
2025-01-01T04:26:00,67.066,39.892,1.046,0.05,1.9101,MQTT,env_sensor
2025-01-01T15:06:00,36.807,174.218,0.104,0.642,3.1606,LoRaWAN,smart_meter
2025-01-01T21:43:00,1441.377,72.455,6.928,151.843,0.0832,HTTPS,camera
2025-01-02T15:25:00,2497.566,29.173,0.792,175.143,0.3407,HTTPS,camera
2025-01-01T17:34:00,500.258,47.881,8.67,10.922,1.3408,CoAP,gateway
2025-01-02T10:03:00,1410.759,49.578,16.793,112.477,0.8098,HTTPS,gateway
2025-01-01T11:19:00,947.85,4.659,4.512,133.911,0.032,HTTPS,gateway
2025-01-01T10:46:00,29.217,306.851,2.311,0.187,4.5638,LoRaWAN,smart_meter
2025-01-02T00:02:00,970.88,45.672,4.008,117.09,1.6706,MQTT,gateway
2025-01-02T04:18:00,908.603,23.646,3.446,86.705,1.7518,MQTT,gateway
2025-01-01T07:49:00,590.309,49.505,7.02,31.161,0.2384,CoAP,gateway
2025-01-01T15:13:00,31.008,192.118,1.819,0.367,0.1765,LoRaWAN,smart_meter
2025-01-01T05:06:00,755.589,33.43,12.314,35.818,0.2187,CoAP,gateway
2025-01-02T02:02:00,61.651,38.608,6.259,0.05,0.324,CoAP,actuator
2025-01-01T03:13:00,30.126,178.806,4.86,0.186,1.9722,LoRaWAN,smart_meter
2025-01-01T13:12:00,27.118,118.686,0.1,0.387,6.4356,LoRaWAN,smart_meter
2025-01-02T06:26:00,374.259,56.658,1.969,139.259,0.8326,HTTPS,camera
2025-01-01T01:22:00,1907.562,58.664,9.686,35.547,1.1552,HTTPS,gateway
2025-01-01T12:17:00,612.68,79.157,7.752,204.082,1.5127,CoAP,camera
2025-01-02T11:48:00,949.576,60.533,4.825,92.487,1.1243,HTTPS,gateway
2025-01-01T23:26:00,37.816,41.142,1.405,6.093,1.5326,MQTT,env_sensor
2025-01-01T12:59:00,1905.397,14.683,4.897,60.029,1.2861,HTTPS,camera
2025-01-02T05:04:00,35.867,205.308,0.1,0.699,3.7913,LoRaWAN,smart_meter
2025-01-02T12:43:00,28.943,235.526,1.707,0.178,3.0177,LoRaWAN,smart_meter
2025-01-02T10:46:00,86.304,17.929,4.66,5.288,2.3699,MQTT,env_sensor
2025-01-01T07:18:00,352.259,79.84,2.573,114.949,0.362,HTTPS,camera
2025-01-01T00:27:00,93.633,8.774,3.14,8.809,0.3578,MQTT,env_sensor
2025-01-02T15:18:00,10.456,202.182,1.408,0.56,6.4033,LoRaWAN,smart_meter
2025-01-01T23:11:00,758.141,59.127,3.803,31.418,0.0,HTTPS,gateway
2025-01-01T06:43:00,1782.701,87.758,10.535,60.784,1.1227,HTTPS,camera
2025-01-01T19:05:00,1069.759,38.744,0.1,95.212,0.7325,HTTPS,gateway
2025-01-01T02:35:00,8.0,57.127,8.405,0.05,2.416,MQTT,gateway
2025-01-02T09:39:00,579.572,67.597,3.76,104.65,0.86,HTTPS,camera
2025-01-02T01:52:00,13.865,229.735,3.384,0.649,5.1993,LoRaWAN,smart_meter
2025-01-01T05:24:00,104.673,14.175,1.704,2.924,0.592,MQTT,actuator
2025-01-02T01:05:00,20.584,175.784,1.2,0.05,7.4525,LoRaWAN,smart_meter
2025-01-02T13:57:00,8.0,48.443,0.311,110.551,0.562,HTTPS,camera
2025-01-02T08:35:00,83.107,30.104,6.63,5.061,0.0,MQTT,actuator
2025-01-02T07:22:00,602.328,19.862,9.887,58.82,1.6572,CoAP,gateway
2025-01-02T09:18:00,34.704,228.201,0.1,0.346,2.8724,LoRaWAN,smart_meter
2025-01-02T02:24:00,52.52,148.76,2.451,0.219,3.5531,MQTT,smart_meter
2025-01-02T06:55:00,2665.94,30.273,9.771,157.031,0.6686,HTTPS,camera
2025-01-01T20:26:00,799.536,38.536,8.644,0.05,1.2419,CoAP,gateway
2025-01-01T16:25:00,17.892,262.231,3.584,0.756,0.9337,LoRaWAN,smart_meter
2025-01-01T20:13:00,1090.348,40.751,3.288,63.121,2.1577,HTTPS,gateway
2025-01-02T04:56:00,1593.507,58.384,6.921,109.278,2.1028,HTTPS,gateway
2025-01-02T12:28:00,1157.727,21.907,4.304,0.05,0.0,HTTPS,gateway
2025-01-02T12:16:00,1163.072,79.928,10.091,101.422,0.0,HTTPS,gateway
2025-01-02T07:02:00,62.326,14.939,5.512,8.449,1.7739,CoAP,env_sensor
2025-01-01T17:29:00,1056.174,6.824,0.254,105.951,1.6894,HTTPS,gateway
2025-01-01T20:53:00,1680.45,33.276,5.654,28.988,1.1204,CoAP,gateway
2025-01-01T23:14:00,1504.482,56.899,0.14,110.233,0.5258,HTTPS,camera
2025-01-01T01:32:00,129.453,13.754,0.1,10.308,0.9029,MQTT,actuator
2025-01-01T08:52:00,140.912,13.293,7.388,4.213,0.9267,MQTT,actuator
2025-01-01T16:56:00,8.0,118.663,4.022,0.573,2.5949,LoRaWAN,smart_meter
2025-01-02T04:18:00,32.56,89.178,0.359,0.13,5.2603,LoRaWAN,smart_meter
2025-01-01T16:28:00,1463.989,73.953,9.208,164.631,0.0,HTTPS,camera
2025-01-02T16:04:00,30.329,14.684,4.481,5.149,3.114,MQTT,env_sensor
2025-01-02T17:28:00,86.876,19.127,6.486,5.741,0.9384,MQTT,env_sensor
2025-01-02T05:48:00,142.786,20.229,7.864,5.122,0.5724,MQTT,actuator
2025-01-02T01:49:00,715.032,72.297,10.142,88.093,1.211,CoAP,gateway
2025-01-02T01:35:00,30.826,127.253,2.993,0.463,2.7707,LoRaWAN,smart_meter
2025-01-01T03:45:00,1371.305,61.375,3.379,73.569,1.2419,HTTPS,camera
2025-01-01T02:15:00,44.853,293.653,4.583,0.246,0.9665,LoRaWAN,smart_meter
2025-01-01T18:40:00,73.427,13.561,2.667,6.307,1.8601,MQTT,env_sensor
2025-01-01T06:53:00,142.775,21.942,5.158,5.453,0.3893,MQTT,actuator
2025-01-02T16:18:00,79.994,24.144,6.24,4.287,0.2725,MQTT,env_sensor
2025-01-01T10:43:00,2595.471,76.564,1.582,241.602,0.5931,HTTPS,camera
2025-01-01T21:51:00,523.274,57.638,6.839,209.636,0.1495,HTTPS,camera
2025-01-01T10:49:00,107.404,29.026,6.299,5.695,1.3611,MQTT,actuator
2025-01-01T14:24:00,1687.066,45.08,6.379,129.333,1.7378,HTTPS,gateway
2025-01-01T01:48:00,31.899,175.402,1.601,0.488,1.6397,LoRaWAN,smart_meter
2025-01-02T16:59:00,1120.788,54.3,6.164,93.369,0.0,HTTPS,camera
2025-01-01T04:57:00,1206.738,75.004,2.455,98.693,0.0,HTTPS,camera
2025-01-01T09:36:00,25.756,186.461,2.804,0.423,5.4723,LoRaWAN,smart_meter
2025-01-01T11:55:00,29.566,227.653,0.292,0.73,4.0535,LoRaWAN,smart_meter
2025-01-02T00:09:00,1814.498,75.926,1.209,49.14,0.5123,HTTPS,camera
2025-01-02T17:23:00,1098.939,59.467,0.1,98.034,2.1746,HTTPS,gateway
2025-01-02T12:44:00,2721.637,72.041,4.696,198.397,0.6947,HTTPS,camera
2025-01-02T01:39:00,26.696,64.978,4.029,0.129,0.0,HTTPS,smart_meter
2025-01-01T20:56:00,2248.173,74.284,5.745,44.429,1.3442,MQTT,camera
2025-01-01T02:46:00,34.31,44.506,2.746,0.05,0.9897,HTTPS,smart_meter
2025-01-01T21:12:00,146.467,17.495,9.928,7.655,1.3366,MQTT,actuator
2025-01-01T07:09:00,1145.697,57.387,7.038,86.157,0.3212,HTTPS,camera
2025-01-01T23:03:00,146.838,23.486,9.225,5.841,2.6507,MQTT,actuator
2025-01-02T11:25:00,27.514,125.734,1.549,0.235,3.5395,LoRaWAN,smart_meter
2025-01-01T19:26:00,70.863,2.222,1.166,2.38,0.6559,MQTT,env_sensor
2025-01-01T17:41:00,31.632,177.669,0.296,0.359,6.0554,LoRaWAN,smart_meter
2025-01-02T01:30:00,2339.815,68.586,4.545,157.847,0.6897,HTTPS,camera
2025-01-01T12:13:00,150.106,10.179,13.566,6.402,0.3007,MQTT,actuator
2025-01-01T13:09:00,48.807,35.372,3.054,0.05,0.6356,HTTPS,env_sensor
2025-01-02T03:05:00,2478.896,86.892,4.767,102.972,0.8348,HTTPS,camera
2025-01-01T06:43:00,152.562,24.2,6.574,13.206,0.8871,MQTT,actuator
2025-01-01T19:43:00,886.549,33.253,12.47,65.295,1.1108,CoAP,gateway
2025-01-01T05:10:00,65.301,29.316,2.601,1.151,1.9598,MQTT,env_sensor
2025-01-02T03:53:00,26.571,266.789,2.787,0.331,4.5443,LoRaWAN,smart_meter
2025-01-01T17:20:00,81.106,16.221,3.537,1.521,0.856,MQTT,env_sensor
2025-01-02T04:16:00,1591.372,32.717,14.886,32.24,0.8003,HTTPS,gateway
2025-01-01T07:31:00,124.9,15.954,10.486,12.576,1.0493,MQTT,actuator
2025-01-01T05:14:00,108.287,19.229,6.343,4.012,1.1927,MQTT,actuator
2025-01-01T04:22:00,15.717,34.113,6.41,5.84,0.4265,MQTT,env_sensor
2025-01-02T00:35:00,107.502,11.878,8.417,15.455,0.4115,MQTT,actuator
2025-01-01T07:40:00,1816.565,46.136,16.439,27.623,1.7865,CoAP,gateway
2025-01-01T05:37:00,89.646,14.213,7.223,6.635,1.5272,MQTT,actuator
2025-01-01T10:59:00,1289.589,59.187,5.976,101.597,0.0,HTTPS,camera
2025-01-01T06:20:00,1436.999,47.313,0.1,140.626,0.8939,HTTPS,gateway
2025-01-01T05:35:00,1562.347,32.187,2.399,144.092,0.1351,HTTPS,camera
2025-01-01T11:08:00,28.583,283.563,1.246,0.65,0.0,LoRaWAN,smart_meter
2025-01-01T01:17:00,103.263,27.452,0.1,13.671,0.8552,MQTT,actuator
2025-01-01T22:30:00,25.647,241.196,4.811,0.663,3.9476,LoRaWAN,smart_meter
2025-01-01T13:37:00,97.88,10.707,3.503,4.847,0.6278,MQTT,actuator
2025-01-01T01:32:00,76.918,23.069,4.343,6.363,2.4405,MQTT,env_sensor
2025-01-01T13:50:00,86.097,25.677,0.212,3.863,1.0248,MQTT,env_sensor
2025-01-01T07:00:00,35.645,8.16,0.1,1.047,0.0,MQTT,env_sensor
2025-01-01T09:40:00,1300.657,76.786,4.088,71.573,0.6123,HTTPS,camera
2025-01-01T01:04:00,121.879,24.338,1.584,4.852,2.5312,MQTT,env_sensor
2025-01-01T02:23:00,752.461,72.207,0.45,92.533,0.6051,HTTPS,gateway
2025-01-02T03:49:00,103.347,28.879,6.949,10.212,0.0,CoAP,env_sensor
2025-01-02T00:41:00,1155.353,44.055,3.433,167.104,1.5454,HTTPS,camera
2025-01-01T01:14:00,52.257,3.398,3.554,2.871,0.7862,MQTT,env_sensor
2025-01-01T19:00:00,52.09,19.437,6.958,8.306,0.5612,MQTT,actuator
2025-01-01T16:53:00,71.542,35.786,2.027,3.709,1.1527,MQTT,env_sensor
2025-01-02T02:17:00,65.192,22.133,1.871,4.572,1.8496,MQTT,env_sensor
2025-01-01T10:45:00,69.392,18.043,11.863,11.644,0.8021,MQTT,actuator
2025-01-01T12:17:00,159.7,15.441,8.084,5.335,1.0952,MQTT,actuator
2025-01-02T10:05:00,20.407,225.159,3.367,0.401,5.6333,LoRaWAN,smart_meter
2025-01-01T17:45:00,99.64,7.432,4.204,1.327,2.0405,MQTT,env_sensor
2025-01-01T04:50:00,80.541,15.174,4.21,0.05,0.4036,MQTT,env_sensor
2025-01-01T20:14:00,79.746,24.142,3.127,4.494,1.9156,MQTT,actuator
2025-01-01T21:20:00,21.809,164.934,3.574,0.211,1.5835,LoRaWAN,smart_meter
2025-01-01T08:54:00,1381.739,50.761,1.317,203.694,0.2214,HTTPS,camera
2025-01-01T00:47:00,642.475,56.053,14.902,80.468,0.7587,HTTPS,gateway
2025-01-02T00:56:00,24.204,199.729,0.822,0.81,5.3962,LoRaWAN,smart_meter
2025-01-02T03:47:00,53.052,38.715,5.272,3.271,2.365,MQTT,env_sensor
2025-01-01T06:58:00,84.163,21.028,1.824,9.307,2.9041,MQTT,env_sensor
2025-01-02T06:42:00,77.402,35.954,7.517,7.171,2.73,MQTT,env_sensor
2025-01-01T05:41:00,1699.386,99.281,2.338,77.37,1.325,HTTPS,camera
2025-01-02T11:26:00,857.059,55.95,7.562,0.05,1.4459,CoAP,gateway
2025-01-01T15:04:00,101.998,17.339,9.818,14.123,1.3871,MQTT,actuator
2025-01-01T18:31:00,901.422,33.135,14.292,95.542,1.2508,CoAP,gateway
2025-01-01T21:35:00,8.0,191.265,1.498,0.365,5.8911,LoRaWAN,smart_meter
2025-01-02T15:26:00,1421.993,77.386,0.737,50.071,0.8352,HTTPS,camera
2025-01-01T08:11:00,2659.574,61.611,7.432,210.149,0.6436,HTTPS,camera
2025-01-01T11:45:00,1474.158,50.476,9.47,78.04,0.4501,HTTPS,gateway
2025-01-01T07:58:00,647.392,76.25,12.094,40.16,1.2592,CoAP,gateway
2025-01-01T13:40:00,1687.008,86.314,1.505,34.689,1.0991,HTTPS,camera
2025-01-01T06:25:00,1105.117,50.857,12.442,84.628,0.2412,HTTPS,gateway
2025-01-01T05:58:00,74.228,11.071,3.747,0.05,1.0336,MQTT,env_sensor
2025-01-02T04:55:00,569.589,48.666,8.696,54.108,0.0,HTTPS,gateway
2025-01-01T16:51:00,17.491,200.701,0.658,0.366,4.8798,LoRaWAN,smart_meter
2025-01-02T08:34:00,404.166,46.716,17.84,45.618,2.575,CoAP,gateway
2025-01-02T15:07:00,1302.239,31.383,11.493,71.568,1.6575,HTTPS,gateway
2025-01-02T10:40:00,27.037,191.371,1.237,0.548,3.7067,LoRaWAN,smart_meter
2025-01-02T07:18:00,18.791,295.852,3.191,0.243,6.9967,LoRaWAN,smart_meter
2025-01-01T19:44:00,30.939,114.844,2.312,0.05,2.0026,LoRaWAN,smart_meter
2025-01-02T12:48:00,1288.545,13.759,1.0,114.86,0.743,HTTPS,gateway
2025-01-01T20:47:00,1641.849,48.064,4.112,171.122,0.1517,HTTPS,camera
2025-01-01T16:10:00,500.337,42.923,3.917,78.654,2.4556,HTTPS,gateway
2025-01-01T10:30:00,30.187,233.938,3.114,0.489,1.446,LoRaWAN,smart_meter
2025-01-01T19:30:00,58.434,29.229,5.581,8.694,0.6933,CoAP,actuator
2025-01-02T01:41:00,639.013,52.409,7.419,167.915,0.0,HTTPS,camera
2025-01-02T03:23:00,378.096,55.211,7.859,104.352,0.9596,HTTPS,gateway
2025-01-01T11:24:00,1116.985,52.608,2.241,32.604,0.1346,HTTPS,gateway
2025-01-02T00:18:00,21.757,173.101,3.535,0.074,1.0459,LoRaWAN,smart_meter
2025-01-02T01:30:00,1433.148,28.509,10.624,78.434,0.6662,HTTPS,gateway
2025-01-01T20:34:00,2428.656,57.526,5.399,128.661,0.4475,HTTPS,camera
2025-01-01T17:07:00,56.449,21.325,9.348,7.151,0.6785,MQTT,actuator
2025-01-02T03:43:00,1092.479,78.429,0.1,168.491,0.4051,HTTPS,camera
2025-01-01T12:09:00,495.464,62.851,1.427,98.844,0.0,HTTPS,camera
2025-01-02T03:17:00,877.69,49.355,7.96,243.167,0.9273,HTTPS,camera
2025-01-02T07:46:00,1367.044,70.014,2.563,182.87,0.8252,HTTPS,camera
2025-01-01T12:56:00,82.444,24.331,4.203,3.656,2.4738,MQTT,env_sensor
2025-01-02T00:06:00,20.639,210.783,0.726,0.674,4.3014,LoRaWAN,smart_meter
2025-01-01T18:45:00,2989.427,41.472,4.11,163.626,0.9601,HTTPS,camera
2025-01-01T14:21:00,97.199,4.923,5.446,11.396,1.654,MQTT,actuator
2025-01-01T13:15:00,438.926,67.106,4.891,71.95,1.3316,HTTPS,gateway
2025-01-01T21:58:00,407.105,63.183,3.637,44.635,1.5262,CoAP,gateway
2025-01-02T01:23:00,2359.029,66.558,4.149,56.017,0.6098,HTTPS,camera
2025-01-01T00:54:00,1175.406,38.024,13.764,32.137,2.5823,CoAP,gateway
2025-01-02T04:38:00,81.465,17.165,2.616,5.585,0.6021,MQTT,env_sensor
2025-01-01T09:57:00,29.714,26.46,0.1,12.008,0.7484,HTTPS,env_sensor
2025-01-01T20:46:00,1675.007,59.688,17.828,72.02,1.4174,HTTPS,gateway
2025-01-02T06:53:00,20.192,200.28,4.075,0.933,3.4057,LoRaWAN,smart_meter
2025-01-01T10:48:00,107.577,22.061,7.222,12.067,0.6608,MQTT,actuator
2025-01-01T02:05:00,904.566,72.793,7.242,116.071,0.9774,HTTPS,camera
2025-01-01T10:55:00,91.352,20.874,3.143,2.103,0.5348,MQTT,env_sensor
2025-01-01T09:48:00,129.958,1.0,0.54,15.181,1.103,MQTT,actuator
2025-01-01T06:41:00,104.936,20.212,8.309,13.605,1.7011,MQTT,actuator
2025-01-01T05:17:00,72.874,19.603,5.696,6.827,0.1795,CoAP,actuator
2025-01-01T04:41:00,1530.974,38.79,10.447,133.14,1.4881,HTTPS,gateway
2025-01-02T10:18:00,715.721,72.659,16.257,1.824,2.3181,CoAP,gateway
2025-01-02T00:29:00,511.434,54.863,5.369,41.195,0.0,CoAP,gateway
2025-01-01T19:35:00,641.953,77.262,6.437,80.392,0.784,HTTPS,gateway
2025-01-01T15:57:00,900.596,43.528,10.231,63.281,2.1438,CoAP,gateway
2025-01-01T23:44:00,84.323,15.524,0.1,0.077,2.1006,MQTT,env_sensor
2025-01-02T15:05:00,1338.119,57.5,10.597,87.073,0.0,HTTPS,gateway
2025-01-02T04:29:00,23.256,145.265,2.936,0.115,3.2534,LoRaWAN,smart_meter
2025-01-01T22:50:00,1619.975,30.237,2.569,73.225,1.3949,HTTPS,camera
2025-01-01T13:30:00,1513.158,65.75,1.242,42.683,1.5917,MQTT,camera
2025-01-02T02:05:00,82.173,18.184,8.645,9.513,0.5066,MQTT,actuator
2025-01-01T06:35:00,63.241,5.561,2.381,2.6,0.6375,MQTT,env_sensor
2025-01-01T20:29:00,1629.204,36.367,3.899,103.513,0.9851,HTTPS,camera
2025-01-01T23:40:00,29.934,244.731,0.54,0.41,2.862,LoRaWAN,smart_meter
2025-01-02T03:13:00,2544.676,19.725,11.468,231.44,0.7749,HTTPS,camera
2025-01-01T00:58:00,38.305,145.046,0.518,0.575,6.8037,LoRaWAN,smart_meter
2025-01-02T14:31:00,1492.761,56.253,4.887,110.367,0.2098,HTTPS,gateway
2025-01-01T19:54:00,39.718,8.687,6.447,3.949,1.4135,CoAP,env_sensor
2025-01-01T07:51:00,29.129,211.148,2.299,0.637,0.6658,LoRaWAN,smart_meter
2025-01-02T09:11:00,1960.008,62.085,0.166,110.931,0.0868,HTTPS,camera
2025-01-01T07:25:00,89.597,23.123,4.798,11.88,0.1786,MQTT,actuator
2025-01-01T01:20:00,188.403,11.682,7.169,4.977,1.4862,MQTT,actuator
2025-01-02T09:40:00,771.607,44.025,13.455,69.444,0.5722,HTTPS,gateway
2025-01-01T23:30:00,18.647,107.562,4.131,0.05,1.3161,LoRaWAN,smart_meter
2025-01-02T17:20:00,2031.191,47.448,3.789,136.732,1.5919,HTTPS,camera
2025-01-01T04:16:00,1346.363,68.78,2.296,67.072,0.4637,HTTPS,camera
2025-01-02T04:15:00,8.0,61.744,8.901,100.251,1.7319,CoAP,gateway
2025-01-01T21:53:00,25.469,104.995,1.946,0.443,3.6707,LoRaWAN,smart_meter
2025-01-02T09:42:00,1286.843,17.029,4.192,67.161,1.2487,HTTPS,camera
2025-01-02T02:42:00,122.343,25.725,5.259,9.026,1.2065,MQTT,actuator
2025-01-02T14:43:00,1277.49,62.727,15.897,55.374,0.4205,HTTPS,gateway
2025-01-01T19:04:00,22.327,118.557,2.142,0.05,4.3228,LoRaWAN,smart_meter
2025-01-02T15:57:00,121.267,20.537,4.777,18.198,1.6972,MQTT,actuator
2025-01-01T15:35:00,1808.857,80.477,0.522,120.734,0.3861,HTTPS,camera
2025-01-02T07:15:00,2126.273,83.761,9.042,118.219,0.0,HTTPS,camera
2025-01-01T20:39:00,108.338,39.454,3.955,0.05,0.9951,MQTT,env_sensor
2025-01-01T09:29:00,36.406,173.886,2.453,0.216,0.0,LoRaWAN,smart_meter
2025-01-01T10:05:00,178.068,14.852,6.972,14.88,0.0,MQTT,actuator
2025-01-02T02:58:00,129.12,13.739,2.978,2.972,1.4252,MQTT,env_sensor
2025-01-02T01:33:00,653.971,62.791,4.841,66.332,0.0,HTTPS,gateway
2025-01-02T00:51:00,26.639,139.164,2.473,0.188,2.2952,LoRaWAN,smart_meter
2025-01-01T00:35:00,356.644,34.976,14.594,21.095,0.5301,CoAP,gateway
2025-01-02T01:21:00,87.174,46.458,5.299,3.0,1.0417,MQTT,env_sensor
2025-01-01T23:40:00,139.804,16.929,8.425,2.859,1.2181,CoAP,actuator
2025-01-01T18:30:00,815.209,22.972,9.575,20.516,0.318,CoAP,gateway
2025-01-01T12:34:00,127.473,22.422,8.913,14.647,0.6053,MQTT,actuator
2025-01-02T14:21:00,1923.704,52.08,5.818,114.245,0.0,HTTPS,camera
2025-01-01T09:26:00,38.245,200.512,3.824,0.381,3.787,LoRaWAN,smart_meter
2025-01-01T22:45:00,85.42,2.33,6.138,8.385,0.1294,CoAP,actuator
2025-01-01T22:49:00,2017.091,70.269,8.167,115.944,0.6622,HTTPS,camera
2025-01-02T16:47:00,974.675,13.721,1.353,42.558,1.0107,MQTT,gateway
2025-01-02T14:20:00,42.596,217.501,2.707,0.601,7.277,LoRaWAN,smart_meter
2025-01-02T10:21:00,73.637,26.14,6.542,8.924,0.1594,MQTT,actuator
2025-01-02T03:10:00,1366.527,91.159,6.725,225.06,0.9425,HTTPS,camera
2025-01-01T07:13:00,130.119,33.808,10.795,111.298,0.209,HTTPS,gateway
2025-01-01T18:16:00,1160.928,58.115,0.1,156.826,0.618,HTTPS,camera
2025-01-01T00:08:00,2520.161,70.333,4.579,166.875,0.0765,HTTPS,camera
2025-01-01T06:05:00,2135.333,66.124,0.545,81.358,0.139,HTTPS,camera
2025-01-01T23:46:00,1216.954,47.378,0.1,0.05,0.0,HTTPS,gateway
2025-01-01T17:26:00,22.446,153.373,0.262,0.828,0.7882,LoRaWAN,smart_meter
2025-01-01T17:14:00,57.629,45.063,1.755,1.923,0.0008,MQTT,env_sensor
2025-01-01T13:41:00,153.405,13.621,6.909,2.901,0.3466,MQTT,actuator
2025-01-01T07:48:00,16.984,184.334,1.281,0.707,2.5144,LoRaWAN,smart_meter
2025-01-01T11:50:00,563.439,49.001,13.516,12.223,1.8017,CoAP,gateway
2025-01-02T00:04:00,19.232,234.324,1.837,0.094,8.6065,LoRaWAN,smart_meter
2025-01-02T09:52:00,96.061,24.289,9.46,10.368,1.4307,MQTT,actuator
2025-01-01T15:35:00,143.535,7.157,1.724,9.386,1.5348,MQTT,actuator
2025-01-01T06:05:00,23.192,232.673,0.983,0.692,1.1656,LoRaWAN,smart_meter
2025-01-01T09:04:00,19.816,7.052,7.676,3.466,0.3497,MQTT,env_sensor
2025-01-01T10:06:00,26.074,37.827,3.805,1.237,1.789,MQTT,env_sensor
2025-01-01T12:42:00,499.299,20.806,0.827,58.687,0.841,HTTPS,gateway
2025-01-02T02:08:00,80.066,12.098,3.726,1.924,1.9872,MQTT,actuator
2025-01-01T02:09:00,74.258,31.383,3.976,0.05,1.8748,MQTT,env_sensor
2025-01-01T13:23:00,89.208,17.654,10.779,9.006,1.6362,MQTT,actuator
2025-01-01T08:58:00,1410.125,61.312,0.1,91.091,0.0,HTTPS,gateway
2025-01-01T07:21:00,31.781,195.682,0.851,0.672,0.029,LoRaWAN,smart_meter
2025-01-02T08:45:00,8.18,3.71,0.524,2.788,1.448,MQTT,env_sensor
2025-01-02T13:19:00,30.225,211.235,3.184,0.265,3.8635,LoRaWAN,smart_meter
2025-01-02T09:28:00,33.205,181.99,0.312,0.665,3.2772,LoRaWAN,smart_meter
2025-01-02T16:38:00,1436.348,74.933,7.149,120.462,0.652,HTTPS,camera
2025-01-02T16:23:00,506.153,32.047,0.1,195.512,0.5117,HTTPS,camera
2025-01-02T12:45:00,71.2,7.718,2.579,0.994,1.8187,MQTT,env_sensor
2025-01-01T19:47:00,47.646,35.074,2.71,7.984,0.43,HTTPS,env_sensor
2025-01-01T10:16:00,37.726,176.176,4.255,0.896,0.3488,LoRaWAN,smart_meter
2025-01-01T13:30:00,35.094,12.623,6.069,6.709,0.094,CoAP,actuator
2025-01-01T20:17:00,226.478,61.088,7.339,10.352,1.5899,CoAP,gateway
2025-01-02T12:51:00,1511.54,51.126,6.431,90.464,2.0606,HTTPS,gateway
2025-01-02T06:10:00,32.054,170.477,0.625,0.312,1.2875,LoRaWAN,smart_meter
2025-01-02T00:13:00,60.156,29.021,10.339,9.734,1.2351,MQTT,actuator
2025-01-01T22:58:00,319.425,17.372,10.55,37.306,0.4629,CoAP,gateway
2025-01-02T14:56:00,72.562,22.272,4.213,7.935,3.0488,MQTT,env_sensor
2025-01-02T08:31:00,24.054,142.234,2.375,0.109,2.5789,LoRaWAN,smart_meter
2025-01-02T00:05:00,36.283,134.071,1.556,0.05,3.0587,LoRaWAN,smart_meter
2025-01-01T11:20:00,1400.068,31.515,0.573,0.05,0.0,HTTPS,gateway
2025-01-01T22:15:00,43.982,14.779,2.543,3.65,0.2297,MQTT,env_sensor
2025-01-01T13:42:00,89.798,29.156,2.512,4.994,2.4094,MQTT,env_sensor
2025-01-02T01:28:00,88.245,11.834,4.031,0.05,1.9282,MQTT,env_sensor
2025-01-01T23:46:00,37.746,22.162,1.012,4.076,1.7435,MQTT,env_sensor
2025-01-01T08:43:00,1092.075,42.125,6.359,65.129,0.3208,HTTPS,gateway
2025-01-02T08:48:00,971.67,45.648,2.523,114.872,0.0,HTTPS,camera
2025-01-02T00:00:00,65.124,19.071,0.168,4.987,0.3172,MQTT,actuator
2025-01-02T03:11:00,700.31,66.737,7.791,89.4,0.6786,HTTPS,gateway
2025-01-01T06:54:00,2079.561,92.659,0.1,0.05,0.4291,HTTPS,camera
2025-01-01T18:24:00,28.739,211.02,3.115,0.185,1.4942,LoRaWAN,smart_meter
2025-01-01T02:49:00,995.226,57.771,4.971,136.87,0.9422,HTTPS,camera
2025-01-01T15:03:00,87.947,36.026,5.657,2.425,1.5818,MQTT,actuator
2025-01-01T21:03:00,992.507,68.649,0.1,187.369,1.0534,HTTPS,camera
2025-01-01T23:08:00,1186.029,31.093,9.415,0.05,1.0186,CoAP,gateway
2025-01-02T07:26:00,1665.415,85.268,5.674,12.158,0.0709,HTTPS,camera
2025-01-01T16:43:00,104.366,1.0,3.096,1.552,0.52,MQTT,env_sensor
2025-01-02T02:38:00,1288.825,49.842,0.1,89.977,1.4324,HTTPS,gateway
2025-01-01T23:09:00,28.698,149.188,2.293,0.786,4.5322,LoRaWAN,smart_meter
2025-01-01T12:10:00,75.676,22.352,7.708,3.276,1.4781,MQTT,actuator
2025-01-01T00:50:00,120.662,8.521,9.651,6.141,0.2281,MQTT,actuator
2025-01-02T11:42:00,53.498,20.767,3.442,1.557,0.9352,MQTT,actuator
2025-01-01T19:44:00,58.966,18.673,0.1,2.691,0.0,MQTT,env_sensor
2025-01-01T05:22:00,1099.647,20.621,7.452,66.47,0.8112,HTTPS,gateway
2025-01-02T00:30:00,11.228,186.234,3.197,0.207,5.1889,LoRaWAN,smart_meter
2025-01-01T15:40:00,1205.471,29.258,0.1,111.145,0.0428,HTTPS,camera
2025-01-02T17:02:00,327.848,40.693,14.972,52.467,0.1899,HTTPS,gateway
2025-01-02T02:21:00,1512.89,45.765,8.263,192.545,0.4187,HTTPS,camera
2025-01-01T10:04:00,79.232,34.649,2.632,0.05,2.6572,MQTT,env_sensor
2025-01-02T06:03:00,40.181,47.385,2.353,0.973,0.9592,LoRaWAN,env_sensor
2025-01-02T15:16:00,26.65,39.945,0.797,6.739,2.9934,MQTT,env_sensor
2025-01-01T15:32:00,64.081,10.22,3.897,7.498,0.5979,MQTT,actuator
2025-01-01T18:30:00,26.52,178.259,3.573,0.594,2.2835,LoRaWAN,smart_meter
2025-01-02T00:44:00,90.69,15.003,7.758,6.759,0.0,MQTT,actuator
2025-01-01T14:56:00,1767.988,54.871,0.578,50.876,0.6509,HTTPS,camera
2025-01-02T04:15:00,50.866,22.088,5.849,4.51,1.4612,MQTT,env_sensor
2025-01-01T15:56:00,806.442,16.958,0.1,15.329,1.3758,CoAP,gateway
2025-01-01T22:48:00,22.516,244.157,0.859,0.065,4.7424,LoRaWAN,smart_meter
2025-01-02T00:49:00,16.907,132.791,1.716,0.05,1.3628,LoRaWAN,smart_meter
2025-01-01T14:20:00,156.637,25.906,9.171,6.844,1.7902,MQTT,actuator
2025-01-01T22:30:00,119.331,11.345,4.98,0.369,1.4885,MQTT,actuator
2025-01-02T06:36:00,164.393,21.38,4.833,12.268,0.2614,MQTT,actuator
2025-01-02T13:24:00,75.33,16.479,3.308,7.902,1.2821,MQTT,env_sensor
2025-01-01T16:35:00,31.91,167.821,1.567,0.098,4.0529,LoRaWAN,smart_meter
2025-01-01T17:23:00,561.016,43.967,10.07,96.03,1.0631,CoAP,gateway
2025-01-01T10:26:00,1784.859,23.224,8.344,88.574,0.6166,HTTPS,camera
2025-01-02T06:16:00,71.813,22.962,0.1,12.042,0.0,MQTT,actuator
2025-01-01T17:38:00,2138.63,44.416,0.1,135.632,0.7657,HTTPS,camera
2025-01-01T03:01:00,64.305,13.065,5.177,6.65,0.7303,MQTT,env_sensor
2025-01-01T20:51:00,1151.579,76.169,3.066,59.023,0.4601,HTTPS,camera
2025-01-02T11:32:00,127.046,15.012,4.892,11.671,1.2868,MQTT,actuator
2025-01-01T05:36:00,80.263,18.315,7.763,8.888,1.3451,CoAP,actuator
2025-01-02T06:11:00,79.046,15.87,6.471,9.435,0.0,MQTT,actuator
2025-01-01T07:08:00,73.764,16.838,0.1,7.301,1.1765,MQTT,env_sensor
2025-01-01T06:48:00,21.787,107.21,3.76,0.491,1.7454,LoRaWAN,smart_meter
2025-01-02T02:13:00,1803.367,64.081,2.112,72.904,0.2094,HTTPS,camera
2025-01-02T16:10:00,47.723,207.183,2.01,0.59,2.6212,LoRaWAN,smart_meter
2025-01-02T06:03:00,25.671,171.105,1.309,0.05,0.2043,LoRaWAN,smart_meter
2025-01-01T04:17:00,918.009,101.074,15.157,63.147,0.222,HTTPS,gateway
2025-01-01T05:32:00,51.781,4.646,3.479,10.229,1.4567,MQTT,env_sensor
2025-01-01T09:44:00,76.838,12.64,4.019,5.932,1.2891,MQTT,env_sensor
2025-01-01T14:47:00,112.502,36.347,4.426,6.444,1.3523,MQTT,actuator
2025-01-02T17:36:00,91.268,37.383,3.07,2.102,1.2533,MQTT,env_sensor
2025-01-01T02:48:00,1117.879,64.831,10.474,96.985,2.1117,HTTPS,gateway
2025-01-02T02:01:00,23.603,156.882,0.1,0.05,2.399,LoRaWAN,smart_meter
2025-01-02T16:21:00,1211.149,85.911,3.635,133.679,0.7406,HTTPS,camera
2025-01-01T23:22:00,60.169,39.993,1.578,0.649,2.8315,MQTT,env_sensor
2025-01-01T03:10:00,142.937,8.096,3.848,8.906,1.0758,MQTT,actuator
2025-01-02T08:16:00,86.468,10.5,0.799,4.822,1.6202,MQTT,actuator
2025-01-01T04:04:00,1407.456,67.726,3.723,41.959,0.3117,HTTPS,camera
2025-01-01T09:34:00,76.588,21.712,4.445,6.637,0.6215,MQTT,actuator
2025-01-01T05:53:00,34.1,194.902,4.125,0.05,4.1256,LoRaWAN,smart_meter
2025-01-01T17:20:00,472.728,34.825,10.035,9.413,0.0,CoAP,gateway
2025-01-01T13:32:00,69.045,14.083,3.091,2.559,1.4892,MQTT,env_sensor
2025-01-01T11:32:00,489.287,9.133,4.789,29.385,0.0654,HTTPS,gateway
2025-01-01T17:16:00,2030.725,73.042,6.819,64.284,1.0691,HTTPS,camera
2025-01-02T02:59:00,69.599,12.64,4.733,7.226,2.8235,MQTT,env_sensor
2025-01-01T03:33:00,109.522,19.931,6.906,4.595,0.589,MQTT,actuator
2025-01-01T07:35:00,15.166,121.487,0.794,0.794,3.9714,LoRaWAN,smart_meter
2025-01-02T11:05:00,1519.046,78.954,7.912,49.282,0.3735,HTTPS,camera
2025-01-01T11:48:00,45.747,211.939,2.218,0.852,3.9952,LoRaWAN,smart_meter
2025-01-02T00:57:00,34.9,72.218,2.393,0.248,3.5057,MQTT,smart_meter
2025-01-01T03:45:00,74.2,16.231,6.205,4.281,1.1288,MQTT,env_sensor
2025-01-02T14:04:00,236.652,68.463,5.266,67.151,0.6293,HTTPS,gateway
2025-01-02T04:49:00,1343.981,55.805,0.1,42.408,1.0666,HTTPS,camera
2025-01-01T23:25:00,34.854,147.515,0.984,0.715,7.6862,LoRaWAN,smart_meter
2025-01-02T15:49:00,107.113,33.31,2.092,2.294,0.8187,CoAP,env_sensor
2025-01-01T23:51:00,842.019,57.555,19.289,50.731,0.0,HTTPS,gateway
2025-01-02T14:59:00,1832.709,69.979,4.823,179.196,0.6799,HTTPS,camera
2025-01-01T09:19:00,1289.55,87.127,2.507,265.94,0.7338,HTTPS,camera
2025-01-01T10:16:00,1396.384,59.142,2.549,224.192,0.0493,HTTPS,camera
2025-01-02T12:33:00,415.99,61.51,3.487,55.997,0.0,HTTPS,gateway
2025-01-01T17:38:00,32.615,167.056,0.908,0.771,3.7888,LoRaWAN,smart_meter
2025-01-01T10:28:00,1356.318,76.567,3.837,71.216,0.8386,HTTPS,camera
2025-01-02T07:05:00,2077.471,36.742,4.839,112.577,0.4063,HTTPS,camera
2025-01-01T07:14:00,143.72,37.255,0.666,10.221,1.1331,MQTT,actuator
2025-01-01T13:54:00,80.881,19.646,5.071,4.513,0.0787,MQTT,actuator
2025-01-02T00:06:00,1598.773,37.501,8.049,40.155,1.6295,HTTPS,gateway
2025-01-01T18:11:00,41.672,29.436,0.881,1.89,2.0627,MQTT,env_sensor
2025-01-01T10:50:00,93.84,20.522,2.696,12.801,1.5109,MQTT,env_sensor
2025-01-02T03:06:00,265.947,27.898,3.684,89.356,0.9706,HTTPS,gateway
2025-01-02T05:06:00,91.273,38.009,1.697,3.229,1.4094,MQTT,env_sensor
2025-01-01T14:28:00,13.79,204.617,0.1,0.266,5.0152,LoRaWAN,smart_meter
2025-01-01T11:26:00,2125.497,75.99,5.349,91.632,0.9356,HTTPS,camera
2025-01-01T12:03:00,126.768,21.412,2.444,22.358,1.2109,MQTT,actuator
2025-01-02T03:04:00,159.874,14.059,4.759,7.03,1.1379,MQTT,actuator
2025-01-02T13:30:00,714.108,47.765,3.162,0.05,0.9219,HTTPS,gateway
2025-01-02T07:08:00,93.732,28.269,6.342,6.031,0.3167,MQTT,actuator
2025-01-01T20:32:00,38.278,28.839,0.325,8.165,2.5692,MQTT,env_sensor
2025-01-01T11:19:00,44.319,159.372,4.436,0.431,0.0,LoRaWAN,smart_meter
2025-01-02T11:23:00,893.688,49.761,2.935,140.537,0.0074,HTTPS,camera
2025-01-01T05:29:00,1118.58,51.829,4.898,20.364,0.5339,HTTPS,gateway
2025-01-01T11:13:00,129.082,16.323,6.59,3.389,0.8113,MQTT,actuator
2025-01-02T06:06:00,102.271,9.45,2.533,0.075,0.4777,MQTT,actuator
2025-01-01T15:50:00,29.979,5.951,0.1,7.269,0.0,MQTT,env_sensor
2025-01-01T13:32:00,86.808,5.137,2.598,8.69,1.2821,MQTT,actuator
2025-01-01T20:39:00,23.901,278.847,2.484,0.147,3.805,LoRaWAN,smart_meter
2025-01-01T17:52:00,493.599,45.484,4.212,40.986,0.9938,HTTPS,gateway
2025-01-02T00:34:00,20.619,87.098,2.035,1.022,3.1075,MQTT,smart_meter
2025-01-01T12:48:00,74.35,6.443,4.853,8.04,1.0859,MQTT,env_sensor
2025-01-02T12:13:00,118.748,10.932,6.915,10.425,0.5399,MQTT,actuator
2025-01-02T09:06:00,97.882,34.317,5.433,3.329,0.0938,MQTT,env_sensor
2025-01-02T15:43:00,38.497,58.413,2.525,3.281,2.0972,MQTT,env_sensor
2025-01-02T14:58:00,81.941,25.365,0.933,4.65,0.8146,MQTT,env_sensor
2025-01-02T06:21:00,92.331,37.657,4.08,1.661,0.3037,MQTT,env_sensor
2025-01-02T11:02:00,108.108,24.061,3.695,14.635,0.6955,MQTT,actuator
2025-01-02T15:07:00,27.663,280.44,3.901,0.486,2.5173,MQTT,smart_meter
2025-01-01T21:49:00,1092.619,25.585,13.2,114.765,1.3083,HTTPS,gateway
2025-01-01T10:38:00,33.95,105.92,1.511,0.253,2.1967,LoRaWAN,smart_meter
2025-01-01T20:41:00,64.72,36.083,3.017,8.542,2.0423,MQTT,env_sensor
2025-01-01T15:22:00,47.532,151.017,0.1,0.265,4.4591,LoRaWAN,smart_meter
2025-01-02T07:39:00,92.435,15.104,6.567,2.221,0.7681,MQTT,actuator
2025-01-01T07:33:00,84.858,21.557,4.157,4.634,1.4589,MQTT,env_sensor
2025-01-01T22:33:00,1961.144,102.992,3.52,141.351,0.0087,HTTPS,camera
2025-01-02T13:10:00,29.736,152.876,2.17,0.285,6.5089,LoRaWAN,smart_meter
2025-01-01T19:37:00,892.649,48.753,0.1,177.09,0.2323,HTTPS,camera
2025-01-02T09:50:00,34.78,18.343,3.238,11.103,0.5031,MQTT,env_sensor
2025-01-01T09:26:00,702.411,60.179,11.353,125.64,1.4308,CoAP,gateway
2025-01-01T05:54:00,460.895,52.834,2.176,28.092,2.0902,MQTT,gateway
2025-01-02T16:49:00,70.554,21.99,4.716,7.39,2.1748,MQTT,env_sensor
2025-01-01T20:02:00,70.402,42.771,4.326,3.951,1.209,MQTT,env_sensor
2025-01-02T10:54:00,21.337,175.553,4.98,0.05,1.4031,LoRaWAN,smart_meter
2025-01-02T04:17:00,29.4,190.917,7.074,0.695,1.7823,LoRaWAN,smart_meter
2025-01-01T00:15:00,2936.352,105.022,4.069,40.325,1.412,HTTPS,camera
2025-01-01T06:11:00,1550.215,110.419,5.702,175.197,1.0101,HTTPS,camera
2025-01-01T02:18:00,546.381,83.017,6.04,105.678,0.7217,HTTPS,camera
2025-01-01T00:53:00,35.956,263.723,0.1,0.05,2.1482,LoRaWAN,smart_meter
2025-01-01T23:15:00,171.061,25.195,8.599,5.495,0.0,CoAP,actuator
2025-01-01T00:20:00,102.664,32.579,7.497,9.981,0.9228,CoAP,actuator
2025-01-02T13:35:00,29.225,129.268,0.302,0.281,6.3956,LoRaWAN,smart_meter
2025-01-01T08:36:00,50.424,18.062,8.281,0.81,0.1576,MQTT,actuator
2025-01-02T01:06:00,1267.687,80.285,12.583,68.481,1.7404,HTTPS,gateway
2025-01-02T11:25:00,107.295,23.257,4.365,4.083,0.0092,MQTT,actuator
2025-01-01T16:42:00,1927.135,58.421,10.064,93.502,1.9712,CoAP,camera
2025-01-01T20:45:00,1650.931,54.778,2.927,179.248,0.1578,HTTPS,camera
2025-01-02T13:51:00,141.418,26.449,8.276,14.684,0.2467,MQTT,actuator
2025-01-01T01:48:00,2281.025,33.142,8.341,80.883,0.4413,HTTPS,camera
2025-01-01T05:54:00,35.233,192.003,2.761,0.05,0.0,LoRaWAN,smart_meter
2025-01-02T10:04:00,2534.581,94.022,2.068,270.843,0.0,HTTPS,camera
2025-01-02T12:59:00,23.972,134.237,3.407,0.13,4.0134,LoRaWAN,smart_meter
2025-01-02T12:42:00,85.947,7.691,7.274,9.663,2.2641,MQTT,actuator
2025-01-02T07:38:00,25.815,218.456,1.975,0.903,6.1347,LoRaWAN,smart_meter
2025-01-02T08:31:00,134.942,11.436,11.418,8.535,1.1657,MQTT,actuator
2025-01-01T04:58:00,88.581,26.881,6.629,10.066,1.2779,MQTT,actuator
2025-01-01T06:40:00,15.759,113.265,0.1,0.689,2.137,LoRaWAN,smart_meter
2025-01-01T21:54:00,620.23,85.229,7.487,150.88,1.3019,CoAP,camera
2025-01-02T06:21:00,450.912,66.082,6.429,88.289,1.4502,CoAP,gateway
2025-01-02T08:16:00,722.498,49.922,12.822,53.807,0.0,HTTPS,gateway
2025-01-02T01:45:00,1845.956,75.963,0.939,103.83,0.3869,HTTPS,camera
2025-01-02T01:37:00,120.568,14.129,6.647,8.928,0.5401,MQTT,actuator
2025-01-02T17:13:00,1590.918,30.675,0.1,115.16,0.0,HTTPS,camera
2025-01-01T20:22:00,747.596,39.831,3.895,60.208,1.4951,HTTPS,gateway
2025-01-01T22:24:00,2114.847,34.169,1.012,23.696,0.2767,HTTPS,camera
2025-01-02T17:25:00,86.546,18.328,9.514,12.281,0.4247,MQTT,actuator
2025-01-01T04:31:00,1844.933,108.559,7.668,62.964,0.0,HTTPS,camera
2025-01-02T16:08:00,27.146,254.902,3.735,0.598,0.0785,LoRaWAN,smart_meter
2025-01-01T15:16:00,70.464,36.408,0.1,6.167,1.818,MQTT,env_sensor
2025-01-01T23:55:00,263.482,48.647,5.793,84.816,1.1171,CoAP,gateway
2025-01-01T15:25:00,87.242,34.024,3.197,3.671,0.3153,MQTT,env_sensor
2025-01-01T07:59:00,883.736,70.893,4.169,169.573,0.0,HTTPS,camera
2025-01-02T09:24:00,52.6,23.859,3.261,6.588,0.9976,MQTT,env_sensor
2025-01-01T08:44:00,72.278,9.4,6.215,5.147,1.2073,MQTT,actuator
2025-01-01T11:46:00,26.457,97.006,1.807,0.985,2.6742,MQTT,smart_meter
2025-01-02T09:25:00,37.105,212.56,3.166,0.142,4.5013,MQTT,smart_meter
2025-01-01T17:57:00,17.168,282.998,1.755,0.05,5.5248,LoRaWAN,smart_meter
2025-01-01T17:12:00,692.203,39.66,13.006,0.05,1.9007,CoAP,gateway
2025-01-01T08:50:00,1029.443,18.178,6.365,54.586,1.6647,HTTPS,gateway
2025-01-01T16:48:00,94.947,16.205,12.658,8.24,1.3931,MQTT,actuator
2025-01-02T08:37:00,1437.267,99.976,8.538,165.745,0.0,HTTPS,camera
2025-01-02T14:20:00,1837.946,61.201,8.056,95.033,0.0,HTTPS,gateway
2025-01-02T17:17:00,27.386,266.415,3.885,0.668,1.8855,LoRaWAN,smart_meter
2025-01-02T13:53:00,2054.22,20.648,12.178,45.951,2.1716,CoAP,gateway
2025-01-02T05:27:00,1939.17,86.525,0.1,178.875,0.8441,HTTPS,camera
2025-01-01T09:05:00,116.786,43.275,4.232,3.795,0.9045,MQTT,env_sensor
2025-01-02T10:59:00,29.525,50.449,1.939,0.747,7.4279,LoRaWAN,smart_meter
2025-01-01T05:09:00,85.978,15.453,3.988,9.755,0.2487,MQTT,env_sensor
2025-01-01T03:43:00,104.877,27.465,11.325,0.05,0.0748,CoAP,actuator
2025-01-02T14:39:00,8.0,30.069,4.664,22.394,2.3784,MQTT,gateway
2025-01-01T00:23:00,60.373,23.997,0.1,2.825,1.2125,MQTT,env_sensor
2025-01-01T22:03:00,75.856,29.4,1.011,0.975,0.4173,MQTT,env_sensor
2025-01-02T17:33:00,111.677,21.862,7.235,3.798,2.2959,CoAP,actuator
2025-01-02T14:48:00,939.675,51.412,6.428,72.169,2.0652,CoAP,gateway
2025-01-02T03:43:00,87.574,25.224,1.456,3.532,0.266,MQTT,env_sensor
2025-01-02T14:27:00,119.015,31.84,6.198,17.461,0.891,MQTT,actuator
2025-01-01T07:37:00,1082.618,70.145,5.015,183.005,0.6785,HTTPS,camera
2025-01-02T16:09:00,36.114,103.32,3.319,0.427,5.1787,LoRaWAN,smart_meter
2025-01-01T22:46:00,24.394,139.059,0.458,0.455,2.0571,LoRaWAN,smart_meter
2025-01-02T08:33:00,84.268,18.024,3.638,4.084,2.2592,MQTT,env_sensor
2025-01-01T17:59:00,48.434,49.018,2.203,3.866,0.6613,MQTT,env_sensor
2025-01-02T03:50:00,1517.144,52.092,4.527,20.865,0.5229,HTTPS,camera
2025-01-02T04:01:00,92.691,20.45,0.264,7.588,2.3238,MQTT,env_sensor
2025-01-01T04:08:00,27.008,197.928,3.646,0.05,3.5123,LoRaWAN,smart_meter
2025-01-02T09:28:00,913.724,72.462,2.852,118.421,0.7325,HTTPS,camera
2025-01-01T02:44:00,972.02,28.519,6.412,32.269,1.2495,CoAP,gateway
2025-01-01T04:19:00,1087.026,28.811,8.314,97.432,0.2415,HTTPS,gateway
2025-01-02T05:40:00,11.415,115.894,3.102,0.334,5.3658,LoRaWAN,smart_meter
2025-01-01T22:15:00,16.578,242.226,1.356,0.306,5.0372,LoRaWAN,smart_meter
2025-01-01T23:24:00,1190.677,55.489,1.051,72.547,1.043,HTTPS,camera
2025-01-01T15:45:00,497.337,7.484,8.357,151.701,0.8561,HTTPS,gateway
2025-01-01T14:09:00,1897.478,22.821,11.691,106.962,2.4995,HTTPS,gateway
2025-01-01T13:29:00,26.323,256.051,0.599,0.531,6.3141,LoRaWAN,smart_meter
2025-01-01T18:12:00,63.569,35.813,1.319,3.755,1.3662,MQTT,env_sensor
2025-01-01T08:21:00,33.649,203.882,2.667,0.294,1.0847,LoRaWAN,smart_meter
2025-01-01T08:31:00,113.257,14.485,7.453,1.317,0.6468,MQTT,actuator
2025-01-01T18:13:00,146.179,19.41,7.826,8.352,1.9416,MQTT,actuator
2025-01-02T01:14:00,612.63,40.504,7.764,30.569,0.5889,CoAP,gateway
2025-01-01T17:20:00,141.205,34.564,5.542,0.05,2.5917,CoAP,actuator
2025-01-01T11:16:00,799.951,34.917,6.974,10.697,1.1801,CoAP,gateway
2025-01-01T07:21:00,130.409,36.746,4.379,0.05,0.577,MQTT,env_sensor
2025-01-01T17:48:00,30.534,209.954,2.905,0.75,5.0761,LoRaWAN,smart_meter
2025-01-01T11:35:00,115.451,19.51,7.368,12.534,1.5606,CoAP,actuator
2025-01-02T02:16:00,32.42,164.611,1.668,0.287,5.3972,LoRaWAN,smart_meter
2025-01-02T16:38:00,1421.979,64.059,0.1,86.628,0.1841,HTTPS,gateway
2025-01-01T21:42:00,40.064,12.841,1.515,0.456,3.0332,MQTT,env_sensor
2025-01-01T02:11:00,1582.188,122.047,0.1,147.434,0.6852,HTTPS,camera
2025-01-01T22:16:00,87.9,42.979,3.047,8.513,0.3485,MQTT,env_sensor
2025-01-01T18:38:00,1257.495,19.826,5.977,125.191,0.0,HTTPS,camera
2025-01-02T15:30:00,101.37,41.734,4.069,15.705,0.2533,HTTPS,actuator
2025-01-01T06:58:00,144.574,13.718,5.689,3.79,1.5951,CoAP,actuator
2025-01-01T20:46:00,38.074,25.919,5.534,1.326,1.9856,MQTT,env_sensor
2025-01-01T19:59:00,38.505,165.519,1.844,0.567,4.3466,LoRaWAN,smart_meter
2025-01-02T15:04:00,30.751,38.649,1.386,0.05,2.4055,LoRaWAN,env_sensor
2025-01-02T12:48:00,19.403,140.665,3.57,0.563,5.2405,LoRaWAN,smart_meter
2025-01-02T14:01:00,87.29,8.464,1.686,1.229,2.1926,MQTT,env_sensor
2025-01-01T21:15:00,198.823,30.175,15.263,21.154,0.0,CoAP,gateway
2025-01-02T13:01:00,1698.848,59.659,5.762,75.529,3.2461,HTTPS,gateway
2025-01-02T12:47:00,129.729,18.616,7.754,8.209,0.8632,MQTT,actuator
2025-01-01T16:49:00,24.091,190.602,0.787,0.201,0.0,LoRaWAN,smart_meter
2025-01-02T05:47:00,15.939,153.653,0.47,0.578,1.8938,LoRaWAN,smart_meter
2025-01-01T23:32:00,34.676,76.553,3.608,0.543,5.0668,LoRaWAN,smart_meter
2025-01-01T01:30:00,1743.355,84.627,4.307,61.059,0.4129,HTTPS,camera
2025-01-01T03:48:00,2683.282,69.802,7.444,115.253,0.0413,HTTPS,camera
2025-01-02T14:03:00,70.246,31.946,3.928,3.901,0.9959,MQTT,env_sensor
2025-01-01T23:05:00,20.431,270.586,0.383,0.05,0.0,LoRaWAN,smart_meter
2025-01-01T00:24:00,1520.872,85.582,3.388,64.132,0.8553,HTTPS,camera
2025-01-01T23:30:00,805.627,58.214,5.141,35.544,1.1243,CoAP,gateway
2025-01-02T04:44:00,68.039,20.781,0.838,6.696,2.8397,MQTT,env_sensor
2025-01-01T01:57:00,151.287,21.369,8.173,12.055,0.5215,CoAP,actuator
2025-01-02T03:19:00,26.645,210.167,4.092,0.288,4.6538,LoRaWAN,smart_meter
2025-01-01T07:12:00,2518.627,28.99,0.1,73.003,0.5495,HTTPS,camera
2025-01-02T12:26:00,785.276,37.561,8.117,121.476,1.2205,CoAP,camera
2025-01-01T07:04:00,1323.489,69.647,9.859,76.747,0.3306,HTTPS,gateway
2025-01-01T22:39:00,892.007,8.715,2.326,30.337,0.0,HTTPS,gateway
2025-01-01T16:35:00,101.11,1.0,5.323,7.649,0.1727,MQTT,env_sensor
2025-01-01T05:28:00,78.481,26.804,6.538,9.276,0.4324,CoAP,actuator
2025-01-01T18:32:00,103.874,35.506,1.575,7.367,0.6354,MQTT,actuator
2025-01-01T18:41:00,1198.467,45.59,7.331,29.469,0.126,HTTPS,gateway
2025-01-02T00:45:00,82.944,14.274,3.83,5.836,1.8021,MQTT,env_sensor
2025-01-01T02:04:00,73.88,5.25,1.957,7.906,1.6331,MQTT,env_sensor
2025-01-02T16:32:00,37.622,8.508,2.716,4.0,3.2101,MQTT,env_sensor
2025-01-02T03:22:00,104.561,24.528,2.038,5.656,1.1339,MQTT,actuator
2025-01-01T23:59:00,22.537,140.817,0.952,0.05,3.1086,LoRaWAN,smart_meter
2025-01-02T06:26:00,117.018,3.528,5.194,6.265,1.0974,MQTT,actuator
2025-01-02T03:56:00,1735.781,67.26,4.572,148.483,0.8285,HTTPS,camera
2025-01-01T14:34:00,1285.2,59.212,3.71,152.702,1.0159,HTTPS,camera
2025-01-01T05:44:00,73.402,2.982,4.548,0.05,2.6321,MQTT,env_sensor
2025-01-01T06:45:00,91.649,45.961,6.168,38.585,1.7483,CoAP,gateway
2025-01-01T13:11:00,142.966,19.79,7.728,8.612,0.8167,MQTT,actuator
2025-01-02T11:53:00,1695.132,14.469,15.053,84.336,0.7875,HTTPS,gateway
2025-01-02T07:08:00,1861.638,35.063,5.077,206.305,0.9048,HTTPS,camera
2025-01-01T23:43:00,26.983,217.516,3.622,0.05,2.2648,LoRaWAN,smart_meter
2025-01-02T05:36:00,940.326,65.573,16.164,76.967,1.636,CoAP,gateway
2025-01-01T06:11:00,8.0,15.666,15.386,50.562,0.3444,HTTPS,gateway
2025-01-01T10:45:00,69.87,20.532,3.935,8.165,2.2069,MQTT,env_sensor
2025-01-02T13:34:00,28.093,241.885,1.305,0.763,0.1168,LoRaWAN,smart_meter
2025-01-02T01:23:00,1331.008,31.815,4.334,97.497,0.8061,HTTPS,gateway
2025-01-01T14:30:00,143.815,6.291,7.739,0.05,0.7223,MQTT,actuator
2025-01-01T00:28:00,881.237,24.546,0.1,115.307,1.268,CoAP,gateway
2025-01-01T07:49:00,66.391,28.692,1.027,3.011,1.1459,MQTT,env_sensor
2025-01-01T08:12:00,141.2,15.103,0.22,4.696,0.0,MQTT,env_sensor
2025-01-02T05:17:00,27.495,207.733,2.174,0.365,3.5348,LoRaWAN,smart_meter
2025-01-01T11:53:00,1811.929,16.428,5.247,0.05,0.6105,HTTPS,gateway
2025-01-02T10:13:00,91.143,27.472,3.537,7.422,1.1046,MQTT,env_sensor
2025-01-01T05:58:00,29.913,152.477,1.692,0.088,2.3103,LoRaWAN,smart_meter
2025-01-02T17:02:00,1107.278,76.149,2.82,88.936,1.0511,HTTPS,camera
2025-01-01T07:59:00,50.603,55.092,0.1,7.935,1.2667,MQTT,env_sensor
2025-01-01T22:35:00,2473.897,47.282,3.701,171.818,0.0,HTTPS,camera
2025-01-02T07:12:00,56.044,84.904,7.266,21.899,0.4076,MQTT,gateway
2025-01-02T06:42:00,1567.15,22.313,1.305,57.627,1.2695,HTTPS,camera
2025-01-01T10:20:00,2085.652,111.014,4.71,195.569,0.7813,HTTPS,camera
2025-01-01T08:02:00,30.514,119.659,0.1,0.456,5.7358,LoRaWAN,smart_meter
2025-01-01T14:53:00,53.095,33.268,2.803,7.121,2.6757,MQTT,env_sensor
2025-01-02T04:43:00,38.4,131.559,1.586,0.793,1.6846,LoRaWAN,smart_meter
2025-01-01T23:23:00,2684.452,28.365,5.969,151.205,0.0,HTTPS,camera
2025-01-01T04:51:00,2973.277,92.561,3.474,152.505,0.7807,HTTPS,camera
2025-01-02T12:02:00,51.763,25.604,2.293,0.05,0.9986,MQTT,env_sensor
2025-01-01T05:16:00,39.352,18.54,3.106,5.746,2.0141,MQTT,env_sensor
2025-01-02T08:42:00,119.126,10.537,0.1,15.379,0.0,MQTT,actuator
2025-01-01T18:02:00,30.461,47.572,1.883,5.792,2.4306,MQTT,env_sensor
2025-01-02T01:54:00,778.78,81.39,8.191,57.344,0.0,HTTPS,gateway
2025-01-02T11:19:00,42.078,15.635,1.958,4.249,1.9796,MQTT,env_sensor
2025-01-02T09:19:00,1674.319,41.821,2.949,90.812,0.1753,HTTPS,camera
2025-01-01T17:35:00,73.121,1.674,5.414,3.676,1.6347,MQTT,env_sensor
2025-01-02T13:43:00,2936.086,102.725,4.63,117.845,1.0476,HTTPS,camera
2025-01-01T10:26:00,102.797,21.256,10.035,6.203,1.6921,MQTT,actuator
2025-01-01T07:01:00,39.649,339.05,3.562,0.19,1.401,LoRaWAN,smart_meter
2025-01-01T11:11:00,53.979,9.429,9.106,11.261,0.6634,MQTT,actuator
2025-01-01T07:40:00,46.925,29.062,2.29,4.503,0.8373,MQTT,env_sensor
2025-01-01T18:40:00,121.096,7.283,3.165,5.503,0.0,MQTT,actuator
2025-01-02T00:19:00,1353.76,20.369,1.617,144.865,0.2879,HTTPS,camera
2025-01-01T12:33:00,19.456,139.983,0.1,0.871,2.3553,LoRaWAN,smart_meter
2025-01-02T09:05:00,95.665,32.18,9.896,5.67,0.4022,MQTT,actuator
2025-01-01T22:44:00,2022.759,61.181,3.47,139.583,0.0751,HTTPS,camera
2025-01-02T15:35:00,1593.039,31.376,7.558,94.794,0.0,HTTPS,camera
2025-01-01T12:14:00,95.734,21.856,2.059,3.405,0.5592,MQTT,actuator
2025-01-02T12:57:00,552.468,23.151,7.593,12.149,1.0597,CoAP,gateway
2025-01-01T23:35:00,36.945,22.275,4.114,0.634,1.6648,MQTT,env_sensor
2025-01-01T06:18:00,57.429,31.914,3.274,6.718,3.1451,MQTT,env_sensor
2025-01-01T23:24:00,20.438,179.013,2.286,0.05,4.6733,LoRaWAN,smart_meter
2025-01-01T06:36:00,83.265,26.956,1.706,1.696,0.9525,MQTT,env_sensor
2025-01-02T14:09:00,1243.019,85.038,5.983,127.066,0.3152,HTTPS,camera
2025-01-02T02:59:00,311.359,34.285,1.372,94.952,0.3507,HTTPS,gateway
2025-01-01T14:17:00,38.25,196.887,3.593,0.542,0.0,LoRaWAN,smart_meter
2025-01-01T12:12:00,152.19,61.426,3.308,130.313,0.1621,HTTPS,camera
2025-01-01T23:37:00,85.519,11.206,4.676,2.856,1.2811,MQTT,env_sensor
2025-01-02T16:47:00,173.123,20.383,3.183,10.987,0.9713,MQTT,actuator
2025-01-01T10:11:00,50.086,33.337,2.216,6.665,0.804,MQTT,env_sensor
2025-01-01T21:20:00,116.786,26.853,2.473,0.155,1.0313,MQTT,actuator
2025-01-01T04:06:00,110.112,30.821,0.283,7.873,1.4168,MQTT,actuator
2025-01-01T19:52:00,8.0,36.768,9.227,55.973,1.0412,CoAP,gateway
2025-01-02T08:29:00,553.274,37.778,8.099,38.287,0.6831,CoAP,gateway
2025-01-02T12:19:00,13.787,26.567,5.091,3.639,0.2997,MQTT,env_sensor
2025-01-02T06:13:00,152.338,18.533,3.058,7.125,0.0,MQTT,actuator
2025-01-01T16:59:00,1644.612,45.888,9.629,81.758,0.1919,HTTPS,gateway
2025-01-01T16:42:00,992.635,51.897,8.299,0.05,1.9359,CoAP,gateway
2025-01-01T02:31:00,81.1,48.215,2.618,0.05,0.0,HTTPS,env_sensor
2025-01-02T08:48:00,65.43,18.146,1.02,4.969,1.8832,MQTT,env_sensor
2025-01-01T02:49:00,130.652,18.766,3.105,0.656,1.4864,MQTT,actuator
2025-01-02T08:51:00,2623.639,93.301,3.459,111.225,0.7779,HTTPS,camera
2025-01-01T19:53:00,59.874,12.274,4.022,8.289,0.0,MQTT,env_sensor
2025-01-02T06:14:00,2037.009,58.849,2.154,77.373,1.0998,HTTPS,camera
2025-01-02T06:37:00,2472.843,56.483,0.607,139.396,0.0398,HTTPS,camera
2025-01-01T07:54:00,66.377,11.604,0.721,5.638,0.0339,MQTT,env_sensor
2025-01-01T22:07:00,1587.27,66.426,6.31,49.027,0.0,HTTPS,gateway
2025-01-02T10:07:00,132.376,18.462,2.603,12.792,0.4744,MQTT,actuator
2025-01-02T15:04:00,685.582,74.997,7.013,66.918,0.077,HTTPS,gateway
2025-01-02T06:29:00,513.463,57.797,11.242,10.872,0.7522,CoAP,gateway
2025-01-01T02:50:00,1530.726,59.663,8.668,91.801,1.4436,HTTPS,camera
2025-01-01T03:17:00,30.964,30.389,0.1,0.255,1.2365,MQTT,smart_meter
2025-01-02T07:25:00,59.279,21.193,8.225,8.527,1.0595,CoAP,actuator
2025-01-02T02:42:00,1130.896,12.262,11.766,0.05,2.7875,MQTT,gateway
2025-01-01T11:12:00,23.963,235.863,1.249,0.744,5.1645,LoRaWAN,smart_meter
2025-01-01T16:29:00,78.955,13.075,2.663,4.404,0.8844,MQTT,env_sensor
2025-01-01T01:15:00,82.169,28.486,1.01,5.867,1.4805,MQTT,env_sensor
2025-01-02T09:53:00,939.014,53.596,5.814,0.05,1.4644,CoAP,gateway
2025-01-01T12:09:00,102.603,19.45,6.375,8.828,1.9926,CoAP,env_sensor
2025-01-01T11:19:00,64.502,14.664,7.005,5.162,0.0,CoAP,env_sensor
2025-01-01T23:12:00,75.946,17.078,1.179,5.914,1.6447,MQTT,env_sensor
2025-01-01T05:42:00,96.977,48.387,4.338,0.812,0.0742,MQTT,env_sensor
2025-01-01T10:59:00,1061.271,62.792,14.956,83.45,0.56,HTTPS,gateway
2025-01-01T00:03:00,1361.488,45.966,7.578,80.729,1.4473,HTTPS,gateway
2025-01-01T10:15:00,28.952,124.737,3.108,0.82,6.7931,LoRaWAN,smart_meter
2025-01-02T15:19:00,150.21,10.274,5.595,3.539,0.1322,CoAP,actuator
2025-01-02T06:33:00,119.83,20.288,0.1,12.582,0.7665,MQTT,actuator
2025-01-02T12:03:00,130.753,23.576,0.1,14.84,0.7805,MQTT,actuator
2025-01-02T15:39:00,471.652,20.179,11.56,43.014,0.21,CoAP,gateway
2025-01-01T17:28:00,83.882,52.73,2.529,2.68,1.2932,MQTT,env_sensor
2025-01-01T21:26:00,808.188,60.526,4.822,55.057,0.0,HTTPS,camera
2025-01-01T09:07:00,981.85,51.572,0.1,78.68,0.7982,HTTPS,camera
2025-01-01T14:13:00,23.854,254.212,3.225,0.302,4.5721,LoRaWAN,smart_meter
2025-01-02T01:10:00,121.22,12.071,3.565,3.146,3.4487,MQTT,env_sensor
2025-01-01T07:58:00,19.387,227.728,4.065,0.486,0.0,LoRaWAN,smart_meter
2025-01-01T10:01:00,1001.716,21.381,0.1,81.128,3.1526,MQTT,gateway
2025-01-01T06:16:00,66.934,22.29,4.037,6.161,0.6572,MQTT,actuator
2025-01-02T04:58:00,2178.231,50.319,6.546,26.605,1.1596,MQTT,camera
2025-01-01T21:50:00,1323.882,67.716,3.87,248.717,0.1599,HTTPS,camera
2025-01-01T06:56:00,1627.952,58.404,6.931,89.15,0.0,HTTPS,camera
2025-01-01T22:04:00,16.113,168.108,2.642,0.269,1.3277,LoRaWAN,smart_meter
2025-01-01T21:47:00,1146.187,65.518,1.899,260.94,0.4291,HTTPS,camera
2025-01-01T04:54:00,77.088,22.227,6.497,1.849,2.6853,MQTT,env_sensor
2025-01-02T12:57:00,116.312,28.167,6.156,2.071,1.9355,MQTT,actuator
2025-01-01T15:05:00,69.07,21.641,3.147,4.958,0.0,MQTT,env_sensor
2025-01-02T02:11:00,1552.549,102.504,6.671,125.549,0.8053,HTTPS,camera
2025-01-01T08:57:00,110.735,32.031,6.062,7.29,0.0,MQTT,actuator
2025-01-01T16:19:00,2135.947,47.722,8.948,48.802,0.9448,HTTPS,gateway
2025-01-02T05:23:00,554.034,33.88,9.733,53.164,0.0,HTTPS,gateway
2025-01-02T14:44:00,14.443,275.006,3.983,0.407,2.9359,LoRaWAN,smart_meter
2025-01-01T02:22:00,115.774,20.979,6.901,13.122,0.9067,MQTT,actuator
2025-01-01T07:46:00,1283.501,66.774,0.42,182.809,0.3586,HTTPS,camera
2025-01-02T12:27:00,1141.466,73.107,2.705,185.55,0.6461,HTTPS,camera
2025-01-01T05:31:00,31.657,231.424,0.195,0.74,4.9092,LoRaWAN,smart_meter
2025-01-01T17:42:00,75.199,31.526,5.901,6.75,1.1509,MQTT,env_sensor
2025-01-02T05:50:00,1226.447,45.184,8.972,62.778,0.474,HTTPS,gateway
2025-01-01T19:34:00,100.038,9.91,1.964,4.695,2.4525,MQTT,env_sensor
2025-01-02T07:29:00,2283.407,91.041,6.86,60.362,0.2787,HTTPS,camera
2025-01-02T09:15:00,1120.497,60.98,11.385,94.925,1.9213,HTTPS,gateway
2025-01-01T09:50:00,20.785,213.415,2.738,0.597,0.0,LoRaWAN,smart_meter
2025-01-02T00:48:00,28.338,121.188,4.118,0.841,0.9998,LoRaWAN,smart_meter
2025-01-01T14:01:00,1622.576,110.385,4.294,61.16,0.1505,HTTPS,camera
2025-01-01T09:53:00,1572.62,28.89,2.542,111.409,0.6719,HTTPS,camera
2025-01-01T15:59:00,139.711,24.721,8.474,7.851,0.489,MQTT,actuator
2025-01-02T06:01:00,27.298,228.828,0.382,0.21,2.2615,LoRaWAN,smart_meter
2025-01-01T09:55:00,57.421,37.555,0.1,8.182,1.8733,MQTT,env_sensor
2025-01-01T13:17:00,1442.58,29.039,4.143,41.672,1.061,MQTT,gateway
2025-01-02T06:17:00,108.724,16.444,4.742,9.363,0.3048,MQTT,actuator
2025-01-01T01:00:00,122.06,17.375,8.997,9.314,0.0,CoAP,actuator
2025-01-02T09:09:00,58.078,27.059,2.2,4.383,1.6164,MQTT,env_sensor
2025-01-01T08:36:00,19.206,213.91,1.245,0.05,0.0077,LoRaWAN,smart_meter
2025-01-02T09:56:00,62.152,12.073,7.953,9.921,0.6923,MQTT,actuator
2025-01-01T08:53:00,68.222,34.732,2.764,3.523,2.1697,MQTT,env_sensor
2025-01-02T05:59:00,1096.14,39.082,10.719,133.593,0.8101,HTTPS,gateway
2025-01-01T09:51:00,1862.333,46.939,3.476,199.142,0.713,HTTPS,camera
2025-01-02T08:33:00,1626.761,36.692,12.577,3.251,2.1026,CoAP,gateway
2025-01-01T00:14:00,1832.913,42.586,6.547,111.196,0.3086,HTTPS,camera
2025-01-01T09:44:00,1879.123,61.384,0.483,209.797,1.3489,HTTPS,camera
2025-01-01T04:29:00,103.695,22.659,11.071,15.158,1.5528,MQTT,actuator
2025-01-01T06:50:00,1069.778,58.52,4.775,134.081,1.6278,HTTPS,camera
2025-01-02T03:06:00,69.84,19.606,6.464,5.883,1.9274,MQTT,actuator
2025-01-01T07:58:00,1433.915,85.344,4.872,94.572,0.8112,HTTPS,camera
2025-01-01T12:31:00,102.141,11.057,11.05,7.543,0.4758,MQTT,actuator
2025-01-01T14:31:00,79.019,21.806,1.113,0.053,1.6468,MQTT,env_sensor
2025-01-01T04:10:00,85.671,15.428,2.227,4.539,0.0,MQTT,env_sensor
2025-01-01T15:46:00,24.73,277.715,3.9,0.696,0.6933,LoRaWAN,smart_meter
2025-01-02T05:42:00,449.965,50.787,13.856,84.218,2.0906,CoAP,gateway
2025-01-01T12:28:00,95.893,29.275,7.334,0.05,0.6256,MQTT,actuator
2025-01-02T14:04:00,62.407,8.314,1.588,2.536,0.0,MQTT,env_sensor
2025-01-02T14:08:00,70.565,8.494,3.561,5.824,1.6599,MQTT,env_sensor
2025-01-01T21:45:00,22.635,176.571,2.601,0.71,5.2184,LoRaWAN,smart_meter
2025-01-02T07:25:00,74.484,39.184,3.272,4.626,0.1127,MQTT,env_sensor
2025-01-02T06:28:00,1151.158,43.806,7.124,31.281,1.0958,CoAP,gateway
2025-01-02T15:31:00,100.234,13.714,2.832,6.132,1.0254,MQTT,actuator
2025-01-02T02:02:00,44.153,17.993,0.254,5.339,0.1932,MQTT,env_sensor
2025-01-01T19:57:00,1501.466,58.777,5.44,70.621,0.2733,HTTPS,camera
2025-01-01T19:25:00,623.378,89.374,1.592,227.526,0.0,HTTPS,camera
2025-01-01T14:23:00,840.459,42.277,5.769,40.863,1.3476,CoAP,gateway
2025-01-01T07:15:00,82.632,10.689,7.392,5.463,0.738,MQTT,actuator
2025-01-01T01:01:00,19.976,161.35,2.508,0.199,4.3525,LoRaWAN,smart_meter
2025-01-01T17:39:00,1479.042,55.11,2.552,165.443,1.0567,HTTPS,camera
2025-01-01T10:41:00,54.862,21.243,3.957,0.05,1.8906,MQTT,env_sensor
2025-01-01T05:23:00,23.656,325.207,2.459,0.462,2.7,LoRaWAN,smart_meter
2025-01-02T16:28:00,108.753,38.819,3.568,2.84,1.2795,MQTT,env_sensor
2025-01-02T12:46:00,1283.833,37.443,15.33,44.361,2.2406,CoAP,gateway
2025-01-02T07:47:00,28.689,196.031,3.979,0.396,4.1257,LoRaWAN,smart_meter
2025-01-01T02:02:00,2011.076,74.024,5.495,35.399,2.0805,CoAP,gateway
2025-01-01T15:34:00,22.335,162.449,0.457,0.459,1.7,LoRaWAN,smart_meter
2025-01-01T06:23:00,1615.748,59.649,3.264,105.937,0.7336,HTTPS,camera
2025-01-02T16:15:00,14.375,230.324,0.1,0.05,2.9083,LoRaWAN,smart_meter
2025-01-01T11:29:00,8.0,32.906,9.54,56.65,1.7873,CoAP,gateway
2025-01-01T21:21:00,1455.306,17.232,3.756,167.573,0.8988,HTTPS,camera
2025-01-02T03:42:00,132.532,14.228,7.315,9.44,0.0,CoAP,actuator
2025-01-01T16:52:00,73.798,22.107,4.203,0.336,2.9429,MQTT,env_sensor
2025-01-02T12:26:00,126.049,10.094,3.842,4.024,1.7624,MQTT,env_sensor
2025-01-02T04:12:00,602.417,33.605,5.065,96.67,1.8459,CoAP,gateway
2025-01-01T12:01:00,34.861,121.953,3.5,0.644,3.4059,LoRaWAN,smart_meter
2025-01-01T03:54:00,145.94,30.797,5.087,14.157,0.8068,CoAP,actuator
2025-01-02T13:44:00,8.0,39.408,4.888,45.496,0.0372,HTTPS,gateway
2025-01-02T09:11:00,28.622,169.863,0.745,0.524,3.6057,LoRaWAN,smart_meter
2025-01-01T15:28:00,464.326,50.279,0.1,0.05,1.6386,CoAP,gateway
2025-01-01T06:09:00,479.673,69.088,7.43,26.381,0.3149,HTTPS,camera
2025-01-01T19:55:00,1405.006,87.501,4.442,245.026,0.6635,HTTPS,camera
2025-01-02T17:04:00,700.011,32.614,11.707,106.362,0.205,HTTPS,camera
2025-01-02T15:11:00,711.27,43.931,6.978,0.05,3.2221,CoAP,gateway
2025-01-01T20:58:00,453.123,77.279,1.689,177.238,0.0,HTTPS,camera
2025-01-01T07:58:00,99.486,15.079,9.688,9.18,0.4,MQTT,actuator
2025-01-02T16:54:00,1698.418,67.285,5.872,126.005,0.9866,HTTPS,camera
2025-01-01T11:43:00,1740.091,80.714,4.112,109.108,1.5763,HTTPS,camera
2025-01-01T22:25:00,2043.743,81.196,5.92,129.578,1.1205,HTTPS,camera
2025-01-01T05:07:00,47.266,33.705,3.752,1.534,2.1542,MQTT,env_sensor
2025-01-01T13:09:00,757.086,48.924,8.645,71.627,1.7347,CoAP,gateway
2025-01-01T01:27:00,877.416,72.857,0.1,85.796,0.0,HTTPS,gateway
2025-01-01T00:19:00,17.005,215.048,0.1,0.203,5.9356,LoRaWAN,smart_meter
2025-01-02T05:52:00,54.825,9.268,3.858,0.05,2.4951,MQTT,env_sensor
2025-01-02T04:49:00,64.927,9.716,5.341,4.097,0.6728,CoAP,env_sensor
2025-01-01T20:24:00,497.519,25.383,18.97,53.57,0.0,HTTPS,gateway
2025-01-02T06:45:00,51.39,14.192,2.471,11.053,1.1075,MQTT,actuator
2025-01-02T07:57:00,89.442,13.586,3.887,2.84,3.6232,MQTT,env_sensor
2025-01-01T21:02:00,155.247,20.274,5.982,10.633,1.4641,CoAP,actuator
2025-01-01T20:21:00,97.873,14.56,0.401,0.05,1.5522,MQTT,env_sensor
2025-01-01T23:25:00,96.744,13.871,10.003,3.572,0.3186,MQTT,actuator
2025-01-02T05:02:00,102.229,17.032,9.38,4.632,0.6534,MQTT,actuator
2025-01-02T16:25:00,1366.485,75.405,13.928,89.468,0.2867,HTTPS,gateway
2025-01-02T10:50:00,1331.762,67.91,5.097,143.181,0.517,HTTPS,camera
2025-01-01T04:55:00,1572.215,38.263,10.458,57.085,1.3029,HTTPS,gateway
2025-01-02T06:25:00,67.086,5.278,4.073,1.964,0.9276,MQTT,env_sensor
2025-01-02T15:30:00,34.829,122.128,2.293,0.429,2.4491,LoRaWAN,smart_meter
2025-01-02T14:52:00,2073.352,89.505,3.516,153.817,0.9536,HTTPS,camera
2025-01-02T10:29:00,38.367,100.87,1.402,0.348,1.2432,MQTT,smart_meter
2025-01-02T12:15:00,96.737,13.604,4.183,2.577,1.7996,MQTT,env_sensor
2025-01-01T10:37:00,8.0,31.252,2.115,69.036,0.0,HTTPS,gateway
2025-01-02T07:00:00,14.044,146.405,1.95,0.546,4.8502,LoRaWAN,smart_meter
2025-01-02T08:25:00,1109.301,82.047,5.92,92.531,1.0048,HTTPS,camera
2025-01-01T19:50:00,42.792,141.142,0.317,0.276,3.3419,LoRaWAN,smart_meter
2025-01-01T15:43:00,30.074,322.316,2.201,0.654,3.2808,LoRaWAN,smart_meter
2025-01-01T04:49:00,2239.784,78.664,3.912,264.666,0.4426,HTTPS,camera
2025-01-02T06:22:00,57.377,30.639,1.944,2.64,2.6757,MQTT,env_sensor
2025-01-02T01:57:00,30.399,177.933,1.925,0.256,0.0,LoRaWAN,smart_meter
2025-01-01T22:51:00,116.367,16.166,3.424,2.607,1.0124,MQTT,env_sensor
2025-01-02T02:53:00,143.951,10.219,0.615,9.239,0.2454,MQTT,env_sensor
2025-01-02T16:56:00,1514.772,107.351,2.661,155.627,0.7085,HTTPS,camera
2025-01-02T04:28:00,117.762,25.984,7.474,18.352,1.0894,MQTT,actuator
2025-01-01T02:25:00,40.421,172.812,2.063,0.61,0.5405,LoRaWAN,smart_meter
2025-01-02T09:34:00,38.58,25.898,3.314,5.039,1.3024,MQTT,env_sensor
2025-01-01T23:00:00,1556.71,60.184,2.911,47.32,0.0,HTTPS,camera
2025-01-01T01:24:00,89.018,13.459,5.333,12.424,0.0,MQTT,actuator
2025-01-01T17:42:00,32.485,114.741,2.895,0.559,1.9464,LoRaWAN,smart_meter
2025-01-02T03:22:00,2507.949,62.183,10.182,21.379,0.5775,HTTPS,camera
2025-01-01T21:05:00,1810.094,34.82,12.357,187.268,0.426,HTTPS,camera
2025-01-02T06:18:00,156.605,16.927,10.885,3.921,0.4295,MQTT,actuator
2025-01-02T04:36:00,127.157,14.292,8.163,3.827,0.0,MQTT,actuator
2025-01-01T22:53:00,64.698,42.371,7.955,17.051,0.9809,MQTT,actuator
2025-01-01T00:40:00,101.123,18.546,1.042,10.907,0.0,MQTT,env_sensor
2025-01-01T01:26:00,22.687,212.313,1.05,0.05,1.0383,LoRaWAN,smart_meter
2025-01-01T18:26:00,98.512,22.718,1.277,6.476,2.0153,MQTT,env_sensor
2025-01-01T09:12:00,90.654,33.313,1.223,3.663,0.7271,MQTT,env_sensor
2025-01-01T18:44:00,108.256,18.718,7.642,4.684,0.7778,MQTT,actuator
2025-01-01T16:15:00,93.734,10.104,2.601,0.341,0.5801,MQTT,env_sensor
2025-01-01T04:48:00,31.608,208.899,3.01,0.313,0.5511,LoRaWAN,smart_meter
2025-01-01T19:29:00,940.427,60.19,6.867,171.785,0.7838,HTTPS,camera
2025-01-01T21:40:00,28.958,78.532,0.1,0.559,3.0066,MQTT,smart_meter
2025-01-01T15:54:00,139.64,22.368,6.22,7.011,1.0235,MQTT,actuator
2025-01-01T06:23:00,127.392,33.445,6.075,13.222,2.3359,MQTT,actuator
2025-01-02T04:55:00,155.163,25.812,1.074,4.173,0.0926,MQTT,actuator
2025-01-01T06:35:00,877.221,94.474,4.898,117.398,0.8829,HTTPS,camera
2025-01-01T17:33:00,824.01,58.941,7.335,93.767,0.0,HTTPS,gateway
2025-01-02T13:41:00,2131.968,60.252,2.595,57.276,0.2939,HTTPS,camera
2025-01-01T16:38:00,31.088,203.427,2.343,0.429,0.0848,LoRaWAN,smart_meter
2025-01-01T16:48:00,2894.656,99.173,2.83,182.552,1.2711,HTTPS,camera
2025-01-02T06:09:00,131.413,21.395,10.826,9.602,0.5524,MQTT,actuator
2025-01-02T01:23:00,79.762,6.465,4.359,2.255,0.0,MQTT,env_sensor
2025-01-01T16:40:00,133.691,9.852,5.097,6.507,2.6217,MQTT,actuator
2025-01-02T03:07:00,1675.917,87.746,0.1,188.706,0.9869,HTTPS,camera
2025-01-01T06:28:00,91.883,4.945,6.5,12.479,0.0,MQTT,actuator
2025-01-01T22:29:00,1139.552,36.897,0.1,141.525,0.8572,HTTPS,camera
2025-01-02T03:57:00,1617.154,30.123,0.1,80.484,0.5522,HTTPS,gateway
2025-01-02T04:22:00,92.121,38.728,8.004,10.85,1.8149,CoAP,actuator
2025-01-02T05:58:00,1059.971,44.075,9.664,43.954,0.0,HTTPS,gateway
2025-01-01T13:58:00,23.932,149.29,2.944,0.05,2.8549,LoRaWAN,smart_meter
2025-01-01T10:00:00,110.088,22.594,5.559,7.243,1.3666,MQTT,actuator
2025-01-01T23:21:00,134.99,16.845,10.464,8.378,1.0344,MQTT,actuator
2025-01-01T00:41:00,46.348,24.779,2.265,5.48,1.8946,MQTT,env_sensor
2025-01-02T17:01:00,68.769,12.538,2.502,4.968,0.0,MQTT,env_sensor
2025-01-02T16:37:00,121.152,5.42,6.835,6.073,0.7131,CoAP,actuator
2025-01-01T06:46:00,97.642,35.176,0.302,3.573,2.8266,MQTT,env_sensor
2025-01-02T11:29:00,1595.491,36.214,0.187,48.096,0.0,HTTPS,camera
2025-01-01T08:21:00,65.427,29.56,5.567,4.782,0.8281,MQTT,env_sensor
2025-01-01T16:37:00,2433.766,24.183,1.13,70.218,0.6926,HTTPS,camera
2025-01-02T07:09:00,72.765,23.964,6.353,0.05,0.9584,MQTT,env_sensor
2025-01-02T10:29:00,263.188,28.4,4.962,78.039,2.6184,MQTT,gateway
2025-01-02T03:34:00,78.832,1.0,0.1,4.467,0.0307,MQTT,env_sensor
2025-01-01T17:41:00,81.675,33.986,0.1,4.351,0.8852,MQTT,env_sensor
2025-01-02T04:25:00,57.265,28.456,4.658,2.503,1.5766,MQTT,env_sensor
2025-01-01T13:01:00,23.1,172.349,2.931,0.585,3.8111,LoRaWAN,smart_meter
2025-01-02T10:08:00,1066.338,33.859,8.591,29.059,0.0,HTTPS,gateway
2025-01-01T22:39:00,122.29,28.777,3.895,11.759,0.0,MQTT,actuator
2025-01-01T13:04:00,1299.13,106.663,7.139,117.009,0.1465,HTTPS,camera
2025-01-02T14:21:00,842.805,38.786,2.135,79.036,0.7036,HTTPS,gateway
2025-01-02T01:26:00,567.348,54.523,11.357,91.839,1.4996,CoAP,gateway
2025-01-02T06:09:00,990.201,51.025,1.12,37.602,0.2792,HTTPS,camera
2025-01-01T10:40:00,2412.251,46.262,4.386,201.059,0.8411,HTTPS,camera
2025-01-02T07:09:00,1052.015,77.237,7.708,77.112,0.3162,HTTPS,camera
2025-01-01T22:47:00,60.063,19.63,0.1,0.05,0.8182,MQTT,env_sensor
2025-01-02T09:38:00,35.252,141.396,1.05,0.753,1.6224,LoRaWAN,smart_meter
2025-01-01T14:29:00,153.187,20.783,0.348,8.783,1.9796,MQTT,actuator
2025-01-02T07:57:00,1098.539,44.632,5.126,63.985,0.8954,HTTPS,gateway
2025-01-01T14:22:00,65.22,28.248,2.032,1.648,1.381,MQTT,env_sensor
2025-01-02T13:01:00,2390.716,1.0,5.354,210.262,0.5468,HTTPS,camera
2025-01-01T16:01:00,28.753,155.07,3.137,0.543,3.9929,LoRaWAN,smart_meter
2025-01-01T19:18:00,1828.694,102.409,4.788,103.098,0.0624,HTTPS,camera
2025-01-01T08:51:00,83.167,22.968,3.282,3.533,1.5264,MQTT,env_sensor
2025-01-02T07:29:00,404.74,59.649,11.196,37.935,0.1065,CoAP,gateway
2025-01-02T17:20:00,150.365,12.698,7.073,7.708,0.4966,MQTT,actuator
2025-01-01T03:56:00,2358.435,1.0,1.869,50.177,1.8541,HTTPS,camera
2025-01-02T12:33:00,2599.345,81.4,4.421,65.142,1.2719,HTTPS,camera
2025-01-01T21:35:00,1679.144,115.963,5.34,94.847,0.5565,HTTPS,camera
2025-01-02T15:00:00,1326.267,37.655,7.994,80.221,1.4114,HTTPS,gateway
2025-01-02T17:04:00,152.438,14.816,2.877,101.182,0.5091,MQTT,gateway
2025-01-02T11:33:00,44.908,35.346,4.518,4.679,0.0,MQTT,env_sensor
2025-01-02T16:16:00,80.111,21.506,3.694,0.537,0.239,MQTT,env_sensor
2025-01-01T04:08:00,55.664,32.972,3.043,0.439,0.5002,MQTT,env_sensor
2025-01-01T17:01:00,8.0,56.888,3.539,61.433,3.3335,MQTT,gateway
2025-01-01T16:29:00,2289.202,58.194,3.975,82.014,0.633,HTTPS,camera
2025-01-02T05:39:00,47.87,21.793,8.324,10.826,0.26,CoAP,actuator
2025-01-02T00:23:00,92.98,6.82,6.923,2.651,0.4589,MQTT,actuator
2025-01-02T15:18:00,994.804,21.196,13.28,75.353,0.1015,HTTPS,gateway
2025-01-01T17:10:00,2916.911,54.533,3.535,158.335,1.6248,HTTPS,camera
2025-01-01T04:20:00,1168.819,23.971,11.773,59.351,2.8879,HTTPS,gateway
2025-01-01T15:24:00,2310.338,87.142,4.544,116.191,0.0702,HTTPS,camera
2025-01-01T06:29:00,32.9,113.981,2.805,1.017,3.657,MQTT,smart_meter
2025-01-01T17:01:00,89.081,39.831,0.816,5.892,2.8605,MQTT,env_sensor
2025-01-01T18:48:00,1075.173,86.477,1.539,158.054,0.3529,HTTPS,camera
2025-01-02T17:04:00,90.184,9.508,8.134,8.027,1.6587,CoAP,actuator
2025-01-01T11:37:00,1209.955,74.81,0.41,293.279,0.0,HTTPS,camera
2025-01-02T00:36:00,310.35,50.428,10.288,96.843,0.3008,HTTPS,gateway
2025-01-01T00:47:00,2174.608,46.781,5.04,13.779,0.8326,HTTPS,camera
2025-01-02T12:23:00,1175.927,38.959,12.764,35.134,1.6052,CoAP,gateway
2025-01-01T09:42:00,53.894,16.146,0.1,8.8,1.097,MQTT,env_sensor
2025-01-01T09:43:00,18.105,203.615,2.331,0.78,3.0776,LoRaWAN,smart_meter
2025-01-01T14:56:00,1843.781,29.993,8.917,138.484,0.6928,HTTPS,gateway
2025-01-01T06:22:00,67.772,11.466,3.059,10.193,1.1824,MQTT,env_sensor
2025-01-01T09:18:00,61.213,15.427,5.539,0.15,0.1775,MQTT,env_sensor
2025-01-01T06:19:00,43.146,22.137,5.192,18.107,0.6436,MQTT,actuator
2025-01-02T14:03:00,912.474,117.585,2.718,78.942,1.0687,HTTPS,camera
2025-01-02T02:27:00,56.749,12.931,6.449,8.487,1.3699,MQTT,actuator
2025-01-02T04:39:00,23.617,179.882,0.814,0.519,4.5151,LoRaWAN,smart_meter
2025-01-02T13:14:00,128.356,19.045,10.267,10.601,0.2994,CoAP,actuator
2025-01-01T17:21:00,868.789,41.267,5.641,69.058,1.2543,CoAP,gateway
2025-01-02T13:19:00,55.646,1.0,3.556,2.117,1.6474,MQTT,env_sensor
2025-01-02T12:06:00,58.19,24.153,1.844,0.085,2.528,MQTT,env_sensor
2025-01-02T07:11:00,615.48,67.724,3.816,82.061,2.113,HTTPS,gateway
2025-01-01T00:17:00,1637.926,49.18,5.113,76.845,1.3447,HTTPS,camera
2025-01-02T01:06:00,64.036,30.943,8.754,9.066,0.0,CoAP,actuator
2025-01-01T04:08:00,1430.659,64.419,0.1,176.446,0.9605,HTTPS,camera
2025-01-02T02:58:00,35.837,153.012,2.206,0.468,1.2893,LoRaWAN,smart_meter
2025-01-02T11:30:00,116.894,29.421,7.793,5.37,1.1119,MQTT,actuator
2025-01-02T12:16:00,31.816,16.397,8.042,7.188,0.6666,MQTT,actuator
2025-01-01T00:03:00,39.166,167.389,3.945,0.27,2.8845,LoRaWAN,smart_meter
2025-01-01T04:31:00,76.14,18.526,3.026,0.52,1.6226,MQTT,env_sensor
2025-01-01T01:25:00,97.937,12.968,0.1,12.46,0.3142,MQTT,actuator
2025-01-01T16:38:00,2206.041,77.872,1.238,145.548,0.5642,HTTPS,camera
2025-01-01T00:10:00,33.761,166.602,0.925,0.526,4.8161,LoRaWAN,smart_meter
2025-01-01T23:46:00,32.744,140.143,3.694,0.405,5.6375,LoRaWAN,smart_meter
2025-01-01T21:16:00,81.073,23.646,2.399,11.021,1.5698,MQTT,actuator
2025-01-02T07:14:00,1541.763,49.646,5.507,133.005,0.2668,HTTPS,camera
2025-01-02T05:40:00,1006.119,61.977,2.359,98.05,0.8485,HTTPS,camera
2025-01-01T17:04:00,1488.345,45.886,3.774,209.661,0.8734,HTTPS,camera
2025-01-02T11:46:00,32.276,31.045,1.926,0.372,0.1132,HTTPS,env_sensor
2025-01-02T10:29:00,83.694,47.24,2.202,8.12,0.0,MQTT,env_sensor
2025-01-01T02:40:00,32.97,223.817,1.5,0.585,6.1417,LoRaWAN,smart_meter
2025-01-01T19:11:00,1801.975,44.982,9.314,147.179,0.5679,HTTPS,camera
2025-01-01T11:39:00,71.041,35.872,3.41,2.036,1.413,MQTT,env_sensor
2025-01-01T07:44:00,1945.659,59.265,1.726,0.05,0.5671,HTTPS,camera
2025-01-02T00:36:00,854.698,62.69,6.949,59.362,0.1931,HTTPS,camera
2025-01-01T16:34:00,957.257,20.435,12.085,10.053,0.889,CoAP,gateway
2025-01-01T00:40:00,489.102,47.816,7.755,83.887,1.5814,CoAP,gateway
2025-01-01T19:58:00,1479.707,82.499,3.514,103.189,0.8777,HTTPS,camera
2025-01-01T23:51:00,166.099,9.106,3.77,4.204,0.0,MQTT,actuator
2025-01-01T07:41:00,77.202,1.0,1.705,4.996,1.6329,MQTT,env_sensor
2025-01-02T02:09:00,76.581,27.125,9.269,10.273,1.1513,CoAP,actuator
2025-01-02T06:07:00,503.159,42.725,10.846,61.717,1.0561,CoAP,gateway
2025-01-01T14:30:00,775.899,25.233,8.629,73.386,1.8231,CoAP,gateway
2025-01-01T04:03:00,957.071,42.46,0.1,84.306,1.2579,HTTPS,camera
2025-01-01T18:50:00,150.914,20.172,2.057,7.645,1.2332,MQTT,actuator
2025-01-01T00:09:00,2066.361,48.109,0.1,221.406,0.3148,HTTPS,camera
2025-01-02T05:00:00,1151.64,51.744,0.1,70.506,0.3607,HTTPS,camera
2025-01-01T05:24:00,760.745,62.391,12.707,84.825,1.6681,CoAP,gateway
2025-01-01T18:12:00,17.218,230.887,4.029,0.395,3.8887,LoRaWAN,smart_meter
2025-01-01T19:09:00,63.437,33.009,0.1,4.286,1.6485,MQTT,env_sensor
2025-01-02T16:48:00,1114.233,56.448,7.696,80.648,2.0389,HTTPS,gateway
2025-01-02T03:59:00,128.628,14.546,6.772,15.812,0.5793,MQTT,actuator
2025-01-01T00:57:00,42.678,27.275,0.81,0.05,1.3618,MQTT,env_sensor
2025-01-02T13:16:00,17.263,224.982,0.1,0.412,0.7543,LoRaWAN,smart_meter
2025-01-01T15:52:00,67.643,22.3,2.872,5.421,1.6523,MQTT,env_sensor
2025-01-01T13:55:00,8.389,293.137,0.1,0.446,3.1673,LoRaWAN,smart_meter
2025-01-02T10:38:00,309.435,45.788,3.155,37.785,2.7699,CoAP,gateway
2025-01-02T15:59:00,2575.345,69.458,10.564,151.895,0.841,HTTPS,camera
2025-01-02T12:10:00,1648.765,98.683,5.293,144.231,0.4501,HTTPS,camera
2025-01-02T15:14:00,76.132,23.388,5.96,1.038,0.8715,CoAP,env_sensor
2025-01-01T17:06:00,89.007,2.835,2.71,7.318,1.8262,MQTT,actuator
2025-01-01T22:26:00,2511.762,32.508,3.183,0.05,0.4661,HTTPS,camera
2025-01-01T17:44:00,1357.201,85.346,5.43,0.05,1.2048,MQTT,gateway
2025-01-01T19:19:00,81.611,16.034,4.722,9.417,1.0883,MQTT,actuator
2025-01-02T14:59:00,85.122,32.777,3.282,0.837,1.84,MQTT,env_sensor
2025-01-02T00:34:00,1805.688,68.009,0.1,117.472,1.0737,HTTPS,camera
2025-01-01T04:11:00,27.139,106.629,2.767,0.613,4.8408,LoRaWAN,smart_meter
2025-01-02T01:32:00,45.753,11.862,5.726,5.504,0.8541,MQTT,actuator
2025-01-02T00:45:00,561.433,20.085,11.535,0.05,2.3556,CoAP,gateway
2025-01-02T16:52:00,32.101,192.952,2.833,0.071,4.9005,LoRaWAN,smart_meter
2025-01-01T06:18:00,1557.021,29.962,4.863,107.867,1.6013,HTTPS,camera
2025-01-01T10:08:00,48.612,20.832,3.702,5.857,1.0281,MQTT,env_sensor
2025-01-01T06:31:00,10.67,161.341,0.334,0.05,3.4567,LoRaWAN,smart_meter
2025-01-02T12:00:00,79.039,36.887,3.31,2.887,1.5052,MQTT,env_sensor
2025-01-02T07:17:00,16.357,165.641,2.116,0.801,2.7565,LoRaWAN,smart_meter
2025-01-01T16:51:00,1549.962,35.842,2.38,107.618,0.4371,HTTPS,camera
2025-01-01T13:02:00,27.321,69.581,2.067,0.266,5.1525,LoRaWAN,smart_meter
2025-01-01T19:34:00,35.044,173.484,0.435,0.264,2.6662,LoRaWAN,smart_meter
2025-01-02T10:50:00,88.305,32.372,4.53,1.316,0.996,MQTT,env_sensor
2025-01-01T03:56:00,54.293,7.259,0.1,5.054,1.175,MQTT,env_sensor
2025-01-02T16:39:00,10.714,169.163,2.811,0.431,0.0,LoRaWAN,smart_meter
2025-01-02T10:19:00,2342.541,72.214,1.006,147.549,0.2962,HTTPS,camera
2025-01-01T19:52:00,52.927,25.077,0.836,3.695,0.0,MQTT,env_sensor
2025-01-02T14:44:00,1020.395,79.214,2.215,158.883,0.3348,HTTPS,camera
2025-01-02T04:30:00,2226.67,65.469,5.295,51.355,1.2934,HTTPS,camera
2025-01-01T23:56:00,31.852,229.888,3.504,0.184,1.6193,LoRaWAN,smart_meter
2025-01-01T02:57:00,24.586,203.104,1.301,0.382,5.0551,LoRaWAN,smart_meter
2025-01-02T03:26:00,125.934,17.978,3.761,8.701,1.0226,MQTT,env_sensor
2025-01-02T02:52:00,29.421,96.226,4.278,0.277,2.1849,LoRaWAN,smart_meter
2025-01-02T15:58:00,953.675,28.08,0.61,89.301,0.1883,HTTPS,camera
2025-01-01T22:55:00,406.207,73.305,5.994,50.944,1.6339,CoAP,gateway
2025-01-02T16:49:00,2501.576,10.191,5.655,27.255,1.6536,MQTT,camera
2025-01-01T03:37:00,1780.176,56.017,4.65,94.049,1.1099,HTTPS,camera
2025-01-02T09:00:00,31.282,231.67,3.084,0.28,8.377,LoRaWAN,smart_meter
2025-01-01T18:11:00,1653.159,49.923,5.256,108.437,1.024,HTTPS,camera
2025-01-01T21:57:00,90.901,27.833,4.542,12.152,1.8819,MQTT,env_sensor
2025-01-02T11:44:00,105.374,19.541,3.881,8.722,0.9392,MQTT,actuator
2025-01-01T03:12:00,112.47,9.089,2.798,0.85,2.6564,MQTT,env_sensor
2025-01-02T11:50:00,58.683,19.671,2.597,2.371,0.4866,MQTT,env_sensor
2025-01-02T12:54:00,629.286,76.83,8.2,88.956,0.0,HTTPS,gateway
2025-01-01T11:59:00,2489.985,76.926,6.288,245.07,1.1209,HTTPS,camera
2025-01-01T01:00:00,3010.452,21.273,7.871,112.334,0.9602,HTTPS,camera
2025-01-01T20:14:00,25.612,287.221,3.869,0.05,1.4668,LoRaWAN,smart_meter
2025-01-01T23:38:00,804.249,33.856,11.704,104.541,0.3905,HTTPS,gateway
2025-01-01T09:08:00,1526.855,34.855,3.64,59.245,0.3918,HTTPS,camera
2025-01-02T17:39:00,146.671,22.939,3.807,3.225,0.0,MQTT,actuator
2025-01-01T08:48:00,1912.596,78.802,0.1,11.832,0.014,HTTPS,gateway
2025-01-01T03:29:00,1102.273,38.037,0.1,101.082,0.4803,HTTPS,gateway
2025-01-01T07:27:00,106.917,42.04,0.456,0.882,2.377,MQTT,env_sensor
2025-01-01T20:22:00,22.223,134.074,3.071,0.508,5.7417,LoRaWAN,smart_meter
2025-01-01T06:26:00,23.209,155.999,0.1,0.46,1.7187,LoRaWAN,smart_meter
2025-01-01T22:30:00,1177.718,21.517,10.722,11.286,2.779,CoAP,gateway
2025-01-01T21:07:00,67.224,31.189,10.099,5.942,0.3847,CoAP,actuator
2025-01-01T07:52:00,1446.902,61.154,9.404,0.05,1.5946,CoAP,gateway
2025-01-02T09:25:00,85.539,25.526,4.472,1.346,3.0937,MQTT,env_sensor
2025-01-02T00:11:00,29.182,136.595,2.364,0.05,3.3235,MQTT,smart_meter
2025-01-02T08:37:00,78.98,31.393,3.114,7.284,1.5272,MQTT,env_sensor
2025-01-01T05:36:00,33.301,173.822,3.024,0.316,2.8053,LoRaWAN,smart_meter
2025-01-01T04:23:00,136.487,6.092,5.054,17.41,0.5018,MQTT,actuator
2025-01-02T05:32:00,1572.473,87.636,0.1,125.372,0.005,HTTPS,camera
2025-01-02T04:29:00,95.842,10.387,2.831,13.765,0.0,MQTT,actuator
2025-01-01T13:39:00,1358.345,27.205,2.883,110.866,1.3941,HTTPS,gateway
2025-01-01T22:32:00,1477.147,26.203,12.923,50.599,0.9793,HTTPS,gateway
2025-01-01T07:02:00,57.232,19.512,0.1,10.378,0.372,MQTT,env_sensor
2025-01-01T18:37:00,1060.975,53.211,10.752,88.397,1.8871,HTTPS,gateway
2025-01-01T07:07:00,156.236,12.586,5.512,11.694,0.3338,MQTT,actuator
2025-01-02T15:45:00,1769.697,58.63,2.295,123.376,1.2931,HTTPS,camera
2025-01-01T13:08:00,90.89,31.25,2.869,7.608,0.0,MQTT,env_sensor
2025-01-01T23:25:00,1078.687,16.345,5.982,71.337,0.9941,HTTPS,gateway
2025-01-01T18:38:00,1722.264,48.192,14.927,97.639,1.1344,HTTPS,gateway
2025-01-01T21:27:00,26.204,139.518,4.802,0.223,0.3594,LoRaWAN,smart_meter
2025-01-02T09:07:00,31.303,280.532,4.853,0.332,4.8459,LoRaWAN,smart_meter
2025-01-02T01:37:00,41.883,20.504,5.356,2.629,1.0832,MQTT,env_sensor
2025-01-02T00:18:00,1857.226,36.931,5.02,81.629,1.2077,HTTPS,camera
2025-01-01T07:49:00,133.97,27.081,3.101,3.087,1.531,MQTT,actuator
2025-01-02T03:31:00,2692.709,75.119,6.959,87.183,0.043,HTTPS,camera
2025-01-01T21:56:00,52.503,34.273,2.729,0.393,1.0484,MQTT,env_sensor
2025-01-01T01:11:00,22.41,162.34,1.801,0.946,3.1352,LoRaWAN,smart_meter
2025-01-02T00:09:00,59.118,45.206,2.085,1.311,1.1343,MQTT,env_sensor
2025-01-02T07:17:00,77.384,21.879,0.1,6.594,1.0343,MQTT,env_sensor
2025-01-01T07:10:00,106.152,17.276,8.333,6.261,1.1001,MQTT,actuator
2025-01-01T14:21:00,2068.965,21.547,5.439,65.101,0.1924,HTTPS,camera
2025-01-01T20:51:00,119.441,11.167,7.547,10.38,2.0502,CoAP,actuator
2025-01-01T08:49:00,380.144,29.154,5.092,104.16,0.0,HTTPS,gateway
2025-01-01T05:16:00,1189.814,46.951,0.1,90.203,0.5312,HTTPS,camera
2025-01-02T07:35:00,29.584,55.8,2.155,0.237,1.4176,MQTT,smart_meter
2025-01-01T01:37:00,30.005,129.465,1.898,0.226,2.5709,LoRaWAN,smart_meter
2025-01-01T08:07:00,2843.47,73.856,7.495,57.488,0.0,HTTPS,camera
2025-01-01T19:43:00,27.222,217.055,3.146,0.372,6.9837,LoRaWAN,smart_meter
2025-01-02T16:16:00,31.796,236.07,0.1,0.26,0.0,LoRaWAN,smart_meter
2025-01-01T21:12:00,76.7,26.573,2.47,4.261,1.1721,MQTT,env_sensor
2025-01-01T04:44:00,1204.549,46.059,1.524,146.093,0.6775,HTTPS,camera
2025-01-01T00:16:00,163.342,20.708,5.614,9.172,0.8869,CoAP,actuator
2025-01-01T06:55:00,1400.079,43.986,6.958,77.928,0.0992,HTTPS,gateway
2025-01-02T13:33:00,1561.092,32.121,9.284,94.942,1.0897,HTTPS,gateway
2025-01-02T08:00:00,807.526,10.157,6.28,143.799,0.5135,HTTPS,camera
2025-01-01T18:13:00,31.841,73.812,2.752,0.585,3.7203,MQTT,smart_meter
2025-01-01T11:34:00,129.444,113.612,4.362,60.392,0.1571,HTTPS,camera
2025-01-02T02:12:00,118.298,11.312,7.763,9.801,0.2647,CoAP,actuator
2025-01-01T05:16:00,20.725,237.149,1.703,0.654,2.7601,LoRaWAN,smart_meter
2025-01-01T13:44:00,2855.541,36.638,6.77,191.92,0.3994,HTTPS,camera
2025-01-02T05:30:00,41.098,208.928,2.278,0.682,1.2376,LoRaWAN,smart_meter
2025-01-02T00:39:00,65.205,22.032,6.169,5.465,1.3261,MQTT,env_sensor
2025-01-01T04:59:00,30.142,181.74,2.338,0.678,3.3894,LoRaWAN,smart_meter
2025-01-01T07:11:00,1259.72,72.089,4.947,153.663,0.3137,HTTPS,camera
2025-01-01T12:08:00,72.113,22.165,0.1,0.05,0.0,MQTT,env_sensor
2025-01-01T21:45:00,753.236,61.203,7.5,46.969,3.1069,CoAP,gateway
2025-01-02T12:52:00,88.674,29.053,1.425,3.213,1.8455,MQTT,env_sensor
2025-01-01T07:51:00,2378.106,28.109,4.485,100.182,1.3171,HTTPS,camera
2025-01-02T17:13:00,86.304,29.583,0.742,9.668,1.2536,MQTT,env_sensor
2025-01-01T17:39:00,18.665,252.185,2.088,0.524,1.2518,LoRaWAN,smart_meter
2025-01-01T09:05:00,2738.085,78.096,6.563,95.45,0.7364,HTTPS,camera
2025-01-02T16:41:00,1845.4,87.793,4.313,63.763,0.1856,HTTPS,camera
2025-01-01T05:30:00,1976.266,67.113,5.552,66.145,1.1588,HTTPS,camera
2025-01-01T17:21:00,87.523,17.826,0.1,0.785,2.2054,MQTT,env_sensor
2025-01-01T14:29:00,20.759,186.389,1.97,0.225,2.6369,LoRaWAN,smart_meter
2025-01-01T07:07:00,1538.799,31.849,0.1,118.49,1.3869,HTTPS,gateway
2025-01-02T13:11:00,49.631,125.823,2.749,0.313,1.9734,LoRaWAN,smart_meter
2025-01-02T17:09:00,114.562,13.888,6.083,6.918,1.1421,MQTT,actuator
2025-01-01T18:54:00,875.122,41.986,0.44,65.514,0.3756,HTTPS,gateway
2025-01-01T23:15:00,1587.9,85.816,4.808,109.983,0.6537,HTTPS,camera
2025-01-02T01:13:00,99.529,17.654,8.804,6.978,1.2833,MQTT,actuator
2025-01-01T18:48:00,33.526,241.419,0.1,0.064,2.2598,LoRaWAN,smart_meter
2025-01-01T19:28:00,2070.424,19.225,9.221,9.663,3.5184,MQTT,gateway
2025-01-01T13:15:00,113.935,14.908,2.373,6.787,0.1892,MQTT,env_sensor
2025-01-02T09:30:00,79.674,30.468,0.1,4.269,2.4606,MQTT,env_sensor
2025-01-02T13:36:00,599.035,33.456,6.018,35.241,1.7062,CoAP,gateway
2025-01-02T06:07:00,57.388,29.984,2.902,2.192,2.4822,MQTT,env_sensor
2025-01-02T05:16:00,1295.721,83.523,10.742,22.454,1.798,CoAP,gateway
2025-01-01T17:54:00,1731.545,27.022,9.385,81.635,0.4908,HTTPS,gateway
2025-01-01T03:42:00,86.023,5.081,2.115,1.7,0.8701,MQTT,env_sensor
2025-01-01T15:40:00,18.304,248.255,0.235,0.087,1.8972,LoRaWAN,smart_meter
2025-01-01T19:02:00,86.276,7.634,5.332,5.848,0.8426,MQTT,actuator
2025-01-01T04:11:00,735.757,81.832,3.26,130.576,0.4402,HTTPS,camera
2025-01-02T16:51:00,14.736,206.66,0.958,0.877,1.6461,LoRaWAN,smart_meter
2025-01-01T16:01:00,1018.281,73.146,0.1,13.718,0.9194,HTTPS,gateway
2025-01-02T05:30:00,1207.205,64.495,5.906,60.812,1.731,HTTPS,camera
2025-01-01T21:39:00,154.111,23.444,10.831,4.109,0.7271,MQTT,actuator
2025-01-02T06:27:00,2409.986,83.765,1.972,84.469,0.8782,HTTPS,camera
2025-01-01T12:18:00,1955.77,125.253,5.23,149.539,0.3548,HTTPS,camera
2025-01-01T17:31:00,117.388,31.584,5.972,13.422,1.1571,MQTT,actuator
2025-01-02T14:24:00,8.0,60.927,7.114,31.332,0.5834,CoAP,gateway
2025-01-02T05:45:00,8.0,77.157,4.966,72.946,1.6516,MQTT,gateway
2025-01-02T15:35:00,26.985,23.487,1.446,4.202,2.572,MQTT,env_sensor
2025-01-01T06:41:00,58.214,46.386,2.093,10.945,1.7969,MQTT,env_sensor
2025-01-02T11:55:00,410.561,45.894,7.15,45.288,0.5047,CoAP,gateway
2025-01-02T16:14:00,92.152,23.137,8.957,9.544,0.6422,MQTT,actuator
2025-01-02T00:48:00,2193.228,71.808,0.375,175.548,0.0,HTTPS,camera
2025-01-01T22:53:00,501.208,24.48,7.082,130.878,0.7321,HTTPS,camera
2025-01-02T06:36:00,831.396,58.735,7.188,62.731,1.8056,CoAP,gateway
2025-01-01T17:27:00,2438.722,61.741,1.816,149.198,0.0,HTTPS,camera
2025-01-01T01:07:00,62.504,51.35,3.057,1.931,1.6545,MQTT,env_sensor
2025-01-01T04:53:00,677.702,16.651,12.812,116.327,0.3393,HTTPS,gateway
2025-01-01T15:36:00,19.361,227.654,6.062,0.379,5.9013,LoRaWAN,smart_meter
2025-01-01T17:23:00,1696.228,37.549,6.644,99.096,1.2004,HTTPS,camera
2025-01-02T03:26:00,1117.442,60.849,6.232,64.618,0.934,HTTPS,camera
2025-01-01T13:49:00,65.413,30.532,8.12,7.759,2.4636,MQTT,actuator
2025-01-02T12:03:00,1232.808,67.663,3.338,223.908,0.4,HTTPS,camera
2025-01-02T14:21:00,45.32,12.71,0.1,3.911,2.5499,MQTT,env_sensor
2025-01-02T04:15:00,142.446,13.72,10.567,1.603,1.1939,MQTT,actuator
2025-01-01T04:40:00,1566.354,75.064,2.549,131.452,0.0282,HTTPS,camera
2025-01-02T04:27:00,1743.963,10.648,5.761,176.086,0.2078,HTTPS,camera
2025-01-01T02:57:00,128.905,35.745,5.779,6.204,0.499,CoAP,actuator
2025-01-01T10:35:00,87.96,5.755,1.686,6.531,0.0,MQTT,env_sensor
2025-01-02T13:59:00,1842.143,52.181,2.303,186.767,0.1172,HTTPS,camera
2025-01-01T07:05:00,19.415,41.441,0.1,0.633,1.7968,MQTT,smart_meter
2025-01-01T12:24:00,35.14,232.419,2.933,0.338,0.0,LoRaWAN,smart_meter
2025-01-01T11:26:00,37.025,226.711,3.35,0.391,2.5444,LoRaWAN,smart_meter
2025-01-01T00:59:00,102.867,17.912,5.34,1.47,0.7744,MQTT,actuator
2025-01-01T11:17:00,27.756,177.801,0.1,0.423,0.0,LoRaWAN,smart_meter
2025-01-02T06:35:00,93.611,31.699,6.222,0.05,1.1603,CoAP,env_sensor
2025-01-02T07:09:00,91.929,28.76,0.909,11.325,1.5536,MQTT,actuator
2025-01-02T12:04:00,100.394,14.059,10.217,9.946,0.0,MQTT,actuator
2025-01-01T14:18:00,1237.255,46.818,0.1,77.923,0.0,HTTPS,gateway
2025-01-01T16:02:00,70.089,36.216,1.524,4.298,1.4129,MQTT,env_sensor
2025-01-01T05:31:00,65.866,13.383,1.173,10.389,0.9908,MQTT,actuator
2025-01-01T09:10:00,166.809,17.658,4.077,10.753,1.4826,MQTT,actuator
2025-01-01T17:13:00,1718.534,44.451,5.452,68.957,0.8284,HTTPS,camera
2025-01-01T13:10:00,1077.818,15.995,9.832,94.753,0.9721,HTTPS,gateway
2025-01-02T09:34:00,181.122,41.194,12.443,17.863,0.4418,CoAP,gateway
2025-01-01T05:32:00,79.82,18.48,8.567,10.78,0.0,MQTT,actuator
2025-01-02T14:39:00,797.587,38.311,0.1,83.021,0.3908,HTTPS,camera
2025-01-02T00:09:00,10.289,172.558,0.427,0.671,2.4693,LoRaWAN,smart_meter
2025-01-01T03:00:00,75.391,21.597,1.863,6.973,2.4957,MQTT,env_sensor
2025-01-01T20:22:00,78.386,22.324,3.377,3.044,1.8874,MQTT,env_sensor
2025-01-01T00:17:00,151.282,1.942,6.134,3.085,0.2898,CoAP,actuator
2025-01-01T01:13:00,3113.988,86.915,5.777,178.229,0.8469,HTTPS,camera
2025-01-01T14:38:00,1186.983,47.752,11.314,51.166,1.2111,HTTPS,gateway
2025-01-01T07:38:00,26.73,221.772,2.036,0.303,1.2963,LoRaWAN,smart_meter
2025-01-01T15:18:00,1055.098,61.297,11.937,26.908,2.1406,CoAP,gateway
2025-01-01T22:49:00,91.497,6.183,8.246,9.308,1.6533,MQTT,actuator
2025-01-01T00:51:00,135.593,23.672,6.875,17.242,1.6644,CoAP,actuator
2025-01-01T15:24:00,27.308,219.555,1.552,0.142,2.9862,LoRaWAN,smart_meter
2025-01-02T08:46:00,709.669,54.7,5.779,141.871,1.4704,CoAP,gateway
2025-01-01T09:51:00,1309.213,43.71,9.423,78.744,1.549,CoAP,gateway
2025-01-01T14:50:00,91.08,35.929,4.284,4.845,2.0139,MQTT,env_sensor
2025-01-02T00:42:00,79.78,12.398,8.908,6.38,1.7515,MQTT,actuator
2025-01-01T18:36:00,445.733,49.772,14.127,63.325,0.9045,HTTPS,gateway
2025-01-02T12:10:00,58.038,3.377,4.868,7.189,2.5673,MQTT,env_sensor
2025-01-01T11:14:00,91.917,14.553,5.206,1.598,0.5199,MQTT,env_sensor
2025-01-02T14:35:00,64.275,30.016,2.665,0.05,1.6523,MQTT,env_sensor
2025-01-02T07:27:00,1210.58,50.156,0.1,125.033,0.3955,HTTPS,camera
2025-01-02T05:26:00,3279.396,68.356,1.649,0.05,1.0163,MQTT,camera
2025-01-02T00:09:00,52.532,30.951,4.858,12.013,0.3374,MQTT,actuator
2025-01-02T11:23:00,33.355,153.385,2.274,0.412,2.2552,LoRaWAN,smart_meter
2025-01-02T07:36:00,90.06,9.931,6.121,4.51,1.9467,MQTT,env_sensor
2025-01-02T11:14:00,1697.416,84.926,6.683,147.029,0.0,HTTPS,camera
2025-01-01T12:19:00,2287.789,51.978,1.045,226.72,0.0,HTTPS,camera
2025-01-02T16:32:00,77.977,14.69,9.199,8.848,0.6717,MQTT,actuator
2025-01-01T22:23:00,92.983,21.966,3.211,0.05,1.3801,MQTT,env_sensor
2025-01-01T01:22:00,28.459,162.073,1.816,0.786,1.7959,LoRaWAN,smart_meter
2025-01-01T02:09:00,1561.418,105.211,4.83,106.65,0.0,HTTPS,camera
2025-01-01T16:03:00,58.647,21.933,0.799,11.509,0.2121,MQTT,env_sensor
2025-01-01T09:28:00,90.009,7.188,2.912,7.642,2.998,MQTT,env_sensor
2025-01-01T08:31:00,69.232,37.169,6.893,7.981,1.2293,MQTT,env_sensor
2025-01-01T17:12:00,35.001,153.581,4.27,0.789,4.86,LoRaWAN,smart_meter
2025-01-01T20:04:00,1287.606,45.81,10.708,65.894,1.7127,HTTPS,gateway
2025-01-01T18:06:00,2064.641,63.224,2.367,21.513,1.9844,HTTPS,gateway
2025-01-01T20:39:00,2447.887,67.829,3.048,7.48,0.839,HTTPS,camera
2025-01-01T09:57:00,105.2,21.383,3.581,14.272,0.7482,MQTT,actuator
2025-01-02T02:12:00,28.909,219.694,3.297,0.34,1.9276,LoRaWAN,smart_meter
2025-01-01T14:30:00,17.232,154.003,0.806,0.166,0.0,LoRaWAN,smart_meter
2025-01-01T13:37:00,74.895,28.545,3.564,6.182,1.0274,MQTT,env_sensor
2025-01-02T14:23:00,1137.278,43.173,4.979,54.247,0.1518,HTTPS,gateway
2025-01-02T02:06:00,91.281,21.996,2.295,3.66,1.065,MQTT,actuator
2025-01-01T05:30:00,23.861,125.421,2.735,0.109,4.7518,LoRaWAN,smart_meter
2025-01-02T00:07:00,97.252,20.747,1.961,10.683,0.0657,MQTT,actuator
2025-01-02T12:57:00,690.943,48.469,11.376,138.176,0.7144,HTTPS,camera
2025-01-01T09:49:00,120.593,15.599,4.71,9.177,0.4794,MQTT,env_sensor
2025-01-01T12:07:00,697.094,46.31,7.935,21.472,1.5533,CoAP,gateway
2025-01-01T21:51:00,92.434,11.774,3.774,3.369,2.5509,MQTT,env_sensor
2025-01-02T04:33:00,44.661,232.593,2.876,0.413,6.3995,LoRaWAN,smart_meter
2025-01-01T11:27:00,70.951,18.811,1.04,3.057,0.4649,MQTT,env_sensor
2025-01-01T00:24:00,75.504,14.935,4.845,4.271,0.9412,MQTT,actuator
2025-01-01T13:43:00,1999.464,52.449,2.768,96.525,0.2682,HTTPS,camera
2025-01-01T01:49:00,90.692,13.923,0.1,3.548,1.1913,MQTT,env_sensor
2025-01-01T18:57:00,32.546,235.646,1.938,0.251,1.9168,LoRaWAN,smart_meter
2025-01-01T03:17:00,87.168,13.77,5.704,5.845,1.5118,MQTT,actuator
2025-01-01T14:49:00,36.879,256.812,3.567,0.05,1.6771,LoRaWAN,smart_meter
2025-01-02T01:41:00,722.743,63.892,10.247,110.576,0.3977,CoAP,gateway
2025-01-01T13:37:00,1302.336,84.435,0.657,51.836,0.8692,HTTPS,gateway
2025-01-01T08:13:00,35.281,212.063,3.159,0.05,4.9464,LoRaWAN,smart_meter
2025-01-02T13:37:00,85.667,19.354,5.865,11.859,0.9626,MQTT,actuator
2025-01-02T03:45:00,95.164,41.371,2.926,1.601,2.3148,MQTT,env_sensor
2025-01-01T02:38:00,1852.197,62.844,1.557,126.995,0.5465,HTTPS,camera
2025-01-01T11:54:00,122.447,19.597,8.287,8.364,1.1066,MQTT,actuator
2025-01-02T04:26:00,45.207,26.124,3.261,1.258,0.7049,MQTT,env_sensor
2025-01-01T09:00:00,1204.078,27.665,4.92,65.613,0.0269,HTTPS,gateway
2025-01-01T21:04:00,64.688,22.202,0.1,6.251,2.8542,MQTT,env_sensor
2025-01-01T14:27:00,1807.114,69.917,3.021,105.457,0.3884,HTTPS,camera
2025-01-01T16:21:00,14.614,161.27,0.546,0.355,1.98,LoRaWAN,smart_meter
2025-01-02T16:22:00,75.203,26.391,9.435,4.325,1.0803,MQTT,env_sensor
2025-01-02T01:48:00,134.837,16.777,3.619,9.629,0.062,MQTT,actuator
2025-01-01T20:18:00,74.06,47.379,1.426,6.251,1.8608,MQTT,env_sensor
2025-01-02T08:26:00,765.72,62.668,0.514,126.626,0.4609,HTTPS,camera
2025-01-02T04:47:00,52.981,37.182,2.44,6.32,0.8353,MQTT,env_sensor
2025-01-02T09:30:00,26.01,196.165,3.847,0.657,1.9683,LoRaWAN,smart_meter
2025-01-02T05:55:00,25.945,120.425,1.923,0.589,4.2188,MQTT,smart_meter
2025-01-01T12:44:00,31.546,125.687,1.718,0.155,2.3455,LoRaWAN,smart_meter
2025-01-02T17:30:00,21.308,30.595,8.086,7.068,0.5482,MQTT,env_sensor
2025-01-02T02:40:00,18.303,103.053,0.953,0.686,0.0,LoRaWAN,smart_meter
2025-01-01T14:00:00,56.191,27.61,3.39,6.75,1.5538,MQTT,env_sensor
2025-01-01T05:46:00,1893.059,71.873,5.522,212.392,0.3129,HTTPS,camera
2025-01-01T00:02:00,12.829,180.668,0.1,0.05,0.0,LoRaWAN,smart_meter
2025-01-02T00:38:00,1694.148,49.603,7.096,198.577,1.4777,HTTPS,camera
2025-01-01T11:14:00,25.636,163.007,1.578,0.468,4.9643,LoRaWAN,smart_meter
2025-01-01T20:55:00,927.748,42.209,2.205,9.691,0.5098,HTTPS,camera
2025-01-02T15:54:00,1314.385,69.375,4.618,93.913,1.6225,HTTPS,camera
2025-01-01T12:15:00,1547.815,89.383,6.328,116.133,0.2493,HTTPS,camera
2025-01-01T05:03:00,53.627,31.559,4.363,4.901,2.3131,MQTT,env_sensor
2025-01-02T06:34:00,37.221,24.825,1.431,6.403,1.1763,MQTT,env_sensor
2025-01-01T07:07:00,18.631,220.474,1.038,0.449,0.0,LoRaWAN,smart_meter
2025-01-02T14:30:00,91.023,38.341,6.345,1.374,1.5861,MQTT,env_sensor
2025-01-02T06:00:00,110.66,17.749,4.213,9.034,0.2089,MQTT,env_sensor
2025-01-01T03:04:00,704.491,65.632,0.1,50.324,0.4112,HTTPS,camera
2025-01-01T10:52:00,29.472,186.72,3.901,0.178,2.8923,LoRaWAN,smart_meter
2025-01-02T13:56:00,294.46,27.831,10.562,40.858,0.717,CoAP,gateway
2025-01-01T11:10:00,38.467,120.943,3.679,0.05,0.0,LoRaWAN,smart_meter
2025-01-02T10:23:00,777.235,49.182,4.694,17.274,1.1335,MQTT,gateway
2025-01-01T23:06:00,985.941,74.185,1.702,260.314,0.0,HTTPS,camera
2025-01-02T04:35:00,2514.082,75.45,7.383,317.267,0.0,HTTPS,camera
2025-01-02T12:21:00,15.127,218.489,3.301,0.054,2.8665,LoRaWAN,smart_meter
2025-01-01T05:53:00,170.912,13.163,3.018,9.181,1.576,MQTT,actuator
2025-01-02T02:10:00,126.408,18.822,9.674,7.515,1.8064,MQTT,actuator
2025-01-02T12:27:00,960.737,70.234,12.216,100.015,0.6053,HTTPS,gateway
2025-01-01T03:56:00,123.965,15.603,5.335,5.697,1.7189,MQTT,actuator
2025-01-02T10:30:00,1122.585,41.217,0.1,185.973,0.0,HTTPS,camera
2025-01-01T04:19:00,16.414,180.906,0.872,0.394,2.1313,LoRaWAN,smart_meter
2025-01-02T14:27:00,30.607,153.731,0.497,0.525,5.0705,LoRaWAN,smart_meter
2025-01-01T20:13:00,83.857,32.581,2.712,0.05,1.3374,MQTT,env_sensor
2025-01-02T06:15:00,125.656,11.4,8.168,0.18,2.0867,MQTT,actuator
2025-01-01T08:16:00,114.29,34.435,3.056,1.209,0.8487,MQTT,env_sensor
2025-01-01T17:59:00,535.883,22.523,6.673,10.638,0.939,CoAP,gateway
2025-01-02T03:22:00,465.775,20.445,8.566,101.15,0.1433,HTTPS,gateway
2025-01-02T12:34:00,84.182,20.458,4.481,10.305,0.4469,MQTT,actuator
2025-01-01T02:43:00,20.464,49.138,3.316,0.05,1.8223,MQTT,smart_meter
2025-01-02T03:40:00,1347.799,63.177,16.135,116.284,0.7978,HTTPS,gateway
2025-01-01T11:19:00,99.483,19.741,4.412,8.309,0.3618,MQTT,actuator
2025-01-01T04:24:00,28.621,226.794,2.803,0.189,1.3399,LoRaWAN,smart_meter
2025-01-01T23:49:00,72.849,25.561,1.94,0.05,1.8238,MQTT,env_sensor
2025-01-01T17:57:00,1569.674,72.42,5.763,86.925,0.6246,HTTPS,camera
2025-01-01T21:13:00,75.994,15.743,0.1,5.183,0.0,MQTT,env_sensor
2025-01-01T15:23:00,886.773,82.348,4.431,222.08,0.1799,HTTPS,camera
2025-01-02T14:56:00,31.047,211.158,2.963,0.05,5.9741,LoRaWAN,smart_meter
2025-01-01T03:50:00,87.138,39.366,5.464,11.945,0.5589,MQTT,actuator
2025-01-01T21:58:00,139.401,10.54,4.493,10.7,0.0,MQTT,actuator
2025-01-01T11:41:00,24.53,201.998,0.1,0.478,5.3201,LoRaWAN,smart_meter
2025-01-02T10:10:00,43.037,218.34,0.1,0.319,2.6501,LoRaWAN,smart_meter
2025-01-02T06:18:00,735.878,49.568,6.362,73.946,1.1051,CoAP,camera
2025-01-02T00:21:00,84.081,34.729,4.194,0.05,1.7779,MQTT,env_sensor
2025-01-02T17:32:00,1149.819,37.462,4.768,104.196,0.7181,HTTPS,gateway
2025-01-01T04:07:00,138.955,16.621,7.583,9.857,0.5565,MQTT,actuator
2025-01-02T15:43:00,20.287,192.1,2.533,0.05,4.9743,LoRaWAN,smart_meter
2025-01-02T16:28:00,123.336,14.662,6.147,6.62,0.0,MQTT,actuator
2025-01-02T07:26:00,31.637,66.656,1.708,0.709,2.2311,LoRaWAN,smart_meter
2025-01-01T09:14:00,735.458,61.321,2.047,57.231,1.177,HTTPS,gateway
2025-01-02T11:38:00,1691.597,91.388,7.362,60.47,1.3205,HTTPS,camera
2025-01-02T13:53:00,17.328,144.202,0.474,0.472,2.6348,LoRaWAN,smart_meter
2025-01-01T17:06:00,30.885,75.553,6.745,0.479,1.397,LoRaWAN,smart_meter
2025-01-02T05:46:00,1709.124,97.605,0.1,39.368,1.092,HTTPS,camera
2025-01-01T00:08:00,137.506,39.005,4.551,5.179,0.8798,MQTT,actuator
2025-01-01T23:44:00,1418.276,82.841,2.997,74.008,0.3583,HTTPS,camera
2025-01-02T03:21:00,87.244,5.681,5.237,13.38,0.3876,MQTT,actuator
2025-01-01T07:42:00,2640.433,32.217,0.1,168.913,0.9563,HTTPS,camera
2025-01-01T16:04:00,40.567,98.335,0.103,0.069,1.1866,MQTT,smart_meter
2025-01-01T22:13:00,1288.202,55.221,12.557,78.119,1.4815,HTTPS,gateway
2025-01-01T14:31:00,1410.351,35.916,3.741,68.091,0.7083,HTTPS,camera
2025-01-02T13:18:00,2032.504,70.058,9.392,86.01,1.3444,HTTPS,gateway
2025-01-02T16:32:00,25.894,227.366,1.561,0.358,4.6985,LoRaWAN,smart_meter
2025-01-01T09:18:00,120.28,30.35,4.258,1.626,1.1791,MQTT,actuator
2025-01-02T08:53:00,50.412,13.572,2.38,2.567,1.4314,MQTT,env_sensor
2025-01-02T06:31:00,87.359,10.544,0.1,2.437,1.3948,MQTT,actuator
2025-01-01T01:45:00,29.583,244.627,0.667,0.429,5.232,LoRaWAN,smart_meter
2025-01-02T17:11:00,15.584,288.736,1.562,0.502,1.2712,LoRaWAN,smart_meter
2025-01-01T16:39:00,27.319,133.811,3.973,0.531,2.4034,LoRaWAN,smart_meter
2025-01-01T19:58:00,364.353,22.693,9.022,19.529,0.0,CoAP,gateway
2025-01-01T00:48:00,1000.495,58.408,10.988,0.05,1.4356,CoAP,gateway
2025-01-02T10:44:00,31.726,33.667,4.056,4.621,0.2968,MQTT,env_sensor
2025-01-02T12:53:00,873.865,56.673,0.621,0.05,0.0,HTTPS,gateway
2025-01-02T16:29:00,75.941,12.469,8.257,10.95,0.0,MQTT,actuator
2025-01-01T09:58:00,171.313,27.896,5.956,8.003,0.0887,MQTT,actuator
2025-01-01T02:27:00,2046.982,67.425,7.584,27.253,0.0,HTTPS,camera
2025-01-01T18:35:00,120.465,25.465,1.181,6.726,0.4558,MQTT,actuator
2025-01-01T18:26:00,1143.592,51.049,9.332,26.787,0.0,HTTPS,gateway
2025-01-01T23:27:00,2024.66,26.258,3.084,138.427,0.5752,HTTPS,camera
2025-01-01T08:59:00,84.97,13.934,4.02,2.574,1.4361,MQTT,actuator
2025-01-02T02:42:00,43.694,128.91,2.689,0.344,5.2809,LoRaWAN,smart_meter
2025-01-01T19:17:00,28.851,248.821,0.175,0.243,2.7885,LoRaWAN,smart_meter
2025-01-02T09:33:00,79.484,27.229,4.588,10.168,2.0547,MQTT,actuator
2025-01-01T22:50:00,1652.476,60.12,9.315,84.878,0.5497,HTTPS,gateway
2025-01-01T02:53:00,57.373,32.424,5.14,6.619,0.0,CoAP,env_sensor
2025-01-01T17:32:00,29.315,126.221,2.528,0.174,2.0775,LoRaWAN,smart_meter
2025-01-02T06:42:00,1543.254,56.925,5.043,58.924,2.5531,HTTPS,gateway
2025-01-02T14:38:00,136.556,4.327,7.115,5.872,1.6858,MQTT,actuator
2025-01-02T05:22:00,10.782,160.118,0.1,0.425,2.1209,LoRaWAN,smart_meter
2025-01-01T21:36:00,24.024,126.556,4.71,0.191,1.5169,LoRaWAN,smart_meter
2025-01-02T10:31:00,73.969,9.843,5.505,2.886,1.7177,MQTT,env_sensor
2025-01-01T18:10:00,66.558,22.56,1.847,6.704,0.8613,MQTT,actuator
2025-01-01T09:56:00,2150.232,69.55,4.863,146.856,0.0039,HTTPS,camera
2025-01-01T05:21:00,123.043,23.428,10.453,6.288,0.9106,MQTT,actuator
2025-01-01T01:08:00,18.265,234.59,2.904,0.377,3.666,LoRaWAN,smart_meter
2025-01-01T03:45:00,1470.968,46.053,6.042,86.53,1.6138,HTTPS,gateway
2025-01-02T10:02:00,17.274,139.174,0.1,0.647,3.206,LoRaWAN,smart_meter
2025-01-01T06:03:00,92.981,17.775,3.401,0.05,1.0006,MQTT,env_sensor
2025-01-02T05:01:00,92.9,18.614,6.538,8.38,0.4469,CoAP,actuator
2025-01-02T03:40:00,39.467,182.755,0.315,0.667,0.3826,LoRaWAN,smart_meter
2025-01-02T15:55:00,2407.666,43.333,9.37,133.371,0.1876,HTTPS,camera
2025-01-02T01:48:00,22.166,121.534,0.506,0.614,4.6419,LoRaWAN,smart_meter
2025-01-02T01:08:00,127.04,7.125,8.531,11.37,0.0,MQTT,actuator
2025-01-02T03:34:00,136.607,12.748,10.306,13.521,2.2711,MQTT,actuator
2025-01-01T02:45:00,2585.92,15.004,1.201,162.317,0.6621,HTTPS,camera
2025-01-02T16:04:00,301.125,73.96,2.911,67.198,0.371,HTTPS,camera
2025-01-01T14:09:00,67.764,32.583,0.1,5.869,0.0,MQTT,env_sensor
2025-01-02T01:19:00,1544.108,60.429,0.1,64.218,0.0,HTTPS,camera
2025-01-02T03:47:00,1400.798,76.811,2.505,55.08,0.3743,HTTPS,camera
2025-01-01T18:47:00,111.837,31.301,3.583,2.264,3.1469,MQTT,env_sensor
2025-01-01T01:16:00,26.776,132.098,0.267,0.471,4.6493,LoRaWAN,smart_meter
2025-01-01T22:25:00,54.66,28.892,0.1,1.518,2.1956,MQTT,env_sensor
2025-01-02T02:00:00,28.058,145.029,3.6,0.894,1.0244,LoRaWAN,smart_meter
2025-01-01T11:48:00,101.747,16.06,5.017,8.883,0.6325,MQTT,actuator
2025-01-01T20:55:00,116.351,19.351,6.815,11.173,1.8051,MQTT,actuator
2025-01-01T18:20:00,102.473,12.865,4.281,14.272,1.7671,MQTT,actuator
2025-01-01T01:40:00,370.644,62.708,6.357,251.516,0.8259,HTTPS,camera
2025-01-01T03:36:00,1425.402,35.329,6.05,49.182,0.6875,HTTPS,gateway
2025-01-01T05:51:00,94.352,20.49,2.695,6.59,0.4539,MQTT,actuator
2025-01-02T05:52:00,2797.885,1.0,4.111,130.241,0.2725,HTTPS,camera
2025-01-02T07:45:00,1080.161,25.933,5.199,117.593,1.6691,CoAP,gateway
2025-01-01T19:02:00,793.45,32.01,10.555,0.05,1.0342,CoAP,gateway
2025-01-01T11:48:00,1668.172,69.237,0.623,22.597,1.4516,HTTPS,camera
2025-01-02T12:54:00,26.29,15.169,2.701,3.833,1.258,MQTT,env_sensor
2025-01-02T09:22:00,1480.425,64.545,1.385,63.619,0.0083,HTTPS,camera
2025-01-02T14:13:00,85.117,5.925,5.429,3.159,0.0,CoAP,env_sensor
2025-01-02T11:17:00,19.055,105.109,3.536,0.51,4.4668,LoRaWAN,smart_meter
2025-01-02T04:04:00,766.704,8.392,4.576,97.614,2.4738,MQTT,gateway
2025-01-01T20:42:00,1495.008,33.03,14.463,53.839,2.0651,HTTPS,gateway
2025-01-02T07:48:00,39.484,67.012,3.184,0.988,5.4144,LoRaWAN,smart_meter
2025-01-01T20:40:00,80.128,23.95,4.118,7.967,1.8478,MQTT,actuator
2025-01-01T13:48:00,24.45,26.407,1.835,8.315,1.8335,MQTT,env_sensor
2025-01-02T15:23:00,746.389,38.121,9.042,33.925,0.0,CoAP,gateway
2025-01-01T14:06:00,41.837,90.135,1.888,0.895,4.2061,MQTT,smart_meter
2025-01-01T04:41:00,52.468,26.047,1.829,8.83,2.3214,MQTT,env_sensor
2025-01-01T23:20:00,156.784,13.655,7.38,13.822,1.365,MQTT,actuator
2025-01-01T05:00:00,28.355,185.782,2.796,0.54,0.7039,LoRaWAN,smart_meter
2025-01-02T15:19:00,1879.738,84.381,8.08,224.361,0.7252,HTTPS,camera
2025-01-02T13:48:00,125.502,6.007,6.494,9.725,0.6814,MQTT,actuator
2025-01-01T03:47:00,67.991,17.321,2.074,2.268,0.1299,MQTT,env_sensor
2025-01-02T16:27:00,84.593,17.911,10.547,10.924,1.5718,MQTT,actuator
2025-01-01T15:02:00,25.827,209.856,2.089,0.863,4.9398,LoRaWAN,smart_meter
2025-01-02T15:28:00,2761.007,52.747,4.992,83.787,0.0,HTTPS,camera
2025-01-02T17:10:00,61.679,29.348,4.24,5.353,2.5663,MQTT,env_sensor
2025-01-02T14:19:00,27.637,176.055,0.1,0.33,7.4035,LoRaWAN,smart_meter
2025-01-01T19:49:00,306.521,68.655,9.81,190.57,0.0,HTTPS,camera
2025-01-01T14:08:00,1297.254,19.134,12.942,55.265,0.1294,HTTPS,gateway
2025-01-01T00:22:00,1598.495,71.589,8.319,60.65,0.0,HTTPS,camera
2025-01-02T16:03:00,26.242,245.76,0.1,0.336,4.1584,LoRaWAN,smart_meter
2025-01-01T05:49:00,87.687,10.853,5.772,10.305,0.5356,MQTT,actuator
2025-01-02T13:13:00,71.773,24.673,2.865,5.763,0.0,MQTT,actuator
2025-01-01T05:55:00,42.862,282.403,3.836,0.071,2.4419,LoRaWAN,smart_meter
2025-01-01T16:34:00,157.139,27.213,0.1,2.486,1.1285,MQTT,actuator
2025-01-01T17:59:00,26.931,115.028,2.331,0.05,0.0,LoRaWAN,smart_meter
2025-01-01T03:48:00,18.948,195.015,4.72,0.221,3.4261,LoRaWAN,smart_meter
2025-01-01T19:41:00,70.348,15.203,0.79,3.486,1.134,MQTT,actuator
2025-01-01T14:20:00,11.443,177.512,0.743,0.05,4.0278,LoRaWAN,smart_meter
2025-01-02T12:52:00,45.537,43.196,9.997,30.994,0.8499,CoAP,gateway
2025-01-02T11:40:00,94.92,21.936,3.843,7.322,0.0,MQTT,env_sensor
2025-01-01T16:42:00,80.843,19.466,3.514,0.954,1.7389,MQTT,env_sensor
2025-01-02T16:03:00,1623.191,31.808,9.917,22.915,2.6482,MQTT,gateway
2025-01-01T19:28:00,18.139,35.019,3.23,0.721,0.4783,LoRaWAN,env_sensor
2025-01-01T02:24:00,47.658,19.836,5.981,15.707,0.1136,MQTT,actuator
2025-01-02T06:31:00,77.001,31.164,1.152,3.812,0.8522,MQTT,env_sensor
2025-01-01T08:22:00,2392.569,55.198,11.02,194.74,0.4777,HTTPS,camera
2025-01-01T18:14:00,142.087,10.306,3.303,11.459,1.6458,MQTT,actuator
2025-01-02T09:59:00,1376.815,109.322,2.792,176.134,0.7554,HTTPS,camera
2025-01-01T22:54:00,422.927,78.121,0.859,101.438,0.6495,HTTPS,gateway
2025-01-01T04:57:00,51.687,11.281,0.1,1.217,3.5355,MQTT,smart_meter
2025-01-02T05:31:00,970.204,60.194,11.607,73.46,0.6629,HTTPS,gateway
2025-01-02T01:17:00,1683.602,42.05,11.955,58.033,1.0557,HTTPS,gateway
2025-01-02T17:34:00,34.143,108.677,0.1,0.199,3.8564,LoRaWAN,smart_meter
2025-01-02T15:17:00,1442.085,47.117,3.564,110.81,0.5895,HTTPS,gateway
2025-01-01T07:44:00,43.376,41.73,2.512,6.354,1.8029,MQTT,env_sensor
2025-01-02T01:58:00,107.036,5.245,1.612,0.05,0.8585,MQTT,env_sensor
2025-01-01T00:55:00,462.664,73.214,6.2,196.703,0.0,HTTPS,camera
2025-01-01T06:20:00,62.516,44.014,2.063,2.838,3.2757,MQTT,env_sensor
2025-01-01T14:31:00,64.546,15.198,4.819,0.74,1.0286,MQTT,actuator
2025-01-02T16:52:00,90.212,29.078,0.351,0.05,0.0,MQTT,env_sensor
2025-01-01T16:53:00,106.537,31.611,8.024,8.078,1.2239,CoAP,actuator
2025-01-01T04:15:00,538.494,66.074,10.516,73.928,0.6331,HTTPS,gateway
2025-01-02T08:15:00,33.347,100.065,2.131,0.727,6.1193,LoRaWAN,smart_meter
2025-01-01T01:06:00,158.564,25.778,8.104,5.15,0.5213,MQTT,actuator
2025-01-01T18:01:00,1650.479,53.228,6.815,51.542,1.771,HTTPS,gateway
2025-01-01T11:23:00,2410.457,72.576,4.503,30.417,0.5526,HTTPS,camera
2025-01-02T17:16:00,995.18,44.184,2.22,119.392,0.0,HTTPS,camera
2025-01-02T16:03:00,1940.594,98.67,1.72,72.233,0.7018,HTTPS,camera
2025-01-02T16:10:00,126.235,24.721,7.543,1.745,0.306,MQTT,actuator
2025-01-01T05:14:00,69.185,2.156,0.1,0.893,1.8426,MQTT,env_sensor
2025-01-02T14:39:00,169.536,16.764,7.345,4.64,2.1564,MQTT,actuator
2025-01-01T23:40:00,110.565,13.066,2.319,7.57,0.3854,MQTT,env_sensor
2025-01-02T00:48:00,448.84,17.876,2.155,119.502,0.6045,HTTPS,gateway
2025-01-01T16:12:00,25.855,89.045,1.471,0.524,4.455,MQTT,smart_meter
2025-01-02T00:54:00,33.301,21.052,4.607,5.383,0.5414,MQTT,actuator
2025-01-01T06:59:00,34.008,183.994,0.1,0.68,1.9679,LoRaWAN,smart_meter
2025-01-01T18:23:00,1572.158,76.251,0.1,158.559,0.0816,HTTPS,camera
2025-01-02T13:38:00,23.496,167.959,2.92,0.05,2.4925,LoRaWAN,smart_meter
2025-01-02T13:21:00,787.408,21.444,11.949,100.051,0.5283,HTTPS,gateway
2025-01-01T00:05:00,115.501,1.0,1.702,8.346,1.4538,MQTT,actuator
2025-01-02T00:43:00,1084.127,21.912,5.822,67.796,0.6044,HTTPS,camera
2025-01-02T09:29:00,1137.218,21.823,1.193,109.931,0.3145,HTTPS,camera
2025-01-02T17:37:00,31.135,153.462,4.157,0.05,6.0949,LoRaWAN,smart_meter
2025-01-02T02:23:00,156.873,23.078,2.95,7.69,0.5966,MQTT,actuator
2025-01-01T13:09:00,134.898,15.992,4.468,11.082,1.4947,MQTT,actuator
2025-01-01T09:55:00,2332.815,98.568,4.78,223.692,0.6746,HTTPS,camera
2025-01-02T11:44:00,1338.97,57.089,2.32,56.364,1.4599,HTTPS,gateway
2025-01-01T10:57:00,33.026,233.218,0.889,0.64,1.1954,MQTT,smart_meter
2025-01-01T18:47:00,131.364,19.356,6.366,7.27,1.0468,MQTT,actuator
2025-01-01T08:44:00,32.275,175.469,2.049,0.61,2.9746,LoRaWAN,smart_meter
2025-01-02T12:37:00,28.045,178.201,0.1,0.239,2.8336,LoRaWAN,smart_meter
2025-01-01T22:56:00,1312.524,49.47,0.55,39.964,0.0602,HTTPS,gateway
2025-01-01T00:39:00,109.819,27.196,3.269,4.844,0.666,MQTT,actuator
2025-01-02T08:46:00,98.503,27.161,0.1,3.652,1.3816,MQTT,env_sensor
2025-01-01T12:32:00,100.919,14.132,8.598,6.797,2.0771,MQTT,actuator
2025-01-01T17:11:00,67.133,29.842,3.305,4.537,1.3515,MQTT,env_sensor
2025-01-01T02:12:00,113.771,2.328,5.164,13.176,0.4702,MQTT,actuator
2025-01-02T04:23:00,25.374,255.077,0.554,0.05,0.0729,LoRaWAN,smart_meter
2025-01-02T10:59:00,50.641,1.0,6.562,8.022,1.1785,MQTT,env_sensor
2025-01-02T09:03:00,92.736,30.198,2.777,6.804,0.1019,MQTT,env_sensor
2025-01-02T11:47:00,95.755,25.621,0.1,9.219,0.2114,MQTT,actuator
2025-01-01T06:04:00,94.056,33.191,2.468,7.344,0.928,MQTT,env_sensor
2025-01-01T21:51:00,30.991,174.8,1.585,0.886,4.766,LoRaWAN,smart_meter
2025-01-02T14:15:00,67.712,14.695,0.13,11.745,0.7939,MQTT,actuator
2025-01-01T11:36:00,37.199,129.89,5.243,1.112,5.0128,MQTT,smart_meter
2025-01-02T16:19:00,1996.456,51.022,4.352,6.513,0.2094,HTTPS,camera
2025-01-02T14:52:00,137.365,34.6,6.729,16.004,0.0,CoAP,actuator
2025-01-02T04:10:00,92.038,18.035,1.394,9.117,0.0,MQTT,env_sensor
2025-01-01T00:40:00,29.635,193.289,2.867,0.169,4.0617,LoRaWAN,smart_meter
2025-01-02T08:35:00,56.973,35.988,1.661,3.901,1.8471,MQTT,env_sensor
2025-01-01T20:57:00,104.51,10.805,2.874,15.914,0.0,MQTT,actuator
2025-01-01T08:02:00,100.469,33.815,1.918,7.603,2.8096,MQTT,env_sensor
2025-01-02T10:10:00,93.409,20.235,4.649,4.622,0.0,MQTT,env_sensor
2025-01-01T11:10:00,1412.848,56.112,2.209,131.647,1.7846,HTTPS,camera
2025-01-02T07:28:00,1893.062,3.761,7.402,33.987,0.5307,HTTPS,gateway
2025-01-02T11:55:00,23.739,156.021,3.363,0.551,0.0,LoRaWAN,smart_meter
2025-01-02T17:02:00,123.823,5.388,7.613,11.774,1.1024,MQTT,actuator
2025-01-02T01:55:00,133.298,16.783,4.584,8.5,0.8796,MQTT,actuator
2025-01-01T14:57:00,925.257,26.926,3.594,41.102,0.9872,HTTPS,gateway
2025-01-02T10:44:00,1404.904,63.689,6.202,0.05,0.0,HTTPS,gateway
2025-01-02T05:29:00,20.624,316.959,3.066,0.189,1.0042,LoRaWAN,smart_meter
2025-01-01T07:16:00,1287.916,52.873,3.223,79.061,0.693,HTTPS,camera
2025-01-01T11:21:00,31.076,151.661,1.556,0.464,5.9234,LoRaWAN,smart_meter
2025-01-01T03:16:00,108.547,22.322,2.538,5.687,0.2265,MQTT,actuator
2025-01-02T13:13:00,75.917,27.541,0.886,2.449,1.2659,MQTT,env_sensor
2025-01-01T06:25:00,30.134,33.596,2.132,4.652,0.6168,MQTT,env_sensor
2025-01-02T03:40:00,63.26,16.509,1.482,7.868,0.5295,MQTT,actuator
2025-01-01T11:42:00,23.658,177.455,1.026,0.304,2.5497,LoRaWAN,smart_meter
2025-01-02T06:25:00,23.941,205.03,0.381,0.65,4.2007,LoRaWAN,smart_meter
2025-01-01T23:17:00,17.668,221.265,3.268,0.912,2.8871,LoRaWAN,smart_meter
2025-01-02T13:28:00,47.666,6.786,4.063,1.558,0.1651,MQTT,env_sensor
2025-01-01T21:29:00,31.611,120.113,1.893,0.231,1.1109,LoRaWAN,smart_meter
2025-01-01T21:49:00,112.265,23.51,1.331,7.147,2.2342,MQTT,actuator
2025-01-02T06:02:00,1880.33,78.689,7.408,148.311,0.927,HTTPS,camera
2025-01-02T11:20:00,128.2,14.878,0.505,1.461,0.4369,MQTT,actuator
2025-01-02T02:34:00,70.972,28.054,2.194,3.961,2.4952,MQTT,env_sensor
2025-01-01T01:37:00,8.0,18.465,12.261,85.605,1.2503,MQTT,gateway
2025-01-01T10:34:00,66.757,34.225,5.174,7.822,2.0969,MQTT,env_sensor
2025-01-02T17:19:00,21.847,175.27,0.798,0.413,1.4751,LoRaWAN,smart_meter
2025-01-01T20:21:00,1902.573,58.986,2.774,122.364,0.4575,HTTPS,camera
2025-01-02T12:33:00,99.201,13.285,7.848,13.168,0.9642,MQTT,actuator
2025-01-02T03:30:00,110.1,30.057,2.777,4.634,1.1568,MQTT,env_sensor
2025-01-01T08:04:00,76.915,29.064,3.563,11.066,0.6896,MQTT,actuator
2025-01-02T02:22:00,53.677,36.866,0.1,5.178,2.0483,MQTT,env_sensor
2025-01-02T09:29:00,75.5,20.122,3.124,1.286,1.356,MQTT,env_sensor
2025-01-01T15:37:00,27.077,102.57,0.391,0.457,0.0,LoRaWAN,smart_meter
2025-01-01T11:07:00,1139.685,30.762,3.74,49.811,1.177,HTTPS,gateway
2025-01-02T05:19:00,347.528,69.778,2.135,0.05,1.2342,MQTT,gateway
2025-01-01T12:34:00,40.128,137.456,1.567,0.455,3.5064,LoRaWAN,smart_meter
2025-01-01T11:08:00,1019.886,37.201,6.151,30.448,0.0,CoAP,gateway
2025-01-01T03:01:00,1485.963,31.41,0.135,184.762,0.9791,HTTPS,gateway
2025-01-01T15:56:00,105.004,15.132,2.396,8.431,1.5344,MQTT,actuator
2025-01-01T11:51:00,37.158,155.815,1.382,0.595,5.1845,LoRaWAN,smart_meter
2025-01-01T22:17:00,1551.552,99.171,6.166,42.82,1.1459,CoAP,camera
2025-01-02T03:57:00,100.371,31.099,0.1,0.05,1.8638,MQTT,env_sensor
2025-01-01T18:55:00,299.956,58.234,10.515,59.178,0.002,HTTPS,gateway
2025-01-02T08:25:00,21.345,148.137,1.679,0.087,7.3149,LoRaWAN,smart_meter
2025-01-01T09:24:00,48.569,184.241,1.464,0.127,4.9664,LoRaWAN,smart_meter
2025-01-01T17:12:00,1401.336,31.953,9.26,145.545,0.6664,HTTPS,camera
2025-01-01T22:45:00,1244.789,35.279,1.961,36.412,0.2151,HTTPS,gateway
2025-01-02T15:56:00,737.648,24.997,10.435,30.1,1.0309,CoAP,gateway
2025-01-01T12:26:00,43.267,143.023,2.01,0.05,1.9706,LoRaWAN,smart_meter
2025-01-01T02:32:00,1485.031,59.635,1.365,183.082,0.0,HTTPS,camera
2025-01-02T13:31:00,40.932,21.463,0.797,6.343,1.735,MQTT,env_sensor
2025-01-02T13:11:00,1509.676,21.311,6.46,26.827,0.2635,HTTPS,gateway
2025-01-02T15:22:00,8.0,1.0,3.301,56.25,2.8262,MQTT,gateway
2025-01-02T03:42:00,1925.083,52.014,3.271,84.2,0.6072,HTTPS,camera
2025-01-01T02:41:00,2989.883,32.4,8.135,55.558,0.4024,HTTPS,camera
2025-01-02T06:24:00,89.354,22.488,6.24,8.19,0.757,MQTT,actuator
2025-01-01T07:19:00,863.531,23.244,4.712,50.011,2.2831,MQTT,gateway
2025-01-02T06:29:00,2062.325,50.011,8.76,51.863,0.3511,HTTPS,camera
2025-01-02T06:59:00,780.853,41.74,12.94,119.027,0.475,HTTPS,gateway
2025-01-02T15:37:00,88.738,44.616,4.802,5.535,1.8754,MQTT,env_sensor
2025-01-01T18:37:00,832.173,76.147,3.006,119.056,0.0,HTTPS,camera
2025-01-01T22:17:00,559.728,64.055,5.124,122.439,1.5303,CoAP,gateway
2025-01-02T04:43:00,105.808,13.418,5.05,6.179,1.4909,MQTT,actuator
2025-01-02T13:02:00,76.763,1.257,1.508,6.781,2.4363,MQTT,env_sensor
2025-01-02T08:27:00,28.908,148.691,0.406,0.396,2.2406,LoRaWAN,smart_meter
2025-01-02T09:27:00,149.781,18.986,9.653,4.778,0.5016,MQTT,actuator
2025-01-01T18:45:00,23.675,138.578,2.222,0.248,2.7184,LoRaWAN,smart_meter
2025-01-01T22:28:00,27.751,162.485,0.56,0.521,2.9486,LoRaWAN,smart_meter
2025-01-01T01:03:00,339.601,46.949,5.004,87.356,0.0,HTTPS,gateway
2025-01-01T21:32:00,1666.359,39.064,0.1,69.391,0.6437,HTTPS,camera
2025-01-02T05:58:00,27.735,272.285,3.127,0.664,4.6686,LoRaWAN,smart_meter
2025-01-01T16:10:00,50.363,2.579,0.682,4.536,2.6986,MQTT,env_sensor
2025-01-01T00:16:00,732.788,45.987,7.493,96.901,0.5989,HTTPS,gateway
2025-01-01T06:51:00,74.692,23.076,7.391,6.845,0.923,MQTT,actuator
2025-01-02T09:08:00,614.117,68.242,2.196,21.388,1.6033,MQTT,gateway
2025-01-02T04:50:00,3443.221,108.549,1.94,33.866,1.0124,HTTPS,camera
2025-01-02T15:39:00,77.847,29.552,0.954,9.225,1.1837,MQTT,env_sensor
2025-01-01T21:08:00,28.801,226.916,2.506,0.211,3.078,LoRaWAN,smart_meter
2025-01-02T05:24:00,42.255,33.153,3.024,5.112,1.9742,MQTT,env_sensor
2025-01-01T22:03:00,32.03,71.881,0.656,0.484,0.9523,LoRaWAN,smart_meter
2025-01-02T04:37:00,61.415,32.86,0.1,1.395,1.9626,CoAP,env_sensor
2025-01-02T00:30:00,1017.225,93.243,7.109,62.228,0.4025,HTTPS,camera
2025-01-02T17:34:00,123.068,32.596,3.647,2.901,0.0,MQTT,actuator
2025-01-02T09:53:00,37.935,31.752,3.916,0.05,0.5752,LoRaWAN,env_sensor
2025-01-01T11:45:00,1241.952,40.906,4.713,163.25,0.7773,HTTPS,camera
2025-01-01T15:31:00,25.673,224.505,1.645,0.146,0.4034,LoRaWAN,smart_meter
2025-01-02T15:31:00,507.678,25.131,11.649,57.082,1.6248,CoAP,gateway
2025-01-01T15:46:00,1649.875,21.251,8.684,183.849,0.1954,HTTPS,camera
2025-01-02T09:11:00,169.115,22.677,9.718,5.846,0.5955,MQTT,actuator
2025-01-02T05:32:00,8.0,16.651,2.548,5.305,1.2397,MQTT,env_sensor
2025-01-01T17:09:00,85.511,55.731,4.427,3.539,1.3798,MQTT,env_sensor
2025-01-01T01:01:00,44.62,33.645,3.464,4.176,0.4825,HTTPS,env_sensor
2025-01-01T01:35:00,2202.402,77.766,4.058,172.19,1.0416,HTTPS,camera
2025-01-02T14:22:00,1785.336,73.228,8.27,302.991,0.3088,HTTPS,camera
2025-01-02T11:14:00,74.544,35.062,2.738,3.237,0.9914,MQTT,env_sensor
2025-01-02T01:54:00,56.373,31.476,2.965,5.23,2.1888,MQTT,env_sensor
2025-01-01T12:54:00,8.0,137.773,8.643,205.879,0.338,HTTPS,camera
2025-01-02T06:56:00,980.281,29.714,0.1,23.656,1.3451,MQTT,gateway
2025-01-02T00:57:00,1578.797,50.91,0.489,142.521,0.39,HTTPS,camera
2025-01-02T17:26:00,1058.404,22.103,6.936,90.386,2.0948,MQTT,gateway
2025-01-01T16:14:00,80.79,7.613,8.408,3.644,1.3333,MQTT,actuator
2025-01-01T13:53:00,987.923,57.409,7.961,84.524,0.537,HTTPS,camera
2025-01-01T06:50:00,51.123,43.746,4.998,0.05,0.4785,MQTT,env_sensor
2025-01-01T18:16:00,74.973,14.648,3.324,10.452,0.7063,MQTT,actuator
2025-01-01T06:54:00,110.093,22.421,5.664,13.517,0.8087,MQTT,actuator
2025-01-02T03:37:00,113.404,20.94,5.704,9.05,1.3313,MQTT,actuator
2025-01-01T17:30:00,97.225,29.105,0.271,1.744,2.9048,MQTT,env_sensor
2025-01-01T02:34:00,126.594,26.23,4.55,6.882,0.3619,MQTT,actuator
2025-01-02T11:09:00,2018.223,56.505,10.972,103.814,0.8421,HTTPS,camera
2025-01-01T08:35:00,23.647,112.289,5.592,0.586,2.2949,LoRaWAN,smart_meter
2025-01-01T05:25:00,59.109,26.32,2.537,0.408,0.2717,MQTT,env_sensor
2025-01-01T12:24:00,69.754,33.303,3.602,2.555,1.8833,MQTT,env_sensor
2025-01-02T12:09:00,35.626,235.31,0.444,0.704,7.6491,LoRaWAN,smart_meter
2025-01-02T10:20:00,196.408,4.53,4.08,43.444,0.4753,MQTT,gateway
2025-01-01T09:22:00,796.695,10.947,10.103,58.906,0.4555,HTTPS,gateway
2025-01-01T05:58:00,1240.343,38.349,0.832,126.145,0.1341,HTTPS,camera
2025-01-02T16:31:00,2573.555,23.855,6.538,213.947,1.8989,MQTT,camera
2025-01-01T13:18:00,76.157,11.731,4.413,1.816,1.083,MQTT,env_sensor
2025-01-01T14:32:00,100.915,34.695,5.583,1.861,1.0782,CoAP,env_sensor
2025-01-01T07:34:00,1634.35,76.324,6.476,0.05,0.1439,HTTPS,camera
2025-01-01T03:52:00,40.273,178.487,0.1,0.587,2.5744,LoRaWAN,smart_meter
2025-01-01T16:08:00,32.692,234.71,2.896,0.05,0.0,LoRaWAN,smart_meter
2025-01-01T06:06:00,2474.559,32.594,4.168,93.093,0.8532,HTTPS,camera
2025-01-02T00:17:00,30.593,8.354,2.389,10.618,0.5763,MQTT,actuator
2025-01-01T22:35:00,14.005,106.092,4.632,0.365,0.0,LoRaWAN,smart_meter
2025-01-02T11:54:00,2161.229,76.684,2.827,73.732,0.5909,HTTPS,camera
2025-01-01T08:40:00,76.612,5.651,10.132,5.245,0.4,MQTT,actuator
2025-01-02T01:12:00,1844.065,77.809,4.195,144.612,1.0114,HTTPS,camera
2025-01-01T14:46:00,30.33,176.912,2.893,0.401,2.0058,LoRaWAN,smart_meter
2025-01-01T14:38:00,89.815,8.218,8.441,7.602,0.4838,MQTT,actuator
2025-01-01T14:36:00,61.521,21.115,5.32,6.719,0.8255,MQTT,actuator
2025-01-02T01:58:00,118.462,32.384,2.452,9.173,1.8705,MQTT,actuator
2025-01-02T17:08:00,839.035,70.192,8.456,38.911,0.0,HTTPS,gateway
2025-01-01T14:19:00,35.055,266.777,2.75,1.006,2.2055,MQTT,smart_meter
2025-01-02T07:23:00,23.555,194.018,2.228,0.05,5.4851,LoRaWAN,smart_meter
2025-01-01T12:42:00,20.623,207.292,2.787,0.727,0.6634,LoRaWAN,smart_meter
2025-01-02T12:38:00,32.036,263.927,1.414,0.464,3.2373,LoRaWAN,smart_meter
2025-01-02T15:45:00,61.722,37.6,0.1,4.265,1.5787,MQTT,env_sensor
2025-01-02T14:39:00,23.038,111.986,2.15,0.111,1.9147,MQTT,smart_meter
2025-01-02T06:30:00,1632.656,63.852,6.244,160.398,1.0978,HTTPS,camera
2025-01-02T01:15:00,124.369,21.946,10.62,4.534,0.6647,MQTT,actuator
2025-01-01T01:46:00,131.089,10.157,6.182,2.551,0.2392,CoAP,actuator
2025-01-02T13:22:00,1657.964,38.421,6.619,72.936,0.0294,HTTPS,gateway
2025-01-01T19:44:00,597.129,42.664,8.948,88.985,0.9999,HTTPS,camera
2025-01-02T13:48:00,48.729,34.011,6.611,3.143,0.0,MQTT,env_sensor
2025-01-02T05:59:00,88.266,15.997,3.035,9.365,0.0,MQTT,actuator
2025-01-01T09:48:00,35.394,156.306,4.481,0.906,1.7775,LoRaWAN,smart_meter
2025-01-02T14:16:00,60.6,44.859,0.1,6.446,1.0772,MQTT,env_sensor
2025-01-01T05:17:00,2043.636,66.741,6.418,161.308,0.0,HTTPS,camera
2025-01-01T01:17:00,22.783,170.613,3.078,0.733,2.8419,LoRaWAN,smart_meter
2025-01-02T01:04:00,128.722,18.681,7.766,13.72,0.0,MQTT,actuator
2025-01-01T02:18:00,94.078,39.129,4.286,4.071,1.0054,MQTT,env_sensor
2025-01-01T03:12:00,1044.993,56.097,4.574,91.423,0.913,HTTPS,camera
2025-01-01T16:09:00,58.402,24.244,4.718,0.05,0.0,MQTT,env_sensor
2025-01-02T15:22:00,29.385,49.872,0.973,0.443,1.1666,MQTT,smart_meter
2025-01-02T04:35:00,75.073,33.951,4.688,7.502,0.991,MQTT,env_sensor
2025-01-02T13:28:00,27.452,27.103,2.993,0.905,0.0,MQTT,smart_meter
2025-01-01T17:36:00,56.44,29.134,1.573,4.59,2.6254,MQTT,env_sensor
2025-01-01T12:35:00,98.296,87.987,3.093,82.785,0.6941,HTTPS,camera
2025-01-02T13:26:00,72.045,20.992,4.886,4.603,0.6453,MQTT,env_sensor
2025-01-02T14:57:00,1094.85,23.551,12.177,82.237,0.948,HTTPS,gateway
2025-01-01T12:09:00,168.128,19.813,6.425,7.11,0.0,MQTT,actuator
2025-01-01T07:02:00,1338.809,44.627,6.086,18.203,0.5671,HTTPS,camera
2025-01-01T12:10:00,75.706,22.157,3.035,3.423,0.2373,MQTT,env_sensor
2025-01-01T03:35:00,28.518,174.399,0.1,0.157,6.0249,LoRaWAN,smart_meter
2025-01-01T11:23:00,167.724,26.403,9.518,4.537,0.0,CoAP,actuator
2025-01-01T05:27:00,151.479,6.331,7.946,0.386,0.0,MQTT,actuator
2025-01-01T21:59:00,83.864,9.759,2.894,5.473,0.0595,MQTT,env_sensor
2025-01-01T06:32:00,14.811,239.48,2.662,0.419,2.7116,LoRaWAN,smart_meter
2025-01-01T00:27:00,38.786,126.822,1.532,0.623,1.6083,LoRaWAN,smart_meter
2025-01-01T02:00:00,1779.22,51.982,9.389,22.221,1.0323,CoAP,gateway
2025-01-02T00:04:00,1408.404,23.53,11.286,113.536,0.1099,HTTPS,camera
2025-01-01T00:02:00,192.234,31.662,10.355,25.867,0.0,MQTT,gateway
2025-01-01T09:32:00,77.37,26.428,8.128,8.801,0.3871,MQTT,actuator
2025-01-01T19:30:00,1636.337,41.101,1.042,11.689,1.382,MQTT,camera
2025-01-01T14:25:00,473.37,13.563,9.712,65.575,1.66,CoAP,gateway
2025-01-01T01:32:00,2084.87,116.974,2.386,49.779,1.2703,HTTPS,camera
2025-01-01T19:55:00,1302.526,53.227,9.137,88.485,0.0,HTTPS,gateway
2025-01-01T15:09:00,37.582,226.555,1.248,0.592,1.0622,LoRaWAN,smart_meter
2025-01-02T12:51:00,78.685,25.634,6.17,9.63,0.8537,CoAP,actuator
2025-01-02T05:47:00,542.445,45.685,10.792,0.05,1.023,CoAP,gateway
2025-01-01T05:00:00,1694.744,35.417,10.843,97.53,0.0,HTTPS,gateway
2025-01-02T01:58:00,17.251,203.214,4.675,0.56,4.1172,LoRaWAN,smart_meter
2025-01-02T05:23:00,112.487,21.322,0.1,10.229,0.3207,MQTT,actuator
2025-01-01T00:31:00,1371.083,95.771,8.319,73.164,1.5857,HTTPS,camera
2025-01-01T01:40:00,144.507,12.798,11.254,1.136,0.0688,CoAP,actuator
2025-01-01T18:57:00,958.098,22.369,7.197,48.896,1.7157,CoAP,gateway
2025-01-02T14:09:00,25.849,236.865,1.055,0.15,2.898,LoRaWAN,smart_meter
2025-01-01T06:33:00,1847.386,69.616,7.498,121.704,0.0,HTTPS,camera
2025-01-01T15:30:00,106.645,9.883,1.364,0.05,1.1833,MQTT,env_sensor
2025-01-02T14:51:00,22.826,152.931,2.567,0.05,7.0013,LoRaWAN,smart_meter
2025-01-01T13:53:00,1446.232,25.807,3.562,67.589,0.0,HTTPS,gateway
2025-01-01T09:23:00,28.731,158.935,1.237,0.21,1.9691,LoRaWAN,smart_meter
2025-01-01T01:59:00,1639.204,19.446,11.247,74.529,0.0227,HTTPS,gateway
2025-01-01T14:49:00,1402.602,35.947,21.239,25.463,0.0,HTTPS,gateway
2025-01-01T16:09:00,16.357,87.6,2.563,0.132,3.517,MQTT,smart_meter
2025-01-01T05:08:00,132.746,14.188,2.409,9.015,1.0129,MQTT,actuator
2025-01-01T11:25:00,1570.027,82.863,5.152,0.05,0.0,HTTPS,camera
2025-01-01T12:57:00,779.358,9.407,6.968,104.505,0.0,HTTPS,gateway
2025-01-01T00:09:00,141.972,18.961,11.163,10.207,0.0,MQTT,actuator
2025-01-01T11:44:00,648.932,45.583,12.289,21.344,1.9669,CoAP,gateway
2025-01-01T16:33:00,1926.413,22.931,19.996,0.05,0.8716,HTTPS,gateway
2025-01-02T03:56:00,87.621,27.54,2.849,5.234,1.9714,MQTT,env_sensor
2025-01-02T07:51:00,47.874,19.208,7.441,12.617,2.6661,MQTT,actuator
2025-01-01T06:42:00,111.6,15.113,9.825,11.183,1.8203,MQTT,actuator
2025-01-02T14:39:00,68.507,15.537,1.199,8.357,1.3556,MQTT,env_sensor
2025-01-01T20:22:00,153.776,19.199,11.555,4.264,0.1261,MQTT,actuator
2025-01-01T20:30:00,502.065,26.019,17.271,44.951,0.0,CoAP,gateway
2025-01-01T02:03:00,88.781,20.733,1.498,5.358,1.2937,MQTT,actuator
2025-01-02T12:33:00,86.086,36.463,5.158,4.34,0.0,CoAP,env_sensor
2025-01-01T15:58:00,96.588,29.46,7.544,4.6,1.3316,MQTT,actuator
2025-01-01T16:37:00,10.707,96.376,4.512,0.103,2.049,MQTT,smart_meter
2025-01-01T12:07:00,95.837,16.22,5.333,0.05,0.628,MQTT,env_sensor
2025-01-02T05:30:00,1222.505,41.34,16.547,49.89,0.481,HTTPS,gateway
2025-01-02T04:29:00,675.576,67.206,8.362,210.367,0.8468,HTTPS,camera
2025-01-01T19:07:00,1096.645,53.257,6.012,15.295,0.6311,HTTPS,gateway
2025-01-01T08:24:00,20.378,155.909,1.528,0.757,3.2326,LoRaWAN,smart_meter
2025-01-01T10:53:00,30.134,79.752,0.696,0.232,4.0357,MQTT,smart_meter
2025-01-01T10:06:00,1819.86,28.822,2.13,253.874,0.0,HTTPS,camera
2025-01-01T09:31:00,923.523,70.99,7.586,71.459,1.6492,CoAP,gateway
2025-01-01T15:19:00,33.423,155.209,2.978,0.515,6.6854,LoRaWAN,smart_meter
2025-01-01T11:24:00,126.172,2.23,2.748,8.471,0.5509,MQTT,actuator
2025-01-02T02:49:00,20.232,77.952,1.189,0.359,2.9871,MQTT,smart_meter
2025-01-01T04:48:00,82.725,31.419,3.725,0.05,2.889,MQTT,env_sensor
2025-01-02T08:30:00,18.069,116.963,0.265,0.734,0.5216,LoRaWAN,smart_meter
2025-01-01T12:16:00,182.845,79.677,4.36,102.742,0.3303,HTTPS,gateway
2025-01-02T15:59:00,129.544,23.359,10.828,4.801,0.0,CoAP,actuator
2025-01-02T16:11:00,529.507,51.331,8.076,78.626,1.4916,CoAP,gateway
2025-01-01T12:16:00,91.116,45.115,1.806,8.532,1.8973,MQTT,env_sensor
2025-01-02T17:24:00,2435.672,67.472,1.982,60.889,1.0241,HTTPS,camera
2025-01-01T13:34:00,16.202,160.001,0.221,0.633,1.8366,LoRaWAN,smart_meter
2025-01-01T08:12:00,327.23,71.109,6.952,41.368,0.5225,CoAP,gateway
2025-01-01T15:26:00,1533.56,52.94,15.288,20.294,0.3803,HTTPS,gateway
2025-01-02T07:47:00,1860.895,75.558,0.1,121.998,0.1655,HTTPS,camera
2025-01-01T20:05:00,2486.926,66.705,11.347,86.585,0.9061,HTTPS,camera
2025-01-01T10:31:00,25.019,100.106,2.444,0.332,2.099,LoRaWAN,smart_meter
2025-01-01T08:38:00,37.229,163.617,3.846,0.096,3.37,LoRaWAN,smart_meter
2025-01-02T04:44:00,28.888,216.48,2.29,0.507,2.5909,LoRaWAN,smart_meter
2025-01-01T20:00:00,48.099,178.786,1.263,0.52,2.6346,LoRaWAN,smart_meter
2025-01-02T15:02:00,26.213,182.431,1.884,0.244,4.1255,MQTT,smart_meter
2025-01-01T13:21:00,38.942,37.172,2.453,7.21,1.8554,MQTT,env_sensor
2025-01-02T15:22:00,69.461,35.819,4.562,7.892,0.2294,MQTT,env_sensor
2025-01-01T08:50:00,931.179,33.67,7.842,90.995,0.8398,HTTPS,camera
2025-01-01T22:55:00,47.287,138.654,1.901,0.294,0.0,LoRaWAN,smart_meter
2025-01-01T04:24:00,94.46,26.74,4.067,8.01,1.9883,MQTT,actuator
2025-01-02T10:30:00,76.382,25.134,4.041,4.042,2.0469,MQTT,env_sensor
2025-01-02T04:48:00,105.619,19.384,3.401,10.622,1.079,MQTT,actuator
2025-01-02T12:55:00,8.0,74.305,8.788,142.192,0.9702,HTTPS,gateway
2025-01-02T00:17:00,1716.753,55.496,4.594,68.546,0.783,HTTPS,camera
2025-01-01T06:26:00,86.784,12.45,3.359,3.995,0.0,MQTT,env_sensor
2025-01-01T04:28:00,29.298,92.816,2.114,0.6,6.3277,LoRaWAN,smart_meter
2025-01-01T02:25:00,110.097,18.558,5.666,3.181,1.117,MQTT,actuator
2025-01-01T00:33:00,2011.603,82.617,13.491,62.637,0.6485,HTTPS,gateway
2025-01-01T03:55:00,713.068,17.286,5.183,54.195,0.7145,HTTPS,gateway
2025-01-02T16:33:00,89.313,28.887,4.536,7.9,1.7743,MQTT,env_sensor
2025-01-02T11:05:00,1570.057,30.24,8.101,107.127,1.4805,HTTPS,gateway
2025-01-01T01:47:00,32.138,95.957,2.542,0.702,2.3019,MQTT,smart_meter
2025-01-01T16:17:00,52.442,27.168,5.974,2.317,2.9844,CoAP,env_sensor
2025-01-02T08:43:00,1086.447,28.754,4.628,76.566,1.195,HTTPS,gateway
2025-01-01T05:58:00,835.792,34.366,11.099,130.787,2.0511,CoAP,gateway
2025-01-01T10:29:00,55.952,11.608,4.129,5.177,0.8809,MQTT,env_sensor
2025-01-01T09:05:00,1161.97,56.87,11.643,48.157,0.0,HTTPS,gateway
2025-01-01T04:39:00,92.718,38.066,4.73,6.546,1.8331,MQTT,env_sensor
2025-01-01T23:02:00,109.772,22.992,5.57,10.885,0.5533,MQTT,actuator
2025-01-01T12:06:00,44.908,23.767,5.154,0.05,1.8967,CoAP,env_sensor
2025-01-01T17:56:00,781.065,50.01,2.817,81.099,0.2311,HTTPS,gateway
2025-01-01T22:04:00,1654.505,68.528,7.411,140.012,0.476,HTTPS,camera
2025-01-01T11:46:00,54.901,17.798,3.892,2.499,0.7881,MQTT,env_sensor
2025-01-01T08:42:00,82.945,17.181,3.645,6.479,1.1834,MQTT,actuator
2025-01-01T10:02:00,33.773,253.612,1.2,0.534,3.3449,LoRaWAN,smart_meter
2025-01-02T14:09:00,54.996,11.11,4.73,3.438,1.7516,MQTT,env_sensor
2025-01-01T04:14:00,8.0,31.63,1.606,86.498,0.4887,HTTPS,gateway
2025-01-02T15:46:00,2148.506,34.326,2.691,105.613,0.7806,HTTPS,camera
2025-01-02T03:30:00,165.487,4.234,8.99,12.724,0.9002,MQTT,actuator
2025-01-02T16:09:00,40.414,22.549,4.477,1.726,0.8433,MQTT,env_sensor
2025-01-02T06:50:00,1975.292,27.165,5.003,155.056,1.2766,HTTPS,camera
2025-01-01T00:58:00,92.696,41.479,0.1,0.05,1.7484,MQTT,env_sensor
2025-01-01T04:05:00,413.458,48.627,8.222,43.067,1.6054,CoAP,gateway
2025-01-01T22:28:00,96.065,18.591,5.355,5.022,0.7371,CoAP,actuator
2025-01-01T22:14:00,105.499,21.436,2.169,13.117,1.2952,MQTT,actuator
2025-01-01T13:14:00,512.884,48.149,4.303,12.171,0.0,HTTPS,gateway
2025-01-01T07:18:00,21.157,269.357,1.111,0.077,1.2976,LoRaWAN,smart_meter
2025-01-01T10:09:00,30.932,144.792,2.586,0.728,1.4999,LoRaWAN,smart_meter
2025-01-01T17:35:00,84.679,8.827,6.747,9.72,1.472,MQTT,actuator
2025-01-01T05:55:00,86.997,19.781,4.16,4.944,0.0,MQTT,env_sensor
2025-01-01T05:35:00,73.791,23.735,0.1,5.223,1.5816,MQTT,env_sensor
2025-01-02T05:03:00,107.173,28.717,0.841,4.74,1.8094,MQTT,env_sensor
2025-01-02T03:36:00,483.71,34.079,10.622,67.014,0.1431,HTTPS,gateway
2025-01-02T05:07:00,1476.0,28.007,5.661,104.403,0.5686,HTTPS,camera
2025-01-01T22:34:00,31.138,225.847,0.199,0.646,1.1361,LoRaWAN,smart_meter
2025-01-01T10:27:00,114.668,30.217,3.201,4.079,2.2711,MQTT,env_sensor
2025-01-01T01:29:00,72.637,19.731,9.28,9.718,0.8955,CoAP,actuator
2025-01-02T16:45:00,104.01,1.0,5.487,7.689,0.5218,MQTT,actuator
2025-01-01T02:12:00,261.516,49.767,0.1,106.71,0.0,HTTPS,camera
2025-01-01T20:38:00,163.014,8.698,6.044,15.064,0.3828,MQTT,actuator
2025-01-02T10:24:00,192.825,62.866,3.851,37.601,0.0,MQTT,gateway
2025-01-02T14:54:00,113.159,1.518,2.873,1.555,0.7316,MQTT,actuator
2025-01-02T14:15:00,1818.021,88.223,4.256,76.63,0.0,HTTPS,camera
2025-01-01T22:27:00,399.548,23.883,12.614,46.231,1.7935,CoAP,gateway
2025-01-02T10:23:00,86.091,23.418,4.185,4.896,0.1456,MQTT,actuator
2025-01-01T18:09:00,100.734,1.0,0.1,0.205,2.745,MQTT,env_sensor
2025-01-02T06:02:00,34.698,122.024,2.966,0.471,1.266,LoRaWAN,smart_meter
2025-01-01T00:00:00,867.87,13.638,17.673,35.941,1.6711,CoAP,gateway
2025-01-01T08:14:00,31.443,193.436,2.015,0.05,3.1589,LoRaWAN,smart_meter
2025-01-01T06:14:00,1034.809,41.469,3.381,89.215,1.1983,HTTPS,gateway
2025-01-01T11:41:00,130.335,8.662,7.068,13.406,0.0,MQTT,actuator
2025-01-02T08:36:00,93.436,14.891,6.126,5.749,1.6562,MQTT,actuator
2025-01-01T08:01:00,54.333,26.444,2.12,2.672,0.734,MQTT,env_sensor
2025-01-01T01:52:00,849.232,73.51,8.538,61.532,0.6199,HTTPS,gateway
2025-01-01T05:03:00,40.819,178.307,0.1,0.635,0.5511,LoRaWAN,smart_meter
2025-01-01T11:18:00,1493.563,67.78,6.687,102.156,0.5423,HTTPS,camera
2025-01-01T11:16:00,30.795,134.738,4.076,0.261,2.8155,LoRaWAN,smart_meter
2025-01-02T13:22:00,2080.233,28.477,2.381,145.432,0.8905,HTTPS,camera
2025-01-02T01:05:00,58.804,36.582,5.397,0.965,2.3874,MQTT,env_sensor
2025-01-01T17:56:00,71.007,34.833,3.314,3.135,1.0652,MQTT,env_sensor
2025-01-02T06:23:00,1024.908,80.898,4.881,146.476,1.0797,HTTPS,camera
2025-01-01T01:36:00,2004.516,30.101,1.82,229.453,0.8857,HTTPS,camera
2025-01-01T00:41:00,22.976,252.037,4.919,0.277,2.2728,LoRaWAN,smart_meter
2025-01-02T07:11:00,55.928,6.147,2.325,2.374,0.5285,MQTT,env_sensor
2025-01-02T01:49:00,21.538,155.712,2.414,0.924,3.7774,LoRaWAN,smart_meter
2025-01-01T21:04:00,31.645,208.739,1.17,0.288,1.4023,LoRaWAN,smart_meter
2025-01-01T16:33:00,127.544,10.341,4.468,6.282,0.0,MQTT,actuator
2025-01-01T08:20:00,777.319,34.204,7.884,97.041,1.3781,CoAP,gateway
2025-01-02T03:46:00,27.76,22.851,4.241,7.794,0.0672,MQTT,actuator
2025-01-02T03:43:00,21.84,212.042,2.496,0.05,3.837,LoRaWAN,smart_meter
2025-01-02T03:28:00,1068.194,75.886,0.1,217.206,1.044,HTTPS,camera
2025-01-01T04:35:00,1981.692,87.998,5.863,210.949,0.2299,HTTPS,camera
2025-01-02T12:12:00,100.437,29.73,2.292,10.784,2.1433,MQTT,actuator
2025-01-02T05:29:00,101.658,6.877,2.193,2.117,1.139,MQTT,actuator
2025-01-01T06:34:00,406.183,46.978,6.309,59.377,1.2714,CoAP,gateway
2025-01-01T06:46:00,2096.831,39.334,2.914,96.425,0.6005,HTTPS,gateway
2025-01-01T18:35:00,791.188,56.832,13.023,71.339,1.0319,CoAP,gateway
2025-01-01T02:17:00,147.301,17.484,4.176,8.866,1.2047,MQTT,actuator
2025-01-02T14:24:00,1783.558,81.784,2.177,120.402,0.1029,HTTPS,camera
2025-01-01T05:44:00,25.377,193.797,2.377,0.286,4.0311,LoRaWAN,smart_meter
2025-01-02T01:34:00,85.705,30.426,4.516,13.287,1.1671,MQTT,actuator
2025-01-02T11:10:00,124.149,17.85,2.35,6.191,1.3305,MQTT,actuator
2025-01-01T06:55:00,2047.464,51.154,3.275,44.573,0.2552,HTTPS,camera
2025-01-02T03:04:00,1717.121,48.217,5.453,91.258,0.5386,HTTPS,camera
2025-01-01T10:57:00,1542.89,91.983,4.284,65.39,0.4611,HTTPS,gateway
2025-01-01T15:43:00,2241.629,118.869,4.013,146.4,0.6625,HTTPS,camera
2025-01-01T09:19:00,1861.253,63.707,20.11,103.724,0.0,HTTPS,gateway
2025-01-01T16:10:00,2617.792,95.912,9.703,116.402,1.0584,HTTPS,camera
2025-01-02T04:37:00,24.119,112.752,0.1,0.581,3.4429,LoRaWAN,smart_meter
2025-01-02T11:55:00,1881.863,26.012,1.171,183.94,1.6467,HTTPS,camera
2025-01-01T18:44:00,77.684,25.755,4.256,2.654,2.163,MQTT,env_sensor
2025-01-02T01:24:00,1151.545,42.789,2.584,26.797,1.2383,HTTPS,gateway
2025-01-01T03:16:00,2334.546,18.651,5.158,111.998,1.3063,HTTPS,camera
2025-01-02T08:03:00,30.183,234.371,4.716,0.373,1.6115,LoRaWAN,smart_meter
2025-01-01T21:42:00,762.034,78.255,3.764,78.367,1.536,HTTPS,camera
2025-01-02T06:56:00,1014.587,69.178,1.204,149.13,1.5053,CoAP,camera
2025-01-02T10:26:00,518.526,52.123,3.937,228.492,0.376,HTTPS,camera
2025-01-02T05:50:00,136.574,24.145,8.249,9.157,0.9868,MQTT,actuator
2025-01-01T05:28:00,23.52,187.63,2.833,0.558,4.2583,LoRaWAN,smart_meter
2025-01-02T00:33:00,1589.631,37.94,4.12,80.76,0.6164,HTTPS,camera
2025-01-01T20:12:00,112.585,15.498,3.467,13.926,1.2766,MQTT,actuator
2025-01-01T05:44:00,1584.081,17.001,3.04,142.724,0.2885,HTTPS,camera
2025-01-01T09:01:00,111.308,37.53,3.077,8.575,0.8501,MQTT,env_sensor
2025-01-02T08:42:00,24.754,137.387,3.234,0.097,3.6805,LoRaWAN,smart_meter
2025-01-01T12:18:00,102.762,32.487,0.456,10.139,0.3476,MQTT,env_sensor
2025-01-01T12:52:00,98.532,29.65,5.514,1.141,1.1238,MQTT,env_sensor
2025-01-01T06:33:00,974.938,7.369,8.942,81.541,0.4912,HTTPS,gateway
2025-01-01T21:37:00,26.516,23.926,4.425,10.119,0.0,MQTT,env_sensor
2025-01-01T12:25:00,1413.96,43.758,12.355,160.183,0.4973,HTTPS,gateway
2025-01-02T01:16:00,78.384,9.064,7.448,6.105,1.6031,CoAP,actuator
2025-01-01T22:12:00,84.134,24.616,2.92,8.345,0.0,MQTT,env_sensor
2025-01-02T06:51:00,28.12,72.866,2.01,0.05,2.5103,MQTT,smart_meter
2025-01-01T20:11:00,82.991,8.685,9.56,1.343,1.7097,CoAP,actuator
2025-01-01T19:11:00,77.312,22.108,5.006,7.168,1.683,MQTT,actuator
2025-01-02T03:36:00,137.981,2.848,3.068,0.305,0.9179,MQTT,actuator
2025-01-01T22:26:00,67.328,38.407,1.67,3.505,0.1344,MQTT,env_sensor
2025-01-01T03:04:00,70.71,35.08,2.999,0.99,1.8368,MQTT,env_sensor
2025-01-01T13:04:00,38.663,208.255,0.1,0.141,0.5992,LoRaWAN,smart_meter
2025-01-01T02:53:00,763.814,13.294,1.57,84.775,0.2737,HTTPS,gateway
2025-01-01T09:38:00,1298.836,90.676,13.187,95.059,0.1089,HTTPS,gateway
2025-01-02T11:18:00,37.543,44.819,1.086,2.202,1.1685,MQTT,env_sensor
2025-01-01T07:25:00,89.602,16.78,1.637,0.05,1.5993,MQTT,env_sensor
2025-01-02T03:48:00,37.744,33.477,3.315,8.794,0.0,MQTT,actuator
2025-01-01T14:06:00,101.677,14.3,4.531,4.716,0.7076,MQTT,env_sensor
2025-01-02T07:42:00,1223.528,54.646,3.669,134.445,0.0,HTTPS,camera
2025-01-01T01:53:00,144.444,19.926,5.697,9.457,0.6507,MQTT,actuator
2025-01-01T10:58:00,1960.014,48.106,6.728,102.934,0.8694,HTTPS,camera
2025-01-02T10:55:00,1190.915,29.13,3.675,138.065,1.7683,HTTPS,camera
2025-01-02T15:42:00,1488.831,59.829,11.758,41.945,0.7535,HTTPS,gateway
2025-01-01T12:35:00,8.0,39.651,4.146,40.518,1.541,MQTT,gateway
2025-01-01T15:22:00,40.725,27.236,4.876,0.96,2.0672,MQTT,env_sensor
2025-01-02T15:41:00,2463.001,127.004,7.124,151.79,1.0585,HTTPS,camera
2025-01-02T08:16:00,2479.275,58.845,0.529,190.198,1.1912,HTTPS,camera
2025-01-01T15:28:00,1277.855,92.145,0.1,126.023,0.596,HTTPS,camera
2025-01-01T09:00:00,24.413,18.51,3.553,0.519,3.8083,MQTT,smart_meter
2025-01-01T01:20:00,40.219,145.226,0.763,0.578,5.1177,LoRaWAN,smart_meter
2025-01-01T17:54:00,116.718,15.516,7.084,2.399,0.0966,MQTT,actuator
2025-01-01T21:46:00,59.095,19.048,7.603,3.228,0.0,CoAP,actuator
2025-01-01T03:59:00,75.732,5.679,2.428,4.198,2.3068,MQTT,env_sensor
2025-01-01T03:22:00,137.665,1.0,3.871,4.473,0.1965,MQTT,actuator
2025-01-01T18:48:00,85.055,30.73,6.677,5.909,1.5176,MQTT,actuator
2025-01-02T08:07:00,73.317,48.065,0.776,3.176,3.3108,MQTT,env_sensor
2025-01-01T05:59:00,20.263,151.887,1.954,1.084,0.0,MQTT,smart_meter
2025-01-02T06:09:00,2196.483,33.327,9.59,24.699,1.7136,CoAP,gateway
2025-01-01T01:47:00,1386.084,43.424,13.57,22.876,1.3653,CoAP,gateway
2025-01-01T19:38:00,3301.858,99.839,0.1,48.42,0.0,HTTPS,camera
2025-01-02T07:19:00,658.6,78.766,1.949,181.959,1.4355,CoAP,camera
2025-01-01T00:13:00,27.316,277.539,0.1,0.05,4.3718,LoRaWAN,smart_meter
2025-01-02T04:43:00,71.9,39.623,4.169,0.489,0.9061,HTTPS,env_sensor
2025-01-02T04:44:00,84.279,15.95,4.753,7.33,1.5439,MQTT,actuator
2025-01-02T02:50:00,32.083,205.536,2.002,0.722,3.7236,LoRaWAN,smart_meter
2025-01-02T13:06:00,37.208,164.127,1.34,0.317,1.8119,LoRaWAN,smart_meter
2025-01-01T12:37:00,23.733,132.563,3.871,0.667,1.3593,LoRaWAN,smart_meter
2025-01-02T05:25:00,534.926,58.212,9.487,0.05,2.1087,CoAP,gateway
2025-01-02T04:00:00,141.725,36.318,7.417,5.163,1.8217,MQTT,env_sensor
2025-01-02T13:47:00,70.288,8.724,2.97,3.509,1.7187,MQTT,env_sensor
2025-01-01T10:03:00,62.187,7.7,7.359,1.724,0.0,MQTT,env_sensor
2025-01-02T15:33:00,1002.313,25.133,0.225,11.726,1.0564,MQTT,camera
2025-01-01T12:55:00,104.613,24.894,2.737,2.285,1.843,MQTT,env_sensor
2025-01-01T16:06:00,11.086,193.723,1.769,0.116,2.0916,LoRaWAN,smart_meter
2025-01-02T10:01:00,73.825,22.086,2.364,5.111,0.0,MQTT,env_sensor
2025-01-01T09:54:00,157.622,8.683,6.352,0.613,0.7096,CoAP,actuator
2025-01-02T02:39:00,233.079,21.359,13.88,95.703,0.7718,MQTT,gateway
2025-01-02T02:13:00,96.391,56.05,2.028,5.135,1.404,MQTT,env_sensor
2025-01-02T07:58:00,18.016,104.288,4.028,0.979,3.5058,LoRaWAN,smart_meter
2025-01-01T17:52:00,158.644,23.752,9.42,4.948,0.6436,MQTT,actuator
2025-01-01T18:41:00,70.946,2.973,4.414,9.243,3.2542,MQTT,env_sensor
2025-01-01T16:26:00,117.119,33.106,4.29,7.346,1.0888,MQTT,env_sensor
2025-01-01T10:22:00,104.546,27.374,2.083,6.793,0.0,MQTT,env_sensor
2025-01-01T06:43:00,33.098,146.716,1.18,1.168,4.217,MQTT,smart_meter
2025-01-01T03:08:00,34.647,4.764,0.1,3.27,0.2446,MQTT,env_sensor
2025-01-01T12:49:00,94.77,7.054,3.834,7.426,0.1162,MQTT,actuator
2025-01-02T16:59:00,1872.918,47.507,8.345,58.882,0.0,HTTPS,gateway
2025-01-02T16:53:00,646.813,6.305,15.782,116.101,1.4953,CoAP,gateway
2025-01-01T10:25:00,1337.525,26.391,2.032,70.753,1.0317,HTTPS,camera
2025-01-02T02:24:00,123.568,2.242,10.094,2.544,0.6979,MQTT,actuator
2025-01-01T07:15:00,99.739,20.845,4.109,0.05,1.0524,MQTT,env_sensor
2025-01-02T10:33:00,90.273,19.559,7.553,7.485,1.4164,MQTT,env_sensor
2025-01-02T09:49:00,46.612,44.789,6.485,0.05,1.5191,LoRaWAN,env_sensor
2025-01-01T18:37:00,35.881,52.488,1.84,0.272,2.7596,MQTT,smart_meter
2025-01-02T14:31:00,96.082,36.843,4.075,1.296,4.2895,CoAP,env_sensor
2025-01-01T06:01:00,436.434,24.955,15.517,78.536,0.4032,HTTPS,gateway
2025-01-01T04:26:00,1353.09,83.513,10.988,10.449,2.1,CoAP,gateway
2025-01-01T04:01:00,21.413,19.822,1.804,7.169,0.962,MQTT,env_sensor
2025-01-02T11:06:00,538.048,49.94,5.066,90.573,0.4659,HTTPS,gateway
2025-01-01T04:06:00,1095.571,79.786,0.797,85.609,0.0649,HTTPS,gateway
2025-01-01T07:43:00,1439.309,78.212,2.8,0.05,0.1268,HTTPS,camera
2025-01-01T21:10:00,59.555,49.165,5.005,0.27,0.0424,MQTT,env_sensor
2025-01-01T08:28:00,2048.035,103.831,4.662,122.495,0.4585,HTTPS,camera
2025-01-01T16:30:00,643.902,53.0,10.282,88.777,0.9516,HTTPS,gateway
2025-01-01T22:52:00,34.815,73.181,0.928,0.251,5.6653,LoRaWAN,smart_meter
2025-01-01T21:09:00,84.876,20.624,7.252,9.621,1.3141,MQTT,actuator
2025-01-01T11:15:00,111.704,38.43,9.662,7.377,1.8201,MQTT,actuator
2025-01-02T06:52:00,44.624,21.111,1.895,8.583,0.5122,MQTT,actuator
2025-01-01T23:37:00,88.909,9.302,7.864,2.39,0.0,MQTT,actuator
2025-01-01T18:03:00,8.0,21.964,6.61,70.077,0.0869,HTTPS,camera
2025-01-01T22:44:00,138.854,1.0,2.719,7.265,0.8405,MQTT,actuator
2025-01-01T12:30:00,1473.053,63.098,1.306,206.519,0.9822,HTTPS,camera
2025-01-01T21:00:00,2429.727,92.881,5.578,88.613,0.2419,HTTPS,camera
2025-01-02T11:21:00,61.191,35.997,3.497,8.85,2.1567,MQTT,env_sensor
2025-01-02T17:05:00,2552.765,43.638,3.307,76.324,0.4275,HTTPS,camera
2025-01-01T00:26:00,22.294,141.052,1.063,0.69,5.0079,LoRaWAN,smart_meter
2025-01-02T01:45:00,89.184,21.37,5.76,11.175,1.071,CoAP,actuator
2025-01-02T07:37:00,26.577,230.3,3.132,0.905,6.2678,LoRaWAN,smart_meter
2025-01-01T09:42:00,579.741,44.634,13.178,0.05,1.0391,CoAP,gateway
2025-01-01T01:36:00,115.001,28.819,3.597,2.02,1.2423,MQTT,actuator
2025-01-02T14:38:00,1446.451,87.682,2.95,92.449,0.9781,HTTPS,camera
2025-01-01T11:57:00,22.165,153.013,3.049,0.05,2.0485,LoRaWAN,smart_meter
2025-01-01T17:05:00,33.458,171.843,3.069,0.631,3.0294,LoRaWAN,smart_meter
2025-01-02T12:24:00,64.882,28.32,1.581,4.61,1.5835,MQTT,env_sensor
2025-01-01T07:22:00,33.798,210.655,2.328,0.05,2.4882,LoRaWAN,smart_meter
2025-01-02T00:37:00,24.929,199.14,4.01,0.16,0.7476,LoRaWAN,smart_meter
2025-01-01T12:34:00,1502.592,51.307,4.179,96.479,0.5917,HTTPS,camera
2025-01-01T00:27:00,68.102,1.0,6.874,11.611,0.848,MQTT,actuator
2025-01-01T20:48:00,1089.296,41.658,9.412,35.255,1.5522,MQTT,gateway
2025-01-01T13:50:00,123.572,13.895,6.617,1.417,1.6063,CoAP,actuator
2025-01-01T00:56:00,67.763,14.209,7.85,3.52,0.0,CoAP,env_sensor
2025-01-02T01:47:00,1737.944,78.737,0.1,0.05,0.7169,HTTPS,camera
2025-01-01T18:19:00,39.345,184.189,0.733,0.296,2.5233,LoRaWAN,smart_meter
2025-01-02T15:30:00,96.048,28.962,1.283,3.827,0.1935,MQTT,env_sensor
2025-01-02T01:51:00,3417.814,74.159,8.009,82.471,0.3792,HTTPS,camera
2025-01-01T14:41:00,129.31,24.23,3.714,8.251,0.8937,MQTT,actuator
2025-01-01T13:31:00,1784.889,83.094,7.516,27.441,1.9102,CoAP,gateway
2025-01-02T12:40:00,109.773,15.384,5.95,7.282,0.893,MQTT,actuator
2025-01-01T13:39:00,16.182,40.647,0.1,0.615,3.4842,LoRaWAN,smart_meter
2025-01-01T12:30:00,31.245,130.216,2.76,0.23,4.35,LoRaWAN,smart_meter
2025-01-02T15:02:00,8.0,50.084,2.56,183.617,1.0821,MQTT,camera
2025-01-01T14:02:00,83.449,20.218,0.389,3.671,1.1689,MQTT,env_sensor
2025-01-02T08:05:00,41.655,136.401,2.613,0.705,3.3023,LoRaWAN,smart_meter
2025-01-01T19:07:00,884.899,57.007,6.763,0.05,0.5719,HTTPS,camera
2025-01-01T00:52:00,22.689,253.319,3.612,0.751,4.5197,LoRaWAN,smart_meter
2025-01-01T11:26:00,978.324,1.422,8.861,9.243,2.418,CoAP,gateway
2025-01-01T15:02:00,89.422,26.354,8.132,10.713,0.037,CoAP,actuator
2025-01-01T18:27:00,1367.232,27.683,2.299,34.235,1.4536,MQTT,gateway
2025-01-02T02:56:00,112.663,8.662,3.538,3.421,3.3835,MQTT,env_sensor
2025-01-02T08:21:00,730.127,45.638,9.068,60.153,0.9145,HTTPS,gateway
2025-01-02T01:59:00,63.351,38.359,4.898,12.189,2.8627,MQTT,actuator
2025-01-01T05:09:00,130.88,31.583,3.997,11.01,1.3678,MQTT,actuator
2025-01-01T04:16:00,949.722,20.535,3.43,122.919,0.9521,HTTPS,gateway
2025-01-01T03:02:00,119.231,12.071,3.342,15.563,0.2464,MQTT,actuator
2025-01-01T07:22:00,119.259,20.557,10.194,8.049,0.3604,MQTT,actuator
2025-01-02T07:49:00,958.192,66.471,4.18,179.146,1.6497,HTTPS,camera
2025-01-02T14:32:00,38.167,216.818,2.383,0.224,1.4836,LoRaWAN,smart_meter
2025-01-01T19:33:00,1576.352,29.185,12.078,37.241,0.2327,HTTPS,gateway
2025-01-02T09:11:00,411.743,32.316,14.009,9.647,0.8664,CoAP,gateway
2025-01-01T00:55:00,27.827,189.148,3.572,0.535,0.9928,LoRaWAN,smart_meter
2025-01-01T04:37:00,1738.886,63.566,3.411,246.338,0.3631,HTTPS,camera
2025-01-01T09:37:00,64.994,13.593,0.465,5.429,3.1268,MQTT,env_sensor
2025-01-02T15:01:00,34.959,125.508,0.528,0.05,0.3458,LoRaWAN,smart_meter
2025-01-02T15:26:00,32.551,226.248,0.1,0.878,3.9834,LoRaWAN,smart_meter
2025-01-01T06:19:00,1035.201,23.043,1.205,120.005,0.6503,HTTPS,camera
2025-01-01T20:07:00,113.507,18.903,0.1,6.633,1.9728,MQTT,env_sensor
2025-01-02T05:33:00,114.159,11.024,6.646,4.233,1.3748,CoAP,actuator
2025-01-01T08:35:00,59.345,19.968,4.418,10.851,2.1147,MQTT,env_sensor
2025-01-02T10:56:00,36.147,189.538,2.057,0.834,3.1336,LoRaWAN,smart_meter
2025-01-02T16:48:00,2502.637,55.121,1.364,218.054,0.8315,HTTPS,camera
2025-01-02T11:14:00,1432.585,57.11,12.943,94.417,0.5063,HTTPS,gateway
2025-01-01T08:12:00,236.468,36.639,4.492,159.108,0.8014,HTTPS,camera
2025-01-02T16:27:00,757.373,48.738,2.042,43.818,1.3279,CoAP,camera
2025-01-01T00:01:00,524.634,21.691,11.084,42.604,0.8295,CoAP,gateway
2025-01-01T23:54:00,92.465,16.898,1.743,6.205,1.08,MQTT,env_sensor
2025-01-02T13:42:00,644.562,82.71,2.333,48.549,1.8704,CoAP,gateway
2025-01-01T21:17:00,2805.279,93.848,1.192,71.893,0.5853,HTTPS,camera
2025-01-01T20:34:00,84.813,8.847,2.615,3.072,0.6794,MQTT,actuator
2025-01-01T17:32:00,1735.874,104.303,6.913,92.852,0.9227,HTTPS,camera
2025-01-02T15:39:00,79.424,20.232,7.003,5.304,0.9021,CoAP,actuator
2025-01-01T10:03:00,14.763,164.508,2.101,0.418,3.0101,LoRaWAN,smart_meter
2025-01-01T13:43:00,142.677,10.062,1.715,11.117,1.3806,MQTT,actuator
2025-01-02T07:13:00,2243.917,61.974,0.1,87.039,0.2264,HTTPS,camera
2025-01-02T17:20:00,68.584,11.993,4.609,2.324,3.3001,MQTT,env_sensor
2025-01-02T15:28:00,112.313,15.847,2.756,1.856,1.7691,MQTT,env_sensor
2025-01-02T14:11:00,2032.622,57.72,2.886,3.981,0.8143,HTTPS,camera
2025-01-01T08:32:00,58.754,26.948,3.571,4.295,1.1419,MQTT,env_sensor
2025-01-02T10:24:00,129.307,4.048,7.711,3.127,1.303,MQTT,env_sensor
2025-01-01T19:19:00,34.238,25.601,3.079,4.228,0.0,MQTT,env_sensor
2025-01-02T06:39:00,1700.923,74.686,3.674,27.139,0.738,HTTPS,camera
2025-01-02T04:06:00,26.725,131.557,0.532,0.299,0.0539,LoRaWAN,smart_meter
2025-01-01T23:50:00,73.705,18.864,11.319,10.276,0.277,MQTT,actuator
2025-01-02T07:54:00,2073.154,51.699,5.184,36.03,0.0,HTTPS,camera
2025-01-02T12:48:00,104.547,15.679,3.072,0.408,1.058,MQTT,actuator
2025-01-02T16:06:00,2087.457,39.195,3.938,68.78,0.6965,HTTPS,camera
2025-01-02T08:58:00,1247.565,42.8,8.406,2.632,1.1529,MQTT,gateway
2025-01-01T08:45:00,1438.669,51.366,8.083,67.864,1.0601,HTTPS,camera
2025-01-02T05:42:00,26.799,140.664,2.622,0.492,0.4734,LoRaWAN,smart_meter
2025-01-01T17:10:00,59.515,23.194,3.741,3.589,1.1733,MQTT,env_sensor
2025-01-01T12:58:00,114.277,45.731,6.069,9.096,2.8341,CoAP,env_sensor
2025-01-01T05:37:00,1831.925,45.941,9.902,3.35,0.1329,HTTPS,gateway
2025-01-01T03:15:00,87.805,20.298,7.268,12.846,1.0171,MQTT,actuator
2025-01-01T12:59:00,329.06,20.49,6.405,107.712,1.4023,CoAP,gateway
2025-01-02T10:22:00,668.999,83.018,6.21,67.549,0.9562,HTTPS,gateway
2025-01-01T13:15:00,37.28,158.665,2.642,0.486,4.6554,MQTT,smart_meter
2025-01-01T07:22:00,1165.088,32.523,9.814,68.389,0.0,HTTPS,gateway
2025-01-01T04:10:00,35.487,107.794,3.295,0.05,2.6257,LoRaWAN,smart_meter
2025-01-01T23:49:00,63.243,12.919,6.53,6.571,1.495,MQTT,actuator
2025-01-02T15:16:00,446.409,45.444,16.437,112.942,0.7359,HTTPS,gateway
2025-01-01T11:14:00,675.966,23.2,14.025,78.637,0.2644,HTTPS,gateway
2025-01-02T02:06:00,995.508,35.348,4.088,46.724,1.806,CoAP,gateway
2025-01-02T16:57:00,990.55,31.313,3.937,75.048,0.0627,HTTPS,gateway
2025-01-01T16:47:00,1618.207,66.399,0.81,34.857,0.0,HTTPS,camera
2025-01-02T02:44:00,20.954,126.133,1.617,0.445,5.687,LoRaWAN,smart_meter
2025-01-01T15:26:00,33.598,324.412,0.621,0.179,5.6978,LoRaWAN,smart_meter
2025-01-01T06:13:00,724.205,19.794,0.1,91.575,0.7191,HTTPS,gateway
2025-01-01T02:51:00,464.269,38.259,9.45,75.761,1.0635,CoAP,camera
2025-01-02T00:52:00,1132.892,10.367,14.27,93.086,0.0,HTTPS,gateway
2025-01-02T15:53:00,133.182,1.0,8.01,8.365,0.8476,MQTT,actuator
2025-01-01T22:23:00,631.288,56.806,5.617,67.462,1.6743,CoAP,gateway
2025-01-02T12:38:00,54.373,28.122,3.017,2.471,2.6347,MQTT,env_sensor
2025-01-01T03:19:00,78.568,13.956,7.22,1.717,0.4037,MQTT,actuator
2025-01-01T00:43:00,1985.211,59.83,1.821,126.467,1.349,HTTPS,camera
2025-01-01T22:27:00,125.27,24.333,6.678,6.083,0.0,MQTT,actuator
2025-01-02T14:04:00,2532.716,51.559,4.637,68.162,0.4914,HTTPS,camera
2025-01-02T13:51:00,463.389,54.279,0.1,73.475,0.974,HTTPS,gateway
2025-01-02T05:13:00,64.776,22.74,4.38,3.076,0.586,MQTT,env_sensor
2025-01-01T03:17:00,935.438,22.628,23.549,25.922,0.0,CoAP,gateway
2025-01-01T02:31:00,833.868,63.552,1.722,90.432,2.4092,HTTPS,gateway
2025-01-01T17:56:00,89.4,22.837,5.815,11.681,0.9344,MQTT,actuator
2025-01-02T11:40:00,68.583,9.009,9.674,4.397,0.6731,MQTT,actuator
2025-01-01T09:14:00,1360.776,47.513,2.035,127.564,0.6303,HTTPS,camera
2025-01-01T23:53:00,878.079,39.08,10.946,115.148,0.0,HTTPS,gateway
2025-01-01T16:46:00,57.807,24.137,0.1,0.05,0.2254,MQTT,env_sensor
2025-01-01T23:17:00,50.338,34.302,0.802,0.55,1.8407,MQTT,env_sensor
2025-01-02T03:28:00,34.248,168.095,0.1,0.05,3.2657,LoRaWAN,smart_meter
2025-01-01T10:32:00,920.94,1.0,14.474,93.508,0.5368,CoAP,gateway
2025-01-02T08:20:00,94.028,23.473,3.046,0.05,1.6105,MQTT,env_sensor
2025-01-01T14:37:00,63.509,35.444,2.828,0.05,0.6369,MQTT,env_sensor
2025-01-01T06:35:00,34.347,224.193,0.1,0.44,4.4856,LoRaWAN,smart_meter
2025-01-02T06:01:00,101.417,23.008,8.039,9.662,1.6352,CoAP,actuator
2025-01-02T03:04:00,886.726,47.367,8.025,15.642,1.5759,CoAP,gateway
2025-01-02T12:45:00,30.736,283.252,3.705,0.85,0.8516,LoRaWAN,smart_meter
2025-01-01T19:30:00,446.32,15.525,13.276,68.384,1.0461,CoAP,gateway
2025-01-02T07:05:00,648.967,56.408,10.404,35.216,0.079,CoAP,gateway
2025-01-01T08:25:00,31.915,279.681,0.1,0.621,1.8824,LoRaWAN,smart_meter
2025-01-01T07:17:00,1571.725,40.999,3.289,42.081,0.3155,HTTPS,gateway
2025-01-01T08:56:00,1134.782,43.898,14.09,31.952,0.1446,HTTPS,gateway
2025-01-01T22:24:00,99.312,17.636,7.674,11.431,0.5477,MQTT,actuator
2025-01-01T16:40:00,47.38,28.667,1.823,5.902,0.9289,MQTT,env_sensor
2025-01-02T00:24:00,512.945,116.781,8.869,159.358,0.0746,HTTPS,camera
2025-01-01T15:47:00,8.0,197.386,2.539,0.431,0.4329,LoRaWAN,smart_meter
2025-01-02T08:09:00,14.644,183.851,1.666,0.353,5.3135,LoRaWAN,smart_meter
2025-01-01T15:59:00,3182.648,34.536,3.903,168.077,0.4705,HTTPS,camera
2025-01-01T19:36:00,953.754,15.167,10.576,45.574,0.6646,CoAP,gateway
2025-01-01T02:54:00,61.205,40.084,0.314,9.565,0.8287,MQTT,env_sensor
2025-01-01T02:45:00,1126.078,15.767,2.274,77.721,0.3548,HTTPS,gateway
2025-01-01T07:50:00,1177.997,48.21,8.054,9.769,2.0892,CoAP,gateway
2025-01-01T03:17:00,2650.477,77.699,1.13,73.3,0.1466,HTTPS,camera
2025-01-02T05:33:00,19.906,145.966,3.078,0.135,4.8876,LoRaWAN,smart_meter
2025-01-02T07:10:00,120.314,11.582,7.271,4.6,0.0,MQTT,actuator
2025-01-02T16:35:00,2290.915,61.875,7.261,122.272,0.712,HTTPS,camera
2025-01-02T12:46:00,128.725,26.315,7.736,9.851,1.3705,MQTT,actuator
2025-01-02T14:49:00,878.994,44.227,3.048,66.226,0.5797,HTTPS,camera
2025-01-01T14:14:00,146.862,9.703,6.662,14.525,1.7919,MQTT,actuator
2025-01-01T20:11:00,34.753,285.454,4.429,0.175,4.0745,LoRaWAN,smart_meter
2025-01-02T08:24:00,822.014,59.337,0.1,178.204,0.0908,HTTPS,camera
2025-01-02T11:55:00,95.544,19.443,7.865,12.632,0.2732,MQTT,actuator
2025-01-01T16:50:00,22.667,316.988,3.388,0.41,3.4635,LoRaWAN,smart_meter
2025-01-02T03:07:00,25.736,216.241,0.1,0.05,5.4023,LoRaWAN,smart_meter
2025-01-02T17:01:00,21.89,181.383,1.026,0.312,3.1316,LoRaWAN,smart_meter
2025-01-01T09:32:00,72.491,4.778,5.602,4.582,1.8034,MQTT,env_sensor
2025-01-02T14:22:00,34.977,258.096,2.226,0.251,2.4392,LoRaWAN,smart_meter
2025-01-02T00:27:00,40.043,4.435,0.1,1.664,0.9788,MQTT,env_sensor
2025-01-01T21:00:00,21.698,178.352,2.012,1.303,5.3541,LoRaWAN,smart_meter
2025-01-02T07:25:00,19.009,296.964,0.511,0.673,6.3645,LoRaWAN,smart_meter
2025-01-01T02:08:00,25.743,260.582,3.049,0.517,0.0,LoRaWAN,smart_meter
2025-01-02T13:41:00,626.631,17.173,3.902,68.855,0.8231,HTTPS,gateway
2025-01-01T23:58:00,80.787,19.33,0.864,1.644,2.9656,MQTT,env_sensor
2025-01-01T17:34:00,14.312,96.937,2.4,0.103,1.1063,LoRaWAN,smart_meter
2025-01-01T12:28:00,421.738,43.209,2.135,26.506,1.9418,MQTT,gateway
2025-01-01T01:50:00,21.584,170.742,0.985,0.16,2.3127,LoRaWAN,smart_meter
2025-01-02T08:29:00,1692.141,23.951,5.033,194.067,1.0198,HTTPS,camera
2025-01-01T04:18:00,1658.291,39.988,6.057,275.288,0.5898,HTTPS,camera
2025-01-01T09:21:00,1338.734,46.933,10.082,30.626,0.5504,HTTPS,camera
2025-01-01T07:10:00,902.206,60.395,5.392,185.013,0.6791,HTTPS,camera
2025-01-02T13:13:00,1849.627,34.436,0.91,258.013,1.2663,HTTPS,camera
2025-01-02T17:18:00,124.607,12.771,6.543,0.938,1.5203,MQTT,actuator
2025-01-01T03:40:00,1382.807,64.248,3.257,19.314,0.6595,HTTPS,gateway
2025-01-01T03:19:00,46.153,37.474,1.891,4.827,1.2749,MQTT,env_sensor
2025-01-01T02:07:00,3349.196,40.806,4.323,127.812,1.1055,HTTPS,camera
2025-01-01T23:20:00,27.166,161.735,2.391,1.107,2.4496,MQTT,smart_meter
2025-01-02T08:29:00,83.9,8.386,6.581,5.644,1.1195,MQTT,actuator
2025-01-01T18:33:00,959.003,29.157,4.275,25.669,1.4108,CoAP,gateway
2025-01-01T07:50:00,60.956,11.896,4.565,7.146,1.8208,MQTT,env_sensor
2025-01-01T20:03:00,54.693,19.707,3.161,7.702,0.9229,MQTT,env_sensor
2025-01-01T21:41:00,29.482,192.373,1.667,0.227,5.341,LoRaWAN,smart_meter
2025-01-01T13:54:00,34.059,22.744,1.821,5.572,2.5953,MQTT,env_sensor
2025-01-02T15:37:00,1772.143,35.967,3.127,173.454,0.0,HTTPS,camera
2025-01-02T16:30:00,371.124,36.554,21.239,142.015,1.676,CoAP,gateway
2025-01-02T14:40:00,134.782,8.286,10.178,0.05,1.2668,MQTT,actuator
2025-01-02T03:04:00,68.336,19.352,5.254,3.185,1.804,CoAP,env_sensor
2025-01-02T04:28:00,1555.643,79.545,5.489,100.506,0.0856,HTTPS,camera
2025-01-01T21:03:00,33.046,208.237,2.67,0.673,3.5755,LoRaWAN,smart_meter
2025-01-02T15:53:00,114.735,19.482,5.794,0.902,1.6596,MQTT,env_sensor
2025-01-01T17:55:00,79.208,8.274,5.276,2.874,1.7511,MQTT,env_sensor
2025-01-02T15:15:00,105.4,25.438,5.186,11.606,0.0,MQTT,actuator
2025-01-02T11:56:00,88.533,26.989,11.276,7.484,0.8297,MQTT,actuator
2025-01-02T11:09:00,28.315,139.346,0.191,0.184,3.2802,LoRaWAN,smart_meter
2025-01-02T13:28:00,1513.732,42.725,0.105,68.971,0.776,HTTPS,gateway
2025-01-01T23:14:00,17.478,105.242,2.134,0.493,0.2334,LoRaWAN,smart_meter
2025-01-01T08:33:00,608.574,43.398,8.901,42.29,1.2741,CoAP,gateway
2025-01-02T04:42:00,2308.628,104.293,6.155,227.209,0.901,HTTPS,camera
2025-01-02T10:17:00,1815.378,60.295,12.85,76.892,0.5266,HTTPS,gateway
2025-01-01T20:31:00,97.852,19.258,2.807,0.05,0.8306,MQTT,actuator
2025-01-01T22:25:00,119.18,17.587,0.449,1.126,0.3937,MQTT,actuator
2025-01-01T00:49:00,757.584,16.442,16.547,32.119,0.703,CoAP,gateway
2025-01-02T06:23:00,868.06,40.161,11.549,99.106,0.0,HTTPS,gateway
2025-01-01T03:33:00,579.376,83.212,6.924,56.929,0.3421,HTTPS,camera
2025-01-02T02:13:00,8.0,49.176,0.214,16.711,1.0685,MQTT,gateway
2025-01-02T01:12:00,31.012,56.182,4.161,0.179,5.5422,LoRaWAN,smart_meter
2025-01-02T08:30:00,64.461,40.177,5.816,2.991,2.5981,CoAP,env_sensor
2025-01-02T12:02:00,83.322,15.725,7.127,5.843,1.1049,MQTT,actuator
2025-01-02T10:36:00,160.225,66.408,4.316,191.761,0.6398,HTTPS,gateway
2025-01-02T13:15:00,1105.919,73.497,0.1,49.37,0.8055,HTTPS,camera
2025-01-01T14:36:00,20.269,159.784,2.883,1.148,3.8214,MQTT,smart_meter
2025-01-02T02:28:00,140.075,11.412,9.577,15.213,0.6,MQTT,actuator
2025-01-01T01:37:00,57.143,30.069,4.592,3.428,0.8586,MQTT,env_sensor
2025-01-02T14:17:00,39.352,198.861,3.588,0.451,2.3055,LoRaWAN,smart_meter
2025-01-02T10:30:00,827.996,45.461,7.895,28.422,0.8571,CoAP,gateway
2025-01-02T02:21:00,62.601,31.648,1.161,2.804,1.9619,MQTT,env_sensor
2025-01-02T11:24:00,104.911,31.94,3.334,8.532,0.7472,MQTT,actuator
2025-01-01T14:44:00,43.771,52.287,0.426,0.05,0.531,HTTPS,smart_meter
2025-01-02T14:19:00,69.635,30.768,0.389,6.18,1.3235,MQTT,actuator
2025-01-01T08:10:00,32.002,293.947,2.906,0.187,2.2453,LoRaWAN,smart_meter
2025-01-01T23:21:00,23.327,142.532,2.215,0.243,3.9997,LoRaWAN,smart_meter
2025-01-02T08:50:00,310.99,60.736,5.915,48.34,2.4379,CoAP,gateway
2025-01-01T05:39:00,8.0,100.652,0.742,0.05,3.8918,LoRaWAN,smart_meter
2025-01-01T03:58:00,111.745,14.36,2.104,11.787,1.4833,MQTT,actuator
2025-01-01T13:42:00,35.534,209.436,1.613,0.05,5.859,LoRaWAN,smart_meter
2025-01-01T08:12:00,17.646,152.197,3.578,0.381,0.0,LoRaWAN,smart_meter
2025-01-01T22:37:00,829.666,48.643,7.89,137.736,0.0641,HTTPS,camera
2025-01-02T00:31:00,83.182,24.468,2.924,6.834,0.7303,MQTT,actuator
2025-01-01T10:49:00,1120.798,67.839,1.837,164.091,0.909,HTTPS,camera
2025-01-01T19:02:00,58.079,47.261,1.028,0.754,0.0,HTTPS,env_sensor
2025-01-01T16:59:00,1918.367,40.376,4.896,94.705,0.0,HTTPS,camera
2025-01-02T03:07:00,895.737,51.874,5.999,86.238,0.8686,HTTPS,gateway
2025-01-01T02:19:00,8.32,245.808,2.006,0.733,1.9234,LoRaWAN,smart_meter
2025-01-02T17:38:00,277.547,45.059,7.668,99.259,0.8932,HTTPS,gateway
2025-01-01T02:02:00,25.707,19.659,4.794,0.425,1.3736,MQTT,env_sensor
2025-01-01T14:58:00,147.211,4.855,10.135,5.59,0.0,MQTT,actuator
2025-01-01T15:42:00,1921.082,68.183,1.79,116.586,0.4753,HTTPS,camera
2025-01-01T05:45:00,95.252,18.192,6.317,11.29,0.5593,MQTT,actuator
2025-01-01T20:20:00,71.817,19.926,1.099,7.475,2.2197,MQTT,env_sensor
2025-01-02T01:20:00,79.34,32.36,0.1,3.075,1.4418,MQTT,env_sensor
2025-01-02T15:48:00,60.379,26.217,5.058,3.159,2.0758,MQTT,env_sensor
2025-01-01T16:40:00,31.18,201.659,3.081,0.169,0.0,LoRaWAN,smart_meter
2025-01-01T08:01:00,1683.623,54.044,1.771,103.296,0.954,HTTPS,camera
2025-01-01T02:08:00,66.298,32.719,0.31,1.826,1.5004,MQTT,env_sensor
2025-01-01T05:37:00,56.056,32.048,5.04,11.956,2.7724,CoAP,env_sensor
2025-01-02T08:09:00,385.894,18.172,0.1,131.629,1.41,MQTT,gateway
2025-01-01T14:20:00,67.077,26.966,4.641,2.639,0.9937,MQTT,env_sensor
2025-01-02T11:33:00,1271.356,58.253,7.618,12.808,1.2592,MQTT,gateway
2025-01-01T01:23:00,68.02,47.695,0.712,0.05,1.331,MQTT,env_sensor
2025-01-01T00:12:00,169.207,23.611,5.4,10.212,1.2843,MQTT,actuator
2025-01-01T00:26:00,1417.139,82.37,2.631,111.231,0.3639,HTTPS,camera
2025-01-01T00:43:00,39.555,294.083,4.824,0.082,6.3695,LoRaWAN,smart_meter
2025-01-02T16:06:00,484.082,56.909,12.06,95.131,0.6619,HTTPS,gateway
2025-01-01T07:27:00,20.241,247.904,1.814,0.181,3.9667,LoRaWAN,smart_meter
2025-01-01T05:20:00,170.751,50.577,0.1,96.27,1.8883,MQTT,gateway
2025-01-01T04:30:00,33.518,198.803,0.927,0.581,5.1657,LoRaWAN,smart_meter
2025-01-02T07:06:00,75.409,31.238,3.084,2.689,2.2916,MQTT,env_sensor
2025-01-02T10:37:00,289.363,74.211,1.237,70.336,1.0195,HTTPS,gateway
2025-01-01T08:31:00,53.89,215.982,0.812,0.051,5.6723,LoRaWAN,smart_meter
2025-01-02T00:27:00,110.418,21.115,0.181,4.29,0.9853,MQTT,actuator
2025-01-02T09:35:00,2498.495,76.56,6.689,167.086,0.3983,HTTPS,camera
2025-01-02T17:29:00,55.203,14.039,2.578,6.926,0.5773,MQTT,env_sensor
2025-01-01T13:23:00,534.329,80.794,2.081,12.624,0.6622,HTTPS,gateway
2025-01-02T07:03:00,32.295,31.493,2.164,5.459,1.9999,MQTT,env_sensor
2025-01-02T06:29:00,61.373,20.738,5.071,4.295,0.1628,MQTT,env_sensor
2025-01-02T08:58:00,825.321,92.329,1.011,89.273,1.2815,HTTPS,camera
2025-01-02T02:33:00,47.812,41.147,4.159,5.055,1.4282,MQTT,env_sensor
2025-01-02T15:37:00,969.645,68.645,10.087,63.375,1.5147,CoAP,gateway
2025-01-01T19:20:00,124.571,19.702,6.785,16.213,0.2403,MQTT,actuator
2025-01-01T05:45:00,43.727,28.248,4.031,3.378,0.8045,MQTT,env_sensor
2025-01-02T07:23:00,48.14,32.417,0.1,1.917,2.2932,MQTT,env_sensor
2025-01-01T10:39:00,87.873,34.14,1.581,2.287,1.9036,MQTT,env_sensor
2025-01-02T14:49:00,82.259,10.941,4.636,6.777,1.149,MQTT,env_sensor
2025-01-01T07:30:00,47.458,21.633,5.901,0.05,2.1992,MQTT,env_sensor
2025-01-01T08:32:00,32.282,271.131,1.414,0.104,1.7294,LoRaWAN,smart_meter
2025-01-01T07:14:00,2490.843,45.819,1.591,94.38,0.1616,HTTPS,camera
2025-01-01T13:30:00,37.567,189.264,3.266,0.421,0.8453,LoRaWAN,smart_meter
2025-01-02T09:12:00,789.552,50.773,9.505,0.05,0.9454,HTTPS,gateway
2025-01-01T18:59:00,975.997,45.387,11.111,71.729,0.4422,HTTPS,gateway
2025-01-01T18:01:00,102.622,9.226,9.022,6.066,1.5598,MQTT,actuator
2025-01-02T15:31:00,1660.512,107.314,6.047,158.157,1.0444,HTTPS,camera
2025-01-01T13:35:00,37.165,118.762,0.1,0.548,1.2075,LoRaWAN,smart_meter
2025-01-01T13:29:00,77.769,26.691,0.64,0.05,1.5199,MQTT,env_sensor
2025-01-02T15:09:00,314.874,33.859,6.454,34.52,0.0,HTTPS,gateway
2025-01-02T06:38:00,2051.078,56.861,0.266,189.459,0.3085,HTTPS,camera
2025-01-01T04:39:00,37.128,151.598,2.729,0.724,1.6952,MQTT,smart_meter
2025-01-01T15:40:00,88.386,5.947,9.614,4.599,1.7321,CoAP,actuator
2025-01-01T14:03:00,728.883,94.423,10.253,57.485,0.0,HTTPS,gateway
2025-01-02T16:21:00,117.221,14.186,5.584,8.055,1.7156,MQTT,actuator
2025-01-01T05:31:00,1776.802,65.786,4.121,100.502,0.1695,HTTPS,camera
2025-01-01T08:10:00,975.539,33.129,15.909,52.949,1.1421,CoAP,gateway
2025-01-01T09:55:00,322.8,69.256,0.89,58.638,2.3456,CoAP,gateway
2025-01-02T17:11:00,46.07,22.677,2.117,6.793,2.0619,MQTT,env_sensor
2025-01-01T23:01:00,98.267,17.988,3.587,3.146,0.0,MQTT,env_sensor
2025-01-01T23:21:00,64.454,18.065,0.229,7.175,2.6185,MQTT,env_sensor
2025-01-02T12:29:00,110.912,20.691,6.674,2.999,0.0077,MQTT,actuator
2025-01-01T11:34:00,1979.111,45.836,6.915,95.374,0.4503,HTTPS,gateway
2025-01-01T15:54:00,115.807,38.224,3.189,3.877,0.9959,MQTT,env_sensor
2025-01-01T09:46:00,1679.996,60.259,2.619,94.693,1.3024,HTTPS,camera
2025-01-01T19:35:00,98.964,8.319,4.041,12.479,0.6138,MQTT,actuator
2025-01-01T06:52:00,67.413,28.934,0.609,2.67,1.1609,MQTT,env_sensor
2025-01-02T14:55:00,84.577,35.813,2.623,3.995,0.7783,MQTT,env_sensor
2025-01-01T20:43:00,27.76,174.543,1.326,0.479,1.876,LoRaWAN,smart_meter
2025-01-02T05:53:00,131.08,16.546,5.638,16.057,1.1999,MQTT,actuator
2025-01-02T03:38:00,78.478,15.58,4.788,4.563,0.0,MQTT,env_sensor
2025-01-02T03:46:00,791.143,56.508,13.819,23.526,0.3515,CoAP,gateway
2025-01-01T14:23:00,2703.582,75.082,7.313,111.886,1.2358,HTTPS,camera
2025-01-01T13:39:00,2293.686,69.498,4.095,194.688,0.5718,HTTPS,camera
2025-01-02T04:04:00,80.677,21.011,5.742,5.176,0.5858,MQTT,actuator
2025-01-01T11:14:00,117.4,6.688,6.102,7.526,0.904,MQTT,actuator
2025-01-02T00:30:00,1337.019,52.532,0.432,32.993,0.0,HTTPS,gateway
2025-01-02T10:01:00,938.29,67.939,9.536,47.187,1.0532,CoAP,gateway
2025-01-01T16:41:00,2575.28,49.199,0.1,201.95,0.0885,HTTPS,camera
2025-01-02T06:27:00,13.642,119.438,2.606,0.584,6.6249,LoRaWAN,smart_meter
2025-01-02T02:21:00,1407.386,33.181,4.498,38.316,0.5328,HTTPS,gateway
2025-01-02T09:01:00,31.359,188.74,0.64,0.083,3.9288,MQTT,smart_meter
2025-01-02T16:14:00,67.146,19.043,5.918,0.05,0.9182,CoAP,env_sensor
2025-01-02T08:12:00,856.203,68.63,5.535,88.088,1.2319,CoAP,gateway
2025-01-02T05:39:00,23.817,229.094,1.28,0.551,4.5823,LoRaWAN,smart_meter
2025-01-02T09:12:00,106.579,23.068,6.95,9.269,0.7221,MQTT,actuator
2025-01-01T01:51:00,9.696,285.973,1.224,0.05,4.2094,LoRaWAN,smart_meter
2025-01-02T13:11:00,1211.684,42.595,0.1,53.145,0.0,HTTPS,camera
2025-01-01T21:24:00,753.593,34.214,18.745,129.017,1.508,CoAP,gateway
2025-01-02T05:18:00,26.538,166.878,1.698,0.646,4.7773,LoRaWAN,smart_meter
2025-01-02T13:35:00,142.662,3.463,5.726,16.319,1.3451,MQTT,actuator
2025-01-02T11:11:00,76.622,30.735,6.726,3.75,0.0,CoAP,actuator
2025-01-01T16:31:00,524.154,46.185,14.161,36.809,1.9824,CoAP,gateway
2025-01-02T13:10:00,1897.167,64.281,2.067,12.155,0.9294,HTTPS,camera
2025-01-01T16:10:00,31.809,104.79,0.1,0.765,0.9808,LoRaWAN,smart_meter
2025-01-01T23:13:00,726.351,30.765,4.007,48.025,1.1373,MQTT,gateway
2025-01-01T16:16:00,2128.742,56.978,8.547,211.025,0.9586,HTTPS,camera
2025-01-01T19:48:00,27.686,254.886,1.924,0.936,8.8092,LoRaWAN,smart_meter
2025-01-02T12:00:00,115.47,23.219,5.21,0.05,2.0764,MQTT,actuator
2025-01-01T00:50:00,1408.926,58.527,5.082,55.814,0.0,HTTPS,gateway
2025-01-02T14:32:00,1579.025,34.517,8.039,35.47,0.8291,HTTPS,gateway
2025-01-02T16:41:00,34.507,238.302,0.1,0.79,0.0,LoRaWAN,smart_meter
2025-01-02T03:53:00,78.148,34.121,1.665,3.469,1.4511,MQTT,env_sensor
2025-01-01T03:28:00,3138.122,66.281,0.1,86.477,0.1326,HTTPS,camera
2025-01-01T16:44:00,79.369,19.489,1.238,2.642,0.9104,MQTT,env_sensor
2025-01-01T15:54:00,2343.029,52.046,1.653,108.888,0.2459,HTTPS,camera
2025-01-01T14:50:00,1204.846,78.852,0.1,87.629,0.2305,HTTPS,camera
2025-01-01T08:00:00,618.501,16.179,15.805,32.674,2.4449,CoAP,gateway
2025-01-01T23:33:00,1250.912,44.654,6.195,205.601,1.2901,HTTPS,camera
2025-01-01T06:52:00,1443.87,46.352,10.936,78.902,1.0883,HTTPS,gateway
2025-01-01T22:56:00,81.147,31.719,6.386,3.879,1.7615,CoAP,env_sensor
2025-01-01T13:50:00,31.25,195.399,2.013,0.559,3.4158,LoRaWAN,smart_meter
2025-01-02T00:22:00,86.439,27.852,3.395,0.05,0.5902,MQTT,env_sensor
2025-01-02T11:57:00,690.7,45.894,14.697,50.331,1.1412,CoAP,gateway
2025-01-01T03:30:00,1357.852,52.91,11.19,8.23,1.6287,MQTT,gateway
2025-01-02T03:09:00,1227.952,49.635,10.633,45.55,0.8883,HTTPS,gateway
2025-01-01T18:43:00,1899.689,60.342,5.985,180.977,0.0,HTTPS,camera
2025-01-02T06:54:00,1192.765,45.957,11.095,58.28,1.726,HTTPS,gateway
2025-01-01T05:39:00,157.236,24.419,11.478,6.246,1.7994,MQTT,actuator
2025-01-01T12:38:00,21.433,9.099,4.215,5.062,0.0,MQTT,env_sensor
2025-01-02T14:29:00,1421.461,57.068,0.1,149.856,1.264,HTTPS,camera
2025-01-02T06:52:00,86.142,21.672,3.268,1.371,0.7998,MQTT,env_sensor
2025-01-01T02:39:00,2133.694,92.1,7.939,64.093,0.5543,HTTPS,camera
2025-01-01T01:46:00,27.709,165.035,0.432,0.05,4.9921,LoRaWAN,smart_meter
2025-01-01T20:29:00,164.082,12.698,2.808,13.437,0.9976,MQTT,actuator
2025-01-01T20:26:00,39.484,212.936,1.523,0.715,4.7503,LoRaWAN,smart_meter
2025-01-01T08:24:00,816.167,70.656,5.667,90.778,0.2174,HTTPS,camera
2025-01-02T04:51:00,1774.444,73.706,6.834,207.521,1.0325,HTTPS,camera
2025-01-01T00:22:00,84.296,37.591,6.729,0.05,1.7635,MQTT,env_sensor
2025-01-02T14:59:00,62.01,22.321,4.53,11.967,0.675,MQTT,actuator
2025-01-02T16:13:00,20.005,41.253,2.822,0.097,3.0846,MQTT,smart_meter
2025-01-01T00:48:00,770.887,36.502,4.274,26.963,1.2699,CoAP,camera
2025-01-01T17:54:00,45.72,10.432,3.933,1.174,0.4485,MQTT,env_sensor
2025-01-01T08:33:00,28.26,141.557,3.115,0.678,2.9621,LoRaWAN,smart_meter
2025-01-02T04:45:00,31.826,111.615,2.351,0.456,4.4421,LoRaWAN,smart_meter
2025-01-01T22:57:00,320.476,32.992,7.355,50.016,0.6685,HTTPS,gateway
2025-01-01T12:54:00,118.371,34.335,8.707,13.157,0.6471,CoAP,actuator
2025-01-01T00:14:00,1907.845,38.791,9.186,39.202,1.0372,HTTPS,gateway
2025-01-01T16:38:00,817.44,38.299,8.661,86.525,0.0,HTTPS,gateway
2025-01-02T13:09:00,63.823,31.301,2.785,3.963,2.4142,MQTT,env_sensor
2025-01-01T02:57:00,49.656,24.483,1.927,8.207,1.6482,MQTT,env_sensor
2025-01-01T20:04:00,168.054,25.092,2.075,3.931,1.5238,MQTT,env_sensor
2025-01-01T19:38:00,30.815,224.255,0.1,0.495,1.9829,LoRaWAN,smart_meter
2025-01-02T08:44:00,21.378,157.236,1.273,0.439,3.956,LoRaWAN,smart_meter
2025-01-01T22:19:00,33.461,169.786,2.88,0.42,0.7138,LoRaWAN,smart_meter
2025-01-01T02:43:00,252.417,30.202,5.86,102.511,0.0,HTTPS,gateway
2025-01-01T05:01:00,19.687,167.803,0.399,0.599,4.4345,LoRaWAN,smart_meter
2025-01-02T00:49:00,123.09,23.52,4.094,10.919,0.8284,MQTT,actuator
2025-01-02T16:00:00,1801.022,45.03,6.812,99.893,1.8303,HTTPS,gateway
2025-01-01T15:45:00,132.291,19.1,6.827,10.621,0.0,MQTT,actuator
2025-01-01T15:13:00,84.077,15.996,3.398,7.471,1.3115,MQTT,actuator
2025-01-01T18:09:00,159.782,25.537,7.574,0.481,1.9637,MQTT,actuator
2025-01-01T05:10:00,25.804,121.021,0.544,0.646,2.6849,LoRaWAN,smart_meter
2025-01-01T22:11:00,92.459,14.964,4.574,5.775,0.095,MQTT,actuator
2025-01-02T09:34:00,2568.91,59.339,4.951,65.78,0.4716,HTTPS,camera
2025-01-01T20:34:00,64.881,14.824,3.528,3.775,0.3185,MQTT,env_sensor
2025-01-02T00:07:00,1626.639,74.973,8.142,145.058,0.2783,HTTPS,camera
2025-01-02T12:47:00,1089.714,47.321,1.172,39.406,0.0,HTTPS,gateway
2025-01-02T15:52:00,34.81,164.027,2.318,0.05,5.5287,LoRaWAN,smart_meter
2025-01-02T02:28:00,24.539,234.001,0.1,1.272,2.777,MQTT,smart_meter
2025-01-01T23:58:00,123.245,27.634,6.366,1.527,0.79,MQTT,actuator
2025-01-01T03:12:00,146.446,22.23,7.353,16.27,1.7062,CoAP,actuator
2025-01-01T00:00:00,126.68,24.209,7.151,6.092,0.7002,MQTT,actuator
2025-01-02T13:18:00,29.347,3.841,4.027,0.922,1.0356,MQTT,env_sensor
2025-01-02T08:03:00,331.956,73.264,13.658,98.09,1.2584,CoAP,gateway
2025-01-01T19:04:00,84.275,20.739,2.373,0.927,2.6723,MQTT,env_sensor
2025-01-02T03:55:00,565.512,20.179,2.467,69.763,1.9111,CoAP,gateway
2025-01-02T09:03:00,1198.751,88.386,8.095,117.021,0.8436,HTTPS,camera
2025-01-02T06:33:00,8.0,32.712,15.988,147.339,2.7067,MQTT,gateway
2025-01-02T16:30:00,29.594,264.529,1.131,0.051,6.0146,LoRaWAN,smart_meter
2025-01-01T11:56:00,89.037,27.634,5.339,1.015,2.0391,MQTT,env_sensor
2025-01-02T12:29:00,30.969,42.936,4.786,7.704,0.0,MQTT,env_sensor
2025-01-02T02:47:00,867.706,108.898,7.456,139.806,0.855,HTTPS,camera
2025-01-02T06:56:00,65.033,39.129,3.064,9.81,2.3438,MQTT,env_sensor
2025-01-01T22:58:00,81.282,3.979,2.981,0.471,2.4574,MQTT,env_sensor
2025-01-01T07:29:00,1722.516,73.605,5.815,250.71,0.0231,HTTPS,camera
2025-01-02T14:40:00,20.654,152.09,0.103,0.541,0.0,LoRaWAN,smart_meter
2025-01-02T06:32:00,667.374,56.062,8.143,15.406,1.867,CoAP,gateway
2025-01-02T02:30:00,64.528,39.285,0.1,2.83,0.0,MQTT,env_sensor
2025-01-02T03:24:00,129.98,11.089,6.602,12.956,2.0394,MQTT,actuator
2025-01-02T08:26:00,535.652,9.015,6.352,99.826,1.7336,CoAP,gateway
2025-01-02T08:46:00,23.432,108.195,1.233,0.505,2.9588,LoRaWAN,smart_meter
2025-01-01T01:15:00,31.64,70.864,0.1,0.543,4.9293,LoRaWAN,smart_meter
2025-01-02T14:12:00,1023.476,11.712,10.046,66.796,0.6773,HTTPS,gateway
2025-01-02T10:53:00,986.851,91.813,4.62,181.668,0.677,HTTPS,camera
2025-01-02T13:58:00,1098.4,85.545,0.1,75.275,1.757,HTTPS,gateway
2025-01-01T13:38:00,733.419,73.279,11.529,61.314,0.714,HTTPS,gateway
2025-01-01T10:08:00,877.607,87.297,0.1,76.976,1.3382,CoAP,gateway
2025-01-02T02:50:00,2190.807,51.157,14.149,37.624,0.5572,HTTPS,gateway
2025-01-01T05:01:00,29.629,24.668,1.962,2.202,2.0786,MQTT,env_sensor
2025-01-01T17:12:00,73.809,44.166,2.293,5.501,1.6174,MQTT,env_sensor
2025-01-01T11:06:00,132.541,21.292,7.295,9.673,1.2709,MQTT,actuator
2025-01-02T12:22:00,50.34,32.545,1.4,6.694,0.9531,MQTT,env_sensor
2025-01-01T15:36:00,110.417,16.882,5.56,12.696,1.2107,MQTT,actuator
2025-01-02T01:42:00,84.787,21.72,1.785,2.426,1.3614,MQTT,env_sensor
2025-01-02T09:20:00,1906.633,25.149,10.229,51.511,0.7248,HTTPS,gateway
2025-01-01T18:17:00,143.022,6.324,2.412,13.047,0.0784,MQTT,actuator
2025-01-02T01:44:00,48.027,49.122,4.005,4.182,0.0194,MQTT,env_sensor
2025-01-01T12:29:00,59.894,10.207,5.678,6.78,1.0293,MQTT,env_sensor
2025-01-01T21:25:00,892.685,53.29,2.065,86.167,0.7423,HTTPS,gateway
2025-01-02T02:04:00,41.675,11.761,9.036,9.294,0.0168,CoAP,actuator
2025-01-01T10:00:00,1365.451,17.768,15.689,152.184,0.0,HTTPS,gateway
2025-01-01T11:51:00,53.404,3.424,0.89,6.846,1.934,MQTT,env_sensor
2025-01-01T02:48:00,71.396,36.007,1.557,4.207,0.9346,MQTT,env_sensor
2025-01-01T20:15:00,2139.783,74.234,2.001,215.482,0.522,HTTPS,camera
2025-01-01T16:26:00,24.815,155.536,2.057,0.56,0.0,LoRaWAN,smart_meter
2025-01-01T04:34:00,214.955,56.445,8.427,87.456,1.1401,CoAP,gateway
2025-01-02T04:30:00,575.883,43.928,14.792,25.284,0.6504,CoAP,gateway
2025-01-02T05:40:00,64.001,35.066,2.185,5.54,3.3598,MQTT,env_sensor
2025-01-01T10:16:00,1463.486,73.679,14.975,51.852,1.445,HTTPS,gateway
2025-01-01T01:41:00,27.773,226.62,1.669,0.567,1.901,LoRaWAN,smart_meter
2025-01-02T00:46:00,20.025,132.33,2.123,0.329,3.3512,LoRaWAN,smart_meter
2025-01-01T09:54:00,25.155,141.474,0.611,0.05,5.5496,LoRaWAN,smart_meter
2025-01-02T08:13:00,598.359,43.255,0.1,34.612,0.1019,HTTPS,gateway
2025-01-01T00:42:00,83.025,19.902,6.083,11.579,1.9846,MQTT,actuator
2025-01-02T07:41:00,34.04,194.282,2.536,0.247,1.9549,LoRaWAN,smart_meter
2025-01-01T20:58:00,31.231,179.589,2.908,0.374,3.4975,LoRaWAN,smart_meter
2025-01-01T12:59:00,76.424,31.374,6.334,7.99,1.6648,CoAP,actuator
2025-01-01T22:51:00,3186.787,29.639,6.421,177.19,0.7819,HTTPS,camera
2025-01-01T05:50:00,659.649,36.0,6.212,24.467,0.9839,CoAP,gateway
2025-01-01T09:11:00,68.274,4.938,5.451,8.912,0.1216,MQTT,actuator
2025-01-01T09:09:00,76.517,8.402,5.878,5.754,0.8626,MQTT,actuator
2025-01-02T11:20:00,128.101,20.901,1.177,9.56,0.5482,MQTT,env_sensor
2025-01-01T20:05:00,26.566,103.443,0.446,0.615,0.861,LoRaWAN,smart_meter
2025-01-01T12:29:00,115.036,11.163,0.1,2.52,0.2061,MQTT,actuator
2025-01-01T05:01:00,631.814,15.683,0.1,0.05,0.0,HTTPS,gateway
2025-01-01T19:35:00,29.927,206.095,0.759,0.564,3.8223,LoRaWAN,smart_meter
2025-01-02T13:37:00,29.502,193.893,0.1,0.552,3.4786,LoRaWAN,smart_meter
2025-01-02T11:56:00,616.871,58.469,0.717,24.607,2.0289,CoAP,gateway
2025-01-01T00:04:00,74.719,39.718,2.155,4.609,0.0,MQTT,env_sensor
2025-01-01T15:48:00,27.013,270.804,0.799,0.755,4.441,LoRaWAN,smart_meter
2025-01-02T03:43:00,117.113,20.725,6.762,15.524,0.3154,MQTT,actuator
2025-01-02T01:38:00,138.256,15.833,8.849,5.37,0.9435,MQTT,actuator
2025-01-01T07:48:00,60.395,45.65,4.154,4.069,1.6438,MQTT,env_sensor
2025-01-02T17:19:00,663.459,34.312,20.119,76.843,0.9258,HTTPS,gateway
2025-01-02T10:33:00,26.831,168.354,0.1,0.485,1.6544,LoRaWAN,smart_meter
2025-01-02T13:27:00,2021.833,34.171,0.1,83.417,1.2388,HTTPS,gateway
2025-01-01T13:53:00,20.479,267.491,1.504,0.05,5.9304,LoRaWAN,smart_meter
2025-01-01T21:00:00,621.315,30.191,15.31,114.579,1.3911,CoAP,gateway
2025-01-01T04:01:00,128.189,14.577,7.877,5.745,0.0,MQTT,actuator
2025-01-01T22:17:00,129.317,14.744,5.509,8.955,0.9279,MQTT,actuator
2025-01-02T09:24:00,1736.487,41.737,4.734,75.934,0.3626,HTTPS,camera
2025-01-01T21:26:00,75.009,21.572,8.045,3.269,0.0,CoAP,actuator
2025-01-01T01:55:00,2032.36,44.473,2.234,137.295,1.4353,HTTPS,camera
2025-01-01T11:21:00,2090.475,56.904,6.01,55.282,0.7204,HTTPS,camera
2025-01-01T16:44:00,1067.309,65.956,2.583,7.238,0.2346,HTTPS,camera
2025-01-01T13:59:00,107.396,47.476,4.821,1.382,0.3618,MQTT,env_sensor
2025-01-02T04:36:00,1277.803,41.501,4.224,121.215,1.3096,HTTPS,gateway
2025-01-02T15:51:00,108.345,17.33,6.754,2.887,0.3859,MQTT,actuator
2025-01-01T10:02:00,1202.672,10.315,1.872,66.72,1.4948,HTTPS,gateway
2025-01-02T10:53:00,68.704,25.196,6.445,9.305,2.4612,MQTT,env_sensor
2025-01-01T04:48:00,150.605,16.222,2.851,4.16,0.3748,MQTT,actuator
2025-01-01T20:08:00,1196.869,50.688,9.928,125.11,1.5194,CoAP,gateway
2025-01-02T17:01:00,97.911,7.576,4.617,5.075,0.1907,MQTT,actuator
2025-01-02T02:05:00,11.714,210.728,4.18,0.64,2.1606,LoRaWAN,smart_meter
2025-01-01T07:45:00,172.001,9.502,7.048,11.657,0.5243,MQTT,actuator
2025-01-01T11:58:00,42.779,29.659,0.596,5.825,0.9038,MQTT,env_sensor
2025-01-01T18:30:00,115.731,33.243,9.315,10.693,1.5328,CoAP,actuator
2025-01-01T15:09:00,51.771,48.482,4.983,5.869,3.0066,MQTT,env_sensor
2025-01-02T05:08:00,99.694,38.828,2.322,0.321,0.9688,MQTT,env_sensor
2025-01-02T03:28:00,718.404,63.463,3.456,66.521,0.8476,HTTPS,gateway
2025-01-02T07:49:00,17.382,221.104,3.124,0.654,5.3576,LoRaWAN,smart_meter
2025-01-02T14:23:00,2639.463,58.995,1.534,192.346,0.6702,HTTPS,camera
2025-01-01T23:01:00,24.422,298.741,2.334,0.612,2.7686,LoRaWAN,smart_meter
2025-01-01T12:15:00,87.254,21.6,4.744,17.359,0.9248,MQTT,actuator
2025-01-01T19:46:00,75.626,1.861,2.894,14.994,1.0873,MQTT,actuator
2025-01-01T18:19:00,3198.553,37.707,0.1,150.356,0.6676,HTTPS,camera
2025-01-01T19:09:00,97.614,28.515,4.922,10.176,0.795,MQTT,actuator
2025-01-02T03:31:00,93.626,6.824,1.487,1.705,1.345,MQTT,env_sensor
2025-01-01T01:10:00,71.177,7.02,5.603,9.123,0.0,MQTT,actuator
2025-01-02T03:57:00,28.967,222.921,0.1,0.561,3.33,LoRaWAN,smart_meter
2025-01-02T00:49:00,1563.213,20.724,6.28,0.05,1.1,CoAP,gateway
2025-01-01T06:40:00,118.243,27.16,6.05,1.734,1.9077,MQTT,actuator
2025-01-02T05:22:00,921.856,24.61,13.97,28.579,1.5814,CoAP,gateway
2025-01-02T09:47:00,1897.193,54.14,0.1,184.299,0.0,HTTPS,camera
2025-01-01T23:05:00,183.596,21.948,9.101,8.162,0.9134,MQTT,actuator
2025-01-02T05:30:00,120.484,22.607,6.098,14.108,0.0,MQTT,actuator
2025-01-01T08:55:00,1262.683,62.751,2.457,83.542,0.0,HTTPS,camera
2025-01-01T04:15:00,18.695,282.94,2.016,0.92,4.2139,LoRaWAN,smart_meter
2025-01-01T04:12:00,1425.713,70.754,8.113,126.508,1.1725,HTTPS,camera
2025-01-01T21:34:00,62.659,22.862,2.587,2.636,2.1508,MQTT,env_sensor
2025-01-01T20:43:00,125.553,22.732,2.008,10.831,1.2456,MQTT,actuator
2025-01-02T17:33:00,1706.604,56.98,1.739,135.407,1.5218,HTTPS,camera
2025-01-02T00:49:00,1821.75,60.216,3.89,86.94,1.007,HTTPS,camera
2025-01-01T08:18:00,1095.347,93.132,4.707,128.5,0.309,HTTPS,camera
2025-01-01T00:11:00,105.447,19.419,4.06,7.444,0.4926,MQTT,actuator
2025-01-02T08:13:00,1543.692,102.915,4.912,104.786,0.961,HTTPS,camera
2025-01-01T11:02:00,30.355,154.183,0.1,0.225,2.1095,LoRaWAN,smart_meter
2025-01-01T17:07:00,2117.852,57.12,1.031,111.546,1.0927,HTTPS,camera
2025-01-01T20:43:00,2054.589,51.884,5.054,274.776,0.0129,HTTPS,camera
2025-01-01T13:53:00,43.885,26.485,6.135,2.821,0.6841,MQTT,env_sensor
2025-01-01T23:31:00,914.971,27.444,8.666,39.953,1.4838,CoAP,gateway
2025-01-01T00:33:00,1529.867,50.289,6.816,30.539,0.1475,HTTPS,camera
2025-01-01T23:31:00,60.42,26.03,5.405,10.022,2.2098,MQTT,env_sensor
2025-01-02T04:36:00,20.779,106.239,3.543,0.283,1.585,LoRaWAN,smart_meter
2025-01-01T15:48:00,1243.796,50.734,5.611,115.542,0.0,HTTPS,gateway
2025-01-02T14:34:00,40.632,18.78,2.796,3.098,0.8381,MQTT,env_sensor
2025-01-02T08:21:00,1312.058,33.088,1.04,119.256,0.1599,HTTPS,camera
2025-01-01T04:52:00,88.794,10.033,7.297,6.288,1.0856,CoAP,env_sensor
2025-01-02T07:20:00,22.539,128.635,1.488,0.267,7.7697,LoRaWAN,smart_meter
2025-01-01T18:17:00,21.192,219.929,0.1,0.632,2.7179,LoRaWAN,smart_meter
2025-01-02T11:39:00,674.175,48.147,0.887,16.758,0.2922,HTTPS,camera
2025-01-02T06:41:00,29.086,80.298,0.1,0.601,2.6293,LoRaWAN,smart_meter
2025-01-01T01:31:00,12.343,143.882,2.159,0.683,4.0839,LoRaWAN,smart_meter
2025-01-01T00:26:00,91.551,31.529,1.202,5.206,0.0625,MQTT,actuator
2025-01-01T15:07:00,30.763,161.481,3.124,0.405,0.0,LoRaWAN,smart_meter
2025-01-02T11:56:00,30.157,138.002,2.507,0.605,4.5498,LoRaWAN,smart_meter
2025-01-02T14:40:00,1385.639,20.193,6.642,121.374,0.3261,HTTPS,camera
2025-01-01T13:14:00,653.665,69.684,0.1,184.91,0.6355,HTTPS,camera
2025-01-01T00:58:00,362.597,41.292,0.1,23.107,0.08,HTTPS,gateway
2025-01-01T19:53:00,21.624,207.323,1.304,0.732,4.9957,LoRaWAN,smart_meter
2025-01-01T01:16:00,8.0,68.383,3.21,41.069,0.8295,HTTPS,gateway
2025-01-02T16:26:00,83.32,24.066,3.404,4.022,2.3388,MQTT,env_sensor
2025-01-01T23:36:00,23.198,161.583,0.323,0.05,1.2756,LoRaWAN,smart_meter
2025-01-02T14:46:00,15.243,99.846,0.722,0.52,1.8373,MQTT,smart_meter
2025-01-01T05:36:00,1519.759,68.977,9.528,69.47,1.8558,HTTPS,gateway
2025-01-02T13:13:00,37.814,116.139,1.996,0.431,3.2777,LoRaWAN,smart_meter
2025-01-01T03:24:00,94.591,33.501,2.557,3.562,1.8526,MQTT,env_sensor
2025-01-01T03:28:00,33.091,189.225,3.223,0.468,2.4836,LoRaWAN,smart_meter
2025-01-01T04:49:00,124.281,20.115,7.107,9.952,0.5063,MQTT,actuator
2025-01-02T05:41:00,111.475,24.992,8.664,11.036,0.0286,MQTT,actuator
2025-01-02T14:40:00,88.676,15.56,3.533,4.347,1.4724,MQTT,env_sensor
2025-01-02T07:20:00,320.067,65.164,4.645,70.379,0.6385,HTTPS,gateway
2025-01-01T16:47:00,27.308,257.448,3.198,0.597,1.0868,LoRaWAN,smart_meter
2025-01-01T11:51:00,1170.344,68.41,6.995,184.152,0.0,HTTPS,camera
2025-01-01T21:56:00,32.014,133.986,0.1,0.481,5.4396,LoRaWAN,smart_meter
2025-01-01T12:26:00,2990.14,60.07,3.492,56.137,0.5071,HTTPS,camera
2025-01-01T17:57:00,45.981,23.401,4.712,7.467,2.3831,MQTT,env_sensor
2025-01-01T15:55:00,77.312,8.045,1.516,4.562,1.2512,MQTT,actuator
2025-01-02T14:15:00,22.913,22.97,1.397,0.443,0.9557,MQTT,smart_meter
2025-01-01T03:04:00,85.06,21.793,11.828,12.644,1.4047,MQTT,actuator
2025-01-02T07:13:00,19.74,134.0,1.612,0.387,3.3764,LoRaWAN,smart_meter
2025-01-02T14:33:00,22.939,218.684,2.419,0.701,0.0,LoRaWAN,smart_meter
2025-01-02T01:37:00,35.889,187.237,2.977,0.562,1.9439,LoRaWAN,smart_meter
2025-01-01T08:41:00,1540.841,57.843,3.169,122.359,1.0404,HTTPS,camera
2025-01-01T14:07:00,1976.003,36.464,0.1,115.936,1.0624,HTTPS,camera
2025-01-01T11:25:00,60.384,6.903,1.37,10.249,0.741,MQTT,env_sensor
2025-01-02T00:02:00,464.067,37.095,6.956,67.008,0.7578,HTTPS,camera
2025-01-01T01:29:00,33.419,157.971,2.003,0.602,2.3099,LoRaWAN,smart_meter
2025-01-01T03:42:00,87.813,25.613,10.946,8.118,0.9909,MQTT,actuator
2025-01-02T11:30:00,36.293,146.158,0.1,0.115,0.651,LoRaWAN,smart_meter
2025-01-02T12:10:00,10.557,140.418,1.61,0.356,4.2816,LoRaWAN,smart_meter
2025-01-02T12:39:00,26.208,261.964,0.981,1.042,0.9363,MQTT,smart_meter
2025-01-01T19:36:00,1246.283,56.166,7.365,130.083,0.5821,HTTPS,camera
2025-01-01T03:49:00,1408.243,25.45,8.915,55.185,1.2064,MQTT,gateway
2025-01-02T10:35:00,114.067,1.0,11.495,11.901,0.6289,MQTT,actuator
2025-01-01T14:14:00,1714.535,54.981,2.767,6.297,0.0,HTTPS,gateway
2025-01-02T10:02:00,2003.063,88.732,6.81,77.752,0.8554,HTTPS,camera
2025-01-02T17:22:00,25.688,200.091,4.712,0.652,0.8785,LoRaWAN,smart_meter
2025-01-01T22:45:00,24.26,254.123,2.092,0.423,6.5407,LoRaWAN,smart_meter
2025-01-01T22:25:00,20.438,236.975,3.368,0.655,3.8505,LoRaWAN,smart_meter
2025-01-02T01:37:00,1550.983,26.284,13.625,114.107,0.857,HTTPS,gateway
2025-01-01T03:57:00,64.517,40.144,3.892,4.073,0.0,MQTT,env_sensor
2025-01-01T19:06:00,29.638,222.211,1.537,0.05,0.0,LoRaWAN,smart_meter
2025-01-02T12:53:00,130.192,23.002,9.055,9.467,0.0,MQTT,actuator
2025-01-01T14:45:00,2364.957,1.0,0.1,64.692,0.812,HTTPS,camera
2025-01-01T18:10:00,1420.411,34.862,9.439,79.745,2.4612,HTTPS,gateway
2025-01-01T22:12:00,2260.209,68.79,4.66,179.796,0.6754,HTTPS,camera
2025-01-02T13:02:00,633.811,48.651,5.48,44.914,0.3445,CoAP,gateway
2025-01-01T21:16:00,1658.267,64.506,11.858,60.786,0.0,HTTPS,gateway
2025-01-01T14:50:00,1072.211,40.575,5.368,88.045,0.0816,HTTPS,gateway
2025-01-02T05:28:00,2170.897,42.854,0.1,150.768,0.673,HTTPS,camera
2025-01-01T22:49:00,89.635,44.856,1.936,0.319,0.6845,MQTT,env_sensor
2025-01-01T04:29:00,553.862,69.303,7.736,59.386,0.9153,HTTPS,camera
2025-01-02T10:36:00,1068.811,31.152,0.1,96.421,0.1189,HTTPS,camera
2025-01-01T09:15:00,319.586,52.626,8.267,75.159,2.3619,CoAP,gateway
2025-01-01T09:52:00,332.891,85.455,8.782,35.781,0.5916,CoAP,camera
2025-01-02T17:23:00,45.009,9.808,3.468,7.943,1.6486,MQTT,env_sensor
2025-01-02T13:57:00,1633.003,54.935,11.65,75.68,1.1344,HTTPS,gateway
2025-01-01T04:53:00,22.574,237.577,4.234,0.466,0.2852,LoRaWAN,smart_meter
2025-01-02T00:22:00,63.64,18.416,5.549,6.284,0.8873,MQTT,actuator
2025-01-02T03:56:00,36.196,196.453,0.1,0.238,1.9156,MQTT,smart_meter
2025-01-01T04:25:00,44.396,20.549,4.245,9.091,0.3676,MQTT,env_sensor
2025-01-01T03:29:00,56.6,18.485,7.238,10.044,0.7207,MQTT,actuator
2025-01-01T03:46:00,1469.96,1.0,4.948,134.614,1.2869,HTTPS,camera
2025-01-01T07:10:00,1077.445,71.433,9.08,67.955,2.0638,HTTPS,gateway
2025-01-01T01:14:00,168.278,12.741,5.148,8.269,0.4687,MQTT,actuator
2025-01-02T00:28:00,1096.416,47.121,16.921,25.051,2.2408,CoAP,gateway
2025-01-01T03:04:00,34.025,60.154,3.074,0.05,0.8572,LoRaWAN,smart_meter
2025-01-01T15:23:00,54.589,22.792,3.525,4.982,1.1328,MQTT,env_sensor
2025-01-02T03:44:00,30.573,295.894,2.501,0.875,1.6153,LoRaWAN,smart_meter
2025-01-02T15:13:00,1765.924,11.209,9.272,201.635,0.3552,HTTPS,camera
2025-01-01T05:33:00,2406.618,103.47,1.835,147.788,0.5479,HTTPS,camera
2025-01-01T19:14:00,35.54,264.037,3.191,0.587,3.0523,LoRaWAN,smart_meter
2025-01-01T21:07:00,60.138,23.537,7.014,6.238,2.1993,MQTT,env_sensor
2025-01-02T00:52:00,22.864,209.195,2.8,0.132,2.4598,LoRaWAN,smart_meter
2025-01-02T13:58:00,68.818,14.158,6.258,10.223,1.0645,MQTT,actuator
2025-01-01T01:22:00,57.096,10.021,2.801,4.195,1.9978,MQTT,env_sensor
2025-01-02T15:47:00,93.814,23.016,4.214,11.928,0.5989,MQTT,actuator
2025-01-01T20:27:00,36.164,127.764,2.742,0.209,3.5085,LoRaWAN,smart_meter
2025-01-02T14:58:00,86.163,19.592,5.214,4.912,0.0,MQTT,actuator
2025-01-02T03:46:00,2866.716,1.0,5.003,175.933,0.0,HTTPS,camera
2025-01-02T12:37:00,95.07,23.684,7.296,7.992,0.8796,MQTT,actuator
2025-01-01T06:31:00,100.946,9.864,6.078,7.913,1.5061,MQTT,actuator
2025-01-02T14:42:00,46.66,13.296,2.037,4.816,1.1416,MQTT,env_sensor
2025-01-01T18:08:00,84.316,37.965,6.692,1.504,0.5418,CoAP,env_sensor
2025-01-01T08:37:00,132.681,10.653,0.1,10.351,0.8399,MQTT,actuator
2025-01-02T04:51:00,742.63,66.791,10.75,0.05,2.4024,CoAP,gateway
2025-01-01T15:06:00,41.668,33.066,7.674,2.573,0.2094,MQTT,env_sensor
2025-01-01T01:19:00,1936.462,60.379,10.892,252.076,0.0,HTTPS,camera
2025-01-02T13:52:00,55.767,53.428,9.027,41.894,0.9567,MQTT,gateway
2025-01-01T00:43:00,74.073,21.775,4.108,6.843,1.9568,MQTT,actuator
2025-01-01T01:44:00,61.155,28.613,5.104,6.516,0.9494,MQTT,actuator
2025-01-02T11:45:00,160.152,51.559,9.506,26.632,0.0,CoAP,gateway
2025-01-01T20:28:00,31.76,252.392,0.74,0.468,1.3021,LoRaWAN,smart_meter
2025-01-02T08:48:00,28.943,256.379,3.434,0.132,2.9934,LoRaWAN,smart_meter
2025-01-01T07:14:00,37.476,288.014,2.504,0.578,5.0403,LoRaWAN,smart_meter
2025-01-01T21:02:00,95.168,30.054,15.536,0.05,1.5816,MQTT,gateway
2025-01-01T22:43:00,85.443,16.534,4.474,10.069,0.9979,MQTT,actuator
2025-01-02T01:27:00,194.759,17.928,3.676,10.353,1.1046,MQTT,actuator
2025-01-01T18:52:00,1783.879,44.93,4.766,109.153,1.123,HTTPS,gateway
2025-01-02T11:36:00,12.278,250.578,0.201,0.05,8.2266,LoRaWAN,smart_meter
2025-01-01T05:05:00,826.777,32.626,9.441,63.59,0.9551,HTTPS,gateway
2025-01-01T21:32:00,111.246,18.694,3.779,6.17,0.6643,MQTT,env_sensor
2025-01-02T08:37:00,140.7,17.152,3.868,8.701,1.2752,MQTT,actuator
2025-01-01T08:27:00,2187.782,7.46,7.569,76.471,0.1968,HTTPS,camera
2025-01-02T05:27:00,104.921,6.593,12.59,4.687,1.1882,MQTT,actuator
2025-01-02T14:36:00,22.482,119.354,0.829,0.05,3.6357,LoRaWAN,smart_meter
2025-01-01T12:58:00,82.604,18.388,3.058,12.168,0.9657,MQTT,actuator
2025-01-01T04:51:00,859.695,50.512,1.385,72.936,0.4667,HTTPS,gateway
2025-01-01T14:57:00,8.0,36.78,8.272,156.162,0.8402,HTTPS,camera
2025-01-02T04:02:00,30.357,114.651,2.315,0.351,1.9496,LoRaWAN,smart_meter
2025-01-01T17:59:00,2739.38,76.712,0.1,156.116,0.2882,HTTPS,camera
2025-01-01T10:12:00,79.16,19.755,9.014,3.569,0.0,MQTT,actuator
2025-01-01T23:10:00,1102.797,61.766,17.565,93.736,2.3681,HTTPS,gateway
2025-01-01T09:47:00,1113.742,42.048,11.285,66.564,0.776,HTTPS,gateway
2025-01-01T02:36:00,67.57,27.612,6.019,3.498,2.0793,MQTT,env_sensor
2025-01-02T13:34:00,57.175,42.215,3.783,4.683,3.7837,MQTT,env_sensor
2025-01-01T11:55:00,110.37,9.508,4.067,11.346,0.967,MQTT,actuator
2025-01-01T19:55:00,24.116,18.47,2.975,2.556,1.4852,MQTT,env_sensor
2025-01-01T08:03:00,1001.602,59.845,10.352,33.28,3.5811,CoAP,gateway
2025-01-01T13:01:00,2416.076,1.0,7.437,92.609,0.8626,HTTPS,camera
2025-01-01T22:16:00,1787.964,65.813,4.389,140.295,1.2257,HTTPS,camera
2025-01-01T02:26:00,57.772,16.264,4.347,10.412,0.0,MQTT,actuator
2025-01-01T06:57:00,149.079,52.186,12.136,134.73,0.5779,HTTPS,gateway
2025-01-02T01:15:00,770.878,37.078,3.526,0.05,1.1337,MQTT,camera
2025-01-01T03:07:00,1157.335,87.884,4.325,136.935,1.1921,HTTPS,camera
2025-01-01T05:30:00,97.097,23.021,5.778,5.646,0.8734,MQTT,actuator
2025-01-01T11:05:00,70.799,24.231,2.695,9.992,1.6107,MQTT,env_sensor
2025-01-01T10:16:00,130.733,25.531,4.472,4.04,1.1326,MQTT,actuator
2025-01-02T04:33:00,20.377,25.661,3.718,55.176,1.9245,MQTT,gateway
2025-01-01T11:47:00,34.842,255.345,2.243,0.446,3.8298,LoRaWAN,smart_meter
2025-01-02T04:59:00,52.192,12.12,4.566,0.879,1.6467,MQTT,env_sensor
2025-01-02T00:37:00,1047.949,74.795,0.1,87.826,0.4417,HTTPS,camera
2025-01-01T04:02:00,1566.586,32.098,15.75,80.139,0.3828,HTTPS,gateway
2025-01-01T14:32:00,1101.332,50.926,0.1,108.648,0.0,HTTPS,gateway
2025-01-02T17:09:00,12.894,204.241,0.1,0.211,4.1062,LoRaWAN,smart_meter
2025-01-01T16:00:00,68.23,12.343,7.556,8.557,1.3064,MQTT,actuator
2025-01-01T05:48:00,1090.728,36.137,11.724,84.506,1.0903,HTTPS,gateway
2025-01-01T02:58:00,28.347,169.944,0.1,0.498,3.9425,LoRaWAN,smart_meter
2025-01-02T05:27:00,93.978,40.934,6.311,12.251,0.6782,MQTT,env_sensor
2025-01-01T18:24:00,2429.73,91.526,0.1,130.688,1.1572,HTTPS,camera
2025-01-01T09:12:00,1753.274,65.237,10.826,63.501,2.8801,HTTPS,gateway
2025-01-01T18:28:00,1469.921,52.201,0.1,184.726,0.9076,HTTPS,camera
2025-01-01T17:41:00,1128.435,58.718,18.231,58.844,1.7697,HTTPS,gateway
2025-01-01T06:30:00,123.365,18.959,2.781,15.981,0.0,MQTT,actuator
2025-01-02T11:36:00,668.721,53.267,16.033,121.692,1.1084,CoAP,gateway
2025-01-01T12:28:00,82.859,10.951,4.486,4.838,2.1082,MQTT,env_sensor
2025-01-01T09:50:00,390.481,16.227,5.883,41.372,3.1963,CoAP,gateway
2025-01-01T12:20:00,38.231,332.33,2.311,0.326,1.4806,LoRaWAN,smart_meter
2025-01-01T01:13:00,23.336,147.629,0.976,0.253,5.8903,LoRaWAN,smart_meter
2025-01-01T05:37:00,23.414,132.789,2.544,0.306,4.7384,LoRaWAN,smart_meter
2025-01-01T06:40:00,8.0,27.253,12.873,95.502,0.4306,MQTT,gateway
2025-01-02T15:20:00,25.28,117.895,1.112,0.307,4.5429,LoRaWAN,smart_meter
2025-01-01T03:00:00,501.991,57.497,10.414,141.917,0.0,HTTPS,gateway
2025-01-01T22:26:00,1053.587,15.158,6.518,36.32,0.5959,HTTPS,gateway
2025-01-02T09:20:00,75.89,7.114,6.537,10.409,0.8841,MQTT,actuator
2025-01-02T03:53:00,997.339,69.236,0.1,97.305,0.0,HTTPS,gateway
2025-01-02T12:24:00,1313.263,84.307,4.348,111.068,0.1735,HTTPS,camera
2025-01-02T12:42:00,10.382,225.48,1.084,0.272,2.7942,LoRaWAN,smart_meter
2025-01-02T00:23:00,79.23,33.472,1.157,4.933,1.9724,MQTT,env_sensor
2025-01-01T05:12:00,100.876,22.628,12.73,12.308,1.433,MQTT,actuator
2025-01-01T16:52:00,1428.408,45.261,5.891,45.421,1.9982,CoAP,gateway
2025-01-02T02:51:00,865.636,95.7,7.376,92.52,1.562,CoAP,gateway
2025-01-01T02:21:00,2486.892,40.836,0.784,138.65,0.1278,HTTPS,camera
2025-01-01T19:55:00,129.559,21.793,9.773,10.34,0.8607,MQTT,actuator
2025-01-02T13:50:00,667.896,49.218,0.1,89.247,3.5754,HTTPS,gateway
2025-01-01T07:58:00,63.518,52.245,0.1,2.871,0.0,MQTT,env_sensor
2025-01-01T20:00:00,758.869,80.444,18.939,74.937,0.2499,HTTPS,gateway
2025-01-01T09:08:00,868.31,33.83,18.143,87.032,1.9757,CoAP,gateway
2025-01-01T09:09:00,89.852,9.548,1.136,0.05,1.9242,MQTT,env_sensor
2025-01-01T22:03:00,1739.709,27.836,5.086,123.051,0.7293,HTTPS,camera
2025-01-01T06:23:00,408.198,69.206,7.603,25.423,0.7439,CoAP,gateway
2025-01-02T07:36:00,21.345,187.241,1.207,0.05,3.3701,LoRaWAN,smart_meter
2025-01-02T01:29:00,298.687,47.249,5.546,81.523,0.9758,HTTPS,gateway
2025-01-01T18:00:00,25.271,273.318,0.1,0.91,1.5721,LoRaWAN,smart_meter
2025-01-02T13:08:00,77.698,1.231,1.049,7.516,0.7798,MQTT,env_sensor
2025-01-01T03:47:00,876.994,22.489,11.373,0.05,1.6955,CoAP,gateway
2025-01-02T06:58:00,519.195,84.549,1.204,253.33,0.0,HTTPS,camera
2025-01-01T15:47:00,142.722,15.151,0.492,6.671,0.5908,MQTT,actuator
2025-01-02T08:35:00,138.206,18.656,9.257,118.805,1.7909,MQTT,gateway
2025-01-02T17:34:00,1788.306,56.332,3.348,61.645,0.4007,HTTPS,camera
2025-01-01T22:05:00,105.149,24.029,10.677,6.713,0.2266,MQTT,actuator
2025-01-01T19:30:00,40.169,56.64,2.628,4.855,0.0,MQTT,env_sensor
2025-01-02T05:34:00,57.211,27.333,2.677,1.318,2.7607,MQTT,env_sensor
2025-01-02T10:54:00,62.082,23.358,4.444,4.496,0.4593,MQTT,env_sensor
2025-01-02T13:26:00,23.184,193.383,1.959,0.542,2.1467,LoRaWAN,smart_meter
2025-01-01T01:21:00,22.247,240.698,1.339,0.898,3.0211,LoRaWAN,smart_meter
2025-01-02T15:02:00,8.0,49.055,8.646,157.385,1.9498,MQTT,gateway
2025-01-01T14:37:00,29.571,134.36,2.425,0.433,2.3074,LoRaWAN,smart_meter
2025-01-01T04:22:00,89.312,27.323,2.714,7.275,0.3594,MQTT,actuator
2025-01-01T13:05:00,118.814,27.756,6.843,11.099,1.5307,MQTT,actuator
2025-01-01T22:20:00,29.792,130.715,2.237,0.429,4.0394,LoRaWAN,smart_meter
2025-01-01T14:47:00,103.84,26.625,0.1,4.926,1.9335,MQTT,env_sensor
2025-01-02T09:16:00,43.572,40.452,1.493,5.541,1.6894,MQTT,env_sensor
2025-01-01T12:39:00,36.924,107.635,5.894,0.064,0.0,LoRaWAN,smart_meter
2025-01-01T06:50:00,958.992,23.464,7.975,36.11,0.7414,CoAP,gateway
2025-01-01T22:36:00,23.418,131.596,2.725,0.05,4.6249,LoRaWAN,smart_meter
2025-01-01T04:42:00,3365.493,54.154,2.725,33.025,1.1205,HTTPS,camera
2025-01-01T09:54:00,74.605,35.434,3.846,4.346,2.0345,MQTT,env_sensor
2025-01-02T14:10:00,1490.977,15.145,1.989,236.367,1.0849,HTTPS,camera
2025-01-01T01:28:00,97.243,16.645,4.379,1.47,0.3351,MQTT,actuator
2025-01-02T10:53:00,31.677,105.525,0.145,0.137,3.5498,LoRaWAN,smart_meter
2025-01-02T16:41:00,134.841,20.133,4.939,9.89,0.7631,MQTT,actuator
2025-01-01T11:47:00,958.15,60.348,0.1,85.649,1.2461,CoAP,gateway
2025-01-01T11:18:00,46.584,49.057,6.686,7.466,2.6954,CoAP,env_sensor
2025-01-02T13:39:00,1093.173,54.233,4.156,74.104,2.2898,HTTPS,gateway
2025-01-01T06:10:00,56.409,13.268,5.657,4.464,1.9901,MQTT,actuator
2025-01-02T11:58:00,2515.689,78.509,0.385,102.922,0.2616,HTTPS,camera
2025-01-01T02:20:00,1119.224,67.939,0.1,180.561,0.2301,HTTPS,camera
2025-01-01T05:19:00,23.174,175.974,0.451,0.707,2.7236,LoRaWAN,smart_meter
2025-01-01T14:08:00,16.814,205.399,4.876,0.757,5.455,LoRaWAN,smart_meter
2025-01-02T11:15:00,1231.836,62.128,3.017,88.918,0.7014,HTTPS,gateway
2025-01-01T04:45:00,56.585,33.8,2.584,3.673,1.4229,MQTT,env_sensor
2025-01-02T00:03:00,21.865,150.783,3.726,0.891,9.1311,LoRaWAN,smart_meter
2025-01-01T21:30:00,1050.281,31.605,3.512,10.533,1.4581,MQTT,gateway
2025-01-02T09:48:00,23.631,137.156,1.874,0.215,3.5811,LoRaWAN,smart_meter
2025-01-02T16:35:00,73.975,20.627,5.995,4.895,0.153,MQTT,env_sensor
2025-01-02T00:43:00,38.724,25.466,3.637,4.488,0.0,MQTT,env_sensor
2025-01-02T08:51:00,42.063,28.077,1.006,3.462,2.2282,MQTT,env_sensor
2025-01-01T16:24:00,597.458,44.905,7.045,29.587,0.9424,CoAP,gateway
2025-01-01T04:10:00,128.023,21.784,4.58,9.307,0.5082,MQTT,actuator
2025-01-02T00:53:00,1839.344,65.944,7.361,61.604,0.8937,HTTPS,camera
2025-01-01T22:21:00,99.611,11.083,5.971,10.198,0.0,MQTT,actuator
2025-01-01T16:39:00,110.207,33.854,4.439,11.978,1.4228,MQTT,actuator
2025-01-02T01:20:00,883.739,24.905,11.596,29.053,0.4635,CoAP,gateway
2025-01-01T00:12:00,79.664,13.845,1.911,0.474,1.5729,MQTT,env_sensor
2025-01-02T03:41:00,95.038,6.892,1.346,6.557,0.6313,MQTT,env_sensor
2025-01-01T06:14:00,35.259,230.083,0.1,0.05,0.2406,LoRaWAN,smart_meter
2025-01-01T21:53:00,716.907,57.442,11.111,24.881,1.5138,CoAP,gateway
2025-01-02T16:20:00,1353.685,50.842,8.304,93.602,0.1658,HTTPS,gateway
2025-01-01T17:07:00,76.855,35.436,0.1,2.823,2.5172,MQTT,env_sensor
2025-01-02T03:10:00,718.519,37.184,8.48,104.63,2.6576,CoAP,gateway
2025-01-02T04:38:00,2282.341,54.889,5.638,49.995,0.5314,HTTPS,camera
2025-01-01T23:44:00,142.648,3.159,3.07,11.111,0.6138,MQTT,actuator
2025-01-02T01:06:00,40.954,236.125,1.942,0.05,1.7584,LoRaWAN,smart_meter
2025-01-01T11:08:00,73.847,8.086,2.877,9.636,2.3452,MQTT,env_sensor
2025-01-01T06:12:00,26.862,218.052,0.1,0.423,3.9308,LoRaWAN,smart_meter
2025-01-02T04:40:00,106.407,5.931,5.716,5.931,0.0,MQTT,actuator
2025-01-02T10:43:00,58.843,28.399,4.961,6.922,0.0,MQTT,actuator
2025-01-02T17:25:00,46.194,27.912,3.477,10.536,2.4569,MQTT,env_sensor
2025-01-02T08:12:00,31.039,27.357,1.843,0.05,0.0,MQTT,env_sensor
2025-01-02T02:44:00,1210.98,26.994,5.125,32.731,1.8943,MQTT,gateway
2025-01-01T22:05:00,27.795,168.235,0.372,0.612,0.7196,LoRaWAN,smart_meter
2025-01-02T00:58:00,76.28,30.012,0.1,8.904,1.1883,MQTT,actuator
2025-01-01T22:39:00,92.392,19.709,2.803,9.231,1.1633,MQTT,env_sensor
2025-01-02T02:19:00,36.842,264.115,0.1,0.379,4.2819,LoRaWAN,smart_meter
2025-01-02T04:12:00,89.74,23.782,3.455,1.415,1.8157,MQTT,env_sensor
2025-01-01T20:34:00,89.509,60.019,5.959,57.95,0.0,HTTPS,gateway
2025-01-01T12:30:00,62.585,43.659,2.286,4.562,0.3172,MQTT,env_sensor
2025-01-02T09:26:00,1088.013,37.479,17.067,74.264,1.0911,HTTPS,gateway
2025-01-01T02:17:00,53.672,20.571,0.1,0.596,1.973,MQTT,env_sensor
2025-01-01T21:40:00,1069.234,29.716,15.566,128.62,1.5257,HTTPS,gateway
2025-01-02T05:55:00,35.547,49.027,1.837,1.795,1.5059,MQTT,env_sensor
2025-01-01T02:09:00,19.517,225.128,0.1,0.232,6.5847,LoRaWAN,smart_meter
2025-01-01T12:33:00,1103.307,48.932,12.761,74.708,0.0,HTTPS,gateway
2025-01-01T05:11:00,314.92,57.108,9.303,44.827,1.2372,CoAP,gateway
2025-01-02T03:15:00,24.827,117.411,0.401,0.91,5.1108,LoRaWAN,smart_meter
2025-01-01T10:53:00,3670.223,45.567,6.006,175.456,0.0,HTTPS,camera
2025-01-01T03:39:00,100.411,14.256,7.432,15.654,1.2618,CoAP,actuator
2025-01-02T05:54:00,818.266,19.161,12.658,92.294,1.3857,CoAP,gateway
2025-01-01T02:31:00,1673.427,112.895,3.445,161.684,0.2522,HTTPS,camera
2025-01-02T10:33:00,63.658,19.163,7.097,6.212,0.9343,CoAP,actuator
2025-01-01T06:10:00,21.294,227.278,0.1,0.472,0.0,LoRaWAN,smart_meter
2025-01-01T14:44:00,82.352,8.663,3.409,8.151,0.7018,MQTT,actuator
2025-01-01T11:36:00,1361.932,69.015,13.481,157.744,1.8723,HTTPS,gateway
2025-01-02T11:16:00,31.038,200.318,3.006,0.255,4.3244,LoRaWAN,smart_meter
2025-01-02T06:20:00,36.145,236.578,1.774,0.219,0.4372,LoRaWAN,smart_meter
2025-01-01T14:41:00,40.459,200.048,2.637,0.591,0.6455,LoRaWAN,smart_meter
2025-01-02T06:27:00,81.992,13.588,1.822,2.78,1.3675,MQTT,env_sensor
2025-01-01T17:49:00,948.728,77.642,0.1,135.068,0.9404,HTTPS,camera
2025-01-01T08:29:00,139.562,20.885,8.559,1.934,0.0,MQTT,actuator
2025-01-01T18:22:00,987.963,22.396,16.67,8.934,0.6714,CoAP,gateway
2025-01-01T03:19:00,1253.996,74.36,0.213,117.591,0.8059,HTTPS,gateway
2025-01-01T07:12:00,20.777,184.464,1.295,0.609,2.6274,LoRaWAN,smart_meter
2025-01-02T03:39:00,38.83,39.404,8.273,74.446,2.1795,MQTT,gateway
2025-01-02T11:38:00,129.2,23.4,7.448,7.035,1.2484,MQTT,actuator
2025-01-02T00:05:00,143.986,30.294,9.086,4.731,1.1053,CoAP,actuator
2025-01-02T02:31:00,14.425,153.598,1.598,0.326,1.1271,LoRaWAN,smart_meter
2025-01-01T03:59:00,110.631,18.636,3.898,9.447,0.115,MQTT,actuator
2025-01-02T05:28:00,49.853,32.713,3.921,2.898,0.349,HTTPS,env_sensor
2025-01-01T20:27:00,82.519,38.455,5.0,6.473,1.1735,MQTT,env_sensor
2025-01-01T22:43:00,16.14,7.639,3.645,0.865,1.0558,MQTT,env_sensor
2025-01-02T07:16:00,24.224,36.417,1.25,0.475,2.9851,MQTT,smart_meter
2025-01-01T02:34:00,59.922,34.76,2.868,2.171,2.1143,MQTT,env_sensor
2025-01-02T15:52:00,112.505,10.437,4.884,2.828,0.0607,MQTT,actuator
2025-01-02T01:06:00,1528.21,87.123,6.887,119.101,0.5117,HTTPS,camera
2025-01-01T07:28:00,276.16,32.958,15.132,30.956,1.24,CoAP,gateway
2025-01-01T22:42:00,110.457,11.436,5.402,8.144,0.2961,CoAP,actuator
2025-01-02T02:52:00,100.485,19.395,2.695,2.008,2.1056,MQTT,env_sensor
2025-01-01T03:32:00,385.599,43.533,2.792,143.849,2.7392,MQTT,gateway
2025-01-02T04:32:00,40.113,15.647,4.947,3.679,2.9992,MQTT,env_sensor
2025-01-01T06:07:00,32.033,192.142,2.56,0.536,4.7034,LoRaWAN,smart_meter
2025-01-02T17:03:00,114.812,26.273,1.013,4.199,0.0,MQTT,actuator
2025-01-01T15:36:00,76.723,34.503,3.053,5.882,2.002,MQTT,env_sensor
2025-01-02T14:14:00,279.158,29.372,1.753,0.05,2.5983,CoAP,gateway
2025-01-01T20:41:00,1063.802,4.004,8.18,32.963,0.9949,HTTPS,gateway
2025-01-01T02:03:00,1946.509,137.324,5.792,186.253,0.0,HTTPS,camera
2025-01-01T02:10:00,347.225,1.0,11.711,76.38,0.0,HTTPS,gateway
2025-01-01T18:37:00,102.357,3.758,10.677,1.879,0.7233,MQTT,actuator
2025-01-01T15:44:00,100.116,20.287,9.98,3.361,0.6593,MQTT,actuator
2025-01-01T18:39:00,96.014,19.76,5.349,7.688,1.3526,MQTT,actuator
2025-01-01T06:33:00,102.658,5.541,0.471,1.073,0.8376,MQTT,env_sensor
2025-01-01T20:45:00,1095.528,37.221,7.919,122.469,0.0,HTTPS,gateway
2025-01-02T03:59:00,759.844,59.974,4.951,31.264,2.6869,MQTT,gateway
2025-01-01T03:59:00,45.013,175.465,4.692,0.682,2.7954,LoRaWAN,smart_meter
2025-01-02T11:28:00,94.932,18.009,4.077,6.615,0.2167,MQTT,actuator
2025-01-02T06:00:00,1181.515,45.52,7.019,125.498,0.2189,HTTPS,gateway
2025-01-01T09:02:00,19.92,145.661,2.047,0.732,0.0,LoRaWAN,smart_meter
2025-01-02T08:27:00,105.034,33.296,6.842,12.294,0.0,CoAP,actuator
2025-01-01T15:17:00,1803.526,34.112,9.271,0.05,1.68,HTTPS,gateway
2025-01-01T10:46:00,1090.665,17.871,10.358,100.606,0.119,HTTPS,gateway
2025-01-02T00:19:00,41.592,195.777,2.953,0.604,0.7235,LoRaWAN,smart_meter
2025-01-02T07:43:00,36.227,62.165,4.965,0.565,1.1382,MQTT,smart_meter
2025-01-02T11:48:00,65.424,30.544,2.337,2.407,0.1351,MQTT,env_sensor
2025-01-01T06:02:00,22.15,244.897,0.1,0.594,0.1999,LoRaWAN,smart_meter
2025-01-02T11:14:00,97.321,12.605,3.141,5.055,0.6483,MQTT,actuator
2025-01-02T12:50:00,141.81,4.952,3.513,0.05,0.7867,MQTT,actuator
2025-01-02T10:46:00,25.417,266.972,1.699,0.503,0.6371,LoRaWAN,smart_meter
2025-01-01T08:08:00,44.639,28.848,3.855,0.05,1.936,MQTT,env_sensor
2025-01-02T08:12:00,124.115,17.375,6.129,7.159,1.5785,MQTT,actuator
2025-01-02T16:22:00,3012.454,36.428,4.165,4.414,0.0455,HTTPS,camera
2025-01-02T02:53:00,1890.844,46.423,12.902,24.217,3.0731,CoAP,gateway
2025-01-02T08:31:00,31.585,36.74,5.524,5.863,3.0086,CoAP,env_sensor
2025-01-02T16:51:00,1071.261,66.91,9.507,77.976,0.352,HTTPS,gateway
2025-01-01T18:27:00,87.716,39.281,1.646,3.463,0.8909,MQTT,env_sensor
2025-01-02T00:44:00,75.475,22.093,0.763,1.152,1.5248,MQTT,env_sensor
2025-01-01T14:07:00,75.614,14.172,0.15,0.05,0.7809,MQTT,env_sensor
2025-01-02T10:43:00,36.969,212.13,2.641,0.171,2.8997,MQTT,smart_meter
2025-01-01T17:17:00,121.564,45.102,10.799,56.907,1.6945,CoAP,gateway
2025-01-02T05:46:00,53.685,21.481,4.091,6.327,0.132,MQTT,actuator
2025-01-01T00:14:00,75.976,21.852,4.634,3.938,1.1306,MQTT,env_sensor
2025-01-01T08:24:00,39.916,20.17,2.295,8.313,1.4047,MQTT,env_sensor
2025-01-01T19:41:00,25.925,182.15,1.405,0.741,5.8129,LoRaWAN,smart_meter
2025-01-02T11:27:00,68.905,33.927,7.65,80.064,0.0,CoAP,gateway
2025-01-01T18:19:00,99.892,18.237,1.95,3.794,1.7267,MQTT,env_sensor
2025-01-02T13:25:00,68.774,1.0,3.286,6.702,2.0766,MQTT,env_sensor
2025-01-02T16:26:00,445.904,8.334,4.122,144.143,0.0901,HTTPS,camera
2025-01-02T09:45:00,2164.609,54.684,2.352,142.194,1.2666,HTTPS,camera
2025-01-02T04:23:00,39.465,30.906,9.418,11.188,0.813,CoAP,actuator
2025-01-01T20:29:00,37.881,164.0,2.556,0.678,2.6818,LoRaWAN,smart_meter
2025-01-01T04:40:00,20.249,10.57,7.527,3.458,1.7622,MQTT,env_sensor
2025-01-01T15:38:00,952.486,58.882,12.349,78.584,0.0,HTTPS,gateway
2025-01-02T09:43:00,906.223,41.315,2.954,86.544,1.0846,HTTPS,gateway
2025-01-02T13:06:00,1255.361,49.712,5.167,76.699,0.1596,HTTPS,camera
2025-01-02T04:01:00,595.015,104.051,0.1,62.451,0.4454,HTTPS,gateway
2025-01-02T00:06:00,115.257,40.323,1.964,5.126,1.9123,MQTT,env_sensor
2025-01-01T16:32:00,57.573,2.976,2.285,0.361,0.3036,MQTT,env_sensor
2025-01-01T08:17:00,928.108,19.762,8.581,150.645,0.4789,HTTPS,gateway
2025-01-01T16:00:00,27.072,180.527,0.1,0.367,4.9456,LoRaWAN,smart_meter
2025-01-01T13:33:00,88.697,16.141,4.642,13.381,0.5977,MQTT,env_sensor
2025-01-01T19:24:00,24.668,117.929,2.043,0.23,1.8314,MQTT,smart_meter
2025-01-01T21:46:00,29.965,162.608,0.231,0.293,0.6343,LoRaWAN,smart_meter
2025-01-01T08:13:00,81.414,33.615,2.992,0.697,2.3438,MQTT,env_sensor
2025-01-01T11:49:00,97.281,17.805,6.861,7.276,1.3411,MQTT,actuator
2025-01-02T02:15:00,20.764,176.69,0.721,0.125,5.1308,LoRaWAN,smart_meter
2025-01-01T20:42:00,89.671,17.432,4.934,0.795,1.4575,MQTT,env_sensor
2025-01-01T09:40:00,102.642,25.386,6.021,8.423,0.3012,CoAP,actuator
2025-01-01T22:14:00,106.68,27.945,3.009,1.785,1.369,MQTT,env_sensor
2025-01-01T12:20:00,525.905,66.123,18.3,68.73,2.1057,CoAP,gateway
2025-01-01T06:27:00,302.134,43.16,5.269,45.793,1.3071,CoAP,gateway
2025-01-02T06:58:00,27.278,227.571,1.986,0.519,5.2046,LoRaWAN,smart_meter
2025-01-02T06:54:00,23.122,1.0,3.932,9.259,0.9184,MQTT,env_sensor
2025-01-01T12:49:00,40.341,196.681,0.91,0.119,4.3258,LoRaWAN,smart_meter
2025-01-01T04:13:00,2196.608,49.667,7.316,34.377,0.8737,HTTPS,gateway
2025-01-02T00:00:00,54.544,31.933,2.744,2.814,0.3333,MQTT,env_sensor
2025-01-02T02:32:00,100.541,26.201,5.92,5.98,2.0675,MQTT,actuator
2025-01-02T04:30:00,108.284,57.945,5.179,3.791,0.9684,MQTT,env_sensor
2025-01-01T15:12:00,104.842,11.527,9.639,10.828,0.5376,MQTT,actuator
2025-01-02T14:06:00,1760.876,52.459,6.58,161.159,1.1727,CoAP,camera
2025-01-01T15:57:00,34.522,139.205,4.402,0.701,6.504,LoRaWAN,smart_meter
2025-01-01T19:25:00,323.176,47.26,2.599,158.864,0.0,HTTPS,gateway
2025-01-01T08:01:00,1491.258,33.031,4.993,39.002,0.857,HTTPS,gateway
2025-01-02T02:19:00,940.63,62.852,8.838,18.981,2.7248,CoAP,gateway
2025-01-02T17:38:00,135.043,30.145,6.64,12.254,1.4118,MQTT,actuator
2025-01-01T21:58:00,69.879,21.124,4.092,5.615,0.1531,MQTT,env_sensor
2025-01-01T23:41:00,78.764,2.139,7.094,12.204,0.0,MQTT,actuator
2025-01-01T12:28:00,2207.889,41.874,1.572,93.999,1.1286,HTTPS,camera
2025-01-01T13:20:00,59.731,50.637,0.334,0.05,1.0034,MQTT,env_sensor
2025-01-01T23:55:00,17.843,275.6,0.1,0.614,3.4061,LoRaWAN,smart_meter
2025-01-02T00:18:00,42.283,36.363,9.378,3.03,0.3161,MQTT,env_sensor
2025-01-02T09:51:00,54.316,8.79,3.92,3.861,1.9482,MQTT,env_sensor
2025-01-01T17:37:00,30.669,128.095,1.552,0.699,2.1567,LoRaWAN,smart_meter
2025-01-01T00:13:00,335.465,9.416,10.428,97.579,0.0,HTTPS,gateway
2025-01-02T08:59:00,104.562,22.654,7.065,8.044,0.0,MQTT,actuator
2025-01-01T00:05:00,1058.498,71.545,6.346,221.491,0.925,HTTPS,camera
2025-01-01T01:00:00,20.117,43.722,3.413,0.785,0.4114,LoRaWAN,smart_meter
2025-01-01T19:33:00,89.425,12.81,6.744,8.78,0.6146,MQTT,actuator
2025-01-02T15:38:00,57.913,23.561,1.836,0.05,1.0182,MQTT,env_sensor
2025-01-01T00:35:00,33.476,103.411,3.851,0.05,7.9388,LoRaWAN,smart_meter
2025-01-02T14:35:00,124.493,16.092,2.213,5.176,1.1621,MQTT,actuator
2025-01-01T12:26:00,73.898,12.867,10.378,16.635,0.2266,MQTT,actuator
2025-01-02T16:54:00,59.917,9.256,4.988,9.328,0.8242,MQTT,actuator
2025-01-01T02:36:00,105.979,13.611,4.804,1.746,0.0,MQTT,actuator
2025-01-02T09:04:00,520.177,70.074,5.772,49.619,0.0,CoAP,gateway
2025-01-01T11:17:00,2458.553,86.462,8.735,158.593,0.9727,HTTPS,camera
2025-01-02T07:32:00,1387.285,63.461,3.766,103.044,0.2862,HTTPS,camera
2025-01-01T16:17:00,712.025,80.264,2.454,49.186,1.2492,MQTT,gateway
2025-01-01T19:54:00,136.301,28.214,4.188,8.903,0.0,MQTT,actuator
2025-01-02T07:01:00,36.272,16.532,5.587,1.948,0.0487,MQTT,env_sensor
2025-01-01T12:37:00,55.221,22.451,4.692,1.806,0.1785,MQTT,env_sensor
2025-01-01T11:21:00,47.718,11.282,3.503,2.973,0.4524,MQTT,actuator
2025-01-01T17:44:00,82.596,23.628,5.235,5.649,0.2205,MQTT,actuator
2025-01-02T16:59:00,148.61,18.39,5.281,5.696,0.0,CoAP,actuator
2025-01-02T12:50:00,1317.105,53.514,6.13,150.755,1.4926,HTTPS,camera
2025-01-01T06:13:00,42.754,116.492,2.776,0.405,1.885,LoRaWAN,smart_meter
2025-01-01T23:46:00,3219.047,33.627,8.93,83.087,0.9442,HTTPS,camera
2025-01-02T00:11:00,1052.378,62.163,2.881,33.892,1.9865,MQTT,gateway
2025-01-01T11:46:00,358.738,44.306,9.73,119.073,1.5816,CoAP,gateway
2025-01-01T01:36:00,97.172,37.326,5.633,6.336,2.6611,CoAP,env_sensor
2025-01-02T02:20:00,44.011,14.702,4.082,2.653,1.0378,MQTT,env_sensor
2025-01-02T02:19:00,1918.047,80.202,4.755,65.271,0.9289,HTTPS,camera
2025-01-02T11:16:00,181.098,22.297,6.336,7.504,0.0076,MQTT,actuator
2025-01-01T19:46:00,1518.229,9.102,0.1,96.286,0.7291,HTTPS,camera
2025-01-01T21:12:00,2320.425,40.622,3.144,143.366,1.3944,HTTPS,camera
2025-01-02T04:19:00,117.425,21.434,5.547,6.629,3.1108,CoAP,env_sensor
2025-01-02T06:25:00,1924.774,54.078,1.726,170.783,0.618,HTTPS,camera
2025-01-01T15:04:00,707.804,86.943,9.141,94.573,0.9492,HTTPS,camera
2025-01-01T17:44:00,29.446,193.226,3.96,0.408,4.5571,LoRaWAN,smart_meter
2025-01-01T13:13:00,102.785,35.176,4.673,4.648,0.0,MQTT,env_sensor
2025-01-02T15:03:00,89.62,23.394,1.305,4.081,0.4457,MQTT,env_sensor
2025-01-01T21:36:00,51.131,22.001,5.554,3.247,1.0892,MQTT,env_sensor
2025-01-01T19:08:00,818.417,57.915,10.236,40.82,1.8028,CoAP,gateway
2025-01-01T02:07:00,101.344,29.728,3.33,9.667,0.0,MQTT,actuator
2025-01-01T16:44:00,18.628,144.731,1.683,0.748,1.9942,LoRaWAN,smart_meter
2025-01-01T11:31:00,169.886,24.226,4.153,13.384,0.5425,MQTT,actuator
2025-01-01T05:24:00,1329.853,51.769,0.323,87.999,0.6207,HTTPS,camera
2025-01-01T05:51:00,8.0,49.032,3.272,45.168,1.8137,MQTT,gateway
2025-01-01T09:56:00,135.684,20.415,3.143,4.91,2.0778,MQTT,actuator
2025-01-02T01:49:00,77.416,29.603,1.878,3.143,1.4136,MQTT,env_sensor
2025-01-02T00:26:00,111.997,11.665,3.738,0.05,3.1892,MQTT,env_sensor
2025-01-01T16:55:00,136.988,21.207,8.012,2.489,1.5211,CoAP,actuator
2025-01-01T14:38:00,791.735,27.029,0.469,123.533,0.2339,HTTPS,camera
2025-01-01T23:40:00,1124.795,1.0,0.1,49.813,1.2302,MQTT,gateway
2025-01-02T09:35:00,18.894,141.483,2.181,0.666,1.9406,LoRaWAN,smart_meter
2025-01-02T08:21:00,84.958,14.662,4.296,15.32,1.124,MQTT,actuator
2025-01-01T14:44:00,87.179,21.428,0.1,3.188,1.3209,MQTT,env_sensor
2025-01-01T04:08:00,1213.888,13.714,6.68,35.888,1.9889,MQTT,gateway
2025-01-02T03:11:00,22.611,201.706,1.872,0.378,3.7339,LoRaWAN,smart_meter
2025-01-01T11:58:00,102.484,11.267,11.76,11.088,2.1199,CoAP,actuator
2025-01-01T21:47:00,29.693,34.762,4.913,0.228,3.0461,LoRaWAN,smart_meter
2025-01-02T05:56:00,120.503,28.857,5.596,58.653,0.8313,MQTT,gateway
2025-01-02T05:41:00,13.955,212.607,1.767,0.05,0.9567,LoRaWAN,smart_meter
2025-01-02T16:22:00,12.915,95.285,3.141,0.05,3.7549,MQTT,smart_meter
2025-01-02T03:35:00,25.9,282.989,1.762,0.05,3.9822,LoRaWAN,smart_meter
2025-01-02T06:16:00,1739.754,85.334,0.403,280.149,0.6393,HTTPS,camera
2025-01-01T18:57:00,511.442,76.102,1.81,168.824,0.9051,HTTPS,camera
2025-01-02T13:54:00,33.08,102.452,2.4,0.05,5.7246,LoRaWAN,smart_meter
2025-01-02T10:20:00,89.631,10.251,4.585,0.05,0.1967,MQTT,env_sensor
2025-01-01T11:35:00,24.115,74.236,10.866,51.193,0.801,HTTPS,gateway
2025-01-02T15:23:00,88.821,22.884,4.222,3.498,1.3337,MQTT,actuator
2025-01-02T17:05:00,1068.404,56.567,3.724,18.505,0.2343,HTTPS,gateway
2025-01-01T09:07:00,105.056,5.724,1.777,10.478,1.107,MQTT,env_sensor
2025-01-02T04:01:00,29.04,144.272,1.469,0.433,3.0132,LoRaWAN,smart_meter
2025-01-01T23:30:00,74.968,1.0,4.837,2.729,0.2702,MQTT,actuator
2025-01-01T05:00:00,25.47,13.177,5.939,3.29,2.4397,MQTT,env_sensor
2025-01-01T11:55:00,64.195,13.695,2.228,0.05,2.3827,MQTT,env_sensor
2025-01-01T01:21:00,48.386,14.687,3.579,5.463,1.7538,MQTT,env_sensor
2025-01-01T04:03:00,19.021,200.953,1.37,0.512,3.5484,LoRaWAN,smart_meter
2025-01-02T13:38:00,626.759,26.966,1.034,74.918,2.2372,MQTT,gateway
2025-01-01T23:08:00,159.492,10.229,11.301,13.465,0.8597,MQTT,actuator
2025-01-02T06:35:00,74.904,24.669,4.188,7.866,1.2323,MQTT,actuator
2025-01-01T14:47:00,938.343,71.907,6.745,41.553,1.9522,CoAP,gateway
2025-01-02T17:24:00,126.137,18.395,12.557,9.254,0.6055,MQTT,actuator
2025-01-01T17:29:00,109.285,29.299,5.616,1.363,0.7326,CoAP,env_sensor
2025-01-01T05:23:00,103.381,19.38,1.831,10.764,0.1636,MQTT,actuator
2025-01-02T04:05:00,1872.689,57.75,5.693,73.86,0.0,HTTPS,gateway
2025-01-02T03:39:00,26.884,175.539,2.478,0.943,2.4179,LoRaWAN,smart_meter
2025-01-01T08:45:00,1238.768,65.601,4.13,84.949,1.1279,HTTPS,gateway
2025-01-01T12:06:00,82.348,36.406,5.273,13.637,1.4234,CoAP,actuator
2025-01-01T04:41:00,2791.409,133.001,0.1,100.055,0.7144,HTTPS,camera
2025-01-02T07:55:00,130.868,25.397,6.511,7.11,1.0841,MQTT,actuator
2025-01-02T09:09:00,1497.614,44.167,1.548,25.958,1.0789,HTTPS,camera
2025-01-02T03:54:00,16.764,99.333,3.041,0.348,1.0382,MQTT,smart_meter
2025-01-01T08:23:00,138.131,26.308,3.282,10.263,2.78,MQTT,actuator
2025-01-02T15:12:00,26.627,154.025,4.206,0.148,0.7662,LoRaWAN,smart_meter
2025-01-02T00:55:00,36.543,12.181,3.496,6.183,0.122,MQTT,env_sensor
2025-01-02T07:45:00,107.282,16.099,2.156,13.016,0.9873,MQTT,actuator
2025-01-01T10:11:00,26.5,91.114,1.83,0.278,2.09,MQTT,smart_meter
2025-01-02T10:59:00,3577.186,108.788,9.508,184.767,0.8181,HTTPS,camera
2025-01-02T17:14:00,25.486,154.34,2.044,0.571,1.8219,LoRaWAN,smart_meter
2025-01-01T17:45:00,3474.324,96.304,5.371,110.962,0.453,HTTPS,camera
2025-01-02T06:13:00,594.869,59.739,13.5,88.74,0.8832,HTTPS,gateway
2025-01-01T13:01:00,95.058,20.862,2.814,1.971,0.7807,MQTT,actuator
2025-01-01T09:22:00,88.588,17.503,6.976,0.482,0.0,CoAP,env_sensor
2025-01-02T06:22:00,145.728,13.689,5.782,16.716,0.6924,MQTT,actuator
2025-01-01T19:46:00,31.952,169.27,2.62,0.197,2.7648,LoRaWAN,smart_meter
2025-01-01T20:18:00,62.941,9.808,3.478,2.824,1.9004,MQTT,actuator
2025-01-02T11:27:00,30.352,125.436,0.844,0.279,2.8096,LoRaWAN,smart_meter
2025-01-01T03:56:00,33.384,111.816,4.22,0.891,4.7703,LoRaWAN,smart_meter
2025-01-01T22:24:00,19.916,126.255,3.175,0.664,1.064,LoRaWAN,smart_meter
2025-01-02T14:41:00,32.88,139.556,3.15,0.05,0.4064,LoRaWAN,smart_meter
2025-01-02T10:47:00,114.039,19.68,7.972,1.929,0.5113,MQTT,actuator
2025-01-02T07:50:00,1535.933,58.605,1.275,70.029,0.7657,HTTPS,camera
2025-01-02T05:36:00,33.003,197.213,3.903,0.477,2.7839,LoRaWAN,smart_meter
2025-01-02T12:30:00,2258.979,21.07,7.164,137.373,0.3557,HTTPS,camera
2025-01-02T12:49:00,113.431,6.989,4.06,3.508,0.2367,MQTT,actuator
2025-01-01T06:28:00,1317.593,46.728,4.907,167.558,0.1853,HTTPS,camera
2025-01-02T15:51:00,30.938,117.906,3.04,0.263,4.7606,LoRaWAN,smart_meter
2025-01-01T00:41:00,103.991,22.698,9.924,18.151,1.6424,MQTT,actuator
2025-01-01T04:49:00,956.318,54.176,6.945,92.207,0.8737,HTTPS,gateway
2025-01-01T05:12:00,2580.525,46.102,5.922,229.994,1.2985,HTTPS,camera
2025-01-01T12:07:00,111.001,20.481,11.149,12.693,0.548,MQTT,actuator
2025-01-01T01:21:00,1030.828,53.867,0.594,122.681,0.75,HTTPS,camera
2025-01-01T20:02:00,2374.809,34.048,3.707,83.342,0.9911,HTTPS,camera
2025-01-02T02:53:00,28.264,239.48,3.876,0.938,5.2466,LoRaWAN,smart_meter
2025-01-01T18:11:00,99.224,21.006,6.386,5.084,0.8854,MQTT,actuator
2025-01-02T03:03:00,19.536,237.73,0.546,0.474,0.0,LoRaWAN,smart_meter
2025-01-01T03:57:00,724.539,24.964,9.206,103.289,0.2604,HTTPS,gateway
2025-01-02T08:57:00,831.686,47.066,11.031,59.876,1.0465,CoAP,gateway
2025-01-01T19:48:00,148.852,11.125,7.69,10.204,1.2049,MQTT,actuator
2025-01-01T11:03:00,63.392,28.496,1.177,6.444,0.2052,MQTT,env_sensor
2025-01-02T16:13:00,145.213,23.347,3.512,0.05,1.1388,MQTT,actuator
2025-01-01T11:43:00,112.892,21.227,7.971,13.717,2.0776,CoAP,actuator
2025-01-02T05:08:00,577.858,40.222,13.573,46.335,0.509,CoAP,gateway
2025-01-01T10:42:00,1458.716,75.578,0.689,325.191,0.5929,HTTPS,camera
2025-01-01T01:18:00,38.295,91.725,0.1,0.813,3.995,MQTT,smart_meter
2025-01-01T17:14:00,114.545,23.591,6.138,11.628,0.0587,MQTT,actuator
2025-01-02T14:37:00,37.822,206.111,0.1,0.05,2.4798,LoRaWAN,smart_meter
2025-01-02T02:15:00,874.102,89.242,7.079,42.293,0.6566,CoAP,gateway
2025-01-01T06:14:00,48.28,16.485,4.389,1.65,0.0,MQTT,env_sensor
2025-01-02T07:49:00,81.582,15.358,3.035,3.32,1.1699,MQTT,env_sensor
2025-01-01T14:59:00,72.039,28.405,1.607,7.821,0.0,MQTT,env_sensor
2025-01-02T02:43:00,2078.718,37.263,8.707,138.643,1.047,HTTPS,camera
2025-01-01T07:31:00,2524.995,67.993,4.403,173.842,0.7294,HTTPS,camera
2025-01-01T16:18:00,89.454,23.339,5.07,3.675,0.5553,CoAP,env_sensor
2025-01-01T23:09:00,1535.409,17.236,0.828,97.281,0.4655,HTTPS,camera
2025-01-02T15:46:00,25.634,64.593,3.748,0.574,4.4958,LoRaWAN,smart_meter
2025-01-02T10:22:00,69.113,22.249,5.591,6.302,0.0,MQTT,env_sensor
2025-01-01T06:03:00,30.142,106.199,1.877,0.085,3.5793,LoRaWAN,smart_meter
2025-01-01T00:34:00,1170.605,40.159,2.264,117.674,1.6641,HTTPS,gateway
2025-01-02T06:45:00,1678.137,50.996,1.41,0.05,0.0,HTTPS,camera
2025-01-01T07:20:00,156.051,18.947,3.563,6.994,0.6398,MQTT,actuator
2025-01-01T22:40:00,31.618,211.313,2.501,0.451,1.8613,LoRaWAN,smart_meter
2025-01-02T09:28:00,1466.514,36.505,10.16,23.799,1.1349,MQTT,gateway
2025-01-01T22:14:00,743.985,44.431,6.884,67.152,1.2728,CoAP,gateway
2025-01-02T07:51:00,1158.823,33.655,3.88,45.546,0.7126,HTTPS,gateway
2025-01-02T14:53:00,702.061,50.59,3.192,0.552,0.0341,HTTPS,camera
2025-01-01T10:20:00,123.341,7.595,9.813,0.05,0.4196,MQTT,actuator
2025-01-01T02:10:00,90.859,7.789,4.749,3.11,0.843,MQTT,actuator
2025-01-01T15:25:00,276.662,50.915,4.759,128.524,2.5118,CoAP,gateway
2025-01-02T11:37:00,988.675,54.232,6.348,0.05,1.7485,CoAP,gateway
2025-01-02T00:34:00,1048.743,32.476,11.151,60.881,1.6394,HTTPS,gateway
2025-01-01T12:55:00,1674.608,74.793,10.07,163.37,0.8904,HTTPS,camera
2025-01-01T01:19:00,26.581,79.644,5.471,0.471,1.9158,CoAP,smart_meter
2025-01-01T06:49:00,305.209,78.721,7.282,104.503,0.6088,HTTPS,camera
2025-01-02T13:12:00,80.595,32.616,4.206,4.288,1.554,MQTT,actuator
2025-01-01T22:34:00,500.706,65.613,2.879,179.953,1.3649,HTTPS,camera
2025-01-01T08:55:00,81.917,21.243,4.413,0.05,0.5335,MQTT,actuator
2025-01-01T05:24:00,25.327,183.419,2.145,0.326,2.013,LoRaWAN,smart_meter
2025-01-01T00:15:00,125.308,17.732,5.664,6.8,0.3322,MQTT,actuator
2025-01-02T00:00:00,27.161,114.933,0.857,0.415,2.2233,MQTT,smart_meter
2025-01-02T06:46:00,1517.467,17.808,12.76,18.721,1.2323,CoAP,gateway
2025-01-02T11:54:00,1081.219,40.012,9.837,37.046,0.3194,HTTPS,gateway
2025-01-01T18:50:00,21.376,257.305,2.997,0.297,1.2664,LoRaWAN,smart_meter
2025-01-01T07:25:00,1189.333,40.609,0.1,21.365,0.0822,HTTPS,gateway
2025-01-01T09:28:00,1068.201,109.544,6.817,0.05,1.7123,CoAP,gateway
2025-01-02T01:00:00,2619.757,41.996,6.799,185.08,1.2312,HTTPS,camera
2025-01-02T01:10:00,30.332,283.635,2.791,0.144,0.4184,LoRaWAN,smart_meter
2025-01-02T15:00:00,127.243,28.878,5.922,17.041,0.3159,CoAP,actuator
2025-01-01T10:05:00,25.74,13.487,4.222,1.916,0.8516,MQTT,env_sensor
2025-01-01T01:33:00,79.382,43.109,3.61,8.022,1.0572,MQTT,env_sensor
2025-01-01T12:48:00,463.78,37.122,11.672,40.225,1.0587,CoAP,gateway
2025-01-01T10:56:00,16.618,280.533,3.298,0.129,3.3481,LoRaWAN,smart_meter
2025-01-01T09:30:00,54.713,45.982,4.871,4.193,2.4178,MQTT,env_sensor
2025-01-01T08:58:00,160.84,12.112,5.981,11.05,1.6058,CoAP,actuator
2025-01-02T14:58:00,1543.107,34.282,7.621,27.939,0.2354,HTTPS,gateway
2025-01-02T01:50:00,668.552,69.589,4.049,162.74,0.2096,HTTPS,camera
2025-01-01T23:03:00,16.467,195.474,1.903,0.129,5.1599,LoRaWAN,smart_meter
2025-01-02T07:08:00,1537.333,50.592,8.865,0.05,0.6208,HTTPS,gateway
2025-01-02T01:11:00,1800.602,73.444,6.762,3.661,0.5564,HTTPS,gateway
2025-01-02T16:40:00,85.566,34.968,1.377,7.537,0.0,MQTT,env_sensor
2025-01-02T01:25:00,1654.499,37.034,5.238,40.295,0.9854,HTTPS,camera
2025-01-01T07:07:00,50.368,30.024,4.445,0.051,2.3044,MQTT,env_sensor
2025-01-02T02:54:00,23.49,157.308,2.854,0.401,1.4194,MQTT,smart_meter
2025-01-01T14:16:00,53.345,45.526,4.883,3.816,2.8397,MQTT,env_sensor
2025-01-01T03:33:00,19.4,226.951,0.231,0.082,4.45,LoRaWAN,smart_meter
2025-01-01T11:52:00,213.5,63.918,3.864,7.479,0.8384,MQTT,gateway
2025-01-01T02:11:00,19.189,222.268,3.264,0.219,0.4758,LoRaWAN,smart_meter
2025-01-01T09:47:00,64.312,12.116,3.553,5.718,1.2171,MQTT,env_sensor
2025-01-01T18:09:00,1183.091,27.389,8.547,119.826,0.6881,HTTPS,gateway
2025-01-02T01:17:00,134.836,27.495,3.848,13.931,0.5772,MQTT,actuator
2025-01-01T11:56:00,865.995,53.272,3.919,150.551,0.0,HTTPS,gateway
2025-01-01T16:07:00,41.134,26.096,4.864,2.94,1.0142,MQTT,env_sensor
2025-01-01T10:46:00,2699.496,64.812,1.182,208.521,0.8718,HTTPS,camera
2025-01-01T07:28:00,28.443,122.13,1.045,0.05,2.8706,LoRaWAN,smart_meter
2025-01-02T13:19:00,473.814,61.65,16.521,98.949,1.5013,CoAP,gateway
2025-01-01T11:39:00,31.497,187.623,0.652,0.981,0.0028,LoRaWAN,smart_meter
2025-01-01T13:15:00,2821.461,95.363,3.653,192.986,0.108,HTTPS,camera
2025-01-01T14:35:00,1020.043,23.892,0.1,25.268,1.0784,MQTT,gateway
2025-01-02T13:08:00,165.31,21.965,0.1,2.252,0.7291,MQTT,actuator
2025-01-01T08:43:00,29.718,252.04,1.862,0.142,0.0,LoRaWAN,smart_meter
2025-01-01T20:09:00,330.961,62.358,11.361,32.507,1.4143,CoAP,gateway
2025-01-02T05:54:00,906.932,49.93,5.124,178.947,0.6123,HTTPS,camera
2025-01-02T06:21:00,18.946,160.796,3.232,0.344,1.6604,LoRaWAN,smart_meter
2025-01-01T23:35:00,23.426,182.273,2.926,0.686,4.4374,LoRaWAN,smart_meter
2025-01-01T02:45:00,20.637,213.189,0.1,0.277,4.0827,LoRaWAN,smart_meter
2025-01-01T13:28:00,44.345,9.478,1.108,0.05,1.8394,MQTT,env_sensor
2025-01-01T04:22:00,507.466,51.433,1.546,47.125,0.3561,HTTPS,camera
2025-01-02T05:18:00,139.529,17.57,3.238,9.343,0.0,MQTT,actuator
2025-01-01T05:05:00,107.377,15.282,8.333,14.516,0.7284,MQTT,actuator
2025-01-01T23:01:00,1208.109,20.367,3.121,43.853,1.1715,MQTT,gateway
2025-01-02T11:00:00,59.763,28.316,5.724,3.616,0.0779,MQTT,env_sensor
2025-01-01T00:55:00,52.922,28.875,2.25,7.564,0.0,MQTT,env_sensor
2025-01-01T14:43:00,114.046,31.608,5.683,3.07,1.6171,CoAP,env_sensor
2025-01-01T13:57:00,61.313,17.374,0.1,6.011,1.2656,MQTT,actuator
2025-01-01T11:31:00,863.24,39.201,7.774,73.908,0.0,HTTPS,gateway
2025-01-01T18:07:00,2207.825,45.139,10.071,66.507,1.2691,HTTPS,camera
2025-01-01T10:25:00,23.492,133.926,2.229,0.468,2.7939,LoRaWAN,smart_meter
2025-01-02T14:11:00,95.577,17.296,3.77,4.562,0.9816,MQTT,env_sensor
2025-01-02T00:57:00,61.448,38.147,2.242,0.05,0.9661,HTTPS,env_sensor
2025-01-02T03:19:00,8.0,55.618,0.1,119.321,1.1306,MQTT,camera
2025-01-01T12:41:00,27.387,179.255,5.256,1.218,2.9626,CoAP,smart_meter
2025-01-01T15:31:00,232.985,32.477,6.18,78.825,0.9299,MQTT,gateway
2025-01-01T23:27:00,101.784,16.78,5.762,6.777,0.2659,MQTT,actuator
2025-01-01T07:59:00,104.724,1.846,2.891,0.728,0.9207,MQTT,actuator
2025-01-01T22:04:00,106.961,14.151,2.848,9.152,1.9439,MQTT,actuator
2025-01-02T11:35:00,1688.917,75.682,6.281,145.616,0.3306,HTTPS,camera
2025-01-02T09:10:00,130.061,24.403,4.433,0.332,0.6763,MQTT,actuator
2025-01-02T08:07:00,126.469,17.421,4.942,7.726,0.193,MQTT,actuator
2025-01-02T01:39:00,97.372,24.687,1.191,2.561,1.1051,MQTT,env_sensor
2025-01-01T08:17:00,83.269,35.08,9.99,6.552,1.1383,MQTT,actuator
2025-01-01T10:45:00,16.914,184.754,3.804,0.441,4.2749,LoRaWAN,smart_meter
2025-01-01T08:53:00,104.666,29.638,4.462,2.176,1.0046,MQTT,actuator
2025-01-01T05:02:00,1546.938,78.376,0.1,95.412,0.2326,HTTPS,camera
2025-01-02T07:22:00,33.592,107.165,1.976,0.782,0.8774,LoRaWAN,smart_meter
2025-01-02T15:27:00,142.008,5.405,4.434,3.551,0.0,MQTT,env_sensor
2025-01-01T09:47:00,2102.831,49.074,7.042,96.641,0.2175,HTTPS,camera
2025-01-02T04:52:00,1802.785,78.454,6.41,71.14,0.5585,HTTPS,camera
2025-01-02T03:27:00,79.514,20.186,2.588,2.24,2.7461,MQTT,env_sensor
2025-01-01T01:38:00,46.082,14.092,0.42,2.209,0.0,MQTT,env_sensor
2025-01-01T12:13:00,459.705,64.614,7.607,112.488,1.8579,CoAP,gateway
2025-01-01T05:22:00,54.703,1.169,4.632,5.387,1.6755,MQTT,env_sensor
2025-01-02T15:09:00,16.2,258.164,2.292,0.734,4.5929,LoRaWAN,smart_meter
2025-01-01T07:51:00,56.893,17.507,12.331,11.108,1.1116,MQTT,actuator
2025-01-01T03:37:00,113.64,18.372,1.228,10.317,0.5442,MQTT,actuator
2025-01-02T11:37:00,53.968,17.395,10.717,13.22,1.0051,MQTT,actuator
2025-01-01T02:11:00,113.546,17.166,2.229,4.435,1.2181,MQTT,actuator
2025-01-02T14:06:00,21.609,130.514,2.403,0.275,6.6287,LoRaWAN,smart_meter
2025-01-01T20:41:00,155.611,19.757,3.491,0.142,1.5044,MQTT,actuator
2025-01-01T05:27:00,66.621,15.886,0.1,1.971,2.5433,MQTT,env_sensor
2025-01-02T09:46:00,673.297,58.444,2.531,57.562,0.4806,HTTPS,gateway
2025-01-02T04:27:00,84.189,14.653,4.571,2.928,0.5509,MQTT,env_sensor
2025-01-02T00:20:00,277.888,59.028,8.541,0.05,1.1208,CoAP,gateway
2025-01-01T03:03:00,22.18,94.601,3.128,0.191,4.5502,MQTT,smart_meter
2025-01-02T02:53:00,110.538,13.248,7.79,7.119,1.2841,MQTT,actuator
2025-01-02T01:57:00,75.636,17.276,3.12,1.285,0.0,MQTT,env_sensor
2025-01-01T19:29:00,31.504,88.674,0.1,0.122,3.2559,MQTT,smart_meter
2025-01-02T17:29:00,42.894,160.471,4.917,0.63,4.2606,LoRaWAN,smart_meter
2025-01-01T09:18:00,1756.853,43.025,6.74,110.287,0.3284,HTTPS,camera
2025-01-01T13:22:00,135.665,13.049,9.884,11.98,0.7086,CoAP,actuator
2025-01-02T04:31:00,20.936,278.747,4.09,0.089,3.9185,LoRaWAN,smart_meter
2025-01-02T07:10:00,2813.719,90.382,3.231,147.273,0.5105,HTTPS,camera
2025-01-02T11:29:00,27.792,299.421,5.564,0.122,1.5561,LoRaWAN,smart_meter
2025-01-01T00:32:00,74.859,1.314,0.541,7.096,0.8569,MQTT,env_sensor
2025-01-01T18:09:00,686.21,56.082,0.1,30.14,0.7174,HTTPS,camera
2025-01-01T21:31:00,29.717,180.387,3.694,0.342,2.6726,LoRaWAN,smart_meter
2025-01-01T19:21:00,34.139,12.451,5.779,6.721,0.6387,MQTT,env_sensor
2025-01-02T00:31:00,44.406,22.428,2.831,1.88,3.1416,MQTT,env_sensor
2025-01-01T08:39:00,1327.801,71.46,4.637,111.1,0.2105,HTTPS,camera
2025-01-01T15:58:00,81.943,14.593,1.333,0.05,0.5265,MQTT,env_sensor
2025-01-02T14:42:00,2604.308,56.855,0.1,37.284,0.7427,HTTPS,camera
2025-01-01T09:56:00,95.144,22.321,5.4,3.723,1.8167,MQTT,env_sensor
2025-01-02T14:20:00,124.085,19.072,7.28,4.304,0.3302,MQTT,actuator
2025-01-02T09:01:00,2045.35,42.785,4.895,89.684,0.7128,HTTPS,camera
2025-01-02T01:14:00,105.474,18.623,3.417,10.81,0.8613,MQTT,actuator
2025-01-01T13:59:00,90.15,15.936,9.596,7.49,0.2309,MQTT,actuator
2025-01-01T20:32:00,117.068,10.847,5.264,6.001,1.0735,MQTT,actuator
2025-01-01T19:42:00,118.687,14.97,4.424,15.302,2.533,MQTT,actuator
2025-01-02T14:29:00,27.735,189.684,1.99,0.416,3.759,LoRaWAN,smart_meter
2025-01-01T15:01:00,12.38,163.646,1.862,0.31,0.8939,LoRaWAN,smart_meter
2025-01-01T20:48:00,88.073,11.965,3.513,4.121,0.2729,MQTT,env_sensor
2025-01-01T09:31:00,26.525,283.239,0.1,0.765,1.8515,LoRaWAN,smart_meter
2025-01-02T17:37:00,1020.411,4.425,20.705,73.831,1.1685,CoAP,gateway
2025-01-02T10:05:00,57.185,41.158,4.379,3.058,1.7139,MQTT,env_sensor
2025-01-01T21:44:00,1191.051,77.928,1.47,130.155,0.9033,HTTPS,camera
2025-01-02T10:38:00,120.398,24.11,7.3,4.707,1.2146,MQTT,actuator
2025-01-01T14:26:00,43.03,35.318,7.024,5.338,0.414,MQTT,env_sensor
2025-01-01T08:21:00,528.807,37.549,0.1,166.826,2.461,HTTPS,gateway
2025-01-02T16:34:00,112.363,15.43,5.228,7.597,1.206,MQTT,actuator
2025-01-02T02:48:00,1329.723,22.031,14.671,80.643,1.072,HTTPS,gateway
2025-01-02T12:59:00,688.91,35.611,1.352,132.684,1.1804,HTTPS,gateway
2025-01-01T10:30:00,104.55,23.454,4.161,17.792,0.0728,MQTT,actuator
2025-01-02T11:21:00,2018.075,60.113,2.058,164.765,0.9145,HTTPS,camera
2025-01-02T05:03:00,103.099,1.0,3.38,6.052,0.3496,MQTT,actuator
2025-01-01T01:06:00,1051.657,39.603,10.927,71.197,0.0,HTTPS,gateway
2025-01-02T08:32:00,47.638,23.769,1.776,3.07,0.0,MQTT,env_sensor
2025-01-02T12:44:00,81.339,36.354,2.491,8.84,2.2304,MQTT,env_sensor
2025-01-01T04:02:00,112.956,22.784,2.45,4.728,1.9659,MQTT,env_sensor
2025-01-02T00:23:00,1091.246,39.73,10.031,8.253,1.6386,MQTT,gateway
2025-01-02T16:05:00,8.0,60.345,5.512,48.15,1.9482,MQTT,gateway
2025-01-02T07:18:00,96.374,39.932,0.1,4.592,1.2993,MQTT,env_sensor
2025-01-01T05:59:00,1076.426,26.024,6.733,7.772,1.1261,MQTT,gateway
2025-01-01T09:31:00,2515.533,1.0,5.928,156.597,0.4032,HTTPS,camera
2025-01-01T09:35:00,654.202,94.48,6.268,18.221,0.3166,CoAP,camera
2025-01-02T07:35:00,76.135,14.401,6.173,15.658,0.952,MQTT,actuator
2025-01-02T04:54:00,903.799,63.805,9.726,8.007,0.1578,CoAP,gateway
2025-01-02T08:50:00,62.756,17.748,1.524,2.678,2.6526,MQTT,env_sensor
2025-01-01T17:05:00,51.375,6.611,1.841,6.005,0.6822,MQTT,env_sensor
2025-01-02T14:46:00,890.268,33.6,0.1,137.596,1.2193,HTTPS,gateway
2025-01-01T10:15:00,79.455,12.738,0.1,4.167,0.758,MQTT,env_sensor
2025-01-02T00:12:00,106.08,19.435,3.638,0.05,1.5385,MQTT,env_sensor
2025-01-01T02:09:00,1276.506,16.939,15.125,22.15,1.3892,MQTT,gateway
2025-01-01T22:01:00,36.822,128.269,1.69,0.262,3.5448,LoRaWAN,smart_meter
2025-01-02T06:17:00,1860.088,61.059,6.829,22.238,1.1237,CoAP,camera
2025-01-01T11:43:00,754.43,12.839,7.471,23.659,0.6932,CoAP,gateway
2025-01-02T01:27:00,36.049,154.682,3.343,0.05,2.9484,LoRaWAN,smart_meter
2025-01-02T14:45:00,73.948,11.705,2.464,3.371,1.156,MQTT,env_sensor
2025-01-01T10:50:00,1310.132,58.615,15.091,47.071,1.4208,CoAP,gateway
2025-01-01T11:27:00,439.155,36.006,5.9,63.882,0.4025,HTTPS,gateway
2025-01-01T08:07:00,103.648,12.834,7.235,9.813,1.9539,CoAP,actuator
2025-01-01T22:57:00,86.136,29.658,1.935,3.026,1.4437,MQTT,env_sensor
2025-01-01T18:31:00,34.292,275.015,3.597,0.51,2.7041,LoRaWAN,smart_meter
2025-01-01T23:28:00,34.142,229.58,0.816,0.05,2.767,LoRaWAN,smart_meter
2025-01-02T00:24:00,696.662,22.802,7.867,83.957,0.0,CoAP,gateway
2025-01-01T10:37:00,32.863,31.873,3.134,3.522,0.0,MQTT,env_sensor
2025-01-02T13:09:00,915.621,41.713,10.642,114.756,0.9288,HTTPS,gateway
2025-01-01T05:37:00,2045.601,55.495,4.665,98.158,0.0,HTTPS,camera
2025-01-02T14:55:00,91.106,21.85,5.761,9.776,1.7729,MQTT,actuator
2025-01-02T09:31:00,88.141,18.686,10.417,3.447,0.5977,MQTT,actuator
2025-01-01T07:36:00,691.66,63.681,6.589,140.899,1.7327,CoAP,gateway
2025-01-02T08:58:00,66.045,35.046,5.175,5.32,1.0734,MQTT,env_sensor
2025-01-02T16:06:00,102.128,6.554,7.993,11.809,1.4515,MQTT,actuator
2025-01-01T04:34:00,1520.538,39.198,0.179,171.633,0.8233,HTTPS,camera
2025-01-01T01:29:00,60.322,21.279,2.686,3.023,0.7876,MQTT,env_sensor
2025-01-02T12:34:00,1448.661,54.884,5.019,59.344,0.8353,HTTPS,camera
2025-01-01T00:38:00,119.141,32.344,0.1,8.324,0.0,MQTT,env_sensor
2025-01-01T22:00:00,29.69,155.783,2.666,0.389,0.6168,LoRaWAN,smart_meter
2025-01-02T08:05:00,1491.388,50.319,4.906,174.683,0.0,HTTPS,camera
2025-01-01T07:08:00,1581.027,32.846,6.02,52.315,0.0,HTTPS,gateway
2025-01-01T11:12:00,144.257,23.481,0.253,11.12,1.4203,MQTT,actuator
2025-01-02T03:09:00,29.794,231.359,1.488,0.68,2.5857,LoRaWAN,smart_meter
2025-01-01T16:21:00,1525.475,20.774,8.374,75.426,1.9781,HTTPS,gateway
2025-01-02T00:20:00,140.341,15.062,9.7,7.394,2.2267,MQTT,actuator
2025-01-01T02:03:00,36.312,146.9,1.794,0.456,2.9633,LoRaWAN,smart_meter
2025-01-01T02:14:00,62.943,16.632,0.1,0.649,1.4679,MQTT,env_sensor
2025-01-02T09:38:00,147.658,17.856,4.951,6.883,1.381,MQTT,actuator
2025-01-02T13:36:00,39.952,18.197,0.43,4.474,1.175,MQTT,env_sensor
2025-01-02T17:28:00,1844.932,26.05,3.098,90.615,0.2372,HTTPS,camera
2025-01-02T03:55:00,130.082,18.323,7.622,9.217,1.0969,MQTT,actuator
2025-01-01T10:02:00,136.917,27.536,0.388,5.809,0.613,MQTT,env_sensor
2025-01-01T03:30:00,89.825,44.759,0.348,5.362,3.4227,MQTT,env_sensor
2025-01-01T17:36:00,78.146,5.202,4.91,6.342,1.1359,MQTT,actuator
2025-01-02T06:26:00,76.815,13.539,2.052,0.504,1.672,MQTT,env_sensor
2025-01-01T10:44:00,389.36,17.929,4.172,121.341,1.3896,MQTT,camera
2025-01-02T17:37:00,79.778,16.746,1.569,3.465,1.8319,MQTT,env_sensor
2025-01-02T06:17:00,60.805,63.507,5.458,105.453,0.0,HTTPS,gateway
2025-01-01T12:45:00,25.758,215.421,2.085,0.05,4.5891,LoRaWAN,smart_meter
2025-01-01T23:29:00,23.132,219.042,2.135,0.355,0.5367,LoRaWAN,smart_meter
2025-01-02T08:02:00,1310.627,58.844,13.154,42.257,1.5785,CoAP,gateway
2025-01-01T10:20:00,300.531,49.015,1.749,94.871,0.0,HTTPS,gateway
2025-01-02T05:05:00,29.265,198.958,1.832,0.882,1.944,LoRaWAN,smart_meter
2025-01-02T09:28:00,167.372,11.337,9.466,5.595,0.7991,MQTT,actuator
2025-01-02T01:28:00,631.801,15.915,11.363,114.445,2.472,CoAP,gateway
2025-01-01T20:45:00,84.77,11.155,3.34,4.945,0.1584,MQTT,actuator
2025-01-01T21:17:00,8.0,92.885,7.386,16.17,0.8191,MQTT,gateway
2025-01-01T18:49:00,2600.913,93.684,2.182,143.625,0.2823,HTTPS,camera
2025-01-02T09:37:00,68.246,26.843,1.285,0.367,1.2306,MQTT,env_sensor
2025-01-02T09:41:00,95.16,8.074,6.702,9.4,1.6513,MQTT,actuator
2025-01-02T13:19:00,88.98,19.529,8.831,5.217,0.6734,MQTT,actuator
2025-01-02T06:19:00,86.305,11.27,5.189,13.216,0.3007,MQTT,actuator
2025-01-01T01:05:00,1203.671,46.616,9.043,69.343,0.1116,HTTPS,gateway
2025-01-01T13:26:00,664.079,48.651,15.774,68.546,2.7242,CoAP,gateway
2025-01-02T11:38:00,26.288,256.195,3.253,0.607,0.3869,LoRaWAN,smart_meter
2025-01-02T00:50:00,2390.47,79.371,4.246,103.776,1.4211,HTTPS,camera
2025-01-01T16:06:00,136.463,20.71,11.49,10.499,1.2474,CoAP,actuator
2025-01-01T18:23:00,138.017,6.094,11.415,8.418,0.8696,MQTT,actuator
2025-01-01T10:26:00,28.166,114.794,1.472,0.477,5.4104,LoRaWAN,smart_meter
2025-01-02T10:51:00,103.14,17.64,4.188,0.05,1.9894,MQTT,env_sensor
2025-01-02T07:11:00,1800.694,48.27,1.058,51.798,0.6895,HTTPS,camera
2025-01-02T02:56:00,33.614,248.491,1.701,0.336,1.2663,LoRaWAN,smart_meter
2025-01-02T17:14:00,953.591,25.093,0.592,175.492,0.613,HTTPS,camera
2025-01-01T06:38:00,1082.592,44.949,12.228,120.973,1.1948,HTTPS,gateway
2025-01-02T07:30:00,37.786,300.327,2.643,0.205,5.7903,LoRaWAN,smart_meter
2025-01-02T00:42:00,1483.366,28.321,6.449,0.941,0.0,HTTPS,camera
2025-01-02T03:33:00,81.866,25.99,5.36,0.05,1.6269,MQTT,actuator
2025-01-01T11:39:00,1053.242,53.752,0.1,190.922,0.6598,HTTPS,camera
2025-01-01T10:06:00,1479.928,74.91,2.321,44.538,0.0,HTTPS,gateway
2025-01-02T17:26:00,100.708,10.136,10.456,5.226,0.0,MQTT,actuator
2025-01-02T14:29:00,1554.639,23.322,6.98,71.268,1.5011,HTTPS,gateway
2025-01-02T13:56:00,44.771,205.532,2.39,0.336,3.5652,LoRaWAN,smart_meter
2025-01-01T19:12:00,738.963,62.802,2.222,0.05,0.7493,HTTPS,gateway
2025-01-01T01:56:00,504.847,14.842,5.916,91.853,1.2913,CoAP,gateway
2025-01-01T18:29:00,1316.47,56.033,5.835,79.337,0.0549,HTTPS,camera
2025-01-02T15:34:00,126.526,25.735,2.111,5.696,0.832,MQTT,actuator
2025-01-01T23:54:00,1134.978,69.533,1.369,0.05,0.9786,HTTPS,camera
2025-01-01T05:19:00,8.0,52.32,2.141,40.606,0.4248,HTTPS,gateway
2025-01-01T05:10:00,121.928,20.966,1.675,11.077,0.0,MQTT,actuator
2025-01-01T18:13:00,68.86,27.852,3.001,5.154,1.7973,MQTT,env_sensor
2025-01-01T10:21:00,2655.488,47.519,5.076,27.258,0.6226,HTTPS,camera
2025-01-01T01:41:00,1098.377,45.863,13.237,0.05,2.3747,CoAP,gateway
2025-01-01T04:25:00,107.895,17.496,7.692,2.286,1.3013,MQTT,actuator
2025-01-02T04:24:00,97.767,18.164,3.722,10.926,0.5283,MQTT,actuator
2025-01-02T10:56:00,119.531,21.419,3.576,11.106,0.0,MQTT,actuator
2025-01-01T13:44:00,26.855,239.494,2.106,0.832,2.1675,LoRaWAN,smart_meter
2025-01-01T07:15:00,1681.326,101.434,0.22,85.417,0.3974,HTTPS,camera
2025-01-02T08:04:00,660.807,40.257,16.009,81.736,0.8022,HTTPS,gateway
2025-01-01T01:56:00,19.177,150.811,2.206,0.459,5.8631,LoRaWAN,smart_meter
2025-01-01T04:24:00,1538.321,4.613,5.888,197.893,0.2954,HTTPS,camera
2025-01-02T12:13:00,2087.262,86.019,3.442,151.22,0.8744,HTTPS,camera
2025-01-01T01:36:00,344.174,37.162,11.03,64.269,1.2448,CoAP,gateway
2025-01-01T23:28:00,1851.361,37.86,2.735,121.944,2.4652,HTTPS,gateway
2025-01-02T15:31:00,38.999,147.782,2.938,0.408,3.968,LoRaWAN,smart_meter
2025-01-02T12:09:00,89.823,24.818,3.265,4.374,2.2008,MQTT,env_sensor
2025-01-01T21:39:00,42.967,39.574,0.948,5.106,0.0,HTTPS,env_sensor
2025-01-01T17:04:00,40.098,262.506,1.568,0.399,3.0228,LoRaWAN,smart_meter
2025-01-02T01:57:00,101.921,14.493,8.157,9.268,0.4973,MQTT,actuator
2025-01-01T09:52:00,37.307,163.605,3.613,0.221,4.8605,LoRaWAN,smart_meter
2025-01-02T05:33:00,426.659,39.855,2.059,121.865,1.8308,CoAP,gateway
2025-01-02T09:29:00,1705.232,44.396,3.31,29.447,0.0,HTTPS,gateway
2025-01-02T09:42:00,21.057,240.075,1.166,0.174,5.6767,LoRaWAN,smart_meter
2025-01-02T05:59:00,1915.39,34.795,1.931,37.778,0.8562,HTTPS,camera
2025-01-02T14:42:00,92.453,22.911,4.051,6.965,0.4244,MQTT,actuator
2025-01-01T00:08:00,39.216,36.016,4.591,5.19,3.8351,MQTT,env_sensor
2025-01-02T17:29:00,1571.67,31.508,3.79,76.425,0.7732,HTTPS,camera
2025-01-02T01:08:00,18.178,234.594,1.153,0.06,3.5141,LoRaWAN,smart_meter
2025-01-01T02:07:00,40.989,236.362,3.933,0.404,1.2308,LoRaWAN,smart_meter
2025-01-02T13:13:00,2126.287,56.571,10.276,0.05,0.0,HTTPS,gateway
2025-01-02T16:37:00,20.806,111.183,0.495,0.613,0.7291,LoRaWAN,smart_meter
2025-01-01T18:15:00,2791.867,86.19,3.69,147.856,1.8331,HTTPS,camera
2025-01-01T14:02:00,2955.07,58.964,4.167,113.683,0.8866,HTTPS,camera
2025-01-02T09:43:00,29.374,149.146,2.829,0.521,0.0,LoRaWAN,smart_meter
2025-01-02T00:50:00,144.4,25.909,4.928,7.663,0.7386,MQTT,actuator
2025-01-01T10:36:00,381.418,2.885,12.228,156.269,1.5538,CoAP,gateway
2025-01-01T10:34:00,1167.965,53.997,8.71,6.376,2.4101,CoAP,gateway
2025-01-01T01:02:00,20.254,214.583,0.226,0.202,2.0407,LoRaWAN,smart_meter
2025-01-01T23:52:00,137.247,16.495,6.408,7.743,0.3672,CoAP,actuator
2025-01-01T00:44:00,102.882,12.284,1.978,1.625,3.8055,MQTT,env_sensor
2025-01-01T21:41:00,185.366,30.451,10.437,101.496,1.7858,CoAP,gateway
2025-01-01T00:57:00,1932.543,42.533,4.828,185.944,1.2789,HTTPS,camera
2025-01-02T14:46:00,80.971,19.208,7.555,9.625,1.1617,MQTT,actuator
2025-01-02T05:13:00,1297.205,46.087,18.662,130.299,0.2171,HTTPS,gateway
2025-01-02T13:48:00,1254.079,60.75,1.674,179.002,0.167,HTTPS,camera
2025-01-01T18:52:00,106.436,14.264,3.72,4.615,1.5925,MQTT,env_sensor
2025-01-02T00:37:00,567.049,46.258,4.784,34.825,0.0623,HTTPS,gateway
2025-01-01T05:45:00,304.782,69.424,6.723,8.409,0.7753,CoAP,gateway
2025-01-02T06:32:00,91.378,30.379,0.1,1.933,2.5596,MQTT,env_sensor
2025-01-01T19:36:00,87.921,28.251,4.44,4.681,1.8458,MQTT,env_sensor
2025-01-01T03:42:00,23.52,218.729,2.313,0.657,3.0127,LoRaWAN,smart_meter
2025-01-02T14:30:00,1310.769,38.593,8.857,142.138,1.4333,HTTPS,gateway
2025-01-01T02:00:00,36.948,41.755,5.469,0.301,3.9638,CoAP,smart_meter
2025-01-02T04:52:00,106.391,19.379,5.969,10.301,0.3383,MQTT,actuator
2025-01-01T09:32:00,1154.557,61.856,2.955,92.341,1.5467,HTTPS,gateway
2025-01-01T22:06:00,1804.635,67.463,5.865,99.156,2.708,HTTPS,gateway
2025-01-02T05:49:00,84.699,13.23,3.656,2.449,2.148,MQTT,env_sensor
2025-01-02T14:03:00,31.032,190.534,2.938,1.032,5.4137,LoRaWAN,smart_meter
2025-01-01T14:33:00,1778.433,73.183,0.699,101.918,0.7694,HTTPS,camera
2025-01-02T12:24:00,1263.386,31.767,8.771,166.937,0.0,HTTPS,gateway
2025-01-02T09:05:00,97.752,20.361,5.164,7.86,1.9079,MQTT,env_sensor
2025-01-02T03:40:00,1286.437,43.243,7.911,44.379,0.4124,HTTPS,camera
2025-01-01T21:59:00,2575.749,31.757,4.325,147.938,1.2865,HTTPS,camera
2025-01-01T10:41:00,99.451,18.083,2.615,8.031,1.1906,MQTT,actuator
2025-01-02T13:45:00,64.168,23.786,1.72,7.274,0.5258,MQTT,env_sensor
2025-01-01T00:00:00,2560.096,27.734,7.659,98.307,0.775,HTTPS,camera
2025-01-02T01:22:00,581.819,49.633,1.01,116.912,1.8772,HTTPS,gateway
2025-01-02T08:51:00,1367.966,56.84,7.804,135.552,1.3044,HTTPS,gateway
2025-01-02T15:45:00,844.665,34.433,10.593,103.167,0.8606,HTTPS,gateway
2025-01-02T03:26:00,1998.535,10.468,7.434,72.546,3.0448,HTTPS,gateway
2025-01-02T10:17:00,2519.838,20.055,0.1,239.274,0.3742,HTTPS,camera
2025-01-01T21:46:00,1750.108,70.87,5.495,127.621,0.1396,HTTPS,camera
2025-01-01T06:22:00,36.74,31.702,5.235,2.179,0.387,MQTT,actuator
2025-01-01T21:10:00,277.617,37.833,7.301,0.05,2.3471,CoAP,gateway
2025-01-01T04:26:00,11.3,192.224,2.655,0.05,4.3529,LoRaWAN,smart_meter
2025-01-02T00:33:00,81.729,32.051,0.815,1.074,1.0032,MQTT,env_sensor
2025-01-02T08:12:00,25.134,190.118,2.144,0.641,0.9014,LoRaWAN,smart_meter
2025-01-01T06:31:00,1145.38,63.86,0.1,0.05,0.0,HTTPS,gateway
2025-01-01T11:30:00,54.686,23.685,1.663,5.382,0.7963,MQTT,env_sensor
2025-01-02T06:07:00,24.358,219.109,0.699,0.471,0.699,LoRaWAN,smart_meter
2025-01-01T05:20:00,2022.948,23.256,0.1,94.657,0.379,HTTPS,camera
2025-01-01T15:17:00,1874.719,28.581,5.56,23.408,0.8576,HTTPS,camera
2025-01-01T06:14:00,2020.043,61.897,9.397,121.11,1.0044,HTTPS,camera
2025-01-02T01:09:00,147.551,5.59,2.259,0.05,0.7913,MQTT,actuator
2025-01-01T10:04:00,104.231,12.139,7.231,2.783,0.2405,MQTT,actuator
2025-01-02T16:45:00,1977.363,51.312,5.076,68.644,1.3486,HTTPS,gateway
2025-01-02T06:27:00,128.958,19.554,5.142,2.695,0.247,MQTT,actuator
2025-01-02T10:28:00,38.083,113.843,1.085,0.05,1.9998,LoRaWAN,smart_meter
2025-01-02T17:06:00,33.6,35.762,3.089,4.047,1.255,MQTT,env_sensor
2025-01-02T10:58:00,30.88,164.226,0.177,0.05,1.9349,LoRaWAN,smart_meter
2025-01-02T07:18:00,637.437,43.963,8.166,222.285,1.316,CoAP,camera
2025-01-01T07:43:00,57.332,23.26,6.379,2.153,1.4924,MQTT,env_sensor
2025-01-01T11:21:00,1468.194,55.316,8.89,64.434,0.9305,HTTPS,gateway
2025-01-01T14:11:00,90.104,1.0,8.298,5.17,0.5431,MQTT,actuator
2025-01-02T14:23:00,45.391,29.109,4.2,5.075,0.9046,MQTT,env_sensor
2025-01-01T06:18:00,247.512,37.345,17.215,108.158,2.7449,MQTT,gateway
2025-01-01T00:00:00,21.655,105.201,3.996,0.05,2.7222,LoRaWAN,smart_meter
2025-01-01T17:42:00,581.502,44.973,10.289,52.218,0.1536,HTTPS,gateway
2025-01-01T09:01:00,1201.378,57.641,2.817,41.167,2.2668,MQTT,gateway
2025-01-01T04:44:00,46.884,130.175,2.78,0.976,4.2341,LoRaWAN,smart_meter
2025-01-02T00:58:00,712.193,26.701,0.61,69.266,1.6453,CoAP,gateway
2025-01-01T03:39:00,1310.232,59.866,3.617,3.674,0.555,HTTPS,camera
2025-01-02T02:52:00,2176.836,26.465,6.956,200.342,0.0,HTTPS,camera
2025-01-02T10:02:00,1241.594,25.677,3.636,81.049,1.8118,HTTPS,gateway
2025-01-02T02:48:00,9.79,281.467,1.113,0.149,0.0,LoRaWAN,smart_meter
2025-01-01T15:08:00,102.745,1.0,1.327,7.421,0.0,MQTT,actuator
2025-01-01T09:44:00,1559.454,66.656,5.167,17.564,0.0,HTTPS,gateway
2025-01-02T15:14:00,34.928,153.194,1.287,0.326,1.372,LoRaWAN,smart_meter
2025-01-02T15:45:00,109.995,33.812,9.242,6.91,1.7377,MQTT,actuator
2025-01-01T01:39:00,19.625,155.815,3.351,0.05,2.5181,LoRaWAN,smart_meter
2025-01-02T02:54:00,1359.262,57.84,2.333,59.15,0.0,HTTPS,camera
2025-01-02T01:53:00,997.863,39.023,5.864,73.789,1.9096,CoAP,gateway
2025-01-02T10:54:00,1403.398,47.496,5.395,143.006,0.7689,HTTPS,camera
2025-01-02T03:00:00,2923.955,28.173,0.1,160.721,0.2629,HTTPS,camera
2025-01-02T05:23:00,70.657,16.483,0.68,7.393,2.8211,MQTT,env_sensor
2025-01-01T11:01:00,1316.785,54.476,4.325,51.819,1.4391,HTTPS,gateway
2025-01-01T07:45:00,606.748,4.515,7.21,65.47,0.0,CoAP,gateway
2025-01-01T12:16:00,140.287,17.311,0.1,5.978,1.3321,MQTT,actuator
2025-01-02T02:48:00,97.925,39.79,1.685,5.493,0.3338,MQTT,env_sensor
2025-01-02T13:18:00,699.343,43.485,0.1,96.929,0.5506,HTTPS,camera
2025-01-01T21:49:00,991.453,93.294,2.279,222.929,0.6074,HTTPS,camera
2025-01-02T05:44:00,2010.188,74.52,5.996,52.038,0.0,HTTPS,camera
2025-01-02T04:06:00,82.55,13.093,1.821,4.323,2.435,MQTT,env_sensor
2025-01-01T10:12:00,21.732,170.237,2.29,0.409,2.7669,LoRaWAN,smart_meter
2025-01-02T02:17:00,2811.518,65.541,5.641,101.369,0.9417,HTTPS,camera
2025-01-02T03:16:00,762.129,58.201,10.74,0.05,1.5753,CoAP,gateway
2025-01-02T16:26:00,137.116,7.318,9.547,7.734,0.1542,MQTT,actuator
2025-01-02T00:29:00,1030.157,63.462,10.606,19.367,0.4573,HTTPS,camera
2025-01-02T14:50:00,2584.965,82.458,0.263,135.443,1.2306,HTTPS,camera
2025-01-02T00:08:00,90.507,26.688,4.248,8.219,0.0,MQTT,actuator
2025-01-01T12:32:00,71.688,29.81,4.837,2.167,0.8961,MQTT,env_sensor
2025-01-01T06:43:00,70.733,56.614,0.1,1.788,1.7963,MQTT,env_sensor
2025-01-02T15:08:00,1712.979,46.392,5.748,97.831,1.8011,HTTPS,gateway
2025-01-01T00:28:00,18.16,157.769,4.731,0.52,4.2917,LoRaWAN,smart_meter
2025-01-01T10:18:00,110.416,30.341,4.515,7.906,1.56,MQTT,actuator
2025-01-01T02:42:00,120.081,13.539,8.48,1.675,0.0,CoAP,actuator
2025-01-01T13:00:00,59.511,23.295,3.158,4.018,1.8986,MQTT,env_sensor
2025-01-01T18:24:00,18.465,26.255,2.978,0.502,1.1168,MQTT,env_sensor
2025-01-01T16:47:00,116.66,20.216,4.9,11.089,0.4289,MQTT,actuator
2025-01-02T02:25:00,455.867,56.731,5.759,120.505,1.944,CoAP,gateway
2025-01-02T03:14:00,110.689,31.856,4.159,9.298,1.2646,MQTT,actuator
2025-01-01T12:46:00,1960.699,88.373,7.832,187.307,0.218,HTTPS,camera
2025-01-02T11:11:00,72.984,32.621,4.289,3.422,0.0,MQTT,env_sensor
2025-01-01T06:45:00,107.896,30.46,8.151,5.714,0.8831,CoAP,actuator
2025-01-02T02:18:00,73.567,15.118,3.246,5.485,2.3396,MQTT,env_sensor
2025-01-02T04:17:00,1282.848,69.927,13.952,63.097,2.9452,HTTPS,gateway
2025-01-01T22:15:00,2228.914,49.062,6.895,57.672,2.9249,HTTPS,gateway
2025-01-01T13:21:00,1143.829,13.554,12.844,18.615,0.859,HTTPS,gateway
2025-01-01T06:59:00,1002.716,32.689,3.866,87.734,1.0406,HTTPS,gateway
2025-01-01T03:14:00,957.878,57.128,5.902,119.134,2.3233,CoAP,gateway
2025-01-01T20:53:00,126.403,5.941,6.039,9.931,0.9679,MQTT,actuator
2025-01-02T13:56:00,1070.603,60.408,2.898,179.906,0.6737,HTTPS,camera
2025-01-02T12:49:00,1991.244,39.392,0.1,129.324,0.333,HTTPS,camera
2025-01-01T23:57:00,97.723,12.324,4.833,11.247,0.2465,MQTT,actuator
2025-01-01T22:20:00,594.533,69.791,7.527,144.436,0.5369,HTTPS,gateway
2025-01-02T05:24:00,766.177,126.011,1.089,46.011,0.2697,HTTPS,camera
2025-01-01T03:11:00,77.159,23.947,4.766,6.553,0.8257,MQTT,env_sensor
2025-01-02T05:59:00,27.556,204.407,4.358,0.594,3.1807,LoRaWAN,smart_meter
2025-01-01T05:20:00,74.508,29.799,0.1,3.775,1.0417,MQTT,env_sensor
2025-01-02T05:02:00,50.867,1.0,2.328,6.129,1.2535,MQTT,env_sensor
2025-01-01T13:45:00,133.391,22.711,0.1,31.68,0.5122,MQTT,gateway
2025-01-01T15:04:00,72.355,29.434,2.478,0.05,1.1711,MQTT,env_sensor
2025-01-01T11:36:00,135.188,31.024,8.53,4.091,1.3899,CoAP,actuator
2025-01-01T11:09:00,1759.795,105.748,0.1,162.496,0.3555,HTTPS,camera
2025-01-01T09:03:00,1079.751,46.604,8.923,139.426,0.367,HTTPS,camera
2025-01-01T12:18:00,8.0,49.573,0.1,89.205,2.5531,MQTT,gateway
2025-01-01T23:58:00,858.786,49.295,9.624,101.995,0.0,HTTPS,gateway
2025-01-01T14:36:00,1040.491,63.191,3.501,104.54,0.0,HTTPS,gateway
2025-01-01T11:59:00,90.944,21.396,9.398,9.566,1.3164,CoAP,actuator
2025-01-01T01:55:00,41.314,126.443,1.988,0.35,6.4606,LoRaWAN,smart_meter
2025-01-01T07:50:00,2962.158,105.244,0.1,110.993,0.9737,HTTPS,camera
2025-01-01T18:46:00,1377.863,93.446,10.071,50.85,1.0355,HTTPS,gateway
2025-01-01T00:30:00,1748.869,23.68,9.04,101.268,1.0101,MQTT,gateway
2025-01-02T05:48:00,176.372,15.9,7.863,111.507,2.5436,MQTT,gateway
2025-01-01T04:37:00,142.276,21.731,4.978,1.48,0.0,MQTT,actuator
2025-01-01T17:09:00,1631.711,74.552,2.42,35.779,0.5825,HTTPS,camera
2025-01-01T14:39:00,1172.815,24.047,9.152,64.303,0.0,HTTPS,gateway
2025-01-02T08:53:00,35.694,224.38,1.481,0.217,2.7112,LoRaWAN,smart_meter
2025-01-02T14:23:00,121.391,21.257,8.854,5.373,1.0627,MQTT,actuator
2025-01-02T00:05:00,2367.803,58.853,0.1,68.184,0.4953,HTTPS,camera
2025-01-01T08:53:00,2183.974,60.753,1.922,41.566,1.1299,HTTPS,camera
2025-01-02T08:18:00,33.007,234.984,1.935,0.843,4.9734,LoRaWAN,smart_meter
2025-01-01T11:13:00,28.039,108.18,0.168,0.147,0.0,LoRaWAN,smart_meter
2025-01-01T15:04:00,907.574,39.93,0.1,14.171,1.7589,CoAP,gateway
2025-01-01T16:51:00,44.584,7.41,2.198,2.471,1.9441,MQTT,env_sensor
2025-01-02T07:33:00,1493.171,42.337,6.078,214.298,0.3107,HTTPS,camera
2025-01-01T03:58:00,932.933,77.028,0.92,94.852,0.7972,HTTPS,camera
2025-01-02T05:20:00,84.209,7.97,0.941,8.981,0.3853,MQTT,env_sensor
2025-01-01T18:36:00,3471.994,14.06,3.142,219.591,0.3813,HTTPS,camera
2025-01-01T20:15:00,32.455,22.764,5.825,2.83,2.1625,CoAP,env_sensor
2025-01-01T22:36:00,1642.472,65.496,3.998,131.647,0.778,HTTPS,camera
2025-01-01T05:50:00,19.379,179.838,3.093,0.115,0.9653,LoRaWAN,smart_meter
2025-01-01T18:59:00,2305.667,90.552,9.5,110.571,1.4384,HTTPS,camera
2025-01-01T23:21:00,1276.426,78.767,5.076,17.452,0.9089,HTTPS,camera
2025-01-02T12:25:00,116.131,21.932,3.141,0.05,0.9956,MQTT,actuator
2025-01-02T08:04:00,18.236,158.563,0.1,0.05,2.8453,LoRaWAN,smart_meter
2025-01-01T20:21:00,36.71,254.077,1.781,0.522,10.335,LoRaWAN,smart_meter
2025-01-01T23:42:00,55.213,32.734,3.752,4.894,1.2982,MQTT,env_sensor
2025-01-01T15:58:00,659.252,41.943,1.731,130.032,2.7646,HTTPS,gateway
2025-01-01T04:05:00,95.996,27.769,9.233,9.329,0.0,CoAP,actuator
2025-01-01T06:27:00,26.139,190.799,2.996,0.733,0.0,LoRaWAN,smart_meter
2025-01-01T17:27:00,82.45,32.085,4.088,3.263,0.0,MQTT,env_sensor
2025-01-01T22:17:00,29.229,152.638,2.33,0.095,0.9143,LoRaWAN,smart_meter
2025-01-02T15:10:00,66.319,33.06,3.149,8.176,1.9708,CoAP,env_sensor
2025-01-01T21:22:00,102.517,18.951,10.82,9.235,0.2615,CoAP,actuator
2025-01-02T10:07:00,49.633,13.73,2.405,5.655,0.2735,MQTT,env_sensor
2025-01-01T04:50:00,119.63,8.288,3.246,9.292,2.0852,MQTT,actuator
2025-01-01T11:45:00,36.899,4.342,1.879,4.772,3.0108,MQTT,env_sensor
2025-01-02T14:20:00,2165.745,97.095,5.922,95.217,0.4081,HTTPS,camera
2025-01-02T01:22:00,2534.014,90.856,7.842,156.491,1.3583,HTTPS,camera
2025-01-02T13:26:00,134.656,23.008,3.558,8.276,1.5953,MQTT,actuator
2025-01-01T00:46:00,144.922,28.129,1.409,3.781,0.7539,MQTT,actuator
2025-01-01T21:18:00,2644.734,68.842,5.528,158.83,0.5015,HTTPS,camera
2025-01-01T15:18:00,85.384,18.587,3.263,2.742,2.2857,MQTT,env_sensor
2025-01-02T01:40:00,168.37,22.468,1.644,7.875,1.1989,MQTT,actuator
2025-01-02T04:54:00,27.236,166.977,0.217,0.235,1.3486,LoRaWAN,smart_meter
2025-01-01T09:23:00,2288.516,52.628,5.85,126.791,0.4466,HTTPS,camera
2025-01-02T17:22:00,617.272,53.131,3.307,83.748,0.0,HTTPS,gateway
2025-01-01T11:31:00,30.815,23.285,1.49,1.135,0.8348,MQTT,env_sensor
2025-01-02T04:18:00,1011.403,40.332,6.379,141.316,0.1371,HTTPS,camera
2025-01-01T18:12:00,437.183,54.718,0.316,12.952,1.3586,CoAP,camera
2025-01-01T18:22:00,92.556,14.448,6.257,15.259,1.7559,CoAP,actuator
2025-01-01T20:53:00,24.3,143.235,4.165,0.767,3.7255,LoRaWAN,smart_meter
2025-01-02T02:13:00,142.327,2.622,8.995,12.967,0.0,CoAP,actuator
2025-01-01T00:21:00,33.253,118.634,0.732,0.526,3.3791,LoRaWAN,smart_meter
2025-01-02T09:17:00,1473.077,82.034,6.875,180.118,0.9505,HTTPS,camera
2025-01-02T07:50:00,113.963,10.181,9.184,5.084,0.7073,MQTT,actuator
2025-01-01T15:29:00,1527.254,64.192,1.596,135.478,0.921,HTTPS,camera
2025-01-01T10:07:00,53.452,17.576,3.156,4.836,2.2148,MQTT,env_sensor
2025-01-01T19:25:00,91.387,30.236,2.502,5.381,1.9828,MQTT,env_sensor
2025-01-01T22:43:00,1986.453,42.705,4.078,152.643,0.7178,HTTPS,camera
2025-01-02T14:36:00,610.842,30.001,12.905,16.809,0.5489,CoAP,gateway
2025-01-01T17:17:00,95.207,21.19,8.24,14.054,0.2905,MQTT,actuator
2025-01-02T01:37:00,3885.98,36.429,6.913,149.851,0.2647,HTTPS,camera
2025-01-02T14:10:00,126.091,28.229,0.1,7.241,0.3117,MQTT,env_sensor
2025-01-01T01:40:00,12.342,190.395,2.517,0.584,0.9684,LoRaWAN,smart_meter
2025-01-02T10:05:00,391.72,41.578,0.1,113.437,0.4156,HTTPS,camera
2025-01-02T14:06:00,1554.446,47.388,11.227,18.127,0.4886,HTTPS,gateway
2025-01-01T15:51:00,43.043,46.819,0.1,7.524,0.6193,MQTT,env_sensor
2025-01-02T02:01:00,1469.271,81.639,4.671,158.481,0.0764,HTTPS,camera
2025-01-01T19:46:00,75.141,9.277,4.08,0.05,0.4646,MQTT,env_sensor
2025-01-01T10:56:00,2720.681,95.388,9.082,35.732,1.677,CoAP,camera
2025-01-01T10:04:00,25.898,202.684,0.1,0.628,0.5279,LoRaWAN,smart_meter
2025-01-02T16:30:00,93.757,21.177,2.457,10.215,0.0,MQTT,env_sensor
2025-01-02T17:38:00,54.326,43.836,0.1,1.677,1.8564,MQTT,env_sensor
2025-01-02T13:03:00,38.586,17.41,1.338,8.075,0.0,MQTT,env_sensor
2025-01-01T22:48:00,62.982,26.678,2.665,5.2,0.3199,MQTT,env_sensor
2025-01-02T02:34:00,1562.603,110.496,7.509,229.868,0.8528,HTTPS,camera
2025-01-01T05:28:00,707.997,85.686,2.748,194.693,0.2256,HTTPS,camera
2025-01-01T18:16:00,404.718,9.008,3.008,4.941,0.3495,MQTT,gateway
2025-01-02T05:07:00,38.012,223.986,0.1,0.687,2.9428,LoRaWAN,smart_meter
2025-01-01T05:45:00,221.799,47.204,0.1,103.002,0.0,HTTPS,camera
2025-01-01T13:30:00,70.721,35.157,2.557,8.674,0.1868,MQTT,env_sensor
2025-01-02T06:44:00,97.053,24.266,1.935,7.42,1.5701,MQTT,actuator
2025-01-02T10:11:00,34.243,108.924,3.62,0.573,3.1759,LoRaWAN,smart_meter
2025-01-02T01:47:00,42.975,32.139,3.459,1.909,0.0,HTTPS,env_sensor
2025-01-02T16:58:00,100.69,11.187,5.687,10.877,0.1343,MQTT,actuator
2025-01-01T04:17:00,71.715,11.992,2.034,1.989,1.3078,MQTT,env_sensor
2025-01-02T17:09:00,944.337,51.288,0.1,48.989,0.5583,HTTPS,gateway
2025-01-02T14:08:00,139.112,18.036,8.374,4.237,1.6934,MQTT,actuator
2025-01-01T23:08:00,1100.955,52.436,0.942,84.82,0.7492,HTTPS,camera
2025-01-01T19:39:00,26.769,342.009,1.765,0.706,1.6901,LoRaWAN,smart_meter
2025-01-02T07:14:00,121.85,27.386,8.008,9.49,0.6149,MQTT,actuator
2025-01-02T13:00:00,85.704,21.252,5.959,5.264,1.4946,MQTT,env_sensor
2025-01-02T06:54:00,1471.781,77.907,7.343,205.809,0.7754,HTTPS,camera
2025-01-02T12:13:00,31.965,231.337,0.813,0.685,5.7295,LoRaWAN,smart_meter
2025-01-01T09:36:00,127.612,13.472,7.621,7.812,1.2276,MQTT,actuator
2025-01-02T05:42:00,1092.949,89.027,2.695,199.844,1.4747,HTTPS,camera
2025-01-02T01:40:00,1624.26,16.351,0.1,68.011,1.2383,HTTPS,camera
2025-01-02T17:01:00,2492.544,112.995,8.48,134.258,0.8514,HTTPS,camera
2025-01-01T21:48:00,55.173,39.123,1.101,2.369,0.0832,MQTT,env_sensor
2025-01-02T15:36:00,125.401,22.376,2.903,6.947,0.0,MQTT,env_sensor
2025-01-01T20:45:00,13.763,46.679,2.619,6.841,0.3713,HTTPS,env_sensor
2025-01-01T04:54:00,878.934,49.824,5.784,40.288,0.2075,CoAP,camera
2025-01-01T21:37:00,1894.615,91.119,4.195,84.682,0.9501,HTTPS,camera
2025-01-01T14:26:00,2087.109,68.222,1.773,127.189,0.0566,HTTPS,camera
2025-01-01T02:56:00,2314.487,108.633,0.1,0.05,0.4874,HTTPS,camera
2025-01-01T07:41:00,444.05,4.825,7.272,59.357,1.2938,CoAP,gateway
2025-01-02T17:03:00,44.67,147.892,1.817,1.032,5.0745,MQTT,smart_meter
2025-01-01T13:12:00,1734.625,27.864,7.287,105.498,0.2757,HTTPS,camera
2025-01-02T08:15:00,1505.861,85.988,5.266,135.722,1.3395,HTTPS,camera
2025-01-01T23:53:00,2048.186,49.612,2.663,154.531,0.6099,HTTPS,camera
2025-01-01T17:06:00,1200.662,38.175,6.534,117.422,0.9334,HTTPS,camera
2025-01-01T18:20:00,8.0,39.496,12.006,42.349,3.4907,CoAP,gateway
2025-01-02T14:02:00,107.554,7.083,2.002,8.622,1.6003,MQTT,actuator
2025-01-01T13:21:00,132.099,4.448,9.075,9.308,1.9905,MQTT,actuator
2025-01-01T06:21:00,34.025,38.806,4.052,4.146,1.8799,MQTT,env_sensor
2025-01-01T13:12:00,75.721,33.673,5.222,2.936,0.6628,CoAP,env_sensor
2025-01-02T03:35:00,812.717,56.595,9.551,4.036,0.747,CoAP,gateway
2025-01-02T12:30:00,107.823,12.725,2.121,7.678,0.0148,MQTT,env_sensor
2025-01-01T08:07:00,82.943,12.868,5.134,0.05,0.4951,MQTT,env_sensor
2025-01-01T21:50:00,115.405,29.59,2.22,4.498,0.0219,MQTT,actuator
2025-01-01T08:54:00,83.14,30.39,4.524,8.831,1.6181,MQTT,actuator
2025-01-01T05:53:00,2371.017,78.433,7.911,133.656,1.5094,CoAP,camera
2025-01-01T10:38:00,118.9,11.677,3.028,6.324,0.623,MQTT,actuator
2025-01-02T12:42:00,49.838,8.141,2.574,6.227,2.3055,MQTT,env_sensor
2025-01-01T17:09:00,138.739,24.375,5.048,8.888,0.7452,MQTT,actuator
2025-01-02T01:43:00,37.314,36.866,5.43,10.152,1.077,MQTT,env_sensor
2025-01-01T16:06:00,99.388,9.334,3.463,3.709,0.5748,MQTT,env_sensor
2025-01-02T13:16:00,55.594,18.283,1.341,7.111,0.5754,MQTT,env_sensor
2025-01-02T08:39:00,99.185,13.104,5.076,12.212,0.0006,CoAP,actuator
2025-01-02T12:00:00,1750.694,57.02,5.465,101.108,0.0,HTTPS,camera
2025-01-02T06:38:00,21.334,170.419,3.203,0.541,1.2902,LoRaWAN,smart_meter
2025-01-01T10:23:00,68.282,25.395,0.1,0.05,0.9944,MQTT,env_sensor
2025-01-02T07:06:00,1355.205,39.737,14.649,7.697,2.1993,CoAP,gateway
2025-01-01T19:12:00,1909.696,78.291,4.659,0.05,0.0066,HTTPS,camera
2025-01-02T02:02:00,16.569,191.076,2.208,0.13,4.8995,LoRaWAN,smart_meter
2025-01-01T02:47:00,404.281,70.1,11.6,98.655,0.4699,HTTPS,gateway
2025-01-01T13:10:00,66.719,1.762,5.94,1.667,2.4366,MQTT,env_sensor
2025-01-02T04:49:00,86.66,13.489,0.201,8.99,0.0,MQTT,actuator
2025-01-02T09:35:00,83.022,23.772,1.904,7.527,1.217,MQTT,env_sensor
2025-01-01T23:50:00,1744.853,97.096,6.7,107.522,0.6366,HTTPS,camera
2025-01-02T11:30:00,1367.159,49.138,7.388,183.871,1.1396,HTTPS,camera
2025-01-02T15:33:00,71.995,26.781,5.002,1.485,0.0,MQTT,actuator
2025-01-01T02:46:00,2093.18,73.245,4.079,168.902,1.1194,HTTPS,camera
2025-01-01T08:17:00,19.136,296.687,3.113,0.406,2.8848,LoRaWAN,smart_meter
2025-01-01T15:42:00,965.478,23.851,10.55,78.809,0.0,CoAP,gateway
2025-01-02T00:05:00,50.82,19.628,2.694,3.938,0.273,MQTT,env_sensor
2025-01-01T06:15:00,28.179,228.885,0.532,0.05,5.4603,LoRaWAN,smart_meter
2025-01-02T07:41:00,1623.034,83.913,0.1,106.634,1.0223,HTTPS,camera
2025-01-01T00:37:00,128.026,31.604,6.759,4.705,0.7552,MQTT,actuator
2025-01-01T06:44:00,41.21,178.27,2.956,0.219,3.5004,LoRaWAN,smart_meter
2025-01-01T21:18:00,105.76,23.331,1.661,1.613,2.3484,MQTT,env_sensor
2025-01-02T17:07:00,25.403,96.198,3.258,0.229,5.9389,LoRaWAN,smart_meter
2025-01-01T01:33:00,17.747,147.286,3.792,0.444,7.601,LoRaWAN,smart_meter
2025-01-02T04:25:00,812.908,24.244,10.39,57.826,1.1612,CoAP,gateway
2025-01-01T11:44:00,98.815,41.58,5.847,2.257,3.022,CoAP,env_sensor
2025-01-01T06:53:00,1338.254,42.817,2.599,85.511,1.3757,HTTPS,gateway
2025-01-02T06:34:00,93.822,20.977,5.406,8.894,0.3832,MQTT,actuator
2025-01-01T00:41:00,8.0,13.006,16.599,87.663,0.4288,HTTPS,gateway
2025-01-01T13:47:00,19.655,145.104,2.921,0.394,6.5433,LoRaWAN,smart_meter
2025-01-02T09:44:00,74.416,22.587,1.687,1.183,1.3354,MQTT,env_sensor
2025-01-01T16:25:00,172.027,28.491,3.386,7.209,1.1138,MQTT,actuator
2025-01-02T02:38:00,113.031,1.956,9.791,10.429,0.082,CoAP,actuator
2025-01-01T22:59:00,567.0,50.692,13.915,3.072,0.4293,CoAP,gateway
2025-01-01T19:36:00,110.514,22.418,4.464,3.632,0.0,MQTT,actuator
2025-01-02T07:02:00,88.787,5.904,1.545,9.933,1.3197,MQTT,actuator
2025-01-02T09:15:00,157.946,20.141,3.317,3.21,1.025,MQTT,actuator
2025-01-01T17:15:00,3132.389,28.182,3.388,108.464,0.5855,HTTPS,camera
2025-01-01T03:03:00,80.737,29.063,0.581,3.945,0.4278,MQTT,env_sensor
2025-01-01T16:18:00,1043.976,70.535,12.036,47.296,2.0106,CoAP,gateway
2025-01-01T00:47:00,44.608,12.311,3.613,6.93,0.5406,MQTT,env_sensor
2025-01-01T22:18:00,821.868,58.999,12.354,59.498,0.8198,HTTPS,gateway
2025-01-01T11:31:00,10.007,228.798,1.06,0.307,4.8491,LoRaWAN,smart_meter
2025-01-01T00:28:00,1702.366,97.503,3.434,175.359,0.118,HTTPS,camera
2025-01-01T11:32:00,1140.051,52.189,6.311,55.379,1.454,HTTPS,camera
2025-01-02T13:54:00,2307.711,80.767,2.74,0.05,0.4352,HTTPS,camera
2025-01-02T04:27:00,31.483,222.103,2.738,1.112,3.4592,MQTT,smart_meter
2025-01-01T02:24:00,834.305,46.816,8.151,189.286,0.948,HTTPS,camera
2025-01-01T03:33:00,395.369,48.503,5.778,34.981,1.8575,CoAP,gateway
2025-01-01T23:33:00,923.959,45.266,7.462,35.553,0.7055,HTTPS,gateway
2025-01-02T05:43:00,964.874,43.822,11.437,53.777,0.1942,HTTPS,gateway
2025-01-02T09:23:00,28.947,166.267,1.77,0.304,3.4296,LoRaWAN,smart_meter
2025-01-01T18:51:00,18.732,49.845,3.247,0.587,6.0094,LoRaWAN,smart_meter
2025-01-02T13:16:00,878.176,47.028,10.38,26.819,1.0441,CoAP,gateway
2025-01-02T07:49:00,508.301,44.26,11.331,106.246,2.2444,CoAP,gateway
2025-01-02T14:24:00,24.69,271.751,0.542,0.568,5.1018,LoRaWAN,smart_meter
2025-01-01T05:43:00,109.428,10.37,5.977,14.311,2.0705,MQTT,actuator
2025-01-01T21:27:00,1184.363,37.759,5.259,172.375,0.6697,HTTPS,camera
2025-01-01T09:27:00,1170.155,9.558,1.85,61.101,1.4041,HTTPS,gateway
2025-01-01T08:40:00,1599.124,87.8,4.155,60.064,0.8497,HTTPS,camera
2025-01-01T20:46:00,84.81,19.377,0.1,8.116,2.6503,MQTT,actuator
2025-01-01T14:55:00,50.432,33.219,5.952,7.037,0.0,MQTT,env_sensor
2025-01-01T04:48:00,1290.019,44.084,7.11,74.081,1.2575,HTTPS,camera
2025-01-01T07:33:00,1029.422,41.317,9.506,0.258,0.0,HTTPS,gateway
2025-01-02T04:51:00,28.538,85.853,2.469,0.716,4.1821,MQTT,smart_meter
2025-01-02T06:51:00,1238.697,56.845,5.863,124.064,0.6185,HTTPS,camera
2025-01-02T09:16:00,94.562,32.859,3.934,6.172,0.167,MQTT,actuator
2025-01-02T11:20:00,17.802,135.785,2.816,0.451,1.2956,LoRaWAN,smart_meter
2025-01-01T10:06:00,27.917,149.722,2.721,0.178,0.0,LoRaWAN,smart_meter
2025-01-01T14:37:00,798.203,4.27,7.436,79.261,0.8721,HTTPS,gateway
2025-01-02T03:51:00,27.853,205.584,3.926,1.023,1.7593,MQTT,smart_meter
2025-01-02T13:24:00,1245.166,17.389,12.731,94.402,1.4605,CoAP,gateway
2025-01-02T00:25:00,732.158,27.099,5.693,96.381,0.761,HTTPS,gateway
2025-01-02T08:51:00,26.97,242.924,2.516,0.05,3.2888,LoRaWAN,smart_meter
2025-01-02T08:41:00,83.751,17.174,3.891,1.163,1.6442,MQTT,env_sensor
2025-01-01T08:08:00,1358.747,59.028,11.497,62.9,1.5439,HTTPS,gateway
2025-01-01T12:16:00,36.967,155.925,4.813,0.57,3.9407,LoRaWAN,smart_meter
2025-01-02T03:02:00,43.847,32.861,2.257,3.862,2.2355,MQTT,env_sensor
2025-01-02T09:00:00,84.528,24.167,3.472,14.264,0.5961,MQTT,actuator
2025-01-02T16:52:00,138.889,24.532,13.32,10.667,0.1257,MQTT,actuator
2025-01-02T13:56:00,68.462,27.509,5.521,0.854,0.915,MQTT,env_sensor
2025-01-02T09:53:00,75.671,20.59,10.287,12.778,0.4107,MQTT,actuator
2025-01-01T05:46:00,131.797,20.137,13.2,5.318,0.0,MQTT,actuator
2025-01-02T02:39:00,48.704,18.718,0.364,1.681,0.7136,MQTT,env_sensor
2025-01-02T01:29:00,1652.363,29.476,1.218,152.435,0.9765,HTTPS,camera
2025-01-01T04:52:00,31.979,174.612,3.319,0.423,3.8806,LoRaWAN,smart_meter
2025-01-01T23:10:00,211.614,59.57,0.1,247.883,0.0,HTTPS,camera
2025-01-02T16:03:00,85.087,25.685,3.776,1.083,0.7518,MQTT,env_sensor
2025-01-02T14:16:00,41.721,24.484,6.408,1.801,0.5453,MQTT,actuator
2025-01-02T00:29:00,109.777,9.177,4.012,5.129,0.0,MQTT,env_sensor
2025-01-02T11:31:00,929.822,75.937,1.819,74.134,0.5978,HTTPS,gateway
2025-01-02T15:56:00,137.905,13.776,10.485,7.436,0.6683,MQTT,actuator
2025-01-02T16:23:00,328.928,42.167,11.463,38.16,0.4226,CoAP,gateway
2025-01-01T12:43:00,118.386,13.557,2.44,8.32,0.4986,MQTT,actuator
2025-01-02T08:43:00,26.608,65.583,3.062,0.493,1.7742,LoRaWAN,smart_meter
2025-01-01T07:46:00,1108.542,71.829,14.384,112.159,2.1319,HTTPS,gateway
2025-01-01T08:30:00,2105.961,43.877,7.45,49.979,0.722,HTTPS,camera
2025-01-01T15:41:00,101.207,25.858,1.917,5.768,1.4038,MQTT,env_sensor
2025-01-01T06:34:00,116.435,31.005,4.748,0.52,0.5812,MQTT,actuator
2025-01-01T01:00:00,1318.13,38.185,3.987,4.114,0.515,HTTPS,gateway
2025-01-02T15:47:00,15.385,178.817,4.042,0.339,0.329,LoRaWAN,smart_meter
2025-01-01T02:51:00,75.57,15.596,1.836,4.558,1.3416,MQTT,env_sensor
2025-01-01T16:56:00,103.059,2.956,4.242,4.035,0.6663,MQTT,env_sensor
2025-01-01T00:02:00,86.955,29.429,1.643,0.05,1.964,MQTT,env_sensor
2025-01-02T00:48:00,62.272,31.609,2.802,1.722,0.0,MQTT,env_sensor
2025-01-02T00:59:00,121.518,14.894,0.1,0.05,1.6986,MQTT,env_sensor
2025-01-01T01:03:00,16.551,204.925,1.147,0.307,0.2251,LoRaWAN,smart_meter
2025-01-01T23:04:00,31.172,180.383,0.1,0.486,1.4596,LoRaWAN,smart_meter
2025-01-02T06:33:00,40.344,21.543,3.743,0.05,0.8065,LoRaWAN,env_sensor
2025-01-01T10:50:00,27.303,166.301,3.024,0.227,2.1742,LoRaWAN,smart_meter
2025-01-02T08:47:00,29.687,136.293,0.461,0.429,3.6541,LoRaWAN,smart_meter
2025-01-01T01:52:00,28.918,116.077,2.35,0.754,4.4057,LoRaWAN,smart_meter
2025-01-01T08:44:00,59.029,27.017,3.637,6.086,1.836,MQTT,env_sensor
2025-01-01T07:24:00,104.09,10.858,12.577,6.422,0.7416,CoAP,actuator
2025-01-01T13:24:00,33.324,31.23,2.344,0.461,4.9679,MQTT,smart_meter
2025-01-01T10:52:00,116.455,9.672,7.863,0.05,0.0,CoAP,actuator
2025-01-01T21:09:00,313.193,57.317,0.1,75.065,0.4934,HTTPS,camera
2025-01-01T15:30:00,136.983,40.765,6.693,7.509,0.1506,CoAP,actuator
2025-01-01T13:38:00,2196.652,75.463,0.1,184.345,0.138,HTTPS,camera
2025-01-01T13:51:00,55.585,30.522,6.109,4.112,1.3254,MQTT,env_sensor
2025-01-02T11:52:00,110.351,30.811,8.279,11.429,1.2082,MQTT,actuator
2025-01-01T09:13:00,2012.915,76.43,3.507,105.48,0.8419,HTTPS,camera
2025-01-02T15:34:00,707.641,66.384,12.62,34.275,0.6509,CoAP,gateway
2025-01-01T21:33:00,100.507,17.693,3.183,0.681,0.207,MQTT,env_sensor
2025-01-02T12:04:00,158.472,51.693,11.67,118.695,2.5015,CoAP,gateway
2025-01-02T10:52:00,1914.385,13.956,9.095,93.199,0.2222,HTTPS,camera
2025-01-01T14:11:00,42.895,240.242,1.818,0.331,4.5063,LoRaWAN,smart_meter
2025-01-02T12:31:00,1043.507,25.845,10.091,88.142,2.1718,HTTPS,gateway
2025-01-02T06:38:00,136.554,17.648,4.819,8.848,0.5102,MQTT,actuator
2025-01-01T09:17:00,104.541,23.907,5.643,0.05,1.3308,MQTT,env_sensor
2025-01-01T02:45:00,41.341,16.305,3.383,0.05,0.0,MQTT,env_sensor
2025-01-02T16:50:00,42.537,21.436,1.744,0.819,2.3208,MQTT,env_sensor
2025-01-01T19:47:00,653.153,34.842,7.334,29.201,0.2713,CoAP,gateway
2025-01-01T02:59:00,91.354,44.954,0.416,6.84,1.7668,MQTT,env_sensor
2025-01-01T23:13:00,74.016,30.162,0.167,6.567,0.2009,MQTT,env_sensor
2025-01-01T08:11:00,113.453,23.556,7.708,13.066,0.9522,CoAP,actuator
2025-01-01T07:57:00,95.046,24.323,3.807,5.088,1.0021,MQTT,env_sensor
2025-01-01T17:33:00,35.435,71.411,0.568,0.681,4.5595,MQTT,smart_meter
2025-01-01T15:37:00,198.891,51.694,8.869,61.966,0.0,HTTPS,gateway
2025-01-01T09:57:00,1263.012,44.099,4.108,127.923,2.442,HTTPS,gateway
2025-01-01T00:21:00,623.26,84.253,3.851,33.823,0.8229,HTTPS,camera
2025-01-02T10:12:00,1356.11,46.551,18.363,48.829,0.5793,HTTPS,gateway
2025-01-01T14:05:00,2060.015,54.397,6.212,73.802,0.0,HTTPS,camera
2025-01-01T03:54:00,245.62,41.662,0.764,139.194,0.6961,HTTPS,camera
2025-01-01T11:02:00,144.651,3.635,6.728,2.643,0.3841,MQTT,actuator
2025-01-01T09:43:00,483.889,37.852,0.1,62.867,1.4788,HTTPS,gateway
2025-01-02T15:13:00,31.405,189.497,4.025,0.43,1.9243,LoRaWAN,smart_meter
2025-01-01T02:40:00,88.654,26.305,1.338,3.061,0.9383,MQTT,env_sensor
2025-01-01T17:08:00,18.749,385.053,0.334,0.691,0.0,LoRaWAN,smart_meter
2025-01-01T16:12:00,924.937,57.662,9.889,30.939,1.0346,CoAP,camera
2025-01-01T03:31:00,82.433,28.809,4.335,0.392,1.3028,MQTT,env_sensor
2025-01-01T22:01:00,93.27,43.8,4.313,3.726,1.1692,MQTT,env_sensor
2025-01-02T09:46:00,150.53,9.882,5.15,7.473,1.6036,MQTT,actuator
2025-01-01T10:28:00,59.359,15.149,1.515,4.196,1.5701,MQTT,env_sensor
2025-01-01T09:53:00,145.618,27.804,4.436,7.913,1.254,MQTT,actuator
2025-01-02T12:11:00,1687.629,42.621,2.136,118.235,0.1505,HTTPS,camera
2025-01-02T15:37:00,116.251,29.389,7.591,9.632,1.7176,MQTT,actuator
2025-01-01T07:22:00,2252.953,80.289,0.1,68.617,0.5265,HTTPS,camera
2025-01-02T09:23:00,344.859,49.759,11.342,45.03,0.0,HTTPS,gateway
2025-01-01T14:56:00,114.825,29.119,10.351,14.196,0.5496,MQTT,actuator
2025-01-01T08:35:00,1862.838,110.723,3.535,205.573,1.0077,HTTPS,camera
2025-01-01T19:56:00,1545.917,44.167,7.28,138.208,0.7791,HTTPS,camera
2025-01-01T15:03:00,31.991,215.065,3.43,0.331,1.0247,LoRaWAN,smart_meter
2025-01-02T10:00:00,40.302,143.076,3.738,0.592,6.2067,LoRaWAN,smart_meter
2025-01-02T15:24:00,2139.244,46.537,6.275,59.566,0.539,HTTPS,camera
2025-01-01T20:51:00,70.236,21.258,0.363,3.529,0.2061,MQTT,env_sensor
2025-01-01T20:42:00,2226.572,89.026,5.001,118.53,0.7066,HTTPS,camera
2025-01-02T07:02:00,24.641,216.568,2.583,0.152,4.2032,LoRaWAN,smart_meter
2025-01-02T06:05:00,19.196,199.814,3.815,0.05,2.6663,LoRaWAN,smart_meter
2025-01-02T17:08:00,149.304,9.781,5.462,6.675,0.5478,MQTT,actuator
2025-01-02T15:47:00,408.505,65.902,0.466,0.05,2.2278,MQTT,gateway
2025-01-01T15:45:00,27.591,302.94,3.397,0.864,6.6505,LoRaWAN,smart_meter
2025-01-02T06:34:00,1207.774,23.784,0.1,63.608,0.4928,HTTPS,gateway
2025-01-02T05:19:00,35.737,18.398,6.259,4.768,2.4159,MQTT,env_sensor
2025-01-02T15:42:00,319.784,71.694,1.257,73.64,0.0832,HTTPS,camera
2025-01-02T11:07:00,24.517,144.982,1.667,0.883,5.0311,LoRaWAN,smart_meter
2025-01-02T15:54:00,1101.202,37.555,4.453,56.134,1.3618,HTTPS,gateway
2025-01-01T21:57:00,856.977,72.546,13.894,85.932,0.492,HTTPS,gateway
2025-01-01T10:10:00,121.714,16.073,4.77,10.225,1.1142,MQTT,actuator
2025-01-02T02:30:00,1345.13,64.217,6.892,89.94,0.2376,HTTPS,gateway
2025-01-01T19:01:00,2185.828,93.369,0.1,123.261,0.7146,HTTPS,camera
2025-01-01T18:15:00,647.245,51.115,10.409,0.05,0.7919,CoAP,gateway
2025-01-01T15:41:00,23.26,226.933,3.113,0.617,3.2783,LoRaWAN,smart_meter
2025-01-02T08:10:00,133.973,12.755,6.649,8.351,0.7324,CoAP,actuator
2025-01-01T17:00:00,18.384,171.736,0.1,0.224,2.3494,LoRaWAN,smart_meter
2025-01-02T13:04:00,1114.279,64.991,2.666,83.404,0.699,HTTPS,camera
2025-01-02T06:47:00,35.101,179.586,1.818,0.409,0.6626,LoRaWAN,smart_meter
2025-01-01T23:18:00,60.891,40.155,3.254,2.546,0.8966,MQTT,env_sensor
2025-01-01T07:17:00,14.445,172.182,1.077,0.212,1.7375,LoRaWAN,smart_meter
2025-01-01T06:50:00,112.887,19.743,8.792,9.303,1.045,CoAP,actuator
2025-01-02T03:17:00,8.0,50.822,7.825,60.326,0.7546,HTTPS,gateway
2025-01-02T15:42:00,97.825,28.934,3.458,3.72,2.2338,MQTT,env_sensor
2025-01-01T12:19:00,19.683,246.676,1.297,0.715,1.4968,LoRaWAN,smart_meter
2025-01-01T17:39:00,1320.759,53.664,14.332,64.375,0.0077,HTTPS,gateway
2025-01-02T00:43:00,475.308,60.502,2.939,4.448,1.8785,CoAP,gateway
2025-01-01T01:41:00,2107.174,35.134,6.526,0.05,0.0,HTTPS,camera
2025-01-01T01:42:00,109.721,10.454,10.88,6.432,2.2034,MQTT,actuator
2025-01-01T09:46:00,28.953,113.167,0.1,0.592,4.2354,LoRaWAN,smart_meter
2025-01-01T08:09:00,26.946,36.272,5.31,5.96,1.386,CoAP,env_sensor
2025-01-02T08:24:00,73.458,34.692,3.319,4.123,1.2599,MQTT,env_sensor
2025-01-02T02:07:00,72.738,12.745,8.298,8.38,0.8643,MQTT,actuator
2025-01-02T04:40:00,1961.783,67.882,4.775,98.628,0.1864,HTTPS,camera
2025-01-01T04:19:00,125.694,5.462,10.254,10.35,2.2654,MQTT,actuator
2025-01-02T00:31:00,1694.845,13.007,5.245,89.296,1.9403,CoAP,gateway
2025-01-01T23:20:00,948.461,57.426,6.15,49.054,1.1543,CoAP,gateway
2025-01-02T15:58:00,560.337,60.406,0.1,69.566,1.0513,HTTPS,gateway
2025-01-01T10:37:00,168.765,24.555,6.313,9.501,0.0,MQTT,actuator
2025-01-02T05:57:00,90.245,8.207,2.02,9.276,0.4908,MQTT,actuator
2025-01-01T09:33:00,28.962,336.293,0.1,0.392,3.6532,LoRaWAN,smart_meter
2025-01-01T10:47:00,26.85,297.734,0.1,0.452,6.3753,LoRaWAN,smart_meter
2025-01-01T09:55:00,18.208,238.745,4.489,0.429,0.0,LoRaWAN,smart_meter
2025-01-02T09:54:00,158.995,9.617,4.606,11.788,0.0,MQTT,actuator
2025-01-01T05:47:00,163.563,15.974,2.71,7.85,0.7434,MQTT,actuator
2025-01-01T14:56:00,56.823,52.063,1.588,3.403,0.0,MQTT,env_sensor
2025-01-02T16:44:00,75.081,13.351,4.785,8.721,1.2875,MQTT,actuator
2025-01-02T09:20:00,1678.998,51.036,9.463,48.645,0.0,HTTPS,camera
2025-01-02T10:26:00,57.136,28.595,3.577,6.767,1.1631,MQTT,env_sensor
2025-01-02T10:06:00,374.511,49.429,10.524,92.307,0.0,HTTPS,gateway
2025-01-01T01:34:00,656.198,61.801,7.35,202.567,1.136,CoAP,camera
2025-01-01T16:13:00,2650.578,33.679,5.071,173.636,0.5691,HTTPS,camera
2025-01-01T00:28:00,101.196,17.139,7.485,6.536,0.6798,CoAP,actuator
2025-01-01T12:12:00,25.435,150.862,2.355,0.113,4.3568,LoRaWAN,smart_meter
2025-01-01T15:55:00,317.668,42.077,0.1,97.622,0.9048,HTTPS,gateway
2025-01-01T19:51:00,804.219,24.333,9.334,0.05,1.9507,CoAP,gateway
2025-01-01T01:40:00,963.744,38.491,7.091,59.38,0.186,HTTPS,gateway
2025-01-01T04:00:00,140.881,4.704,5.063,12.472,1.2097,CoAP,actuator
2025-01-01T11:53:00,179.436,4.973,6.959,4.939,0.0,MQTT,actuator
2025-01-01T09:45:00,75.133,32.861,1.857,0.05,2.2905,MQTT,env_sensor
2025-01-02T06:03:00,842.93,86.104,2.847,25.38,0.0,HTTPS,camera
2025-01-02T02:39:00,124.061,28.194,4.871,0.05,0.3542,MQTT,actuator
2025-01-02T12:20:00,25.775,34.329,2.663,3.859,0.18,MQTT,env_sensor
2025-01-02T12:35:00,17.198,292.869,1.364,0.885,3.6541,LoRaWAN,smart_meter
2025-01-01T14:12:00,109.509,21.34,0.28,200.119,0.5464,MQTT,camera
2025-01-01T04:58:00,99.65,29.685,2.735,4.63,0.8343,MQTT,env_sensor
2025-01-01T16:51:00,140.672,11.431,7.939,6.565,0.3426,MQTT,actuator
2025-01-01T22:37:00,1411.93,73.827,1.746,67.511,0.339,HTTPS,gateway
2025-01-02T03:24:00,1063.44,57.144,4.58,192.031,0.4191,HTTPS,camera
2025-01-02T09:43:00,1676.387,53.308,0.347,115.732,0.0,HTTPS,camera
2025-01-02T07:51:00,2027.159,77.298,7.892,94.511,0.0976,HTTPS,camera
2025-01-01T05:11:00,157.127,16.15,12.128,1.174,2.2338,MQTT,actuator
2025-01-02T05:32:00,107.444,16.977,11.057,3.807,0.9768,CoAP,actuator
2025-01-01T03:24:00,1272.179,96.729,5.726,52.112,1.4775,CoAP,camera
2025-01-01T21:38:00,2360.099,60.003,3.392,145.712,1.115,HTTPS,camera
2025-01-01T14:16:00,697.103,92.496,5.866,94.214,0.3486,HTTPS,camera
2025-01-01T20:50:00,77.525,22.002,5.523,15.921,1.2242,MQTT,actuator
2025-01-01T17:20:00,27.177,153.431,0.668,0.274,3.1251,LoRaWAN,smart_meter
2025-01-01T10:50:00,849.648,65.324,2.925,106.743,0.9974,HTTPS,camera
2025-01-02T00:28:00,52.14,14.556,3.822,8.407,0.4982,MQTT,env_sensor
2025-01-02T05:21:00,101.693,3.88,6.451,5.943,0.0,MQTT,actuator
2025-01-01T15:01:00,2595.474,81.854,3.088,45.131,1.0875,MQTT,camera
2025-01-01T18:32:00,101.551,50.494,3.47,1.218,3.2704,MQTT,env_sensor
2025-01-01T05:29:00,40.667,178.067,2.36,0.535,1.6168,LoRaWAN,smart_meter
2025-01-01T00:46:00,84.094,24.785,2.392,3.359,1.1336,MQTT,env_sensor
2025-01-02T11:21:00,345.13,40.018,7.932,98.673,0.6177,HTTPS,gateway
2025-01-01T23:49:00,44.288,198.244,1.274,1.015,6.9076,MQTT,smart_meter
2025-01-01T20:37:00,82.627,18.106,9.19,8.128,1.5463,MQTT,actuator
2025-01-01T07:13:00,31.042,142.827,2.996,0.05,0.7337,LoRaWAN,smart_meter
2025-01-01T03:23:00,90.775,30.657,4.865,11.944,0.6295,MQTT,actuator
2025-01-01T19:47:00,105.562,14.511,7.792,11.416,0.0,CoAP,actuator
2025-01-02T01:52:00,2582.552,41.313,2.444,120.683,0.2634,HTTPS,camera
2025-01-02T07:10:00,35.987,16.927,1.664,6.734,1.7697,MQTT,env_sensor
2025-01-01T16:07:00,19.715,237.146,0.643,0.87,0.9146,LoRaWAN,smart_meter
2025-01-02T06:54:00,93.389,18.46,9.577,2.243,0.0,MQTT,actuator
2025-01-02T08:01:00,1339.865,53.638,12.244,76.659,0.0,HTTPS,gateway
2025-01-02T03:58:00,703.608,33.917,9.973,69.154,1.6088,CoAP,gateway
2025-01-02T08:06:00,1114.362,66.964,9.369,0.05,2.0631,CoAP,gateway
2025-01-02T06:15:00,1275.25,85.698,11.737,96.5,1.8786,HTTPS,gateway
2025-01-01T07:03:00,22.385,368.383,1.083,0.05,3.87,LoRaWAN,smart_meter
2025-01-02T02:45:00,898.254,55.263,11.505,96.567,2.5573,CoAP,gateway
2025-01-01T20:35:00,92.162,22.81,2.803,8.387,0.8941,MQTT,actuator
2025-01-02T07:27:00,1033.45,56.384,3.585,107.524,1.3233,HTTPS,gateway
2025-01-01T16:45:00,1229.796,18.007,4.519,0.05,2.1742,MQTT,gateway
2025-01-02T11:52:00,76.875,1.0,1.218,2.54,0.896,MQTT,env_sensor
2025-01-02T02:40:00,1916.785,56.99,6.094,56.238,0.4021,HTTPS,camera
2025-01-01T20:13:00,63.581,22.392,5.171,10.164,1.7417,MQTT,actuator
2025-01-01T01:02:00,53.162,1.0,0.1,4.129,1.7792,MQTT,env_sensor
2025-01-02T11:05:00,104.244,30.524,2.437,6.9,1.2684,MQTT,env_sensor
2025-01-02T06:17:00,86.027,31.96,6.058,0.05,0.4851,MQTT,env_sensor
2025-01-01T06:33:00,148.345,28.774,9.741,1.834,1.234,MQTT,actuator
2025-01-01T13:58:00,1407.106,58.969,5.267,192.065,1.2332,HTTPS,camera
2025-01-01T14:21:00,107.276,34.319,2.763,1.42,0.0,MQTT,env_sensor
2025-01-02T05:37:00,23.635,197.343,1.52,0.771,0.7057,LoRaWAN,smart_meter
2025-01-01T02:29:00,82.708,14.824,5.942,15.375,1.7199,MQTT,actuator
2025-01-01T15:18:00,82.112,16.79,6.764,11.278,0.9529,CoAP,actuator
2025-01-01T11:26:00,67.032,30.659,5.737,8.23,2.078,MQTT,env_sensor
2025-01-01T20:00:00,1437.091,88.254,1.814,143.255,0.0,HTTPS,camera
2025-01-01T08:59:00,1437.37,54.845,7.262,88.698,0.1625,HTTPS,camera
2025-01-02T07:59:00,73.658,19.24,1.12,0.05,1.8738,MQTT,env_sensor
2025-01-02T13:33:00,2562.059,70.901,8.003,79.248,0.5821,HTTPS,camera
2025-01-01T05:52:00,70.695,6.682,2.289,5.143,0.2332,MQTT,env_sensor
2025-01-01T16:44:00,113.253,12.073,0.1,3.499,0.8224,MQTT,actuator
2025-01-01T02:48:00,20.962,203.94,0.155,0.527,3.4538,LoRaWAN,smart_meter
2025-01-01T15:19:00,69.034,25.838,2.326,3.352,2.2637,MQTT,env_sensor
2025-01-02T10:44:00,795.445,39.885,0.1,100.065,0.5397,HTTPS,camera
2025-01-01T07:29:00,484.528,31.609,6.393,94.131,1.9644,CoAP,gateway
2025-01-01T21:13:00,159.814,30.314,5.455,3.683,1.0475,CoAP,actuator
2025-01-01T07:09:00,1100.466,60.914,13.534,72.073,1.2993,HTTPS,gateway
2025-01-01T02:16:00,34.774,230.72,2.155,0.273,3.2093,LoRaWAN,smart_meter
2025-01-01T06:14:00,111.717,16.829,3.603,8.265,1.5225,MQTT,actuator
2025-01-01T14:54:00,38.379,285.748,3.587,0.288,3.0541,LoRaWAN,smart_meter
2025-01-01T14:49:00,1886.528,75.078,2.916,132.157,0.3313,HTTPS,camera
2025-01-02T00:43:00,37.402,213.884,1.013,0.769,0.7871,LoRaWAN,smart_meter
2025-01-02T05:52:00,14.73,269.886,1.049,0.05,1.5805,MQTT,smart_meter
2025-01-01T19:40:00,77.302,21.916,0.821,7.843,1.9601,MQTT,actuator
2025-01-02T15:23:00,26.416,21.443,0.367,0.05,1.5413,MQTT,env_sensor
2025-01-01T19:37:00,84.825,26.352,3.702,8.403,0.4377,MQTT,actuator
2025-01-01T03:28:00,87.404,20.254,6.127,9.368,0.3982,MQTT,actuator
2025-01-02T15:55:00,200.278,21.771,13.485,66.072,0.8752,HTTPS,gateway
2025-01-01T17:22:00,978.782,27.25,12.477,117.684,0.0729,HTTPS,gateway
2025-01-01T21:48:00,2610.816,19.997,0.1,85.978,2.0595,MQTT,gateway
2025-01-01T09:41:00,521.862,49.536,10.841,86.94,1.6913,CoAP,gateway
2025-01-01T03:01:00,109.024,13.388,5.604,13.334,0.273,MQTT,actuator
2025-01-02T00:07:00,32.272,251.314,1.044,0.278,2.7678,LoRaWAN,smart_meter
2025-01-01T03:19:00,29.11,78.201,3.599,0.181,3.1331,MQTT,smart_meter
2025-01-02T06:03:00,637.333,55.561,12.118,20.179,0.6558,CoAP,gateway
2025-01-02T03:38:00,915.055,60.04,3.444,0.05,0.3635,HTTPS,gateway
2025-01-02T06:23:00,27.342,208.997,1.636,0.729,1.4992,LoRaWAN,smart_meter
2025-01-02T17:27:00,1324.435,53.913,5.662,187.318,0.3207,HTTPS,camera
2025-01-01T17:46:00,87.758,17.935,4.827,18.138,0.5597,MQTT,actuator
2025-01-01T23:42:00,2222.531,30.134,0.1,150.127,0.3072,HTTPS,camera
2025-01-01T23:06:00,56.86,21.038,4.683,0.447,0.0,MQTT,env_sensor
2025-01-01T09:27:00,2203.13,57.718,0.1,130.626,0.1911,HTTPS,camera
2025-01-02T11:21:00,36.869,171.31,1.918,0.118,2.6769,LoRaWAN,smart_meter
2025-01-02T03:37:00,965.76,42.495,0.866,38.368,0.8967,HTTPS,gateway
2025-01-01T13:27:00,33.698,112.522,4.482,0.491,3.7998,LoRaWAN,smart_meter
2025-01-01T13:07:00,670.57,42.912,2.936,85.258,0.91,HTTPS,gateway
2025-01-01T11:01:00,98.729,22.607,8.4,9.885,0.3869,MQTT,actuator
2025-01-01T08:17:00,58.642,16.469,3.024,0.05,1.5989,MQTT,env_sensor
2025-01-01T19:58:00,29.201,186.469,0.1,0.223,4.7212,LoRaWAN,smart_meter
2025-01-02T07:43:00,50.19,23.733,0.509,5.517,1.8126,MQTT,env_sensor
2025-01-02T01:13:00,415.799,59.095,1.253,86.094,0.6906,HTTPS,camera
2025-01-01T15:03:00,1536.255,51.549,9.417,133.919,1.4485,HTTPS,gateway
2025-01-01T20:41:00,31.716,252.899,2.289,0.514,7.3422,LoRaWAN,smart_meter
2025-01-02T01:51:00,48.692,28.779,1.399,3.908,0.5869,MQTT,env_sensor
2025-01-02T00:22:00,1670.659,43.157,0.388,102.028,0.4364,HTTPS,camera
2025-01-01T10:23:00,28.838,138.466,4.343,0.05,2.6921,LoRaWAN,smart_meter
2025-01-02T13:47:00,8.0,73.987,11.94,139.511,1.6189,CoAP,gateway
2025-01-01T19:22:00,23.803,164.35,3.622,0.215,4.2651,LoRaWAN,smart_meter
2025-01-01T22:36:00,116.474,22.592,0.735,13.642,1.9171,MQTT,actuator
2025-01-02T12:19:00,121.898,11.388,6.749,4.495,0.0,MQTT,actuator
2025-01-01T01:43:00,58.365,9.776,7.04,8.403,1.013,CoAP,env_sensor
2025-01-01T04:35:00,57.951,20.947,4.772,1.239,2.3445,MQTT,env_sensor
2025-01-01T21:21:00,57.348,29.503,1.418,0.915,2.9577,MQTT,env_sensor
2025-01-01T14:06:00,103.866,25.314,8.856,12.128,2.2778,MQTT,actuator
2025-01-01T18:38:00,74.199,33.155,9.958,12.817,1.2504,CoAP,actuator
2025-01-02T05:00:00,13.961,209.896,0.1,0.366,4.0772,LoRaWAN,smart_meter
2025-01-02T14:02:00,8.557,254.649,2.462,0.694,3.6491,LoRaWAN,smart_meter
2025-01-01T07:19:00,1924.06,82.954,3.952,142.627,0.3318,HTTPS,camera
2025-01-01T01:43:00,108.024,21.448,5.175,7.682,0.0,MQTT,actuator
2025-01-01T20:18:00,634.324,29.366,7.31,75.334,1.2717,CoAP,gateway
2025-01-01T11:56:00,2311.498,33.597,4.897,132.517,0.0,HTTPS,camera
2025-01-01T15:08:00,1801.06,61.025,3.476,163.46,0.4465,HTTPS,camera
2025-01-01T17:32:00,305.841,57.985,9.744,11.612,2.7789,CoAP,gateway
2025-01-01T01:42:00,603.168,29.622,5.15,77.489,1.3099,CoAP,gateway
2025-01-01T04:09:00,193.944,19.123,2.447,10.79,0.6387,MQTT,actuator
2025-01-02T14:01:00,555.719,48.634,3.859,34.525,3.4048,CoAP,gateway
2025-01-01T15:21:00,123.148,11.714,4.757,2.79,1.1975,MQTT,env_sensor
2025-01-02T05:22:00,49.453,9.419,3.428,7.133,1.0252,MQTT,env_sensor
2025-01-01T03:27:00,34.291,204.186,3.406,0.278,4.0555,LoRaWAN,smart_meter
2025-01-02T04:22:00,1294.585,40.488,5.651,44.597,0.0,HTTPS,gateway
2025-01-02T14:42:00,22.165,140.434,1.999,0.57,6.1601,LoRaWAN,smart_meter
2025-01-01T19:45:00,125.341,21.343,5.532,1.915,1.13,MQTT,actuator
2025-01-01T09:51:00,36.918,180.383,0.95,0.561,2.3472,LoRaWAN,smart_meter
2025-01-01T04:32:00,99.958,5.073,4.573,0.05,0.0,MQTT,actuator
2025-01-02T04:40:00,30.679,172.505,0.195,0.367,6.1537,LoRaWAN,smart_meter
2025-01-02T07:03:00,26.24,170.672,4.585,0.74,3.6815,LoRaWAN,smart_meter
2025-01-01T20:17:00,2307.273,50.744,4.239,128.741,0.5901,HTTPS,camera
2025-01-01T08:47:00,1131.421,47.489,7.327,87.499,2.8487,HTTPS,gateway
2025-01-01T07:49:00,28.983,141.922,0.1,0.292,0.0,LoRaWAN,smart_meter
2025-01-01T07:26:00,114.88,1.0,9.816,4.992,0.8291,MQTT,actuator
2025-01-01T21:05:00,155.463,17.042,4.978,6.868,1.0784,MQTT,actuator
2025-01-01T16:43:00,907.374,50.248,8.768,89.161,1.0534,CoAP,gateway
2025-01-01T10:27:00,114.328,26.358,3.927,7.393,0.2106,MQTT,actuator
2025-01-01T15:28:00,21.45,96.74,3.091,0.722,3.0232,MQTT,smart_meter
2025-01-01T01:28:00,699.447,61.794,16.731,47.897,2.7101,CoAP,gateway
2025-01-01T03:41:00,90.409,10.884,4.152,0.05,3.1054,MQTT,env_sensor
2025-01-02T12:01:00,2673.085,51.281,4.997,0.05,0.3461,HTTPS,camera
2025-01-01T07:14:00,72.997,35.849,7.698,3.494,2.1344,MQTT,env_sensor
2025-01-02T07:53:00,35.367,60.029,0.1,0.167,2.3672,LoRaWAN,smart_meter
2025-01-01T15:56:00,23.467,103.638,5.005,0.05,1.948,LoRaWAN,smart_meter
2025-01-02T12:20:00,2877.846,43.672,4.683,29.291,1.53,HTTPS,camera
2025-01-01T00:25:00,42.597,266.259,2.688,0.346,2.751,LoRaWAN,smart_meter
2025-01-01T18:54:00,26.689,202.641,0.1,0.681,5.9001,LoRaWAN,smart_meter
2025-01-01T06:29:00,765.424,49.311,6.928,79.7,0.0,HTTPS,gateway
2025-01-01T00:21:00,127.963,25.444,7.031,15.397,0.0,MQTT,actuator
2025-01-01T12:04:00,73.33,37.721,2.14,6.839,2.0471,MQTT,env_sensor
2025-01-02T13:24:00,812.605,64.994,1.346,73.122,0.0,HTTPS,camera
2025-01-02T16:39:00,55.659,15.62,0.949,5.502,1.2181,MQTT,env_sensor
2025-01-02T14:57:00,1722.643,53.538,0.1,60.555,0.3148,HTTPS,camera
2025-01-01T07:17:00,60.779,31.914,3.087,9.601,1.0123,MQTT,env_sensor
2025-01-01T17:13:00,62.275,16.562,3.375,6.889,1.8538,MQTT,env_sensor
2025-01-01T13:58:00,810.73,43.013,3.544,111.001,1.4661,HTTPS,gateway
2025-01-01T01:56:00,157.647,10.159,7.295,10.897,0.8025,MQTT,actuator
2025-01-01T06:19:00,600.575,57.838,9.38,46.31,0.1655,CoAP,gateway
2025-01-02T15:05:00,73.642,44.119,0.871,6.525,1.1489,MQTT,env_sensor
2025-01-01T10:31:00,808.351,41.257,2.276,163.936,0.0,HTTPS,camera
2025-01-01T08:52:00,648.27,13.443,7.01,190.382,0.3741,HTTPS,camera
2025-01-01T22:34:00,81.43,24.752,3.29,1.989,0.6522,MQTT,env_sensor
2025-01-01T08:17:00,3149.076,39.421,3.848,104.159,0.1658,HTTPS,camera
2025-01-02T11:48:00,136.017,30.143,5.098,6.478,0.5331,MQTT,actuator
2025-01-01T09:23:00,799.579,46.891,6.986,0.05,0.7244,CoAP,gateway
2025-01-01T14:32:00,2306.712,81.249,0.12,44.463,0.0263,HTTPS,camera
2025-01-01T06:08:00,156.077,16.477,0.1,11.417,0.7322,MQTT,actuator
2025-01-02T02:34:00,148.278,18.887,7.004,13.051,1.7892,MQTT,actuator
2025-01-01T23:54:00,37.35,327.852,0.208,0.364,3.3048,LoRaWAN,smart_meter
2025-01-01T23:32:00,31.105,24.645,2.518,4.427,2.0935,MQTT,env_sensor
2025-01-01T09:51:00,48.139,41.295,5.057,0.05,0.0,LoRaWAN,env_sensor
2025-01-02T15:04:00,28.195,128.196,0.916,0.05,5.0523,LoRaWAN,smart_meter
2025-01-01T16:35:00,108.986,3.267,8.97,5.062,1.5731,MQTT,actuator
2025-01-02T00:50:00,1011.472,71.551,9.57,41.587,2.13,CoAP,gateway
2025-01-01T13:06:00,1102.973,95.992,13.329,254.824,0.7675,HTTPS,camera
2025-01-01T12:50:00,20.59,263.238,0.73,0.05,5.6868,LoRaWAN,smart_meter
2025-01-01T22:09:00,525.365,46.835,0.1,168.73,0.2296,HTTPS,camera
2025-01-01T12:08:00,604.441,1.0,10.548,25.532,1.7114,CoAP,gateway
2025-01-02T17:32:00,21.583,33.72,3.51,0.589,2.0183,MQTT,smart_meter
2025-01-01T20:08:00,8.0,196.729,0.322,0.594,3.2915,LoRaWAN,smart_meter
2025-01-01T04:54:00,89.325,25.078,9.394,11.201,0.6087,MQTT,actuator
2025-01-01T16:07:00,3581.405,33.197,8.061,133.631,0.7646,HTTPS,camera
2025-01-02T08:30:00,121.434,31.048,4.604,9.094,0.3171,MQTT,actuator
2025-01-01T19:12:00,28.549,181.359,0.751,0.99,3.2888,LoRaWAN,smart_meter
2025-01-01T05:02:00,62.988,2.868,8.467,15.194,1.2028,MQTT,actuator
2025-01-01T05:07:00,13.816,221.615,3.112,0.718,3.3902,LoRaWAN,smart_meter
2025-01-01T04:11:00,727.008,32.768,2.493,31.912,1.3725,MQTT,gateway
2025-01-02T04:02:00,74.447,25.934,2.146,9.172,1.8744,MQTT,env_sensor
2025-01-02T08:02:00,71.938,13.144,10.683,8.536,1.0754,MQTT,actuator
2025-01-02T12:44:00,82.743,27.084,2.242,11.273,0.0,MQTT,actuator
2025-01-02T08:06:00,123.412,13.58,9.769,13.826,1.4715,MQTT,actuator
2025-01-01T08:51:00,106.518,19.08,3.387,9.891,0.3323,MQTT,actuator
2025-01-01T01:50:00,12.979,31.888,0.901,8.514,1.5527,MQTT,env_sensor
2025-01-02T06:05:00,82.049,10.064,2.734,1.431,0.7709,MQTT,env_sensor
2025-01-02T14:36:00,160.732,18.917,9.985,11.319,0.8207,MQTT,actuator
2025-01-01T04:47:00,102.138,40.966,5.604,6.232,1.2355,MQTT,env_sensor
2025-01-02T04:58:00,106.14,13.09,7.499,7.685,0.0,MQTT,actuator
2025-01-01T02:59:00,663.883,31.735,4.154,20.379,0.0,HTTPS,gateway
2025-01-02T03:03:00,1242.851,88.446,5.013,91.3,0.2748,HTTPS,camera
2025-01-01T04:02:00,2983.312,60.374,2.141,216.347,0.9137,HTTPS,camera
2025-01-01T20:42:00,82.428,20.242,5.792,7.333,0.0,MQTT,actuator
2025-01-02T01:21:00,99.836,14.33,7.948,0.733,0.506,CoAP,actuator
2025-01-01T13:39:00,131.515,28.154,6.425,4.809,0.9857,MQTT,actuator
2025-01-01T19:27:00,152.102,25.896,2.226,4.849,1.0835,MQTT,actuator
2025-01-01T15:55:00,88.386,22.584,7.373,5.845,1.1426,CoAP,env_sensor
2025-01-02T16:18:00,33.394,49.216,2.115,0.852,7.2082,LoRaWAN,smart_meter
2025-01-01T10:23:00,1245.976,52.974,1.731,99.943,2.2197,HTTPS,gateway
2025-01-01T14:53:00,2688.757,41.898,6.095,169.078,1.0908,HTTPS,camera
2025-01-01T19:17:00,342.45,16.241,14.664,85.048,3.81,CoAP,gateway
2025-01-01T03:35:00,991.03,53.884,0.38,66.258,0.0,HTTPS,gateway
2025-01-02T08:44:00,97.226,13.325,6.314,1.155,0.881,CoAP,env_sensor
2025-01-01T16:13:00,39.262,111.124,1.524,0.125,2.2186,MQTT,smart_meter
2025-01-02T03:14:00,32.908,245.816,1.636,0.536,1.2381,LoRaWAN,smart_meter
2025-01-02T16:35:00,32.364,251.861,2.593,0.19,0.0,LoRaWAN,smart_meter
2025-01-02T01:08:00,667.477,34.595,4.243,105.412,0.9982,HTTPS,camera
2025-01-01T02:26:00,1026.102,17.196,9.447,56.247,1.7613,HTTPS,gateway
2025-01-01T21:02:00,65.068,23.829,2.915,0.05,0.7039,MQTT,env_sensor
2025-01-01T16:41:00,146.548,1.0,3.71,6.033,0.2269,MQTT,actuator
2025-01-01T15:48:00,2500.372,95.763,7.327,176.051,0.0,HTTPS,camera
2025-01-02T07:10:00,1824.22,67.404,8.461,37.596,0.2404,HTTPS,gateway
2025-01-02T15:25:00,118.847,14.275,3.578,11.124,1.0676,MQTT,actuator
2025-01-02T13:43:00,159.741,12.449,7.71,1.403,0.0,MQTT,actuator
2025-01-02T00:32:00,21.828,59.018,2.905,0.05,2.7779,MQTT,smart_meter
2025-01-01T13:15:00,118.433,15.629,3.787,9.04,0.3721,MQTT,actuator
2025-01-02T14:17:00,1920.845,39.6,8.125,152.416,0.0,HTTPS,camera
2025-01-01T20:52:00,8.0,19.393,0.1,315.844,1.4168,MQTT,camera
2025-01-02T08:49:00,57.989,16.177,0.1,3.906,1.3736,MQTT,env_sensor
2025-01-01T07:37:00,53.505,32.858,1.371,6.201,0.9718,MQTT,env_sensor
2025-01-01T15:59:00,439.603,44.234,8.181,145.605,0.0,HTTPS,gateway
2025-01-02T10:58:00,69.011,24.676,4.702,8.197,1.3637,MQTT,actuator
2025-01-02T00:51:00,1699.71,43.922,10.156,44.067,1.2488,CoAP,gateway
2025-01-02T04:04:00,36.475,124.457,2.739,0.273,1.9648,MQTT,smart_meter
2025-01-02T06:59:00,763.756,88.295,10.026,94.302,0.9214,HTTPS,camera
2025-01-01T23:38:00,60.607,23.075,4.237,3.915,0.6991,MQTT,env_sensor
2025-01-02T07:36:00,8.0,70.825,2.236,118.62,1.0576,MQTT,camera
2025-01-02T09:32:00,90.419,6.756,5.233,5.511,0.7881,MQTT,actuator
2025-01-01T04:11:00,91.917,1.0,10.044,10.67,0.0638,MQTT,actuator
2025-01-01T17:51:00,33.544,201.139,0.468,0.137,4.1243,LoRaWAN,smart_meter
2025-01-02T11:08:00,129.443,12.727,7.079,4.463,0.5671,MQTT,actuator
2025-01-02T08:00:00,140.683,40.835,5.442,5.116,1.5969,CoAP,env_sensor
2025-01-02T13:31:00,8.647,256.796,3.118,0.609,3.2274,LoRaWAN,smart_meter
2025-01-02T15:32:00,635.957,29.12,15.001,58.563,0.0,HTTPS,gateway
2025-01-01T14:33:00,1324.523,35.835,10.856,7.976,1.4826,CoAP,gateway
2025-01-01T07:36:00,73.085,27.517,3.02,5.624,2.179,MQTT,env_sensor
2025-01-02T14:01:00,1538.254,59.549,0.1,144.161,0.6816,HTTPS,camera
2025-01-01T02:39:00,73.325,33.918,2.32,1.772,0.0836,MQTT,env_sensor
2025-01-01T10:38:00,1598.325,45.957,9.285,71.105,2.5581,HTTPS,gateway
2025-01-02T04:07:00,50.995,17.304,2.644,2.986,1.0907,MQTT,env_sensor
2025-01-02T13:30:00,124.407,22.489,5.552,8.013,0.0,MQTT,actuator
2025-01-01T18:42:00,1549.86,54.804,0.88,112.9,1.1198,HTTPS,camera
2025-01-01T23:03:00,69.487,65.311,5.701,82.166,2.1499,MQTT,gateway
2025-01-02T11:34:00,561.342,27.596,9.318,51.402,0.7864,HTTPS,gateway
2025-01-01T04:57:00,262.19,81.04,10.239,61.903,0.3788,HTTPS,gateway
2025-01-02T12:41:00,1049.067,58.84,10.982,20.374,0.6576,HTTPS,gateway
2025-01-02T13:43:00,535.182,55.599,10.947,145.511,1.6136,CoAP,gateway
2025-01-02T06:53:00,95.196,34.636,4.37,4.403,0.5932,MQTT,env_sensor
2025-01-02T17:24:00,65.699,48.9,2.65,0.05,0.0,MQTT,env_sensor
2025-01-01T21:46:00,835.826,55.659,8.35,0.05,0.7871,HTTPS,gateway
2025-01-02T03:21:00,19.527,300.292,4.352,0.655,0.0,LoRaWAN,smart_meter
2025-01-02T00:08:00,1047.756,38.485,3.605,100.783,0.2901,HTTPS,camera
2025-01-01T17:40:00,74.049,19.437,3.106,10.646,0.7017,MQTT,env_sensor
2025-01-01T18:42:00,51.888,11.907,2.302,6.895,2.4264,MQTT,env_sensor
2025-01-01T17:01:00,93.211,22.516,4.246,11.35,0.4673,MQTT,actuator
2025-01-02T13:01:00,76.155,12.25,8.658,12.061,0.414,CoAP,actuator
2025-01-01T02:28:00,1333.998,40.711,0.1,44.211,0.0,HTTPS,gateway
2025-01-02T16:46:00,428.501,47.621,15.787,82.9,2.8555,CoAP,gateway
2025-01-01T06:08:00,1226.367,45.229,9.729,78.228,1.6293,HTTPS,gateway
2025-01-02T00:54:00,1846.438,42.261,8.454,98.557,1.3486,HTTPS,camera
2025-01-01T19:32:00,43.062,20.43,3.938,13.954,0.2698,MQTT,actuator
2025-01-01T20:07:00,19.186,241.306,0.604,0.362,1.5348,LoRaWAN,smart_meter
2025-01-01T18:42:00,781.75,53.302,12.412,99.755,1.3449,CoAP,gateway
2025-01-02T04:43:00,489.715,25.5,0.434,64.114,1.1791,MQTT,gateway
2025-01-01T15:15:00,1252.237,71.412,1.939,35.105,2.5418,HTTPS,gateway
2025-01-01T14:03:00,1811.12,44.048,2.517,59.901,0.312,HTTPS,camera
2025-01-02T14:12:00,19.029,198.478,0.829,0.29,0.0,LoRaWAN,smart_meter
2025-01-01T11:54:00,21.233,250.663,1.292,0.422,1.2387,MQTT,smart_meter
2025-01-02T04:07:00,72.092,12.755,3.427,9.407,0.4375,MQTT,actuator
2025-01-01T20:36:00,2115.38,37.474,4.908,107.972,0.4536,HTTPS,camera
2025-01-02T13:15:00,29.62,33.207,2.469,5.585,1.5931,MQTT,env_sensor
2025-01-01T04:05:00,53.83,23.587,6.263,4.877,0.0,MQTT,env_sensor
2025-01-01T13:57:00,93.761,18.957,2.95,2.865,0.0,MQTT,env_sensor
2025-01-02T16:56:00,130.253,23.703,7.941,1.144,0.5235,MQTT,actuator
2025-01-01T18:35:00,2759.763,57.415,8.845,60.44,0.3053,HTTPS,camera
2025-01-01T11:59:00,60.09,30.848,1.409,2.723,2.2007,MQTT,env_sensor
2025-01-01T10:59:00,32.328,182.584,1.827,0.05,1.1033,LoRaWAN,smart_meter
2025-01-01T13:17:00,30.795,173.605,1.631,0.346,1.2439,LoRaWAN,smart_meter
2025-01-01T12:35:00,26.091,87.473,1.727,0.801,2.8357,LoRaWAN,smart_meter
2025-01-01T03:20:00,793.458,36.417,7.725,0.681,1.2265,CoAP,gateway
2025-01-01T13:11:00,414.079,37.751,1.6,197.978,0.4989,HTTPS,camera
2025-01-02T17:36:00,28.23,184.874,0.1,0.585,2.7279,MQTT,smart_meter
2025-01-01T01:39:00,2629.417,60.262,0.11,196.873,0.6151,HTTPS,camera
2025-01-02T07:11:00,37.231,98.34,2.195,0.249,4.1206,MQTT,smart_meter
2025-01-02T10:06:00,35.187,176.869,1.05,0.827,2.8274,LoRaWAN,smart_meter
2025-01-01T06:17:00,2098.043,78.677,1.52,7.867,0.3273,HTTPS,camera
2025-01-02T15:11:00,81.491,29.665,2.708,1.213,0.0,MQTT,env_sensor
2025-01-01T01:12:00,134.006,10.951,1.478,16.557,0.0348,MQTT,actuator
2025-01-02T12:03:00,35.151,254.496,0.814,0.6,4.1198,LoRaWAN,smart_meter
2025-01-01T17:16:00,139.145,23.17,2.542,5.794,1.5239,MQTT,actuator
2025-01-02T08:01:00,96.3,14.522,8.48,8.711,0.5623,CoAP,actuator
2025-01-01T20:16:00,99.35,14.918,8.314,6.771,0.0,MQTT,actuator
2025-01-01T18:05:00,200.983,58.932,7.697,8.7,1.3542,CoAP,gateway
2025-01-01T08:57:00,28.174,174.635,3.732,1.059,0.1853,MQTT,smart_meter
2025-01-02T15:53:00,417.07,47.339,9.857,135.918,1.0738,CoAP,camera
2025-01-01T06:37:00,85.838,46.12,1.679,2.329,2.2999,MQTT,env_sensor
2025-01-01T04:28:00,1873.228,48.409,5.525,140.971,0.3226,HTTPS,camera
2025-01-02T13:02:00,29.725,85.953,3.631,0.697,4.7734,MQTT,smart_meter
2025-01-01T05:27:00,907.826,40.117,4.471,29.387,0.771,HTTPS,gateway
2025-01-01T01:39:00,74.215,36.32,0.1,1.774,1.9045,MQTT,env_sensor
2025-01-01T11:45:00,33.951,84.579,3.977,0.193,0.0,HTTPS,smart_meter
2025-01-01T16:08:00,54.364,5.384,2.99,0.05,0.4796,MQTT,env_sensor
2025-01-02T05:04:00,149.29,19.605,0.1,5.552,0.9606,MQTT,actuator
2025-01-01T14:34:00,112.552,8.828,8.188,6.745,0.9407,MQTT,actuator
2025-01-02T07:13:00,109.004,30.94,1.224,6.328,1.1868,MQTT,env_sensor
2025-01-01T06:31:00,1054.005,69.237,2.156,226.248,0.7913,HTTPS,camera
2025-01-02T04:45:00,1627.319,40.031,1.221,78.856,0.3311,HTTPS,camera
2025-01-02T15:19:00,14.574,37.346,4.08,3.557,1.06,MQTT,env_sensor
2025-01-01T12:44:00,85.107,29.703,1.044,6.972,0.0,MQTT,env_sensor
2025-01-02T15:05:00,1293.543,63.41,3.191,65.277,0.7267,HTTPS,camera
2025-01-01T13:19:00,1561.748,69.013,10.4,81.97,2.0461,HTTPS,gateway
2025-01-01T03:52:00,83.949,52.974,3.793,9.085,2.51,MQTT,env_sensor
