timestamp,payload_size,latency,jitter,throughput,packet_loss,best_protocol,device_archetype
2025-01-09T04:40:00,72.139,27.356,0.1,3.527,2.6746,MQTT,env_sensor
2025-01-09T08:36:00,1077.969,28.352,1.398,0.05,0.9775,HTTPS,camera
2025-01-08T12:13:00,34.801,196.019,0.981,0.05,3.9107,LoRaWAN,smart_meter
2025-01-08T19:28:00,350.952,23.764,7.058,70.579,1.5802,CoAP,gateway
2025-01-08T22:36:00,36.95,237.928,2.394,0.368,3.395,LoRaWAN,smart_meter
2025-01-09T13:04:00,36.973,4.156,2.357,7.816,0.2603,MQTT,env_sensor
2025-01-09T12:39:00,94.091,26.36,0.1,4.12,1.1721,MQTT,env_sensor
2025-01-09T10:22:00,84.756,24.635,1.312,5.163,2.2148,MQTT,env_sensor
2025-01-09T01:25:00,1928.258,25.5,10.467,67.863,2.0138,HTTPS,gateway
2025-01-08T03:51:00,71.094,36.799,3.604,0.615,0.653,MQTT,env_sensor
2025-01-07T23:15:00,28.254,290.785,0.1,0.45,0.0,LoRaWAN,smart_meter
2025-01-08T11:18:00,69.197,42.471,4.959,9.283,1.7625,MQTT,env_sensor
2025-01-09T04:32:00,22.165,30.928,2.9,1.346,0.776,MQTT,env_sensor
2025-01-09T16:19:00,422.084,77.545,3.655,124.335,0.6774,HTTPS,camera
2025-01-08T21:08:00,96.288,3.44,8.796,11.614,1.2402,MQTT,actuator
2025-01-08T17:11:00,34.578,27.941,5.082,4.698,2.035,MQTT,env_sensor
2025-01-09T15:42:00,82.537,20.666,7.176,11.227,0.0,MQTT,actuator
2025-01-08T07:47:00,1267.679,62.468,9.23,71.491,1.2208,HTTPS,gateway
2025-01-08T07:38:00,70.265,1.0,3.694,1.742,2.5913,MQTT,env_sensor
2025-01-08T16:34:00,33.569,76.586,3.126,0.05,3.5754,MQTT,smart_meter
2025-01-08T11:24:00,701.899,56.511,1.99,47.491,0.4947,HTTPS,gateway
2025-01-09T05:27:00,16.44,31.858,4.19,0.126,4.0355,LoRaWAN,smart_meter
2025-01-08T01:09:00,106.371,30.008,5.257,5.112,1.1028,CoAP,actuator
2025-01-08T04:23:00,1626.461,47.053,1.653,104.155,0.1808,HTTPS,camera
2025-01-08T06:38:00,22.716,137.558,5.525,0.521,2.2113,CoAP,smart_meter
2025-01-09T05:42:00,1508.633,41.005,19.374,92.574,0.0,HTTPS,gateway
2025-01-08T21:25:00,1233.38,54.825,7.425,81.684,0.0,HTTPS,gateway
2025-01-08T01:06:00,20.508,101.369,1.048,0.397,2.9534,LoRaWAN,smart_meter
2025-01-08T14:40:00,2071.345,20.397,11.454,52.202,0.0,HTTPS,gateway
2025-01-08T19:29:00,109.051,25.762,5.911,6.857,0.9386,MQTT,actuator
2025-01-08T20:02:00,28.014,203.422,2.356,0.657,3.7759,LoRaWAN,smart_meter
2025-01-09T12:21:00,640.73,42.348,8.81,130.068,0.6606,HTTPS,camera
2025-01-08T00:11:00,1379.232,29.745,7.72,52.083,0.8804,HTTPS,camera
2025-01-09T00:40:00,99.199,29.461,7.112,9.559,0.8434,MQTT,actuator
2025-01-08T07:58:00,85.897,12.108,5.434,9.289,1.3076,CoAP,actuator
2025-01-08T05:44:00,72.512,14.299,4.876,0.925,1.0542,MQTT,env_sensor
2025-01-08T22:42:00,51.413,24.319,0.1,0.05,1.9089,MQTT,env_sensor
2025-01-08T08:26:00,38.676,201.855,1.871,0.634,1.6851,LoRaWAN,smart_meter
2025-01-09T09:06:00,80.218,35.213,3.832,1.898,0.5963,MQTT,env_sensor
2025-01-09T06:57:00,77.173,34.163,2.59,2.107,1.3802,MQTT,env_sensor
2025-01-08T07:16:00,33.099,135.025,4.252,0.504,7.5721,LoRaWAN,smart_meter
2025-01-08T02:02:00,46.637,38.043,3.717,7.173,2.0328,MQTT,env_sensor
2025-01-07T23:13:00,97.786,29.211,6.554,11.334,0.5475,CoAP,actuator
2025-01-08T06:41:00,99.32,18.034,4.633,4.902,1.1193,MQTT,env_sensor
2025-01-09T00:21:00,25.397,219.607,0.442,0.458,6.0772,LoRaWAN,smart_meter
2025-01-09T06:56:00,23.718,218.295,1.128,0.391,2.2183,LoRaWAN,smart_meter
2025-01-08T17:56:00,23.087,157.682,0.532,0.385,5.3228,LoRaWAN,smart_meter
2025-01-08T13:36:00,1732.925,76.509,9.185,160.152,0.505,HTTPS,camera
2025-01-08T21:53:00,819.949,87.694,0.1,65.273,0.909,HTTPS,camera
2025-01-09T07:56:00,1443.474,36.605,0.394,44.538,0.6514,HTTPS,camera
2025-01-08T22:46:00,82.439,39.969,0.1,1.638,0.0371,MQTT,env_sensor
2025-01-08T13:07:00,838.638,16.994,10.625,78.094,0.0773,HTTPS,gateway
2025-01-08T04:34:00,1053.244,85.384,3.373,188.257,0.6127,HTTPS,camera
2025-01-08T10:23:00,910.214,22.441,11.562,39.832,1.6329,CoAP,gateway
2025-01-08T15:50:00,16.981,236.349,2.911,0.05,5.7066,LoRaWAN,smart_meter
2025-01-08T10:03:00,80.811,25.026,6.45,11.189,1.0251,MQTT,actuator
2025-01-09T14:16:00,1192.06,85.463,0.582,111.792,1.1031,HTTPS,camera
2025-01-09T04:20:00,44.587,12.289,7.155,12.621,3.7525,CoAP,env_sensor
2025-01-08T17:48:00,92.849,25.059,1.566,3.282,1.6206,MQTT,env_sensor
2025-01-09T01:18:00,28.003,112.846,3.03,0.346,3.9938,LoRaWAN,smart_meter
2025-01-08T07:00:00,126.139,4.259,9.862,16.675,0.6234,MQTT,actuator
2025-01-08T04:15:00,84.257,14.135,3.389,5.491,0.0,MQTT,env_sensor
2025-01-09T04:34:00,992.534,35.273,6.695,97.794,0.8536,HTTPS,camera
2025-01-08T10:46:00,1805.916,55.431,0.378,180.663,1.1634,HTTPS,camera
2025-01-08T00:53:00,1171.738,57.186,0.1,61.981,2.9451,HTTPS,gateway
2025-01-09T09:36:00,21.462,240.624,3.895,0.05,3.9257,LoRaWAN,smart_meter
2025-01-08T09:43:00,8.0,194.656,2.578,0.321,5.7025,LoRaWAN,smart_meter
2025-01-08T12:19:00,1252.038,51.044,2.657,178.828,1.175,HTTPS,camera
2025-01-08T02:16:00,511.122,48.484,12.278,57.486,1.2676,CoAP,gateway
2025-01-08T17:31:00,20.923,104.141,4.37,0.734,7.4268,LoRaWAN,smart_meter
2025-01-07T23:04:00,1992.732,9.992,4.79,63.647,1.3083,HTTPS,gateway
2025-01-08T14:16:00,85.999,29.014,5.446,0.05,0.4485,CoAP,env_sensor
2025-01-09T11:26:00,1379.122,54.948,0.718,17.459,0.3821,HTTPS,camera
2025-01-08T00:13:00,878.989,40.098,9.464,72.97,1.6401,CoAP,gateway
2025-01-08T22:24:00,106.305,14.964,10.946,7.003,0.4394,MQTT,actuator
2025-01-08T12:13:00,1000.088,63.383,4.072,109.851,0.4191,HTTPS,gateway
2025-01-08T17:24:00,25.774,15.387,1.851,2.579,0.9743,MQTT,env_sensor
2025-01-08T07:05:00,1452.392,26.148,0.1,20.635,0.0,HTTPS,camera
2025-01-08T09:29:00,76.721,10.23,3.874,3.617,0.4512,MQTT,actuator
2025-01-09T12:54:00,883.948,48.01,11.127,95.973,0.0,HTTPS,gateway
2025-01-08T15:54:00,36.605,109.688,3.508,0.05,5.7934,LoRaWAN,smart_meter
2025-01-08T16:48:00,144.395,33.477,2.528,2.596,1.1259,MQTT,env_sensor
2025-01-08T08:21:00,56.558,40.325,4.667,9.794,0.5816,MQTT,env_sensor
2025-01-08T06:50:00,33.804,268.395,1.834,0.474,6.0605,LoRaWAN,smart_meter
2025-01-08T04:11:00,1898.236,68.539,9.32,19.471,0.3072,HTTPS,camera
2025-01-08T19:41:00,81.541,15.828,8.736,9.361,1.3964,MQTT,actuator
2025-01-08T23:58:00,23.304,214.437,2.838,0.106,3.7509,LoRaWAN,smart_meter
2025-01-08T02:22:00,35.937,173.21,1.161,0.982,3.6411,LoRaWAN,smart_meter
2025-01-08T00:05:00,100.413,7.442,8.071,0.05,0.9107,MQTT,gateway
2025-01-08T20:02:00,55.036,10.422,4.359,10.911,1.6376,MQTT,actuator
2025-01-08T00:58:00,902.819,50.725,1.796,11.29,1.8418,CoAP,gateway
2025-01-09T11:16:00,949.049,24.434,6.268,164.685,0.7705,HTTPS,camera
2025-01-09T05:27:00,2761.464,4.653,6.954,40.471,0.0,HTTPS,camera
2025-01-08T11:32:00,120.925,11.872,12.35,12.809,1.2319,MQTT,actuator
2025-01-08T13:27:00,129.059,22.729,4.024,10.339,2.2607,MQTT,actuator
2025-01-09T07:04:00,1395.945,37.915,14.479,0.05,0.0,HTTPS,gateway
2025-01-09T04:30:00,53.091,35.395,5.449,0.05,2.9242,CoAP,env_sensor
2025-01-08T03:56:00,30.962,36.915,0.94,0.877,4.2714,LoRaWAN,smart_meter
2025-01-08T18:00:00,2768.315,41.513,0.447,169.762,0.748,HTTPS,camera
2025-01-08T17:58:00,100.474,11.149,7.389,10.849,0.7675,MQTT,actuator
2025-01-08T14:52:00,64.923,41.876,0.1,3.363,0.9975,MQTT,env_sensor
2025-01-09T02:35:00,52.157,29.484,3.182,4.504,2.6963,MQTT,env_sensor
2025-01-09T13:00:00,404.399,61.299,3.706,14.604,0.6481,HTTPS,gateway
2025-01-08T13:33:00,24.319,232.8,1.671,0.05,2.0219,LoRaWAN,smart_meter
2025-01-08T07:57:00,83.236,21.25,3.32,6.444,0.0,MQTT,env_sensor
2025-01-08T06:02:00,1526.682,47.893,5.472,91.818,0.6313,HTTPS,gateway
2025-01-08T05:42:00,792.964,73.597,0.369,120.646,0.8114,HTTPS,camera
2025-01-09T04:49:00,1378.075,16.632,7.738,222.693,0.0,HTTPS,gateway
2025-01-08T05:40:00,92.393,13.934,6.951,7.051,2.1364,MQTT,actuator
2025-01-08T02:09:00,16.24,160.513,1.861,0.434,1.2104,LoRaWAN,smart_meter
2025-01-08T08:05:00,119.389,20.089,4.062,5.594,0.8628,MQTT,env_sensor
2025-01-08T00:08:00,1397.428,81.149,0.1,114.06,1.069,HTTPS,camera
2025-01-08T09:07:00,2136.444,25.564,0.1,98.602,0.0024,HTTPS,camera
2025-01-09T00:38:00,112.797,28.467,5.216,12.851,0.0,MQTT,actuator
2025-01-09T15:57:00,26.204,141.419,1.283,0.492,1.0357,MQTT,smart_meter
2025-01-07T22:50:00,54.14,34.095,3.501,2.238,0.0,MQTT,env_sensor
2025-01-08T05:56:00,1114.762,56.541,12.293,83.576,1.6829,HTTPS,gateway
2025-01-08T04:43:00,40.168,13.939,2.929,6.983,0.3281,MQTT,env_sensor
2025-01-09T10:25:00,29.779,238.181,2.789,0.426,0.0,LoRaWAN,smart_meter
2025-01-08T05:14:00,24.877,173.791,1.238,0.716,2.6184,LoRaWAN,smart_meter
2025-01-09T09:22:00,495.027,41.472,7.308,57.785,1.4108,CoAP,gateway
2025-01-08T02:23:00,16.871,190.079,3.603,0.284,3.5588,LoRaWAN,smart_meter
2025-01-08T14:23:00,20.134,93.032,4.371,0.87,2.536,LoRaWAN,smart_meter
2025-01-08T12:47:00,897.094,36.196,8.457,80.638,1.2843,CoAP,gateway
2025-01-08T23:24:00,1669.547,49.024,1.074,185.167,0.725,HTTPS,camera
2025-01-08T20:13:00,90.382,30.534,4.089,7.619,0.0,MQTT,env_sensor
2025-01-09T11:15:00,721.221,75.989,6.226,68.254,0.925,HTTPS,gateway
2025-01-08T14:49:00,110.176,27.03,4.717,1.646,2.2083,MQTT,actuator
2025-01-08T21:04:00,91.704,15.603,3.857,7.916,1.0869,MQTT,actuator
2025-01-09T09:56:00,35.768,225.426,3.608,0.584,1.1866,LoRaWAN,smart_meter
2025-01-09T03:37:00,130.206,35.533,7.436,7.896,0.0,MQTT,actuator
2025-01-09T03:01:00,110.716,15.406,6.237,9.834,1.2361,MQTT,actuator
2025-01-09T06:21:00,1522.903,50.301,7.149,111.688,0.0,HTTPS,gateway
2025-01-09T15:02:00,15.691,176.618,1.82,0.273,3.4968,LoRaWAN,smart_meter
2025-01-09T03:26:00,2802.617,47.082,5.053,176.772,0.4945,HTTPS,camera
2025-01-09T03:29:00,38.08,191.945,1.68,0.355,7.5386,LoRaWAN,smart_meter
2025-01-08T08:05:00,2220.218,61.92,8.082,55.281,0.0,HTTPS,camera
2025-01-08T12:24:00,858.516,50.233,8.456,10.163,2.5294,CoAP,gateway
2025-01-09T11:24:00,56.569,29.176,3.33,3.262,2.4508,MQTT,env_sensor
2025-01-09T15:48:00,780.366,1.0,12.755,61.076,1.4389,CoAP,gateway
2025-01-08T05:25:00,615.642,88.826,12.933,91.451,0.8014,HTTPS,gateway
2025-01-08T17:37:00,205.867,36.091,14.486,23.989,0.72,CoAP,gateway
2025-01-08T00:00:00,82.761,24.265,6.788,2.508,1.3658,MQTT,actuator
2025-01-09T08:14:00,304.234,30.477,12.387,51.624,1.3422,CoAP,gateway
2025-01-08T20:07:00,33.299,29.398,2.143,10.157,0.0,MQTT,env_sensor
2025-01-08T20:17:00,17.459,104.806,4.679,0.411,0.3412,LoRaWAN,smart_meter
2025-01-08T22:23:00,109.635,45.198,4.521,5.78,0.102,MQTT,env_sensor
2025-01-08T09:40:00,61.505,39.128,3.46,0.05,0.0,MQTT,env_sensor
2025-01-09T01:37:00,68.54,22.642,2.786,7.841,0.0,MQTT,env_sensor
2025-01-08T04:15:00,30.737,247.573,0.1,0.629,3.2997,LoRaWAN,smart_meter
2025-01-08T00:31:00,116.19,22.866,3.648,1.478,0.0,MQTT,actuator
2025-01-08T06:46:00,167.1,18.975,5.044,1.424,0.9691,MQTT,actuator
2025-01-09T04:49:00,33.853,308.799,4.355,0.05,0.0,LoRaWAN,smart_meter
2025-01-08T19:13:00,96.029,10.524,2.722,6.483,2.1032,MQTT,env_sensor
2025-01-09T07:16:00,35.793,188.304,1.781,0.05,0.8193,LoRaWAN,smart_meter
2025-01-09T14:37:00,25.804,245.312,0.1,0.31,2.28,LoRaWAN,smart_meter
2025-01-09T01:36:00,901.624,72.757,11.421,17.223,0.1171,CoAP,gateway
2025-01-08T08:49:00,63.841,14.391,6.692,11.694,0.1085,MQTT,actuator
2025-01-08T03:03:00,1354.089,19.62,2.606,100.924,0.0,HTTPS,camera
2025-01-08T10:33:00,1173.101,41.714,9.734,134.468,1.5504,HTTPS,gateway
2025-01-08T06:39:00,29.396,227.451,0.1,0.507,3.889,LoRaWAN,smart_meter
2025-01-08T18:07:00,1168.097,81.761,13.179,131.694,3.3536,HTTPS,gateway
2025-01-07T23:26:00,1774.309,69.395,6.039,123.7,0.0648,HTTPS,camera
2025-01-08T08:30:00,1522.547,62.209,12.407,34.901,0.0,HTTPS,gateway
2025-01-09T00:41:00,53.138,35.519,3.094,6.882,0.8544,MQTT,env_sensor
2025-01-08T21:25:00,15.573,120.026,2.136,0.368,4.322,LoRaWAN,smart_meter
2025-01-08T23:39:00,1967.948,50.794,2.058,17.096,0.214,HTTPS,camera
2025-01-09T15:43:00,424.92,34.79,17.024,39.725,2.5526,CoAP,gateway
2025-01-09T11:30:00,79.779,19.558,7.718,4.561,0.8984,CoAP,actuator
2025-01-09T05:10:00,24.047,318.399,3.75,0.05,2.4204,LoRaWAN,smart_meter
2025-01-08T01:15:00,40.018,21.525,8.23,9.502,0.0,MQTT,actuator
2025-01-09T12:42:00,47.885,177.998,0.861,0.898,2.0012,LoRaWAN,smart_meter
2025-01-08T03:22:00,2329.471,102.83,3.743,183.848,1.0118,HTTPS,camera
2025-01-09T12:18:00,950.389,30.054,18.409,12.509,1.8315,CoAP,gateway
2025-01-08T00:55:00,32.838,156.577,0.878,0.826,4.1159,LoRaWAN,smart_meter
2025-01-09T14:07:00,38.205,272.964,1.833,0.05,0.6931,LoRaWAN,smart_meter
2025-01-07T23:47:00,77.89,9.129,8.374,5.227,1.472,MQTT,actuator
2025-01-09T12:06:00,1305.382,44.179,6.469,183.12,0.0381,HTTPS,camera
2025-01-09T07:33:00,46.577,22.193,3.413,10.624,0.1272,MQTT,actuator
2025-01-08T03:33:00,120.097,24.47,7.833,8.167,0.0,CoAP,actuator
2025-01-08T09:18:00,506.014,52.399,14.383,31.158,0.8839,CoAP,gateway
2025-01-08T01:56:00,342.238,52.56,3.281,177.518,1.0879,HTTPS,camera
2025-01-08T13:31:00,125.915,14.72,11.748,11.905,0.2868,MQTT,actuator
2025-01-09T15:21:00,56.36,49.781,2.147,5.227,1.255,MQTT,env_sensor
2025-01-09T11:21:00,876.353,92.66,4.609,73.006,1.3153,HTTPS,camera
2025-01-08T00:24:00,27.925,41.581,6.198,0.05,1.1244,LoRaWAN,smart_meter
2025-01-08T17:27:00,395.551,62.718,9.637,80.665,1.3808,CoAP,gateway
2025-01-09T12:04:00,1599.294,69.509,4.85,170.285,1.5976,HTTPS,camera
2025-01-08T14:37:00,637.264,75.842,4.011,93.369,0.4992,HTTPS,camera
2025-01-09T15:36:00,32.135,151.484,2.115,0.324,3.8536,LoRaWAN,smart_meter
2025-01-09T14:56:00,132.907,6.233,0.843,0.05,0.5059,MQTT,actuator
2025-01-09T07:03:00,161.486,16.122,10.38,7.234,0.6145,CoAP,actuator
2025-01-08T16:01:00,887.595,47.157,5.161,146.114,1.0338,CoAP,camera
2025-01-09T02:37:00,92.206,48.874,0.1,4.178,1.2877,MQTT,env_sensor
2025-01-08T12:42:00,796.963,42.623,2.077,79.311,1.3451,HTTPS,gateway
2025-01-08T20:56:00,31.243,285.5,3.497,0.366,0.1772,LoRaWAN,smart_meter
2025-01-08T17:42:00,1200.602,58.528,6.829,76.838,0.5511,HTTPS,gateway
2025-01-08T14:50:00,30.676,238.699,0.1,0.648,3.9639,LoRaWAN,smart_meter
2025-01-09T15:36:00,1558.842,27.275,1.651,147.566,0.7048,HTTPS,camera
2025-01-08T04:09:00,906.334,8.46,3.562,0.05,0.6053,HTTPS,camera
2025-01-09T04:30:00,28.64,31.26,1.436,0.477,4.5512,MQTT,smart_meter
2025-01-08T18:55:00,1349.067,64.704,4.474,46.658,1.7,HTTPS,gateway
2025-01-08T17:37:00,143.607,36.605,7.472,17.111,0.7783,CoAP,actuator
2025-01-08T09:41:00,2070.752,53.573,3.049,107.846,0.6453,HTTPS,camera
2025-01-09T11:05:00,23.33,2.989,1.988,2.154,0.7241,MQTT,env_sensor
2025-01-08T22:16:00,129.862,26.1,9.513,4.629,0.0,MQTT,actuator
2025-01-09T05:36:00,90.182,13.282,8.825,3.941,0.1482,CoAP,actuator
2025-01-08T15:50:00,1443.88,82.107,2.403,74.416,0.6268,HTTPS,camera
2025-01-09T14:12:00,32.052,238.07,5.349,0.241,2.7929,LoRaWAN,smart_meter
2025-01-08T07:42:00,136.021,19.543,7.709,11.018,0.7375,MQTT,actuator
2025-01-09T06:53:00,1664.041,85.495,5.345,47.909,1.2866,CoAP,gateway
2025-01-09T00:37:00,23.333,186.749,0.888,0.462,0.03,LoRaWAN,smart_meter
2025-01-09T06:50:00,32.723,157.025,3.837,0.096,4.6804,LoRaWAN,smart_meter
2025-01-08T15:49:00,21.477,144.421,2.033,0.053,1.6674,LoRaWAN,smart_meter
2025-01-08T11:09:00,22.712,161.532,1.849,0.331,3.3092,LoRaWAN,smart_meter
2025-01-08T04:44:00,2682.611,33.124,7.771,97.054,0.8726,HTTPS,camera
2025-01-09T06:50:00,1447.018,33.668,4.304,31.766,0.9911,HTTPS,camera
2025-01-08T23:13:00,884.49,37.287,7.477,79.844,1.7223,CoAP,gateway
2025-01-08T20:48:00,36.48,170.987,0.71,0.05,5.5123,LoRaWAN,smart_meter
2025-01-09T03:10:00,379.157,3.584,0.1,20.269,0.5065,HTTPS,gateway
2025-01-09T06:52:00,123.448,25.863,2.373,6.077,0.9359,MQTT,env_sensor
2025-01-08T13:39:00,939.133,76.891,10.051,30.194,1.2677,CoAP,gateway
2025-01-08T17:07:00,136.313,20.611,6.647,9.2,0.347,MQTT,actuator
2025-01-08T08:13:00,37.636,246.954,3.137,0.307,4.7002,LoRaWAN,smart_meter
2025-01-08T20:27:00,97.215,1.0,5.517,10.622,0.2832,MQTT,actuator
2025-01-08T23:09:00,100.587,17.102,8.106,8.729,1.0594,CoAP,actuator
2025-01-08T14:26:00,455.212,54.636,6.668,120.432,0.6802,HTTPS,gateway
2025-01-08T18:27:00,408.166,34.901,9.037,63.852,1.5593,CoAP,gateway
2025-01-08T23:02:00,41.026,129.817,2.372,0.476,3.8082,LoRaWAN,smart_meter
2025-01-09T11:33:00,30.827,213.421,0.1,0.218,3.2698,LoRaWAN,smart_meter
2025-01-08T02:55:00,82.536,18.35,9.106,6.868,1.1849,CoAP,actuator
2025-01-08T10:15:00,36.598,30.064,1.76,6.528,1.9639,MQTT,env_sensor
2025-01-08T13:09:00,91.8,24.639,4.591,3.011,2.1736,MQTT,env_sensor
2025-01-08T19:26:00,663.277,80.503,7.341,200.31,1.0417,CoAP,camera
2025-01-08T20:35:00,37.76,46.096,0.1,0.162,1.2959,MQTT,smart_meter
2025-01-07T23:27:00,2023.165,59.5,5.99,119.001,0.7083,HTTPS,camera
2025-01-08T03:22:00,42.629,148.166,5.541,0.318,5.1669,LoRaWAN,smart_meter
2025-01-09T06:09:00,2572.861,56.599,1.604,87.852,0.8224,HTTPS,camera
2025-01-09T01:05:00,2578.954,95.553,0.1,147.454,0.4182,HTTPS,camera
2025-01-09T03:58:00,86.398,21.418,3.658,3.493,2.0007,MQTT,env_sensor
2025-01-08T17:30:00,177.779,13.126,7.873,5.869,0.3156,CoAP,actuator
2025-01-08T12:05:00,1266.904,21.725,4.905,165.317,0.9002,HTTPS,camera
2025-01-08T01:34:00,2538.139,19.08,7.153,165.451,0.1009,HTTPS,camera
2025-01-09T01:27:00,71.899,19.857,2.317,3.004,0.0,MQTT,env_sensor
2025-01-09T04:28:00,88.859,26.517,2.9,4.7,0.0,MQTT,env_sensor
2025-01-09T14:20:00,109.628,28.269,4.788,5.298,0.3257,MQTT,actuator
2025-01-08T00:43:00,1628.421,60.914,10.858,77.16,0.0,HTTPS,gateway
2025-01-08T13:35:00,1280.129,66.123,2.601,103.527,0.9407,HTTPS,camera
2025-01-08T09:33:00,89.668,20.95,8.667,14.177,0.4537,MQTT,actuator
2025-01-09T06:15:00,119.929,20.217,4.28,8.0,1.9183,MQTT,env_sensor
2025-01-08T02:00:00,690.905,86.768,6.386,73.397,0.7847,HTTPS,camera
2025-01-07T23:52:00,1692.415,18.275,0.1,192.022,0.0,HTTPS,camera
2025-01-08T05:54:00,31.578,16.868,2.868,6.008,0.0,MQTT,env_sensor
2025-01-08T16:49:00,1645.513,66.151,3.794,167.865,0.5084,HTTPS,camera
2025-01-09T07:16:00,337.666,74.92,3.729,62.094,1.0653,HTTPS,gateway
2025-01-08T09:50:00,2587.07,100.729,4.822,45.071,0.3965,HTTPS,camera
2025-01-09T01:18:00,125.887,20.505,1.275,1.567,0.7498,MQTT,actuator
2025-01-08T15:09:00,2020.614,37.318,2.727,79.325,0.1565,HTTPS,camera
2025-01-08T18:00:00,792.216,27.753,8.123,44.005,0.8122,CoAP,gateway
2025-01-09T14:10:00,168.549,27.878,7.267,12.59,0.6111,MQTT,actuator
2025-01-08T14:56:00,1251.529,32.791,6.9,153.902,0.3607,HTTPS,camera
2025-01-08T04:48:00,28.62,162.152,3.098,0.05,6.3321,LoRaWAN,smart_meter
2025-01-08T13:13:00,1137.323,57.151,10.536,0.05,1.2892,HTTPS,gateway
2025-01-08T23:05:00,19.141,238.541,1.541,0.432,1.8741,LoRaWAN,smart_meter
2025-01-08T14:49:00,911.593,48.045,13.3,95.333,2.3205,CoAP,gateway
2025-01-08T08:42:00,1447.074,56.364,5.879,64.284,0.9342,HTTPS,gateway
2025-01-09T09:50:00,79.866,14.129,2.298,9.039,0.7679,MQTT,actuator
2025-01-08T20:08:00,43.987,287.155,1.403,0.681,3.6184,LoRaWAN,smart_meter
2025-01-08T01:23:00,98.384,22.066,0.645,7.634,0.5286,MQTT,actuator
2025-01-08T13:01:00,1729.493,69.578,5.153,172.031,1.5488,HTTPS,camera
2025-01-08T19:40:00,38.474,178.97,0.492,0.251,6.1627,LoRaWAN,smart_meter
2025-01-08T18:00:00,93.969,26.57,2.827,4.466,1.8001,MQTT,env_sensor
2025-01-09T09:05:00,173.621,66.518,9.062,66.142,0.0,HTTPS,gateway
2025-01-08T15:14:00,113.688,13.576,10.008,10.02,0.5337,MQTT,actuator
2025-01-08T06:03:00,97.853,11.845,5.25,7.663,0.7174,MQTT,actuator
2025-01-08T23:20:00,54.523,35.823,0.1,1.354,1.7897,MQTT,env_sensor
2025-01-08T02:17:00,73.577,46.525,3.172,2.559,2.2017,MQTT,env_sensor
2025-01-09T00:02:00,20.53,166.501,2.906,0.552,4.3705,LoRaWAN,smart_meter
2025-01-08T19:50:00,1081.044,61.027,9.149,116.815,0.5005,HTTPS,gateway
2025-01-08T08:28:00,53.887,33.293,1.689,6.943,0.5669,MQTT,env_sensor
2025-01-08T01:17:00,2281.326,18.873,5.485,123.937,1.0226,HTTPS,camera
2025-01-09T06:38:00,680.193,68.121,0.1,19.609,2.7008,CoAP,gateway
2025-01-08T18:46:00,22.411,224.771,0.2,0.71,1.1282,LoRaWAN,smart_meter
2025-01-08T12:32:00,60.228,36.346,4.162,5.724,2.9356,MQTT,env_sensor
2025-01-08T05:54:00,1750.623,50.539,3.167,130.788,0.4108,HTTPS,camera
2025-01-08T19:22:00,22.332,190.675,1.986,0.317,4.3439,LoRaWAN,smart_meter
2025-01-08T00:00:00,84.619,50.407,1.818,3.613,1.1991,MQTT,env_sensor
2025-01-08T22:08:00,2252.654,81.924,3.878,83.552,1.0742,HTTPS,camera
2025-01-09T15:32:00,63.622,18.416,0.1,0.824,0.6199,MQTT,env_sensor
2025-01-09T11:18:00,79.722,16.816,3.325,5.963,2.3341,MQTT,env_sensor
2025-01-09T01:53:00,15.866,271.876,2.562,0.421,5.4763,LoRaWAN,smart_meter
2025-01-08T22:28:00,80.962,16.435,5.257,0.05,1.2128,MQTT,env_sensor
2025-01-09T03:34:00,1843.119,63.787,3.744,34.766,0.4951,HTTPS,camera
2025-01-08T21:24:00,591.845,18.803,8.621,54.552,0.1591,HTTPS,gateway
2025-01-09T08:25:00,20.368,190.491,0.1,0.379,2.7419,LoRaWAN,smart_meter
2025-01-08T18:41:00,1541.777,66.513,0.1,98.194,0.2312,HTTPS,camera
2025-01-09T03:42:00,8.0,108.332,6.693,163.114,0.3538,HTTPS,camera
2025-01-08T01:47:00,1263.798,32.238,7.422,187.726,0.8369,HTTPS,camera
2025-01-08T07:04:00,46.356,45.61,3.125,0.139,0.1825,MQTT,env_sensor
2025-01-08T08:09:00,892.93,13.411,14.861,47.396,1.5186,CoAP,gateway
2025-01-08T11:12:00,1789.402,57.125,8.095,15.806,0.0,HTTPS,gateway
2025-01-09T00:08:00,2182.697,25.968,1.31,143.149,0.8254,HTTPS,camera
2025-01-08T19:25:00,1061.147,83.476,0.953,73.466,1.2204,HTTPS,camera
2025-01-09T03:48:00,2716.033,59.789,8.514,101.181,1.1667,HTTPS,camera
2025-01-09T09:20:00,69.133,24.986,7.544,9.439,0.0,MQTT,actuator
2025-01-08T13:54:00,1188.356,39.34,11.675,85.599,3.3613,HTTPS,gateway
2025-01-08T07:55:00,30.885,198.073,0.215,0.406,3.6973,LoRaWAN,smart_meter
2025-01-08T16:06:00,730.189,21.637,12.497,0.229,0.8044,HTTPS,gateway
2025-01-08T07:14:00,83.118,1.0,2.257,3.346,1.4126,MQTT,env_sensor
2025-01-08T00:48:00,30.765,228.656,2.344,0.165,3.0087,LoRaWAN,smart_meter
2025-01-08T03:49:00,1342.208,34.864,5.053,0.05,1.8497,HTTPS,gateway
2025-01-08T07:03:00,164.683,27.432,5.322,5.413,0.5729,MQTT,actuator
2025-01-08T07:39:00,1179.2,96.4,2.911,153.387,0.8947,HTTPS,camera
2025-01-08T18:17:00,27.735,149.973,1.766,0.495,6.8145,LoRaWAN,smart_meter
2025-01-08T05:16:00,42.007,183.059,0.416,0.388,5.0791,LoRaWAN,smart_meter
2025-01-07T22:57:00,36.121,149.189,1.9,0.05,1.1375,LoRaWAN,smart_meter
2025-01-09T14:36:00,132.507,22.803,11.681,3.952,0.7984,MQTT,actuator
2025-01-08T00:39:00,56.929,20.951,5.883,3.959,0.9515,MQTT,env_sensor
2025-01-08T18:07:00,28.568,139.746,2.255,0.05,2.9735,LoRaWAN,smart_meter
2025-01-08T01:28:00,1297.348,24.292,2.272,45.368,0.3242,HTTPS,camera
2025-01-09T15:57:00,78.032,11.852,12.148,13.736,0.0,MQTT,actuator
2025-01-08T07:33:00,26.602,221.738,3.726,0.291,3.0759,LoRaWAN,smart_meter
2025-01-09T06:19:00,77.775,35.45,5.258,9.022,1.8414,CoAP,env_sensor
2025-01-08T15:26:00,49.77,23.572,0.858,1.424,2.0233,MQTT,env_sensor
2025-01-09T10:24:00,36.521,182.356,2.846,0.05,3.67,LoRaWAN,smart_meter
2025-01-09T08:12:00,42.34,191.407,1.479,0.846,3.3641,LoRaWAN,smart_meter
2025-01-08T17:41:00,91.773,20.152,7.506,5.124,1.7616,MQTT,actuator
2025-01-08T06:51:00,1085.523,38.509,8.279,85.56,0.0143,HTTPS,gateway
2025-01-09T01:16:00,977.025,83.534,7.811,92.926,0.7995,HTTPS,gateway
2025-01-08T00:17:00,1268.474,54.973,5.174,92.507,0.6402,HTTPS,camera
2025-01-07T23:02:00,20.992,207.572,2.303,0.26,4.4639,LoRaWAN,smart_meter
2025-01-08T08:19:00,1611.605,52.693,3.007,58.91,0.6158,HTTPS,camera
2025-01-09T04:38:00,76.45,1.0,7.044,8.479,1.63,MQTT,actuator
2025-01-08T07:19:00,28.015,29.257,7.284,5.129,0.3606,MQTT,env_sensor
2025-01-09T14:24:00,59.038,42.971,4.736,1.137,0.0,MQTT,env_sensor
2025-01-08T02:56:00,116.464,36.845,4.779,1.812,1.1645,MQTT,env_sensor
2025-01-08T12:09:00,1632.292,53.482,4.236,100.055,0.4652,HTTPS,gateway
2025-01-08T13:47:00,72.226,10.829,3.82,11.044,1.6724,MQTT,env_sensor
2025-01-09T01:51:00,79.658,17.167,2.564,5.249,0.0,MQTT,actuator
2025-01-09T06:30:00,161.284,12.903,7.65,5.463,0.6578,MQTT,actuator
2025-01-09T16:05:00,123.332,38.279,2.474,12.083,0.3024,HTTPS,actuator
2025-01-08T15:21:00,104.486,35.436,5.855,2.926,0.0,CoAP,env_sensor
2025-01-08T19:54:00,63.439,30.128,1.207,0.05,2.8004,MQTT,env_sensor
2025-01-08T08:11:00,146.547,20.012,1.349,10.078,0.898,MQTT,actuator
2025-01-08T00:19:00,23.203,203.159,2.519,0.658,5.4157,LoRaWAN,smart_meter
2025-01-08T19:47:00,1915.55,54.866,5.231,47.23,0.0,HTTPS,gateway
2025-01-08T06:08:00,39.057,118.78,1.569,0.238,1.6986,LoRaWAN,smart_meter
2025-01-08T06:28:00,1350.252,40.935,13.702,91.442,1.5391,HTTPS,gateway
2025-01-09T12:00:00,64.399,15.692,2.088,5.451,1.6026,MQTT,env_sensor
2025-01-09T12:42:00,1050.697,69.859,4.549,34.676,0.2804,HTTPS,gateway
2025-01-08T03:52:00,85.681,22.517,1.921,3.146,1.4653,MQTT,env_sensor
2025-01-09T11:51:00,124.452,7.967,3.016,6.968,1.302,MQTT,actuator
2025-01-09T15:36:00,51.839,14.503,4.856,2.937,0.8804,MQTT,env_sensor
2025-01-09T00:35:00,25.486,91.072,0.562,0.206,2.0282,LoRaWAN,smart_meter
2025-01-09T07:26:00,133.971,50.378,18.975,93.279,2.4649,CoAP,gateway
2025-01-09T07:25:00,727.527,32.195,9.065,73.438,0.5157,HTTPS,gateway
2025-01-08T07:30:00,742.87,27.241,5.251,196.706,1.3581,CoAP,camera
2025-01-08T16:40:00,1335.928,31.963,6.998,69.254,0.0927,HTTPS,gateway
2025-01-08T11:27:00,67.564,33.317,3.79,3.018,1.444,MQTT,env_sensor
2025-01-08T04:22:00,31.995,225.972,3.162,0.183,0.3023,LoRaWAN,smart_meter
2025-01-08T20:12:00,8.0,78.716,9.717,32.784,1.5017,MQTT,gateway
2025-01-08T20:09:00,24.958,255.745,0.1,0.05,2.0095,LoRaWAN,smart_meter
2025-01-08T20:33:00,61.011,33.012,2.876,3.089,1.0078,MQTT,env_sensor
2025-01-08T00:32:00,24.488,149.468,1.893,0.217,1.303,LoRaWAN,smart_meter
2025-01-07T23:39:00,973.144,36.25,0.1,111.912,1.9138,MQTT,gateway
2025-01-08T04:52:00,27.372,107.384,1.87,0.591,1.0691,LoRaWAN,smart_meter
2025-01-09T07:11:00,1046.011,60.521,12.086,71.062,0.0,HTTPS,gateway
2025-01-08T10:26:00,842.565,98.778,9.823,40.984,0.0,CoAP,gateway
2025-01-08T23:03:00,41.115,237.95,2.312,0.242,0.0,LoRaWAN,smart_meter
2025-01-09T00:38:00,1507.678,74.251,10.201,48.953,1.01,CoAP,gateway
2025-01-09T07:39:00,98.81,15.152,0.824,4.542,1.9082,MQTT,env_sensor
2025-01-08T01:15:00,1180.695,46.862,16.766,124.363,1.3753,HTTPS,gateway
2025-01-09T05:19:00,1460.313,25.353,10.792,31.702,0.9373,HTTPS,gateway
2025-01-08T22:58:00,198.45,26.034,6.426,11.266,0.292,MQTT,actuator
2025-01-07T23:05:00,118.699,27.393,2.891,4.017,1.2032,MQTT,env_sensor
2025-01-09T01:00:00,647.042,82.607,2.613,159.755,0.2609,HTTPS,camera
2025-01-08T20:53:00,104.882,42.214,6.368,1.1,1.001,MQTT,env_sensor
2025-01-08T15:56:00,93.511,15.254,2.851,4.961,1.3474,MQTT,actuator
2025-01-09T07:55:00,168.039,5.953,4.085,6.143,0.0,MQTT,actuator
2025-01-08T19:22:00,157.952,20.322,6.038,7.624,0.0967,CoAP,actuator
2025-01-08T13:07:00,27.506,154.041,1.18,0.5,4.7342,LoRaWAN,smart_meter
2025-01-08T12:26:00,990.954,24.265,16.287,14.171,2.2795,CoAP,gateway
2025-01-08T09:39:00,16.456,260.867,4.09,0.402,4.0839,LoRaWAN,smart_meter
2025-01-08T04:52:00,1156.317,99.177,2.849,130.275,0.6771,HTTPS,camera
2025-01-08T03:00:00,101.074,23.169,5.089,15.571,0.9969,CoAP,actuator
2025-01-08T13:51:00,28.062,214.019,4.051,0.371,2.3333,LoRaWAN,smart_meter
2025-01-08T19:44:00,599.899,42.365,20.831,21.82,0.2071,CoAP,gateway
2025-01-08T19:34:00,2437.565,83.923,1.272,184.353,1.3377,HTTPS,camera
2025-01-09T12:08:00,123.898,23.531,1.287,8.005,0.9398,MQTT,actuator
2025-01-09T10:11:00,28.431,286.898,1.389,0.24,3.191,LoRaWAN,smart_meter
2025-01-09T04:47:00,76.202,14.658,8.922,7.562,1.6981,MQTT,actuator
2025-01-07T23:43:00,32.906,318.552,2.484,0.198,2.9838,LoRaWAN,smart_meter
2025-01-08T00:55:00,1015.601,67.958,0.1,59.342,0.6905,HTTPS,gateway
2025-01-08T16:33:00,25.178,162.915,1.653,0.27,3.1603,LoRaWAN,smart_meter
2025-01-08T15:40:00,145.731,1.0,3.733,9.971,0.7671,MQTT,actuator
2025-01-08T22:35:00,58.722,14.216,3.154,8.207,1.0205,MQTT,actuator
2025-01-08T17:29:00,834.15,61.723,12.822,89.247,1.8372,CoAP,gateway
2025-01-08T14:59:00,1846.459,72.923,0.1,118.336,1.0375,HTTPS,camera
2025-01-09T13:03:00,112.694,30.928,8.642,5.061,0.5076,CoAP,actuator
2025-01-08T06:01:00,111.198,15.792,6.642,3.752,1.472,MQTT,actuator
2025-01-09T07:15:00,147.098,10.761,8.889,5.828,1.191,MQTT,actuator
2025-01-08T20:21:00,1366.487,47.565,3.673,192.367,0.3498,HTTPS,camera
2025-01-08T01:39:00,152.462,25.439,2.574,8.22,1.3662,MQTT,actuator
2025-01-08T08:04:00,87.129,10.162,2.49,8.616,0.8564,MQTT,env_sensor
2025-01-08T02:20:00,29.781,56.256,2.943,0.497,4.023,MQTT,smart_meter
2025-01-08T00:12:00,1024.461,108.567,2.156,30.206,0.713,HTTPS,camera
2025-01-08T10:54:00,2412.932,33.863,7.67,0.05,1.3074,CoAP,camera
2025-01-08T15:14:00,18.163,82.256,1.296,0.247,5.0967,LoRaWAN,smart_meter
2025-01-08T19:05:00,919.158,29.629,1.356,104.536,0.8478,HTTPS,gateway
2025-01-08T19:23:00,1290.559,43.685,9.513,11.493,1.6137,MQTT,gateway
2025-01-08T18:01:00,132.263,20.161,7.784,9.294,0.0,MQTT,actuator
2025-01-08T15:33:00,898.086,60.467,4.836,65.467,0.0,HTTPS,camera
2025-01-08T05:25:00,18.139,242.578,4.02,0.395,0.2251,LoRaWAN,smart_meter
2025-01-09T14:39:00,18.462,204.448,2.549,0.647,2.7902,LoRaWAN,smart_meter
2025-01-08T00:20:00,92.712,28.893,1.892,0.05,0.092,MQTT,env_sensor
2025-01-08T02:28:00,288.903,30.968,5.892,36.279,2.4613,CoAP,gateway
2025-01-09T13:47:00,51.28,12.5,3.302,7.343,1.7869,MQTT,env_sensor
2025-01-08T08:14:00,21.175,104.82,1.927,0.596,2.3543,LoRaWAN,smart_meter
2025-01-09T05:11:00,93.8,17.347,5.959,5.676,1.0055,MQTT,env_sensor
2025-01-08T09:38:00,497.592,68.818,8.395,57.563,0.7983,HTTPS,gateway
2025-01-08T15:52:00,146.56,14.734,5.371,4.689,0.0,MQTT,actuator
2025-01-09T07:34:00,855.616,39.965,2.095,33.302,0.2286,HTTPS,gateway
2025-01-09T00:49:00,1721.85,60.528,4.449,142.185,0.372,HTTPS,camera
2025-01-08T03:48:00,91.259,26.143,3.782,10.172,0.0,MQTT,actuator
2025-01-09T14:28:00,122.573,37.156,9.625,12.169,0.1176,MQTT,actuator
2025-01-09T00:30:00,46.046,12.253,5.486,1.541,0.0,MQTT,env_sensor
2025-01-08T01:16:00,113.145,24.205,5.863,11.267,0.0,MQTT,actuator
2025-01-09T12:17:00,23.59,175.608,0.377,0.301,1.9193,LoRaWAN,smart_meter
2025-01-09T12:31:00,139.58,18.577,2.508,5.267,1.9604,MQTT,env_sensor
2025-01-08T11:09:00,67.89,21.97,3.48,8.33,1.2559,MQTT,env_sensor
2025-01-08T09:09:00,2058.719,42.325,4.353,89.869,0.7254,HTTPS,camera
2025-01-08T14:24:00,513.359,64.751,18.547,0.05,2.201,CoAP,gateway
2025-01-09T14:55:00,23.069,1.0,5.226,6.621,1.642,MQTT,env_sensor
2025-01-09T04:53:00,8.0,59.807,4.568,117.644,0.0,HTTPS,camera
2025-01-08T13:58:00,108.36,24.143,8.884,0.05,1.8515,MQTT,actuator
2025-01-09T11:50:00,22.5,101.329,0.627,0.435,1.8645,LoRaWAN,smart_meter
2025-01-09T13:53:00,22.643,120.749,2.87,0.658,4.8139,LoRaWAN,smart_meter
2025-01-08T13:49:00,1122.939,47.763,7.265,45.812,0.0,HTTPS,camera
2025-01-08T21:18:00,884.208,75.056,7.846,22.677,1.5225,CoAP,gateway
2025-01-08T14:23:00,82.582,21.435,2.404,6.745,0.6261,MQTT,env_sensor
2025-01-08T20:13:00,48.404,79.943,2.1,0.157,0.6771,LoRaWAN,smart_meter
2025-01-08T07:40:00,133.449,1.0,0.469,6.787,0.7616,MQTT,actuator
2025-01-08T04:09:00,411.248,43.838,8.33,30.595,1.8496,CoAP,gateway
2025-01-09T02:10:00,2711.734,37.517,0.307,0.05,0.8618,HTTPS,camera
2025-01-09T03:36:00,1430.293,107.011,4.268,213.582,0.347,HTTPS,camera
2025-01-08T11:29:00,1160.372,59.478,0.1,168.742,0.6501,HTTPS,camera
2025-01-08T05:13:00,1476.828,69.931,2.038,202.312,0.982,HTTPS,camera
2025-01-09T01:36:00,38.064,177.307,2.953,0.759,6.8005,LoRaWAN,smart_meter
2025-01-08T23:29:00,94.799,21.142,3.046,2.941,0.6711,MQTT,env_sensor
2025-01-08T14:25:00,134.748,16.472,1.559,4.877,0.0,MQTT,actuator
2025-01-09T03:36:00,108.256,33.537,2.976,2.388,3.0804,MQTT,env_sensor
2025-01-09T13:55:00,16.272,162.125,1.201,0.626,4.6319,LoRaWAN,smart_meter
2025-01-08T14:58:00,65.048,28.998,9.892,12.227,0.712,MQTT,actuator
2025-01-09T00:27:00,1266.48,69.626,3.45,148.931,1.4444,HTTPS,camera
2025-01-09T10:20:00,21.159,63.541,1.35,0.05,1.2693,LoRaWAN,smart_meter
2025-01-08T10:50:00,1055.698,34.364,4.239,36.509,0.0,HTTPS,gateway
2025-01-09T00:53:00,117.967,79.461,0.912,90.189,1.0871,MQTT,gateway
2025-01-08T02:49:00,19.676,196.257,3.138,0.088,1.9622,LoRaWAN,smart_meter
2025-01-08T16:22:00,1730.037,63.56,2.993,115.541,1.8042,HTTPS,camera
2025-01-08T23:57:00,8.0,85.006,5.942,86.304,0.126,HTTPS,camera
2025-01-08T19:27:00,123.844,14.428,1.932,11.965,0.6623,MQTT,actuator
2025-01-08T02:09:00,2075.232,86.248,3.628,135.24,1.156,HTTPS,camera
2025-01-09T00:26:00,79.734,13.541,6.583,4.692,1.1194,MQTT,actuator
2025-01-08T08:40:00,32.086,238.788,2.032,0.547,0.0,LoRaWAN,smart_meter
2025-01-09T07:47:00,36.922,29.573,2.109,0.159,1.7779,MQTT,env_sensor
2025-01-08T19:53:00,103.535,28.686,3.834,6.222,0.5921,MQTT,env_sensor
2025-01-08T21:59:00,78.07,31.989,4.059,9.297,1.7759,MQTT,env_sensor
2025-01-09T13:15:00,1233.854,124.718,2.054,173.225,0.4941,HTTPS,camera
2025-01-08T08:12:00,81.378,45.008,3.991,3.756,1.5646,MQTT,env_sensor
2025-01-09T08:11:00,584.099,36.568,15.372,62.611,2.0405,CoAP,gateway
2025-01-08T11:25:00,112.407,24.231,13.261,8.225,1.4753,MQTT,actuator
2025-01-09T06:37:00,681.402,56.477,0.1,33.723,0.4917,HTTPS,gateway
2025-01-09T15:22:00,46.534,181.894,1.109,0.637,1.8141,LoRaWAN,smart_meter
2025-01-09T12:22:00,1526.476,82.19,6.007,74.102,0.4904,HTTPS,gateway
2025-01-08T03:47:00,1406.018,52.458,9.14,68.228,1.054,HTTPS,gateway
2025-01-09T06:40:00,556.26,31.327,3.069,174.796,0.7604,HTTPS,camera
2025-01-08T04:11:00,404.935,25.762,14.196,99.543,0.8989,CoAP,gateway
2025-01-09T03:09:00,102.786,8.383,6.82,7.187,1.9854,MQTT,actuator
2025-01-08T16:30:00,90.343,24.137,3.972,10.233,1.7756,MQTT,env_sensor
2025-01-08T13:45:00,155.819,12.316,9.333,11.177,0.6805,MQTT,actuator
2025-01-08T07:27:00,95.016,9.603,4.612,3.428,0.0,MQTT,env_sensor
2025-01-08T17:25:00,79.041,29.75,5.781,0.05,0.3047,MQTT,env_sensor
2025-01-09T13:34:00,236.771,48.378,5.175,79.226,2.2109,MQTT,gateway
2025-01-08T02:53:00,85.27,24.773,11.432,3.52,0.79,MQTT,actuator
2025-01-08T22:32:00,39.968,190.194,2.02,0.064,2.4618,LoRaWAN,smart_meter
2025-01-09T05:48:00,34.52,240.835,2.742,0.454,0.4568,HTTPS,smart_meter
2025-01-09T10:37:00,97.309,30.937,4.244,4.113,0.4369,MQTT,actuator
2025-01-08T17:49:00,67.141,14.032,2.105,6.785,1.7349,MQTT,env_sensor
2025-01-09T15:37:00,705.523,70.049,8.885,103.582,1.857,CoAP,gateway
2025-01-09T13:05:00,179.248,21.398,9.826,8.702,0.4573,MQTT,actuator
2025-01-09T10:25:00,95.592,18.269,0.1,0.05,0.8562,MQTT,env_sensor
2025-01-09T01:37:00,151.333,20.802,2.18,4.568,1.2604,MQTT,actuator
2025-01-09T12:01:00,1517.392,22.352,1.447,76.185,0.0,HTTPS,camera
2025-01-08T06:29:00,138.471,6.354,6.283,17.536,0.0,MQTT,actuator
2025-01-08T22:43:00,46.005,15.853,4.188,0.173,0.0,LoRaWAN,env_sensor
2025-01-08T14:59:00,75.524,14.44,4.692,5.598,1.204,MQTT,env_sensor
2025-01-09T11:02:00,1861.238,94.186,5.894,108.195,0.7612,HTTPS,camera
2025-01-08T00:36:00,1135.426,35.964,6.611,138.214,1.0868,HTTPS,camera
2025-01-09T03:34:00,582.449,29.188,12.153,0.05,0.0,CoAP,gateway
2025-01-09T05:43:00,2944.136,74.249,6.908,91.721,0.3067,HTTPS,camera
2025-01-09T00:26:00,815.61,33.786,1.029,106.552,0.0,HTTPS,camera
2025-01-09T14:13:00,92.535,14.36,5.821,9.791,2.1638,MQTT,actuator
2025-01-09T01:08:00,162.351,16.709,9.622,7.042,0.208,MQTT,actuator
2025-01-08T15:37:00,391.161,38.759,4.986,49.505,2.7686,CoAP,gateway
2025-01-08T09:54:00,30.09,144.986,3.819,0.518,3.2839,LoRaWAN,smart_meter
2025-01-08T22:34:00,138.217,24.038,8.467,7.025,1.4318,CoAP,actuator
2025-01-08T23:45:00,21.791,146.169,4.257,0.209,4.1248,LoRaWAN,smart_meter
2025-01-07T22:44:00,24.629,288.901,1.874,0.184,2.2728,LoRaWAN,smart_meter
2025-01-09T10:38:00,93.162,19.62,5.219,4.88,1.3549,MQTT,env_sensor
2025-01-09T12:38:00,96.022,29.641,5.413,3.541,2.4197,MQTT,env_sensor
2025-01-08T05:25:00,2107.679,60.083,6.055,147.541,1.2311,HTTPS,camera
2025-01-09T14:30:00,75.12,8.817,3.831,12.617,0.0,MQTT,actuator
2025-01-09T08:18:00,2859.389,35.419,8.614,214.0,1.0016,HTTPS,camera
2025-01-08T00:36:00,116.968,9.372,8.334,11.427,0.8816,MQTT,actuator
2025-01-09T13:20:00,23.122,311.002,1.322,0.448,0.0632,LoRaWAN,smart_meter
2025-01-08T09:15:00,116.926,19.772,11.217,10.245,1.3428,MQTT,actuator
2025-01-08T12:58:00,1487.226,70.348,6.262,152.413,1.725,HTTPS,camera
2025-01-09T10:08:00,1044.83,64.484,10.187,212.186,0.2583,HTTPS,camera
2025-01-08T23:59:00,126.882,18.077,7.871,3.767,0.2029,MQTT,actuator
2025-01-07T23:28:00,907.181,61.724,4.843,146.847,1.509,HTTPS,gateway
2025-01-08T04:25:00,27.543,246.66,3.319,0.126,4.0867,LoRaWAN,smart_meter
2025-01-08T06:12:00,1056.723,79.211,2.839,122.276,0.8714,HTTPS,camera
2025-01-09T01:50:00,729.658,26.428,4.636,115.822,1.5323,HTTPS,camera
2025-01-09T04:44:00,33.462,177.7,1.964,0.609,2.4466,LoRaWAN,smart_meter
2025-01-08T13:52:00,2194.015,92.956,2.656,52.192,0.4599,HTTPS,camera
2025-01-09T06:24:00,770.759,35.585,14.232,37.975,2.3735,CoAP,gateway
2025-01-08T05:56:00,89.644,13.664,10.08,10.974,1.6536,MQTT,actuator
2025-01-09T06:35:00,27.632,64.624,1.629,0.05,2.0927,LoRaWAN,smart_meter
2025-01-09T15:15:00,86.339,14.14,4.694,3.35,0.0486,MQTT,actuator
2025-01-08T19:56:00,774.473,38.268,9.488,97.368,0.7407,HTTPS,gateway
2025-01-08T20:38:00,71.236,22.473,4.926,10.541,1.7974,MQTT,actuator
2025-01-08T05:48:00,31.11,187.442,3.975,1.032,1.1233,MQTT,smart_meter
2025-01-09T10:41:00,30.488,227.882,3.823,0.404,0.0,LoRaWAN,smart_meter
2025-01-08T08:32:00,76.456,18.226,7.933,6.058,0.9133,MQTT,actuator
2025-01-08T11:49:00,81.113,44.165,1.377,6.181,1.8279,MQTT,env_sensor
2025-01-09T04:54:00,28.306,170.123,1.591,0.88,6.7925,LoRaWAN,smart_meter
2025-01-08T18:29:00,89.16,43.914,0.984,2.797,1.63,MQTT,env_sensor
2025-01-09T15:17:00,74.604,32.092,0.1,10.486,0.978,HTTPS,actuator
2025-01-09T12:14:00,126.345,22.23,3.45,4.648,0.2724,MQTT,actuator
2025-01-08T03:41:00,20.309,225.017,0.1,0.083,3.9449,LoRaWAN,smart_meter
2025-01-09T11:08:00,128.884,18.823,7.668,0.531,0.0,MQTT,actuator
2025-01-08T18:27:00,26.43,13.541,0.107,1.615,1.0917,MQTT,env_sensor
2025-01-09T00:53:00,40.777,189.711,0.1,0.299,2.7221,LoRaWAN,smart_meter
2025-01-08T08:13:00,8.0,58.662,12.188,12.637,1.6547,MQTT,gateway
2025-01-09T02:03:00,115.814,20.722,9.16,17.039,1.5403,MQTT,actuator
2025-01-09T08:30:00,27.371,207.151,2.133,0.133,3.5335,LoRaWAN,smart_meter
2025-01-09T09:54:00,1485.767,71.659,7.529,11.052,0.2341,HTTPS,camera
2025-01-09T15:06:00,715.845,1.0,1.073,100.452,0.4817,HTTPS,gateway
2025-01-08T14:04:00,42.165,27.848,5.658,4.385,2.2419,MQTT,env_sensor
2025-01-09T09:47:00,1899.538,33.817,5.902,137.776,1.0656,HTTPS,camera
2025-01-09T13:47:00,2290.562,28.983,4.277,199.949,0.1828,HTTPS,camera
2025-01-08T11:33:00,1246.414,61.428,11.714,81.56,1.3234,HTTPS,gateway
2025-01-09T08:22:00,97.94,23.198,3.334,7.815,1.3091,MQTT,actuator
2025-01-07T22:59:00,1168.897,58.226,13.737,35.102,0.4412,HTTPS,gateway
2025-01-09T01:44:00,983.721,70.418,4.152,62.376,0.3749,HTTPS,camera
2025-01-08T18:41:00,25.998,131.946,2.072,0.716,2.3385,LoRaWAN,smart_meter
2025-01-08T19:21:00,895.216,67.384,5.104,129.773,1.3004,CoAP,camera
2025-01-09T02:44:00,121.895,22.646,5.321,3.724,0.4316,MQTT,env_sensor
2025-01-08T20:23:00,1630.911,67.291,0.855,176.398,0.5429,HTTPS,camera
2025-01-09T03:26:00,72.31,17.359,3.5,1.301,1.5827,MQTT,env_sensor
2025-01-08T15:05:00,108.057,20.87,7.425,2.822,0.8736,MQTT,actuator
2025-01-09T02:08:00,67.16,14.213,4.031,2.506,0.0,MQTT,env_sensor
2025-01-08T22:33:00,21.225,157.249,1.28,0.05,0.0,LoRaWAN,smart_meter
2025-01-08T23:40:00,8.0,31.077,6.988,100.529,0.5454,HTTPS,camera
2025-01-08T05:27:00,1969.34,35.477,3.238,5.396,0.7692,HTTPS,gateway
2025-01-07T23:29:00,91.376,20.554,6.167,15.478,0.9308,MQTT,actuator
2025-01-09T07:49:00,29.821,173.708,3.1,0.291,2.8193,LoRaWAN,smart_meter
2025-01-09T09:46:00,34.354,201.134,4.949,0.384,5.5593,LoRaWAN,smart_meter
2025-01-09T11:08:00,805.653,37.453,6.575,176.89,0.0,HTTPS,camera
2025-01-08T06:18:00,1983.91,96.636,0.1,100.318,1.0681,HTTPS,camera
2025-01-09T06:59:00,28.705,160.388,3.187,0.469,5.2325,LoRaWAN,smart_meter
2025-01-08T05:04:00,8.521,154.997,0.822,1.006,1.8246,MQTT,smart_meter
2025-01-08T20:46:00,10.715,164.374,0.786,0.052,3.3703,LoRaWAN,smart_meter
2025-01-09T04:15:00,104.906,47.467,6.363,71.578,0.0,MQTT,gateway
2025-01-07T22:43:00,85.961,2.352,6.12,5.748,0.0,MQTT,actuator
2025-01-07T23:24:00,128.184,28.734,8.861,10.154,0.205,MQTT,actuator
2025-01-09T05:45:00,1154.488,77.349,24.138,80.824,1.1417,HTTPS,gateway
2025-01-08T01:02:00,95.867,26.913,3.361,6.433,0.0,MQTT,actuator
2025-01-08T11:53:00,31.413,201.451,1.13,0.401,2.5578,LoRaWAN,smart_meter
2025-01-08T23:43:00,55.261,28.204,4.229,6.652,1.8056,MQTT,env_sensor
2025-01-09T03:15:00,36.159,101.854,2.968,0.103,3.4894,LoRaWAN,smart_meter
2025-01-08T07:21:00,64.507,24.066,5.013,4.206,2.5942,MQTT,env_sensor
2025-01-08T16:49:00,824.544,27.56,5.478,59.122,1.8238,CoAP,gateway
2025-01-09T01:44:00,81.309,24.187,3.123,6.661,0.8673,MQTT,env_sensor
2025-01-09T10:08:00,734.495,49.964,11.289,16.829,0.2815,CoAP,gateway
2025-01-09T06:49:00,2431.098,72.837,3.671,121.922,0.0,HTTPS,camera
2025-01-08T13:30:00,80.596,16.401,3.0,10.121,1.1501,MQTT,actuator
2025-01-08T10:32:00,1155.15,24.033,8.692,69.251,0.0,HTTPS,gateway
2025-01-08T23:15:00,361.811,65.948,7.55,0.05,1.5071,CoAP,gateway
2025-01-09T02:11:00,119.988,30.357,7.403,3.716,1.1301,CoAP,actuator
2025-01-08T19:35:00,892.338,31.824,2.069,228.031,0.3703,HTTPS,camera
2025-01-08T11:53:00,1967.458,45.041,5.845,41.497,0.8985,HTTPS,gateway
2025-01-09T07:37:00,1957.794,84.966,3.751,48.991,1.1175,MQTT,camera
2025-01-09T12:07:00,37.172,149.929,1.676,0.52,1.4331,LoRaWAN,smart_meter
2025-01-07T23:56:00,951.719,35.638,3.11,38.562,0.0,HTTPS,gateway
2025-01-08T08:56:00,20.234,23.982,0.504,4.401,1.4674,MQTT,env_sensor
2025-01-08T12:39:00,1605.274,66.767,7.373,110.902,0.9111,HTTPS,camera
2025-01-08T07:21:00,820.263,57.846,11.686,128.795,1.8616,CoAP,gateway
2025-01-09T11:38:00,1705.059,43.075,16.168,118.646,1.3424,HTTPS,gateway
2025-01-08T12:10:00,74.584,14.356,8.121,17.215,1.4753,MQTT,actuator
2025-01-09T03:51:00,2467.15,95.727,3.483,169.894,0.9838,HTTPS,camera
2025-01-08T13:40:00,50.029,27.128,2.516,3.697,2.0484,MQTT,env_sensor
2025-01-09T11:01:00,1042.403,55.507,3.932,80.107,0.8154,HTTPS,gateway
2025-01-09T06:13:00,1100.411,54.328,6.332,59.826,0.2298,HTTPS,gateway
2025-01-09T13:58:00,1873.456,61.277,3.132,100.205,0.7802,HTTPS,camera
2025-01-09T02:55:00,106.713,36.095,0.1,0.863,0.826,MQTT,env_sensor
2025-01-09T05:05:00,74.706,41.233,1.873,5.441,0.9034,MQTT,env_sensor
2025-01-08T23:06:00,29.231,31.62,8.723,118.27,2.2087,CoAP,gateway
2025-01-08T18:56:00,34.079,219.962,1.918,0.815,5.3486,LoRaWAN,smart_meter
2025-01-08T20:58:00,1117.479,48.785,8.363,202.012,0.0,HTTPS,camera
2025-01-09T05:00:00,87.465,50.114,9.111,85.089,0.5868,HTTPS,gateway
2025-01-08T09:42:00,42.119,296.649,6.558,0.703,4.0018,LoRaWAN,smart_meter
2025-01-08T10:37:00,22.731,195.455,0.42,0.154,4.5915,LoRaWAN,smart_meter
2025-01-09T00:18:00,78.377,34.387,2.882,1.316,0.9534,MQTT,env_sensor
2025-01-08T22:29:00,736.049,88.787,7.229,57.003,0.0,HTTPS,gateway
2025-01-08T07:48:00,2116.266,36.474,11.045,56.699,0.7627,HTTPS,gateway
2025-01-09T01:46:00,129.695,35.834,8.654,8.175,1.0504,CoAP,actuator
2025-01-09T08:53:00,1292.989,79.632,9.007,199.287,0.1557,HTTPS,camera
2025-01-08T22:53:00,139.576,14.717,5.417,10.359,0.6817,MQTT,actuator
2025-01-08T11:43:00,2016.857,11.936,3.248,149.188,0.0,HTTPS,camera
2025-01-09T06:16:00,20.595,199.925,0.1,0.441,1.1861,MQTT,smart_meter
2025-01-08T20:55:00,1879.409,30.282,12.775,49.367,0.6573,HTTPS,gateway
2025-01-08T08:44:00,151.732,13.754,6.989,13.806,2.3775,MQTT,actuator
2025-01-09T08:44:00,1325.029,51.299,3.385,140.351,0.0518,HTTPS,camera
2025-01-09T11:35:00,2059.307,67.087,9.616,161.898,1.2092,HTTPS,camera
2025-01-09T06:37:00,826.687,57.217,3.947,125.2,0.6333,HTTPS,camera
2025-01-08T21:54:00,85.465,21.274,3.056,0.05,0.0883,MQTT,env_sensor
2025-01-09T02:48:00,51.475,5.768,6.728,9.025,0.7693,MQTT,env_sensor
2025-01-09T06:23:00,58.614,35.46,0.589,5.495,0.0,MQTT,env_sensor
2025-01-09T02:09:00,21.44,134.936,2.951,0.05,2.2481,LoRaWAN,smart_meter
2025-01-08T00:29:00,2056.417,63.578,3.73,120.016,1.4052,HTTPS,camera
2025-01-09T09:33:00,29.67,174.613,0.729,0.5,4.8399,LoRaWAN,smart_meter
2025-01-08T01:44:00,536.247,65.008,13.713,81.276,2.0844,CoAP,gateway
2025-01-08T01:21:00,61.175,44.723,3.709,0.566,1.9296,MQTT,env_sensor
2025-01-09T06:22:00,35.322,57.689,14.16,85.987,0.0853,HTTPS,gateway
2025-01-08T00:03:00,1427.278,67.745,6.633,188.021,0.689,HTTPS,camera
2025-01-08T18:05:00,8.0,225.191,0.755,0.191,0.1524,LoRaWAN,smart_meter
2025-01-09T04:12:00,118.323,7.594,5.062,6.484,0.87,MQTT,actuator
2025-01-08T07:15:00,94.445,12.919,4.793,1.782,0.3882,MQTT,env_sensor
2025-01-08T11:23:00,35.445,103.051,1.642,0.237,2.6957,LoRaWAN,smart_meter
2025-01-08T21:21:00,479.941,11.259,1.039,102.98,0.7909,HTTPS,camera
2025-01-09T11:44:00,93.756,16.432,8.622,2.003,0.0516,CoAP,actuator
2025-01-09T15:20:00,64.782,14.305,3.046,8.793,0.0,MQTT,env_sensor
2025-01-09T03:12:00,159.731,24.038,2.595,6.635,1.9437,MQTT,actuator
2025-01-09T02:00:00,77.065,32.462,5.216,6.309,0.5744,MQTT,env_sensor
2025-01-08T18:38:00,8.0,28.22,4.775,54.256,0.6287,HTTPS,gateway
2025-01-08T08:35:00,85.035,19.0,2.533,3.262,0.5667,MQTT,env_sensor
2025-01-09T04:00:00,2304.044,87.695,7.752,33.317,0.743,HTTPS,camera
2025-01-08T15:49:00,778.109,55.718,0.1,100.005,0.3756,HTTPS,gateway
2025-01-09T05:54:00,1355.068,44.974,0.619,56.049,2.3384,HTTPS,gateway
2025-01-08T20:06:00,86.346,32.736,2.491,0.05,0.9923,HTTPS,env_sensor
2025-01-09T04:24:00,1280.385,48.07,6.317,191.401,1.0129,HTTPS,camera
2025-01-08T12:29:00,1497.034,61.448,7.013,152.886,0.7265,HTTPS,camera
2025-01-09T16:08:00,108.926,20.553,6.629,3.672,1.2714,MQTT,actuator
2025-01-09T08:24:00,2160.444,109.295,4.71,129.807,0.8998,HTTPS,camera
2025-01-08T13:52:00,98.61,34.481,5.457,7.799,0.2605,CoAP,actuator
2025-01-08T16:30:00,29.174,230.562,2.769,0.949,0.0,LoRaWAN,smart_meter
2025-01-09T11:11:00,147.224,26.382,10.17,57.936,0.7047,MQTT,gateway
2025-01-09T00:17:00,29.989,268.8,1.123,0.499,2.4741,LoRaWAN,smart_meter
2025-01-08T02:40:00,79.285,25.165,0.994,10.352,0.0,MQTT,env_sensor
2025-01-07T22:45:00,1321.702,73.949,2.216,153.195,0.252,HTTPS,camera
2025-01-09T13:19:00,99.003,3.702,1.043,13.731,0.4391,MQTT,actuator
2025-01-09T02:54:00,126.679,38.588,2.543,4.351,1.8562,MQTT,env_sensor
2025-01-09T01:54:00,1516.304,41.02,11.676,47.767,0.0,HTTPS,gateway
2025-01-08T14:26:00,1354.681,102.111,0.787,102.888,0.0,HTTPS,camera
2025-01-09T03:20:00,57.201,17.127,1.196,8.103,0.5351,MQTT,env_sensor
2025-01-08T22:06:00,35.116,19.227,2.371,8.969,0.0,MQTT,env_sensor
2025-01-08T23:20:00,39.704,254.184,1.146,0.6,2.5174,LoRaWAN,smart_meter
2025-01-09T06:33:00,76.064,17.594,1.831,1.119,0.0,MQTT,env_sensor
2025-01-09T14:30:00,766.192,25.567,0.1,78.874,1.0843,MQTT,camera
2025-01-09T09:53:00,907.836,22.181,10.643,36.329,0.7674,CoAP,gateway
2025-01-08T13:03:00,59.946,25.975,5.349,2.928,3.8712,MQTT,env_sensor
2025-01-08T08:29:00,21.04,45.026,2.459,0.278,6.2646,LoRaWAN,smart_meter
2025-01-09T09:54:00,16.145,25.234,2.67,3.015,0.0,MQTT,env_sensor
2025-01-08T13:16:00,1466.873,75.632,10.604,111.213,0.2571,HTTPS,gateway
2025-01-08T01:14:00,655.836,20.515,2.039,94.474,0.3067,HTTPS,camera
2025-01-09T09:55:00,866.785,65.593,0.1,50.161,1.8154,CoAP,gateway
2025-01-08T10:54:00,23.555,221.038,2.619,1.124,3.4105,MQTT,smart_meter
2025-01-08T06:33:00,8.0,43.61,7.928,0.922,0.0,LoRaWAN,gateway
2025-01-09T12:20:00,2360.19,75.802,2.034,234.52,0.1891,HTTPS,camera
2025-01-08T07:29:00,148.396,21.306,9.505,7.79,0.834,MQTT,actuator
2025-01-08T19:00:00,58.856,24.721,3.84,1.932,1.7236,MQTT,env_sensor
2025-01-09T10:14:00,1514.721,23.428,7.123,75.58,1.9887,CoAP,gateway
2025-01-08T20:27:00,23.818,122.981,2.501,0.651,5.7317,LoRaWAN,smart_meter
2025-01-08T09:56:00,61.455,43.196,0.1,6.64,1.132,MQTT,env_sensor
2025-01-08T08:58:00,29.786,135.988,3.148,0.546,3.8462,LoRaWAN,smart_meter
2025-01-08T03:47:00,36.597,203.135,1.928,0.05,0.9538,LoRaWAN,smart_meter
2025-01-08T14:12:00,37.906,130.958,1.494,0.34,0.9393,LoRaWAN,smart_meter
2025-01-08T06:07:00,37.838,137.554,3.813,0.05,2.8904,LoRaWAN,smart_meter
2025-01-08T09:37:00,105.475,16.269,9.856,6.526,0.7227,MQTT,actuator
2025-01-09T04:37:00,509.007,33.639,8.392,29.744,0.8153,CoAP,gateway
2025-01-08T00:04:00,342.849,15.085,8.267,85.905,0.0,CoAP,gateway
2025-01-09T15:13:00,153.04,18.356,3.478,8.287,0.3563,MQTT,actuator
2025-01-08T03:24:00,130.433,5.121,12.335,7.08,0.7587,CoAP,actuator
2025-01-08T11:58:00,144.972,20.326,5.162,7.973,0.6215,MQTT,actuator
2025-01-08T04:00:00,59.465,31.939,3.656,3.137,0.3224,MQTT,env_sensor
2025-01-07T23:54:00,427.223,38.604,11.321,65.517,0.9428,CoAP,gateway
2025-01-07T23:59:00,16.918,158.212,2.376,0.168,2.814,LoRaWAN,smart_meter
2025-01-09T02:42:00,93.811,34.304,3.154,2.702,2.8697,MQTT,env_sensor
2025-01-09T02:21:00,66.407,30.355,2.961,5.612,1.9467,MQTT,env_sensor
2025-01-08T12:12:00,131.252,20.666,3.669,15.926,1.1307,MQTT,actuator
2025-01-08T06:39:00,81.484,10.378,1.795,2.629,1.2685,MQTT,env_sensor
2025-01-08T12:25:00,1691.725,50.129,0.158,41.316,1.0545,HTTPS,gateway
2025-01-08T00:22:00,114.589,20.798,3.773,4.739,0.9637,MQTT,actuator
2025-01-08T13:03:00,37.414,206.005,2.179,0.05,5.2381,LoRaWAN,smart_meter
2025-01-08T07:14:00,119.918,5.157,4.431,11.505,0.5025,MQTT,actuator
2025-01-09T01:34:00,63.226,12.793,3.708,7.814,3.7071,MQTT,actuator
2025-01-09T11:02:00,659.671,31.089,2.005,83.646,0.0,HTTPS,gateway
2025-01-08T21:04:00,1514.498,46.044,16.367,54.59,0.2145,HTTPS,gateway
2025-01-09T03:23:00,77.647,35.146,0.8,1.321,2.7257,MQTT,env_sensor
2025-01-09T07:24:00,170.976,15.547,7.641,16.503,0.8581,MQTT,actuator
2025-01-09T16:01:00,36.189,80.201,0.909,0.298,2.6436,LoRaWAN,smart_meter
2025-01-08T07:35:00,663.364,49.01,0.431,128.549,1.0466,HTTPS,camera
2025-01-08T09:29:00,21.643,222.052,1.188,0.05,3.2506,LoRaWAN,smart_meter
2025-01-08T13:24:00,88.457,9.946,10.211,3.765,0.0,MQTT,actuator
2025-01-08T07:44:00,78.702,12.829,7.146,9.612,1.1644,MQTT,actuator
2025-01-09T03:39:00,17.44,200.218,0.142,0.392,0.7177,LoRaWAN,smart_meter
2025-01-09T14:50:00,45.873,142.402,0.1,0.398,4.0731,LoRaWAN,smart_meter
2025-01-09T09:17:00,65.031,20.169,4.142,1.446,0.0,MQTT,env_sensor
2025-01-09T03:02:00,431.854,90.592,6.246,46.78,1.5933,CoAP,gateway
2025-01-08T03:01:00,115.889,20.637,3.868,6.891,0.0,MQTT,actuator
2025-01-09T01:57:00,87.343,30.935,2.021,6.214,1.5783,MQTT,env_sensor
2025-01-08T04:28:00,1466.609,59.907,5.704,62.079,2.6338,HTTPS,gateway
2025-01-08T23:21:00,682.361,60.663,6.656,2.999,0.5402,CoAP,gateway
2025-01-08T14:14:00,1191.326,35.982,0.185,19.124,2.0391,HTTPS,gateway
2025-01-08T01:30:00,67.302,13.787,3.05,0.05,1.5488,MQTT,env_sensor
2025-01-07T23:26:00,666.53,51.227,3.363,99.505,0.456,HTTPS,gateway
2025-01-08T22:02:00,303.519,51.064,14.252,43.604,1.3745,CoAP,gateway
2025-01-09T15:54:00,82.926,16.3,10.729,7.084,0.6817,MQTT,actuator
2025-01-09T07:06:00,136.711,9.269,10.107,8.211,0.6221,CoAP,actuator
2025-01-09T15:02:00,907.283,63.385,10.21,0.05,0.0,CoAP,gateway
2025-01-09T07:46:00,21.503,106.4,1.403,0.454,3.1824,LoRaWAN,smart_meter
2025-01-08T04:43:00,1133.708,58.615,4.159,150.316,0.7644,HTTPS,camera
2025-01-08T00:45:00,51.303,15.344,2.236,4.187,0.1976,MQTT,env_sensor
2025-01-08T09:10:00,127.916,27.041,8.001,6.907,0.6562,MQTT,actuator
2025-01-08T04:31:00,37.696,226.078,0.1,0.466,0.9142,LoRaWAN,smart_meter
2025-01-09T02:45:00,15.759,192.766,2.148,0.313,5.6471,LoRaWAN,smart_meter
2025-01-09T07:27:00,36.133,264.187,2.767,0.085,1.3341,LoRaWAN,smart_meter
2025-01-09T07:46:00,1937.059,53.665,7.838,61.277,1.5025,HTTPS,camera
2025-01-08T12:22:00,45.403,161.185,1.996,0.426,6.1362,LoRaWAN,smart_meter
2025-01-08T09:30:00,1343.951,47.369,12.048,58.238,0.2158,HTTPS,gateway
2025-01-09T00:26:00,50.394,15.173,1.817,2.27,0.1224,MQTT,env_sensor
2025-01-09T09:10:00,39.61,151.934,2.723,0.806,4.3433,MQTT,smart_meter
2025-01-09T04:26:00,129.848,28.401,5.217,1.986,0.9371,MQTT,env_sensor
2025-01-09T13:24:00,94.627,32.78,6.916,1.858,0.8258,CoAP,env_sensor
2025-01-08T07:11:00,79.387,44.025,1.049,1.41,0.0,MQTT,env_sensor
2025-01-08T21:57:00,73.049,13.997,2.456,3.713,3.1693,MQTT,env_sensor
2025-01-08T14:31:00,1426.024,39.267,7.84,87.686,0.0734,HTTPS,gateway
2025-01-09T00:09:00,1106.553,55.507,13.229,36.949,2.1545,CoAP,gateway
2025-01-08T15:08:00,35.93,193.475,2.957,0.155,2.2191,LoRaWAN,smart_meter
2025-01-08T03:22:00,1263.429,28.031,4.795,159.811,0.0,HTTPS,gateway
2025-01-09T04:11:00,1892.073,71.678,9.253,131.709,0.0,HTTPS,camera
2025-01-09T03:57:00,40.91,36.71,4.339,4.224,0.4181,HTTPS,env_sensor
2025-01-09T07:36:00,65.802,42.846,1.435,6.485,0.9612,MQTT,env_sensor
2025-01-08T02:20:00,42.386,7.661,8.007,7.974,0.0,MQTT,actuator
2025-01-08T11:08:00,108.204,16.679,3.165,3.445,0.0,MQTT,actuator
2025-01-08T23:25:00,1644.241,77.997,7.714,31.945,0.6069,HTTPS,camera
2025-01-08T01:19:00,2335.418,96.62,4.149,0.05,0.6389,HTTPS,camera
2025-01-08T11:37:00,1161.892,22.214,14.341,66.543,1.464,CoAP,gateway
2025-01-08T12:20:00,12.672,60.305,1.364,0.346,1.842,MQTT,smart_meter
2025-01-08T02:06:00,133.938,3.28,4.436,3.929,0.0,MQTT,actuator
2025-01-09T07:18:00,20.357,141.87,5.336,0.498,0.3414,LoRaWAN,smart_meter
2025-01-08T13:59:00,94.082,31.403,2.659,1.61,1.7269,MQTT,env_sensor
2025-01-09T00:30:00,874.617,80.786,4.265,43.458,0.8789,HTTPS,camera
2025-01-07T23:54:00,81.394,24.084,1.73,6.476,2.2081,MQTT,env_sensor
2025-01-08T07:41:00,607.177,89.897,5.831,56.134,0.7578,HTTPS,camera
2025-01-09T12:58:00,46.713,128.547,2.354,0.126,0.6342,LoRaWAN,smart_meter
2025-01-08T12:55:00,2305.957,5.019,8.038,11.478,2.2532,CoAP,gateway
2025-01-08T18:45:00,104.818,22.031,0.1,4.979,1.0867,MQTT,env_sensor
2025-01-08T03:24:00,75.457,15.412,4.844,5.761,1.8113,MQTT,env_sensor
2025-01-09T03:31:00,1284.465,40.442,2.448,3.693,0.0,HTTPS,camera
2025-01-08T01:34:00,44.971,19.457,4.337,1.643,1.3865,MQTT,env_sensor
2025-01-08T01:11:00,96.055,30.932,7.766,10.732,1.6639,CoAP,actuator
2025-01-08T01:29:00,1241.813,80.848,15.793,0.05,1.1103,CoAP,gateway
2025-01-09T13:08:00,23.405,131.466,0.177,0.311,3.6003,LoRaWAN,smart_meter
2025-01-09T02:42:00,965.437,38.095,0.1,204.063,0.3397,HTTPS,camera
2025-01-09T08:17:00,38.779,17.385,2.544,10.596,2.1937,MQTT,env_sensor
2025-01-08T20:45:00,32.058,253.353,2.424,0.05,0.9778,LoRaWAN,smart_meter
2025-01-08T06:13:00,77.755,19.189,12.433,7.563,0.9821,MQTT,actuator
2025-01-09T05:37:00,39.794,10.352,0.734,5.426,1.5691,MQTT,env_sensor
2025-01-08T01:18:00,2290.98,51.623,10.483,146.056,0.0,HTTPS,camera
2025-01-09T12:51:00,1162.757,73.489,1.312,247.466,0.0,HTTPS,camera
2025-01-08T20:52:00,8.0,104.048,1.285,0.438,3.1911,LoRaWAN,smart_meter
2025-01-09T02:46:00,86.909,95.437,7.356,140.918,0.4011,MQTT,camera
2025-01-08T13:56:00,45.741,227.976,2.399,0.5,2.9398,LoRaWAN,smart_meter
2025-01-09T11:05:00,145.221,23.434,4.562,3.817,0.6419,MQTT,actuator
2025-01-08T13:23:00,33.427,35.371,1.915,3.158,0.0,MQTT,env_sensor
2025-01-07T23:27:00,1686.578,11.472,1.504,27.022,2.0199,MQTT,gateway
2025-01-08T11:11:00,8.0,36.697,10.577,23.844,1.4957,CoAP,gateway
2025-01-08T21:27:00,71.356,27.454,0.1,2.753,1.127,MQTT,env_sensor
2025-01-09T08:51:00,1018.391,78.194,8.103,39.194,1.0013,CoAP,gateway
2025-01-09T12:23:00,1692.247,51.136,9.238,96.66,0.146,HTTPS,gateway
2025-01-07T23:04:00,2348.29,66.366,0.189,103.304,0.1548,HTTPS,camera
2025-01-09T01:03:00,408.997,84.016,4.875,0.05,1.7243,CoAP,gateway
2025-01-09T01:59:00,64.47,16.622,1.491,1.916,2.7383,MQTT,env_sensor
2025-01-08T07:34:00,1571.574,99.025,4.142,131.823,0.5551,HTTPS,camera
2025-01-08T05:39:00,941.373,46.733,7.572,83.729,1.7801,CoAP,gateway
2025-01-09T05:36:00,21.621,277.455,0.1,0.05,3.6288,LoRaWAN,smart_meter
2025-01-09T14:18:00,921.03,52.424,10.589,46.943,1.5584,CoAP,gateway
2025-01-08T15:28:00,1828.247,30.934,7.238,30.741,0.2325,HTTPS,gateway
2025-01-09T05:54:00,115.397,19.291,9.702,6.056,1.802,MQTT,actuator
2025-01-08T07:51:00,26.011,34.459,2.694,0.729,2.3739,MQTT,smart_meter
2025-01-08T22:09:00,73.176,10.832,2.252,6.046,2.1308,MQTT,actuator
2025-01-08T23:47:00,567.418,50.154,0.1,1.065,0.3333,HTTPS,gateway
2025-01-09T10:47:00,77.561,5.864,3.728,5.379,1.4056,MQTT,actuator
2025-01-08T13:43:00,97.299,16.286,8.262,8.578,1.6706,MQTT,actuator
2025-01-08T20:52:00,1559.223,52.123,0.1,109.23,1.8535,HTTPS,camera
2025-01-08T08:23:00,162.49,22.951,4.85,6.031,1.3686,MQTT,actuator
2025-01-08T18:04:00,2271.343,89.658,0.448,152.124,0.0,HTTPS,camera
2025-01-08T10:29:00,108.74,30.82,0.1,14.362,0.6777,HTTPS,actuator
2025-01-09T13:23:00,108.656,14.85,2.6,8.74,0.0017,MQTT,actuator
2025-01-08T14:27:00,2662.733,56.786,2.188,37.759,0.7397,HTTPS,camera
2025-01-09T08:48:00,12.008,210.088,0.608,0.198,1.0038,LoRaWAN,smart_meter
2025-01-08T02:27:00,25.656,209.783,2.414,1.016,2.8842,MQTT,smart_meter
2025-01-08T17:59:00,35.627,118.539,1.689,0.155,4.2706,LoRaWAN,smart_meter
2025-01-09T09:16:00,39.67,17.388,1.521,3.879,0.6867,MQTT,env_sensor
2025-01-09T10:08:00,29.956,80.422,5.148,0.435,4.7547,MQTT,smart_meter
2025-01-09T07:05:00,87.565,11.853,2.492,3.624,1.5698,MQTT,env_sensor
2025-01-09T11:40:00,1050.188,81.606,7.143,132.919,1.5385,HTTPS,gateway
2025-01-09T04:05:00,1455.408,54.102,4.143,99.875,1.2989,HTTPS,camera
2025-01-09T14:59:00,1785.612,19.624,4.533,154.986,0.3289,HTTPS,camera
2025-01-09T12:45:00,1936.41,91.905,5.385,180.468,0.5406,HTTPS,camera
2025-01-08T22:54:00,74.381,41.082,5.099,5.551,2.4355,CoAP,env_sensor
2025-01-08T08:24:00,190.467,60.528,15.511,1.866,1.2646,MQTT,gateway
2025-01-08T15:06:00,762.26,44.467,7.33,13.46,0.0,CoAP,gateway
2025-01-09T08:00:00,1029.342,61.711,2.036,139.627,0.7966,HTTPS,camera
2025-01-09T15:52:00,64.821,18.146,2.685,6.284,0.0,MQTT,actuator
2025-01-08T14:55:00,74.151,20.072,3.207,0.05,2.1192,MQTT,env_sensor
2025-01-09T13:41:00,1698.421,64.63,3.43,107.888,1.0737,HTTPS,camera
2025-01-09T06:25:00,72.118,41.381,2.601,4.751,0.9303,MQTT,env_sensor
2025-01-08T16:52:00,36.113,37.011,0.1,3.307,1.7418,MQTT,env_sensor
2025-01-09T13:43:00,70.486,36.502,4.144,4.515,1.3979,MQTT,env_sensor
2025-01-08T21:31:00,94.772,34.81,4.207,7.084,2.3345,MQTT,env_sensor
2025-01-09T06:47:00,92.543,31.329,3.265,0.709,1.6279,MQTT,env_sensor
2025-01-08T06:48:00,132.073,2.138,6.789,12.964,0.6304,MQTT,actuator
2025-01-09T14:43:00,167.99,11.083,2.314,7.782,0.9212,MQTT,actuator
2025-01-08T00:55:00,1976.833,27.8,4.362,112.087,0.9843,HTTPS,camera
2025-01-09T04:52:00,94.594,34.107,8.341,3.826,0.7704,CoAP,actuator
2025-01-08T01:14:00,319.345,49.693,11.777,67.302,1.0409,CoAP,gateway
2025-01-08T16:56:00,1932.428,54.408,4.707,0.05,0.7165,HTTPS,gateway
2025-01-08T03:46:00,1059.348,31.737,15.682,37.645,1.0365,HTTPS,gateway
2025-01-08T16:08:00,1132.458,55.369,2.114,114.32,0.0734,HTTPS,gateway
2025-01-09T15:46:00,456.693,64.174,8.613,112.877,0.2469,HTTPS,camera
2025-01-08T06:14:00,8.0,14.823,2.789,7.905,0.9539,MQTT,env_sensor
2025-01-09T04:54:00,102.105,38.674,2.93,7.038,2.4501,MQTT,env_sensor
2025-01-08T10:11:00,19.512,244.847,0.758,0.165,4.9781,LoRaWAN,smart_meter
2025-01-08T23:23:00,1358.063,59.355,15.172,46.844,1.759,CoAP,gateway
2025-01-08T02:55:00,37.607,237.987,1.452,0.476,4.8722,LoRaWAN,smart_meter
2025-01-08T18:27:00,2915.951,32.441,4.337,93.735,0.7663,HTTPS,camera
2025-01-09T03:39:00,935.194,3.717,1.54,19.584,0.0,HTTPS,gateway
2025-01-08T06:17:00,1426.428,38.278,14.889,104.395,1.6011,HTTPS,gateway
2025-01-08T02:50:00,2724.02,23.311,7.034,180.355,0.4466,HTTPS,camera
2025-01-09T11:57:00,49.976,21.818,6.96,0.918,3.2024,MQTT,env_sensor
2025-01-08T01:35:00,65.118,36.027,1.321,3.169,2.8073,MQTT,env_sensor
2025-01-08T19:33:00,13.999,241.36,1.853,0.05,2.3667,LoRaWAN,smart_meter
2025-01-08T05:50:00,29.024,294.997,2.539,0.254,6.8405,LoRaWAN,smart_meter
2025-01-08T13:39:00,58.879,31.465,3.734,2.861,2.0306,MQTT,env_sensor
2025-01-08T19:55:00,1196.041,21.521,7.467,86.395,2.2193,HTTPS,gateway
2025-01-08T06:10:00,104.569,13.405,6.635,11.554,0.3395,MQTT,actuator
2025-01-08T10:27:00,1434.278,81.707,7.237,69.013,2.5191,HTTPS,gateway
2025-01-08T05:28:00,23.649,225.99,1.473,0.428,1.8125,LoRaWAN,smart_meter
2025-01-07T22:50:00,2531.628,38.299,6.93,131.552,0.5953,HTTPS,camera
2025-01-08T22:29:00,28.506,132.18,3.801,0.093,2.7926,LoRaWAN,smart_meter
2025-01-08T14:28:00,116.174,22.361,8.207,12.278,1.0413,CoAP,actuator
2025-01-08T21:42:00,1487.034,64.994,6.409,85.68,1.3129,HTTPS,camera
2025-01-08T09:14:00,2167.925,76.279,5.112,14.184,0.0,HTTPS,camera
2025-01-08T22:03:00,57.94,8.911,3.298,4.5,0.2269,MQTT,env_sensor
2025-01-08T01:12:00,1655.86,24.302,3.308,108.737,0.8706,HTTPS,camera
2025-01-09T09:58:00,102.628,14.155,8.839,10.217,0.9073,MQTT,actuator
2025-01-09T10:10:00,34.531,89.005,1.291,175.001,0.8219,HTTPS,camera
2025-01-09T03:07:00,2080.211,66.475,6.409,103.321,0.5124,HTTPS,camera
2025-01-08T11:20:00,71.267,21.662,1.422,5.205,0.6473,MQTT,env_sensor
2025-01-08T05:05:00,61.504,19.29,5.565,6.337,0.368,MQTT,actuator
2025-01-08T14:52:00,2678.744,37.245,3.594,41.357,0.3373,HTTPS,camera
2025-01-09T10:44:00,28.488,50.475,2.503,0.522,3.5925,MQTT,smart_meter
2025-01-09T11:51:00,833.158,9.016,6.703,55.239,1.3916,CoAP,gateway
2025-01-08T00:33:00,1299.509,53.501,4.906,0.05,0.0,HTTPS,gateway
2025-01-09T03:53:00,410.296,43.403,10.276,28.336,2.495,CoAP,gateway
2025-01-08T11:41:00,152.009,25.242,6.499,9.757,0.0,MQTT,actuator
2025-01-08T12:25:00,48.332,167.816,4.051,0.431,1.9391,LoRaWAN,smart_meter
2025-01-09T02:29:00,342.22,77.508,8.021,0.05,1.1757,CoAP,gateway
2025-01-08T02:28:00,148.738,20.026,8.826,9.289,0.4439,MQTT,actuator
2025-01-07T22:59:00,48.356,18.882,3.114,4.346,0.2395,MQTT,env_sensor
2025-01-08T03:04:00,128.95,21.718,3.729,12.546,1.2024,MQTT,actuator
2025-01-09T09:28:00,89.285,19.193,4.641,3.836,0.1219,MQTT,actuator
2025-01-08T12:17:00,17.662,250.572,4.66,0.148,4.0606,LoRaWAN,smart_meter
2025-01-08T08:43:00,1222.769,63.416,6.404,25.233,0.7795,HTTPS,gateway
2025-01-08T17:16:00,91.321,9.87,4.715,7.714,0.7192,MQTT,actuator
2025-01-09T14:21:00,102.902,35.597,0.855,2.949,0.0,MQTT,env_sensor
2025-01-09T13:50:00,86.147,40.145,8.338,7.031,0.6529,MQTT,actuator
2025-01-08T22:25:00,88.176,19.392,0.1,0.05,1.4418,MQTT,env_sensor
2025-01-09T16:07:00,126.404,15.238,3.833,7.918,1.07,MQTT,actuator
2025-01-08T13:01:00,87.539,30.923,3.535,0.05,1.0697,MQTT,env_sensor
2025-01-08T06:41:00,894.932,72.738,11.367,194.432,0.2849,HTTPS,camera
2025-01-09T14:46:00,62.928,14.773,3.109,11.121,0.1132,MQTT,env_sensor
2025-01-08T11:31:00,31.458,257.242,1.095,0.227,0.2614,LoRaWAN,smart_meter
2025-01-08T07:47:00,1178.255,44.551,7.881,123.559,0.5909,HTTPS,camera
2025-01-08T11:25:00,1161.733,22.8,6.428,0.987,1.6361,MQTT,gateway
2025-01-09T07:14:00,73.353,25.525,9.133,1.717,1.027,MQTT,actuator
2025-01-09T00:42:00,35.098,229.143,0.677,1.305,0.0,MQTT,smart_meter
2025-01-08T15:18:00,1705.096,32.834,0.1,185.401,0.5269,HTTPS,camera
2025-01-08T02:35:00,123.342,8.332,6.549,4.799,1.1602,MQTT,actuator
2025-01-09T16:10:00,26.746,304.885,2.269,0.319,1.4609,LoRaWAN,smart_meter
2025-01-09T13:54:00,44.195,153.805,0.1,1.066,1.1763,MQTT,smart_meter
2025-01-08T23:48:00,744.917,82.634,15.936,94.112,2.3264,CoAP,gateway
2025-01-08T07:03:00,1079.849,55.601,2.416,19.917,2.199,HTTPS,gateway
2025-01-08T15:56:00,2043.075,74.488,1.772,171.969,0.7946,HTTPS,camera
2025-01-08T09:03:00,24.364,253.133,1.421,0.535,1.3433,LoRaWAN,smart_meter
2025-01-08T22:06:00,24.708,185.328,2.259,0.482,2.4408,LoRaWAN,smart_meter
2025-01-08T12:54:00,27.081,152.889,1.203,0.618,1.7818,LoRaWAN,smart_meter
2025-01-08T12:01:00,980.498,38.921,8.37,69.981,0.0,HTTPS,gateway
2025-01-07T22:57:00,51.229,17.528,5.083,9.571,0.0,MQTT,env_sensor
2025-01-09T06:47:00,2311.695,93.484,3.863,176.742,0.9989,HTTPS,camera
2025-01-09T05:17:00,74.491,18.139,3.375,4.297,0.9683,MQTT,env_sensor
2025-01-09T15:02:00,93.41,29.432,4.166,7.623,0.6362,MQTT,actuator
2025-01-08T23:02:00,8.0,29.306,0.1,138.485,0.6154,HTTPS,camera
2025-01-08T18:10:00,1548.386,44.263,1.472,148.25,0.7175,HTTPS,camera
2025-01-08T19:49:00,1419.205,60.61,11.241,25.641,0.0,HTTPS,gateway
2025-01-09T00:42:00,1298.849,49.904,3.01,24.607,1.5479,HTTPS,gateway
2025-01-08T11:28:00,94.719,26.707,5.597,7.363,0.492,MQTT,actuator
2025-01-09T04:17:00,90.842,8.932,8.039,3.334,0.2662,MQTT,actuator
2025-01-08T15:36:00,68.68,33.252,2.265,2.735,1.1417,MQTT,env_sensor
2025-01-08T03:59:00,36.692,25.722,5.29,6.526,2.1087,CoAP,env_sensor
2025-01-09T12:46:00,328.963,7.838,7.676,0.05,1.5837,CoAP,gateway
2025-01-08T20:12:00,31.34,118.342,0.1,0.295,3.5338,LoRaWAN,smart_meter
2025-01-09T12:30:00,1397.175,102.418,5.883,37.696,0.4406,HTTPS,camera
2025-01-09T06:43:00,78.554,23.032,7.786,4.233,3.2927,MQTT,env_sensor
2025-01-09T04:09:00,64.308,26.716,1.672,6.086,0.9278,MQTT,env_sensor
2025-01-09T02:06:00,124.061,12.267,6.784,10.109,0.0,MQTT,actuator
2025-01-08T12:47:00,27.22,232.465,3.066,0.293,3.8365,LoRaWAN,smart_meter
2025-01-08T09:47:00,75.473,28.187,1.702,4.276,1.1781,MQTT,env_sensor
2025-01-08T13:43:00,2234.016,23.576,4.253,8.014,1.8293,MQTT,gateway
2025-01-08T07:50:00,26.492,180.771,2.468,0.091,5.0663,LoRaWAN,smart_meter
2025-01-08T01:58:00,187.529,15.055,8.011,9.86,0.9484,MQTT,actuator
2025-01-08T11:22:00,64.929,9.34,1.969,4.865,1.1098,MQTT,env_sensor
2025-01-08T23:15:00,35.503,132.12,1.728,0.167,3.1388,LoRaWAN,smart_meter
2025-01-09T12:20:00,31.112,19.072,0.1,0.05,0.3735,LoRaWAN,env_sensor
2025-01-09T04:35:00,189.144,14.727,3.039,1.862,0.0,MQTT,actuator
2025-01-09T01:00:00,64.009,43.515,2.288,6.698,1.4477,MQTT,env_sensor
2025-01-08T09:32:00,113.301,37.738,3.529,8.055,1.8984,MQTT,env_sensor
2025-01-09T14:17:00,14.302,193.532,1.728,0.277,2.5741,LoRaWAN,smart_meter
2025-01-09T15:51:00,130.911,20.081,6.817,7.171,0.2287,MQTT,actuator
2025-01-08T16:37:00,2733.195,59.441,5.341,153.764,0.3489,HTTPS,camera
2025-01-09T11:21:00,80.246,38.344,1.239,4.095,1.5624,MQTT,env_sensor
2025-01-09T02:39:00,98.215,22.935,1.804,2.643,1.94,MQTT,env_sensor
2025-01-08T15:49:00,110.603,25.33,6.704,1.278,0.9713,MQTT,actuator
2025-01-09T09:27:00,93.126,15.626,6.988,13.737,1.7797,MQTT,actuator
2025-01-09T10:43:00,27.901,29.82,4.608,0.05,1.0236,MQTT,env_sensor
2025-01-08T01:13:00,29.26,215.362,1.944,0.439,5.5888,LoRaWAN,smart_meter
2025-01-08T19:06:00,2417.799,51.987,3.602,151.909,1.5623,HTTPS,camera
2025-01-09T00:24:00,632.032,82.625,14.98,101.219,1.1075,CoAP,gateway
2025-01-09T06:05:00,21.257,264.127,0.1,0.392,3.1441,LoRaWAN,smart_meter
2025-01-09T06:55:00,185.969,38.106,5.574,67.482,0.3874,MQTT,gateway
2025-01-09T03:00:00,714.242,37.613,5.0,69.633,1.3456,HTTPS,gateway
2025-01-09T10:23:00,1758.676,62.123,0.1,145.164,0.0,HTTPS,camera
2025-01-09T06:07:00,153.229,34.831,3.611,5.169,0.9624,MQTT,actuator
2025-01-08T07:27:00,137.544,18.301,0.1,11.789,1.8497,MQTT,actuator
2025-01-08T11:06:00,1679.176,43.061,3.81,83.327,0.8586,HTTPS,camera
2025-01-09T08:28:00,27.83,158.984,1.039,0.299,6.8424,LoRaWAN,smart_meter
2025-01-09T06:18:00,28.033,112.573,3.48,0.237,2.5543,LoRaWAN,smart_meter
2025-01-08T21:01:00,100.305,10.2,1.588,9.038,1.4913,MQTT,env_sensor
2025-01-08T03:53:00,105.441,30.766,0.1,14.989,0.243,MQTT,actuator
2025-01-09T04:45:00,231.747,76.723,9.251,37.573,1.1276,CoAP,gateway
2025-01-08T13:21:00,25.697,162.208,0.1,0.202,3.737,LoRaWAN,smart_meter
2025-01-07T22:52:00,110.796,6.493,5.615,11.108,1.2955,MQTT,actuator
2025-01-07T23:23:00,61.513,24.679,3.992,10.877,0.1927,MQTT,actuator
2025-01-08T12:56:00,34.719,232.294,1.041,0.188,3.5814,LoRaWAN,smart_meter
2025-01-09T06:19:00,400.405,86.918,0.1,50.177,0.0,HTTPS,gateway
2025-01-09T13:39:00,86.404,18.274,3.503,1.255,1.3326,MQTT,env_sensor
2025-01-09T11:02:00,139.295,19.51,8.125,4.881,0.2446,MQTT,actuator
2025-01-09T05:18:00,705.991,49.63,22.57,157.549,1.001,CoAP,gateway
2025-01-09T14:12:00,1150.158,48.423,5.077,85.587,0.7313,HTTPS,gateway
2025-01-09T14:28:00,656.016,59.753,6.627,114.677,1.8287,CoAP,gateway
2025-01-09T12:35:00,97.355,16.477,2.339,9.056,1.014,MQTT,actuator
2025-01-08T09:16:00,465.215,1.0,3.076,114.095,0.1846,HTTPS,gateway
2025-01-09T00:18:00,2072.879,85.168,6.768,152.487,1.3272,HTTPS,camera
2025-01-09T05:22:00,547.409,53.47,0.914,109.286,0.7046,HTTPS,camera
2025-01-09T15:35:00,50.965,13.558,11.938,5.949,0.4696,MQTT,actuator
2025-01-09T09:21:00,69.678,37.876,5.522,6.714,0.0,MQTT,env_sensor
2025-01-08T01:13:00,1382.651,51.923,8.714,19.291,0.9299,HTTPS,camera
2025-01-08T09:31:00,1146.874,44.305,0.1,71.285,1.8876,HTTPS,gateway
2025-01-09T07:48:00,22.196,273.752,0.592,0.634,2.1594,LoRaWAN,smart_meter
2025-01-08T20:41:00,769.962,32.034,8.206,0.05,0.3466,CoAP,gateway
2025-01-08T09:22:00,36.653,91.095,1.354,0.224,0.344,HTTPS,smart_meter
2025-01-08T02:05:00,2870.899,45.409,1.521,211.672,0.8952,HTTPS,camera
2025-01-08T10:11:00,1182.309,41.1,5.868,89.421,0.1965,HTTPS,gateway
2025-01-07T23:44:00,1830.791,81.777,1.558,0.05,0.4237,HTTPS,camera
2025-01-08T18:14:00,142.516,17.471,6.77,12.174,0.7673,MQTT,actuator
2025-01-08T00:56:00,2717.219,54.458,0.1,149.726,0.318,HTTPS,camera
2025-01-08T15:05:00,664.21,31.133,12.698,49.006,2.462,MQTT,gateway
2025-01-08T17:24:00,33.166,194.174,0.1,0.05,1.2686,MQTT,smart_meter
2025-01-08T21:02:00,338.957,41.094,4.048,81.724,0.6462,HTTPS,gateway
2025-01-08T20:35:00,8.0,28.833,6.664,4.143,0.239,MQTT,env_sensor
2025-01-08T20:47:00,35.928,27.773,8.676,17.545,0.0,MQTT,actuator
2025-01-08T20:48:00,18.673,36.238,0.1,5.068,1.3242,MQTT,env_sensor
2025-01-09T03:05:00,83.237,19.548,0.122,9.437,0.9626,MQTT,actuator
2025-01-09T13:05:00,580.094,50.952,6.855,36.416,1.633,CoAP,gateway
2025-01-08T13:10:00,72.893,10.408,2.924,2.7,0.848,MQTT,env_sensor
2025-01-09T02:45:00,1038.139,47.755,16.142,115.378,0.0,HTTPS,gateway
2025-01-07T23:42:00,2229.195,101.269,6.875,230.046,0.0,HTTPS,camera
2025-01-07T23:43:00,158.033,18.571,5.114,6.801,0.5451,MQTT,actuator
2025-01-09T10:11:00,1373.852,84.551,5.063,64.278,1.0281,HTTPS,gateway
2025-01-08T11:27:00,33.359,278.913,3.358,0.422,3.3373,LoRaWAN,smart_meter
2025-01-08T13:22:00,70.079,6.477,4.594,1.609,2.0369,MQTT,env_sensor
2025-01-09T16:14:00,97.111,17.405,1.622,3.028,1.9171,MQTT,env_sensor
2025-01-09T03:32:00,120.943,6.789,4.074,2.686,1.9071,MQTT,env_sensor
2025-01-07T23:45:00,2713.279,47.391,3.882,162.638,0.0,HTTPS,camera
2025-01-09T10:55:00,118.067,4.475,0.1,11.816,1.4202,MQTT,actuator
2025-01-08T05:35:00,42.823,149.692,2.027,0.05,2.7005,LoRaWAN,smart_meter
2025-01-08T15:05:00,101.199,54.043,2.504,0.625,0.2722,MQTT,env_sensor
2025-01-08T16:26:00,8.0,36.394,2.326,97.837,2.2493,MQTT,gateway
2025-01-08T07:04:00,143.604,23.791,3.871,1.724,0.1308,MQTT,actuator
2025-01-08T05:06:00,792.171,72.739,5.715,26.977,0.2792,HTTPS,gateway
2025-01-09T04:44:00,1822.456,46.592,3.422,111.779,0.1619,HTTPS,camera
2025-01-07T23:21:00,38.905,33.051,5.527,4.002,2.1205,CoAP,env_sensor
2025-01-08T18:54:00,52.679,51.864,1.731,3.756,1.529,MQTT,env_sensor
2025-01-08T05:37:00,74.536,51.547,3.876,0.05,0.8718,MQTT,env_sensor
2025-01-08T16:51:00,17.717,255.188,0.1,0.193,0.6802,LoRaWAN,smart_meter
2025-01-09T06:25:00,864.634,76.788,6.307,79.139,0.5598,HTTPS,camera
2025-01-08T14:42:00,2544.456,76.086,0.1,140.464,0.5835,HTTPS,camera
2025-01-08T15:09:00,111.352,36.857,3.077,0.05,1.4297,MQTT,env_sensor
2025-01-08T19:28:00,163.986,17.187,4.409,7.909,0.2022,MQTT,actuator
2025-01-07T23:04:00,33.615,28.588,2.425,4.057,1.8451,MQTT,env_sensor
2025-01-09T08:40:00,82.302,20.695,0.103,3.464,1.8825,MQTT,env_sensor
2025-01-08T03:36:00,1135.408,21.762,12.939,0.05,0.672,HTTPS,gateway
2025-01-08T07:23:00,72.181,7.25,5.984,0.05,1.1794,MQTT,env_sensor
2025-01-08T09:16:00,1972.736,68.504,3.057,100.008,0.2047,HTTPS,camera
2025-01-08T10:11:00,149.263,11.667,9.022,7.759,0.3376,MQTT,actuator
2025-01-08T02:39:00,131.54,10.281,5.317,6.381,0.3455,MQTT,actuator
2025-01-08T01:59:00,191.476,53.969,14.408,73.244,0.2917,MQTT,gateway
2025-01-08T14:13:00,96.332,10.18,4.867,4.139,0.7524,MQTT,actuator
2025-01-07T23:37:00,1283.675,35.84,11.086,110.631,2.3779,HTTPS,gateway
2025-01-09T11:22:00,86.437,41.482,1.841,2.184,3.6693,MQTT,env_sensor
2025-01-08T02:36:00,870.862,66.398,5.696,45.738,0.2838,HTTPS,gateway
2025-01-08T02:26:00,124.968,24.973,4.08,5.676,1.4024,MQTT,actuator
2025-01-09T14:59:00,39.635,132.397,3.538,0.72,1.6982,LoRaWAN,smart_meter
2025-01-09T04:49:00,167.48,17.041,8.267,8.955,0.6729,MQTT,actuator
2025-01-08T11:24:00,61.864,53.669,6.255,3.198,0.0,CoAP,env_sensor
2025-01-08T19:12:00,1693.293,45.607,1.994,147.276,1.1096,HTTPS,gateway
2025-01-08T16:31:00,866.774,29.277,10.61,69.485,0.5108,CoAP,camera
2025-01-08T15:47:00,2436.73,60.131,4.47,114.844,0.7714,HTTPS,camera
2025-01-09T02:21:00,31.461,219.938,1.079,0.389,0.8085,LoRaWAN,smart_meter
2025-01-08T16:24:00,82.763,36.474,3.251,5.665,1.4691,MQTT,env_sensor
2025-01-08T11:27:00,1207.455,91.641,9.549,122.202,0.0,HTTPS,camera
2025-01-08T00:00:00,2463.292,41.208,2.256,52.561,0.8815,HTTPS,camera
2025-01-08T05:21:00,1491.999,38.869,14.41,71.671,1.5472,HTTPS,gateway
2025-01-08T16:58:00,130.639,14.779,0.1,10.037,0.0,MQTT,actuator
2025-01-08T02:18:00,139.479,16.762,3.64,12.197,1.3198,MQTT,actuator
2025-01-09T00:26:00,39.405,213.053,0.759,0.581,1.4313,LoRaWAN,smart_meter
2025-01-09T03:23:00,2051.212,61.161,1.27,40.261,0.0,HTTPS,camera
2025-01-09T07:15:00,2133.7,19.641,8.6,167.257,0.9745,HTTPS,camera
2025-01-09T05:29:00,1045.155,50.933,2.441,137.375,1.3743,HTTPS,gateway
2025-01-08T18:52:00,2540.721,90.686,3.806,121.473,1.1872,HTTPS,camera
2025-01-08T18:15:00,75.507,31.782,6.122,2.421,1.1642,CoAP,env_sensor
2025-01-08T05:37:00,145.702,17.43,5.326,14.328,1.0912,CoAP,actuator
2025-01-07T23:38:00,35.406,147.887,1.616,0.436,2.5698,LoRaWAN,smart_meter
2025-01-08T15:12:00,75.076,23.118,1.388,7.251,1.5467,MQTT,env_sensor
2025-01-08T20:45:00,99.059,3.358,7.835,15.185,0.9443,CoAP,actuator
2025-01-08T12:06:00,15.403,93.135,2.897,0.634,6.026,LoRaWAN,smart_meter
2025-01-08T23:03:00,74.562,16.47,5.573,9.166,0.2468,MQTT,actuator
2025-01-07T23:44:00,71.554,40.804,3.999,2.775,1.1093,MQTT,env_sensor
2025-01-08T20:40:00,1233.447,64.511,4.416,49.06,0.6606,HTTPS,gateway
2025-01-09T07:02:00,525.077,41.961,8.585,128.531,0.5878,HTTPS,camera
2025-01-09T13:38:00,126.101,11.566,7.159,5.548,0.0055,MQTT,actuator
2025-01-08T14:40:00,1543.317,74.615,8.417,92.599,0.5842,HTTPS,camera
2025-01-09T09:42:00,14.129,47.009,2.821,0.388,0.6748,HTTPS,smart_meter
2025-01-09T14:24:00,130.516,31.12,2.926,1.032,0.3196,MQTT,actuator
2025-01-08T06:49:00,29.808,16.892,1.432,12.402,0.7686,MQTT,actuator
2025-01-08T10:01:00,61.416,25.015,3.959,6.345,0.2352,MQTT,env_sensor
2025-01-08T11:21:00,26.097,244.304,0.1,0.146,1.2784,LoRaWAN,smart_meter
2025-01-08T14:18:00,94.16,28.841,4.917,4.292,0.0509,MQTT,env_sensor
2025-01-08T14:03:00,43.148,175.925,3.236,0.127,2.6362,MQTT,smart_meter
2025-01-08T03:22:00,66.93,13.761,5.097,10.02,0.7207,CoAP,actuator
2025-01-09T07:58:00,452.692,43.694,1.591,10.243,0.0,HTTPS,camera
2025-01-08T22:17:00,1327.183,81.952,9.333,101.689,0.6507,HTTPS,gateway
2025-01-08T15:24:00,2071.288,30.816,9.119,164.777,0.0,HTTPS,camera
2025-01-08T17:03:00,1070.306,23.038,9.864,20.685,0.8992,HTTPS,gateway
2025-01-08T11:52:00,1510.832,36.123,2.472,110.319,0.8622,HTTPS,camera
2025-01-09T14:19:00,188.426,59.957,16.765,55.849,0.9403,HTTPS,gateway
2025-01-09T09:46:00,1376.796,48.816,11.097,169.115,1.4024,HTTPS,camera
2025-01-09T10:49:00,76.014,16.819,4.191,4.405,0.8358,MQTT,env_sensor
2025-01-08T08:09:00,24.644,200.414,5.66,0.453,0.0,LoRaWAN,smart_meter
2025-01-07T23:11:00,155.845,14.066,7.716,12.813,0.0,MQTT,actuator
2025-01-08T04:12:00,77.287,17.174,5.325,6.171,0.1115,MQTT,actuator
2025-01-08T09:40:00,90.016,1.0,6.52,8.449,0.5328,CoAP,actuator
2025-01-08T15:46:00,49.91,40.897,2.994,0.707,0.0916,LoRaWAN,env_sensor
2025-01-09T06:07:00,891.121,20.613,11.696,77.133,0.6833,HTTPS,gateway
2025-01-09T00:49:00,91.953,23.038,2.406,4.342,1.2842,MQTT,actuator
2025-01-08T14:49:00,2080.163,94.766,4.447,17.724,0.4662,HTTPS,camera
2025-01-08T05:15:00,174.813,35.989,8.965,11.443,0.8851,CoAP,actuator
2025-01-09T14:13:00,29.208,317.8,2.363,0.422,6.2124,LoRaWAN,smart_meter
2025-01-08T06:04:00,209.759,64.646,0.201,68.791,0.5206,HTTPS,gateway
2025-01-09T03:49:00,15.997,225.425,0.1,0.927,4.1937,LoRaWAN,smart_meter
2025-01-08T12:27:00,38.035,270.655,3.665,0.57,1.2091,LoRaWAN,smart_meter
2025-01-09T08:22:00,71.371,49.925,1.179,0.05,0.8067,HTTPS,env_sensor
2025-01-08T22:49:00,618.444,1.0,3.723,89.702,0.532,HTTPS,camera
2025-01-09T11:02:00,32.069,59.321,0.1,0.069,1.2115,LoRaWAN,smart_meter
2025-01-08T01:02:00,598.973,75.681,7.928,48.487,2.6057,CoAP,gateway
2025-01-09T09:20:00,30.642,156.723,1.768,0.419,2.3663,LoRaWAN,smart_meter
2025-01-09T00:06:00,1339.837,76.875,3.885,117.502,1.3374,HTTPS,camera
2025-01-09T09:30:00,23.705,27.436,3.676,0.157,4.5404,MQTT,smart_meter
2025-01-08T01:36:00,57.995,23.054,3.644,7.907,0.4196,MQTT,env_sensor
2025-01-09T07:40:00,73.378,12.679,4.601,13.528,0.9426,MQTT,actuator
2025-01-08T09:23:00,29.062,234.559,1.942,0.217,1.9326,LoRaWAN,smart_meter
2025-01-08T03:42:00,96.486,10.071,5.323,4.363,0.4933,MQTT,env_sensor
2025-01-08T01:07:00,57.333,17.513,6.192,6.761,1.3224,MQTT,env_sensor
2025-01-08T19:18:00,137.108,17.382,8.001,8.782,0.986,MQTT,actuator
2025-01-08T20:20:00,20.451,239.296,2.185,0.867,0.7457,LoRaWAN,smart_meter
2025-01-08T02:39:00,33.038,64.809,4.053,0.312,3.9809,MQTT,smart_meter
2025-01-09T08:49:00,88.257,27.327,6.677,14.15,0.6898,CoAP,actuator
2025-01-08T19:44:00,1183.326,74.72,0.1,10.671,1.1034,HTTPS,camera
2025-01-08T11:35:00,116.514,28.269,6.333,7.715,0.2633,MQTT,actuator
2025-01-09T00:12:00,1173.129,56.605,4.986,95.972,0.4247,HTTPS,camera
2025-01-08T15:37:00,1586.495,62.337,9.444,83.409,0.3926,HTTPS,camera
2025-01-09T12:43:00,492.364,64.073,6.074,13.391,0.0,CoAP,gateway
2025-01-08T14:26:00,38.539,163.028,1.621,0.16,6.8038,LoRaWAN,smart_meter
2025-01-09T11:15:00,18.573,92.461,4.678,0.283,2.4497,MQTT,smart_meter
2025-01-08T23:11:00,97.412,40.733,3.42,7.735,1.491,MQTT,env_sensor
2025-01-08T03:26:00,29.608,275.791,1.805,0.537,3.3549,LoRaWAN,smart_meter
2025-01-09T08:27:00,28.085,199.865,2.966,0.507,2.2111,LoRaWAN,smart_meter
2025-01-08T14:35:00,145.165,20.107,2.761,2.138,0.7633,MQTT,env_sensor
2025-01-09T16:10:00,1967.863,4.999,0.1,136.704,0.463,HTTPS,camera
2025-01-08T18:54:00,1458.827,52.667,3.94,42.779,0.0,HTTPS,camera
2025-01-09T11:59:00,639.447,26.909,3.943,38.792,1.3893,MQTT,gateway
2025-01-08T21:09:00,250.189,24.417,1.409,82.519,1.1576,MQTT,gateway
2025-01-09T12:22:00,33.203,151.039,2.412,0.475,1.8055,LoRaWAN,smart_meter
2025-01-08T00:46:00,96.436,17.899,3.663,7.594,0.8697,MQTT,actuator
2025-01-08T01:50:00,84.278,31.172,2.455,4.172,1.0227,MQTT,env_sensor
2025-01-08T07:44:00,719.868,104.165,10.148,73.35,1.4354,CoAP,gateway
2025-01-09T05:21:00,1178.985,22.656,3.175,13.538,1.6431,MQTT,gateway
2025-01-09T13:41:00,1027.162,26.459,6.593,55.894,0.0,HTTPS,gateway
2025-01-09T05:46:00,140.093,32.942,11.795,10.624,1.46,MQTT,actuator
2025-01-09T14:40:00,25.235,205.733,4.679,0.714,4.2678,LoRaWAN,smart_meter
2025-01-09T10:58:00,2691.644,35.551,5.159,78.028,1.527,HTTPS,camera
2025-01-08T23:04:00,52.283,24.167,2.714,7.046,1.5124,MQTT,actuator
2025-01-09T03:48:00,80.039,19.861,3.425,0.05,0.5487,MQTT,env_sensor
2025-01-09T09:19:00,77.942,33.547,2.117,6.767,1.4085,MQTT,env_sensor
2025-01-08T07:26:00,8.0,42.087,3.614,79.969,1.7145,MQTT,gateway
2025-01-07T23:34:00,89.661,28.559,5.255,11.407,0.654,MQTT,actuator
2025-01-08T12:58:00,90.48,24.602,5.873,0.05,0.0873,MQTT,env_sensor
2025-01-08T22:04:00,719.437,65.966,1.3,123.831,0.9846,HTTPS,camera
2025-01-08T00:17:00,60.321,31.06,5.275,10.039,1.7361,MQTT,env_sensor
2025-01-08T12:25:00,120.843,10.105,1.745,5.761,1.0357,MQTT,actuator
2025-01-09T06:36:00,119.899,7.897,7.821,10.428,0.7915,CoAP,actuator
2025-01-08T03:53:00,82.637,36.039,0.1,7.408,2.4245,MQTT,env_sensor
2025-01-09T01:03:00,31.943,148.822,3.426,0.51,3.0955,LoRaWAN,smart_meter
2025-01-09T00:37:00,98.366,3.039,6.155,2.49,0.0,CoAP,env_sensor
2025-01-09T13:50:00,902.666,27.801,3.286,72.379,0.9399,HTTPS,gateway
2025-01-08T10:59:00,1434.571,47.296,14.729,39.81,0.6354,HTTPS,gateway
2025-01-08T07:15:00,1489.96,37.61,17.618,133.234,1.4018,HTTPS,gateway
2025-01-09T16:11:00,1031.776,18.643,1.042,68.779,1.2422,HTTPS,gateway
2025-01-09T08:20:00,41.033,11.467,0.414,4.039,0.0,MQTT,env_sensor
2025-01-09T13:56:00,115.687,22.415,2.672,5.344,1.1761,MQTT,actuator
2025-01-09T15:24:00,22.773,73.464,1.816,0.76,4.4395,MQTT,smart_meter
2025-01-08T20:39:00,218.742,65.86,10.826,41.144,1.0609,CoAP,gateway
2025-01-09T13:54:00,1226.136,42.802,0.1,85.335,0.0,HTTPS,gateway
2025-01-07T22:40:00,1544.631,37.994,9.828,95.499,1.0739,HTTPS,gateway
2025-01-08T00:02:00,36.592,7.893,2.578,0.669,7.191,LoRaWAN,smart_meter
2025-01-08T01:49:00,405.017,42.05,7.764,86.232,1.6209,CoAP,gateway
2025-01-08T22:13:00,106.308,30.356,5.409,3.624,0.1595,CoAP,env_sensor
2025-01-08T13:38:00,1381.267,60.592,7.509,122.979,0.0022,HTTPS,camera
2025-01-08T12:56:00,131.83,16.453,2.801,2.755,1.8829,MQTT,actuator
2025-01-09T11:27:00,876.41,40.28,1.866,52.57,1.8527,HTTPS,gateway
2025-01-08T07:50:00,1294.056,62.081,5.94,46.333,0.4597,HTTPS,gateway
2025-01-08T23:22:00,133.287,12.281,4.004,8.961,0.621,MQTT,actuator
2025-01-08T11:29:00,1054.972,41.265,7.942,70.846,0.0,HTTPS,gateway
2025-01-09T10:14:00,77.899,18.87,8.058,10.852,1.1486,MQTT,actuator
2025-01-09T13:56:00,27.204,276.043,2.249,0.583,3.3285,LoRaWAN,smart_meter
2025-01-08T19:20:00,166.851,24.994,8.553,10.295,0.0,MQTT,actuator
2025-01-09T07:47:00,22.761,171.711,0.1,0.747,2.0164,LoRaWAN,smart_meter
2025-01-08T13:09:00,1333.619,81.89,5.524,239.152,0.3054,HTTPS,camera
2025-01-08T21:30:00,3515.537,37.86,4.218,145.285,0.7156,HTTPS,camera
2025-01-08T09:09:00,10.823,115.867,0.1,0.517,4.9735,LoRaWAN,smart_meter
2025-01-09T12:34:00,32.926,41.309,6.907,8.19,2.6461,CoAP,env_sensor
2025-01-08T23:03:00,708.421,27.494,1.182,16.037,1.3666,MQTT,gateway
2025-01-08T04:50:00,34.997,144.068,2.545,0.05,3.3979,LoRaWAN,smart_meter
2025-01-08T19:36:00,138.978,11.456,6.006,1.241,1.9242,MQTT,actuator
2025-01-09T08:52:00,667.641,56.612,5.819,75.252,1.4776,CoAP,gateway
2025-01-08T18:30:00,855.292,45.493,4.405,62.498,0.8101,HTTPS,camera
2025-01-07T23:36:00,69.306,21.718,2.486,0.05,1.3609,MQTT,env_sensor
2025-01-08T20:05:00,106.555,28.886,3.985,5.56,2.1742,MQTT,env_sensor
2025-01-08T10:48:00,1807.345,90.035,6.373,0.05,0.4921,HTTPS,camera
2025-01-08T03:46:00,95.175,15.347,9.704,10.258,2.0859,MQTT,actuator
2025-01-08T22:04:00,37.327,212.156,0.1,0.728,2.7404,LoRaWAN,smart_meter
2025-01-09T12:15:00,20.881,148.066,2.15,0.687,4.2341,LoRaWAN,smart_meter
2025-01-09T05:40:00,623.346,78.393,6.729,142.51,1.4504,CoAP,gateway
2025-01-08T08:45:00,76.981,52.934,1.141,7.001,1.4486,MQTT,env_sensor
2025-01-09T02:07:00,109.06,18.049,6.937,4.164,0.7833,CoAP,actuator
2025-01-08T15:48:00,2976.31,42.081,6.204,81.644,1.1447,HTTPS,camera
2025-01-08T21:20:00,725.893,31.306,7.873,0.05,0.5327,HTTPS,gateway
2025-01-08T23:17:00,87.885,28.392,8.474,8.951,0.8946,MQTT,actuator
2025-01-08T21:00:00,160.325,19.439,5.91,1.029,0.0,MQTT,actuator
2025-01-09T03:27:00,60.484,26.986,2.541,0.375,0.1412,MQTT,env_sensor
2025-01-08T13:37:00,92.697,1.414,7.246,6.355,0.1928,CoAP,actuator
2025-01-08T08:14:00,394.946,71.876,5.011,110.13,0.4791,HTTPS,gateway
2025-01-08T06:46:00,2303.499,102.82,1.059,11.732,1.8666,HTTPS,camera
2025-01-09T06:35:00,2464.027,85.047,4.869,79.019,0.6846,HTTPS,camera
2025-01-08T20:12:00,2289.049,96.238,5.632,51.595,0.7219,HTTPS,camera
2025-01-08T08:01:00,31.91,133.844,2.495,0.37,4.6274,LoRaWAN,smart_meter
2025-01-08T12:00:00,105.398,1.0,9.557,0.05,0.7725,MQTT,actuator
2025-01-08T14:21:00,27.799,133.865,2.076,0.336,3.867,LoRaWAN,smart_meter
2025-01-08T10:09:00,42.207,229.966,2.237,0.159,4.7474,LoRaWAN,smart_meter
2025-01-09T14:02:00,119.325,32.541,0.827,1.03,2.4404,MQTT,env_sensor
2025-01-09T13:03:00,96.634,23.209,0.1,0.05,0.5252,MQTT,env_sensor
2025-01-08T12:02:00,834.841,52.23,13.989,16.547,1.2206,CoAP,gateway
2025-01-08T12:22:00,921.015,31.837,2.556,91.552,1.4193,HTTPS,gateway
2025-01-09T12:12:00,2102.337,70.482,15.949,35.987,0.2967,HTTPS,gateway
2025-01-09T03:21:00,49.489,36.105,4.227,1.786,0.2076,MQTT,env_sensor
2025-01-08T10:27:00,43.325,36.966,3.932,5.611,0.0,MQTT,env_sensor
2025-01-08T11:47:00,112.124,26.572,9.777,6.655,0.0157,MQTT,actuator
2025-01-08T05:51:00,1221.616,5.32,4.2,148.79,0.5291,HTTPS,camera
2025-01-08T19:05:00,20.671,230.681,1.104,0.05,2.6286,LoRaWAN,smart_meter
2025-01-08T16:59:00,29.807,88.776,3.006,0.627,7.1975,LoRaWAN,smart_meter
2025-01-08T17:34:00,127.621,32.835,10.354,6.549,0.9871,CoAP,actuator
2025-01-09T13:45:00,73.364,8.442,3.798,10.913,0.0,MQTT,env_sensor
2025-01-09T08:36:00,121.671,8.486,6.165,8.293,1.2802,MQTT,actuator
2025-01-08T10:07:00,26.24,161.558,0.1,0.286,6.6499,LoRaWAN,smart_meter
2025-01-08T02:51:00,54.56,1.0,2.93,3.651,0.311,MQTT,env_sensor
2025-01-08T09:24:00,39.567,153.586,4.444,0.125,3.7132,LoRaWAN,smart_meter
2025-01-09T15:30:00,805.516,39.877,7.226,71.085,0.0537,HTTPS,camera
2025-01-08T01:12:00,192.229,69.093,2.614,10.771,0.7132,MQTT,gateway
2025-01-08T07:34:00,113.457,22.427,4.236,8.828,0.2691,MQTT,actuator
2025-01-09T10:59:00,3272.111,48.857,4.541,180.97,0.2494,HTTPS,camera
2025-01-09T12:32:00,1322.842,14.781,0.1,161.878,1.0153,HTTPS,camera
2025-01-08T04:01:00,94.777,20.868,2.427,6.111,0.1501,MQTT,actuator
2025-01-08T03:54:00,2153.283,55.061,2.299,132.889,0.1033,HTTPS,camera
2025-01-08T04:01:00,40.825,165.594,4.945,0.701,4.4661,LoRaWAN,smart_meter
2025-01-09T00:08:00,112.399,4.862,5.734,0.05,0.5174,CoAP,actuator
2025-01-08T17:36:00,107.98,13.569,1.912,7.974,0.0,MQTT,actuator
2025-01-08T09:38:00,50.051,18.93,3.154,5.597,0.4259,MQTT,env_sensor
2025-01-09T15:26:00,643.948,41.636,11.681,72.168,0.6921,HTTPS,gateway
2025-01-09T14:31:00,30.276,123.674,1.424,0.254,2.5646,LoRaWAN,smart_meter
2025-01-08T05:47:00,1037.645,33.887,5.814,180.66,0.1612,HTTPS,camera
2025-01-09T13:33:00,528.765,57.044,2.698,43.86,1.5193,CoAP,gateway
2025-01-08T03:27:00,16.38,96.7,1.833,0.05,2.4912,MQTT,smart_meter
2025-01-09T08:30:00,115.118,13.951,9.683,9.651,0.8061,MQTT,actuator
2025-01-08T06:05:00,2528.581,40.753,4.759,137.38,1.1419,HTTPS,camera
2025-01-08T21:52:00,1502.987,56.144,2.145,0.05,0.2398,HTTPS,gateway
2025-01-09T02:51:00,1112.024,28.777,12.653,43.846,0.0,HTTPS,gateway
2025-01-09T00:24:00,24.36,179.992,1.399,0.765,1.1089,LoRaWAN,smart_meter
2025-01-08T02:54:00,33.392,108.45,2.387,0.837,3.4207,LoRaWAN,smart_meter
2025-01-09T04:12:00,2045.779,66.755,7.647,155.189,1.7498,HTTPS,camera
2025-01-08T15:15:00,110.153,14.661,5.357,0.05,0.6769,MQTT,actuator
2025-01-08T12:51:00,36.429,174.687,3.47,0.183,3.382,LoRaWAN,smart_meter
2025-01-08T01:59:00,110.754,14.853,2.166,1.693,0.0296,MQTT,actuator
2025-01-09T06:10:00,159.547,9.807,4.376,9.617,1.4673,MQTT,actuator
2025-01-09T14:22:00,68.511,29.793,3.887,4.592,2.1889,MQTT,env_sensor
2025-01-08T19:45:00,734.541,37.835,5.47,78.088,0.607,HTTPS,gateway
2025-01-08T20:32:00,29.177,146.882,4.191,0.273,7.2118,LoRaWAN,smart_meter
2025-01-08T10:10:00,136.054,16.599,6.966,6.409,0.9133,MQTT,actuator
2025-01-08T17:58:00,40.403,120.147,3.871,0.277,5.431,LoRaWAN,smart_meter
2025-01-09T01:39:00,979.516,37.291,10.275,22.387,1.3637,CoAP,gateway
2025-01-09T06:11:00,1348.306,58.356,19.941,35.581,0.3759,HTTPS,gateway
2025-01-08T20:27:00,66.086,22.844,2.642,2.291,1.8402,MQTT,env_sensor
2025-01-09T06:52:00,25.406,205.801,0.771,0.816,5.4985,LoRaWAN,smart_meter
2025-01-09T00:28:00,534.533,35.06,10.602,80.859,1.5278,CoAP,gateway
2025-01-08T19:31:00,1433.402,83.545,3.267,68.926,0.2887,HTTPS,gateway
2025-01-08T14:54:00,936.405,80.154,13.502,118.856,0.2902,HTTPS,gateway
2025-01-08T19:47:00,139.03,16.836,3.776,7.235,0.1921,MQTT,actuator
2025-01-08T08:22:00,23.175,230.21,3.068,0.656,0.3254,LoRaWAN,smart_meter
2025-01-08T14:55:00,148.084,12.386,8.987,3.161,1.7647,MQTT,actuator
2025-01-08T10:59:00,125.375,15.805,5.548,11.43,1.8615,MQTT,actuator
2025-01-09T10:11:00,50.323,15.019,4.599,6.443,2.2641,MQTT,env_sensor
2025-01-08T09:24:00,78.368,48.658,2.178,3.765,0.7033,MQTT,env_sensor
2025-01-08T11:48:00,1967.519,41.247,3.933,42.047,0.2424,HTTPS,gateway
2025-01-09T14:33:00,62.186,18.264,4.267,5.332,0.0,MQTT,env_sensor
2025-01-09T05:32:00,102.291,35.61,3.917,1.214,3.0271,MQTT,env_sensor
2025-01-09T03:14:00,1047.697,24.786,4.696,73.355,0.0,HTTPS,gateway
2025-01-08T15:06:00,24.291,185.74,0.1,0.591,9.0359,LoRaWAN,smart_meter
2025-01-08T16:16:00,1171.462,35.398,12.765,0.05,0.4517,HTTPS,gateway
2025-01-09T05:09:00,33.84,6.683,1.341,1.254,0.37,MQTT,env_sensor
2025-01-09T05:03:00,2081.199,91.308,1.743,38.462,0.0,HTTPS,camera
2025-01-09T07:41:00,54.608,31.355,1.968,3.434,2.7566,MQTT,env_sensor
2025-01-09T04:23:00,97.178,17.984,1.219,8.182,3.2736,MQTT,env_sensor
2025-01-08T11:55:00,2191.386,24.15,0.995,114.273,0.9009,HTTPS,camera
2025-01-08T10:45:00,1273.113,36.192,5.752,34.851,0.2494,HTTPS,camera
2025-01-09T14:45:00,1411.282,32.434,10.966,86.267,0.0,HTTPS,gateway
2025-01-09T02:14:00,54.947,22.871,10.327,5.525,1.6336,MQTT,actuator
2025-01-08T00:12:00,26.173,197.371,1.435,0.194,4.3507,LoRaWAN,smart_meter
2025-01-08T00:54:00,153.942,10.152,4.812,11.115,1.7198,MQTT,actuator
2025-01-08T16:42:00,184.094,12.406,3.674,11.481,1.9021,MQTT,actuator
2025-01-09T07:45:00,8.0,30.698,1.957,3.238,2.8229,MQTT,env_sensor
2025-01-09T06:53:00,22.85,109.139,3.364,0.369,4.427,LoRaWAN,smart_meter
2025-01-08T07:45:00,34.955,255.625,2.22,0.098,5.6195,LoRaWAN,smart_meter
2025-01-09T00:55:00,8.0,46.085,1.001,1.93,0.2115,MQTT,env_sensor
2025-01-09T10:04:00,1076.76,66.876,2.828,115.249,1.054,HTTPS,camera
2025-01-09T10:07:00,1534.71,40.2,10.757,45.575,1.9939,CoAP,gateway
2025-01-08T04:56:00,1352.523,63.841,4.766,201.782,0.7123,HTTPS,camera
2025-01-09T05:35:00,71.714,27.249,4.308,1.683,1.4639,MQTT,env_sensor
2025-01-08T06:36:00,36.187,228.908,2.231,0.05,2.8608,LoRaWAN,smart_meter
2025-01-09T10:09:00,2006.777,33.133,4.574,188.597,0.9122,HTTPS,camera
2025-01-08T14:41:00,587.407,4.218,9.813,36.906,1.4573,CoAP,gateway
2025-01-08T09:38:00,1592.017,79.483,3.454,153.914,0.909,HTTPS,camera
2025-01-08T15:35:00,429.789,20.184,7.213,162.224,0.9781,HTTPS,camera
2025-01-08T10:15:00,21.245,181.62,3.106,0.716,5.742,LoRaWAN,smart_meter
2025-01-09T15:25:00,115.541,1.0,5.285,3.584,0.2965,MQTT,actuator
2025-01-08T16:17:00,106.029,16.064,5.057,7.076,0.0,CoAP,actuator
2025-01-08T08:03:00,119.806,25.739,6.905,10.229,0.6005,MQTT,actuator
2025-01-08T05:57:00,1777.351,59.481,17.392,64.157,0.8862,HTTPS,gateway
2025-01-08T20:00:00,47.095,46.297,1.333,0.05,0.7546,LoRaWAN,env_sensor
2025-01-08T11:21:00,119.99,12.272,0.1,6.865,0.5841,MQTT,actuator
2025-01-08T06:37:00,43.778,42.849,4.81,7.022,0.2474,MQTT,env_sensor
2025-01-08T06:32:00,91.432,27.35,5.591,10.667,0.7483,CoAP,actuator
2025-01-08T17:22:00,65.223,44.009,5.429,94.045,1.4261,MQTT,gateway
2025-01-08T18:57:00,30.271,144.941,0.603,0.787,3.5027,LoRaWAN,smart_meter
2025-01-09T08:05:00,137.356,10.943,6.516,10.563,0.3936,MQTT,actuator
2025-01-08T21:22:00,36.34,252.464,1.953,0.669,4.3095,LoRaWAN,smart_meter
2025-01-09T05:08:00,24.331,194.239,1.697,0.32,1.2588,LoRaWAN,smart_meter
2025-01-08T06:36:00,1737.442,59.031,4.412,62.44,0.5241,HTTPS,camera
2025-01-08T16:37:00,138.928,22.653,8.269,3.178,1.5,MQTT,actuator
2025-01-07T22:47:00,12.847,213.376,5.707,0.05,0.0,LoRaWAN,smart_meter
2025-01-08T02:40:00,37.583,206.19,0.294,0.214,2.8552,LoRaWAN,smart_meter
2025-01-09T15:50:00,56.328,25.05,4.558,0.05,1.0545,MQTT,env_sensor
2025-01-09T05:34:00,2701.866,73.016,6.036,65.305,0.9527,HTTPS,camera
2025-01-08T13:22:00,29.773,175.664,1.195,0.799,5.9729,LoRaWAN,smart_meter
2025-01-09T07:04:00,593.918,83.611,0.564,202.845,0.5804,HTTPS,camera
2025-01-08T03:25:00,77.336,27.667,2.936,6.917,2.767,MQTT,env_sensor
2025-01-08T10:57:00,717.716,37.214,2.039,93.355,1.1673,MQTT,camera
2025-01-08T17:20:00,24.515,201.846,2.038,0.597,3.8075,LoRaWAN,smart_meter
2025-01-09T00:19:00,1278.453,95.537,2.377,96.921,0.7891,HTTPS,camera
2025-01-08T00:42:00,177.068,16.98,3.752,9.334,0.8867,MQTT,actuator
2025-01-09T07:35:00,1637.626,29.574,5.885,107.762,0.582,HTTPS,gateway
2025-01-09T06:22:00,30.488,160.341,1.473,0.082,2.4831,LoRaWAN,smart_meter
2025-01-09T04:52:00,50.409,27.3,5.903,1.883,1.5554,MQTT,env_sensor
2025-01-08T23:21:00,91.861,25.914,0.1,13.66,0.842,MQTT,actuator
2025-01-07T23:24:00,34.013,172.006,3.154,0.193,5.0872,LoRaWAN,smart_meter
2025-01-09T15:47:00,518.657,77.43,11.515,17.869,0.0,CoAP,gateway
2025-01-09T13:40:00,1028.143,48.961,4.11,62.277,1.6391,HTTPS,gateway
2025-01-08T22:44:00,131.183,15.136,10.371,10.248,1.3323,MQTT,actuator
2025-01-08T20:14:00,2356.158,35.625,4.26,84.406,1.2426,HTTPS,camera
2025-01-08T15:45:00,119.124,35.113,4.473,5.558,0.6916,MQTT,env_sensor
2025-01-09T14:24:00,103.517,36.52,2.621,78.912,0.0452,HTTPS,gateway
2025-01-08T19:43:00,1206.704,85.57,3.231,63.302,0.7324,HTTPS,camera
2025-01-08T22:02:00,130.287,21.917,7.548,0.05,0.5654,MQTT,actuator
2025-01-08T17:31:00,34.718,30.115,2.12,8.745,0.0,MQTT,env_sensor
2025-01-08T22:54:00,16.003,157.183,0.612,0.265,5.7083,LoRaWAN,smart_meter
2025-01-09T06:05:00,1105.985,19.915,6.384,89.74,0.8172,HTTPS,gateway
2025-01-08T17:55:00,774.386,80.501,9.5,127.01,0.3053,HTTPS,gateway
2025-01-08T00:01:00,32.158,27.173,2.426,0.88,1.0698,MQTT,env_sensor
2025-01-09T07:02:00,59.013,19.265,3.924,3.012,2.4731,MQTT,env_sensor
2025-01-08T04:34:00,60.627,39.171,4.254,1.049,0.0,MQTT,env_sensor
2025-01-08T13:33:00,46.538,27.551,4.47,0.05,2.1099,MQTT,env_sensor
2025-01-09T00:47:00,140.318,28.928,7.776,16.284,1.814,MQTT,actuator
2025-01-08T15:20:00,1392.295,60.75,2.278,90.616,0.3064,HTTPS,camera
2025-01-09T03:31:00,22.127,263.563,0.962,0.571,5.174,LoRaWAN,smart_meter
2025-01-08T16:12:00,1279.719,38.371,11.858,111.398,2.5616,HTTPS,gateway
2025-01-09T10:35:00,144.597,12.306,3.389,2.528,0.3571,MQTT,actuator
2025-01-08T09:58:00,164.526,20.504,10.897,6.234,0.1289,MQTT,actuator
2025-01-08T05:05:00,75.201,33.54,5.598,3.073,2.1381,MQTT,env_sensor
2025-01-08T10:45:00,142.849,21.775,6.235,6.54,0.5254,MQTT,actuator
2025-01-09T14:36:00,1993.746,121.252,4.748,175.951,0.866,HTTPS,camera
2025-01-08T22:07:00,24.506,313.921,2.657,0.892,3.6121,LoRaWAN,smart_meter
2025-01-08T06:58:00,1315.019,92.25,3.585,98.961,0.0,HTTPS,camera
2025-01-08T16:00:00,81.366,24.047,0.814,7.283,2.1825,MQTT,actuator
2025-01-08T10:30:00,1337.892,92.297,7.92,112.13,1.3339,HTTPS,camera
2025-01-08T17:39:00,40.637,173.887,1.076,0.585,2.7414,LoRaWAN,smart_meter
2025-01-08T02:48:00,29.302,132.861,0.1,0.457,1.9371,LoRaWAN,smart_meter
2025-01-09T13:31:00,1106.913,70.094,5.491,121.183,0.307,HTTPS,gateway
2025-01-09T12:27:00,99.303,16.662,6.406,0.05,1.1198,MQTT,actuator
2025-01-09T06:31:00,91.318,1.0,0.885,2.642,1.5726,MQTT,env_sensor
2025-01-08T12:05:00,50.755,32.724,3.082,0.061,2.4012,MQTT,env_sensor
2025-01-09T10:59:00,57.59,14.476,3.446,1.163,1.3811,MQTT,env_sensor
2025-01-08T03:18:00,22.929,85.692,1.008,0.841,5.6378,LoRaWAN,smart_meter
2025-01-07T23:29:00,1227.937,55.576,1.628,99.089,0.152,HTTPS,camera
2025-01-08T02:12:00,78.708,22.122,5.271,4.078,0.9134,MQTT,env_sensor
2025-01-08T10:43:00,86.444,20.52,7.236,4.697,0.7513,CoAP,actuator
2025-01-08T16:10:00,754.704,48.816,1.625,70.491,1.1073,MQTT,gateway
2025-01-08T00:49:00,31.168,273.511,4.565,0.254,3.2594,LoRaWAN,smart_meter
2025-01-09T12:20:00,96.106,33.415,0.1,14.076,0.0,MQTT,actuator
2025-01-08T16:31:00,37.053,164.325,0.832,0.396,3.6542,LoRaWAN,smart_meter
2025-01-08T09:20:00,69.56,3.384,5.378,19.63,0.0112,MQTT,actuator
2025-01-08T23:48:00,800.754,36.415,2.285,155.927,2.0632,HTTPS,camera
2025-01-09T06:31:00,109.837,19.036,4.809,5.113,1.3357,MQTT,actuator
2025-01-09T04:38:00,910.296,69.536,0.1,81.184,0.8828,HTTPS,camera
2025-01-09T00:55:00,990.056,51.936,10.037,47.156,0.0,CoAP,camera
2025-01-08T07:37:00,26.638,231.404,3.549,0.802,3.5132,LoRaWAN,smart_meter
2025-01-09T01:28:00,44.372,5.683,4.478,18.632,1.4542,MQTT,actuator
2025-01-09T01:59:00,128.194,20.457,3.975,13.833,0.4365,MQTT,actuator
2025-01-08T00:29:00,777.665,79.188,5.35,39.325,1.7247,CoAP,gateway
2025-01-08T20:24:00,112.933,13.867,3.253,5.75,0.2779,MQTT,env_sensor
2025-01-09T14:58:00,36.984,284.231,1.556,0.336,4.5929,LoRaWAN,smart_meter
2025-01-08T13:22:00,1828.181,122.792,2.122,98.579,0.7681,HTTPS,camera
2025-01-08T11:39:00,144.537,3.871,5.262,6.614,0.7683,MQTT,actuator
2025-01-09T09:56:00,441.478,62.913,7.315,96.921,2.444,CoAP,gateway
2025-01-08T20:50:00,100.989,27.161,7.073,9.156,0.8728,CoAP,actuator
2025-01-09T09:15:00,1290.926,18.55,5.774,43.108,0.5517,HTTPS,gateway
2025-01-08T03:21:00,967.288,22.9,14.509,145.648,1.5553,CoAP,gateway
2025-01-09T11:46:00,21.879,208.476,4.135,0.9,1.8629,LoRaWAN,smart_meter
2025-01-08T09:01:00,608.665,61.067,4.074,59.827,0.0,HTTPS,gateway
2025-01-08T14:08:00,1730.426,55.644,0.1,13.866,0.0,HTTPS,camera
2025-01-08T10:49:00,400.963,44.972,6.061,8.991,1.8655,CoAP,gateway
2025-01-08T01:29:00,157.519,25.187,8.047,8.786,1.1836,MQTT,actuator
2025-01-08T18:03:00,1675.026,57.884,6.346,92.186,0.0,HTTPS,camera
2025-01-09T09:27:00,15.767,197.21,2.384,0.537,3.5357,LoRaWAN,smart_meter
2025-01-09T03:00:00,95.49,1.0,4.112,3.032,2.2697,MQTT,actuator
2025-01-08T19:19:00,651.409,31.144,8.824,34.463,2.0587,CoAP,gateway
2025-01-08T04:41:00,85.367,37.458,6.702,67.67,2.3959,MQTT,gateway
2025-01-08T04:59:00,1294.281,55.294,3.578,181.688,0.0,HTTPS,camera
2025-01-08T00:18:00,1246.886,8.488,3.75,74.242,0.8399,HTTPS,gateway
2025-01-08T00:10:00,103.728,10.979,5.928,10.274,1.3757,MQTT,actuator
2025-01-09T11:21:00,26.207,320.907,3.918,0.279,0.7669,LoRaWAN,smart_meter
2025-01-09T12:56:00,2755.126,66.72,0.979,120.192,0.4128,HTTPS,camera
2025-01-08T01:44:00,2121.591,73.873,3.771,181.461,1.377,HTTPS,camera
2025-01-08T22:31:00,1256.783,49.782,0.1,90.457,0.1654,HTTPS,camera
2025-01-08T05:21:00,16.463,218.406,0.633,0.782,1.7165,MQTT,smart_meter
2025-01-09T10:28:00,85.408,38.109,0.886,3.822,2.4404,MQTT,env_sensor
2025-01-09T06:52:00,2679.315,86.628,7.217,156.234,1.1888,HTTPS,camera
2025-01-08T07:50:00,1795.389,22.349,5.678,194.196,0.0,HTTPS,camera
2025-01-08T09:43:00,2163.021,44.925,4.085,127.831,0.7248,HTTPS,camera
2025-01-08T16:11:00,382.535,39.963,5.689,117.883,1.7832,CoAP,gateway
2025-01-08T23:28:00,798.242,9.305,15.275,90.415,0.4019,CoAP,gateway
2025-01-08T10:34:00,37.446,248.38,1.23,0.387,0.0,LoRaWAN,smart_meter
2025-01-09T12:53:00,30.177,338.918,1.661,0.403,3.1004,LoRaWAN,smart_meter
2025-01-07T23:48:00,1219.709,57.728,7.534,139.824,0.7321,HTTPS,camera
2025-01-08T15:27:00,2331.689,84.862,1.541,27.851,0.8483,HTTPS,camera
2025-01-08T19:04:00,25.482,37.073,4.038,1.968,1.0619,MQTT,env_sensor
2025-01-09T06:47:00,117.865,35.329,9.451,8.877,1.0788,MQTT,actuator
2025-01-09T08:41:00,24.999,174.735,4.279,0.28,2.7173,LoRaWAN,smart_meter
2025-01-08T04:49:00,1128.182,12.422,0.1,55.468,0.3808,HTTPS,gateway
2025-01-09T12:04:00,97.213,32.126,2.163,4.506,1.5366,MQTT,env_sensor
2025-01-09T15:25:00,30.185,175.783,0.1,0.395,7.262,LoRaWAN,smart_meter
2025-01-09T14:04:00,69.172,12.563,5.827,2.518,2.0996,MQTT,env_sensor
2025-01-08T09:57:00,102.925,32.5,1.844,0.05,1.6545,MQTT,env_sensor
2025-01-08T00:41:00,35.278,16.123,6.64,3.36,1.7409,MQTT,env_sensor
2025-01-09T07:55:00,1483.394,34.215,1.494,31.263,1.326,HTTPS,gateway
2025-01-09T08:11:00,120.019,23.354,9.51,5.227,1.793,MQTT,actuator
2025-01-09T16:14:00,1124.775,54.293,0.359,2.668,1.1597,MQTT,camera
2025-01-09T02:50:00,142.538,23.893,2.84,9.762,1.2668,MQTT,actuator
2025-01-08T07:16:00,99.024,35.836,4.189,6.762,0.6947,MQTT,env_sensor
2025-01-08T00:16:00,1138.358,30.279,4.436,132.109,0.68,HTTPS,camera
2025-01-09T07:26:00,27.132,200.544,1.857,0.359,3.3864,LoRaWAN,smart_meter
2025-01-09T02:11:00,39.736,5.213,2.543,4.372,1.0733,MQTT,env_sensor
2025-01-08T13:32:00,741.552,14.492,7.846,20.304,1.0796,CoAP,gateway
2025-01-09T01:08:00,64.977,23.947,0.228,1.652,2.1727,MQTT,env_sensor
2025-01-08T20:04:00,1972.9,88.421,7.249,106.139,0.2542,HTTPS,camera
2025-01-07T23:43:00,97.625,10.002,6.321,0.05,0.6264,MQTT,env_sensor
2025-01-09T10:13:00,1195.437,53.622,3.85,46.748,1.0572,HTTPS,camera
2025-01-08T00:28:00,21.351,192.592,4.322,0.575,4.3782,LoRaWAN,smart_meter
2025-01-08T15:58:00,29.873,151.495,4.833,0.319,1.2922,LoRaWAN,smart_meter
2025-01-09T09:24:00,49.54,12.355,1.8,5.981,1.4617,MQTT,env_sensor
2025-01-09T02:40:00,48.117,24.124,5.718,0.05,0.0,LoRaWAN,env_sensor
2025-01-09T02:30:00,54.612,17.561,1.594,5.427,0.0,MQTT,env_sensor
2025-01-09T03:15:00,127.776,25.71,11.824,8.857,0.0,MQTT,actuator
2025-01-08T08:45:00,21.422,75.684,0.1,0.05,1.6692,MQTT,smart_meter
2025-01-08T11:49:00,99.35,14.753,10.058,8.59,1.5236,CoAP,actuator
2025-01-09T03:28:00,102.404,32.814,2.717,5.182,1.2,MQTT,env_sensor
2025-01-08T15:41:00,836.35,70.095,2.58,96.969,0.8119,HTTPS,gateway
2025-01-08T19:57:00,78.276,12.565,7.927,12.89,2.0235,MQTT,actuator
2025-01-08T14:29:00,65.54,32.114,2.232,5.363,2.3249,MQTT,env_sensor
2025-01-08T03:53:00,1711.797,23.225,15.998,0.05,0.995,HTTPS,gateway
2025-01-08T19:16:00,1102.462,35.487,5.408,80.501,0.9168,HTTPS,camera
2025-01-08T01:35:00,20.718,197.828,0.272,0.35,3.8879,LoRaWAN,smart_meter
2025-01-08T14:36:00,26.837,177.111,3.158,0.375,1.4861,LoRaWAN,smart_meter
2025-01-08T07:19:00,1070.71,9.353,15.522,63.683,0.948,HTTPS,gateway
2025-01-09T03:40:00,22.381,280.99,5.178,0.05,2.0012,LoRaWAN,smart_meter
2025-01-08T14:27:00,103.636,17.496,6.736,5.489,0.0,MQTT,actuator
2025-01-09T03:35:00,75.597,48.625,5.078,0.05,1.6864,CoAP,env_sensor
2025-01-08T06:41:00,941.65,18.876,9.002,93.34,0.7776,HTTPS,gateway
2025-01-08T21:46:00,155.831,12.544,6.048,9.467,0.0,MQTT,actuator
2025-01-09T14:02:00,24.129,143.012,1.277,0.489,1.9242,LoRaWAN,smart_meter
2025-01-08T14:12:00,79.047,25.854,1.838,5.234,1.5438,MQTT,env_sensor
2025-01-08T09:48:00,1666.489,60.188,1.488,83.655,1.9229,HTTPS,gateway
2025-01-09T10:13:00,218.762,32.323,0.419,66.565,0.1433,HTTPS,gateway
2025-01-09T09:05:00,27.552,220.348,2.533,0.265,2.0213,LoRaWAN,smart_meter
2025-01-09T13:05:00,22.85,124.138,0.692,0.719,2.1571,LoRaWAN,smart_meter
2025-01-09T00:00:00,27.52,158.656,3.567,0.348,2.8153,LoRaWAN,smart_meter
2025-01-08T12:04:00,29.279,94.369,2.325,0.616,1.0119,LoRaWAN,smart_meter
2025-01-09T04:07:00,123.423,4.691,11.28,4.836,0.8215,MQTT,actuator
2025-01-08T01:23:00,80.32,19.417,2.488,0.421,1.9051,MQTT,env_sensor
2025-01-08T21:16:00,1747.865,54.043,3.697,36.149,0.3077,HTTPS,gateway
2025-01-08T23:12:00,80.195,29.323,2.199,3.999,1.8095,MQTT,env_sensor
2025-01-08T03:21:00,148.937,17.137,4.66,12.416,1.2893,MQTT,actuator
2025-01-08T15:25:00,66.956,21.688,0.1,5.737,0.5835,MQTT,env_sensor
2025-01-08T21:11:00,92.751,40.996,2.135,3.136,1.262,MQTT,env_sensor
2025-01-09T01:33:00,17.541,114.686,2.119,0.599,0.0,LoRaWAN,smart_meter
2025-01-08T11:35:00,1217.75,48.333,0.245,77.236,1.0964,HTTPS,gateway
2025-01-09T04:27:00,53.016,17.537,3.312,3.254,1.5799,MQTT,env_sensor
2025-01-09T04:04:00,57.185,32.691,0.592,2.595,2.183,MQTT,env_sensor
2025-01-08T20:43:00,113.137,11.446,8.848,13.022,1.9405,MQTT,actuator
2025-01-08T14:09:00,112.195,14.432,8.742,13.706,1.6524,MQTT,actuator
2025-01-08T17:22:00,28.111,157.224,0.901,0.557,2.4034,LoRaWAN,smart_meter
2025-01-08T20:54:00,48.952,23.253,3.036,1.611,0.1179,MQTT,env_sensor
2025-01-08T09:34:00,971.787,78.286,4.715,180.648,0.7948,HTTPS,camera
2025-01-09T10:26:00,65.041,32.998,5.161,6.794,0.0,MQTT,env_sensor
2025-01-09T11:14:00,1061.391,98.526,6.26,96.319,0.1195,HTTPS,camera
2025-01-08T13:24:00,1411.129,33.092,10.688,9.065,1.6148,CoAP,gateway
2025-01-08T08:17:00,52.842,43.74,3.602,5.47,1.509,MQTT,env_sensor
2025-01-09T14:31:00,1180.582,50.224,13.128,50.887,0.2299,HTTPS,gateway
2025-01-09T05:00:00,31.756,132.609,2.735,0.749,2.8052,LoRaWAN,smart_meter
2025-01-08T20:02:00,561.28,39.968,7.519,61.157,0.7515,HTTPS,gateway
2025-01-09T08:05:00,19.589,112.852,2.844,0.05,2.5581,LoRaWAN,smart_meter
2025-01-09T15:09:00,113.86,1.0,7.146,4.536,0.5191,MQTT,actuator
2025-01-08T23:25:00,56.135,8.99,0.417,7.406,0.0,MQTT,env_sensor
2025-01-08T10:12:00,114.566,18.197,5.468,5.617,0.4824,MQTT,actuator
2025-01-09T06:08:00,71.28,42.492,6.117,7.548,2.6394,CoAP,env_sensor
2025-01-09T12:02:00,2974.415,53.414,6.628,150.976,0.53,HTTPS,camera
2025-01-09T10:57:00,576.698,34.4,13.101,82.564,0.0,HTTPS,gateway
2025-01-08T00:54:00,41.317,178.747,0.98,0.054,5.3567,LoRaWAN,smart_meter
2025-01-09T07:00:00,1517.012,69.19,3.189,75.055,0.3639,HTTPS,camera
2025-01-09T13:20:00,1631.936,61.21,7.188,119.943,0.5907,HTTPS,camera
2025-01-08T19:42:00,145.039,24.589,4.903,4.45,0.9099,MQTT,actuator
2025-01-08T11:17:00,85.356,2.738,5.966,18.662,0.9634,MQTT,actuator
2025-01-08T10:09:00,1628.833,109.958,9.263,166.999,0.9184,HTTPS,camera
2025-01-08T12:11:00,2642.466,108.046,7.1,72.867,0.0201,HTTPS,camera
2025-01-08T23:32:00,47.73,24.037,10.564,0.05,0.2468,LoRaWAN,actuator
2025-01-08T15:51:00,543.374,33.783,11.502,10.364,0.0,CoAP,gateway
2025-01-07T22:54:00,123.526,10.809,3.19,12.144,0.3011,MQTT,actuator
2025-01-08T01:24:00,96.74,17.671,3.258,8.617,0.4988,MQTT,actuator
2025-01-09T08:43:00,485.537,42.176,0.81,122.009,0.7366,HTTPS,camera
2025-01-09T13:12:00,134.63,43.199,2.261,4.814,0.6574,MQTT,env_sensor
2025-01-09T15:04:00,61.456,16.799,4.053,8.415,0.0,MQTT,env_sensor
2025-01-08T21:35:00,136.218,20.329,5.614,5.591,0.617,MQTT,actuator
2025-01-09T06:10:00,25.929,243.747,0.998,0.628,5.2153,LoRaWAN,smart_meter
2025-01-09T15:18:00,30.896,231.551,1.474,0.676,2.29,MQTT,smart_meter
2025-01-08T16:31:00,928.367,55.596,4.83,32.354,2.2492,CoAP,gateway
2025-01-09T07:54:00,35.03,29.347,2.274,5.666,0.0,MQTT,env_sensor
2025-01-09T12:37:00,30.262,167.099,3.108,0.05,4.606,LoRaWAN,smart_meter
2025-01-08T18:14:00,1234.596,61.015,13.319,46.769,0.4235,HTTPS,gateway
2025-01-09T09:12:00,15.991,247.534,0.865,0.074,1.2621,LoRaWAN,smart_meter
2025-01-08T16:26:00,88.761,22.103,0.1,6.606,0.8141,MQTT,actuator
2025-01-08T08:43:00,997.16,59.429,3.583,119.36,1.1156,MQTT,camera
2025-01-08T09:02:00,645.755,25.192,7.783,103.045,2.9998,CoAP,gateway
2025-01-08T18:13:00,31.853,325.283,6.161,0.801,5.669,LoRaWAN,smart_meter
2025-01-08T00:11:00,31.219,243.856,5.008,0.215,2.2258,LoRaWAN,smart_meter
2025-01-08T17:05:00,83.029,15.011,6.392,5.875,1.2014,MQTT,actuator
2025-01-08T08:59:00,29.43,307.68,2.912,0.05,5.6959,LoRaWAN,smart_meter
2025-01-08T17:18:00,38.463,17.956,4.679,4.585,2.5397,MQTT,env_sensor
2025-01-08T14:06:00,91.135,50.319,4.581,3.205,0.8208,MQTT,env_sensor
2025-01-09T12:58:00,1071.09,80.539,7.59,137.379,1.2591,HTTPS,gateway
2025-01-07T23:19:00,111.743,31.36,0.371,0.358,0.6168,HTTPS,env_sensor
2025-01-09T14:04:00,32.058,157.849,7.324,0.334,3.8019,LoRaWAN,smart_meter
2025-01-08T12:28:00,2690.419,107.948,5.788,170.554,0.5885,HTTPS,camera
2025-01-08T04:04:00,552.22,1.0,13.17,42.047,2.3153,CoAP,gateway
2025-01-09T11:50:00,18.729,22.542,3.508,7.374,0.9633,MQTT,env_sensor
2025-01-08T00:35:00,25.461,127.463,1.219,0.061,2.7483,LoRaWAN,smart_meter
2025-01-08T20:11:00,67.008,22.46,4.258,4.556,1.6094,MQTT,env_sensor
2025-01-09T11:22:00,88.819,8.177,8.298,9.498,1.084,MQTT,actuator
2025-01-09T06:57:00,30.278,139.029,0.911,0.357,1.2023,LoRaWAN,smart_meter
2025-01-08T00:16:00,94.087,14.321,7.382,6.313,1.4649,MQTT,actuator
2025-01-08T15:55:00,8.0,73.993,3.454,138.321,0.0,HTTPS,camera
2025-01-09T08:45:00,736.794,40.274,6.258,78.901,0.6335,HTTPS,gateway
2025-01-08T07:13:00,50.73,22.212,2.379,2.329,2.1982,MQTT,env_sensor
2025-01-08T18:46:00,100.825,21.11,1.151,6.675,1.9812,MQTT,env_sensor
2025-01-08T11:33:00,140.406,15.715,0.325,5.828,0.1356,MQTT,actuator
2025-01-08T21:16:00,19.851,105.506,1.622,0.58,3.8763,LoRaWAN,smart_meter
2025-01-09T09:30:00,66.405,31.37,5.06,2.544,0.363,MQTT,env_sensor
2025-01-09T09:43:00,19.695,85.815,2.189,0.188,3.1937,MQTT,smart_meter
2025-01-09T08:57:00,980.907,29.571,9.774,38.788,0.0,CoAP,gateway
2025-01-08T13:11:00,143.552,10.289,12.728,11.816,0.0,MQTT,actuator
2025-01-08T01:12:00,128.575,13.926,7.619,0.143,1.0046,MQTT,actuator
2025-01-08T23:16:00,106.047,18.141,6.528,5.103,1.8386,MQTT,actuator
2025-01-09T03:25:00,907.627,68.434,0.1,180.524,0.1099,HTTPS,camera
2025-01-09T13:51:00,104.363,21.018,3.724,9.997,0.9794,MQTT,actuator
2025-01-08T04:06:00,1481.576,78.565,15.022,50.234,2.0506,HTTPS,gateway
2025-01-08T15:22:00,1164.857,94.84,0.392,65.735,0.7952,HTTPS,camera
2025-01-09T05:26:00,108.654,4.637,10.495,6.116,0.0,MQTT,actuator
2025-01-09T12:38:00,2563.776,62.181,5.58,167.619,0.0527,HTTPS,camera
2025-01-09T04:50:00,34.357,35.921,1.626,0.108,2.3137,LoRaWAN,smart_meter
2025-01-09T08:20:00,1084.153,63.609,4.447,152.664,0.3872,HTTPS,camera
2025-01-09T10:37:00,1336.419,39.686,15.629,12.211,0.0,HTTPS,gateway
2025-01-08T10:48:00,8.0,137.57,4.241,0.165,2.6839,LoRaWAN,smart_meter
2025-01-09T02:04:00,34.434,227.072,0.636,0.457,3.8071,LoRaWAN,smart_meter
2025-01-08T12:17:00,1531.549,69.468,7.72,56.548,0.5448,HTTPS,camera
2025-01-08T02:11:00,25.919,217.931,0.821,0.41,0.0,LoRaWAN,smart_meter
2025-01-08T08:46:00,2337.831,54.176,8.637,45.056,0.4189,HTTPS,camera
2025-01-08T05:39:00,67.35,30.363,2.5,3.762,0.0,MQTT,env_sensor
2025-01-08T19:44:00,68.777,26.781,3.346,1.178,2.6412,MQTT,env_sensor
2025-01-09T09:40:00,8.0,27.209,7.113,47.123,0.9966,MQTT,gateway
2025-01-08T13:51:00,82.496,35.078,4.957,12.646,1.017,MQTT,actuator
2025-01-07T23:27:00,145.607,1.0,0.26,6.03,0.6173,MQTT,actuator
2025-01-09T06:37:00,124.823,27.252,4.436,5.442,0.7122,MQTT,actuator
2025-01-09T10:02:00,115.256,25.61,4.163,0.05,2.3366,MQTT,env_sensor
2025-01-09T14:25:00,2284.279,1.0,2.116,104.971,0.0,HTTPS,camera
2025-01-08T12:15:00,92.104,44.298,4.5,4.697,1.0468,MQTT,env_sensor
2025-01-08T14:43:00,1949.992,52.291,19.628,50.801,0.7752,HTTPS,gateway
2025-01-09T11:26:00,15.931,137.83,4.396,0.358,5.3359,LoRaWAN,smart_meter
2025-01-09T04:17:00,13.777,199.752,1.955,0.62,3.3021,LoRaWAN,smart_meter
2025-01-08T10:36:00,69.218,43.223,5.274,0.05,0.2046,MQTT,env_sensor
2025-01-08T00:05:00,21.296,337.193,2.67,0.324,3.4479,LoRaWAN,smart_meter
2025-01-09T12:03:00,19.96,135.654,4.554,0.686,0.1453,LoRaWAN,smart_meter
2025-01-09T16:15:00,317.992,42.603,8.509,48.833,0.5983,CoAP,gateway
2025-01-08T12:37:00,29.841,216.195,3.719,0.514,2.7104,LoRaWAN,smart_meter
2025-01-08T22:33:00,69.298,19.604,4.815,2.797,0.0372,MQTT,env_sensor
2025-01-07T23:45:00,71.79,29.917,2.608,9.92,1.197,MQTT,actuator
2025-01-09T08:24:00,118.62,18.283,8.314,11.036,1.1271,MQTT,actuator
2025-01-09T14:05:00,1169.768,34.496,14.451,81.607,0.0,HTTPS,gateway
2025-01-09T09:01:00,35.298,101.992,0.1,0.709,7.0766,LoRaWAN,smart_meter
2025-01-08T10:05:00,28.523,138.329,1.416,0.477,3.3593,LoRaWAN,smart_meter
2025-01-08T13:37:00,25.736,74.525,4.241,0.266,0.7825,MQTT,smart_meter
2025-01-08T16:51:00,126.106,15.499,2.615,14.026,0.0,MQTT,actuator
2025-01-08T23:00:00,2342.237,69.299,5.715,63.353,0.9136,HTTPS,camera
2025-01-08T09:05:00,17.086,195.784,2.575,0.232,7.5303,LoRaWAN,smart_meter
2025-01-09T07:45:00,1221.606,69.333,4.445,164.936,1.4932,HTTPS,camera
2025-01-07T22:48:00,1701.923,40.415,6.683,26.735,0.1379,HTTPS,camera
2025-01-09T14:57:00,143.584,22.809,5.018,0.447,0.0,MQTT,actuator
2025-01-09T01:40:00,23.108,11.499,4.402,6.854,1.5763,MQTT,actuator
2025-01-08T14:30:00,20.479,237.9,1.673,0.361,7.196,LoRaWAN,smart_meter
2025-01-09T08:04:00,91.258,38.412,1.431,4.514,2.034,MQTT,env_sensor
2025-01-08T02:31:00,18.855,88.435,0.8,0.511,4.5182,LoRaWAN,smart_meter
2025-01-09T14:43:00,22.429,226.206,3.618,0.619,0.0,LoRaWAN,smart_meter
2025-01-08T01:47:00,587.775,34.498,8.694,82.379,1.6686,CoAP,gateway
2025-01-08T20:59:00,1600.276,40.178,4.69,53.348,0.3536,HTTPS,gateway
2025-01-08T16:54:00,770.339,84.929,3.778,196.744,0.3066,HTTPS,camera
2025-01-09T16:15:00,70.161,1.0,4.598,13.45,2.0335,MQTT,actuator
2025-01-08T03:15:00,1122.737,16.027,13.215,87.329,1.7526,HTTPS,gateway
2025-01-08T10:17:00,1814.916,51.831,1.809,83.838,0.577,HTTPS,camera
2025-01-08T11:57:00,23.073,330.372,0.1,0.539,5.7224,LoRaWAN,smart_meter
2025-01-08T15:30:00,2945.233,61.556,5.554,87.271,1.1389,HTTPS,camera
2025-01-09T06:27:00,1763.977,58.488,7.015,150.845,0.6631,HTTPS,camera
2025-01-09T05:11:00,1274.065,52.855,4.444,6.876,0.714,HTTPS,gateway
2025-01-09T14:53:00,97.42,11.812,2.884,7.389,0.0,MQTT,env_sensor
2025-01-08T21:04:00,103.625,50.562,0.529,9.274,3.7114,MQTT,env_sensor
2025-01-08T16:24:00,645.096,52.616,3.308,86.566,0.4814,HTTPS,camera
2025-01-08T23:37:00,1537.347,81.138,4.182,121.177,0.4498,HTTPS,camera
2025-01-08T22:16:00,28.243,172.168,2.11,0.05,3.3781,LoRaWAN,smart_meter
2025-01-09T02:21:00,487.261,63.316,8.365,76.403,0.0,HTTPS,gateway
2025-01-08T09:34:00,28.98,204.119,1.823,0.478,1.4174,LoRaWAN,smart_meter
2025-01-08T03:02:00,1071.215,30.331,0.868,101.66,0.8969,HTTPS,gateway
2025-01-08T07:23:00,117.448,29.468,9.903,10.091,1.3641,MQTT,actuator
2025-01-09T08:35:00,1699.538,1.0,5.026,125.329,0.0056,HTTPS,camera
2025-01-09T15:56:00,3294.925,92.625,5.601,166.597,0.9803,HTTPS,camera
2025-01-08T15:29:00,92.329,42.539,1.82,4.2,1.326,MQTT,actuator
2025-01-08T14:48:00,28.625,108.143,1.048,0.704,3.5568,LoRaWAN,smart_meter
2025-01-09T10:17:00,81.505,18.464,9.169,12.13,0.0,MQTT,actuator
2025-01-09T14:44:00,35.669,2.012,4.194,0.05,3.0889,MQTT,smart_meter
2025-01-08T13:12:00,79.628,1.0,4.068,2.941,0.0,MQTT,env_sensor
2025-01-08T02:29:00,27.202,216.659,3.616,0.415,2.0546,LoRaWAN,smart_meter
2025-01-08T13:40:00,20.026,80.591,2.225,0.209,1.3861,MQTT,smart_meter
2025-01-08T17:12:00,136.835,29.916,3.789,4.606,0.6149,MQTT,actuator
2025-01-08T09:15:00,1222.903,27.19,1.196,26.27,0.2816,HTTPS,gateway
2025-01-08T23:48:00,35.116,193.598,2.935,0.458,2.7828,LoRaWAN,smart_meter
2025-01-09T02:37:00,1062.569,54.897,13.425,29.683,1.7632,MQTT,gateway
2025-01-08T21:11:00,1050.46,41.535,6.116,116.628,0.6088,HTTPS,gateway
2025-01-08T14:19:00,3218.346,1.0,0.1,46.08,0.0,HTTPS,camera
2025-01-09T14:04:00,92.686,17.581,8.625,6.051,0.7876,CoAP,actuator
2025-01-09T08:21:00,30.424,182.497,3.208,0.352,0.9965,LoRaWAN,smart_meter
2025-01-08T03:31:00,88.52,18.609,8.3,10.328,0.3534,MQTT,actuator
2025-01-09T10:51:00,124.572,16.964,7.379,3.706,0.5062,MQTT,actuator
2025-01-08T16:44:00,126.752,10.53,6.473,15.748,1.173,CoAP,actuator
2025-01-09T06:31:00,28.403,129.828,0.1,0.619,2.5736,LoRaWAN,smart_meter
2025-01-08T10:05:00,869.865,16.57,3.929,17.004,2.5075,MQTT,gateway
2025-01-08T13:23:00,113.648,17.178,9.085,5.57,0.6435,MQTT,actuator
2025-01-09T15:43:00,22.87,153.779,2.911,0.097,4.1132,LoRaWAN,smart_meter
2025-01-08T02:18:00,18.462,147.941,3.724,0.552,1.8334,LoRaWAN,smart_meter
2025-01-09T00:48:00,922.428,42.334,5.132,3.361,2.4197,CoAP,gateway
2025-01-09T01:53:00,72.77,30.292,5.459,2.247,2.3084,MQTT,env_sensor
2025-01-08T12:39:00,35.654,20.541,3.844,4.453,0.0,MQTT,env_sensor
2025-01-09T02:55:00,562.63,56.026,16.22,67.808,2.1338,CoAP,gateway
2025-01-09T05:55:00,906.719,1.0,4.698,72.332,0.3109,HTTPS,camera
2025-01-09T00:40:00,52.912,26.263,4.401,4.459,2.1679,MQTT,env_sensor
2025-01-08T03:26:00,1093.745,55.074,0.1,151.194,0.4408,HTTPS,camera
2025-01-09T15:47:00,2678.15,50.681,4.747,210.324,0.428,HTTPS,camera
2025-01-09T06:12:00,19.744,103.967,1.254,0.609,3.3535,LoRaWAN,smart_meter
2025-01-09T15:44:00,930.432,17.286,0.1,73.831,0.3938,HTTPS,gateway
2025-01-08T08:39:00,29.567,241.862,2.575,0.602,4.3711,LoRaWAN,smart_meter
2025-01-08T13:53:00,31.443,180.54,0.845,0.232,5.1129,LoRaWAN,smart_meter
2025-01-09T03:48:00,129.029,27.644,9.714,12.285,0.0,MQTT,actuator
2025-01-09T04:46:00,35.981,241.963,3.688,0.05,6.2875,LoRaWAN,smart_meter
2025-01-08T06:44:00,991.544,37.103,8.344,0.05,1.4116,CoAP,gateway
2025-01-08T15:23:00,799.17,25.593,9.674,72.993,0.9582,HTTPS,gateway
2025-01-08T05:08:00,1179.443,67.504,11.564,95.608,0.0,HTTPS,gateway
2025-01-09T12:17:00,498.498,74.126,4.26,32.79,0.4293,HTTPS,gateway
2025-01-09T10:46:00,146.789,12.349,8.8,8.499,0.0,MQTT,actuator
2025-01-08T17:14:00,96.548,17.695,9.592,14.896,0.1056,MQTT,actuator
2025-01-08T16:09:00,29.98,159.055,3.103,0.726,1.272,LoRaWAN,smart_meter
2025-01-08T23:28:00,16.26,150.414,2.576,0.322,1.2489,LoRaWAN,smart_meter
2025-01-09T13:18:00,112.679,19.206,11.444,6.431,1.2226,MQTT,actuator
2025-01-09T06:32:00,66.992,2.191,3.433,0.05,2.125,MQTT,env_sensor
2025-01-08T23:01:00,939.416,41.613,0.1,56.118,1.127,MQTT,gateway
2025-01-08T11:41:00,19.425,160.45,0.1,0.751,1.864,LoRaWAN,smart_meter
2025-01-09T11:20:00,1107.236,57.364,9.301,32.695,1.716,MQTT,gateway
2025-01-09T09:50:00,92.522,30.702,3.668,1.538,1.7545,MQTT,env_sensor
2025-01-08T06:57:00,1057.609,60.123,8.393,104.109,0.3628,HTTPS,gateway
2025-01-09T07:19:00,31.226,190.173,1.079,0.281,4.408,LoRaWAN,smart_meter
2025-01-09T15:23:00,27.366,153.884,4.874,0.574,7.2391,LoRaWAN,smart_meter
2025-01-09T12:22:00,2097.24,79.215,1.598,58.832,0.6395,HTTPS,camera
2025-01-08T11:44:00,24.513,171.042,0.147,0.172,2.5711,LoRaWAN,smart_meter
2025-01-09T02:13:00,1343.121,81.044,1.586,123.253,1.3221,HTTPS,camera
2025-01-09T02:55:00,124.434,16.634,6.65,9.923,0.146,MQTT,actuator
2025-01-08T03:27:00,78.079,29.109,0.1,5.723,0.9392,MQTT,env_sensor
2025-01-08T06:19:00,33.884,168.551,2.585,0.092,3.7655,LoRaWAN,smart_meter
2025-01-09T08:43:00,47.838,28.046,6.022,3.52,1.2229,MQTT,env_sensor
2025-01-08T05:44:00,105.218,5.533,5.632,10.467,1.8411,MQTT,actuator
2025-01-08T22:20:00,31.211,246.508,3.966,0.05,3.873,LoRaWAN,smart_meter
2025-01-08T20:03:00,1197.84,61.685,12.597,104.444,0.0,HTTPS,gateway
2025-01-08T04:30:00,693.855,27.284,5.259,62.852,0.8763,HTTPS,gateway
2025-01-08T19:08:00,531.85,59.588,9.808,0.05,0.0,CoAP,gateway
2025-01-07T23:22:00,83.32,27.821,9.299,8.746,0.0,MQTT,actuator
2025-01-08T21:58:00,132.475,9.049,6.257,13.715,1.2299,MQTT,actuator
2025-01-08T20:34:00,1417.052,87.117,0.243,113.547,1.2643,HTTPS,gateway
2025-01-08T11:26:00,32.461,171.486,2.311,0.5,2.9899,LoRaWAN,smart_meter
2025-01-08T07:27:00,32.365,235.062,1.572,0.05,1.719,LoRaWAN,smart_meter
2025-01-09T07:23:00,29.712,266.45,0.678,0.696,2.786,LoRaWAN,smart_meter
2025-01-09T03:28:00,746.062,52.7,5.425,75.26,0.4347,HTTPS,camera
2025-01-08T07:20:00,511.867,66.564,5.456,63.548,0.0,HTTPS,gateway
2025-01-09T04:48:00,72.215,22.524,5.156,8.575,2.4597,MQTT,actuator
2025-01-09T12:05:00,2861.902,5.797,2.928,139.002,0.6045,HTTPS,camera
2025-01-09T04:22:00,51.09,32.273,2.724,0.05,2.3623,MQTT,env_sensor
2025-01-08T03:23:00,151.366,22.957,7.326,3.887,0.893,CoAP,actuator
2025-01-08T07:26:00,141.281,14.582,11.339,1.981,1.5073,MQTT,actuator
2025-01-08T02:01:00,65.644,4.664,2.86,3.293,1.0012,MQTT,env_sensor
2025-01-08T03:27:00,115.688,10.652,3.491,9.497,0.8849,MQTT,actuator
2025-01-08T17:45:00,91.029,13.68,2.759,2.769,0.6758,MQTT,env_sensor
2025-01-09T05:03:00,60.232,24.204,6.726,7.037,0.1207,MQTT,actuator
2025-01-09T11:55:00,731.417,59.727,7.307,44.927,0.4449,CoAP,gateway
2025-01-08T14:44:00,1807.809,38.835,13.462,70.144,0.0,HTTPS,gateway
2025-01-09T11:56:00,84.673,13.415,3.227,1.934,1.7701,MQTT,env_sensor
2025-01-08T14:36:00,90.006,10.561,2.535,6.571,0.0,MQTT,env_sensor
2025-01-09T03:11:00,61.644,34.976,4.427,2.655,0.0,MQTT,env_sensor
2025-01-08T12:49:00,29.114,275.609,2.173,0.387,0.4409,LoRaWAN,smart_meter
2025-01-09T12:59:00,61.128,24.576,5.894,0.92,0.2936,MQTT,env_sensor
2025-01-08T02:43:00,59.622,20.696,0.694,12.545,0.2569,MQTT,env_sensor
2025-01-08T02:33:00,68.751,31.199,1.852,4.984,0.0,MQTT,env_sensor
2025-01-08T18:26:00,24.405,87.475,2.87,0.119,3.568,MQTT,smart_meter
2025-01-08T16:40:00,29.837,142.814,3.612,0.604,2.5661,LoRaWAN,smart_meter
2025-01-08T06:18:00,129.509,38.649,6.355,2.318,0.5926,MQTT,actuator
2025-01-09T00:39:00,740.637,32.246,6.933,46.732,0.7607,CoAP,gateway
2025-01-09T10:25:00,1692.344,73.597,0.1,114.393,0.4689,HTTPS,gateway
2025-01-08T17:04:00,1100.737,22.67,4.94,96.283,0.0,HTTPS,gateway
2025-01-08T17:15:00,101.219,20.678,7.205,6.57,0.2207,MQTT,actuator
2025-01-09T05:31:00,31.071,224.035,3.134,0.713,3.6295,LoRaWAN,smart_meter
2025-01-09T03:03:00,31.678,217.432,2.178,0.05,1.8605,LoRaWAN,smart_meter
2025-01-08T09:47:00,356.961,11.334,4.191,50.211,0.0,HTTPS,gateway
2025-01-08T15:38:00,75.756,23.033,1.927,2.749,1.7215,MQTT,env_sensor
2025-01-08T06:53:00,1717.292,68.783,2.886,46.287,0.4463,HTTPS,camera
2025-01-08T13:58:00,33.094,117.903,1.752,0.66,2.549,LoRaWAN,smart_meter
2025-01-09T14:22:00,1228.92,56.658,3.04,114.22,0.0843,HTTPS,camera
2025-01-08T16:19:00,2296.956,68.634,6.041,88.573,1.4602,HTTPS,camera
2025-01-09T03:09:00,1165.733,20.016,11.238,23.849,1.6815,MQTT,gateway
2025-01-09T13:29:00,1164.406,49.286,7.93,85.925,0.4291,HTTPS,gateway
2025-01-08T18:38:00,37.887,232.162,1.539,0.496,4.3233,LoRaWAN,smart_meter
2025-01-09T02:11:00,2023.025,1.0,7.262,142.684,0.2216,HTTPS,camera
2025-01-08T19:33:00,2095.83,71.493,9.75,103.567,0.7778,HTTPS,camera
2025-01-08T17:40:00,34.604,138.323,0.1,0.368,1.7393,MQTT,smart_meter
2025-01-09T02:33:00,2096.863,44.712,2.486,36.515,0.5348,HTTPS,camera
2025-01-08T21:10:00,1596.2,75.932,11.516,171.856,0.7506,HTTPS,gateway
2025-01-09T08:19:00,30.635,216.59,0.711,0.556,3.7244,LoRaWAN,smart_meter
2025-01-09T01:38:00,1768.555,67.045,3.983,179.761,1.1474,HTTPS,camera
2025-01-09T06:28:00,733.757,16.724,10.578,42.374,1.0356,CoAP,gateway
2025-01-09T03:33:00,759.103,58.225,15.701,60.066,0.4124,HTTPS,gateway
2025-01-08T15:00:00,140.743,14.69,5.086,8.391,1.9314,MQTT,actuator
2025-01-09T00:31:00,1431.808,38.503,11.813,29.903,1.6655,MQTT,gateway
2025-01-09T05:36:00,2175.547,60.63,4.935,118.474,0.5307,HTTPS,camera
2025-01-09T05:06:00,151.993,80.774,6.39,81.471,0.7001,MQTT,camera
2025-01-08T18:08:00,87.564,29.597,1.077,3.13,1.317,MQTT,env_sensor
2025-01-08T18:18:00,33.691,123.265,1.136,0.493,2.4175,LoRaWAN,smart_meter
2025-01-08T10:30:00,66.773,19.103,7.431,2.967,0.0,MQTT,actuator
2025-01-08T05:05:00,249.252,53.901,4.124,41.858,2.6357,MQTT,gateway
2025-01-08T20:34:00,1326.668,42.64,3.183,196.179,0.082,HTTPS,camera
2025-01-09T13:11:00,28.692,47.248,1.899,0.648,5.5292,LoRaWAN,smart_meter
2025-01-08T04:38:00,40.751,22.38,4.482,3.022,0.0,MQTT,env_sensor
2025-01-08T22:43:00,124.681,34.555,7.571,8.372,0.8373,MQTT,actuator
2025-01-08T23:23:00,2778.687,57.646,4.731,142.401,0.2414,HTTPS,camera
2025-01-09T08:16:00,28.727,200.341,2.463,0.157,4.5358,LoRaWAN,smart_meter
2025-01-08T20:53:00,1295.754,23.859,10.61,194.668,0.9234,HTTPS,camera
2025-01-08T17:23:00,37.187,137.691,0.1,0.284,2.8642,LoRaWAN,smart_meter
2025-01-08T22:41:00,135.516,7.602,7.38,2.376,1.3701,CoAP,actuator
2025-01-08T00:24:00,88.239,19.322,6.495,8.269,0.5716,MQTT,actuator
2025-01-09T08:23:00,1894.701,61.743,6.659,73.031,0.9706,HTTPS,camera
2025-01-09T00:16:00,25.401,246.933,2.654,0.623,5.3985,LoRaWAN,smart_meter
2025-01-09T03:01:00,423.225,46.332,12.988,38.897,1.1362,CoAP,gateway
2025-01-09T11:25:00,134.308,7.35,2.944,4.868,0.0,MQTT,actuator
2025-01-08T00:34:00,50.289,24.373,5.212,12.905,0.6546,CoAP,actuator
2025-01-08T01:17:00,107.319,35.671,2.81,7.404,1.287,MQTT,env_sensor
2025-01-09T01:34:00,79.235,46.794,1.981,0.065,0.4352,MQTT,env_sensor
2025-01-07T23:54:00,23.468,216.265,0.601,0.291,3.2774,LoRaWAN,smart_meter
2025-01-08T12:51:00,1240.106,53.038,0.1,104.363,0.4856,HTTPS,gateway
2025-01-08T22:57:00,101.368,13.651,3.036,0.05,2.8072,MQTT,env_sensor
2025-01-08T19:08:00,19.688,185.123,1.926,0.852,3.0086,LoRaWAN,smart_meter
2025-01-09T09:35:00,31.395,176.222,0.941,0.557,2.7584,LoRaWAN,smart_meter
2025-01-08T23:06:00,60.926,39.957,5.791,4.357,0.8541,MQTT,actuator
2025-01-09T10:18:00,1237.642,29.722,3.449,96.068,0.0,HTTPS,gateway
2025-01-08T08:07:00,149.203,15.009,3.648,6.833,2.347,MQTT,actuator
2025-01-08T09:06:00,2026.555,73.496,1.378,53.256,0.1746,HTTPS,camera
2025-01-08T19:10:00,2876.648,40.158,0.1,133.993,1.4052,HTTPS,camera
2025-01-09T04:55:00,115.026,18.57,4.793,4.516,0.8619,MQTT,actuator
2025-01-08T12:57:00,40.998,29.588,2.109,6.605,1.4449,MQTT,env_sensor
2025-01-09T12:45:00,149.23,17.273,10.334,0.05,0.2297,CoAP,actuator
2025-01-08T07:00:00,102.151,15.749,2.019,2.911,1.0576,MQTT,env_sensor
2025-01-09T08:35:00,191.644,78.631,11.808,60.451,0.0,CoAP,gateway
2025-01-08T23:41:00,1012.995,44.229,10.154,79.603,1.0048,CoAP,gateway
2025-01-08T23:07:00,929.436,33.797,3.757,75.877,0.7287,HTTPS,camera
2025-01-07T23:55:00,89.211,18.156,10.03,10.445,0.0,MQTT,actuator
2025-01-09T06:34:00,1123.638,1.0,1.711,153.621,0.7519,HTTPS,camera
2025-01-08T04:57:00,29.595,89.009,3.429,0.339,1.0461,MQTT,smart_meter
2025-01-08T10:01:00,1371.799,69.346,2.338,57.077,1.4066,HTTPS,gateway
2025-01-08T05:15:00,2823.068,61.979,10.25,78.162,1.4088,HTTPS,camera
2025-01-08T03:44:00,31.137,21.736,8.738,4.538,0.2538,MQTT,env_sensor
2025-01-07T23:17:00,117.856,33.138,1.435,0.05,2.469,MQTT,env_sensor
2025-01-09T08:52:00,29.036,123.812,2.223,0.637,6.6775,LoRaWAN,smart_meter
2025-01-08T11:14:00,735.531,54.157,3.662,146.515,0.516,HTTPS,camera
2025-01-08T17:41:00,25.815,237.96,2.677,0.109,2.1554,LoRaWAN,smart_meter
2025-01-08T22:47:00,1594.936,67.646,7.114,53.537,0.9438,HTTPS,camera
2025-01-09T02:25:00,56.489,41.59,3.494,5.041,1.2725,MQTT,env_sensor
2025-01-09T02:02:00,485.925,47.418,10.181,88.992,0.7021,HTTPS,gateway
2025-01-08T09:59:00,93.172,23.95,4.775,10.726,0.1275,MQTT,actuator
2025-01-08T22:51:00,1068.703,48.989,10.15,72.044,0.2568,HTTPS,gateway
2025-01-08T00:07:00,1522.235,42.008,5.82,156.127,0.2363,HTTPS,camera
2025-01-09T03:29:00,118.7,28.123,5.534,8.156,1.5059,MQTT,actuator
2025-01-09T11:45:00,1867.235,59.494,6.236,56.434,1.1735,HTTPS,gateway
2025-01-08T14:32:00,194.895,41.417,11.928,98.088,0.0,HTTPS,gateway
2025-01-08T22:56:00,1764.535,52.557,8.857,58.921,1.103,HTTPS,gateway
2025-01-09T12:31:00,20.94,250.406,2.535,0.357,6.9666,LoRaWAN,smart_meter
2025-01-08T06:23:00,71.672,25.345,3.004,2.08,2.2566,MQTT,env_sensor
2025-01-09T00:39:00,100.549,17.536,7.349,0.05,1.641,MQTT,actuator
2025-01-08T13:31:00,1927.656,61.912,1.824,104.206,0.0434,HTTPS,camera
2025-01-08T02:58:00,82.119,3.022,12.243,6.186,0.3642,MQTT,actuator
2025-01-08T02:34:00,21.72,105.208,1.27,0.209,1.0611,LoRaWAN,smart_meter
2025-01-09T16:12:00,29.934,138.49,1.651,0.11,0.485,LoRaWAN,smart_meter
2025-01-09T01:18:00,1210.124,54.773,8.408,51.202,0.6511,HTTPS,gateway
2025-01-08T13:17:00,99.971,10.605,5.98,6.574,1.291,MQTT,actuator
2025-01-08T21:29:00,790.99,59.08,15.276,0.05,1.7733,CoAP,gateway
2025-01-08T19:51:00,42.465,312.16,1.678,0.05,2.5334,LoRaWAN,smart_meter
2025-01-08T10:22:00,13.672,172.185,2.937,0.095,3.9149,LoRaWAN,smart_meter
2025-01-08T13:54:00,1479.757,44.055,5.16,72.126,0.7624,HTTPS,camera
2025-01-08T07:51:00,1632.634,121.771,0.757,64.93,0.9259,HTTPS,camera
2025-01-09T12:51:00,57.269,13.18,2.933,15.147,0.9373,MQTT,actuator
2025-01-09T16:06:00,8.0,38.364,10.557,84.196,0.0964,HTTPS,gateway
2025-01-09T00:58:00,36.554,218.421,1.094,0.572,2.2271,LoRaWAN,smart_meter
2025-01-08T18:00:00,27.841,151.408,2.233,1.15,1.6155,MQTT,smart_meter
2025-01-09T02:15:00,1954.645,52.374,3.519,198.781,0.139,HTTPS,camera
2025-01-08T11:21:00,1214.376,16.059,15.607,85.579,1.2711,HTTPS,gateway
2025-01-08T18:26:00,2047.254,79.017,5.604,60.196,0.5229,HTTPS,camera
2025-01-08T06:25:00,77.317,30.738,4.138,9.488,0.2129,MQTT,env_sensor
2025-01-08T01:08:00,1014.078,91.513,4.245,130.455,1.4011,CoAP,camera
2025-01-08T21:11:00,72.836,15.676,3.247,4.678,1.4722,MQTT,actuator
2025-01-08T00:18:00,44.109,36.771,0.1,8.118,0.6551,MQTT,env_sensor
2025-01-09T10:28:00,115.942,6.701,6.846,9.461,0.4713,MQTT,actuator
2025-01-08T07:08:00,121.067,27.013,5.76,9.022,0.0,CoAP,actuator
2025-01-08T11:52:00,1019.086,36.582,2.394,72.993,2.1949,HTTPS,gateway
2025-01-09T00:00:00,135.003,16.801,4.783,13.81,1.0326,MQTT,actuator
2025-01-09T02:23:00,1663.227,95.898,4.64,77.971,0.4549,HTTPS,camera
2025-01-07T23:31:00,114.461,16.108,8.654,6.103,1.3681,MQTT,actuator
2025-01-09T13:38:00,1411.997,85.287,3.612,0.05,0.0,HTTPS,camera
2025-01-08T04:40:00,1219.78,61.353,0.1,89.127,0.5419,HTTPS,camera
2025-01-09T11:43:00,25.068,176.95,1.526,0.447,0.0,LoRaWAN,smart_meter
2025-01-09T07:48:00,35.773,13.894,7.535,4.284,0.624,MQTT,env_sensor
2025-01-08T02:20:00,406.623,53.901,4.823,69.577,0.9513,HTTPS,gateway
2025-01-08T03:08:00,125.39,30.071,1.784,0.982,1.3847,MQTT,env_sensor
2025-01-08T23:41:00,113.518,25.301,1.542,5.109,1.5307,MQTT,actuator
2025-01-09T13:06:00,1767.555,73.212,0.1,85.565,0.1436,HTTPS,camera
2025-01-08T05:52:00,91.494,40.007,1.131,0.458,2.5935,MQTT,env_sensor
2025-01-08T11:27:00,8.0,31.024,16.938,0.05,1.6776,MQTT,gateway
2025-01-08T05:41:00,1013.482,75.414,10.27,10.058,0.0,CoAP,gateway
2025-01-09T16:12:00,82.504,15.78,12.423,4.337,1.447,MQTT,actuator
2025-01-08T10:44:00,365.763,30.622,4.358,94.275,0.0,HTTPS,gateway
2025-01-08T10:02:00,69.916,33.55,4.197,72.352,0.4213,HTTPS,gateway
2025-01-08T21:31:00,22.849,123.982,0.96,0.434,1.547,LoRaWAN,smart_meter
2025-01-08T03:20:00,1497.52,49.095,8.962,117.225,0.7715,HTTPS,gateway
2025-01-08T14:30:00,112.329,19.762,6.856,9.166,1.3554,MQTT,actuator
2025-01-08T07:50:00,51.261,3.964,3.427,6.225,2.1108,MQTT,env_sensor
2025-01-08T13:10:00,616.393,57.762,15.407,69.025,0.1273,HTTPS,gateway
2025-01-09T00:48:00,2280.059,114.173,9.08,160.162,0.2083,HTTPS,camera
2025-01-08T14:48:00,1395.903,74.574,1.175,251.906,0.6179,HTTPS,camera
2025-01-08T01:19:00,34.117,174.449,0.1,0.256,3.3647,LoRaWAN,smart_meter
2025-01-09T15:15:00,2227.588,78.235,3.01,89.057,0.5953,HTTPS,camera
2025-01-09T15:06:00,1701.399,50.674,0.581,46.966,0.5129,HTTPS,camera
2025-01-08T22:50:00,95.706,21.068,8.097,15.006,1.2924,CoAP,actuator
2025-01-08T23:04:00,49.901,43.557,3.126,8.077,1.7913,MQTT,env_sensor
2025-01-09T10:35:00,1053.426,64.101,0.554,16.502,0.7896,HTTPS,camera
2025-01-08T05:13:00,72.627,27.664,5.965,10.272,0.6656,MQTT,actuator
2025-01-09T02:47:00,2104.713,30.411,3.918,60.038,0.7156,HTTPS,camera
2025-01-08T05:33:00,33.226,219.234,2.946,0.575,3.9132,MQTT,smart_meter
2025-01-09T10:12:00,22.464,137.504,1.642,0.336,3.0916,LoRaWAN,smart_meter
2025-01-09T10:22:00,70.132,16.041,8.717,7.446,0.7277,MQTT,actuator
2025-01-08T17:10:00,934.041,11.98,6.936,61.011,3.0952,CoAP,gateway
2025-01-09T03:11:00,37.094,147.718,2.589,0.552,2.8666,LoRaWAN,smart_meter
2025-01-08T06:56:00,1465.861,101.734,6.803,153.185,0.916,HTTPS,camera
2025-01-08T17:38:00,1736.741,41.324,12.741,97.715,1.7145,HTTPS,gateway
2025-01-09T16:12:00,1835.548,48.726,14.612,63.041,0.9772,HTTPS,gateway
2025-01-08T07:54:00,19.995,242.244,1.43,0.192,4.2379,LoRaWAN,smart_meter
2025-01-08T00:44:00,359.851,31.701,6.373,65.065,0.7011,HTTPS,gateway
2025-01-09T15:44:00,111.686,8.062,3.889,1.201,0.0,MQTT,actuator
2025-01-08T14:07:00,2436.752,53.218,2.454,173.243,1.1717,HTTPS,camera
2025-01-08T12:08:00,96.674,30.279,0.1,9.307,0.1498,MQTT,actuator
2025-01-09T03:00:00,906.565,88.133,4.435,104.268,0.0,HTTPS,camera
2025-01-08T09:44:00,129.927,33.482,8.3,12.898,0.5777,CoAP,actuator
2025-01-08T01:53:00,1895.16,70.404,11.206,52.756,0.7031,HTTPS,gateway
2025-01-09T03:10:00,8.0,83.687,4.663,0.278,2.6924,MQTT,smart_meter
2025-01-08T20:43:00,1428.015,39.043,0.742,110.037,0.0252,HTTPS,camera
2025-01-07T23:17:00,145.224,16.702,10.332,11.504,0.5575,MQTT,actuator
2025-01-09T05:30:00,1062.444,61.889,7.382,35.3,1.1091,CoAP,gateway
2025-01-08T06:07:00,91.932,26.543,1.167,6.101,2.2755,MQTT,env_sensor
2025-01-08T20:07:00,977.132,59.933,4.159,99.588,1.0216,MQTT,gateway
2025-01-08T18:06:00,52.289,11.934,5.38,4.889,0.0,MQTT,env_sensor
2025-01-08T06:47:00,36.814,134.943,3.904,0.251,1.034,LoRaWAN,smart_meter
2025-01-08T21:14:00,79.277,41.875,2.133,4.648,0.1429,MQTT,env_sensor
2025-01-08T12:18:00,901.505,42.951,7.547,118.741,0.2133,HTTPS,gateway
2025-01-08T04:34:00,28.705,239.071,2.746,0.49,6.3502,LoRaWAN,smart_meter
2025-01-08T13:26:00,792.176,77.84,3.383,0.923,1.6128,CoAP,gateway
2025-01-09T03:45:00,55.459,15.481,3.788,4.918,1.4458,MQTT,env_sensor
2025-01-09T03:04:00,152.089,51.063,4.957,4.094,0.8931,MQTT,env_sensor
2025-01-09T01:21:00,33.28,140.672,1.892,0.364,5.5831,LoRaWAN,smart_meter
2025-01-09T00:07:00,116.721,26.544,5.117,8.815,1.1854,MQTT,actuator
2025-01-09T08:15:00,1009.105,45.472,14.212,55.686,0.0,HTTPS,gateway
2025-01-08T02:41:00,92.579,21.398,3.547,10.761,1.2856,MQTT,actuator
2025-01-08T16:36:00,81.505,39.146,3.014,1.521,0.0,MQTT,env_sensor
2025-01-08T11:32:00,485.235,119.126,6.92,161.878,0.4476,HTTPS,camera
2025-01-08T10:10:00,810.496,73.285,12.865,68.315,1.6137,CoAP,gateway
2025-01-09T07:01:00,84.286,17.957,5.672,4.793,0.0,MQTT,actuator
2025-01-08T18:44:00,96.696,1.0,8.472,0.668,1.0078,MQTT,env_sensor
2025-01-08T09:50:00,863.89,63.339,8.461,47.977,0.0,CoAP,gateway
2025-01-08T10:20:00,1790.96,21.645,22.691,82.687,0.4468,HTTPS,gateway
2025-01-08T04:20:00,683.784,88.355,4.187,88.215,2.7362,HTTPS,gateway
2025-01-08T23:03:00,2159.123,56.7,2.561,54.409,0.0,HTTPS,camera
2025-01-09T03:20:00,24.575,52.946,2.093,0.522,5.0575,LoRaWAN,smart_meter
2025-01-09T05:49:00,30.089,15.379,3.506,4.26,1.194,MQTT,env_sensor
2025-01-09T00:44:00,1667.308,18.396,4.864,226.694,0.0,HTTPS,camera
2025-01-09T08:45:00,68.625,1.0,2.716,3.725,2.1408,MQTT,env_sensor
2025-01-08T14:03:00,98.944,45.727,3.602,13.112,0.5372,MQTT,env_sensor
2025-01-08T05:11:00,37.246,266.925,0.321,0.59,3.4281,LoRaWAN,smart_meter
2025-01-09T10:03:00,2712.08,59.515,5.448,83.427,0.9196,HTTPS,camera
2025-01-09T02:35:00,1086.54,14.793,6.433,42.525,0.0249,HTTPS,gateway
2025-01-08T07:30:00,19.859,148.866,1.348,0.05,2.4418,LoRaWAN,smart_meter
2025-01-09T02:10:00,15.515,1.807,1.843,4.426,2.662,MQTT,env_sensor
2025-01-08T01:50:00,105.072,28.347,6.771,11.226,0.2105,MQTT,actuator
2025-01-08T02:19:00,1489.812,45.764,6.238,66.391,1.4721,HTTPS,gateway
2025-01-08T20:28:00,1040.041,53.351,0.1,38.94,1.5057,HTTPS,gateway
2025-01-09T12:05:00,33.904,114.698,3.96,0.05,0.0,LoRaWAN,smart_meter
2025-01-08T08:15:00,26.07,113.278,3.547,0.839,2.574,LoRaWAN,smart_meter
2025-01-08T14:17:00,124.123,16.458,10.213,10.732,0.0,CoAP,actuator
2025-01-08T23:53:00,31.015,192.008,0.1,0.588,1.8801,LoRaWAN,smart_meter
2025-01-09T11:42:00,168.028,76.763,17.993,41.809,2.1348,CoAP,gateway
2025-01-09T06:11:00,1720.44,85.239,0.1,185.222,0.0,HTTPS,camera
2025-01-09T03:05:00,1406.344,43.417,1.024,98.108,0.3328,HTTPS,camera
2025-01-08T20:04:00,49.986,11.032,4.117,3.802,0.0,MQTT,env_sensor
2025-01-08T18:19:00,84.318,28.549,1.78,5.261,1.2541,MQTT,env_sensor
2025-01-08T03:49:00,51.88,23.841,0.1,4.05,2.3201,MQTT,env_sensor
2025-01-09T01:47:00,1810.961,95.298,1.086,54.751,0.9696,HTTPS,camera
2025-01-09T12:00:00,1304.463,56.647,13.865,104.135,0.0,HTTPS,gateway
2025-01-08T12:28:00,1376.381,71.613,4.4,111.041,2.0294,HTTPS,gateway
2025-01-09T08:00:00,16.43,202.551,3.798,0.201,2.9623,LoRaWAN,smart_meter
2025-01-09T03:22:00,2156.549,26.953,1.881,136.446,1.2175,HTTPS,camera
2025-01-08T02:45:00,38.835,12.763,3.162,2.952,1.7278,MQTT,env_sensor
2025-01-09T09:37:00,88.37,43.675,0.931,2.412,1.5151,MQTT,env_sensor
2025-01-08T03:41:00,770.4,41.981,3.546,71.977,1.4541,HTTPS,camera
2025-01-08T08:00:00,855.371,46.881,8.626,97.915,0.756,HTTPS,camera
2025-01-08T23:55:00,71.973,58.169,4.92,3.508,3.166,MQTT,env_sensor
2025-01-08T20:19:00,2143.626,57.379,18.616,24.841,0.5031,HTTPS,gateway
2025-01-08T10:18:00,8.0,30.57,3.301,1.139,0.8087,HTTPS,env_sensor
2025-01-08T16:23:00,53.385,26.16,0.185,4.845,0.737,MQTT,env_sensor
2025-01-09T11:59:00,115.429,18.087,6.011,15.153,0.0,MQTT,actuator
2025-01-08T03:33:00,1481.398,21.694,8.113,186.427,0.8566,HTTPS,camera
2025-01-08T08:37:00,53.879,31.291,3.403,6.688,0.8988,MQTT,env_sensor
2025-01-08T21:46:00,87.096,17.619,4.999,0.05,0.0,MQTT,env_sensor
2025-01-09T10:15:00,120.132,15.149,8.61,3.072,1.3291,MQTT,actuator
2025-01-08T18:25:00,71.454,7.198,6.192,10.203,0.0,MQTT,actuator
2025-01-09T02:58:00,1228.964,16.459,6.598,0.05,0.2959,HTTPS,gateway
2025-01-09T01:31:00,82.099,22.561,3.065,0.496,0.8343,MQTT,env_sensor
2025-01-09T09:07:00,32.495,16.959,5.692,2.666,0.0973,MQTT,env_sensor
2025-01-08T01:52:00,822.59,43.304,14.545,30.262,2.0159,CoAP,gateway
2025-01-09T07:38:00,143.172,16.658,0.422,14.949,0.1051,MQTT,actuator
2025-01-08T04:19:00,1362.838,73.849,5.178,74.022,0.2986,HTTPS,camera
2025-01-09T10:32:00,1623.376,33.731,4.842,90.732,0.8933,HTTPS,gateway
2025-01-08T10:22:00,163.692,8.473,4.624,12.043,1.1573,MQTT,actuator
2025-01-08T06:44:00,28.849,148.952,0.948,0.234,0.0,LoRaWAN,smart_meter
2025-01-08T05:19:00,45.746,30.144,1.405,4.877,2.3551,MQTT,env_sensor
2025-01-09T11:26:00,51.172,36.933,1.858,4.887,0.0,MQTT,env_sensor
2025-01-09T04:14:00,1089.095,34.54,4.642,90.353,2.8489,HTTPS,gateway
2025-01-08T06:49:00,73.549,22.489,4.107,6.414,1.6063,MQTT,env_sensor
2025-01-08T23:15:00,129.801,5.345,11.063,11.716,0.0,MQTT,actuator
2025-01-08T08:08:00,147.188,28.474,6.876,4.282,0.3625,MQTT,actuator
2025-01-08T19:19:00,118.525,23.0,3.15,12.397,1.9932,MQTT,actuator
2025-01-09T10:38:00,27.007,233.012,0.397,0.802,0.9517,LoRaWAN,smart_meter
2025-01-08T14:44:00,35.135,166.89,0.1,0.05,5.074,LoRaWAN,smart_meter
2025-01-08T16:25:00,396.04,20.96,5.672,50.692,1.5666,CoAP,gateway
2025-01-08T12:24:00,736.077,65.893,5.944,31.793,0.4651,CoAP,camera
2025-01-09T07:34:00,64.326,30.396,1.688,0.05,0.9575,MQTT,env_sensor
2025-01-09T08:40:00,873.324,4.85,13.731,49.175,2.1295,CoAP,gateway
2025-01-09T09:53:00,96.207,40.149,4.419,5.555,1.4741,MQTT,env_sensor
2025-01-08T03:13:00,2419.019,93.176,8.792,179.373,1.4967,HTTPS,camera
2025-01-08T23:17:00,2069.337,48.184,11.253,0.05,1.565,MQTT,gateway
2025-01-08T14:08:00,116.29,14.723,4.928,4.067,1.6975,MQTT,actuator
2025-01-08T16:30:00,871.513,19.078,0.1,128.276,0.7733,HTTPS,gateway
2025-01-08T05:23:00,1081.34,66.874,7.748,178.497,0.8606,HTTPS,camera
2025-01-08T01:10:00,150.075,19.696,4.197,9.422,0.7285,MQTT,actuator
2025-01-08T00:37:00,41.71,27.311,4.34,5.126,3.1516,MQTT,env_sensor
2025-01-08T05:03:00,1022.151,36.364,11.221,112.115,2.4935,CoAP,gateway
2025-01-08T00:50:00,28.873,74.182,0.77,0.599,1.6762,MQTT,smart_meter
2025-01-08T20:22:00,59.392,11.847,2.829,6.499,1.3154,MQTT,env_sensor
2025-01-09T04:21:00,79.939,29.722,2.945,3.675,0.8409,MQTT,env_sensor
2025-01-08T19:29:00,57.265,20.971,2.597,4.466,1.0243,MQTT,env_sensor
2025-01-08T09:49:00,21.352,121.896,2.207,0.05,0.0,LoRaWAN,smart_meter
2025-01-07T23:45:00,27.197,212.43,0.1,0.181,4.4832,LoRaWAN,smart_meter
2025-01-09T07:42:00,64.905,10.318,0.715,4.409,0.0,MQTT,env_sensor
2025-01-08T23:05:00,1213.25,47.517,1.656,75.763,1.0159,HTTPS,camera
2025-01-09T13:40:00,1614.201,59.248,7.015,149.26,1.3715,HTTPS,camera
2025-01-09T11:42:00,152.146,27.932,5.464,6.527,2.0256,MQTT,actuator
2025-01-09T12:41:00,35.859,21.484,5.94,5.914,1.7126,MQTT,env_sensor
2025-01-08T06:02:00,29.667,178.587,1.386,0.255,0.8987,LoRaWAN,smart_meter
2025-01-08T04:57:00,142.225,24.731,6.072,5.678,0.4331,MQTT,actuator
2025-01-08T16:20:00,25.597,95.524,0.763,0.283,0.7953,HTTPS,smart_meter
2025-01-09T08:16:00,42.002,19.829,3.892,4.505,1.6851,MQTT,env_sensor
2025-01-08T10:25:00,89.334,15.016,7.117,19.464,0.7033,CoAP,actuator
2025-01-08T08:27:00,23.045,192.131,0.8,0.392,7.1946,LoRaWAN,smart_meter
2025-01-09T15:13:00,747.422,35.137,5.352,62.43,3.3798,CoAP,gateway
2025-01-09T07:50:00,38.743,16.459,0.1,6.424,1.158,MQTT,env_sensor
2025-01-09T00:49:00,32.604,131.604,0.786,0.841,5.1278,LoRaWAN,smart_meter
2025-01-09T11:29:00,112.569,15.91,0.1,2.287,2.1493,MQTT,env_sensor
2025-01-08T02:46:00,26.053,29.272,7.951,4.321,2.796,MQTT,actuator
2025-01-09T13:01:00,84.559,27.26,0.1,2.074,2.1203,MQTT,env_sensor
2025-01-08T03:10:00,56.564,41.795,3.241,3.569,1.9428,MQTT,env_sensor
2025-01-09T03:21:00,1398.48,40.214,15.468,62.919,1.8937,HTTPS,gateway
2025-01-08T17:53:00,17.926,169.335,3.189,0.592,2.6516,LoRaWAN,smart_meter
2025-01-08T11:32:00,110.784,15.963,2.46,4.314,1.8191,MQTT,env_sensor
2025-01-08T06:37:00,131.822,29.76,12.546,11.079,0.0,CoAP,actuator
2025-01-08T12:37:00,999.813,40.897,15.67,33.443,1.6932,CoAP,gateway
2025-01-08T02:32:00,21.45,15.527,1.089,0.2,2.4664,MQTT,smart_meter
2025-01-08T18:27:00,110.777,24.838,5.157,6.503,0.1146,MQTT,actuator
2025-01-08T11:09:00,113.671,20.731,5.917,0.47,0.3396,MQTT,actuator
2025-01-08T17:26:00,104.34,29.816,5.34,6.4,0.2955,MQTT,actuator
2025-01-09T00:23:00,368.533,1.0,6.403,59.383,2.0636,CoAP,gateway
2025-01-09T03:17:00,1766.694,95.768,0.1,80.933,0.0,HTTPS,camera
2025-01-08T15:20:00,82.34,29.068,3.412,3.477,1.7282,MQTT,env_sensor
2025-01-08T06:47:00,78.383,20.52,3.146,1.091,0.4418,MQTT,env_sensor
2025-01-08T16:08:00,2160.252,51.759,5.272,90.395,0.5086,HTTPS,camera
2025-01-08T01:26:00,51.94,27.341,3.373,4.979,2.6483,MQTT,env_sensor
2025-01-08T17:47:00,20.086,95.286,1.733,0.525,1.7688,MQTT,smart_meter
2025-01-08T19:42:00,705.174,57.478,4.112,56.435,0.0,HTTPS,gateway
2025-01-08T17:37:00,1962.121,67.205,9.191,76.727,1.0512,HTTPS,camera
2025-01-08T21:59:00,2173.929,58.123,4.937,66.236,0.7265,HTTPS,camera
2025-01-08T04:22:00,60.566,9.021,7.161,5.619,0.1102,MQTT,actuator
2025-01-08T08:37:00,31.433,162.29,2.751,0.221,2.1606,MQTT,smart_meter
2025-01-09T13:14:00,104.828,10.648,4.409,3.825,0.0619,MQTT,actuator
2025-01-09T06:20:00,193.101,13.286,7.008,15.009,0.64,CoAP,actuator
2025-01-08T10:14:00,270.707,49.093,5.559,23.364,1.3875,CoAP,gateway
2025-01-08T05:12:00,1252.632,51.351,2.871,181.332,0.1831,HTTPS,camera
2025-01-08T02:18:00,968.299,66.073,3.429,89.107,1.1524,HTTPS,gateway
2025-01-09T15:16:00,117.124,27.538,8.433,9.416,1.7921,MQTT,actuator
2025-01-08T17:10:00,73.547,23.543,1.728,1.287,0.5113,MQTT,env_sensor
2025-01-08T16:54:00,49.016,119.586,2.963,0.654,2.703,LoRaWAN,smart_meter
2025-01-08T11:34:00,1509.208,54.651,0.1,51.256,0.9122,HTTPS,camera
2025-01-07T23:32:00,1209.194,15.241,6.042,116.081,0.0266,HTTPS,camera
2025-01-08T11:56:00,40.657,196.682,4.292,0.609,3.6805,LoRaWAN,smart_meter
2025-01-09T05:19:00,72.635,17.24,5.051,0.342,0.0,MQTT,env_sensor
2025-01-09T08:28:00,106.537,35.432,7.072,4.911,2.3603,MQTT,env_sensor
2025-01-08T01:57:00,73.759,33.217,4.444,5.886,1.3286,MQTT,env_sensor
2025-01-08T00:46:00,8.0,37.181,6.474,66.008,0.9954,HTTPS,gateway
2025-01-08T12:04:00,88.58,21.185,3.363,0.701,1.1823,MQTT,env_sensor
2025-01-08T22:01:00,108.07,24.122,3.243,7.744,1.068,MQTT,env_sensor
2025-01-08T22:53:00,91.573,1.0,7.985,4.922,0.0,MQTT,env_sensor
2025-01-09T01:13:00,58.494,14.833,6.001,10.397,1.6183,MQTT,actuator
2025-01-08T03:46:00,36.731,125.421,0.928,0.05,4.4172,LoRaWAN,smart_meter
2025-01-08T19:08:00,86.001,37.074,3.103,3.663,2.2565,MQTT,env_sensor
2025-01-08T22:26:00,1574.154,46.282,10.004,80.657,0.5781,HTTPS,gateway
2025-01-08T08:34:00,18.388,211.9,2.454,0.704,4.4928,LoRaWAN,smart_meter
2025-01-09T08:25:00,124.237,15.462,5.799,12.78,0.7627,MQTT,actuator
2025-01-09T01:01:00,8.0,87.516,6.478,86.994,1.1372,MQTT,gateway
2025-01-08T08:14:00,2572.019,67.525,1.297,143.036,0.0,HTTPS,camera
2025-01-08T02:03:00,47.124,71.172,1.221,0.407,4.888,LoRaWAN,smart_meter
2025-01-09T07:40:00,2915.853,38.879,4.947,132.737,1.0403,HTTPS,camera
2025-01-09T01:52:00,694.875,33.815,7.009,43.857,0.5946,CoAP,camera
2025-01-09T02:01:00,79.182,18.18,1.346,0.05,0.4829,MQTT,env_sensor
2025-01-09T06:06:00,510.728,56.362,6.581,103.041,0.0381,HTTPS,camera
2025-01-09T02:26:00,66.975,32.981,3.221,0.05,1.55,MQTT,env_sensor
2025-01-08T12:34:00,40.363,217.853,1.544,0.904,4.4233,LoRaWAN,smart_meter
2025-01-08T04:25:00,127.881,19.48,4.375,11.959,0.2929,MQTT,actuator
2025-01-08T20:58:00,28.123,229.433,2.433,0.05,3.7886,LoRaWAN,smart_meter
2025-01-08T01:37:00,32.142,194.309,2.467,0.737,3.4657,LoRaWAN,smart_meter
2025-01-08T13:56:00,1688.611,71.946,0.353,67.339,1.0105,HTTPS,camera
2025-01-08T00:51:00,137.093,21.368,4.448,8.745,1.9732,MQTT,actuator
2025-01-08T07:03:00,22.18,371.05,2.247,0.05,6.2195,LoRaWAN,smart_meter
2025-01-09T00:23:00,28.186,172.784,1.88,0.05,5.403,LoRaWAN,smart_meter
2025-01-09T00:13:00,1306.226,52.912,15.347,65.172,1.6225,HTTPS,gateway
2025-01-09T03:54:00,119.393,9.081,6.529,11.196,0.0,MQTT,actuator
2025-01-08T16:13:00,2435.295,93.761,6.207,159.464,0.1164,HTTPS,camera
2025-01-08T16:39:00,48.144,18.569,1.657,7.179,3.6146,MQTT,env_sensor
2025-01-08T05:43:00,8.0,189.043,3.721,0.169,6.0352,LoRaWAN,smart_meter
2025-01-09T02:47:00,27.451,182.808,2.936,0.23,1.7632,LoRaWAN,smart_meter
2025-01-08T02:03:00,1514.517,101.32,7.534,43.422,0.5572,HTTPS,camera
2025-01-08T18:16:00,1073.038,24.121,9.354,38.914,0.158,HTTPS,gateway
2025-01-08T09:19:00,23.173,138.255,0.34,0.207,2.6226,LoRaWAN,smart_meter
2025-01-08T03:14:00,2036.31,19.327,3.181,173.033,0.6532,HTTPS,camera
2025-01-08T11:58:00,57.591,17.879,0.596,3.034,3.063,MQTT,env_sensor
2025-01-08T01:57:00,85.283,18.716,8.296,4.297,0.0,MQTT,actuator
2025-01-09T05:08:00,584.542,51.914,3.585,10.805,0.3521,HTTPS,gateway
2025-01-08T20:28:00,17.485,191.627,3.809,0.836,4.7676,LoRaWAN,smart_meter
2025-01-09T06:34:00,740.463,67.293,3.142,47.815,2.4778,CoAP,gateway
2025-01-09T15:08:00,899.134,40.124,2.873,54.356,1.0111,HTTPS,camera
2025-01-09T06:55:00,1714.965,27.394,1.344,114.215,0.0,HTTPS,camera
2025-01-09T07:34:00,124.8,15.582,5.973,9.94,0.9199,MQTT,actuator
2025-01-09T13:13:00,31.214,150.062,1.96,0.656,0.3454,LoRaWAN,smart_meter
2025-01-09T07:01:00,24.166,98.624,0.602,0.523,5.1838,LoRaWAN,smart_meter
2025-01-08T09:55:00,23.15,218.482,1.595,0.949,1.9698,LoRaWAN,smart_meter
2025-01-09T12:10:00,2170.751,68.783,4.679,78.598,0.8431,HTTPS,camera
2025-01-09T13:45:00,157.827,25.928,1.589,8.199,0.0,MQTT,actuator
2025-01-08T11:43:00,29.005,310.398,1.445,0.779,3.1303,LoRaWAN,smart_meter
2025-01-09T14:44:00,91.791,16.644,0.899,3.572,0.7917,MQTT,env_sensor
2025-01-09T01:20:00,863.188,31.201,5.472,135.875,2.0445,CoAP,gateway
2025-01-09T15:35:00,2010.699,60.964,4.396,189.305,0.5963,HTTPS,camera
2025-01-08T20:50:00,71.341,33.987,2.274,6.012,0.38,MQTT,env_sensor
2025-01-08T01:17:00,81.418,32.283,4.106,5.12,1.207,MQTT,actuator
2025-01-08T17:53:00,101.635,29.431,4.877,10.778,1.2739,MQTT,actuator
2025-01-08T12:30:00,25.419,277.931,1.115,0.718,2.5306,LoRaWAN,smart_meter
2025-01-08T09:13:00,1201.218,43.923,7.934,0.05,1.8008,CoAP,gateway
2025-01-08T21:22:00,1831.886,27.498,4.474,143.747,0.6438,HTTPS,camera
2025-01-09T00:16:00,113.243,34.436,8.441,6.001,1.489,MQTT,env_sensor
2025-01-09T15:44:00,60.632,15.951,2.415,3.566,0.9667,MQTT,env_sensor
2025-01-08T13:54:00,94.394,24.27,10.414,5.463,0.1967,MQTT,actuator
2025-01-09T13:28:00,85.6,17.505,7.721,6.512,1.0851,CoAP,actuator
2025-01-09T06:31:00,1813.429,27.835,7.172,163.406,0.7113,HTTPS,camera
2025-01-09T06:32:00,32.436,264.936,3.737,1.023,5.2036,MQTT,smart_meter
2025-01-09T07:25:00,63.858,29.568,2.018,0.884,2.778,MQTT,env_sensor
2025-01-08T10:32:00,2367.464,35.332,4.624,168.096,0.6374,HTTPS,camera
2025-01-08T07:39:00,97.554,21.756,2.043,6.153,1.5996,MQTT,actuator
2025-01-09T05:15:00,2004.419,27.051,6.891,100.148,0.6591,HTTPS,camera
2025-01-08T02:02:00,108.246,9.386,8.287,10.73,1.3872,MQTT,actuator
2025-01-08T11:36:00,1316.625,18.687,14.102,47.136,0.2986,HTTPS,gateway
2025-01-09T15:54:00,47.557,35.842,1.683,1.925,1.9771,MQTT,env_sensor
2025-01-09T12:57:00,493.427,64.464,0.1,247.715,1.1096,MQTT,camera
2025-01-08T04:39:00,20.193,235.279,0.336,0.307,3.6306,LoRaWAN,smart_meter
2025-01-08T23:39:00,13.317,142.435,1.495,0.337,3.6325,LoRaWAN,smart_meter
2025-01-09T15:30:00,18.053,171.437,2.748,0.315,6.0609,LoRaWAN,smart_meter
2025-01-09T09:30:00,960.376,56.903,12.588,34.757,0.6495,HTTPS,gateway
2025-01-08T16:49:00,144.015,25.413,6.301,7.465,0.3927,MQTT,actuator
2025-01-09T01:37:00,1480.978,64.487,8.577,97.37,0.0,HTTPS,camera
2025-01-08T10:49:00,125.843,25.107,5.622,14.141,0.9105,MQTT,actuator
2025-01-09T12:16:00,1024.916,61.946,2.301,135.701,0.0,HTTPS,camera
2025-01-08T22:08:00,90.14,25.314,0.271,8.009,1.667,MQTT,actuator
2025-01-08T16:45:00,25.353,212.272,0.1,0.124,0.0,LoRaWAN,smart_meter
2025-01-08T13:00:00,1041.258,43.116,8.591,73.045,0.5717,HTTPS,gateway
2025-01-08T16:14:00,119.683,8.527,6.17,10.106,0.9652,MQTT,actuator
2025-01-08T04:42:00,54.276,13.774,7.284,11.693,1.4338,MQTT,env_sensor
2025-01-08T13:31:00,19.128,170.931,3.536,0.319,5.6524,LoRaWAN,smart_meter
2025-01-08T23:11:00,880.032,23.947,6.727,128.948,1.7633,CoAP,gateway
2025-01-08T18:32:00,66.553,39.674,6.104,9.829,1.2171,CoAP,actuator
2025-01-08T04:37:00,30.402,258.36,0.218,0.207,2.1362,LoRaWAN,smart_meter
2025-01-08T08:01:00,678.626,39.906,0.1,56.158,2.7586,HTTPS,gateway
2025-01-09T13:21:00,37.579,124.939,1.251,0.136,2.3711,LoRaWAN,smart_meter
2025-01-08T11:50:00,113.024,23.815,4.739,4.069,1.959,MQTT,actuator
2025-01-08T22:21:00,38.525,168.943,1.717,0.327,2.7827,LoRaWAN,smart_meter
2025-01-09T11:30:00,21.801,152.055,0.262,1.297,7.0441,MQTT,smart_meter
2025-01-09T01:07:00,33.448,158.928,2.503,0.655,7.1221,LoRaWAN,smart_meter
2025-01-08T17:26:00,834.569,58.525,4.363,87.962,0.0,HTTPS,camera
2025-01-08T00:26:00,2074.121,32.764,5.33,19.055,0.4479,HTTPS,camera
2025-01-08T10:31:00,79.181,19.176,5.622,4.813,1.9122,MQTT,env_sensor
2025-01-08T02:38:00,1649.104,45.953,6.018,74.01,0.4884,HTTPS,gateway
2025-01-09T12:24:00,44.749,212.604,1.649,0.252,3.7876,LoRaWAN,smart_meter
2025-01-08T16:07:00,1629.904,7.06,5.646,0.05,1.8192,MQTT,gateway
2025-01-08T09:08:00,31.777,39.474,2.817,6.393,0.4416,MQTT,env_sensor
2025-01-09T06:41:00,847.761,86.691,2.15,150.288,0.3354,HTTPS,camera
2025-01-08T23:46:00,46.937,165.392,0.1,0.85,0.5024,LoRaWAN,smart_meter
2025-01-08T21:26:00,22.18,119.337,2.554,0.291,1.3855,LoRaWAN,smart_meter
2025-01-08T15:50:00,49.068,38.115,1.921,5.46,0.4987,HTTPS,env_sensor
2025-01-08T19:09:00,1556.753,1.0,2.224,57.033,0.5843,HTTPS,camera
2025-01-08T06:04:00,105.41,18.865,2.463,5.013,1.455,MQTT,actuator
2025-01-09T06:17:00,16.166,215.711,0.1,0.272,2.9753,LoRaWAN,smart_meter
2025-01-08T01:47:00,50.965,12.324,2.926,7.13,0.2759,MQTT,env_sensor
2025-01-09T12:25:00,838.691,82.731,10.55,202.619,0.5465,HTTPS,camera
2025-01-09T08:12:00,86.553,14.515,3.35,7.31,0.9034,MQTT,env_sensor
2025-01-09T15:05:00,343.895,63.223,1.734,138.112,1.1741,HTTPS,camera
2025-01-09T06:30:00,1273.89,51.912,14.821,14.548,1.1013,CoAP,gateway
2025-01-08T02:17:00,20.419,174.562,3.289,0.609,1.3236,LoRaWAN,smart_meter
2025-01-08T08:21:00,117.794,19.226,8.7,2.841,0.6357,MQTT,actuator
2025-01-08T06:26:00,2119.877,47.926,5.343,136.427,0.5879,HTTPS,camera
2025-01-08T12:58:00,26.811,168.975,1.658,0.893,5.9668,LoRaWAN,smart_meter
2025-01-09T16:09:00,86.252,15.423,1.801,11.04,1.5588,MQTT,actuator
2025-01-08T02:27:00,89.26,24.335,10.191,9.756,0.7225,MQTT,actuator
2025-01-08T07:10:00,8.0,41.287,7.555,8.852,1.6802,CoAP,gateway
2025-01-08T14:43:00,47.524,25.754,0.978,5.09,0.0,MQTT,env_sensor
2025-01-08T04:45:00,36.136,183.739,2.65,0.05,4.0182,LoRaWAN,smart_meter
2025-01-08T03:18:00,3116.629,62.699,7.596,105.057,1.0768,HTTPS,camera
2025-01-08T07:07:00,1207.327,24.581,3.415,17.891,1.7399,MQTT,gateway
2025-01-08T15:13:00,69.159,32.791,5.081,7.603,2.4554,CoAP,env_sensor
2025-01-08T20:09:00,144.21,35.149,4.636,8.169,0.9189,MQTT,actuator
2025-01-07T23:38:00,117.273,34.11,1.784,1.417,1.8265,MQTT,env_sensor
2025-01-09T01:35:00,30.636,151.533,1.378,0.681,0.0,LoRaWAN,smart_meter
2025-01-08T02:15:00,1065.924,37.355,1.064,63.186,1.7599,HTTPS,camera
2025-01-09T14:51:00,26.69,207.077,1.253,0.292,0.0,LoRaWAN,smart_meter
2025-01-09T03:53:00,23.32,267.234,0.814,0.05,0.9339,LoRaWAN,smart_meter
2025-01-08T04:31:00,1218.526,19.139,9.346,49.379,0.8729,HTTPS,gateway
2025-01-08T14:01:00,36.353,142.291,3.468,0.532,4.9991,LoRaWAN,smart_meter
2025-01-09T15:12:00,21.603,89.847,3.868,0.848,4.6327,MQTT,smart_meter
2025-01-09T07:21:00,20.388,182.472,2.806,0.727,0.1829,LoRaWAN,smart_meter
2025-01-09T11:20:00,99.741,27.217,5.029,9.192,0.0,MQTT,actuator
2025-01-09T05:10:00,91.563,10.292,3.279,4.322,1.1428,MQTT,env_sensor
2025-01-09T10:46:00,805.918,40.897,8.982,104.113,0.1725,HTTPS,gateway
2025-01-09T11:09:00,1811.982,61.568,3.507,194.068,0.7927,HTTPS,camera
2025-01-07T23:49:00,53.349,27.59,3.799,7.792,0.2094,MQTT,env_sensor
2025-01-08T06:28:00,21.301,94.1,2.822,0.49,1.0158,MQTT,smart_meter
2025-01-08T20:03:00,99.97,14.349,3.88,3.137,1.5471,MQTT,actuator
2025-01-09T05:43:00,49.595,19.382,0.1,4.841,2.6024,MQTT,env_sensor
2025-01-09T06:46:00,104.651,30.88,0.925,4.055,0.8179,MQTT,env_sensor
2025-01-09T07:13:00,2560.835,43.374,12.532,0.05,0.5398,HTTPS,gateway
2025-01-09T13:06:00,65.816,26.912,6.012,2.055,1.2904,CoAP,env_sensor
2025-01-09T07:13:00,16.643,226.547,1.421,0.12,2.5783,MQTT,smart_meter
2025-01-09T12:33:00,30.673,183.053,2.23,0.758,2.2764,LoRaWAN,smart_meter
2025-01-09T09:41:00,63.466,10.649,4.484,2.069,1.415,MQTT,actuator
2025-01-08T03:39:00,146.506,18.778,4.184,13.437,0.0,MQTT,actuator
2025-01-08T08:24:00,28.037,123.591,3.901,1.092,2.2779,MQTT,smart_meter
2025-01-08T11:41:00,67.681,10.334,0.484,0.05,0.2036,MQTT,env_sensor
2025-01-09T10:40:00,825.708,39.856,4.158,138.513,0.9324,HTTPS,camera
2025-01-08T13:19:00,132.648,13.5,10.924,3.17,0.9746,MQTT,actuator
2025-01-08T10:04:00,104.306,14.973,0.771,5.064,1.7243,MQTT,actuator
2025-01-08T23:46:00,130.071,27.757,5.626,7.469,1.1912,CoAP,actuator
2025-01-08T23:03:00,117.981,19.325,3.479,2.383,0.0,MQTT,env_sensor
2025-01-08T15:18:00,18.694,30.91,4.279,2.391,1.6077,MQTT,env_sensor
2025-01-08T08:03:00,342.373,37.564,8.288,16.799,0.0,CoAP,gateway
2025-01-09T13:16:00,28.138,209.593,0.887,0.05,3.0308,LoRaWAN,smart_meter
2025-01-09T13:12:00,601.007,84.134,18.826,76.249,1.7681,CoAP,gateway
2025-01-08T17:00:00,72.511,13.16,5.568,0.05,2.9164,MQTT,env_sensor
2025-01-08T10:51:00,83.134,1.0,2.471,3.623,1.8106,MQTT,env_sensor
2025-01-09T01:07:00,1907.545,71.337,4.644,70.326,0.2916,HTTPS,camera
2025-01-07T23:18:00,36.835,200.935,2.54,0.57,2.0799,LoRaWAN,smart_meter
2025-01-08T12:06:00,835.953,61.558,8.555,71.601,0.9897,HTTPS,gateway
2025-01-09T03:18:00,26.038,246.07,4.54,0.754,2.1516,LoRaWAN,smart_meter
2025-01-08T22:19:00,67.34,25.263,2.242,12.388,0.1992,MQTT,env_sensor
2025-01-09T07:05:00,1099.479,21.805,7.055,127.71,0.716,HTTPS,gateway
2025-01-09T01:44:00,92.035,10.725,2.204,6.448,1.2095,MQTT,actuator
2025-01-08T22:21:00,249.225,28.903,3.612,27.99,1.2638,MQTT,gateway
2025-01-08T03:19:00,39.935,12.057,4.857,4.847,1.3805,MQTT,env_sensor
2025-01-09T12:28:00,995.718,36.805,7.455,74.122,1.0082,CoAP,gateway
2025-01-09T05:34:00,64.031,29.439,5.51,1.892,1.6067,CoAP,env_sensor
2025-01-09T10:21:00,72.83,29.555,3.939,3.813,1.4459,MQTT,env_sensor
2025-01-08T05:44:00,23.569,64.862,8.622,129.362,1.0849,MQTT,gateway
2025-01-07T23:25:00,117.945,16.84,6.939,7.328,0.9318,MQTT,actuator
2025-01-08T15:30:00,21.563,158.29,1.178,0.63,7.8636,LoRaWAN,smart_meter
2025-01-09T07:42:00,806.364,61.72,4.289,140.737,0.3586,HTTPS,camera
2025-01-08T22:35:00,1373.234,55.683,9.387,75.772,0.7813,HTTPS,gateway
2025-01-09T14:56:00,27.703,206.44,2.235,0.626,2.0621,LoRaWAN,smart_meter
2025-01-07T22:56:00,133.98,21.132,4.147,14.489,0.656,MQTT,actuator
2025-01-08T16:42:00,8.0,31.371,4.293,4.018,0.8934,MQTT,env_sensor
2025-01-09T01:17:00,84.942,1.0,1.345,3.082,0.5572,MQTT,env_sensor
2025-01-08T10:33:00,1237.062,47.883,0.1,71.097,1.085,HTTPS,camera
2025-01-08T13:23:00,821.629,19.389,0.1,0.05,1.9147,MQTT,gateway
2025-01-08T14:53:00,947.207,22.668,4.46,157.024,0.0461,HTTPS,camera
2025-01-08T10:19:00,2418.293,64.271,0.1,154.923,0.0,HTTPS,camera
2025-01-09T07:29:00,1663.378,56.988,12.578,14.322,0.0,HTTPS,gateway
2025-01-08T15:51:00,105.015,18.407,4.508,4.825,1.3415,MQTT,env_sensor
2025-01-09T02:49:00,20.723,107.668,3.665,0.747,1.7403,LoRaWAN,smart_meter
2025-01-09T14:54:00,133.834,11.29,2.914,5.314,0.355,MQTT,actuator
2025-01-09T02:58:00,1202.152,49.696,5.969,167.02,1.0474,HTTPS,camera
2025-01-09T09:07:00,1695.008,74.953,3.99,214.152,0.6057,HTTPS,camera
2025-01-09T07:50:00,26.038,240.764,3.585,0.223,5.7621,LoRaWAN,smart_meter
2025-01-08T15:59:00,103.996,17.602,7.23,12.602,0.4791,MQTT,actuator
2025-01-09T00:25:00,31.198,175.135,2.208,0.49,0.0,LoRaWAN,smart_meter
2025-01-09T10:01:00,123.047,1.0,0.557,1.18,0.8121,MQTT,actuator
2025-01-08T21:20:00,1799.909,75.91,0.1,114.675,0.73,HTTPS,camera
2025-01-08T22:43:00,29.826,179.802,3.724,0.139,1.1992,LoRaWAN,smart_meter
2025-01-09T12:33:00,1817.142,56.527,9.033,98.193,0.6911,HTTPS,gateway
2025-01-08T02:00:00,33.811,156.426,3.24,0.05,7.1505,LoRaWAN,smart_meter
2025-01-09T08:38:00,34.341,157.292,0.1,1.05,0.0,MQTT,smart_meter
2025-01-08T13:14:00,558.765,24.111,1.412,79.1,1.4578,MQTT,gateway
2025-01-09T08:51:00,41.959,301.128,1.71,0.97,4.9445,LoRaWAN,smart_meter
2025-01-09T14:11:00,166.921,20.393,6.355,11.732,0.3043,MQTT,actuator
2025-01-08T08:10:00,143.463,5.138,4.624,0.05,2.4911,MQTT,actuator
2025-01-08T15:54:00,124.833,8.784,4.902,5.122,0.0752,MQTT,actuator
2025-01-09T13:59:00,87.545,20.24,1.995,2.824,1.472,MQTT,env_sensor
2025-01-09T08:45:00,1682.127,118.911,4.056,5.841,0.519,HTTPS,camera
2025-01-09T16:09:00,827.139,73.543,8.58,66.988,0.533,CoAP,camera
2025-01-08T05:30:00,1433.843,74.467,2.967,120.511,0.727,HTTPS,camera
2025-01-08T12:34:00,118.955,21.679,8.688,2.186,1.0848,MQTT,actuator
2025-01-08T03:20:00,27.903,214.925,0.207,0.334,3.3004,LoRaWAN,smart_meter
2025-01-09T10:58:00,96.735,12.626,6.293,8.353,0.3212,MQTT,actuator
2025-01-08T20:30:00,610.6,46.451,4.098,80.448,0.0,HTTPS,gateway
2025-01-08T09:42:00,357.626,78.631,10.256,104.287,2.1832,CoAP,gateway
2025-01-09T09:33:00,769.227,74.142,7.049,76.591,0.2097,HTTPS,gateway
2025-01-08T08:27:00,2743.117,58.944,5.242,95.094,0.7302,HTTPS,camera
2025-01-09T07:46:00,1292.428,24.854,10.666,84.481,1.5924,MQTT,gateway
2025-01-09T07:28:00,57.621,44.393,3.808,6.738,2.6168,MQTT,env_sensor
2025-01-08T15:01:00,32.567,21.528,5.829,3.676,0.9557,MQTT,env_sensor
2025-01-08T10:11:00,90.457,23.289,6.0,0.05,0.6063,MQTT,env_sensor
2025-01-09T14:44:00,1169.381,17.002,9.62,58.896,0.1825,HTTPS,gateway
2025-01-08T06:11:00,2634.819,59.384,8.049,43.956,1.2298,HTTPS,camera
2025-01-09T16:04:00,56.295,19.758,1.178,3.18,0.0,MQTT,env_sensor
2025-01-08T20:49:00,62.41,25.188,3.845,1.738,0.9524,MQTT,env_sensor
2025-01-09T11:01:00,27.203,218.717,1.422,0.05,3.0648,LoRaWAN,smart_meter
2025-01-09T10:29:00,107.261,25.656,3.758,1.275,1.9832,MQTT,env_sensor
2025-01-08T11:51:00,329.243,66.636,7.154,200.971,0.6328,HTTPS,camera
2025-01-08T00:10:00,2033.838,31.892,6.78,156.024,0.3886,HTTPS,camera
2025-01-09T03:32:00,1345.786,81.568,4.92,119.973,0.2992,HTTPS,camera
2025-01-08T12:59:00,28.898,127.685,0.79,0.191,6.3944,LoRaWAN,smart_meter
2025-01-08T04:40:00,1171.571,75.704,0.1,24.791,1.6922,HTTPS,gateway
2025-01-09T12:38:00,516.776,44.227,4.725,59.34,1.5255,MQTT,gateway
2025-01-08T16:00:00,618.609,95.294,12.676,36.296,0.3762,CoAP,gateway
2025-01-09T06:23:00,32.417,232.703,0.84,0.05,0.0,LoRaWAN,smart_meter
2025-01-09T13:30:00,32.457,229.41,1.224,0.492,3.6222,LoRaWAN,smart_meter
2025-01-08T04:09:00,116.329,3.751,6.629,6.632,1.2712,MQTT,actuator
2025-01-09T09:27:00,1914.387,49.149,2.587,72.018,1.5097,HTTPS,camera
2025-01-08T05:57:00,8.0,17.506,3.019,0.05,0.0,LoRaWAN,env_sensor
2025-01-09T07:10:00,2923.466,26.986,4.853,262.263,0.629,HTTPS,camera
2025-01-09T12:42:00,1640.124,27.121,0.738,15.084,1.2242,MQTT,camera
2025-01-08T06:44:00,100.837,18.837,1.687,3.122,1.4124,MQTT,env_sensor
2025-01-09T07:05:00,96.668,12.439,3.306,9.919,0.0,MQTT,actuator
2025-01-08T13:02:00,101.152,11.913,7.063,13.748,0.9542,MQTT,actuator
2025-01-08T00:49:00,122.914,10.294,3.466,15.056,0.1887,MQTT,actuator
2025-01-08T23:10:00,29.139,223.627,3.889,0.739,1.3135,LoRaWAN,smart_meter
2025-01-08T13:20:00,78.928,1.0,2.269,1.224,0.4415,MQTT,env_sensor
2025-01-09T04:42:00,129.142,26.59,1.813,8.801,0.2838,MQTT,actuator
2025-01-09T00:10:00,73.769,44.314,1.179,1.929,1.0379,MQTT,env_sensor
2025-01-09T15:18:00,584.673,45.702,5.669,129.99,0.2932,CoAP,camera
2025-01-08T02:18:00,2272.733,68.29,2.687,49.244,0.9797,HTTPS,camera
2025-01-09T03:53:00,87.135,18.483,8.553,6.287,0.6601,MQTT,actuator
2025-01-08T21:09:00,132.637,26.631,8.188,11.936,0.5838,MQTT,actuator
2025-01-08T01:01:00,1065.887,10.499,8.781,110.155,2.3427,CoAP,gateway
2025-01-09T03:05:00,8.0,30.669,0.1,111.931,2.0395,MQTT,gateway
2025-01-08T06:35:00,35.215,20.33,4.668,1.624,0.7686,MQTT,env_sensor
2025-01-09T13:47:00,127.542,19.288,7.745,9.396,0.5378,CoAP,actuator
2025-01-08T10:31:00,1385.897,47.609,0.39,122.535,0.2315,HTTPS,camera
2025-01-08T11:52:00,65.104,1.0,0.615,3.649,3.5332,MQTT,env_sensor
2025-01-08T09:24:00,88.954,13.184,8.397,14.157,0.6133,MQTT,actuator
2025-01-08T19:04:00,85.456,5.574,11.682,8.211,1.9081,MQTT,actuator
2025-01-09T06:17:00,619.938,100.383,3.375,39.872,1.44,MQTT,camera
2025-01-08T19:03:00,723.116,42.917,7.584,96.931,1.6579,CoAP,gateway
2025-01-09T03:56:00,943.559,22.147,11.667,100.166,0.9307,CoAP,gateway
2025-01-08T22:52:00,1089.436,53.224,8.061,93.847,2.2217,HTTPS,gateway
2025-01-08T00:18:00,15.635,132.438,0.1,0.525,6.4397,LoRaWAN,smart_meter
2025-01-09T13:37:00,99.571,24.372,0.646,5.313,0.4832,MQTT,env_sensor
2025-01-08T15:04:00,52.133,29.087,5.821,0.521,0.8977,CoAP,env_sensor
2025-01-08T20:52:00,26.742,41.337,4.272,5.561,0.5811,MQTT,env_sensor
2025-01-08T01:07:00,112.913,21.254,7.06,7.86,0.9166,MQTT,actuator
2025-01-09T14:25:00,1583.232,48.673,12.132,36.122,1.6277,HTTPS,gateway
2025-01-09T14:07:00,90.306,23.169,4.372,4.694,1.9028,MQTT,env_sensor
2025-01-08T03:35:00,66.268,66.089,6.04,3.022,0.91,CoAP,env_sensor
2025-01-09T04:37:00,68.425,31.424,2.868,2.802,1.1717,MQTT,env_sensor
2025-01-08T01:06:00,72.335,21.848,2.352,10.873,1.1213,MQTT,env_sensor
2025-01-08T18:21:00,1110.662,40.218,4.212,88.976,0.6305,HTTPS,camera
2025-01-08T17:20:00,133.09,29.342,7.892,9.199,0.6322,MQTT,actuator
2025-01-08T16:12:00,139.326,25.942,6.114,0.584,1.4306,MQTT,actuator
2025-01-08T07:29:00,754.656,61.12,7.892,66.153,0.4608,HTTPS,camera
2025-01-09T15:12:00,1702.006,35.569,6.606,172.545,0.467,HTTPS,camera
2025-01-09T01:21:00,851.278,38.925,2.078,89.674,1.5043,HTTPS,camera
2025-01-08T05:02:00,18.424,279.772,0.604,0.525,4.429,LoRaWAN,smart_meter
2025-01-09T08:13:00,2907.829,53.023,8.421,121.734,1.0342,HTTPS,camera
2025-01-08T16:15:00,1000.181,45.094,6.062,108.967,0.6141,HTTPS,camera
2025-01-08T12:32:00,151.874,15.804,11.884,9.0,0.9859,MQTT,actuator
2025-01-09T03:03:00,82.612,31.223,0.329,4.739,1.8649,MQTT,env_sensor
2025-01-08T12:21:00,58.167,27.196,8.094,4.191,0.4157,CoAP,actuator
2025-01-08T18:33:00,1870.461,81.593,2.294,150.49,0.0,HTTPS,camera
2025-01-08T15:03:00,8.0,46.748,4.583,65.872,0.6577,HTTPS,camera
2025-01-09T02:41:00,48.119,9.857,2.119,5.428,1.2115,MQTT,env_sensor
2025-01-08T07:35:00,362.058,65.665,3.805,123.535,0.091,HTTPS,gateway
2025-01-09T04:56:00,79.806,7.156,2.501,4.542,1.6278,MQTT,env_sensor
2025-01-09T00:34:00,140.991,3.667,4.306,7.256,1.2236,MQTT,actuator
2025-01-09T02:57:00,1604.458,21.604,9.979,96.507,0.0,HTTPS,gateway
2025-01-08T13:10:00,946.226,44.175,3.044,112.053,1.6105,HTTPS,camera
2025-01-08T07:25:00,13.843,173.091,2.656,0.397,4.6953,LoRaWAN,smart_meter
2025-01-08T22:18:00,2766.165,70.466,0.1,221.136,1.4354,HTTPS,camera
2025-01-09T16:08:00,35.479,145.977,0.583,0.336,5.973,LoRaWAN,smart_meter
2025-01-08T01:41:00,25.807,236.034,0.784,0.667,8.3078,LoRaWAN,smart_meter
2025-01-07T23:42:00,825.944,38.154,11.095,44.961,0.5718,CoAP,gateway
2025-01-09T08:37:00,106.749,16.031,2.162,2.69,0.0,MQTT,env_sensor
2025-01-09T14:53:00,1620.648,85.673,6.284,227.93,0.6641,HTTPS,camera
2025-01-09T15:13:00,95.096,25.882,2.658,3.279,1.526,MQTT,env_sensor
2025-01-09T06:20:00,1998.138,58.551,4.029,169.311,0.9231,HTTPS,camera
2025-01-08T03:51:00,25.857,210.388,2.346,0.589,4.0943,LoRaWAN,smart_meter
2025-01-08T22:31:00,61.825,9.908,5.656,0.426,1.58,MQTT,env_sensor
2025-01-09T10:42:00,120.502,16.231,7.032,6.599,1.3859,MQTT,actuator
2025-01-09T14:12:00,68.246,44.314,1.771,2.306,2.6967,MQTT,env_sensor
2025-01-08T13:13:00,71.911,11.927,1.45,4.516,1.6789,MQTT,env_sensor
2025-01-09T15:29:00,71.518,26.924,3.417,0.05,1.0462,MQTT,env_sensor
2025-01-09T06:31:00,814.326,29.045,6.468,60.748,2.233,CoAP,gateway
2025-01-09T11:27:00,2476.7,37.114,9.4,92.251,0.9104,HTTPS,camera
2025-01-08T13:14:00,930.174,28.914,5.063,53.032,0.0869,HTTPS,camera
2025-01-09T00:45:00,92.278,15.489,7.567,12.741,1.3572,MQTT,actuator
2025-01-09T01:11:00,507.386,31.768,4.971,7.109,1.7866,MQTT,gateway
2025-01-09T13:36:00,40.474,279.571,1.616,0.396,4.4243,LoRaWAN,smart_meter
2025-01-09T15:35:00,1063.849,25.141,3.89,162.908,0.0,HTTPS,gateway
2025-01-08T01:49:00,121.034,17.293,8.916,4.388,1.715,CoAP,actuator
2025-01-08T05:14:00,87.724,35.178,4.001,3.278,1.7432,MQTT,env_sensor
2025-01-08T21:31:00,160.97,15.328,9.754,6.935,0.0,MQTT,actuator
2025-01-08T11:38:00,2510.143,68.691,2.999,202.334,1.7137,HTTPS,camera
2025-01-08T14:02:00,26.891,170.873,1.65,0.449,2.441,LoRaWAN,smart_meter
2025-01-08T21:52:00,1819.606,62.017,9.166,178.417,0.752,HTTPS,camera
2025-01-08T20:15:00,27.907,249.966,0.1,0.33,7.1999,LoRaWAN,smart_meter
2025-01-09T01:12:00,128.327,2.79,3.012,6.556,0.6473,MQTT,actuator
2025-01-09T05:53:00,118.401,24.324,5.506,14.146,0.1939,MQTT,actuator
2025-01-08T19:55:00,91.975,28.091,6.746,11.833,0.8747,CoAP,actuator
2025-01-08T21:07:00,32.474,31.35,3.515,0.05,1.3863,MQTT,env_sensor
2025-01-09T06:30:00,69.884,28.277,4.999,0.3,0.8092,MQTT,env_sensor
2025-01-08T03:28:00,36.226,144.044,0.505,0.448,2.4472,LoRaWAN,smart_meter
2025-01-08T17:47:00,2235.648,1.0,5.534,101.038,0.0277,HTTPS,camera
2025-01-09T10:00:00,34.085,147.333,1.137,0.545,2.2652,LoRaWAN,smart_meter
2025-01-09T13:28:00,96.603,36.596,1.741,8.624,0.843,MQTT,env_sensor
2025-01-09T04:32:00,1571.071,30.724,3.752,82.117,1.4049,HTTPS,gateway
2025-01-08T04:29:00,1741.394,62.811,2.519,93.488,0.1278,HTTPS,camera
2025-01-09T01:54:00,107.531,35.132,4.027,8.243,1.215,MQTT,actuator
2025-01-09T12:32:00,105.261,31.193,0.1,0.05,2.2034,MQTT,env_sensor
2025-01-08T13:11:00,1359.39,3.312,12.531,56.682,1.1766,CoAP,gateway
2025-01-09T14:38:00,31.968,145.584,5.112,0.782,5.8805,LoRaWAN,smart_meter
2025-01-08T21:15:00,1332.273,63.363,3.221,166.027,0.7172,HTTPS,camera
2025-01-07T22:58:00,94.999,1.0,2.567,4.7,0.7889,MQTT,actuator
2025-01-08T02:30:00,100.354,38.903,5.502,3.035,2.392,MQTT,env_sensor
2025-01-09T02:38:00,89.932,25.196,7.808,17.651,1.6782,MQTT,actuator
2025-01-08T00:33:00,102.541,15.849,7.084,12.111,0.5637,CoAP,actuator
2025-01-08T04:27:00,1053.009,76.605,15.145,50.408,0.6947,HTTPS,gateway
2025-01-08T04:55:00,35.906,8.23,6.377,4.461,0.7993,MQTT,env_sensor
2025-01-09T06:02:00,411.173,60.312,13.894,34.563,2.7748,CoAP,gateway
2025-01-08T19:59:00,717.391,36.646,3.621,123.64,0.8368,HTTPS,camera
2025-01-09T03:24:00,1548.581,75.968,3.411,132.031,0.0,HTTPS,camera
2025-01-08T19:15:00,1622.503,70.413,4.266,164.012,0.0,HTTPS,camera
2025-01-08T23:43:00,2302.972,61.552,8.684,35.683,0.9424,HTTPS,gateway
2025-01-09T01:48:00,344.286,35.938,7.654,77.621,2.3468,CoAP,gateway
2025-01-08T05:16:00,42.389,15.689,4.738,5.714,2.2913,MQTT,env_sensor
2025-01-08T11:13:00,64.314,32.95,2.544,2.197,0.7286,MQTT,env_sensor
2025-01-09T03:40:00,1440.115,56.454,3.925,5.776,0.0,HTTPS,camera
2025-01-09T07:25:00,2270.188,65.51,2.398,127.773,0.841,HTTPS,camera
2025-01-09T13:19:00,82.27,59.245,6.055,3.48,0.0,MQTT,env_sensor
2025-01-08T03:00:00,21.637,172.511,5.069,0.919,4.2258,LoRaWAN,smart_meter
2025-01-08T13:33:00,294.068,34.622,7.403,174.022,1.4299,CoAP,camera
2025-01-08T17:43:00,708.038,36.874,0.1,80.722,1.4858,HTTPS,gateway
2025-01-08T02:16:00,93.481,19.597,7.018,7.445,1.0172,MQTT,actuator
2025-01-08T08:02:00,107.488,16.164,3.343,0.325,1.8025,MQTT,actuator
2025-01-08T07:46:00,128.1,34.676,5.591,7.566,1.0197,MQTT,actuator
2025-01-07T23:01:00,896.604,33.317,11.927,125.093,0.2587,HTTPS,gateway
2025-01-09T13:53:00,1100.925,81.048,5.133,29.462,0.2203,HTTPS,gateway
2025-01-08T08:26:00,87.301,29.178,1.706,4.149,0.6777,MQTT,env_sensor
2025-01-08T08:18:00,1834.548,46.331,9.974,9.147,0.7406,HTTPS,camera
2025-01-08T04:36:00,114.825,31.418,3.888,4.698,1.5503,MQTT,env_sensor
2025-01-09T06:17:00,1553.055,43.797,6.289,36.894,2.0611,CoAP,gateway
2025-01-08T04:28:00,32.058,148.598,2.539,0.578,4.817,LoRaWAN,smart_meter
2025-01-08T06:33:00,35.592,151.651,2.585,0.537,3.3591,LoRaWAN,smart_meter
2025-01-08T18:37:00,68.43,19.45,2.233,0.05,0.1815,MQTT,env_sensor
2025-01-07T23:25:00,27.918,114.689,1.273,0.901,1.0507,LoRaWAN,smart_meter
2025-01-08T13:15:00,26.076,150.484,1.114,0.73,5.6715,LoRaWAN,smart_meter
2025-01-08T14:07:00,107.813,27.1,4.883,4.198,1.7688,MQTT,env_sensor
2025-01-08T04:17:00,27.176,163.699,0.1,0.194,3.8492,LoRaWAN,smart_meter
2025-01-09T13:26:00,485.999,33.465,8.199,92.512,0.4673,HTTPS,gateway
2025-01-09T05:25:00,1879.73,51.693,4.699,191.229,0.0,HTTPS,camera
2025-01-08T14:33:00,31.043,141.922,1.148,0.05,1.2318,LoRaWAN,smart_meter
2025-01-09T01:42:00,24.186,142.647,0.1,0.38,4.2145,LoRaWAN,smart_meter
2025-01-08T18:00:00,97.419,23.794,5.902,12.04,0.4541,MQTT,actuator
2025-01-09T15:38:00,33.89,220.285,2.471,0.284,5.6675,LoRaWAN,smart_meter
2025-01-08T11:13:00,612.153,74.475,6.546,139.049,0.5137,HTTPS,camera
2025-01-08T15:11:00,130.24,16.361,5.043,4.143,0.4179,CoAP,env_sensor
2025-01-09T00:56:00,49.141,15.913,0.1,0.05,1.2185,MQTT,env_sensor
2025-01-08T16:28:00,3234.915,45.013,4.386,57.236,0.6564,HTTPS,camera
2025-01-08T05:59:00,86.131,34.418,2.44,2.227,1.615,MQTT,env_sensor
2025-01-09T05:20:00,19.371,58.279,0.1,0.08,1.7898,MQTT,smart_meter
2025-01-08T02:39:00,64.667,24.327,2.845,0.847,1.8298,MQTT,env_sensor
2025-01-08T21:50:00,1319.783,37.785,0.1,39.883,1.3938,HTTPS,gateway
2025-01-09T02:07:00,27.229,146.364,1.961,0.869,2.7616,LoRaWAN,smart_meter
2025-01-08T07:58:00,87.314,1.0,5.736,1.425,1.4199,CoAP,env_sensor
2025-01-08T02:19:00,784.818,82.338,6.553,130.377,0.5352,HTTPS,camera
2025-01-08T01:27:00,1881.599,117.797,4.276,60.013,0.0,HTTPS,camera
2025-01-08T20:14:00,101.529,7.093,4.811,12.986,1.1077,MQTT,actuator
2025-01-09T03:57:00,103.194,23.883,7.632,6.009,1.4844,MQTT,actuator
2025-01-08T13:39:00,26.192,271.849,1.594,0.245,5.1929,LoRaWAN,smart_meter
2025-01-09T08:38:00,651.744,27.167,2.451,96.297,0.4979,HTTPS,gateway
2025-01-08T10:18:00,1159.218,22.312,6.423,192.772,0.4659,HTTPS,camera
2025-01-09T00:04:00,31.107,91.82,1.847,0.287,2.5152,MQTT,smart_meter
2025-01-09T05:37:00,14.981,52.509,2.946,0.364,4.3832,MQTT,smart_meter
2025-01-08T19:20:00,2125.286,103.191,0.1,54.559,0.0398,HTTPS,camera
2025-01-08T03:08:00,1586.617,63.093,5.577,154.972,0.8274,HTTPS,camera
2025-01-08T13:46:00,26.857,96.482,2.99,0.561,0.8313,LoRaWAN,smart_meter
2025-01-09T06:40:00,1311.707,86.864,2.34,69.428,1.6125,HTTPS,gateway
2025-01-08T13:11:00,33.751,153.839,2.372,0.472,4.3766,LoRaWAN,smart_meter
2025-01-09T08:35:00,103.148,23.932,2.004,5.514,1.6813,MQTT,env_sensor
2025-01-08T09:40:00,1857.513,88.06,0.1,98.408,0.7286,HTTPS,camera
2025-01-08T01:54:00,109.644,8.746,9.489,3.506,0.7018,MQTT,actuator
2025-01-09T12:06:00,290.88,54.358,9.888,102.763,1.2162,CoAP,gateway
2025-01-09T03:08:00,100.95,18.11,7.598,10.16,0.7776,MQTT,actuator
2025-01-07T22:42:00,64.523,3.852,0.1,9.326,1.0476,MQTT,actuator
2025-01-08T06:19:00,138.137,13.919,5.573,12.364,0.0,MQTT,actuator
2025-01-08T13:15:00,1336.764,5.966,4.425,67.153,0.0,HTTPS,gateway
2025-01-08T18:58:00,53.127,18.652,4.048,3.712,0.0,MQTT,actuator
2025-01-08T17:36:00,967.617,41.985,9.303,74.568,0.0022,HTTPS,gateway
2025-01-08T19:15:00,103.616,4.654,9.037,11.132,0.0,MQTT,actuator
2025-01-08T04:19:00,125.877,18.123,9.735,15.924,1.0623,CoAP,actuator
2025-01-08T22:10:00,23.568,159.393,2.774,0.534,0.0,LoRaWAN,smart_meter
2025-01-08T23:20:00,92.796,17.007,10.24,8.006,0.9926,CoAP,actuator
2025-01-09T12:37:00,58.285,11.981,3.359,5.391,1.6865,MQTT,env_sensor
2025-01-08T17:03:00,29.972,129.793,0.871,0.554,6.8934,LoRaWAN,smart_meter
2025-01-08T13:34:00,547.882,48.129,15.781,93.688,1.5195,CoAP,gateway
2025-01-08T21:54:00,1970.613,126.935,0.1,150.391,0.5016,HTTPS,camera
2025-01-07T23:40:00,87.338,12.456,3.896,6.088,1.905,MQTT,env_sensor
2025-01-08T02:41:00,683.367,49.147,10.493,25.309,0.8811,CoAP,gateway
2025-01-09T12:18:00,100.857,28.226,5.652,7.195,0.5118,MQTT,env_sensor
2025-01-09T00:08:00,909.732,29.32,1.336,27.391,0.7824,MQTT,gateway
2025-01-08T16:37:00,45.545,16.458,1.664,3.079,0.8012,MQTT,env_sensor
2025-01-08T09:05:00,8.0,25.509,10.624,51.232,2.2863,MQTT,gateway
2025-01-08T14:59:00,951.152,58.437,7.338,35.912,0.0,CoAP,gateway
2025-01-08T01:01:00,37.589,17.68,2.261,4.535,0.0,MQTT,env_sensor
2025-01-08T04:30:00,96.653,21.318,11.772,12.878,1.1549,MQTT,actuator
2025-01-08T19:53:00,2274.256,40.017,3.16,43.541,0.7172,HTTPS,camera
2025-01-09T08:06:00,236.646,10.511,8.655,0.05,1.4657,MQTT,gateway
2025-01-08T01:48:00,750.579,22.58,11.927,31.818,1.3466,CoAP,gateway
2025-01-09T09:59:00,110.853,20.793,11.175,6.603,1.2791,CoAP,actuator
2025-01-09T02:34:00,25.022,200.752,2.974,1.002,7.2585,MQTT,smart_meter
2025-01-09T06:28:00,2140.762,62.066,3.812,21.433,1.0,HTTPS,camera
2025-01-09T03:11:00,41.379,9.304,6.796,8.303,0.077,MQTT,actuator
2025-01-08T08:05:00,1200.951,73.762,7.088,100.977,0.6819,HTTPS,gateway
2025-01-08T03:54:00,102.688,23.028,0.1,8.187,0.0,MQTT,env_sensor
2025-01-09T10:09:00,713.105,1.0,1.072,37.771,0.0,HTTPS,gateway
2025-01-09T05:04:00,150.491,18.653,6.053,12.154,0.9116,CoAP,actuator
2025-01-08T15:23:00,54.219,20.134,1.534,12.552,0.5916,MQTT,actuator
2025-01-08T18:47:00,70.887,25.64,3.476,1.824,0.5106,MQTT,env_sensor
2025-01-08T05:20:00,106.63,15.297,5.232,6.865,0.2956,CoAP,env_sensor
2025-01-08T19:59:00,90.088,13.231,9.715,11.005,1.3776,MQTT,actuator
2025-01-09T11:10:00,1138.918,79.355,12.101,69.305,1.7954,HTTPS,gateway
2025-01-08T17:54:00,27.453,146.184,0.1,0.561,2.1058,LoRaWAN,smart_meter
2025-01-08T01:09:00,1070.048,72.17,2.376,0.05,0.2571,HTTPS,gateway
2025-01-09T03:33:00,63.808,39.256,4.044,7.119,0.5336,MQTT,env_sensor
2025-01-09T06:09:00,132.997,20.211,4.303,7.684,1.5055,MQTT,actuator
2025-01-09T09:52:00,2315.779,31.65,0.1,161.356,0.546,HTTPS,camera
2025-01-08T07:12:00,525.587,67.817,10.109,101.058,0.86,HTTPS,gateway
2025-01-09T01:34:00,583.741,31.794,1.965,42.192,0.9181,HTTPS,gateway
2025-01-09T01:05:00,790.519,28.013,13.214,47.772,1.179,CoAP,gateway
2025-01-08T19:01:00,601.766,10.144,12.366,0.05,1.6528,CoAP,gateway
2025-01-08T05:51:00,108.201,22.97,4.546,15.992,0.0849,MQTT,actuator
2025-01-09T14:41:00,1147.174,74.952,12.493,42.78,2.7651,HTTPS,gateway
2025-01-08T12:15:00,101.942,31.07,12.086,7.027,0.0,MQTT,actuator
2025-01-08T17:25:00,22.227,172.027,0.501,0.337,1.4563,LoRaWAN,smart_meter
2025-01-09T10:40:00,115.539,53.544,3.742,3.525,2.6613,MQTT,env_sensor
2025-01-08T16:04:00,91.393,33.633,1.355,3.819,1.7536,MQTT,env_sensor
2025-01-08T05:28:00,31.787,33.168,2.166,2.667,0.5278,MQTT,env_sensor
2025-01-08T11:06:00,103.602,27.517,3.565,8.637,0.5566,MQTT,actuator
2025-01-08T04:42:00,130.194,31.438,3.395,13.822,1.5552,MQTT,actuator
2025-01-08T21:00:00,2423.262,50.094,0.1,167.577,0.5461,HTTPS,camera
2025-01-09T06:13:00,11.288,164.129,3.193,0.148,3.4957,LoRaWAN,smart_meter
2025-01-09T15:09:00,621.286,41.279,13.179,88.757,0.0,HTTPS,gateway
2025-01-08T00:54:00,1114.646,47.169,3.035,44.854,0.8011,HTTPS,gateway
2025-01-08T19:09:00,73.708,22.904,5.31,12.659,0.7914,MQTT,actuator
2025-01-08T04:06:00,144.918,21.181,5.876,3.04,0.2268,MQTT,actuator
2025-01-08T03:16:00,16.829,147.018,2.863,0.05,0.276,LoRaWAN,smart_meter
2025-01-09T12:11:00,2302.525,75.647,5.36,45.789,0.8524,HTTPS,camera
2025-01-09T06:26:00,517.926,28.708,15.852,51.979,0.0,HTTPS,gateway
2025-01-09T14:01:00,996.19,38.706,9.302,96.902,1.7277,CoAP,camera
2025-01-09T00:10:00,128.73,23.335,0.1,5.544,1.4576,MQTT,actuator
2025-01-07T23:06:00,1336.327,85.161,5.758,176.416,0.5777,HTTPS,camera
2025-01-08T02:02:00,28.057,207.12,1.897,0.655,3.9047,LoRaWAN,smart_meter
2025-01-09T14:40:00,145.622,18.473,6.26,6.271,1.3728,CoAP,actuator
2025-01-09T10:25:00,2327.632,95.363,5.239,137.753,0.6021,HTTPS,camera
2025-01-08T23:54:00,1328.599,41.868,3.936,33.361,2.4156,HTTPS,gateway
2025-01-08T09:12:00,69.307,24.855,2.524,7.981,3.0442,MQTT,env_sensor
2025-01-09T04:03:00,2847.783,76.521,9.455,0.417,1.6897,CoAP,camera
2025-01-09T13:31:00,107.881,25.343,4.923,11.523,0.0496,MQTT,actuator
2025-01-08T00:39:00,21.495,241.661,0.1,0.248,2.3558,LoRaWAN,smart_meter
2025-01-08T08:08:00,77.168,5.249,2.661,0.05,1.7784,MQTT,env_sensor
2025-01-08T09:44:00,802.715,21.188,7.623,50.612,1.4111,CoAP,gateway
2025-01-09T12:37:00,1938.678,22.469,5.711,0.05,0.0,HTTPS,camera
2025-01-08T13:41:00,40.242,11.606,2.629,5.387,3.3918,MQTT,env_sensor
2025-01-09T11:52:00,12.568,212.767,2.339,0.491,3.4736,LoRaWAN,smart_meter
2025-01-09T12:03:00,154.569,21.32,6.174,4.429,0.0,MQTT,actuator
2025-01-08T10:46:00,943.741,55.713,19.64,13.951,0.0,CoAP,gateway
2025-01-08T16:18:00,869.059,65.278,0.714,216.884,0.7487,HTTPS,camera
2025-01-09T08:49:00,53.814,38.887,5.234,1.533,0.2569,CoAP,env_sensor
2025-01-08T14:51:00,503.956,34.44,10.819,82.951,1.542,CoAP,gateway
2025-01-08T01:57:00,8.0,49.997,11.662,98.66,0.7669,HTTPS,gateway
2025-01-09T06:03:00,673.32,69.508,1.398,14.998,0.0,HTTPS,gateway
2025-01-08T20:49:00,21.103,217.645,3.376,0.05,1.5392,MQTT,smart_meter
2025-01-08T06:25:00,1036.538,63.128,3.183,105.708,0.9269,HTTPS,camera
2025-01-08T17:05:00,1524.027,40.788,4.718,113.797,1.4518,HTTPS,gateway
2025-01-09T09:05:00,74.823,25.4,3.53,6.902,1.0456,MQTT,actuator
2025-01-08T21:41:00,59.391,18.396,7.271,4.258,2.601,MQTT,env_sensor
2025-01-07T23:02:00,131.693,15.374,5.02,6.35,0.0,MQTT,actuator
2025-01-09T04:01:00,1448.428,87.252,5.885,63.303,0.6504,HTTPS,camera
2025-01-08T23:58:00,677.265,57.908,12.827,30.34,0.725,CoAP,gateway
2025-01-09T11:47:00,21.662,80.995,1.71,0.277,4.9031,MQTT,smart_meter
2025-01-09T10:26:00,823.971,58.236,6.969,169.942,0.6018,HTTPS,camera
2025-01-08T14:04:00,25.096,178.673,1.342,0.205,3.4313,LoRaWAN,smart_meter
2025-01-08T06:03:00,44.276,17.134,2.759,5.704,0.0,MQTT,env_sensor
2025-01-08T22:47:00,71.229,8.788,5.44,2.821,1.4913,MQTT,actuator
2025-01-08T02:29:00,88.965,12.405,5.192,1.934,0.165,MQTT,actuator
2025-01-08T02:11:00,52.352,26.88,3.056,2.525,1.1739,MQTT,env_sensor
2025-01-09T10:27:00,28.735,165.411,1.889,0.265,4.2594,LoRaWAN,smart_meter
2025-01-08T08:44:00,33.549,122.925,1.719,0.944,0.0,LoRaWAN,smart_meter
2025-01-08T15:44:00,46.441,200.706,2.373,0.274,3.8835,LoRaWAN,smart_meter
2025-01-07T23:36:00,1514.443,58.103,4.318,36.754,0.1686,HTTPS,camera
2025-01-08T05:49:00,1492.068,93.647,7.113,136.349,1.2973,HTTPS,camera
2025-01-08T07:52:00,1119.034,39.676,0.1,126.44,0.9013,HTTPS,camera
2025-01-08T12:00:00,44.306,37.559,0.812,4.733,1.3309,MQTT,env_sensor
2025-01-08T18:38:00,2181.684,73.783,1.383,128.37,0.9275,HTTPS,camera
2025-01-08T18:43:00,91.393,17.354,5.889,7.344,1.7044,MQTT,actuator
2025-01-08T22:15:00,2100.716,56.638,4.061,136.685,0.206,HTTPS,camera
2025-01-08T16:11:00,3381.222,75.385,0.1,111.619,0.7087,HTTPS,camera
2025-01-08T23:59:00,33.595,109.998,4.277,0.072,3.7632,LoRaWAN,smart_meter
2025-01-08T03:31:00,29.292,179.699,0.1,0.05,0.0,LoRaWAN,smart_meter
2025-01-09T03:50:00,1575.589,56.723,7.174,188.086,0.2316,HTTPS,camera
2025-01-09T14:35:00,1745.028,47.607,8.002,131.221,0.3643,HTTPS,camera
2025-01-09T04:41:00,92.392,39.221,3.147,2.426,1.7846,CoAP,env_sensor
2025-01-09T15:16:00,957.372,53.981,6.784,81.196,1.2736,CoAP,gateway
2025-01-08T04:35:00,111.83,26.493,5.198,10.826,1.0366,MQTT,actuator
2025-01-09T14:35:00,31.734,19.606,2.131,0.05,0.8023,MQTT,env_sensor
2025-01-08T10:40:00,2140.449,72.03,0.783,106.943,0.0362,HTTPS,camera
2025-01-09T03:25:00,125.301,22.726,3.776,4.676,0.6908,MQTT,actuator
2025-01-09T00:59:00,128.732,16.374,2.529,0.05,0.506,MQTT,actuator
2025-01-08T03:47:00,84.921,27.714,1.54,4.877,1.6525,MQTT,env_sensor
2025-01-08T05:19:00,23.0,149.773,2.866,0.14,0.0,LoRaWAN,smart_meter
2025-01-09T05:30:00,1912.596,51.76,4.759,199.25,0.3007,HTTPS,camera
2025-01-08T11:19:00,98.642,26.49,3.051,1.405,1.0872,MQTT,env_sensor
2025-01-08T06:42:00,49.529,17.698,6.783,4.188,1.6196,MQTT,env_sensor
2025-01-08T21:06:00,2302.647,106.074,1.18,152.38,0.8387,HTTPS,camera
2025-01-08T17:26:00,30.741,268.417,1.15,1.019,4.4091,MQTT,smart_meter
2025-01-08T09:26:00,921.314,87.751,7.589,77.623,0.0,HTTPS,gateway
2025-01-08T02:40:00,140.671,6.312,8.985,3.326,0.5882,CoAP,actuator
2025-01-09T13:59:00,8.0,58.027,11.993,0.05,1.2516,CoAP,gateway
2025-01-09T00:46:00,1245.583,32.31,0.1,206.997,0.5675,HTTPS,camera
2025-01-09T11:35:00,943.873,54.334,18.518,133.425,0.8315,HTTPS,gateway
2025-01-09T02:32:00,62.668,17.411,6.565,10.16,1.7635,MQTT,actuator
2025-01-09T14:57:00,976.89,99.412,6.466,131.477,0.486,HTTPS,camera
2025-01-09T06:01:00,974.849,65.88,10.693,84.538,0.0659,HTTPS,camera
2025-01-08T12:11:00,112.773,14.132,1.765,5.782,0.4314,MQTT,actuator
2025-01-08T20:25:00,18.369,179.697,2.194,0.222,0.2283,LoRaWAN,smart_meter
2025-01-09T05:24:00,94.217,24.622,8.871,0.848,1.5047,MQTT,actuator
2025-01-09T05:19:00,96.46,23.728,7.971,6.443,1.29,MQTT,actuator
2025-01-08T07:40:00,952.271,22.52,5.296,148.385,1.5024,CoAP,camera
2025-01-09T04:51:00,69.362,15.496,1.171,6.887,0.1609,MQTT,env_sensor
2025-01-09T04:16:00,101.945,15.457,0.1,5.981,0.539,MQTT,env_sensor
2025-01-09T15:14:00,118.515,1.0,0.1,11.836,0.5681,MQTT,actuator
2025-01-09T12:12:00,2081.759,27.82,0.426,87.257,0.6903,HTTPS,camera
2025-01-08T12:53:00,98.148,13.901,7.287,8.853,1.6596,MQTT,actuator
2025-01-09T16:08:00,1222.906,37.141,4.567,56.556,0.9775,HTTPS,gateway
2025-01-09T14:06:00,347.54,26.983,12.528,61.948,2.254,CoAP,gateway
2025-01-09T10:01:00,78.452,19.266,4.013,1.765,2.0285,MQTT,env_sensor
2025-01-08T08:56:00,42.468,87.983,1.749,0.05,3.7681,MQTT,smart_meter
2025-01-08T22:08:00,90.684,64.26,0.1,5.961,3.6269,MQTT,env_sensor
2025-01-09T11:25:00,1770.244,28.488,4.286,98.186,0.0,HTTPS,camera
2025-01-09T09:21:00,23.113,210.566,0.706,0.05,2.0583,LoRaWAN,smart_meter
2025-01-08T09:56:00,24.648,258.135,3.391,0.68,0.1622,LoRaWAN,smart_meter
2025-01-09T11:18:00,1592.713,45.816,4.964,65.856,0.4523,HTTPS,camera
2025-01-08T04:18:00,22.844,4.137,10.151,6.328,0.6477,CoAP,actuator
2025-01-09T11:05:00,2480.396,16.385,1.734,0.05,0.4948,HTTPS,camera
2025-01-09T12:02:00,124.96,22.282,8.43,14.152,0.6402,MQTT,actuator
2025-01-08T18:11:00,68.227,48.845,2.565,2.649,1.0655,MQTT,env_sensor
2025-01-08T17:09:00,299.43,48.874,8.434,135.878,1.2783,CoAP,gateway
2025-01-08T21:16:00,73.925,28.819,3.859,9.266,0.0,MQTT,env_sensor
2025-01-08T19:14:00,24.658,217.575,1.694,0.285,3.877,LoRaWAN,smart_meter
2025-01-08T09:52:00,1273.625,47.795,2.679,121.025,0.4354,HTTPS,camera
2025-01-09T03:12:00,2641.613,61.009,6.841,68.378,0.6301,HTTPS,camera
2025-01-08T02:59:00,463.458,91.447,7.057,57.764,1.6819,CoAP,gateway
2025-01-09T10:56:00,139.28,18.681,0.1,8.568,0.1761,MQTT,actuator
2025-01-09T05:28:00,1895.28,75.379,2.333,113.78,0.8475,HTTPS,camera
2025-01-08T19:53:00,21.29,206.852,5.069,0.255,1.1214,LoRaWAN,smart_meter
2025-01-08T14:19:00,65.444,24.842,6.094,7.176,2.3427,MQTT,env_sensor
2025-01-09T07:35:00,33.159,113.847,3.711,0.296,6.8764,LoRaWAN,smart_meter
2025-01-08T13:49:00,94.847,28.015,4.801,3.675,1.6653,MQTT,env_sensor
2025-01-09T01:46:00,37.624,17.371,3.631,4.327,0.2351,MQTT,env_sensor
2025-01-08T02:22:00,40.188,52.636,1.215,6.174,2.2404,MQTT,env_sensor
2025-01-08T07:01:00,1043.392,42.618,1.841,56.192,0.0,HTTPS,camera
2025-01-09T10:05:00,79.666,19.286,0.894,3.523,0.0,MQTT,env_sensor
2025-01-08T03:09:00,114.275,1.0,4.183,2.969,1.1727,MQTT,env_sensor
2025-01-08T12:54:00,90.344,25.053,2.084,5.919,0.5576,MQTT,env_sensor
2025-01-09T13:44:00,77.001,43.511,2.338,7.286,0.7845,MQTT,env_sensor
2025-01-09T11:39:00,124.659,21.225,2.866,5.93,0.0,MQTT,env_sensor
2025-01-08T07:52:00,20.185,137.876,3.564,0.05,3.5453,LoRaWAN,smart_meter
2025-01-08T03:05:00,105.458,13.681,10.473,11.477,0.7637,MQTT,actuator
2025-01-09T05:40:00,46.148,15.575,2.134,0.05,0.0404,MQTT,env_sensor
2025-01-09T07:06:00,1470.893,54.702,1.692,0.05,0.0,HTTPS,camera
2025-01-09T01:09:00,14.76,200.063,0.977,0.945,1.5135,LoRaWAN,smart_meter
2025-01-08T08:50:00,1778.902,69.295,1.633,129.003,0.3646,HTTPS,camera
2025-01-08T18:06:00,1404.247,30.381,3.859,79.795,0.5775,HTTPS,gateway
2025-01-08T08:06:00,32.745,144.892,0.1,0.451,1.1104,LoRaWAN,smart_meter
2025-01-08T05:26:00,28.855,184.627,1.492,0.455,2.8689,LoRaWAN,smart_meter
2025-01-08T13:18:00,122.065,19.32,8.538,4.412,0.0,MQTT,actuator
2025-01-08T04:48:00,563.829,21.198,2.905,32.884,1.0809,MQTT,gateway
2025-01-08T20:24:00,1372.735,41.485,16.908,109.803,1.104,CoAP,gateway
2025-01-08T17:04:00,34.299,159.053,2.105,0.884,0.0,LoRaWAN,smart_meter
2025-01-08T18:54:00,2029.034,85.471,6.13,8.297,0.5636,HTTPS,gateway
2025-01-09T14:13:00,42.989,25.81,6.399,4.626,1.9369,MQTT,env_sensor
2025-01-09T15:24:00,2914.177,87.403,6.045,198.033,0.9482,HTTPS,camera
2025-01-08T23:33:00,822.656,47.509,9.849,68.38,1.399,CoAP,gateway
2025-01-07T22:41:00,135.253,10.16,6.231,5.524,0.0,MQTT,actuator
2025-01-09T15:20:00,104.964,8.508,6.787,7.373,0.0,MQTT,actuator
2025-01-08T07:22:00,1075.563,26.318,3.616,95.719,0.8279,HTTPS,gateway
2025-01-09T07:53:00,71.911,16.671,3.509,3.336,0.0772,MQTT,env_sensor
2025-01-09T00:07:00,788.518,56.052,11.989,48.532,1.8701,CoAP,gateway
2025-01-08T08:56:00,39.444,16.358,3.186,8.733,1.7374,MQTT,actuator
2025-01-09T14:45:00,131.768,19.531,11.474,6.887,1.1457,MQTT,actuator
2025-01-08T08:07:00,23.306,179.371,0.304,0.779,4.1856,LoRaWAN,smart_meter
2025-01-09T05:02:00,42.059,207.069,3.396,0.846,4.8204,LoRaWAN,smart_meter
2025-01-09T09:00:00,396.444,72.491,3.593,71.586,0.9086,HTTPS,camera
2025-01-08T09:26:00,121.442,25.042,6.111,6.668,0.0464,MQTT,actuator
2025-01-08T03:45:00,157.402,12.901,6.966,6.064,0.6786,MQTT,actuator
2025-01-09T16:13:00,967.179,90.526,5.728,216.909,0.1505,HTTPS,camera
2025-01-08T21:22:00,816.916,30.816,14.287,79.328,1.3527,CoAP,gateway
2025-01-08T00:23:00,47.318,13.066,3.14,5.453,1.6739,MQTT,env_sensor
2025-01-08T12:12:00,71.217,26.56,0.1,0.05,2.3919,MQTT,env_sensor
2025-01-08T06:00:00,66.976,36.663,0.1,7.036,0.5405,MQTT,env_sensor
2025-01-09T12:08:00,1599.174,19.524,5.903,245.843,0.6663,HTTPS,camera
2025-01-09T01:57:00,564.618,21.334,13.719,124.69,0.7359,HTTPS,gateway
2025-01-08T07:35:00,25.353,145.962,0.15,0.72,4.1303,LoRaWAN,smart_meter
2025-01-08T20:56:00,98.999,20.37,1.034,2.258,1.2486,MQTT,env_sensor
2025-01-08T02:45:00,128.201,13.838,1.239,6.276,1.6703,MQTT,actuator
2025-01-09T03:48:00,17.014,236.843,1.366,0.138,1.7158,LoRaWAN,smart_meter
2025-01-08T01:20:00,121.047,12.056,3.638,13.963,0.0,MQTT,actuator
2025-01-09T11:05:00,30.17,143.144,4.208,0.61,5.512,LoRaWAN,smart_meter
2025-01-08T11:41:00,2181.482,69.363,3.852,116.5,0.9102,HTTPS,camera
2025-01-08T01:45:00,21.018,207.932,3.476,0.05,3.9172,LoRaWAN,smart_meter
2025-01-09T05:00:00,1854.374,27.947,6.144,227.991,0.9003,HTTPS,camera
2025-01-09T05:31:00,2751.248,75.979,0.1,111.357,0.6145,HTTPS,camera
2025-01-08T12:49:00,547.768,26.552,11.225,78.069,1.5069,CoAP,gateway
2025-01-08T13:46:00,78.813,22.803,1.577,0.975,0.6756,MQTT,env_sensor
2025-01-08T18:25:00,19.456,131.54,2.483,0.468,2.3392,LoRaWAN,smart_meter
2025-01-08T00:09:00,125.794,23.17,6.127,7.658,0.8562,CoAP,actuator
2025-01-08T10:23:00,2372.087,52.954,5.101,166.003,0.6449,HTTPS,camera
2025-01-09T04:37:00,21.466,109.797,0.1,0.352,2.151,LoRaWAN,smart_meter
2025-01-07T22:45:00,54.88,24.302,1.105,3.165,1.9024,MQTT,env_sensor
2025-01-09T15:48:00,39.196,23.963,3.995,8.678,0.8302,MQTT,env_sensor
2025-01-08T14:11:00,12.121,28.803,0.1,4.507,1.7599,MQTT,env_sensor
2025-01-08T09:23:00,637.11,77.997,8.078,84.026,0.4273,HTTPS,gateway
2025-01-09T08:40:00,81.016,23.188,3.23,3.33,1.2845,MQTT,actuator
2025-01-08T11:54:00,48.881,27.517,4.414,3.493,0.3336,MQTT,actuator
2025-01-08T02:07:00,104.283,9.128,6.808,7.692,0.39,CoAP,actuator
2025-01-08T03:12:00,31.965,261.35,1.084,0.38,0.0,LoRaWAN,smart_meter
2025-01-08T14:54:00,59.397,30.717,3.169,4.044,1.5817,MQTT,env_sensor
2025-01-08T18:44:00,987.69,47.059,0.1,2.06,1.0381,CoAP,gateway
2025-01-09T00:52:00,16.818,144.732,3.565,0.05,3.1248,LoRaWAN,smart_meter
2025-01-08T05:03:00,22.551,276.897,1.539,0.43,2.4354,LoRaWAN,smart_meter
2025-01-08T14:57:00,113.629,24.405,6.881,7.174,0.8072,MQTT,actuator
2025-01-08T15:15:00,16.822,205.054,1.467,0.342,0.9232,LoRaWAN,smart_meter
2025-01-09T05:43:00,116.042,21.989,4.492,16.601,0.0208,MQTT,actuator
2025-01-08T23:41:00,39.985,222.228,3.856,0.379,2.085,LoRaWAN,smart_meter
2025-01-09T06:02:00,195.783,20.819,5.036,8.209,1.4709,MQTT,actuator
2025-01-08T06:27:00,1030.587,31.196,6.387,22.284,2.1186,CoAP,gateway
2025-01-09T07:15:00,32.086,217.456,2.072,0.402,0.0,LoRaWAN,smart_meter
2025-01-09T08:40:00,2111.591,56.611,0.1,4.932,1.1159,HTTPS,camera
2025-01-08T02:34:00,2137.203,64.822,4.703,97.886,0.9506,HTTPS,camera
2025-01-08T17:23:00,393.033,50.506,2.169,92.388,1.8599,MQTT,camera
2025-01-08T15:22:00,158.705,23.875,6.586,5.443,1.1931,CoAP,actuator
2025-01-07T22:46:00,101.377,1.032,1.867,8.573,3.007,MQTT,env_sensor
2025-01-09T12:44:00,59.138,26.82,2.11,1.626,1.371,MQTT,env_sensor
2025-01-08T01:34:00,1421.869,53.832,22.027,34.595,1.4303,CoAP,gateway
2025-01-08T05:17:00,28.966,183.783,3.676,0.749,3.6603,LoRaWAN,smart_meter
2025-01-08T03:14:00,29.409,86.745,1.442,0.648,4.4946,LoRaWAN,smart_meter
2025-01-08T15:37:00,64.68,20.091,5.941,10.374,0.6813,MQTT,actuator
2025-01-09T05:45:00,109.17,2.428,4.686,1.243,1.0935,MQTT,actuator
2025-01-09T09:07:00,61.398,19.73,5.006,5.54,1.6306,MQTT,actuator
2025-01-08T21:05:00,1916.341,113.24,2.63,129.292,0.7662,HTTPS,camera
2025-01-08T02:56:00,33.823,254.176,1.758,0.669,1.5007,LoRaWAN,smart_meter
2025-01-09T04:00:00,1028.733,27.147,3.55,124.676,0.7084,HTTPS,gateway
2025-01-08T03:36:00,40.68,206.578,1.146,0.644,2.5232,LoRaWAN,smart_meter
2025-01-09T15:31:00,93.181,33.421,5.202,2.801,1.3773,CoAP,env_sensor
2025-01-08T04:12:00,43.843,131.125,3.068,0.05,4.423,LoRaWAN,smart_meter
2025-01-09T07:43:00,2025.851,85.175,8.989,119.942,0.7939,HTTPS,camera
2025-01-08T08:59:00,64.174,29.733,0.817,0.05,3.7953,MQTT,env_sensor
2025-01-08T09:24:00,8.0,28.108,5.126,40.829,0.0,MQTT,gateway
2025-01-08T20:14:00,1069.229,37.644,13.651,22.413,0.6368,HTTPS,gateway
2025-01-08T16:28:00,49.688,30.947,0.1,0.05,1.4644,MQTT,env_sensor
2025-01-08T02:13:00,168.358,21.871,5.942,0.05,2.0609,MQTT,actuator
2025-01-09T14:04:00,622.079,39.529,11.297,80.948,1.1962,CoAP,gateway
2025-01-09T14:07:00,1569.06,45.999,1.672,151.735,0.2644,HTTPS,camera
2025-01-08T20:44:00,1297.925,32.832,12.957,91.576,0.6266,HTTPS,gateway
2025-01-09T12:25:00,552.917,39.691,1.456,66.847,0.0,HTTPS,gateway
2025-01-07T23:00:00,774.231,47.626,11.535,85.487,1.2645,CoAP,gateway
2025-01-08T17:13:00,11.875,237.659,0.623,0.564,2.9219,LoRaWAN,smart_meter
2025-01-09T05:05:00,1692.67,58.81,2.762,11.687,1.3224,HTTPS,camera
2025-01-09T14:00:00,576.62,74.795,7.953,24.698,0.7043,HTTPS,gateway
2025-01-09T09:39:00,76.874,32.99,2.774,3.114,2.6993,MQTT,env_sensor
2025-01-08T07:56:00,19.098,194.48,0.381,1.04,3.4596,MQTT,smart_meter
2025-01-09T07:50:00,610.722,57.128,13.74,101.175,0.8288,HTTPS,gateway
2025-01-08T11:56:00,1178.963,50.266,7.016,46.74,1.1641,CoAP,camera
2025-01-08T11:45:00,2408.673,60.22,2.235,75.089,0.8287,HTTPS,camera
2025-01-09T09:53:00,1386.725,91.77,3.417,33.735,0.0606,HTTPS,camera
2025-01-08T11:15:00,131.711,26.053,6.435,0.556,0.1306,MQTT,actuator
2025-01-09T12:45:00,36.543,232.909,2.467,0.548,5.734,LoRaWAN,smart_meter
2025-01-08T08:28:00,26.855,247.085,0.403,0.378,4.6391,LoRaWAN,smart_meter
2025-01-09T05:39:00,19.78,276.079,3.19,0.351,0.0,LoRaWAN,smart_meter
2025-01-08T17:44:00,30.597,177.816,1.573,0.315,0.0,LoRaWAN,smart_meter
2025-01-08T05:30:00,65.556,15.231,1.138,5.246,0.3826,MQTT,env_sensor
2025-01-08T10:14:00,24.783,131.123,3.822,0.587,6.7951,LoRaWAN,smart_meter
2025-01-08T12:14:00,100.024,16.141,12.427,5.031,0.8872,MQTT,actuator
2025-01-09T08:54:00,1209.029,30.823,6.263,165.507,1.0075,HTTPS,gateway
2025-01-08T23:57:00,62.853,30.535,2.003,4.399,1.3523,MQTT,env_sensor
2025-01-08T03:29:00,29.632,137.844,0.464,0.642,2.846,LoRaWAN,smart_meter
2025-01-08T18:24:00,149.487,5.94,5.186,9.189,1.481,MQTT,actuator
2025-01-08T23:46:00,788.287,68.229,6.56,56.257,0.053,HTTPS,gateway
2025-01-08T01:58:00,77.375,49.474,5.889,2.521,2.1886,CoAP,env_sensor
2025-01-09T04:18:00,1304.515,47.187,10.287,110.464,1.7284,CoAP,gateway
2025-01-08T01:43:00,1624.649,29.059,0.1,72.677,0.809,HTTPS,camera
2025-01-08T15:26:00,1823.9,40.684,3.154,93.01,0.0,HTTPS,camera
2025-01-09T07:01:00,1335.563,62.585,7.382,78.78,1.4128,HTTPS,gateway
2025-01-08T10:35:00,1113.895,56.09,0.502,103.28,1.0673,HTTPS,camera
2025-01-09T04:10:00,126.083,28.705,5.219,14.243,2.1564,MQTT,actuator
2025-01-08T22:27:00,39.717,212.8,2.412,0.542,3.1701,LoRaWAN,smart_meter
2025-01-08T23:53:00,127.958,18.658,7.903,6.981,0.8759,CoAP,actuator
2025-01-08T09:33:00,379.818,43.105,4.682,93.954,0.8478,HTTPS,gateway
2025-01-09T13:15:00,62.929,29.3,3.964,10.736,0.3428,MQTT,env_sensor
2025-01-09T08:54:00,35.297,228.082,1.247,0.407,4.2731,LoRaWAN,smart_meter
2025-01-07T23:51:00,38.554,1.0,0.985,3.552,0.0405,MQTT,env_sensor
2025-01-08T16:21:00,1694.139,58.279,1.015,42.563,1.1955,HTTPS,camera
2025-01-07T23:29:00,77.662,21.798,4.1,2.289,3.0842,MQTT,env_sensor
2025-01-09T08:39:00,1476.331,112.599,3.589,143.49,0.1515,HTTPS,camera
2025-01-08T17:20:00,965.757,41.167,16.708,55.346,2.1509,CoAP,gateway
2025-01-09T06:06:00,969.068,44.065,11.319,155.379,1.1403,CoAP,gateway
2025-01-09T08:46:00,29.996,109.401,4.089,0.094,5.7667,LoRaWAN,smart_meter
2025-01-08T07:29:00,24.222,74.34,0.1,103.586,1.9453,MQTT,gateway
2025-01-09T01:04:00,108.187,35.631,2.451,3.523,2.5354,MQTT,env_sensor
2025-01-08T02:24:00,987.867,55.543,7.596,60.151,0.1177,HTTPS,gateway
2025-01-09T01:48:00,37.086,228.182,0.1,0.684,0.1566,LoRaWAN,smart_meter
2025-01-09T10:54:00,53.246,37.337,3.879,6.907,2.0594,MQTT,env_sensor
2025-01-09T08:09:00,1025.963,30.425,19.205,0.05,3.2327,CoAP,gateway
2025-01-09T09:18:00,27.457,274.581,2.198,0.507,3.897,LoRaWAN,smart_meter
2025-01-09T04:16:00,80.31,22.374,3.844,8.29,0.6533,MQTT,actuator
2025-01-08T21:37:00,126.936,23.131,7.737,6.751,1.1122,CoAP,actuator
2025-01-08T12:22:00,93.402,12.797,0.271,0.05,1.853,MQTT,env_sensor
2025-01-08T14:05:00,963.497,5.301,10.837,65.63,1.5961,CoAP,gateway
2025-01-08T22:39:00,82.505,30.313,4.493,3.818,1.1784,MQTT,actuator
2025-01-09T12:02:00,223.319,40.469,7.411,48.898,1.2282,CoAP,gateway
2025-01-08T10:47:00,56.19,24.309,2.191,5.503,0.0,MQTT,env_sensor
2025-01-08T07:42:00,58.269,34.711,3.531,0.051,1.4397,MQTT,env_sensor
2025-01-09T06:53:00,58.795,14.952,6.71,2.825,0.0,MQTT,actuator
2025-01-09T07:20:00,117.117,14.547,6.48,6.925,0.4448,CoAP,actuator
2025-01-09T00:53:00,1927.751,66.238,1.903,59.143,0.5895,HTTPS,camera
2025-01-08T19:20:00,91.422,17.547,5.912,0.05,1.1573,MQTT,env_sensor
2025-01-07T23:58:00,123.698,29.45,6.466,9.485,0.1169,MQTT,actuator
2025-01-08T15:33:00,138.476,26.769,3.398,7.14,0.5917,MQTT,actuator
2025-01-09T14:39:00,106.202,15.013,4.271,2.775,1.8687,MQTT,env_sensor
2025-01-07T22:40:00,102.917,13.547,4.98,7.153,0.5497,MQTT,actuator
2025-01-09T09:25:00,106.233,8.693,3.316,5.242,0.9606,MQTT,env_sensor
2025-01-09T10:14:00,21.131,37.508,1.329,0.075,3.4843,MQTT,smart_meter
2025-01-08T16:41:00,1304.048,36.276,13.074,55.842,1.1403,HTTPS,gateway
2025-01-08T00:08:00,90.457,33.215,1.39,3.276,2.439,MQTT,env_sensor
2025-01-08T15:25:00,32.336,133.841,2.086,0.854,0.0,LoRaWAN,smart_meter
2025-01-08T00:47:00,1006.994,85.739,6.619,150.505,1.0678,CoAP,camera
2025-01-09T12:44:00,1931.64,81.024,2.602,242.993,1.0978,HTTPS,camera
2025-01-08T00:23:00,24.705,185.448,1.862,0.258,0.9279,LoRaWAN,smart_meter
2025-01-08T04:49:00,94.93,20.732,10.183,8.905,0.9821,MQTT,actuator
2025-01-08T05:06:00,1373.755,73.881,0.1,80.049,0.0,HTTPS,camera
2025-01-09T11:29:00,2640.608,46.188,0.1,174.842,0.5385,HTTPS,camera
2025-01-08T18:24:00,1172.186,25.069,0.1,109.024,0.7246,HTTPS,gateway
2025-01-08T04:44:00,49.987,10.499,2.594,4.144,0.6452,MQTT,env_sensor
2025-01-07T23:23:00,31.099,397.411,1.073,0.078,5.4264,LoRaWAN,smart_meter
2025-01-08T21:05:00,1483.258,43.103,12.116,80.723,1.9267,HTTPS,gateway
2025-01-08T15:47:00,106.312,21.527,4.184,11.271,0.8185,MQTT,actuator
2025-01-09T13:52:00,767.338,40.633,9.817,0.05,2.1447,CoAP,gateway
2025-01-09T01:26:00,94.813,25.868,5.742,4.335,0.0,MQTT,env_sensor
2025-01-08T05:58:00,30.086,29.191,0.1,3.942,0.9999,MQTT,env_sensor
2025-01-09T11:12:00,1818.524,72.778,5.124,153.777,0.7218,HTTPS,camera
2025-01-09T11:46:00,102.842,31.753,1.815,11.855,0.9482,MQTT,actuator
2025-01-09T08:17:00,2086.967,76.146,6.134,69.558,0.0,HTTPS,camera
2025-01-08T06:49:00,1649.633,51.331,0.1,55.979,1.0932,HTTPS,gateway
2025-01-09T10:39:00,8.994,139.737,3.395,0.36,0.0,LoRaWAN,smart_meter
2025-01-09T08:19:00,63.648,31.765,3.405,6.187,0.472,MQTT,env_sensor
2025-01-08T12:46:00,51.957,24.138,3.971,10.384,0.9872,MQTT,actuator
2025-01-08T22:50:00,1845.382,63.103,3.017,26.784,0.669,HTTPS,camera
2025-01-09T10:55:00,25.535,40.168,7.669,5.898,0.0,MQTT,env_sensor
2025-01-08T12:40:00,737.343,14.438,12.254,0.05,2.465,CoAP,gateway
2025-01-08T17:39:00,56.849,33.125,0.1,0.05,0.9156,MQTT,env_sensor
2025-01-08T07:33:00,1473.43,71.751,1.81,143.066,0.0,HTTPS,camera
2025-01-09T14:15:00,1229.521,102.354,8.097,90.819,0.9375,HTTPS,camera
2025-01-08T15:38:00,52.526,22.89,5.75,3.958,1.5185,MQTT,actuator
2025-01-08T12:23:00,102.129,30.518,1.389,4.426,2.45,MQTT,env_sensor
2025-01-08T08:29:00,124.868,17.024,4.368,7.523,1.9396,MQTT,actuator
2025-01-08T07:10:00,25.434,26.329,5.501,0.05,1.1521,CoAP,env_sensor
2025-01-09T09:32:00,122.426,15.723,9.73,4.627,1.003,MQTT,actuator
2025-01-08T17:23:00,74.092,25.427,5.507,1.739,1.1127,CoAP,env_sensor
2025-01-08T11:50:00,67.388,21.365,2.835,1.832,0.7378,MQTT,env_sensor
2025-01-08T22:52:00,132.545,16.333,0.284,13.913,1.1288,MQTT,actuator
2025-01-09T02:44:00,26.963,149.339,0.276,0.697,4.147,LoRaWAN,smart_meter
2025-01-08T21:32:00,2117.395,58.003,4.551,269.623,1.2001,HTTPS,camera
2025-01-08T12:03:00,1145.772,64.909,10.539,45.024,1.2096,CoAP,gateway
2025-01-08T23:47:00,30.286,165.295,0.1,0.571,0.7313,LoRaWAN,smart_meter
2025-01-08T10:19:00,939.039,45.27,17.415,42.324,0.6195,HTTPS,gateway
2025-01-08T22:10:00,1159.795,1.0,3.459,16.892,1.2296,MQTT,camera
2025-01-09T11:44:00,1646.853,51.126,4.099,42.746,1.4784,HTTPS,gateway
2025-01-09T07:11:00,91.402,26.914,1.028,6.525,0.4221,MQTT,env_sensor
2025-01-09T10:16:00,70.833,23.143,3.849,5.085,0.3593,MQTT,actuator
2025-01-08T21:41:00,227.274,61.193,12.825,141.285,2.454,CoAP,gateway
2025-01-08T09:29:00,1744.001,79.857,2.475,132.955,0.6804,HTTPS,camera
2025-01-08T04:55:00,68.334,36.097,0.1,3.164,0.978,MQTT,actuator
2025-01-08T18:41:00,78.275,8.085,4.096,6.698,3.122,MQTT,env_sensor
2025-01-08T16:12:00,1970.884,12.137,0.1,38.428,0.0,HTTPS,camera
2025-01-09T12:08:00,48.06,187.858,0.658,0.401,4.0681,LoRaWAN,smart_meter
2025-01-09T12:07:00,52.206,16.398,6.369,7.058,1.5801,MQTT,env_sensor
2025-01-08T06:03:00,29.619,196.26,1.099,0.378,2.4744,LoRaWAN,smart_meter
2025-01-09T11:52:00,1587.891,105.897,8.847,233.017,1.1597,HTTPS,camera
2025-01-09T10:30:00,2488.704,73.743,3.291,146.331,0.0275,HTTPS,camera
2025-01-09T09:04:00,117.21,6.724,6.246,2.841,1.9307,MQTT,actuator
2025-01-09T03:45:00,1543.328,80.25,2.994,159.894,0.7508,HTTPS,camera
2025-01-08T18:24:00,2625.463,16.805,0.292,97.153,1.9458,HTTPS,camera
2025-01-09T00:32:00,29.397,154.782,4.546,0.213,3.7652,LoRaWAN,smart_meter
2025-01-09T14:19:00,1958.08,62.221,10.307,66.339,0.4061,HTTPS,camera
2025-01-08T15:31:00,29.747,216.801,2.159,0.368,2.635,LoRaWAN,smart_meter
2025-01-08T01:54:00,41.673,31.023,4.386,7.603,1.2526,MQTT,env_sensor
2025-01-08T12:40:00,29.392,336.966,1.761,0.193,0.0,LoRaWAN,smart_meter
2025-01-08T21:28:00,79.161,21.886,2.376,3.249,2.7086,MQTT,env_sensor
2025-01-08T19:46:00,32.598,84.61,1.72,0.47,3.2936,MQTT,smart_meter
2025-01-08T14:18:00,141.074,19.73,2.882,8.612,0.9192,MQTT,actuator
2025-01-08T13:53:00,120.856,24.753,5.803,0.05,0.2223,MQTT,actuator
2025-01-08T20:24:00,112.541,28.12,7.403,11.016,1.0795,MQTT,actuator
2025-01-09T06:18:00,2118.487,68.974,9.069,125.822,0.5203,HTTPS,camera
2025-01-07T22:46:00,874.997,79.46,6.575,52.008,0.465,HTTPS,camera
2025-01-08T16:07:00,24.287,215.129,3.086,0.05,7.2681,LoRaWAN,smart_meter
2025-01-08T14:28:00,89.81,34.559,3.185,0.556,0.0,MQTT,env_sensor
2025-01-08T08:17:00,883.585,45.854,6.224,55.774,1.091,CoAP,camera
2025-01-09T01:40:00,26.704,175.357,5.08,0.05,4.4766,LoRaWAN,smart_meter
2025-01-09T15:23:00,389.884,22.034,5.623,43.684,0.2296,CoAP,camera
2025-01-09T15:24:00,292.339,11.992,12.834,84.475,0.0583,HTTPS,gateway
2025-01-09T15:45:00,25.503,158.792,3.453,0.847,6.1856,LoRaWAN,smart_meter
2025-01-09T16:02:00,704.843,45.023,7.882,0.05,2.4315,CoAP,gateway
2025-01-08T04:13:00,36.291,126.053,2.17,0.659,6.6557,LoRaWAN,smart_meter
2025-01-09T13:43:00,2146.034,52.751,2.42,137.443,0.3962,HTTPS,camera
2025-01-08T14:19:00,22.612,177.241,0.278,0.203,4.7557,LoRaWAN,smart_meter
2025-01-08T06:06:00,1952.915,41.46,10.609,26.964,1.8307,CoAP,gateway
2025-01-08T22:06:00,467.929,34.876,6.826,115.445,1.3668,CoAP,gateway
2025-01-08T11:16:00,2327.737,28.655,5.082,182.614,0.6934,HTTPS,camera
2025-01-09T10:18:00,117.341,1.0,7.27,6.384,1.4312,MQTT,actuator
2025-01-08T02:42:00,1758.41,53.643,5.891,0.05,0.6476,HTTPS,camera
2025-01-07T23:12:00,26.634,105.704,2.416,0.455,0.0,LoRaWAN,smart_meter
2025-01-08T23:50:00,26.773,246.531,2.513,0.61,5.224,LoRaWAN,smart_meter
2025-01-09T16:02:00,70.103,24.857,2.243,5.145,1.8631,MQTT,env_sensor
2025-01-09T08:40:00,8.0,190.965,1.37,0.261,2.6829,LoRaWAN,smart_meter
2025-01-08T22:09:00,25.404,171.237,2.717,0.228,2.5603,LoRaWAN,smart_meter
2025-01-08T07:10:00,90.156,11.798,8.001,7.457,1.2651,MQTT,actuator
2025-01-09T08:02:00,131.659,1.0,8.708,8.45,0.8175,MQTT,actuator
2025-01-08T23:12:00,535.646,51.813,3.017,38.798,1.2197,MQTT,gateway
2025-01-09T03:44:00,608.845,69.013,9.987,85.904,0.0,HTTPS,gateway
2025-01-08T02:50:00,31.653,263.649,0.612,1.042,3.0028,MQTT,smart_meter
2025-01-09T14:32:00,955.794,43.74,12.573,90.432,1.0558,CoAP,gateway
2025-01-08T20:16:00,78.64,21.557,1.796,0.05,0.646,MQTT,env_sensor
2025-01-09T03:55:00,37.54,241.078,0.1,0.753,3.8356,LoRaWAN,smart_meter
2025-01-09T14:46:00,28.437,158.356,1.311,0.14,1.9045,LoRaWAN,smart_meter
2025-01-09T01:39:00,28.489,242.573,1.816,0.398,3.6596,LoRaWAN,smart_meter
2025-01-09T09:18:00,1087.584,12.001,9.14,21.442,1.7161,CoAP,gateway
2025-01-08T06:18:00,28.651,115.821,0.237,0.88,1.2771,LoRaWAN,smart_meter
2025-01-08T04:33:00,1332.456,70.64,3.844,13.39,0.9948,HTTPS,camera
2025-01-08T00:19:00,1651.286,38.915,0.418,224.924,0.7502,HTTPS,camera
2025-01-08T10:00:00,82.069,18.155,3.891,6.829,1.2366,MQTT,actuator
2025-01-08T10:56:00,21.33,149.619,1.043,0.324,0.0,LoRaWAN,smart_meter
2025-01-08T03:38:00,671.771,81.944,6.171,113.974,0.7894,HTTPS,gateway
2025-01-08T21:23:00,1546.584,94.338,3.014,202.681,1.4668,HTTPS,camera
2025-01-09T01:40:00,60.831,36.017,2.639,5.709,0.2823,MQTT,env_sensor
2025-01-08T20:15:00,155.301,11.616,11.893,6.049,0.6439,MQTT,actuator
2025-01-08T06:18:00,106.531,34.331,3.714,1.64,1.0353,MQTT,env_sensor
2025-01-09T12:36:00,119.057,4.057,6.51,3.422,0.0,MQTT,actuator
2025-01-08T19:17:00,36.71,21.827,2.828,5.121,0.6852,MQTT,env_sensor
2025-01-08T10:33:00,8.0,22.992,0.71,1.532,2.0547,MQTT,env_sensor
2025-01-09T05:34:00,27.613,151.359,2.394,0.193,2.4358,LoRaWAN,smart_meter
2025-01-08T12:31:00,99.133,27.631,9.778,5.5,0.1873,MQTT,actuator
2025-01-09T03:47:00,34.565,34.347,2.316,5.216,1.1468,MQTT,env_sensor
2025-01-09T13:17:00,675.46,63.078,8.56,51.458,1.9906,CoAP,gateway
2025-01-09T05:49:00,129.247,17.206,4.775,10.764,0.0,MQTT,actuator
2025-01-09T11:30:00,746.983,68.881,7.768,66.46,0.7773,HTTPS,camera
2025-01-08T22:24:00,135.343,60.416,8.261,154.529,1.7087,MQTT,gateway
2025-01-08T01:36:00,113.441,19.007,1.659,11.769,0.3086,MQTT,actuator
2025-01-08T00:00:00,1379.81,40.679,9.689,119.41,2.3788,HTTPS,gateway
2025-01-09T14:47:00,89.906,46.699,0.1,4.043,1.2592,MQTT,env_sensor
2025-01-09T04:58:00,33.123,219.969,0.764,0.28,4.0076,LoRaWAN,smart_meter
2025-01-09T05:45:00,51.484,15.203,4.989,3.48,1.4464,MQTT,env_sensor
2025-01-08T12:16:00,89.979,27.067,9.734,9.142,1.4144,MQTT,actuator
2025-01-09T15:47:00,24.5,52.337,0.366,1.936,1.5146,MQTT,env_sensor
2025-01-08T05:15:00,1017.59,38.725,15.719,102.473,0.9252,HTTPS,gateway
2025-01-09T09:26:00,68.583,28.085,5.14,4.145,0.8425,MQTT,env_sensor
2025-01-09T01:08:00,708.011,43.363,9.253,130.609,1.3526,CoAP,gateway
2025-01-08T20:35:00,1724.946,98.672,3.111,71.89,0.0,HTTPS,camera
2025-01-09T08:36:00,902.522,57.93,14.121,26.56,0.8957,CoAP,gateway
2025-01-09T10:39:00,759.565,73.208,9.201,64.988,1.1085,CoAP,gateway
2025-01-08T18:08:00,38.769,185.112,1.792,0.447,2.5621,LoRaWAN,smart_meter
2025-01-09T08:32:00,40.459,17.18,4.13,4.339,0.3186,MQTT,env_sensor
2025-01-09T10:02:00,1379.896,59.872,3.588,179.489,0.0,HTTPS,camera
2025-01-09T04:33:00,35.699,70.708,9.979,69.688,1.3568,CoAP,gateway
2025-01-09T07:25:00,137.692,14.691,7.849,0.427,1.9161,MQTT,actuator
2025-01-09T01:59:00,1402.186,5.319,3.394,144.05,0.5486,HTTPS,camera
2025-01-08T15:42:00,1008.778,2.8,6.179,51.431,0.2297,HTTPS,gateway
2025-01-09T00:49:00,85.417,24.76,0.1,8.019,1.2084,MQTT,env_sensor
2025-01-08T07:36:00,32.038,193.478,1.681,0.545,7.5948,LoRaWAN,smart_meter
2025-01-08T13:16:00,17.56,282.274,3.379,0.698,4.3969,LoRaWAN,smart_meter
2025-01-08T09:35:00,103.708,33.637,4.121,4.854,0.035,MQTT,actuator
2025-01-09T03:35:00,14.258,179.137,2.32,0.139,2.9613,LoRaWAN,smart_meter
2025-01-08T06:56:00,82.35,30.319,3.886,3.984,0.3124,MQTT,env_sensor
2025-01-07T23:16:00,21.444,231.822,2.293,0.273,0.5213,LoRaWAN,smart_meter
2025-01-08T13:05:00,1332.658,60.246,13.644,41.675,0.7213,HTTPS,gateway
2025-01-08T05:28:00,125.068,19.222,10.583,68.162,0.8804,MQTT,gateway
2025-01-08T20:32:00,1443.89,52.712,1.342,107.676,0.7077,HTTPS,gateway
2025-01-08T17:22:00,127.693,18.749,6.147,7.935,1.1212,MQTT,actuator
2025-01-08T10:56:00,203.781,11.358,11.265,4.598,0.6183,MQTT,actuator
2025-01-08T23:35:00,31.194,164.523,2.409,0.564,1.0197,LoRaWAN,smart_meter
2025-01-08T06:17:00,731.808,76.726,0.136,153.438,0.5197,HTTPS,camera
2025-01-09T08:50:00,584.365,55.705,15.275,0.05,1.7887,CoAP,gateway
2025-01-09T00:37:00,106.436,10.326,7.497,7.301,0.0,MQTT,actuator
2025-01-09T02:28:00,3043.689,31.731,4.861,95.762,1.8466,HTTPS,camera
2025-01-08T14:34:00,22.929,167.147,0.1,0.471,1.7841,LoRaWAN,smart_meter
2025-01-09T00:51:00,29.652,208.515,3.636,0.41,3.0211,LoRaWAN,smart_meter
2025-01-09T12:58:00,94.284,4.945,2.348,2.901,1.7091,MQTT,env_sensor
2025-01-07T23:47:00,26.477,131.486,1.133,0.615,2.3199,LoRaWAN,smart_meter
2025-01-08T07:06:00,82.792,33.489,4.597,2.317,1.5654,MQTT,env_sensor
2025-01-08T17:57:00,43.063,17.004,5.225,4.081,1.4115,MQTT,env_sensor
2025-01-09T11:32:00,155.607,13.696,3.934,8.355,0.9033,MQTT,actuator
2025-01-08T03:45:00,977.925,96.99,5.305,87.026,0.6062,HTTPS,camera
2025-01-08T18:09:00,1290.821,58.739,0.1,52.76,1.634,HTTPS,gateway
2025-01-09T05:53:00,18.726,200.904,0.1,0.637,2.0167,LoRaWAN,smart_meter
2025-01-09T11:29:00,655.786,52.623,9.422,75.456,0.772,HTTPS,gateway
2025-01-08T07:58:00,38.947,135.943,3.994,0.592,5.5023,LoRaWAN,smart_meter
2025-01-08T11:57:00,144.693,12.775,4.383,1.825,1.5895,MQTT,actuator
2025-01-09T00:01:00,96.262,5.138,2.863,1.991,2.2301,MQTT,env_sensor
2025-01-08T10:06:00,75.625,18.129,3.858,2.814,1.3797,MQTT,env_sensor
2025-01-08T17:39:00,2157.127,54.86,7.928,77.727,0.7335,HTTPS,camera
2025-01-08T07:46:00,816.531,34.397,1.923,117.006,0.0,HTTPS,camera
2025-01-09T09:33:00,85.429,6.526,1.947,3.976,0.0,MQTT,env_sensor
2025-01-08T03:30:00,8.0,1.0,1.945,6.008,2.3453,MQTT,env_sensor
2025-01-09T15:40:00,112.159,31.109,1.419,3.699,0.676,MQTT,env_sensor
2025-01-08T01:22:00,1576.282,67.663,3.267,38.827,0.2667,HTTPS,camera
2025-01-08T03:48:00,34.399,131.594,3.807,0.695,1.4366,LoRaWAN,smart_meter
2025-01-08T01:48:00,2805.469,57.758,3.807,195.615,1.129,HTTPS,camera
2025-01-09T06:41:00,84.66,29.949,4.851,7.316,0.6843,MQTT,actuator
2025-01-08T08:11:00,58.655,23.59,3.65,3.977,0.0,MQTT,env_sensor
2025-01-08T06:29:00,2797.669,32.378,4.023,122.173,0.0,HTTPS,camera
2025-01-09T03:16:00,267.293,20.646,15.142,172.06,0.0,HTTPS,gateway
2025-01-09T06:04:00,1867.307,40.752,3.141,66.467,0.0,HTTPS,camera
2025-01-08T16:01:00,18.957,147.036,4.111,0.213,5.6387,LoRaWAN,smart_meter
2025-01-08T08:49:00,1248.65,71.611,8.051,39.158,1.0775,HTTPS,camera
2025-01-07T23:08:00,18.241,201.856,3.664,0.589,3.7484,LoRaWAN,smart_meter
2025-01-08T14:04:00,1061.445,54.262,9.927,56.786,0.4168,HTTPS,gateway
2025-01-09T05:15:00,566.778,49.681,3.125,89.657,0.0,HTTPS,gateway
2025-01-09T14:19:00,65.137,42.269,6.201,0.79,0.0,MQTT,env_sensor
2025-01-09T11:08:00,41.124,22.198,3.233,3.672,1.109,MQTT,env_sensor
2025-01-08T16:23:00,34.759,247.116,1.78,0.642,2.2313,LoRaWAN,smart_meter
2025-01-08T14:22:00,2445.688,44.304,5.871,106.921,0.2502,HTTPS,camera
2025-01-09T12:53:00,57.406,23.85,2.749,10.291,2.5952,MQTT,env_sensor
2025-01-09T11:12:00,1187.117,41.485,15.21,60.258,1.7104,HTTPS,gateway
2025-01-08T17:54:00,136.612,17.565,2.39,3.122,0.2657,MQTT,actuator
2025-01-08T01:00:00,984.128,87.82,7.916,142.313,0.6993,HTTPS,camera
2025-01-08T19:25:00,997.49,74.946,16.193,25.012,2.353,CoAP,gateway
2025-01-09T16:19:00,109.331,21.958,4.094,0.325,2.0594,MQTT,env_sensor
2025-01-08T10:51:00,704.546,88.703,0.1,127.828,0.8879,HTTPS,gateway
2025-01-08T12:33:00,1995.852,64.863,5.16,151.653,0.0,HTTPS,camera
2025-01-09T12:23:00,1356.505,80.504,4.774,242.909,0.0,HTTPS,camera
2025-01-08T01:32:00,95.357,33.926,3.934,3.294,0.9592,MQTT,env_sensor
2025-01-09T06:15:00,1912.451,72.193,5.449,7.246,0.194,HTTPS,camera
2025-01-08T01:53:00,142.578,25.218,8.685,6.962,1.1519,MQTT,actuator
2025-01-08T04:21:00,212.225,23.085,5.937,7.896,0.0,MQTT,actuator
2025-01-09T06:59:00,1001.459,68.455,9.436,131.372,2.6774,CoAP,gateway
2025-01-09T07:21:00,1306.903,55.594,8.261,5.745,0.9146,HTTPS,gateway
2025-01-08T09:10:00,27.856,200.836,0.846,0.05,0.0905,LoRaWAN,smart_meter
2025-01-08T11:51:00,74.117,25.446,1.814,4.629,0.0,MQTT,env_sensor
2025-01-09T08:32:00,104.064,15.44,10.456,7.341,0.6065,MQTT,actuator
2025-01-08T19:24:00,2694.229,65.897,0.1,147.316,1.1261,HTTPS,camera
2025-01-09T13:52:00,99.056,33.695,1.407,7.336,2.6067,MQTT,env_sensor
2025-01-09T01:15:00,124.251,26.973,6.274,12.469,0.3577,MQTT,actuator
2025-01-09T02:24:00,29.595,187.825,2.524,0.099,0.7307,LoRaWAN,smart_meter
2025-01-08T19:49:00,9.837,173.895,0.209,0.367,4.4225,LoRaWAN,smart_meter
2025-01-08T11:19:00,493.397,53.169,3.852,3.769,0.0,HTTPS,gateway
2025-01-08T08:31:00,108.705,25.494,2.524,15.484,1.0314,MQTT,actuator
2025-01-08T15:19:00,76.966,27.822,0.58,6.917,0.2662,MQTT,env_sensor
2025-01-09T09:22:00,40.462,280.824,4.897,0.05,3.3805,LoRaWAN,smart_meter
2025-01-08T14:09:00,36.623,222.522,0.484,0.416,0.0,LoRaWAN,smart_meter
2025-01-08T03:49:00,39.844,157.827,2.815,0.101,3.5107,LoRaWAN,smart_meter
2025-01-08T11:52:00,34.091,175.992,2.947,0.772,2.5288,LoRaWAN,smart_meter
2025-01-08T23:17:00,2017.146,91.233,4.999,30.301,0.0,HTTPS,camera
2025-01-08T12:07:00,717.272,72.857,6.391,66.505,0.0,HTTPS,gateway
2025-01-09T08:53:00,31.581,287.521,2.931,0.295,2.6152,LoRaWAN,smart_meter
2025-01-08T19:33:00,8.0,59.815,9.8,37.451,0.0879,HTTPS,gateway
2025-01-08T21:01:00,130.17,14.052,8.078,2.746,1.6385,MQTT,actuator
2025-01-08T04:17:00,800.386,33.007,3.477,203.934,0.4099,HTTPS,camera
2025-01-09T12:06:00,106.548,27.664,6.572,5.962,1.2946,MQTT,actuator
2025-01-08T02:06:00,82.867,28.637,4.429,2.858,1.4389,MQTT,env_sensor
2025-01-09T06:06:00,111.354,32.736,4.715,1.409,1.3049,MQTT,env_sensor
2025-01-08T15:55:00,26.995,308.575,2.269,0.181,0.8865,LoRaWAN,smart_meter
2025-01-08T03:04:00,51.253,1.0,3.951,4.984,0.509,MQTT,env_sensor
2025-01-08T23:51:00,1367.785,57.011,2.922,102.051,0.0,HTTPS,gateway
2025-01-08T05:48:00,834.833,84.405,4.426,226.454,0.6167,HTTPS,camera
2025-01-09T12:25:00,114.459,20.569,8.93,11.018,2.9096,MQTT,actuator
2025-01-09T12:56:00,29.111,220.633,0.146,0.71,3.7419,LoRaWAN,smart_meter
2025-01-08T12:57:00,1101.034,31.598,13.864,54.465,1.0099,HTTPS,gateway
2025-01-09T15:39:00,134.262,24.623,5.697,3.344,1.2209,MQTT,actuator
2025-01-08T07:20:00,13.413,116.915,1.664,0.397,3.1309,LoRaWAN,smart_meter
2025-01-08T23:20:00,1720.718,50.036,5.564,39.642,1.8203,CoAP,gateway
2025-01-09T11:18:00,137.994,23.275,7.84,2.991,0.0695,MQTT,actuator
2025-01-09T11:58:00,1732.615,61.203,0.542,111.554,0.9647,HTTPS,camera
2025-01-09T14:19:00,93.882,29.114,7.49,11.367,1.2466,CoAP,actuator
2025-01-08T21:29:00,21.044,14.556,4.529,10.326,0.8216,MQTT,env_sensor
2025-01-09T02:33:00,106.563,15.743,0.1,2.126,1.8721,MQTT,env_sensor
2025-01-09T11:07:00,127.556,1.0,4.907,7.644,1.5794,MQTT,actuator
2025-01-08T21:50:00,31.525,173.218,2.225,0.868,2.6174,LoRaWAN,smart_meter
2025-01-09T08:05:00,1098.59,51.421,2.614,204.994,1.1028,HTTPS,camera
2025-01-08T23:50:00,2045.018,89.262,2.394,181.544,1.4159,HTTPS,camera
2025-01-07T23:14:00,35.028,170.521,2.426,0.543,3.9027,LoRaWAN,smart_meter
2025-01-09T14:42:00,1283.702,100.158,5.175,16.96,0.0354,HTTPS,camera
2025-01-08T14:12:00,145.673,5.541,7.227,5.055,1.0007,MQTT,actuator
2025-01-08T11:41:00,928.1,39.045,5.888,7.851,1.8624,CoAP,gateway
2025-01-08T12:29:00,78.306,33.901,0.405,0.05,1.6005,MQTT,env_sensor
2025-01-08T10:32:00,39.664,244.315,2.38,0.12,1.2365,LoRaWAN,smart_meter
2025-01-09T06:46:00,479.669,43.848,5.855,0.05,0.1101,CoAP,gateway
2025-01-09T00:42:00,89.3,4.73,4.114,6.323,1.5324,MQTT,actuator
2025-01-09T12:14:00,1968.324,62.448,0.198,151.935,0.1955,HTTPS,camera
2025-01-09T11:00:00,136.253,35.019,8.431,10.366,0.5009,MQTT,actuator
2025-01-09T14:49:00,1176.892,33.721,4.679,90.44,0.8748,HTTPS,gateway
2025-01-08T03:47:00,76.873,27.915,9.401,7.935,1.2732,MQTT,actuator
2025-01-08T15:01:00,2183.391,114.649,9.34,119.48,0.0784,HTTPS,camera
2025-01-08T20:41:00,76.068,29.905,3.91,0.05,0.7798,MQTT,env_sensor
2025-01-09T16:11:00,67.721,16.738,3.485,5.375,1.0576,MQTT,env_sensor
2025-01-09T06:48:00,856.174,62.763,16.578,26.692,2.0566,CoAP,gateway
2025-01-09T08:41:00,309.503,75.096,0.1,146.895,0.4759,HTTPS,camera
2025-01-08T17:18:00,1013.194,71.992,5.372,59.121,1.4096,CoAP,gateway
2025-01-09T14:02:00,2017.59,50.638,5.543,41.82,0.9708,HTTPS,gateway
2025-01-09T15:56:00,1132.926,75.058,2.833,62.636,0.0,HTTPS,gateway
2025-01-08T00:56:00,25.191,138.71,2.481,0.313,5.3356,LoRaWAN,smart_meter
2025-01-08T02:21:00,487.826,63.974,16.957,16.166,1.8244,CoAP,gateway
2025-01-09T13:33:00,35.289,192.441,3.558,1.001,1.1965,MQTT,smart_meter
2025-01-09T10:55:00,883.955,47.195,5.705,0.05,0.885,HTTPS,gateway
2025-01-09T00:51:00,35.097,9.562,7.28,1.538,0.1796,MQTT,env_sensor
2025-01-08T04:04:00,23.417,194.715,4.392,1.07,4.9053,MQTT,smart_meter
2025-01-08T01:20:00,1452.585,52.741,9.759,0.05,1.1005,CoAP,gateway
2025-01-08T05:19:00,2591.216,25.533,4.005,146.642,0.2226,HTTPS,camera
2025-01-08T09:32:00,697.64,48.472,2.24,117.914,0.9369,HTTPS,gateway
2025-01-09T00:12:00,34.865,179.048,3.827,0.254,4.5727,LoRaWAN,smart_meter
2025-01-08T05:49:00,103.325,10.91,1.0,3.127,1.3721,MQTT,env_sensor
2025-01-09T16:09:00,39.174,154.225,4.328,0.154,3.276,LoRaWAN,smart_meter
2025-01-08T05:02:00,665.925,40.884,11.563,83.363,0.0,HTTPS,gateway
2025-01-09T01:19:00,81.901,21.885,3.126,9.682,0.2076,MQTT,actuator
2025-01-07T22:43:00,2048.53,72.831,10.339,148.925,0.7531,HTTPS,camera
2025-01-08T06:45:00,126.588,15.258,1.961,3.019,0.7189,MQTT,actuator
2025-01-08T11:21:00,59.639,21.499,4.246,6.033,2.2494,MQTT,env_sensor
2025-01-08T13:02:00,23.639,175.646,0.1,0.891,5.1033,LoRaWAN,smart_meter
2025-01-09T11:16:00,39.469,104.854,0.1,0.48,5.6872,LoRaWAN,smart_meter
2025-01-08T07:26:00,25.265,42.474,0.1,0.05,4.6188,MQTT,smart_meter
2025-01-08T07:09:00,35.896,81.926,3.091,0.05,4.5648,MQTT,smart_meter
2025-01-09T00:45:00,38.496,201.236,2.223,0.76,2.6018,LoRaWAN,smart_meter
2025-01-08T08:07:00,1348.013,46.12,8.184,158.449,0.3999,HTTPS,camera
2025-01-08T05:27:00,73.16,27.534,3.79,1.484,0.6103,MQTT,env_sensor
2025-01-08T10:29:00,1081.134,54.833,2.636,50.994,0.6274,HTTPS,gateway
2025-01-08T22:52:00,38.076,210.116,1.626,0.299,3.9796,LoRaWAN,smart_meter
2025-01-08T18:48:00,855.187,54.515,0.209,50.248,0.0,HTTPS,gateway
2025-01-09T01:23:00,1463.854,62.06,4.932,55.132,1.8517,HTTPS,gateway
2025-01-09T04:04:00,30.486,173.963,0.1,0.05,4.1393,LoRaWAN,smart_meter
2025-01-07T23:56:00,63.388,10.469,2.454,0.05,1.3646,MQTT,env_sensor
2025-01-08T07:14:00,1081.725,55.712,9.938,29.491,2.352,CoAP,gateway
2025-01-08T05:34:00,138.568,11.955,7.172,5.712,1.5267,MQTT,actuator
2025-01-07T22:56:00,24.192,264.317,0.998,0.556,0.0,LoRaWAN,smart_meter
2025-01-08T23:30:00,1096.546,33.719,5.605,73.206,1.3596,HTTPS,gateway
2025-01-09T13:18:00,716.584,68.44,4.443,203.013,1.3121,HTTPS,camera
2025-01-08T19:36:00,551.34,35.896,10.199,0.05,0.7786,CoAP,gateway
2025-01-08T15:29:00,1905.347,52.574,6.119,112.54,1.1811,HTTPS,camera
2025-01-08T22:20:00,20.744,1.0,1.256,3.923,0.0,MQTT,env_sensor
2025-01-08T10:27:00,1948.499,36.353,3.81,177.857,0.819,HTTPS,camera
2025-01-08T14:15:00,809.477,86.284,3.189,69.843,0.9797,HTTPS,camera
2025-01-09T01:55:00,601.724,55.137,3.982,83.869,0.5658,HTTPS,gateway
2025-01-09T08:14:00,25.624,101.203,2.802,0.825,2.4499,LoRaWAN,smart_meter
2025-01-08T03:21:00,67.47,24.693,3.977,3.527,1.291,MQTT,env_sensor
2025-01-08T22:16:00,2155.677,54.988,12.071,103.564,0.0,HTTPS,camera
2025-01-09T15:39:00,238.777,28.597,5.917,189.362,0.242,MQTT,camera
2025-01-08T05:50:00,1782.894,60.857,5.777,128.723,0.6082,HTTPS,camera
2025-01-08T23:39:00,115.688,19.648,4.901,3.931,0.4541,MQTT,actuator
2025-01-08T17:08:00,1258.331,17.346,11.953,2.506,0.6171,HTTPS,gateway
2025-01-08T03:17:00,2207.022,88.939,1.651,132.599,0.0,HTTPS,camera
2025-01-09T08:09:00,3403.867,62.13,5.141,67.111,0.0685,HTTPS,camera
2025-01-08T06:00:00,1989.407,70.653,0.353,175.126,1.1814,HTTPS,camera
2025-01-09T05:34:00,736.706,76.116,6.733,96.35,0.6359,HTTPS,gateway
2025-01-08T15:18:00,482.488,42.933,11.904,0.05,0.6898,CoAP,gateway
2025-01-08T00:45:00,2211.4,36.458,5.658,151.349,0.7997,HTTPS,camera
2025-01-09T01:57:00,31.491,129.189,1.417,0.744,3.2357,LoRaWAN,smart_meter
2025-01-08T20:20:00,2208.864,53.156,5.396,20.206,0.5204,HTTPS,camera
2025-01-09T01:11:00,100.868,15.667,7.852,7.301,0.7092,MQTT,actuator
2025-01-08T20:05:00,1757.768,55.377,9.178,0.05,0.4369,HTTPS,gateway
2025-01-08T14:00:00,1512.883,53.519,2.479,106.598,0.4222,HTTPS,camera
2025-01-08T14:03:00,108.462,17.249,6.289,8.771,1.3465,MQTT,actuator
2025-01-08T10:52:00,2669.136,64.925,0.123,156.047,1.9463,HTTPS,camera
2025-01-08T15:35:00,28.774,179.907,1.021,0.309,3.2164,LoRaWAN,smart_meter
2025-01-08T11:17:00,104.305,19.752,0.1,7.77,0.5598,MQTT,env_sensor
2025-01-08T08:55:00,119.034,16.301,3.727,7.832,1.5314,MQTT,actuator
2025-01-09T03:17:00,34.821,169.158,0.1,0.518,3.5947,LoRaWAN,smart_meter
2025-01-09T04:21:00,83.192,7.95,10.242,10.693,1.1014,MQTT,actuator
2025-01-09T15:26:00,114.457,7.732,4.579,12.017,0.0581,MQTT,actuator
2025-01-09T03:07:00,56.92,26.831,4.945,1.519,1.3733,MQTT,env_sensor
2025-01-08T07:43:00,77.421,27.562,3.548,14.655,1.1976,MQTT,actuator
2025-01-09T02:51:00,64.255,17.468,8.163,10.475,1.3798,MQTT,actuator
2025-01-08T11:20:00,100.002,23.625,4.488,8.264,0.6417,MQTT,actuator
2025-01-09T06:53:00,141.562,81.529,1.063,150.908,0.9025,HTTPS,camera
2025-01-09T10:06:00,1590.97,91.447,0.1,96.769,0.2533,HTTPS,camera
2025-01-08T11:26:00,431.588,46.723,0.1,172.414,0.4628,HTTPS,camera
2025-01-08T19:17:00,1304.707,29.293,2.939,145.83,0.7886,HTTPS,camera
2025-01-08T05:53:00,1866.581,76.345,2.953,6.591,0.2287,HTTPS,camera
2025-01-09T15:10:00,64.659,29.237,7.401,5.612,0.8147,MQTT,env_sensor
2025-01-08T20:27:00,642.952,44.286,6.652,104.939,0.2256,HTTPS,gateway
2025-01-08T14:48:00,297.472,35.56,3.718,121.477,0.0,HTTPS,gateway
2025-01-08T17:18:00,2355.961,61.788,11.721,45.457,0.5122,HTTPS,camera
2025-01-08T05:27:00,23.791,109.331,0.1,0.748,0.7238,LoRaWAN,smart_meter
2025-01-08T02:15:00,31.726,178.013,1.481,0.294,3.7733,LoRaWAN,smart_meter
2025-01-08T05:37:00,871.69,65.753,8.234,91.04,2.2611,CoAP,gateway
2025-01-08T19:44:00,22.291,209.603,4.087,0.592,1.6059,LoRaWAN,smart_meter
2025-01-08T04:07:00,1049.789,60.285,9.44,153.184,1.4083,HTTPS,gateway
2025-01-08T19:45:00,175.749,8.93,12.781,4.37,2.0078,MQTT,actuator
2025-01-09T01:13:00,842.329,53.375,4.211,63.192,2.4982,HTTPS,gateway
2025-01-08T15:36:00,774.407,6.936,16.059,98.189,1.1946,CoAP,gateway
2025-01-09T08:06:00,87.273,12.138,3.367,1.099,1.7651,MQTT,env_sensor
2025-01-07T23:11:00,1354.018,53.071,10.017,173.177,0.0781,HTTPS,camera
2025-01-08T01:15:00,60.499,22.833,3.99,6.097,1.7976,MQTT,env_sensor
2025-01-08T23:53:00,92.558,33.47,0.486,3.007,0.0,MQTT,env_sensor
2025-01-08T22:56:00,41.82,36.139,3.325,7.93,1.6752,MQTT,env_sensor
2025-01-08T13:14:00,62.376,19.489,1.526,8.697,1.1296,MQTT,env_sensor
2025-01-08T21:06:00,105.944,23.496,7.361,3.277,0.0,MQTT,actuator
2025-01-09T06:07:00,41.817,34.027,1.724,8.609,2.039,MQTT,env_sensor
2025-01-09T05:52:00,94.48,1.0,3.709,13.105,0.7516,MQTT,actuator
2025-01-08T06:17:00,23.989,143.875,1.677,0.875,4.7678,LoRaWAN,smart_meter
2025-01-09T09:34:00,1263.103,34.778,7.883,53.275,0.306,HTTPS,gateway
2025-01-09T07:57:00,1520.332,32.771,3.954,144.373,0.7645,HTTPS,camera
2025-01-09T04:42:00,943.414,43.959,3.066,105.119,0.6968,HTTPS,gateway
2025-01-08T21:51:00,65.587,27.93,0.1,2.022,0.5206,MQTT,env_sensor
2025-01-08T06:51:00,1000.813,94.119,0.735,99.351,0.0,HTTPS,camera
2025-01-08T18:49:00,79.188,8.737,4.176,0.05,1.0193,MQTT,env_sensor
2025-01-08T14:14:00,1759.523,102.663,4.708,53.282,0.0,HTTPS,camera
2025-01-08T00:38:00,48.177,35.276,0.1,0.05,0.5782,LoRaWAN,env_sensor
2025-01-09T03:16:00,1840.336,67.241,3.21,108.871,0.3014,HTTPS,camera
2025-01-09T04:00:00,155.454,13.24,5.851,10.377,1.2396,MQTT,actuator
2025-01-09T14:16:00,67.071,21.159,4.29,5.561,2.1821,MQTT,actuator
2025-01-08T01:42:00,44.139,23.782,3.985,2.835,0.0185,MQTT,env_sensor
2025-01-07T23:11:00,853.021,65.688,9.363,74.119,0.0,HTTPS,gateway
2025-01-08T03:13:00,68.814,14.974,3.71,6.774,1.3425,MQTT,actuator
2025-01-07T22:46:00,13.414,127.091,3.883,0.185,1.7232,LoRaWAN,smart_meter
2025-01-07T23:18:00,1273.084,24.537,7.843,97.878,0.7187,HTTPS,gateway
2025-01-08T21:40:00,2033.528,10.961,4.567,0.05,0.265,HTTPS,camera
2025-01-08T09:45:00,44.8,39.814,3.026,5.392,1.3099,MQTT,env_sensor
2025-01-08T18:53:00,23.222,140.176,4.059,0.235,4.1741,LoRaWAN,smart_meter
2025-01-08T19:11:00,114.005,34.866,5.687,5.639,1.8784,MQTT,env_sensor
2025-01-08T04:11:00,23.181,324.639,1.653,0.187,2.138,LoRaWAN,smart_meter
2025-01-09T08:18:00,25.068,140.382,1.721,1.074,3.743,MQTT,smart_meter
2025-01-08T23:46:00,910.908,88.764,4.824,221.726,0.3113,HTTPS,camera
2025-01-09T03:55:00,2152.084,34.513,7.512,84.412,1.1264,HTTPS,camera
2025-01-09T07:05:00,26.315,162.349,4.271,0.316,0.0,LoRaWAN,smart_meter
2025-01-08T15:20:00,1343.459,66.148,8.263,72.169,0.3466,HTTPS,gateway
2025-01-08T18:23:00,23.772,75.621,1.336,0.892,2.7065,MQTT,smart_meter
2025-01-07T23:19:00,17.266,92.973,0.1,0.761,6.7429,LoRaWAN,smart_meter
2025-01-08T14:41:00,11.914,186.628,0.857,0.305,0.0,LoRaWAN,smart_meter
2025-01-08T10:48:00,69.399,18.732,4.175,2.357,1.5132,MQTT,actuator
2025-01-08T02:07:00,3304.433,101.61,7.582,79.909,0.6423,HTTPS,camera
2025-01-09T04:11:00,581.187,47.728,6.182,39.456,0.1136,CoAP,gateway
2025-01-09T04:35:00,110.861,18.813,4.939,9.109,0.5914,MQTT,env_sensor
2025-01-08T00:05:00,92.769,46.546,1.888,3.913,1.0317,MQTT,env_sensor
2025-01-08T01:20:00,81.952,44.519,0.415,8.255,1.4624,MQTT,env_sensor
2025-01-08T16:52:00,1257.017,53.017,9.526,6.489,0.4099,HTTPS,camera
2025-01-08T21:12:00,910.189,24.42,4.99,65.298,0.5432,HTTPS,gateway
2025-01-09T06:42:00,45.734,19.639,4.647,7.029,1.757,MQTT,env_sensor
2025-01-08T03:06:00,773.29,98.327,1.136,20.105,0.0,HTTPS,camera
2025-01-08T17:01:00,56.638,27.471,0.1,1.42,1.8923,MQTT,env_sensor
2025-01-08T22:11:00,66.803,12.526,4.083,0.05,1.2235,MQTT,env_sensor
2025-01-09T08:10:00,199.815,16.732,7.146,9.801,0.7304,MQTT,actuator
2025-01-09T13:42:00,1905.993,80.138,4.445,170.414,1.1903,HTTPS,camera
2025-01-09T13:17:00,82.892,37.187,0.667,7.428,0.7331,MQTT,env_sensor
2025-01-08T23:26:00,82.592,23.745,2.846,3.728,1.951,MQTT,env_sensor
2025-01-08T20:08:00,1990.214,80.426,2.532,68.253,1.242,HTTPS,camera
2025-01-08T07:32:00,1561.349,36.591,6.707,125.537,1.9561,HTTPS,gateway
2025-01-09T03:43:00,55.397,22.74,5.635,4.259,0.8087,MQTT,env_sensor
2025-01-08T12:31:00,389.911,15.973,12.259,88.781,1.732,CoAP,gateway
2025-01-08T17:25:00,1126.863,33.438,7.589,81.643,0.7189,HTTPS,camera
2025-01-09T05:06:00,55.664,25.056,7.052,1.165,1.5843,MQTT,env_sensor
2025-01-08T03:39:00,682.632,17.226,3.692,35.216,2.3472,CoAP,gateway
2025-01-08T19:03:00,1803.751,82.593,2.713,52.162,0.1226,HTTPS,camera
2025-01-09T06:33:00,1631.327,47.349,4.042,85.644,0.077,HTTPS,camera
2025-01-09T04:39:00,1282.464,23.891,8.205,79.225,0.628,HTTPS,gateway
2025-01-08T19:15:00,70.986,27.118,3.465,4.388,2.2919,MQTT,env_sensor
2025-01-08T01:59:00,1975.293,50.472,6.885,227.251,0.2247,HTTPS,camera
2025-01-08T21:33:00,30.337,236.836,0.234,0.403,1.9091,LoRaWAN,smart_meter
2025-01-09T14:55:00,158.011,15.962,2.534,18.873,0.7744,MQTT,actuator
2025-01-08T22:28:00,117.083,3.308,1.73,0.684,1.137,MQTT,actuator
2025-01-08T02:48:00,155.695,19.399,8.12,5.917,0.4899,MQTT,actuator
2025-01-08T01:07:00,14.425,233.421,0.616,0.787,0.5408,LoRaWAN,smart_meter
2025-01-09T03:39:00,58.282,12.327,2.334,4.06,1.3814,MQTT,env_sensor
2025-01-08T18:48:00,146.819,15.487,8.034,11.394,0.1025,CoAP,actuator
2025-01-09T09:58:00,923.779,9.15,8.536,146.347,1.3719,CoAP,camera
2025-01-09T03:46:00,76.394,40.969,1.619,6.764,1.0622,MQTT,env_sensor
2025-01-09T14:25:00,34.336,105.09,1.063,0.489,3.3379,LoRaWAN,smart_meter
2025-01-08T08:36:00,360.882,29.724,0.1,215.032,0.5101,HTTPS,camera
2025-01-08T00:10:00,52.586,26.816,3.539,3.247,0.0,MQTT,env_sensor
2025-01-08T04:37:00,104.093,35.253,5.408,3.959,1.7055,MQTT,env_sensor
2025-01-08T20:09:00,1119.37,74.031,6.256,126.165,0.919,HTTPS,camera
2025-01-08T12:36:00,119.836,25.601,6.29,7.668,1.7984,MQTT,actuator
2025-01-08T21:27:00,796.757,37.118,0.1,38.018,1.7263,CoAP,gateway
2025-01-08T02:59:00,24.021,215.303,0.496,0.14,2.6115,LoRaWAN,smart_meter
2025-01-08T15:33:00,2347.521,36.598,7.185,36.252,0.2376,HTTPS,gateway
2025-01-08T16:25:00,108.181,18.701,1.492,3.093,0.9606,MQTT,env_sensor
2025-01-09T13:27:00,1327.245,25.231,9.788,34.794,0.7944,HTTPS,gateway
2025-01-09T14:59:00,1278.624,38.506,9.243,91.757,0.0,HTTPS,gateway
2025-01-08T00:38:00,1199.509,36.489,7.298,152.04,1.4993,HTTPS,gateway
2025-01-08T21:02:00,1660.897,88.267,0.1,133.312,0.9897,HTTPS,camera
2025-01-08T10:02:00,96.458,7.437,8.484,4.727,1.397,MQTT,actuator
2025-01-09T00:32:00,2100.815,56.781,7.402,29.707,1.1981,CoAP,gateway
2025-01-08T23:34:00,1391.378,89.255,2.364,29.369,1.5662,HTTPS,camera
2025-01-09T14:16:00,23.63,224.613,0.898,0.63,3.6633,MQTT,smart_meter
2025-01-08T18:13:00,2235.954,1.0,2.278,117.64,0.6719,HTTPS,camera
2025-01-08T17:14:00,29.556,280.162,0.1,0.766,3.6051,LoRaWAN,smart_meter
2025-01-08T23:55:00,1315.361,26.858,2.998,0.05,0.0,HTTPS,gateway
2025-01-08T09:49:00,2045.302,46.407,4.824,146.044,0.8024,HTTPS,camera
2025-01-09T02:43:00,1198.211,33.416,0.1,103.592,0.1782,HTTPS,gateway
2025-01-08T13:29:00,53.075,30.126,5.714,9.742,0.1293,MQTT,env_sensor
2025-01-08T02:00:00,1117.802,31.702,10.187,50.129,1.6001,HTTPS,gateway
2025-01-08T06:30:00,2276.623,45.91,0.1,44.464,0.8807,HTTPS,camera
2025-01-08T20:11:00,23.064,102.213,3.57,0.824,1.0256,LoRaWAN,smart_meter
2025-01-09T03:32:00,26.721,238.253,1.331,0.369,1.915,LoRaWAN,smart_meter
2025-01-09T04:55:00,29.115,254.421,4.727,0.738,4.2073,LoRaWAN,smart_meter
2025-01-08T22:35:00,32.883,166.528,1.328,0.07,1.592,LoRaWAN,smart_meter
2025-01-08T09:10:00,1407.212,56.572,2.098,94.039,0.9929,HTTPS,camera
2025-01-08T03:51:00,732.108,77.236,10.562,116.106,1.081,CoAP,gateway
2025-01-07T23:20:00,29.421,120.233,3.287,0.378,2.1915,LoRaWAN,smart_meter
2025-01-09T14:18:00,21.428,99.243,2.931,0.455,1.4626,LoRaWAN,smart_meter
2025-01-09T03:32:00,434.163,14.144,7.724,103.01,1.9722,CoAP,gateway
2025-01-07T23:05:00,2038.796,59.225,2.749,215.69,0.0,HTTPS,camera
2025-01-08T20:22:00,956.163,34.115,2.306,137.809,0.0055,HTTPS,camera
2025-01-08T07:11:00,2047.042,30.029,12.503,14.386,0.7887,HTTPS,gateway
2025-01-08T13:37:00,82.618,16.097,1.755,5.615,1.2472,MQTT,env_sensor
2025-01-09T08:01:00,42.652,233.093,2.464,0.428,2.081,LoRaWAN,smart_meter
2025-01-09T15:59:00,721.858,60.269,8.176,120.116,1.207,CoAP,gateway
2025-01-08T17:12:00,1432.185,49.756,7.427,47.869,1.3658,CoAP,gateway
2025-01-08T15:17:00,8.0,36.546,11.761,0.05,2.2535,LoRaWAN,gateway
2025-01-08T12:31:00,86.057,29.656,3.755,3.058,2.9257,MQTT,env_sensor
2025-01-08T03:42:00,119.991,38.476,4.105,7.247,0.8632,MQTT,actuator
2025-01-07T22:52:00,16.55,13.885,2.14,3.988,0.0,MQTT,env_sensor
2025-01-09T02:51:00,31.837,269.545,3.202,0.664,2.0924,LoRaWAN,smart_meter
2025-01-08T23:22:00,89.836,34.578,0.1,0.05,0.0,MQTT,env_sensor
2025-01-09T12:27:00,80.112,57.056,10.239,90.845,0.7924,HTTPS,gateway
2025-01-08T13:44:00,40.612,142.065,2.636,0.197,1.8242,LoRaWAN,smart_meter
2025-01-09T09:22:00,135.488,24.933,7.773,9.065,0.2973,MQTT,actuator
2025-01-08T08:48:00,27.861,202.601,1.875,0.32,4.9076,LoRaWAN,smart_meter
2025-01-08T15:08:00,39.505,4.88,6.046,3.971,0.7457,MQTT,actuator
2025-01-08T10:49:00,79.334,23.838,4.401,5.989,2.4347,MQTT,env_sensor
2025-01-08T21:55:00,98.366,23.656,3.554,8.97,2.2879,MQTT,env_sensor
2025-01-08T03:49:00,102.479,14.606,7.431,11.706,1.6301,MQTT,actuator
2025-01-08T15:18:00,25.313,133.561,0.937,0.232,4.0049,LoRaWAN,smart_meter
2025-01-09T13:02:00,2567.261,88.649,4.933,39.688,1.0188,HTTPS,camera
2025-01-09T07:07:00,17.535,88.225,0.1,0.558,6.4855,MQTT,smart_meter
2025-01-09T12:34:00,78.029,19.6,3.108,7.677,0.9584,MQTT,actuator
2025-01-08T22:28:00,1697.8,35.416,3.083,184.554,0.5888,HTTPS,camera
2025-01-08T03:11:00,778.619,56.727,6.601,48.991,0.8106,CoAP,gateway
2025-01-08T11:17:00,1439.964,40.239,3.279,24.287,0.9117,HTTPS,gateway
2025-01-08T20:26:00,1469.771,52.703,3.529,106.952,0.9998,HTTPS,camera
2025-01-08T08:47:00,64.296,34.906,0.1,6.462,0.0,MQTT,env_sensor
2025-01-09T10:59:00,23.216,118.656,1.298,0.338,3.7482,LoRaWAN,smart_meter
2025-01-08T12:25:00,1397.643,34.668,6.31,0.05,0.6583,HTTPS,camera
2025-01-09T09:06:00,1159.847,64.936,5.543,0.05,1.4388,CoAP,gateway
2025-01-08T16:55:00,138.161,65.582,8.106,79.658,1.0353,MQTT,gateway
2025-01-09T14:48:00,59.982,29.529,0.274,2.784,0.0,MQTT,env_sensor
2025-01-08T03:17:00,464.645,23.421,18.757,110.014,1.8104,CoAP,gateway
2025-01-09T02:26:00,126.491,4.849,3.637,15.318,0.9468,MQTT,actuator
2025-01-09T11:37:00,18.778,202.502,2.635,0.311,3.4475,LoRaWAN,smart_meter
2025-01-08T15:25:00,1437.1,85.33,0.739,199.922,1.1476,HTTPS,camera
2025-01-08T18:45:00,2244.112,51.162,1.81,98.542,0.3137,HTTPS,camera
2025-01-09T00:59:00,71.403,1.0,6.071,3.901,0.0,MQTT,env_sensor
2025-01-08T13:32:00,74.783,30.05,0.513,14.341,0.7475,MQTT,actuator
2025-01-09T06:20:00,933.208,43.827,5.562,30.202,0.0,CoAP,gateway
2025-01-08T13:35:00,23.99,179.77,1.711,0.099,1.2783,LoRaWAN,smart_meter
2025-01-09T10:00:00,45.589,12.231,0.749,2.506,0.3023,MQTT,env_sensor
2025-01-08T09:08:00,1036.506,24.021,13.683,72.834,1.1403,HTTPS,gateway
2025-01-09T12:52:00,70.847,1.0,5.257,0.228,0.077,CoAP,env_sensor
2025-01-09T07:33:00,826.078,61.854,17.282,26.096,1.6217,CoAP,gateway
2025-01-09T03:06:00,1953.391,93.323,1.545,39.118,0.2078,HTTPS,camera
2025-01-08T04:50:00,2395.091,37.221,3.188,61.54,0.8389,HTTPS,camera
2025-01-08T19:32:00,515.005,3.225,8.88,108.148,0.8878,HTTPS,gateway
2025-01-09T05:44:00,96.666,23.18,1.456,3.936,0.2011,MQTT,env_sensor
2025-01-08T19:25:00,83.982,24.639,1.978,7.669,0.9183,MQTT,env_sensor
2025-01-09T13:34:00,54.338,28.048,2.447,4.517,2.2327,MQTT,env_sensor
2025-01-09T11:29:00,32.697,174.214,4.631,0.24,1.3993,MQTT,smart_meter
2025-01-08T21:40:00,107.479,24.02,1.516,2.87,0.7323,MQTT,env_sensor
2025-01-09T06:24:00,31.514,330.08,2.913,0.834,5.1072,LoRaWAN,smart_meter
2025-01-09T09:59:00,2069.243,46.364,6.025,173.812,0.5125,HTTPS,camera
2025-01-09T14:12:00,1676.914,77.027,7.993,84.126,1.0,HTTPS,camera
2025-01-08T23:36:00,68.312,23.184,3.88,1.968,0.7688,MQTT,env_sensor
2025-01-08T22:48:00,2637.008,46.346,3.461,187.072,1.4596,HTTPS,camera
2025-01-09T10:36:00,104.638,16.57,8.78,7.281,2.2347,MQTT,actuator
2025-01-08T14:26:00,76.753,16.302,6.673,4.082,0.7517,CoAP,actuator
2025-01-08T21:49:00,484.447,57.364,7.347,35.863,1.8158,CoAP,gateway
2025-01-08T17:26:00,147.5,61.899,16.162,76.154,2.5846,MQTT,gateway
2025-01-09T13:04:00,1107.173,60.867,6.364,91.395,2.0842,HTTPS,gateway
2025-01-09T02:12:00,2353.495,71.433,7.967,133.551,0.0467,HTTPS,camera
2025-01-08T08:36:00,656.742,53.704,12.622,120.019,0.8912,HTTPS,gateway
2025-01-09T15:04:00,1983.86,28.32,4.923,51.343,0.7663,HTTPS,camera
2025-01-09T00:57:00,73.969,44.907,1.328,3.812,0.6426,MQTT,env_sensor
2025-01-08T19:13:00,33.116,184.502,0.999,0.449,4.5011,LoRaWAN,smart_meter
2025-01-09T07:50:00,880.207,41.163,7.68,52.915,0.0,HTTPS,camera
2025-01-09T09:33:00,114.86,19.809,3.436,10.334,0.015,MQTT,actuator
2025-01-09T15:43:00,24.768,32.204,3.393,3.721,3.14,MQTT,env_sensor
2025-01-08T07:43:00,200.6,29.191,5.59,62.449,2.2091,MQTT,gateway
2025-01-08T22:20:00,1837.789,47.567,8.451,77.178,0.0,HTTPS,gateway
2025-01-08T14:11:00,16.792,230.281,3.605,0.581,0.0,LoRaWAN,smart_meter
2025-01-09T13:10:00,687.563,31.734,5.311,53.603,1.013,CoAP,gateway
2025-01-09T10:39:00,74.659,44.771,9.653,6.891,0.7586,MQTT,env_sensor
2025-01-09T08:18:00,9.466,18.349,4.184,2.717,1.9405,MQTT,env_sensor
2025-01-08T15:43:00,1196.461,1.0,2.39,154.025,0.9084,HTTPS,camera
2025-01-09T08:31:00,838.668,71.681,3.704,214.391,0.0633,HTTPS,camera
2025-01-08T23:23:00,38.013,39.965,2.954,1.411,0.8789,MQTT,env_sensor
2025-01-08T11:03:00,111.836,22.445,6.921,12.422,1.1987,MQTT,actuator
2025-01-08T18:58:00,21.083,172.971,3.797,0.05,0.3488,LoRaWAN,smart_meter
2025-01-08T19:59:00,32.339,198.442,2.856,0.506,1.8134,LoRaWAN,smart_meter
2025-01-08T18:02:00,416.291,34.43,7.116,137.108,0.0,HTTPS,gateway
2025-01-08T08:45:00,2231.141,55.638,6.125,67.57,1.2652,HTTPS,camera
2025-01-09T08:44:00,66.336,8.187,1.575,9.146,1.6827,MQTT,env_sensor
2025-01-08T05:57:00,34.466,159.298,3.139,0.503,3.9116,LoRaWAN,smart_meter
2025-01-08T12:43:00,2044.018,42.508,8.528,34.647,0.0,HTTPS,gateway
2025-01-09T03:53:00,421.149,78.911,6.92,8.587,0.3557,CoAP,camera
2025-01-09T13:35:00,2400.924,58.335,0.1,138.937,0.9631,HTTPS,camera
2025-01-09T09:53:00,127.948,16.172,7.117,7.377,0.0,MQTT,actuator
2025-01-09T08:43:00,141.888,14.695,4.703,7.216,0.7258,MQTT,actuator
2025-01-08T03:41:00,1372.097,67.589,5.092,50.344,0.932,HTTPS,gateway
2025-01-09T13:13:00,93.555,10.215,7.823,2.565,1.1592,CoAP,actuator
2025-01-09T08:30:00,113.673,18.877,0.56,4.843,0.0,MQTT,env_sensor
2025-01-09T09:34:00,48.752,44.146,5.892,8.75,1.1487,CoAP,env_sensor
2025-01-09T03:23:00,71.482,12.711,5.241,7.516,0.0,MQTT,actuator
2025-01-08T17:33:00,1219.489,55.308,6.509,0.05,0.4126,HTTPS,gateway
2025-01-08T14:55:00,33.792,208.543,2.407,0.527,2.9989,MQTT,smart_meter
2025-01-08T02:05:00,84.582,25.522,4.267,7.198,1.1143,MQTT,env_sensor
2025-01-08T05:21:00,79.603,39.847,4.149,0.05,2.1658,MQTT,env_sensor
2025-01-08T08:54:00,1681.049,91.36,1.136,229.242,0.5626,HTTPS,camera
2025-01-07T23:21:00,2171.266,49.781,5.474,164.287,0.4409,HTTPS,camera
2025-01-08T22:21:00,583.91,34.997,2.09,173.345,0.4291,HTTPS,camera
2025-01-08T10:09:00,110.055,39.37,4.575,3.945,0.7802,MQTT,actuator
2025-01-08T23:32:00,899.893,61.051,6.623,85.339,1.5797,CoAP,camera
2025-01-08T22:54:00,150.464,23.142,4.08,10.607,0.6886,MQTT,actuator
2025-01-08T14:41:00,77.449,14.242,4.603,3.902,3.628,MQTT,env_sensor
2025-01-08T09:22:00,110.7,23.242,4.253,9.318,0.2302,MQTT,actuator
2025-01-09T00:13:00,28.786,259.657,0.903,0.657,2.8103,LoRaWAN,smart_meter
2025-01-08T06:02:00,73.323,35.608,2.294,0.05,0.0,HTTPS,env_sensor
2025-01-09T02:46:00,156.861,13.968,3.287,7.95,0.7079,MQTT,actuator
2025-01-08T18:30:00,25.424,235.544,1.115,0.177,4.399,LoRaWAN,smart_meter
2025-01-08T07:13:00,31.692,197.471,0.879,0.698,0.6307,LoRaWAN,smart_meter
2025-01-08T03:13:00,74.464,42.05,2.229,4.474,1.409,MQTT,env_sensor
2025-01-08T01:50:00,586.554,78.267,4.921,159.19,0.0312,HTTPS,camera
2025-01-08T23:44:00,147.168,13.838,8.679,9.492,0.319,CoAP,actuator
2025-01-08T18:10:00,33.078,225.811,0.1,0.05,2.7216,LoRaWAN,smart_meter
2025-01-08T11:38:00,30.861,168.846,1.859,0.268,1.6289,LoRaWAN,smart_meter
2025-01-09T08:10:00,21.813,148.035,1.795,0.339,5.3123,LoRaWAN,smart_meter
2025-01-08T15:41:00,1621.218,21.574,7.199,114.938,0.4225,HTTPS,camera
2025-01-09T00:40:00,1231.543,57.076,5.438,176.834,1.0764,HTTPS,camera
2025-01-08T01:11:00,504.71,44.882,3.371,92.085,0.9049,HTTPS,gateway
2025-01-08T06:56:00,759.205,23.104,0.467,129.729,1.4546,MQTT,gateway
2025-01-08T19:35:00,85.095,63.633,1.295,0.225,1.4154,MQTT,env_sensor
2025-01-08T15:45:00,56.666,22.514,11.299,8.31,2.4539,CoAP,actuator
2025-01-09T10:49:00,734.085,60.549,2.444,110.588,0.8831,HTTPS,camera
2025-01-09T15:31:00,159.042,19.268,7.898,9.883,1.1121,CoAP,actuator
2025-01-09T06:26:00,19.263,202.962,1.384,0.524,0.8694,LoRaWAN,smart_meter
2025-01-09T11:22:00,39.827,127.527,3.013,0.622,0.1271,LoRaWAN,smart_meter
2025-01-09T11:16:00,19.833,14.393,0.711,3.494,3.0289,MQTT,env_sensor
2025-01-08T19:27:00,473.93,41.486,7.505,39.871,1.3309,CoAP,gateway
2025-01-09T14:52:00,1682.424,38.642,9.387,151.372,1.2032,HTTPS,gateway
2025-01-08T17:24:00,1246.656,58.824,4.194,137.388,0.0,HTTPS,camera
2025-01-08T17:27:00,139.562,11.037,8.788,11.088,1.8175,MQTT,actuator
2025-01-08T13:50:00,136.939,8.228,4.651,16.332,1.2743,MQTT,actuator
2025-01-08T08:47:00,114.917,12.287,6.982,10.4,0.6098,MQTT,actuator
2025-01-09T00:16:00,114.72,17.319,9.721,13.866,0.0,MQTT,actuator
2025-01-09T13:31:00,27.411,186.07,2.114,0.095,1.7257,LoRaWAN,smart_meter
2025-01-08T10:45:00,36.957,199.682,1.416,0.05,1.9309,LoRaWAN,smart_meter
2025-01-09T00:47:00,97.289,24.591,0.1,6.002,1.8686,MQTT,env_sensor
2025-01-09T10:54:00,1215.407,32.221,7.772,180.796,0.1125,HTTPS,camera
2025-01-09T04:02:00,29.503,260.362,3.006,0.116,0.0,LoRaWAN,smart_meter
2025-01-09T05:50:00,1712.232,74.562,3.637,136.872,0.4677,HTTPS,camera
2025-01-09T00:03:00,1631.736,45.788,0.1,88.397,0.0,HTTPS,camera
2025-01-09T13:48:00,106.9,12.153,5.529,5.772,1.0439,MQTT,actuator
2025-01-09T05:32:00,29.942,185.267,1.716,0.112,4.6845,LoRaWAN,smart_meter
2025-01-09T05:36:00,1134.744,41.981,3.676,143.558,0.6283,HTTPS,gateway
2025-01-08T04:40:00,117.21,23.01,0.1,9.471,0.7497,MQTT,actuator
2025-01-09T06:55:00,30.765,161.73,1.172,0.995,4.4714,LoRaWAN,smart_meter
2025-01-08T11:57:00,8.0,55.448,4.159,97.736,1.2331,HTTPS,gateway
2025-01-09T08:47:00,2049.301,58.474,4.816,97.788,1.0023,HTTPS,camera
2025-01-08T03:16:00,31.239,34.785,3.289,0.959,2.58,MQTT,env_sensor
2025-01-09T03:23:00,34.798,203.956,0.981,0.232,4.9156,LoRaWAN,smart_meter
2025-01-09T01:39:00,107.536,12.694,8.842,10.022,1.1288,CoAP,actuator
2025-01-09T06:08:00,105.993,28.29,5.513,6.496,1.1455,CoAP,actuator
2025-01-08T07:26:00,1670.678,44.125,1.338,136.708,0.0,HTTPS,camera
2025-01-09T06:39:00,1039.748,43.727,2.234,86.413,0.1495,HTTPS,camera
2025-01-09T06:10:00,2375.166,49.543,0.1,38.742,0.6253,HTTPS,camera
2025-01-09T11:52:00,67.001,28.124,3.577,4.49,0.4922,MQTT,env_sensor
2025-01-09T00:56:00,629.007,88.214,0.806,73.725,0.8946,HTTPS,gateway
2025-01-08T00:09:00,1870.834,51.799,3.531,95.381,1.6573,HTTPS,gateway
2025-01-09T07:20:00,846.32,74.177,0.1,234.237,0.0,HTTPS,camera
2025-01-09T12:26:00,88.844,45.808,1.38,2.698,1.5398,MQTT,env_sensor
2025-01-08T05:59:00,839.5,65.993,12.007,82.787,1.863,CoAP,gateway
2025-01-09T01:29:00,41.661,29.027,4.558,5.964,1.5849,MQTT,env_sensor
2025-01-09T13:47:00,21.984,219.509,0.1,0.997,5.1969,LoRaWAN,smart_meter
2025-01-07T22:53:00,985.628,80.169,6.514,165.007,0.6585,HTTPS,camera
2025-01-08T21:30:00,1645.86,47.676,1.754,33.668,0.3388,HTTPS,gateway
2025-01-09T06:28:00,128.564,9.4,5.782,5.018,1.3071,MQTT,actuator
2025-01-08T06:18:00,226.592,25.161,0.855,71.577,0.7559,HTTPS,gateway
2025-01-08T22:13:00,1154.815,55.742,4.503,153.023,1.1562,HTTPS,camera
2025-01-08T06:08:00,219.296,53.789,14.539,47.298,0.1313,CoAP,gateway
2025-01-08T05:32:00,76.594,22.647,0.21,5.31,0.7163,MQTT,env_sensor
2025-01-08T04:18:00,661.546,74.63,6.542,65.732,1.1846,CoAP,camera
2025-01-08T06:02:00,178.847,23.97,9.491,0.05,0.8958,MQTT,actuator
2025-01-08T19:00:00,29.897,201.961,2.613,0.298,2.8705,LoRaWAN,smart_meter
2025-01-08T11:46:00,83.245,5.599,1.261,0.894,0.0,MQTT,env_sensor
2025-01-08T14:50:00,931.23,60.592,6.409,97.799,1.9372,CoAP,gateway
2025-01-09T05:17:00,2147.932,57.22,6.437,124.298,1.3594,HTTPS,camera
2025-01-08T21:43:00,1566.182,64.06,2.206,138.039,0.3796,HTTPS,camera
2025-01-09T04:52:00,23.633,157.159,4.8,0.05,5.3995,LoRaWAN,smart_meter
2025-01-09T02:40:00,1760.734,49.519,4.935,131.95,0.8731,HTTPS,camera
2025-01-09T06:36:00,22.282,230.789,0.1,0.49,4.002,LoRaWAN,smart_meter
2025-01-09T05:27:00,121.204,13.171,9.186,4.447,1.0843,MQTT,actuator
2025-01-09T05:55:00,28.239,250.914,0.1,0.234,0.0,LoRaWAN,smart_meter
2025-01-08T12:02:00,40.393,146.583,0.1,0.307,3.3351,LoRaWAN,smart_meter
2025-01-08T04:43:00,111.345,16.918,9.411,6.995,0.5977,MQTT,actuator
2025-01-07T23:09:00,1357.787,69.213,1.382,72.404,0.5732,HTTPS,gateway
2025-01-08T07:56:00,1054.359,48.02,5.046,92.635,2.0719,HTTPS,gateway
2025-01-09T01:23:00,100.903,23.716,2.962,12.847,2.2616,MQTT,actuator
2025-01-08T15:40:00,18.884,15.706,3.516,0.05,0.0,MQTT,env_sensor
2025-01-08T22:23:00,733.374,44.762,3.42,0.05,1.2931,MQTT,gateway
2025-01-08T18:56:00,94.58,8.068,3.062,8.795,0.4257,MQTT,env_sensor
2025-01-08T02:01:00,1235.736,33.038,1.957,189.434,0.5771,HTTPS,camera
2025-01-09T07:23:00,1233.882,48.242,6.088,174.774,1.3184,HTTPS,camera
2025-01-08T01:21:00,46.799,83.511,0.434,0.631,3.3075,MQTT,smart_meter
2025-01-08T07:31:00,125.29,13.057,8.36,7.613,0.0,MQTT,actuator
2025-01-09T02:07:00,2173.573,56.729,2.68,41.72,0.1188,HTTPS,camera
2025-01-08T02:32:00,1430.415,112.311,6.201,50.252,1.5741,HTTPS,camera
2025-01-08T19:23:00,116.701,1.0,4.525,11.156,0.9455,MQTT,actuator
2025-01-09T14:02:00,145.01,26.567,4.732,7.267,0.0,MQTT,actuator
2025-01-09T03:19:00,897.399,49.854,14.129,5.159,1.2851,CoAP,gateway
2025-01-08T12:37:00,105.042,14.254,3.223,11.002,0.7395,MQTT,actuator
2025-01-08T15:34:00,2187.997,37.991,6.138,147.477,0.526,HTTPS,camera
2025-01-08T01:30:00,26.561,175.938,1.513,0.36,1.7888,LoRaWAN,smart_meter
2025-01-08T08:19:00,93.931,15.34,6.077,0.996,0.0,MQTT,env_sensor
2025-01-09T06:18:00,456.33,55.023,3.769,59.936,1.8092,MQTT,gateway
2025-01-09T14:41:00,24.231,191.175,1.631,0.357,2.1755,LoRaWAN,smart_meter
2025-01-09T14:16:00,53.426,13.444,1.52,2.021,0.002,MQTT,env_sensor
2025-01-09T09:02:00,389.363,58.125,4.304,62.956,0.7717,HTTPS,gateway
2025-01-08T07:51:00,1061.194,48.592,16.597,33.467,2.7718,CoAP,gateway
2025-01-08T07:11:00,100.907,14.428,1.89,8.891,0.3603,MQTT,actuator
2025-01-08T14:32:00,2114.136,54.701,5.032,94.175,0.5708,HTTPS,camera
2025-01-09T15:37:00,44.981,8.099,11.957,7.824,0.0833,MQTT,actuator
2025-01-09T14:37:00,89.312,34.403,8.882,2.419,0.0883,CoAP,actuator
2025-01-08T06:41:00,31.082,83.218,2.664,0.368,2.3338,LoRaWAN,smart_meter
2025-01-08T20:54:00,2476.867,17.017,12.449,110.216,0.1486,HTTPS,camera
2025-01-09T03:44:00,133.212,33.673,2.21,4.263,1.6415,MQTT,actuator
2025-01-08T19:42:00,23.31,168.514,1.391,0.767,0.0,LoRaWAN,smart_meter
2025-01-08T11:08:00,1577.88,32.81,4.683,103.933,1.431,HTTPS,camera
2025-01-08T18:35:00,32.51,148.967,1.483,0.314,1.8341,LoRaWAN,smart_meter
2025-01-08T05:39:00,28.654,255.439,2.907,0.319,5.7719,LoRaWAN,smart_meter
2025-01-09T09:13:00,29.705,142.701,2.487,0.287,4.1552,LoRaWAN,smart_meter
2025-01-09T12:25:00,33.472,35.24,5.214,0.516,2.8225,MQTT,env_sensor
2025-01-08T14:56:00,32.33,199.508,2.233,0.297,1.8179,LoRaWAN,smart_meter
2025-01-09T15:29:00,8.0,19.737,2.464,12.011,0.4807,MQTT,actuator
2025-01-08T12:15:00,1513.261,94.941,8.995,115.686,0.9488,HTTPS,gateway
2025-01-07T23:08:00,1113.686,44.533,13.246,79.944,0.0,HTTPS,gateway
2025-01-08T09:07:00,24.133,72.739,2.221,0.507,5.3214,LoRaWAN,smart_meter
2025-01-08T22:24:00,12.2,89.759,2.122,0.644,2.743,MQTT,smart_meter
2025-01-08T17:14:00,55.873,30.167,0.744,4.159,0.8506,MQTT,env_sensor
2025-01-09T02:52:00,689.005,53.53,6.007,81.45,0.0,HTTPS,gateway
2025-01-08T00:03:00,32.04,156.455,1.33,0.651,1.6293,MQTT,smart_meter
2025-01-09T06:37:00,16.633,121.946,0.1,0.225,5.2477,LoRaWAN,smart_meter
2025-01-07T23:13:00,1575.397,51.235,2.328,217.777,0.7698,HTTPS,camera
2025-01-09T15:01:00,66.376,28.077,0.868,5.372,1.7568,MQTT,env_sensor
2025-01-08T02:26:00,62.617,39.364,1.873,6.124,0.7209,MQTT,env_sensor
2025-01-09T11:35:00,16.726,200.41,3.054,1.364,1.5553,MQTT,smart_meter
2025-01-09T12:40:00,602.552,44.387,4.73,77.487,0.5694,HTTPS,camera
2025-01-08T04:13:00,1513.714,42.576,0.1,126.288,0.0,HTTPS,camera
2025-01-08T15:17:00,59.428,20.615,0.1,6.027,0.0,MQTT,env_sensor
2025-01-08T05:31:00,23.403,75.924,1.741,0.538,0.0,HTTPS,smart_meter
2025-01-09T13:21:00,2353.832,21.546,4.768,145.954,0.8656,HTTPS,camera
2025-01-08T18:12:00,664.27,1.0,6.568,179.542,0.6813,HTTPS,camera
2025-01-09T01:09:00,94.94,42.113,1.994,7.669,2.5755,MQTT,env_sensor
2025-01-08T10:44:00,49.201,29.257,3.159,1.588,0.0,MQTT,env_sensor
2025-01-08T10:23:00,53.258,12.442,2.722,4.707,1.8556,MQTT,env_sensor
2025-01-09T05:58:00,102.772,30.769,7.718,4.246,0.5771,CoAP,actuator
2025-01-08T05:41:00,954.546,57.773,5.293,83.174,1.5161,MQTT,camera
2025-01-08T15:10:00,128.928,19.62,2.977,2.896,1.9682,MQTT,actuator
2025-01-08T04:54:00,71.472,15.631,0.806,3.996,0.2543,MQTT,env_sensor
2025-01-09T12:49:00,1366.956,40.92,6.839,32.896,1.3891,CoAP,gateway
2025-01-08T00:19:00,1382.161,33.287,3.191,78.439,1.8111,HTTPS,gateway
2025-01-09T06:48:00,1327.339,65.57,4.199,186.715,0.9892,HTTPS,camera
2025-01-09T03:37:00,87.084,4.226,5.831,5.337,4.9019,MQTT,env_sensor
2025-01-08T11:11:00,48.676,14.835,0.242,0.921,1.9219,MQTT,env_sensor
2025-01-08T22:22:00,1421.875,29.099,3.843,107.229,1.0189,MQTT,camera
2025-01-08T23:50:00,76.511,12.076,7.201,6.455,0.0,MQTT,actuator
2025-01-08T16:18:00,107.173,18.407,3.416,6.715,0.3562,MQTT,actuator
2025-01-09T15:32:00,26.31,242.309,1.597,0.824,2.9067,LoRaWAN,smart_meter
2025-01-08T00:38:00,68.193,23.303,1.053,9.536,0.0074,MQTT,actuator
2025-01-08T22:03:00,1387.423,66.218,0.1,130.559,0.0352,HTTPS,camera
2025-01-08T18:10:00,133.354,19.367,8.658,5.33,0.2279,CoAP,actuator
2025-01-08T18:23:00,131.723,18.291,6.446,17.742,1.1548,CoAP,actuator
2025-01-09T04:55:00,64.317,22.887,3.531,6.112,1.3136,MQTT,env_sensor
2025-01-08T09:51:00,1081.677,67.657,0.1,114.232,0.6059,HTTPS,camera
2025-01-08T21:00:00,932.521,62.024,5.714,49.926,1.3853,CoAP,gateway
2025-01-09T02:28:00,35.808,217.31,4.6,0.099,2.8507,LoRaWAN,smart_meter
2025-01-08T23:32:00,1386.675,61.819,21.289,55.53,1.2213,HTTPS,gateway
2025-01-09T13:30:00,86.208,33.311,4.117,15.372,1.1603,MQTT,actuator
2025-01-08T17:17:00,27.573,159.391,1.171,0.05,2.8097,LoRaWAN,smart_meter
2025-01-08T05:02:00,1478.281,67.049,5.042,112.89,0.8921,HTTPS,camera
2025-01-08T01:52:00,71.28,40.032,2.662,2.159,0.5527,MQTT,env_sensor
2025-01-09T13:17:00,2328.876,26.232,8.54,236.721,1.1079,CoAP,camera
2025-01-08T14:46:00,16.844,96.414,3.012,0.481,1.8911,MQTT,smart_meter
2025-01-08T06:51:00,149.637,2.797,5.306,0.992,0.264,MQTT,actuator
2025-01-09T02:36:00,1568.736,46.368,5.545,88.134,0.6312,HTTPS,gateway
2025-01-08T11:43:00,50.448,36.968,3.743,9.773,1.7293,MQTT,env_sensor
2025-01-08T14:58:00,1272.18,74.366,11.887,95.294,0.192,HTTPS,gateway
2025-01-08T17:27:00,1422.908,81.335,0.1,79.232,0.2133,HTTPS,camera
2025-01-09T15:16:00,72.423,39.337,0.446,6.268,1.231,MQTT,env_sensor
2025-01-09T02:45:00,1767.496,21.545,0.1,198.434,1.0619,HTTPS,camera
2025-01-08T10:52:00,112.257,8.796,5.222,14.091,0.1552,MQTT,actuator
2025-01-09T05:51:00,97.925,38.149,0.1,3.372,1.3897,MQTT,env_sensor
2025-01-08T12:45:00,86.816,10.434,10.044,13.017,1.4403,CoAP,actuator
2025-01-09T10:02:00,23.661,204.788,3.962,0.431,3.351,LoRaWAN,smart_meter
2025-01-09T10:00:00,120.607,20.051,7.052,10.388,0.3954,MQTT,actuator
2025-01-08T19:48:00,96.638,13.655,7.711,4.959,1.394,MQTT,actuator
2025-01-08T18:49:00,1753.28,58.443,6.033,100.796,0.3174,HTTPS,camera
2025-01-07T23:56:00,1846.342,65.564,5.508,145.54,0.597,HTTPS,camera
2025-01-09T01:23:00,798.193,10.267,2.395,145.293,1.281,MQTT,camera
2025-01-09T03:38:00,8.0,48.911,8.266,0.05,0.4513,LoRaWAN,gateway
2025-01-09T04:06:00,1068.194,74.912,1.277,0.05,0.749,HTTPS,camera
2025-01-09T15:03:00,33.156,193.276,2.885,0.333,0.0,LoRaWAN,smart_meter
2025-01-09T14:29:00,1651.634,49.644,4.179,90.776,0.303,HTTPS,camera
2025-01-09T14:27:00,859.84,44.039,8.582,151.666,0.3419,HTTPS,camera
2025-01-08T07:45:00,1783.878,55.951,0.378,101.695,0.0,HTTPS,camera
2025-01-09T14:22:00,277.257,52.015,6.039,76.633,0.9979,HTTPS,gateway
2025-01-08T05:40:00,26.05,136.399,1.151,0.107,0.9841,LoRaWAN,smart_meter
2025-01-09T08:15:00,1401.926,64.512,1.651,83.87,0.4889,HTTPS,camera
2025-01-09T07:18:00,1795.11,64.695,2.919,131.445,1.0681,HTTPS,camera
2025-01-09T07:44:00,36.604,232.848,1.827,0.528,0.0,LoRaWAN,smart_meter
2025-01-08T20:10:00,2186.648,49.05,1.206,177.021,0.6691,HTTPS,camera
2025-01-08T11:22:00,1139.154,23.69,10.872,0.05,1.0922,CoAP,gateway
2025-01-09T05:10:00,1225.704,45.025,8.521,212.348,0.3882,HTTPS,camera
2025-01-08T10:44:00,39.261,49.525,1.5,0.072,3.2902,MQTT,smart_meter
2025-01-08T02:27:00,815.677,91.331,9.964,128.324,0.3938,HTTPS,camera
2025-01-08T23:10:00,539.789,26.252,16.705,44.648,1.0585,CoAP,gateway
2025-01-09T16:05:00,952.607,52.929,3.171,172.053,0.0,HTTPS,camera
2025-01-09T14:41:00,2414.582,68.979,5.397,96.964,0.3369,HTTPS,camera
2025-01-08T00:26:00,18.253,157.049,0.536,0.823,1.47,LoRaWAN,smart_meter
2025-01-08T04:27:00,984.376,33.881,2.066,112.658,0.9053,HTTPS,camera
2025-01-09T06:49:00,82.473,1.069,1.923,3.417,1.9743,MQTT,env_sensor
2025-01-08T00:40:00,91.816,18.758,3.334,14.044,0.4799,MQTT,env_sensor
2025-01-09T04:10:00,67.38,41.457,2.427,9.357,0.1494,MQTT,env_sensor
2025-01-09T07:33:00,94.245,33.321,0.1,2.825,3.1218,MQTT,env_sensor
2025-01-09T02:31:00,114.878,16.132,9.181,9.665,0.9349,MQTT,actuator
2025-01-09T15:00:00,57.822,25.071,5.213,3.735,1.0637,MQTT,env_sensor
2025-01-08T15:54:00,1409.185,62.307,6.079,120.365,0.7371,HTTPS,camera
2025-01-08T21:51:00,1235.662,60.027,14.036,65.348,1.1019,HTTPS,gateway
2025-01-09T15:51:00,58.688,32.316,4.798,6.169,1.5105,MQTT,env_sensor
2025-01-09T15:27:00,701.735,57.515,12.007,109.488,0.706,HTTPS,gateway
2025-01-08T16:38:00,29.469,226.268,3.221,0.409,0.2139,LoRaWAN,smart_meter
2025-01-08T15:52:00,77.753,22.175,4.45,8.391,3.0705,MQTT,env_sensor
2025-01-08T17:55:00,231.469,46.214,2.055,128.453,1.7375,MQTT,camera
2025-01-09T00:25:00,413.931,80.322,9.365,21.712,0.0,CoAP,gateway
2025-01-09T06:40:00,156.953,26.306,10.068,6.484,1.697,CoAP,actuator
2025-01-09T00:17:00,445.209,72.175,8.378,37.794,1.9801,CoAP,gateway
2025-01-08T10:42:00,693.838,23.814,5.195,0.05,2.283,CoAP,gateway
2025-01-08T22:22:00,21.204,220.411,2.639,0.54,3.8741,LoRaWAN,smart_meter
2025-01-08T03:33:00,19.183,205.977,1.588,0.05,3.4582,LoRaWAN,smart_meter
2025-01-09T00:32:00,1953.562,80.945,7.837,120.857,0.2208,HTTPS,camera
2025-01-08T08:35:00,25.752,182.306,1.363,0.453,2.9604,LoRaWAN,smart_meter
2025-01-08T01:39:00,1330.905,74.781,4.826,205.897,0.591,HTTPS,camera
2025-01-09T06:29:00,86.722,19.029,5.026,4.214,0.5349,MQTT,actuator
2025-01-09T04:43:00,1018.191,48.218,3.296,88.017,1.3484,HTTPS,gateway
2025-01-08T14:06:00,117.109,6.336,7.52,2.216,1.4915,MQTT,actuator
2025-01-08T10:29:00,2250.603,89.667,2.844,210.585,0.5659,HTTPS,camera
2025-01-08T16:49:00,64.999,32.362,6.164,2.61,1.747,MQTT,env_sensor
2025-01-08T21:48:00,25.014,177.545,2.41,0.05,3.8189,LoRaWAN,smart_meter
2025-01-08T10:31:00,30.57,122.63,5.932,0.405,4.251,LoRaWAN,smart_meter
2025-01-08T23:48:00,78.076,32.816,5.973,0.05,1.977,MQTT,env_sensor
2025-01-07T22:41:00,1198.561,4.622,5.501,97.195,0.7171,HTTPS,camera
2025-01-08T08:30:00,38.638,9.393,9.019,15.145,0.7278,MQTT,actuator
2025-01-08T16:50:00,37.536,293.293,0.966,0.333,4.4414,LoRaWAN,smart_meter
2025-01-09T08:36:00,42.516,152.867,1.724,0.05,0.1992,LoRaWAN,smart_meter
2025-01-08T23:36:00,113.59,5.483,9.276,13.657,0.0,MQTT,actuator
2025-01-09T10:16:00,635.521,20.367,3.186,120.516,0.9433,HTTPS,camera
2025-01-08T06:43:00,41.844,36.815,5.083,3.446,2.1751,CoAP,env_sensor
2025-01-08T06:22:00,270.783,43.046,12.939,0.05,1.253,CoAP,gateway
2025-01-08T20:32:00,1021.467,56.863,5.571,111.982,1.2485,CoAP,camera
2025-01-08T06:02:00,2619.309,25.83,5.55,120.938,1.1917,CoAP,camera
2025-01-08T14:53:00,43.226,40.23,3.851,0.05,1.2827,MQTT,env_sensor
2025-01-09T12:26:00,1275.24,37.972,0.1,91.595,0.0,HTTPS,gateway
2025-01-09T05:01:00,1404.832,38.411,3.967,166.082,0.6881,HTTPS,camera
2025-01-09T13:26:00,80.006,32.33,1.207,9.101,1.958,MQTT,env_sensor
2025-01-09T04:22:00,630.102,88.102,2.185,60.772,0.9435,HTTPS,camera
2025-01-08T20:51:00,931.014,76.894,8.518,206.545,0.0527,HTTPS,camera
2025-01-09T15:34:00,61.214,24.941,1.301,1.31,0.3897,MQTT,env_sensor
2025-01-09T02:57:00,1585.219,90.194,3.422,102.771,0.2388,HTTPS,camera
2025-01-09T16:15:00,1437.153,87.143,0.1,159.792,0.6969,HTTPS,camera
2025-01-08T20:24:00,30.849,204.393,0.357,0.251,0.8332,LoRaWAN,smart_meter
2025-01-09T08:28:00,94.285,21.247,7.278,12.054,0.1555,MQTT,actuator
2025-01-08T06:36:00,116.453,21.111,0.1,2.417,0.1843,MQTT,env_sensor
2025-01-09T14:41:00,131.016,16.731,8.216,5.97,0.1838,MQTT,actuator
2025-01-09T16:03:00,1867.634,27.502,6.372,173.9,0.4409,HTTPS,camera
2025-01-08T12:42:00,117.948,27.118,0.541,2.4,0.0,MQTT,env_sensor
2025-01-08T20:52:00,101.144,14.425,0.1,6.781,1.0328,MQTT,actuator
2025-01-09T00:42:00,1372.285,55.629,0.1,4.337,0.4558,HTTPS,camera
2025-01-08T00:58:00,26.09,139.831,2.902,0.275,4.8396,LoRaWAN,smart_meter
2025-01-09T10:55:00,1645.51,76.914,5.529,106.917,1.5143,HTTPS,camera
2025-01-08T20:18:00,91.312,36.569,0.1,0.05,3.0332,MQTT,env_sensor
2025-01-09T13:46:00,144.87,27.585,10.401,11.639,0.0931,CoAP,actuator
2025-01-08T07:16:00,1337.006,24.539,4.464,71.771,2.6918,HTTPS,gateway
2025-01-09T08:25:00,1453.607,31.45,4.553,265.139,0.604,HTTPS,camera
2025-01-08T07:09:00,1627.921,59.782,1.562,66.242,0.527,HTTPS,camera
2025-01-08T10:08:00,829.086,59.791,6.341,98.015,0.0,HTTPS,gateway
2025-01-09T04:49:00,951.59,61.749,1.517,69.003,0.4182,HTTPS,camera
2025-01-08T12:47:00,995.035,68.362,0.851,199.921,0.527,HTTPS,camera
2025-01-08T12:27:00,395.52,25.263,6.351,78.208,0.0333,HTTPS,gateway
2025-01-08T04:45:00,2435.634,34.933,6.532,60.612,0.8044,HTTPS,camera
2025-01-09T08:56:00,1425.452,56.927,7.996,91.95,1.8324,HTTPS,gateway
2025-01-09T01:53:00,1809.792,106.467,4.126,112.205,0.2519,HTTPS,camera
2025-01-08T14:54:00,39.153,169.138,0.1,0.883,3.3131,LoRaWAN,smart_meter
2025-01-08T20:32:00,125.363,25.274,4.583,7.743,1.0521,MQTT,actuator
2025-01-08T19:28:00,37.867,32.888,0.1,3.988,2.3536,MQTT,env_sensor
2025-01-08T15:49:00,20.497,25.021,1.702,7.831,0.0,MQTT,env_sensor
2025-01-09T00:09:00,87.076,14.807,3.407,3.4,0.6695,MQTT,env_sensor
2025-01-08T14:00:00,1413.338,60.644,13.22,111.139,1.3677,HTTPS,gateway
2025-01-09T13:45:00,2210.781,36.038,1.888,124.749,0.455,HTTPS,camera
2025-01-08T04:50:00,62.833,1.0,4.157,4.858,0.0,MQTT,env_sensor
2025-01-08T16:15:00,160.356,15.305,1.691,15.91,0.4019,MQTT,actuator
2025-01-07T23:53:00,117.969,1.0,6.377,10.212,1.7685,CoAP,actuator
2025-01-09T08:23:00,80.757,21.824,5.257,4.917,0.0,CoAP,env_sensor
2025-01-08T21:22:00,61.663,29.672,4.148,7.048,0.0869,MQTT,env_sensor
2025-01-08T00:44:00,95.762,27.736,1.353,1.573,2.2349,MQTT,env_sensor
2025-01-08T22:05:00,80.317,12.019,4.061,9.454,0.4407,MQTT,actuator
2025-01-08T17:12:00,59.985,14.507,0.1,8.502,1.4952,MQTT,env_sensor
2025-01-08T18:35:00,666.101,29.189,12.555,72.159,1.1884,CoAP,gateway
2025-01-09T07:05:00,1297.597,24.729,0.1,215.162,1.0398,HTTPS,camera
2025-01-08T13:27:00,25.038,262.636,4.272,0.632,5.5763,LoRaWAN,smart_meter
2025-01-08T17:55:00,97.319,22.044,2.041,12.644,1.3161,MQTT,actuator
2025-01-08T06:01:00,93.051,14.833,0.126,4.208,0.8754,MQTT,env_sensor
2025-01-09T03:50:00,517.055,25.236,14.564,36.179,0.0,CoAP,gateway
2025-01-09T01:36:00,74.23,33.498,7.272,2.873,2.0491,MQTT,env_sensor
2025-01-08T00:09:00,33.312,171.33,3.258,0.082,4.6129,MQTT,smart_meter
2025-01-08T03:50:00,860.957,30.19,4.897,0.05,0.9599,HTTPS,gateway
2025-01-09T01:30:00,495.996,36.948,15.321,80.383,0.8787,HTTPS,gateway
2025-01-08T20:25:00,2258.664,51.311,3.698,140.103,1.0148,HTTPS,camera
2025-01-08T19:41:00,1810.761,45.731,3.965,139.541,0.4898,HTTPS,camera
2025-01-08T20:51:00,1638.394,35.664,12.878,78.929,1.4768,HTTPS,gateway
2025-01-09T12:18:00,315.521,82.454,4.221,19.211,0.8888,HTTPS,camera
2025-01-09T05:48:00,147.103,21.41,3.141,7.34,0.5917,MQTT,actuator
2025-01-08T04:08:00,155.457,43.366,14.937,98.143,2.0028,MQTT,gateway
2025-01-08T18:12:00,13.365,170.01,1.85,0.522,1.0873,LoRaWAN,smart_meter
2025-01-08T20:15:00,1206.333,16.316,4.671,46.88,1.0333,MQTT,gateway
2025-01-08T18:03:00,30.738,152.208,0.1,0.409,3.1946,MQTT,smart_meter
2025-01-09T11:49:00,28.041,220.601,1.243,0.639,9.0848,LoRaWAN,smart_meter
2025-01-08T09:52:00,278.689,51.467,5.863,72.886,2.3234,CoAP,gateway
2025-01-09T14:51:00,464.919,32.869,14.319,61.093,1.5198,CoAP,gateway
2025-01-08T05:05:00,32.713,303.413,1.784,0.134,1.8015,LoRaWAN,smart_meter
2025-01-07T23:30:00,57.085,42.63,3.7,6.238,2.2045,MQTT,env_sensor
2025-01-09T04:05:00,32.764,27.718,2.435,5.453,0.0,MQTT,env_sensor
2025-01-08T02:04:00,1347.07,30.028,8.141,55.133,1.0521,HTTPS,camera
2025-01-08T06:37:00,1217.147,51.957,9.281,88.912,1.7638,HTTPS,gateway
2025-01-09T00:31:00,125.474,10.886,8.236,7.382,1.0544,MQTT,actuator
2025-01-09T03:56:00,18.595,164.63,2.252,0.05,0.0,LoRaWAN,smart_meter
2025-01-09T07:36:00,565.979,55.384,2.077,53.957,0.1401,HTTPS,gateway
2025-01-08T03:28:00,196.979,68.098,5.969,56.768,1.4019,MQTT,gateway
2025-01-08T04:37:00,2605.645,63.794,6.353,110.228,0.784,HTTPS,camera
2025-01-08T02:26:00,1737.555,90.489,7.666,12.374,0.9175,HTTPS,camera
2025-01-08T21:56:00,26.539,149.413,2.825,0.075,2.1947,LoRaWAN,smart_meter
2025-01-08T05:17:00,77.752,22.947,1.979,3.287,1.408,MQTT,env_sensor
2025-01-09T01:15:00,681.903,56.39,6.654,60.153,1.6618,CoAP,gateway
2025-01-08T17:28:00,76.378,26.277,5.621,9.229,0.054,MQTT,actuator
2025-01-09T06:45:00,28.605,178.399,0.1,0.721,0.7751,LoRaWAN,smart_meter
2025-01-09T01:39:00,73.092,24.253,2.309,1.229,0.6637,MQTT,env_sensor
2025-01-08T02:54:00,1666.779,9.443,0.1,130.486,1.4452,HTTPS,camera
2025-01-09T06:07:00,2617.079,80.669,0.1,30.266,0.3693,HTTPS,camera
2025-01-09T10:13:00,27.837,236.649,1.686,0.92,1.888,LoRaWAN,smart_meter
2025-01-08T14:27:00,254.032,1.0,4.039,110.466,1.8364,MQTT,gateway
2025-01-08T14:31:00,17.821,222.306,1.66,0.182,1.557,LoRaWAN,smart_meter
2025-01-08T17:59:00,1720.935,58.203,12.728,23.478,1.7164,CoAP,gateway
2025-01-09T01:47:00,8.0,43.297,7.154,15.985,2.0405,CoAP,gateway
2025-01-08T02:21:00,140.429,15.707,6.613,7.016,0.4529,MQTT,actuator
2025-01-08T15:57:00,39.558,269.43,0.398,0.99,1.5282,LoRaWAN,smart_meter
2025-01-08T21:42:00,73.425,16.628,1.944,5.898,0.0,MQTT,env_sensor
2025-01-09T00:56:00,31.664,96.97,1.896,0.193,1.9707,MQTT,smart_meter
2025-01-09T01:06:00,2179.471,52.127,3.113,148.005,0.3512,HTTPS,camera
2025-01-09T05:28:00,1278.687,38.547,6.683,123.146,0.9364,HTTPS,gateway
2025-01-08T06:38:00,71.873,45.059,7.577,7.201,0.0,MQTT,env_sensor
2025-01-09T00:06:00,1566.012,67.939,8.637,144.268,1.4787,HTTPS,gateway
2025-01-08T00:26:00,99.543,47.28,4.713,6.618,0.0,MQTT,env_sensor
2025-01-08T21:13:00,1155.607,31.171,6.03,50.814,0.7064,HTTPS,gateway
2025-01-09T03:50:00,20.869,151.721,3.54,0.433,2.2352,LoRaWAN,smart_meter
2025-01-08T07:01:00,113.369,11.51,1.444,5.743,0.9261,MQTT,env_sensor
2025-01-09T14:10:00,24.542,164.806,1.477,0.078,2.7708,LoRaWAN,smart_meter
2025-01-09T14:23:00,49.471,15.749,0.751,3.624,1.2772,MQTT,env_sensor
2025-01-09T11:09:00,8.0,37.591,12.814,97.826,0.7117,HTTPS,gateway
2025-01-08T01:03:00,582.694,1.0,0.44,88.033,0.3945,HTTPS,gateway
2025-01-09T10:39:00,85.359,26.872,9.6,3.904,1.2456,MQTT,actuator
2025-01-08T04:19:00,1367.29,77.146,3.464,123.354,0.945,HTTPS,gateway
2025-01-09T05:57:00,1969.544,112.005,6.593,111.462,0.3761,HTTPS,camera
2025-01-09T06:43:00,2165.906,64.161,0.642,225.017,0.0,HTTPS,camera
2025-01-08T00:47:00,72.746,31.419,7.166,11.781,0.0,MQTT,actuator
2025-01-09T10:31:00,39.538,196.32,1.328,0.408,0.2794,LoRaWAN,smart_meter
2025-01-08T23:55:00,27.211,127.873,2.024,0.05,1.2142,LoRaWAN,smart_meter
2025-01-08T03:50:00,100.268,10.382,2.814,11.477,0.4931,MQTT,actuator
2025-01-08T09:57:00,1824.485,69.502,2.259,104.297,0.2061,HTTPS,camera
2025-01-08T11:36:00,101.587,16.96,7.429,11.984,1.6551,CoAP,actuator
2025-01-09T03:55:00,77.5,34.661,2.682,5.2,0.5769,MQTT,actuator
2025-01-08T00:22:00,17.371,149.354,0.563,0.634,2.8621,LoRaWAN,smart_meter
2025-01-09T07:24:00,1973.887,54.603,5.457,165.615,0.3863,HTTPS,camera
2025-01-09T02:12:00,23.46,251.379,1.207,0.05,0.0,LoRaWAN,smart_meter
2025-01-09T12:32:00,72.263,28.042,8.804,4.02,0.9794,MQTT,actuator
2025-01-08T05:24:00,33.362,198.421,1.082,0.05,2.8223,LoRaWAN,smart_meter
2025-01-09T08:49:00,1181.372,67.902,8.023,91.683,0.2012,HTTPS,gateway
2025-01-09T08:59:00,117.725,11.605,9.497,9.624,0.5002,CoAP,actuator
2025-01-08T01:16:00,90.092,6.96,2.227,9.708,0.4224,MQTT,env_sensor
2025-01-08T11:55:00,943.588,62.358,5.28,9.637,0.9903,CoAP,gateway
2025-01-08T19:06:00,288.737,70.092,4.864,19.552,0.0,HTTPS,gateway
2025-01-08T02:23:00,398.378,17.763,7.82,68.89,0.1476,HTTPS,gateway
2025-01-09T09:02:00,8.0,39.094,2.555,207.534,1.1613,MQTT,camera
2025-01-08T09:30:00,13.377,190.961,1.157,0.05,2.088,LoRaWAN,smart_meter
2025-01-08T00:31:00,1475.445,92.863,2.434,106.7,0.0588,HTTPS,camera
2025-01-08T13:31:00,68.38,20.155,4.095,7.579,1.5565,MQTT,env_sensor
2025-01-08T10:41:00,736.467,83.57,4.725,207.977,0.0,HTTPS,camera
2025-01-08T02:59:00,1500.767,91.705,0.1,71.213,0.074,HTTPS,camera
2025-01-08T00:32:00,93.674,19.748,13.776,12.776,0.9156,MQTT,actuator
2025-01-08T08:11:00,23.541,198.261,1.788,0.29,0.494,LoRaWAN,smart_meter
2025-01-08T06:47:00,158.634,19.124,6.007,10.518,0.272,MQTT,actuator
2025-01-09T09:24:00,1455.426,54.416,6.435,220.389,0.0,HTTPS,camera
2025-01-08T00:47:00,68.384,11.568,1.249,4.047,1.6169,MQTT,env_sensor
2025-01-08T05:33:00,91.779,19.889,4.543,9.111,0.7084,MQTT,env_sensor
2025-01-08T02:21:00,23.58,60.135,4.887,0.512,0.2337,HTTPS,smart_meter
2025-01-08T13:09:00,1076.474,25.487,12.757,71.856,0.0,HTTPS,gateway
2025-01-09T08:07:00,36.286,111.26,3.19,0.138,4.4036,LoRaWAN,smart_meter
2025-01-09T13:38:00,73.485,1.0,1.236,0.05,0.6765,MQTT,env_sensor
2025-01-08T17:19:00,1748.23,63.4,9.647,73.936,1.9197,HTTPS,gateway
2025-01-08T20:19:00,40.892,210.191,1.122,0.207,2.5166,LoRaWAN,smart_meter
2025-01-08T18:14:00,99.62,31.525,5.073,2.832,2.3738,CoAP,env_sensor
2025-01-08T10:08:00,48.467,1.0,3.546,4.732,0.2224,MQTT,env_sensor
2025-01-08T15:34:00,111.627,11.791,3.27,6.153,0.0,MQTT,actuator
2025-01-08T19:55:00,1771.213,89.244,5.33,138.945,0.6158,HTTPS,camera
2025-01-09T04:32:00,2251.144,33.343,3.215,180.958,0.6241,HTTPS,camera
2025-01-08T21:10:00,1655.509,59.269,4.735,191.298,0.1225,HTTPS,camera
2025-01-08T23:19:00,73.538,14.533,2.458,0.05,1.6859,MQTT,env_sensor
2025-01-08T01:06:00,110.909,18.313,5.157,9.056,0.4645,MQTT,actuator
2025-01-08T23:45:00,130.267,17.384,8.995,4.418,0.9466,MQTT,actuator
2025-01-09T09:39:00,179.667,13.964,3.897,4.62,1.7507,MQTT,actuator
2025-01-09T07:48:00,116.612,14.447,2.084,2.86,1.2477,MQTT,actuator
2025-01-08T06:04:00,38.523,209.803,1.073,0.736,5.33,LoRaWAN,smart_meter
2025-01-09T14:09:00,89.94,28.847,3.215,1.194,3.1844,MQTT,env_sensor
2025-01-08T18:09:00,49.434,28.352,0.1,3.926,0.0,MQTT,env_sensor
2025-01-09T05:54:00,1151.667,100.402,5.722,75.065,0.0,HTTPS,camera
2025-01-09T09:57:00,122.543,23.718,10.294,12.482,0.0,MQTT,actuator
2025-01-08T18:04:00,77.702,73.486,6.485,79.829,2.3946,MQTT,gateway
2025-01-08T15:07:00,1909.299,69.82,0.1,188.578,1.4322,HTTPS,camera
2025-01-08T01:31:00,79.011,17.107,2.327,2.837,2.5693,MQTT,env_sensor
2025-01-08T01:13:00,132.836,18.455,1.241,3.723,2.0133,MQTT,env_sensor
2025-01-09T02:23:00,79.011,16.571,7.172,9.859,0.8732,MQTT,actuator
2025-01-09T03:44:00,53.529,33.429,3.303,5.815,0.5078,MQTT,env_sensor
2025-01-08T21:40:00,9.11,179.576,1.657,0.991,0.0,LoRaWAN,smart_meter
2025-01-08T15:13:00,2189.242,66.816,0.132,51.691,0.8664,HTTPS,camera
2025-01-08T18:34:00,118.613,17.525,6.363,6.5,0.4146,MQTT,actuator
2025-01-09T01:36:00,97.559,20.299,6.573,2.195,0.4743,MQTT,actuator
2025-01-08T17:32:00,31.899,101.313,0.834,0.662,2.7194,LoRaWAN,smart_meter
2025-01-09T05:02:00,1127.432,58.163,18.706,73.822,1.8121,HTTPS,gateway
2025-01-08T04:07:00,94.649,17.061,2.399,6.877,1.2108,MQTT,env_sensor
2025-01-08T11:40:00,31.372,29.71,1.912,0.633,0.0,LoRaWAN,env_sensor
2025-01-09T04:46:00,139.806,10.368,8.215,9.517,0.093,MQTT,actuator
2025-01-09T06:30:00,20.098,244.922,2.042,0.692,5.8862,LoRaWAN,smart_meter
2025-01-08T02:55:00,2129.42,46.383,11.49,0.05,0.1914,HTTPS,camera
2025-01-09T02:53:00,86.223,26.876,8.257,9.974,0.7173,MQTT,actuator
2025-01-09T13:59:00,26.763,255.171,5.231,0.849,3.8013,LoRaWAN,smart_meter
2025-01-07T22:55:00,1440.505,60.195,3.426,75.834,1.0183,HTTPS,camera
2025-01-08T14:28:00,1212.461,39.819,7.261,38.977,0.7201,HTTPS,camera
2025-01-08T16:46:00,1980.871,68.689,0.212,79.303,0.9058,HTTPS,camera
2025-01-08T05:06:00,40.645,214.691,2.008,0.199,3.8423,LoRaWAN,smart_meter
2025-01-08T18:30:00,75.578,2.234,2.673,1.053,1.9134,MQTT,env_sensor
2025-01-09T13:12:00,137.453,27.268,1.926,8.712,0.1174,MQTT,actuator
2025-01-09T11:23:00,49.98,34.053,1.091,2.777,0.5254,MQTT,env_sensor
2025-01-08T16:55:00,1279.953,18.277,2.938,91.98,0.2548,HTTPS,camera
2025-01-08T23:28:00,478.495,53.806,4.986,190.902,1.0584,CoAP,camera
2025-01-08T18:42:00,109.805,6.958,4.737,8.584,0.355,MQTT,actuator
2025-01-08T14:49:00,36.516,52.016,4.812,0.05,0.1216,LoRaWAN,env_sensor
2025-01-09T10:28:00,2099.832,30.77,5.491,45.817,0.7868,HTTPS,camera
2025-01-09T12:11:00,103.934,6.381,6.506,6.186,0.7988,MQTT,actuator
2025-01-08T19:13:00,107.118,17.205,8.986,11.431,0.876,MQTT,actuator
2025-01-08T08:53:00,22.202,223.333,2.396,0.438,1.7589,LoRaWAN,smart_meter
2025-01-09T00:00:00,672.131,85.297,5.105,120.321,0.0,HTTPS,gateway
2025-01-08T11:04:00,45.128,15.766,4.271,0.929,0.9333,LoRaWAN,env_sensor
2025-01-09T06:42:00,130.59,21.145,3.384,5.183,0.0,MQTT,actuator
2025-01-08T06:33:00,169.422,12.123,10.566,8.342,1.1934,MQTT,actuator
2025-01-08T03:20:00,53.245,24.081,3.39,0.05,2.0163,MQTT,env_sensor
2025-01-09T02:31:00,105.534,14.897,4.332,5.287,0.0,MQTT,env_sensor
2025-01-09T07:41:00,394.521,23.656,0.909,98.059,1.03,MQTT,gateway
2025-01-08T02:47:00,90.489,22.033,4.261,4.772,1.1419,MQTT,actuator
2025-01-08T08:25:00,32.875,31.044,2.76,0.05,2.2032,MQTT,env_sensor
2025-01-09T11:19:00,608.183,42.87,6.756,13.0,0.0,CoAP,camera
2025-01-08T04:02:00,689.95,23.072,11.286,25.524,1.3622,CoAP,gateway
2025-01-08T22:17:00,89.809,41.913,1.099,4.951,2.3581,MQTT,env_sensor
2025-01-09T08:58:00,29.085,18.004,4.028,5.843,1.5415,MQTT,env_sensor
2025-01-09T16:06:00,1721.463,67.524,2.616,109.547,0.0,HTTPS,camera
2025-01-08T11:18:00,26.642,156.439,0.562,0.099,0.1314,LoRaWAN,smart_meter
2025-01-08T08:43:00,138.082,13.965,0.1,9.453,1.2519,MQTT,actuator
2025-01-08T16:29:00,1567.818,40.947,7.674,45.005,0.9679,HTTPS,gateway
2025-01-09T03:59:00,21.868,104.73,4.343,0.621,3.6104,LoRaWAN,smart_meter
2025-01-07T23:37:00,32.586,143.918,2.802,0.591,1.0942,LoRaWAN,smart_meter
2025-01-09T12:36:00,1099.708,74.586,6.92,96.134,0.8003,HTTPS,camera
2025-01-09T06:18:00,67.637,24.501,2.787,3.716,0.6406,MQTT,env_sensor
2025-01-08T01:22:00,28.637,153.245,3.281,0.575,2.2923,LoRaWAN,smart_meter
2025-01-09T09:33:00,2450.173,40.137,4.837,57.221,0.8264,HTTPS,camera
2025-01-09T05:04:00,587.955,55.837,2.353,137.943,0.4307,HTTPS,camera
2025-01-08T00:03:00,31.717,29.646,3.199,4.318,2.5327,MQTT,env_sensor
2025-01-07T22:42:00,178.286,53.159,16.349,10.547,1.5701,CoAP,gateway
2025-01-08T01:57:00,37.824,218.466,0.1,0.5,3.3309,LoRaWAN,smart_meter
2025-01-08T20:16:00,35.961,275.945,0.952,0.403,2.1024,LoRaWAN,smart_meter
2025-01-08T03:07:00,41.898,125.477,3.041,0.336,0.0,LoRaWAN,smart_meter
2025-01-08T02:31:00,32.685,20.321,6.054,12.003,1.8375,MQTT,actuator
2025-01-08T10:54:00,96.729,19.138,6.441,5.302,0.0,MQTT,actuator
2025-01-08T07:28:00,109.529,14.149,5.493,11.622,0.9593,MQTT,actuator
2025-01-09T03:55:00,520.098,59.573,0.1,12.666,0.1343,HTTPS,gateway
2025-01-08T11:01:00,39.914,127.941,4.394,0.357,2.114,LoRaWAN,smart_meter
2025-01-07T23:04:00,29.011,154.433,2.738,0.202,0.6396,LoRaWAN,smart_meter
2025-01-09T09:08:00,2084.205,58.551,3.753,29.098,0.7888,HTTPS,camera
2025-01-09T02:43:00,26.381,164.972,4.552,0.799,4.0777,LoRaWAN,smart_meter
2025-01-09T08:10:00,43.323,42.643,6.37,1.47,0.9902,CoAP,env_sensor
2025-01-08T07:39:00,1145.662,47.497,6.985,72.18,0.0,HTTPS,gateway
2025-01-08T02:49:00,92.843,36.121,4.316,0.05,0.5269,MQTT,env_sensor
2025-01-09T07:00:00,120.696,20.335,0.733,14.758,0.8707,MQTT,actuator
2025-01-09T04:59:00,162.62,15.024,10.741,6.688,1.6877,MQTT,actuator
2025-01-08T19:07:00,60.981,139.771,0.119,0.297,2.7871,LoRaWAN,smart_meter
2025-01-09T08:39:00,24.288,219.533,3.146,0.05,0.6024,LoRaWAN,smart_meter
2025-01-08T06:11:00,91.3,38.653,5.118,4.109,0.7294,MQTT,env_sensor
2025-01-09T01:28:00,40.655,92.062,3.343,0.74,3.548,MQTT,smart_meter
2025-01-08T01:40:00,62.292,18.497,4.679,2.667,1.4238,MQTT,env_sensor
2025-01-09T01:25:00,2081.05,12.665,0.1,278.692,0.3401,HTTPS,camera
2025-01-09T09:49:00,1431.811,115.122,4.233,89.074,0.4649,HTTPS,camera
2025-01-08T16:10:00,29.782,174.025,3.158,0.512,3.4406,LoRaWAN,smart_meter
2025-01-09T06:03:00,25.333,178.329,0.1,0.269,4.3421,LoRaWAN,smart_meter
2025-01-08T09:25:00,115.35,22.513,7.742,0.05,1.6637,MQTT,actuator
2025-01-08T19:50:00,20.152,25.554,1.115,0.936,1.0514,LoRaWAN,env_sensor
2025-01-08T20:41:00,30.685,226.574,2.843,0.381,0.2836,LoRaWAN,smart_meter
2025-01-09T06:41:00,57.152,7.802,4.903,4.274,1.1146,MQTT,env_sensor
2025-01-08T23:49:00,2195.672,92.815,0.179,188.374,0.4782,HTTPS,camera
2025-01-08T08:51:00,59.128,13.292,2.697,2.271,3.0678,MQTT,env_sensor
2025-01-08T22:29:00,72.049,18.675,2.408,10.182,0.9539,MQTT,env_sensor
2025-01-09T10:03:00,31.415,141.973,2.407,0.528,5.8236,LoRaWAN,smart_meter
2025-01-09T04:45:00,106.409,17.475,8.886,10.501,0.0394,MQTT,actuator
2025-01-09T03:53:00,44.887,1.0,1.565,3.585,2.1799,MQTT,env_sensor
2025-01-08T05:22:00,1761.565,36.959,0.718,107.35,1.3297,HTTPS,camera
2025-01-09T08:49:00,585.09,56.204,5.064,201.033,0.3696,HTTPS,camera
2025-01-08T17:57:00,97.957,1.0,6.82,13.001,1.2016,MQTT,actuator
2025-01-08T23:19:00,91.849,11.877,10.037,5.264,0.6267,MQTT,actuator
2025-01-08T05:41:00,32.545,203.548,2.697,0.05,3.8347,LoRaWAN,smart_meter
2025-01-08T11:23:00,85.046,19.408,9.923,14.589,0.0,MQTT,actuator
2025-01-08T10:17:00,26.178,151.868,2.916,0.708,2.0975,LoRaWAN,smart_meter
2025-01-08T03:33:00,73.47,5.836,5.069,6.388,1.3942,MQTT,env_sensor
2025-01-09T02:12:00,93.502,14.442,3.401,8.084,0.2431,MQTT,env_sensor
2025-01-08T21:38:00,1103.2,49.155,2.082,232.138,1.4173,HTTPS,camera
2025-01-09T07:28:00,145.658,20.27,4.653,10.606,1.0801,MQTT,actuator
2025-01-08T13:50:00,941.742,76.15,4.95,71.892,0.8533,HTTPS,camera
2025-01-09T06:13:00,89.813,14.092,10.858,5.702,1.5116,MQTT,actuator
2025-01-09T04:08:00,33.766,170.6,2.683,0.05,1.415,LoRaWAN,smart_meter
2025-01-08T06:40:00,2935.027,96.091,2.804,156.109,1.3652,HTTPS,camera
2025-01-08T20:09:00,1272.778,36.992,9.759,0.05,1.7572,CoAP,gateway
2025-01-07T23:00:00,1345.112,60.387,4.327,117.949,0.7683,HTTPS,camera
2025-01-08T08:29:00,288.076,30.91,5.609,74.1,0.8998,HTTPS,gateway
2025-01-09T07:31:00,52.098,35.167,6.652,1.708,2.3853,CoAP,env_sensor
2025-01-08T18:43:00,1580.751,46.093,9.528,0.05,0.3031,HTTPS,camera
2025-01-08T01:44:00,66.806,38.479,5.254,2.438,0.6793,MQTT,env_sensor
2025-01-09T09:53:00,37.748,235.187,2.678,0.759,6.804,LoRaWAN,smart_meter
2025-01-08T03:43:00,59.844,15.654,8.818,7.362,0.0,MQTT,actuator
2025-01-08T15:24:00,65.831,14.416,3.165,8.69,0.451,MQTT,actuator
2025-01-09T12:12:00,143.592,12.316,5.578,7.221,0.2901,MQTT,actuator
2025-01-08T16:31:00,66.066,12.729,5.565,6.617,0.3603,MQTT,actuator
2025-01-09T15:12:00,259.65,21.3,2.314,146.655,1.121,CoAP,gateway
2025-01-09T10:08:00,58.293,23.221,4.058,2.528,1.0899,MQTT,actuator
2025-01-08T13:32:00,3580.749,45.909,3.408,97.541,0.6321,HTTPS,camera
2025-01-08T09:03:00,1117.945,8.808,7.385,119.462,0.8997,HTTPS,gateway
2025-01-09T13:48:00,27.283,149.86,2.929,0.669,5.3544,LoRaWAN,smart_meter
2025-01-08T17:48:00,21.143,154.422,0.345,0.821,6.9532,LoRaWAN,smart_meter
2025-01-09T05:00:00,107.864,19.281,0.1,6.71,1.2696,MQTT,env_sensor
2025-01-09T04:33:00,988.628,90.288,12.253,117.822,0.3502,HTTPS,camera
2025-01-08T15:08:00,929.224,5.971,9.415,64.138,1.4284,CoAP,gateway
2025-01-09T09:16:00,145.848,11.011,10.164,7.04,0.2682,MQTT,actuator
2025-01-08T23:31:00,55.883,44.454,4.088,1.406,0.6727,MQTT,env_sensor
2025-01-08T04:23:00,26.776,152.299,0.103,0.838,2.6979,LoRaWAN,smart_meter
2025-01-09T01:44:00,32.734,208.657,2.429,0.674,1.5999,LoRaWAN,smart_meter
2025-01-07T22:55:00,154.036,20.596,7.848,10.13,0.8613,MQTT,actuator
2025-01-08T14:42:00,28.656,149.007,4.824,0.409,1.6394,LoRaWAN,smart_meter
2025-01-08T09:59:00,2690.237,41.1,4.955,163.739,0.3079,HTTPS,camera
2025-01-09T15:09:00,1037.233,57.457,0.1,85.567,0.9749,HTTPS,camera
2025-01-08T19:36:00,26.321,170.556,1.649,0.406,0.0,LoRaWAN,smart_meter
2025-01-08T15:27:00,99.792,23.251,0.1,10.598,0.3536,MQTT,actuator
2025-01-08T10:41:00,90.221,8.392,3.195,6.006,0.8174,MQTT,actuator
2025-01-08T06:32:00,761.076,56.798,6.193,66.467,1.0253,CoAP,gateway
2025-01-08T17:40:00,2374.299,49.235,3.018,188.775,0.0,HTTPS,camera
2025-01-09T09:59:00,773.623,43.209,1.192,80.22,0.0589,HTTPS,gateway
2025-01-09T11:58:00,94.951,4.15,5.707,5.38,1.7616,MQTT,env_sensor
2025-01-08T06:53:00,77.613,32.957,8.772,0.05,1.8939,MQTT,actuator
2025-01-09T10:41:00,59.77,19.058,5.011,0.05,0.9009,MQTT,env_sensor
2025-01-08T20:32:00,75.338,24.066,5.11,2.001,2.0375,MQTT,env_sensor
2025-01-09T03:23:00,409.792,87.626,14.784,28.482,0.0,HTTPS,gateway
2025-01-08T02:52:00,141.117,26.89,2.094,4.537,1.1634,MQTT,actuator
2025-01-09T01:58:00,1569.214,11.215,0.1,61.809,0.0,HTTPS,camera
2025-01-08T01:52:00,22.074,142.867,0.1,0.764,5.9741,LoRaWAN,smart_meter
2025-01-08T11:07:00,35.226,196.799,0.688,0.619,1.741,LoRaWAN,smart_meter
2025-01-08T09:33:00,1614.322,42.106,3.144,56.174,0.2757,HTTPS,camera
2025-01-08T12:54:00,73.081,25.955,7.143,16.863,0.2127,MQTT,actuator
2025-01-09T07:53:00,24.659,190.921,2.346,0.389,5.3634,LoRaWAN,smart_meter
2025-01-08T01:51:00,1558.529,99.207,7.185,198.333,1.3772,HTTPS,camera
2025-01-08T05:18:00,25.143,223.341,5.094,0.832,5.9642,LoRaWAN,smart_meter
2025-01-09T02:54:00,1901.272,53.597,1.961,75.196,1.1712,HTTPS,camera
2025-01-08T19:47:00,36.777,220.651,2.643,0.525,5.9104,LoRaWAN,smart_meter
2025-01-09T09:32:00,1979.643,61.525,0.1,98.625,0.6845,HTTPS,camera
2025-01-08T16:24:00,26.647,269.279,0.1,0.076,2.4194,LoRaWAN,smart_meter
2025-01-07T22:42:00,1111.235,97.358,0.1,122.275,1.3573,HTTPS,camera
2025-01-08T08:32:00,83.911,29.89,0.1,0.938,1.8769,MQTT,env_sensor
2025-01-09T10:19:00,22.588,193.479,0.371,0.588,3.7104,LoRaWAN,smart_meter
2025-01-09T07:44:00,55.466,21.981,5.089,4.384,2.8115,MQTT,env_sensor
2025-01-09T16:17:00,124.473,6.519,8.534,10.662,0.5928,MQTT,actuator
2025-01-08T00:57:00,80.565,17.978,1.476,11.064,0.7084,MQTT,actuator
2025-01-09T01:15:00,37.367,170.031,5.198,1.228,3.4017,MQTT,smart_meter
2025-01-09T01:45:00,149.036,26.34,2.871,5.972,1.091,MQTT,actuator
2025-01-09T10:53:00,102.243,1.962,4.239,2.765,2.3913,MQTT,env_sensor
2025-01-08T08:41:00,2165.287,42.236,10.1,144.123,0.2478,HTTPS,gateway
2025-01-09T05:15:00,123.878,17.069,7.257,2.613,1.339,MQTT,actuator
2025-01-08T20:23:00,983.661,53.68,11.757,51.846,0.6443,HTTPS,gateway
2025-01-09T03:03:00,1037.486,66.858,5.799,34.025,1.1758,CoAP,camera
2025-01-09T16:00:00,13.214,20.179,0.634,4.461,0.0,MQTT,env_sensor
2025-01-08T05:43:00,1417.848,36.166,5.921,215.672,0.5842,HTTPS,camera
2025-01-09T11:03:00,112.741,23.202,3.644,2.547,0.0,MQTT,env_sensor
2025-01-08T08:57:00,41.263,313.8,1.351,0.365,4.4167,MQTT,smart_meter
2025-01-09T00:51:00,118.265,12.311,3.988,10.586,2.0062,MQTT,actuator
2025-01-09T11:24:00,43.454,218.034,3.58,0.91,4.8335,LoRaWAN,smart_meter
2025-01-09T02:06:00,62.749,33.496,3.168,5.268,0.5377,MQTT,env_sensor
2025-01-08T13:27:00,1742.263,47.327,8.425,136.593,0.1936,HTTPS,camera
2025-01-08T19:17:00,71.45,20.725,0.835,10.854,0.3294,MQTT,actuator
2025-01-08T17:27:00,54.24,29.436,4.439,6.813,0.0632,MQTT,env_sensor
2025-01-08T03:53:00,16.787,192.66,2.36,0.238,4.5585,MQTT,smart_meter
2025-01-08T12:20:00,986.812,70.49,8.873,85.68,0.5251,HTTPS,camera
2025-01-08T01:37:00,1766.098,74.056,7.446,127.658,1.0736,CoAP,camera
2025-01-09T16:02:00,34.484,165.423,3.491,0.05,3.7881,LoRaWAN,smart_meter
2025-01-09T09:51:00,90.349,20.092,3.884,5.616,1.5441,MQTT,env_sensor
2025-01-09T09:32:00,834.512,57.511,9.753,80.287,2.4039,CoAP,gateway
2025-01-07T23:25:00,33.26,22.49,2.057,3.746,1.0032,MQTT,env_sensor
2025-01-08T17:45:00,31.9,209.401,3.345,0.057,5.0894,LoRaWAN,smart_meter
2025-01-09T15:10:00,30.757,229.903,0.86,0.46,4.0927,LoRaWAN,smart_meter
2025-01-08T06:30:00,83.255,24.718,3.915,12.231,0.9641,MQTT,actuator
2025-01-08T16:47:00,131.511,26.376,11.297,0.05,0.9095,MQTT,actuator
2025-01-09T06:56:00,1772.389,27.308,4.717,10.66,0.3929,HTTPS,gateway
2025-01-08T01:09:00,40.83,30.739,2.172,4.732,0.7739,MQTT,env_sensor
2025-01-09T12:29:00,1381.684,23.92,2.006,20.474,0.7921,HTTPS,gateway
2025-01-08T22:03:00,1566.028,43.473,12.576,42.356,1.605,HTTPS,gateway
2025-01-09T11:09:00,85.997,21.971,9.252,18.426,1.2758,MQTT,actuator
2025-01-09T02:00:00,136.726,16.202,1.502,9.064,0.6619,MQTT,actuator
2025-01-09T02:17:00,1300.562,72.175,11.664,149.087,0.5018,HTTPS,gateway
2025-01-09T09:23:00,1179.563,28.152,4.665,180.167,0.2353,HTTPS,camera
2025-01-08T05:29:00,1548.239,37.334,8.116,200.908,1.173,HTTPS,camera
2025-01-08T14:11:00,94.137,18.38,3.7,8.207,2.3531,MQTT,actuator
2025-01-09T15:08:00,88.252,15.278,5.652,0.666,2.4161,CoAP,env_sensor
2025-01-08T20:41:00,96.118,12.702,7.796,0.689,1.0953,MQTT,actuator
2025-01-08T02:41:00,124.833,32.747,5.242,4.928,1.2871,CoAP,env_sensor
2025-01-09T14:35:00,102.245,13.499,3.148,6.275,0.2979,MQTT,actuator
2025-01-08T18:37:00,33.037,234.717,0.693,0.05,5.1827,LoRaWAN,smart_meter
2025-01-07T23:17:00,1075.253,111.234,3.684,122.404,0.4177,HTTPS,camera
2025-01-08T21:23:00,130.553,20.391,15.234,105.298,1.383,MQTT,gateway
2025-01-09T13:07:00,2089.692,28.407,2.674,82.496,0.3799,HTTPS,gateway
2025-01-08T12:38:00,108.627,20.621,0.1,0.05,0.639,MQTT,env_sensor
2025-01-08T02:46:00,30.246,205.304,2.826,0.671,4.4551,LoRaWAN,smart_meter
2025-01-08T07:44:00,29.569,163.535,3.859,0.319,0.6528,LoRaWAN,smart_meter
2025-01-08T05:31:00,122.721,48.231,1.505,5.92,2.0354,MQTT,env_sensor
2025-01-08T06:33:00,43.902,22.922,5.939,6.884,1.6943,MQTT,env_sensor
2025-01-09T07:06:00,24.153,116.655,0.403,0.054,3.427,LoRaWAN,smart_meter
2025-01-09T10:26:00,96.043,18.69,8.618,12.427,0.2269,MQTT,actuator
2025-01-08T17:28:00,8.0,22.468,0.435,4.37,2.882,MQTT,env_sensor
2025-01-07T23:52:00,28.342,198.732,4.002,0.763,0.1688,LoRaWAN,smart_meter
2025-01-08T12:58:00,8.0,32.854,7.366,30.034,2.089,MQTT,gateway
2025-01-08T10:21:00,119.42,28.846,4.108,12.231,1.3641,MQTT,actuator
2025-01-09T13:28:00,2278.2,40.436,0.1,158.821,0.134,HTTPS,camera
2025-01-09T13:36:00,1162.488,38.709,10.973,60.77,2.0372,HTTPS,gateway
2025-01-08T13:38:00,1117.508,41.158,15.976,48.07,0.0367,HTTPS,gateway
2025-01-08T07:52:00,131.642,18.234,8.189,11.982,0.7181,MQTT,actuator
2025-01-08T00:36:00,33.12,70.692,0.925,0.363,3.0052,MQTT,smart_meter
2025-01-09T10:47:00,35.806,155.215,0.663,0.388,4.0969,LoRaWAN,smart_meter
2025-01-09T10:45:00,28.281,154.49,5.294,0.414,3.6702,LoRaWAN,smart_meter
2025-01-09T03:20:00,2173.704,66.326,2.066,69.044,1.4248,HTTPS,camera
2025-01-08T21:18:00,38.237,232.924,0.494,0.098,3.386,LoRaWAN,smart_meter
2025-01-07T23:35:00,1299.242,76.235,0.263,142.754,0.8703,HTTPS,camera
2025-01-08T12:44:00,89.267,8.793,4.532,5.486,1.5193,MQTT,actuator
2025-01-07T23:30:00,26.176,238.08,2.489,0.896,0.5623,LoRaWAN,smart_meter
2025-01-08T07:27:00,1832.954,68.138,7.814,69.828,0.3278,HTTPS,camera
2025-01-09T03:31:00,107.608,24.92,6.836,1.676,1.5433,MQTT,actuator
2025-01-09T01:10:00,2004.099,63.726,4.352,94.353,0.5357,HTTPS,camera
2025-01-08T02:12:00,823.696,5.164,13.693,61.357,2.2373,CoAP,gateway
2025-01-08T19:01:00,19.816,271.657,3.613,0.141,1.0501,LoRaWAN,smart_meter
2025-01-09T02:20:00,2198.542,83.284,1.079,122.715,0.0,HTTPS,camera
2025-01-09T05:56:00,1236.773,58.856,8.286,49.53,1.0651,MQTT,gateway
2025-01-08T23:30:00,83.482,15.888,1.767,10.188,1.3863,MQTT,actuator
2025-01-09T03:37:00,2429.178,75.713,4.719,122.099,0.0,HTTPS,camera
2025-01-08T05:58:00,39.568,135.635,0.941,0.562,7.3938,LoRaWAN,smart_meter
2025-01-09T12:30:00,927.76,46.054,1.609,61.906,0.2836,HTTPS,gateway
2025-01-09T08:00:00,63.148,39.332,0.304,0.05,0.1778,MQTT,env_sensor
2025-01-08T05:22:00,100.721,19.733,7.16,2.608,0.4425,MQTT,actuator
2025-01-08T22:07:00,347.353,32.06,1.077,137.313,0.0,HTTPS,gateway
2025-01-07T23:16:00,1791.702,39.3,2.228,251.295,0.5324,HTTPS,camera
2025-01-09T09:44:00,1034.997,20.882,6.534,39.893,1.8482,MQTT,gateway
2025-01-08T03:19:00,2776.571,79.333,0.1,111.957,0.3082,HTTPS,camera
2025-01-08T22:31:00,1298.949,58.022,10.186,92.42,2.4886,HTTPS,gateway
2025-01-08T23:27:00,110.906,17.124,7.641,8.731,1.2882,CoAP,actuator
2025-01-08T06:14:00,637.763,73.093,1.735,102.735,0.7372,HTTPS,camera
2025-01-08T01:02:00,35.372,211.333,3.965,0.431,2.3606,LoRaWAN,smart_meter
2025-01-08T14:39:00,20.822,200.28,3.76,0.341,0.0,LoRaWAN,smart_meter
2025-01-08T09:45:00,8.0,193.566,1.368,0.736,3.8621,LoRaWAN,smart_meter
2025-01-09T15:33:00,38.406,25.505,8.084,8.176,2.4914,CoAP,env_sensor
2025-01-09T00:04:00,507.5,11.448,12.406,90.312,0.6679,HTTPS,gateway
2025-01-09T06:34:00,79.822,37.607,5.73,0.05,2.8413,CoAP,env_sensor
2025-01-09T13:22:00,1015.242,80.905,3.141,6.481,0.6602,HTTPS,camera
2025-01-08T03:44:00,106.833,16.002,7.713,3.781,0.0,MQTT,actuator
2025-01-08T16:23:00,116.874,8.197,5.723,6.126,0.7213,CoAP,actuator
2025-01-08T08:15:00,1659.089,54.647,4.038,95.75,0.9922,HTTPS,camera
2025-01-08T04:22:00,3144.736,65.307,1.505,108.979,1.3015,HTTPS,camera
2025-01-08T10:56:00,180.048,35.079,8.419,35.874,2.1855,CoAP,gateway
2025-01-08T12:30:00,1292.378,67.036,5.849,162.479,0.332,HTTPS,camera
2025-01-09T01:56:00,1854.452,9.517,8.734,42.273,1.186,MQTT,gateway
2025-01-08T08:59:00,66.763,12.776,5.337,14.288,0.5267,MQTT,actuator
2025-01-08T04:39:00,1258.296,36.267,8.491,75.694,4.01,HTTPS,gateway
2025-01-08T19:45:00,1579.558,65.738,6.331,20.488,0.0,HTTPS,camera
2025-01-09T10:12:00,103.978,21.961,4.269,10.417,0.0,MQTT,actuator
2025-01-09T03:40:00,104.949,18.344,4.484,2.96,1.0122,MQTT,actuator
2025-01-09T02:06:00,24.793,261.452,0.1,0.256,2.8982,LoRaWAN,smart_meter
2025-01-09T08:55:00,526.314,36.083,5.289,84.844,1.4629,CoAP,camera
2025-01-08T07:07:00,16.758,156.514,2.345,0.445,3.9594,LoRaWAN,smart_meter
2025-01-09T01:24:00,50.011,18.793,6.717,6.692,0.0,CoAP,env_sensor
2025-01-08T13:34:00,161.142,22.428,9.603,6.706,1.0651,MQTT,actuator
2025-01-08T07:35:00,80.016,42.716,4.215,3.877,0.0,MQTT,env_sensor
2025-01-09T10:04:00,33.852,149.219,3.89,0.351,3.6708,LoRaWAN,smart_meter
2025-01-08T08:52:00,19.754,213.185,1.607,0.109,2.2261,LoRaWAN,smart_meter
2025-01-08T19:09:00,95.167,35.924,3.534,5.56,0.5363,MQTT,env_sensor
2025-01-08T18:06:00,1496.173,60.681,5.428,116.148,0.442,HTTPS,camera
2025-01-08T10:39:00,8.0,15.54,1.951,67.634,1.6696,MQTT,gateway
2025-01-09T15:39:00,40.423,145.423,0.969,0.526,0.0,LoRaWAN,smart_meter
2025-01-08T04:16:00,42.371,21.817,6.716,0.05,0.3412,LoRaWAN,env_sensor
2025-01-08T05:08:00,113.292,24.415,5.631,9.409,0.4562,MQTT,actuator
2025-01-09T01:20:00,17.847,220.026,1.849,0.342,2.8193,LoRaWAN,smart_meter
2025-01-09T14:54:00,19.117,260.573,2.248,0.48,2.034,MQTT,smart_meter
2025-01-09T12:15:00,178.863,28.546,5.91,45.443,1.4652,CoAP,gateway
2025-01-07T23:42:00,72.976,31.614,5.77,2.506,1.8172,CoAP,env_sensor
2025-01-08T14:45:00,1771.541,66.036,5.87,180.42,0.0947,HTTPS,camera
2025-01-09T12:32:00,478.748,45.666,9.918,44.332,0.219,CoAP,gateway
2025-01-08T04:38:00,69.443,20.209,9.481,7.544,1.1736,MQTT,actuator
2025-01-09T00:29:00,121.193,18.813,8.472,9.452,1.4015,CoAP,actuator
2025-01-08T07:19:00,115.648,24.574,5.317,9.997,0.0,MQTT,actuator
2025-01-09T05:35:00,507.662,52.324,2.125,55.91,2.8656,CoAP,gateway
2025-01-08T23:44:00,27.273,225.228,0.1,0.485,1.7191,MQTT,smart_meter
2025-01-09T14:26:00,2045.865,96.465,0.1,56.021,0.6841,HTTPS,camera
2025-01-09T13:59:00,144.35,3.313,5.678,7.687,1.7595,CoAP,actuator
2025-01-09T01:55:00,111.541,21.906,3.092,3.916,0.9942,MQTT,actuator
2025-01-09T11:31:00,372.251,92.706,8.375,119.434,0.8202,HTTPS,camera
2025-01-08T08:13:00,73.34,22.479,0.1,0.05,2.033,MQTT,env_sensor
2025-01-08T05:09:00,1355.57,19.421,5.247,36.274,1.9115,MQTT,gateway
2025-01-08T06:41:00,147.467,15.496,5.625,7.617,0.809,MQTT,actuator
2025-01-09T09:09:00,48.638,27.329,4.233,5.276,0.1072,MQTT,env_sensor
2025-01-09T14:54:00,477.091,24.674,1.303,74.191,0.253,HTTPS,gateway
2025-01-09T02:38:00,53.918,18.649,2.22,5.369,0.0,MQTT,env_sensor
2025-01-08T05:03:00,1720.619,94.197,5.474,125.861,0.8241,HTTPS,camera
2025-01-08T22:47:00,25.36,184.954,1.853,0.277,3.7045,LoRaWAN,smart_meter
2025-01-08T15:11:00,1964.706,103.689,7.948,102.49,0.6697,HTTPS,camera
2025-01-08T09:00:00,118.83,11.525,1.71,5.949,0.0,MQTT,actuator
2025-01-08T03:43:00,19.953,203.158,0.1,0.437,1.4273,LoRaWAN,smart_meter
2025-01-08T19:02:00,1478.074,48.77,10.696,98.893,1.3833,HTTPS,gateway
2025-01-08T16:45:00,672.229,40.937,6.462,93.431,2.5941,CoAP,gateway
2025-01-09T02:10:00,64.244,21.516,6.838,14.32,1.6204,MQTT,actuator
2025-01-08T17:21:00,37.643,107.686,3.092,0.656,1.6334,LoRaWAN,smart_meter
2025-01-09T09:21:00,2012.023,67.049,5.919,53.536,0.6053,HTTPS,camera
2025-01-09T14:14:00,1301.788,24.54,8.857,113.178,2.0365,CoAP,gateway
2025-01-09T02:38:00,537.457,38.865,7.365,104.306,1.6543,CoAP,gateway
2025-01-09T09:03:00,767.746,46.73,10.02,52.348,1.2911,CoAP,gateway
2025-01-08T11:40:00,71.879,29.377,8.137,5.451,0.636,MQTT,actuator
2025-01-09T01:10:00,72.333,30.354,2.858,11.44,2.6814,MQTT,env_sensor
2025-01-09T03:16:00,103.014,23.692,4.57,4.401,0.7792,MQTT,env_sensor
2025-01-08T18:32:00,2200.007,67.54,7.587,169.438,0.687,HTTPS,camera
2025-01-08T13:46:00,1478.743,71.754,1.229,64.108,0.589,HTTPS,camera
2025-01-08T14:50:00,1731.105,88.9,5.872,30.234,0.5667,HTTPS,camera
2025-01-09T15:23:00,887.3,32.847,0.1,37.367,1.5202,MQTT,gateway
2025-01-09T04:45:00,2077.909,65.706,4.271,165.569,0.3723,HTTPS,camera
2025-01-09T01:31:00,2537.823,66.997,4.717,115.756,0.7531,HTTPS,camera
2025-01-09T11:11:00,51.433,29.546,0.1,4.515,1.1792,MQTT,env_sensor
2025-01-08T18:41:00,215.78,70.13,0.1,53.296,1.0157,MQTT,gateway
2025-01-08T19:35:00,126.519,19.92,5.672,5.451,0.6907,MQTT,actuator
2025-01-08T19:12:00,236.175,29.47,3.654,153.833,0.1825,HTTPS,camera
2025-01-08T16:43:00,66.967,28.414,9.614,4.095,0.4426,CoAP,env_sensor
2025-01-08T05:50:00,81.732,24.157,9.935,5.13,0.0,CoAP,env_sensor
2025-01-09T14:47:00,24.512,166.087,1.311,0.397,0.4527,LoRaWAN,smart_meter
2025-01-08T04:38:00,1269.878,30.06,3.873,195.417,0.7814,HTTPS,camera
2025-01-09T05:15:00,40.653,31.878,4.831,6.927,1.4805,MQTT,env_sensor
2025-01-08T04:47:00,1136.524,83.266,0.1,170.366,0.2365,HTTPS,camera
2025-01-08T07:28:00,71.453,37.822,6.399,9.605,0.2426,MQTT,env_sensor
2025-01-09T08:14:00,63.138,24.708,3.95,2.903,2.352,MQTT,env_sensor
2025-01-08T08:41:00,75.135,23.057,5.777,4.016,0.2708,CoAP,actuator
2025-01-08T00:41:00,24.301,141.528,2.353,0.109,3.8577,LoRaWAN,smart_meter
2025-01-09T00:20:00,32.507,163.121,3.845,0.149,0.0,LoRaWAN,smart_meter
2025-01-08T12:57:00,3125.141,99.156,4.371,205.042,0.5724,HTTPS,camera
2025-01-09T09:44:00,88.699,23.4,5.878,6.245,2.5425,CoAP,env_sensor
2025-01-08T03:30:00,106.644,1.0,6.329,10.392,0.0,MQTT,actuator
2025-01-08T06:26:00,145.567,25.797,11.871,3.598,1.5175,MQTT,actuator
2025-01-08T23:17:00,46.03,177.042,4.026,0.269,5.984,LoRaWAN,smart_meter
2025-01-08T20:08:00,1864.896,52.663,9.517,56.434,0.0,HTTPS,gateway
2025-01-09T01:32:00,940.109,40.379,8.4,52.908,2.4093,CoAP,gateway
2025-01-09T15:19:00,121.343,12.611,6.28,10.514,0.5963,MQTT,actuator
2025-01-09T04:25:00,3873.608,80.694,10.698,51.538,1.2756,HTTPS,camera
2025-01-08T10:03:00,2301.372,94.976,2.528,94.453,0.3024,HTTPS,camera
2025-01-09T06:32:00,532.692,31.249,9.298,93.137,0.2058,HTTPS,gateway
2025-01-09T12:43:00,74.655,42.699,2.289,0.05,1.2656,MQTT,env_sensor
2025-01-09T07:33:00,28.821,200.656,1.09,0.231,1.9551,LoRaWAN,smart_meter
2025-01-08T16:30:00,82.892,21.898,6.561,17.638,0.9456,MQTT,actuator
2025-01-09T10:37:00,17.376,164.823,0.426,0.397,4.438,LoRaWAN,smart_meter
2025-01-08T12:47:00,81.489,10.926,1.208,1.998,1.8502,MQTT,env_sensor
2025-01-08T07:15:00,1604.392,57.716,0.1,76.409,1.1715,HTTPS,camera
2025-01-09T04:13:00,61.564,10.463,0.813,4.784,0.4326,MQTT,env_sensor
2025-01-09T12:54:00,30.891,119.689,4.124,0.343,3.9456,LoRaWAN,smart_meter
2025-01-08T18:16:00,1410.121,107.234,6.322,126.88,0.8004,HTTPS,camera
2025-01-08T17:44:00,653.99,54.247,14.359,114.684,1.3285,CoAP,gateway
2025-01-08T22:22:00,93.549,15.588,4.582,2.413,3.08,MQTT,env_sensor
2025-01-08T07:59:00,33.778,156.059,0.311,0.301,0.0,LoRaWAN,smart_meter
2025-01-09T13:28:00,32.441,286.616,2.941,0.643,2.1384,LoRaWAN,smart_meter
2025-01-09T04:42:00,66.617,24.89,1.897,7.161,2.1994,MQTT,env_sensor
2025-01-08T22:58:00,17.3,189.798,0.1,0.374,1.5922,LoRaWAN,smart_meter
2025-01-08T01:10:00,36.586,199.885,3.152,0.722,6.6827,LoRaWAN,smart_meter
2025-01-08T05:28:00,127.219,1.0,5.369,0.05,0.4077,MQTT,actuator
2025-01-09T05:50:00,35.504,32.393,3.431,2.259,1.1127,MQTT,env_sensor
2025-01-08T20:53:00,12.921,302.122,3.013,0.77,1.2424,LoRaWAN,smart_meter
2025-01-08T20:37:00,57.12,27.218,0.207,4.821,0.7834,MQTT,env_sensor
2025-01-08T04:14:00,2180.489,68.786,4.798,111.45,0.8026,HTTPS,camera
2025-01-08T10:04:00,32.627,175.694,0.409,0.357,1.1494,LoRaWAN,smart_meter
2025-01-08T23:54:00,2988.918,19.394,4.012,69.133,1.0355,HTTPS,camera
2025-01-08T13:41:00,16.998,147.455,0.242,0.29,1.3559,LoRaWAN,smart_meter
2025-01-07T23:58:00,695.359,76.444,0.827,45.57,0.1131,HTTPS,camera
2025-01-09T05:06:00,1525.788,44.365,11.027,107.789,0.0,HTTPS,gateway
2025-01-08T08:52:00,76.586,33.788,2.257,6.602,1.303,MQTT,env_sensor
2025-01-08T13:42:00,106.75,20.732,5.137,9.117,0.5561,MQTT,actuator
2025-01-09T08:37:00,18.633,167.09,1.813,0.42,4.3482,LoRaWAN,smart_meter
2025-01-09T11:07:00,401.932,45.781,14.806,106.368,0.751,HTTPS,gateway
2025-01-09T13:46:00,17.613,88.614,0.1,0.261,3.3322,MQTT,smart_meter
2025-01-08T08:20:00,1132.964,54.001,0.899,26.556,0.5391,HTTPS,gateway
2025-01-08T05:09:00,42.804,276.436,1.954,0.722,2.1392,LoRaWAN,smart_meter
2025-01-09T15:46:00,1335.396,63.425,6.332,59.948,1.0975,HTTPS,gateway
2025-01-08T03:06:00,745.724,52.446,6.038,34.123,2.1569,CoAP,gateway
2025-01-09T00:50:00,66.619,13.46,7.056,4.068,1.3629,MQTT,actuator
2025-01-08T07:30:00,1171.034,11.105,9.159,46.436,0.2466,HTTPS,gateway
2025-01-08T17:08:00,26.683,139.545,0.1,0.704,0.0,LoRaWAN,smart_meter
2025-01-09T02:14:00,25.895,127.593,0.1,0.05,2.5058,LoRaWAN,smart_meter
2025-01-09T14:58:00,2908.807,26.468,1.991,128.651,0.6566,HTTPS,camera
2025-01-09T06:44:00,25.848,168.532,3.061,0.062,7.4211,LoRaWAN,smart_meter
2025-01-08T13:58:00,61.972,33.999,2.909,3.429,0.5042,MQTT,env_sensor
2025-01-08T22:37:00,26.826,159.526,0.1,0.05,1.348,LoRaWAN,smart_meter
2025-01-09T13:35:00,34.098,84.882,0.485,0.239,2.014,MQTT,smart_meter
2025-01-09T09:48:00,8.0,41.278,8.682,33.381,3.7367,CoAP,gateway
2025-01-09T05:59:00,47.541,31.726,0.173,3.199,0.0,MQTT,env_sensor
2025-01-08T09:25:00,31.241,57.004,1.577,0.05,2.3409,LoRaWAN,smart_meter
2025-01-09T12:39:00,1535.208,58.619,6.342,93.486,2.4621,HTTPS,gateway
2025-01-08T20:42:00,257.784,50.304,17.061,0.05,0.049,CoAP,gateway
2025-01-08T15:25:00,109.82,26.076,3.138,8.623,0.6264,MQTT,actuator
2025-01-07T23:36:00,1492.33,57.103,8.554,40.175,2.1698,CoAP,gateway
2025-01-09T13:44:00,24.598,206.092,2.995,0.312,3.5889,LoRaWAN,smart_meter
2025-01-09T05:23:00,255.479,52.133,10.724,50.824,1.0395,MQTT,gateway
2025-01-09T06:06:00,102.978,26.374,9.841,4.699,0.0,MQTT,actuator
2025-01-09T14:52:00,2354.636,18.601,0.1,65.352,1.0434,HTTPS,camera
2025-01-08T20:44:00,67.582,25.87,5.482,0.063,0.7929,MQTT,env_sensor
2025-01-08T10:51:00,1436.388,43.045,2.92,39.067,0.5398,HTTPS,camera
2025-01-08T21:30:00,70.661,16.858,8.529,7.01,1.2899,CoAP,actuator
2025-01-08T09:49:00,90.534,24.874,6.772,5.438,0.0,CoAP,actuator
2025-01-08T00:59:00,80.247,34.006,4.021,6.067,2.1162,MQTT,env_sensor
2025-01-09T12:39:00,795.031,44.522,0.1,49.34,1.34,CoAP,camera
2025-01-08T23:18:00,64.165,22.376,2.145,6.389,0.9873,MQTT,env_sensor
2025-01-09T04:09:00,2837.719,56.341,1.939,57.193,0.149,HTTPS,camera
2025-01-08T13:44:00,102.628,18.484,2.068,0.05,1.8515,MQTT,env_sensor
2025-01-09T01:13:00,2152.172,83.972,1.66,189.256,0.7615,HTTPS,camera
2025-01-08T21:39:00,30.619,241.0,4.672,0.726,6.1792,LoRaWAN,smart_meter
2025-01-08T20:50:00,1137.997,20.093,7.636,67.796,0.6632,HTTPS,camera
2025-01-08T23:30:00,74.3,24.4,4.64,1.381,0.8328,MQTT,env_sensor
2025-01-08T08:48:00,71.408,26.153,2.093,12.112,0.4806,MQTT,actuator
2025-01-08T02:19:00,70.332,13.982,1.208,1.583,2.3786,MQTT,actuator
2025-01-08T10:30:00,1714.543,10.0,0.1,5.296,2.582,MQTT,gateway
2025-01-08T03:24:00,1913.569,1.0,8.842,0.05,0.8181,HTTPS,gateway
2025-01-09T10:48:00,164.871,10.476,3.986,7.343,1.002,MQTT,actuator
2025-01-08T04:24:00,42.242,40.976,2.325,0.524,0.6819,HTTPS,env_sensor
2025-01-09T02:01:00,38.085,194.436,2.788,0.05,0.0,LoRaWAN,smart_meter
2025-01-08T07:38:00,800.845,58.309,2.681,133.714,0.8359,HTTPS,camera
2025-01-09T14:13:00,2753.135,37.668,1.938,182.714,1.0379,HTTPS,camera
2025-01-08T16:58:00,30.853,109.183,2.237,0.664,3.5144,LoRaWAN,smart_meter
2025-01-08T13:46:00,102.846,6.314,9.857,8.606,1.1213,CoAP,actuator
2025-01-08T20:23:00,14.608,145.3,0.924,1.289,4.0687,MQTT,smart_meter
2025-01-09T15:44:00,2592.69,111.038,6.371,171.266,0.4775,HTTPS,camera
2025-01-09T16:13:00,41.353,37.772,0.1,10.371,1.4779,MQTT,env_sensor
2025-01-08T01:12:00,101.492,4.496,3.483,2.873,0.2799,MQTT,env_sensor
2025-01-08T16:54:00,1113.789,46.325,5.61,62.922,0.9714,HTTPS,gateway
2025-01-08T06:28:00,121.579,29.349,5.634,2.163,0.7813,MQTT,actuator
2025-01-08T18:55:00,95.899,32.453,8.736,11.153,0.0186,MQTT,actuator
2025-01-08T04:13:00,41.105,36.571,3.883,6.379,3.2243,MQTT,env_sensor
2025-01-09T09:11:00,64.14,16.797,1.727,6.22,1.9908,MQTT,env_sensor
2025-01-09T12:30:00,94.992,40.934,0.1,5.213,0.8049,MQTT,actuator
2025-01-08T10:25:00,34.731,12.623,1.892,4.207,2.9572,MQTT,env_sensor
2025-01-08T22:09:00,77.056,31.399,2.424,5.192,0.7561,MQTT,env_sensor
2025-01-08T09:21:00,1489.233,36.707,4.972,106.842,0.5534,HTTPS,camera
2025-01-08T08:07:00,37.481,15.743,1.555,3.984,0.5634,MQTT,env_sensor
2025-01-08T17:55:00,122.617,16.061,7.337,6.012,2.3292,MQTT,env_sensor
2025-01-09T11:24:00,1698.047,25.2,11.919,118.938,0.0,HTTPS,gateway
2025-01-08T01:28:00,452.792,36.663,8.558,14.499,0.0,CoAP,gateway
2025-01-09T14:18:00,72.482,14.455,0.893,3.225,0.6659,MQTT,actuator
2025-01-08T14:30:00,3135.112,29.335,1.681,181.466,0.4703,HTTPS,camera
2025-01-08T11:24:00,112.19,17.831,5.837,11.537,0.9876,MQTT,actuator
2025-01-08T02:39:00,1597.919,59.795,0.256,66.093,1.2827,HTTPS,gateway
2025-01-09T12:15:00,46.723,19.175,3.271,0.915,0.0,LoRaWAN,env_sensor
2025-01-09T05:22:00,881.13,78.551,4.139,96.97,1.8725,CoAP,gateway
2025-01-09T04:55:00,1763.315,47.207,0.1,123.705,0.6174,HTTPS,camera
2025-01-08T02:08:00,1381.757,39.26,8.032,90.952,1.6872,HTTPS,gateway
2025-01-08T09:45:00,807.467,49.297,0.1,36.147,0.6459,HTTPS,gateway
2025-01-08T14:13:00,820.263,18.961,3.489,108.348,0.2768,HTTPS,gateway
2025-01-08T04:45:00,657.818,54.26,5.924,98.646,1.2853,CoAP,gateway
2025-01-08T09:18:00,103.216,28.31,6.876,1.103,0.4458,MQTT,actuator
2025-01-09T16:08:00,1349.237,17.726,6.531,137.718,0.0,HTTPS,camera
2025-01-07T23:13:00,597.171,36.043,11.648,118.434,2.235,CoAP,gateway
2025-01-08T00:13:00,1606.351,42.28,1.782,27.625,0.7617,HTTPS,camera
2025-01-08T22:57:00,108.98,21.092,7.211,3.785,1.3947,MQTT,actuator
2025-01-09T08:52:00,106.399,18.208,3.803,7.275,1.7476,MQTT,actuator
2025-01-08T18:51:00,1184.017,33.037,12.163,92.461,0.8931,HTTPS,gateway
2025-01-09T08:31:00,866.38,45.031,8.991,60.718,0.7581,HTTPS,gateway
2025-01-09T01:02:00,702.525,61.365,11.765,125.534,1.4748,CoAP,gateway
2025-01-08T15:28:00,20.486,226.754,0.1,0.982,3.922,LoRaWAN,smart_meter
2025-01-09T14:49:00,77.687,10.678,2.726,1.595,0.0,MQTT,env_sensor
2025-01-09T04:34:00,1021.044,50.493,9.521,39.934,0.6886,CoAP,gateway
2025-01-09T08:42:00,35.997,262.117,4.845,0.959,1.6711,LoRaWAN,smart_meter
2025-01-08T23:34:00,12.543,198.68,0.264,0.328,3.4861,LoRaWAN,smart_meter
2025-01-08T12:44:00,451.109,54.518,3.082,128.653,0.7734,HTTPS,camera
2025-01-08T10:26:00,8.0,121.701,2.627,0.131,4.9779,LoRaWAN,smart_meter
2025-01-09T12:27:00,81.356,1.0,3.668,8.988,1.0792,MQTT,env_sensor
2025-01-09T13:23:00,8.0,60.314,8.644,79.368,0.0,HTTPS,gateway
2025-01-08T19:42:00,60.209,16.977,0.1,2.78,1.9065,MQTT,env_sensor
2025-01-08T08:59:00,1735.437,98.83,2.321,0.655,0.1982,HTTPS,camera
2025-01-08T21:39:00,605.051,84.62,1.811,95.222,0.1136,HTTPS,camera
2025-01-09T01:21:00,1123.124,37.39,16.924,91.735,0.06,HTTPS,gateway
2025-01-08T09:41:00,485.303,38.181,13.804,96.318,0.0941,HTTPS,gateway
2025-01-08T21:48:00,92.795,8.758,5.385,0.05,0.0,MQTT,env_sensor
2025-01-08T22:57:00,1572.251,71.606,8.853,60.782,0.0,HTTPS,gateway
2025-01-08T00:07:00,950.043,49.909,0.1,0.05,0.8783,HTTPS,gateway
2025-01-08T19:51:00,311.662,47.023,10.189,63.594,1.9139,CoAP,gateway
2025-01-08T21:06:00,50.225,64.039,1.038,6.762,1.3191,MQTT,env_sensor
2025-01-08T12:44:00,36.782,5.901,0.412,0.05,2.062,MQTT,env_sensor
2025-01-08T03:02:00,120.022,25.485,7.467,4.347,0.0831,MQTT,actuator
2025-01-09T03:43:00,2116.174,82.47,2.967,142.303,0.5258,HTTPS,camera
2025-01-09T04:36:00,80.889,25.374,7.6,5.435,0.6829,MQTT,actuator
2025-01-09T16:09:00,1040.976,74.173,2.798,67.799,0.0,HTTPS,gateway
2025-01-08T10:03:00,972.438,64.866,13.395,39.963,0.7094,CoAP,gateway
2025-01-09T14:59:00,129.267,19.76,6.351,5.04,1.86,CoAP,actuator
2025-01-08T01:46:00,32.201,275.478,3.539,0.428,0.5939,LoRaWAN,smart_meter
2025-01-08T20:22:00,838.024,73.369,8.59,0.05,1.2905,CoAP,gateway
2025-01-09T01:12:00,33.167,1.0,1.729,1.297,0.831,MQTT,env_sensor
2025-01-08T05:31:00,90.605,23.825,8.321,6.109,2.0699,MQTT,actuator
2025-01-07T23:01:00,23.771,106.301,4.654,0.167,2.3347,LoRaWAN,smart_meter
2025-01-08T00:21:00,1044.605,23.086,4.51,81.895,1.243,HTTPS,gateway
2025-01-09T04:04:00,1177.367,48.896,0.1,115.62,0.0,HTTPS,gateway
2025-01-09T07:32:00,39.721,157.404,1.798,0.603,1.6059,LoRaWAN,smart_meter
2025-01-08T05:31:00,1072.5,88.928,0.1,121.199,0.1499,HTTPS,camera
2025-01-08T15:40:00,1681.377,11.671,2.278,130.355,0.4814,HTTPS,camera
2025-01-09T08:23:00,22.901,166.018,0.25,0.59,2.2817,LoRaWAN,smart_meter
2025-01-08T13:24:00,1350.781,82.056,4.432,104.707,1.1414,HTTPS,camera
2025-01-09T13:32:00,1225.737,59.356,7.474,96.633,0.9451,HTTPS,gateway
2025-01-09T02:56:00,971.685,74.0,6.371,70.142,1.5328,CoAP,gateway
2025-01-08T15:41:00,32.185,41.672,2.172,3.538,2.7967,MQTT,env_sensor
2025-01-09T12:55:00,2798.297,75.677,0.497,96.851,1.221,HTTPS,camera
2025-01-08T16:39:00,35.563,227.868,3.405,0.97,1.6354,LoRaWAN,smart_meter
2025-01-08T11:40:00,1654.543,28.176,21.788,109.259,0.4921,HTTPS,gateway
2025-01-09T13:41:00,107.679,19.37,2.568,0.05,2.1026,MQTT,env_sensor
2025-01-08T23:43:00,115.117,36.916,4.7,0.131,1.1467,MQTT,actuator
2025-01-08T14:05:00,28.167,209.045,2.861,0.694,2.8962,LoRaWAN,smart_meter
2025-01-09T08:48:00,2989.521,52.394,4.997,173.784,0.9925,HTTPS,camera
2025-01-09T02:16:00,83.832,21.404,1.034,6.932,1.9995,MQTT,actuator
2025-01-08T23:31:00,72.284,22.363,6.933,9.398,1.0392,CoAP,actuator
2025-01-09T09:09:00,112.101,11.74,6.893,7.201,0.5917,CoAP,actuator
2025-01-08T02:54:00,76.723,27.584,3.076,3.997,1.3562,MQTT,env_sensor
2025-01-09T00:18:00,509.469,31.768,5.296,0.05,0.8744,CoAP,gateway
2025-01-08T13:07:00,1499.735,58.46,4.059,126.654,0.2351,HTTPS,camera
2025-01-08T01:41:00,1274.575,53.95,5.173,34.968,0.0,HTTPS,camera
2025-01-08T21:52:00,26.914,196.633,1.036,0.352,5.8023,LoRaWAN,smart_meter
2025-01-08T20:10:00,72.65,23.02,0.4,4.782,2.2272,MQTT,env_sensor
2025-01-09T11:11:00,925.235,85.727,0.1,90.509,1.397,HTTPS,camera
2025-01-08T15:53:00,85.924,5.499,2.263,0.729,0.0,MQTT,env_sensor
2025-01-08T03:52:00,133.892,25.596,9.648,2.34,0.0815,MQTT,actuator
2025-01-08T22:07:00,106.327,30.036,3.738,0.883,1.6287,MQTT,env_sensor
2025-01-08T06:56:00,133.179,30.719,8.429,8.958,0.7006,CoAP,actuator
2025-01-08T13:15:00,1667.905,19.303,6.935,122.245,0.2062,HTTPS,camera
2025-01-08T13:40:00,115.879,20.707,1.204,4.976,0.6478,MQTT,actuator
2025-01-09T06:02:00,32.127,234.337,1.497,0.376,3.5634,LoRaWAN,smart_meter
2025-01-09T12:56:00,66.521,24.879,2.881,6.208,0.4592,MQTT,actuator
2025-01-09T01:46:00,2216.439,74.131,5.826,205.14,0.5518,HTTPS,camera
2025-01-08T09:44:00,2379.341,72.102,1.757,193.517,0.353,HTTPS,camera
2025-01-08T09:58:00,46.464,24.52,3.081,2.948,1.3017,MQTT,env_sensor
2025-01-08T14:15:00,58.173,28.169,4.619,1.496,1.3237,MQTT,env_sensor
2025-01-09T07:59:00,70.555,17.744,4.091,5.543,0.4857,MQTT,env_sensor
2025-01-08T16:31:00,93.354,37.252,3.223,6.797,2.1043,MQTT,env_sensor
2025-01-08T04:05:00,1747.193,37.405,16.8,59.693,0.8705,HTTPS,gateway
2025-01-08T12:16:00,1067.404,26.759,12.064,71.606,0.0,HTTPS,gateway
2025-01-09T07:15:00,1220.029,35.769,4.305,121.32,0.0,HTTPS,gateway
2025-01-08T18:42:00,28.166,289.041,0.745,0.86,4.5944,LoRaWAN,smart_meter
2025-01-08T04:44:00,965.163,2.105,11.387,53.842,1.0729,CoAP,gateway
2025-01-09T15:03:00,2103.344,67.004,2.097,130.045,0.7823,HTTPS,camera
2025-01-08T08:04:00,21.945,205.253,1.197,0.293,5.0355,LoRaWAN,smart_meter
2025-01-09T05:07:00,113.499,13.283,5.121,6.047,1.1352,MQTT,actuator
2025-01-08T12:33:00,1056.762,37.075,12.937,0.05,1.8032,HTTPS,gateway
2025-01-09T09:06:00,1217.218,34.371,3.915,35.228,0.5917,HTTPS,camera
2025-01-08T14:38:00,22.972,279.704,2.841,0.05,4.7586,LoRaWAN,smart_meter
2025-01-09T02:49:00,1631.842,83.477,2.672,154.083,0.0,HTTPS,camera
2025-01-09T00:47:00,2659.572,18.265,6.121,66.287,1.077,CoAP,camera
2025-01-09T04:03:00,1237.849,37.618,5.76,0.687,0.0,HTTPS,gateway
2025-01-09T08:23:00,94.559,28.69,4.431,9.006,1.4734,MQTT,actuator
2025-01-08T18:09:00,24.87,155.43,3.667,0.413,5.8853,LoRaWAN,smart_meter
2025-01-09T00:47:00,1241.165,32.765,5.04,65.444,0.8853,HTTPS,gateway
2025-01-09T03:19:00,41.254,2.023,1.968,7.382,2.053,MQTT,env_sensor
2025-01-08T21:19:00,1215.76,27.094,0.1,65.249,2.3951,HTTPS,gateway
2025-01-09T06:51:00,29.308,28.687,6.561,7.644,1.9147,MQTT,env_sensor
2025-01-08T23:54:00,177.262,26.422,5.039,10.072,1.4683,MQTT,actuator
2025-01-09T10:50:00,36.596,19.501,4.735,2.101,0.2453,MQTT,env_sensor
2025-01-09T04:57:00,1088.717,69.736,5.753,86.822,0.7526,HTTPS,camera
2025-01-08T11:11:00,34.428,39.265,2.897,0.487,4.6811,LoRaWAN,smart_meter
2025-01-08T18:22:00,1071.564,63.641,3.868,46.64,0.7,HTTPS,gateway
2025-01-08T21:42:00,102.584,24.236,6.251,3.561,0.0,MQTT,actuator
2025-01-08T05:32:00,29.93,321.473,0.707,0.05,2.9807,LoRaWAN,smart_meter
2025-01-08T19:05:00,45.535,41.822,1.885,0.05,0.9918,HTTPS,env_sensor
2025-01-08T13:54:00,8.0,51.035,0.1,5.059,1.3023,MQTT,env_sensor
2025-01-07T22:43:00,1068.408,51.855,19.546,129.554,3.2495,HTTPS,gateway
2025-01-08T01:23:00,2098.066,119.829,2.887,271.806,0.0578,HTTPS,camera
2025-01-08T09:45:00,77.971,25.265,4.615,5.148,1.1959,MQTT,actuator
2025-01-08T22:20:00,132.743,23.914,1.158,6.515,0.0424,MQTT,actuator
2025-01-08T18:37:00,99.166,26.239,5.927,0.169,0.8335,MQTT,actuator
2025-01-08T11:51:00,21.891,160.801,0.1,0.05,0.2601,LoRaWAN,smart_meter
2025-01-09T07:29:00,103.513,21.325,5.713,6.092,0.0,MQTT,env_sensor
2025-01-09T10:23:00,54.647,33.899,1.969,8.133,0.0,MQTT,env_sensor
2025-01-08T20:38:00,112.184,12.146,3.088,3.469,2.4652,MQTT,env_sensor
2025-01-08T15:56:00,35.934,156.633,6.266,0.649,3.8699,LoRaWAN,smart_meter
2025-01-08T13:05:00,1179.234,84.153,3.64,160.822,1.0506,HTTPS,camera
2025-01-09T04:13:00,29.574,212.649,1.352,0.614,2.8212,LoRaWAN,smart_meter
2025-01-08T12:51:00,31.328,16.232,6.97,7.093,1.5601,CoAP,actuator
2025-01-08T23:46:00,105.906,28.37,0.1,3.642,0.8547,MQTT,env_sensor
2025-01-08T14:13:00,83.118,16.02,2.858,2.642,1.2147,MQTT,env_sensor
2025-01-08T18:02:00,24.297,213.962,5.184,0.73,0.791,LoRaWAN,smart_meter
2025-01-08T15:21:00,97.738,18.752,10.056,10.071,1.1892,MQTT,actuator
2025-01-08T17:32:00,273.65,19.964,0.1,8.084,0.8604,CoAP,gateway
2025-01-08T03:07:00,207.448,97.415,5.615,123.271,1.4539,CoAP,camera
2025-01-09T13:04:00,33.263,36.034,1.306,0.358,1.3935,MQTT,smart_meter
2025-01-08T05:18:00,59.513,11.104,1.756,7.099,1.3942,MQTT,actuator
2025-01-08T22:41:00,2415.266,18.086,5.24,171.952,0.7655,HTTPS,camera
2025-01-09T11:01:00,2242.293,63.619,4.301,98.924,0.0342,HTTPS,camera
2025-01-09T08:59:00,1951.359,67.714,8.596,171.389,1.2203,HTTPS,camera
2025-01-08T18:52:00,781.206,37.065,6.695,17.921,0.0,CoAP,gateway
2025-01-09T04:12:00,606.116,30.984,9.985,45.046,2.2739,CoAP,gateway
2025-01-09T11:25:00,10.556,98.146,1.361,0.05,1.1491,MQTT,smart_meter
2025-01-09T05:59:00,27.134,274.244,0.1,0.482,3.636,LoRaWAN,smart_meter
2025-01-09T03:41:00,75.217,10.366,5.992,10.802,1.9676,MQTT,actuator
2025-01-09T06:26:00,79.425,11.177,2.14,6.768,0.0,MQTT,env_sensor
2025-01-09T09:38:00,32.316,96.17,1.762,0.11,4.8123,MQTT,smart_meter
2025-01-09T02:02:00,59.775,26.752,7.185,9.478,0.5014,MQTT,env_sensor
2025-01-08T23:56:00,33.07,16.401,5.292,5.456,1.4293,MQTT,actuator
2025-01-08T04:05:00,23.472,254.75,2.187,0.05,0.8644,LoRaWAN,smart_meter
2025-01-08T22:59:00,2085.927,61.774,2.551,153.785,0.2801,HTTPS,camera
2025-01-08T21:46:00,31.447,249.593,1.927,0.639,1.471,LoRaWAN,smart_meter
2025-01-08T09:43:00,94.22,15.258,7.675,3.047,1.1692,CoAP,actuator
2025-01-08T18:28:00,668.532,35.731,5.481,117.243,0.5555,HTTPS,camera
2025-01-08T19:12:00,165.993,38.312,2.36,5.687,0.4377,MQTT,env_sensor
2025-01-09T13:14:00,31.185,166.305,1.933,0.115,4.8385,LoRaWAN,smart_meter
2025-01-08T20:22:00,25.952,236.331,1.047,0.382,4.6359,LoRaWAN,smart_meter
2025-01-09T12:02:00,30.391,182.564,0.1,0.522,5.1792,LoRaWAN,smart_meter
2025-01-08T13:28:00,96.464,2.765,0.1,11.066,1.3782,MQTT,env_sensor
2025-01-09T05:16:00,121.082,34.114,3.889,12.001,0.2135,HTTPS,actuator
2025-01-09T08:12:00,147.846,18.662,9.735,15.775,1.0639,MQTT,actuator
2025-01-09T13:39:00,29.699,216.392,1.255,0.557,3.9799,LoRaWAN,smart_meter
2025-01-09T06:54:00,57.362,32.996,3.684,5.373,1.8179,MQTT,env_sensor
2025-01-08T10:59:00,939.084,81.099,1.159,210.093,0.1427,HTTPS,camera
2025-01-08T06:56:00,20.888,341.448,1.302,0.488,1.0537,MQTT,smart_meter
2025-01-09T08:08:00,36.353,215.151,1.654,0.475,1.3059,LoRaWAN,smart_meter
2025-01-08T10:27:00,115.064,16.596,1.8,6.779,1.3799,MQTT,actuator
2025-01-09T12:08:00,197.65,54.664,9.541,53.623,1.2608,MQTT,gateway
2025-01-09T04:53:00,132.52,27.923,2.596,6.417,0.7937,MQTT,actuator
2025-01-08T19:41:00,85.507,20.564,1.964,6.614,0.3001,MQTT,env_sensor
2025-01-08T00:31:00,20.29,157.813,0.1,0.167,5.7987,LoRaWAN,smart_meter
2025-01-09T06:17:00,79.72,4.098,0.1,5.373,0.7151,MQTT,env_sensor
2025-01-08T04:54:00,9.619,257.805,1.567,0.05,2.0402,LoRaWAN,smart_meter
2025-01-08T11:57:00,917.831,119.552,3.86,148.38,0.0,HTTPS,camera
2025-01-09T02:00:00,1103.824,75.275,7.94,19.403,1.3447,CoAP,gateway
2025-01-08T21:02:00,26.442,192.794,2.234,0.526,2.2281,LoRaWAN,smart_meter
2025-01-08T18:17:00,750.251,38.243,11.506,94.468,0.0,HTTPS,gateway
2025-01-08T02:22:00,108.316,27.077,6.471,8.092,0.0,MQTT,actuator
2025-01-08T23:49:00,84.859,16.092,3.111,4.635,2.964,MQTT,env_sensor
2025-01-08T20:30:00,57.082,20.945,5.918,10.183,0.0,CoAP,env_sensor
2025-01-08T08:42:00,12.555,206.102,0.77,0.527,0.8984,LoRaWAN,smart_meter
2025-01-08T01:07:00,515.606,41.599,3.934,123.787,2.8959,MQTT,gateway
2025-01-08T16:21:00,102.26,24.727,9.465,12.043,1.0143,MQTT,actuator
2025-01-09T11:06:00,726.286,98.499,6.891,156.367,0.1007,HTTPS,camera
2025-01-08T00:10:00,46.325,137.89,1.287,0.05,0.5405,LoRaWAN,smart_meter
2025-01-09T08:39:00,68.54,36.575,1.847,14.2,0.8155,MQTT,actuator
2025-01-09T00:17:00,101.786,28.472,6.37,8.703,0.7329,MQTT,actuator
2025-01-08T21:54:00,130.54,42.343,6.117,20.47,0.8534,MQTT,actuator
2025-01-09T00:11:00,121.837,20.884,12.241,13.898,0.5868,MQTT,actuator
2025-01-08T19:52:00,1967.699,91.391,1.254,127.585,0.8586,HTTPS,camera
2025-01-08T03:23:00,12.395,201.559,2.015,0.856,5.5699,LoRaWAN,smart_meter
2025-01-09T05:01:00,115.133,22.86,6.363,6.615,0.1238,MQTT,actuator
2025-01-08T05:28:00,858.824,35.026,2.256,127.871,0.431,HTTPS,camera
2025-01-08T23:59:00,64.135,16.82,4.798,5.417,2.0334,MQTT,env_sensor
2025-01-09T02:05:00,41.127,7.895,4.598,3.682,1.1307,MQTT,env_sensor
2025-01-08T04:53:00,775.137,26.649,13.359,67.09,0.093,HTTPS,gateway
2025-01-08T13:36:00,85.51,15.251,3.965,0.733,0.3238,MQTT,env_sensor
2025-01-09T11:54:00,1321.188,63.472,1.733,152.403,1.0764,HTTPS,camera
2025-01-08T01:29:00,38.815,96.755,4.251,0.05,2.7369,MQTT,smart_meter
2025-01-08T01:30:00,2353.848,41.072,7.541,194.439,1.0857,CoAP,camera
2025-01-09T14:34:00,84.759,9.729,3.327,0.729,2.0173,MQTT,env_sensor
2025-01-09T01:49:00,174.336,62.55,0.1,167.57,0.6007,HTTPS,camera
2025-01-09T08:37:00,438.508,82.264,0.1,119.71,0.0,HTTPS,gateway
2025-01-08T09:58:00,36.616,107.373,0.689,0.206,4.5423,LoRaWAN,smart_meter
2025-01-08T16:46:00,8.0,14.239,13.682,46.577,0.4512,MQTT,gateway
2025-01-08T22:44:00,507.081,25.869,4.313,38.427,2.0175,MQTT,gateway
2025-01-08T05:06:00,144.991,8.181,13.309,13.88,1.7335,MQTT,actuator
2025-01-08T09:03:00,78.538,16.412,1.198,15.917,1.8332,MQTT,actuator
2025-01-08T01:08:00,514.947,74.632,13.131,97.415,0.9463,CoAP,gateway
2025-01-08T19:26:00,975.957,35.081,14.051,60.057,1.0743,CoAP,gateway
2025-01-08T05:53:00,39.1,93.905,2.178,0.789,5.9658,LoRaWAN,smart_meter
2025-01-08T20:57:00,85.32,13.663,6.631,12.564,0.0991,CoAP,actuator
2025-01-08T01:56:00,655.283,80.148,12.684,150.245,0.573,HTTPS,gateway
2025-01-08T23:23:00,15.299,210.397,0.985,0.363,3.4727,LoRaWAN,smart_meter
2025-01-09T05:35:00,97.714,16.572,4.207,7.848,1.1958,MQTT,actuator
2025-01-08T23:20:00,1581.529,31.095,6.105,134.373,0.1818,HTTPS,camera
2025-01-07T23:12:00,1747.248,54.241,6.994,147.896,0.6527,HTTPS,camera
2025-01-08T03:29:00,58.26,14.594,2.524,3.489,1.1349,MQTT,actuator
2025-01-09T12:53:00,2748.518,18.034,7.212,79.471,0.0,HTTPS,camera
2025-01-09T14:10:00,960.428,74.756,11.636,56.4,1.8404,CoAP,gateway
2025-01-08T06:59:00,64.987,47.774,1.995,8.416,0.4256,MQTT,env_sensor
2025-01-08T15:16:00,75.92,6.166,8.219,10.26,1.2298,CoAP,actuator
2025-01-09T10:06:00,23.856,251.688,4.798,0.05,0.5986,LoRaWAN,smart_meter
2025-01-08T22:23:00,13.533,234.198,0.394,0.916,1.5549,LoRaWAN,smart_meter
2025-01-09T06:56:00,91.883,29.866,3.265,0.362,0.0,MQTT,env_sensor
2025-01-09T15:03:00,103.15,7.974,9.861,17.888,0.4451,MQTT,actuator
2025-01-09T02:50:00,24.129,286.975,1.003,0.468,3.1266,LoRaWAN,smart_meter
2025-01-09T11:14:00,48.197,41.306,2.053,8.658,2.468,MQTT,env_sensor
2025-01-09T15:17:00,2506.827,43.494,3.365,127.563,1.4538,HTTPS,camera
2025-01-09T04:08:00,52.369,35.69,1.569,5.205,1.1162,MQTT,env_sensor
2025-01-08T23:24:00,190.619,27.145,3.409,11.436,0.8186,MQTT,actuator
2025-01-08T15:33:00,81.711,44.713,1.751,4.568,2.4639,MQTT,env_sensor
2025-01-09T15:53:00,337.164,38.967,12.239,62.209,1.5311,CoAP,gateway
2025-01-09T14:34:00,28.556,289.754,3.025,0.538,2.6247,LoRaWAN,smart_meter
2025-01-07T23:07:00,1781.179,26.241,5.214,106.675,0.1081,HTTPS,camera
2025-01-09T00:02:00,58.797,75.964,3.863,150.862,0.1859,HTTPS,gateway
2025-01-08T06:11:00,1193.465,63.885,12.027,27.196,1.7103,MQTT,gateway
2025-01-08T17:49:00,1517.857,73.492,3.048,120.093,0.6623,HTTPS,camera
2025-01-08T04:33:00,2115.815,64.785,3.832,65.203,3.4314,HTTPS,gateway
2025-01-08T16:03:00,76.138,18.864,7.737,4.485,1.6097,MQTT,actuator
2025-01-08T01:48:00,99.981,30.102,3.542,2.588,2.8058,MQTT,env_sensor
2025-01-08T04:02:00,38.276,16.785,4.558,0.05,0.6517,MQTT,env_sensor
2025-01-09T14:09:00,198.008,13.819,0.1,3.696,0.0,MQTT,actuator
2025-01-09T10:48:00,13.901,193.666,0.777,0.865,0.0,LoRaWAN,smart_meter
2025-01-08T12:10:00,24.315,151.973,2.557,0.541,4.5608,LoRaWAN,smart_meter
2025-01-08T16:46:00,106.148,25.904,4.595,9.324,0.117,MQTT,actuator
2025-01-09T07:55:00,27.495,310.781,1.863,0.342,6.8209,LoRaWAN,smart_meter
2025-01-09T02:50:00,2245.639,59.923,2.763,73.585,0.2323,HTTPS,camera
2025-01-08T21:43:00,9.663,269.775,1.919,0.518,1.8478,LoRaWAN,smart_meter
2025-01-08T20:44:00,2018.073,58.935,4.433,93.721,0.3811,HTTPS,camera
2025-01-08T04:17:00,138.432,27.543,10.768,6.946,1.4432,MQTT,actuator
2025-01-09T12:21:00,22.186,154.166,3.403,0.256,3.8023,MQTT,smart_meter
2025-01-09T03:50:00,44.399,10.744,2.717,2.998,2.0915,MQTT,env_sensor
2025-01-09T01:58:00,54.374,13.668,8.819,6.221,2.1241,MQTT,actuator
2025-01-08T04:19:00,95.136,12.188,1.772,2.337,0.209,MQTT,env_sensor
2025-01-08T17:49:00,28.978,127.134,0.163,0.784,5.9286,LoRaWAN,smart_meter
2025-01-09T09:31:00,22.917,37.123,2.774,1.85,1.7104,MQTT,env_sensor
2025-01-09T06:15:00,153.189,21.055,10.963,8.123,0.7323,MQTT,actuator
2025-01-08T11:21:00,1643.868,87.833,8.329,184.74,0.4589,HTTPS,camera
2025-01-08T00:21:00,26.904,208.057,1.463,0.05,5.2289,LoRaWAN,smart_meter
2025-01-08T12:59:00,84.137,19.086,2.388,0.05,1.2476,MQTT,env_sensor
2025-01-09T05:37:00,132.424,4.371,5.735,3.948,0.9534,CoAP,actuator
2025-01-08T03:38:00,40.392,222.821,0.1,0.558,1.6329,LoRaWAN,smart_meter
2025-01-08T21:19:00,100.364,13.456,5.862,8.681,0.0123,MQTT,actuator
2025-01-07T23:47:00,72.71,21.156,5.308,5.614,2.0702,MQTT,env_sensor
2025-01-08T04:12:00,1209.228,40.931,5.383,70.948,1.0762,HTTPS,gateway
2025-01-08T12:55:00,75.995,6.121,7.679,11.037,1.4237,MQTT,actuator
2025-01-08T20:11:00,121.577,17.811,5.059,16.338,0.0,MQTT,actuator
2025-01-07T23:57:00,1088.905,74.914,10.158,36.845,0.8001,HTTPS,gateway
2025-01-09T07:56:00,34.056,12.407,0.382,2.786,1.186,MQTT,env_sensor
2025-01-09T15:19:00,93.498,32.14,4.147,8.387,1.2785,MQTT,env_sensor
2025-01-08T06:37:00,1564.879,33.244,10.95,2.908,0.5457,HTTPS,camera
2025-01-08T03:14:00,52.547,10.577,3.448,0.05,1.624,MQTT,env_sensor
2025-01-08T07:48:00,550.614,52.588,3.246,201.264,0.0,HTTPS,camera
2025-01-09T07:06:00,8.0,4.48,2.593,9.036,0.8338,MQTT,env_sensor
2025-01-08T09:39:00,82.945,15.149,6.611,5.383,0.3323,CoAP,actuator
2025-01-09T01:02:00,81.55,13.05,5.517,9.476,0.4161,MQTT,actuator
2025-01-09T11:46:00,1338.468,108.223,7.449,35.04,0.2325,HTTPS,camera
2025-01-09T00:15:00,1608.687,45.492,6.174,0.05,1.0902,CoAP,camera
2025-01-09T09:32:00,90.819,23.216,2.68,5.665,1.7523,MQTT,env_sensor
2025-01-08T01:25:00,25.504,224.457,1.062,0.647,0.8273,LoRaWAN,smart_meter
2025-01-07T23:05:00,22.104,256.791,2.44,0.392,0.0642,LoRaWAN,smart_meter
2025-01-09T03:49:00,104.717,31.227,1.137,1.872,0.9719,MQTT,env_sensor
2025-01-09T09:04:00,14.917,225.834,0.749,0.062,2.1012,LoRaWAN,smart_meter
2025-01-09T14:17:00,536.535,48.587,4.036,85.477,0.0,HTTPS,gateway
2025-01-08T21:21:00,599.448,43.455,7.32,49.594,0.2442,CoAP,gateway
2025-01-08T12:23:00,38.146,172.086,2.906,0.13,3.9675,LoRaWAN,smart_meter
2025-01-09T14:40:00,929.69,68.448,2.878,82.143,0.8089,HTTPS,gateway
2025-01-08T05:40:00,1654.78,13.686,15.621,75.389,2.1102,HTTPS,gateway
2025-01-09T03:45:00,22.757,211.755,4.511,1.137,6.48,MQTT,smart_meter
2025-01-08T19:16:00,516.012,55.965,1.53,87.862,2.1113,HTTPS,gateway
2025-01-08T19:53:00,652.526,8.643,7.242,69.999,1.3728,CoAP,gateway
2025-01-09T15:22:00,139.167,3.097,7.403,9.205,1.2502,MQTT,actuator
2025-01-09T02:03:00,829.066,77.735,3.746,82.047,1.1574,HTTPS,camera
2025-01-09T05:07:00,56.232,11.886,4.581,1.271,1.8283,MQTT,env_sensor
2025-01-08T14:16:00,1545.702,66.063,4.88,180.023,0.1643,HTTPS,camera
2025-01-09T01:55:00,60.554,19.418,2.156,10.098,1.0671,MQTT,env_sensor
2025-01-08T00:04:00,98.044,25.577,3.081,7.325,1.0682,MQTT,env_sensor
2025-01-08T05:34:00,1100.523,14.729,0.751,89.066,0.2198,HTTPS,camera
2025-01-08T22:45:00,78.625,14.318,4.368,8.342,0.3496,MQTT,actuator
2025-01-08T03:51:00,1975.255,63.563,3.914,209.42,0.9489,HTTPS,camera
2025-01-08T15:10:00,122.51,11.78,3.304,7.032,1.4892,MQTT,env_sensor
2025-01-08T17:55:00,24.966,113.141,1.933,0.065,1.6076,MQTT,smart_meter
2025-01-09T04:13:00,1752.536,78.57,6.875,160.971,0.0,HTTPS,camera
2025-01-08T17:48:00,552.01,41.34,0.1,112.488,0.4476,HTTPS,camera
2025-01-09T00:29:00,1932.527,37.458,2.466,21.162,0.5054,HTTPS,camera
2025-01-07T23:50:00,57.569,37.935,6.703,6.391,0.4666,CoAP,env_sensor
2025-01-09T04:29:00,122.113,26.215,8.979,6.362,2.4594,CoAP,actuator
2025-01-08T10:46:00,42.927,243.882,1.142,0.818,1.5873,LoRaWAN,smart_meter
2025-01-07T23:26:00,21.745,206.029,3.015,0.391,4.8927,LoRaWAN,smart_meter
2025-01-08T10:06:00,150.915,24.621,0.1,5.253,0.8471,MQTT,actuator
2025-01-08T07:49:00,546.704,38.551,8.003,68.101,2.3015,CoAP,gateway
2025-01-09T01:17:00,107.587,20.56,3.169,3.799,0.0,MQTT,actuator
2025-01-08T21:48:00,2726.349,103.575,7.0,106.307,1.8358,HTTPS,camera
2025-01-08T00:35:00,56.86,4.948,3.056,3.86,1.1122,MQTT,env_sensor
2025-01-08T10:34:00,82.202,27.399,4.56,13.125,1.1092,MQTT,actuator
2025-01-08T05:53:00,14.205,27.5,1.419,0.05,1.4391,MQTT,env_sensor
2025-01-08T17:19:00,1604.079,59.608,6.042,239.146,0.424,HTTPS,camera
2025-01-08T08:48:00,2837.016,83.29,0.1,28.58,0.1135,HTTPS,camera
2025-01-08T18:23:00,1444.483,77.763,12.11,0.05,0.0,HTTPS,gateway
2025-01-08T13:37:00,1680.686,44.596,8.051,98.647,2.564,HTTPS,gateway
2025-01-08T05:58:00,875.485,19.486,10.327,0.05,0.4436,CoAP,gateway
2025-01-08T13:08:00,41.065,21.117,4.688,8.985,0.0,MQTT,env_sensor
2025-01-09T15:36:00,1398.751,67.554,7.944,82.407,1.5424,HTTPS,gateway
2025-01-08T09:26:00,2496.164,41.468,3.847,217.748,0.1832,HTTPS,camera
2025-01-08T18:48:00,87.207,30.695,0.201,0.155,2.5727,MQTT,env_sensor
2025-01-09T09:28:00,2395.519,51.213,7.443,271.921,0.3491,HTTPS,camera
2025-01-09T13:10:00,3032.998,71.917,8.028,62.139,0.2955,HTTPS,camera
2025-01-08T23:50:00,8.0,8.734,6.154,0.05,0.0,LoRaWAN,gateway
2025-01-09T08:38:00,43.779,37.203,3.634,1.798,0.0,MQTT,env_sensor
2025-01-08T20:42:00,18.559,126.123,2.747,0.492,3.4586,LoRaWAN,smart_meter
2025-01-08T15:43:00,1309.466,14.87,9.129,0.05,1.7948,CoAP,gateway
2025-01-08T16:53:00,53.274,18.897,6.498,14.082,0.0943,CoAP,actuator
2025-01-08T16:14:00,73.101,26.253,1.682,5.32,1.6198,MQTT,env_sensor
2025-01-07T22:54:00,1063.337,1.0,9.129,0.05,1.4151,CoAP,gateway
2025-01-08T01:40:00,126.037,20.877,7.26,11.068,0.0,CoAP,actuator
2025-01-08T00:44:00,931.185,75.528,6.012,242.443,0.1212,CoAP,camera
2025-01-09T09:36:00,136.445,9.888,4.586,13.894,0.4784,MQTT,actuator
2025-01-09T04:33:00,26.261,59.328,4.561,1.003,2.0715,MQTT,smart_meter
2025-01-09T10:14:00,60.125,33.654,2.747,4.988,0.2761,MQTT,env_sensor
2025-01-08T23:53:00,1278.629,41.413,12.301,8.579,2.5507,CoAP,gateway
2025-01-07T23:03:00,65.374,17.821,8.157,5.788,1.3468,MQTT,actuator
2025-01-09T02:46:00,60.706,2.225,5.1,0.05,0.3979,CoAP,env_sensor
2025-01-09T08:15:00,34.284,169.079,0.388,0.151,6.1273,LoRaWAN,smart_meter
2025-01-08T04:47:00,131.7,14.977,7.515,14.116,1.5985,MQTT,actuator
2025-01-08T10:35:00,143.362,24.632,6.89,3.238,0.6958,MQTT,actuator
2025-01-08T19:21:00,790.49,35.503,9.59,12.522,0.7848,CoAP,gateway
2025-01-08T21:55:00,22.444,271.821,4.91,0.269,2.9798,LoRaWAN,smart_meter
2025-01-09T07:38:00,1253.412,21.582,0.1,0.05,0.8017,HTTPS,gateway
2025-01-09T03:58:00,557.815,25.924,2.174,46.918,1.7492,MQTT,gateway
2025-01-08T08:50:00,823.597,25.959,7.314,49.709,1.1079,CoAP,gateway
2025-01-09T15:45:00,49.18,10.012,6.072,1.154,0.2376,MQTT,actuator
2025-01-09T06:49:00,22.387,330.895,2.127,0.05,4.5308,LoRaWAN,smart_meter
2025-01-07T23:09:00,131.942,7.173,11.762,12.1,1.1758,MQTT,actuator
2025-01-09T03:49:00,797.624,64.489,3.772,156.748,0.9224,HTTPS,camera
2025-01-09T04:58:00,115.611,1.0,3.382,10.773,1.0044,MQTT,actuator
2025-01-08T19:27:00,54.973,11.106,4.305,1.697,1.4287,MQTT,env_sensor
2025-01-09T10:47:00,1563.002,16.693,7.231,61.092,0.0,HTTPS,gateway
2025-01-08T02:49:00,1492.537,24.267,2.16,106.058,0.2478,HTTPS,camera
2025-01-08T02:20:00,33.084,22.845,2.942,2.601,1.9637,MQTT,env_sensor
2025-01-08T19:02:00,43.471,27.463,3.758,7.489,0.1242,MQTT,env_sensor
2025-01-09T08:03:00,82.331,17.98,6.192,3.199,0.0,MQTT,actuator
2025-01-08T10:21:00,1243.61,66.499,0.1,86.162,0.0742,HTTPS,gateway
2025-01-08T12:30:00,118.601,28.975,1.663,7.163,0.7097,MQTT,env_sensor
2025-01-09T00:46:00,30.244,151.631,1.359,0.962,2.8196,LoRaWAN,smart_meter
2025-01-08T15:19:00,573.411,60.068,7.029,127.763,1.4848,CoAP,camera
2025-01-08T12:00:00,28.968,153.336,3.225,0.236,0.7571,LoRaWAN,smart_meter
2025-01-08T19:55:00,45.095,29.946,3.724,5.628,0.0,MQTT,env_sensor
2025-01-08T18:15:00,1288.749,56.167,4.436,76.671,1.2337,HTTPS,gateway
2025-01-09T11:49:00,80.318,27.91,1.76,4.331,2.1585,MQTT,env_sensor
2025-01-08T12:18:00,8.0,91.742,5.056,97.148,1.1266,MQTT,camera
2025-01-08T02:58:00,846.134,43.365,10.936,104.069,0.4577,HTTPS,gateway
2025-01-09T11:57:00,29.395,164.692,3.682,0.17,0.1676,LoRaWAN,smart_meter
2025-01-09T08:43:00,1706.691,54.517,9.205,28.592,0.1537,HTTPS,gateway
2025-01-08T10:06:00,17.234,149.682,1.005,0.233,2.9409,LoRaWAN,smart_meter
2025-01-09T04:27:00,524.453,53.24,10.557,63.258,1.0072,CoAP,gateway
2025-01-07T23:19:00,363.565,98.013,6.837,97.355,1.6331,CoAP,camera
2025-01-09T05:04:00,991.541,48.077,14.352,84.396,0.9237,HTTPS,gateway
2025-01-09T03:10:00,157.683,2.188,6.111,2.288,1.1391,MQTT,actuator
2025-01-08T23:40:00,110.445,1.753,7.351,4.513,0.7667,MQTT,actuator
2025-01-08T06:28:00,633.877,48.18,4.174,241.483,1.0586,HTTPS,camera
2025-01-08T12:20:00,99.577,24.58,12.914,9.134,0.0,MQTT,actuator
2025-01-08T20:37:00,33.16,203.964,1.536,0.298,6.3834,LoRaWAN,smart_meter
2025-01-08T01:45:00,181.248,22.886,4.503,0.05,0.382,MQTT,actuator
2025-01-08T10:15:00,207.442,31.773,1.867,183.848,0.0,HTTPS,gateway
2025-01-09T13:24:00,383.513,31.363,13.325,48.976,0.3245,HTTPS,gateway
2025-01-09T12:23:00,16.569,178.252,1.648,0.203,3.3515,LoRaWAN,smart_meter
2025-01-08T09:36:00,1395.211,76.81,3.213,101.661,1.1896,HTTPS,camera
2025-01-09T16:01:00,862.498,25.838,3.178,26.932,2.4799,MQTT,gateway
2025-01-09T13:56:00,1086.792,28.57,5.64,31.263,0.0,HTTPS,gateway
2025-01-09T12:52:00,109.479,29.082,4.697,12.516,1.0136,MQTT,actuator
2025-01-09T14:23:00,1434.095,43.899,3.305,145.268,1.2028,HTTPS,camera
2025-01-09T08:45:00,40.101,179.67,0.1,0.463,4.5416,MQTT,smart_meter
2025-01-09T15:21:00,25.961,137.977,2.576,0.821,2.9424,LoRaWAN,smart_meter
2025-01-09T14:46:00,1118.374,39.677,11.592,43.86,1.7868,CoAP,gateway
2025-01-08T07:05:00,124.783,23.912,7.824,10.723,1.324,MQTT,actuator
2025-01-08T02:04:00,86.993,24.702,5.362,7.719,0.8126,MQTT,actuator
2025-01-08T15:16:00,2253.077,52.859,0.1,124.887,0.3369,HTTPS,camera
2025-01-08T05:32:00,1475.777,19.595,7.262,76.641,0.3022,HTTPS,camera
2025-01-09T12:52:00,1794.574,112.708,2.452,58.897,0.6341,HTTPS,camera
2025-01-08T03:12:00,44.541,19.198,4.166,6.554,1.9753,MQTT,env_sensor
2025-01-08T20:55:00,46.169,36.771,4.51,6.889,0.6779,HTTPS,env_sensor
2025-01-07T23:21:00,153.726,29.986,4.787,5.328,1.4102,MQTT,actuator
2025-01-09T10:03:00,104.511,14.938,7.011,2.56,1.4984,MQTT,actuator
2025-01-08T17:51:00,473.752,27.351,3.332,64.204,1.3279,MQTT,gateway
2025-01-08T21:42:00,20.425,185.822,1.563,0.136,0.2114,LoRaWAN,smart_meter
2025-01-08T10:12:00,8.0,17.185,7.062,40.634,0.1209,MQTT,gateway
2025-01-07T23:20:00,2235.849,89.424,4.008,201.931,0.6219,HTTPS,camera
2025-01-08T20:40:00,104.471,5.524,4.983,12.831,1.0019,MQTT,actuator
2025-01-08T16:15:00,59.591,23.41,0.642,6.537,0.0428,MQTT,env_sensor
2025-01-08T05:35:00,1803.317,41.337,4.963,177.344,0.404,HTTPS,camera
2025-01-08T01:11:00,42.515,7.874,0.598,2.261,1.2499,MQTT,env_sensor
2025-01-09T07:24:00,45.405,39.174,0.1,3.968,2.3713,MQTT,env_sensor
2025-01-08T03:55:00,950.612,39.861,12.081,40.737,0.8463,CoAP,gateway
2025-01-09T05:55:00,61.384,3.633,6.449,2.262,0.2538,MQTT,actuator
2025-01-08T10:38:00,22.737,206.613,2.795,0.764,3.1014,LoRaWAN,smart_meter
2025-01-08T18:59:00,26.853,278.62,4.082,0.51,2.2145,LoRaWAN,smart_meter
2025-01-08T03:09:00,598.239,26.914,0.1,155.192,0.5518,HTTPS,camera
2025-01-09T03:30:00,2004.421,79.948,0.1,118.49,0.5055,HTTPS,camera
2025-01-08T20:31:00,381.946,27.415,10.203,160.812,0.0,HTTPS,camera
2025-01-09T15:40:00,125.574,1.0,7.179,5.205,1.768,MQTT,actuator
2025-01-08T00:35:00,1128.854,62.223,2.818,37.957,2.113,HTTPS,gateway
2025-01-09T10:16:00,73.008,32.248,3.42,0.05,0.4363,MQTT,env_sensor
2025-01-09T04:21:00,2704.439,26.277,9.223,204.861,0.2509,HTTPS,camera
2025-01-09T02:41:00,1107.626,21.828,21.179,143.729,1.822,HTTPS,gateway
2025-01-09T05:57:00,92.943,7.435,7.039,6.148,0.3005,MQTT,actuator
2025-01-09T03:16:00,32.45,161.428,3.278,0.2,3.1736,LoRaWAN,smart_meter
2025-01-09T16:17:00,66.674,1.0,4.041,1.928,0.2193,MQTT,env_sensor
2025-01-09T03:11:00,282.763,81.756,9.906,73.392,3.3402,CoAP,gateway
2025-01-08T07:15:00,87.473,42.907,5.839,4.873,0.4174,CoAP,actuator
2025-01-08T19:29:00,100.0,43.615,12.926,0.05,1.5202,MQTT,gateway
2025-01-08T02:37:00,1038.692,65.422,4.543,68.742,1.9567,HTTPS,gateway
2025-01-08T23:25:00,145.311,13.25,4.234,11.098,0.7717,MQTT,actuator
2025-01-08T21:57:00,1875.509,34.938,6.302,124.048,0.6222,HTTPS,camera
2025-01-08T08:03:00,105.46,30.614,2.395,2.88,0.3702,MQTT,env_sensor
2025-01-09T01:22:00,657.944,73.815,6.769,214.237,1.3091,CoAP,camera
2025-01-08T02:51:00,589.095,49.074,4.732,72.831,2.1711,HTTPS,gateway
2025-01-08T11:09:00,1142.836,43.098,18.052,39.172,0.7495,HTTPS,gateway
2025-01-08T20:04:00,129.373,19.707,5.562,7.027,0.0,MQTT,actuator
2025-01-09T02:49:00,109.927,27.913,5.403,4.985,2.0491,MQTT,env_sensor
2025-01-08T09:17:00,100.398,22.064,7.6,3.04,0.8714,MQTT,actuator
2025-01-09T10:19:00,2261.115,83.152,0.207,118.671,0.0,HTTPS,camera
2025-01-08T02:02:00,783.853,81.587,7.468,213.097,0.0,HTTPS,camera
2025-01-08T12:56:00,953.817,69.264,1.877,90.646,0.3467,HTTPS,camera
2025-01-08T14:37:00,13.883,219.572,1.596,0.414,4.9023,LoRaWAN,smart_meter
2025-01-08T18:10:00,57.218,14.947,1.289,5.288,1.1086,MQTT,env_sensor
2025-01-08T00:02:00,133.52,22.257,9.532,5.042,0.3484,MQTT,actuator
2025-01-09T05:42:00,74.979,3.621,2.786,7.445,0.8064,MQTT,env_sensor
2025-01-09T02:04:00,52.246,35.241,0.1,5.237,1.9869,MQTT,env_sensor
2025-01-08T00:33:00,96.427,7.151,1.091,0.05,0.4063,MQTT,env_sensor
2025-01-07T23:28:00,41.05,206.276,4.628,0.948,6.1767,LoRaWAN,smart_meter
2025-01-08T22:11:00,1347.861,53.852,5.203,177.479,0.5009,HTTPS,camera
2025-01-09T06:56:00,149.207,19.243,12.416,10.081,1.1767,CoAP,actuator
2025-01-09T12:10:00,599.486,60.113,3.529,23.6,3.3624,CoAP,gateway
2025-01-09T08:25:00,51.714,8.777,4.013,4.152,1.194,MQTT,env_sensor
2025-01-09T00:14:00,54.832,17.927,5.781,13.909,0.8425,MQTT,actuator
2025-01-09T15:51:00,1392.346,46.358,3.075,216.606,0.5415,HTTPS,camera
2025-01-07T23:55:00,52.374,14.099,0.687,6.457,0.0,MQTT,env_sensor
2025-01-08T02:07:00,881.622,84.532,13.766,63.457,0.9443,HTTPS,gateway
2025-01-08T09:53:00,1940.896,36.96,5.808,119.47,0.8314,HTTPS,camera
2025-01-08T17:40:00,1225.194,73.229,5.749,66.662,1.2369,HTTPS,gateway
2025-01-08T21:23:00,111.113,21.216,6.598,7.548,1.6416,MQTT,actuator
2025-01-08T01:07:00,2475.703,44.233,7.585,177.309,0.5685,HTTPS,camera
2025-01-09T07:14:00,41.821,180.317,2.104,0.352,4.5054,LoRaWAN,smart_meter
2025-01-08T16:05:00,1159.842,21.346,1.578,60.755,1.1869,HTTPS,gateway
2025-01-08T12:10:00,701.39,30.787,8.218,69.787,1.9167,CoAP,gateway
2025-01-08T07:05:00,61.657,20.713,2.036,3.615,2.348,MQTT,env_sensor
2025-01-08T22:49:00,638.303,42.162,11.853,93.38,2.7265,CoAP,gateway
2025-01-09T11:07:00,45.936,25.504,0.1,3.197,3.2924,MQTT,env_sensor
2025-01-08T20:55:00,1147.85,96.793,2.94,85.113,0.0,HTTPS,camera
2025-01-08T11:15:00,32.603,123.441,3.578,0.448,3.8149,LoRaWAN,smart_meter
2025-01-08T02:46:00,2468.477,65.276,6.29,26.058,0.6617,HTTPS,camera
2025-01-09T16:07:00,34.796,291.477,3.889,0.05,0.956,LoRaWAN,smart_meter
2025-01-08T17:11:00,1276.102,17.443,11.595,98.281,2.2992,HTTPS,gateway
2025-01-08T11:29:00,52.378,35.695,4.081,3.996,0.24,MQTT,env_sensor
2025-01-08T07:57:00,1113.944,95.244,5.715,164.679,0.0103,HTTPS,camera
2025-01-08T16:25:00,29.92,153.326,3.842,0.939,2.6807,LoRaWAN,smart_meter
2025-01-09T13:16:00,1086.241,53.57,2.102,111.04,0.0015,HTTPS,camera
2025-01-09T03:31:00,1096.028,9.171,9.849,80.541,2.1736,HTTPS,gateway
2025-01-08T08:57:00,871.854,57.984,9.562,78.285,0.8591,HTTPS,camera
2025-01-08T22:49:00,66.142,45.77,4.733,2.76,1.923,MQTT,env_sensor
2025-01-09T16:02:00,96.642,31.879,1.587,9.039,0.7273,MQTT,actuator
2025-01-08T11:28:00,48.734,40.185,2.289,1.62,0.0,MQTT,env_sensor
2025-01-09T14:43:00,459.513,4.077,11.999,34.975,1.7783,CoAP,gateway
2025-01-09T01:31:00,694.54,36.613,7.764,117.148,1.3697,CoAP,gateway
2025-01-08T01:26:00,119.465,20.82,0.1,9.701,0.8947,MQTT,actuator
2025-01-09T11:09:00,96.41,12.802,0.221,3.449,0.0,MQTT,env_sensor
2025-01-08T03:15:00,31.88,18.675,2.053,6.327,1.945,MQTT,env_sensor
2025-01-09T15:31:00,35.344,285.838,0.718,0.492,2.8704,LoRaWAN,smart_meter
2025-01-07T23:29:00,905.536,24.114,10.722,1.682,0.0022,CoAP,gateway
2025-01-08T06:52:00,73.183,44.245,4.894,7.823,3.1,MQTT,env_sensor
2025-01-08T14:22:00,20.933,171.903,2.759,0.157,5.9885,LoRaWAN,smart_meter
2025-01-09T07:04:00,38.987,190.932,0.878,0.636,1.3533,LoRaWAN,smart_meter
2025-01-08T04:02:00,135.334,21.663,3.285,5.553,0.6762,MQTT,actuator
2025-01-08T03:27:00,1111.127,65.78,15.164,4.839,1.2349,CoAP,gateway
2025-01-08T05:13:00,38.858,181.925,3.348,0.469,4.3084,LoRaWAN,smart_meter
2025-01-07T23:48:00,61.037,35.791,0.59,7.687,1.6848,MQTT,env_sensor
2025-01-09T07:45:00,959.367,15.236,4.864,47.658,1.5064,MQTT,gateway
2025-01-09T15:31:00,1887.517,28.509,0.1,203.756,0.3506,HTTPS,camera
2025-01-09T12:59:00,164.965,40.974,5.726,63.238,0.0,HTTPS,camera
2025-01-08T13:12:00,1262.075,71.489,1.243,52.37,0.4033,HTTPS,camera
2025-01-09T00:32:00,74.655,26.488,2.033,6.821,1.2201,MQTT,env_sensor
2025-01-09T12:49:00,92.309,5.543,0.172,8.945,0.0438,MQTT,actuator
2025-01-08T00:57:00,1922.52,104.874,4.876,133.039,0.9846,HTTPS,camera
2025-01-08T19:26:00,114.242,17.444,7.908,3.078,0.4787,MQTT,actuator
2025-01-08T16:34:00,74.772,39.339,7.079,28.027,1.9025,MQTT,gateway
2025-01-09T03:57:00,689.108,23.632,14.286,62.213,0.7394,HTTPS,gateway
2025-01-08T17:13:00,118.227,17.151,5.4,7.565,0.9296,MQTT,actuator
2025-01-09T04:57:00,597.866,48.531,12.363,26.275,0.5622,CoAP,gateway
2025-01-09T06:29:00,27.651,274.459,2.436,0.427,2.059,LoRaWAN,smart_meter
2025-01-08T20:21:00,31.432,23.314,3.289,5.161,1.7928,MQTT,env_sensor
2025-01-08T02:32:00,972.487,48.405,13.557,7.515,0.1893,CoAP,gateway
2025-01-08T11:53:00,146.213,13.17,6.858,11.767,0.3059,MQTT,actuator
2025-01-08T11:47:00,32.989,141.177,0.1,0.688,0.6594,LoRaWAN,smart_meter
2025-01-07T23:10:00,62.061,37.49,2.013,1.632,1.4491,MQTT,env_sensor
2025-01-09T02:58:00,83.348,9.11,5.834,10.544,0.097,MQTT,actuator
2025-01-08T09:43:00,1225.765,73.4,3.121,64.493,1.1437,HTTPS,gateway
2025-01-08T01:46:00,2359.418,20.07,1.741,57.214,0.644,HTTPS,camera
2025-01-08T21:18:00,2044.354,70.752,5.461,136.232,0.5362,HTTPS,camera
2025-01-08T23:04:00,383.705,48.76,9.906,64.833,0.0,HTTPS,gateway
2025-01-09T13:54:00,57.879,12.475,3.788,2.307,0.0,MQTT,env_sensor
2025-01-08T20:53:00,339.639,17.841,4.727,111.553,1.357,MQTT,gateway
2025-01-08T10:13:00,28.641,293.729,2.365,0.66,1.1341,LoRaWAN,smart_meter
2025-01-08T21:46:00,1442.103,27.784,4.884,63.126,0.5993,HTTPS,gateway
2025-01-08T03:13:00,960.676,62.753,8.438,28.67,0.0,CoAP,gateway
2025-01-08T08:20:00,1170.657,43.625,0.1,148.643,1.1361,HTTPS,camera
2025-01-08T11:04:00,154.812,26.108,8.766,9.457,0.48,MQTT,actuator
2025-01-08T00:22:00,2449.807,70.804,4.434,199.711,0.5535,HTTPS,camera
2025-01-09T12:28:00,127.384,22.626,9.604,3.085,1.0177,MQTT,actuator
2025-01-09T14:41:00,92.931,25.853,1.212,4.166,1.1272,MQTT,env_sensor
2025-01-08T09:25:00,1421.932,90.254,8.244,68.577,0.5028,HTTPS,camera
2025-01-08T06:00:00,135.462,14.869,6.578,7.555,0.0,MQTT,actuator
2025-01-08T19:35:00,23.853,140.348,0.1,0.637,1.024,LoRaWAN,smart_meter
2025-01-08T03:24:00,608.289,74.004,8.338,167.438,1.4019,CoAP,camera
2025-01-08T14:13:00,3031.508,70.375,0.832,188.34,0.4824,HTTPS,camera
2025-01-09T12:41:00,2071.595,27.149,9.953,43.523,3.727,CoAP,gateway
2025-01-09T10:31:00,688.515,34.49,12.776,5.502,2.5632,CoAP,gateway
2025-01-09T04:14:00,577.138,45.006,1.904,121.909,0.0,HTTPS,camera
2025-01-08T17:21:00,2456.917,60.666,5.426,124.226,0.3586,HTTPS,camera
2025-01-08T14:51:00,57.074,27.296,5.902,1.872,0.0,MQTT,env_sensor
2025-01-09T04:38:00,80.848,19.488,3.745,0.05,1.7551,MQTT,env_sensor
2025-01-09T09:44:00,720.448,68.567,5.092,112.989,0.0,HTTPS,camera
2025-01-09T00:13:00,92.34,33.256,0.885,8.016,1.0095,MQTT,env_sensor
2025-01-08T09:12:00,1411.719,71.9,1.12,112.344,0.6315,HTTPS,camera
2025-01-08T08:36:00,22.866,220.584,2.247,0.63,0.0,LoRaWAN,smart_meter
2025-01-07T22:49:00,188.056,56.459,0.1,79.56,1.2522,MQTT,gateway
2025-01-09T04:20:00,145.096,23.002,6.456,10.412,1.2366,MQTT,actuator
2025-01-09T08:34:00,113.092,17.502,6.243,4.581,0.0,MQTT,actuator
2025-01-08T05:45:00,217.705,18.799,4.396,121.007,1.0566,MQTT,gateway
2025-01-09T03:58:00,32.883,165.978,1.739,0.963,5.3583,LoRaWAN,smart_meter
2025-01-08T03:39:00,54.232,232.933,1.489,0.05,2.5756,MQTT,smart_meter
2025-01-09T13:32:00,102.566,13.518,5.941,11.285,0.2887,CoAP,actuator
2025-01-09T11:18:00,24.518,155.005,1.643,0.802,3.0015,LoRaWAN,smart_meter
2025-01-08T22:55:00,1458.814,26.463,7.32,131.869,0.3661,HTTPS,camera
2025-01-09T02:11:00,569.099,27.426,11.232,131.641,1.8805,CoAP,gateway
2025-01-09T14:48:00,551.212,3.666,14.141,22.141,0.9332,CoAP,gateway
2025-01-09T05:05:00,30.454,113.618,3.919,0.25,1.97,LoRaWAN,smart_meter
2025-01-09T06:00:00,964.631,98.45,6.086,19.887,0.0,HTTPS,camera
2025-01-08T00:02:00,16.835,28.425,0.794,3.465,1.0217,MQTT,env_sensor
2025-01-09T06:09:00,450.127,21.554,9.361,73.69,0.9125,HTTPS,gateway
2025-01-09T06:42:00,221.197,25.782,4.272,4.444,0.6865,MQTT,gateway
2025-01-09T10:47:00,65.551,40.565,1.954,8.34,1.3695,MQTT,env_sensor
2025-01-09T13:00:00,30.39,174.038,4.399,0.473,1.26,LoRaWAN,smart_meter
2025-01-08T19:58:00,41.313,99.847,0.48,0.549,4.9945,MQTT,smart_meter
2025-01-07T23:24:00,1174.587,34.283,2.94,0.05,1.0981,HTTPS,gateway
2025-01-09T14:09:00,27.979,176.842,3.306,1.079,3.1706,MQTT,smart_meter
2025-01-09T03:09:00,67.813,17.708,0.347,0.05,0.5691,MQTT,env_sensor
2025-01-09T10:56:00,686.884,39.017,11.047,50.186,0.0,HTTPS,gateway
2025-01-08T03:25:00,1037.194,50.832,5.85,89.674,1.3217,HTTPS,gateway
2025-01-08T22:38:00,135.628,24.033,5.502,9.579,0.0,MQTT,actuator
2025-01-08T21:18:00,72.801,16.821,1.087,4.701,0.5443,MQTT,env_sensor
2025-01-08T18:32:00,64.645,21.549,2.563,3.557,0.0956,MQTT,env_sensor
2025-01-08T12:40:00,107.453,1.059,4.206,7.84,0.9583,MQTT,actuator
2025-01-08T00:39:00,97.0,12.573,1.695,12.592,1.5846,MQTT,actuator
2025-01-08T08:36:00,68.486,47.3,4.634,1.861,1.4667,MQTT,env_sensor
2025-01-09T08:14:00,1318.833,45.635,4.487,118.986,0.0,HTTPS,camera
2025-01-08T11:52:00,111.087,14.123,7.914,9.818,0.6375,MQTT,actuator
2025-01-09T07:37:00,89.499,10.711,4.508,2.375,0.3705,MQTT,env_sensor
2025-01-08T16:58:00,1826.304,72.943,1.081,126.614,0.0,HTTPS,gateway
2025-01-09T03:28:00,35.68,146.105,3.223,0.467,4.2992,LoRaWAN,smart_meter
2025-01-08T22:42:00,106.609,2.587,1.99,4.409,0.5947,MQTT,actuator
2025-01-09T13:24:00,85.262,22.184,4.209,0.549,1.0586,MQTT,actuator
2025-01-09T04:29:00,86.498,43.387,2.242,2.549,1.8335,MQTT,env_sensor
2025-01-09T08:08:00,865.798,31.793,3.325,72.3,0.0,HTTPS,gateway
2025-01-07T23:07:00,77.085,25.92,2.952,7.352,0.6164,MQTT,env_sensor
2025-01-07T23:42:00,19.836,170.158,2.23,0.944,3.1257,LoRaWAN,smart_meter
2025-01-08T21:12:00,1804.355,14.356,7.976,185.607,0.2551,HTTPS,camera
2025-01-08T10:49:00,786.163,57.974,3.895,143.089,0.664,HTTPS,camera
2025-01-08T06:53:00,317.904,53.538,12.223,0.05,1.1775,CoAP,gateway
2025-01-08T09:03:00,81.104,1.0,4.319,6.989,0.3564,MQTT,env_sensor
2025-01-09T02:18:00,25.332,219.552,3.062,0.093,0.0682,LoRaWAN,smart_meter
2025-01-09T04:30:00,74.555,13.064,3.547,7.649,1.4005,MQTT,actuator
2025-01-08T05:08:00,51.298,23.42,7.22,8.229,0.3492,MQTT,env_sensor
2025-01-08T10:22:00,78.723,9.225,0.1,1.925,0.6789,MQTT,env_sensor
2025-01-09T03:02:00,106.411,12.67,3.668,8.627,0.0,MQTT,actuator
2025-01-08T09:23:00,54.394,24.344,4.108,6.811,1.1744,MQTT,env_sensor
2025-01-09T15:05:00,494.606,58.614,10.677,95.272,0.4269,HTTPS,gateway
2025-01-09T13:27:00,1106.802,40.746,6.792,131.476,0.3509,HTTPS,camera
2025-01-08T14:43:00,29.403,291.107,2.084,0.676,4.3812,LoRaWAN,smart_meter
2025-01-08T18:47:00,66.706,10.132,7.739,15.915,0.5119,MQTT,actuator
2025-01-08T00:43:00,645.536,30.897,6.556,174.126,0.8369,CoAP,camera
2025-01-08T20:51:00,156.436,8.403,10.404,0.05,1.5111,MQTT,actuator
2025-01-09T02:13:00,30.595,208.506,0.1,0.473,4.1632,LoRaWAN,smart_meter
2025-01-09T10:10:00,128.515,12.486,1.766,15.052,0.5242,MQTT,actuator
2025-01-08T00:59:00,2201.162,75.273,1.523,83.067,1.2883,HTTPS,camera
2025-01-07T22:50:00,33.181,221.201,0.89,0.632,1.0745,LoRaWAN,smart_meter
2025-01-09T06:20:00,70.425,23.348,0.1,7.762,0.0,MQTT,env_sensor
2025-01-09T02:13:00,1033.135,67.435,9.415,96.77,1.5622,HTTPS,gateway
2025-01-08T06:17:00,68.162,21.061,0.1,4.58,2.9668,MQTT,env_sensor
2025-01-08T19:41:00,166.068,59.121,10.477,0.05,0.6235,MQTT,gateway
2025-01-08T17:48:00,73.52,7.911,6.494,7.566,0.0,MQTT,actuator
2025-01-09T09:17:00,1111.376,49.576,6.004,134.404,1.5704,HTTPS,gateway
2025-01-09T10:30:00,24.764,138.349,3.775,1.108,3.1,MQTT,smart_meter
2025-01-09T05:01:00,28.123,156.274,1.049,0.761,3.1637,LoRaWAN,smart_meter
2025-01-08T08:40:00,1109.604,69.083,5.68,105.652,1.0234,HTTPS,camera
2025-01-08T20:02:00,98.566,34.469,3.771,4.409,0.7705,MQTT,env_sensor
2025-01-08T03:40:00,728.716,34.109,2.916,207.999,0.2276,HTTPS,camera
2025-01-09T02:29:00,21.046,288.156,3.831,0.503,3.633,LoRaWAN,smart_meter
2025-01-09T11:07:00,1943.333,82.523,9.826,131.255,0.3195,HTTPS,camera
2025-01-09T11:12:00,141.513,11.804,4.635,7.958,1.3747,MQTT,actuator
2025-01-09T03:52:00,78.493,28.412,0.1,5.846,0.5489,MQTT,env_sensor
2025-01-09T14:01:00,23.268,146.108,3.419,0.506,2.7255,LoRaWAN,smart_meter
2025-01-08T16:59:00,1136.84,46.55,0.1,93.903,0.0,HTTPS,gateway
2025-01-08T10:21:00,2051.861,5.778,0.369,84.724,0.3879,HTTPS,camera
2025-01-09T01:58:00,1046.037,30.724,6.567,113.109,1.3738,HTTPS,gateway
2025-01-09T15:46:00,148.205,4.558,5.419,6.305,1.2019,CoAP,actuator
2025-01-08T17:38:00,14.218,169.049,2.459,0.779,5.645,LoRaWAN,smart_meter
2025-01-09T15:38:00,169.396,10.703,8.275,13.91,1.0443,MQTT,actuator
2025-01-08T09:44:00,42.23,168.962,2.287,0.552,1.0224,LoRaWAN,smart_meter
2025-01-09T15:50:00,1284.124,50.725,3.244,210.436,1.044,HTTPS,camera
2025-01-08T17:56:00,626.01,29.097,6.518,71.174,1.3488,CoAP,gateway
2025-01-08T17:59:00,571.112,88.858,1.854,74.634,1.3472,HTTPS,camera
2025-01-09T00:06:00,114.682,19.572,0.821,11.143,0.6281,MQTT,actuator
2025-01-08T22:57:00,26.274,197.048,2.312,0.533,0.1644,LoRaWAN,smart_meter
2025-01-08T04:08:00,161.673,13.614,5.327,0.232,0.7794,MQTT,actuator
2025-01-08T23:24:00,27.825,128.387,1.571,0.491,2.1353,LoRaWAN,smart_meter
2025-01-08T23:00:00,8.0,58.116,15.857,29.003,2.0897,CoAP,gateway
2025-01-08T23:56:00,68.875,32.573,3.991,0.05,1.5018,MQTT,env_sensor
2025-01-09T15:21:00,1986.139,43.292,4.663,43.321,0.1868,HTTPS,camera
2025-01-08T17:02:00,94.299,19.879,5.723,8.316,0.8022,CoAP,actuator
2025-01-08T02:05:00,1219.592,46.259,12.078,32.144,1.4263,CoAP,gateway
2025-01-08T03:03:00,20.365,320.854,1.288,0.05,1.3898,LoRaWAN,smart_meter
2025-01-09T08:03:00,27.24,22.31,2.631,3.194,0.1489,MQTT,env_sensor
2025-01-09T02:59:00,136.671,8.541,9.792,9.622,0.6986,MQTT,actuator
2025-01-09T01:16:00,41.582,14.596,4.106,3.819,0.0491,MQTT,env_sensor
2025-01-08T10:49:00,26.051,186.225,3.607,0.05,7.6804,LoRaWAN,smart_meter
2025-01-08T18:35:00,8.0,38.223,2.628,3.579,1.1472,MQTT,env_sensor
2025-01-08T15:24:00,44.403,142.474,2.093,0.506,2.619,LoRaWAN,smart_meter
2025-01-08T23:17:00,116.902,31.106,3.643,1.649,1.8202,MQTT,env_sensor
2025-01-08T10:43:00,92.122,43.043,6.238,7.254,0.0,MQTT,env_sensor
2025-01-09T07:56:00,1703.976,50.089,6.372,0.05,0.0,HTTPS,gateway
2025-01-08T14:11:00,321.69,54.631,3.509,59.34,0.0395,HTTPS,gateway
2025-01-09T13:14:00,86.236,53.742,3.899,7.532,2.4044,MQTT,env_sensor
2025-01-09T07:37:00,1549.434,74.324,0.1,90.057,1.0363,HTTPS,gateway
2025-01-09T15:41:00,460.861,41.008,3.254,173.092,0.9552,HTTPS,camera
2025-01-09T04:53:00,28.608,204.501,3.344,0.667,4.0665,LoRaWAN,smart_meter
2025-01-09T02:39:00,650.608,103.663,1.307,195.77,0.6988,HTTPS,camera
2025-01-09T12:09:00,43.181,188.619,3.801,0.268,3.0536,LoRaWAN,smart_meter
2025-01-08T16:07:00,172.021,25.821,4.356,9.892,1.1183,MQTT,actuator
2025-01-08T18:16:00,43.223,105.262,1.584,0.649,1.1185,LoRaWAN,smart_meter
2025-01-07T22:57:00,1189.104,65.343,8.393,0.05,0.1169,HTTPS,camera
2025-01-08T04:15:00,110.086,18.017,8.068,4.254,1.1651,MQTT,actuator
2025-01-08T05:35:00,70.579,18.853,1.688,0.746,1.8417,MQTT,env_sensor
2025-01-08T16:35:00,1885.897,66.081,3.36,117.046,0.2612,HTTPS,camera
2025-01-08T04:03:00,108.433,17.937,1.932,7.297,1.1522,MQTT,actuator
2025-01-09T05:13:00,1502.246,54.813,1.582,193.74,1.2561,HTTPS,camera
2025-01-08T22:37:00,725.518,40.21,3.324,79.469,0.0743,HTTPS,camera
2025-01-08T23:06:00,20.708,203.527,1.925,0.888,4.6041,LoRaWAN,smart_meter
2025-01-08T17:32:00,10.473,15.634,2.703,6.226,0.592,MQTT,env_sensor
2025-01-08T14:03:00,1117.928,43.834,1.371,2.566,0.0418,HTTPS,camera
2025-01-08T13:16:00,77.795,33.952,3.611,2.371,0.0,MQTT,env_sensor
2025-01-09T12:21:00,101.961,3.028,3.375,1.254,0.9203,MQTT,env_sensor
2025-01-09T12:13:00,21.616,217.641,1.914,0.451,3.5059,LoRaWAN,smart_meter
2025-01-09T06:19:00,1835.264,65.203,6.913,157.033,0.7401,HTTPS,camera
2025-01-09T10:29:00,30.817,82.757,2.746,0.357,2.9587,MQTT,smart_meter
2025-01-08T07:59:00,83.242,20.325,6.852,0.05,1.1199,MQTT,env_sensor
2025-01-08T20:56:00,2145.362,30.826,2.225,105.542,1.0506,HTTPS,camera
2025-01-09T00:14:00,16.052,252.822,0.1,0.703,5.769,LoRaWAN,smart_meter
2025-01-08T12:03:00,16.667,83.42,2.389,0.535,2.4863,MQTT,smart_meter
2025-01-08T04:00:00,28.87,192.838,0.46,0.759,4.7548,LoRaWAN,smart_meter
2025-01-08T07:06:00,140.398,28.455,2.03,8.648,0.9,MQTT,actuator
2025-01-09T13:36:00,102.829,23.702,4.635,0.05,1.3294,MQTT,env_sensor
2025-01-09T04:34:00,125.647,7.69,4.596,15.09,0.5024,MQTT,actuator
2025-01-08T11:13:00,83.52,10.666,6.042,7.733,0.8633,MQTT,actuator
2025-01-09T14:26:00,136.252,1.0,4.714,8.243,1.293,MQTT,actuator
2025-01-09T04:07:00,604.755,33.445,2.013,80.201,0.9462,HTTPS,camera
2025-01-07T23:40:00,26.713,246.702,1.942,0.203,5.4281,LoRaWAN,smart_meter
2025-01-07T23:37:00,68.587,27.13,2.118,0.05,2.2506,MQTT,env_sensor
2025-01-08T07:57:00,38.642,281.486,2.806,0.542,1.2243,LoRaWAN,smart_meter
2025-01-09T15:35:00,35.581,199.034,0.752,0.259,3.096,LoRaWAN,smart_meter
2025-01-08T09:31:00,34.199,138.709,1.641,0.296,3.4778,LoRaWAN,smart_meter
2025-01-09T04:26:00,1268.448,60.597,5.646,51.829,1.2562,HTTPS,camera
2025-01-08T21:33:00,2343.622,62.257,5.459,0.05,0.0,HTTPS,camera
2025-01-08T18:36:00,825.062,57.454,3.447,89.699,2.0837,HTTPS,gateway
2025-01-09T10:44:00,1365.033,110.539,4.719,117.84,0.7528,HTTPS,camera
2025-01-09T09:28:00,34.624,171.936,2.719,0.054,3.4188,LoRaWAN,smart_meter
2025-01-08T06:45:00,97.377,40.442,0.27,7.89,1.7227,MQTT,env_sensor
2025-01-09T10:20:00,118.134,14.025,4.695,15.352,0.1773,MQTT,actuator
2025-01-08T00:38:00,29.315,144.549,3.848,0.05,3.2104,MQTT,smart_meter
2025-01-08T03:45:00,31.033,71.295,0.13,0.657,2.7322,MQTT,smart_meter
2025-01-08T00:25:00,31.04,20.335,5.059,5.474,2.7979,MQTT,env_sensor
2025-01-09T02:03:00,1094.934,25.707,7.006,166.634,1.0759,HTTPS,gateway
2025-01-09T09:22:00,38.741,24.514,0.56,3.414,1.7753,MQTT,env_sensor
2025-01-09T09:21:00,95.368,25.688,2.894,3.066,0.0,MQTT,actuator
2025-01-08T06:59:00,91.885,19.887,1.359,6.274,0.2575,MQTT,actuator
2025-01-09T11:29:00,177.883,12.598,2.431,6.702,1.2393,MQTT,actuator
2025-01-09T10:20:00,113.453,10.609,2.114,3.411,1.2258,MQTT,env_sensor
2025-01-08T23:24:00,61.372,23.13,2.69,2.039,0.9815,MQTT,env_sensor
2025-01-07T23:53:00,40.557,27.469,7.104,9.937,1.2781,MQTT,env_sensor
2025-01-09T07:03:00,1576.294,41.99,4.335,77.234,0.9987,HTTPS,gateway
2025-01-08T23:38:00,79.544,14.991,6.312,3.778,1.1396,MQTT,env_sensor
2025-01-09T12:59:00,1253.057,57.505,15.174,65.289,1.9673,CoAP,gateway
2025-01-08T12:02:00,2193.407,44.492,2.66,53.34,0.0,HTTPS,camera
2025-01-09T09:19:00,35.486,140.033,1.434,0.094,3.7011,LoRaWAN,smart_meter
2025-01-09T00:50:00,2874.439,32.07,4.054,56.61,0.0,HTTPS,camera
2025-01-08T22:48:00,90.369,26.244,4.164,4.0,0.1156,MQTT,env_sensor
2025-01-08T05:23:00,34.668,26.958,4.437,5.998,0.2604,MQTT,env_sensor
2025-01-08T04:20:00,2430.402,82.857,0.531,133.643,0.5696,HTTPS,camera
2025-01-08T01:00:00,60.663,29.997,4.838,1.526,1.0303,MQTT,env_sensor
2025-01-08T20:58:00,126.754,8.618,0.1,15.362,1.0229,MQTT,actuator
2025-01-08T22:51:00,2685.092,101.406,5.514,110.84,0.093,HTTPS,camera
2025-01-08T00:44:00,92.391,5.46,7.12,0.05,0.1378,MQTT,actuator
2025-01-09T05:17:00,20.318,229.31,1.372,0.431,5.658,LoRaWAN,smart_meter
2025-01-08T13:28:00,475.757,20.302,6.117,145.214,1.1139,CoAP,gateway
2025-01-08T00:06:00,118.812,14.672,2.756,4.973,2.0672,MQTT,env_sensor
2025-01-09T07:50:00,104.272,16.926,3.22,3.852,2.0124,MQTT,actuator
2025-01-08T18:29:00,140.425,20.914,6.622,11.194,1.5182,MQTT,actuator
2025-01-09T04:04:00,123.736,25.112,2.795,3.614,0.819,MQTT,actuator
2025-01-09T04:25:00,61.987,30.028,0.1,6.468,1.6691,MQTT,env_sensor
2025-01-08T14:39:00,97.305,28.43,0.1,2.685,0.7522,MQTT,actuator
2025-01-09T06:26:00,84.191,16.121,6.761,9.286,1.9963,MQTT,actuator
2025-01-08T09:07:00,799.88,40.717,1.64,78.369,1.1765,HTTPS,gateway
2025-01-08T04:58:00,87.704,10.764,1.479,3.688,0.8302,MQTT,env_sensor
2025-01-09T04:58:00,643.303,61.863,5.018,143.096,1.5426,CoAP,camera
2025-01-09T12:11:00,1064.197,31.826,10.308,105.085,1.1613,HTTPS,gateway
2025-01-09T13:51:00,26.592,102.676,2.615,0.768,4.9835,LoRaWAN,smart_meter
2025-01-09T02:15:00,18.435,141.02,0.1,0.746,4.1564,LoRaWAN,smart_meter
2025-01-08T04:36:00,89.079,10.292,8.609,7.898,0.8835,CoAP,actuator
2025-01-09T02:48:00,75.59,21.773,2.919,12.311,1.8697,MQTT,actuator
2025-01-08T02:52:00,1491.75,48.969,11.976,0.05,1.2185,HTTPS,gateway
2025-01-08T16:57:00,92.164,24.224,0.332,5.426,2.4974,MQTT,env_sensor
2025-01-08T16:16:00,2676.492,115.817,3.838,86.664,0.0,HTTPS,camera
2025-01-08T09:30:00,100.179,13.409,7.939,11.056,0.9814,MQTT,actuator
2025-01-08T01:27:00,77.314,19.107,4.382,13.62,0.8956,MQTT,actuator
2025-01-08T01:57:00,1359.211,65.738,5.812,157.588,0.4781,HTTPS,camera
2025-01-09T14:21:00,129.926,28.387,5.905,2.825,1.5124,MQTT,actuator
2025-01-08T06:55:00,123.7,22.737,2.731,7.901,0.8721,MQTT,actuator
2025-01-08T13:53:00,1408.215,96.324,0.1,125.45,1.055,HTTPS,camera
2025-01-08T22:37:00,100.167,30.477,2.725,6.021,2.9689,MQTT,env_sensor
2025-01-08T04:10:00,66.923,13.267,9.077,7.521,0.9284,MQTT,actuator
2025-01-08T09:50:00,125.247,27.27,6.529,16.348,0.0598,MQTT,actuator
2025-01-09T03:40:00,1234.682,25.814,8.058,79.754,2.0317,HTTPS,gateway
2025-01-08T16:55:00,107.74,30.044,2.275,2.97,0.6747,MQTT,env_sensor
2025-01-08T12:18:00,91.437,14.704,6.291,12.237,0.0,MQTT,actuator
2025-01-09T09:47:00,90.127,34.316,7.613,3.484,0.5303,MQTT,actuator
2025-01-08T09:49:00,25.947,13.501,1.743,5.893,2.3054,MQTT,env_sensor
2025-01-09T06:02:00,2353.219,93.694,2.436,127.921,0.7251,HTTPS,camera
2025-01-09T15:58:00,1479.521,32.095,2.107,162.157,0.2769,HTTPS,camera
2025-01-09T05:02:00,87.769,22.607,3.766,11.053,1.5009,MQTT,env_sensor
2025-01-08T07:46:00,1133.748,52.003,10.912,24.829,0.5463,HTTPS,gateway
2025-01-09T10:04:00,141.381,6.081,10.288,15.119,0.7631,MQTT,actuator
2025-01-08T23:33:00,70.927,21.359,0.354,4.946,0.0,MQTT,env_sensor
2025-01-09T04:25:00,131.237,23.734,8.142,9.184,0.0,MQTT,actuator
2025-01-09T14:23:00,1879.911,36.667,8.287,52.554,1.1553,HTTPS,gateway
2025-01-09T11:08:00,30.036,208.132,2.07,0.395,0.6522,LoRaWAN,smart_meter
2025-01-08T07:12:00,35.79,106.525,3.783,0.15,0.0,LoRaWAN,smart_meter
2025-01-08T03:34:00,57.677,5.175,1.749,0.05,1.3819,MQTT,env_sensor
2025-01-09T14:05:00,72.272,15.66,2.126,6.729,0.8203,MQTT,env_sensor
2025-01-08T18:59:00,905.473,54.224,16.986,59.237,0.8028,HTTPS,gateway
2025-01-08T15:04:00,2967.297,84.094,9.039,114.523,1.8598,HTTPS,camera
2025-01-08T19:46:00,193.424,51.096,1.732,108.959,1.0062,MQTT,camera
2025-01-09T06:26:00,408.463,91.976,7.111,199.743,0.1916,HTTPS,camera
2025-01-08T01:23:00,1715.527,37.569,9.016,0.05,0.2186,HTTPS,gateway
2025-01-08T12:23:00,87.456,17.384,7.255,7.151,0.0,MQTT,actuator
2025-01-08T20:02:00,2529.619,72.734,0.1,101.082,0.6894,HTTPS,camera
2025-01-08T17:42:00,73.783,40.009,0.886,3.096,1.2781,MQTT,env_sensor
2025-01-08T09:14:00,28.52,218.066,0.1,0.259,0.0,LoRaWAN,smart_meter
2025-01-08T16:12:00,46.273,44.51,0.1,2.241,2.1457,MQTT,env_sensor
2025-01-07T23:09:00,566.447,76.495,3.744,138.991,0.5224,HTTPS,camera
2025-01-09T00:25:00,992.715,71.796,2.876,62.761,0.7499,HTTPS,camera
2025-01-08T14:35:00,37.024,287.486,0.979,0.463,1.1854,LoRaWAN,smart_meter
2025-01-08T18:20:00,72.608,25.039,5.032,2.623,1.5023,MQTT,env_sensor
2025-01-09T00:53:00,141.49,3.434,3.336,10.995,1.3259,MQTT,actuator
2025-01-08T07:04:00,8.0,39.741,13.197,29.248,1.244,MQTT,gateway
2025-01-08T20:57:00,1277.561,78.571,7.493,64.884,0.1451,HTTPS,camera
2025-01-08T16:45:00,85.435,34.666,1.547,2.361,0.6418,MQTT,env_sensor
2025-01-08T08:53:00,843.684,83.03,6.293,106.375,0.8273,HTTPS,camera
2025-01-09T16:09:00,31.221,14.408,2.798,6.618,0.7708,MQTT,env_sensor
2025-01-08T10:16:00,130.248,22.223,6.516,3.292,0.0,MQTT,actuator
2025-01-08T08:32:00,24.592,94.064,2.443,0.313,3.3147,MQTT,smart_meter
2025-01-08T08:46:00,33.927,119.41,2.364,0.251,4.4205,LoRaWAN,smart_meter
2025-01-08T02:19:00,18.306,287.598,3.474,0.573,1.942,LoRaWAN,smart_meter
2025-01-09T15:52:00,20.847,191.664,1.333,0.394,4.7297,LoRaWAN,smart_meter
2025-01-08T06:45:00,1152.852,64.402,14.451,66.61,0.3044,HTTPS,gateway
2025-01-09T13:55:00,572.312,56.215,9.308,15.763,0.0,CoAP,gateway
2025-01-09T09:18:00,1062.433,103.435,3.562,137.619,1.4825,HTTPS,camera
2025-01-07T22:51:00,945.053,43.855,6.105,85.772,1.2877,CoAP,gateway
2025-01-08T11:24:00,1764.439,36.394,5.441,165.343,0.5403,HTTPS,camera
2025-01-09T00:22:00,1188.473,40.725,10.144,80.248,0.3635,HTTPS,gateway
2025-01-08T08:09:00,88.934,14.302,0.1,0.05,1.0446,MQTT,env_sensor
2025-01-08T09:59:00,1526.366,54.443,4.311,13.956,0.7433,HTTPS,gateway
2025-01-08T22:35:00,2079.289,26.162,4.797,219.949,1.2169,HTTPS,camera
2025-01-08T16:13:00,133.459,1.0,12.74,4.92,0.0,MQTT,actuator
2025-01-08T13:04:00,872.737,1.0,5.01,95.367,0.6832,HTTPS,gateway
2025-01-08T00:04:00,1682.752,93.474,2.809,106.716,1.19,HTTPS,camera
2025-01-08T11:03:00,696.582,68.829,11.928,142.127,1.3283,CoAP,gateway
2025-01-08T05:07:00,1571.739,79.991,6.682,38.608,0.0,HTTPS,camera
2025-01-08T07:09:00,1292.468,44.085,15.89,27.697,0.6557,HTTPS,gateway
2025-01-08T04:56:00,94.655,32.747,5.908,5.766,1.4384,CoAP,actuator
2025-01-08T04:41:00,1817.682,46.098,6.571,126.983,0.8271,HTTPS,camera
2025-01-08T21:11:00,893.454,42.534,2.521,84.538,0.063,HTTPS,camera
2025-01-09T05:45:00,1310.976,47.343,10.504,98.208,0.9753,HTTPS,camera
2025-01-08T07:50:00,132.949,18.186,11.986,9.82,1.1275,MQTT,actuator
2025-01-08T21:14:00,655.307,45.581,0.1,77.275,0.0,HTTPS,gateway
2025-01-09T10:22:00,682.142,77.211,6.029,104.084,2.3195,CoAP,gateway
2025-01-09T07:10:00,52.211,12.717,9.532,8.021,2.1274,MQTT,actuator
2025-01-08T21:43:00,1640.658,61.849,7.975,63.771,3.073,HTTPS,gateway
2025-01-08T17:33:00,53.0,11.324,3.285,4.689,3.6575,MQTT,env_sensor
2025-01-09T06:52:00,301.486,32.332,20.841,55.767,0.7836,HTTPS,gateway
2025-01-08T09:54:00,57.974,14.111,3.283,4.82,2.1997,MQTT,actuator
2025-01-08T15:06:00,1727.902,84.606,0.1,81.691,1.0582,HTTPS,camera
2025-01-08T15:22:00,28.996,198.402,3.734,0.212,2.6735,LoRaWAN,smart_meter
2025-01-09T09:49:00,112.663,4.366,5.509,9.95,0.0,MQTT,actuator
2025-01-08T05:08:00,30.481,165.366,5.402,0.538,6.2071,LoRaWAN,smart_meter
2025-01-09T02:17:00,1462.909,42.673,6.648,130.311,0.2151,HTTPS,camera
2025-01-09T05:08:00,87.169,18.301,7.078,6.88,0.9019,MQTT,actuator
2025-01-09T09:31:00,3120.169,63.367,7.506,258.159,0.0773,HTTPS,camera
2025-01-08T19:53:00,90.89,4.988,6.416,11.953,0.0,MQTT,actuator
2025-01-08T10:30:00,34.364,106.718,1.905,0.344,0.4493,LoRaWAN,smart_meter
2025-01-08T13:28:00,2257.063,45.166,6.671,164.909,0.293,HTTPS,camera
2025-01-09T06:23:00,494.569,18.701,5.814,91.59,1.0351,CoAP,gateway
2025-01-08T06:00:00,28.513,207.529,3.627,0.598,3.4197,LoRaWAN,smart_meter
2025-01-08T06:36:00,134.908,16.53,9.03,16.048,0.8254,MQTT,actuator
2025-01-09T10:41:00,950.461,85.334,4.375,102.152,1.3881,HTTPS,camera
2025-01-08T08:47:00,1056.221,31.711,11.777,44.507,1.1287,CoAP,gateway
2025-01-09T03:26:00,122.935,29.534,4.043,9.531,1.5366,MQTT,actuator
2025-01-09T15:15:00,19.872,195.917,0.1,0.555,0.2114,LoRaWAN,smart_meter
2025-01-08T19:49:00,77.261,22.722,5.061,8.288,0.0,MQTT,env_sensor
2025-01-09T13:21:00,615.642,68.153,14.002,63.262,1.6216,CoAP,gateway
2025-01-09T16:16:00,31.473,16.767,5.395,0.05,0.382,LoRaWAN,env_sensor
2025-01-08T11:04:00,1893.995,36.381,0.1,0.05,0.8302,HTTPS,camera
2025-01-08T12:13:00,102.726,16.441,1.302,2.904,2.3978,MQTT,env_sensor
2025-01-09T00:35:00,515.216,42.401,7.961,49.865,0.8957,CoAP,gateway
2025-01-08T03:58:00,8.0,59.884,6.363,32.522,0.6365,HTTPS,gateway
2025-01-09T04:46:00,111.095,6.694,5.605,3.238,0.7936,MQTT,env_sensor
2025-01-08T04:52:00,709.354,41.671,7.538,0.05,0.2344,CoAP,gateway
2025-01-08T23:56:00,21.995,295.288,0.1,0.708,1.8968,LoRaWAN,smart_meter
2025-01-08T00:52:00,115.377,9.895,4.707,5.379,0.953,MQTT,actuator
2025-01-09T13:39:00,151.64,32.105,5.829,3.742,0.5123,CoAP,actuator
2025-01-09T01:32:00,57.215,14.578,7.557,10.04,2.4902,MQTT,actuator
2025-01-08T02:07:00,79.592,36.697,4.261,5.28,0.4771,MQTT,env_sensor
2025-01-08T09:46:00,156.323,51.173,10.555,0.368,0.0,MQTT,gateway
2025-01-09T05:08:00,892.347,45.757,3.4,147.72,0.5129,HTTPS,camera
2025-01-09T05:35:00,22.124,251.33,1.451,0.05,2.8069,LoRaWAN,smart_meter
2025-01-08T19:40:00,1661.489,71.914,0.1,161.908,1.6705,HTTPS,camera
2025-01-09T13:09:00,81.784,29.08,3.377,2.998,0.9683,MQTT,env_sensor
2025-01-08T12:38:00,1779.628,113.682,4.039,186.84,1.2142,HTTPS,camera
2025-01-09T04:40:00,100.577,17.126,3.254,7.893,0.0291,MQTT,actuator
2025-01-09T09:30:00,1948.833,85.327,1.078,213.889,0.6079,HTTPS,camera
2025-01-08T10:19:00,142.887,14.879,7.191,4.089,1.9644,MQTT,actuator
2025-01-09T09:03:00,46.097,11.328,1.713,4.289,2.5276,MQTT,env_sensor
2025-01-09T15:18:00,145.297,16.707,5.567,5.929,0.0501,MQTT,actuator
2025-01-09T04:14:00,57.717,22.375,4.139,8.508,1.436,MQTT,env_sensor
2025-01-09T07:59:00,949.735,53.451,5.212,152.237,1.1377,CoAP,camera
2025-01-09T00:23:00,1690.168,58.739,1.218,157.485,0.8632,HTTPS,camera
2025-01-08T14:15:00,1219.598,38.091,0.1,121.984,0.0,HTTPS,gateway
2025-01-08T17:17:00,57.578,13.938,3.593,6.7,0.6417,MQTT,actuator
2025-01-08T05:03:00,56.993,19.694,4.36,0.05,0.0,MQTT,env_sensor
2025-01-08T22:53:00,1796.825,36.853,9.564,63.733,1.555,HTTPS,gateway
2025-01-08T11:40:00,506.354,84.545,4.834,175.416,0.3351,HTTPS,camera
2025-01-09T15:17:00,1279.45,10.512,5.765,30.719,0.0,HTTPS,gateway
2025-01-08T06:10:00,424.111,57.534,11.057,39.68,1.0335,CoAP,gateway
2025-01-09T15:11:00,233.503,39.43,0.1,0.05,0.4055,MQTT,camera
2025-01-08T06:49:00,2880.424,108.606,0.1,125.188,0.0,HTTPS,camera
2025-01-09T06:11:00,82.942,8.845,2.604,3.915,1.2046,MQTT,env_sensor
2025-01-08T12:26:00,1099.973,18.279,11.096,126.29,0.8879,HTTPS,camera
2025-01-09T07:12:00,101.147,19.463,4.167,9.664,0.7296,MQTT,actuator
2025-01-08T00:23:00,1990.719,65.967,7.765,105.471,0.0,HTTPS,camera
2025-01-08T22:27:00,55.984,9.196,0.1,81.113,0.0,HTTPS,gateway
2025-01-08T03:25:00,93.685,32.662,6.705,13.136,0.538,CoAP,actuator
2025-01-08T07:53:00,20.624,152.322,1.868,0.106,2.6961,LoRaWAN,smart_meter
2025-01-08T09:13:00,48.994,8.783,7.348,6.029,1.5574,MQTT,actuator
2025-01-09T10:34:00,62.312,9.229,6.464,7.414,0.5116,CoAP,actuator
2025-01-08T06:45:00,10.807,185.581,1.614,0.645,1.9052,LoRaWAN,smart_meter
2025-01-09T13:44:00,2114.525,59.591,3.464,133.426,0.3178,HTTPS,camera
2025-01-09T16:01:00,1694.915,34.85,0.1,45.868,0.7087,HTTPS,camera
2025-01-09T05:32:00,68.548,15.829,2.341,6.546,0.0,MQTT,actuator
2025-01-08T08:23:00,1927.954,36.079,4.937,86.061,1.2718,HTTPS,gateway
2025-01-08T11:13:00,648.822,47.701,13.627,55.922,1.7683,CoAP,gateway
2025-01-09T10:31:00,107.199,20.743,2.427,0.697,0.9488,MQTT,env_sensor
2025-01-08T21:38:00,60.368,5.725,3.404,3.373,0.2826,MQTT,env_sensor
2025-01-08T13:42:00,2136.199,53.856,4.032,95.28,0.0,HTTPS,camera
2025-01-08T03:18:00,1024.221,59.0,4.995,60.463,1.139,HTTPS,gateway
2025-01-08T11:12:00,166.302,18.895,4.209,7.323,0.1613,MQTT,actuator
2025-01-09T10:07:00,24.01,25.056,1.779,2.6,0.1251,MQTT,env_sensor
2025-01-08T09:03:00,1451.886,82.144,5.99,134.218,0.6373,HTTPS,camera
2025-01-08T12:35:00,50.924,29.689,4.194,3.853,1.0265,MQTT,env_sensor
2025-01-09T09:21:00,937.556,24.936,5.866,69.497,2.9158,CoAP,gateway
2025-01-08T21:02:00,106.058,10.427,5.196,3.096,2.3755,MQTT,env_sensor
2025-01-09T12:17:00,974.522,67.326,4.241,103.791,0.5264,HTTPS,camera
2025-01-08T16:06:00,1191.917,20.533,5.31,45.751,0.3592,HTTPS,camera
2025-01-08T17:04:00,70.431,37.605,2.725,0.783,0.5456,MQTT,env_sensor
2025-01-09T07:51:00,1111.758,3.149,1.21,0.05,0.272,HTTPS,camera
2025-01-08T12:50:00,113.769,26.28,3.279,7.42,0.8492,MQTT,env_sensor
2025-01-09T08:49:00,46.023,104.63,1.647,0.05,0.6159,LoRaWAN,smart_meter
2025-01-09T09:29:00,29.789,187.47,3.497,0.602,0.2317,LoRaWAN,smart_meter
2025-01-08T05:10:00,149.674,16.388,6.349,11.395,0.651,MQTT,actuator
2025-01-09T07:11:00,37.114,151.977,1.925,0.518,5.4284,LoRaWAN,smart_meter
2025-01-09T10:23:00,10.02,195.067,3.645,0.05,4.0353,LoRaWAN,smart_meter
2025-01-09T07:01:00,164.862,82.365,6.478,196.171,0.6005,HTTPS,camera
2025-01-08T02:19:00,102.532,21.153,7.377,4.755,0.0,MQTT,env_sensor
2025-01-08T14:01:00,171.348,14.577,5.739,8.214,1.3115,MQTT,actuator
2025-01-09T00:36:00,39.55,177.851,0.219,1.015,2.6256,MQTT,smart_meter
2025-01-08T13:59:00,156.995,8.174,5.791,9.403,0.4906,MQTT,actuator
2025-01-08T18:22:00,41.409,55.617,5.059,0.05,1.409,MQTT,env_sensor
2025-01-08T06:20:00,8.0,81.21,0.1,26.68,0.4671,MQTT,gateway
2025-01-08T06:06:00,99.601,32.617,5.804,11.146,1.1393,CoAP,env_sensor
2025-01-09T08:22:00,1505.839,117.348,1.972,252.058,0.1239,HTTPS,camera
2025-01-09T03:15:00,64.605,7.107,2.116,7.184,1.2076,MQTT,env_sensor
2025-01-09T09:50:00,1565.695,24.174,13.119,10.688,0.5584,HTTPS,gateway
2025-01-08T15:28:00,113.202,19.163,5.363,4.754,0.4122,MQTT,env_sensor
2025-01-09T10:37:00,50.615,8.612,0.1,5.543,1.6294,MQTT,env_sensor
2025-01-08T12:00:00,1438.061,20.762,6.932,387.102,0.1208,HTTPS,camera
2025-01-09T04:54:00,855.626,56.387,5.325,177.65,0.9057,HTTPS,camera
2025-01-09T11:17:00,39.238,128.342,3.809,0.341,1.1802,LoRaWAN,smart_meter
2025-01-08T07:18:00,36.783,17.064,2.621,11.71,2.1288,MQTT,actuator
2025-01-09T03:25:00,995.309,22.785,2.481,50.753,1.4105,CoAP,gateway
2025-01-08T08:38:00,2224.535,58.312,4.338,69.114,0.586,HTTPS,camera
2025-01-09T02:22:00,60.09,6.47,0.1,14.747,0.0,MQTT,actuator
2025-01-08T13:21:00,2443.691,106.034,7.283,160.994,0.6197,HTTPS,camera
2025-01-08T10:47:00,126.403,24.22,3.889,4.529,0.814,MQTT,actuator
2025-01-09T08:05:00,391.234,28.475,4.34,56.619,0.0,HTTPS,gateway
2025-01-08T08:29:00,2515.791,45.04,1.622,118.755,0.3313,HTTPS,camera
2025-01-08T09:05:00,71.667,18.689,10.999,3.576,1.2137,MQTT,actuator
2025-01-08T14:56:00,63.334,17.429,3.194,5.458,2.094,MQTT,env_sensor
2025-01-08T19:10:00,115.953,19.15,3.959,11.425,1.9858,MQTT,actuator
2025-01-08T11:25:00,57.572,31.563,0.1,9.637,1.4891,MQTT,env_sensor
2025-01-09T12:44:00,24.674,172.971,0.1,0.294,6.1995,LoRaWAN,smart_meter
2025-01-08T11:31:00,547.768,66.478,7.56,27.201,0.7198,HTTPS,gateway
2025-01-09T01:33:00,56.678,32.915,3.307,0.05,0.8828,HTTPS,env_sensor
2025-01-08T12:42:00,16.13,344.052,2.826,0.495,5.4013,LoRaWAN,smart_meter
2025-01-09T00:41:00,649.917,51.295,9.908,45.867,1.5655,CoAP,gateway
2025-01-09T07:39:00,658.04,16.01,12.526,72.804,1.3761,CoAP,gateway
2025-01-08T15:48:00,25.453,210.05,0.1,0.436,1.9392,LoRaWAN,smart_meter
2025-01-09T15:41:00,74.175,22.728,2.014,5.385,2.2313,MQTT,env_sensor
2025-01-09T12:00:00,133.728,11.535,8.36,8.796,2.7279,MQTT,actuator
2025-01-08T06:54:00,1569.832,65.908,0.257,160.848,0.8295,HTTPS,camera
2025-01-08T13:51:00,838.499,64.302,8.623,68.762,0.247,HTTPS,camera
2025-01-08T06:27:00,1071.137,66.918,2.374,193.745,0.8275,HTTPS,camera
2025-01-09T02:46:00,30.056,233.766,1.439,0.05,0.5273,LoRaWAN,smart_meter
2025-01-09T07:37:00,31.723,309.785,2.334,0.128,0.0,LoRaWAN,smart_meter
2025-01-08T06:43:00,920.363,59.236,15.097,13.172,1.725,CoAP,gateway
2025-01-09T13:55:00,761.083,26.976,5.42,77.231,0.7241,HTTPS,camera
2025-01-08T13:01:00,2162.555,37.162,5.555,67.224,1.9907,HTTPS,gateway
2025-01-08T23:44:00,444.943,10.254,8.13,70.795,0.8039,HTTPS,gateway
2025-01-08T07:57:00,8.0,51.855,3.13,0.05,1.2537,MQTT,gateway
2025-01-09T04:11:00,96.758,37.2,1.266,4.972,0.6123,MQTT,env_sensor
2025-01-09T07:57:00,53.821,29.836,5.427,0.064,0.9072,CoAP,env_sensor
2025-01-08T12:44:00,203.413,47.706,3.598,0.05,0.9423,HTTPS,gateway
2025-01-08T07:02:00,97.602,22.748,2.009,6.03,0.8026,MQTT,actuator
2025-01-09T10:28:00,1029.884,52.768,8.206,70.625,0.5619,HTTPS,gateway
2025-01-08T09:35:00,1076.765,66.457,0.412,157.842,0.3953,HTTPS,camera
2025-01-08T19:23:00,78.205,33.073,0.999,0.924,0.3806,MQTT,env_sensor
2025-01-09T03:04:00,1072.578,82.539,0.257,70.171,1.0385,HTTPS,camera
2025-01-08T06:44:00,90.527,13.496,6.263,5.652,1.3267,MQTT,actuator
2025-01-09T14:17:00,111.372,11.11,1.217,9.533,1.936,MQTT,actuator
2025-01-08T14:06:00,2035.812,32.581,2.848,180.507,0.8671,HTTPS,camera
2025-01-09T02:08:00,28.592,224.436,2.398,0.316,0.8551,LoRaWAN,smart_meter
2025-01-09T03:36:00,23.414,180.07,1.698,0.05,1.7923,MQTT,smart_meter
2025-01-08T09:25:00,58.157,30.5,6.123,6.792,3.221,MQTT,env_sensor
2025-01-09T06:14:00,27.979,127.714,2.093,0.297,4.9036,LoRaWAN,smart_meter
2025-01-08T00:43:00,146.804,32.921,2.217,7.415,0.965,MQTT,actuator
2025-01-09T12:05:00,102.195,19.465,5.812,11.674,2.1855,MQTT,actuator
2025-01-08T00:37:00,2827.335,59.923,7.538,139.525,1.2448,HTTPS,camera
2025-01-08T15:04:00,30.716,282.72,3.451,0.334,0.5264,LoRaWAN,smart_meter
2025-01-09T11:02:00,73.121,9.685,4.676,8.987,1.2172,MQTT,env_sensor
2025-01-09T13:25:00,110.315,28.425,3.028,2.043,0.3021,MQTT,env_sensor
2025-01-09T04:00:00,26.798,293.511,2.226,0.359,4.0483,LoRaWAN,smart_meter
2025-01-08T14:46:00,122.075,26.936,5.498,5.382,0.0,CoAP,actuator
2025-01-08T06:35:00,148.866,21.168,8.051,3.861,0.6287,CoAP,actuator
2025-01-09T08:46:00,774.66,53.83,9.533,42.969,0.6352,CoAP,gateway
2025-01-08T16:28:00,335.792,58.302,8.731,136.078,0.0,HTTPS,gateway
2025-01-08T08:31:00,2348.018,44.252,0.962,38.456,0.0,HTTPS,camera
2025-01-08T16:11:00,36.363,27.072,3.332,5.087,1.1785,MQTT,env_sensor
2025-01-08T08:48:00,50.65,63.969,2.518,2.651,2.9436,MQTT,env_sensor
2025-01-08T10:17:00,80.75,39.372,2.51,6.5,1.3024,MQTT,env_sensor
2025-01-09T05:49:00,1372.562,55.914,0.308,111.989,0.0672,HTTPS,camera
2025-01-08T06:45:00,1657.518,87.129,0.293,162.059,0.7646,HTTPS,camera
2025-01-08T15:20:00,68.032,17.526,4.673,7.412,1.7743,MQTT,actuator
2025-01-09T03:28:00,1290.25,23.886,12.567,0.05,0.8367,HTTPS,gateway
2025-01-09T09:40:00,83.791,26.729,1.593,3.017,2.3131,MQTT,env_sensor
2025-01-09T15:54:00,2186.602,47.079,3.793,174.477,1.0172,HTTPS,camera
2025-01-09T01:17:00,31.716,198.411,2.328,0.315,2.5773,MQTT,smart_meter
2025-01-08T13:06:00,2385.311,50.629,5.062,120.85,1.0315,HTTPS,camera
2025-01-09T02:36:00,29.736,98.595,0.718,0.076,3.8385,LoRaWAN,smart_meter
2025-01-09T05:33:00,33.84,73.898,1.815,0.05,4.4465,MQTT,smart_meter
2025-01-08T09:23:00,1167.337,45.252,2.865,119.731,0.5198,HTTPS,camera
2025-01-08T02:09:00,1282.518,24.489,12.359,0.05,0.5792,HTTPS,gateway
2025-01-08T13:24:00,60.468,51.723,2.096,6.415,1.5633,MQTT,env_sensor
2025-01-09T11:03:00,45.435,203.35,3.453,0.773,1.8032,LoRaWAN,smart_meter
2025-01-08T07:42:00,1710.886,54.493,0.1,110.072,0.0,HTTPS,camera
2025-01-08T16:21:00,1881.236,54.498,4.471,107.307,0.8866,HTTPS,gateway
2025-01-08T03:32:00,184.084,16.257,8.934,8.721,1.5233,MQTT,actuator
2025-01-08T10:25:00,40.478,137.3,0.1,0.141,7.0819,LoRaWAN,smart_meter
2025-01-08T09:16:00,73.088,29.514,6.545,11.911,0.1927,MQTT,actuator
2025-01-07T23:19:00,92.42,34.91,5.698,9.685,0.4696,CoAP,actuator
2025-01-09T14:28:00,1702.579,76.918,8.644,156.285,0.0833,HTTPS,camera
2025-01-09T07:16:00,2020.757,89.256,4.166,11.577,0.2475,HTTPS,camera
2025-01-09T02:53:00,1084.362,50.298,4.391,108.848,0.7537,HTTPS,gateway
2025-01-08T10:39:00,73.097,23.864,2.367,0.534,1.6438,MQTT,env_sensor
2025-01-09T16:15:00,16.114,156.397,2.369,0.511,4.5869,LoRaWAN,smart_meter
2025-01-08T06:25:00,94.063,23.351,7.695,6.487,1.282,CoAP,actuator
2025-01-08T06:14:00,741.114,28.259,8.315,13.327,1.5988,CoAP,gateway
2025-01-08T19:43:00,886.734,79.981,0.1,80.154,0.4235,HTTPS,gateway
2025-01-07T22:56:00,2219.367,50.605,4.521,119.759,0.0746,HTTPS,camera
2025-01-08T19:51:00,84.268,18.272,12.472,5.58,1.3614,MQTT,actuator
2025-01-09T09:00:00,683.272,73.932,5.735,0.05,0.8252,CoAP,gateway
2025-01-08T23:08:00,1708.948,51.793,6.406,52.491,1.9654,HTTPS,gateway
2025-01-08T17:01:00,1136.764,70.911,3.036,34.029,1.2757,HTTPS,gateway
2025-01-08T21:00:00,82.882,12.98,2.171,0.817,1.4037,MQTT,env_sensor
2025-01-09T07:30:00,110.488,23.995,6.171,17.037,1.5159,MQTT,actuator
2025-01-09T10:35:00,940.632,16.383,5.149,85.418,0.0,CoAP,gateway
2025-01-08T18:54:00,121.639,16.406,5.211,12.196,0.2461,MQTT,actuator
2025-01-08T00:42:00,26.939,143.55,2.248,0.726,0.3338,LoRaWAN,smart_meter
2025-01-08T20:33:00,513.341,72.888,6.75,75.984,1.1509,CoAP,gateway
2025-01-08T13:59:00,1166.693,24.293,0.1,152.671,0.1217,HTTPS,camera
2025-01-08T14:12:00,1016.029,48.454,6.345,23.33,1.7992,CoAP,gateway
2025-01-09T14:45:00,83.323,25.382,3.805,1.727,2.959,MQTT,env_sensor
2025-01-08T15:42:00,1199.053,45.581,0.216,66.23,0.5186,HTTPS,camera
2025-01-08T20:26:00,139.573,19.162,4.864,9.005,1.0999,MQTT,actuator
2025-01-08T08:25:00,128.206,2.438,6.941,14.758,0.3481,MQTT,actuator
2025-01-08T01:26:00,2580.268,44.563,1.337,135.022,0.4407,HTTPS,camera
2025-01-09T01:26:00,20.957,150.534,0.1,0.05,1.4149,LoRaWAN,smart_meter
2025-01-09T11:59:00,21.453,206.672,2.67,0.918,4.5238,LoRaWAN,smart_meter
2025-01-09T11:43:00,782.076,35.07,5.138,96.646,1.7422,CoAP,gateway
2025-01-08T02:48:00,58.418,12.941,1.241,6.198,2.7447,MQTT,env_sensor
2025-01-09T08:48:00,123.088,19.807,9.937,16.219,0.2518,MQTT,actuator
2025-01-09T14:10:00,2122.799,78.35,2.656,144.879,0.0,HTTPS,camera
2025-01-08T02:15:00,87.516,20.351,10.358,17.97,0.5834,MQTT,actuator
2025-01-08T19:30:00,37.068,145.754,1.99,0.631,1.5203,LoRaWAN,smart_meter
2025-01-07T23:26:00,81.358,42.183,6.058,2.555,1.9269,MQTT,env_sensor
2025-01-09T08:31:00,45.229,106.067,2.948,0.118,5.2269,LoRaWAN,smart_meter
2025-01-08T04:48:00,58.197,25.058,6.719,8.023,0.6419,MQTT,actuator
2025-01-09T13:58:00,34.966,221.978,0.183,0.844,4.3665,LoRaWAN,smart_meter
2025-01-08T19:32:00,2633.297,22.98,8.071,74.779,0.3095,HTTPS,camera
2025-01-08T15:53:00,186.967,17.468,6.561,24.275,0.0306,CoAP,gateway
2025-01-08T12:36:00,32.002,227.763,0.1,0.808,3.0124,MQTT,smart_meter
2025-01-09T12:59:00,110.2,13.637,6.678,0.05,0.7718,MQTT,actuator
2025-01-08T20:29:00,26.904,21.046,2.632,3.781,1.8838,MQTT,env_sensor
2025-01-08T19:50:00,29.261,160.643,1.798,0.998,2.3141,LoRaWAN,smart_meter
2025-01-08T13:41:00,1324.226,64.541,0.623,114.24,1.6273,HTTPS,gateway
2025-01-09T01:12:00,3199.709,25.485,9.529,65.343,0.2577,HTTPS,camera
2025-01-08T09:06:00,64.989,32.156,3.356,5.544,1.9606,MQTT,env_sensor
2025-01-08T23:22:00,2568.579,44.274,6.378,120.055,0.3553,HTTPS,camera
2025-01-08T11:56:00,127.53,13.898,2.872,2.209,1.1829,MQTT,env_sensor
2025-01-08T13:18:00,3016.958,57.327,5.571,114.632,1.5431,HTTPS,camera
2025-01-08T18:28:00,469.152,18.455,13.379,96.23,1.7587,CoAP,gateway
2025-01-08T02:18:00,56.575,20.178,0.879,6.699,1.6544,MQTT,env_sensor
2025-01-09T11:04:00,87.61,7.896,2.478,0.46,1.7165,MQTT,env_sensor
2025-01-08T09:40:00,27.097,160.17,3.981,0.086,2.9595,LoRaWAN,smart_meter
2025-01-08T21:59:00,54.597,7.197,4.622,6.572,1.1567,MQTT,actuator
2025-01-08T22:54:00,2205.708,61.594,6.101,94.367,0.3503,HTTPS,camera
2025-01-08T19:07:00,70.217,25.231,4.195,1.815,1.4473,MQTT,env_sensor
2025-01-08T11:27:00,101.441,20.557,4.727,10.328,0.9278,MQTT,actuator
2025-01-08T18:28:00,40.211,34.784,1.691,4.196,2.9914,MQTT,env_sensor
2025-01-09T14:20:00,91.628,17.411,4.668,2.145,0.0,MQTT,env_sensor
2025-01-08T20:29:00,20.264,202.301,4.528,0.389,3.7714,LoRaWAN,smart_meter
2025-01-09T03:52:00,1167.489,60.637,3.211,118.023,1.0144,HTTPS,camera
2025-01-09T10:31:00,1910.298,89.314,0.462,176.387,0.1392,HTTPS,camera
2025-01-08T19:54:00,1838.778,70.263,5.21,124.364,1.2966,HTTPS,camera
2025-01-09T13:26:00,33.345,172.376,2.622,0.904,1.5844,LoRaWAN,smart_meter
2025-01-09T11:41:00,1531.834,28.992,13.368,0.548,0.0,HTTPS,gateway
2025-01-09T15:41:00,40.587,194.306,2.82,0.671,3.6991,LoRaWAN,smart_meter
2025-01-08T23:52:00,25.847,221.502,3.513,0.225,4.6892,LoRaWAN,smart_meter
2025-01-07T22:47:00,312.908,59.618,6.079,81.341,0.0,HTTPS,gateway
2025-01-08T20:25:00,151.275,26.937,8.984,11.329,2.3229,MQTT,actuator
2025-01-09T06:35:00,90.144,7.577,4.423,14.462,0.6223,MQTT,actuator
2025-01-08T12:53:00,47.825,29.448,1.847,4.491,1.9425,MQTT,env_sensor
2025-01-08T15:02:00,25.933,138.787,0.1,0.279,0.0,LoRaWAN,smart_meter
2025-01-09T13:09:00,536.66,78.12,0.1,191.882,0.6997,HTTPS,camera
2025-01-09T04:36:00,61.034,40.182,4.264,4.93,0.343,MQTT,env_sensor
2025-01-09T00:26:00,351.099,69.184,2.848,79.499,1.0321,HTTPS,gateway
2025-01-09T13:04:00,2672.788,89.698,2.061,56.427,0.4629,HTTPS,camera
2025-01-08T06:21:00,127.511,13.151,7.368,10.116,1.4442,MQTT,actuator
2025-01-08T10:48:00,75.502,46.556,1.995,0.05,0.2901,MQTT,env_sensor
2025-01-08T10:16:00,2571.948,65.976,4.304,59.445,0.0,HTTPS,camera
2025-01-08T19:04:00,35.65,228.898,2.504,0.305,4.8071,LoRaWAN,smart_meter
2025-01-09T14:45:00,1260.149,50.279,5.304,58.859,0.3024,HTTPS,camera
2025-01-09T07:20:00,8.0,58.568,6.307,51.901,0.0,HTTPS,gateway
2025-01-08T05:54:00,1437.455,84.025,0.1,39.178,1.2567,HTTPS,gateway
2025-01-09T04:03:00,68.083,20.515,0.259,9.999,0.5197,MQTT,actuator
2025-01-09T10:53:00,1345.389,51.367,2.584,45.918,0.0,HTTPS,gateway
2025-01-08T00:28:00,924.682,53.146,3.388,167.723,0.0231,HTTPS,camera
2025-01-08T05:09:00,82.53,24.023,0.372,8.444,1.1596,MQTT,env_sensor
2025-01-09T06:01:00,102.511,14.055,5.675,7.583,1.3846,MQTT,actuator
2025-01-08T23:38:00,78.332,18.476,4.863,11.794,1.1731,MQTT,actuator
2025-01-09T00:15:00,110.48,46.238,4.828,0.849,1.6465,MQTT,env_sensor
2025-01-08T12:51:00,45.409,19.051,1.593,2.938,0.9058,MQTT,env_sensor
2025-01-08T21:10:00,20.234,37.55,0.1,3.311,1.1265,MQTT,env_sensor
2025-01-09T10:36:00,54.575,25.16,1.697,0.05,1.1923,MQTT,env_sensor
2025-01-08T16:55:00,146.187,22.312,3.667,7.821,0.0,MQTT,actuator
2025-01-08T23:55:00,2996.133,21.901,4.958,141.907,0.6377,HTTPS,camera
2025-01-08T09:51:00,163.493,36.167,8.527,8.566,1.3334,CoAP,actuator
2025-01-07T23:34:00,36.059,241.568,2.038,0.833,6.281,LoRaWAN,smart_meter
2025-01-08T19:40:00,89.385,14.974,4.157,12.054,0.6701,MQTT,actuator
2025-01-08T08:35:00,2872.177,66.657,0.1,93.792,0.7237,HTTPS,camera
2025-01-08T16:46:00,33.394,139.62,0.1,0.273,1.6859,LoRaWAN,smart_meter
2025-01-08T20:59:00,60.681,19.044,8.205,0.754,0.0,MQTT,env_sensor
2025-01-08T08:06:00,719.063,35.744,7.112,15.414,0.3969,CoAP,gateway
2025-01-08T23:14:00,140.213,27.225,5.291,8.909,1.174,CoAP,actuator
2025-01-08T07:18:00,28.287,43.01,2.668,7.255,0.0,MQTT,env_sensor
2025-01-08T19:29:00,35.262,131.515,1.784,0.078,2.8781,LoRaWAN,smart_meter
2025-01-09T01:47:00,22.359,85.582,1.037,0.271,4.9786,MQTT,smart_meter
2025-01-09T14:06:00,124.288,17.511,8.226,1.797,0.0,MQTT,actuator
2025-01-09T08:39:00,192.852,19.032,5.636,82.843,0.4219,MQTT,gateway
2025-01-09T15:15:00,86.555,14.457,0.1,4.797,2.4092,MQTT,env_sensor
2025-01-09T00:52:00,1580.042,37.513,2.963,87.406,0.6222,HTTPS,camera
2025-01-08T15:28:00,1521.749,55.758,3.671,95.633,1.605,HTTPS,camera
2025-01-08T13:43:00,23.423,135.035,3.577,0.696,1.7999,LoRaWAN,smart_meter
2025-01-08T07:11:00,1594.974,79.786,4.049,48.63,0.2749,HTTPS,camera
2025-01-08T23:01:00,23.371,151.18,1.906,0.216,3.364,LoRaWAN,smart_meter
2025-01-08T09:46:00,34.901,180.575,3.377,0.288,1.6501,LoRaWAN,smart_meter
2025-01-09T14:42:00,15.591,211.876,1.715,0.878,2.5838,LoRaWAN,smart_meter
2025-01-09T01:08:00,2348.913,84.907,9.768,216.899,0.9846,HTTPS,camera
2025-01-08T11:33:00,2717.317,47.781,1.924,133.646,0.8528,HTTPS,camera
2025-01-08T07:17:00,32.413,32.026,2.09,7.619,1.682,MQTT,env_sensor
2025-01-08T11:37:00,104.765,5.669,3.485,3.447,1.8953,MQTT,env_sensor
2025-01-09T10:50:00,1346.436,57.998,0.1,63.812,0.8294,HTTPS,camera
2025-01-08T23:45:00,1370.099,57.881,5.267,99.325,0.9118,HTTPS,camera
2025-01-08T15:39:00,1335.408,78.053,4.45,28.457,0.8146,HTTPS,gateway
2025-01-08T08:36:00,101.277,22.675,5.365,13.125,0.0,MQTT,actuator
2025-01-09T04:16:00,28.889,186.705,4.635,0.55,2.4097,LoRaWAN,smart_meter
2025-01-08T16:11:00,28.049,217.089,0.1,0.887,3.9279,LoRaWAN,smart_meter
2025-01-08T01:17:00,723.556,58.69,4.529,32.202,0.9594,HTTPS,gateway
2025-01-09T11:34:00,103.547,30.923,2.837,3.843,2.8181,MQTT,env_sensor
2025-01-09T01:19:00,28.89,178.787,0.495,0.461,4.3104,LoRaWAN,smart_meter
2025-01-09T15:32:00,535.544,77.141,1.913,120.564,2.2457,HTTPS,gateway
2025-01-09T11:24:00,123.851,28.988,2.239,3.726,0.42,MQTT,actuator
2025-01-09T13:45:00,26.504,203.561,3.379,0.819,1.6649,LoRaWAN,smart_meter
2025-01-08T08:33:00,28.487,86.676,1.483,0.154,1.8741,MQTT,smart_meter
2025-01-08T10:07:00,91.153,30.521,5.449,3.713,1.0257,CoAP,env_sensor
2025-01-08T09:01:00,59.65,49.611,2.393,3.749,0.755,MQTT,env_sensor
2025-01-08T01:55:00,57.992,18.603,0.1,6.48,1.4441,MQTT,env_sensor
2025-01-08T13:27:00,1008.465,43.434,9.334,110.432,1.5997,CoAP,gateway
2025-01-09T04:53:00,65.456,14.81,0.309,0.05,0.3345,MQTT,env_sensor
2025-01-09T00:25:00,174.913,14.616,6.761,11.317,0.6464,MQTT,actuator
2025-01-08T20:19:00,1028.585,91.227,4.993,74.968,0.6412,HTTPS,camera
2025-01-09T05:24:00,29.193,23.995,4.839,0.075,0.0,MQTT,env_sensor
2025-01-08T07:33:00,1185.848,41.717,7.157,54.128,0.0,HTTPS,gateway
2025-01-08T17:29:00,980.969,58.745,1.728,160.548,1.3431,HTTPS,camera
2025-01-08T13:08:00,139.662,31.642,5.745,8.299,1.1964,CoAP,actuator
2025-01-08T17:30:00,1514.038,68.493,8.568,74.082,2.0589,HTTPS,gateway
2025-01-08T06:01:00,1286.957,35.895,11.71,86.56,0.781,HTTPS,gateway
2025-01-08T12:45:00,1885.856,67.911,18.762,88.221,1.7032,HTTPS,gateway
2025-01-08T10:25:00,1402.163,55.569,6.661,76.241,0.2736,HTTPS,gateway
2025-01-08T09:47:00,849.303,44.78,6.534,158.457,0.5217,HTTPS,camera
2025-01-08T12:49:00,1577.05,45.039,6.243,152.659,0.2486,HTTPS,camera
2025-01-09T09:46:00,125.596,23.75,3.981,0.724,0.3948,MQTT,actuator
2025-01-09T04:06:00,78.573,19.228,4.805,7.226,0.7949,MQTT,env_sensor
2025-01-08T19:08:00,124.405,9.054,8.355,7.862,0.1122,CoAP,actuator
2025-01-09T11:52:00,207.094,22.828,7.353,9.2,0.1011,MQTT,actuator
2025-01-08T13:00:00,56.9,18.572,5.167,1.476,2.5676,CoAP,actuator
2025-01-08T22:31:00,34.512,193.234,0.925,0.498,1.8305,LoRaWAN,smart_meter
2025-01-09T05:11:00,38.853,195.774,1.505,0.91,4.2555,LoRaWAN,smart_meter
2025-01-08T10:24:00,87.109,39.909,2.797,5.33,1.1932,MQTT,env_sensor
2025-01-08T04:31:00,1575.63,73.826,2.818,179.236,0.3918,HTTPS,camera
2025-01-09T13:20:00,685.199,53.62,13.576,37.334,3.3375,CoAP,gateway
2025-01-09T06:51:00,483.764,96.556,3.341,153.972,1.094,HTTPS,camera
2025-01-08T20:42:00,28.834,15.09,1.566,2.336,1.859,MQTT,env_sensor
2025-01-09T06:34:00,62.694,23.02,1.708,9.852,1.2748,MQTT,actuator
2025-01-08T14:45:00,1190.839,40.297,14.556,33.011,1.9508,CoAP,gateway
2025-01-08T05:45:00,135.914,31.677,3.639,3.411,0.7406,MQTT,actuator
2025-01-08T11:55:00,64.29,15.242,3.242,3.333,0.0,MQTT,env_sensor
2025-01-09T00:44:00,29.421,203.657,0.1,0.207,5.6543,LoRaWAN,smart_meter
2025-01-08T14:20:00,34.363,141.22,4.28,0.991,1.6112,LoRaWAN,smart_meter
2025-01-07T23:57:00,84.097,30.152,0.323,1.401,0.2216,MQTT,env_sensor
2025-01-08T22:10:00,114.912,23.805,9.324,9.106,1.3557,MQTT,actuator
2025-01-08T00:43:00,137.71,22.518,3.014,5.626,1.7827,MQTT,env_sensor
2025-01-08T06:14:00,29.614,178.901,4.816,0.376,3.7011,LoRaWAN,smart_meter
2025-01-08T15:54:00,606.72,51.096,3.727,93.888,1.5301,CoAP,gateway
2025-01-09T03:14:00,31.806,200.586,2.208,0.432,2.6793,LoRaWAN,smart_meter
2025-01-09T14:57:00,52.13,40.399,4.203,6.212,0.0,MQTT,env_sensor
2025-01-09T13:57:00,59.862,28.271,5.261,0.05,2.4375,MQTT,env_sensor
2025-01-08T02:21:00,2117.405,29.109,5.168,88.905,0.5425,HTTPS,camera
2025-01-09T03:04:00,94.329,35.38,8.538,79.039,1.4476,MQTT,gateway
2025-01-08T08:42:00,3236.337,83.426,3.035,13.083,1.0974,MQTT,camera
2025-01-09T14:51:00,65.681,19.694,4.963,7.106,1.2717,MQTT,env_sensor
2025-01-09T11:48:00,32.602,164.544,0.487,0.317,4.1021,LoRaWAN,smart_meter
2025-01-08T17:39:00,99.464,14.067,6.935,8.175,1.9835,MQTT,actuator
2025-01-08T07:59:00,95.879,13.344,9.457,5.917,1.0752,MQTT,actuator
2025-01-09T07:10:00,20.385,101.519,1.5,0.953,4.6565,LoRaWAN,smart_meter
2025-01-09T09:59:00,26.552,53.236,1.962,0.424,0.3878,HTTPS,smart_meter
2025-01-09T06:12:00,3166.131,77.839,6.726,8.055,0.8368,HTTPS,camera
2025-01-08T11:45:00,1303.855,40.254,15.794,75.977,1.2821,HTTPS,gateway
2025-01-09T09:08:00,91.337,25.017,9.337,10.352,1.056,MQTT,actuator
2025-01-08T09:17:00,1878.972,63.1,4.572,67.77,0.6114,HTTPS,camera
2025-01-08T13:57:00,62.265,18.386,3.65,2.038,0.0,MQTT,env_sensor
2025-01-08T20:07:00,20.436,182.567,2.936,0.266,1.0711,LoRaWAN,smart_meter
2025-01-08T20:51:00,88.142,16.795,2.622,0.05,0.2425,MQTT,env_sensor
2025-01-08T03:02:00,51.828,27.629,5.528,0.892,0.0411,MQTT,env_sensor
2025-01-08T15:31:00,127.981,55.324,7.063,14.72,0.6406,CoAP,gateway
2025-01-08T06:22:00,30.13,124.66,0.1,0.05,3.0539,LoRaWAN,smart_meter
2025-01-08T18:11:00,16.708,204.76,1.944,0.308,4.0584,LoRaWAN,smart_meter
2025-01-08T10:40:00,108.931,19.82,8.363,5.423,0.6486,MQTT,actuator
2025-01-08T10:11:00,1757.84,71.499,0.1,112.259,1.3743,HTTPS,camera
2025-01-09T07:07:00,104.695,6.83,0.1,6.711,0.1429,MQTT,actuator
2025-01-08T05:57:00,207.981,17.763,10.899,4.494,0.1847,MQTT,actuator
2025-01-09T01:07:00,1140.039,56.269,6.696,66.934,0.9742,HTTPS,gateway
2025-01-09T06:00:00,1095.162,41.753,7.877,1.781,1.8118,CoAP,gateway
2025-01-08T05:17:00,118.585,10.912,6.211,7.518,0.0,CoAP,actuator
2025-01-08T23:16:00,732.957,88.394,0.998,179.222,0.5593,HTTPS,camera
2025-01-08T01:49:00,1650.697,50.899,4.448,154.109,0.6598,HTTPS,camera
2025-01-08T22:34:00,1229.286,82.614,8.325,187.173,0.7754,HTTPS,camera
2025-01-09T06:51:00,1231.818,41.49,14.786,175.975,1.3556,HTTPS,gateway
2025-01-09T14:37:00,101.692,34.198,3.674,4.902,0.0,MQTT,env_sensor
2025-01-09T04:55:00,698.165,29.859,7.225,22.946,0.0,CoAP,gateway
2025-01-08T22:14:00,32.18,183.531,1.697,0.069,0.7115,LoRaWAN,smart_meter
2025-01-08T15:16:00,54.089,25.31,1.411,5.151,0.9149,MQTT,env_sensor
2025-01-08T13:14:00,38.096,223.652,3.954,0.263,4.7577,LoRaWAN,smart_meter
2025-01-09T01:57:00,1722.708,58.449,1.679,203.575,0.0,HTTPS,camera
2025-01-08T06:09:00,1292.588,76.684,3.193,126.526,0.3513,HTTPS,camera
2025-01-08T15:01:00,2158.44,22.001,6.9,50.963,0.3891,HTTPS,gateway
2025-01-07T23:49:00,1685.631,33.611,23.942,64.677,0.0829,HTTPS,gateway
2025-01-09T01:03:00,158.431,21.179,9.408,6.508,1.2637,MQTT,actuator
2025-01-09T09:41:00,994.48,31.26,18.983,55.163,1.7068,CoAP,gateway
2025-01-08T03:00:00,1632.857,10.628,1.645,131.234,0.5298,HTTPS,camera
2025-01-09T07:31:00,19.416,238.94,1.924,1.024,0.0,MQTT,smart_meter
2025-01-09T14:31:00,107.916,20.186,6.721,7.777,1.6981,MQTT,actuator
2025-01-08T17:42:00,155.755,16.166,7.794,2.318,1.3364,MQTT,actuator
2025-01-09T03:02:00,30.963,138.648,0.95,0.104,1.4629,LoRaWAN,smart_meter
2025-01-08T21:41:00,37.733,9.205,2.548,4.695,1.7447,MQTT,actuator
2025-01-08T14:45:00,24.972,165.876,1.214,0.05,1.4724,LoRaWAN,smart_meter
2025-01-08T05:37:00,836.905,65.338,2.086,53.627,0.0,HTTPS,camera
2025-01-09T02:27:00,103.849,33.526,2.868,1.956,2.4808,MQTT,env_sensor
2025-01-08T06:52:00,1834.331,88.216,1.874,193.626,0.1932,HTTPS,camera
2025-01-09T09:48:00,23.925,223.974,2.782,0.444,1.9992,LoRaWAN,smart_meter
2025-01-09T15:42:00,82.727,24.073,3.533,4.059,1.9792,MQTT,env_sensor
2025-01-08T10:12:00,38.796,22.096,1.285,5.613,0.7621,MQTT,env_sensor
2025-01-08T23:51:00,32.318,46.994,1.45,0.05,0.7664,HTTPS,smart_meter
2025-01-08T19:51:00,55.059,11.559,3.812,1.029,3.2128,MQTT,env_sensor
2025-01-08T21:41:00,1690.172,78.001,1.618,57.977,0.9821,HTTPS,camera
2025-01-08T17:02:00,26.002,232.639,1.82,0.362,8.6539,LoRaWAN,smart_meter
2025-01-08T03:37:00,81.154,14.071,9.2,4.595,0.5633,MQTT,actuator
2025-01-09T06:01:00,70.687,18.968,1.351,2.441,1.8613,MQTT,env_sensor
2025-01-08T04:24:00,3318.364,47.431,2.911,34.544,0.4232,HTTPS,camera
2025-01-08T03:10:00,59.189,22.656,4.591,0.05,0.7737,MQTT,actuator
2025-01-09T14:48:00,28.681,186.187,1.539,0.526,1.5563,LoRaWAN,smart_meter
2025-01-08T00:52:00,1314.555,24.385,11.199,104.677,0.3567,HTTPS,gateway
2025-01-09T03:00:00,74.426,17.625,5.273,6.497,2.7553,MQTT,env_sensor
2025-01-08T01:00:00,88.769,20.189,4.072,2.269,0.0,MQTT,actuator
2025-01-09T15:14:00,1876.949,89.65,0.1,56.764,1.1229,HTTPS,camera
2025-01-08T01:05:00,17.962,41.624,3.925,2.51,0.8478,MQTT,env_sensor
2025-01-09T11:50:00,2466.718,85.63,6.523,116.157,0.7226,HTTPS,camera
2025-01-08T04:27:00,78.602,33.417,2.187,4.31,0.7728,MQTT,env_sensor
2025-01-08T22:19:00,95.28,12.824,0.1,4.006,0.5953,MQTT,actuator
2025-01-08T03:45:00,99.29,24.037,0.831,3.225,1.7226,MQTT,env_sensor
2025-01-08T16:00:00,29.373,134.247,2.687,0.574,4.4701,LoRaWAN,smart_meter
2025-01-08T15:01:00,74.775,6.989,3.906,5.574,1.3972,MQTT,actuator
2025-01-08T00:59:00,34.926,262.427,3.198,0.05,3.8088,LoRaWAN,smart_meter
2025-01-09T06:37:00,44.718,18.955,9.289,3.819,3.8503,MQTT,env_sensor
2025-01-08T17:54:00,1066.23,57.612,12.696,67.039,0.1532,HTTPS,gateway
2025-01-08T16:35:00,93.727,13.923,3.562,10.384,1.1201,MQTT,actuator
2025-01-09T04:57:00,35.882,190.101,0.743,0.333,6.0066,LoRaWAN,smart_meter
2025-01-08T16:35:00,36.645,153.554,0.1,0.399,0.5345,LoRaWAN,smart_meter
2025-01-08T19:39:00,91.914,25.573,4.994,5.657,0.0,MQTT,env_sensor
2025-01-08T01:05:00,26.978,102.84,1.81,0.843,4.7827,LoRaWAN,smart_meter
2025-01-08T05:13:00,967.989,28.79,12.525,76.077,1.9688,CoAP,gateway
2025-01-09T10:35:00,85.125,22.113,5.071,4.095,0.2792,CoAP,env_sensor
2025-01-08T05:29:00,57.368,17.517,3.626,4.335,2.5786,MQTT,env_sensor
2025-01-09T03:17:00,119.562,1.474,6.625,12.161,1.1453,MQTT,actuator
2025-01-08T07:17:00,14.485,237.829,4.286,0.771,0.8294,LoRaWAN,smart_meter
2025-01-09T09:04:00,440.032,31.327,6.704,142.522,1.6681,CoAP,gateway
2025-01-08T14:11:00,2098.65,104.72,2.912,29.109,0.2757,HTTPS,camera
2025-01-08T13:29:00,86.127,3.412,5.237,0.05,0.8895,MQTT,actuator
2025-01-08T18:20:00,94.039,1.0,3.045,9.474,1.9466,MQTT,actuator
2025-01-09T08:56:00,16.83,139.024,1.329,0.05,3.6695,LoRaWAN,smart_meter
2025-01-08T05:38:00,75.943,26.318,1.318,5.158,0.6266,MQTT,env_sensor
2025-01-08T18:39:00,2013.293,28.509,5.145,131.689,1.2661,HTTPS,camera
2025-01-09T16:11:00,146.255,7.433,2.411,5.955,0.0,MQTT,actuator
2025-01-08T16:52:00,964.014,31.077,10.422,72.23,1.5636,CoAP,gateway
2025-01-08T13:10:00,44.064,147.134,7.022,0.136,1.5778,LoRaWAN,smart_meter
2025-01-08T03:08:00,816.189,36.818,9.741,81.908,2.4718,CoAP,gateway
2025-01-08T06:38:00,477.017,14.864,16.315,110.137,0.0,HTTPS,gateway
2025-01-09T05:25:00,485.828,96.941,3.572,27.862,1.3986,MQTT,gateway
2025-01-08T06:50:00,683.399,11.886,16.377,60.178,0.0,HTTPS,gateway
2025-01-08T08:37:00,1996.431,89.456,2.501,178.52,0.5434,HTTPS,camera
2025-01-08T03:13:00,26.231,167.276,3.814,0.467,2.3015,LoRaWAN,smart_meter
2025-01-09T12:44:00,75.443,21.047,6.545,10.362,1.1156,MQTT,actuator
2025-01-09T08:55:00,1542.797,47.715,11.797,149.228,0.8298,HTTPS,gateway
2025-01-08T18:34:00,2175.986,80.232,7.069,66.164,0.388,HTTPS,gateway
2025-01-09T04:29:00,30.727,185.895,0.256,0.05,4.4584,LoRaWAN,smart_meter
2025-01-09T14:02:00,1078.398,69.261,3.576,47.861,0.7822,HTTPS,camera
2025-01-09T09:23:00,31.422,145.856,4.828,0.65,4.5661,LoRaWAN,smart_meter
2025-01-07T23:18:00,3522.773,99.649,7.859,109.397,1.2621,HTTPS,camera
2025-01-09T06:39:00,23.911,75.209,4.171,1.023,1.9444,MQTT,smart_meter
2025-01-08T13:22:00,118.188,24.537,5.329,12.098,0.3268,MQTT,actuator
2025-01-08T11:48:00,464.732,40.603,5.133,182.095,0.0,HTTPS,camera
2025-01-07T22:41:00,8.0,203.652,2.475,0.521,1.9321,LoRaWAN,smart_meter
2025-01-09T10:24:00,1005.382,52.274,11.243,123.71,0.0,HTTPS,gateway
2025-01-09T00:57:00,117.378,17.52,5.243,6.415,1.2504,MQTT,actuator
2025-01-09T02:39:00,741.718,23.374,9.835,130.121,0.4919,HTTPS,gateway
2025-01-09T15:01:00,2560.649,116.195,3.818,66.971,0.0,HTTPS,camera
2025-01-09T06:39:00,453.239,51.831,9.987,56.423,2.5321,CoAP,gateway
2025-01-09T04:25:00,42.694,175.997,5.092,0.917,2.1652,LoRaWAN,smart_meter
2025-01-09T00:22:00,1544.502,29.168,5.308,71.114,0.8539,HTTPS,camera
2025-01-08T12:08:00,860.245,39.92,9.635,234.688,0.7482,HTTPS,camera
2025-01-08T06:25:00,22.475,147.506,0.1,0.812,4.127,LoRaWAN,smart_meter
2025-01-07T23:05:00,984.583,67.356,8.692,17.343,0.2095,CoAP,gateway
2025-01-09T01:55:00,27.484,174.726,1.254,0.05,1.3207,LoRaWAN,smart_meter
2025-01-08T11:43:00,801.003,60.688,10.296,66.789,0.0,HTTPS,gateway
2025-01-08T13:04:00,57.286,20.852,2.291,14.564,0.334,MQTT,actuator
2025-01-09T10:32:00,73.48,26.22,6.676,15.301,0.3611,MQTT,actuator
2025-01-08T13:20:00,2282.607,54.584,1.892,118.078,0.6587,HTTPS,camera
2025-01-09T08:07:00,100.76,29.776,5.031,3.266,0.0,MQTT,env_sensor
2025-01-09T10:11:00,1896.908,65.511,3.746,116.693,1.2702,HTTPS,camera
2025-01-08T22:59:00,29.13,232.206,3.933,0.05,0.0,LoRaWAN,smart_meter
2025-01-07T23:59:00,1538.231,62.113,5.141,133.57,0.0425,HTTPS,camera
2025-01-08T06:16:00,8.0,115.967,3.962,0.199,2.0412,LoRaWAN,smart_meter
2025-01-09T12:13:00,1913.988,87.679,3.782,208.49,1.0105,HTTPS,camera
2025-01-08T06:03:00,1127.63,100.175,1.681,131.369,0.0024,HTTPS,camera
2025-01-09T15:57:00,359.023,8.056,1.711,71.748,0.8257,HTTPS,gateway
2025-01-08T21:53:00,348.992,36.781,8.447,70.342,1.8195,CoAP,gateway
2025-01-09T05:46:00,2660.202,79.763,6.657,157.951,1.4081,HTTPS,camera
2025-01-09T08:04:00,117.494,21.057,2.352,3.966,1.2742,MQTT,actuator
2025-01-08T22:13:00,16.661,184.245,0.559,0.585,2.9913,LoRaWAN,smart_meter
2025-01-09T02:15:00,569.221,49.748,11.351,78.307,0.9921,HTTPS,gateway
2025-01-09T01:04:00,88.824,1.0,8.54,7.281,0.0,CoAP,actuator
2025-01-08T15:50:00,1640.508,11.695,1.521,0.05,1.7357,HTTPS,gateway
2025-01-08T10:42:00,1927.968,88.221,5.227,121.677,0.1083,HTTPS,camera
2025-01-09T11:15:00,80.939,40.246,1.798,2.432,3.2121,MQTT,env_sensor
2025-01-09T05:09:00,43.05,123.822,1.336,0.563,4.2469,LoRaWAN,smart_meter
2025-01-09T06:43:00,274.139,51.389,8.046,104.835,0.8936,HTTPS,gateway
2025-01-09T10:29:00,1560.764,53.62,10.614,52.514,3.0522,HTTPS,gateway
2025-01-08T16:16:00,79.772,27.046,2.08,5.465,0.8516,MQTT,env_sensor
2025-01-08T13:56:00,430.448,58.457,4.863,124.328,0.8713,HTTPS,gateway
2025-01-09T07:11:00,143.402,19.275,8.103,4.96,0.1293,MQTT,actuator
2025-01-08T15:43:00,167.102,13.237,7.921,7.113,0.8647,MQTT,actuator
2025-01-08T18:37:00,1056.861,31.791,6.444,47.138,1.4984,MQTT,gateway
2025-01-08T22:56:00,91.018,9.317,2.901,11.085,0.3988,MQTT,actuator
2025-01-09T06:44:00,34.251,35.271,4.513,7.529,0.3621,MQTT,env_sensor
2025-01-07T23:00:00,61.65,34.07,2.232,5.826,0.7246,MQTT,env_sensor
2025-01-08T10:38:00,2207.408,29.55,4.234,83.348,0.002,HTTPS,camera
2025-01-09T00:33:00,76.053,29.036,2.467,3.503,0.0,MQTT,env_sensor
2025-01-09T10:54:00,33.495,214.71,2.818,0.05,4.9985,LoRaWAN,smart_meter
2025-01-08T05:14:00,770.17,73.831,6.377,0.05,1.462,CoAP,gateway
2025-01-09T02:36:00,2558.79,61.232,1.883,12.675,0.3225,HTTPS,camera
2025-01-09T11:53:00,25.711,224.353,5.17,0.454,1.7672,LoRaWAN,smart_meter
2025-01-09T04:28:00,1120.189,64.176,4.262,142.475,1.0887,HTTPS,camera
2025-01-08T21:31:00,352.089,27.277,9.715,24.481,0.0,CoAP,gateway
2025-01-09T14:59:00,69.619,44.225,7.273,2.799,0.0,MQTT,env_sensor
2025-01-08T01:17:00,28.658,192.726,2.581,0.392,3.2394,LoRaWAN,smart_meter
2025-01-08T02:29:00,53.99,3.206,1.307,8.965,0.5372,MQTT,env_sensor
2025-01-08T16:09:00,1456.969,32.047,3.627,149.492,0.4332,HTTPS,gateway
2025-01-08T04:41:00,28.891,127.223,5.531,0.333,3.9799,LoRaWAN,smart_meter
2025-01-08T20:26:00,57.872,1.0,1.505,5.268,1.9727,MQTT,env_sensor
2025-01-08T19:43:00,18.66,93.196,3.614,0.263,5.0067,LoRaWAN,smart_meter
2025-01-09T16:17:00,1332.768,73.224,16.615,66.224,1.457,HTTPS,gateway
2025-01-08T14:33:00,136.855,21.728,3.231,4.972,1.2239,MQTT,actuator
2025-01-08T07:13:00,146.559,17.264,2.759,12.772,0.786,MQTT,actuator
2025-01-09T11:00:00,609.567,47.627,2.732,44.091,0.9075,HTTPS,gateway
2025-01-09T05:39:00,2011.994,96.048,6.405,191.614,0.5095,HTTPS,camera
2025-01-07T23:09:00,45.869,19.968,3.812,7.396,1.6256,MQTT,env_sensor
2025-01-09T05:51:00,457.47,46.122,5.521,0.05,0.0,CoAP,gateway
2025-01-08T03:55:00,102.753,39.946,3.175,7.772,1.4751,MQTT,env_sensor
2025-01-08T18:55:00,1681.066,68.278,3.086,57.424,0.4994,HTTPS,camera
2025-01-09T04:02:00,2450.338,60.363,1.091,224.561,1.2152,HTTPS,camera
2025-01-08T16:26:00,33.171,219.543,3.507,0.988,4.5084,LoRaWAN,smart_meter
2025-01-08T04:06:00,42.172,237.607,1.877,0.53,0.2097,LoRaWAN,smart_meter
2025-01-08T04:51:00,324.551,88.61,3.205,0.05,1.0237,MQTT,gateway
2025-01-08T02:26:00,53.045,233.009,3.832,0.509,4.4962,MQTT,smart_meter
2025-01-09T00:48:00,78.745,32.978,3.253,1.238,1.9992,MQTT,env_sensor
2025-01-09T06:57:00,127.846,16.838,8.663,8.887,0.0,MQTT,actuator
2025-01-08T04:32:00,2898.749,42.363,3.01,103.109,1.4466,HTTPS,camera
2025-01-08T03:58:00,97.598,36.368,8.398,3.139,0.1976,MQTT,actuator
2025-01-08T15:30:00,56.895,23.713,3.843,0.05,1.0806,MQTT,env_sensor
2025-01-08T02:52:00,27.723,151.969,5.292,0.37,3.4054,LoRaWAN,smart_meter
2025-01-08T21:20:00,60.111,31.656,5.708,9.901,1.3395,MQTT,env_sensor
2025-01-09T14:11:00,1539.34,36.725,0.1,157.02,1.0645,HTTPS,camera
2025-01-09T14:47:00,1970.275,21.495,4.356,226.424,0.0,HTTPS,camera
2025-01-09T09:41:00,1338.237,29.091,3.143,147.623,0.4592,HTTPS,camera
2025-01-08T13:09:00,104.612,13.371,3.566,1.642,1.0079,MQTT,actuator
2025-01-09T04:30:00,1118.514,81.998,4.264,107.885,0.4536,HTTPS,camera
2025-01-09T13:51:00,129.531,11.013,6.036,0.05,0.5877,MQTT,env_sensor
2025-01-08T07:32:00,65.145,21.984,6.875,1.788,0.8367,CoAP,env_sensor
2025-01-09T00:30:00,33.676,87.223,2.119,0.451,2.7654,CoAP,smart_meter
2025-01-09T02:57:00,57.577,22.637,0.225,8.479,0.0,MQTT,env_sensor
2025-01-09T03:05:00,42.848,143.444,0.841,0.282,1.5165,MQTT,smart_meter
2025-01-08T23:15:00,63.916,40.292,2.2,0.055,1.7294,MQTT,env_sensor
2025-01-08T01:15:00,534.403,68.701,5.299,203.841,0.3089,HTTPS,camera
2025-01-08T22:23:00,2942.63,70.58,6.43,109.227,0.3174,HTTPS,camera
2025-01-09T03:39:00,97.795,20.33,3.648,8.909,0.1102,MQTT,actuator
2025-01-08T12:57:00,124.246,15.409,6.007,8.718,0.1042,CoAP,actuator
2025-01-09T10:48:00,65.853,18.503,4.231,8.499,0.6898,MQTT,env_sensor
2025-01-09T11:58:00,620.952,71.73,3.178,92.471,0.0,HTTPS,gateway
2025-01-08T08:32:00,1596.292,48.196,9.458,143.87,0.7594,HTTPS,camera
2025-01-09T14:16:00,8.0,25.628,5.632,125.816,1.0527,MQTT,gateway
2025-01-09T09:56:00,962.731,34.737,3.027,23.959,0.0,HTTPS,camera
2025-01-08T10:26:00,43.871,17.437,2.87,6.606,1.5269,MQTT,env_sensor
2025-01-08T00:35:00,2263.126,43.935,0.1,139.705,0.3212,HTTPS,camera
2025-01-09T03:09:00,1082.121,33.092,7.264,60.537,0.315,HTTPS,camera
2025-01-09T01:01:00,1689.843,86.188,6.563,0.05,0.9093,HTTPS,camera
2025-01-09T07:28:00,749.205,89.008,5.73,120.057,1.4189,CoAP,camera
2025-01-08T18:53:00,536.833,72.542,5.579,106.401,1.4294,CoAP,gateway
2025-01-08T04:46:00,1369.676,32.358,7.005,44.776,0.5341,HTTPS,gateway
2025-01-09T06:41:00,42.096,177.434,1.097,0.378,3.9901,MQTT,smart_meter
2025-01-08T16:37:00,37.558,271.636,1.443,0.189,4.8491,LoRaWAN,smart_meter
2025-01-09T12:12:00,25.117,236.419,3.076,0.337,6.5923,LoRaWAN,smart_meter
2025-01-09T10:17:00,104.966,15.336,1.596,2.193,0.0,MQTT,env_sensor
2025-01-09T00:57:00,1443.058,70.085,5.596,198.358,0.1579,HTTPS,camera
2025-01-08T16:45:00,798.139,66.016,9.405,158.035,0.7118,CoAP,camera
2025-01-09T08:21:00,28.965,20.535,1.713,3.572,3.0363,MQTT,env_sensor
2025-01-08T06:10:00,1527.581,55.624,4.924,155.859,0.5002,HTTPS,camera
2025-01-08T02:03:00,105.965,48.934,1.128,6.583,0.0,MQTT,env_sensor
2025-01-08T04:55:00,749.137,69.508,16.443,53.478,0.0,HTTPS,gateway
2025-01-08T18:07:00,137.24,19.784,7.204,5.635,1.8502,MQTT,actuator
2025-01-07T23:56:00,83.425,4.47,9.812,9.21,1.4163,MQTT,actuator
2025-01-09T07:33:00,1397.857,60.178,9.07,67.821,0.3938,HTTPS,camera
2025-01-08T06:38:00,110.042,8.192,9.225,11.335,0.2939,MQTT,actuator
2025-01-08T23:31:00,2258.054,34.229,0.1,95.871,0.5914,HTTPS,camera
2025-01-08T20:33:00,66.844,11.809,0.769,5.311,1.7534,MQTT,actuator
2025-01-08T07:43:00,18.924,86.772,2.254,0.356,1.7669,MQTT,smart_meter
2025-01-08T02:04:00,37.452,33.065,1.148,0.05,0.0,HTTPS,env_sensor
2025-01-09T01:06:00,28.798,150.565,0.1,1.021,6.1892,MQTT,smart_meter
2025-01-08T06:21:00,62.606,8.149,5.418,6.892,1.592,MQTT,env_sensor
2025-01-09T10:16:00,30.641,375.29,1.292,0.579,0.1343,LoRaWAN,smart_meter
2025-01-09T12:40:00,899.528,51.903,11.632,94.349,2.5754,CoAP,gateway
2025-01-08T11:10:00,1098.692,37.707,7.364,154.578,0.3576,HTTPS,camera
2025-01-09T13:18:00,608.116,65.989,17.01,117.555,0.1064,HTTPS,gateway
2025-01-08T09:11:00,833.975,81.199,7.242,43.359,0.0,HTTPS,gateway
2025-01-08T18:02:00,1944.904,49.373,9.259,151.117,0.2751,HTTPS,camera
2025-01-09T15:30:00,81.345,19.048,8.124,4.922,0.0,MQTT,actuator
2025-01-09T05:04:00,100.753,47.1,3.038,4.38,0.4158,MQTT,env_sensor
2025-01-08T11:07:00,70.501,13.191,6.51,12.732,1.4321,MQTT,actuator
2025-01-09T03:22:00,136.626,25.859,0.358,4.467,0.2046,MQTT,actuator
2025-01-09T04:01:00,13.404,210.869,0.539,0.658,2.1632,LoRaWAN,smart_meter
2025-01-09T10:43:00,2540.753,68.833,5.569,141.275,0.8007,HTTPS,camera
2025-01-09T15:18:00,58.266,28.285,4.98,2.239,1.6339,MQTT,env_sensor
2025-01-09T07:27:00,47.904,8.864,4.026,5.604,0.5939,MQTT,env_sensor
2025-01-08T20:48:00,1017.262,63.797,5.461,78.761,1.5846,CoAP,camera
2025-01-09T15:23:00,67.565,30.036,4.08,9.717,0.1174,MQTT,actuator
2025-01-09T11:39:00,93.817,14.198,1.472,0.05,1.4706,MQTT,actuator
2025-01-08T22:44:00,1846.126,63.417,6.612,56.07,0.7707,HTTPS,camera
2025-01-09T10:50:00,51.708,26.732,7.867,5.303,1.8426,MQTT,actuator
2025-01-08T19:37:00,1400.389,58.517,16.068,55.594,1.0838,HTTPS,gateway
2025-01-08T05:07:00,39.444,200.943,4.994,0.05,3.4343,LoRaWAN,smart_meter
2025-01-08T12:50:00,30.906,116.637,2.19,0.166,2.7353,LoRaWAN,smart_meter
2025-01-09T04:39:00,2027.62,32.073,0.1,20.875,0.031,HTTPS,camera
2025-01-08T00:15:00,1488.839,35.162,8.132,85.408,0.3899,HTTPS,gateway
2025-01-09T11:38:00,2593.163,113.9,4.462,46.9,0.675,HTTPS,camera
2025-01-08T04:51:00,61.766,43.389,2.437,1.826,0.6156,MQTT,env_sensor
2025-01-08T19:37:00,101.11,13.319,9.083,10.497,0.132,MQTT,actuator
2025-01-07T22:47:00,1627.159,90.625,6.128,62.132,0.9277,HTTPS,camera
2025-01-08T05:36:00,619.261,113.129,0.458,156.994,0.0,HTTPS,camera
2025-01-08T01:35:00,1166.966,29.378,12.043,82.582,0.7631,HTTPS,gateway
2025-01-09T13:20:00,63.257,35.799,4.517,3.632,3.6858,MQTT,env_sensor
2025-01-08T04:46:00,15.646,110.741,3.336,0.403,3.7727,LoRaWAN,smart_meter
2025-01-08T01:31:00,545.019,39.374,11.777,24.766,2.4187,CoAP,gateway
2025-01-08T15:48:00,730.938,68.298,3.675,156.74,0.5896,HTTPS,gateway
2025-01-08T19:24:00,121.204,26.842,5.131,10.925,1.2045,CoAP,actuator
2025-01-09T13:41:00,34.567,140.824,0.94,0.054,6.5408,LoRaWAN,smart_meter
2025-01-09T04:39:00,59.506,14.361,2.354,0.05,1.7738,MQTT,env_sensor
2025-01-08T11:16:00,125.77,18.577,8.079,8.273,1.9667,MQTT,actuator
2025-01-08T04:26:00,31.976,230.099,0.518,0.276,6.4805,LoRaWAN,smart_meter
2025-01-08T12:49:00,58.138,9.256,7.947,4.24,0.3044,CoAP,actuator
2025-01-09T09:16:00,2001.361,61.734,0.492,107.335,0.5022,HTTPS,camera
2025-01-09T14:33:00,19.564,161.457,3.85,0.637,3.2335,LoRaWAN,smart_meter
2025-01-08T09:17:00,14.413,192.571,1.573,0.267,4.0813,LoRaWAN,smart_meter
2025-01-08T10:00:00,88.706,14.259,5.239,6.494,0.3271,MQTT,env_sensor
2025-01-08T13:44:00,667.544,30.839,6.586,42.681,1.0866,CoAP,gateway
2025-01-08T14:07:00,24.446,284.165,1.188,0.05,4.6662,LoRaWAN,smart_meter
2025-01-08T01:55:00,28.874,215.921,1.659,0.05,3.0557,LoRaWAN,smart_meter
2025-01-09T11:11:00,61.095,27.767,11.95,12.284,1.561,MQTT,actuator
2025-01-08T20:45:00,616.882,61.037,10.493,103.126,0.5706,HTTPS,gateway
2025-01-08T08:53:00,562.275,66.042,12.661,31.135,0.0,CoAP,gateway
2025-01-08T10:24:00,90.127,63.239,0.1,102.963,0.3562,HTTPS,camera
2025-01-07T23:44:00,702.886,66.119,7.56,11.0,1.5221,CoAP,gateway
2025-01-08T20:30:00,26.001,141.057,0.284,0.469,2.133,LoRaWAN,smart_meter
2025-01-08T23:13:00,167.554,27.242,6.998,6.029,0.0,MQTT,actuator
2025-01-08T00:42:00,1146.566,26.304,6.402,78.176,0.7066,HTTPS,camera
2025-01-09T03:51:00,19.66,210.815,2.31,0.734,0.8788,LoRaWAN,smart_meter
2025-01-09T04:25:00,928.697,91.715,12.568,110.234,0.2479,HTTPS,gateway
2025-01-08T00:14:00,19.342,192.623,1.197,0.733,2.6964,LoRaWAN,smart_meter
2025-01-08T07:17:00,1048.813,55.344,2.377,37.947,0.8288,HTTPS,gateway
2025-01-09T05:07:00,34.24,125.528,1.201,0.754,4.1677,LoRaWAN,smart_meter
2025-01-08T07:55:00,1405.968,43.195,0.1,0.05,0.0,HTTPS,gateway
2025-01-08T13:42:00,1358.489,19.902,6.625,91.879,0.0,HTTPS,gateway
2025-01-08T20:00:00,2534.689,42.739,9.004,26.582,1.4355,HTTPS,camera
2025-01-08T20:36:00,27.528,146.757,1.592,0.673,1.0097,LoRaWAN,smart_meter
2025-01-08T04:29:00,56.982,27.32,3.723,5.097,0.2837,MQTT,env_sensor
2025-01-09T04:41:00,1019.721,37.624,1.769,99.585,0.5062,HTTPS,gateway
2025-01-09T13:22:00,84.964,19.595,1.689,9.951,0.6462,MQTT,actuator
2025-01-09T11:37:00,950.049,43.794,0.1,57.708,0.7254,HTTPS,camera
2025-01-09T11:03:00,49.568,34.724,9.452,23.015,0.3224,MQTT,gateway
2025-01-08T23:02:00,1168.252,64.475,2.783,14.195,1.5058,HTTPS,gateway
2025-01-08T21:19:00,42.704,21.511,1.915,1.826,2.1106,MQTT,env_sensor
2025-01-08T21:14:00,8.0,28.994,7.674,100.26,0.7031,HTTPS,camera
2025-01-08T07:08:00,1432.131,35.916,13.838,114.492,1.1364,HTTPS,gateway
2025-01-08T21:41:00,20.674,139.262,3.16,0.869,2.2789,LoRaWAN,smart_meter
2025-01-08T03:03:00,917.555,25.869,14.77,27.441,0.7242,CoAP,gateway
2025-01-09T13:06:00,145.866,16.206,6.653,7.083,0.1319,MQTT,actuator
2025-01-09T09:54:00,152.787,54.025,5.628,21.786,1.118,CoAP,gateway
2025-01-09T02:52:00,84.267,29.082,3.232,1.385,1.9382,MQTT,env_sensor
2025-01-08T06:46:00,8.0,24.606,8.878,0.05,0.5958,LoRaWAN,gateway
2025-01-09T02:17:00,44.639,176.385,0.1,0.514,0.1625,LoRaWAN,smart_meter
2025-01-09T08:07:00,698.589,41.477,3.839,104.051,1.2082,CoAP,gateway
2025-01-09T13:29:00,100.823,9.569,0.1,8.118,1.427,MQTT,env_sensor
2025-01-08T21:55:00,90.225,12.372,5.567,12.182,0.4167,CoAP,actuator
2025-01-09T02:35:00,1719.891,92.412,2.585,125.736,0.0,HTTPS,camera
2025-01-08T01:10:00,484.912,62.506,13.04,123.083,1.6457,CoAP,gateway
2025-01-08T22:40:00,55.138,25.827,5.289,2.711,1.2961,MQTT,env_sensor
2025-01-09T03:01:00,28.512,189.809,0.986,0.764,6.0605,LoRaWAN,smart_meter
2025-01-08T18:39:00,899.494,58.689,11.166,81.158,1.9606,CoAP,gateway
2025-01-08T06:30:00,41.492,223.202,2.014,0.05,1.4592,LoRaWAN,smart_meter
2025-01-08T12:50:00,1662.956,43.756,10.305,129.413,0.429,HTTPS,camera
2025-01-09T14:19:00,43.657,40.521,2.946,0.356,1.8431,MQTT,smart_meter
2025-01-09T00:57:00,15.334,120.514,2.603,0.054,0.5276,LoRaWAN,smart_meter
2025-01-09T01:29:00,150.139,15.518,6.493,13.762,0.7883,MQTT,actuator
2025-01-08T19:28:00,43.512,41.251,2.785,0.578,4.9965,MQTT,smart_meter
2025-01-08T04:56:00,8.0,23.421,6.445,81.883,0.0,HTTPS,gateway
2025-01-09T01:58:00,29.334,180.159,2.966,0.05,4.0296,LoRaWAN,smart_meter
2025-01-08T08:16:00,1399.845,86.76,6.015,108.099,0.0,HTTPS,camera
2025-01-08T23:49:00,1185.722,47.815,5.758,35.492,1.0075,CoAP,gateway
2025-01-09T05:26:00,53.855,7.036,2.778,0.05,1.2025,MQTT,env_sensor
2025-01-08T05:00:00,1572.752,24.475,1.933,54.782,0.532,HTTPS,gateway
2025-01-08T10:57:00,84.642,8.87,0.933,1.566,0.0,MQTT,env_sensor
2025-01-09T01:27:00,764.708,54.799,9.588,137.481,0.5102,HTTPS,gateway
2025-01-08T19:10:00,39.07,20.288,2.325,5.66,1.1184,MQTT,env_sensor
2025-01-08T05:25:00,55.439,11.781,3.125,3.281,2.4404,MQTT,env_sensor
2025-01-08T10:10:00,1786.645,67.009,5.897,165.818,0.168,HTTPS,camera
2025-01-08T13:53:00,1375.31,65.338,10.444,66.354,1.9993,HTTPS,gateway
2025-01-08T14:18:00,952.506,1.0,7.631,134.148,0.3288,CoAP,gateway
2025-01-08T02:40:00,334.387,34.528,4.447,127.656,1.1593,HTTPS,gateway
2025-01-08T12:40:00,2074.337,36.368,5.965,0.403,0.8656,HTTPS,camera
2025-01-08T20:29:00,100.237,24.346,5.006,9.039,1.9841,MQTT,actuator
2025-01-08T21:54:00,33.513,183.923,1.858,0.445,2.3079,LoRaWAN,smart_meter
2025-01-09T05:49:00,36.097,216.799,3.115,0.457,3.0033,LoRaWAN,smart_meter
2025-01-09T03:29:00,1458.187,53.299,5.108,117.475,0.5095,HTTPS,camera
2025-01-08T17:34:00,2177.351,39.327,6.361,228.323,0.2132,HTTPS,camera
2025-01-08T10:47:00,34.032,215.63,3.582,0.454,5.2398,LoRaWAN,smart_meter
2025-01-08T00:28:00,85.63,18.608,5.473,7.982,1.4128,MQTT,env_sensor
2025-01-09T08:27:00,1167.695,69.014,2.619,183.845,0.8055,HTTPS,camera
2025-01-08T04:56:00,36.171,218.764,2.189,0.327,4.3857,LoRaWAN,smart_meter
2025-01-08T23:02:00,104.847,10.526,9.144,5.358,1.4918,MQTT,actuator
2025-01-09T01:15:00,94.831,31.777,3.956,2.161,1.1337,MQTT,env_sensor
2025-01-08T14:54:00,1813.421,50.642,5.141,148.15,0.6241,HTTPS,camera
2025-01-08T23:34:00,123.377,24.453,2.826,11.147,0.9715,MQTT,actuator
2025-01-08T11:31:00,90.531,46.479,0.595,1.459,2.1564,MQTT,env_sensor
2025-01-08T09:37:00,53.987,26.41,1.506,5.221,0.0871,MQTT,env_sensor
2025-01-09T02:30:00,47.934,19.674,4.998,10.183,0.2631,MQTT,actuator
2025-01-08T07:46:00,23.47,183.481,1.586,0.074,5.7653,LoRaWAN,smart_meter
2025-01-08T01:24:00,85.693,18.767,3.842,9.08,2.0567,MQTT,env_sensor
2025-01-08T11:56:00,118.128,30.436,2.481,14.402,1.196,MQTT,actuator
2025-01-09T09:46:00,52.71,39.875,4.559,0.703,1.8255,MQTT,env_sensor
2025-01-09T03:30:00,80.022,11.246,2.741,0.05,0.9897,MQTT,env_sensor
2025-01-09T02:56:00,100.588,30.801,4.949,7.879,1.6019,MQTT,actuator
2025-01-08T20:36:00,117.509,49.231,6.303,83.329,0.0,MQTT,camera
2025-01-09T13:30:00,408.257,26.874,3.511,111.294,1.2024,MQTT,gateway
2025-01-09T03:40:00,88.025,29.142,4.791,6.426,0.7113,MQTT,env_sensor
2025-01-09T12:26:00,117.838,28.414,1.6,7.709,1.2802,MQTT,actuator
2025-01-08T03:21:00,521.282,77.419,0.1,116.504,0.949,HTTPS,camera
2025-01-08T17:11:00,11.185,123.212,1.362,0.192,3.9628,LoRaWAN,smart_meter
2025-01-08T00:47:00,1124.703,45.363,8.392,72.037,0.0,HTTPS,gateway
2025-01-08T04:16:00,119.914,15.302,5.304,12.628,1.2699,MQTT,actuator
2025-01-08T19:57:00,1006.662,67.921,5.239,41.381,0.8683,CoAP,camera
2025-01-08T21:24:00,71.631,36.774,3.123,5.505,0.6805,MQTT,env_sensor
2025-01-08T19:41:00,28.82,135.951,0.478,0.632,1.7842,LoRaWAN,smart_meter
2025-01-08T18:01:00,23.229,192.89,3.025,0.735,4.1156,MQTT,smart_meter
2025-01-09T02:52:00,28.505,150.069,0.377,0.415,1.5616,LoRaWAN,smart_meter
2025-01-08T13:15:00,93.12,24.713,3.152,0.05,2.3588,MQTT,env_sensor
2025-01-09T05:18:00,79.793,8.762,5.641,6.39,1.897,MQTT,actuator
2025-01-08T00:09:00,85.063,23.1,2.97,2.667,2.3052,MQTT,env_sensor
2025-01-08T17:59:00,73.557,43.83,6.527,0.812,0.0,MQTT,env_sensor
2025-01-09T15:14:00,30.331,196.904,0.1,0.69,2.2293,LoRaWAN,smart_meter
2025-01-08T08:40:00,58.42,31.76,5.711,3.506,1.4436,CoAP,env_sensor
2025-01-08T17:30:00,41.443,31.189,11.324,50.771,0.9734,HTTPS,camera
2025-01-08T10:55:00,59.853,44.754,7.369,98.853,0.1035,HTTPS,gateway
2025-01-08T04:52:00,76.373,26.566,2.995,9.851,1.1008,MQTT,actuator
2025-01-08T09:19:00,1773.798,1.0,4.908,134.594,0.5126,HTTPS,camera
2025-01-09T09:15:00,98.515,21.405,7.563,13.975,0.8192,MQTT,actuator
2025-01-09T04:24:00,76.852,37.843,3.396,5.27,1.2258,MQTT,env_sensor
2025-01-09T10:06:00,133.367,26.096,3.291,4.652,1.6282,MQTT,actuator
2025-01-08T13:37:00,1781.342,70.776,3.046,102.79,1.0767,HTTPS,camera
2025-01-08T04:02:00,1010.231,105.523,9.066,76.33,1.4607,CoAP,camera
2025-01-08T02:34:00,51.979,9.555,3.717,1.882,1.6888,MQTT,env_sensor
2025-01-07T22:44:00,1675.894,83.212,4.692,18.222,0.6098,HTTPS,camera
2025-01-08T03:43:00,1231.507,92.427,7.295,73.212,0.0572,HTTPS,camera
2025-01-09T01:57:00,68.155,20.297,6.161,1.635,0.5718,MQTT,actuator
2025-01-08T21:47:00,64.93,21.06,0.757,5.073,0.0,MQTT,env_sensor
2025-01-09T07:52:00,63.719,24.18,4.743,8.487,1.3208,MQTT,actuator
2025-01-09T08:34:00,57.189,2.944,4.078,2.291,1.1778,MQTT,env_sensor
2025-01-08T06:28:00,57.398,26.917,2.825,8.889,1.6386,MQTT,env_sensor
2025-01-09T06:48:00,56.853,15.153,4.601,5.531,1.2081,MQTT,env_sensor
2025-01-09T07:58:00,60.894,8.836,2.045,2.137,0.7325,MQTT,env_sensor
2025-01-08T18:33:00,546.577,69.221,6.301,88.078,1.6614,CoAP,gateway
2025-01-08T00:28:00,1667.346,58.123,10.812,55.303,0.0,HTTPS,gateway
2025-01-08T03:16:00,1187.811,73.094,4.722,110.408,0.9625,HTTPS,camera
2025-01-09T04:48:00,1575.585,29.367,3.847,26.978,1.0901,MQTT,gateway
2025-01-09T09:10:00,79.291,20.253,1.146,6.251,2.0926,MQTT,actuator
2025-01-08T18:49:00,467.707,55.486,9.517,43.525,0.4539,HTTPS,gateway
2025-01-09T08:50:00,1846.92,75.833,4.647,77.395,0.6382,HTTPS,camera
2025-01-08T00:13:00,65.491,29.098,2.797,6.85,3.1631,MQTT,env_sensor
2025-01-08T08:57:00,1988.647,87.85,5.742,0.05,0.0234,HTTPS,gateway
2025-01-08T15:52:00,2731.955,63.97,7.824,157.724,0.7092,HTTPS,camera
2025-01-08T00:50:00,850.979,23.898,9.662,42.832,0.6735,CoAP,gateway
2025-01-08T07:38:00,40.875,294.217,2.98,0.273,2.5428,LoRaWAN,smart_meter
2025-01-08T18:37:00,1860.571,1.0,2.922,173.641,0.2064,HTTPS,camera
2025-01-09T14:44:00,84.203,18.632,8.873,7.746,1.8429,MQTT,actuator
2025-01-09T01:24:00,43.211,218.333,0.1,0.456,4.074,LoRaWAN,smart_meter
2025-01-09T02:24:00,77.684,10.08,2.397,4.543,0.0,MQTT,env_sensor
2025-01-08T13:29:00,1041.695,45.394,4.697,124.657,0.0,HTTPS,gateway
2025-01-08T11:45:00,103.302,29.875,1.86,8.727,0.0623,MQTT,env_sensor
2025-01-08T17:50:00,100.692,1.949,4.361,9.607,0.7142,MQTT,actuator
2025-01-09T14:28:00,19.221,170.491,0.826,0.54,0.0,LoRaWAN,smart_meter
2025-01-09T11:24:00,2153.072,1.0,3.625,165.831,0.6577,HTTPS,camera
2025-01-09T12:49:00,65.229,16.638,0.1,3.323,2.3256,MQTT,env_sensor
2025-01-08T19:50:00,2254.961,44.527,0.1,112.183,0.0,HTTPS,camera
2025-01-08T21:33:00,38.978,50.069,10.419,90.525,1.9567,CoAP,gateway
2025-01-09T13:48:00,51.381,26.192,1.187,1.594,1.2845,MQTT,env_sensor
2025-01-08T23:38:00,167.859,30.353,13.058,128.694,1.8891,CoAP,gateway
2025-01-08T05:36:00,108.778,22.581,2.225,5.019,1.7269,MQTT,env_sensor
2025-01-08T06:43:00,2023.974,84.909,9.856,175.693,0.7245,HTTPS,camera
2025-01-08T15:07:00,26.888,189.845,2.367,0.416,2.3546,LoRaWAN,smart_meter
2025-01-09T12:30:00,32.175,305.534,2.414,0.321,7.167,LoRaWAN,smart_meter
2025-01-09T05:39:00,87.277,6.843,3.51,8.582,0.0,MQTT,actuator
2025-01-08T14:10:00,2279.366,69.718,5.924,122.251,0.7963,HTTPS,camera
2025-01-08T00:46:00,14.719,218.728,0.68,0.866,2.6227,LoRaWAN,smart_meter
2025-01-09T12:16:00,34.372,225.328,1.185,0.326,2.0689,LoRaWAN,smart_meter
2025-01-08T07:40:00,69.018,15.156,1.167,5.184,1.3477,MQTT,env_sensor
2025-01-08T19:04:00,1384.738,78.513,7.553,209.616,0.0,HTTPS,camera
2025-01-09T13:33:00,1535.441,144.086,0.1,90.673,0.0952,HTTPS,camera
2025-01-08T12:50:00,36.685,62.75,7.625,64.04,1.852,CoAP,gateway
2025-01-08T02:35:00,1622.024,85.527,3.799,147.186,0.0053,HTTPS,camera
2025-01-09T13:51:00,2020.423,62.924,12.23,71.988,0.0098,HTTPS,camera
2025-01-08T05:29:00,543.74,34.201,7.136,51.424,1.2144,CoAP,gateway
2025-01-09T08:48:00,950.364,75.967,7.451,117.996,0.0621,HTTPS,gateway
2025-01-09T12:18:00,145.085,6.441,2.958,6.237,1.0968,MQTT,actuator
2025-01-09T00:08:00,76.186,32.603,1.523,3.844,0.0,MQTT,env_sensor
2025-01-08T10:45:00,83.339,37.693,3.396,6.199,0.849,MQTT,env_sensor
2025-01-09T00:51:00,568.203,51.527,6.48,0.05,1.8104,CoAP,gateway
2025-01-08T03:25:00,25.291,203.709,2.335,0.79,6.8483,LoRaWAN,smart_meter
2025-01-08T03:54:00,23.287,243.492,1.437,0.071,4.0172,LoRaWAN,smart_meter
2025-01-08T12:27:00,96.125,9.402,0.641,0.542,0.0128,MQTT,env_sensor
2025-01-09T03:21:00,32.829,222.786,0.132,0.05,5.6284,LoRaWAN,smart_meter
2025-01-07T23:44:00,107.706,22.94,10.914,1.765,0.5809,MQTT,actuator
2025-01-09T08:54:00,57.311,18.528,0.75,6.147,2.6517,MQTT,env_sensor
2025-01-08T10:00:00,29.222,129.11,2.32,0.78,0.0,LoRaWAN,smart_meter
2025-01-09T15:59:00,25.996,190.066,3.678,0.101,0.8426,LoRaWAN,smart_meter
2025-01-08T14:57:00,33.587,271.814,4.624,0.654,0.9699,LoRaWAN,smart_meter
2025-01-09T07:20:00,28.949,155.176,3.549,0.156,3.9852,LoRaWAN,smart_meter
2025-01-09T00:05:00,35.967,190.043,3.18,0.579,3.1078,LoRaWAN,smart_meter
2025-01-08T02:23:00,77.147,9.29,2.778,5.65,1.3126,MQTT,env_sensor
2025-01-08T10:40:00,974.289,65.123,18.515,90.319,2.3108,CoAP,gateway
2025-01-08T21:43:00,103.68,13.926,1.749,4.305,2.663,MQTT,env_sensor
2025-01-08T14:34:00,99.131,22.905,6.871,13.188,1.6856,MQTT,actuator
2025-01-09T02:14:00,71.268,30.316,4.475,0.652,2.1773,MQTT,env_sensor
2025-01-09T02:41:00,18.212,293.055,2.076,1.319,5.4491,MQTT,smart_meter
2025-01-09T00:54:00,122.989,10.086,3.141,17.526,0.2823,MQTT,actuator
2025-01-08T18:31:00,61.941,31.746,5.737,8.6,1.1797,CoAP,env_sensor
2025-01-09T06:11:00,24.674,281.638,0.1,0.256,4.1557,LoRaWAN,smart_meter
2025-01-08T03:37:00,1135.263,46.649,13.64,101.255,2.7851,HTTPS,gateway
2025-01-09T15:38:00,38.194,22.988,1.984,6.532,1.0566,MQTT,env_sensor
2025-01-09T02:52:00,73.731,25.557,6.25,7.055,1.1965,MQTT,actuator
2025-01-08T11:39:00,25.5,140.293,1.399,0.284,0.0,LoRaWAN,smart_meter
2025-01-09T15:05:00,22.362,187.967,0.76,0.503,1.1987,LoRaWAN,smart_meter
2025-01-09T14:52:00,35.205,18.712,4.535,7.306,1.8459,MQTT,env_sensor
2025-01-08T13:11:00,2087.366,58.639,5.268,172.674,0.4141,HTTPS,camera
2025-01-08T18:59:00,1110.772,90.496,5.287,121.28,0.3029,HTTPS,camera
2025-01-08T16:07:00,1940.373,94.907,0.1,109.487,0.5062,HTTPS,camera
2025-01-09T13:04:00,86.774,14.129,4.988,4.905,0.0,MQTT,actuator
2025-01-08T05:42:00,132.62,39.538,9.019,1.753,0.7477,CoAP,actuator
2025-01-09T15:22:00,53.685,20.846,4.44,5.356,0.7972,MQTT,env_sensor
2025-01-08T22:33:00,102.031,26.167,4.546,14.569,0.6468,MQTT,actuator
2025-01-08T23:48:00,74.454,27.628,9.016,14.135,1.2356,MQTT,actuator
2025-01-08T00:54:00,74.729,11.18,0.99,1.653,3.1744,MQTT,env_sensor
2025-01-08T14:47:00,1338.668,110.356,4.811,146.83,0.3741,HTTPS,camera
2025-01-08T08:44:00,114.384,38.127,5.925,39.25,1.1403,MQTT,gateway
2025-01-09T08:51:00,56.246,14.221,6.183,3.413,2.1484,MQTT,env_sensor
2025-01-09T15:58:00,39.122,75.062,3.732,0.526,7.1952,LoRaWAN,smart_meter
2025-01-08T04:44:00,88.286,17.373,7.795,10.894,0.6859,MQTT,actuator
2025-01-09T04:33:00,104.433,12.99,3.053,11.791,0.6237,MQTT,actuator
2025-01-09T14:32:00,148.912,19.499,3.873,12.51,1.5472,MQTT,actuator
2025-01-09T04:39:00,127.217,41.162,7.341,7.07,0.0908,MQTT,actuator
2025-01-09T00:28:00,34.977,263.088,1.563,0.308,2.5304,LoRaWAN,smart_meter
2025-01-08T08:47:00,20.672,161.681,2.702,0.147,2.4061,LoRaWAN,smart_meter
2025-01-09T08:58:00,1455.921,99.848,4.209,180.34,0.2284,HTTPS,camera
2025-01-08T10:36:00,45.247,107.035,2.515,0.709,4.1553,LoRaWAN,smart_meter
2025-01-08T12:22:00,87.115,33.656,3.352,7.779,1.4788,MQTT,actuator
2025-01-08T04:44:00,38.219,152.3,4.106,0.664,5.3741,LoRaWAN,smart_meter
2025-01-08T22:14:00,95.172,20.642,7.064,8.656,1.1632,MQTT,actuator
2025-01-08T19:27:00,18.404,164.87,3.248,0.442,2.486,LoRaWAN,smart_meter
2025-01-08T12:53:00,2739.982,58.243,0.1,104.66,0.5406,HTTPS,camera
2025-01-08T15:28:00,102.488,29.194,6.25,9.432,0.4253,MQTT,actuator
2025-01-08T13:21:00,51.025,4.215,4.759,8.485,0.4582,MQTT,actuator
2025-01-09T08:46:00,80.546,37.071,6.261,4.893,0.381,CoAP,env_sensor
2025-01-08T03:40:00,35.422,66.604,3.96,0.153,4.5367,MQTT,smart_meter
2025-01-08T06:06:00,98.412,21.037,6.463,5.764,2.0005,MQTT,actuator
2025-01-09T08:04:00,18.662,108.515,1.199,0.253,1.9916,LoRaWAN,smart_meter
2025-01-09T09:07:00,29.993,231.898,2.502,0.553,5.437,LoRaWAN,smart_meter
2025-01-08T10:16:00,88.434,36.571,4.148,5.305,2.5048,MQTT,env_sensor
2025-01-08T16:18:00,108.432,5.639,6.009,7.615,2.284,MQTT,env_sensor
2025-01-08T15:44:00,189.615,6.756,8.531,11.049,0.3433,MQTT,actuator
2025-01-09T04:53:00,612.212,71.395,10.51,12.181,1.7083,CoAP,gateway
2025-01-08T02:22:00,437.112,79.002,2.581,181.598,0.8495,HTTPS,camera
2025-01-09T05:02:00,95.195,22.336,5.548,5.661,0.149,MQTT,actuator
2025-01-09T02:07:00,898.862,33.228,7.415,81.068,2.736,CoAP,gateway
2025-01-08T20:18:00,8.0,87.787,5.129,115.631,1.4765,CoAP,gateway
2025-01-09T08:15:00,81.574,55.32,1.807,10.212,1.1751,MQTT,env_sensor
2025-01-09T06:36:00,551.521,97.753,1.476,227.731,0.2317,HTTPS,camera
2025-01-09T02:45:00,113.013,13.575,5.679,6.181,1.4822,MQTT,actuator
2025-01-09T01:31:00,134.994,12.183,0.14,11.142,1.5888,MQTT,actuator
2025-01-08T16:49:00,40.552,237.085,2.229,0.24,1.0746,LoRaWAN,smart_meter
2025-01-09T08:01:00,102.913,16.395,3.107,13.664,0.1137,MQTT,actuator
2025-01-09T07:32:00,1711.541,53.348,4.181,148.815,0.601,HTTPS,camera
2025-01-09T07:14:00,921.283,59.007,1.675,247.811,0.0,HTTPS,camera
2025-01-09T11:30:00,1394.437,41.411,16.821,0.05,3.0282,CoAP,gateway
2025-01-09T04:34:00,48.75,196.632,1.654,0.241,1.3374,LoRaWAN,smart_meter
2025-01-08T18:34:00,80.929,26.746,0.1,2.368,1.0267,MQTT,env_sensor
2025-01-08T02:42:00,80.655,15.223,0.856,10.068,1.9705,MQTT,env_sensor
2025-01-08T14:04:00,152.78,21.141,4.032,4.825,0.6289,MQTT,actuator
2025-01-07T22:49:00,1856.681,44.501,2.253,60.036,0.7135,HTTPS,camera
2025-01-09T04:12:00,101.048,13.28,0.1,7.181,0.921,MQTT,env_sensor
2025-01-09T02:31:00,1451.806,40.318,2.758,68.358,0.5931,HTTPS,camera
2025-01-08T20:01:00,2416.174,86.548,5.502,144.245,0.6357,HTTPS,camera
2025-01-08T17:09:00,23.225,186.549,2.846,1.282,5.1799,LoRaWAN,smart_meter
2025-01-09T07:31:00,112.424,17.266,3.51,12.796,1.3337,MQTT,actuator
2025-01-08T18:53:00,1288.166,70.962,1.117,255.819,0.33,HTTPS,camera
2025-01-09T06:16:00,88.269,26.317,2.81,2.059,0.0,MQTT,env_sensor
2025-01-08T23:43:00,44.322,205.663,2.615,0.428,3.3963,LoRaWAN,smart_meter
2025-01-08T11:50:00,447.605,58.263,2.682,21.164,1.6038,MQTT,camera
2025-01-08T05:58:00,82.168,21.951,9.692,8.682,0.841,MQTT,actuator
2025-01-09T13:16:00,78.084,31.954,2.408,3.53,1.171,MQTT,env_sensor
2025-01-08T18:49:00,82.111,18.208,3.262,9.26,1.8891,MQTT,actuator
2025-01-09T15:20:00,34.138,188.286,0.182,0.227,1.8082,LoRaWAN,smart_meter
2025-01-09T16:11:00,29.666,111.587,0.1,0.565,8.0533,LoRaWAN,smart_meter
2025-01-08T22:05:00,1510.567,33.958,1.542,28.847,1.8929,HTTPS,gateway
2025-01-07T23:34:00,125.652,28.128,2.531,2.77,1.115,MQTT,env_sensor
2025-01-09T08:17:00,213.374,31.564,16.013,0.05,0.8146,MQTT,gateway
2025-01-08T13:50:00,995.725,33.078,11.318,0.05,1.2586,CoAP,gateway
2025-01-09T09:24:00,121.41,41.123,0.138,0.05,1.4434,MQTT,gateway
2025-01-08T12:10:00,47.817,14.094,1.856,0.71,2.166,MQTT,env_sensor
2025-01-08T14:58:00,15.536,327.062,3.35,0.752,4.502,LoRaWAN,smart_meter
2025-01-08T04:32:00,149.765,11.041,7.563,13.017,1.1288,MQTT,actuator
2025-01-09T00:34:00,11.65,218.243,1.576,0.489,1.723,LoRaWAN,smart_meter
2025-01-08T10:50:00,116.925,12.837,2.954,2.023,1.2436,MQTT,actuator
2025-01-08T02:35:00,94.859,14.327,2.62,6.198,0.0615,MQTT,env_sensor
2025-01-09T03:46:00,104.745,10.11,11.528,8.449,0.0,CoAP,actuator
2025-01-09T01:47:00,118.656,10.257,6.922,6.527,1.2596,MQTT,actuator
2025-01-08T18:31:00,1392.912,37.606,3.727,156.766,1.3011,HTTPS,camera
2025-01-08T19:12:00,34.252,170.013,3.828,1.055,0.3302,HTTPS,smart_meter
2025-01-07T23:03:00,793.249,18.086,10.317,0.05,0.6781,CoAP,gateway
2025-01-08T14:34:00,1853.286,56.823,0.1,130.36,1.0598,HTTPS,camera
2025-01-09T08:57:00,97.283,25.703,6.006,2.089,2.447,MQTT,env_sensor
2025-01-08T22:41:00,58.205,10.719,1.874,2.798,0.4636,MQTT,env_sensor
2025-01-09T04:24:00,18.632,176.169,2.51,0.567,5.6436,LoRaWAN,smart_meter
2025-01-09T11:12:00,27.095,339.047,3.264,0.483,0.9457,LoRaWAN,smart_meter
2025-01-08T10:00:00,2022.142,130.885,2.092,27.291,0.0,HTTPS,camera
2025-01-08T01:04:00,157.327,14.244,5.121,7.099,0.5571,MQTT,actuator
2025-01-08T12:53:00,828.723,19.905,23.314,69.635,0.1352,HTTPS,gateway
2025-01-09T00:50:00,44.3,103.098,4.581,0.356,1.9685,LoRaWAN,smart_meter
2025-01-09T14:49:00,144.631,19.932,14.266,9.32,0.0,MQTT,actuator
2025-01-08T03:10:00,1939.093,84.703,3.3,89.802,0.5816,HTTPS,camera
2025-01-09T01:20:00,86.442,14.638,2.591,17.752,0.0,MQTT,actuator
2025-01-08T06:16:00,1280.365,58.715,0.1,154.832,0.9392,HTTPS,camera
2025-01-09T15:43:00,2716.199,76.196,1.517,157.943,0.1277,HTTPS,camera
2025-01-07T22:40:00,96.067,16.703,1.46,2.967,1.9179,MQTT,env_sensor
2025-01-08T22:55:00,1372.632,70.145,0.706,84.185,0.7537,HTTPS,gateway
2025-01-08T15:29:00,29.755,223.676,5.728,0.432,2.4226,LoRaWAN,smart_meter
2025-01-08T23:35:00,1435.863,42.5,9.781,80.06,3.1276,HTTPS,gateway
2025-01-09T08:08:00,1438.687,51.757,0.272,158.86,0.3871,HTTPS,camera
2025-01-09T00:05:00,112.763,20.99,3.545,5.895,1.514,MQTT,actuator
2025-01-09T03:27:00,15.489,184.51,3.915,0.17,2.1121,LoRaWAN,smart_meter
2025-01-09T07:23:00,78.32,24.684,2.095,7.061,0.807,MQTT,env_sensor
2025-01-08T22:38:00,105.585,28.018,3.183,3.095,2.5712,MQTT,env_sensor
2025-01-08T10:50:00,17.614,233.58,2.49,0.485,3.139,LoRaWAN,smart_meter
2025-01-07T23:23:00,8.0,31.606,1.926,110.13,0.574,HTTPS,camera
2025-01-09T11:59:00,2076.212,74.202,8.453,243.7,0.6416,HTTPS,camera
2025-01-09T01:43:00,1898.726,76.692,6.429,63.135,1.1385,HTTPS,camera
2025-01-08T05:07:00,93.008,28.75,4.544,0.724,0.5676,MQTT,env_sensor
2025-01-08T14:36:00,1106.095,53.393,9.945,70.887,1.0989,HTTPS,gateway
2025-01-09T09:08:00,14.123,180.741,1.027,0.791,2.5366,LoRaWAN,smart_meter
2025-01-08T09:22:00,705.704,46.016,15.516,54.025,1.0863,CoAP,gateway
2025-01-08T05:21:00,140.288,22.715,1.093,7.345,0.273,MQTT,actuator
2025-01-08T21:07:00,11.872,85.264,4.171,0.836,0.7378,LoRaWAN,smart_meter
2025-01-08T03:27:00,1498.671,123.114,7.269,92.974,1.3039,CoAP,camera
2025-01-09T10:30:00,152.107,14.751,0.865,12.32,0.794,MQTT,actuator
2025-01-08T06:54:00,116.78,16.632,0.1,8.375,0.96,MQTT,actuator
2025-01-09T06:58:00,23.538,115.986,3.499,0.05,1.8304,LoRaWAN,smart_meter
2025-01-08T21:51:00,85.979,17.916,1.169,11.49,0.6697,MQTT,actuator
2025-01-08T22:45:00,1683.01,41.835,9.93,38.017,0.0,HTTPS,gateway
2025-01-09T05:09:00,1040.888,56.089,5.679,133.483,1.7839,HTTPS,gateway
2025-01-08T04:57:00,1057.511,22.625,3.673,52.618,0.2329,HTTPS,camera
2025-01-08T10:07:00,327.187,46.514,0.1,42.369,1.2961,CoAP,gateway
2025-01-08T09:18:00,1078.092,52.321,5.263,84.177,0.5383,HTTPS,camera
2025-01-09T12:21:00,410.569,32.031,11.619,96.918,0.4099,HTTPS,gateway
2025-01-09T12:58:00,1214.425,83.688,8.719,278.548,0.6869,HTTPS,camera
2025-01-08T02:21:00,53.302,25.023,6.476,3.816,1.5911,CoAP,env_sensor
2025-01-09T00:12:00,69.213,26.608,4.61,1.175,0.2706,MQTT,env_sensor
2025-01-07T23:38:00,84.226,3.259,0.1,10.91,0.9066,MQTT,actuator
2025-01-09T06:22:00,40.534,28.587,0.1,6.873,1.5685,MQTT,env_sensor
2025-01-08T08:03:00,1983.833,52.997,0.233,72.711,0.5714,HTTPS,camera
2025-01-08T22:18:00,21.888,236.859,0.978,0.05,1.5986,LoRaWAN,smart_meter
2025-01-09T11:37:00,61.448,27.331,4.642,2.11,1.3626,MQTT,env_sensor
2025-01-08T11:42:00,59.098,14.202,4.697,0.4,2.3998,MQTT,env_sensor
2025-01-09T08:02:00,2931.816,68.42,4.158,113.313,0.5324,HTTPS,camera
2025-01-08T12:34:00,8.0,37.929,7.829,151.635,1.2515,MQTT,gateway
2025-01-09T02:21:00,53.781,13.36,3.316,11.174,0.5529,MQTT,actuator
2025-01-08T01:54:00,23.534,187.575,1.717,0.294,3.0458,LoRaWAN,smart_meter
2025-01-09T01:41:00,2353.081,96.201,0.1,168.832,0.0,HTTPS,camera
2025-01-09T05:06:00,67.075,4.196,3.931,9.185,0.0,MQTT,actuator
2025-01-08T10:21:00,91.991,18.579,4.079,1.781,2.8456,MQTT,env_sensor
2025-01-07T22:54:00,84.777,28.236,4.196,4.325,2.2664,MQTT,env_sensor
2025-01-08T16:13:00,53.639,29.307,6.562,2.447,0.2449,CoAP,env_sensor
2025-01-09T13:26:00,145.354,30.74,5.935,3.698,0.0,MQTT,actuator
2025-01-09T14:25:00,141.346,28.878,11.755,11.643,1.5092,MQTT,actuator
2025-01-08T05:42:00,8.0,192.543,1.574,0.704,0.0,LoRaWAN,smart_meter
2025-01-08T03:15:00,2517.877,51.352,2.871,24.26,0.3724,HTTPS,camera
2025-01-08T16:55:00,23.328,199.536,1.717,0.05,1.5904,LoRaWAN,smart_meter
2025-01-09T13:09:00,38.735,164.692,1.714,0.269,5.0478,LoRaWAN,smart_meter
2025-01-07T23:55:00,1177.143,25.82,1.936,160.52,1.1062,HTTPS,camera
2025-01-08T02:51:00,34.29,176.319,1.629,0.543,3.878,LoRaWAN,smart_meter
2025-01-08T05:59:00,1303.818,52.579,5.644,150.057,0.1196,HTTPS,camera
2025-01-09T07:48:00,1088.314,90.237,6.581,63.514,0.2029,HTTPS,camera
2025-01-09T01:34:00,33.725,125.483,2.36,0.268,2.8413,LoRaWAN,smart_meter
2025-01-08T02:52:00,1609.048,51.905,6.55,142.556,0.9237,HTTPS,camera
2025-01-08T07:12:00,145.11,31.707,6.435,7.454,1.4531,CoAP,actuator
2025-01-09T07:08:00,119.839,15.395,5.154,7.296,0.588,MQTT,actuator
2025-01-09T09:47:00,91.484,21.423,1.256,7.819,1.7421,MQTT,env_sensor
2025-01-08T11:05:00,114.968,24.296,2.763,12.145,0.0,MQTT,env_sensor
2025-01-09T15:19:00,1613.061,72.361,5.261,244.193,0.8177,HTTPS,camera
2025-01-08T01:03:00,74.724,32.632,1.838,4.4,1.9307,MQTT,env_sensor
2025-01-08T09:51:00,78.878,22.252,0.1,6.275,0.0871,MQTT,env_sensor
2025-01-08T07:46:00,52.948,24.385,2.67,0.05,1.2456,MQTT,env_sensor
2025-01-09T01:50:00,75.859,20.663,2.132,2.129,0.3678,MQTT,env_sensor
2025-01-08T20:50:00,29.675,128.407,2.452,0.05,3.5321,LoRaWAN,smart_meter
2025-01-08T19:31:00,16.351,173.251,1.106,0.05,3.8913,LoRaWAN,smart_meter
2025-01-09T08:43:00,27.803,160.292,1.259,0.191,1.1308,LoRaWAN,smart_meter
2025-01-09T07:08:00,93.495,28.046,1.577,2.202,1.3397,MQTT,env_sensor
2025-01-08T04:08:00,60.091,30.115,2.846,5.464,1.754,MQTT,env_sensor
2025-01-09T04:07:00,70.581,22.375,4.087,5.742,1.9037,MQTT,env_sensor
2025-01-08T07:53:00,113.412,28.032,6.246,6.921,0.0,MQTT,actuator
2025-01-09T12:53:00,81.589,10.147,5.813,1.919,0.0,MQTT,actuator
2025-01-08T09:14:00,93.521,45.764,1.0,0.948,2.5115,MQTT,env_sensor
2025-01-09T01:17:00,243.561,33.766,9.198,45.12,1.465,MQTT,gateway
2025-01-08T08:33:00,55.992,22.119,8.25,5.613,0.1008,MQTT,actuator
2025-01-08T16:56:00,117.448,16.908,6.213,10.396,0.5853,MQTT,actuator
2025-01-09T13:34:00,20.538,143.74,2.867,0.75,4.2289,LoRaWAN,smart_meter
2025-01-08T12:01:00,52.442,24.628,4.662,2.892,0.8171,MQTT,env_sensor
2025-01-09T09:29:00,49.682,22.611,4.756,2.625,1.8823,MQTT,env_sensor
2025-01-08T11:55:00,151.413,16.185,5.73,5.9,1.3347,MQTT,actuator
2025-01-09T01:49:00,1160.078,17.96,6.717,84.479,0.4626,HTTPS,gateway
2025-01-08T06:22:00,1232.694,67.178,5.146,70.957,0.4897,HTTPS,camera
2025-01-08T03:19:00,42.549,246.435,2.898,0.161,3.4813,LoRaWAN,smart_meter
2025-01-08T18:51:00,42.869,252.293,0.723,0.161,1.0465,LoRaWAN,smart_meter
2025-01-08T01:31:00,983.868,84.01,4.027,146.529,0.8897,HTTPS,camera
2025-01-09T15:25:00,1444.799,29.421,8.047,32.679,0.0,HTTPS,gateway
2025-01-08T00:59:00,68.52,11.073,5.653,13.093,1.7644,MQTT,actuator
2025-01-08T20:51:00,16.632,189.22,3.299,0.05,2.2427,LoRaWAN,smart_meter
2025-01-08T06:08:00,124.202,23.747,8.978,8.023,1.0445,MQTT,actuator
2025-01-08T15:47:00,19.595,196.529,0.1,0.545,6.6769,LoRaWAN,smart_meter
2025-01-07T22:53:00,113.442,24.655,6.303,9.806,1.7662,MQTT,actuator
2025-01-08T02:31:00,670.176,2.592,7.431,56.426,1.7324,CoAP,gateway
2025-01-08T18:30:00,542.259,129.253,3.344,93.538,0.6689,HTTPS,gateway
2025-01-09T15:25:00,49.627,32.422,6.837,4.449,0.3699,MQTT,env_sensor
2025-01-08T05:20:00,492.753,39.933,5.35,8.827,1.2388,CoAP,camera
2025-01-08T15:59:00,1463.742,69.027,6.864,20.97,0.7892,HTTPS,camera
2025-01-08T19:51:00,1395.702,36.091,6.304,202.229,0.8439,HTTPS,camera
2025-01-08T14:01:00,45.949,22.568,0.413,5.813,0.7976,MQTT,env_sensor
2025-01-08T12:15:00,1459.44,1.266,0.1,76.512,1.6821,HTTPS,camera
2025-01-08T05:55:00,2696.314,101.589,6.433,157.028,1.0238,HTTPS,camera
2025-01-08T10:44:00,2048.713,58.903,3.741,12.727,0.29,HTTPS,camera
2025-01-09T11:28:00,89.985,23.963,0.1,4.55,2.7251,MQTT,env_sensor
2025-01-09T14:45:00,24.565,128.132,2.941,0.491,4.9237,MQTT,smart_meter
2025-01-09T03:04:00,85.921,15.523,8.329,6.149,0.1212,CoAP,actuator
2025-01-09T09:16:00,31.304,245.748,2.313,0.337,2.6773,LoRaWAN,smart_meter
2025-01-09T03:29:00,100.194,21.989,0.1,9.169,1.1557,MQTT,env_sensor
2025-01-08T06:16:00,73.714,27.341,3.705,4.566,1.4801,MQTT,env_sensor
2025-01-09T15:42:00,2072.392,59.962,3.851,95.39,1.0028,HTTPS,camera
2025-01-08T20:50:00,973.32,46.392,17.54,37.559,1.7149,CoAP,gateway
2025-01-09T07:40:00,1973.965,11.123,1.497,34.708,1.4882,MQTT,gateway
2025-01-08T23:26:00,1384.285,68.74,15.342,97.461,0.2306,HTTPS,gateway
2025-01-09T05:55:00,1450.246,11.733,5.665,42.573,0.9993,HTTPS,gateway
2025-01-08T22:26:00,46.976,9.35,3.739,1.37,0.7671,MQTT,env_sensor
2025-01-08T02:37:00,24.763,153.394,5.112,0.192,2.6519,LoRaWAN,smart_meter
2025-01-09T00:29:00,52.431,18.537,6.521,3.77,2.9766,MQTT,env_sensor
2025-01-09T06:04:00,1175.263,43.89,10.94,9.905,0.6762,HTTPS,gateway
2025-01-08T19:50:00,106.29,29.253,2.304,10.898,1.907,MQTT,actuator
2025-01-09T10:30:00,54.507,41.577,4.336,0.05,0.1371,MQTT,env_sensor
2025-01-09T08:30:00,1909.283,41.308,6.514,22.002,1.0928,CoAP,camera
2025-01-08T00:06:00,92.027,12.02,2.846,6.358,1.4755,MQTT,actuator
2025-01-09T06:50:00,56.2,18.873,3.827,9.566,0.4438,MQTT,actuator
2025-01-09T14:38:00,783.968,38.958,11.078,27.642,0.0,CoAP,gateway
2025-01-09T02:48:00,2067.033,36.299,0.1,136.875,0.8964,HTTPS,camera
2025-01-09T13:34:00,2688.785,24.254,2.402,94.948,0.4602,HTTPS,camera
2025-01-09T00:54:00,30.648,179.722,1.788,0.517,3.5052,LoRaWAN,smart_meter
2025-01-08T12:52:00,19.272,172.261,2.16,0.05,3.2559,LoRaWAN,smart_meter
2025-01-08T16:38:00,102.2,32.548,0.1,6.887,0.9548,MQTT,env_sensor
2025-01-08T02:01:00,23.443,154.248,1.94,0.545,3.6047,LoRaWAN,smart_meter
2025-01-08T03:19:00,738.921,69.121,4.008,0.05,0.4194,HTTPS,gateway
2025-01-08T17:01:00,32.431,162.172,2.376,0.965,7.8575,LoRaWAN,smart_meter
2025-01-09T07:17:00,1094.597,68.233,9.362,0.05,0.0,HTTPS,gateway
2025-01-08T02:11:00,159.301,25.5,5.311,6.406,0.0495,MQTT,actuator
2025-01-07T23:30:00,2617.389,43.575,4.212,130.221,0.2511,HTTPS,camera
2025-01-09T13:49:00,17.624,132.696,1.732,0.05,6.2471,LoRaWAN,smart_meter
2025-01-08T15:47:00,47.85,23.834,6.036,4.164,1.0517,MQTT,env_sensor
2025-01-07T23:49:00,944.682,95.148,0.436,96.379,0.0,HTTPS,camera
2025-01-08T21:16:00,1836.36,45.939,5.568,160.322,1.123,CoAP,camera
2025-01-09T08:57:00,29.622,149.404,0.1,1.127,6.8969,MQTT,smart_meter
2025-01-08T17:50:00,41.598,36.748,0.95,6.125,2.6264,MQTT,env_sensor
2025-01-08T20:34:00,92.606,12.996,0.31,3.553,0.4189,MQTT,env_sensor
2025-01-08T11:05:00,28.154,195.359,3.332,0.422,6.0635,LoRaWAN,smart_meter
2025-01-09T01:28:00,1637.921,29.242,7.779,100.974,1.3131,HTTPS,gateway
2025-01-09T05:38:00,1377.566,86.37,5.007,104.982,0.7816,HTTPS,camera
2025-01-09T08:07:00,113.821,14.448,4.784,17.723,2.0529,MQTT,actuator
2025-01-08T03:36:00,67.445,30.967,1.498,6.343,0.3477,MQTT,env_sensor
2025-01-09T11:13:00,110.657,30.423,5.349,26.661,1.0279,MQTT,gateway
2025-01-08T09:27:00,102.453,16.604,10.531,9.028,1.6355,MQTT,actuator
2025-01-09T03:01:00,1032.559,36.38,1.269,140.807,0.7774,HTTPS,camera
2025-01-09T13:38:00,13.412,244.491,4.279,0.294,6.0062,LoRaWAN,smart_meter
2025-01-08T14:38:00,83.053,29.034,3.93,2.186,2.5027,MQTT,env_sensor
2025-01-08T01:01:00,11.938,261.442,2.142,0.379,3.5546,LoRaWAN,smart_meter
2025-01-08T20:33:00,35.041,148.976,0.538,0.61,2.8634,LoRaWAN,smart_meter
2025-01-08T21:46:00,2149.338,34.481,3.63,107.035,0.9859,HTTPS,camera
2025-01-08T23:52:00,1316.596,52.845,2.069,108.71,1.1281,HTTPS,camera
2025-01-09T16:10:00,129.484,12.434,8.728,5.199,0.5837,MQTT,actuator
2025-01-08T04:27:00,39.525,257.177,3.997,0.334,4.5642,LoRaWAN,smart_meter
2025-01-07T22:53:00,964.452,23.765,0.674,122.252,0.7756,HTTPS,gateway
2025-01-08T07:45:00,40.561,39.05,11.036,70.399,0.9719,HTTPS,gateway
2025-01-08T04:36:00,2285.341,53.382,1.56,178.025,1.0953,HTTPS,camera
2025-01-09T08:08:00,132.384,22.18,6.91,15.454,0.5912,MQTT,actuator
2025-01-09T01:11:00,2123.724,68.525,5.752,37.127,0.7877,HTTPS,camera
2025-01-08T19:38:00,357.991,73.097,10.412,145.938,0.4632,HTTPS,gateway
2025-01-09T13:03:00,21.215,141.846,0.529,0.769,3.0165,LoRaWAN,smart_meter
2025-01-08T10:29:00,13.59,238.452,4.1,0.178,0.5168,LoRaWAN,smart_meter
2025-01-08T21:01:00,1334.327,47.524,11.817,7.374,2.6501,CoAP,gateway
2025-01-09T06:58:00,139.403,17.244,10.951,3.721,0.3187,CoAP,actuator
2025-01-08T15:55:00,438.775,60.004,8.207,129.57,0.0763,HTTPS,gateway
2025-01-08T08:59:00,1437.702,10.498,18.921,32.239,1.0647,CoAP,gateway
2025-01-09T03:11:00,546.392,19.568,6.007,155.386,0.0,HTTPS,camera
2025-01-09T01:13:00,50.684,23.923,2.382,7.339,0.0,MQTT,env_sensor
2025-01-08T01:51:00,90.075,15.966,1.996,9.77,0.9829,MQTT,actuator
2025-01-08T11:07:00,72.607,23.793,4.145,3.718,0.0,MQTT,env_sensor
2025-01-08T12:16:00,893.968,75.557,3.548,42.803,0.8237,HTTPS,camera
2025-01-08T21:37:00,47.452,187.096,1.265,0.177,2.9917,LoRaWAN,smart_meter
2025-01-09T10:07:00,32.753,225.58,3.846,0.05,4.248,LoRaWAN,smart_meter
2025-01-09T13:25:00,30.966,165.977,2.291,0.292,7.0341,LoRaWAN,smart_meter
2025-01-08T02:10:00,51.102,16.615,5.458,1.029,1.7218,MQTT,env_sensor
2025-01-08T09:55:00,109.837,31.696,8.917,7.942,0.0,CoAP,actuator
2025-01-09T04:10:00,26.072,159.547,3.392,0.33,2.1572,LoRaWAN,smart_meter
2025-01-08T10:55:00,78.511,22.135,10.24,9.544,0.7597,MQTT,actuator
2025-01-09T00:52:00,131.062,23.26,6.458,14.376,0.4381,MQTT,actuator
2025-01-08T17:33:00,104.773,27.28,9.187,8.163,1.0329,CoAP,actuator
2025-01-08T06:22:00,138.977,20.379,6.558,9.406,1.4934,MQTT,actuator
2025-01-08T19:08:00,785.007,59.871,7.717,126.839,0.2682,HTTPS,camera
2025-01-07T23:22:00,795.356,51.901,0.95,90.664,0.6077,HTTPS,gateway
2025-01-08T16:59:00,113.503,3.35,12.213,4.614,0.2418,MQTT,actuator
2025-01-08T14:27:00,57.53,31.777,5.92,3.308,2.2997,CoAP,env_sensor
2025-01-08T04:01:00,1271.342,43.326,6.004,204.749,0.1882,HTTPS,camera
2025-01-08T13:26:00,1359.681,69.613,0.1,177.1,0.3214,HTTPS,camera
2025-01-09T09:23:00,139.147,14.193,8.84,9.209,0.6762,MQTT,actuator
2025-01-09T11:57:00,85.235,38.164,7.704,54.719,1.8204,MQTT,gateway
2025-01-08T17:41:00,723.856,65.105,7.492,63.079,0.8201,HTTPS,gateway
2025-01-08T16:34:00,110.015,20.769,6.702,10.523,0.2457,CoAP,actuator
2025-01-08T04:26:00,73.347,22.947,4.289,125.684,0.3462,MQTT,gateway
2025-01-08T23:13:00,41.203,135.686,2.806,0.878,5.2904,LoRaWAN,smart_meter
2025-01-08T15:17:00,541.44,44.092,0.1,177.419,0.2576,HTTPS,camera
2025-01-08T18:26:00,1724.178,44.306,0.1,94.288,0.6644,HTTPS,gateway
2025-01-08T11:47:00,58.143,53.461,1.603,5.901,1.1525,MQTT,env_sensor
2025-01-08T08:53:00,96.294,29.653,4.187,11.963,0.0,MQTT,actuator
2025-01-09T13:54:00,141.741,30.834,6.468,10.275,0.5206,MQTT,actuator
2025-01-09T00:31:00,8.0,86.609,4.009,91.708,0.0813,HTTPS,camera
2025-01-09T06:33:00,37.277,228.921,1.485,0.609,0.6463,LoRaWAN,smart_meter
2025-01-09T02:11:00,41.957,225.964,0.1,0.881,5.6637,LoRaWAN,smart_meter
2025-01-09T12:01:00,725.158,15.532,13.343,66.069,0.8087,CoAP,gateway
2025-01-09T10:56:00,17.829,312.38,1.482,0.195,8.301,LoRaWAN,smart_meter
2025-01-08T07:28:00,1579.767,66.976,3.273,123.454,0.0,HTTPS,camera
2025-01-09T02:50:00,39.297,10.808,5.504,4.023,0.9975,CoAP,env_sensor
2025-01-09T16:04:00,1595.792,57.211,7.104,68.323,0.3567,HTTPS,camera
2025-01-09T01:30:00,36.919,238.61,2.743,0.574,1.8771,LoRaWAN,smart_meter
2025-01-07T23:20:00,650.0,18.16,1.895,98.055,0.9364,HTTPS,gateway
2025-01-08T14:47:00,1402.384,1.0,9.001,94.634,0.5926,HTTPS,gateway
2025-01-09T04:01:00,658.837,33.197,4.652,69.996,0.6942,HTTPS,gateway
2025-01-08T17:26:00,96.408,28.115,2.625,2.741,2.4486,MQTT,env_sensor
2025-01-08T05:45:00,1331.152,69.841,0.1,137.609,1.2644,HTTPS,camera
2025-01-08T16:33:00,868.59,40.922,3.32,254.687,1.709,HTTPS,camera
2025-01-08T06:19:00,58.843,16.27,6.63,3.638,1.48,MQTT,env_sensor
2025-01-08T01:26:00,30.811,268.327,0.1,0.761,3.7538,LoRaWAN,smart_meter
2025-01-08T02:24:00,46.543,24.326,0.1,3.586,0.0,HTTPS,env_sensor
2025-01-08T02:00:00,78.487,13.631,3.724,2.812,0.0,MQTT,env_sensor
2025-01-08T01:48:00,26.141,190.407,3.795,0.235,3.988,LoRaWAN,smart_meter
2025-01-08T17:08:00,76.249,19.953,6.159,9.605,1.3195,MQTT,env_sensor
2025-01-08T23:31:00,1527.487,25.037,0.1,77.86,1.0739,HTTPS,gateway
2025-01-08T06:30:00,514.158,76.178,9.019,102.786,1.0866,CoAP,gateway
2025-01-08T08:31:00,8.0,53.221,0.1,73.898,1.8564,HTTPS,gateway
2025-01-08T12:39:00,572.282,57.979,6.069,137.598,1.1426,CoAP,gateway
2025-01-08T10:24:00,35.66,118.593,0.662,0.992,5.7172,LoRaWAN,smart_meter
2025-01-07T23:13:00,24.844,212.904,1.35,0.708,4.4709,LoRaWAN,smart_meter
2025-01-08T11:20:00,2447.807,39.246,4.191,59.647,0.7061,HTTPS,camera
2025-01-09T01:16:00,150.894,13.487,6.258,2.926,0.0,MQTT,actuator
2025-01-08T02:08:00,57.738,15.505,4.79,2.667,0.0,MQTT,env_sensor
2025-01-08T18:33:00,162.106,14.97,8.306,19.866,1.2682,CoAP,actuator
2025-01-08T03:05:00,1004.663,58.635,8.114,37.576,1.2536,CoAP,gateway
2025-01-09T09:29:00,2183.876,63.225,3.972,60.991,0.0191,HTTPS,camera
2025-01-08T00:23:00,88.786,21.508,8.224,7.489,0.7571,CoAP,actuator
2025-01-08T08:16:00,66.399,23.067,6.061,4.621,0.0916,MQTT,env_sensor
2025-01-07T23:16:00,1075.83,8.136,6.34,46.261,1.7754,MQTT,gateway
2025-01-08T18:51:00,1405.238,94.418,4.155,122.746,0.5828,HTTPS,camera
2025-01-08T02:32:00,86.349,35.494,0.714,6.206,1.0672,MQTT,env_sensor
2025-01-08T09:55:00,827.234,36.941,10.145,138.118,0.8685,HTTPS,camera
2025-01-09T12:22:00,71.604,22.974,5.792,0.05,0.2286,MQTT,env_sensor
2025-01-09T11:03:00,2599.675,111.768,4.532,116.746,1.2595,HTTPS,camera
2025-01-09T06:42:00,30.039,130.608,2.246,0.246,5.6527,LoRaWAN,smart_meter
2025-01-08T04:32:00,88.726,19.459,4.193,1.587,0.9631,MQTT,env_sensor
2025-01-09T14:03:00,17.325,174.967,1.842,0.511,4.5008,LoRaWAN,smart_meter
2025-01-09T07:18:00,143.174,18.791,11.167,17.896,0.8994,MQTT,actuator
2025-01-08T14:02:00,1876.584,89.393,2.482,184.093,1.1151,HTTPS,camera
2025-01-09T12:01:00,100.341,21.192,4.126,4.459,0.2045,MQTT,env_sensor
2025-01-09T08:31:00,21.226,34.42,2.258,4.658,0.9421,HTTPS,env_sensor
2025-01-09T11:19:00,49.603,22.358,3.521,3.837,0.4816,MQTT,env_sensor
2025-01-09T12:13:00,1104.922,26.248,2.529,90.552,0.0,HTTPS,gateway
2025-01-07T22:51:00,25.026,141.47,3.085,0.121,5.4478,LoRaWAN,smart_meter
2025-01-09T13:19:00,17.01,234.273,2.319,0.423,2.5295,LoRaWAN,smart_meter
2025-01-08T00:57:00,1705.274,51.32,7.483,23.503,0.8859,HTTPS,gateway
2025-01-09T02:42:00,16.232,133.691,0.376,0.05,2.93,LoRaWAN,smart_meter
2025-01-09T00:52:00,106.837,9.731,1.12,2.453,1.2203,MQTT,env_sensor
2025-01-08T13:20:00,1429.952,33.298,14.827,32.573,0.3168,HTTPS,gateway
2025-01-08T08:16:00,33.477,206.018,4.221,0.615,4.0658,LoRaWAN,smart_meter
2025-01-08T02:01:00,178.846,24.162,4.081,6.735,0.8512,MQTT,actuator
2025-01-08T02:11:00,1348.442,58.92,14.502,95.141,0.8843,HTTPS,gateway
2025-01-08T02:36:00,3011.02,27.556,0.1,89.449,0.2805,HTTPS,camera
2025-01-08T19:15:00,15.445,196.281,2.599,0.408,3.7682,LoRaWAN,smart_meter
2025-01-08T04:14:00,120.883,25.672,4.121,14.342,0.7376,MQTT,actuator
2025-01-09T07:55:00,67.6,29.954,3.349,5.028,0.0,MQTT,env_sensor
2025-01-08T16:57:00,130.097,23.158,6.52,4.995,1.7193,MQTT,actuator
2025-01-08T11:29:00,23.875,227.703,3.688,0.281,4.489,LoRaWAN,smart_meter
2025-01-08T14:22:00,1353.404,34.584,7.436,151.528,2.2897,HTTPS,gateway
2025-01-09T05:15:00,24.337,213.152,1.236,0.406,6.2058,LoRaWAN,smart_meter
2025-01-08T14:45:00,62.157,14.422,6.438,8.23,0.2683,MQTT,env_sensor
2025-01-08T01:54:00,1753.817,49.979,2.201,160.66,0.0,HTTPS,camera
2025-01-08T11:59:00,120.669,27.349,4.407,8.881,0.9117,MQTT,actuator
2025-01-08T05:41:00,67.106,48.254,5.386,4.928,0.0,MQTT,env_sensor
2025-01-08T16:03:00,81.242,40.308,0.772,7.629,1.4942,MQTT,env_sensor
2025-01-09T15:07:00,167.163,33.166,10.572,14.088,0.8129,MQTT,actuator
2025-01-09T16:15:00,98.603,27.467,1.544,2.63,1.0704,MQTT,env_sensor
2025-01-08T08:14:00,83.31,34.483,2.732,8.695,2.6015,MQTT,env_sensor
2025-01-09T12:44:00,1293.443,24.959,7.288,79.302,2.2173,HTTPS,gateway
2025-01-09T00:59:00,1707.815,51.752,11.965,102.716,1.2578,HTTPS,gateway
2025-01-09T06:46:00,108.92,12.67,6.434,5.282,1.1322,MQTT,actuator
2025-01-08T04:58:00,1986.806,9.023,1.692,167.759,1.2415,HTTPS,camera
2025-01-08T13:12:00,535.013,11.411,4.617,126.153,0.0,HTTPS,gateway
2025-01-09T01:17:00,1045.974,56.6,6.072,101.474,0.1253,HTTPS,camera
2025-01-08T19:10:00,45.452,159.736,2.685,0.427,0.0717,LoRaWAN,smart_meter
2025-01-09T03:35:00,1030.682,75.296,2.765,102.763,0.8375,HTTPS,camera
2025-01-09T04:36:00,1365.233,70.939,5.402,211.264,1.1482,HTTPS,camera
2025-01-08T06:11:00,138.912,25.341,9.739,0.349,1.5535,MQTT,actuator
2025-01-08T23:38:00,30.192,170.038,1.494,0.613,4.5133,LoRaWAN,smart_meter
2025-01-08T21:13:00,1756.305,75.2,3.996,150.176,0.6433,HTTPS,camera
2025-01-08T04:39:00,67.774,19.132,7.901,8.318,0.4241,MQTT,actuator
2025-01-08T01:11:00,1684.044,61.082,9.301,110.63,0.394,HTTPS,camera
2025-01-08T04:47:00,103.419,21.099,0.147,5.832,2.5879,MQTT,env_sensor
2025-01-09T12:30:00,120.232,23.817,2.47,6.384,0.5945,MQTT,env_sensor
2025-01-09T06:55:00,88.857,19.724,7.566,7.956,1.7018,MQTT,env_sensor
2025-01-09T10:51:00,977.26,33.275,1.461,160.06,0.5047,HTTPS,camera
2025-01-09T05:31:00,61.825,22.088,7.344,4.434,0.0,CoAP,env_sensor
2025-01-09T05:32:00,906.946,42.978,0.1,66.898,1.0023,MQTT,gateway
2025-01-07T22:55:00,8.0,67.703,4.592,7.204,3.3097,MQTT,gateway
2025-01-08T05:50:00,127.108,21.263,7.097,8.595,1.0256,MQTT,actuator
2025-01-09T15:28:00,81.806,23.03,1.424,5.214,0.0,MQTT,env_sensor
2025-01-09T09:15:00,104.18,29.85,0.29,6.553,0.0,MQTT,env_sensor
2025-01-09T08:55:00,72.126,12.258,4.352,0.05,2.1737,MQTT,env_sensor
2025-01-09T00:03:00,72.715,16.359,4.812,0.689,0.0,MQTT,env_sensor
2025-01-09T03:43:00,35.468,129.51,2.664,0.422,4.6753,LoRaWAN,smart_meter
2025-01-08T14:29:00,27.012,214.697,1.166,0.097,4.0032,LoRaWAN,smart_meter
2025-01-09T08:53:00,95.243,5.457,2.303,7.027,0.0,MQTT,actuator
2025-01-09T13:53:00,133.882,28.745,0.966,6.665,0.0,MQTT,actuator
2025-01-09T01:53:00,70.133,30.416,5.681,9.613,1.1539,MQTT,actuator
2025-01-08T01:49:00,24.948,21.727,0.489,0.05,1.38,MQTT,env_sensor
2025-01-08T23:42:00,32.867,233.802,1.412,0.778,0.0,LoRaWAN,smart_meter
2025-01-08T13:02:00,8.0,54.795,0.1,0.05,0.7219,HTTPS,gateway
2025-01-08T00:12:00,1078.195,46.973,7.288,32.692,1.3023,CoAP,gateway
2025-01-08T02:12:00,156.68,8.959,5.271,3.963,1.2827,MQTT,actuator
2025-01-08T07:39:00,60.119,12.086,1.392,1.799,0.0794,MQTT,env_sensor
2025-01-08T04:58:00,911.739,53.442,20.26,0.05,1.7134,CoAP,gateway
2025-01-08T22:03:00,25.208,176.525,4.355,0.645,1.0482,LoRaWAN,smart_meter
2025-01-08T05:35:00,947.791,21.568,7.015,17.593,3.3282,CoAP,gateway
2025-01-08T18:36:00,856.891,65.326,6.181,106.909,0.6885,HTTPS,camera
2025-01-08T15:18:00,125.907,36.398,2.829,4.079,1.2577,MQTT,actuator
2025-01-08T21:07:00,829.732,56.243,7.901,95.249,0.0,HTTPS,gateway
2025-01-08T12:49:00,63.425,1.0,2.204,0.05,1.697,MQTT,env_sensor
2025-01-08T07:36:00,1022.968,49.69,9.668,55.033,0.856,HTTPS,gateway
2025-01-09T10:18:00,8.0,35.957,3.427,1.246,1.9462,MQTT,env_sensor
2025-01-08T18:18:00,1108.867,60.299,10.782,203.595,0.9824,HTTPS,camera
2025-01-09T12:31:00,1147.58,47.48,4.87,6.725,2.2301,HTTPS,gateway
2025-01-09T10:21:00,30.115,118.28,4.92,0.093,2.7942,LoRaWAN,smart_meter
2025-01-08T14:51:00,47.017,9.288,6.014,10.725,1.9386,MQTT,actuator
2025-01-08T20:11:00,1942.976,82.432,6.001,130.62,1.1296,HTTPS,camera
2025-01-08T08:21:00,3113.482,98.551,6.228,166.359,0.6849,HTTPS,camera
2025-01-07T23:08:00,75.122,31.983,2.176,5.005,1.633,MQTT,env_sensor
2025-01-08T19:36:00,77.89,44.759,3.054,3.263,1.0157,MQTT,env_sensor
2025-01-09T01:56:00,166.417,12.158,5.861,6.001,0.8407,MQTT,actuator
2025-01-08T03:44:00,1011.738,78.207,5.62,69.95,0.8709,HTTPS,gateway
2025-01-08T07:37:00,704.027,68.404,0.793,13.014,0.4521,HTTPS,camera
2025-01-08T07:00:00,725.222,30.854,13.509,32.312,0.8077,HTTPS,gateway
2025-01-08T17:35:00,23.106,174.961,1.199,0.499,1.2317,LoRaWAN,smart_meter
2025-01-08T12:44:00,34.944,288.701,2.771,0.395,5.1955,LoRaWAN,smart_meter
2025-01-08T05:34:00,61.994,31.572,0.1,4.711,2.1597,MQTT,env_sensor
2025-01-08T00:45:00,50.676,181.505,2.548,0.05,1.4142,MQTT,smart_meter
2025-01-08T05:10:00,1032.542,68.593,2.688,131.541,0.2357,HTTPS,camera
2025-01-08T08:06:00,52.23,29.735,2.926,6.214,0.9456,MQTT,env_sensor
2025-01-08T03:40:00,56.966,32.075,4.969,9.349,1.7355,MQTT,env_sensor
2025-01-08T18:09:00,155.53,1.44,9.139,10.446,1.337,MQTT,actuator
2025-01-08T12:29:00,74.056,13.106,1.922,10.725,0.9229,MQTT,actuator
2025-01-09T14:28:00,93.335,31.408,0.297,4.369,3.4124,MQTT,env_sensor
2025-01-08T14:22:00,58.5,22.063,0.1,4.747,0.8756,MQTT,env_sensor
2025-01-09T10:26:00,941.28,47.426,9.409,29.864,1.8939,CoAP,gateway
2025-01-08T20:28:00,1464.86,66.972,2.515,106.073,0.0,HTTPS,camera
2025-01-09T13:13:00,819.896,50.96,3.841,31.179,0.9236,HTTPS,camera
2025-01-08T06:52:00,907.789,47.014,1.555,55.723,0.5936,HTTPS,gateway
2025-01-08T11:46:00,1345.019,95.793,3.719,107.017,1.1616,HTTPS,camera
2025-01-09T04:42:00,37.982,256.811,0.1,0.451,6.2774,LoRaWAN,smart_meter
2025-01-08T09:33:00,55.496,12.387,5.659,0.05,2.7504,MQTT,env_sensor
2025-01-08T09:07:00,53.382,33.172,5.047,6.637,0.0,MQTT,env_sensor
2025-01-08T00:12:00,106.539,19.07,7.235,3.882,0.6089,MQTT,actuator
2025-01-09T12:38:00,91.768,15.769,0.1,14.553,0.2835,MQTT,actuator
2025-01-08T04:25:00,28.758,31.604,6.906,5.392,2.0832,MQTT,env_sensor
2025-01-08T05:48:00,424.131,41.37,1.52,8.78,1.5228,CoAP,gateway
2025-01-08T13:04:00,39.615,37.894,1.54,5.987,2.2266,MQTT,env_sensor
2025-01-09T08:17:00,28.638,114.541,1.591,0.309,2.237,LoRaWAN,smart_meter
2025-01-08T19:11:00,1600.488,34.627,11.425,50.91,1.4538,HTTPS,gateway
2025-01-08T21:26:00,93.303,16.912,5.403,5.356,0.3673,MQTT,actuator
2025-01-09T15:03:00,553.655,39.924,1.248,106.876,0.9961,HTTPS,gateway
2025-01-09T09:55:00,33.02,180.031,2.781,0.554,2.1075,MQTT,smart_meter
2025-01-09T15:40:00,1020.941,57.004,1.558,0.05,0.9483,HTTPS,camera
2025-01-08T17:27:00,29.18,152.575,1.427,0.839,3.1472,LoRaWAN,smart_meter
2025-01-09T16:07:00,368.405,39.432,10.441,60.027,0.4176,HTTPS,gateway
2025-01-09T15:12:00,91.275,27.466,1.503,1.558,0.0167,MQTT,env_sensor
2025-01-07T22:43:00,38.397,166.924,0.636,0.123,1.7478,LoRaWAN,smart_meter
2025-01-09T05:51:00,926.294,70.346,3.365,146.306,0.3268,HTTPS,camera
2025-01-08T16:09:00,123.947,21.082,6.074,0.05,0.184,MQTT,actuator
2025-01-09T13:02:00,68.792,1.0,5.609,7.001,3.1284,MQTT,env_sensor
2025-01-09T07:54:00,1055.123,46.583,7.336,56.904,0.0,HTTPS,gateway
2025-01-08T21:35:00,22.735,10.315,2.659,5.061,0.483,MQTT,env_sensor
2025-01-08T18:23:00,65.358,34.152,0.1,5.448,1.2165,MQTT,env_sensor
2025-01-09T10:43:00,105.859,17.889,0.221,2.229,0.639,MQTT,actuator
2025-01-09T00:27:00,172.792,19.513,6.106,2.161,1.2243,CoAP,actuator
2025-01-08T04:18:00,255.444,33.593,12.862,0.05,1.8231,MQTT,gateway
2025-01-08T15:42:00,27.107,18.943,2.848,12.697,1.5385,MQTT,actuator
2025-01-08T04:32:00,28.034,281.289,2.207,0.16,1.5383,LoRaWAN,smart_meter
2025-01-08T01:39:00,12.068,180.121,0.97,0.05,2.6931,LoRaWAN,smart_meter
2025-01-08T11:32:00,1671.812,54.586,16.961,3.304,0.0,HTTPS,gateway
2025-01-08T06:50:00,2384.48,50.415,3.586,135.194,0.1982,HTTPS,camera
2025-01-08T01:52:00,761.6,88.523,7.223,145.838,0.1975,HTTPS,camera
2025-01-09T09:17:00,67.682,31.697,6.521,12.213,2.3573,CoAP,actuator
2025-01-09T05:24:00,725.47,45.055,11.216,34.03,1.8682,CoAP,gateway
2025-01-08T00:15:00,76.6,20.881,6.345,2.581,0.0,MQTT,env_sensor
2025-01-08T04:45:00,29.923,9.154,3.694,0.05,1.747,MQTT,env_sensor
2025-01-08T09:58:00,2780.396,101.794,5.248,91.386,0.4546,HTTPS,camera
2025-01-09T05:40:00,16.444,59.543,1.733,0.747,2.3148,MQTT,smart_meter
2025-01-09T12:29:00,1913.859,66.941,4.833,232.151,0.8569,HTTPS,camera
2025-01-08T13:40:00,2257.164,39.662,3.266,166.821,0.0,HTTPS,camera
2025-01-08T05:49:00,91.837,25.869,9.093,12.999,0.9654,MQTT,actuator
2025-01-07T23:05:00,145.047,30.963,2.077,9.11,0.0,MQTT,actuator
2025-01-09T11:49:00,1926.727,49.975,9.834,82.421,0.2041,HTTPS,camera
2025-01-09T16:17:00,35.964,67.901,3.153,0.848,3.0446,MQTT,smart_meter
2025-01-09T07:52:00,23.727,183.486,2.974,0.28,6.4852,LoRaWAN,smart_meter
2025-01-09T15:38:00,1042.839,63.881,18.261,0.05,1.6064,MQTT,gateway
2025-01-08T12:06:00,74.793,17.081,7.765,4.401,0.4092,MQTT,actuator
2025-01-09T15:01:00,36.804,198.585,4.182,0.811,6.2074,LoRaWAN,smart_meter
2025-01-08T06:55:00,2010.439,15.384,8.358,149.123,1.0276,HTTPS,camera
2025-01-09T14:50:00,743.726,43.192,8.911,230.974,0.0,HTTPS,camera
2025-01-08T00:20:00,976.105,79.185,3.455,59.544,0.2816,HTTPS,camera
2025-01-08T04:42:00,18.179,150.099,2.946,0.445,3.6045,LoRaWAN,smart_meter
2025-01-08T12:01:00,38.918,173.644,2.607,0.434,4.917,LoRaWAN,smart_meter
2025-01-09T15:27:00,59.387,20.515,1.582,2.13,1.3476,MQTT,env_sensor
2025-01-08T23:27:00,97.677,36.697,0.1,9.284,0.0,MQTT,env_sensor
2025-01-08T03:41:00,19.555,35.952,3.448,6.586,1.3871,MQTT,env_sensor
2025-01-09T12:37:00,1431.83,27.085,8.908,52.785,1.5815,HTTPS,gateway
2025-01-08T23:40:00,1089.18,69.98,5.94,22.425,0.2889,HTTPS,gateway
2025-01-09T10:33:00,125.526,11.681,7.241,9.585,0.1047,MQTT,actuator
2025-01-08T11:08:00,24.345,28.202,2.709,5.026,0.0,MQTT,env_sensor
2025-01-07T23:47:00,1216.195,26.573,2.361,99.61,0.0051,HTTPS,gateway
2025-01-08T12:19:00,104.087,24.413,1.157,16.199,0.3517,MQTT,actuator
2025-01-08T11:44:00,76.522,14.551,4.704,2.937,1.6067,MQTT,env_sensor
2025-01-09T02:35:00,26.558,107.545,1.751,0.513,4.5732,LoRaWAN,smart_meter
2025-01-09T11:53:00,72.473,15.772,1.643,8.299,0.7973,MQTT,env_sensor
2025-01-08T00:57:00,33.776,258.01,2.927,0.47,4.0002,LoRaWAN,smart_meter
2025-01-09T07:53:00,135.285,22.07,7.535,4.939,0.5235,CoAP,actuator
2025-01-09T07:58:00,28.493,92.335,2.438,0.611,3.2079,MQTT,smart_meter
2025-01-09T02:04:00,2338.945,15.005,1.541,62.784,0.2793,HTTPS,camera
2025-01-08T06:27:00,117.295,26.303,6.054,3.766,1.3845,MQTT,actuator
2025-01-08T15:42:00,46.777,9.954,3.102,2.796,0.8269,MQTT,env_sensor
2025-01-09T01:12:00,37.071,163.785,1.13,0.408,3.0866,LoRaWAN,smart_meter
2025-01-08T03:23:00,1556.078,82.684,0.295,118.493,0.4414,HTTPS,camera
2025-01-08T00:42:00,1269.678,62.827,3.056,100.899,0.0509,HTTPS,gateway
2025-01-08T15:35:00,951.644,33.365,11.494,122.034,1.4365,CoAP,gateway
2025-01-09T09:09:00,30.48,263.448,2.147,0.413,2.0047,MQTT,smart_meter
2025-01-09T12:55:00,1684.099,24.236,4.683,1.195,1.0324,MQTT,gateway
2025-01-08T20:04:00,1075.287,57.845,16.561,0.05,1.0567,CoAP,gateway
2025-01-09T15:55:00,1792.711,43.69,1.058,177.119,0.8851,HTTPS,camera
2025-01-09T12:14:00,25.344,165.285,1.491,0.441,1.5236,LoRaWAN,smart_meter
2025-01-08T07:53:00,1558.32,55.49,4.85,179.502,1.523,HTTPS,camera
2025-01-09T12:32:00,34.522,132.726,2.195,0.088,3.8765,LoRaWAN,smart_meter
2025-01-07T22:49:00,81.249,17.554,9.299,8.006,0.0,MQTT,actuator
2025-01-08T13:14:00,80.021,17.483,6.872,5.31,1.7736,MQTT,actuator
2025-01-08T02:14:00,33.945,221.697,4.912,0.221,3.8163,LoRaWAN,smart_meter
2025-01-08T12:55:00,773.417,40.145,2.137,98.39,0.2187,HTTPS,camera
2025-01-08T08:58:00,2120.819,50.44,12.037,56.522,0.0,HTTPS,gateway
2025-01-08T09:58:00,548.236,22.749,11.505,107.603,1.2279,CoAP,gateway
2025-01-08T02:08:00,788.035,45.743,5.058,149.098,0.3438,HTTPS,camera
2025-01-08T04:21:00,2493.75,92.642,0.835,120.149,0.0915,HTTPS,camera
2025-01-08T13:05:00,34.471,213.925,1.506,0.31,0.3014,LoRaWAN,smart_meter
2025-01-08T16:47:00,1225.085,44.105,1.489,23.789,0.3192,HTTPS,gateway
2025-01-09T13:50:00,31.723,145.652,0.1,1.089,1.6231,MQTT,smart_meter
2025-01-09T09:11:00,930.979,47.796,5.226,149.52,0.467,HTTPS,camera
2025-01-08T22:45:00,104.139,33.351,5.884,1.735,1.9647,MQTT,env_sensor
2025-01-08T20:12:00,116.891,16.065,4.17,4.133,1.8495,MQTT,actuator
2025-01-08T10:34:00,1903.549,43.567,7.618,165.258,0.4405,HTTPS,camera
2025-01-08T12:52:00,1324.104,52.931,3.087,180.658,0.0,HTTPS,camera
2025-01-08T19:00:00,94.747,22.347,1.875,0.05,0.4345,MQTT,actuator
2025-01-08T09:38:00,116.099,17.262,5.586,13.527,0.8667,MQTT,actuator
2025-01-08T13:42:00,74.561,24.346,1.38,4.96,0.6576,MQTT,env_sensor
2025-01-09T13:40:00,23.749,197.761,4.413,0.746,3.319,LoRaWAN,smart_meter
2025-01-08T12:21:00,33.142,244.925,3.043,0.169,2.0679,LoRaWAN,smart_meter
2025-01-08T22:52:00,57.409,33.53,2.27,0.48,2.4716,MQTT,env_sensor
2025-01-08T15:34:00,72.605,41.232,5.095,4.726,0.6967,CoAP,env_sensor
2025-01-08T05:07:00,78.979,34.276,1.4,4.311,0.9109,MQTT,actuator
2025-01-09T09:17:00,2035.5,45.316,10.238,155.201,1.0632,HTTPS,camera
2025-01-08T18:19:00,27.907,217.109,2.961,0.513,4.0613,LoRaWAN,smart_meter
2025-01-08T11:58:00,494.872,104.391,2.321,100.86,0.2483,HTTPS,gateway
2025-01-08T19:26:00,77.474,24.085,4.895,8.691,1.627,MQTT,env_sensor
2025-01-08T00:45:00,83.286,25.632,6.717,9.885,0.0,CoAP,actuator
2025-01-09T07:32:00,1294.74,37.646,8.255,39.587,0.9726,HTTPS,gateway
2025-01-09T09:35:00,2202.65,47.947,4.262,123.664,1.3052,HTTPS,camera
2025-01-09T07:09:00,23.31,207.411,1.435,0.551,5.0092,LoRaWAN,smart_meter
2025-01-09T06:22:00,138.876,21.751,7.248,16.133,0.7788,CoAP,actuator
2025-01-08T12:24:00,32.125,171.834,0.747,0.603,0.0,LoRaWAN,smart_meter
2025-01-08T23:16:00,25.644,286.595,2.119,0.05,1.3751,LoRaWAN,smart_meter
2025-01-08T20:09:00,37.431,7.915,3.771,9.975,0.7293,MQTT,env_sensor
2025-01-09T05:43:00,384.057,74.125,9.799,35.481,1.2752,CoAP,gateway
2025-01-08T13:50:00,32.329,230.297,1.743,0.05,5.5231,LoRaWAN,smart_meter
2025-01-09T13:50:00,72.96,50.767,3.755,0.641,1.2114,MQTT,env_sensor
2025-01-08T04:50:00,1121.501,55.172,12.401,124.272,1.1266,HTTPS,gateway
2025-01-08T14:33:00,1797.208,93.73,1.945,176.513,0.2918,HTTPS,camera
2025-01-07T23:48:00,40.091,173.898,0.1,0.179,3.0525,LoRaWAN,smart_meter
2025-01-09T03:15:00,1204.79,31.989,12.941,115.93,1.0042,HTTPS,gateway
2025-01-08T16:59:00,73.726,1.0,0.1,0.475,0.2272,MQTT,env_sensor
2025-01-08T05:55:00,45.846,10.8,1.985,0.369,1.7394,MQTT,actuator
2025-01-08T02:44:00,88.24,11.717,7.408,7.342,0.7118,MQTT,actuator
2025-01-08T07:59:00,1452.285,84.265,6.884,185.437,1.719,HTTPS,camera
2025-01-09T10:55:00,43.294,148.886,1.699,0.737,0.0,LoRaWAN,smart_meter
2025-01-09T12:03:00,1111.841,49.09,7.1,8.127,0.0,HTTPS,camera
2025-01-08T02:31:00,30.95,24.357,4.572,7.95,1.01,MQTT,env_sensor
2025-01-08T11:59:00,16.066,147.56,1.791,0.05,2.2255,LoRaWAN,smart_meter
2025-01-08T21:04:00,29.169,229.705,2.583,0.431,5.4526,LoRaWAN,smart_meter
2025-01-08T20:37:00,1403.638,48.381,9.049,75.66,1.4864,CoAP,gateway
2025-01-08T02:06:00,986.202,12.905,4.181,210.644,0.4023,HTTPS,camera
2025-01-09T02:42:00,65.495,21.458,6.366,5.941,1.1464,MQTT,actuator
2025-01-09T16:05:00,50.504,41.234,3.968,5.617,0.3925,MQTT,env_sensor
2025-01-09T04:58:00,12.008,29.193,6.936,3.358,1.1886,MQTT,env_sensor
2025-01-08T15:34:00,26.029,165.795,3.82,0.448,1.7243,LoRaWAN,smart_meter
2025-01-08T02:04:00,765.966,29.229,9.365,48.651,0.0,CoAP,gateway
2025-01-08T14:47:00,109.391,36.425,2.624,1.001,1.3702,MQTT,env_sensor
2025-01-08T13:18:00,802.558,24.522,8.501,37.26,1.3297,CoAP,gateway
2025-01-08T06:52:00,8.9,49.259,1.884,0.473,2.7014,MQTT,smart_meter
2025-01-08T19:14:00,1453.047,42.205,8.921,91.196,1.4208,HTTPS,gateway
2025-01-08T10:33:00,34.006,124.039,2.065,0.1,3.0462,LoRaWAN,smart_meter
2025-01-09T11:43:00,93.1,22.879,6.041,0.664,1.2432,MQTT,actuator
2025-01-08T14:40:00,160.12,20.953,9.891,4.883,1.6626,MQTT,actuator
2025-01-09T07:38:00,1279.413,44.888,9.442,92.313,0.0599,HTTPS,camera
2025-01-08T17:56:00,58.81,47.451,2.156,0.05,1.6754,MQTT,env_sensor
2025-01-08T19:01:00,67.376,16.012,2.087,5.539,0.7862,MQTT,env_sensor
2025-01-08T20:00:00,142.837,22.564,9.222,15.146,0.8787,CoAP,actuator
2025-01-08T02:59:00,43.951,15.633,3.644,6.778,1.2243,MQTT,actuator
2025-01-09T09:37:00,26.715,268.624,4.783,0.667,2.8874,LoRaWAN,smart_meter
2025-01-07T23:45:00,1143.814,28.551,8.057,109.602,2.1306,HTTPS,gateway
2025-01-09T03:26:00,451.739,18.238,9.782,37.259,2.0222,CoAP,gateway
2025-01-08T17:34:00,18.861,172.16,0.206,0.736,2.6385,LoRaWAN,smart_meter
2025-01-09T08:11:00,109.134,16.997,9.211,1.3,0.3968,MQTT,env_sensor
2025-01-08T17:31:00,773.639,35.769,5.058,92.359,0.9944,HTTPS,camera
2025-01-08T22:14:00,84.343,23.252,2.743,4.433,0.0,MQTT,env_sensor
2025-01-09T04:21:00,2066.339,31.115,9.21,94.757,0.0,HTTPS,gateway
2025-01-09T06:16:00,90.233,9.778,3.677,8.346,1.1013,MQTT,actuator
2025-01-08T08:44:00,94.043,17.052,3.629,9.112,0.0,MQTT,env_sensor
2025-01-09T04:17:00,48.382,12.192,0.1,7.483,1.4413,MQTT,env_sensor
2025-01-09T05:38:00,31.92,214.171,3.666,0.578,5.3983,LoRaWAN,smart_meter
2025-01-08T11:08:00,17.277,161.787,1.912,0.148,2.0525,LoRaWAN,smart_meter
2025-01-08T07:29:00,30.808,108.037,0.363,0.518,0.282,LoRaWAN,smart_meter
2025-01-08T03:46:00,1089.367,82.303,3.687,9.534,0.0382,HTTPS,camera
2025-01-08T11:10:00,1111.85,26.76,0.1,81.078,0.4129,HTTPS,gateway
2025-01-08T06:53:00,84.595,32.663,0.618,2.268,1.1212,MQTT,env_sensor
2025-01-08T15:09:00,36.449,228.148,1.85,0.287,3.4575,LoRaWAN,smart_meter
2025-01-09T05:12:00,703.079,61.482,5.689,124.841,0.0861,HTTPS,camera
2025-01-09T02:40:00,145.649,23.112,6.498,4.186,1.3262,MQTT,actuator
2025-01-08T05:40:00,1666.12,74.862,5.609,121.058,1.0699,HTTPS,camera
2025-01-08T06:23:00,1347.342,31.381,0.141,0.05,0.8443,HTTPS,gateway
2025-01-08T04:54:00,1344.867,72.035,8.379,76.223,0.0384,HTTPS,gateway
2025-01-08T07:02:00,40.155,280.509,1.936,0.089,3.4912,LoRaWAN,smart_meter
2025-01-09T13:16:00,98.36,22.465,5.877,4.174,0.0,MQTT,actuator
2025-01-08T21:44:00,1298.817,59.378,0.139,136.441,1.1027,HTTPS,camera
2025-01-09T01:23:00,28.709,176.875,1.702,0.175,2.3593,LoRaWAN,smart_meter
2025-01-08T08:18:00,59.633,33.448,4.753,8.273,2.1674,MQTT,env_sensor
2025-01-09T13:17:00,131.646,17.993,7.195,7.657,1.1729,MQTT,actuator
2025-01-09T03:46:00,26.034,177.224,1.369,0.733,2.2338,LoRaWAN,smart_meter
2025-01-08T21:37:00,911.402,77.7,3.683,154.0,0.9384,HTTPS,camera
2025-01-08T17:14:00,907.569,51.249,3.872,192.413,0.6956,HTTPS,camera
2025-01-08T19:47:00,1871.499,90.452,4.022,160.689,0.8763,HTTPS,camera
2025-01-08T22:35:00,66.843,30.314,6.986,1.223,0.6171,CoAP,env_sensor
2025-01-09T08:34:00,28.124,314.501,1.946,0.345,2.2883,LoRaWAN,smart_meter
2025-01-08T08:34:00,97.044,19.462,11.517,8.084,1.6259,MQTT,actuator
2025-01-09T02:20:00,27.979,184.236,0.171,0.685,3.0208,LoRaWAN,smart_meter
2025-01-08T09:52:00,33.112,241.226,5.205,0.779,0.0,LoRaWAN,smart_meter
2025-01-08T07:48:00,30.934,32.586,1.724,5.254,1.0956,MQTT,env_sensor
2025-01-08T22:28:00,18.877,80.974,1.623,0.529,1.8184,MQTT,smart_meter
2025-01-08T13:24:00,8.0,274.139,0.52,0.05,1.8859,LoRaWAN,smart_meter
2025-01-08T13:55:00,1919.457,111.166,9.156,86.803,0.0,HTTPS,gateway
2025-01-09T10:02:00,853.366,1.0,5.469,159.347,1.8943,CoAP,gateway
2025-01-09T04:22:00,99.115,22.707,3.02,2.734,1.2627,MQTT,actuator
2025-01-09T07:13:00,79.945,24.278,2.649,2.103,0.802,MQTT,env_sensor
2025-01-08T21:27:00,129.438,14.064,9.388,6.609,1.1365,CoAP,actuator
2025-01-08T10:50:00,38.4,20.557,2.565,3.308,0.7329,MQTT,env_sensor
2025-01-08T14:18:00,1926.517,83.748,2.018,126.602,0.7695,HTTPS,camera
2025-01-09T06:21:00,70.334,3.637,11.331,19.027,0.9283,CoAP,actuator
2025-01-08T16:05:00,18.091,136.434,0.727,0.276,3.1932,LoRaWAN,smart_meter
2025-01-08T00:52:00,1402.363,59.188,2.42,137.232,0.8967,HTTPS,camera
2025-01-08T16:32:00,1079.195,88.206,3.101,191.717,0.0899,HTTPS,camera
2025-01-08T16:38:00,2436.897,62.337,13.606,55.528,1.7349,HTTPS,gateway
2025-01-09T08:32:00,34.495,110.553,1.026,0.397,3.0997,LoRaWAN,smart_meter
2025-01-08T09:26:00,21.515,166.887,2.637,0.5,2.678,LoRaWAN,smart_meter
2025-01-08T06:42:00,33.951,202.224,0.1,0.404,1.4101,LoRaWAN,smart_meter
2025-01-08T07:39:00,34.227,178.369,1.895,0.487,1.6169,LoRaWAN,smart_meter
2025-01-08T08:31:00,68.193,2.177,6.041,3.45,2.7622,CoAP,env_sensor
2025-01-08T15:46:00,133.001,26.882,9.174,7.215,1.318,MQTT,actuator
2025-01-08T18:45:00,94.554,20.244,10.579,9.181,0.7189,MQTT,actuator
2025-01-08T19:46:00,499.847,81.77,5.352,48.526,2.1459,CoAP,gateway
2025-01-09T13:56:00,57.902,44.128,1.024,3.05,1.7435,MQTT,env_sensor
2025-01-08T14:57:00,2625.874,65.547,2.962,157.477,1.2486,HTTPS,camera
2025-01-08T19:49:00,352.043,95.295,6.636,44.095,1.1174,CoAP,camera
2025-01-09T06:27:00,17.216,192.53,2.247,0.751,2.93,LoRaWAN,smart_meter
2025-01-08T04:47:00,1216.303,68.813,10.609,69.055,0.8293,HTTPS,gateway
2025-01-09T00:08:00,30.302,193.311,0.83,0.05,5.9954,LoRaWAN,smart_meter
2025-01-08T23:29:00,982.481,78.394,16.262,81.828,0.3683,HTTPS,gateway
2025-01-08T14:36:00,861.855,1.0,0.89,127.073,1.1022,HTTPS,camera
2025-01-07T23:12:00,47.412,48.26,0.1,0.05,1.7705,MQTT,env_sensor
2025-01-08T17:52:00,21.784,211.9,2.171,0.32,2.5716,LoRaWAN,smart_meter
2025-01-09T14:36:00,90.073,17.095,3.699,0.856,2.6028,MQTT,env_sensor
2025-01-09T05:30:00,112.322,12.724,3.417,11.083,0.1971,MQTT,actuator
2025-01-09T06:29:00,1309.903,32.913,2.104,208.426,0.1477,HTTPS,camera
2025-01-09T11:41:00,919.076,63.558,2.208,124.398,0.9754,HTTPS,camera
2025-01-08T18:50:00,2189.608,77.147,1.256,150.281,0.9167,HTTPS,camera
2025-01-08T10:38:00,110.99,22.594,8.486,2.958,2.2377,MQTT,env_sensor
2025-01-08T19:38:00,2837.386,50.002,1.285,123.411,0.0329,HTTPS,camera
2025-01-08T07:24:00,122.945,7.502,0.851,3.55,0.9349,MQTT,env_sensor
2025-01-09T02:13:00,55.525,30.025,1.917,1.839,0.2598,MQTT,env_sensor
2025-01-09T02:30:00,836.998,49.502,3.052,68.085,1.2515,HTTPS,gateway
2025-01-09T13:26:00,870.251,51.219,7.288,14.547,0.7087,CoAP,camera
2025-01-09T16:14:00,629.95,23.343,21.031,129.923,1.6857,CoAP,gateway
2025-01-08T22:38:00,307.325,46.354,12.022,33.887,1.4009,CoAP,gateway
2025-01-08T10:32:00,82.932,10.546,5.537,13.351,1.1767,MQTT,actuator
2025-01-08T19:09:00,1144.388,104.47,8.136,9.838,0.0,CoAP,gateway
2025-01-09T16:02:00,1524.833,67.626,5.321,64.494,0.8613,HTTPS,camera
2025-01-08T15:29:00,103.043,29.306,6.751,3.714,1.6983,MQTT,env_sensor
2025-01-08T17:16:00,85.458,31.318,3.269,5.751,1.8196,MQTT,env_sensor
2025-01-08T07:47:00,28.709,251.004,0.309,0.562,1.7795,LoRaWAN,smart_meter
2025-01-08T20:31:00,411.663,37.873,7.476,76.246,0.6365,HTTPS,gateway
2025-01-08T09:47:00,14.125,314.151,0.1,0.198,1.4838,LoRaWAN,smart_meter
2025-01-08T11:36:00,2236.193,66.049,3.589,218.819,0.0,HTTPS,camera
2025-01-09T09:48:00,2327.306,100.715,0.106,121.479,0.5867,HTTPS,camera
2025-01-08T01:43:00,102.191,5.165,2.871,10.469,1.333,MQTT,actuator
2025-01-08T08:54:00,88.899,10.335,4.175,9.253,0.1459,MQTT,actuator
2025-01-09T09:36:00,1550.312,84.361,0.1,79.371,0.7354,HTTPS,camera
2025-01-09T06:19:00,14.702,140.546,0.873,0.397,3.633,LoRaWAN,smart_meter
2025-01-09T01:50:00,973.237,33.316,2.566,87.981,1.3154,HTTPS,gateway
2025-01-09T11:42:00,1493.356,30.424,3.772,215.573,0.0,HTTPS,camera
2025-01-08T20:16:00,1269.754,44.419,6.399,81.73,0.838,HTTPS,gateway
2025-01-08T11:43:00,81.284,11.995,3.992,5.908,0.0,MQTT,actuator
2025-01-08T07:21:00,116.106,24.559,8.949,11.49,1.2964,MQTT,actuator
2025-01-08T11:19:00,573.194,76.04,1.41,155.207,0.9115,HTTPS,camera
2025-01-08T16:16:00,28.606,104.08,0.1,0.416,0.0699,LoRaWAN,smart_meter
2025-01-09T05:48:00,110.445,33.518,2.998,2.167,1.813,MQTT,env_sensor
2025-01-08T08:40:00,108.027,14.025,4.248,2.657,0.5337,MQTT,actuator
2025-01-09T10:57:00,70.071,42.378,1.199,5.903,0.2671,MQTT,env_sensor
2025-01-09T01:39:00,2498.289,41.243,2.238,155.432,0.345,HTTPS,camera
2025-01-08T21:55:00,949.831,37.937,8.183,95.164,1.0767,CoAP,camera
2025-01-09T13:42:00,148.809,9.581,9.46,7.509,1.5862,MQTT,actuator
2025-01-08T10:16:00,592.425,37.646,6.28,50.197,0.3974,HTTPS,gateway
2025-01-08T14:41:00,82.599,18.586,10.117,10.929,1.0461,MQTT,actuator
2025-01-08T16:34:00,2373.312,59.198,6.561,80.602,0.591,HTTPS,camera
2025-01-08T01:34:00,118.026,17.124,4.67,6.14,0.0314,MQTT,actuator
2025-01-08T19:04:00,957.282,44.293,5.45,65.954,1.0194,CoAP,gateway
2025-01-08T07:42:00,1520.619,40.218,6.609,16.76,1.1542,CoAP,gateway
2025-01-09T04:40:00,839.937,51.657,4.081,63.85,0.4752,HTTPS,gateway
2025-01-09T06:38:00,2434.118,84.408,2.213,142.284,0.7993,HTTPS,camera
2025-01-09T08:53:00,66.602,28.793,7.014,1.103,0.0,MQTT,env_sensor
2025-01-08T22:16:00,1164.742,57.89,5.758,87.393,2.228,HTTPS,gateway
2025-01-09T11:53:00,99.013,15.697,11.755,9.843,1.5929,MQTT,actuator
2025-01-08T03:58:00,13.266,75.806,0.476,0.245,3.676,MQTT,smart_meter
2025-01-09T06:45:00,1579.71,42.04,8.467,63.959,0.1616,HTTPS,gateway
2025-01-08T13:03:00,121.675,18.901,10.768,11.651,1.4781,MQTT,actuator
2025-01-08T03:23:00,58.712,29.044,4.941,2.125,1.1009,MQTT,env_sensor
2025-01-08T13:44:00,147.349,14.068,7.702,6.077,0.5646,MQTT,actuator
2025-01-08T01:37:00,54.077,20.358,6.172,2.41,0.8466,MQTT,env_sensor
2025-01-08T01:51:00,8.352,119.065,1.631,0.609,2.6549,LoRaWAN,smart_meter
2025-01-08T01:33:00,132.322,24.264,7.078,7.954,0.0,MQTT,actuator
2025-01-08T09:59:00,34.3,140.849,4.622,0.05,4.9565,MQTT,smart_meter
2025-01-08T14:57:00,86.779,38.863,6.333,6.19,1.5421,CoAP,env_sensor
2025-01-09T13:11:00,110.92,24.03,5.069,7.774,0.0,MQTT,actuator
2025-01-08T20:59:00,169.059,15.974,10.452,7.878,0.0,MQTT,actuator
2025-01-08T18:43:00,92.578,16.443,0.92,2.122,0.9243,MQTT,env_sensor
2025-01-08T19:46:00,68.009,21.412,6.378,2.049,0.1085,MQTT,env_sensor
2025-01-09T05:25:00,28.636,284.371,0.1,0.466,3.8389,MQTT,smart_meter
2025-01-08T09:56:00,105.977,6.424,8.394,0.336,1.4929,MQTT,actuator
2025-01-08T02:10:00,28.84,205.132,1.455,0.289,0.6808,LoRaWAN,smart_meter
2025-01-08T19:13:00,613.581,80.394,1.673,43.065,0.3542,HTTPS,gateway
2025-01-09T05:20:00,114.171,17.86,8.896,4.268,0.536,MQTT,actuator
2025-01-08T01:42:00,488.273,50.688,13.094,1.66,0.9261,CoAP,gateway
2025-01-08T00:07:00,20.297,277.692,0.1,1.238,1.4889,MQTT,smart_meter
2025-01-09T11:48:00,36.13,45.886,4.438,7.721,2.1805,MQTT,env_sensor
2025-01-08T00:07:00,84.003,23.867,3.357,5.353,0.9657,MQTT,env_sensor
2025-01-08T08:20:00,30.244,253.519,1.737,0.05,4.3325,LoRaWAN,smart_meter
2025-01-08T17:03:00,87.702,29.63,0.1,6.32,1.7247,MQTT,env_sensor
2025-01-08T14:16:00,23.795,158.729,5.716,0.086,3.9274,LoRaWAN,smart_meter
2025-01-09T07:46:00,158.043,17.176,5.904,6.735,1.7121,MQTT,actuator
2025-01-09T02:31:00,35.633,240.972,0.821,0.585,4.7374,LoRaWAN,smart_meter
2025-01-08T20:17:00,994.507,51.184,7.712,66.837,1.0267,CoAP,gateway
2025-01-08T22:27:00,1570.998,67.921,4.221,29.91,0.7762,HTTPS,camera
2025-01-09T01:20:00,63.334,25.289,4.423,3.99,0.8958,MQTT,env_sensor
2025-01-09T07:22:00,77.958,22.941,4.664,7.06,2.3816,MQTT,env_sensor
2025-01-08T20:13:00,1424.039,73.855,3.123,103.622,0.858,HTTPS,camera
2025-01-09T16:17:00,2203.648,69.153,3.757,41.22,0.0,HTTPS,camera
2025-01-09T10:05:00,1831.105,46.152,4.027,140.007,0.0,HTTPS,camera
2025-01-09T04:15:00,109.153,9.892,5.424,8.532,0.9338,MQTT,actuator
2025-01-08T08:20:00,91.165,20.427,2.449,4.992,0.9244,MQTT,env_sensor
2025-01-07T22:45:00,101.739,24.364,2.396,13.929,1.5254,MQTT,actuator
2025-01-07T23:24:00,71.34,44.335,1.244,0.07,0.7827,MQTT,env_sensor
2025-01-08T03:08:00,56.897,100.372,2.582,0.05,4.1468,MQTT,smart_meter
2025-01-09T15:45:00,107.697,48.286,1.605,8.533,2.442,MQTT,env_sensor
2025-01-08T12:07:00,1152.303,64.753,5.819,51.325,0.5019,HTTPS,camera
2025-01-08T01:38:00,130.109,22.233,8.008,9.864,0.5116,MQTT,actuator
2025-01-08T20:20:00,139.29,14.306,4.331,8.04,0.0,MQTT,actuator
2025-01-09T03:22:00,21.584,31.585,1.337,2.809,3.3807,MQTT,env_sensor
2025-01-08T09:15:00,63.714,25.433,3.632,0.439,1.9489,MQTT,env_sensor
2025-01-08T07:47:00,68.099,19.652,11.681,11.92,1.2493,MQTT,actuator
2025-01-08T21:56:00,8.0,71.255,6.278,71.555,1.8776,CoAP,gateway
2025-01-08T03:52:00,1481.576,81.566,7.953,71.611,0.8118,HTTPS,gateway
2025-01-08T08:28:00,1080.054,63.055,10.535,104.994,0.0,HTTPS,gateway
2025-01-09T05:37:00,1942.015,72.488,2.513,131.212,0.4969,HTTPS,camera
2025-01-08T12:50:00,69.792,31.382,4.207,6.304,1.0253,MQTT,actuator
2025-01-08T22:08:00,20.705,127.681,4.762,0.564,2.9801,LoRaWAN,smart_meter
2025-01-09T09:57:00,702.972,62.609,6.268,118.3,1.1458,CoAP,camera
2025-01-08T21:21:00,50.934,35.003,1.74,2.976,1.111,CoAP,env_sensor
2025-01-08T17:36:00,1265.194,46.829,6.622,103.888,1.0359,HTTPS,camera
2025-01-08T15:32:00,552.153,37.783,15.302,108.449,0.8807,HTTPS,gateway
2025-01-09T10:15:00,737.758,45.909,5.853,32.59,1.281,CoAP,gateway
2025-01-09T05:59:00,238.244,82.202,5.207,141.791,0.9992,MQTT,camera
2025-01-08T06:46:00,38.748,271.939,1.845,0.84,0.8066,LoRaWAN,smart_meter
2025-01-09T12:47:00,69.058,23.946,4.248,6.377,1.5581,MQTT,actuator
2025-01-09T08:36:00,40.768,41.548,0.749,6.737,2.6106,MQTT,env_sensor
2025-01-08T04:22:00,126.487,7.968,3.212,0.483,1.826,MQTT,env_sensor
2025-01-08T19:24:00,1256.809,57.805,5.079,120.656,1.107,HTTPS,gateway
2025-01-08T17:29:00,109.355,28.817,8.141,7.925,1.6889,MQTT,actuator
2025-01-08T07:06:00,33.16,197.248,1.805,0.307,2.0099,LoRaWAN,smart_meter
2025-01-09T06:12:00,52.312,13.798,3.622,13.31,0.3546,MQTT,actuator
2025-01-08T02:55:00,83.921,24.331,5.314,7.681,0.883,MQTT,env_sensor
2025-01-08T00:45:00,678.842,58.289,11.135,50.085,0.0,HTTPS,gateway
2025-01-08T05:04:00,909.744,73.006,10.959,48.789,0.0,CoAP,gateway
2025-01-08T11:54:00,32.135,199.826,2.473,0.309,2.1743,LoRaWAN,smart_meter
2025-01-08T15:59:00,642.694,55.84,8.743,47.012,3.0288,CoAP,gateway
2025-01-09T13:48:00,526.601,46.022,15.11,71.954,0.6357,HTTPS,gateway
2025-01-09T03:38:00,32.608,188.969,2.228,0.05,5.5695,LoRaWAN,smart_meter
2025-01-08T20:25:00,955.026,56.363,11.119,189.012,0.9547,HTTPS,gateway
2025-01-09T01:03:00,25.15,6.778,3.395,6.556,1.2873,MQTT,env_sensor
2025-01-09T08:41:00,1312.396,57.953,7.53,72.906,0.0,HTTPS,gateway
2025-01-09T07:41:00,2028.099,51.634,0.93,85.289,0.0,HTTPS,camera
2025-01-09T09:01:00,2059.351,66.601,6.715,30.397,0.0,HTTPS,camera
2025-01-08T14:50:00,64.023,40.525,0.73,3.692,1.3349,MQTT,env_sensor
2025-01-09T14:42:00,990.878,32.495,8.445,24.901,0.8867,CoAP,gateway
2025-01-09T09:13:00,656.229,77.654,11.694,31.759,1.9077,CoAP,gateway
2025-01-08T08:38:00,360.605,47.149,4.765,32.381,1.2118,CoAP,gateway
2025-01-09T05:53:00,1806.25,69.309,8.227,0.05,0.6079,HTTPS,gateway
2025-01-09T01:56:00,22.429,307.373,2.507,0.37,2.5346,LoRaWAN,smart_meter
2025-01-08T16:48:00,957.505,39.08,4.469,0.05,1.8014,MQTT,camera
2025-01-09T11:34:00,68.744,23.613,0.792,6.957,1.8996,MQTT,actuator
2025-01-08T21:37:00,836.864,53.901,3.368,113.326,0.0,HTTPS,gateway
2025-01-09T13:39:00,1142.895,36.487,10.985,88.634,0.9851,HTTPS,gateway
2025-01-08T10:25:00,1923.231,79.199,3.162,127.525,0.6215,HTTPS,camera
2025-01-08T01:58:00,239.0,44.922,5.686,95.218,1.1469,CoAP,gateway
2025-01-08T15:31:00,76.802,37.989,8.936,0.457,0.4799,MQTT,actuator
2025-01-09T14:29:00,27.002,137.399,2.277,0.161,3.2368,LoRaWAN,smart_meter
2025-01-08T02:36:00,57.153,1.0,1.653,4.086,2.3702,MQTT,env_sensor
2025-01-09T04:37:00,1484.161,54.143,3.625,208.101,0.3024,HTTPS,camera
2025-01-07T23:35:00,16.205,42.606,6.187,70.72,1.4517,CoAP,gateway
2025-01-09T02:48:00,1247.715,44.48,9.665,104.226,0.59,HTTPS,gateway
2025-01-09T12:58:00,140.929,18.466,12.242,11.315,1.3839,MQTT,actuator
2025-01-08T20:21:00,30.538,112.11,2.399,0.627,5.5899,LoRaWAN,smart_meter
2025-01-08T12:08:00,27.976,135.365,5.128,0.591,2.6247,LoRaWAN,smart_meter
2025-01-08T13:51:00,75.328,50.553,0.1,2.407,0.9584,MQTT,env_sensor
2025-01-08T19:11:00,33.29,315.84,0.1,0.255,2.695,LoRaWAN,smart_meter
2025-01-08T17:54:00,439.679,72.992,5.078,93.8,0.7951,HTTPS,camera
2025-01-08T11:34:00,122.204,26.046,7.343,4.787,0.8285,CoAP,actuator
2025-01-08T04:48:00,81.677,43.897,5.821,7.472,0.1542,MQTT,env_sensor
2025-01-09T07:51:00,22.088,246.19,0.1,0.897,4.4582,LoRaWAN,smart_meter
2025-01-08T07:24:00,2821.011,39.195,4.496,150.606,1.5074,HTTPS,camera
2025-01-08T10:23:00,29.989,169.119,4.952,0.768,3.271,LoRaWAN,smart_meter
2025-01-08T14:01:00,1666.613,34.736,3.155,107.486,0.0,HTTPS,camera
2025-01-08T23:01:00,54.55,41.211,2.447,5.995,0.0,MQTT,env_sensor
2025-01-08T22:12:00,1540.703,83.432,0.532,103.914,0.5109,HTTPS,camera
2025-01-09T00:48:00,46.072,15.292,7.8,7.451,1.5003,CoAP,actuator
2025-01-08T19:26:00,21.886,164.387,1.888,0.139,4.2707,LoRaWAN,smart_meter
2025-01-08T22:25:00,829.952,47.757,11.727,109.239,0.0,HTTPS,camera
2025-01-08T02:14:00,65.031,49.975,4.039,4.741,1.2404,MQTT,env_sensor
2025-01-08T18:19:00,1499.602,52.274,9.947,97.666,1.0756,HTTPS,camera
2025-01-08T21:03:00,723.118,24.237,6.977,24.07,0.3712,CoAP,gateway
2025-01-09T01:02:00,84.26,13.254,6.418,2.801,0.5999,MQTT,env_sensor
2025-01-08T16:03:00,163.232,48.64,6.232,145.962,0.4194,HTTPS,camera
2025-01-07T23:33:00,74.498,17.136,1.703,9.728,0.7029,MQTT,actuator
2025-01-08T02:33:00,26.97,133.365,2.82,0.514,1.9459,LoRaWAN,smart_meter
2025-01-09T16:00:00,83.908,12.194,5.893,10.844,0.9609,MQTT,actuator
2025-01-08T19:57:00,30.066,197.581,1.216,0.616,6.2254,LoRaWAN,smart_meter
2025-01-09T05:26:00,743.385,65.35,11.354,14.69,1.0788,CoAP,gateway
2025-01-08T10:15:00,1582.767,77.28,4.11,209.588,0.4909,HTTPS,camera
2025-01-07T23:28:00,1571.127,24.848,3.174,68.866,0.5435,HTTPS,camera
2025-01-08T09:53:00,1480.655,48.057,9.418,141.696,0.7456,HTTPS,gateway
2025-01-08T11:53:00,58.512,12.71,3.435,5.457,0.8463,MQTT,env_sensor
2025-01-08T16:14:00,1262.856,48.52,9.001,154.55,0.4609,HTTPS,camera
2025-01-08T19:37:00,69.462,21.435,0.796,0.177,1.6485,MQTT,env_sensor
2025-01-09T15:47:00,129.889,11.978,7.007,11.267,1.161,CoAP,actuator
2025-01-08T00:49:00,1554.081,22.955,3.858,70.279,0.0,HTTPS,camera
2025-01-08T06:12:00,32.432,126.507,0.982,0.067,4.9981,LoRaWAN,smart_meter
2025-01-08T01:44:00,56.336,20.493,3.33,2.631,1.5409,MQTT,actuator
2025-01-09T04:36:00,1268.008,50.835,8.376,54.019,2.0043,HTTPS,gateway
2025-01-08T19:59:00,729.344,57.815,5.581,77.761,0.0,HTTPS,gateway
2025-01-09T06:03:00,83.521,13.366,4.858,8.846,1.6088,MQTT,env_sensor
2025-01-07T23:12:00,422.576,30.988,0.1,29.464,0.0,HTTPS,gateway
2025-01-09T08:26:00,1630.039,71.128,3.679,53.676,0.423,HTTPS,camera
2025-01-08T04:29:00,42.46,212.152,4.751,0.316,1.5512,LoRaWAN,smart_meter
2025-01-08T10:24:00,103.394,17.781,12.63,14.057,0.3222,MQTT,actuator
2025-01-09T02:26:00,22.385,225.233,0.111,0.605,0.0,LoRaWAN,smart_meter
2025-01-09T03:20:00,134.086,12.829,6.38,10.289,1.9761,MQTT,actuator
2025-01-08T13:36:00,108.932,11.789,3.917,10.368,0.671,MQTT,actuator
2025-01-08T05:23:00,33.929,344.321,1.889,0.751,2.9703,LoRaWAN,smart_meter
2025-01-08T05:49:00,1013.994,1.0,6.246,0.05,0.1284,CoAP,gateway
2025-01-08T23:01:00,627.502,64.908,4.36,67.59,1.1025,HTTPS,camera
2025-01-09T16:14:00,95.256,36.281,10.423,4.283,0.0,CoAP,actuator
2025-01-08T00:50:00,143.15,24.351,2.771,6.949,1.5478,MQTT,actuator
2025-01-08T14:25:00,596.006,58.368,11.495,45.08,0.0774,CoAP,gateway
2025-01-08T02:10:00,79.014,37.094,6.323,6.249,0.6598,CoAP,actuator
2025-01-08T05:38:00,2079.283,77.147,8.84,102.652,0.7034,HTTPS,camera
2025-01-08T08:39:00,814.729,74.93,5.126,131.265,0.1777,HTTPS,gateway
2025-01-09T01:04:00,25.922,214.051,1.779,0.244,0.0,LoRaWAN,smart_meter
2025-01-09T09:45:00,84.72,17.971,5.871,2.56,0.0,MQTT,actuator
2025-01-09T04:28:00,124.717,16.122,6.671,6.947,0.4376,MQTT,actuator
2025-01-09T05:25:00,25.085,21.455,7.326,7.297,0.5707,MQTT,actuator
2025-01-08T01:42:00,124.195,22.44,5.024,8.91,0.8124,MQTT,actuator
2025-01-08T00:14:00,76.437,19.144,1.828,5.277,2.04,MQTT,env_sensor
2025-01-08T15:57:00,976.651,61.822,0.1,93.424,0.435,HTTPS,camera
2025-01-09T04:06:00,24.486,230.344,0.847,0.504,7.2836,LoRaWAN,smart_meter
2025-01-08T05:06:00,54.397,40.952,3.603,0.05,0.0,MQTT,env_sensor
2025-01-08T02:50:00,593.057,69.81,10.656,40.846,0.0,CoAP,gateway
2025-01-09T02:35:00,137.43,23.458,7.551,10.802,0.8521,MQTT,actuator
2025-01-09T15:46:00,61.916,15.932,3.876,11.027,0.0,MQTT,env_sensor
2025-01-08T23:09:00,70.816,25.794,2.162,1.539,0.0,MQTT,env_sensor
2025-01-09T06:06:00,37.901,229.424,2.797,0.05,5.2529,LoRaWAN,smart_meter
2025-01-09T00:20:00,2517.628,27.529,4.417,49.372,0.0998,HTTPS,camera
2025-01-09T07:29:00,1486.712,61.375,0.58,125.22,0.0,HTTPS,camera
2025-01-09T07:34:00,29.915,235.9,0.673,0.27,5.6471,LoRaWAN,smart_meter
2025-01-08T08:34:00,2226.578,46.217,2.575,122.143,1.0075,HTTPS,camera
2025-01-09T14:53:00,33.679,187.101,2.411,0.113,3.0791,LoRaWAN,smart_meter
2025-01-08T21:15:00,32.63,188.189,0.1,1.008,0.0,MQTT,smart_meter
2025-01-08T16:02:00,29.817,184.434,3.594,0.449,2.8097,LoRaWAN,smart_meter
2025-01-08T17:41:00,1168.456,27.684,11.373,161.407,1.4572,HTTPS,camera
2025-01-08T23:59:00,2400.34,40.499,3.691,141.544,1.0663,HTTPS,camera
2025-01-08T10:09:00,48.722,23.323,3.762,0.333,0.0,LoRaWAN,env_sensor
2025-01-07T23:16:00,175.963,6.859,3.975,9.471,0.3388,MQTT,actuator
2025-01-09T02:01:00,2051.607,46.451,3.5,175.723,0.4681,HTTPS,camera
2025-01-08T21:39:00,342.017,38.535,16.725,88.563,1.7013,CoAP,gateway
2025-01-09T14:14:00,91.83,1.0,9.326,10.077,0.7424,CoAP,actuator
2025-01-08T01:30:00,520.341,85.032,7.35,140.792,1.6467,CoAP,gateway
2025-01-08T05:36:00,49.819,199.335,4.511,0.566,5.64,LoRaWAN,smart_meter
2025-01-08T14:02:00,732.594,33.19,7.706,20.283,0.0,HTTPS,gateway
2025-01-08T00:32:00,2297.458,95.538,1.382,195.478,1.2891,HTTPS,camera
2025-01-08T19:33:00,115.879,17.574,2.63,9.615,0.0,MQTT,actuator
2025-01-08T03:56:00,990.173,61.191,13.554,0.05,1.6068,CoAP,gateway
2025-01-08T04:05:00,476.253,79.881,6.572,100.411,0.7135,HTTPS,camera
2025-01-08T12:38:00,90.059,22.787,10.487,4.562,1.1818,MQTT,actuator
2025-01-08T22:19:00,2909.003,39.924,2.387,170.461,1.2266,HTTPS,camera
2025-01-07T22:45:00,26.189,236.183,2.141,0.462,5.4202,LoRaWAN,smart_meter
2025-01-08T23:52:00,55.7,7.364,5.073,3.503,0.0,CoAP,env_sensor
2025-01-09T04:59:00,32.61,213.032,2.909,0.379,2.7746,LoRaWAN,smart_meter
2025-01-09T15:45:00,197.951,33.086,8.271,43.104,1.3219,MQTT,gateway
2025-01-09T09:00:00,79.74,13.682,3.014,0.05,1.5317,MQTT,env_sensor
2025-01-08T10:29:00,89.335,42.195,0.1,2.499,1.2094,MQTT,env_sensor
2025-01-08T05:18:00,1801.743,83.467,3.255,155.763,0.805,HTTPS,camera
2025-01-08T15:25:00,8.0,17.719,3.866,70.486,3.0577,MQTT,gateway
2025-01-07T22:55:00,132.049,31.824,6.724,5.478,0.9904,MQTT,env_sensor
2025-01-08T17:43:00,122.674,27.961,7.32,13.085,1.067,MQTT,actuator
2025-01-08T04:04:00,51.361,20.259,3.848,5.327,0.0,MQTT,actuator
2025-01-08T00:31:00,18.19,33.119,2.108,6.057,1.6393,MQTT,env_sensor
2025-01-09T03:20:00,102.287,66.317,3.538,47.375,2.3587,MQTT,gateway
2025-01-09T11:48:00,2113.543,112.965,0.1,105.63,0.7767,HTTPS,camera
2025-01-08T19:15:00,833.154,48.712,4.786,116.941,0.8194,HTTPS,gateway
2025-01-08T16:41:00,118.608,1.874,2.984,3.302,1.0091,MQTT,env_sensor
2025-01-08T03:37:00,33.419,189.65,0.872,0.291,0.0,LoRaWAN,smart_meter
2025-01-09T08:42:00,62.556,3.936,8.627,0.866,0.97,MQTT,actuator
2025-01-08T23:37:00,29.842,136.614,0.1,0.395,5.6323,LoRaWAN,smart_meter
2025-01-08T02:38:00,134.985,20.151,7.202,2.271,0.0,MQTT,actuator
2025-01-08T11:34:00,152.083,18.446,3.454,6.625,0.902,MQTT,env_sensor
2025-01-08T14:33:00,1084.42,49.698,7.819,34.569,1.4827,CoAP,gateway
2025-01-09T05:42:00,40.361,122.253,4.319,0.663,0.6355,LoRaWAN,smart_meter
2025-01-08T15:16:00,32.524,210.191,0.1,0.917,1.4125,LoRaWAN,smart_meter
2025-01-08T03:56:00,2224.385,42.025,6.888,187.813,0.0,HTTPS,camera
2025-01-09T04:10:00,2154.492,66.208,7.431,167.079,0.2915,HTTPS,camera
2025-01-09T00:39:00,986.821,77.407,5.253,112.77,1.2139,CoAP,camera
2025-01-09T11:56:00,2444.857,55.563,6.372,104.678,0.4592,HTTPS,camera
2025-01-09T12:50:00,2123.243,34.987,12.488,16.203,1.9311,CoAP,gateway
2025-01-08T23:58:00,2105.131,26.668,4.952,80.866,1.0498,HTTPS,camera
2025-01-09T12:41:00,90.864,13.793,1.733,6.622,0.974,MQTT,actuator
2025-01-08T07:24:00,34.068,278.533,2.586,1.21,5.7572,MQTT,smart_meter
2025-01-08T13:17:00,1625.107,21.422,17.863,91.96,2.0614,HTTPS,gateway
2025-01-08T05:56:00,93.772,20.354,0.643,7.955,1.8925,MQTT,env_sensor
2025-01-08T09:22:00,42.368,31.189,3.806,2.992,1.7833,MQTT,env_sensor
2025-01-08T16:24:00,138.731,36.838,14.171,150.492,1.7773,CoAP,gateway
2025-01-08T15:46:00,992.19,41.474,8.712,50.348,1.2074,CoAP,gateway
2025-01-08T11:17:00,24.037,198.081,4.95,0.05,2.5205,LoRaWAN,smart_meter
2025-01-08T22:12:00,24.088,263.866,2.592,0.471,1.9433,LoRaWAN,smart_meter
2025-01-08T05:18:00,981.532,47.039,10.182,82.172,1.9565,CoAP,gateway
2025-01-09T02:25:00,31.554,243.335,1.419,0.308,4.5115,LoRaWAN,smart_meter
2025-01-08T20:44:00,23.993,159.574,2.585,0.388,2.7779,LoRaWAN,smart_meter
2025-01-08T05:34:00,22.571,119.366,2.072,1.01,2.0701,MQTT,smart_meter
2025-01-08T08:37:00,100.525,19.179,8.771,13.472,1.744,CoAP,actuator
2025-01-08T23:10:00,1327.7,83.1,8.059,0.05,1.0492,CoAP,camera
2025-01-08T16:57:00,28.797,72.76,3.853,0.626,4.2894,MQTT,smart_meter
2025-01-09T14:21:00,1082.175,18.51,3.409,62.577,2.3452,HTTPS,gateway
2025-01-08T19:21:00,88.158,11.561,0.1,5.084,1.7214,MQTT,env_sensor
2025-01-09T11:32:00,1333.056,40.931,6.285,219.191,0.5362,HTTPS,camera
2025-01-09T00:46:00,78.964,14.571,3.051,5.91,0.8749,MQTT,actuator
2025-01-08T20:36:00,132.372,16.004,6.611,3.973,2.0955,CoAP,actuator
2025-01-08T10:59:00,34.033,115.437,0.708,0.408,1.9408,LoRaWAN,smart_meter
2025-01-08T16:59:00,1481.717,74.548,3.566,105.872,0.9659,HTTPS,camera
2025-01-07T23:46:00,8.0,96.976,1.902,0.628,0.0,LoRaWAN,smart_meter
2025-01-08T07:48:00,26.328,218.997,1.25,0.558,0.2682,LoRaWAN,smart_meter
2025-01-08T03:44:00,22.626,90.478,4.2,0.494,1.7055,MQTT,smart_meter
2025-01-09T13:12:00,31.057,228.397,3.071,0.194,0.0,LoRaWAN,smart_meter
2025-01-09T10:47:00,2083.462,40.551,3.636,76.26,1.1077,HTTPS,camera
2025-01-08T16:27:00,1450.812,52.236,4.269,2.742,0.5416,HTTPS,gateway
2025-01-09T08:19:00,8.0,28.278,15.675,66.248,1.8726,MQTT,gateway
2025-01-08T15:02:00,1788.83,86.183,5.519,52.818,0.1244,HTTPS,camera
2025-01-09T03:46:00,938.378,89.206,5.864,75.615,0.1154,CoAP,gateway
2025-01-09T11:01:00,134.778,19.463,5.285,8.825,0.3259,MQTT,actuator
2025-01-08T08:51:00,40.433,238.735,4.179,0.05,1.6012,LoRaWAN,smart_meter
2025-01-08T00:21:00,1364.915,44.807,6.074,218.719,0.0,HTTPS,camera
2025-01-08T06:27:00,74.861,9.249,3.387,5.372,3.5663,MQTT,env_sensor
2025-01-08T18:14:00,1162.899,53.407,7.809,96.654,1.0885,HTTPS,camera
2025-01-08T10:09:00,257.491,37.86,11.486,71.67,1.8222,CoAP,gateway
2025-01-08T17:20:00,833.206,44.54,7.592,258.917,0.2736,HTTPS,camera
2025-01-09T02:22:00,32.521,172.19,4.63,0.163,2.5938,LoRaWAN,smart_meter
2025-01-08T16:32:00,14.384,212.414,1.358,0.504,1.8565,LoRaWAN,smart_meter
2025-01-08T21:47:00,42.247,124.685,4.067,0.204,2.9055,LoRaWAN,smart_meter
2025-01-07T22:48:00,103.936,28.615,6.658,3.225,0.0663,MQTT,actuator
2025-01-08T15:17:00,27.745,198.533,2.822,0.419,5.4033,LoRaWAN,smart_meter
2025-01-09T04:23:00,1228.987,47.257,3.885,67.025,2.0618,HTTPS,gateway
2025-01-08T03:41:00,157.346,1.0,10.584,8.866,0.187,MQTT,actuator
2025-01-09T02:28:00,94.675,28.799,3.69,7.553,1.6117,MQTT,actuator
2025-01-08T13:04:00,1768.619,59.874,4.86,43.627,0.0,HTTPS,camera
2025-01-08T07:51:00,103.671,17.872,3.684,1.116,0.8484,MQTT,actuator
2025-01-08T20:23:00,57.823,19.703,5.894,9.508,0.0,MQTT,env_sensor
2025-01-08T04:20:00,155.401,14.866,4.673,3.983,1.162,MQTT,actuator
2025-01-08T15:05:00,29.141,173.3,1.903,0.516,0.8282,LoRaWAN,smart_meter
2025-01-09T09:57:00,1285.608,27.786,14.465,55.145,0.8054,HTTPS,gateway
2025-01-08T05:30:00,29.84,196.93,3.705,0.25,5.0842,LoRaWAN,smart_meter
2025-01-08T17:36:00,126.229,18.655,2.699,2.895,1.2189,MQTT,env_sensor
2025-01-09T09:37:00,1570.98,49.814,1.537,79.037,0.0,HTTPS,camera
2025-01-08T20:39:00,48.255,15.093,4.286,1.928,1.7831,MQTT,env_sensor
2025-01-08T17:38:00,124.632,9.77,8.629,12.393,0.0,MQTT,actuator
2025-01-08T02:53:00,79.603,15.192,2.684,8.63,1.4608,MQTT,env_sensor
2025-01-08T01:29:00,1816.359,66.847,0.923,148.98,1.498,HTTPS,camera
2025-01-09T11:37:00,113.76,9.98,11.333,1.363,1.2999,MQTT,actuator
2025-01-08T10:53:00,159.329,6.593,8.383,9.43,0.4293,MQTT,actuator
2025-01-08T10:54:00,476.5,64.087,14.08,0.05,0.0,CoAP,gateway
2025-01-09T09:38:00,39.891,20.134,6.028,6.231,3.3023,MQTT,env_sensor
2025-01-08T19:58:00,77.231,15.918,1.47,0.05,3.1005,MQTT,env_sensor
2025-01-08T10:07:00,130.897,32.417,9.305,5.807,0.0,CoAP,actuator
2025-01-08T00:57:00,98.321,23.012,4.435,0.05,2.7089,MQTT,env_sensor
2025-01-09T05:14:00,90.955,17.106,4.875,2.458,1.0612,MQTT,actuator
2025-01-09T11:53:00,748.631,62.107,11.897,89.232,1.3235,CoAP,gateway
2025-01-08T15:16:00,994.981,18.571,4.766,0.05,1.7618,MQTT,gateway
2025-01-08T11:53:00,833.031,61.981,3.992,154.03,1.2824,HTTPS,camera
2025-01-08T14:53:00,31.383,146.929,2.618,0.48,0.0,LoRaWAN,smart_meter
2025-01-08T18:01:00,329.074,84.884,15.343,31.96,2.2137,CoAP,gateway
2025-01-08T21:34:00,21.459,327.075,1.586,0.108,4.7493,LoRaWAN,smart_meter
2025-01-07T23:35:00,25.647,264.957,2.895,0.648,1.2965,LoRaWAN,smart_meter
2025-01-08T04:14:00,32.444,103.445,3.776,0.594,5.6779,LoRaWAN,smart_meter
2025-01-08T07:17:00,1273.757,1.0,7.578,81.466,0.363,HTTPS,camera
2025-01-08T17:11:00,119.201,17.912,5.592,8.142,0.2957,MQTT,actuator
2025-01-08T22:31:00,122.034,31.683,3.945,8.514,0.5976,MQTT,actuator
2025-01-09T09:11:00,800.56,8.425,11.341,44.375,0.0714,CoAP,gateway
2025-01-08T13:57:00,1141.181,40.34,11.557,85.111,0.086,HTTPS,gateway
2025-01-08T16:44:00,14.317,221.971,2.149,0.429,3.6671,LoRaWAN,smart_meter
2025-01-09T00:28:00,65.825,33.74,3.087,5.824,3.8127,MQTT,env_sensor
2025-01-09T06:48:00,20.243,86.415,0.1,0.84,2.0282,MQTT,smart_meter
2025-01-08T21:40:00,97.446,10.041,9.062,9.084,1.6078,MQTT,actuator
2025-01-09T14:53:00,132.487,19.204,6.588,0.05,0.402,MQTT,actuator
2025-01-09T01:52:00,943.969,40.279,11.708,60.144,2.0451,CoAP,gateway
2025-01-08T14:31:00,569.186,23.268,5.404,101.901,0.2825,HTTPS,camera
2025-01-08T07:56:00,71.735,10.989,6.701,8.495,0.0,MQTT,actuator
2025-01-08T14:53:00,1404.085,22.22,15.291,52.808,0.0,HTTPS,gateway
2025-01-09T14:12:00,138.558,30.656,2.904,10.461,1.2192,MQTT,actuator
2025-01-09T14:54:00,2083.002,30.415,3.056,101.154,1.1388,HTTPS,camera
2025-01-08T03:30:00,175.805,44.48,14.573,124.155,1.1697,CoAP,gateway
2025-01-09T06:30:00,2196.435,77.564,1.672,104.958,0.4574,HTTPS,camera
2025-01-09T04:50:00,1165.549,51.034,8.01,41.19,1.4973,CoAP,gateway
2025-01-09T04:31:00,22.6,221.465,0.261,0.53,0.0557,LoRaWAN,smart_meter
2025-01-09T07:52:00,2144.17,52.846,0.738,248.256,0.5937,HTTPS,camera
2025-01-08T19:38:00,112.085,4.022,12.797,7.51,1.5394,MQTT,actuator
2025-01-09T00:38:00,15.141,216.96,3.036,0.332,7.1715,LoRaWAN,smart_meter
2025-01-07T23:33:00,152.097,41.305,0.1,81.574,0.0,HTTPS,gateway
2025-01-08T03:07:00,1073.176,42.269,1.533,40.105,0.0,HTTPS,gateway
2025-01-07T23:18:00,42.652,10.305,3.024,7.208,0.022,MQTT,env_sensor
2025-01-08T02:43:00,74.452,21.927,5.507,3.274,0.2632,CoAP,actuator
2025-01-09T02:06:00,253.736,69.693,0.1,86.695,0.0317,HTTPS,camera
2025-01-09T14:56:00,2711.613,107.64,4.879,67.54,1.8173,HTTPS,camera
2025-01-08T14:07:00,1606.953,7.158,6.537,91.042,1.3613,CoAP,gateway
2025-01-07T23:20:00,91.256,42.915,2.225,2.46,0.0,MQTT,env_sensor
2025-01-08T17:45:00,542.576,54.001,0.1,248.004,0.4648,HTTPS,camera
2025-01-09T10:49:00,13.726,116.702,2.615,0.336,3.4647,LoRaWAN,smart_meter
2025-01-08T05:05:00,1340.252,68.878,4.187,128.165,1.2799,HTTPS,camera
2025-01-08T09:16:00,34.112,241.241,3.012,0.05,1.7669,LoRaWAN,smart_meter
2025-01-09T11:51:00,41.873,212.855,1.829,0.05,2.6169,MQTT,smart_meter
2025-01-08T00:01:00,42.367,133.263,2.331,0.794,4.3586,LoRaWAN,smart_meter
2025-01-08T23:15:00,2588.14,54.665,5.885,118.761,1.9956,HTTPS,camera
2025-01-08T03:40:00,86.472,17.634,8.265,13.842,0.806,CoAP,actuator
2025-01-08T01:42:00,833.428,32.243,4.513,202.997,0.7274,HTTPS,camera
2025-01-08T09:27:00,38.607,26.325,4.411,3.154,1.2479,MQTT,env_sensor
2025-01-09T02:28:00,104.789,17.124,1.455,8.271,0.0,MQTT,env_sensor
2025-01-08T17:30:00,108.757,11.569,1.126,8.803,1.2913,MQTT,env_sensor
2025-01-09T02:08:00,663.972,34.717,13.073,84.889,0.9508,HTTPS,gateway
2025-01-08T10:42:00,103.605,10.619,9.106,10.29,0.0,MQTT,actuator
2025-01-08T16:43:00,296.112,27.631,15.015,113.84,2.4125,CoAP,gateway
2025-01-09T10:30:00,822.566,19.842,17.212,0.05,1.2678,CoAP,gateway
2025-01-08T04:23:00,123.616,23.055,0.1,15.789,0.4896,MQTT,actuator
2025-01-09T07:42:00,101.961,32.592,6.573,8.058,0.1625,MQTT,actuator
2025-01-09T11:40:00,2264.019,47.882,6.144,145.094,0.735,HTTPS,camera
2025-01-08T18:36:00,30.84,141.482,4.089,0.084,5.2032,LoRaWAN,smart_meter
2025-01-09T11:04:00,440.891,63.198,2.829,156.823,0.3646,HTTPS,camera
2025-01-08T02:12:00,20.734,106.487,0.621,0.097,2.497,LoRaWAN,smart_meter
2025-01-09T11:14:00,38.761,235.934,5.467,0.63,0.0,LoRaWAN,smart_meter
2025-01-08T13:48:00,1725.627,29.361,5.249,27.549,0.8437,HTTPS,camera
2025-01-08T13:23:00,15.216,188.741,2.614,0.659,1.5046,LoRaWAN,smart_meter
2025-01-08T21:44:00,41.654,235.478,0.695,0.865,0.0,LoRaWAN,smart_meter
2025-01-09T00:41:00,27.078,241.695,1.097,0.191,4.9471,LoRaWAN,smart_meter
2025-01-08T08:17:00,838.583,19.096,8.884,78.47,1.336,CoAP,gateway
2025-01-09T03:38:00,85.368,33.413,1.499,3.23,1.0939,MQTT,env_sensor
2025-01-08T11:16:00,22.912,110.468,4.889,0.05,2.2425,LoRaWAN,smart_meter
2025-01-09T07:53:00,1704.113,92.909,1.551,110.603,0.0,HTTPS,camera
2025-01-08T12:23:00,270.787,55.668,0.1,105.672,2.0788,HTTPS,gateway
2025-01-09T15:12:00,81.861,29.029,6.435,10.794,0.4577,CoAP,actuator
2025-01-08T18:47:00,2208.672,28.773,5.339,60.291,0.228,HTTPS,camera
2025-01-09T02:16:00,86.145,25.448,4.103,2.218,0.6668,MQTT,env_sensor
2025-01-09T03:08:00,1146.451,42.658,9.11,41.172,0.2548,HTTPS,camera
2025-01-09T10:00:00,8.0,68.104,7.536,77.742,1.7157,CoAP,gateway
2025-01-09T04:57:00,84.593,13.614,1.369,13.358,0.7711,MQTT,actuator
2025-01-08T15:43:00,32.536,114.188,3.722,0.509,4.5047,LoRaWAN,smart_meter
2025-01-07T23:14:00,42.756,35.933,4.632,4.687,0.7719,MQTT,env_sensor
2025-01-08T05:15:00,18.181,68.104,0.1,0.464,2.0748,MQTT,smart_meter
2025-01-08T15:32:00,39.019,189.161,2.132,0.268,0.0968,LoRaWAN,smart_meter
2025-01-08T06:31:00,149.627,60.647,7.084,69.951,1.1967,CoAP,gateway
2025-01-08T21:05:00,32.842,245.975,1.343,0.353,2.7105,LoRaWAN,smart_meter
2025-01-09T15:31:00,446.906,50.162,2.262,0.05,0.0,HTTPS,gateway
2025-01-08T18:05:00,68.94,39.953,3.913,2.941,0.6183,MQTT,env_sensor
2025-01-08T15:33:00,39.132,143.518,0.1,0.526,5.9511,LoRaWAN,smart_meter
2025-01-09T12:31:00,102.68,4.288,2.797,9.069,0.9136,MQTT,actuator
2025-01-09T06:58:00,560.406,65.401,0.17,165.562,0.8748,HTTPS,camera
2025-01-08T05:55:00,98.789,25.444,4.577,0.719,0.4776,MQTT,env_sensor
2025-01-09T05:19:00,536.451,56.674,4.599,193.51,0.8261,HTTPS,camera
2025-01-09T05:50:00,833.498,27.074,12.182,148.011,0.9363,HTTPS,gateway
2025-01-08T21:38:00,477.937,53.759,0.1,43.405,0.8328,HTTPS,gateway
2025-01-09T15:17:00,29.536,157.829,2.677,0.492,4.2937,LoRaWAN,smart_meter
2025-01-08T08:47:00,2080.088,87.303,1.498,216.289,0.2966,HTTPS,camera
2025-01-09T01:32:00,2168.803,66.398,2.704,68.454,0.916,HTTPS,camera
2025-01-09T04:23:00,560.114,71.277,8.165,122.509,0.0,HTTPS,camera
2025-01-09T12:11:00,76.955,34.897,3.726,4.465,1.3807,MQTT,env_sensor
2025-01-09T09:54:00,29.867,240.191,2.272,0.796,2.9675,LoRaWAN,smart_meter
2025-01-09T10:42:00,92.896,27.922,0.317,4.051,0.2728,MQTT,env_sensor
2025-01-09T13:27:00,13.425,195.456,2.833,0.351,4.3923,LoRaWAN,smart_meter
2025-01-08T16:53:00,195.282,68.358,1.924,0.05,1.1177,MQTT,gateway
2025-01-09T01:33:00,1103.004,67.102,7.381,44.069,0.2589,HTTPS,gateway
2025-01-08T07:53:00,50.279,27.023,0.1,2.244,1.7351,MQTT,env_sensor
2025-01-08T07:58:00,862.549,54.227,8.658,1.054,1.6952,CoAP,gateway
2025-01-08T00:54:00,1863.162,92.624,3.305,195.131,0.0111,HTTPS,camera
2025-01-09T04:40:00,1753.832,51.802,5.898,167.707,1.8863,HTTPS,camera
2025-01-09T04:52:00,1305.001,32.604,5.526,142.493,0.0,HTTPS,camera
2025-01-09T01:40:00,736.751,42.478,12.337,5.809,1.7775,CoAP,gateway
2025-01-09T11:20:00,31.8,64.292,0.927,0.321,0.7268,LoRaWAN,smart_meter
2025-01-08T08:05:00,18.542,119.105,0.214,0.314,4.0748,LoRaWAN,smart_meter
2025-01-08T10:18:00,422.014,41.18,13.916,43.7,2.9286,CoAP,gateway
2025-01-08T09:28:00,2404.538,83.015,8.267,64.28,0.9028,HTTPS,camera
2025-01-09T05:37:00,1059.565,7.979,8.813,123.849,0.9635,HTTPS,gateway
2025-01-08T15:26:00,1438.994,24.041,5.963,117.343,1.6903,HTTPS,gateway
2025-01-08T12:30:00,154.275,46.01,6.954,3.015,0.6286,CoAP,actuator
2025-01-09T06:09:00,33.073,224.481,2.789,0.443,0.0,LoRaWAN,smart_meter
2025-01-08T02:06:00,495.14,50.486,13.531,70.24,2.2381,CoAP,gateway
2025-01-08T14:19:00,78.518,9.432,8.024,10.919,1.1031,MQTT,actuator
2025-01-09T01:46:00,19.769,197.273,1.959,0.069,0.6726,LoRaWAN,smart_meter
2025-01-09T09:27:00,990.575,43.112,0.1,36.612,0.2127,HTTPS,gateway
2025-01-09T06:22:00,2333.646,88.271,0.107,146.16,1.1621,HTTPS,camera
2025-01-08T21:19:00,1264.448,22.68,5.313,228.834,0.4789,HTTPS,camera
2025-01-08T10:18:00,33.7,48.63,3.25,0.312,3.2283,LoRaWAN,smart_meter
2025-01-09T06:01:00,36.88,45.029,0.614,0.2,3.5994,MQTT,smart_meter
2025-01-09T04:11:00,21.623,129.962,0.802,0.147,3.3263,LoRaWAN,smart_meter
2025-01-08T23:49:00,31.222,130.561,0.1,0.409,2.4781,LoRaWAN,smart_meter
2025-01-09T04:04:00,2900.965,3.436,0.1,124.84,0.3948,HTTPS,camera
2025-01-09T03:02:00,1759.017,38.719,0.707,103.373,1.2962,HTTPS,camera
2025-01-08T12:02:00,114.866,15.535,5.445,11.828,0.5499,MQTT,actuator
2025-01-09T12:45:00,54.48,20.341,0.1,7.944,0.7114,MQTT,env_sensor
2025-01-08T15:17:00,69.145,31.581,10.37,12.774,0.4134,CoAP,actuator
2025-01-08T13:25:00,1427.794,15.178,1.054,30.862,1.0922,MQTT,camera
2025-01-09T09:09:00,2703.092,118.555,9.147,184.666,0.3654,HTTPS,camera
2025-01-08T06:05:00,18.949,154.33,3.149,0.761,2.1206,LoRaWAN,smart_meter
2025-01-08T18:47:00,597.63,33.779,12.191,75.12,0.0,HTTPS,gateway
2025-01-09T07:06:00,1354.627,53.887,9.581,68.25,0.7236,HTTPS,gateway
2025-01-09T03:59:00,87.266,16.807,5.748,5.668,0.7568,MQTT,actuator
2025-01-08T21:59:00,21.909,171.635,3.325,0.117,2.4342,LoRaWAN,smart_meter
2025-01-08T00:08:00,229.476,19.991,6.818,45.682,0.3043,CoAP,gateway
2025-01-08T14:20:00,1907.059,64.786,4.963,61.111,1.0811,HTTPS,camera
2025-01-09T04:17:00,1648.116,40.035,8.742,112.395,1.9547,HTTPS,gateway
2025-01-09T08:11:00,28.296,26.526,0.46,0.132,4.5753,MQTT,smart_meter
2025-01-08T02:42:00,26.631,151.267,3.15,0.465,5.3953,LoRaWAN,smart_meter
2025-01-08T07:24:00,157.57,17.229,7.195,5.709,1.5666,MQTT,actuator
2025-01-08T23:11:00,2560.073,97.615,6.236,157.9,0.2411,HTTPS,camera
2025-01-09T02:16:00,392.54,61.992,8.261,101.437,1.7039,CoAP,gateway
2025-01-09T03:49:00,112.645,12.214,2.785,6.215,1.2356,MQTT,actuator
2025-01-08T07:25:00,1508.199,10.885,4.558,104.727,1.6212,HTTPS,gateway
2025-01-09T13:15:00,1158.339,38.667,4.655,55.913,2.016,HTTPS,gateway
2025-01-09T03:29:00,1378.587,49.972,7.454,104.999,1.6935,HTTPS,gateway
2025-01-08T07:49:00,78.546,29.471,4.125,7.512,1.6013,MQTT,actuator
2025-01-09T09:42:00,2290.278,61.847,2.579,142.744,0.973,HTTPS,camera
2025-01-09T10:40:00,60.36,21.626,7.076,3.094,0.0,MQTT,actuator
2025-01-08T10:10:00,38.905,21.72,4.172,0.05,0.6163,MQTT,env_sensor
2025-01-08T11:29:00,123.864,22.952,6.514,5.708,0.2554,MQTT,actuator
2025-01-08T17:07:00,95.391,20.253,4.044,4.14,0.7103,MQTT,env_sensor
2025-01-09T07:15:00,8.0,35.138,1.294,4.957,0.2777,MQTT,env_sensor
2025-01-08T00:25:00,1067.478,49.862,13.377,80.437,1.9011,HTTPS,gateway
2025-01-09T13:54:00,493.99,72.353,9.208,184.555,1.4668,CoAP,camera
2025-01-08T06:07:00,105.261,23.121,6.978,9.245,2.4923,MQTT,actuator
2025-01-08T07:23:00,1651.986,46.401,10.065,72.192,1.5966,HTTPS,gateway
2025-01-09T01:50:00,109.658,4.12,8.051,9.466,0.7451,MQTT,actuator
2025-01-09T04:18:00,58.185,31.359,4.303,2.966,3.2474,MQTT,env_sensor
2025-01-08T14:10:00,194.965,29.572,3.776,1.008,0.6715,MQTT,actuator
2025-01-09T03:30:00,25.137,236.699,1.663,0.34,2.14,LoRaWAN,smart_meter
2025-01-08T06:11:00,23.23,263.292,0.536,0.163,3.3417,LoRaWAN,smart_meter
2025-01-08T19:23:00,1549.618,52.145,8.253,58.092,0.0456,HTTPS,camera
2025-01-09T03:18:00,129.225,17.116,6.627,5.054,0.201,MQTT,actuator
2025-01-09T09:31:00,113.123,9.668,8.948,8.045,0.3987,MQTT,actuator
2025-01-09T01:45:00,31.071,95.07,3.027,0.314,5.4969,LoRaWAN,smart_meter
2025-01-08T01:51:00,438.52,67.612,14.332,61.843,0.1964,CoAP,gateway
2025-01-09T04:00:00,38.261,32.06,1.918,0.223,0.0,LoRaWAN,env_sensor
2025-01-08T07:01:00,26.915,146.256,3.85,0.589,3.7016,LoRaWAN,smart_meter
2025-01-08T20:44:00,50.409,25.026,8.484,0.05,1.3964,MQTT,actuator
2025-01-09T03:15:00,1559.678,74.752,0.679,76.38,0.5969,HTTPS,camera
2025-01-08T13:16:00,121.324,27.372,10.439,11.503,0.2837,MQTT,actuator
2025-01-08T16:51:00,697.586,16.112,15.117,79.807,1.1356,CoAP,gateway
2025-01-09T01:41:00,19.71,197.54,4.422,0.238,3.0206,LoRaWAN,smart_meter
2025-01-09T15:53:00,138.124,14.667,2.706,9.043,2.1329,MQTT,actuator
2025-01-09T00:24:00,1879.045,86.932,6.741,122.006,0.5262,HTTPS,camera
2025-01-07T23:50:00,30.19,101.403,0.1,0.159,3.0996,LoRaWAN,smart_meter
2025-01-08T13:08:00,1150.359,84.778,5.457,0.05,0.5488,HTTPS,gateway
2025-01-09T12:08:00,67.06,32.66,2.15,6.222,1.063,MQTT,env_sensor
2025-01-09T10:10:00,37.197,264.436,1.622,0.44,2.2791,LoRaWAN,smart_meter
2025-01-08T15:24:00,91.695,46.75,3.086,0.05,0.2337,MQTT,env_sensor
2025-01-08T18:46:00,139.338,19.33,6.094,10.097,1.0711,CoAP,actuator
2025-01-08T02:10:00,1095.482,9.84,12.016,75.592,0.1643,HTTPS,gateway
2025-01-08T18:03:00,106.433,37.009,1.369,8.248,1.0689,MQTT,env_sensor
2025-01-08T16:10:00,60.821,19.671,0.886,2.85,0.0,MQTT,env_sensor
2025-01-08T01:56:00,12.584,158.893,1.064,0.05,3.6449,LoRaWAN,smart_meter
2025-01-09T13:07:00,1076.971,34.627,5.289,134.409,0.3127,HTTPS,camera
2025-01-09T13:15:00,33.778,200.942,1.97,0.249,3.6205,MQTT,smart_meter
2025-01-08T12:52:00,940.937,32.234,7.351,101.029,0.0,HTTPS,gateway
2025-01-07T23:34:00,840.011,75.713,5.846,196.321,0.2828,HTTPS,camera
2025-01-08T22:30:00,121.588,19.342,5.842,11.01,1.9668,MQTT,actuator
2025-01-08T00:36:00,1193.315,29.394,2.768,0.05,0.0,HTTPS,gateway
2025-01-09T08:21:00,1666.763,62.893,4.174,177.332,1.026,HTTPS,camera
2025-01-08T17:05:00,1537.528,66.484,0.1,55.089,0.9551,HTTPS,camera
2025-01-08T22:36:00,64.131,16.482,0.463,1.603,0.178,MQTT,actuator
2025-01-08T18:26:00,16.547,39.165,3.693,0.05,1.8491,MQTT,env_sensor
2025-01-08T06:12:00,1666.685,59.222,7.917,35.329,1.4859,CoAP,gateway
2025-01-09T03:57:00,601.762,102.972,1.873,92.074,1.388,HTTPS,camera
2025-01-09T11:47:00,62.878,52.74,7.04,3.444,0.8785,MQTT,env_sensor
2025-01-08T00:37:00,19.897,267.401,0.1,0.239,1.877,LoRaWAN,smart_meter
2025-01-08T06:50:00,91.334,23.235,2.745,4.834,2.3438,MQTT,env_sensor
2025-01-08T05:46:00,1062.735,60.202,1.972,56.167,2.2192,HTTPS,gateway
2025-01-08T14:21:00,1922.14,1.0,5.038,26.016,1.8461,MQTT,gateway
2025-01-09T16:03:00,23.1,320.458,2.313,0.344,4.3559,LoRaWAN,smart_meter
2025-01-09T08:24:00,106.986,18.087,3.329,3.915,1.1711,MQTT,env_sensor
2025-01-08T17:52:00,1609.97,80.812,17.523,17.309,1.9057,HTTPS,gateway
2025-01-09T06:12:00,1888.478,56.862,1.298,99.232,1.993,HTTPS,gateway
2025-01-08T06:51:00,68.479,25.451,3.823,3.976,0.5612,MQTT,env_sensor
2025-01-08T22:52:00,541.631,27.799,1.207,148.285,0.753,HTTPS,camera
2025-01-08T19:31:00,78.968,11.91,2.839,4.375,1.3487,MQTT,actuator
2025-01-09T03:00:00,17.746,197.044,3.138,0.394,6.3441,LoRaWAN,smart_meter
2025-01-09T14:55:00,26.577,193.352,0.1,0.068,2.5899,LoRaWAN,smart_meter
2025-01-09T08:14:00,93.88,14.67,5.52,10.992,1.5022,MQTT,actuator
2025-01-09T04:44:00,63.243,38.84,0.1,10.042,0.0,MQTT,env_sensor
2025-01-08T20:08:00,76.448,21.698,3.334,7.302,2.1349,MQTT,env_sensor
2025-01-09T10:58:00,56.362,24.052,5.52,0.05,2.4341,MQTT,env_sensor
2025-01-08T11:28:00,1891.104,49.887,4.506,50.093,0.6044,HTTPS,camera
2025-01-08T09:12:00,11.598,93.297,1.645,0.424,5.5327,LoRaWAN,smart_meter
2025-01-09T10:41:00,477.304,43.605,15.398,53.96,1.3333,CoAP,gateway
2025-01-08T08:16:00,87.705,5.309,4.342,13.272,1.0867,MQTT,actuator
2025-01-09T04:57:00,72.444,16.142,3.963,1.88,0.4623,MQTT,env_sensor
2025-01-08T04:17:00,62.752,30.872,6.59,1.505,2.7493,MQTT,env_sensor
2025-01-08T09:00:00,27.393,265.786,0.667,0.057,3.9891,LoRaWAN,smart_meter
2025-01-09T00:14:00,62.247,21.925,4.193,5.108,2.3442,MQTT,env_sensor
2025-01-08T23:26:00,123.884,34.084,9.175,10.941,0.771,CoAP,actuator
2025-01-09T10:33:00,1385.482,38.801,10.348,65.554,0.6956,HTTPS,gateway
2025-01-09T14:01:00,79.828,11.059,8.019,10.915,1.1472,MQTT,actuator
2025-01-08T06:06:00,27.599,228.968,3.542,0.727,3.1421,LoRaWAN,smart_meter
2025-01-09T01:19:00,992.006,32.499,6.297,139.21,0.3733,HTTPS,gateway
2025-01-08T20:18:00,30.611,98.779,3.253,0.242,3.2558,MQTT,smart_meter
2025-01-09T07:29:00,85.881,6.115,4.882,9.939,0.0,MQTT,actuator
2025-01-09T00:35:00,976.922,41.837,0.332,152.148,0.9792,HTTPS,camera
2025-01-09T06:45:00,60.396,1.168,4.407,7.987,0.3786,MQTT,env_sensor
2025-01-08T10:58:00,86.107,12.164,10.991,8.651,1.0158,MQTT,actuator
2025-01-08T19:40:00,719.131,25.555,3.73,31.503,0.0197,HTTPS,gateway
2025-01-08T21:28:00,1795.37,21.066,15.355,101.618,1.0967,HTTPS,gateway
2025-01-08T01:18:00,258.469,20.625,2.968,44.014,1.8211,MQTT,gateway
2025-01-08T01:27:00,113.864,23.326,5.04,2.979,1.8031,MQTT,env_sensor
2025-01-08T23:35:00,91.481,15.779,6.171,9.8,1.5167,MQTT,actuator
2025-01-08T21:51:00,1911.741,59.602,3.928,139.659,0.0,HTTPS,camera
2025-01-08T04:20:00,46.408,28.784,0.1,3.469,2.9268,MQTT,env_sensor
2025-01-08T14:09:00,2231.191,56.465,3.122,127.943,0.3091,HTTPS,camera
2025-01-09T02:44:00,1570.788,43.172,6.588,129.494,0.5879,HTTPS,camera
2025-01-09T15:53:00,2553.756,92.526,3.305,164.279,0.4984,HTTPS,camera
2025-01-08T00:48:00,105.744,1.803,5.271,2.261,0.4821,CoAP,actuator
2025-01-08T01:01:00,403.93,41.903,4.01,108.67,1.4573,HTTPS,camera
2025-01-08T16:40:00,134.222,14.37,9.772,8.036,0.0,MQTT,actuator
2025-01-08T23:52:00,1149.673,72.018,5.61,126.335,2.6104,HTTPS,gateway
2025-01-09T12:31:00,982.146,61.803,3.571,65.299,0.2042,HTTPS,camera
2025-01-08T10:05:00,77.082,30.891,0.1,7.226,1.785,MQTT,env_sensor
2025-01-08T18:35:00,136.233,20.648,10.139,6.234,0.9532,MQTT,actuator
2025-01-09T12:17:00,103.252,43.225,8.456,2.356,2.0707,MQTT,env_sensor
2025-01-08T11:01:00,517.341,40.715,4.871,107.749,0.3251,HTTPS,gateway
2025-01-08T01:50:00,1118.752,26.809,15.754,76.375,0.6029,HTTPS,gateway
2025-01-09T14:43:00,26.706,31.425,2.343,3.729,1.2739,MQTT,env_sensor
2025-01-08T22:00:00,102.969,21.514,6.096,6.694,0.0,CoAP,actuator
2025-01-08T04:47:00,18.99,228.212,1.149,0.479,4.6762,LoRaWAN,smart_meter
2025-01-09T15:28:00,45.911,210.885,0.1,0.109,4.8627,LoRaWAN,smart_meter
2025-01-09T03:06:00,47.541,36.455,4.693,8.535,2.0403,MQTT,env_sensor
2025-01-08T09:32:00,102.008,10.56,7.601,15.586,1.5822,MQTT,actuator
2025-01-08T09:53:00,113.731,25.002,12.238,13.667,0.0,MQTT,actuator
2025-01-08T06:13:00,35.847,153.807,2.944,0.795,4.604,LoRaWAN,smart_meter
2025-01-08T11:02:00,45.155,10.374,1.101,3.257,2.1761,MQTT,env_sensor
2025-01-09T00:37:00,1074.899,49.244,9.728,102.85,1.0108,HTTPS,gateway
2025-01-08T20:55:00,107.025,32.559,2.85,14.273,0.0669,MQTT,actuator
2025-01-08T12:09:00,80.925,25.289,7.112,2.99,1.4917,MQTT,actuator
2025-01-08T07:24:00,1672.826,31.381,6.122,118.4,0.5709,HTTPS,gateway
2025-01-08T03:06:00,87.639,3.377,5.599,7.265,0.7946,MQTT,actuator
2025-01-08T13:29:00,2126.95,64.406,2.807,111.252,0.0,HTTPS,camera
2025-01-09T11:52:00,1706.588,71.837,6.602,63.209,0.5621,HTTPS,gateway
2025-01-08T09:00:00,700.473,39.229,10.789,75.601,1.1241,CoAP,gateway
2025-01-09T09:26:00,1939.359,136.429,0.852,154.164,1.5785,HTTPS,camera
2025-01-08T22:05:00,75.08,25.885,4.038,0.05,2.2657,MQTT,env_sensor
2025-01-07T23:28:00,98.561,19.118,8.28,6.272,1.2802,MQTT,actuator
2025-01-09T01:30:00,134.999,23.034,10.287,5.236,0.51,MQTT,actuator
2025-01-07T23:08:00,116.558,13.252,9.827,9.634,0.6098,MQTT,actuator
2025-01-08T18:16:00,82.314,36.343,0.685,5.319,0.5454,MQTT,env_sensor
2025-01-08T21:42:00,940.738,8.327,2.612,126.726,1.009,MQTT,gateway
2025-01-08T18:58:00,1240.171,64.786,2.096,53.058,0.2671,HTTPS,camera
2025-01-08T11:42:00,584.365,84.1,7.055,0.05,0.785,CoAP,camera
2025-01-09T12:06:00,22.738,107.88,2.621,0.05,2.4632,LoRaWAN,smart_meter
2025-01-09T14:17:00,1815.302,81.684,3.906,74.809,1.8652,HTTPS,camera
2025-01-08T18:18:00,890.867,34.064,9.218,87.429,0.8609,HTTPS,gateway
2025-01-08T10:59:00,65.292,18.841,1.529,2.58,1.8092,MQTT,env_sensor
2025-01-09T06:00:00,24.165,19.436,0.441,5.85,0.2568,MQTT,env_sensor
2025-01-09T16:01:00,81.436,11.529,3.397,5.151,1.4183,MQTT,env_sensor
2025-01-08T12:08:00,56.173,17.091,2.337,4.693,0.4594,MQTT,env_sensor
2025-01-08T17:32:00,130.095,15.578,4.458,13.638,1.8454,MQTT,actuator
2025-01-08T17:46:00,717.203,48.025,2.52,25.139,1.504,MQTT,gateway
2025-01-08T20:13:00,1076.283,21.876,8.046,83.888,1.6232,HTTPS,gateway
2025-01-09T06:38:00,23.469,139.473,0.241,1.089,2.4557,MQTT,smart_meter
2025-01-08T15:40:00,14.48,201.796,6.703,0.278,1.6813,LoRaWAN,smart_meter
2025-01-08T08:24:00,44.325,32.601,6.067,6.571,2.2444,MQTT,env_sensor
2025-01-09T01:42:00,1834.918,63.19,4.021,227.968,0.0083,HTTPS,camera
2025-01-08T09:48:00,2289.867,34.596,5.121,34.678,0.6144,HTTPS,camera
2025-01-09T15:57:00,71.491,27.58,5.882,0.05,1.9037,MQTT,env_sensor
2025-01-09T10:27:00,142.262,11.231,5.694,5.074,1.8197,MQTT,actuator
2025-01-08T00:04:00,106.5,10.613,5.05,2.689,0.5276,MQTT,actuator
2025-01-08T12:18:00,27.144,13.555,5.271,6.879,0.2084,CoAP,env_sensor
2025-01-08T03:32:00,640.114,11.787,6.811,20.669,2.0069,CoAP,gateway
2025-01-09T03:07:00,1328.11,21.713,7.717,37.577,0.614,HTTPS,gateway
2025-01-09T13:57:00,110.544,28.054,4.53,11.589,0.0,MQTT,actuator
2025-01-09T11:07:00,15.373,218.409,0.1,0.434,6.0973,LoRaWAN,smart_meter
2025-01-08T08:12:00,302.941,43.171,6.009,161.914,0.0,HTTPS,camera
2025-01-09T01:06:00,103.317,22.052,5.72,6.408,0.0,MQTT,actuator
2025-01-09T07:16:00,131.595,26.337,10.484,12.198,0.6645,CoAP,actuator
2025-01-08T11:55:00,20.361,190.673,2.272,0.05,4.7947,LoRaWAN,smart_meter
2025-01-08T20:54:00,23.117,190.666,1.18,0.521,3.567,LoRaWAN,smart_meter
2025-01-08T22:02:00,1586.804,88.281,7.763,112.12,0.7283,HTTPS,camera
2025-01-09T12:19:00,161.325,17.017,5.66,2.385,1.3985,CoAP,actuator
2025-01-08T21:25:00,50.741,39.913,4.85,1.599,0.8599,MQTT,env_sensor
2025-01-09T00:58:00,60.709,36.423,3.323,0.05,0.0,MQTT,env_sensor
2025-01-09T04:50:00,1456.277,63.119,0.1,199.002,0.3441,HTTPS,camera
2025-01-08T09:02:00,980.23,41.503,6.246,74.204,0.0,HTTPS,camera
2025-01-09T07:22:00,27.79,223.697,2.651,0.522,4.789,LoRaWAN,smart_meter
2025-01-09T01:18:00,108.777,29.883,1.595,4.193,0.729,MQTT,env_sensor
2025-01-08T12:36:00,102.519,32.269,4.13,4.888,3.3826,MQTT,env_sensor
2025-01-08T04:29:00,453.293,37.585,6.815,7.901,1.6773,CoAP,gateway
2025-01-09T06:27:00,136.147,13.013,8.542,12.738,0.1613,MQTT,actuator
2025-01-08T10:53:00,1124.776,59.802,6.498,81.235,0.4159,HTTPS,camera
2025-01-09T04:47:00,35.889,163.169,1.371,0.05,5.3806,LoRaWAN,smart_meter
2025-01-08T11:18:00,57.33,24.28,11.962,9.475,0.1271,MQTT,actuator
2025-01-08T16:20:00,78.635,17.999,2.935,2.319,3.0211,MQTT,env_sensor
2025-01-07T22:51:00,588.006,61.847,8.668,161.855,0.0751,HTTPS,camera
2025-01-08T01:03:00,168.952,1.0,9.443,12.973,0.0,MQTT,actuator
2025-01-08T15:37:00,31.392,113.883,1.079,0.494,2.2829,LoRaWAN,smart_meter
2025-01-08T15:13:00,158.671,6.755,7.645,5.866,0.3346,CoAP,actuator
2025-01-09T06:04:00,27.226,161.319,2.095,0.05,5.0638,LoRaWAN,smart_meter
2025-01-09T10:03:00,758.568,56.614,11.891,34.818,0.0,CoAP,gateway
2025-01-09T03:36:00,161.873,18.475,6.52,8.211,1.2656,MQTT,actuator
2025-01-09T13:16:00,1898.096,9.847,6.003,25.296,1.5333,CoAP,gateway
2025-01-08T07:08:00,18.091,181.811,4.47,0.567,0.7269,LoRaWAN,smart_meter
2025-01-08T22:16:00,82.644,40.358,3.914,8.161,2.1272,MQTT,env_sensor
2025-01-09T05:10:00,507.425,51.305,15.38,17.71,1.707,CoAP,gateway
2025-01-08T09:54:00,1735.753,44.434,2.646,94.804,0.8415,HTTPS,camera
2025-01-08T18:52:00,68.208,41.854,0.1,3.576,0.6981,MQTT,env_sensor
2025-01-07T23:32:00,1069.206,19.021,21.742,75.516,3.0782,HTTPS,gateway
2025-01-08T02:06:00,27.511,270.426,3.198,0.878,2.4679,LoRaWAN,smart_meter
2025-01-08T22:00:00,50.32,55.142,3.426,3.704,1.2459,MQTT,env_sensor
2025-01-08T16:43:00,97.735,26.349,0.741,5.228,1.6821,MQTT,actuator
2025-01-08T07:20:00,84.302,23.187,7.037,3.749,1.664,MQTT,actuator
2025-01-09T13:51:00,1472.937,68.548,6.366,62.21,0.0,HTTPS,gateway
2025-01-09T10:46:00,24.96,67.684,5.629,0.75,3.8111,LoRaWAN,smart_meter
2025-01-08T01:37:00,157.772,27.188,6.468,8.422,1.3685,MQTT,actuator
2025-01-08T15:57:00,163.509,8.829,4.721,6.35,2.1372,MQTT,actuator
2025-01-09T06:24:00,1832.489,72.961,3.389,107.55,0.0,HTTPS,camera
2025-01-08T03:43:00,56.146,51.217,5.026,5.98,0.0,MQTT,env_sensor
2025-01-08T17:58:00,120.533,25.209,7.966,57.68,1.062,MQTT,gateway
2025-01-09T10:49:00,61.031,11.603,5.595,5.163,2.2363,MQTT,actuator
2025-01-08T09:28:00,69.201,13.059,4.063,8.767,1.0677,MQTT,actuator
2025-01-09T05:57:00,22.013,246.439,1.031,0.05,3.548,LoRaWAN,smart_meter
2025-01-08T13:20:00,22.642,78.222,3.34,0.51,0.329,HTTPS,smart_meter
2025-01-09T03:06:00,102.86,16.615,9.043,6.706,0.7853,MQTT,actuator
2025-01-09T13:21:00,84.999,17.936,4.786,7.423,2.3741,MQTT,env_sensor
2025-01-09T02:58:00,115.975,17.978,2.269,9.401,1.5838,MQTT,env_sensor
2025-01-08T12:32:00,800.758,55.076,0.1,0.05,1.6905,CoAP,gateway
2025-01-09T08:46:00,2435.852,68.402,8.1,142.042,0.4041,HTTPS,camera
2025-01-08T21:17:00,21.489,117.44,1.256,0.246,4.2374,LoRaWAN,smart_meter
2025-01-08T06:03:00,837.075,65.726,2.792,0.05,0.8416,HTTPS,gateway
2025-01-09T03:33:00,82.427,26.043,3.492,6.209,0.4636,MQTT,actuator
2025-01-09T12:35:00,37.382,234.617,1.496,0.349,4.5147,LoRaWAN,smart_meter
2025-01-08T17:52:00,2153.973,38.065,0.1,153.548,1.5848,HTTPS,camera
2025-01-09T10:42:00,489.486,62.187,6.947,65.579,0.4483,HTTPS,gateway
2025-01-08T13:25:00,49.912,34.225,4.094,5.34,0.7612,MQTT,env_sensor
2025-01-08T04:27:00,110.151,6.028,3.974,3.04,0.9864,MQTT,actuator
2025-01-09T06:05:00,77.778,34.423,3.706,3.012,1.0973,MQTT,env_sensor
2025-01-08T14:39:00,49.854,28.31,0.1,4.946,2.3548,MQTT,env_sensor
2025-01-08T10:02:00,36.257,154.117,2.393,0.05,4.7313,LoRaWAN,smart_meter
2025-01-08T19:29:00,2433.886,66.509,6.24,100.919,0.7971,HTTPS,camera
2025-01-09T13:01:00,111.511,32.206,5.651,13.14,1.2233,MQTT,actuator
2025-01-08T05:10:00,25.847,34.056,3.418,0.05,0.7321,HTTPS,env_sensor
2025-01-08T00:06:00,24.82,132.278,1.707,0.844,5.7254,LoRaWAN,smart_meter
2025-01-08T02:57:00,76.846,21.311,7.857,6.032,0.2407,MQTT,actuator
2025-01-08T19:21:00,128.633,15.223,7.505,4.155,1.0286,MQTT,actuator
2025-01-09T00:20:00,73.015,16.587,8.646,7.565,1.7442,MQTT,actuator
2025-01-08T06:42:00,118.031,39.434,11.272,72.963,1.6002,MQTT,gateway
2025-01-08T08:27:00,1210.941,43.846,9.111,84.799,0.6343,HTTPS,gateway
2025-01-09T05:13:00,376.601,56.633,9.2,0.05,0.0269,CoAP,gateway
2025-01-09T04:42:00,1877.547,73.329,2.559,129.004,0.6185,HTTPS,camera
2025-01-08T11:10:00,19.993,187.142,2.095,0.245,3.1875,LoRaWAN,smart_meter
2025-01-09T07:12:00,85.501,38.592,3.437,10.002,1.734,MQTT,env_sensor
2025-01-09T14:03:00,1858.489,29.264,11.177,0.05,1.5557,CoAP,gateway
2025-01-08T22:24:00,8.0,15.044,4.131,11.394,0.0,HTTPS,env_sensor
2025-01-09T07:08:00,826.187,67.35,6.416,114.45,0.1386,HTTPS,gateway
2025-01-08T19:25:00,18.485,110.841,1.568,0.05,0.0,LoRaWAN,smart_meter
2025-01-08T02:25:00,757.778,92.819,0.1,28.717,1.9903,CoAP,gateway
2025-01-09T09:42:00,130.174,25.752,2.137,3.878,1.0442,MQTT,actuator
2025-01-08T13:13:00,121.546,15.524,6.958,3.441,0.6374,MQTT,actuator
2025-01-08T16:42:00,1476.815,37.369,8.666,9.468,0.2838,HTTPS,gateway
2025-01-09T14:23:00,84.795,8.39,2.184,8.443,0.9898,MQTT,actuator
2025-01-09T03:13:00,1273.1,25.274,1.912,24.53,0.3889,HTTPS,gateway
2025-01-08T04:48:00,1349.35,82.766,2.703,12.81,0.0,HTTPS,camera
2025-01-09T07:34:00,1094.688,125.601,3.836,130.232,1.3253,HTTPS,camera
2025-01-08T14:33:00,36.3,2.999,3.358,3.245,1.1995,MQTT,env_sensor
2025-01-09T00:50:00,534.19,69.077,1.521,0.05,0.6483,HTTPS,gateway
2025-01-09T15:59:00,86.061,9.813,16.235,13.115,0.2691,MQTT,actuator
2025-01-08T21:24:00,25.416,255.6,3.862,0.236,0.1327,LoRaWAN,smart_meter
2025-01-08T01:41:00,63.328,24.561,6.744,6.595,0.0817,CoAP,actuator
2025-01-08T20:56:00,136.493,16.988,11.15,7.733,1.0901,CoAP,actuator
2025-01-09T15:59:00,1564.726,51.608,3.586,123.497,0.982,HTTPS,camera
2025-01-08T22:44:00,26.553,1.0,4.019,4.155,1.137,MQTT,env_sensor
2025-01-08T19:30:00,36.211,15.37,1.702,4.931,0.1984,MQTT,env_sensor
2025-01-09T00:56:00,170.687,1.0,4.268,10.565,0.1938,MQTT,actuator
2025-01-08T06:39:00,1775.564,104.721,1.728,54.039,0.3513,HTTPS,camera
2025-01-09T13:29:00,1342.325,99.897,6.887,78.114,0.0,HTTPS,camera
2025-01-09T09:15:00,34.369,46.716,1.119,0.05,4.6561,MQTT,smart_meter
2025-01-08T13:34:00,75.719,1.0,6.554,0.321,1.1177,CoAP,env_sensor
2025-01-08T14:03:00,1355.64,37.396,6.486,55.548,0.2952,HTTPS,gateway
2025-01-08T23:19:00,498.381,51.414,5.491,225.576,0.8385,HTTPS,camera
2025-01-08T06:05:00,1229.065,34.042,13.19,51.446,3.0985,HTTPS,gateway
2025-01-09T15:22:00,2444.554,46.621,4.948,188.542,2.1491,HTTPS,camera
2025-01-08T16:02:00,132.926,26.245,8.112,0.05,0.0041,MQTT,actuator
2025-01-09T00:15:00,679.147,43.019,7.925,34.844,0.5107,CoAP,gateway
2025-01-09T03:19:00,40.621,196.78,2.021,0.179,6.5666,LoRaWAN,smart_meter
2025-01-08T04:41:00,83.163,7.719,2.195,7.352,0.6322,MQTT,env_sensor
2025-01-08T02:38:00,30.78,77.654,0.969,0.762,1.7046,MQTT,smart_meter
2025-01-09T13:52:00,31.599,208.25,0.1,0.369,2.6241,LoRaWAN,smart_meter
2025-01-08T17:24:00,113.445,10.735,8.332,9.226,1.4586,MQTT,actuator
2025-01-08T01:05:00,1500.43,46.993,0.752,103.329,0.0,HTTPS,camera
2025-01-08T09:28:00,8.0,56.269,11.246,143.128,0.4004,HTTPS,gateway
2025-01-07T23:58:00,552.703,18.085,8.612,101.358,0.4666,HTTPS,gateway
2025-01-08T04:02:00,37.749,171.177,4.794,0.63,4.4871,LoRaWAN,smart_meter
2025-01-08T14:23:00,2210.322,102.625,4.919,136.138,0.8095,HTTPS,camera
2025-01-08T11:26:00,79.522,17.415,7.616,9.577,1.4135,MQTT,actuator
2025-01-08T00:58:00,754.737,94.881,0.1,0.05,1.2842,CoAP,camera
2025-01-08T22:00:00,2081.307,74.925,5.3,52.538,0.7118,HTTPS,camera
2025-01-08T07:44:00,1574.355,42.997,2.535,85.359,1.2066,HTTPS,camera
2025-01-09T05:11:00,1947.867,63.916,5.561,98.339,0.2466,HTTPS,camera
2025-01-08T12:00:00,527.398,81.629,4.093,24.952,0.8777,HTTPS,gateway
2025-01-09T05:06:00,22.446,172.413,3.074,0.05,3.3837,LoRaWAN,smart_meter
2025-01-09T14:15:00,21.607,156.552,1.72,0.624,0.1366,LoRaWAN,smart_meter
2025-01-09T02:23:00,963.034,44.955,7.047,66.547,1.0239,CoAP,gateway
2025-01-09T10:35:00,24.645,269.009,2.57,0.288,3.6822,LoRaWAN,smart_meter
2025-01-09T08:46:00,95.437,19.206,5.103,5.562,0.2099,MQTT,actuator
2025-01-09T10:06:00,60.235,11.502,3.785,7.738,1.47,MQTT,env_sensor
2025-01-08T22:15:00,56.196,22.286,1.047,0.774,0.0,MQTT,env_sensor
2025-01-09T08:17:00,89.898,10.072,3.491,8.39,1.2786,MQTT,actuator
2025-01-08T07:34:00,21.755,189.993,4.208,0.15,2.546,LoRaWAN,smart_meter
2025-01-08T08:15:00,787.708,71.568,10.908,0.05,0.7673,CoAP,gateway
2025-01-08T12:19:00,1158.57,95.805,0.221,77.79,2.0646,HTTPS,gateway
2025-01-08T14:24:00,110.898,16.469,2.668,8.382,1.7801,MQTT,actuator
2025-01-08T04:11:00,83.734,9.389,5.386,7.5,2.4587,MQTT,env_sensor
2025-01-09T03:41:00,427.405,32.83,8.021,68.192,0.7701,HTTPS,gateway
2025-01-08T05:12:00,20.797,89.799,0.938,0.079,4.2782,MQTT,smart_meter
2025-01-09T04:01:00,35.382,12.147,3.82,5.222,2.4396,MQTT,env_sensor
2025-01-08T16:53:00,80.154,10.316,1.233,5.326,1.1477,MQTT,env_sensor
2025-01-08T12:05:00,107.904,73.378,9.236,99.242,1.5376,MQTT,gateway
2025-01-09T07:59:00,32.276,207.959,4.045,0.373,5.2053,LoRaWAN,smart_meter
2025-01-08T04:37:00,112.058,27.479,4.701,16.836,0.0634,MQTT,actuator
2025-01-08T00:41:00,8.0,32.825,16.097,102.076,2.3248,CoAP,gateway
2025-01-09T04:02:00,8.0,92.235,4.91,28.872,1.4921,MQTT,gateway
2025-01-08T15:27:00,497.318,53.996,8.8,57.511,0.33,HTTPS,gateway
2025-01-09T05:56:00,70.258,13.614,2.736,1.827,2.3441,MQTT,env_sensor
2025-01-08T15:46:00,25.022,183.411,2.282,0.395,4.9961,LoRaWAN,smart_meter
2025-01-09T10:33:00,94.772,35.229,4.022,1.463,3.3384,MQTT,env_sensor
2025-01-08T15:31:00,82.479,36.126,4.35,8.251,2.148,MQTT,env_sensor
2025-01-08T18:50:00,1472.33,118.335,15.721,73.547,2.2712,HTTPS,gateway
2025-01-09T10:36:00,26.352,158.376,2.713,0.859,3.9174,LoRaWAN,smart_meter
2025-01-09T09:13:00,2864.049,57.496,3.581,112.695,0.0,HTTPS,camera
2025-01-08T15:00:00,55.706,15.948,1.951,6.978,0.6205,MQTT,env_sensor
2025-01-09T12:14:00,61.719,10.601,1.066,6.655,0.6733,MQTT,env_sensor
2025-01-09T04:40:00,22.269,227.465,3.369,0.806,0.0,LoRaWAN,smart_meter
2025-01-08T15:36:00,37.042,115.441,4.302,0.738,1.394,LoRaWAN,smart_meter
2025-01-09T15:52:00,1349.167,26.962,0.1,31.043,1.0704,HTTPS,gateway
2025-01-09T05:32:00,2495.917,63.166,1.389,109.561,0.4401,HTTPS,camera
2025-01-08T15:58:00,70.591,42.985,3.035,4.191,2.4887,MQTT,env_sensor
2025-01-08T14:46:00,994.385,42.536,9.71,0.05,1.7621,CoAP,gateway
2025-01-09T11:10:00,1389.798,75.675,2.744,48.137,0.536,HTTPS,camera
2025-01-08T00:23:00,629.701,10.994,5.835,42.893,0.0778,CoAP,gateway
2025-01-08T08:17:00,94.174,16.979,11.848,11.307,1.5673,MQTT,actuator
2025-01-08T02:14:00,1225.919,59.897,6.943,114.077,1.009,HTTPS,camera
2025-01-08T20:43:00,8.0,37.935,3.652,5.168,0.3471,MQTT,env_sensor
2025-01-08T20:36:00,83.433,21.738,5.845,6.648,1.9687,CoAP,env_sensor
2025-01-08T14:31:00,27.527,8.998,3.503,2.573,2.1769,MQTT,env_sensor
2025-01-08T03:02:00,14.259,203.924,4.456,0.838,1.915,LoRaWAN,smart_meter
2025-01-09T09:19:00,118.024,15.427,1.722,7.203,1.2351,MQTT,actuator
2025-01-08T11:20:00,537.305,31.444,4.428,93.441,0.0,HTTPS,gateway
2025-01-08T12:46:00,29.945,50.83,2.721,0.436,4.838,MQTT,smart_meter
2025-01-09T14:15:00,93.76,26.83,1.734,10.172,0.193,MQTT,env_sensor
2025-01-08T23:30:00,26.041,216.566,2.13,0.304,0.0,LoRaWAN,smart_meter
2025-01-08T17:52:00,121.519,19.669,8.785,8.425,0.6481,MQTT,actuator
2025-01-09T05:33:00,96.007,36.684,3.165,0.05,1.5332,MQTT,env_sensor
2025-01-08T06:52:00,123.722,23.369,9.344,9.759,0.5259,MQTT,actuator
2025-01-08T16:50:00,97.824,34.303,0.891,4.151,0.0,MQTT,env_sensor
2025-01-07T23:07:00,106.983,25.208,9.242,13.074,0.0,CoAP,actuator
2025-01-08T00:27:00,1253.089,24.718,4.817,114.755,0.8254,HTTPS,gateway
2025-01-09T09:03:00,28.54,190.338,1.262,0.05,1.1069,LoRaWAN,smart_meter
2025-01-09T01:06:00,72.591,31.792,2.114,6.318,1.5525,MQTT,env_sensor
2025-01-08T19:18:00,27.869,173.593,1.136,0.08,3.9144,LoRaWAN,smart_meter
2025-01-08T03:37:00,94.809,28.037,2.086,1.834,0.0,MQTT,env_sensor
2025-01-08T00:27:00,123.501,12.838,10.327,8.96,1.3568,MQTT,actuator
2025-01-08T17:46:00,19.555,278.546,3.665,0.05,1.6379,LoRaWAN,smart_meter
2025-01-09T02:02:00,36.708,240.657,2.904,0.117,3.4141,LoRaWAN,smart_meter
2025-01-08T12:43:00,53.456,32.032,0.471,1.95,0.728,MQTT,env_sensor
2025-01-08T18:35:00,2698.996,16.812,3.798,41.485,0.5969,HTTPS,camera
2025-01-08T06:42:00,74.639,8.926,4.368,18.271,1.0843,MQTT,actuator
2025-01-08T21:53:00,112.796,24.142,3.349,0.05,2.4324,MQTT,env_sensor
2025-01-08T04:33:00,43.566,258.671,3.875,0.32,1.7237,MQTT,smart_meter
2025-01-08T22:14:00,726.464,92.159,10.09,96.751,0.5973,HTTPS,camera
2025-01-08T17:28:00,2133.185,15.907,0.1,191.046,0.782,HTTPS,camera
2025-01-08T18:07:00,38.264,16.072,4.178,4.962,2.2096,MQTT,env_sensor
2025-01-08T07:32:00,902.69,25.805,4.377,74.226,0.0,HTTPS,camera
2025-01-08T21:32:00,1219.372,7.786,3.46,40.755,1.4876,MQTT,gateway
2025-01-08T05:02:00,88.421,12.919,0.1,11.164,0.0,MQTT,actuator
2025-01-09T06:09:00,84.373,19.882,2.654,3.825,1.7163,MQTT,env_sensor
2025-01-08T11:54:00,2145.315,22.371,3.657,86.936,0.6375,HTTPS,camera
2025-01-08T16:00:00,547.134,84.16,6.026,76.835,1.6224,CoAP,camera
2025-01-09T13:56:00,1238.555,83.49,4.303,103.091,0.8399,HTTPS,camera
2025-01-09T15:30:00,108.684,15.519,3.486,0.309,1.8358,MQTT,env_sensor
2025-01-08T16:19:00,8.0,24.93,6.771,52.069,1.6556,MQTT,gateway
2025-01-08T15:06:00,81.714,32.226,2.178,5.784,1.2006,MQTT,env_sensor
2025-01-08T22:53:00,31.906,162.603,1.125,0.32,0.0,LoRaWAN,smart_meter
2025-01-09T02:41:00,90.115,18.502,12.79,11.8,0.319,CoAP,actuator
2025-01-09T02:57:00,21.668,152.123,2.245,0.523,0.0,LoRaWAN,smart_meter
2025-01-09T01:55:00,2288.569,92.559,3.2,138.517,0.0,HTTPS,camera
2025-01-08T00:31:00,8.0,18.857,0.1,68.702,0.0,HTTPS,gateway
2025-01-08T13:01:00,24.422,168.307,1.644,0.368,2.7477,LoRaWAN,smart_meter
2025-01-08T02:42:00,128.488,20.991,8.374,3.176,0.0,CoAP,actuator
2025-01-08T14:19:00,1222.449,56.22,14.312,66.344,2.5846,HTTPS,gateway
2025-01-09T09:01:00,728.601,55.769,6.193,48.825,2.3478,CoAP,gateway
2025-01-08T06:34:00,8.0,74.45,21.783,113.841,1.4111,CoAP,gateway
2025-01-08T18:02:00,54.261,22.901,0.435,1.313,1.8119,MQTT,env_sensor
2025-01-09T15:09:00,25.188,226.902,3.515,0.401,2.8674,LoRaWAN,smart_meter
2025-01-08T22:11:00,109.393,10.285,2.821,6.977,0.0,MQTT,actuator
2025-01-09T00:55:00,134.658,15.1,6.452,3.984,0.7782,MQTT,actuator
2025-01-08T02:33:00,115.996,22.991,6.245,1.179,1.3888,MQTT,actuator
2025-01-08T12:14:00,464.249,19.693,3.448,50.68,0.9573,HTTPS,gateway
2025-01-09T10:14:00,3278.179,54.208,4.329,120.111,0.6706,HTTPS,camera
2025-01-09T06:25:00,18.436,322.422,2.819,0.789,1.1082,LoRaWAN,smart_meter
2025-01-09T11:41:00,49.272,28.867,5.547,4.351,0.176,MQTT,env_sensor
2025-01-08T16:47:00,1483.544,31.065,2.475,116.241,0.899,HTTPS,camera
2025-01-08T13:38:00,28.604,11.711,3.541,7.888,0.8636,MQTT,env_sensor
2025-01-08T23:36:00,2206.384,67.505,8.482,74.344,0.249,HTTPS,camera
2025-01-09T01:48:00,1939.379,144.263,0.1,175.003,0.6447,HTTPS,camera
2025-01-09T14:40:00,90.373,27.612,2.981,10.177,1.4846,MQTT,env_sensor
2025-01-08T07:10:00,27.073,173.473,3.372,0.891,1.6934,LoRaWAN,smart_meter
2025-01-09T14:01:00,914.834,58.245,4.396,59.344,1.2033,HTTPS,gateway
2025-01-09T14:56:00,1208.166,33.402,11.22,7.332,0.8115,HTTPS,gateway
2025-01-08T08:11:00,255.981,37.432,12.666,122.304,0.3054,HTTPS,gateway
2025-01-08T04:07:00,1427.764,104.147,0.1,78.251,1.0324,HTTPS,camera
2025-01-09T10:02:00,129.981,7.034,7.793,8.938,1.8687,MQTT,actuator
2025-01-08T09:37:00,1128.831,104.093,1.338,6.159,0.4785,HTTPS,camera
2025-01-08T22:14:00,1286.924,54.688,9.163,78.913,0.0,HTTPS,gateway
2025-01-09T01:56:00,2007.352,55.569,4.521,142.459,0.6343,HTTPS,camera
2025-01-07T23:35:00,76.629,17.658,4.297,2.757,2.5614,MQTT,env_sensor
2025-01-08T10:47:00,791.749,42.802,3.345,33.531,0.8877,HTTPS,gateway
2025-01-08T21:58:00,66.073,27.548,5.779,7.521,1.847,CoAP,env_sensor
2025-01-08T20:23:00,151.794,21.205,6.695,16.328,0.4281,MQTT,actuator
2025-01-09T10:26:00,36.1,237.646,0.66,0.181,4.1568,LoRaWAN,smart_meter
2025-01-08T02:02:00,1167.899,63.606,5.905,5.022,1.3218,CoAP,gateway
2025-01-09T08:48:00,62.994,25.15,5.799,2.29,0.5548,CoAP,env_sensor
2025-01-08T11:06:00,8.0,15.565,2.788,6.263,0.2298,MQTT,env_sensor
2025-01-09T04:51:00,51.823,10.398,13.905,8.238,0.4646,CoAP,actuator
2025-01-09T12:43:00,1083.406,77.863,3.053,107.247,0.556,HTTPS,camera
2025-01-09T05:22:00,76.354,25.389,5.745,6.497,1.7697,MQTT,env_sensor
2025-01-08T21:56:00,123.222,12.443,6.642,14.105,0.4016,MQTT,actuator
2025-01-09T14:29:00,1224.991,49.44,7.246,0.05,1.7788,CoAP,gateway
2025-01-09T00:29:00,18.228,225.325,0.705,0.05,2.8194,LoRaWAN,smart_meter
2025-01-08T04:53:00,782.133,125.297,4.107,144.136,0.7553,HTTPS,camera
2025-01-08T04:54:00,2142.838,85.551,4.676,138.768,0.6001,HTTPS,camera
2025-01-09T09:04:00,518.84,78.691,6.684,110.96,0.315,HTTPS,camera
2025-01-08T04:46:00,1711.328,53.856,6.863,156.173,0.6934,HTTPS,camera
2025-01-08T07:03:00,1413.83,56.081,4.198,174.734,0.643,HTTPS,camera
2025-01-09T12:51:00,1178.675,39.81,8.033,82.003,2.0682,HTTPS,gateway
2025-01-09T09:47:00,858.143,26.738,11.473,31.216,1.3105,CoAP,gateway
2025-01-08T18:21:00,112.166,14.821,6.618,4.018,1.4732,MQTT,actuator
2025-01-09T07:49:00,2187.291,37.513,5.804,146.941,0.0,HTTPS,camera
2025-01-09T08:56:00,82.536,17.112,6.3,3.671,0.3964,CoAP,env_sensor
2025-01-08T18:22:00,90.1,15.369,2.441,0.573,0.0,MQTT,actuator
2025-01-08T08:10:00,424.961,32.38,5.229,32.64,0.0,CoAP,gateway
2025-01-08T05:00:00,62.091,32.947,3.386,6.021,3.0568,MQTT,env_sensor
2025-01-08T17:15:00,8.0,49.089,5.281,97.986,0.8649,HTTPS,gateway
2025-01-08T13:03:00,373.818,37.173,5.92,68.912,0.0294,HTTPS,camera
2025-01-08T04:32:00,1053.128,53.342,10.731,0.05,1.7319,CoAP,gateway
2025-01-09T13:00:00,93.712,49.138,1.041,5.548,0.9,MQTT,env_sensor
2025-01-09T14:51:00,971.157,43.939,5.282,118.359,0.1495,HTTPS,camera
2025-01-08T23:14:00,1918.114,66.891,1.856,178.321,0.5079,HTTPS,camera
2025-01-09T10:32:00,65.784,1.0,5.231,4.721,1.2694,MQTT,env_sensor
2025-01-08T12:33:00,167.808,25.62,8.227,11.268,1.6758,CoAP,actuator
2025-01-08T11:54:00,1178.693,71.825,11.15,7.202,0.0,HTTPS,gateway
2025-01-08T15:13:00,21.549,108.108,0.38,0.486,0.0308,LoRaWAN,smart_meter
2025-01-09T08:01:00,1293.574,42.102,8.978,108.943,0.7871,HTTPS,camera
2025-01-08T16:14:00,23.709,216.991,2.817,0.102,1.8528,LoRaWAN,smart_meter
2025-01-09T12:56:00,25.379,9.161,2.697,7.62,1.7041,MQTT,env_sensor
2025-01-08T17:17:00,892.009,56.361,6.791,5.006,0.739,CoAP,gateway
2025-01-08T19:52:00,1682.159,13.853,10.81,76.933,1.9665,CoAP,gateway
2025-01-09T14:27:00,67.917,37.18,2.796,2.342,1.2012,MQTT,env_sensor
2025-01-09T10:48:00,342.429,1.0,2.62,49.154,0.0,HTTPS,gateway
2025-01-08T06:58:00,52.206,13.997,1.811,3.179,0.0,MQTT,env_sensor
2025-01-08T00:55:00,146.977,23.557,0.418,10.142,1.1403,MQTT,actuator
2025-01-08T10:56:00,1484.898,46.227,7.997,86.586,0.7611,HTTPS,camera
2025-01-08T11:50:00,22.651,198.869,1.279,0.703,1.7226,LoRaWAN,smart_meter
2025-01-08T01:19:00,1409.937,28.369,10.124,76.093,2.9764,HTTPS,gateway
2025-01-08T14:14:00,19.454,169.155,0.1,0.262,3.1539,LoRaWAN,smart_meter
2025-01-09T04:35:00,994.004,36.297,4.447,10.418,0.9724,HTTPS,camera
2025-01-08T22:22:00,1402.337,65.928,2.426,16.965,1.5766,HTTPS,gateway
2025-01-08T23:42:00,85.544,35.242,3.822,1.906,0.0,MQTT,env_sensor
2025-01-09T04:23:00,22.88,142.946,0.107,0.688,1.3694,LoRaWAN,smart_meter
2025-01-08T22:26:00,31.935,215.19,3.954,0.348,1.0246,LoRaWAN,smart_meter
2025-01-09T03:34:00,27.312,178.78,3.242,0.534,0.816,LoRaWAN,smart_meter
2025-01-08T10:20:00,22.985,181.872,1.634,0.375,2.755,LoRaWAN,smart_meter
2025-01-08T21:32:00,109.429,37.506,2.023,5.272,3.6173,MQTT,env_sensor
2025-01-09T13:00:00,1802.629,43.192,3.765,44.703,0.7735,HTTPS,camera
2025-01-09T15:17:00,47.776,31.428,4.193,3.72,1.0293,MQTT,env_sensor
2025-01-08T04:24:00,23.537,220.001,0.928,0.807,6.0405,LoRaWAN,smart_meter
2025-01-09T12:57:00,122.466,25.443,5.215,4.082,0.467,MQTT,env_sensor
2025-01-08T17:39:00,270.307,19.082,4.172,60.276,0.2845,HTTPS,gateway
2025-01-08T20:45:00,423.326,54.745,5.317,149.281,0.2004,HTTPS,camera
2025-01-08T02:54:00,800.908,37.88,9.955,11.318,0.8839,CoAP,gateway
2025-01-08T16:41:00,39.394,61.553,0.1,0.614,3.8165,MQTT,smart_meter
2025-01-08T17:44:00,63.549,5.642,1.336,3.395,0.1085,MQTT,env_sensor
2025-01-08T16:03:00,17.286,233.269,3.006,0.146,3.4112,LoRaWAN,smart_meter
2025-01-08T07:37:00,47.651,26.991,4.66,7.426,2.0309,MQTT,env_sensor
2025-01-09T10:12:00,161.198,49.541,8.394,0.05,2.7928,CoAP,gateway
2025-01-09T08:32:00,1285.181,53.453,6.513,71.577,0.2136,HTTPS,camera
2025-01-08T21:47:00,1185.09,77.31,1.708,100.54,0.6956,HTTPS,camera
2025-01-08T21:17:00,86.92,41.224,1.557,6.872,1.8383,MQTT,env_sensor
2025-01-09T12:33:00,109.924,12.132,3.232,13.765,0.2737,MQTT,actuator
2025-01-08T19:45:00,77.071,16.55,4.275,5.998,2.2667,MQTT,env_sensor
2025-01-08T04:03:00,27.25,178.475,0.243,0.465,8.1521,LoRaWAN,smart_meter
2025-01-08T22:40:00,790.293,40.082,12.942,141.13,0.5339,HTTPS,gateway
2025-01-08T00:28:00,167.296,9.468,12.116,8.25,0.423,MQTT,actuator
2025-01-08T21:56:00,55.006,13.1,2.418,0.05,0.5946,MQTT,env_sensor
2025-01-08T09:41:00,130.163,9.556,8.34,14.45,1.9245,MQTT,actuator
2025-01-08T15:09:00,60.936,24.946,6.338,0.05,0.3726,CoAP,actuator
2025-01-09T12:28:00,16.027,201.461,2.575,0.301,1.4434,LoRaWAN,smart_meter
2025-01-09T11:40:00,20.864,183.005,3.205,0.363,1.7111,LoRaWAN,smart_meter
2025-01-09T01:04:00,1190.83,22.403,14.392,0.05,1.0914,CoAP,gateway
2025-01-09T00:24:00,77.238,1.0,0.121,0.1,1.3101,MQTT,env_sensor
2025-01-08T21:32:00,117.052,28.252,7.236,8.299,1.309,MQTT,actuator
2025-01-08T17:49:00,174.763,13.563,3.108,8.825,0.3588,MQTT,actuator
2025-01-08T19:57:00,132.345,41.96,3.634,1.455,2.0151,MQTT,env_sensor
2025-01-09T05:58:00,25.659,148.286,1.912,0.738,2.2713,LoRaWAN,smart_meter
2025-01-09T15:21:00,163.357,8.16,4.904,11.223,0.599,MQTT,actuator
2025-01-08T02:50:00,107.256,31.452,0.468,4.877,2.1668,MQTT,env_sensor
2025-01-08T19:27:00,1689.964,42.107,4.575,125.789,0.8038,HTTPS,camera
2025-01-08T10:39:00,23.675,223.758,3.005,0.409,0.0,LoRaWAN,smart_meter
2025-01-08T08:09:00,112.432,29.447,8.298,9.296,0.9882,MQTT,actuator
2025-01-08T18:15:00,18.6,157.279,3.085,0.454,2.3407,LoRaWAN,smart_meter
2025-01-09T11:32:00,65.402,22.616,3.314,5.875,0.0785,MQTT,env_sensor
2025-01-08T08:04:00,1239.068,63.556,12.317,55.134,0.5823,HTTPS,gateway
2025-01-08T03:23:00,1134.179,46.668,7.227,79.625,0.2095,HTTPS,gateway
2025-01-08T14:10:00,372.559,59.334,1.947,41.31,0.9688,HTTPS,gateway
2025-01-09T02:25:00,2410.081,57.517,5.994,111.367,0.6843,HTTPS,camera
2025-01-09T04:23:00,105.862,27.909,6.703,4.46,0.6213,MQTT,actuator
2025-01-09T09:38:00,550.698,94.744,5.996,42.483,0.6117,HTTPS,camera
2025-01-09T00:33:00,1729.745,23.078,2.788,125.136,0.9062,HTTPS,camera
2025-01-08T21:36:00,20.113,36.032,3.535,6.924,0.5002,MQTT,env_sensor
2025-01-08T13:13:00,1205.076,32.705,3.448,167.667,0.6085,HTTPS,camera
2025-01-08T11:37:00,35.985,195.465,0.432,0.325,3.2734,LoRaWAN,smart_meter
2025-01-09T15:07:00,30.573,204.47,2.366,0.64,3.579,LoRaWAN,smart_meter
2025-01-08T03:15:00,135.278,23.148,11.373,10.075,2.0106,MQTT,actuator
2025-01-08T22:32:00,71.153,10.752,4.985,8.193,0.7976,MQTT,actuator
2025-01-09T15:40:00,1508.464,50.842,5.252,35.97,1.2451,HTTPS,gateway
2025-01-08T18:19:00,585.582,63.251,4.202,39.086,1.0254,CoAP,gateway
2025-01-08T21:45:00,10.642,203.8,4.405,0.05,3.1293,LoRaWAN,smart_meter
2025-01-08T00:03:00,122.656,10.494,5.884,5.887,1.3153,CoAP,actuator
2025-01-08T05:52:00,22.322,181.327,1.001,0.721,2.0304,LoRaWAN,smart_meter
2025-01-08T22:01:00,29.158,194.723,1.943,0.7,2.8928,LoRaWAN,smart_meter
2025-01-08T00:56:00,55.58,26.974,4.35,1.854,1.8826,MQTT,env_sensor
2025-01-09T01:25:00,119.408,13.395,7.206,9.434,0.8572,MQTT,actuator
2025-01-09T15:53:00,28.206,131.765,2.859,0.265,0.2857,LoRaWAN,smart_meter
2025-01-08T06:10:00,32.87,127.176,2.182,0.247,4.6808,LoRaWAN,smart_meter
2025-01-08T09:11:00,102.566,18.448,6.684,7.219,3.1671,CoAP,actuator
2025-01-09T06:44:00,1301.022,73.374,7.377,95.377,0.7227,HTTPS,camera
2025-01-07T23:25:00,830.259,59.279,6.151,64.189,0.3422,HTTPS,gateway
2025-01-09T06:39:00,77.387,18.574,3.423,9.697,1.2267,MQTT,actuator
2025-01-09T02:18:00,133.291,48.743,7.133,3.203,1.1542,CoAP,env_sensor
2025-01-08T05:13:00,84.517,46.674,0.342,6.463,1.582,MQTT,env_sensor
2025-01-08T11:33:00,20.278,10.24,2.804,7.211,0.914,MQTT,env_sensor
2025-01-08T09:42:00,1746.571,35.799,5.959,51.608,0.4313,HTTPS,camera
2025-01-08T22:17:00,1089.62,45.01,3.978,117.537,0.0,HTTPS,camera
2025-01-09T02:25:00,170.507,1.0,6.39,7.402,0.5218,MQTT,actuator
2025-01-08T19:32:00,56.039,28.438,7.098,6.689,1.3209,MQTT,actuator
2025-01-07T23:45:00,53.764,37.572,4.308,2.703,2.2574,MQTT,env_sensor
2025-01-08T12:04:00,105.974,32.048,3.854,8.837,1.5619,MQTT,actuator
2025-01-09T00:53:00,106.101,44.064,2.632,3.424,2.8794,MQTT,env_sensor
2025-01-08T01:56:00,78.679,10.785,5.167,6.024,1.4626,MQTT,env_sensor
2025-01-08T14:00:00,72.346,30.627,5.462,0.05,0.5095,MQTT,env_sensor
2025-01-08T05:37:00,29.441,263.264,1.373,0.243,3.0797,LoRaWAN,smart_meter
2025-01-08T23:27:00,907.36,74.326,4.22,0.05,0.9183,HTTPS,gateway
2025-01-08T02:46:00,67.21,17.697,2.213,7.616,1.7625,MQTT,env_sensor
2025-01-08T09:12:00,342.244,57.308,9.594,53.076,1.5529,CoAP,gateway
2025-01-08T17:46:00,161.871,24.989,2.794,6.882,1.7675,MQTT,actuator
2025-01-08T10:37:00,117.686,33.094,3.902,2.554,0.5492,MQTT,actuator
2025-01-09T12:48:00,2664.246,43.998,5.522,67.32,0.6645,HTTPS,camera
2025-01-08T10:54:00,71.231,24.926,1.309,5.559,1.9258,MQTT,env_sensor
2025-01-09T13:53:00,120.0,28.868,1.592,5.092,0.0,MQTT,env_sensor
2025-01-08T13:57:00,1628.125,66.866,0.361,123.898,0.6316,HTTPS,camera
2025-01-08T20:49:00,1587.179,60.033,8.867,70.633,3.5548,HTTPS,gateway
2025-01-08T06:40:00,479.473,24.892,4.19,39.763,1.3918,CoAP,gateway
2025-01-08T13:17:00,65.747,18.111,0.1,3.658,0.0,MQTT,env_sensor
2025-01-08T15:59:00,28.255,221.919,0.406,0.572,5.4682,LoRaWAN,smart_meter
2025-01-08T15:21:00,2016.158,39.152,11.538,61.634,0.3047,HTTPS,gateway
2025-01-08T04:31:00,58.869,21.57,4.956,3.186,1.1718,MQTT,env_sensor
2025-01-09T09:57:00,15.428,98.107,0.376,0.569,7.6952,LoRaWAN,smart_meter
2025-01-09T12:34:00,1674.673,74.671,3.941,100.284,0.0862,HTTPS,camera
2025-01-08T17:31:00,828.551,42.193,8.028,67.955,1.0782,CoAP,gateway
2025-01-08T15:36:00,150.205,23.041,12.425,2.999,0.4005,MQTT,actuator
2025-01-09T00:11:00,1533.561,52.186,1.059,152.452,0.6952,HTTPS,camera
2025-01-08T03:11:00,2102.583,36.658,0.418,104.828,1.9667,HTTPS,camera
2025-01-08T07:33:00,69.41,23.049,10.592,5.057,1.1591,CoAP,actuator
2025-01-09T08:04:00,925.979,22.565,6.01,98.364,0.665,CoAP,gateway
2025-01-09T12:05:00,1366.412,28.073,8.129,0.05,1.3939,CoAP,gateway
2025-01-09T07:04:00,56.933,37.452,2.002,10.273,1.6517,MQTT,env_sensor
2025-01-08T20:31:00,26.954,11.346,0.496,5.226,1.9863,MQTT,env_sensor
2025-01-09T01:14:00,1299.172,120.075,3.772,38.21,0.4747,HTTPS,camera
2025-01-09T11:36:00,1710.554,48.895,7.812,190.982,0.0,HTTPS,camera
2025-01-08T02:32:00,87.427,17.094,6.836,8.514,0.274,MQTT,actuator
2025-01-08T05:47:00,72.868,27.536,2.299,0.05,1.2562,MQTT,env_sensor
2025-01-08T17:32:00,1426.483,28.304,5.52,133.235,0.0995,HTTPS,camera
2025-01-08T04:41:00,47.449,14.89,7.19,5.303,0.4152,MQTT,actuator
2025-01-08T23:14:00,61.363,45.624,3.452,1.433,0.4781,MQTT,env_sensor
2025-01-09T05:13:00,16.508,250.385,0.1,0.772,2.6958,LoRaWAN,smart_meter
2025-01-09T07:02:00,27.495,129.069,0.568,0.37,1.1631,LoRaWAN,smart_meter
2025-01-08T07:09:00,141.776,18.529,4.745,1.149,0.0,MQTT,actuator
2025-01-08T21:26:00,1777.027,39.635,10.545,88.236,0.4433,HTTPS,camera
2025-01-08T09:56:00,2176.181,66.259,6.196,0.249,0.0,HTTPS,camera
2025-01-08T01:56:00,50.081,25.655,10.116,5.489,1.5117,MQTT,actuator
2025-01-09T12:01:00,22.937,159.25,2.219,0.052,1.0742,LoRaWAN,smart_meter
2025-01-08T18:01:00,74.893,25.186,5.075,4.609,1.4216,CoAP,env_sensor
2025-01-08T20:39:00,1750.711,64.477,3.931,122.294,0.0,HTTPS,camera
2025-01-08T10:21:00,26.354,137.346,0.1,0.05,8.9164,LoRaWAN,smart_meter
2025-01-09T15:06:00,31.137,144.284,1.475,0.145,1.4492,LoRaWAN,smart_meter
2025-01-08T00:53:00,29.428,94.866,0.944,0.676,5.1814,LoRaWAN,smart_meter
2025-01-09T15:05:00,62.76,15.48,5.027,3.778,1.3048,MQTT,env_sensor
2025-01-09T05:10:00,92.71,29.814,4.236,5.395,0.5903,MQTT,actuator
2025-01-08T12:41:00,86.925,28.474,4.482,2.932,3.034,MQTT,env_sensor
2025-01-08T21:29:00,123.08,5.826,5.789,9.353,0.9794,MQTT,actuator
2025-01-07T23:53:00,8.0,5.005,1.645,77.171,0.0,HTTPS,gateway
2025-01-09T15:50:00,33.076,287.472,1.654,0.797,6.6681,LoRaWAN,smart_meter
2025-01-09T04:46:00,1504.771,54.911,3.474,111.068,0.9895,HTTPS,camera
2025-01-08T03:10:00,24.81,79.392,0.1,0.188,2.8676,MQTT,smart_meter
2025-01-08T23:58:00,79.086,23.683,3.544,10.325,0.8955,MQTT,actuator
2025-01-09T13:36:00,80.634,27.895,6.664,11.543,1.0437,MQTT,actuator
2025-01-08T01:40:00,546.251,68.306,9.321,53.053,0.6982,HTTPS,gateway
2025-01-08T20:46:00,2629.746,48.311,4.461,105.74,0.7564,HTTPS,camera
2025-01-08T21:58:00,22.877,152.044,2.898,0.311,8.653,LoRaWAN,smart_meter
2025-01-09T01:26:00,980.354,54.424,11.783,69.215,1.8994,CoAP,gateway
2025-01-09T15:57:00,814.675,80.181,0.1,63.688,0.3007,HTTPS,camera
2025-01-09T11:59:00,51.521,30.575,3.231,2.277,1.7921,MQTT,env_sensor
2025-01-07T23:23:00,377.948,56.509,9.925,12.524,0.5518,CoAP,gateway
2025-01-08T14:37:00,2075.006,87.83,3.894,74.952,1.3839,HTTPS,gateway
2025-01-08T20:46:00,157.143,15.823,3.572,8.74,0.9623,MQTT,actuator
2025-01-09T03:44:00,902.439,42.547,5.327,92.968,0.7883,HTTPS,camera
2025-01-09T02:01:00,138.968,27.215,0.1,9.182,0.6496,MQTT,actuator
2025-01-09T07:59:00,145.188,21.538,6.995,4.413,2.2896,MQTT,actuator
2025-01-09T00:10:00,1974.173,84.234,14.748,71.867,1.6866,HTTPS,gateway
2025-01-08T04:46:00,14.2,49.629,6.266,6.102,0.7119,CoAP,env_sensor
2025-01-09T05:19:00,35.694,147.14,2.775,0.398,1.1851,LoRaWAN,smart_meter
2025-01-08T15:39:00,27.212,282.96,1.672,0.272,1.4428,LoRaWAN,smart_meter
2025-01-08T16:29:00,105.777,11.974,4.212,12.868,0.4253,MQTT,actuator
2025-01-08T15:07:00,115.72,20.761,5.737,0.05,0.0253,CoAP,actuator
2025-01-08T00:30:00,79.45,36.633,0.1,7.204,1.0798,MQTT,env_sensor
2025-01-09T09:38:00,66.603,16.858,4.834,6.324,0.0,MQTT,actuator
2025-01-08T12:41:00,3085.481,80.452,2.515,69.876,0.6312,HTTPS,camera
2025-01-08T00:50:00,1294.558,62.824,2.083,226.137,0.7498,HTTPS,camera
2025-01-08T14:40:00,35.111,185.775,1.69,0.209,1.9679,LoRaWAN,smart_meter
2025-01-09T09:51:00,1283.413,49.831,8.629,91.297,1.7079,HTTPS,gateway
2025-01-08T22:18:00,952.892,43.689,5.034,0.05,1.9627,CoAP,gateway
2025-01-08T16:02:00,884.625,18.455,1.795,101.9,0.6272,HTTPS,gateway
2025-01-08T08:41:00,2565.143,44.389,2.537,207.448,0.699,HTTPS,camera
2025-01-08T18:40:00,118.689,12.615,8.639,0.05,0.1468,MQTT,actuator
2025-01-09T14:52:00,112.778,14.559,5.734,3.497,1.2274,MQTT,actuator
2025-01-08T19:20:00,771.757,40.458,7.528,95.761,1.0974,CoAP,gateway
2025-01-08T13:30:00,62.425,29.346,1.181,2.919,0.0,MQTT,env_sensor
2025-01-08T19:00:00,1874.5,66.747,4.603,227.482,0.2509,HTTPS,camera
2025-01-09T13:39:00,1849.141,85.493,4.154,168.293,0.3451,HTTPS,camera
2025-01-08T03:59:00,535.853,10.816,3.99,91.62,0.0531,HTTPS,camera
2025-01-09T10:22:00,20.968,229.183,0.859,0.35,1.9566,LoRaWAN,smart_meter
2025-01-08T10:28:00,128.85,18.398,5.717,13.929,1.6789,MQTT,actuator
2025-01-09T05:56:00,101.164,18.593,10.292,15.134,0.9614,MQTT,actuator
2025-01-08T09:06:00,550.087,38.63,3.464,69.109,0.8696,HTTPS,gateway
2025-01-08T21:11:00,53.286,150.029,1.979,0.29,2.585,MQTT,smart_meter
2025-01-08T17:44:00,128.976,12.895,0.658,6.124,0.1495,MQTT,actuator
2025-01-09T03:35:00,69.589,56.474,6.887,104.07,2.5236,MQTT,gateway
2025-01-08T15:02:00,107.356,23.178,5.204,7.476,1.1318,CoAP,actuator
2025-01-08T06:09:00,314.491,21.3,9.079,27.081,2.0929,CoAP,gateway
2025-01-08T12:22:00,3340.917,73.784,2.886,39.741,0.59,HTTPS,camera
2025-01-09T06:51:00,17.54,129.166,0.827,0.462,2.2371,LoRaWAN,smart_meter
2025-01-09T07:53:00,326.217,11.137,4.158,95.502,1.2905,MQTT,gateway
2025-01-09T00:59:00,41.054,125.025,3.962,0.31,2.9185,LoRaWAN,smart_meter
2025-01-08T00:56:00,141.494,26.916,7.446,9.42,1.1241,MQTT,actuator
2025-01-08T01:30:00,169.87,21.213,8.171,8.684,1.3009,MQTT,actuator
2025-01-09T14:06:00,96.503,33.091,1.841,7.135,0.0,MQTT,env_sensor
2025-01-08T19:02:00,66.946,20.898,7.213,5.741,0.9062,MQTT,actuator
2025-01-09T00:14:00,987.284,46.002,6.103,174.011,0.0998,HTTPS,camera
2025-01-09T12:52:00,27.38,193.127,0.1,0.356,3.1456,LoRaWAN,smart_meter
2025-01-09T00:35:00,164.705,8.882,4.846,14.747,0.7182,MQTT,actuator
2025-01-09T06:47:00,29.348,228.199,2.03,0.595,1.0756,LoRaWAN,smart_meter
2025-01-09T11:13:00,30.685,94.696,2.048,0.698,4.3499,MQTT,smart_meter
2025-01-08T21:20:00,98.785,17.042,7.013,7.03,0.3001,MQTT,actuator
2025-01-09T06:14:00,125.92,8.53,6.062,8.679,0.0,MQTT,actuator
2025-01-08T17:58:00,45.931,21.822,2.568,2.6,0.0,MQTT,env_sensor
2025-01-08T18:55:00,8.0,163.424,0.1,0.73,0.8151,LoRaWAN,smart_meter
2025-01-07T23:59:00,629.247,18.695,11.438,53.042,1.4965,CoAP,gateway
2025-01-08T04:35:00,91.076,26.907,0.1,1.713,1.5319,MQTT,env_sensor
2025-01-08T19:45:00,36.193,214.165,1.017,0.577,2.7384,LoRaWAN,smart_meter
2025-01-08T06:26:00,77.639,28.997,1.579,3.221,0.5089,MQTT,env_sensor
2025-01-08T01:14:00,157.374,1.0,5.408,11.854,0.2979,MQTT,actuator
2025-01-08T22:56:00,12.658,160.982,4.574,0.197,2.9422,LoRaWAN,smart_meter
2025-01-08T14:56:00,104.376,27.28,7.658,10.906,1.8097,CoAP,actuator
2025-01-09T08:02:00,78.53,13.4,4.318,7.385,1.0036,MQTT,env_sensor
2025-01-09T13:20:00,97.104,25.748,6.613,16.479,0.1104,MQTT,actuator
2025-01-08T06:05:00,99.517,26.886,6.035,1.108,0.0,MQTT,env_sensor
2025-01-09T15:20:00,890.655,53.316,7.91,64.546,1.2598,CoAP,gateway
2025-01-08T02:56:00,2257.941,82.683,5.652,80.953,1.0658,HTTPS,camera
2025-01-08T11:34:00,27.455,78.119,0.563,1.081,6.2215,MQTT,smart_meter
2025-01-08T12:19:00,21.645,173.233,2.463,0.485,2.3227,LoRaWAN,smart_meter
2025-01-09T13:44:00,109.104,6.537,6.416,10.328,0.0,MQTT,actuator
2025-01-08T18:13:00,8.0,60.611,8.624,113.109,0.5884,HTTPS,gateway
2025-01-08T15:29:00,253.425,34.843,0.1,65.318,0.0,HTTPS,gateway
2025-01-08T02:44:00,47.58,166.364,4.383,0.05,0.1811,LoRaWAN,smart_meter
2025-01-07T23:35:00,109.78,26.798,2.649,7.362,0.0,MQTT,actuator
2025-01-08T16:20:00,763.882,46.058,0.1,17.885,2.6745,MQTT,gateway
2025-01-08T21:53:00,25.827,156.896,0.1,0.256,2.3084,LoRaWAN,smart_meter
2025-01-08T05:54:00,10.753,180.387,1.291,0.22,3.6073,LoRaWAN,smart_meter
2025-01-08T16:33:00,248.827,35.445,7.621,94.202,1.7318,CoAP,gateway
2025-01-09T12:00:00,1769.327,56.509,0.1,171.776,1.1878,HTTPS,camera
2025-01-08T18:57:00,112.485,24.198,2.504,11.296,0.1109,MQTT,actuator
2025-01-08T11:05:00,385.743,62.311,5.438,106.549,2.5588,CoAP,gateway
2025-01-08T17:12:00,1497.494,76.206,2.73,98.255,0.6272,HTTPS,camera
2025-01-08T12:47:00,66.739,10.268,8.254,9.066,0.9413,MQTT,actuator
2025-01-08T22:45:00,2456.301,70.192,4.005,157.343,0.9861,HTTPS,camera
2025-01-08T00:18:00,548.577,41.118,1.969,95.196,1.1041,HTTPS,camera
2025-01-08T09:37:00,17.522,124.339,2.442,0.05,3.6466,LoRaWAN,smart_meter
2025-01-08T18:41:00,178.477,20.158,6.831,3.446,0.3198,MQTT,actuator
2025-01-08T06:37:00,28.993,125.024,2.291,0.793,7.016,LoRaWAN,smart_meter
2025-01-09T10:42:00,23.38,196.909,1.002,0.724,0.0,LoRaWAN,smart_meter
2025-01-09T13:07:00,111.242,23.249,1.213,2.465,0.0,MQTT,env_sensor
2025-01-08T23:22:00,27.792,157.134,2.004,0.325,1.5518,LoRaWAN,smart_meter
2025-01-09T09:46:00,951.268,23.859,11.449,29.613,2.6242,CoAP,gateway
2025-01-09T14:24:00,1535.879,63.721,9.385,103.979,0.0,HTTPS,camera
2025-01-08T20:39:00,116.925,36.461,6.917,10.443,0.4126,CoAP,actuator
2025-01-08T01:45:00,50.418,30.13,4.311,3.041,2.4318,MQTT,env_sensor
2025-01-08T06:55:00,34.671,238.426,2.743,0.525,4.5151,LoRaWAN,smart_meter
2025-01-09T10:07:00,136.872,46.684,2.331,23.508,1.264,MQTT,camera
2025-01-09T05:38:00,130.107,59.313,4.221,53.608,1.5696,MQTT,gateway
2025-01-08T12:25:00,60.362,4.585,2.045,5.436,1.6442,MQTT,env_sensor
2025-01-09T09:51:00,1466.262,46.07,8.777,104.502,1.6083,HTTPS,camera
2025-01-08T12:45:00,25.952,144.295,4.44,0.267,2.2709,LoRaWAN,smart_meter
2025-01-09T07:44:00,81.091,20.248,10.82,5.387,0.0,CoAP,actuator
2025-01-08T13:34:00,26.963,119.358,4.679,0.241,1.8226,LoRaWAN,smart_meter
2025-01-08T19:52:00,27.272,157.779,1.396,0.738,0.4891,LoRaWAN,smart_meter
2025-01-09T08:10:00,1940.684,33.098,2.121,67.685,1.0742,HTTPS,camera
2025-01-08T11:49:00,761.1,44.66,2.203,52.824,0.4925,HTTPS,gateway
2025-01-09T04:44:00,132.801,22.23,5.975,10.271,0.9845,MQTT,actuator
2025-01-09T08:50:00,99.572,24.082,5.69,13.843,1.1939,MQTT,actuator
2025-01-08T20:52:00,714.859,62.229,3.504,29.245,0.1723,HTTPS,gateway
2025-01-09T15:52:00,2328.535,54.999,2.673,53.634,0.7453,HTTPS,camera
2025-01-07T23:46:00,96.323,28.141,9.353,11.258,0.8042,MQTT,actuator
2025-01-09T11:27:00,31.605,110.391,3.432,0.915,5.2941,LoRaWAN,smart_meter
2025-01-08T14:04:00,1526.053,62.445,4.614,160.764,0.0,HTTPS,camera
2025-01-08T13:47:00,31.53,149.748,2.315,0.451,5.5998,LoRaWAN,smart_meter
2025-01-09T13:46:00,77.373,23.374,0.1,0.05,0.8701,MQTT,env_sensor
2025-01-08T08:03:00,26.191,132.007,2.058,0.598,3.2017,LoRaWAN,smart_meter
2025-01-08T07:41:00,1102.276,43.289,4.175,91.058,0.9872,HTTPS,gateway
2025-01-09T06:02:00,46.611,19.0,2.235,0.05,0.9743,MQTT,env_sensor
2025-01-08T04:59:00,89.206,39.435,0.1,1.776,0.5475,MQTT,env_sensor
2025-01-09T13:49:00,1523.647,99.111,0.263,188.597,1.0713,HTTPS,camera
2025-01-09T09:52:00,1066.088,32.74,5.417,28.376,4.0925,CoAP,gateway
2025-01-08T20:38:00,767.589,51.906,8.488,32.201,1.9852,CoAP,gateway
2025-01-09T02:24:00,1436.342,34.772,0.1,137.713,0.0,HTTPS,camera
2025-01-08T20:03:00,2241.554,71.184,5.804,128.36,0.4561,HTTPS,camera
2025-01-09T09:24:00,177.389,30.23,7.619,2.822,0.8692,CoAP,actuator
2025-01-07T22:59:00,24.437,103.843,2.553,0.476,3.3326,LoRaWAN,smart_meter
2025-01-08T13:20:00,99.905,3.398,4.025,12.048,0.5404,MQTT,actuator
2025-01-09T09:00:00,30.206,222.668,1.639,0.417,2.7125,LoRaWAN,smart_meter
2025-01-09T03:09:00,26.809,176.801,1.629,0.573,4.6142,LoRaWAN,smart_meter
2025-01-08T00:43:00,50.928,230.355,2.237,0.05,2.9743,MQTT,smart_meter
2025-01-08T17:40:00,156.905,8.644,5.965,7.504,1.4492,MQTT,actuator
2025-01-08T06:01:00,1653.723,1.0,7.031,123.533,1.3179,HTTPS,camera
2025-01-09T12:19:00,1321.293,47.761,14.842,47.093,2.2602,CoAP,gateway
2025-01-08T12:39:00,25.508,166.874,3.1,0.468,4.892,LoRaWAN,smart_meter
2025-01-09T00:27:00,1997.276,37.902,12.093,49.468,1.0053,CoAP,gateway
2025-01-08T17:06:00,83.473,21.28,10.239,0.05,0.3051,MQTT,actuator
2025-01-08T04:46:00,119.158,8.149,8.108,8.379,0.2456,MQTT,actuator
2025-01-09T14:32:00,28.337,198.528,0.75,0.05,2.5197,LoRaWAN,smart_meter
2025-01-08T06:24:00,835.575,67.687,3.31,187.534,0.5481,HTTPS,camera
2025-01-09T03:25:00,29.567,273.293,1.887,0.05,3.0496,LoRaWAN,smart_meter
2025-01-08T09:09:00,915.445,65.137,7.177,19.433,1.1478,CoAP,gateway
2025-01-09T14:14:00,35.281,31.8,4.89,2.534,1.5356,MQTT,env_sensor
2025-01-08T20:13:00,132.13,3.857,6.972,8.682,1.2569,MQTT,actuator
2025-01-08T06:31:00,137.028,1.0,1.69,9.522,1.841,MQTT,actuator
2025-01-08T15:53:00,112.751,16.556,6.515,9.572,0.9287,CoAP,actuator
2025-01-09T07:18:00,8.0,7.946,5.455,4.945,0.9048,CoAP,env_sensor
2025-01-09T11:32:00,29.386,100.227,3.693,0.567,5.4123,LoRaWAN,smart_meter
2025-01-08T12:57:00,13.602,139.391,1.168,0.559,3.6827,MQTT,smart_meter
2025-01-08T06:55:00,628.75,67.178,8.034,108.017,0.3102,HTTPS,gateway
2025-01-09T01:53:00,686.523,30.587,7.909,81.428,0.0703,HTTPS,gateway
2025-01-09T00:43:00,85.484,34.197,2.715,0.05,0.0,MQTT,env_sensor
2025-01-08T21:28:00,97.455,26.314,6.612,6.899,0.8873,MQTT,actuator
2025-01-09T03:02:00,61.821,34.101,3.679,1.242,2.0043,MQTT,env_sensor
2025-01-08T19:16:00,12.611,262.828,0.539,0.818,4.2377,LoRaWAN,smart_meter
2025-01-08T01:59:00,66.158,42.661,7.391,5.735,0.0,CoAP,env_sensor
2025-01-09T04:08:00,1013.077,26.977,6.239,114.457,3.5676,CoAP,gateway
2025-01-09T07:56:00,88.199,26.118,8.171,11.376,1.3244,MQTT,actuator
2025-01-09T13:22:00,60.424,29.337,4.134,6.512,0.8439,MQTT,env_sensor
2025-01-09T07:08:00,1658.342,50.808,5.303,24.34,0.5867,HTTPS,camera
2025-01-09T14:38:00,90.419,7.481,4.701,8.948,0.0,MQTT,actuator
2025-01-08T09:54:00,74.971,41.008,2.736,3.657,0.0,MQTT,env_sensor
2025-01-08T15:08:00,92.985,20.282,4.184,2.677,2.2106,MQTT,env_sensor
2025-01-09T01:45:00,79.311,18.746,3.421,3.054,0.6553,MQTT,env_sensor
2025-01-09T15:14:00,44.893,11.81,3.391,0.76,1.2629,MQTT,env_sensor
2025-01-09T02:33:00,33.42,216.272,2.121,0.175,6.89,LoRaWAN,smart_meter
2025-01-08T17:08:00,2936.457,96.586,5.705,103.061,1.6313,HTTPS,camera
2025-01-09T10:04:00,917.38,30.916,0.1,8.92,2.7876,MQTT,gateway
2025-01-09T11:14:00,95.676,21.176,7.128,0.05,2.4133,MQTT,gateway
2025-01-08T12:17:00,56.101,28.985,3.066,3.016,1.7716,MQTT,env_sensor
2025-01-08T03:15:00,22.989,207.036,0.55,0.659,0.5179,LoRaWAN,smart_meter
2025-01-08T17:19:00,52.34,17.053,4.238,3.901,0.647,MQTT,env_sensor
2025-01-09T09:34:00,156.759,25.664,6.754,12.066,0.8257,MQTT,actuator
2025-01-07T23:58:00,94.175,17.227,0.54,3.288,2.0498,MQTT,env_sensor
2025-01-08T16:36:00,583.008,60.724,5.521,89.064,0.1645,HTTPS,gateway
2025-01-09T02:53:00,49.418,18.701,1.255,10.079,2.0982,MQTT,env_sensor
2025-01-09T01:56:00,108.799,44.727,0.1,3.554,2.1182,MQTT,env_sensor
2025-01-08T00:52:00,89.418,17.155,6.872,2.684,1.8538,MQTT,env_sensor
2025-01-09T13:05:00,1241.249,82.856,1.452,129.17,0.7699,HTTPS,camera
2025-01-08T14:43:00,8.0,118.919,3.275,59.213,0.0,HTTPS,camera
2025-01-08T08:07:00,723.671,45.625,0.674,58.891,2.9037,HTTPS,gateway
2025-01-08T04:09:00,31.07,238.729,2.686,0.494,3.3064,MQTT,smart_meter
2025-01-09T10:05:00,796.707,51.999,5.119,8.875,0.6754,CoAP,gateway
2025-01-08T05:42:00,79.903,43.066,1.6,5.345,1.6101,MQTT,env_sensor
2025-01-09T02:25:00,897.579,39.66,0.403,0.372,0.0,HTTPS,gateway
2025-01-08T13:11:00,52.531,33.607,1.853,8.185,0.0,MQTT,env_sensor
2025-01-09T07:45:00,106.779,20.414,7.681,10.058,0.8914,MQTT,actuator
2025-01-09T11:54:00,81.981,20.449,5.457,12.626,1.0096,MQTT,actuator
2025-01-09T15:04:00,1260.386,65.098,14.201,31.807,1.5949,CoAP,gateway
2025-01-08T19:56:00,117.095,11.12,9.664,12.23,0.0,MQTT,actuator
2025-01-09T03:05:00,74.483,38.748,4.462,0.638,2.025,MQTT,env_sensor
2025-01-07T23:14:00,1971.588,1.0,4.633,82.109,0.0,HTTPS,camera
2025-01-08T07:44:00,90.058,27.717,1.976,0.05,0.5666,MQTT,env_sensor
2025-01-08T14:45:00,122.464,1.0,5.425,7.958,0.4558,MQTT,actuator
2025-01-08T02:48:00,551.361,58.219,7.218,48.705,0.0,HTTPS,gateway
2025-01-08T17:43:00,87.682,19.983,3.449,9.17,1.8612,MQTT,env_sensor
2025-01-09T05:23:00,122.533,6.527,3.258,12.016,0.4343,MQTT,actuator
2025-01-08T09:20:00,88.826,20.859,0.316,8.249,2.3522,MQTT,env_sensor
2025-01-09T14:32:00,58.6,1.608,4.554,0.271,0.0,MQTT,env_sensor
2025-01-08T18:36:00,30.636,33.409,4.919,6.349,0.0,HTTPS,env_sensor
2025-01-08T22:04:00,108.969,14.979,0.694,1.304,1.467,MQTT,env_sensor
2025-01-09T11:36:00,743.005,36.145,7.37,84.398,0.8048,HTTPS,gateway
2025-01-09T02:34:00,1574.497,80.102,8.238,61.417,0.1036,HTTPS,camera
2025-01-08T10:35:00,1051.152,65.211,9.125,72.333,0.0,HTTPS,gateway
2025-01-08T11:31:00,1707.057,52.059,5.094,180.283,1.1174,HTTPS,camera
2025-01-08T15:36:00,2385.338,82.286,5.399,93.82,1.3526,HTTPS,camera
2025-01-08T09:35:00,21.351,200.968,3.786,0.485,0.3204,LoRaWAN,smart_meter
2025-01-08T08:10:00,31.506,117.896,4.931,0.55,4.7633,LoRaWAN,smart_meter
2025-01-09T01:29:00,1879.493,96.961,0.957,95.921,1.4069,HTTPS,camera
2025-01-08T03:45:00,428.226,42.85,9.215,49.157,0.0828,CoAP,gateway
2025-01-09T05:45:00,19.211,267.192,3.091,0.54,3.2324,LoRaWAN,smart_meter
2025-01-09T06:01:00,1183.012,60.603,1.27,91.12,0.6839,HTTPS,gateway
2025-01-08T18:09:00,1623.63,48.931,6.054,164.417,0.0979,HTTPS,camera
2025-01-08T10:03:00,30.78,161.972,4.22,0.05,0.0,LoRaWAN,smart_meter
2025-01-08T06:59:00,1094.729,53.523,6.028,144.62,0.0251,HTTPS,camera
2025-01-09T14:08:00,1127.585,33.239,0.1,66.716,0.5137,HTTPS,camera
2025-01-08T02:20:00,1710.132,52.5,0.1,128.487,0.6309,HTTPS,camera
2025-01-09T08:26:00,84.691,27.445,3.278,3.589,1.305,MQTT,actuator
2025-01-09T11:45:00,1285.739,96.233,12.489,109.941,0.9514,HTTPS,camera
2025-01-09T11:10:00,22.402,173.429,2.178,0.162,0.8775,LoRaWAN,smart_meter
2025-01-09T01:33:00,1167.235,41.451,4.437,273.204,0.7355,HTTPS,camera
2025-01-09T12:20:00,1132.551,71.487,8.073,41.929,0.9774,HTTPS,gateway
2025-01-08T08:39:00,54.284,21.215,1.804,6.218,1.4688,MQTT,env_sensor
2025-01-09T02:29:00,101.574,39.736,5.974,2.544,1.6594,CoAP,env_sensor
2025-01-08T00:11:00,83.987,6.958,2.644,3.511,0.0,MQTT,env_sensor
2025-01-09T04:31:00,1859.277,56.479,0.135,65.335,0.0,HTTPS,gateway
2025-01-09T04:43:00,138.214,12.7,8.288,2.508,1.786,MQTT,actuator
2025-01-07T23:22:00,2026.231,24.804,5.568,0.05,0.0323,HTTPS,camera
2025-01-09T10:18:00,2936.688,89.51,1.744,116.736,0.2188,HTTPS,camera
2025-01-08T16:18:00,1287.4,65.114,9.562,23.738,0.2112,HTTPS,gateway
2025-01-08T13:48:00,87.95,32.811,5.209,2.383,0.47,CoAP,env_sensor
2025-01-08T16:48:00,816.045,48.98,3.861,9.796,1.4582,CoAP,gateway
2025-01-08T08:50:00,23.328,309.339,1.86,0.91,3.6264,LoRaWAN,smart_meter
2025-01-09T14:14:00,2202.096,87.202,0.1,120.446,1.2085,HTTPS,camera
2025-01-08T23:18:00,1382.708,40.486,2.527,134.619,0.6362,HTTPS,camera
2025-01-09T16:16:00,1455.993,44.655,12.733,64.8,0.9533,HTTPS,gateway
2025-01-08T09:00:00,571.17,77.128,9.038,139.465,0.0,HTTPS,camera
2025-01-08T08:00:00,27.736,1.0,0.332,0.804,1.6856,MQTT,smart_meter
2025-01-08T19:30:00,2123.863,98.248,4.968,31.504,0.1232,HTTPS,camera
2025-01-09T12:24:00,533.637,56.356,10.526,97.929,2.6508,CoAP,gateway
2025-01-08T05:55:00,32.843,200.68,0.1,0.509,5.2168,LoRaWAN,smart_meter
2025-01-08T20:05:00,1436.927,58.49,10.52,62.781,0.3568,HTTPS,camera
2025-01-09T01:16:00,30.777,117.133,5.973,0.05,2.2613,LoRaWAN,smart_meter
2025-01-08T03:05:00,73.451,32.615,3.708,1.141,1.1688,MQTT,env_sensor
2025-01-09T10:49:00,1104.722,38.422,10.572,109.07,1.2217,HTTPS,gateway
2025-01-09T03:06:00,898.89,43.703,0.217,57.78,1.3595,HTTPS,gateway
2025-01-08T01:06:00,767.985,56.003,2.724,135.38,1.0726,HTTPS,camera
2025-01-09T07:39:00,1158.402,21.514,2.188,165.366,0.5219,HTTPS,camera
2025-01-08T20:12:00,76.672,52.089,0.955,6.179,1.0363,MQTT,env_sensor
2025-01-08T04:49:00,109.222,1.0,0.829,6.941,0.9412,MQTT,env_sensor
2025-01-09T14:27:00,119.026,21.016,10.164,8.407,0.8092,MQTT,actuator
2025-01-08T10:58:00,77.821,28.188,0.134,0.05,1.1277,MQTT,env_sensor
2025-01-08T11:08:00,245.858,66.304,0.1,49.191,0.4413,MQTT,gateway
2025-01-09T14:34:00,1769.307,10.328,2.534,229.69,0.8423,HTTPS,camera
2025-01-09T07:37:00,116.858,18.895,6.34,18.514,1.1614,MQTT,actuator
2025-01-08T00:21:00,105.295,28.908,0.389,1.966,1.0249,MQTT,env_sensor
2025-01-08T10:00:00,440.081,36.321,0.358,22.881,1.0865,MQTT,gateway
2025-01-08T23:39:00,101.629,43.325,1.71,57.243,1.7036,MQTT,gateway
2025-01-08T07:25:00,87.065,18.877,3.367,9.397,0.4847,MQTT,actuator
2025-01-08T07:54:00,2214.106,11.082,5.351,165.304,0.8738,HTTPS,camera
2025-01-08T21:36:00,2787.917,63.465,6.002,126.509,0.8721,HTTPS,camera
2025-01-09T11:13:00,1809.36,64.815,0.657,165.131,0.6623,HTTPS,camera
2025-01-08T03:48:00,188.929,56.046,10.265,21.324,0.7783,CoAP,gateway
2025-01-08T09:41:00,34.759,135.725,4.066,0.334,3.6288,LoRaWAN,smart_meter
2025-01-08T03:31:00,487.376,20.014,6.605,69.356,1.9135,CoAP,gateway
2025-01-08T19:28:00,2207.064,64.885,5.946,89.886,0.5208,HTTPS,camera
2025-01-08T00:20:00,22.423,179.274,0.754,0.05,1.4029,LoRaWAN,smart_meter
2025-01-08T23:07:00,15.956,182.258,1.323,0.585,4.7714,LoRaWAN,smart_meter
2025-01-09T16:06:00,67.448,40.411,0.298,0.05,0.0,MQTT,env_sensor
2025-01-09T00:28:00,719.042,6.661,2.963,114.197,0.197,HTTPS,camera
2025-01-09T13:01:00,8.0,52.227,8.064,43.473,0.6896,HTTPS,gateway
2025-01-08T19:52:00,38.656,31.152,5.037,1.338,1.6727,MQTT,env_sensor
2025-01-09T00:04:00,1340.853,61.104,3.067,99.509,1.4934,HTTPS,camera
2025-01-08T10:30:00,103.65,49.308,4.097,2.756,2.0371,MQTT,env_sensor
2025-01-08T04:01:00,34.102,20.247,1.732,3.892,1.466,MQTT,env_sensor
2025-01-08T21:15:00,89.718,17.222,0.1,9.443,0.0,MQTT,actuator
2025-01-08T02:45:00,258.955,58.913,7.123,0.05,2.0907,CoAP,gateway
2025-01-08T15:01:00,31.77,185.308,3.22,0.286,5.2305,LoRaWAN,smart_meter
2025-01-09T05:16:00,1414.479,70.151,3.101,131.525,0.0187,HTTPS,camera
2025-01-09T09:55:00,72.442,24.634,5.325,9.264,2.0875,MQTT,actuator
2025-01-08T21:14:00,127.283,12.124,8.759,6.421,0.8273,MQTT,actuator
2025-01-09T09:00:00,113.752,18.592,8.376,12.004,1.1374,MQTT,actuator
2025-01-07T23:33:00,63.225,24.63,0.1,0.05,1.5286,MQTT,env_sensor
2025-01-09T13:43:00,36.733,117.758,3.248,0.325,6.3606,LoRaWAN,smart_meter
2025-01-08T23:27:00,2878.891,60.539,5.134,51.528,0.5702,HTTPS,camera
2025-01-08T23:19:00,525.692,41.551,6.626,25.816,2.7711,CoAP,gateway
2025-01-09T07:49:00,98.961,19.904,3.394,1.839,1.0049,MQTT,env_sensor
2025-01-08T06:29:00,105.51,13.3,1.862,4.572,2.1596,MQTT,env_sensor
2025-01-08T08:16:00,1057.39,64.718,5.279,50.725,0.0,HTTPS,gateway
2025-01-09T10:29:00,94.559,23.689,9.875,7.329,0.7489,MQTT,actuator
2025-01-08T19:20:00,25.579,244.005,2.245,0.517,3.7346,LoRaWAN,smart_meter
2025-01-09T09:47:00,33.28,113.19,4.525,0.462,0.1411,LoRaWAN,smart_meter
2025-01-09T10:20:00,1184.781,42.706,4.452,45.271,1.3524,HTTPS,camera
2025-01-08T03:35:00,408.981,38.054,5.644,0.05,0.717,CoAP,gateway
2025-01-08T21:09:00,72.091,28.295,5.689,0.05,1.1705,CoAP,env_sensor
2025-01-09T09:37:00,515.438,83.41,7.655,41.971,2.4221,CoAP,gateway
2025-01-09T10:38:00,84.978,20.257,4.745,7.464,0.0,MQTT,actuator
2025-01-08T14:05:00,715.681,55.616,4.707,75.472,0.6331,HTTPS,camera
2025-01-08T11:48:00,40.118,127.888,2.287,0.485,3.1363,LoRaWAN,smart_meter
2025-01-08T10:37:00,981.529,58.744,4.116,111.556,0.5125,HTTPS,camera
2025-01-08T18:04:00,88.504,18.354,5.476,7.378,0.0,MQTT,actuator
2025-01-08T07:26:00,35.148,42.779,0.1,1.823,0.6504,MQTT,env_sensor
2025-01-08T10:35:00,103.011,7.229,5.922,2.88,1.1767,MQTT,env_sensor
2025-01-08T00:27:00,37.566,197.522,2.041,0.882,5.537,LoRaWAN,smart_meter
2025-01-08T17:59:00,187.958,23.149,3.64,4.147,0.0,MQTT,actuator
2025-01-09T15:00:00,15.652,224.008,0.1,0.53,2.3358,LoRaWAN,smart_meter
2025-01-08T07:12:00,36.958,32.788,1.501,6.45,1.4721,MQTT,env_sensor
2025-01-08T21:12:00,130.851,19.509,7.082,7.269,1.0222,MQTT,actuator
2025-01-09T05:39:00,83.127,15.269,0.1,0.05,1.7288,MQTT,env_sensor
2025-01-07T23:11:00,69.736,1.0,6.969,6.314,0.6824,MQTT,env_sensor
2025-01-08T17:35:00,147.98,18.429,4.175,5.039,1.1516,MQTT,actuator
2025-01-09T00:24:00,135.125,10.494,2.149,3.056,0.0,MQTT,actuator
2025-01-09T14:55:00,1169.136,96.765,2.606,186.733,0.4229,HTTPS,camera
2025-01-08T17:03:00,107.915,9.178,7.003,6.177,0.5534,MQTT,actuator
2025-01-08T22:39:00,912.151,32.69,6.041,98.972,2.0761,CoAP,gateway
2025-01-08T05:02:00,70.425,27.31,2.149,2.407,2.2117,MQTT,env_sensor
2025-01-08T10:38:00,1353.244,98.215,4.6,0.05,0.6646,HTTPS,gateway
2025-01-08T15:00:00,31.847,263.359,3.542,0.243,8.539,LoRaWAN,smart_meter
2025-01-09T12:26:00,16.461,288.146,1.431,0.227,2.7373,LoRaWAN,smart_meter
2025-01-08T02:45:00,2136.611,87.177,2.802,81.618,0.9887,HTTPS,camera
2025-01-08T23:28:00,68.585,19.934,2.699,3.792,0.5427,MQTT,env_sensor
2025-01-08T22:06:00,873.501,18.688,1.732,10.354,1.0261,MQTT,camera
2025-01-08T23:23:00,104.464,6.485,1.103,10.4,1.172,MQTT,actuator
2025-01-09T06:45:00,114.926,19.69,1.897,6.567,0.7307,MQTT,actuator
2025-01-09T01:26:00,1793.906,12.632,5.027,274.559,1.0732,HTTPS,camera
2025-01-09T03:42:00,37.305,205.121,2.147,0.581,2.565,LoRaWAN,smart_meter
2025-01-08T09:42:00,84.589,20.402,3.157,0.05,1.499,MQTT,env_sensor
2025-01-08T23:45:00,1189.499,51.58,14.001,89.113,0.8904,HTTPS,gateway
2025-01-09T01:22:00,102.162,1.0,4.142,3.661,0.6578,MQTT,env_sensor
2025-01-09T05:40:00,114.595,26.847,5.761,7.535,2.4095,MQTT,actuator
2025-01-08T02:05:00,36.622,121.431,0.97,0.191,4.0919,LoRaWAN,smart_meter
2025-01-09T15:58:00,156.327,19.097,6.238,11.776,0.7882,MQTT,actuator
2025-01-08T21:35:00,31.582,207.37,0.186,0.809,7.7195,LoRaWAN,smart_meter
2025-01-08T15:26:00,15.68,178.512,2.914,0.717,3.3045,LoRaWAN,smart_meter
2025-01-08T06:26:00,17.971,137.1,0.1,0.304,3.1723,LoRaWAN,smart_meter
2025-01-09T13:27:00,162.759,16.739,5.443,11.823,0.3918,CoAP,actuator
2025-01-08T14:23:00,86.198,8.242,10.88,7.779,0.0,MQTT,actuator
2025-01-09T03:03:00,1313.335,70.101,8.66,0.05,1.8037,HTTPS,gateway
2025-01-08T23:04:00,2649.25,69.533,0.1,75.4,0.0,HTTPS,camera
2025-01-08T17:42:00,25.347,197.173,5.231,0.13,2.9294,LoRaWAN,smart_meter
2025-01-08T23:13:00,1603.446,81.911,2.939,133.894,0.4745,HTTPS,camera
2025-01-09T02:19:00,99.821,8.531,2.604,3.63,0.5185,MQTT,env_sensor
2025-01-09T11:36:00,27.254,239.527,1.65,0.192,0.0114,LoRaWAN,smart_meter
2025-01-09T09:26:00,648.084,26.109,8.068,14.656,1.8952,CoAP,gateway
2025-01-09T09:35:00,120.666,11.444,4.572,3.448,1.9333,MQTT,actuator
2025-01-08T22:09:00,1907.061,57.144,0.1,143.56,1.1223,HTTPS,camera
2025-01-09T04:38:00,914.211,28.58,3.464,19.027,0.4873,MQTT,gateway
2025-01-08T10:28:00,2035.342,55.545,0.909,163.03,0.7773,HTTPS,camera
2025-01-09T12:45:00,1589.387,50.875,11.488,77.638,1.1904,HTTPS,gateway
2025-01-08T23:34:00,609.576,50.889,0.1,60.584,1.68,HTTPS,gateway
2025-01-08T13:36:00,1739.349,57.6,12.706,122.464,1.2859,HTTPS,gateway
2025-01-09T01:45:00,8.0,61.176,4.788,52.838,0.964,HTTPS,camera
2025-01-09T11:48:00,122.075,14.563,8.467,9.08,0.677,MQTT,actuator
2025-01-08T12:34:00,17.317,32.0,0.804,6.204,1.5378,MQTT,env_sensor
2025-01-08T06:40:00,55.319,16.651,4.432,5.553,3.3475,MQTT,env_sensor
2025-01-08T13:39:00,79.916,23.992,5.238,13.48,0.0,MQTT,actuator
2025-01-08T06:07:00,468.359,26.156,15.49,33.56,0.0223,MQTT,gateway
2025-01-09T01:00:00,165.612,31.131,7.195,7.857,0.9967,MQTT,actuator
2025-01-09T01:50:00,16.316,274.252,1.271,0.1,5.4459,LoRaWAN,smart_meter
2025-01-09T05:35:00,617.453,47.204,8.612,123.487,0.908,HTTPS,camera
2025-01-08T07:37:00,94.875,20.561,1.992,14.59,2.2425,MQTT,actuator
2025-01-08T02:14:00,118.071,9.545,1.972,1.084,0.6014,MQTT,actuator
2025-01-08T15:32:00,56.873,7.502,2.295,6.043,0.0,MQTT,actuator
2025-01-08T19:16:00,84.383,36.064,4.244,5.083,4.1235,MQTT,env_sensor
2025-01-09T09:45:00,10.13,303.747,0.227,0.118,6.2989,LoRaWAN,smart_meter
2025-01-08T21:12:00,25.255,165.856,3.961,0.355,2.9955,LoRaWAN,smart_meter
2025-01-08T10:55:00,38.096,188.704,3.282,0.244,1.3793,LoRaWAN,smart_meter
2025-01-09T16:18:00,26.521,125.762,0.912,0.091,4.0206,LoRaWAN,smart_meter
2025-01-08T11:36:00,32.492,202.437,1.924,0.7,0.745,LoRaWAN,smart_meter
2025-01-08T09:20:00,442.408,42.4,8.657,102.126,0.5584,HTTPS,gateway
2025-01-08T00:26:00,68.599,16.12,8.269,11.791,0.3525,MQTT,actuator
2025-01-08T08:09:00,743.07,55.529,8.276,203.474,1.0557,CoAP,camera
2025-01-09T04:44:00,731.141,73.929,6.623,28.676,1.5992,CoAP,gateway
2025-01-09T04:19:00,2144.542,38.228,1.8,95.157,0.0182,HTTPS,gateway
2025-01-09T11:06:00,25.744,177.242,3.062,0.729,2.6565,LoRaWAN,smart_meter
2025-01-08T04:40:00,48.065,30.424,2.428,5.228,1.747,MQTT,env_sensor
2025-01-09T05:46:00,21.889,266.179,0.1,0.768,0.9047,LoRaWAN,smart_meter
2025-01-08T10:14:00,66.832,14.96,3.826,0.05,0.0,MQTT,env_sensor
2025-01-08T05:22:00,51.818,31.14,1.002,7.347,0.0,MQTT,env_sensor
2025-01-09T07:58:00,535.578,61.497,11.012,108.748,1.6017,CoAP,gateway
2025-01-08T04:07:00,114.738,30.973,10.861,6.111,1.0335,CoAP,actuator
2025-01-09T14:04:00,1976.712,59.113,4.027,144.934,0.798,HTTPS,camera
2025-01-09T12:54:00,77.575,49.041,2.662,3.237,2.6573,MQTT,env_sensor
2025-01-09T12:49:00,17.444,270.755,2.024,0.314,0.0,LoRaWAN,smart_meter
2025-01-09T14:06:00,39.842,309.798,0.1,0.193,3.495,LoRaWAN,smart_meter
2025-01-08T11:09:00,1699.177,48.004,1.731,139.61,0.9366,HTTPS,camera
2025-01-09T02:10:00,21.815,277.355,1.781,0.086,3.1506,LoRaWAN,smart_meter
2025-01-08T08:49:00,78.067,1.0,2.129,4.428,0.8096,MQTT,env_sensor
2025-01-09T15:32:00,1118.712,42.753,4.42,103.762,0.3565,HTTPS,camera
2025-01-08T21:09:00,1210.9,43.039,4.101,172.466,0.5663,HTTPS,camera
2025-01-08T08:44:00,1613.868,73.009,3.862,35.879,0.2801,HTTPS,camera
2025-01-08T11:32:00,37.138,202.024,1.719,0.371,0.2354,LoRaWAN,smart_meter
2025-01-09T13:50:00,1811.855,31.499,8.709,151.933,1.356,MQTT,camera
2025-01-08T05:12:00,92.489,16.845,6.936,6.643,1.1042,MQTT,actuator
2025-01-08T22:46:00,86.96,24.733,6.842,12.575,1.3769,MQTT,actuator
2025-01-08T21:07:00,87.56,28.985,8.288,8.611,0.0,MQTT,actuator
2025-01-08T15:27:00,27.418,155.233,2.978,0.273,5.8185,LoRaWAN,smart_meter
2025-01-08T07:18:00,27.605,187.941,0.31,0.056,3.3392,LoRaWAN,smart_meter
2025-01-09T04:31:00,82.988,22.814,3.904,2.768,1.3017,MQTT,env_sensor
2025-01-08T12:59:00,2608.811,56.429,8.131,172.062,0.7465,HTTPS,camera
2025-01-09T09:28:00,1347.159,31.75,9.429,68.774,0.0,HTTPS,gateway
2025-01-08T18:55:00,88.182,51.202,7.139,3.716,1.6984,MQTT,env_sensor
2025-01-09T09:12:00,1254.142,31.932,3.409,128.467,0.6998,HTTPS,camera
2025-01-08T04:34:00,8.0,35.503,15.581,8.555,1.3502,CoAP,gateway
2025-01-08T22:48:00,32.922,65.883,2.951,0.202,0.0,HTTPS,smart_meter
2025-01-09T15:06:00,157.629,27.866,3.56,13.218,1.2366,MQTT,actuator
2025-01-08T20:35:00,885.018,63.547,4.062,39.646,1.0852,CoAP,gateway
2025-01-08T06:31:00,44.514,138.878,0.1,0.809,5.6607,LoRaWAN,smart_meter
2025-01-08T16:08:00,126.497,25.275,9.586,9.119,1.3875,CoAP,actuator
2025-01-08T09:05:00,117.285,27.061,7.55,3.719,0.0598,MQTT,env_sensor
2025-01-08T22:19:00,607.021,16.558,14.836,56.352,0.7509,HTTPS,gateway
2025-01-08T07:52:00,33.871,27.754,2.296,2.776,1.6615,MQTT,env_sensor
2025-01-08T18:44:00,138.271,24.54,9.3,8.031,1.1992,MQTT,actuator
2025-01-08T03:07:00,59.352,38.084,2.682,2.753,0.0,MQTT,env_sensor
2025-01-08T10:01:00,2013.162,48.496,0.1,129.341,0.8282,HTTPS,camera
2025-01-08T17:07:00,20.662,197.289,1.364,0.066,2.8977,LoRaWAN,smart_meter
2025-01-09T14:26:00,777.382,56.35,2.757,68.292,0.0803,HTTPS,gateway
2025-01-08T06:08:00,62.377,16.293,1.686,3.339,1.275,MQTT,env_sensor
2025-01-07T23:10:00,1663.725,63.674,0.38,103.595,0.8579,HTTPS,camera
2025-01-09T04:36:00,25.003,122.668,4.324,0.33,5.4751,LoRaWAN,smart_meter
2025-01-09T13:49:00,108.741,23.548,5.204,11.0,0.0,MQTT,actuator
2025-01-08T18:11:00,1174.569,44.821,3.007,81.665,0.0,HTTPS,gateway
2025-01-08T21:03:00,186.354,11.32,14.262,6.249,1.2968,MQTT,actuator
2025-01-09T02:56:00,2081.636,82.695,4.261,92.351,1.2508,HTTPS,camera
2025-01-09T09:52:00,42.028,109.988,1.408,0.101,2.6576,LoRaWAN,smart_meter
2025-01-08T09:45:00,572.344,25.842,2.64,149.628,0.802,HTTPS,camera
2025-01-09T07:13:00,2208.279,53.322,0.556,108.265,0.6074,HTTPS,camera
2025-01-08T22:29:00,2353.382,39.578,5.183,117.938,0.5901,HTTPS,camera
2025-01-08T13:45:00,71.339,32.49,3.811,0.891,0.9454,MQTT,env_sensor
2025-01-08T23:05:00,1046.404,1.0,7.745,59.188,0.654,HTTPS,gateway
2025-01-09T01:32:00,70.455,44.351,2.892,3.956,0.7044,MQTT,env_sensor
2025-01-09T05:21:00,77.009,9.662,1.163,3.631,0.0,MQTT,env_sensor
2025-01-09T01:19:00,17.38,21.38,2.054,2.59,0.7329,MQTT,env_sensor
2025-01-08T10:13:00,133.506,8.029,7.472,9.962,1.3826,MQTT,actuator
2025-01-08T20:53:00,126.234,23.379,2.957,9.332,1.7315,MQTT,actuator
2025-01-08T21:20:00,30.473,225.655,0.1,0.385,0.2746,LoRaWAN,smart_meter
2025-01-09T06:25:00,102.529,16.737,7.664,3.291,1.6654,CoAP,actuator
2025-01-09T06:32:00,125.109,13.781,2.497,11.065,1.0764,MQTT,actuator
2025-01-08T16:21:00,27.234,285.248,0.483,0.05,4.3907,LoRaWAN,smart_meter
2025-01-08T20:17:00,1095.999,47.713,3.897,107.767,0.0,HTTPS,camera
2025-01-08T15:58:00,406.611,48.376,9.288,39.449,2.1858,CoAP,gateway
2025-01-09T03:41:00,96.622,11.956,5.83,7.846,1.9862,MQTT,env_sensor
2025-01-08T00:37:00,77.248,32.05,1.823,13.853,0.8563,MQTT,actuator
2025-01-08T14:35:00,160.605,22.595,8.917,5.876,0.3127,MQTT,actuator
2025-01-08T12:46:00,407.254,105.771,8.934,95.257,0.2731,HTTPS,camera
2025-01-08T01:50:00,19.926,158.282,0.735,0.226,0.3643,LoRaWAN,smart_meter
2025-01-09T06:11:00,99.789,27.158,4.447,5.132,0.3578,MQTT,actuator
2025-01-09T06:54:00,1684.27,65.212,5.031,151.701,0.0,HTTPS,camera
2025-01-09T11:04:00,1442.559,23.87,7.597,31.703,1.2441,CoAP,gateway
2025-01-08T07:56:00,807.903,71.974,2.798,92.455,0.8573,HTTPS,camera
2025-01-09T09:20:00,68.43,1.0,1.968,0.38,0.2084,MQTT,env_sensor
2025-01-09T14:48:00,61.498,11.594,3.646,1.945,0.0,MQTT,actuator
2025-01-08T06:15:00,35.15,19.903,1.196,9.39,0.1859,MQTT,actuator
2025-01-09T12:29:00,75.688,16.297,3.989,11.084,1.0432,MQTT,actuator
2025-01-09T05:12:00,1274.056,55.133,7.828,116.359,0.0,HTTPS,gateway
2025-01-08T18:31:00,641.762,71.202,0.1,60.454,1.3154,MQTT,gateway
2025-01-08T17:35:00,1302.674,7.691,4.605,64.331,0.2665,HTTPS,gateway
2025-01-08T21:30:00,18.685,248.45,0.207,0.5,1.873,LoRaWAN,smart_meter
2025-01-09T15:20:00,606.205,66.316,6.731,150.343,0.8615,HTTPS,camera
2025-01-08T16:44:00,1745.052,67.444,5.954,160.012,1.7525,HTTPS,camera
2025-01-09T07:59:00,1349.571,21.857,12.229,0.05,2.8495,CoAP,gateway
2025-01-08T00:40:00,21.496,137.477,4.804,0.192,4.6283,LoRaWAN,smart_meter
2025-01-09T05:39:00,1120.123,56.31,12.812,31.022,1.1551,CoAP,gateway
2025-01-08T16:10:00,1499.772,71.522,2.729,52.637,1.5172,HTTPS,camera
2025-01-08T00:30:00,25.135,275.235,1.665,0.288,3.482,LoRaWAN,smart_meter
2025-01-08T02:46:00,226.143,37.662,4.094,21.226,2.7692,MQTT,gateway
2025-01-08T19:18:00,57.926,25.395,0.995,9.889,0.0,MQTT,env_sensor
2025-01-08T16:15:00,23.711,195.526,0.83,0.629,2.2873,LoRaWAN,smart_meter
2025-01-08T15:22:00,46.715,10.81,0.1,3.977,1.0641,MQTT,env_sensor
2025-01-08T11:49:00,34.282,215.157,2.28,0.126,4.5588,LoRaWAN,smart_meter
2025-01-08T22:59:00,329.108,22.07,6.277,17.132,1.618,CoAP,gateway
2025-01-08T10:40:00,24.334,42.601,6.409,8.331,1.0464,CoAP,env_sensor
2025-01-09T04:20:00,640.027,46.05,5.82,64.055,1.1975,CoAP,gateway
2025-01-07T22:52:00,27.095,205.443,0.178,0.119,3.7928,LoRaWAN,smart_meter
2025-01-08T13:03:00,1039.107,25.784,6.961,87.903,0.3186,HTTPS,gateway
2025-01-09T05:08:00,41.687,1.118,1.814,5.882,3.6419,MQTT,env_sensor
2025-01-08T04:24:00,138.295,10.54,6.642,15.353,1.1925,CoAP,actuator
2025-01-08T22:36:00,2314.41,46.186,1.74,90.437,1.1254,HTTPS,camera
2025-01-09T03:34:00,140.799,43.472,0.1,4.241,0.5903,MQTT,env_sensor
2025-01-09T08:25:00,557.749,55.648,4.144,102.975,1.4316,CoAP,gateway
2025-01-09T00:20:00,81.237,16.36,2.089,2.218,0.1719,MQTT,env_sensor
2025-01-09T12:46:00,51.879,22.881,5.233,2.76,0.0,MQTT,env_sensor
2025-01-08T22:57:00,1878.554,95.762,3.584,116.747,1.296,HTTPS,camera
2025-01-08T05:48:00,64.396,22.948,1.0,4.72,0.6862,MQTT,env_sensor
2025-01-09T06:34:00,29.841,168.196,1.14,0.245,1.1145,LoRaWAN,smart_meter
2025-01-08T15:15:00,961.9,52.877,6.813,101.816,0.8671,HTTPS,gateway
2025-01-09T08:09:00,17.343,244.505,2.048,0.716,7.2253,LoRaWAN,smart_meter
2025-01-08T01:10:00,28.9,17.513,4.799,6.114,1.3905,MQTT,env_sensor
2025-01-09T02:33:00,142.789,26.333,6.229,8.518,0.6857,MQTT,actuator
2025-01-09T07:21:00,19.17,27.715,1.927,3.744,1.2569,MQTT,env_sensor
2025-01-07T23:48:00,672.561,54.753,5.827,98.438,0.7137,HTTPS,gateway
2025-01-08T01:06:00,865.506,70.118,11.546,71.8,0.8476,HTTPS,gateway
2025-01-08T11:46:00,696.906,57.392,10.114,47.43,1.4053,CoAP,gateway
2025-01-08T14:13:00,24.235,102.727,2.482,0.537,0.3243,LoRaWAN,smart_meter
2025-01-08T01:01:00,110.631,2.501,8.314,4.178,0.0,MQTT,actuator
2025-01-08T13:49:00,43.945,215.157,0.998,0.342,4.6985,LoRaWAN,smart_meter
2025-01-08T14:32:00,126.727,5.756,2.522,9.033,1.0426,MQTT,actuator
2025-01-08T18:48:00,1332.947,70.683,1.582,123.291,0.3059,HTTPS,camera
2025-01-08T17:17:00,2121.853,55.785,4.562,120.777,1.5386,HTTPS,camera
2025-01-08T08:22:00,1010.333,49.602,5.301,131.064,0.8249,HTTPS,gateway
2025-01-07T22:41:00,33.968,10.32,0.1,1.683,0.0,MQTT,env_sensor
2025-01-07T23:17:00,32.391,254.969,0.1,0.43,3.4159,LoRaWAN,smart_meter
2025-01-09T00:40:00,39.744,131.665,2.267,0.05,5.8981,LoRaWAN,smart_meter
2025-01-09T01:28:00,109.356,28.323,5.878,3.491,1.8271,CoAP,env_sensor
2025-01-08T07:22:00,45.738,13.682,1.354,8.729,0.8524,MQTT,actuator
2025-01-08T16:32:00,88.103,17.955,2.862,19.61,0.0,MQTT,actuator
2025-01-08T06:43:00,109.481,14.96,4.029,3.993,0.2225,MQTT,actuator
2025-01-07T23:19:00,807.026,68.952,3.907,43.359,0.8975,HTTPS,gateway
2025-01-09T00:46:00,83.858,18.482,6.24,0.885,1.7873,MQTT,env_sensor
2025-01-08T03:50:00,1344.7,59.738,1.2,87.358,0.4957,HTTPS,camera
2025-01-08T09:15:00,31.87,208.739,4.014,0.258,2.768,LoRaWAN,smart_meter
2025-01-08T02:34:00,59.382,28.721,0.996,7.315,1.2837,MQTT,actuator
2025-01-08T00:19:00,71.743,17.195,10.584,1.198,0.7819,MQTT,actuator
2025-01-09T15:37:00,15.628,178.961,0.493,0.678,0.15,LoRaWAN,smart_meter
2025-01-08T15:41:00,24.51,205.603,2.865,0.227,1.325,LoRaWAN,smart_meter
2025-01-08T12:01:00,1331.699,27.877,3.279,211.35,0.0,HTTPS,camera
2025-01-08T05:26:00,821.808,51.306,2.838,63.109,1.7454,HTTPS,gateway
2025-01-08T05:16:00,455.798,29.478,7.69,58.806,0.0,CoAP,gateway
2025-01-08T20:04:00,13.605,189.876,0.162,0.337,0.0,LoRaWAN,smart_meter
2025-01-09T00:38:00,42.184,25.049,1.335,3.833,1.1489,MQTT,env_sensor
2025-01-07T23:15:00,129.086,13.681,7.503,7.148,0.6843,MQTT,actuator
2025-01-08T19:47:00,56.52,21.682,3.751,2.243,1.755,MQTT,env_sensor
2025-01-08T04:15:00,2082.36,6.109,1.523,178.901,0.1213,HTTPS,camera
2025-01-08T13:32:00,39.207,25.569,2.955,8.475,1.1534,MQTT,env_sensor
2025-01-09T12:15:00,1202.592,59.84,3.799,153.352,0.8714,HTTPS,camera
2025-01-08T17:45:00,8.0,46.763,1.502,0.05,1.5914,MQTT,gateway
2025-01-09T12:54:00,131.89,26.743,5.928,5.184,0.0,MQTT,actuator
2025-01-08T19:48:00,40.551,133.141,3.548,0.16,1.937,LoRaWAN,smart_meter
2025-01-09T09:55:00,112.305,20.294,2.906,4.766,0.6323,MQTT,env_sensor
2025-01-09T09:52:00,47.004,1.792,5.664,7.796,1.5559,MQTT,env_sensor
2025-01-09T11:44:00,32.041,12.929,1.679,4.824,1.9326,MQTT,env_sensor
2025-01-08T14:06:00,34.523,99.647,3.18,0.611,7.5491,LoRaWAN,smart_meter
2025-01-08T03:07:00,118.756,12.254,0.628,3.297,0.5716,MQTT,actuator
2025-01-09T03:42:00,119.563,16.764,6.718,0.05,0.9216,MQTT,actuator
2025-01-08T15:11:00,106.635,29.538,4.506,7.47,0.0,MQTT,actuator
2025-01-09T00:43:00,1705.009,63.706,2.335,77.64,0.3569,HTTPS,camera
2025-01-09T02:03:00,74.867,21.778,2.725,3.138,4.0861,MQTT,env_sensor
2025-01-08T13:41:00,81.186,20.489,4.4,10.981,1.7759,MQTT,actuator
2025-01-08T06:25:00,1655.168,69.016,8.235,123.005,1.6802,HTTPS,gateway
2025-01-08T16:22:00,128.846,18.047,6.752,9.795,0.408,MQTT,actuator
2025-01-08T01:33:00,1165.417,53.197,3.437,81.492,0.5134,HTTPS,camera
2025-01-09T11:00:00,1193.325,40.877,6.526,85.149,0.3657,HTTPS,camera
2025-01-08T04:13:00,51.514,10.658,7.4,10.855,0.0,CoAP,actuator
2025-01-09T08:59:00,1279.85,28.806,4.936,81.444,2.0063,HTTPS,gateway
2025-01-08T08:52:00,1684.665,60.264,0.748,18.134,0.267,HTTPS,gateway
2025-01-08T02:24:00,762.214,60.842,1.907,212.42,0.5068,HTTPS,camera
2025-01-09T06:29:00,726.148,30.26,1.856,60.765,0.9011,HTTPS,gateway
2025-01-08T03:48:00,1166.452,73.39,4.028,103.186,0.3976,HTTPS,camera
2025-01-08T12:51:00,2108.222,46.434,2.255,255.918,0.1416,HTTPS,camera
2025-01-08T23:09:00,704.304,40.974,0.331,93.847,0.6348,HTTPS,camera
2025-01-08T20:54:00,1652.252,48.839,9.412,72.771,1.815,HTTPS,gateway
2025-01-09T15:39:00,176.245,10.5,4.241,78.082,1.3845,MQTT,gateway
2025-01-08T03:52:00,1492.636,84.75,2.422,39.752,0.0,HTTPS,camera
2025-01-09T10:48:00,1486.637,68.777,7.722,58.393,1.4858,HTTPS,camera
2025-01-08T02:30:00,36.526,222.906,0.607,0.582,5.1049,LoRaWAN,smart_meter
2025-01-08T22:43:00,2916.305,38.465,1.329,181.45,0.4858,HTTPS,camera
2025-01-09T01:03:00,1514.077,48.054,1.743,69.002,0.6316,HTTPS,camera
2025-01-08T22:40:00,1974.375,34.091,0.1,39.48,1.0159,HTTPS,camera
2025-01-09T13:49:00,860.261,43.239,11.709,47.083,3.377,CoAP,gateway
2025-01-08T15:03:00,67.609,16.936,2.137,2.473,0.9954,MQTT,env_sensor
2025-01-08T15:27:00,48.681,24.931,4.729,0.929,0.0,MQTT,env_sensor
2025-01-08T02:57:00,1836.984,30.52,1.371,97.512,0.7642,HTTPS,gateway
2025-01-08T06:08:00,1461.863,65.263,2.256,118.269,0.5102,HTTPS,camera
2025-01-09T06:46:00,33.973,149.757,1.084,0.32,0.9609,LoRaWAN,smart_meter
2025-01-09T08:01:00,1840.926,21.275,14.882,85.571,0.0,HTTPS,gateway
2025-01-09T14:53:00,997.577,9.124,4.457,109.702,0.7568,HTTPS,gateway
2025-01-09T05:30:00,30.481,138.843,0.487,1.139,2.0819,MQTT,smart_meter
2025-01-09T16:05:00,665.11,33.904,8.25,74.85,1.6725,CoAP,gateway
2025-01-08T13:25:00,24.618,190.067,3.599,0.28,2.774,LoRaWAN,smart_meter
2025-01-09T11:32:00,1193.573,36.301,6.567,96.876,1.8524,HTTPS,gateway
2025-01-08T12:46:00,601.388,29.069,8.229,105.084,1.3356,CoAP,gateway
2025-01-08T02:54:00,94.34,14.597,2.451,9.19,0.0,MQTT,actuator
2025-01-08T10:53:00,106.398,26.229,1.056,3.83,3.0481,MQTT,env_sensor
2025-01-09T00:44:00,864.111,37.15,9.993,40.783,3.0664,CoAP,gateway
2025-01-09T00:06:00,89.954,9.557,4.72,0.879,1.6267,MQTT,env_sensor
2025-01-08T02:57:00,1354.012,84.862,3.327,127.858,0.592,HTTPS,camera
2025-01-08T15:12:00,135.036,30.293,7.822,5.373,0.3858,MQTT,actuator
2025-01-08T04:04:00,2121.898,58.997,4.722,50.199,0.626,HTTPS,camera
2025-01-08T16:24:00,115.556,24.328,4.325,11.917,1.6468,MQTT,actuator
2025-01-09T08:47:00,1683.793,47.748,5.66,0.05,1.4327,CoAP,gateway
2025-01-09T15:34:00,116.534,24.031,11.434,2.611,0.8539,MQTT,actuator
2025-01-08T08:46:00,124.425,39.651,2.882,6.678,0.0,MQTT,actuator
2025-01-08T11:36:00,113.712,42.116,4.857,4.515,0.6213,MQTT,env_sensor
2025-01-08T08:19:00,25.851,152.395,1.022,0.929,0.0,LoRaWAN,smart_meter
2025-01-09T01:35:00,89.903,18.077,2.981,1.077,0.0,MQTT,env_sensor
2025-01-08T10:24:00,241.243,36.062,0.1,55.406,1.4486,MQTT,gateway
2025-01-09T10:23:00,1008.884,34.167,3.165,0.05,2.1839,CoAP,gateway
2025-01-08T00:29:00,99.243,22.236,3.709,1.64,0.3854,MQTT,actuator
2025-01-09T09:57:00,66.428,42.79,3.284,4.871,1.191,MQTT,env_sensor
2025-01-08T11:30:00,43.104,69.268,0.335,0.731,2.3956,LoRaWAN,smart_meter
2025-01-09T04:05:00,24.603,198.584,4.217,0.813,1.0295,LoRaWAN,smart_meter
2025-01-09T07:00:00,1233.654,44.427,11.157,44.366,1.5111,CoAP,gateway
2025-01-09T13:08:00,164.513,12.537,1.789,5.645,0.8088,MQTT,actuator
2025-01-09T14:09:00,1772.319,70.492,3.49,147.766,0.2873,HTTPS,camera
2025-01-08T06:54:00,47.711,141.182,0.211,0.737,0.0,LoRaWAN,smart_meter
2025-01-08T16:43:00,26.199,160.567,3.331,0.149,3.085,LoRaWAN,smart_meter
2025-01-08T05:38:00,31.732,140.215,0.631,0.213,6.5559,LoRaWAN,smart_meter
2025-01-07T23:28:00,51.678,1.0,5.946,4.953,0.5032,MQTT,env_sensor
2025-01-08T22:34:00,870.834,31.793,16.276,83.943,2.3996,CoAP,gateway
2025-01-08T16:01:00,1731.499,40.02,4.124,21.307,1.059,HTTPS,gateway
2025-01-09T10:36:00,553.502,81.145,7.748,52.744,0.7361,HTTPS,gateway
2025-01-08T14:56:00,257.709,50.199,3.767,30.651,0.4465,HTTPS,gateway
2025-01-08T22:48:00,1613.659,47.771,6.934,99.904,0.0,HTTPS,gateway
2025-01-08T03:29:00,1048.756,26.123,6.655,77.99,2.2014,MQTT,gateway
2025-01-09T11:17:00,53.052,15.887,3.854,5.143,0.7545,MQTT,env_sensor
2025-01-09T05:58:00,8.0,40.239,21.937,110.385,1.808,CoAP,gateway
2025-01-08T23:08:00,116.944,23.487,6.219,14.644,0.3678,MQTT,actuator
2025-01-09T13:18:00,34.462,240.043,1.728,0.507,1.0949,MQTT,smart_meter
2025-01-08T08:26:00,1378.302,39.181,1.767,48.565,0.9136,HTTPS,gateway
2025-01-09T03:24:00,30.973,153.914,1.979,0.05,6.3462,LoRaWAN,smart_meter
2025-01-09T10:18:00,15.542,212.92,5.358,0.807,6.6607,LoRaWAN,smart_meter
2025-01-08T09:14:00,140.882,19.321,3.838,9.1,0.3896,MQTT,actuator
2025-01-09T12:22:00,100.247,3.466,3.047,0.05,1.3597,MQTT,actuator
2025-01-08T06:40:00,31.714,172.268,0.1,0.05,3.6569,LoRaWAN,smart_meter
2025-01-09T11:25:00,46.176,14.497,6.183,1.492,0.5835,CoAP,env_sensor
2025-01-08T20:21:00,121.85,25.602,5.825,9.477,0.0,MQTT,actuator
2025-01-08T06:10:00,120.75,18.325,3.561,1.045,0.2891,MQTT,env_sensor
2025-01-09T03:27:00,1833.969,51.671,2.764,109.618,0.0,HTTPS,camera
2025-01-08T10:13:00,1030.508,23.18,0.1,64.01,2.4125,HTTPS,gateway
2025-01-08T16:04:00,19.552,179.988,1.684,0.289,1.5946,LoRaWAN,smart_meter
2025-01-08T14:51:00,2286.861,48.15,3.108,152.351,0.0,HTTPS,camera
2025-01-09T01:38:00,115.239,15.259,5.001,4.73,1.0232,CoAP,actuator
2025-01-09T03:58:00,85.734,6.47,5.158,9.457,0.4483,MQTT,actuator
2025-01-08T20:42:00,154.982,12.79,0.944,1.333,1.7832,MQTT,actuator
2025-01-08T21:45:00,95.448,19.366,5.917,3.786,0.05,MQTT,actuator
2025-01-09T08:57:00,82.586,11.599,7.121,13.984,0.9725,MQTT,actuator
2025-01-08T21:47:00,33.426,86.327,19.29,61.597,1.0549,CoAP,gateway
2025-01-08T21:34:00,84.509,17.078,3.919,11.49,0.4614,MQTT,actuator
2025-01-08T08:24:00,113.672,30.248,7.267,9.498,0.0,MQTT,actuator
2025-01-08T22:19:00,20.801,153.938,2.148,0.648,6.7225,LoRaWAN,smart_meter
2025-01-08T19:33:00,60.323,33.508,5.01,0.154,0.5871,CoAP,env_sensor
2025-01-08T00:20:00,142.205,18.509,3.847,10.724,0.4297,MQTT,actuator
2025-01-07T23:41:00,69.247,23.571,8.487,7.314,0.9771,MQTT,actuator
2025-01-08T00:24:00,1374.987,66.918,2.584,125.027,0.1805,HTTPS,camera
2025-01-08T02:09:00,141.973,13.672,5.867,14.887,0.8533,MQTT,actuator
2025-01-08T09:06:00,27.819,159.656,1.698,0.519,3.3827,LoRaWAN,smart_meter
2025-01-08T20:01:00,119.006,17.013,3.293,9.067,1.2638,MQTT,actuator
2025-01-08T20:47:00,967.161,36.797,5.843,125.136,0.2987,HTTPS,gateway
2025-01-08T09:18:00,23.531,172.274,0.1,0.423,1.1125,LoRaWAN,smart_meter
2025-01-07T22:57:00,81.375,27.322,13.178,15.512,1.5897,MQTT,actuator
2025-01-09T05:17:00,81.436,6.89,4.389,0.05,0.2086,MQTT,actuator
2025-01-08T10:17:00,778.023,29.635,6.789,41.521,0.4776,CoAP,gateway
2025-01-07T23:06:00,50.974,95.753,1.484,0.884,3.4989,MQTT,smart_meter
2025-01-09T15:13:00,1314.529,13.766,7.52,148.471,0.9085,HTTPS,camera
2025-01-08T07:38:00,860.194,44.598,13.124,32.358,0.9872,CoAP,gateway
2025-01-08T09:39:00,247.727,22.888,0.321,108.825,0.0329,MQTT,gateway
2025-01-09T16:03:00,64.454,19.789,1.925,4.031,0.8336,MQTT,env_sensor
2025-01-08T16:20:00,1794.016,34.473,5.843,106.637,0.5077,HTTPS,camera
2025-01-08T06:09:00,94.679,26.753,12.043,9.555,0.0,MQTT,actuator
2025-01-08T11:30:00,1465.969,47.473,3.864,169.439,0.388,HTTPS,camera
2025-01-09T01:54:00,10.924,114.144,3.015,0.583,2.9636,LoRaWAN,smart_meter
2025-01-07T22:46:00,90.896,45.99,7.331,40.963,1.1355,CoAP,gateway
2025-01-08T16:47:00,75.762,35.659,1.334,4.566,0.1626,CoAP,env_sensor
2025-01-09T10:27:00,34.761,30.608,0.1,4.435,1.7785,MQTT,env_sensor
2025-01-09T00:43:00,40.677,1.0,0.1,0.05,4.9003,MQTT,smart_meter
2025-01-09T04:45:00,84.585,25.747,2.96,7.039,2.9972,MQTT,env_sensor
2025-01-09T13:03:00,1088.203,77.352,0.25,99.061,1.4185,HTTPS,gateway
2025-01-09T00:20:00,1093.53,53.864,9.335,27.46,0.5129,HTTPS,gateway
2025-01-08T23:47:00,1409.617,90.524,5.718,196.22,0.6209,HTTPS,camera
2025-01-08T17:00:00,799.675,44.062,6.577,84.63,1.527,CoAP,gateway
2025-01-08T01:16:00,881.106,66.388,2.272,109.269,1.9745,CoAP,gateway
2025-01-09T00:12:00,931.471,1.0,4.349,63.083,0.2861,HTTPS,gateway
2025-01-09T07:27:00,116.742,24.437,8.505,11.242,1.2401,MQTT,actuator
2025-01-08T21:31:00,1842.859,50.13,3.815,129.504,1.5833,HTTPS,camera
2025-01-08T11:05:00,976.927,92.98,9.622,143.112,0.7375,HTTPS,camera
2025-01-09T13:21:00,114.2,26.386,0.852,7.478,0.3919,MQTT,actuator
2025-01-09T14:31:00,1802.814,88.036,2.083,147.501,0.1043,HTTPS,camera
2025-01-08T14:02:00,149.798,22.976,1.114,2.412,1.0089,MQTT,env_sensor
2025-01-08T08:13:00,959.195,76.554,3.382,33.149,0.5748,HTTPS,camera
2025-01-08T06:09:00,55.562,15.159,2.619,4.999,1.5609,MQTT,env_sensor
2025-01-08T05:14:00,8.0,82.886,3.63,191.974,0.9257,HTTPS,camera
2025-01-08T11:22:00,91.262,20.862,8.958,10.199,0.0596,MQTT,actuator
2025-01-08T20:55:00,22.563,179.365,2.038,0.401,3.9785,LoRaWAN,smart_meter
2025-01-08T16:41:00,1416.389,71.048,6.695,94.994,0.9443,HTTPS,camera
2025-01-08T02:38:00,78.021,15.263,4.301,2.182,0.4662,MQTT,env_sensor
2025-01-08T01:25:00,591.445,54.124,7.65,106.51,1.2399,CoAP,gateway
2025-01-08T13:52:00,395.931,52.518,9.086,49.252,3.098,CoAP,gateway
2025-01-09T04:28:00,21.787,173.566,1.473,0.543,3.4268,LoRaWAN,smart_meter
2025-01-09T15:55:00,1495.657,34.584,4.054,71.367,1.7977,HTTPS,gateway
2025-01-09T00:03:00,131.406,27.79,4.131,9.882,0.0,MQTT,actuator
2025-01-08T03:56:00,141.658,20.32,7.163,14.477,1.2758,MQTT,actuator
2025-01-08T15:23:00,1099.523,100.123,0.1,198.479,1.0316,HTTPS,camera
2025-01-08T03:55:00,1907.538,56.561,0.942,104.294,0.0,HTTPS,camera
2025-01-09T12:34:00,35.292,211.751,2.144,0.656,0.0725,LoRaWAN,smart_meter
2025-01-09T14:20:00,1544.475,83.364,5.869,18.4,0.6744,HTTPS,camera
2025-01-07T22:53:00,113.353,38.775,1.621,6.941,1.0632,MQTT,env_sensor
2025-01-07T23:37:00,1978.673,58.958,0.1,133.206,0.5044,HTTPS,camera
2025-01-07T23:50:00,165.309,16.051,4.326,12.51,0.8221,MQTT,actuator
2025-01-08T18:17:00,63.68,26.427,7.275,5.212,0.6227,MQTT,env_sensor
2025-01-07T22:53:00,27.372,235.112,1.817,0.553,1.8382,LoRaWAN,smart_meter
2025-01-08T14:17:00,327.442,9.28,6.088,100.401,1.7494,CoAP,gateway
2025-01-08T10:28:00,113.437,20.987,5.358,7.236,0.2184,MQTT,env_sensor
2025-01-08T12:12:00,1278.437,58.082,3.435,155.041,0.8517,HTTPS,camera
2025-01-09T02:17:00,95.019,30.057,3.683,0.05,0.964,MQTT,env_sensor
2025-01-09T09:24:00,44.603,267.847,1.657,0.528,5.0525,LoRaWAN,smart_meter
2025-01-08T09:48:00,39.667,39.871,2.602,4.338,0.7188,MQTT,env_sensor
2025-01-09T14:22:00,21.995,33.884,2.784,0.847,1.4901,MQTT,smart_meter
2025-01-09T08:06:00,2821.605,79.917,4.217,145.409,0.9432,HTTPS,camera
2025-01-07T23:47:00,2388.633,64.27,0.734,83.113,0.0,HTTPS,camera
2025-01-09T12:10:00,61.913,31.594,6.161,14.545,0.0772,CoAP,actuator
2025-01-09T09:27:00,62.909,25.169,2.575,5.387,0.3848,MQTT,env_sensor
2025-01-08T03:29:00,1776.504,66.347,2.759,125.903,1.1135,HTTPS,camera
2025-01-09T10:38:00,1130.737,59.929,9.809,86.397,1.8948,HTTPS,gateway
2025-01-09T02:51:00,2071.032,51.347,1.409,70.56,0.8645,HTTPS,camera
2025-01-08T09:02:00,21.928,170.267,0.1,0.359,4.9735,LoRaWAN,smart_meter
2025-01-09T02:40:00,37.512,212.759,0.1,0.787,2.4537,LoRaWAN,smart_meter
2025-01-08T01:14:00,111.34,24.444,3.531,0.05,1.6787,MQTT,env_sensor
2025-01-09T05:03:00,64.816,38.469,3.667,2.379,0.0,MQTT,env_sensor
2025-01-08T00:55:00,66.198,5.858,0.1,6.24,0.0,MQTT,env_sensor
2025-01-08T09:52:00,65.219,46.22,3.22,3.176,0.5711,MQTT,env_sensor
2025-01-09T07:30:00,34.882,182.658,1.082,0.482,4.0563,LoRaWAN,smart_meter
2025-01-09T09:05:00,1443.177,83.508,3.744,179.985,1.0823,HTTPS,camera
2025-01-09T04:41:00,130.133,14.201,2.12,12.184,0.1995,MQTT,actuator
2025-01-09T06:16:00,832.523,1.0,3.599,47.825,1.4957,MQTT,gateway
2025-01-08T15:49:00,1627.482,42.656,9.796,107.684,0.7245,HTTPS,camera
2025-01-08T13:38:00,27.582,165.27,2.067,0.431,0.5124,LoRaWAN,smart_meter
2025-01-09T10:38:00,1433.412,49.139,9.645,50.603,0.0,HTTPS,camera
2025-01-08T02:15:00,892.898,55.695,7.681,65.083,0.4019,HTTPS,gateway
2025-01-09T00:31:00,90.304,25.759,5.995,4.725,0.0859,MQTT,env_sensor
2025-01-09T08:39:00,59.104,26.587,3.112,8.738,2.0889,MQTT,env_sensor
2025-01-08T04:38:00,21.998,236.803,2.916,0.549,1.255,MQTT,smart_meter
2025-01-08T05:09:00,79.577,7.467,2.49,4.247,0.1173,MQTT,actuator
2025-01-08T19:03:00,91.201,26.998,4.812,0.05,1.414,MQTT,env_sensor
2025-01-09T13:32:00,17.293,282.218,0.1,0.224,1.5596,LoRaWAN,smart_meter
2025-01-09T06:45:00,2337.276,89.415,0.219,108.111,0.0,HTTPS,camera
2025-01-08T01:47:00,29.015,210.321,1.559,0.487,3.8289,LoRaWAN,smart_meter
2025-01-09T11:18:00,1307.191,39.093,6.294,0.05,1.0271,CoAP,gateway
2025-01-08T22:55:00,83.158,34.86,4.422,6.274,0.0,MQTT,env_sensor
2025-01-08T11:56:00,268.127,54.545,9.263,61.417,0.0,HTTPS,gateway
2025-01-09T08:06:00,40.578,66.241,2.785,0.147,5.0466,LoRaWAN,smart_meter
2025-01-08T06:26:00,751.213,42.549,8.939,46.703,0.8013,CoAP,gateway
2025-01-08T13:23:00,786.767,15.735,8.156,150.837,0.9603,HTTPS,camera
2025-01-09T05:54:00,15.739,57.148,4.092,0.269,0.9914,LoRaWAN,smart_meter
2025-01-08T09:20:00,1847.102,55.596,7.908,109.969,0.6123,HTTPS,camera
2025-01-08T03:03:00,52.819,2.986,5.532,8.59,0.2092,MQTT,env_sensor
2025-01-08T05:56:00,1693.206,84.724,5.219,75.972,0.4696,HTTPS,camera
2025-01-08T23:05:00,123.061,8.779,3.646,12.63,2.2707,MQTT,actuator
2025-01-08T09:17:00,42.479,34.631,3.382,5.469,1.0317,MQTT,env_sensor
2025-01-09T15:45:00,577.48,39.465,6.205,62.464,0.1462,HTTPS,camera
2025-01-09T10:04:00,50.006,20.95,3.723,6.1,0.5152,MQTT,env_sensor
2025-01-08T16:22:00,33.258,205.513,4.661,0.05,7.7146,LoRaWAN,smart_meter
2025-01-08T21:50:00,101.541,15.672,7.575,5.828,0.6331,MQTT,actuator
2025-01-09T05:12:00,19.755,182.183,2.606,0.361,2.9904,LoRaWAN,smart_meter
2025-01-08T02:33:00,1092.547,82.761,6.627,205.915,0.7231,HTTPS,camera
2025-01-08T12:59:00,97.28,20.903,5.898,7.986,1.5722,CoAP,actuator
2025-01-08T00:53:00,159.283,20.699,1.14,9.625,0.8515,MQTT,actuator
2025-01-09T16:18:00,80.216,57.096,6.596,6.534,2.1363,CoAP,env_sensor
2025-01-09T01:29:00,1545.755,74.655,5.865,156.464,2.0857,HTTPS,gateway
2025-01-08T11:19:00,30.266,209.455,5.125,0.282,0.0936,LoRaWAN,smart_meter
2025-01-08T08:30:00,95.535,16.685,2.35,1.158,0.4239,MQTT,env_sensor
2025-01-08T13:55:00,77.776,18.431,4.366,3.689,1.4861,MQTT,env_sensor
2025-01-09T02:27:00,1518.454,76.241,5.698,196.218,0.202,HTTPS,camera
2025-01-09T08:26:00,366.737,40.725,13.879,0.05,0.0049,CoAP,gateway
2025-01-08T17:41:00,64.401,26.813,4.658,1.55,1.6559,MQTT,env_sensor
2025-01-08T21:06:00,763.833,21.485,7.68,33.133,2.0354,CoAP,gateway
2025-01-09T07:46:00,94.533,46.725,5.766,0.064,0.0,MQTT,env_sensor
2025-01-08T06:20:00,126.264,2.495,4.071,3.116,1.4719,MQTT,actuator
2025-01-08T10:38:00,148.144,13.731,6.506,12.186,0.1638,MQTT,actuator
2025-01-09T16:07:00,74.724,25.944,3.997,5.709,2.3292,MQTT,env_sensor
2025-01-08T22:17:00,87.113,20.451,4.299,10.349,1.1461,MQTT,actuator
2025-01-09T01:51:00,26.724,165.176,3.899,0.243,4.2604,LoRaWAN,smart_meter
2025-01-08T09:32:00,26.435,277.556,1.379,0.789,0.9613,LoRaWAN,smart_meter
2025-01-09T04:56:00,124.389,13.667,3.883,5.815,0.0831,MQTT,actuator
2025-01-08T05:31:00,1435.29,50.381,6.67,0.05,1.7757,CoAP,gateway
2025-01-09T05:44:00,864.333,40.655,3.178,136.44,0.0406,HTTPS,camera
2025-01-08T07:02:00,275.56,45.352,17.632,33.987,1.0043,CoAP,gateway
2025-01-08T23:07:00,53.385,60.39,8.663,50.734,0.3588,HTTPS,gateway
2025-01-08T01:11:00,17.037,134.692,0.614,0.686,2.4451,LoRaWAN,smart_meter
2025-01-09T00:01:00,1172.101,81.469,3.891,116.638,0.7575,HTTPS,camera
2025-01-08T20:28:00,141.256,35.044,3.242,8.705,1.5196,MQTT,env_sensor
2025-01-08T13:25:00,110.212,11.419,14.16,8.228,0.3231,MQTT,actuator
2025-01-09T01:18:00,2906.778,74.202,5.194,137.31,0.6167,HTTPS,camera
2025-01-09T06:00:00,114.298,27.941,7.444,5.188,0.1096,MQTT,actuator
2025-01-08T13:59:00,29.763,73.23,2.677,0.317,2.7853,MQTT,smart_meter
2025-01-08T22:06:00,26.596,19.913,11.203,9.765,0.5682,CoAP,actuator
2025-01-07T23:59:00,131.719,31.444,2.731,4.425,0.6389,MQTT,env_sensor
2025-01-08T07:03:00,39.86,19.725,0.1,1.664,1.6475,MQTT,env_sensor
2025-01-08T17:24:00,1219.257,37.384,10.856,74.514,0.0,HTTPS,gateway
2025-01-08T12:24:00,141.549,10.352,4.684,5.226,1.2117,MQTT,actuator
2025-01-08T18:40:00,845.342,41.915,4.391,53.012,0.9227,HTTPS,gateway
2025-01-08T23:32:00,80.398,30.197,5.24,1.26,1.3295,CoAP,env_sensor
2025-01-08T04:30:00,71.816,25.502,4.827,5.43,0.0,MQTT,env_sensor
2025-01-09T01:10:00,107.426,21.976,5.603,9.714,0.9361,MQTT,actuator
2025-01-09T08:56:00,1973.567,86.185,6.484,112.23,0.9327,HTTPS,camera
2025-01-09T05:41:00,351.875,58.888,13.263,127.972,1.0509,CoAP,gateway
2025-01-08T15:00:00,1112.596,46.157,1.227,165.087,0.8293,HTTPS,camera
2025-01-09T02:57:00,132.878,22.937,8.757,6.234,0.8104,MQTT,actuator
2025-01-08T20:14:00,66.023,16.973,5.553,0.472,0.0,CoAP,env_sensor
2025-01-08T13:28:00,124.079,21.565,7.175,10.928,0.4208,MQTT,actuator
2025-01-08T07:22:00,41.069,26.077,4.193,1.073,1.4811,MQTT,env_sensor
2025-01-09T06:59:00,2240.413,72.903,8.729,0.05,0.0,HTTPS,camera
2025-01-09T11:56:00,22.006,223.191,4.537,0.848,5.6568,LoRaWAN,smart_meter
2025-01-08T23:39:00,40.797,28.862,4.404,5.981,2.0756,MQTT,env_sensor
2025-01-09T04:05:00,745.384,47.692,7.233,61.176,1.0264,CoAP,gateway
2025-01-08T21:27:00,1554.402,70.174,0.1,67.921,0.2566,HTTPS,camera
2025-01-08T17:29:00,33.431,117.12,0.1,0.05,4.1974,LoRaWAN,smart_meter
2025-01-08T05:53:00,145.169,17.307,4.21,9.721,1.2466,MQTT,actuator
2025-01-08T16:26:00,71.285,22.702,2.042,4.389,1.6805,MQTT,env_sensor
2025-01-09T05:09:00,50.808,17.011,1.211,7.275,0.8117,MQTT,actuator
2025-01-09T03:13:00,2485.323,46.529,2.509,176.227,0.1692,HTTPS,camera
2025-01-08T17:28:00,304.7,42.214,4.49,89.559,0.0,HTTPS,gateway
2025-01-09T13:52:00,116.112,3.536,2.812,4.072,1.9943,MQTT,actuator
2025-01-08T12:41:00,33.094,142.978,4.621,0.75,2.1415,LoRaWAN,smart_meter
2025-01-09T04:10:00,8.0,22.423,0.1,0.05,1.6238,MQTT,gateway
2025-01-08T22:13:00,121.162,27.934,8.335,5.789,1.2269,MQTT,actuator
2025-01-09T02:09:00,1504.336,61.868,2.495,63.35,0.0395,HTTPS,camera
2025-01-09T08:13:00,51.836,18.079,3.229,7.843,1.8605,MQTT,env_sensor
2025-01-08T17:56:00,2438.449,67.974,1.815,145.623,0.0,HTTPS,camera
2025-01-08T09:43:00,108.296,12.639,0.1,2.604,1.251,MQTT,env_sensor
2025-01-08T22:41:00,35.417,212.099,0.1,0.936,5.3858,LoRaWAN,smart_meter
2025-01-09T14:10:00,75.434,28.588,0.517,6.262,1.6285,MQTT,env_sensor
2025-01-08T21:26:00,57.269,42.836,1.713,6.062,2.3531,MQTT,env_sensor
2025-01-08T14:30:00,56.605,18.005,3.93,2.52,1.4057,MQTT,env_sensor
2025-01-09T16:19:00,176.507,15.794,7.402,5.931,0.0,MQTT,actuator
2025-01-08T06:57:00,73.058,24.837,1.161,5.165,0.758,MQTT,env_sensor
2025-01-08T13:19:00,32.412,245.155,3.281,0.691,0.0,LoRaWAN,smart_meter
2025-01-08T21:05:00,142.044,33.227,5.042,11.206,0.7202,CoAP,actuator
2025-01-08T18:18:00,82.661,31.088,3.917,2.04,0.512,MQTT,env_sensor
2025-01-09T08:18:00,75.545,14.803,9.182,0.05,1.3906,MQTT,actuator
2025-01-09T03:56:00,1612.16,55.076,0.1,214.693,0.4491,HTTPS,camera
2025-01-08T04:10:00,17.384,162.988,2.07,0.43,4.7118,LoRaWAN,smart_meter
2025-01-08T14:54:00,77.442,21.839,10.793,8.368,1.3324,MQTT,actuator
2025-01-09T01:48:00,76.808,14.132,3.485,3.373,1.5427,MQTT,env_sensor
2025-01-09T11:15:00,839.793,8.725,0.1,197.703,0.1616,HTTPS,camera
2025-01-08T00:30:00,1193.152,55.092,4.112,108.778,1.0451,HTTPS,gateway
2025-01-08T14:08:00,1119.664,70.21,9.192,30.881,0.1363,HTTPS,gateway
2025-01-09T14:57:00,18.215,213.127,0.1,0.944,5.8108,LoRaWAN,smart_meter
2025-01-08T22:38:00,23.448,162.616,0.1,0.396,5.2929,LoRaWAN,smart_meter
2025-01-09T07:41:00,17.931,155.666,2.936,0.52,2.5212,LoRaWAN,smart_meter
2025-01-08T20:34:00,160.876,19.549,5.421,13.71,0.0,MQTT,actuator
2025-01-09T12:19:00,31.71,32.209,0.425,1.587,1.1047,MQTT,env_sensor
2025-01-08T15:12:00,479.848,69.231,13.694,89.937,1.2764,CoAP,gateway
2025-01-08T21:25:00,81.962,3.425,2.997,4.225,0.5139,MQTT,actuator
2025-01-09T03:48:00,1134.548,98.843,4.424,78.897,0.622,HTTPS,gateway
2025-01-08T02:37:00,112.293,18.544,6.486,8.241,0.9453,MQTT,actuator
2025-01-09T11:36:00,95.389,18.038,3.445,5.126,1.4526,MQTT,actuator
2025-01-09T05:28:00,12.981,230.924,0.1,0.409,2.6451,LoRaWAN,smart_meter
2025-01-09T15:07:00,870.111,35.3,0.1,0.05,0.9091,HTTPS,gateway
2025-01-08T19:48:00,19.132,32.404,1.969,1.796,1.6858,MQTT,env_sensor
2025-01-08T05:45:00,92.524,37.668,4.874,7.198,1.1702,MQTT,env_sensor
2025-01-09T12:16:00,103.564,5.713,6.597,12.798,1.2871,MQTT,actuator
2025-01-09T00:21:00,598.384,48.662,10.27,9.345,1.1262,CoAP,gateway
2025-01-09T13:40:00,138.257,25.678,4.598,6.964,0.7074,MQTT,actuator
2025-01-08T08:22:00,323.027,63.563,9.558,132.92,1.2509,CoAP,camera
2025-01-08T04:26:00,116.46,6.707,4.696,5.693,2.2285,MQTT,env_sensor
2025-01-08T15:34:00,476.452,46.324,8.577,72.433,1.755,CoAP,gateway
2025-01-08T03:28:00,52.858,13.954,4.34,5.937,1.9143,MQTT,env_sensor
2025-01-08T02:36:00,149.638,12.013,5.647,10.676,0.0,MQTT,actuator
2025-01-08T17:35:00,2159.718,95.316,1.663,155.761,1.5385,HTTPS,camera
2025-01-08T18:32:00,1014.477,14.861,5.052,62.745,0.0,HTTPS,gateway
2025-01-08T02:58:00,85.955,13.758,3.888,4.306,1.4834,MQTT,env_sensor
2025-01-08T21:55:00,1306.378,71.308,2.226,49.122,2.5077,HTTPS,gateway
2025-01-08T04:22:00,157.516,31.7,10.506,0.05,0.2036,MQTT,gateway
2025-01-08T09:13:00,1557.674,65.295,6.63,96.69,0.1304,HTTPS,camera
2025-01-09T08:42:00,59.711,1.0,2.928,5.473,3.0363,MQTT,env_sensor
2025-01-09T14:08:00,84.819,19.898,1.339,0.05,2.7392,MQTT,env_sensor
2025-01-08T21:54:00,877.029,41.068,0.1,137.522,0.5664,HTTPS,gateway
2025-01-09T08:44:00,123.34,11.038,0.1,13.168,1.165,MQTT,actuator
2025-01-08T09:09:00,115.399,26.443,7.902,4.279,1.288,MQTT,actuator
2025-01-08T16:38:00,1615.685,60.655,7.767,82.88,0.0,HTTPS,camera
2025-01-09T07:58:00,86.853,2.796,2.727,5.972,0.3397,MQTT,actuator
2025-01-08T14:20:00,55.274,22.821,2.656,4.297,1.6411,MQTT,env_sensor
2025-01-09T08:27:00,70.924,18.953,3.593,3.856,1.0574,MQTT,env_sensor
2025-01-08T23:53:00,2686.977,52.147,1.546,168.456,0.731,HTTPS,camera
2025-01-09T11:43:00,1555.777,65.683,2.294,201.649,0.598,HTTPS,camera
2025-01-09T03:21:00,166.555,12.371,6.838,6.388,0.8665,MQTT,actuator
2025-01-08T02:47:00,1625.264,22.269,7.04,71.862,0.8006,HTTPS,camera
2025-01-09T12:50:00,135.728,30.882,8.544,8.103,0.7125,MQTT,actuator
2025-01-08T04:58:00,26.309,110.491,0.506,0.225,0.6834,LoRaWAN,smart_meter
2025-01-08T11:35:00,807.8,74.174,4.387,57.805,0.6037,HTTPS,camera
2025-01-09T09:29:00,1109.289,68.704,4.334,121.886,0.0,HTTPS,gateway
2025-01-08T09:02:00,75.562,15.944,3.828,2.295,0.2099,MQTT,actuator
2025-01-09T03:24:00,82.241,15.868,3.252,2.787,0.258,MQTT,env_sensor
2025-01-07T23:03:00,51.476,12.409,1.862,1.689,0.2876,MQTT,env_sensor
2025-01-08T19:58:00,132.757,27.003,7.584,3.615,1.603,MQTT,actuator
2025-01-09T13:15:00,102.392,17.37,6.351,7.046,0.5772,MQTT,actuator
2025-01-08T06:34:00,2427.017,75.067,0.1,179.602,0.7355,HTTPS,camera
2025-01-08T18:29:00,579.165,30.003,4.213,31.715,1.6055,MQTT,gateway
2025-01-08T20:07:00,129.224,15.311,4.357,11.908,0.4133,MQTT,actuator
2025-01-09T04:47:00,113.245,21.973,2.521,5.186,1.3461,MQTT,env_sensor
2025-01-08T07:22:00,23.493,183.97,3.646,0.44,5.6203,LoRaWAN,smart_meter
2025-01-08T09:21:00,96.587,17.568,3.527,10.734,0.0,MQTT,actuator
2025-01-08T11:47:00,203.734,61.66,5.867,129.961,1.7082,MQTT,gateway
2025-01-09T14:07:00,82.943,26.753,5.889,7.882,0.13,MQTT,actuator
2025-01-09T12:55:00,26.895,189.585,0.1,0.133,0.9461,LoRaWAN,smart_meter
2025-01-08T02:39:00,2028.0,41.769,9.509,84.526,0.4357,HTTPS,camera
2025-01-08T12:03:00,1132.333,63.444,4.577,264.141,0.0,HTTPS,camera
2025-01-09T03:47:00,2056.182,53.555,0.1,100.991,1.135,HTTPS,camera
2025-01-08T12:03:00,95.487,10.312,10.36,9.438,1.0501,CoAP,actuator
2025-01-09T11:46:00,89.783,27.609,5.726,4.018,1.7448,MQTT,env_sensor
2025-01-08T12:21:00,61.148,32.685,0.626,0.504,1.5229,MQTT,env_sensor
2025-01-08T18:56:00,2909.742,40.051,1.811,166.283,0.1071,HTTPS,camera
2025-01-08T06:29:00,15.377,168.03,3.657,0.216,4.5427,LoRaWAN,smart_meter
2025-01-08T09:26:00,67.59,31.425,1.758,1.923,0.6308,MQTT,env_sensor
2025-01-09T16:04:00,1612.748,72.099,2.399,28.455,0.0728,HTTPS,gateway
2025-01-08T22:36:00,85.12,21.979,3.968,2.183,0.3775,MQTT,env_sensor
2025-01-08T19:13:00,1663.405,49.143,4.601,159.551,0.8407,HTTPS,camera
2025-01-08T22:25:00,77.91,25.596,0.284,6.627,0.1144,MQTT,actuator
2025-01-08T11:44:00,1173.796,8.541,1.284,111.353,0.8521,HTTPS,gateway
2025-01-09T15:42:00,1126.239,71.791,9.141,77.077,2.3516,HTTPS,gateway
2025-01-08T04:12:00,1427.374,112.113,1.922,116.848,0.1179,HTTPS,camera
2025-01-09T10:31:00,117.924,24.213,6.309,2.88,0.0,MQTT,actuator
2025-01-08T18:57:00,688.363,75.319,18.437,52.495,2.2022,CoAP,gateway
2025-01-09T03:10:00,96.72,24.116,3.014,1.385,0.0,MQTT,env_sensor
2025-01-08T15:35:00,76.479,18.672,8.802,17.047,1.3627,MQTT,actuator
2025-01-08T16:05:00,8.0,16.295,5.703,13.721,0.783,CoAP,camera
2025-01-08T11:59:00,197.045,62.038,3.304,70.776,0.4121,HTTPS,camera
2025-01-09T07:20:00,43.993,28.503,3.677,0.11,0.0,MQTT,env_sensor
2025-01-07T22:48:00,30.422,224.427,2.988,0.118,6.7399,LoRaWAN,smart_meter
2025-01-09T13:00:00,83.699,16.609,8.723,0.05,0.0,CoAP,actuator
2025-01-09T15:01:00,137.249,1.98,9.042,9.563,0.4693,MQTT,actuator
2025-01-08T13:12:00,31.633,158.225,2.094,0.066,3.8231,LoRaWAN,smart_meter
2025-01-08T01:33:00,38.479,22.176,5.76,2.562,0.1803,MQTT,env_sensor
2025-01-09T00:45:00,75.353,29.099,1.769,7.098,3.3768,MQTT,env_sensor
2025-01-08T02:52:00,64.808,18.132,2.888,5.719,1.7225,MQTT,env_sensor
2025-01-09T05:29:00,27.032,167.015,1.219,0.17,0.6393,LoRaWAN,smart_meter
2025-01-08T07:13:00,803.758,67.292,15.478,110.221,1.6632,CoAP,gateway
2025-01-08T11:03:00,559.356,61.738,0.1,163.212,0.4719,HTTPS,camera
2025-01-09T00:25:00,120.229,35.939,0.382,0.05,0.0,MQTT,env_sensor
2025-01-08T09:08:00,9.462,165.378,3.051,0.052,1.3979,LoRaWAN,smart_meter
2025-01-08T11:00:00,108.325,19.03,0.1,0.05,0.3944,MQTT,env_sensor
2025-01-08T18:53:00,40.769,31.657,5.278,5.365,0.0273,CoAP,env_sensor
2025-01-09T06:55:00,87.22,24.142,3.885,9.778,1.5886,MQTT,actuator
2025-01-08T05:41:00,153.265,27.347,4.354,9.614,1.8223,MQTT,actuator
2025-01-09T13:06:00,1020.835,43.577,10.453,38.83,2.0565,CoAP,gateway
2025-01-09T08:29:00,35.991,215.198,0.653,0.074,4.3728,LoRaWAN,smart_meter
2025-01-08T16:16:00,75.955,20.994,4.945,1.912,1.5325,MQTT,actuator
2025-01-08T17:23:00,127.485,12.504,0.567,5.67,1.1205,MQTT,actuator
2025-01-09T00:19:00,717.108,41.127,4.148,69.942,1.2941,CoAP,gateway
2025-01-08T00:17:00,121.919,20.72,4.082,0.668,0.9524,MQTT,actuator
2025-01-08T18:05:00,2522.179,85.555,8.452,107.483,0.728,HTTPS,camera
2025-01-09T05:12:00,50.852,13.486,5.477,7.281,0.3932,MQTT,env_sensor
2025-01-09T08:28:00,1049.707,51.036,2.221,177.587,1.2487,HTTPS,camera
2025-01-08T13:49:00,777.871,48.131,11.728,14.501,1.1026,CoAP,gateway
2025-01-08T02:17:00,547.712,17.674,7.43,146.305,0.9687,HTTPS,gateway
2025-01-09T11:55:00,21.522,253.199,0.316,0.339,3.7599,LoRaWAN,smart_meter
2025-01-08T11:07:00,2711.831,98.351,2.16,122.226,0.0978,HTTPS,camera
2025-01-08T19:39:00,97.455,13.634,5.961,10.771,0.0,CoAP,actuator
2025-01-08T04:20:00,31.128,323.64,0.1,0.61,5.0391,LoRaWAN,smart_meter
2025-01-09T10:08:00,47.313,15.066,0.1,4.76,3.7129,MQTT,env_sensor
2025-01-08T20:46:00,89.278,32.753,3.727,4.389,2.0628,MQTT,env_sensor
2025-01-09T05:46:00,1176.132,31.835,15.373,0.05,1.1229,MQTT,gateway
2025-01-08T15:54:00,102.246,37.528,2.892,5.221,0.0,MQTT,env_sensor
2025-01-09T00:55:00,672.381,38.837,10.939,5.002,0.0,CoAP,gateway
2025-01-09T13:35:00,73.109,45.494,5.838,1.113,0.0,MQTT,env_sensor
2025-01-08T06:35:00,35.069,289.343,1.179,0.062,0.0,LoRaWAN,smart_meter
2025-01-07T23:51:00,1456.063,83.738,0.891,258.786,0.8464,HTTPS,camera
2025-01-08T09:51:00,34.415,160.344,1.697,0.05,0.7518,LoRaWAN,smart_meter
2025-01-08T13:51:00,1087.316,38.427,4.143,140.499,2.3657,HTTPS,gateway
2025-01-08T07:17:00,79.381,21.774,13.133,9.638,0.0,MQTT,actuator
2025-01-08T16:04:00,465.775,37.968,6.196,134.739,0.7917,HTTPS,gateway
2025-01-08T13:19:00,2028.128,17.976,0.1,0.05,1.3473,MQTT,camera
2025-01-08T19:31:00,3543.097,116.612,1.481,166.812,1.4753,HTTPS,camera
2025-01-08T08:13:00,88.2,26.507,6.568,6.137,1.265,CoAP,actuator
2025-01-09T09:56:00,132.96,9.598,5.366,8.049,1.4302,MQTT,actuator
2025-01-08T17:28:00,20.844,109.146,1.205,0.185,5.5087,LoRaWAN,smart_meter
2025-01-09T15:51:00,36.07,220.342,1.466,0.671,3.6404,LoRaWAN,smart_meter
2025-01-08T07:08:00,1595.177,63.741,0.1,116.704,1.724,HTTPS,camera
2025-01-08T13:38:00,82.413,14.263,3.806,9.765,0.7654,MQTT,actuator
2025-01-09T09:39:00,18.298,117.017,2.315,0.104,2.7005,LoRaWAN,smart_meter
2025-01-08T20:35:00,93.699,16.598,5.717,11.179,0.898,CoAP,actuator
2025-01-09T03:37:00,923.214,82.02,7.082,50.467,0.5942,HTTPS,gateway
2025-01-07T22:52:00,2602.812,68.317,0.275,168.294,0.0,HTTPS,camera
2025-01-08T18:44:00,41.694,170.144,1.6,0.62,4.6101,LoRaWAN,smart_meter
2025-01-08T08:55:00,35.693,195.862,3.866,0.541,1.9592,LoRaWAN,smart_meter
2025-01-09T10:09:00,118.167,21.67,11.373,14.343,0.2971,MQTT,actuator
2025-01-08T02:36:00,29.643,167.4,1.273,0.082,4.4133,LoRaWAN,smart_meter
2025-01-09T08:32:00,1257.466,73.522,8.144,120.555,1.1373,HTTPS,gateway
2025-01-09T15:49:00,1500.794,101.797,1.319,152.07,0.6189,HTTPS,camera
2025-01-09T15:25:00,1334.282,66.091,6.996,122.365,1.0442,HTTPS,camera
2025-01-08T15:43:00,97.529,20.882,0.945,0.05,0.6008,MQTT,env_sensor
2025-01-08T12:14:00,493.181,23.038,2.706,160.303,0.1935,HTTPS,camera
2025-01-09T01:04:00,1337.17,60.017,3.313,151.254,0.3514,HTTPS,camera
2025-01-09T02:14:00,876.919,43.125,12.418,30.704,0.9966,HTTPS,gateway
2025-01-09T03:51:00,129.078,13.546,2.952,8.434,0.594,MQTT,actuator
2025-01-08T22:44:00,32.263,268.578,4.03,0.267,2.9898,LoRaWAN,smart_meter
2025-01-08T11:15:00,758.623,54.969,4.793,1.949,0.204,HTTPS,gateway
2025-01-09T06:10:00,70.503,29.235,3.379,1.812,1.7838,MQTT,env_sensor
2025-01-08T11:05:00,120.051,20.545,6.752,8.877,0.801,MQTT,actuator
2025-01-08T04:35:00,999.277,60.851,3.717,151.991,0.1069,HTTPS,camera
2025-01-09T10:23:00,89.66,13.684,4.615,12.621,1.0739,MQTT,actuator
2025-01-08T17:18:00,55.866,24.294,4.624,7.258,0.2564,MQTT,actuator
2025-01-08T19:39:00,1661.22,38.653,5.372,112.366,1.0556,HTTPS,gateway
2025-01-09T03:07:00,121.03,24.301,3.658,13.086,0.0512,MQTT,actuator
2025-01-08T17:10:00,2777.239,53.026,5.805,0.05,0.0,HTTPS,camera
2025-01-09T14:54:00,69.676,17.769,4.855,5.007,2.7702,MQTT,env_sensor
2025-01-09T02:45:00,90.445,22.059,4.125,7.352,0.5908,MQTT,env_sensor
2025-01-08T00:49:00,844.678,101.847,12.593,149.743,0.0,HTTPS,gateway
2025-01-09T01:46:00,177.722,68.722,5.805,0.05,0.4189,MQTT,gateway
2025-01-09T12:25:00,28.437,129.314,3.467,0.651,0.0,LoRaWAN,smart_meter
2025-01-09T10:44:00,143.709,19.082,10.857,6.36,0.9473,CoAP,actuator
2025-01-09T15:32:00,70.266,15.933,3.802,8.227,1.5064,MQTT,actuator
2025-01-08T07:41:00,79.814,37.898,0.327,0.541,0.0,MQTT,env_sensor
2025-01-08T23:21:00,2060.324,23.454,1.98,66.654,1.6371,HTTPS,camera
2025-01-09T11:31:00,157.494,16.613,6.993,10.661,0.9238,MQTT,actuator
2025-01-08T07:32:00,109.268,17.703,4.476,10.222,0.2346,MQTT,actuator
2025-01-09T02:09:00,756.653,56.815,8.69,93.886,2.2863,CoAP,gateway
2025-01-08T07:58:00,2537.177,99.511,2.133,139.756,0.0,HTTPS,camera
2025-01-08T17:37:00,16.848,143.357,0.1,0.05,7.0353,LoRaWAN,smart_meter
2025-01-08T04:03:00,108.158,57.895,8.952,3.918,2.1172,CoAP,env_sensor
2025-01-09T03:47:00,526.086,41.384,10.561,44.772,1.7697,CoAP,gateway
2025-01-07T23:17:00,705.73,20.54,12.526,97.63,1.6226,CoAP,gateway
2025-01-09T10:10:00,66.032,20.333,2.598,4.087,1.6615,MQTT,env_sensor
2025-01-08T09:47:00,68.097,8.508,3.859,5.2,1.3153,MQTT,actuator
2025-01-08T20:20:00,572.699,20.915,10.1,54.295,2.2191,CoAP,gateway
2025-01-09T07:07:00,1007.607,66.16,12.323,91.365,1.4729,CoAP,gateway
2025-01-09T09:07:00,520.711,44.785,7.683,101.386,0.9981,HTTPS,gateway
2025-01-09T14:14:00,43.493,126.408,4.414,0.305,2.9167,LoRaWAN,smart_meter
2025-01-08T22:17:00,34.447,84.365,1.941,0.436,0.0254,LoRaWAN,smart_meter
2025-01-08T03:43:00,243.784,9.676,0.1,0.05,0.6561,MQTT,gateway
2025-01-08T06:04:00,1347.553,48.342,0.1,93.441,0.3923,HTTPS,camera
2025-01-08T23:58:00,60.495,11.757,2.914,6.114,0.3451,MQTT,env_sensor
2025-01-09T04:56:00,774.848,28.309,17.591,0.05,1.2711,CoAP,gateway
2025-01-09T08:44:00,432.174,17.093,4.366,106.006,0.8694,HTTPS,gateway
2025-01-08T18:56:00,1202.142,59.074,11.929,5.401,0.6287,HTTPS,gateway
2025-01-09T06:25:00,405.866,24.909,9.803,0.05,1.715,CoAP,gateway
2025-01-08T08:23:00,997.671,34.988,4.678,183.397,0.4626,HTTPS,camera
2025-01-08T18:25:00,1352.229,69.024,0.1,115.344,0.0607,HTTPS,camera
2025-01-08T19:07:00,8.0,54.701,18.7,88.307,1.9529,MQTT,gateway
2025-01-09T03:30:00,119.916,4.871,8.901,10.981,0.836,MQTT,actuator
2025-01-09T05:47:00,48.358,34.164,4.531,6.427,0.6801,MQTT,env_sensor
2025-01-09T00:22:00,38.833,190.111,1.494,0.501,2.5993,LoRaWAN,smart_meter
2025-01-08T02:16:00,38.785,127.137,3.748,0.512,5.2836,LoRaWAN,smart_meter
2025-01-09T01:22:00,24.612,210.301,3.424,0.484,4.3741,MQTT,smart_meter
2025-01-08T17:22:00,72.434,18.69,3.914,8.636,1.1504,MQTT,env_sensor
2025-01-09T03:52:00,1157.117,38.092,0.1,93.722,2.7633,HTTPS,gateway
2025-01-08T15:41:00,116.058,16.871,7.767,3.597,0.512,MQTT,actuator
2025-01-09T04:06:00,737.844,69.165,9.305,0.784,2.3365,CoAP,gateway
2025-01-09T12:09:00,48.315,39.672,3.36,4.975,0.6477,HTTPS,env_sensor
2025-01-08T18:33:00,92.385,21.484,1.279,5.016,2.3627,MQTT,env_sensor
2025-01-09T01:14:00,767.0,64.008,12.722,41.191,0.0286,CoAP,gateway
2025-01-09T05:22:00,27.641,57.803,2.429,0.633,2.5971,MQTT,smart_meter
2025-01-08T23:52:00,69.469,16.266,0.464,8.697,0.8165,MQTT,actuator
2025-01-09T04:54:00,871.815,38.408,15.163,72.661,0.8675,HTTPS,gateway
2025-01-09T04:49:00,78.139,19.015,4.818,1.331,1.7313,MQTT,env_sensor
2025-01-08T20:42:00,2485.971,39.852,0.1,205.165,1.0621,HTTPS,camera
2025-01-07T23:44:00,28.024,140.432,2.301,0.499,0.8507,LoRaWAN,smart_meter
2025-01-09T09:06:00,41.637,102.979,0.464,0.155,5.0396,LoRaWAN,smart_meter
2025-01-09T02:55:00,1388.597,59.684,4.98,95.637,0.3794,HTTPS,camera
2025-01-08T13:52:00,38.713,218.984,2.611,0.166,6.513,LoRaWAN,smart_meter
2025-01-09T15:06:00,84.178,26.549,0.1,2.158,1.6725,MQTT,env_sensor
2025-01-09T01:43:00,82.824,19.822,4.729,16.172,1.7201,MQTT,actuator
2025-01-08T03:28:00,140.275,22.878,5.943,10.892,2.0187,MQTT,actuator
2025-01-09T01:12:00,1285.911,88.98,2.19,37.705,1.1641,HTTPS,gateway
2025-01-08T00:17:00,22.151,107.395,3.755,0.336,3.9199,LoRaWAN,smart_meter
2025-01-08T05:35:00,154.327,33.464,2.328,12.168,0.0802,MQTT,actuator
2025-01-08T14:44:00,67.877,18.11,3.538,5.103,0.8454,MQTT,env_sensor
2025-01-08T09:25:00,1732.795,37.369,3.658,102.778,0.1593,HTTPS,gateway
2025-01-08T06:20:00,48.53,306.285,6.627,0.919,3.6859,LoRaWAN,smart_meter
2025-01-09T10:24:00,89.493,14.608,7.673,3.915,1.0787,MQTT,actuator
2025-01-08T10:03:00,101.918,16.906,2.658,3.52,2.2574,MQTT,env_sensor
2025-01-08T14:39:00,1625.286,28.853,0.1,39.727,0.5258,HTTPS,camera
2025-01-08T21:44:00,652.916,35.733,4.907,88.292,0.7954,HTTPS,gateway
2025-01-08T04:53:00,41.597,45.204,0.1,1.837,0.6341,MQTT,env_sensor
2025-01-08T06:31:00,23.501,16.629,3.09,8.372,1.0098,MQTT,env_sensor
2025-01-09T00:01:00,33.419,133.008,2.361,0.598,3.2302,LoRaWAN,smart_meter
2025-01-09T05:33:00,1243.092,82.404,10.194,109.033,0.84,HTTPS,gateway
2025-01-09T06:33:00,111.416,18.494,9.89,12.024,0.3075,MQTT,actuator
2025-01-09T13:48:00,1952.829,57.118,6.014,98.178,0.5027,HTTPS,camera
2025-01-08T10:47:00,1708.997,65.341,5.58,42.282,0.7439,HTTPS,camera
2025-01-08T21:38:00,179.239,7.847,5.767,6.318,1.6464,MQTT,actuator
2025-01-08T05:19:00,92.713,13.799,12.433,10.515,0.8056,MQTT,actuator
2025-01-08T01:05:00,1122.999,54.428,9.152,103.853,0.0,HTTPS,gateway
2025-01-08T10:13:00,2589.207,27.625,7.257,0.05,1.3601,CoAP,camera
2025-01-08T00:46:00,967.423,25.25,2.297,123.027,0.6354,HTTPS,camera
2025-01-09T03:52:00,22.804,203.818,3.494,0.502,0.7381,LoRaWAN,smart_meter
2025-01-08T03:01:00,79.843,3.508,0.464,3.904,1.1398,MQTT,env_sensor
2025-01-08T09:53:00,25.649,196.295,4.57,0.525,4.8684,LoRaWAN,smart_meter
2025-01-08T14:28:00,614.362,58.437,12.698,92.948,0.0,HTTPS,gateway
2025-01-08T00:39:00,972.661,74.899,4.564,137.303,1.3161,HTTPS,camera
2025-01-08T01:00:00,36.013,198.162,2.57,0.747,4.2265,LoRaWAN,smart_meter
2025-01-07T23:43:00,2128.39,64.42,3.374,72.469,0.0,HTTPS,camera
2025-01-08T11:23:00,21.398,15.103,0.193,0.05,2.8044,MQTT,env_sensor
2025-01-09T15:56:00,8.294,11.356,3.971,0.446,1.394,MQTT,env_sensor
2025-01-09T10:41:00,85.799,21.473,5.612,5.575,1.4681,MQTT,actuator
2025-01-08T20:36:00,741.854,53.765,7.439,49.205,0.5885,CoAP,gateway
2025-01-09T04:27:00,16.168,248.685,2.701,0.331,4.9757,LoRaWAN,smart_meter
2025-01-07T23:31:00,841.088,26.838,16.205,52.276,2.3634,CoAP,gateway
2025-01-08T01:20:00,1248.322,70.0,3.044,119.29,0.0,HTTPS,camera
2025-01-08T17:09:00,85.097,21.765,4.203,1.586,1.7818,MQTT,env_sensor
2025-01-08T03:20:00,1548.954,42.349,3.123,123.129,0.0,HTTPS,camera
2025-01-08T12:07:00,76.145,8.331,5.633,1.631,0.4533,MQTT,env_sensor
2025-01-08T09:34:00,1113.384,41.305,7.316,0.05,0.073,HTTPS,gateway
2025-01-09T10:58:00,1135.72,35.581,5.688,125.206,1.1629,HTTPS,gateway
2025-01-09T08:58:00,1774.624,52.158,15.604,24.384,0.3714,HTTPS,gateway
2025-01-09T00:38:00,1283.684,68.392,0.1,121.461,0.0,HTTPS,camera
2025-01-09T00:09:00,104.908,18.349,2.39,3.49,1.3105,MQTT,actuator
2025-01-09T01:33:00,156.845,21.822,4.038,6.083,2.0183,MQTT,actuator
2025-01-08T11:07:00,1258.888,48.077,10.63,63.667,0.0745,HTTPS,gateway
2025-01-08T01:09:00,1090.372,26.913,0.1,132.658,0.9002,HTTPS,camera
2025-01-08T05:46:00,77.759,34.934,2.654,17.815,0.9065,MQTT,actuator
2025-01-09T05:41:00,34.067,236.739,1.077,0.525,3.6895,LoRaWAN,smart_meter
2025-01-07T23:06:00,134.797,9.701,8.469,10.153,1.5803,CoAP,actuator
2025-01-09T00:07:00,52.704,19.817,0.74,8.263,1.7397,MQTT,env_sensor
2025-01-09T10:21:00,97.609,17.46,6.431,8.091,2.7375,CoAP,actuator
2025-01-09T03:22:00,731.851,42.905,15.288,50.739,0.0,HTTPS,gateway
2025-01-09T07:47:00,127.958,13.849,4.264,8.59,1.4045,MQTT,actuator
2025-01-08T08:58:00,162.757,8.814,10.3,12.682,1.1763,MQTT,actuator
2025-01-08T01:19:00,42.095,17.025,4.46,0.05,0.0,MQTT,env_sensor
2025-01-09T06:47:00,622.034,73.728,3.592,57.64,1.0538,MQTT,gateway
2025-01-08T19:21:00,33.729,192.708,3.262,0.405,0.0,LoRaWAN,smart_meter
2025-01-09T11:38:00,24.463,235.163,1.554,0.05,1.4365,LoRaWAN,smart_meter
2025-01-08T08:11:00,2250.371,73.964,0.1,162.868,0.8697,HTTPS,camera
2025-01-09T15:10:00,674.096,52.566,9.813,17.949,0.0,CoAP,gateway
2025-01-08T12:17:00,151.217,10.156,7.528,11.624,0.1425,MQTT,actuator
2025-01-08T04:49:00,1793.25,72.112,8.085,85.419,0.3426,HTTPS,camera
2025-01-09T07:52:00,68.946,36.83,3.195,0.28,1.6315,MQTT,env_sensor
2025-01-09T16:19:00,985.331,26.55,15.556,0.05,0.5225,CoAP,gateway
2025-01-09T04:09:00,705.708,60.786,0.1,74.412,1.8196,HTTPS,gateway
2025-01-09T02:43:00,72.891,14.996,10.707,7.91,0.2952,MQTT,actuator
2025-01-08T16:54:00,87.325,13.403,1.596,0.843,1.3236,MQTT,env_sensor
2025-01-08T07:22:00,2294.674,42.049,1.877,0.05,1.153,HTTPS,camera
2025-01-09T10:42:00,1781.643,98.921,8.523,72.341,1.4153,HTTPS,camera
2025-01-09T00:15:00,30.897,201.569,3.067,0.06,5.0518,LoRaWAN,smart_meter
2025-01-09T03:33:00,2556.962,28.356,5.687,87.402,0.0464,HTTPS,camera
2025-01-08T11:11:00,2100.429,60.619,5.01,133.019,0.9153,HTTPS,camera
2025-01-09T00:02:00,36.036,22.084,0.1,0.05,2.266,MQTT,env_sensor
2025-01-08T03:30:00,25.83,127.999,0.923,0.055,2.2164,LoRaWAN,smart_meter
2025-01-09T10:09:00,96.019,54.682,5.877,0.954,0.575,MQTT,env_sensor
2025-01-08T15:10:00,12.902,152.836,2.859,0.623,3.1174,LoRaWAN,smart_meter
2025-01-08T06:34:00,59.532,22.615,3.775,8.739,0.5624,MQTT,actuator
2025-01-09T14:00:00,34.384,236.69,2.909,0.484,5.6863,LoRaWAN,smart_meter
2025-01-09T14:49:00,1538.14,51.864,1.68,113.49,0.411,HTTPS,camera
2025-01-08T01:25:00,73.363,25.95,1.156,0.05,3.345,MQTT,env_sensor
2025-01-09T12:47:00,15.017,184.761,1.343,0.161,1.7174,LoRaWAN,smart_meter
2025-01-09T12:06:00,61.936,26.699,2.426,2.024,2.0766,MQTT,env_sensor
2025-01-08T13:30:00,718.748,25.935,1.688,43.783,0.0,HTTPS,gateway
2025-01-09T00:39:00,38.362,191.843,3.768,0.448,2.7233,LoRaWAN,smart_meter
2025-01-08T13:19:00,70.704,41.447,3.086,0.109,0.0,MQTT,env_sensor
2025-01-08T06:30:00,93.003,35.732,3.139,6.945,0.1593,MQTT,env_sensor
2025-01-09T09:23:00,63.51,23.269,6.197,4.551,1.0707,MQTT,env_sensor
2025-01-09T02:29:00,153.598,27.474,5.498,9.024,1.7738,CoAP,actuator
2025-01-09T04:12:00,32.397,122.06,0.979,0.359,5.2344,LoRaWAN,smart_meter
2025-01-09T12:50:00,28.912,129.266,4.647,0.05,2.3881,LoRaWAN,smart_meter
2025-01-09T02:38:00,22.945,139.363,1.358,0.577,3.7249,LoRaWAN,smart_meter
2025-01-09T07:01:00,72.193,10.818,4.164,3.209,0.0,MQTT,env_sensor
2025-01-09T00:36:00,106.417,10.044,5.52,4.423,0.0,MQTT,actuator
2025-01-09T01:01:00,38.156,117.172,0.1,0.991,4.7703,LoRaWAN,smart_meter
2025-01-09T13:10:00,129.981,28.376,9.982,7.454,1.1903,MQTT,actuator
2025-01-09T08:33:00,2380.567,62.017,6.53,95.863,0.4521,HTTPS,camera
2025-01-08T11:44:00,2281.265,47.938,0.431,215.312,0.0,HTTPS,camera
2025-01-08T13:21:00,89.258,48.167,0.994,1.264,3.3523,MQTT,env_sensor
2025-01-09T08:03:00,1947.617,1.0,4.545,70.94,0.1497,HTTPS,camera
2025-01-08T22:50:00,30.926,128.61,3.905,0.05,3.5426,LoRaWAN,smart_meter
2025-01-08T10:39:00,737.114,102.732,3.105,218.747,0.7764,HTTPS,camera
2025-01-09T11:40:00,91.257,13.003,3.914,4.996,0.0916,MQTT,actuator
2025-01-09T09:35:00,619.66,61.234,0.1,50.646,2.1824,CoAP,gateway
2025-01-09T09:44:00,24.925,25.834,2.258,5.827,1.9646,MQTT,actuator
2025-01-09T11:20:00,1887.83,43.212,9.289,105.495,0.135,HTTPS,camera
2025-01-08T03:36:00,116.509,29.623,3.942,5.767,1.3236,MQTT,actuator
2025-01-08T22:12:00,157.045,17.999,5.823,10.284,0.7256,MQTT,actuator
2025-01-09T14:30:00,22.697,194.837,0.1,0.226,4.8833,LoRaWAN,smart_meter
2025-01-09T08:52:00,116.491,45.28,2.375,2.077,1.3273,MQTT,env_sensor
2025-01-09T09:39:00,1429.101,24.94,3.838,96.645,0.1585,HTTPS,gateway
2025-01-09T16:04:00,143.282,14.828,1.013,6.004,1.8467,MQTT,actuator
2025-01-09T04:14:00,29.748,241.4,1.312,0.542,2.1198,LoRaWAN,smart_meter
2025-01-09T15:49:00,20.859,190.539,0.1,0.801,3.4637,LoRaWAN,smart_meter
2025-01-09T14:27:00,1143.583,1.0,4.936,19.936,1.572,MQTT,gateway
2025-01-08T07:53:00,516.167,35.112,0.753,56.676,1.1436,HTTPS,gateway
2025-01-08T07:28:00,943.667,36.242,16.178,106.359,1.7555,CoAP,gateway
2025-01-09T08:37:00,135.662,23.56,11.612,10.531,0.0,MQTT,actuator
2025-01-08T01:13:00,1043.661,53.592,13.944,40.824,2.1445,MQTT,gateway
2025-01-08T04:35:00,135.129,48.182,2.495,12.741,0.0,MQTT,gateway
2025-01-08T16:35:00,718.982,38.981,11.345,132.648,1.6734,CoAP,gateway
2025-01-08T09:01:00,37.486,15.855,1.765,0.05,1.3441,MQTT,actuator
2025-01-09T01:07:00,70.314,16.518,6.432,12.339,0.2952,MQTT,actuator
2025-01-08T18:38:00,29.547,21.076,2.185,2.639,0.4112,MQTT,env_sensor
2025-01-08T19:31:00,126.072,16.863,6.833,6.12,1.1523,CoAP,env_sensor
2025-01-09T15:37:00,699.958,76.875,0.1,110.115,0.2312,HTTPS,camera
2025-01-08T07:55:00,86.133,32.955,3.261,3.094,0.2413,MQTT,env_sensor
2025-01-08T17:22:00,1796.348,51.721,1.583,179.207,0.4579,HTTPS,camera
2025-01-08T08:51:00,1553.256,72.664,6.321,206.853,0.6741,HTTPS,camera
2025-01-08T11:03:00,43.724,32.455,3.481,5.239,1.0463,MQTT,env_sensor
2025-01-09T12:52:00,925.596,37.929,16.883,37.242,0.4571,CoAP,gateway
2025-01-07T23:23:00,91.765,28.446,1.295,3.305,0.0,MQTT,env_sensor
2025-01-09T04:51:00,404.51,20.678,8.197,90.954,1.4493,CoAP,camera
2025-01-08T03:38:00,143.926,8.863,6.82,15.545,1.3643,MQTT,actuator
2025-01-09T10:29:00,1306.821,95.608,2.392,35.779,1.0548,HTTPS,camera
2025-01-09T03:18:00,1481.296,69.37,1.711,7.536,1.1522,MQTT,camera
2025-01-08T06:17:00,55.843,23.3,6.961,8.845,0.6655,MQTT,actuator
2025-01-08T22:39:00,72.626,35.096,2.503,1.481,1.8563,MQTT,env_sensor
2025-01-09T03:57:00,34.889,91.924,1.797,0.354,1.3355,LoRaWAN,smart_meter
2025-01-08T12:16:00,27.809,1.0,2.263,3.7,1.8358,MQTT,env_sensor
2025-01-08T18:05:00,1022.562,38.68,21.137,92.029,1.9474,CoAP,gateway
2025-01-08T12:35:00,125.161,12.828,4.289,6.042,0.0794,MQTT,actuator
2025-01-08T02:24:00,87.658,19.58,7.34,2.905,0.7366,CoAP,actuator
2025-01-09T06:56:00,2512.391,81.692,1.734,113.231,0.4663,HTTPS,camera
2025-01-08T15:32:00,1927.808,80.51,7.544,65.923,0.652,HTTPS,camera
2025-01-08T00:32:00,1610.424,52.353,9.519,87.456,0.0392,HTTPS,gateway
2025-01-09T13:42:00,35.317,121.846,2.535,0.191,6.6116,LoRaWAN,smart_meter
2025-01-08T08:17:00,29.189,104.849,3.414,0.368,1.1335,LoRaWAN,smart_meter
2025-01-09T12:29:00,49.834,23.654,5.009,1.139,1.6647,MQTT,env_sensor
2025-01-09T08:21:00,136.947,19.593,5.352,10.479,0.8774,MQTT,actuator
2025-01-09T06:51:00,123.099,11.94,4.562,8.008,1.0999,MQTT,actuator
2025-01-08T03:10:00,160.761,39.192,10.626,60.57,0.6325,HTTPS,gateway
2025-01-08T13:39:00,1436.096,92.345,4.608,135.037,0.5937,HTTPS,camera
2025-01-08T20:16:00,77.045,28.474,1.224,11.285,0.0,MQTT,actuator
2025-01-08T14:23:00,676.22,55.254,15.769,33.723,1.5917,CoAP,gateway
2025-01-09T00:33:00,142.695,11.39,12.801,15.069,0.2963,MQTT,actuator
2025-01-09T00:02:00,154.315,23.966,2.356,11.366,1.2223,MQTT,actuator
2025-01-09T06:48:00,93.088,27.743,3.421,8.55,0.0,MQTT,actuator
2025-01-08T22:26:00,61.379,18.191,11.563,5.6,1.521,MQTT,actuator
2025-01-08T15:03:00,27.382,166.277,2.442,0.106,3.4808,LoRaWAN,smart_meter
2025-01-08T23:26:00,1285.869,64.032,7.663,178.124,1.1916,HTTPS,camera
2025-01-08T11:31:00,87.086,5.454,2.283,15.884,0.0,MQTT,actuator
2025-01-08T11:45:00,31.542,237.435,3.63,0.05,6.0691,LoRaWAN,smart_meter
2025-01-07T23:52:00,87.5,18.574,0.74,4.556,1.8619,MQTT,env_sensor
2025-01-09T05:38:00,116.912,28.68,2.564,5.875,1.1134,MQTT,actuator
2025-01-08T07:00:00,25.953,166.751,0.1,0.564,5.8057,LoRaWAN,smart_meter
2025-01-08T17:52:00,72.577,6.022,0.1,6.168,1.6545,MQTT,env_sensor
2025-01-08T03:05:00,2685.431,82.067,8.804,283.362,0.0,HTTPS,camera
2025-01-09T07:54:00,19.387,108.901,0.1,0.452,4.5623,LoRaWAN,smart_meter
2025-01-08T04:43:00,32.26,199.569,2.284,0.676,3.2215,LoRaWAN,smart_meter
2025-01-08T18:53:00,107.322,29.175,8.263,1.705,1.0236,CoAP,actuator
2025-01-08T21:57:00,156.278,22.178,3.194,7.422,0.0496,MQTT,actuator
2025-01-08T21:21:00,40.875,299.082,0.58,0.716,4.5176,MQTT,smart_meter
2025-01-08T03:32:00,24.111,214.158,2.449,0.17,3.3753,LoRaWAN,smart_meter
2025-01-09T02:39:00,138.064,30.149,3.594,10.685,0.1656,MQTT,actuator
2025-01-08T22:53:00,2052.763,56.197,3.295,0.05,1.0577,HTTPS,camera
2025-01-09T05:57:00,1200.499,56.85,9.524,108.8,1.2616,HTTPS,gateway
2025-01-08T00:13:00,17.911,183.103,0.76,0.736,3.9273,LoRaWAN,smart_meter
2025-01-09T02:07:00,92.926,13.846,3.972,1.708,1.9496,MQTT,env_sensor
2025-01-09T03:12:00,24.719,258.75,1.284,0.521,1.4205,LoRaWAN,smart_meter
2025-01-08T05:55:00,996.368,3.599,11.544,33.336,1.2582,CoAP,gateway
2025-01-07T23:41:00,2921.619,100.772,3.554,111.436,0.0378,HTTPS,camera
2025-01-09T05:55:00,83.051,17.928,1.48,3.651,0.128,MQTT,env_sensor
2025-01-08T10:06:00,216.274,50.464,11.688,1.196,2.3177,MQTT,gateway
2025-01-08T00:02:00,2179.296,4.457,3.992,30.406,1.0985,MQTT,camera
2025-01-09T15:00:00,116.752,21.677,0.332,6.584,1.5612,MQTT,actuator
2025-01-09T12:16:00,1314.983,69.768,0.1,115.977,1.2964,HTTPS,gateway
2025-01-08T22:34:00,100.544,25.554,0.1,0.05,1.6153,MQTT,env_sensor
2025-01-07T23:34:00,868.205,40.71,9.739,106.627,1.0928,CoAP,gateway
2025-01-08T14:18:00,14.03,232.819,1.768,0.358,3.4077,LoRaWAN,smart_meter
2025-01-09T10:15:00,26.105,204.58,3.593,0.583,4.4411,LoRaWAN,smart_meter
2025-01-09T12:04:00,1347.047,44.975,6.848,89.437,0.7828,HTTPS,gateway
2025-01-09T03:41:00,2106.527,41.107,1.894,105.518,0.3892,HTTPS,camera
2025-01-08T06:39:00,1691.52,13.369,10.763,104.91,0.7817,HTTPS,gateway
2025-01-08T11:19:00,48.862,12.164,5.968,0.185,1.4717,MQTT,actuator
2025-01-09T12:07:00,96.176,24.759,4.677,9.69,2.063,MQTT,actuator
2025-01-08T02:24:00,8.641,116.063,1.625,0.366,3.4992,LoRaWAN,smart_meter
2025-01-09T09:43:00,132.294,25.993,6.077,9.126,1.2698,CoAP,actuator
2025-01-09T00:03:00,27.46,171.909,2.423,0.923,0.2145,LoRaWAN,smart_meter
2025-01-08T11:35:00,24.393,45.016,0.1,5.94,1.9454,MQTT,env_sensor
2025-01-08T05:56:00,25.19,157.54,0.299,0.214,2.6459,LoRaWAN,smart_meter
2025-01-09T01:35:00,2152.204,46.262,10.203,17.693,0.0,HTTPS,gateway
2025-01-08T12:09:00,42.696,20.206,6.406,4.323,0.4309,CoAP,env_sensor
2025-01-08T01:21:00,676.997,47.862,3.775,138.423,1.7832,HTTPS,gateway
2025-01-08T07:57:00,165.986,5.907,9.9,11.792,0.0,MQTT,actuator
2025-01-09T15:53:00,38.745,29.193,1.917,2.228,0.6868,MQTT,env_sensor
2025-01-09T01:27:00,92.727,3.235,11.056,10.735,0.7821,MQTT,actuator
2025-01-08T05:54:00,57.414,9.879,12.74,11.99,1.4229,CoAP,actuator
2025-01-08T19:46:00,103.522,21.071,5.966,5.335,1.095,MQTT,actuator
2025-01-09T09:12:00,103.022,12.584,5.394,7.733,0.8766,MQTT,actuator
2025-01-08T14:29:00,80.839,15.216,8.102,9.068,1.5294,CoAP,actuator
2025-01-08T11:28:00,23.891,131.66,1.113,0.474,1.1699,LoRaWAN,smart_meter
2025-01-08T06:19:00,1336.224,56.208,1.433,85.203,0.6551,HTTPS,camera
2025-01-08T18:15:00,74.376,7.42,5.159,6.437,2.3036,CoAP,actuator
2025-01-08T00:16:00,65.327,34.229,2.714,0.05,0.0,MQTT,env_sensor
2025-01-08T03:59:00,104.561,24.463,6.671,0.05,0.7539,MQTT,actuator
2025-01-09T09:54:00,124.044,18.496,0.1,13.648,0.8998,MQTT,actuator
2025-01-09T06:54:00,123.65,23.557,2.709,9.468,1.4701,MQTT,actuator
2025-01-09T09:44:00,26.405,194.579,2.169,0.349,0.0,LoRaWAN,smart_meter
2025-01-08T07:43:00,81.324,30.055,2.203,10.733,2.5319,MQTT,env_sensor
2025-01-08T03:42:00,8.0,160.415,3.445,0.05,0.9779,LoRaWAN,smart_meter
2025-01-09T09:31:00,1205.862,28.242,9.303,105.342,0.1127,HTTPS,gateway
2025-01-08T17:31:00,125.706,19.071,9.216,12.063,0.155,MQTT,actuator
2025-01-08T06:24:00,29.147,147.358,0.1,0.624,3.8298,LoRaWAN,smart_meter
2025-01-09T08:20:00,81.737,16.066,6.092,6.763,0.8697,MQTT,actuator
2025-01-08T08:08:00,24.559,221.914,0.1,0.05,0.8398,LoRaWAN,smart_meter
2025-01-09T11:57:00,1133.63,28.599,3.839,71.65,0.9878,HTTPS,camera
2025-01-09T00:06:00,26.46,200.183,1.746,0.669,1.767,LoRaWAN,smart_meter
2025-01-08T06:48:00,126.101,31.376,1.298,0.05,0.7805,HTTPS,env_sensor
2025-01-09T07:24:00,26.437,177.764,1.119,0.689,4.2765,LoRaWAN,smart_meter
2025-01-09T12:39:00,24.515,349.678,0.961,0.05,2.7791,LoRaWAN,smart_meter
2025-01-08T23:07:00,92.12,21.488,0.1,12.285,0.7431,MQTT,actuator
2025-01-08T01:45:00,860.206,52.594,0.1,172.05,0.3649,HTTPS,camera
2025-01-08T03:42:00,885.287,69.601,10.222,16.687,0.1885,CoAP,gateway
2025-01-09T09:41:00,23.869,137.423,0.1,0.542,2.5014,MQTT,smart_meter
2025-01-08T17:43:00,33.708,156.996,2.784,0.577,1.5353,LoRaWAN,smart_meter
2025-01-08T12:54:00,2409.679,87.898,9.26,21.067,1.3641,CoAP,gateway
2025-01-08T12:59:00,1233.585,70.155,9.576,0.05,0.9201,HTTPS,gateway
2025-01-09T01:41:00,56.989,12.645,1.683,3.057,1.6188,MQTT,env_sensor
2025-01-09T05:03:00,20.083,83.61,3.572,0.49,2.9761,LoRaWAN,smart_meter
2025-01-08T15:14:00,2941.734,104.695,2.541,58.875,0.3143,HTTPS,camera
2025-01-09T05:16:00,1379.092,31.29,7.522,20.633,2.0369,MQTT,gateway
2025-01-08T05:09:00,2096.823,39.635,1.561,90.179,0.4905,HTTPS,camera
2025-01-09T08:19:00,578.326,62.97,0.1,207.263,1.2971,HTTPS,camera
2025-01-09T15:27:00,27.387,221.032,0.872,0.211,3.3579,LoRaWAN,smart_meter
2025-01-08T13:01:00,126.874,21.557,5.369,11.851,1.5738,MQTT,actuator
2025-01-08T11:33:00,32.771,184.743,1.371,0.529,2.8841,LoRaWAN,smart_meter
2025-01-09T14:05:00,2479.27,106.95,0.1,85.269,1.1673,HTTPS,camera
2025-01-08T16:47:00,28.329,148.434,3.222,0.513,4.1785,LoRaWAN,smart_meter
2025-01-08T09:19:00,114.055,3.265,7.238,7.327,0.0,MQTT,actuator
2025-01-09T05:52:00,1278.187,88.272,4.326,177.836,0.4112,HTTPS,camera
2025-01-08T01:13:00,106.706,17.759,5.13,7.833,1.4739,MQTT,actuator
2025-01-08T00:40:00,1113.391,20.95,11.769,0.05,1.3015,CoAP,gateway
2025-01-08T02:50:00,89.409,27.353,3.929,8.603,0.3479,MQTT,actuator
2025-01-08T18:06:00,86.594,11.124,3.977,7.08,1.1867,MQTT,actuator
2025-01-08T11:02:00,979.271,22.239,3.283,76.327,1.1729,HTTPS,gateway
2025-01-08T13:56:00,83.929,12.711,0.1,2.978,1.9332,MQTT,actuator
2025-01-08T16:00:00,98.952,45.496,2.481,0.122,0.3443,MQTT,env_sensor
2025-01-09T14:26:00,53.204,39.794,2.421,8.792,0.0,MQTT,env_sensor
2025-01-08T12:31:00,1102.291,72.146,1.948,154.969,0.9226,HTTPS,camera
2025-01-08T01:24:00,1610.088,15.897,8.257,157.591,0.0549,HTTPS,camera
2025-01-08T04:18:00,32.366,248.0,2.878,0.529,5.0998,LoRaWAN,smart_meter
2025-01-09T05:36:00,67.775,32.12,3.47,4.105,2.8725,MQTT,env_sensor
2025-01-08T06:48:00,702.579,59.877,9.46,104.409,1.5,CoAP,gateway
2025-01-08T22:36:00,794.788,65.573,5.358,9.755,1.4897,CoAP,gateway
2025-01-08T00:36:00,43.882,26.921,6.421,6.08,0.157,CoAP,env_sensor
2025-01-08T02:53:00,36.196,156.861,0.91,0.198,2.4816,LoRaWAN,smart_meter
2025-01-09T08:28:00,293.012,71.408,7.531,71.108,1.0667,CoAP,gateway
2025-01-08T21:52:00,111.513,1.434,0.985,3.7,1.8261,MQTT,env_sensor
2025-01-09T08:57:00,2468.717,65.188,2.003,57.36,0.9445,HTTPS,camera
2025-01-09T09:34:00,1157.623,48.742,5.298,136.204,0.7055,HTTPS,camera
2025-01-09T15:07:00,2268.865,23.614,4.641,124.192,0.7579,HTTPS,camera
2025-01-08T23:47:00,92.514,2.184,2.139,3.638,1.0562,MQTT,env_sensor
2025-01-09T03:14:00,104.646,11.59,3.398,10.485,0.5341,MQTT,actuator
2025-01-08T12:01:00,116.593,10.311,2.93,8.271,0.9733,MQTT,actuator
2025-01-08T22:01:00,863.92,68.133,8.519,204.215,0.0,HTTPS,camera
2025-01-08T11:24:00,27.841,233.892,0.1,0.688,5.9917,LoRaWAN,smart_meter
2025-01-09T08:30:00,909.81,22.337,10.088,25.492,0.0,CoAP,gateway
2025-01-09T08:34:00,2188.77,69.576,6.766,9.274,1.3936,CoAP,camera
2025-01-08T10:53:00,38.282,237.272,1.902,0.562,1.7205,LoRaWAN,smart_meter
2025-01-09T04:05:00,142.037,12.269,6.487,4.953,0.0,MQTT,actuator
2025-01-09T15:54:00,34.765,262.869,2.98,0.05,3.896,LoRaWAN,smart_meter
2025-01-08T14:44:00,1201.217,1.0,7.84,169.218,0.0,HTTPS,camera
2025-01-08T17:53:00,2232.957,51.534,4.55,72.102,0.0,HTTPS,camera
2025-01-08T15:32:00,46.557,34.734,1.691,0.851,1.5266,MQTT,env_sensor
2025-01-08T05:01:00,50.893,22.166,1.289,2.442,1.176,MQTT,env_sensor
2025-01-08T19:58:00,1357.701,71.533,6.075,282.044,0.1384,HTTPS,camera
2025-01-08T06:24:00,107.738,8.506,5.827,6.103,1.5235,MQTT,actuator
2025-01-09T13:05:00,63.505,3.449,0.918,9.122,3.3015,MQTT,env_sensor
2025-01-09T07:45:00,45.385,171.131,3.596,0.334,3.4925,LoRaWAN,smart_meter
2025-01-08T12:04:00,940.265,27.963,6.266,0.05,0.0,CoAP,gateway
2025-01-08T05:34:00,705.955,65.877,5.33,74.634,0.4431,HTTPS,gateway
2025-01-08T20:03:00,34.939,247.003,2.248,0.05,2.6422,LoRaWAN,smart_meter
2025-01-08T18:33:00,10.328,246.461,2.813,0.295,3.8927,LoRaWAN,smart_meter
2025-01-08T21:13:00,41.934,37.336,2.915,1.802,2.7005,MQTT,env_sensor
2025-01-09T07:17:00,148.282,14.445,6.881,6.732,1.0104,MQTT,actuator
2025-01-08T06:33:00,1314.551,73.533,0.1,164.64,0.9733,HTTPS,camera
2025-01-09T11:47:00,154.58,71.986,16.027,0.05,1.3623,MQTT,gateway
2025-01-09T11:28:00,34.551,315.581,1.197,0.05,1.9213,LoRaWAN,smart_meter
2025-01-08T16:50:00,127.402,18.437,6.431,7.768,0.0,MQTT,actuator
2025-01-08T18:22:00,1347.23,49.754,2.622,136.44,0.5021,HTTPS,camera
2025-01-09T08:56:00,78.565,15.891,8.369,3.285,0.3135,MQTT,actuator
2025-01-08T16:34:00,107.131,20.273,2.647,2.821,2.0463,MQTT,env_sensor
2025-01-08T16:48:00,99.48,21.582,7.616,5.405,0.3977,CoAP,actuator
2025-01-09T01:00:00,341.438,81.883,9.106,162.878,1.3156,CoAP,gateway
2025-01-09T07:07:00,25.731,1.0,3.748,6.774,3.3715,MQTT,env_sensor
2025-01-09T11:54:00,30.143,63.354,0.265,0.312,4.4803,MQTT,smart_meter
2025-01-08T08:15:00,62.569,26.499,5.145,2.334,0.0924,MQTT,env_sensor
2025-01-08T08:48:00,816.911,8.406,4.703,97.44,1.9844,MQTT,gateway
2025-01-08T08:54:00,1148.333,37.636,13.833,18.138,0.828,HTTPS,gateway
2025-01-08T16:51:00,1169.788,53.02,1.16,145.624,0.235,HTTPS,camera
2025-01-08T18:29:00,16.454,224.664,1.289,0.138,0.0,LoRaWAN,smart_meter
2025-01-08T17:00:00,41.199,140.266,2.162,0.05,1.5468,LoRaWAN,smart_meter
2025-01-08T04:21:00,41.198,110.425,1.628,1.085,0.7065,MQTT,smart_meter
2025-01-09T13:12:00,3132.559,32.33,2.55,87.551,0.4115,HTTPS,camera
2025-01-09T08:24:00,34.825,181.26,3.263,0.238,0.0092,LoRaWAN,smart_meter
2025-01-08T08:00:00,46.498,45.962,4.311,5.187,0.6955,MQTT,env_sensor
2025-01-08T20:25:00,56.859,37.684,2.229,3.44,0.0112,MQTT,env_sensor
2025-01-09T04:13:00,651.105,47.716,9.548,42.769,0.0,HTTPS,gateway
2025-01-08T08:53:00,81.065,41.185,5.155,2.235,1.5789,MQTT,env_sensor
2025-01-08T17:13:00,2431.146,69.505,6.901,135.56,1.202,HTTPS,camera
2025-01-08T06:57:00,61.336,16.833,3.633,6.665,0.0,MQTT,actuator
2025-01-09T12:36:00,861.904,78.677,10.787,45.651,0.0,CoAP,gateway
2025-01-09T07:19:00,445.751,31.811,4.993,91.812,0.2429,HTTPS,gateway
2025-01-09T06:05:00,108.139,16.321,6.1,12.619,1.8574,MQTT,actuator
2025-01-09T13:07:00,116.512,25.384,5.041,5.813,2.2747,MQTT,actuator
2025-01-09T05:41:00,86.081,29.482,2.698,2.473,0.9254,MQTT,env_sensor
2025-01-07T23:15:00,29.201,15.415,0.822,5.473,0.0,MQTT,env_sensor
2025-01-09T02:05:00,1306.187,81.351,2.865,2.582,0.2342,HTTPS,camera
2025-01-09T07:31:00,1296.538,29.368,2.343,63.658,1.0693,HTTPS,gateway
2025-01-08T12:29:00,31.808,163.653,2.296,0.614,6.8084,LoRaWAN,smart_meter
2025-01-08T23:13:00,37.079,17.063,3.247,0.05,0.0,LoRaWAN,env_sensor
2025-01-08T06:32:00,42.976,38.129,1.819,0.05,1.2795,MQTT,env_sensor
2025-01-09T12:28:00,36.799,30.601,4.73,0.918,2.7345,MQTT,env_sensor
2025-01-08T08:19:00,1123.327,23.577,12.344,0.05,1.9383,MQTT,gateway
2025-01-09T06:42:00,1762.988,51.078,8.845,123.062,0.7995,HTTPS,camera
2025-01-08T06:57:00,2605.139,92.108,3.693,47.35,0.5212,HTTPS,camera
2025-01-08T19:34:00,67.971,44.93,1.787,1.892,0.666,MQTT,env_sensor
2025-01-08T17:30:00,20.549,120.156,1.184,0.597,5.2268,LoRaWAN,smart_meter
2025-01-07T23:57:00,2045.846,97.131,0.1,114.845,1.8233,HTTPS,camera
2025-01-08T17:46:00,101.326,9.485,5.481,4.76,1.1379,MQTT,env_sensor
2025-01-08T22:51:00,12.432,175.43,1.769,0.42,2.7725,LoRaWAN,smart_meter
2025-01-08T17:05:00,34.778,92.112,2.593,0.461,5.9265,LoRaWAN,smart_meter
2025-01-07T23:48:00,112.141,35.256,6.216,4.99,0.0,MQTT,actuator
2025-01-08T16:50:00,1981.824,65.122,4.139,62.254,0.1722,HTTPS,camera
2025-01-08T12:38:00,22.675,196.596,1.917,0.915,2.0774,MQTT,smart_meter
2025-01-08T23:29:00,1274.92,54.931,3.805,203.756,0.5809,HTTPS,camera
2025-01-08T02:27:00,1083.104,56.045,6.623,73.921,0.2596,HTTPS,gateway
2025-01-07T23:42:00,78.325,17.514,2.545,8.588,0.4278,MQTT,actuator
2025-01-09T02:32:00,104.415,22.341,0.644,6.731,0.6046,MQTT,env_sensor
2025-01-08T00:09:00,1752.065,39.42,5.083,30.114,0.5079,HTTPS,camera
2025-01-08T07:54:00,117.584,27.614,9.294,5.428,0.5756,MQTT,actuator
2025-01-08T11:17:00,1417.072,31.083,1.707,103.145,0.0,HTTPS,camera
2025-01-09T03:47:00,13.809,112.799,3.227,0.428,2.8153,LoRaWAN,smart_meter
2025-01-09T03:14:00,40.14,13.762,6.038,0.05,0.0,LoRaWAN,env_sensor
2025-01-09T01:41:00,994.424,38.293,11.459,118.528,0.4764,HTTPS,gateway
2025-01-09T01:42:00,94.449,9.387,3.854,0.05,0.1996,MQTT,env_sensor
2025-01-08T07:51:00,75.423,6.255,4.198,3.56,2.2858,MQTT,env_sensor
2025-01-08T18:57:00,2142.587,38.843,5.775,29.411,1.0092,CoAP,camera
2025-01-08T10:13:00,37.806,32.443,1.582,4.14,1.8852,MQTT,env_sensor
2025-01-09T05:41:00,2116.072,64.854,3.942,85.935,0.9324,HTTPS,camera
2025-01-09T08:51:00,1153.274,48.56,2.492,156.217,1.0812,HTTPS,camera
2025-01-08T09:40:00,1378.27,68.052,14.384,74.814,0.8514,HTTPS,gateway
2025-01-09T00:32:00,85.157,1.0,4.307,7.43,0.728,MQTT,actuator
2025-01-08T03:57:00,167.091,9.828,6.813,12.075,0.598,CoAP,actuator
2025-01-08T15:44:00,1926.421,72.162,3.678,249.745,0.972,HTTPS,camera
2025-01-09T02:27:00,63.751,12.321,8.876,8.043,0.0,MQTT,actuator
2025-01-09T02:53:00,1343.63,27.794,7.137,8.914,0.1147,HTTPS,camera
2025-01-08T08:41:00,80.731,31.237,4.819,0.486,0.0,MQTT,env_sensor
2025-01-08T08:38:00,39.118,116.776,2.828,0.263,0.6859,LoRaWAN,smart_meter
2025-01-08T23:54:00,57.719,5.248,2.146,7.64,1.3341,MQTT,env_sensor
2025-01-08T09:34:00,77.692,32.007,2.686,4.297,1.1524,MQTT,env_sensor
2025-01-09T10:21:00,635.14,19.82,14.233,33.025,1.1248,CoAP,gateway
2025-01-08T07:55:00,87.615,12.724,10.686,10.022,1.3262,MQTT,actuator
2025-01-09T12:07:00,1485.101,7.675,2.055,115.918,0.8351,HTTPS,camera
2025-01-08T22:15:00,33.227,136.295,0.175,0.299,4.088,LoRaWAN,smart_meter
2025-01-09T09:12:00,76.713,17.34,7.76,0.566,1.5228,MQTT,env_sensor
2025-01-08T02:28:00,26.375,144.935,2.622,0.372,4.7933,LoRaWAN,smart_meter
2025-01-09T10:52:00,153.536,22.432,9.16,7.348,0.0,MQTT,actuator
2025-01-09T11:42:00,104.362,15.232,2.68,5.824,0.9425,MQTT,env_sensor
2025-01-08T06:58:00,32.377,277.499,0.735,0.36,5.7968,LoRaWAN,smart_meter
2025-01-09T01:23:00,70.702,35.716,4.131,6.319,0.0,CoAP,env_sensor
2025-01-08T16:33:00,167.933,13.845,6.271,6.345,0.4099,MQTT,actuator
2025-01-08T13:42:00,24.888,269.437,0.1,0.54,0.5847,LoRaWAN,smart_meter
2025-01-08T17:09:00,107.215,14.889,11.005,9.72,0.9817,MQTT,actuator
2025-01-09T15:55:00,40.138,21.325,5.955,2.326,0.549,MQTT,actuator
2025-01-09T04:26:00,817.18,23.414,4.158,9.677,0.3014,MQTT,gateway
2025-01-08T21:44:00,142.9,21.921,3.176,12.382,1.8498,MQTT,actuator
2025-01-09T02:02:00,964.31,86.833,0.1,71.65,0.0,HTTPS,camera
2025-01-09T14:05:00,29.308,181.831,2.623,0.447,6.2003,LoRaWAN,smart_meter
2025-01-09T05:59:00,1635.428,79.938,14.686,93.211,0.0,HTTPS,gateway
2025-01-07T23:00:00,108.472,19.508,6.017,11.505,1.9115,MQTT,actuator
2025-01-08T19:17:00,23.467,208.995,1.392,0.05,4.4798,LoRaWAN,smart_meter
2025-01-08T13:32:00,27.752,124.464,0.1,0.689,1.1061,LoRaWAN,smart_meter
2025-01-09T13:45:00,23.043,41.158,15.198,55.099,1.719,CoAP,gateway
2025-01-07T23:58:00,15.795,133.119,3.22,1.038,4.7405,MQTT,smart_meter
2025-01-08T17:47:00,8.0,31.724,11.002,126.033,0.0,HTTPS,gateway
2025-01-09T05:27:00,81.729,17.322,0.365,1.838,0.793,MQTT,env_sensor
2025-01-08T09:30:00,1023.262,49.006,6.588,279.761,0.0,HTTPS,camera
2025-01-09T03:17:00,98.828,13.139,2.626,0.059,0.0,MQTT,env_sensor
2025-01-09T08:18:00,570.83,21.83,11.161,0.05,0.8415,CoAP,gateway
2025-01-08T04:57:00,1411.03,10.347,2.261,33.86,0.4361,HTTPS,gateway
2025-01-09T01:24:00,1054.877,35.034,2.42,121.038,1.458,HTTPS,camera
2025-01-08T20:56:00,1003.641,53.253,0.1,9.787,1.2855,CoAP,gateway
2025-01-08T23:51:00,125.992,11.753,5.003,19.1,1.8134,CoAP,actuator
2025-01-08T20:01:00,20.395,198.885,3.404,0.075,4.2968,LoRaWAN,smart_meter
2025-01-09T04:18:00,53.324,23.628,4.774,6.877,0.0,MQTT,actuator
2025-01-09T13:07:00,36.455,183.459,4.042,0.25,4.2864,LoRaWAN,smart_meter
2025-01-09T09:58:00,33.427,187.201,0.1,0.066,3.789,LoRaWAN,smart_meter
2025-01-07T22:47:00,109.55,25.961,5.673,7.625,0.0,MQTT,actuator
2025-01-09T15:11:00,113.832,46.219,0.1,3.689,1.2287,MQTT,env_sensor
2025-01-09T09:45:00,1697.912,86.927,5.369,76.104,0.8,HTTPS,gateway
2025-01-08T19:34:00,100.446,10.112,7.414,12.678,1.3573,MQTT,actuator
2025-01-08T16:44:00,79.28,18.9,5.544,5.861,1.9746,CoAP,env_sensor
2025-01-09T04:06:00,53.034,7.71,3.664,9.171,1.0843,MQTT,actuator
2025-01-08T08:25:00,1243.084,30.45,5.958,82.237,1.0517,HTTPS,camera
2025-01-08T01:18:00,42.088,46.976,3.005,0.544,1.7156,MQTT,smart_meter
2025-01-09T03:08:00,15.767,182.813,3.273,0.139,1.9873,MQTT,smart_meter
2025-01-08T08:10:00,2843.423,8.513,2.794,123.947,1.5655,HTTPS,camera
2025-01-07T23:12:00,48.304,19.463,0.659,6.297,0.9509,MQTT,actuator
2025-01-08T02:08:00,148.426,20.214,2.73,2.85,0.6216,MQTT,actuator
2025-01-09T03:56:00,112.918,13.236,3.549,12.506,1.7502,MQTT,actuator
2025-01-08T09:23:00,88.281,8.617,2.794,6.019,0.3375,MQTT,actuator
2025-01-09T08:20:00,1169.049,85.96,7.015,80.507,2.087,HTTPS,gateway
2025-01-07T23:30:00,170.481,20.265,4.949,11.191,0.3149,MQTT,actuator
2025-01-08T09:35:00,33.066,3.137,2.935,8.004,1.651,MQTT,env_sensor
2025-01-08T14:55:00,936.125,49.918,6.36,64.669,0.0,HTTPS,camera
2025-01-08T08:33:00,138.07,57.944,8.452,60.395,0.1457,CoAP,gateway
2025-01-09T05:29:00,45.119,23.182,5.427,6.208,1.1274,MQTT,actuator
2025-01-09T07:38:00,11.371,173.093,2.567,0.409,3.564,LoRaWAN,smart_meter
2025-01-09T15:34:00,1849.782,52.49,7.078,68.489,0.9063,HTTPS,gateway
2025-01-09T04:32:00,19.232,172.005,3.022,0.491,5.494,LoRaWAN,smart_meter
2025-01-08T05:58:00,2083.257,30.958,3.263,0.05,0.2765,HTTPS,camera
2025-01-08T11:14:00,27.819,168.836,3.582,0.775,2.2025,LoRaWAN,smart_meter
2025-01-09T09:34:00,27.135,175.994,0.558,0.612,2.6651,LoRaWAN,smart_meter
2025-01-08T19:59:00,102.588,25.675,3.741,7.316,0.7645,MQTT,env_sensor
2025-01-09T02:37:00,1423.755,78.964,1.835,93.251,1.9134,HTTPS,camera
2025-01-09T15:55:00,32.694,199.566,1.979,0.06,3.2135,LoRaWAN,smart_meter
2025-01-09T16:00:00,12.928,213.937,0.236,0.403,4.8912,LoRaWAN,smart_meter
2025-01-08T07:54:00,1807.072,78.68,4.016,111.437,0.0,HTTPS,gateway
2025-01-08T01:04:00,63.126,23.037,3.398,9.695,0.0,MQTT,env_sensor
2025-01-08T09:48:00,131.161,25.568,3.589,7.174,1.0837,MQTT,actuator
2025-01-08T10:48:00,1367.585,20.758,7.785,9.936,0.2259,HTTPS,gateway
2025-01-09T02:30:00,52.48,225.333,3.853,0.761,3.8085,MQTT,smart_meter
2025-01-08T09:29:00,860.376,58.812,7.422,33.275,0.9623,HTTPS,gateway
2025-01-08T17:47:00,98.425,14.873,10.048,9.776,0.2757,CoAP,actuator
2025-01-08T14:47:00,38.149,214.433,3.123,0.27,1.5921,LoRaWAN,smart_meter
2025-01-09T06:57:00,852.83,76.443,7.378,107.003,0.9368,HTTPS,gateway
2025-01-09T05:48:00,2898.877,86.779,9.787,157.041,0.4429,HTTPS,camera
2025-01-09T08:21:00,822.792,36.966,15.411,33.456,1.0174,CoAP,gateway
2025-01-08T11:02:00,2955.874,64.716,0.1,29.51,0.2412,HTTPS,camera
2025-01-08T11:30:00,131.675,15.374,7.616,4.649,2.6154,CoAP,actuator
2025-01-08T06:32:00,1392.175,70.659,3.492,149.384,0.4735,HTTPS,camera
2025-01-08T06:58:00,8.0,37.315,3.159,0.05,1.1569,LoRaWAN,gateway
2025-01-07T23:32:00,101.584,17.532,3.696,1.892,1.3757,MQTT,env_sensor
2025-01-09T10:34:00,91.358,31.071,4.414,3.711,0.846,MQTT,env_sensor
2025-01-08T12:12:00,960.911,30.065,2.564,45.857,0.0,HTTPS,gateway
2025-01-09T08:22:00,20.895,113.673,3.36,0.632,2.2305,LoRaWAN,smart_meter
2025-01-08T18:48:00,21.668,197.894,2.317,0.468,1.2029,LoRaWAN,smart_meter
2025-01-08T17:51:00,26.995,206.066,2.62,0.422,1.4911,LoRaWAN,smart_meter
2025-01-07T22:49:00,24.872,212.778,0.1,0.126,3.9544,LoRaWAN,smart_meter
2025-01-09T03:07:00,29.876,180.118,2.579,0.667,5.5081,LoRaWAN,smart_meter
2025-01-09T03:12:00,1323.836,47.18,4.576,57.666,0.9438,HTTPS,gateway
2025-01-09T01:47:00,109.958,55.222,0.992,1.52,0.1644,MQTT,env_sensor
2025-01-09T14:37:00,1327.586,27.538,3.524,5.027,0.0,HTTPS,gateway
2025-01-08T14:42:00,105.569,26.003,3.3,6.622,1.6048,MQTT,actuator
2025-01-08T16:52:00,128.548,15.601,5.013,7.028,0.0,MQTT,actuator
2025-01-07T22:57:00,856.663,24.535,17.294,6.945,1.1535,CoAP,gateway
2025-01-08T14:24:00,65.107,22.845,0.793,7.722,0.2417,MQTT,env_sensor
2025-01-08T03:16:00,160.469,58.396,6.855,7.668,1.1199,CoAP,gateway
2025-01-09T14:55:00,124.709,32.048,9.201,147.47,1.9057,CoAP,gateway
2025-01-08T18:59:00,100.933,17.549,4.605,6.177,0.9545,MQTT,actuator
2025-01-08T13:47:00,136.779,21.598,4.066,7.886,1.2827,MQTT,actuator
2025-01-09T02:32:00,11.672,140.559,0.1,0.412,2.93,LoRaWAN,smart_meter
2025-01-08T23:25:00,1698.345,34.427,11.221,92.711,0.3655,HTTPS,gateway
2025-01-09T14:07:00,232.952,70.123,3.879,0.05,0.9715,MQTT,gateway
2025-01-08T02:16:00,2620.531,41.251,7.915,89.207,1.0559,HTTPS,camera
2025-01-08T17:35:00,59.171,30.25,4.122,2.619,0.931,HTTPS,env_sensor
2025-01-08T05:47:00,25.713,143.534,3.142,0.119,6.6419,LoRaWAN,smart_meter
2025-01-07T23:02:00,742.339,103.021,7.892,198.125,0.0,HTTPS,camera
2025-01-09T15:41:00,877.029,38.054,16.962,67.548,0.0,HTTPS,gateway
2025-01-07T23:16:00,44.587,36.383,3.289,7.053,2.0843,MQTT,env_sensor
2025-01-08T00:26:00,764.607,7.836,1.569,17.631,0.8488,HTTPS,gateway
2025-01-08T19:18:00,2056.611,50.692,0.113,125.04,0.423,HTTPS,camera
2025-01-09T07:44:00,600.605,64.914,11.532,136.495,1.0618,CoAP,gateway
2025-01-09T05:38:00,115.293,22.256,1.752,1.397,1.6623,MQTT,env_sensor
2025-01-09T05:30:00,38.822,16.627,2.839,1.716,1.0235,MQTT,env_sensor
2025-01-07T23:13:00,56.622,36.591,0.1,6.618,0.0,MQTT,env_sensor
2025-01-09T02:17:00,130.151,23.305,7.214,10.079,0.4085,MQTT,actuator
2025-01-08T23:00:00,99.917,22.364,0.1,1.049,1.2209,MQTT,env_sensor
2025-01-08T01:31:00,23.641,174.869,3.347,0.464,3.4043,LoRaWAN,smart_meter
2025-01-08T03:12:00,86.493,23.526,5.959,8.307,0.9085,MQTT,actuator
2025-01-09T00:19:00,26.177,224.878,2.75,0.799,1.2339,LoRaWAN,smart_meter
2025-01-09T14:06:00,2633.703,56.266,4.554,18.628,0.9267,HTTPS,camera
2025-01-08T01:43:00,884.871,35.705,14.549,64.224,1.3608,CoAP,gateway
2025-01-08T04:14:00,1013.93,7.473,16.538,83.145,1.3197,CoAP,gateway
2025-01-09T06:20:00,26.469,143.83,1.477,0.05,6.466,LoRaWAN,smart_meter
2025-01-08T21:45:00,1595.949,60.687,0.155,86.125,0.8965,HTTPS,camera
2025-01-09T02:24:00,920.051,76.909,7.211,23.751,0.516,CoAP,gateway
2025-01-09T14:42:00,64.135,45.279,1.647,4.874,0.0,MQTT,env_sensor
2025-01-09T11:33:00,862.672,85.281,7.333,146.394,1.2682,CoAP,camera
2025-01-08T18:51:00,119.919,21.115,4.68,9.141,0.1945,MQTT,actuator
2025-01-08T04:37:00,1054.266,54.319,11.715,32.475,0.0,HTTPS,gateway
2025-01-08T06:31:00,1106.961,61.517,7.356,0.05,0.6608,HTTPS,camera
2025-01-09T14:17:00,75.256,27.68,2.434,4.254,2.621,MQTT,env_sensor
2025-01-09T11:33:00,700.187,15.124,17.203,0.05,1.7561,CoAP,gateway
2025-01-08T10:37:00,352.957,40.986,11.419,20.442,1.3431,CoAP,gateway
2025-01-08T07:41:00,37.018,236.875,2.078,0.174,2.5393,LoRaWAN,smart_meter
2025-01-09T14:35:00,2175.377,48.577,9.345,99.065,1.1137,HTTPS,gateway
2025-01-09T02:18:00,83.901,13.986,8.481,4.918,0.265,MQTT,actuator
2025-01-08T01:38:00,65.657,36.315,2.555,0.05,0.8426,MQTT,env_sensor
2025-01-09T04:20:00,2588.141,14.829,5.218,0.05,0.5964,HTTPS,camera
2025-01-09T13:22:00,2087.574,33.743,12.46,104.284,1.1864,HTTPS,gateway
2025-01-08T02:28:00,81.599,42.191,0.181,4.031,2.7022,MQTT,env_sensor
2025-01-09T00:54:00,1985.412,46.961,2.623,104.892,0.2543,HTTPS,camera
2025-01-08T11:48:00,34.77,35.402,0.1,4.545,0.0,HTTPS,env_sensor
2025-01-09T08:51:00,91.221,29.669,9.701,15.981,1.2435,MQTT,actuator
2025-01-08T22:46:00,10.492,255.651,3.133,0.259,0.0,LoRaWAN,smart_meter
2025-01-09T03:32:00,137.116,9.44,0.1,4.883,0.0,MQTT,actuator
2025-01-08T04:18:00,26.284,12.35,0.792,6.706,3.435,MQTT,env_sensor
2025-01-07T22:58:00,2560.768,61.95,2.532,28.792,0.2858,HTTPS,camera
2025-01-09T12:48:00,97.291,29.895,8.477,8.894,1.2499,MQTT,actuator
2025-01-09T00:41:00,1827.03,58.107,3.957,108.131,0.968,HTTPS,camera
2025-01-09T12:48:00,2171.181,22.153,15.661,76.278,2.1644,HTTPS,gateway
2025-01-07T23:55:00,35.694,176.311,1.94,0.53,1.3529,LoRaWAN,smart_meter
2025-01-09T04:19:00,118.001,24.684,2.976,10.908,0.0,MQTT,actuator
2025-01-08T12:26:00,33.461,245.603,3.62,0.231,3.3654,LoRaWAN,smart_meter
2025-01-08T13:47:00,276.691,48.441,11.285,125.122,1.917,CoAP,gateway
2025-01-09T09:36:00,846.346,39.914,12.659,27.988,1.3902,CoAP,gateway
2025-01-09T04:01:00,68.909,17.239,2.83,8.869,1.5544,MQTT,actuator
2025-01-08T20:03:00,57.724,19.834,3.307,5.655,0.7167,MQTT,env_sensor
2025-01-09T14:27:00,36.916,156.547,1.119,0.59,1.3815,LoRaWAN,smart_meter
2025-01-09T15:42:00,18.806,244.889,1.243,0.05,1.8217,LoRaWAN,smart_meter
2025-01-09T14:40:00,686.667,40.341,0.893,125.364,0.0,HTTPS,camera
2025-01-08T05:52:00,1865.343,15.675,6.596,0.05,0.0,HTTPS,gateway
2025-01-08T14:25:00,19.569,116.34,3.038,0.282,4.7003,LoRaWAN,smart_meter
2025-01-09T14:43:00,1545.301,33.641,3.468,201.324,0.1072,HTTPS,camera
2025-01-08T12:52:00,144.394,16.699,10.019,10.708,0.8495,MQTT,actuator
2025-01-09T09:52:00,67.34,30.355,14.035,9.178,1.0151,CoAP,actuator
2025-01-09T04:35:00,431.107,35.129,1.211,0.05,0.5703,HTTPS,gateway
2025-01-09T02:59:00,1906.865,52.063,7.241,78.152,0.0,HTTPS,gateway
2025-01-08T04:52:00,86.263,15.93,4.243,0.178,1.4437,MQTT,env_sensor
2025-01-08T17:15:00,35.747,46.57,0.1,0.569,4.5955,LoRaWAN,smart_meter
2025-01-09T03:18:00,59.208,28.978,0.658,2.098,0.0,MQTT,env_sensor
2025-01-08T10:08:00,89.071,16.987,6.051,3.395,2.3529,MQTT,actuator
2025-01-09T15:05:00,74.213,21.493,3.652,7.996,0.5043,MQTT,actuator
2025-01-08T02:25:00,24.293,127.519,3.327,0.447,4.2903,LoRaWAN,smart_meter
2025-01-08T14:38:00,2037.401,60.703,5.386,132.439,0.4294,HTTPS,camera
2025-01-09T06:19:00,120.525,4.04,8.982,6.984,0.9507,MQTT,actuator
2025-01-08T04:42:00,195.638,53.055,11.679,85.531,0.0,HTTPS,gateway
2025-01-09T14:50:00,1339.523,51.303,1.368,44.506,0.0,HTTPS,gateway
2025-01-09T04:13:00,150.196,17.669,3.255,14.457,0.0402,MQTT,actuator
2025-01-09T10:53:00,124.744,27.598,5.362,11.859,0.0984,MQTT,actuator
2025-01-09T00:17:00,1617.934,44.489,1.022,60.512,0.0,HTTPS,camera
2025-01-08T08:12:00,24.652,57.488,2.591,0.866,3.1256,LoRaWAN,smart_meter
2025-01-09T05:07:00,1001.751,40.246,0.627,212.123,0.4402,HTTPS,camera
2025-01-08T09:59:00,51.317,24.004,1.945,5.851,0.4816,MQTT,env_sensor
2025-01-08T10:52:00,66.699,34.91,3.324,1.253,1.5631,MQTT,env_sensor
2025-01-08T18:12:00,72.54,44.525,6.309,7.741,1.5873,CoAP,env_sensor
2025-01-08T01:14:00,20.673,174.563,2.737,0.337,0.803,LoRaWAN,smart_meter
2025-01-08T18:08:00,518.0,55.429,4.252,113.659,1.8124,HTTPS,camera
2025-01-08T18:50:00,68.86,32.673,1.872,0.05,1.9562,MQTT,env_sensor
2025-01-09T01:07:00,106.673,26.68,7.559,9.544,1.4611,MQTT,env_sensor
2025-01-08T19:05:00,144.366,17.697,3.898,6.122,0.9913,MQTT,actuator
2025-01-08T08:27:00,77.34,30.653,4.816,5.356,1.8287,MQTT,env_sensor
2025-01-08T22:51:00,51.061,30.329,3.617,0.755,1.4844,MQTT,env_sensor
2025-01-08T11:46:00,83.438,19.561,1.254,9.702,0.1719,MQTT,actuator
2025-01-09T05:54:00,93.7,18.976,3.905,5.02,1.0211,MQTT,env_sensor
2025-01-08T03:12:00,624.228,35.245,2.364,69.84,0.6017,HTTPS,gateway
2025-01-09T12:03:00,1168.583,57.741,13.55,11.173,2.8083,CoAP,gateway
2025-01-09T04:19:00,1674.647,10.928,4.038,53.519,0.5986,HTTPS,camera
2025-01-09T11:01:00,78.916,22.803,2.744,7.425,0.0,MQTT,env_sensor
2025-01-09T07:38:00,73.762,10.236,4.031,1.266,1.7076,MQTT,env_sensor
2025-01-09T04:31:00,2571.236,67.787,6.26,153.408,0.9102,HTTPS,camera
2025-01-08T08:34:00,999.674,1.0,11.449,79.522,0.6111,HTTPS,gateway
2025-01-08T09:27:00,33.984,191.434,1.936,0.05,0.3944,LoRaWAN,smart_meter
2025-01-09T15:00:00,1884.937,45.582,6.374,53.392,0.9334,HTTPS,gateway
2025-01-09T01:30:00,1766.246,63.041,0.1,47.234,0.6127,HTTPS,camera
2025-01-08T02:07:00,21.504,163.452,6.048,0.869,6.9374,LoRaWAN,smart_meter
2025-01-09T06:27:00,617.189,54.214,11.13,21.29,1.67,CoAP,gateway
2025-01-09T02:28:00,897.918,58.203,12.715,65.233,0.2273,HTTPS,gateway
2025-01-08T19:19:00,90.544,33.307,0.317,0.05,0.8545,MQTT,env_sensor
2025-01-07T23:15:00,1135.515,90.772,4.277,262.395,1.0056,HTTPS,camera
2025-01-09T12:28:00,1137.518,59.254,9.159,170.941,1.749,HTTPS,camera
2025-01-09T06:13:00,49.729,13.852,4.484,10.519,1.6261,MQTT,env_sensor
2025-01-08T08:26:00,108.885,15.997,3.686,12.309,1.6383,MQTT,actuator
2025-01-09T10:03:00,56.553,14.446,3.174,0.05,0.0,MQTT,env_sensor
2025-01-08T04:08:00,743.256,99.214,1.104,44.017,0.2854,HTTPS,camera
2025-01-08T01:41:00,76.375,41.234,12.287,137.408,1.4057,MQTT,gateway
2025-01-09T08:13:00,649.67,56.243,6.278,17.971,0.2451,CoAP,gateway
2025-01-09T05:23:00,3055.713,80.945,1.502,237.707,0.6128,HTTPS,camera
2025-01-08T13:59:00,1843.409,39.117,2.723,33.443,1.8056,HTTPS,gateway
2025-01-08T23:10:00,105.727,19.053,8.733,5.531,1.8283,MQTT,actuator
2025-01-08T19:07:00,130.291,21.925,7.386,12.784,0.8555,MQTT,actuator
2025-01-09T02:13:00,97.393,32.28,3.235,3.166,1.0868,MQTT,actuator
2025-01-08T13:56:00,64.463,15.263,0.1,3.277,2.2344,MQTT,env_sensor
2025-01-09T05:16:00,17.811,184.0,0.1,0.878,1.7378,LoRaWAN,smart_meter
2025-01-09T15:49:00,101.747,23.383,5.817,8.018,0.0,MQTT,actuator
2025-01-09T15:33:00,34.526,206.039,3.674,0.496,4.0475,LoRaWAN,smart_meter
2025-01-08T07:29:00,71.11,39.802,2.24,0.949,1.0346,MQTT,env_sensor
2025-01-08T01:27:00,33.233,255.12,2.423,0.422,2.5872,LoRaWAN,smart_meter
2025-01-08T17:04:00,61.373,23.769,5.472,11.944,1.2829,MQTT,actuator
2025-01-07T23:27:00,26.246,275.945,1.669,0.492,3.2871,LoRaWAN,smart_meter
2025-01-08T20:17:00,68.849,15.263,0.43,6.248,0.0,MQTT,actuator
2025-01-08T20:29:00,1406.911,43.362,14.132,55.04,1.0975,HTTPS,gateway
2025-01-08T01:32:00,1159.274,22.874,10.614,47.932,1.5899,CoAP,gateway
2025-01-08T09:14:00,678.84,36.785,10.634,80.422,0.0,HTTPS,gateway
2025-01-08T00:32:00,83.641,34.911,2.363,0.05,1.9474,MQTT,env_sensor
2025-01-09T09:19:00,1775.139,86.725,10.895,89.165,0.63,HTTPS,camera
2025-01-08T04:45:00,85.6,19.712,8.929,8.933,1.0692,MQTT,actuator
2025-01-09T11:41:00,37.105,207.721,2.615,0.547,2.4763,LoRaWAN,smart_meter
2025-01-09T02:38:00,2207.105,83.915,6.484,96.884,0.513,HTTPS,camera
2025-01-09T11:05:00,1220.843,44.383,17.637,71.204,0.4041,HTTPS,gateway
2025-01-08T22:34:00,28.959,250.905,1.284,0.05,1.0244,LoRaWAN,smart_meter
2025-01-09T01:48:00,80.384,24.951,8.031,6.691,0.2461,MQTT,actuator
2025-01-09T00:01:00,8.0,44.272,0.512,71.998,0.0,HTTPS,gateway
2025-01-09T12:46:00,27.304,255.868,0.979,0.191,5.8134,LoRaWAN,smart_meter
2025-01-08T02:00:00,144.165,17.628,10.104,6.988,1.2991,MQTT,actuator
2025-01-09T04:22:00,23.024,262.414,3.319,0.05,1.7101,LoRaWAN,smart_meter
2025-01-09T14:38:00,44.637,5.95,3.098,2.69,1.1397,MQTT,env_sensor
2025-01-09T08:50:00,25.683,120.747,1.674,0.526,1.5962,LoRaWAN,smart_meter
2025-01-08T22:58:00,57.074,31.932,3.712,2.236,1.2103,MQTT,env_sensor
2025-01-08T21:10:00,20.992,215.418,1.05,0.44,2.905,LoRaWAN,smart_meter
2025-01-08T02:37:00,646.693,23.609,0.1,30.803,0.649,HTTPS,camera
2025-01-09T15:50:00,424.844,39.506,12.59,67.295,1.4342,CoAP,gateway
2025-01-08T22:21:00,65.072,38.761,3.389,4.756,1.2858,MQTT,env_sensor
2025-01-08T04:01:00,1104.158,46.037,12.221,43.414,0.8648,HTTPS,gateway
2025-01-09T03:37:00,26.905,142.759,1.847,1.175,2.5707,MQTT,smart_meter
2025-01-09T00:43:00,730.437,61.447,9.698,45.602,0.0158,CoAP,gateway
2025-01-09T07:04:00,152.792,9.505,4.888,7.133,1.0606,MQTT,actuator
2025-01-08T08:52:00,142.861,15.284,8.05,6.696,0.7946,MQTT,actuator
2025-01-07T23:06:00,8.0,30.815,6.972,69.872,1.496,MQTT,gateway
2025-01-09T07:07:00,2367.236,59.306,1.335,76.755,1.4428,HTTPS,camera
2025-01-08T23:08:00,34.548,191.176,0.992,1.174,1.9018,MQTT,smart_meter
2025-01-08T02:35:00,88.03,27.791,5.154,82.499,0.8194,CoAP,gateway
2025-01-08T01:39:00,2118.281,45.433,14.576,74.086,0.0,HTTPS,gateway
2025-01-08T19:36:00,1190.587,51.141,4.354,116.226,1.7541,HTTPS,camera
2025-01-08T21:17:00,1064.82,59.546,5.899,0.05,0.0,HTTPS,gateway
2025-01-08T12:55:00,25.963,193.398,1.733,0.911,5.3016,LoRaWAN,smart_meter
2025-01-08T15:21:00,1942.523,70.102,1.302,114.395,0.9832,HTTPS,camera
2025-01-09T04:20:00,25.5,174.208,1.535,0.191,0.7778,LoRaWAN,smart_meter
2025-01-09T05:58:00,25.993,41.942,3.403,3.764,2.844,MQTT,env_sensor
2025-01-08T02:22:00,713.977,43.415,0.178,61.692,0.8736,HTTPS,gateway
2025-01-08T12:06:00,72.527,6.214,1.697,6.798,0.2659,MQTT,env_sensor
2025-01-08T19:19:00,1433.339,53.292,2.831,161.054,0.4867,HTTPS,camera
2025-01-07T22:44:00,1252.086,14.553,24.196,22.055,0.0,HTTPS,gateway
2025-01-08T23:37:00,782.067,51.127,9.96,38.268,2.2198,CoAP,gateway
2025-01-08T23:16:00,25.09,20.203,4.05,6.053,0.1453,MQTT,env_sensor
2025-01-08T10:40:00,20.975,194.727,0.861,0.453,0.8103,LoRaWAN,smart_meter
2025-01-08T05:51:00,90.654,1.0,2.876,4.375,1.8796,MQTT,env_sensor
2025-01-08T07:40:00,28.88,179.954,1.177,0.691,4.3128,LoRaWAN,smart_meter
2025-01-08T17:57:00,979.172,83.383,3.052,141.612,0.2738,HTTPS,camera
2025-01-08T04:00:00,1054.501,74.436,8.604,47.642,2.2522,CoAP,gateway
2025-01-08T09:35:00,282.529,42.761,16.062,2.465,0.8155,CoAP,gateway
2025-01-09T03:39:00,2524.542,72.645,0.1,90.121,0.7937,HTTPS,camera
2025-01-09T08:16:00,111.607,32.35,0.1,10.427,0.0391,MQTT,actuator
2025-01-08T07:14:00,1871.946,68.094,7.55,70.111,0.7506,HTTPS,camera
2025-01-08T11:12:00,1478.147,60.404,0.1,242.013,1.0878,HTTPS,camera
2025-01-08T10:15:00,73.835,24.907,9.335,9.553,1.9605,MQTT,actuator
2025-01-09T13:49:00,21.938,32.731,5.376,2.74,2.5433,CoAP,env_sensor
2025-01-08T15:56:00,72.653,27.381,5.106,6.123,1.3844,CoAP,env_sensor
2025-01-08T08:28:00,2072.653,74.259,4.526,191.129,0.7605,HTTPS,camera
2025-01-09T01:42:00,125.836,35.63,3.211,7.055,0.4867,MQTT,actuator
2025-01-08T04:07:00,38.325,146.795,2.005,0.714,4.8334,LoRaWAN,smart_meter
2025-01-09T00:19:00,154.102,7.527,5.97,8.15,0.1301,MQTT,actuator
2025-01-08T20:27:00,2268.285,66.422,0.721,79.188,1.693,HTTPS,camera
2025-01-08T19:07:00,2241.031,117.746,7.079,163.09,0.5304,HTTPS,camera
2025-01-09T12:47:00,1276.617,5.334,10.262,78.759,2.531,HTTPS,gateway
2025-01-09T15:38:00,2237.913,63.05,5.982,127.034,0.4569,HTTPS,camera
2025-01-08T13:48:00,20.402,119.262,3.411,0.05,0.5314,LoRaWAN,smart_meter
2025-01-08T08:21:00,35.952,192.78,2.729,0.582,1.172,LoRaWAN,smart_meter
2025-01-08T03:33:00,636.525,1.0,0.1,0.05,1.0297,MQTT,gateway
2025-01-08T01:32:00,21.136,165.883,0.1,0.32,3.3093,LoRaWAN,smart_meter
2025-01-08T03:00:00,1183.842,57.595,11.439,50.724,0.8556,HTTPS,gateway
2025-01-08T04:16:00,2558.089,51.701,6.295,149.804,0.5997,HTTPS,camera
2025-01-08T14:37:00,70.646,25.004,3.637,5.346,1.1135,MQTT,env_sensor
2025-01-09T01:36:00,2198.348,33.768,1.78,137.884,0.4044,HTTPS,camera
2025-01-08T04:59:00,84.149,18.208,13.584,7.18,0.8952,MQTT,actuator
2025-01-08T03:09:00,161.618,28.744,6.763,0.05,1.5795,MQTT,actuator
2025-01-08T15:15:00,106.761,19.971,4.833,3.329,2.4606,MQTT,env_sensor
2025-01-08T10:57:00,128.461,19.388,6.438,4.021,1.5366,MQTT,actuator
2025-01-08T00:59:00,983.772,1.0,1.389,72.334,0.7931,HTTPS,gateway
2025-01-08T13:33:00,1006.762,11.15,7.603,113.434,1.8853,CoAP,gateway
2025-01-08T21:57:00,1068.131,101.971,6.202,61.726,1.1794,HTTPS,gateway
2025-01-08T22:30:00,30.844,135.026,0.1,0.553,5.0918,LoRaWAN,smart_meter
2025-01-08T06:05:00,122.284,15.42,9.56,9.102,0.0,CoAP,actuator
2025-01-08T15:20:00,28.145,78.879,0.1,0.174,7.4906,LoRaWAN,smart_meter
2025-01-09T02:03:00,11.98,160.708,0.422,1.022,5.1492,MQTT,smart_meter
2025-01-09T02:34:00,53.765,30.344,3.401,1.398,1.7091,MQTT,env_sensor
2025-01-08T20:16:00,1556.364,65.392,2.701,134.915,1.4558,HTTPS,camera
2025-01-08T19:19:00,35.432,222.368,0.584,0.203,4.6178,LoRaWAN,smart_meter
2025-01-08T08:21:00,588.236,21.396,6.393,51.008,1.186,CoAP,gateway
2025-01-08T17:07:00,1584.788,56.083,2.293,129.891,1.4386,HTTPS,camera
2025-01-07T23:29:00,23.685,114.887,2.031,0.575,4.3324,MQTT,smart_meter
2025-01-08T03:50:00,57.961,23.013,4.524,0.16,0.0,MQTT,env_sensor
2025-01-08T18:04:00,29.243,179.953,0.374,0.222,5.2081,LoRaWAN,smart_meter
2025-01-09T04:19:00,29.289,312.188,4.522,0.05,5.7241,LoRaWAN,smart_meter
2025-01-08T10:58:00,26.952,238.316,2.101,0.111,5.9027,LoRaWAN,smart_meter
2025-01-08T23:44:00,8.0,78.177,6.128,168.4,0.3709,HTTPS,camera
2025-01-08T08:02:00,1692.087,51.607,7.583,7.61,1.1201,CoAP,camera
2025-01-08T13:48:00,680.147,31.196,4.352,38.797,1.4013,CoAP,gateway
2025-01-08T20:07:00,1516.51,50.988,1.939,143.395,0.9653,HTTPS,camera
2025-01-09T04:51:00,42.839,125.5,1.143,0.649,3.0698,LoRaWAN,smart_meter
2025-01-08T12:12:00,36.908,238.27,1.477,0.287,4.7881,LoRaWAN,smart_meter
2025-01-09T11:16:00,1092.612,27.539,1.682,79.521,0.5732,HTTPS,gateway
2025-01-08T08:58:00,48.699,27.299,3.758,1.331,0.438,MQTT,env_sensor
2025-01-08T03:03:00,141.923,15.41,6.054,7.5,1.6208,MQTT,actuator
2025-01-09T11:47:00,1032.374,86.931,4.596,134.617,0.0,HTTPS,camera
2025-01-09T13:38:00,869.716,28.877,6.946,78.273,0.9593,HTTPS,gateway
2025-01-08T01:21:00,123.465,13.832,0.369,4.626,0.4548,MQTT,actuator
2025-01-09T01:26:00,49.831,22.489,9.487,2.663,0.3894,MQTT,actuator
2025-01-09T11:56:00,61.396,35.207,6.049,81.395,1.4943,MQTT,gateway
2025-01-07T22:51:00,108.326,18.334,6.6,13.674,1.9894,MQTT,actuator
2025-01-08T05:53:00,845.413,40.715,20.802,95.567,0.0,HTTPS,gateway
2025-01-09T08:13:00,26.311,163.333,4.774,0.494,7.0544,LoRaWAN,smart_meter
2025-01-08T02:56:00,1017.209,31.831,17.134,33.905,0.7402,HTTPS,gateway
2025-01-09T15:48:00,839.515,95.002,0.633,198.659,1.0456,CoAP,camera
2025-01-08T23:06:00,2116.771,44.455,5.857,33.001,0.0,HTTPS,camera
2025-01-09T06:21:00,118.636,25.802,1.467,7.026,0.7804,MQTT,env_sensor
2025-01-08T02:30:00,1407.602,52.806,10.404,48.275,0.577,HTTPS,gateway
2025-01-08T05:59:00,22.922,104.764,1.631,0.467,2.5782,LoRaWAN,smart_meter
2025-01-08T22:05:00,2204.129,68.653,4.351,201.014,0.7701,HTTPS,camera
2025-01-09T08:50:00,39.899,31.673,3.934,5.209,2.767,MQTT,env_sensor
2025-01-08T13:55:00,2219.012,71.228,4.665,81.88,0.438,HTTPS,camera
2025-01-09T12:13:00,142.436,13.662,3.337,11.417,2.2625,MQTT,actuator
2025-01-08T16:09:00,43.653,28.054,1.311,4.821,1.3751,MQTT,env_sensor
2025-01-08T17:53:00,493.687,34.617,8.141,51.456,0.1943,HTTPS,gateway
2025-01-08T16:42:00,26.904,136.659,0.1,0.051,3.7651,LoRaWAN,smart_meter
2025-01-08T02:27:00,107.437,21.345,0.1,12.456,1.5992,MQTT,env_sensor
2025-01-08T11:44:00,94.459,18.842,5.106,10.87,1.9265,MQTT,actuator
2025-01-08T21:49:00,86.207,17.906,7.041,10.832,0.0,MQTT,actuator
2025-01-08T22:26:00,1977.574,37.323,0.1,232.753,1.2761,HTTPS,camera
2025-01-08T20:30:00,88.544,19.853,4.578,6.071,0.2345,MQTT,actuator
2025-01-08T11:16:00,64.906,1.0,3.888,0.05,1.332,MQTT,env_sensor
2025-01-09T02:04:00,651.62,42.75,10.553,119.348,0.0,HTTPS,gateway
2025-01-08T13:08:00,2166.965,69.974,1.663,14.181,0.2018,HTTPS,camera
2025-01-08T13:18:00,71.94,4.709,6.418,5.75,1.3786,MQTT,env_sensor
2025-01-09T14:09:00,1977.837,21.712,7.689,136.14,0.0,HTTPS,gateway
2025-01-09T13:36:00,2108.161,77.464,5.278,188.854,0.0,HTTPS,camera
2025-01-08T11:15:00,73.602,29.169,4.021,6.096,2.1936,MQTT,env_sensor
2025-01-09T10:27:00,817.402,62.357,7.463,80.974,0.6985,HTTPS,camera
2025-01-08T10:26:00,169.323,24.509,6.656,12.552,0.8803,MQTT,actuator
2025-01-08T00:38:00,2493.089,19.417,1.961,218.339,0.0,HTTPS,camera
2025-01-08T03:55:00,116.759,13.31,10.53,5.925,0.3557,MQTT,actuator
2025-01-08T10:20:00,104.358,37.296,1.985,2.404,0.1519,MQTT,actuator
2025-01-08T16:09:00,683.961,53.264,3.887,35.376,0.3135,HTTPS,camera
2025-01-09T07:35:00,97.835,16.458,8.218,1.661,2.9557,MQTT,env_sensor
2025-01-08T19:02:00,1271.293,83.481,3.954,205.064,0.9126,HTTPS,camera
2025-01-09T11:51:00,57.552,28.449,3.609,5.927,0.6504,MQTT,env_sensor
2025-01-08T08:55:00,938.054,64.133,12.154,72.771,0.0672,HTTPS,gateway
2025-01-08T16:53:00,24.227,123.545,0.1,0.05,3.6054,LoRaWAN,smart_meter
2025-01-09T09:45:00,920.502,60.665,3.65,27.757,0.3765,HTTPS,camera
2025-01-07T23:01:00,909.493,89.966,0.94,110.254,1.5963,HTTPS,camera
2025-01-09T14:42:00,106.83,12.506,8.404,6.176,0.4389,CoAP,actuator
2025-01-08T00:01:00,142.308,24.118,8.567,10.455,2.4687,CoAP,actuator
2025-01-08T15:30:00,1647.023,51.517,0.1,6.706,0.4155,HTTPS,gateway
2025-01-08T10:08:00,1180.617,22.545,8.681,87.737,0.0,HTTPS,camera
2025-01-09T01:41:00,65.803,20.752,12.391,8.286,0.3741,MQTT,actuator
2025-01-08T00:48:00,1121.854,31.08,0.1,13.336,1.4217,HTTPS,gateway
2025-01-09T06:24:00,166.192,13.036,4.055,7.122,0.4799,MQTT,actuator
2025-01-09T13:37:00,32.676,147.252,1.471,0.777,3.4485,LoRaWAN,smart_meter
2025-01-09T01:01:00,79.41,1.0,5.296,6.559,2.0692,MQTT,env_sensor
2025-01-08T06:58:00,117.148,6.342,5.611,9.102,1.895,MQTT,actuator
2025-01-08T11:38:00,1361.245,40.55,10.576,117.217,1.9294,HTTPS,gateway
2025-01-08T10:45:00,637.741,7.33,8.933,18.023,0.485,CoAP,gateway
2025-01-09T07:10:00,656.248,59.626,2.058,84.322,1.5472,HTTPS,gateway
2025-01-08T15:23:00,27.987,33.349,3.593,2.783,1.9354,MQTT,env_sensor
2025-01-08T05:04:00,57.562,23.344,7.977,3.091,0.2148,MQTT,actuator
2025-01-07T23:49:00,142.709,14.267,12.788,5.402,0.5452,MQTT,actuator
2025-01-07T22:54:00,1767.88,99.15,0.992,101.922,1.1268,HTTPS,camera
2025-01-08T09:11:00,85.953,21.689,3.377,7.64,0.8032,MQTT,env_sensor
2025-01-09T06:44:00,837.47,37.958,8.638,66.99,1.76,CoAP,gateway
2025-01-09T11:31:00,47.403,34.521,1.568,2.904,0.0,MQTT,env_sensor
2025-01-09T09:43:00,817.734,47.165,8.821,69.174,0.0,HTTPS,gateway
2025-01-09T02:20:00,144.595,18.643,8.722,4.183,1.0693,CoAP,actuator
2025-01-09T00:11:00,1873.44,53.375,7.237,113.097,0.8002,HTTPS,gateway
2025-01-08T21:24:00,124.872,23.087,6.705,16.105,0.7585,CoAP,actuator
2025-01-09T13:37:00,499.372,25.649,3.078,44.68,1.326,CoAP,gateway
2025-01-08T05:11:00,111.462,21.545,1.034,0.05,1.665,MQTT,actuator
2025-01-09T15:04:00,25.258,229.86,2.869,0.436,1.2324,LoRaWAN,smart_meter
2025-01-08T17:20:00,31.718,26.719,1.226,7.346,1.715,MQTT,env_sensor
2025-01-08T17:06:00,1519.841,95.435,0.363,157.884,0.345,HTTPS,camera
2025-01-08T16:46:00,56.786,28.316,4.383,2.57,0.5258,MQTT,env_sensor
2025-01-09T05:47:00,36.257,14.744,0.1,3.24,1.3031,MQTT,actuator
2025-01-08T16:03:00,1528.061,77.311,1.324,61.294,0.0,HTTPS,gateway
2025-01-08T13:16:00,1741.246,97.34,5.913,213.485,0.4563,HTTPS,camera
2025-01-09T01:35:00,125.075,10.062,7.478,4.68,0.7459,MQTT,actuator
2025-01-08T16:17:00,42.401,30.454,0.1,0.554,2.2187,LoRaWAN,env_sensor
2025-01-09T13:27:00,66.72,33.371,2.894,1.664,1.9112,MQTT,env_sensor
2025-01-08T18:40:00,689.292,62.678,5.961,23.841,0.4612,CoAP,camera
2025-01-08T12:48:00,2360.134,9.541,4.555,202.762,0.4647,HTTPS,camera
2025-01-08T07:19:00,1245.637,55.705,1.065,98.868,0.3212,HTTPS,camera
2025-01-09T08:29:00,116.713,17.221,5.349,1.21,1.5136,CoAP,actuator
2025-01-09T04:21:00,18.772,136.518,2.819,0.457,2.0813,LoRaWAN,smart_meter
2025-01-09T10:17:00,1512.28,51.27,7.984,175.281,0.3711,HTTPS,camera
2025-01-08T11:59:00,138.665,17.157,13.032,35.598,0.3892,MQTT,gateway
2025-01-09T03:03:00,125.281,15.028,2.765,12.857,0.9274,MQTT,actuator
2025-01-09T14:18:00,906.96,50.005,5.644,130.724,0.3056,CoAP,camera
2025-01-09T02:18:00,1385.867,70.009,2.109,67.149,0.8963,HTTPS,gateway
2025-01-09T10:19:00,89.767,11.182,5.712,5.156,1.3977,MQTT,env_sensor
2025-01-09T04:59:00,66.482,1.945,2.085,7.505,0.0,MQTT,env_sensor
2025-01-08T18:25:00,75.738,38.464,1.124,1.798,1.7565,MQTT,env_sensor
2025-01-09T01:29:00,24.084,210.011,1.758,0.05,0.0,LoRaWAN,smart_meter
2025-01-08T22:02:00,35.882,255.021,3.543,0.104,3.1356,LoRaWAN,smart_meter
2025-01-08T03:58:00,56.213,35.674,0.1,4.494,2.8348,MQTT,env_sensor
2025-01-09T05:52:00,26.582,161.139,2.724,0.079,4.0699,LoRaWAN,smart_meter
2025-01-08T17:33:00,3011.363,26.861,5.56,104.527,0.7915,HTTPS,camera
2025-01-08T19:12:00,172.529,18.904,5.562,3.025,1.5338,MQTT,actuator
2025-01-08T01:40:00,38.053,103.626,4.058,0.377,4.7412,LoRaWAN,smart_meter
2025-01-08T03:34:00,856.717,22.953,6.26,60.951,0.2032,HTTPS,gateway
2025-01-09T10:53:00,9.868,185.23,0.1,0.673,2.6888,LoRaWAN,smart_meter
2025-01-08T06:38:00,1892.701,57.828,2.456,113.564,0.7415,HTTPS,camera
2025-01-08T03:18:00,75.832,11.667,4.271,0.962,0.7887,MQTT,env_sensor
2025-01-08T21:44:00,102.74,39.792,0.1,6.603,1.1106,MQTT,env_sensor
2025-01-08T11:39:00,2066.539,79.918,2.552,147.162,1.6883,HTTPS,camera
2025-01-08T05:38:00,56.838,14.338,5.218,0.203,0.0,MQTT,actuator
2025-01-09T12:39:00,95.564,24.384,6.736,3.513,0.2706,MQTT,actuator
2025-01-08T18:18:00,126.229,24.507,4.83,8.651,0.6965,MQTT,actuator
2025-01-08T07:00:00,2522.491,39.77,3.488,196.253,0.0,HTTPS,camera
2025-01-08T12:36:00,964.701,49.205,0.635,45.506,0.0,HTTPS,gateway
2025-01-08T19:11:00,1635.017,63.135,5.54,79.566,0.0,HTTPS,camera
2025-01-08T01:55:00,674.019,64.52,3.384,77.154,1.5177,HTTPS,camera
2025-01-08T14:26:00,75.181,35.216,4.733,0.05,1.4307,MQTT,env_sensor
2025-01-08T16:29:00,107.897,38.051,0.909,6.698,0.2181,MQTT,env_sensor
2025-01-07T23:51:00,163.254,8.229,6.686,2.306,0.4001,MQTT,actuator
2025-01-09T00:42:00,52.734,7.185,5.713,6.987,1.5114,MQTT,env_sensor
2025-01-08T01:45:00,736.81,35.015,8.362,131.312,1.9949,CoAP,gateway
2025-01-09T02:12:00,62.245,14.969,6.78,7.884,0.8424,MQTT,actuator
2025-01-08T11:39:00,72.733,14.722,4.785,6.95,3.0199,MQTT,env_sensor
2025-01-08T12:17:00,638.565,73.066,13.124,57.141,0.0,HTTPS,gateway
2025-01-07T23:21:00,8.0,109.355,0.121,0.587,2.7478,LoRaWAN,smart_meter
2025-01-09T07:11:00,1839.003,96.134,9.473,195.94,1.0793,HTTPS,camera
2025-01-08T02:05:00,65.377,6.709,4.288,8.316,1.1809,MQTT,actuator
2025-01-08T20:00:00,501.992,39.756,16.896,60.936,1.1042,CoAP,gateway
2025-01-08T18:04:00,77.519,21.401,1.764,3.584,0.0,MQTT,env_sensor
2025-01-09T13:35:00,110.679,19.883,0.833,7.223,1.7116,MQTT,actuator
2025-01-08T07:43:00,1905.927,91.48,7.927,131.452,1.0653,HTTPS,camera
2025-01-09T15:52:00,111.371,26.218,2.397,6.46,1.4019,MQTT,env_sensor
2025-01-09T14:23:00,20.309,238.82,0.541,0.079,4.079,LoRaWAN,smart_meter
2025-01-08T21:51:00,21.987,283.667,0.552,0.362,4.3667,LoRaWAN,smart_meter
2025-01-09T10:07:00,141.125,17.747,9.165,9.859,0.5898,CoAP,actuator
2025-01-09T02:09:00,65.973,18.058,0.731,6.789,2.3227,MQTT,env_sensor
2025-01-08T02:30:00,2743.967,45.257,0.1,136.724,0.0,HTTPS,camera
2025-01-08T21:36:00,1265.6,53.321,6.222,15.754,1.169,CoAP,gateway
2025-01-08T16:39:00,3208.132,43.993,2.489,228.591,0.7988,HTTPS,camera
2025-01-08T05:52:00,88.391,18.098,7.49,8.066,0.6331,MQTT,actuator
2025-01-09T05:43:00,21.912,184.513,1.709,0.503,3.013,LoRaWAN,smart_meter
2025-01-08T20:47:00,31.104,287.067,1.997,0.579,3.3955,LoRaWAN,smart_meter
2025-01-08T10:28:00,1227.755,1.0,9.666,19.0,0.0427,HTTPS,gateway
2025-01-08T04:31:00,132.226,9.046,6.331,4.322,1.496,MQTT,actuator
2025-01-09T16:18:00,951.144,65.844,7.356,14.984,2.5062,CoAP,gateway
2025-01-08T06:57:00,29.692,174.989,2.659,0.754,3.4861,LoRaWAN,smart_meter
2025-01-09T04:41:00,25.407,278.701,2.488,0.298,5.0872,LoRaWAN,smart_meter
2025-01-08T23:12:00,2412.523,90.177,1.585,94.574,0.9843,HTTPS,camera
2025-01-09T04:52:00,647.078,58.525,5.95,104.247,0.7054,HTTPS,gateway
2025-01-08T17:00:00,77.852,11.093,4.489,14.435,0.6962,MQTT,actuator
2025-01-08T06:47:00,578.89,35.757,4.552,68.013,0.9959,HTTPS,camera
2025-01-07T23:31:00,1676.664,55.063,1.018,266.023,0.6463,HTTPS,camera
2025-01-08T22:39:00,2729.538,71.538,2.525,146.652,1.5739,HTTPS,camera
2025-01-08T22:56:00,2850.488,63.445,4.657,145.372,1.2902,HTTPS,camera
2025-01-08T22:41:00,1321.278,32.269,6.55,53.419,0.0,HTTPS,gateway
2025-01-09T02:15:00,85.604,28.859,3.639,5.228,0.0,MQTT,env_sensor
2025-01-08T01:38:00,859.581,43.839,6.635,0.05,0.0,CoAP,gateway
2025-01-08T08:39:00,111.619,16.229,2.254,11.425,0.8548,MQTT,actuator
2025-01-08T14:37:00,89.629,17.037,8.371,5.216,0.1461,MQTT,actuator
2025-01-08T11:25:00,27.766,159.848,3.688,0.477,0.0,LoRaWAN,smart_meter
2025-01-09T00:58:00,85.112,19.385,12.667,5.053,0.7241,MQTT,actuator
2025-01-07T23:01:00,74.522,14.499,4.223,0.05,0.0831,MQTT,actuator
2025-01-09T03:16:00,72.229,25.414,3.957,6.541,0.0,MQTT,actuator
2025-01-09T11:21:00,195.438,39.38,12.537,70.597,1.1381,MQTT,gateway
2025-01-09T07:22:00,1044.602,37.093,0.1,0.05,1.2533,HTTPS,camera
2025-01-09T02:31:00,624.83,48.475,4.013,42.78,1.7705,CoAP,gateway
2025-01-09T10:19:00,224.404,52.544,10.251,0.05,1.1619,MQTT,gateway
2025-01-08T18:39:00,21.19,32.423,2.552,6.147,1.2886,MQTT,env_sensor
2025-01-08T12:48:00,1954.671,26.456,7.965,33.986,0.8534,HTTPS,gateway
2025-01-08T19:54:00,23.193,219.616,5.12,0.05,4.1224,LoRaWAN,smart_meter
2025-01-08T10:41:00,288.322,74.617,7.542,116.286,1.5239,CoAP,gateway
2025-01-08T12:43:00,2220.509,44.522,2.475,176.561,0.8347,HTTPS,camera
2025-01-08T15:52:00,33.367,208.248,2.731,0.503,1.2784,LoRaWAN,smart_meter
2025-01-07T22:48:00,43.684,15.803,0.996,2.191,1.273,MQTT,env_sensor
2025-01-08T22:42:00,19.789,162.171,2.419,0.49,2.5317,LoRaWAN,smart_meter
2025-01-09T01:44:00,366.004,45.082,5.162,107.574,0.9439,HTTPS,gateway
2025-01-08T15:58:00,1599.478,59.834,2.63,263.575,0.0848,HTTPS,camera
2025-01-08T14:48:00,60.586,46.689,5.063,8.114,2.0445,MQTT,env_sensor
2025-01-08T00:50:00,97.421,8.768,7.856,0.947,0.4628,MQTT,env_sensor
2025-01-08T12:21:00,1271.158,90.293,8.392,25.866,1.0801,CoAP,gateway
2025-01-08T21:58:00,318.556,58.77,4.154,201.281,1.1545,HTTPS,camera
2025-01-09T16:12:00,87.609,12.896,2.091,5.343,0.7921,MQTT,env_sensor
2025-01-08T14:14:00,101.054,4.457,5.046,2.988,1.697,MQTT,env_sensor
2025-01-08T22:47:00,653.287,33.139,11.798,55.215,1.7861,CoAP,gateway
2025-01-08T22:00:00,24.675,134.83,3.134,0.783,6.8739,LoRaWAN,smart_meter
2025-01-09T07:43:00,93.717,8.399,10.984,5.189,1.3894,CoAP,actuator
2025-01-08T09:39:00,74.595,22.179,7.774,6.098,2.078,MQTT,env_sensor
2025-01-09T11:06:00,63.1,23.091,1.995,5.646,0.3415,MQTT,env_sensor
2025-01-09T12:00:00,30.577,159.945,2.031,0.356,3.9797,LoRaWAN,smart_meter
2025-01-08T06:48:00,23.466,1.0,2.548,0.647,4.1512,MQTT,smart_meter
2025-01-08T08:38:00,101.319,24.467,6.22,0.05,0.0,MQTT,actuator
2025-01-09T02:43:00,108.591,29.179,1.895,2.45,0.4857,MQTT,env_sensor
2025-01-08T07:21:00,37.748,68.102,5.127,0.108,3.8388,LoRaWAN,smart_meter
2025-01-09T07:14:00,1193.258,70.349,6.289,4.05,0.0,HTTPS,gateway
2025-01-08T05:10:00,864.624,51.393,15.907,0.05,2.1888,CoAP,gateway
2025-01-09T14:46:00,1887.077,56.433,0.472,66.957,0.0,HTTPS,camera
2025-01-09T09:35:00,69.434,26.987,6.033,1.86,1.8432,CoAP,env_sensor
2025-01-09T05:48:00,1030.355,33.4,8.463,0.05,1.428,HTTPS,gateway
2025-01-07T23:15:00,891.386,64.788,0.1,74.379,1.9837,CoAP,gateway
2025-01-09T06:13:00,1798.667,93.482,8.404,140.364,0.0,HTTPS,camera
2025-01-08T19:11:00,113.336,18.894,7.264,9.124,2.1059,MQTT,actuator
2025-01-09T07:27:00,942.299,28.608,5.954,243.314,0.9217,HTTPS,camera
2025-01-08T19:56:00,907.312,51.445,1.299,92.118,0.3707,HTTPS,camera
2025-01-09T08:22:00,470.322,64.867,9.407,8.485,0.5645,CoAP,gateway
2025-01-08T14:46:00,95.926,12.573,5.695,2.187,1.4804,CoAP,env_sensor
2025-01-09T11:44:00,22.152,72.348,1.295,0.557,3.4529,MQTT,smart_meter
2025-01-09T05:11:00,148.511,9.606,6.535,5.571,0.7104,MQTT,actuator
2025-01-08T15:45:00,287.32,46.146,11.826,112.499,0.7955,HTTPS,gateway
2025-01-08T08:46:00,1342.136,69.84,12.969,111.294,1.336,HTTPS,gateway
2025-01-09T05:14:00,2003.629,119.069,0.388,171.984,1.3082,HTTPS,camera
2025-01-08T10:22:00,944.865,45.054,6.196,96.37,0.7699,HTTPS,camera
2025-01-09T08:41:00,74.377,7.155,7.169,4.834,0.8076,MQTT,actuator
2025-01-08T00:07:00,82.15,19.05,3.134,6.313,1.1116,MQTT,actuator
2025-01-08T06:24:00,24.117,1.0,5.034,1.551,2.8984,CoAP,env_sensor
2025-01-08T00:48:00,1909.859,32.934,4.161,104.457,0.2189,HTTPS,camera
2025-01-08T18:21:00,19.112,167.825,3.857,0.538,5.7419,LoRaWAN,smart_meter
2025-01-08T21:52:00,114.976,26.26,8.302,11.508,0.5773,CoAP,actuator
2025-01-09T07:41:00,93.793,10.92,2.264,4.68,0.6039,MQTT,actuator
2025-01-08T14:21:00,95.905,15.399,5.627,11.547,1.2169,CoAP,actuator
2025-01-09T10:45:00,79.96,16.591,3.175,5.476,2.0068,MQTT,env_sensor
2025-01-09T10:13:00,75.784,23.983,3.571,2.079,1.0324,MQTT,env_sensor
2025-01-08T06:59:00,1642.345,79.556,18.037,78.536,2.0243,HTTPS,gateway
2025-01-08T22:58:00,591.185,6.942,11.177,0.05,1.8968,CoAP,gateway
2025-01-09T12:43:00,131.617,20.202,11.579,4.785,0.0,MQTT,actuator
2025-01-08T16:33:00,11.946,47.037,2.655,5.188,0.0,MQTT,env_sensor
2025-01-08T13:06:00,90.706,40.394,8.552,2.533,0.6984,MQTT,env_sensor
2025-01-09T00:50:00,80.318,22.357,3.057,5.339,0.0,MQTT,env_sensor
2025-01-09T12:36:00,18.338,171.337,2.314,0.431,0.1474,LoRaWAN,smart_meter
2025-01-08T03:57:00,721.008,51.445,5.345,170.308,0.2841,HTTPS,camera
2025-01-09T09:40:00,2137.31,84.233,7.262,76.857,0.5937,HTTPS,camera
2025-01-09T10:16:00,486.06,48.046,4.609,114.356,1.8058,HTTPS,gateway
2025-01-08T15:38:00,1921.447,71.416,10.762,112.002,1.6714,HTTPS,gateway
2025-01-09T02:27:00,30.241,289.905,2.525,0.683,4.7175,LoRaWAN,smart_meter
2025-01-08T13:27:00,47.805,1.0,0.1,3.394,1.1178,MQTT,env_sensor
2025-01-09T02:42:00,1390.781,68.159,14.115,30.731,2.388,HTTPS,gateway
2025-01-09T04:37:00,82.487,25.178,6.126,4.391,0.0,MQTT,actuator
2025-01-09T10:52:00,33.802,46.798,3.01,5.605,0.1494,MQTT,env_sensor
2025-01-08T06:47:00,1807.932,63.357,12.351,86.557,0.0,HTTPS,gateway
2025-01-08T08:55:00,1757.182,47.538,5.762,125.507,0.0,HTTPS,camera
2025-01-09T11:17:00,91.279,43.66,7.883,6.559,0.7445,MQTT,actuator
2025-01-08T05:01:00,1893.183,57.835,3.682,234.429,0.0696,HTTPS,camera
2025-01-09T03:27:00,1006.443,32.75,13.682,66.927,1.5682,CoAP,gateway
2025-01-08T10:08:00,32.024,200.465,1.096,0.05,3.9681,LoRaWAN,smart_meter
2025-01-08T00:01:00,1519.131,102.173,0.1,145.811,1.1475,HTTPS,camera
2025-01-08T12:55:00,85.917,24.348,4.266,2.541,1.1515,MQTT,env_sensor
2025-01-09T07:18:00,723.997,46.1,10.617,34.97,1.1798,CoAP,gateway
2025-01-08T18:13:00,32.611,23.291,1.803,7.391,0.3812,MQTT,env_sensor
2025-01-08T23:18:00,1660.647,29.565,8.658,172.043,0.0695,HTTPS,gateway
2025-01-08T14:14:00,117.822,25.921,7.04,10.789,0.8095,CoAP,actuator
2025-01-08T11:01:00,163.343,12.786,4.893,11.366,1.2018,MQTT,actuator
2025-01-09T02:37:00,19.778,189.524,0.557,0.923,3.4753,LoRaWAN,smart_meter
2025-01-09T05:21:00,2062.842,32.28,4.925,60.821,0.5015,HTTPS,camera
2025-01-08T23:45:00,96.158,24.808,4.483,2.164,2.7302,MQTT,env_sensor
2025-01-09T15:26:00,1369.016,74.515,5.346,190.234,0.6525,HTTPS,camera
2025-01-08T09:21:00,216.994,77.791,6.266,45.084,0.0,MQTT,gateway
2025-01-08T23:33:00,22.02,239.538,2.563,0.294,0.7394,LoRaWAN,smart_meter
2025-01-08T04:38:00,497.003,42.713,9.02,96.518,1.0981,CoAP,gateway
2025-01-08T18:50:00,104.006,23.553,4.327,9.277,1.0423,MQTT,actuator
2025-01-08T20:43:00,31.264,308.916,1.367,0.488,0.0,LoRaWAN,smart_meter
2025-01-08T02:43:00,798.762,34.963,1.802,62.132,1.95,CoAP,gateway
2025-01-09T01:02:00,1282.411,97.353,4.445,220.244,1.1518,HTTPS,camera
2025-01-08T13:00:00,1252.781,43.623,1.067,71.933,0.4296,HTTPS,camera
2025-01-09T00:00:00,2074.355,40.277,4.433,128.756,0.3236,HTTPS,camera
2025-01-09T12:04:00,153.491,15.322,6.583,5.835,0.6445,MQTT,actuator
2025-01-08T13:57:00,29.737,169.557,1.98,0.605,0.1902,LoRaWAN,smart_meter
2025-01-07T23:30:00,1509.857,38.382,11.465,46.355,0.0,HTTPS,gateway
2025-01-09T04:16:00,1676.127,42.819,12.081,12.896,1.5938,CoAP,gateway
2025-01-09T09:48:00,68.184,29.085,3.721,4.701,0.2243,MQTT,env_sensor
2025-01-09T05:51:00,103.032,24.018,9.118,9.04,0.6039,CoAP,actuator
2025-01-08T16:01:00,103.914,29.298,1.531,1.596,0.6413,MQTT,env_sensor
2025-01-08T15:59:00,94.145,18.71,3.407,0.665,1.0314,MQTT,env_sensor
2025-01-09T14:34:00,108.202,28.202,2.048,5.665,0.0,MQTT,actuator
2025-01-08T07:18:00,1281.546,80.281,3.261,142.713,0.0,HTTPS,camera
2025-01-08T21:49:00,49.056,28.195,1.875,5.225,0.0,MQTT,env_sensor
2025-01-08T10:27:00,42.284,152.778,2.368,0.343,3.1418,MQTT,smart_meter
2025-01-07T22:50:00,734.772,73.214,11.201,40.609,1.5061,CoAP,gateway
2025-01-08T08:23:00,44.417,106.537,4.241,0.454,1.6738,LoRaWAN,smart_meter
2025-01-08T08:15:00,64.912,36.582,10.276,6.793,0.8271,CoAP,actuator
2025-01-08T00:53:00,52.699,22.183,3.634,4.408,1.0379,MQTT,env_sensor
2025-01-08T23:44:00,107.177,36.415,3.533,4.534,1.958,MQTT,env_sensor
2025-01-08T02:03:00,718.325,26.578,2.173,114.158,0.8621,HTTPS,gateway
2025-01-09T01:24:00,691.7,30.666,7.517,56.787,0.7799,HTTPS,gateway
2025-01-09T05:14:00,8.0,50.216,4.838,134.839,0.0,HTTPS,gateway
2025-01-08T05:10:00,32.783,99.205,1.687,0.067,7.1883,LoRaWAN,smart_meter
2025-01-08T17:23:00,1390.194,44.771,10.303,63.951,0.4138,HTTPS,gateway
2025-01-09T11:44:00,2289.963,28.151,1.23,87.586,0.3264,HTTPS,camera
2025-01-08T09:42:00,108.799,30.357,0.1,10.892,0.8304,MQTT,actuator
2025-01-08T21:45:00,1449.077,54.492,10.441,0.05,0.8652,HTTPS,gateway
2025-01-09T07:24:00,890.67,40.583,3.011,95.903,0.5937,HTTPS,gateway
2025-01-08T03:19:00,55.133,36.47,3.401,6.976,0.2175,MQTT,actuator
2025-01-08T23:24:00,628.341,58.888,6.274,72.693,1.4517,CoAP,gateway
2025-01-08T10:57:00,516.703,50.641,7.359,85.282,0.3711,CoAP,gateway
2025-01-07T22:48:00,705.203,59.27,8.467,33.699,0.8807,CoAP,gateway
2025-01-09T08:38:00,97.452,20.568,1.469,9.844,2.1841,MQTT,actuator
2025-01-08T05:24:00,1463.746,42.265,4.718,161.346,0.5476,HTTPS,camera
2025-01-08T10:05:00,147.581,10.556,6.656,5.666,0.2811,MQTT,actuator
2025-01-09T01:11:00,48.789,26.745,6.898,7.225,2.1964,MQTT,env_sensor
2025-01-09T14:05:00,156.996,18.217,3.222,1.061,0.8714,MQTT,actuator
2025-01-08T19:25:00,32.743,19.939,8.836,9.212,1.0201,MQTT,actuator
2025-01-09T01:27:00,26.281,107.315,0.1,0.823,0.4091,LoRaWAN,smart_meter
2025-01-08T03:26:00,94.424,6.561,4.429,12.606,0.2232,MQTT,actuator
2025-01-08T07:04:00,1844.162,88.654,2.893,125.7,1.3036,HTTPS,camera
2025-01-08T05:27:00,123.221,14.567,8.586,12.67,0.7988,CoAP,actuator
2025-01-08T08:33:00,33.701,37.164,1.963,10.421,1.4038,MQTT,env_sensor
2025-01-09T04:48:00,37.47,254.283,3.241,0.413,6.4141,LoRaWAN,smart_meter
2025-01-08T23:28:00,129.731,10.566,6.553,5.548,0.0,MQTT,actuator
2025-01-09T04:27:00,87.879,15.781,4.54,6.36,1.4669,MQTT,actuator
2025-01-08T06:59:00,25.608,114.427,0.1,0.089,1.1053,LoRaWAN,smart_meter
2025-01-08T18:24:00,38.508,32.579,2.09,1.623,1.7846,MQTT,env_sensor
2025-01-09T14:51:00,77.473,27.517,2.767,11.425,2.2398,MQTT,actuator
2025-01-09T03:13:00,69.914,22.952,3.188,0.243,2.3732,MQTT,env_sensor
2025-01-08T22:11:00,25.479,265.926,1.345,0.279,1.8924,LoRaWAN,smart_meter
2025-01-08T12:16:00,27.463,262.876,1.571,0.551,4.9591,LoRaWAN,smart_meter
2025-01-08T05:32:00,41.845,14.839,7.529,5.941,0.0,MQTT,actuator
2025-01-08T14:25:00,89.947,5.834,1.256,0.525,1.8708,MQTT,env_sensor
2025-01-09T02:15:00,78.238,11.051,0.1,2.094,0.0,MQTT,actuator
2025-01-09T09:45:00,86.474,14.202,0.1,3.198,0.0427,MQTT,env_sensor
2025-01-09T03:42:00,94.992,10.124,1.526,1.022,2.3534,MQTT,env_sensor
2025-01-08T22:43:00,814.063,49.082,4.082,55.855,0.9896,HTTPS,gateway
2025-01-09T09:19:00,796.722,68.285,8.527,62.099,0.0,HTTPS,gateway
2025-01-08T20:41:00,739.573,48.344,3.841,226.237,0.2339,HTTPS,camera
2025-01-08T09:12:00,152.241,12.11,4.26,7.793,0.7778,MQTT,actuator
2025-01-09T06:08:00,1252.526,49.043,1.017,152.738,0.7906,HTTPS,camera
2025-01-09T13:52:00,1286.618,75.487,0.1,121.219,0.2045,HTTPS,camera
2025-01-08T11:51:00,8.0,20.355,6.824,56.8,1.52,MQTT,gateway
2025-01-08T12:26:00,125.238,28.48,7.688,11.297,1.4298,MQTT,actuator
2025-01-09T13:58:00,48.146,1.0,2.719,3.465,0.8401,MQTT,env_sensor
2025-01-08T02:04:00,21.16,283.771,3.067,0.05,4.8052,LoRaWAN,smart_meter
2025-01-09T06:38:00,109.54,14.583,4.395,8.778,0.0,MQTT,actuator
2025-01-08T09:00:00,52.273,28.559,0.639,1.948,2.7742,MQTT,env_sensor
2025-01-08T08:29:00,30.095,38.037,3.294,4.228,1.7316,MQTT,env_sensor
2025-01-08T06:44:00,1806.665,56.766,4.495,127.823,0.0323,HTTPS,camera
2025-01-08T17:01:00,111.407,10.957,5.558,14.745,0.1206,MQTT,actuator
2025-01-08T16:25:00,1881.006,1.0,5.447,130.116,1.2682,CoAP,camera
2025-01-08T07:48:00,116.736,8.83,4.984,11.565,1.0338,MQTT,actuator
2025-01-08T02:47:00,38.564,21.602,2.323,0.05,1.4821,MQTT,env_sensor
2025-01-08T22:48:00,118.568,7.298,7.267,9.328,0.7269,CoAP,actuator
2025-01-09T03:54:00,34.19,171.275,4.462,0.675,5.6309,LoRaWAN,smart_meter
2025-01-08T03:51:00,141.386,28.76,10.218,11.743,0.3267,CoAP,actuator
2025-01-08T23:21:00,21.466,160.491,1.276,0.803,2.9512,LoRaWAN,smart_meter
2025-01-08T23:30:00,838.738,94.975,0.1,111.827,0.6706,HTTPS,camera
2025-01-09T09:10:00,84.51,14.2,4.601,9.517,1.5206,MQTT,env_sensor
2025-01-08T07:06:00,1426.304,89.91,0.9,105.77,0.5825,HTTPS,camera
2025-01-08T20:31:00,127.179,39.524,0.947,1.764,0.4531,MQTT,actuator
2025-01-08T15:19:00,138.69,6.958,4.067,11.73,2.589,MQTT,actuator
2025-01-08T14:59:00,43.049,283.916,2.296,0.932,2.6422,LoRaWAN,smart_meter
2025-01-08T15:48:00,69.842,1.0,0.1,6.954,1.7722,MQTT,env_sensor
2025-01-08T07:49:00,40.231,122.484,2.323,0.446,0.5337,LoRaWAN,smart_meter
2025-01-09T12:23:00,89.764,25.44,8.196,12.495,0.0565,MQTT,actuator
2025-01-09T15:51:00,66.116,56.84,8.048,43.128,1.0412,MQTT,gateway
2025-01-08T16:22:00,1068.884,63.068,4.149,33.89,0.6633,HTTPS,gateway
2025-01-09T02:44:00,515.418,24.932,8.004,0.05,0.8015,CoAP,gateway
2025-01-08T22:25:00,28.998,225.844,1.975,0.316,1.9977,LoRaWAN,smart_meter
2025-01-08T05:26:00,32.091,54.088,1.537,0.254,0.6431,LoRaWAN,env_sensor
2025-01-08T12:19:00,112.11,33.647,2.363,7.082,1.6785,MQTT,env_sensor
2025-01-08T19:48:00,1923.152,83.534,2.12,133.044,0.3131,HTTPS,camera
2025-01-08T08:04:00,1993.676,89.314,7.947,149.343,0.6616,HTTPS,camera
2025-01-09T06:23:00,116.626,19.361,4.291,8.858,2.0867,MQTT,actuator
2025-01-09T10:24:00,1197.805,49.299,6.801,97.883,0.0,HTTPS,camera
2025-01-09T11:15:00,113.221,9.6,3.061,3.829,1.3612,MQTT,actuator
2025-01-08T20:40:00,27.591,187.099,0.534,0.388,3.1317,LoRaWAN,smart_meter
2025-01-09T08:41:00,56.315,52.026,5.15,5.856,0.1526,CoAP,env_sensor
2025-01-09T10:01:00,853.494,4.592,13.059,35.884,1.1792,CoAP,gateway
2025-01-08T22:54:00,1808.893,51.672,10.041,72.98,0.8994,HTTPS,gateway
2025-01-09T11:43:00,77.48,22.421,6.091,3.011,1.9685,MQTT,env_sensor
2025-01-09T07:03:00,67.849,13.084,6.81,2.268,0.6188,MQTT,env_sensor
2025-01-08T15:53:00,2027.751,70.688,6.136,14.667,0.1652,HTTPS,camera
2025-01-08T18:08:00,94.284,6.588,9.117,7.66,1.6308,MQTT,actuator
2025-01-09T00:30:00,585.829,47.906,8.4,71.172,1.9389,CoAP,gateway
2025-01-09T12:03:00,37.594,26.228,7.392,3.858,0.2838,MQTT,env_sensor
2025-01-09T05:51:00,29.089,96.118,2.308,0.552,4.4961,MQTT,smart_meter
2025-01-08T09:10:00,1599.946,62.908,14.398,32.906,2.4867,CoAP,gateway
2025-01-08T15:15:00,487.913,81.413,1.739,142.456,1.4141,HTTPS,camera
2025-01-08T08:39:00,1509.079,60.367,6.483,70.767,0.721,HTTPS,camera
2025-01-08T18:13:00,111.811,18.125,11.971,10.255,0.8444,CoAP,actuator
2025-01-08T22:04:00,98.105,7.518,8.03,12.563,0.7224,MQTT,actuator
2025-01-09T09:11:00,133.563,9.137,5.237,4.11,0.0318,CoAP,actuator
2025-01-09T11:00:00,82.357,15.801,2.907,2.92,0.3078,MQTT,env_sensor
2025-01-08T07:52:00,726.921,42.46,1.433,109.161,0.0,HTTPS,gateway
2025-01-08T07:45:00,63.031,34.035,2.025,4.654,1.2239,MQTT,env_sensor
2025-01-09T06:12:00,71.352,33.545,1.779,6.195,0.7764,MQTT,env_sensor
2025-01-08T00:14:00,1890.442,72.593,3.288,143.852,1.3544,HTTPS,camera
2025-01-08T16:27:00,2013.391,38.293,2.912,22.198,1.1673,MQTT,camera
2025-01-08T02:41:00,17.691,278.171,1.833,0.735,5.1507,LoRaWAN,smart_meter
2025-01-09T02:12:00,841.325,23.724,14.785,91.405,1.4156,CoAP,gateway
2025-01-08T14:38:00,151.235,18.763,5.726,10.534,0.805,MQTT,actuator
2025-01-08T23:19:00,21.442,208.645,1.26,0.8,3.4086,MQTT,smart_meter
2025-01-09T09:14:00,381.949,40.964,8.466,83.34,1.3649,CoAP,gateway
2025-01-09T12:14:00,1186.675,26.836,12.345,75.688,0.6589,HTTPS,gateway
2025-01-08T11:46:00,33.698,135.418,4.945,0.05,4.012,LoRaWAN,smart_meter
2025-01-09T12:49:00,1269.531,72.516,3.245,0.05,0.6344,HTTPS,camera
2025-01-08T13:02:00,1174.79,52.836,0.1,166.369,0.3837,HTTPS,camera
2025-01-09T01:52:00,123.214,7.192,5.123,6.406,0.0,MQTT,actuator
2025-01-08T11:26:00,66.353,6.902,3.3,8.805,0.1969,MQTT,env_sensor
2025-01-08T09:57:00,25.158,138.177,2.291,0.238,6.4893,LoRaWAN,smart_meter
2025-01-08T13:36:00,26.102,131.535,0.1,0.609,3.7392,LoRaWAN,smart_meter
2025-01-09T04:59:00,1902.98,48.141,4.386,148.323,1.073,HTTPS,camera
2025-01-08T21:36:00,30.9,256.137,1.8,0.818,4.4917,LoRaWAN,smart_meter
2025-01-08T15:50:00,143.187,32.653,6.19,6.731,0.6204,CoAP,actuator
2025-01-09T09:13:00,105.616,9.44,3.093,6.364,1.0922,MQTT,env_sensor
2025-01-09T01:37:00,49.368,249.301,2.484,0.495,3.2845,LoRaWAN,smart_meter
2025-01-09T06:15:00,32.759,198.338,4.505,0.297,6.0999,LoRaWAN,smart_meter
2025-01-09T10:09:00,30.151,130.536,1.683,0.414,0.9346,LoRaWAN,smart_meter
2025-01-09T14:47:00,666.922,60.742,0.676,33.259,1.0186,CoAP,gateway
2025-01-08T03:32:00,8.119,29.504,1.801,4.901,0.9849,MQTT,env_sensor
2025-01-08T20:47:00,1850.471,71.088,1.185,157.114,0.5392,HTTPS,camera
2025-01-09T11:36:00,68.343,26.191,5.348,4.181,2.6797,CoAP,env_sensor
2025-01-08T00:11:00,755.878,53.212,8.605,56.319,0.7941,HTTPS,gateway
2025-01-08T11:14:00,82.034,13.849,5.372,9.25,0.0393,CoAP,actuator
2025-01-08T18:38:00,113.535,21.389,7.598,3.817,0.7212,MQTT,actuator
2025-01-09T11:54:00,1258.071,21.098,12.113,80.717,0.7225,HTTPS,gateway
2025-01-08T09:01:00,20.64,106.878,2.131,0.212,4.747,LoRaWAN,smart_meter
2025-01-09T12:33:00,109.649,1.0,5.355,1.031,0.3534,MQTT,env_sensor
2025-01-08T09:50:00,20.544,215.399,3.555,0.05,0.6256,LoRaWAN,smart_meter
2025-01-09T15:58:00,1429.738,44.792,15.756,44.282,0.453,HTTPS,gateway
2025-01-09T11:50:00,165.809,9.143,6.62,6.41,0.9667,MQTT,actuator
2025-01-08T20:11:00,283.482,54.605,4.194,121.133,0.6952,HTTPS,gateway
2025-01-08T21:39:00,160.4,19.249,3.124,8.484,1.6336,MQTT,actuator
2025-01-08T10:34:00,57.562,21.923,0.1,5.708,2.6614,MQTT,env_sensor
2025-01-08T10:01:00,17.895,187.032,0.1,0.626,1.0685,LoRaWAN,smart_meter
2025-01-09T00:11:00,71.22,39.504,3.693,2.164,2.3858,MQTT,env_sensor
2025-01-08T22:10:00,922.178,27.884,12.977,26.146,1.1091,CoAP,gateway
2025-01-09T03:59:00,46.788,41.325,3.62,6.963,0.0,MQTT,env_sensor
2025-01-09T13:31:00,1551.524,90.27,0.1,159.645,0.0053,HTTPS,camera
2025-01-08T16:06:00,88.195,25.496,11.12,4.465,0.4029,MQTT,actuator
2025-01-09T03:17:00,448.699,62.089,6.075,135.801,1.1292,CoAP,gateway
2025-01-09T02:05:00,35.76,244.207,2.349,0.82,5.6885,LoRaWAN,smart_meter
2025-01-08T16:13:00,865.133,9.951,11.177,153.709,0.4602,HTTPS,gateway
2025-01-09T13:31:00,58.54,7.626,0.211,1.387,2.2685,MQTT,env_sensor
2025-01-09T10:12:00,67.701,12.483,3.695,1.663,1.0328,MQTT,env_sensor
2025-01-08T00:51:00,239.049,61.001,1.933,78.128,2.5385,MQTT,gateway
2025-01-09T01:05:00,35.226,128.521,1.952,0.616,3.0717,LoRaWAN,smart_meter
2025-01-09T07:43:00,1500.736,62.194,9.767,33.34,0.0,HTTPS,gateway
2025-01-08T22:13:00,641.464,41.762,10.422,18.805,1.0173,CoAP,gateway
2025-01-08T08:24:00,1745.46,83.21,10.446,258.521,0.0,HTTPS,camera
2025-01-08T21:09:00,34.906,222.644,0.217,0.216,4.3586,LoRaWAN,smart_meter
2025-01-09T11:41:00,124.799,21.734,6.81,9.063,0.6044,MQTT,actuator
2025-01-08T13:06:00,19.669,130.46,3.318,0.329,0.4214,LoRaWAN,smart_meter
2025-01-09T13:28:00,2009.631,51.159,5.759,51.031,2.1528,HTTPS,gateway
2025-01-08T03:39:00,64.622,17.739,3.925,0.05,2.2451,MQTT,env_sensor
2025-01-09T13:46:00,8.0,11.086,8.454,73.244,0.0,HTTPS,gateway
2025-01-08T13:55:00,39.03,207.476,2.177,0.432,4.3193,LoRaWAN,smart_meter
2025-01-09T04:07:00,32.789,116.152,2.049,0.05,4.1092,LoRaWAN,smart_meter
2025-01-09T04:34:00,10.064,20.666,5.277,8.484,1.1624,CoAP,env_sensor
2025-01-09T00:41:00,169.622,9.622,10.084,11.873,1.4661,CoAP,actuator
2025-01-09T16:10:00,8.0,51.286,11.199,23.246,1.2832,MQTT,gateway
2025-01-08T10:23:00,146.346,21.764,3.973,0.05,0.7557,MQTT,actuator
2025-01-08T18:31:00,122.317,3.205,2.457,0.05,0.2508,MQTT,actuator
2025-01-07T22:54:00,15.308,200.765,1.747,0.263,4.0603,LoRaWAN,smart_meter
2025-01-08T11:25:00,1219.377,60.088,3.737,113.393,0.9802,HTTPS,camera
2025-01-08T06:35:00,541.047,70.598,2.475,163.109,0.5045,HTTPS,camera
2025-01-08T03:12:00,1090.495,58.412,3.611,50.272,1.1958,HTTPS,camera
2025-01-08T23:57:00,69.316,18.072,9.756,10.99,1.0953,MQTT,actuator
2025-01-09T14:50:00,103.041,11.838,0.873,5.677,1.6419,MQTT,actuator
2025-01-08T13:33:00,74.263,16.562,9.169,14.349,0.0,MQTT,actuator
2025-01-08T02:29:00,1373.285,30.947,1.478,100.555,0.6839,HTTPS,gateway
2025-01-09T11:26:00,78.649,26.489,7.856,3.841,1.0127,CoAP,actuator
2025-01-08T01:53:00,1778.158,82.506,10.183,0.05,0.0208,HTTPS,camera
2025-01-08T08:42:00,117.543,16.576,8.189,7.386,1.6263,MQTT,actuator
2025-01-08T12:35:00,40.365,263.574,1.021,0.62,6.2907,LoRaWAN,smart_meter
2025-01-08T21:59:00,624.633,50.216,6.94,16.409,1.6375,CoAP,gateway
2025-01-09T03:44:00,18.35,198.209,5.262,0.251,7.5868,LoRaWAN,smart_meter
2025-01-09T04:03:00,77.772,26.723,3.551,0.05,1.7174,MQTT,env_sensor
2025-01-09T06:05:00,2387.046,11.903,2.76,145.052,0.0,HTTPS,camera
2025-01-09T06:32:00,1212.443,71.583,2.324,160.439,0.9994,HTTPS,camera
2025-01-08T18:34:00,28.133,275.667,2.098,0.05,0.0,LoRaWAN,smart_meter
2025-01-09T14:39:00,762.464,33.816,0.898,163.879,0.1486,HTTPS,camera
2025-01-09T02:58:00,31.321,188.572,0.554,0.776,4.9014,LoRaWAN,smart_meter
2025-01-08T12:29:00,426.275,41.411,3.087,0.05,1.4116,LoRaWAN,gateway
2025-01-09T15:56:00,25.647,233.878,0.714,0.343,3.3932,LoRaWAN,smart_meter
2025-01-08T00:34:00,106.27,58.402,6.554,23.932,0.0,CoAP,gateway
2025-01-08T09:08:00,2323.589,49.359,0.14,124.944,0.6949,HTTPS,camera
2025-01-09T05:31:00,142.998,29.17,3.687,10.362,2.013,MQTT,actuator
2025-01-08T20:06:00,130.901,41.171,5.271,11.651,2.1771,CoAP,actuator
2025-01-09T07:26:00,79.303,20.181,2.047,3.975,0.5391,MQTT,env_sensor
2025-01-08T18:17:00,1953.815,104.107,5.052,75.115,0.2485,HTTPS,camera
2025-01-08T12:23:00,1690.853,104.38,6.001,175.714,0.0,HTTPS,camera
2025-01-08T19:57:00,666.891,26.565,9.469,51.016,3.2771,CoAP,gateway
2025-01-09T09:56:00,96.835,32.856,0.1,2.972,1.44,MQTT,env_sensor
2025-01-09T15:34:00,37.689,178.138,1.381,0.759,2.1903,LoRaWAN,smart_meter
2025-01-09T12:41:00,35.678,138.969,3.788,0.493,6.1058,LoRaWAN,smart_meter
2025-01-09T07:03:00,24.747,99.402,2.747,0.05,3.6509,LoRaWAN,smart_meter
2025-01-08T03:56:00,58.878,1.0,4.773,4.49,0.0953,MQTT,env_sensor
2025-01-08T14:27:00,42.491,222.693,4.14,0.246,1.0303,LoRaWAN,smart_meter
2025-01-09T11:35:00,91.706,20.954,6.527,9.64,1.0949,MQTT,actuator
2025-01-09T07:09:00,126.936,10.075,5.891,11.106,0.5825,MQTT,actuator
2025-01-08T16:39:00,126.188,4.672,1.435,6.317,0.3885,MQTT,actuator
2025-01-08T23:29:00,29.846,199.54,0.895,0.512,0.9716,LoRaWAN,smart_meter
2025-01-08T00:37:00,1085.854,85.767,13.752,123.217,0.9361,HTTPS,gateway
2025-01-08T16:56:00,36.558,133.656,4.092,0.095,3.885,LoRaWAN,smart_meter
2025-01-08T05:38:00,813.711,90.385,12.543,3.328,0.6002,CoAP,gateway
2025-01-08T00:03:00,1126.912,44.808,9.307,106.002,2.1484,HTTPS,gateway
2025-01-09T11:39:00,1337.029,25.093,9.339,42.725,0.7578,HTTPS,gateway
2025-01-08T04:04:00,46.835,2.877,0.1,4.965,2.4781,MQTT,env_sensor
2025-01-08T18:42:00,1680.415,32.126,3.099,179.033,0.8677,HTTPS,camera
2025-01-08T17:38:00,2815.823,24.982,0.1,172.263,0.8745,HTTPS,camera
2025-01-08T21:19:00,26.917,275.875,2.938,0.05,3.4513,LoRaWAN,smart_meter
2025-01-08T02:03:00,65.599,37.674,4.337,5.733,0.7453,MQTT,actuator
2025-01-08T19:05:00,1162.957,79.303,0.876,139.013,0.2401,HTTPS,camera
2025-01-08T06:15:00,899.315,58.659,4.885,47.284,0.7654,HTTPS,gateway
2025-01-08T11:12:00,54.746,25.098,1.21,1.896,1.4837,MQTT,env_sensor
2025-01-08T20:18:00,94.527,24.375,10.395,15.091,1.1147,MQTT,actuator
2025-01-08T19:44:00,87.265,21.221,5.962,6.695,2.1253,CoAP,actuator
2025-01-08T01:28:00,82.959,23.073,5.629,5.264,1.3055,MQTT,env_sensor
2025-01-09T12:57:00,8.0,65.985,8.778,183.159,1.2786,MQTT,gateway
2025-01-09T09:42:00,1219.983,64.696,12.941,86.274,0.3865,HTTPS,gateway
2025-01-08T20:37:00,45.017,25.876,5.752,0.05,1.5709,LoRaWAN,actuator
2025-01-08T16:57:00,1101.343,48.7,5.92,98.09,1.272,HTTPS,gateway
2025-01-08T03:49:00,2060.398,52.437,2.323,55.48,1.1614,HTTPS,camera
2025-01-08T21:35:00,1860.252,57.999,6.578,42.361,2.6693,HTTPS,gateway
2025-01-09T06:03:00,2727.625,60.285,0.501,91.586,1.1342,HTTPS,camera
2025-01-09T11:30:00,22.056,20.108,2.786,3.978,1.049,MQTT,env_sensor
2025-01-08T21:15:00,77.215,39.551,3.528,5.422,2.6838,MQTT,env_sensor
2025-01-09T15:02:00,1704.89,91.476,5.929,69.114,0.4866,HTTPS,camera
2025-01-08T17:02:00,83.644,25.487,1.67,3.624,1.168,MQTT,env_sensor
2025-01-08T07:35:00,147.977,27.518,3.969,6.85,0.0,MQTT,actuator
2025-01-08T00:18:00,114.481,22.358,5.039,13.185,0.0702,CoAP,actuator
2025-01-08T14:29:00,1607.411,68.028,10.504,107.099,1.0624,HTTPS,camera
2025-01-09T10:32:00,2530.927,35.023,10.762,133.788,0.174,HTTPS,camera
2025-01-08T13:21:00,672.973,66.119,5.265,24.388,1.1585,CoAP,gateway
2025-01-08T09:11:00,3706.109,74.284,2.648,79.617,0.8066,HTTPS,camera
2025-01-09T02:48:00,34.377,229.268,2.054,0.439,2.7213,LoRaWAN,smart_meter
2025-01-09T12:36:00,53.211,25.636,4.962,1.876,1.5666,MQTT,env_sensor
2025-01-09T06:14:00,481.322,58.383,9.116,54.552,0.762,HTTPS,gateway
2025-01-08T01:20:00,32.0,216.217,0.212,0.07,2.6926,LoRaWAN,smart_meter
2025-01-08T13:40:00,182.984,57.294,8.513,55.813,0.0823,MQTT,gateway
2025-01-08T07:16:00,696.242,26.664,0.1,0.05,0.1576,MQTT,camera
2025-01-08T01:39:00,103.948,48.907,3.954,7.928,0.8922,MQTT,env_sensor
2025-01-09T00:31:00,13.109,165.616,3.341,0.688,2.7561,LoRaWAN,smart_meter
2025-01-08T22:21:00,88.598,12.164,2.998,5.593,0.3935,MQTT,actuator
2025-01-09T05:20:00,1377.045,28.161,8.184,23.791,2.0857,MQTT,gateway
2025-01-08T14:16:00,748.929,35.865,6.976,92.463,0.0,HTTPS,gateway
2025-01-08T17:25:00,68.139,16.472,7.429,1.594,0.0832,MQTT,actuator
2025-01-08T08:52:00,2780.32,60.06,3.416,121.038,0.3262,HTTPS,camera
2025-01-09T11:45:00,24.247,195.44,1.243,0.327,1.3909,LoRaWAN,smart_meter
2025-01-09T10:33:00,28.409,200.281,2.305,0.699,0.0,LoRaWAN,smart_meter
2025-01-07T22:58:00,1084.173,18.174,8.933,51.335,0.6056,HTTPS,gateway
2025-01-09T07:19:00,61.396,1.792,2.887,4.37,1.928,MQTT,env_sensor
2025-01-09T15:33:00,103.34,18.122,4.664,6.005,1.4302,MQTT,actuator
2025-01-08T22:55:00,81.953,13.501,3.197,4.075,0.5843,MQTT,actuator
2025-01-08T22:29:00,114.643,9.475,0.1,10.781,1.282,MQTT,actuator
2025-01-08T08:54:00,31.624,138.278,0.1,0.337,2.037,LoRaWAN,smart_meter
2025-01-09T02:47:00,38.761,25.072,0.262,3.489,1.2076,MQTT,env_sensor
2025-01-08T11:00:00,104.477,24.467,4.237,7.744,0.5767,MQTT,actuator
2025-01-08T20:57:00,51.366,26.959,2.82,4.634,2.5729,MQTT,env_sensor
2025-01-09T00:52:00,1819.839,52.481,7.519,76.358,2.6081,HTTPS,gateway
2025-01-08T23:10:00,61.437,35.485,1.593,5.19,0.0,MQTT,env_sensor
2025-01-08T16:20:00,93.594,7.494,6.214,8.085,0.0,MQTT,actuator
2025-01-08T16:39:00,1783.975,34.13,4.562,68.576,1.1368,HTTPS,gateway
2025-01-09T09:02:00,107.562,19.582,6.563,9.088,1.7523,MQTT,actuator
2025-01-09T11:10:00,99.44,23.381,3.798,10.74,0.5809,MQTT,env_sensor
2025-01-09T13:53:00,1197.631,70.68,3.435,196.746,1.3481,HTTPS,camera
2025-01-08T23:37:00,112.755,13.998,6.916,5.688,1.3476,MQTT,actuator
2025-01-09T14:20:00,401.122,32.722,16.27,72.864,1.2286,CoAP,gateway
2025-01-08T12:34:00,1330.345,76.507,3.797,104.332,0.5762,HTTPS,camera
2025-01-08T09:15:00,3099.763,66.123,6.545,21.013,0.8175,HTTPS,camera
2025-01-08T02:58:00,15.127,119.135,3.04,0.05,1.4245,LoRaWAN,smart_meter
2025-01-08T23:36:00,21.992,182.064,2.357,0.254,3.3882,LoRaWAN,smart_meter
2025-01-08T06:23:00,2199.325,33.328,4.687,151.444,0.4173,HTTPS,camera
2025-01-09T12:54:00,1223.637,11.706,10.174,58.513,0.9279,HTTPS,camera
2025-01-08T21:36:00,53.878,14.98,4.063,8.595,1.5319,MQTT,actuator
2025-01-08T23:11:00,127.085,14.736,0.722,2.571,0.943,MQTT,actuator
2025-01-08T21:01:00,1897.633,74.067,2.193,32.802,0.4955,HTTPS,camera
2025-01-09T13:23:00,37.519,190.073,0.1,1.131,2.4133,MQTT,smart_meter
2025-01-09T02:22:00,2034.834,40.582,2.238,86.472,1.1721,HTTPS,camera
2025-01-09T11:06:00,84.611,5.321,7.98,4.513,1.2895,MQTT,actuator
2025-01-08T04:00:00,2866.817,63.58,6.663,80.641,0.3763,HTTPS,camera
2025-01-08T07:07:00,45.191,30.717,5.461,1.861,2.3429,MQTT,env_sensor
2025-01-09T11:45:00,140.402,11.086,7.745,7.116,0.8279,MQTT,actuator
2025-01-08T01:21:00,2609.176,111.112,4.201,105.257,0.7742,HTTPS,camera
2025-01-08T15:40:00,1528.444,52.133,6.98,0.05,1.1944,CoAP,gateway
2025-01-08T21:23:00,28.933,178.662,4.111,0.279,3.7904,LoRaWAN,smart_meter
2025-01-08T08:04:00,91.916,32.509,1.432,8.99,0.9114,MQTT,actuator
2025-01-08T07:56:00,37.047,1.0,5.61,1.924,2.4401,MQTT,env_sensor
2025-01-08T16:01:00,109.085,28.551,5.422,8.7,1.22,CoAP,actuator
2025-01-07T23:57:00,86.101,17.641,10.95,7.487,0.0,MQTT,actuator
2025-01-09T05:46:00,73.153,37.524,2.954,1.722,3.39,MQTT,env_sensor
2025-01-09T02:00:00,12.019,282.402,1.807,1.188,5.3623,LoRaWAN,smart_meter
2025-01-09T12:29:00,42.508,235.309,1.618,0.448,2.0705,LoRaWAN,smart_meter
2025-01-09T02:56:00,32.465,84.872,2.343,0.362,5.3109,LoRaWAN,smart_meter
2025-01-08T18:15:00,2047.427,54.845,8.414,54.456,1.0204,HTTPS,camera
2025-01-09T15:29:00,33.336,247.157,2.985,1.006,5.1191,MQTT,smart_meter
2025-01-08T17:01:00,2326.926,45.438,2.334,0.63,0.806,HTTPS,camera
2025-01-08T13:55:00,111.819,8.51,3.169,9.769,1.6423,MQTT,actuator
2025-01-08T16:58:00,2709.192,74.177,3.155,131.455,0.698,HTTPS,camera
2025-01-09T04:45:00,37.037,134.448,1.082,0.545,3.5423,LoRaWAN,smart_meter
2025-01-07T22:45:00,773.642,21.917,11.956,12.676,0.5976,CoAP,gateway
2025-01-09T13:58:00,105.905,12.246,10.353,3.205,0.3484,MQTT,actuator
2025-01-09T15:09:00,38.389,35.326,4.044,4.781,0.3912,MQTT,env_sensor
2025-01-08T18:30:00,101.303,30.516,5.975,4.892,0.1992,MQTT,actuator
2025-01-09T06:28:00,100.686,43.164,3.916,3.719,1.4807,MQTT,env_sensor
2025-01-09T12:42:00,97.072,22.769,8.461,8.435,1.857,MQTT,actuator
2025-01-08T06:23:00,12.163,206.32,2.185,0.05,4.9437,LoRaWAN,smart_meter
2025-01-08T19:03:00,42.169,239.079,1.543,0.05,1.6176,LoRaWAN,smart_meter
2025-01-08T18:58:00,463.841,30.029,11.703,79.092,0.8544,HTTPS,gateway
2025-01-08T01:32:00,1952.203,103.148,5.606,92.211,0.6425,HTTPS,camera
2025-01-09T13:43:00,133.295,14.369,9.265,8.039,1.284,MQTT,actuator
2025-01-08T01:47:00,70.655,22.999,5.765,6.134,1.0008,MQTT,actuator
2025-01-09T12:47:00,67.933,1.0,1.793,0.05,1.121,MQTT,env_sensor
2025-01-08T23:37:00,65.645,42.059,3.905,0.479,0.3092,HTTPS,env_sensor
2025-01-09T02:59:00,52.601,26.816,3.59,3.496,1.3528,MQTT,env_sensor
2025-01-09T05:57:00,88.954,5.208,0.817,2.86,0.0,MQTT,env_sensor
2025-01-09T13:23:00,1184.841,56.208,9.133,145.906,0.7827,HTTPS,camera
2025-01-09T12:48:00,77.515,22.887,0.532,2.599,2.5541,MQTT,env_sensor
2025-01-08T21:35:00,1381.914,75.661,2.759,37.008,0.8107,HTTPS,camera
2025-01-08T22:12:00,1699.961,39.294,13.41,3.762,0.9184,HTTPS,gateway
2025-01-08T06:13:00,1299.925,22.989,1.847,190.55,0.785,HTTPS,camera
2025-01-08T23:09:00,1367.568,23.304,2.16,25.194,2.0624,MQTT,gateway
2025-01-08T17:18:00,17.935,227.501,0.63,0.75,2.0629,LoRaWAN,smart_meter
2025-01-08T20:26:00,814.441,52.075,3.46,0.05,2.3502,MQTT,gateway
2025-01-08T00:08:00,127.607,6.946,6.476,2.862,0.7902,MQTT,actuator
2025-01-08T17:02:00,673.354,67.434,2.738,133.231,1.5963,HTTPS,gateway
2025-01-09T04:31:00,162.15,27.747,2.771,1.936,1.786,MQTT,actuator
2025-01-08T16:41:00,110.683,10.049,4.206,14.3,0.2853,MQTT,actuator
2025-01-08T12:40:00,61.268,17.03,5.042,2.851,2.2085,MQTT,env_sensor
2025-01-08T18:16:00,178.651,11.659,3.852,6.339,2.5006,MQTT,actuator
2025-01-08T01:59:00,25.196,296.199,0.641,0.163,6.2789,LoRaWAN,smart_meter
2025-01-08T04:28:00,72.235,18.109,3.396,10.284,1.1906,MQTT,actuator
2025-01-09T10:01:00,28.068,245.862,1.555,0.05,1.5469,LoRaWAN,smart_meter
2025-01-09T06:39:00,71.607,21.691,0.292,3.197,2.2186,MQTT,env_sensor
2025-01-08T13:49:00,134.698,6.084,14.148,11.678,1.0217,MQTT,actuator
2025-01-09T04:08:00,83.287,18.292,5.771,7.402,0.9505,MQTT,actuator
2025-01-09T12:27:00,1329.025,93.698,6.28,126.362,0.0,HTTPS,camera
2025-01-09T12:35:00,90.777,29.06,2.778,6.023,0.0,MQTT,env_sensor
2025-01-07T22:50:00,105.793,21.433,7.969,5.999,1.9284,MQTT,actuator
2025-01-08T16:17:00,827.932,67.675,3.216,90.573,0.8741,HTTPS,camera
2025-01-08T01:22:00,135.775,23.242,4.424,3.579,0.3162,MQTT,actuator
2025-01-08T22:37:00,151.028,22.874,8.482,7.848,0.0,MQTT,actuator
2025-01-09T09:11:00,21.799,229.488,2.669,0.786,4.893,LoRaWAN,smart_meter
2025-01-09T04:09:00,124.81,15.827,10.223,14.882,0.0,CoAP,actuator
2025-01-08T10:46:00,47.983,8.709,0.741,0.05,1.7181,MQTT,env_sensor
2025-01-08T07:31:00,101.414,20.85,4.556,7.766,0.7848,MQTT,env_sensor
2025-01-08T19:43:00,125.347,26.947,4.14,5.637,0.0178,MQTT,actuator
2025-01-09T09:20:00,1828.871,49.09,5.058,211.101,0.848,HTTPS,camera
2025-01-09T05:21:00,163.357,19.016,6.638,5.722,0.9396,MQTT,actuator
2025-01-09T00:01:00,104.924,15.204,2.603,9.803,2.4055,MQTT,actuator
2025-01-09T12:33:00,1980.815,52.438,1.726,136.123,2.2469,HTTPS,camera
2025-01-09T06:49:00,90.847,12.829,3.154,4.409,0.5596,MQTT,actuator
2025-01-09T09:02:00,28.6,216.115,3.798,0.655,2.5989,LoRaWAN,smart_meter
2025-01-08T13:26:00,26.208,218.877,5.654,0.459,2.4437,LoRaWAN,smart_meter
2025-01-08T00:29:00,27.197,26.559,7.851,3.113,0.5964,MQTT,env_sensor
2025-01-08T10:50:00,408.627,81.557,5.532,134.963,0.9836,HTTPS,camera
2025-01-08T06:12:00,43.307,18.296,2.444,4.796,0.1016,MQTT,env_sensor
2025-01-09T10:19:00,97.026,5.539,7.244,12.051,1.9875,MQTT,actuator
2025-01-09T14:34:00,664.534,68.552,3.171,33.548,0.542,HTTPS,gateway
2025-01-08T11:38:00,93.096,15.977,5.017,0.05,3.0752,CoAP,env_sensor
2025-01-09T14:50:00,30.242,27.277,2.793,10.87,2.3822,MQTT,env_sensor
2025-01-08T01:46:00,53.465,12.04,5.997,8.606,0.8754,MQTT,env_sensor
2025-01-09T09:20:00,642.42,31.594,10.001,64.491,3.0172,CoAP,gateway
2025-01-08T18:02:00,139.092,42.922,4.468,5.649,0.8098,MQTT,actuator
2025-01-08T16:17:00,37.175,87.836,2.891,0.467,3.3183,MQTT,smart_meter
2025-01-09T14:29:00,40.706,27.861,5.178,5.587,2.0046,MQTT,env_sensor
2025-01-08T08:40:00,296.614,53.47,7.373,43.838,0.1988,HTTPS,gateway
2025-01-09T00:03:00,149.297,90.163,4.625,43.473,0.3603,MQTT,gateway
2025-01-08T12:28:00,85.633,18.184,8.358,9.238,1.8394,MQTT,actuator
2025-01-09T04:29:00,2170.47,97.759,5.92,192.861,0.9901,HTTPS,camera
2025-01-08T19:32:00,103.274,22.705,5.658,0.719,0.3843,MQTT,env_sensor
2025-01-08T18:46:00,2146.455,43.681,7.033,32.198,0.8833,HTTPS,gateway
2025-01-08T23:11:00,32.722,163.149,2.95,0.44,5.6506,LoRaWAN,smart_meter
2025-01-08T19:37:00,8.0,243.814,3.812,0.892,3.8965,LoRaWAN,smart_meter
2025-01-08T21:39:00,60.152,34.162,5.216,6.615,1.1779,MQTT,env_sensor
2025-01-08T17:44:00,3013.592,40.794,3.656,83.342,0.254,HTTPS,camera
2025-01-08T05:50:00,824.264,62.424,18.678,85.817,0.5404,HTTPS,gateway
2025-01-08T19:06:00,98.99,19.178,10.1,3.034,1.3064,MQTT,actuator
2025-01-08T12:28:00,29.543,213.756,2.802,0.746,3.1117,LoRaWAN,smart_meter
2025-01-09T09:23:00,1234.251,4.753,6.382,94.77,0.0999,HTTPS,gateway
2025-01-09T13:47:00,615.689,51.359,11.99,54.077,0.0,HTTPS,gateway
2025-01-09T09:49:00,432.638,34.665,6.729,40.718,0.0,CoAP,gateway
2025-01-08T10:42:00,34.6,207.918,1.511,0.081,5.6253,LoRaWAN,smart_meter
2025-01-07T23:39:00,684.762,1.0,3.642,107.959,0.1205,HTTPS,camera
2025-01-08T02:17:00,777.937,73.363,0.937,125.062,0.7081,HTTPS,camera
2025-01-09T12:47:00,1647.137,34.517,1.496,68.235,0.0,HTTPS,camera
2025-01-09T07:32:00,161.407,24.579,4.192,2.845,0.7918,MQTT,actuator
2025-01-08T14:44:00,107.374,20.165,4.652,6.947,0.6518,MQTT,actuator
2025-01-09T14:00:00,42.985,10.349,0.192,7.256,2.3713,MQTT,env_sensor
2025-01-08T20:46:00,8.0,8.247,9.195,53.731,0.738,MQTT,gateway
2025-01-08T22:32:00,1259.398,40.541,3.325,152.232,0.849,HTTPS,gateway
2025-01-09T06:50:00,82.561,24.616,6.928,0.05,0.6438,MQTT,env_sensor
2025-01-09T12:10:00,72.622,23.739,0.1,5.004,2.6226,MQTT,env_sensor
2025-01-09T10:12:00,1520.052,75.983,0.1,106.595,0.7107,HTTPS,camera
2025-01-08T04:30:00,31.092,120.402,0.1,0.726,1.9497,LoRaWAN,smart_meter
2025-01-08T07:45:00,128.529,19.647,7.034,14.926,1.8046,MQTT,actuator
2025-01-09T12:19:00,27.288,227.503,0.1,0.317,3.8643,LoRaWAN,smart_meter
2025-01-08T03:39:00,738.464,31.203,0.1,135.588,0.1384,HTTPS,camera
2025-01-09T08:26:00,34.813,181.878,3.612,0.326,2.2306,LoRaWAN,smart_meter
2025-01-09T14:08:00,512.869,54.169,17.65,0.05,0.7671,CoAP,gateway
2025-01-08T12:52:00,91.388,23.661,0.1,3.9,0.9768,MQTT,env_sensor
2025-01-09T08:12:00,1146.434,30.165,2.001,109.642,1.3995,HTTPS,gateway
2025-01-08T22:45:00,22.273,66.367,0.985,0.404,0.0,HTTPS,smart_meter
2025-01-08T07:18:00,338.615,7.992,4.22,88.017,0.1145,HTTPS,gateway
2025-01-08T02:49:00,159.7,19.62,5.585,7.775,1.3539,MQTT,actuator
2025-01-08T02:38:00,363.395,52.13,10.343,133.215,0.2463,HTTPS,camera
2025-01-09T15:54:00,8.0,45.381,7.413,0.05,0.9389,LoRaWAN,gateway
2025-01-09T09:04:00,64.077,3.659,4.49,3.148,1.0214,MQTT,env_sensor
2025-01-08T05:33:00,65.651,3.25,1.584,4.163,0.3116,MQTT,actuator
2025-01-09T01:31:00,24.381,145.584,0.1,0.051,2.913,MQTT,smart_meter
2025-01-08T05:49:00,31.039,319.77,1.272,0.122,2.5915,LoRaWAN,smart_meter
2025-01-08T22:50:00,53.625,22.09,3.414,2.718,0.4258,MQTT,env_sensor
2025-01-08T09:31:00,35.065,16.407,2.502,8.189,0.1347,MQTT,actuator
2025-01-08T02:25:00,138.458,18.955,4.002,11.826,1.626,MQTT,actuator
2025-01-08T02:23:00,1856.462,45.604,0.1,84.775,0.5372,HTTPS,camera
2025-01-08T18:50:00,20.953,96.928,2.739,0.304,0.2521,MQTT,smart_meter
2025-01-09T01:28:00,2259.521,49.853,0.1,148.147,0.8513,HTTPS,camera
2025-01-09T04:02:00,67.551,29.806,8.878,0.05,0.7459,MQTT,env_sensor
2025-01-08T07:37:00,1053.509,42.24,15.386,49.326,0.0,HTTPS,gateway
2025-01-09T00:30:00,87.47,22.855,5.228,11.992,0.8932,CoAP,actuator
2025-01-09T16:14:00,21.855,141.494,3.275,0.05,2.3029,LoRaWAN,smart_meter
2025-01-09T02:52:00,618.213,14.828,3.424,125.588,0.3391,HTTPS,camera
2025-01-08T03:14:00,156.125,17.258,4.25,6.876,0.475,MQTT,actuator
2025-01-07T23:36:00,27.668,120.786,2.598,0.292,4.0039,LoRaWAN,smart_meter
2025-01-08T07:20:00,95.222,26.058,0.698,0.992,0.0,MQTT,env_sensor
2025-01-08T02:08:00,28.398,127.864,4.782,0.217,1.8351,LoRaWAN,smart_meter
2025-01-09T09:51:00,23.451,277.163,3.383,0.572,3.1397,LoRaWAN,smart_meter
2025-01-08T05:23:00,178.635,12.795,7.806,8.825,0.0,MQTT,actuator
2025-01-08T22:40:00,30.457,212.836,2.138,0.588,2.7117,MQTT,smart_meter
2025-01-08T05:45:00,30.598,203.478,3.225,0.642,0.0,LoRaWAN,smart_meter
2025-01-08T08:01:00,1199.424,80.772,0.291,30.576,0.4308,HTTPS,camera
2025-01-08T21:49:00,1366.613,26.395,1.759,253.824,0.1331,HTTPS,camera
2025-01-09T07:17:00,2279.705,41.102,4.028,173.018,0.5623,HTTPS,camera
2025-01-09T01:43:00,30.921,184.43,0.977,0.484,0.4401,LoRaWAN,smart_meter
2025-01-09T13:33:00,62.887,22.941,3.544,2.358,1.3421,MQTT,env_sensor
2025-01-08T01:35:00,1901.614,54.212,6.745,96.981,0.0,HTTPS,camera
2025-01-09T01:13:00,35.442,95.485,2.446,0.56,3.8267,MQTT,smart_meter
2025-01-09T13:01:00,24.641,120.086,3.099,0.518,3.55,LoRaWAN,smart_meter
2025-01-09T09:28:00,79.97,17.74,0.93,2.256,2.0302,MQTT,env_sensor
2025-01-07T23:37:00,125.249,31.238,0.1,10.664,0.0,MQTT,actuator
2025-01-08T14:36:00,106.224,16.305,4.309,6.774,0.6106,MQTT,actuator
2025-01-09T10:11:00,140.802,14.898,7.516,11.823,0.0462,CoAP,actuator
2025-01-09T08:10:00,788.46,19.254,2.867,88.8,0.3611,HTTPS,gateway
2025-01-09T02:30:00,1713.171,26.4,0.1,116.896,0.2927,HTTPS,camera
2025-01-08T23:51:00,699.697,73.093,6.813,188.043,0.4732,HTTPS,camera
2025-01-08T14:02:00,59.399,16.001,3.485,7.844,1.3334,MQTT,actuator
2025-01-08T01:03:00,811.2,72.912,2.17,160.824,0.312,HTTPS,camera
2025-01-09T08:00:00,206.727,34.098,1.901,98.067,0.8682,HTTPS,gateway
2025-01-08T14:57:00,1253.078,54.31,3.488,12.994,1.0177,HTTPS,gateway
2025-01-09T10:39:00,930.887,57.401,1.14,154.247,0.9898,HTTPS,camera
2025-01-08T20:10:00,325.611,44.756,15.028,36.977,0.7596,CoAP,gateway
2025-01-08T11:47:00,1746.248,96.706,6.867,168.889,0.7868,HTTPS,camera
2025-01-08T20:33:00,1526.411,43.556,0.18,260.151,1.0913,HTTPS,camera
2025-01-09T00:05:00,1675.934,30.611,9.356,163.237,0.9394,HTTPS,camera
2025-01-08T06:23:00,112.101,8.714,5.346,11.585,1.2156,MQTT,actuator
2025-01-08T03:58:00,1043.922,49.291,4.983,51.11,0.5586,HTTPS,camera
2025-01-09T04:18:00,41.748,289.308,1.969,0.828,3.8583,LoRaWAN,smart_meter
2025-01-08T04:16:00,21.941,150.512,2.949,0.485,2.8451,LoRaWAN,smart_meter
2025-01-08T01:02:00,107.693,42.017,6.272,8.885,0.3489,CoAP,env_sensor
2025-01-09T12:21:00,137.761,18.557,14.171,6.054,1.3203,CoAP,actuator
2025-01-09T04:15:00,1741.587,61.095,4.738,126.79,1.126,HTTPS,camera
2025-01-09T16:16:00,92.821,12.588,6.538,7.428,0.9147,MQTT,actuator
2025-01-08T00:27:00,61.576,11.192,7.268,6.699,2.2788,MQTT,env_sensor
2025-01-09T07:21:00,69.613,32.071,5.648,6.096,0.5914,CoAP,actuator
2025-01-09T00:04:00,114.752,43.502,4.448,5.877,0.0,MQTT,env_sensor
2025-01-08T16:32:00,950.758,59.154,3.963,58.146,0.2414,HTTPS,gateway
2025-01-08T16:42:00,2540.559,67.65,0.1,87.572,0.5504,HTTPS,camera
2025-01-08T10:57:00,30.638,264.351,3.439,0.092,4.2842,LoRaWAN,smart_meter
2025-01-08T00:33:00,29.582,193.585,1.701,0.884,1.7738,LoRaWAN,smart_meter
2025-01-08T16:28:00,21.863,261.724,1.522,0.054,4.4988,LoRaWAN,smart_meter
2025-01-08T14:17:00,37.018,274.913,6.136,0.327,4.738,LoRaWAN,smart_meter
2025-01-09T12:59:00,19.513,159.174,0.84,0.369,5.0093,LoRaWAN,smart_meter
2025-01-09T11:22:00,1225.542,42.007,5.47,72.321,0.7415,HTTPS,gateway
2025-01-08T03:31:00,1301.067,75.273,2.345,206.631,0.6456,HTTPS,camera
2025-01-09T07:39:00,103.75,25.42,0.1,8.062,0.0,MQTT,actuator
2025-01-08T02:57:00,33.712,201.667,0.692,0.631,2.4197,LoRaWAN,smart_meter
2025-01-09T11:58:00,28.518,145.76,3.114,0.642,2.7708,LoRaWAN,smart_meter
2025-01-08T20:59:00,39.056,286.559,2.084,0.418,3.007,LoRaWAN,smart_meter
2025-01-09T05:24:00,1955.007,53.321,1.094,0.05,0.0543,HTTPS,camera
2025-01-09T03:45:00,1163.853,35.039,0.1,46.625,3.2933,HTTPS,gateway
2025-01-08T15:12:00,24.448,128.079,2.046,0.814,4.6622,LoRaWAN,smart_meter
2025-01-09T05:26:00,29.514,184.958,0.1,0.251,3.0024,LoRaWAN,smart_meter
2025-01-08T00:25:00,100.414,25.085,2.696,5.382,0.4782,MQTT,actuator
2025-01-08T01:24:00,176.261,38.948,18.242,44.911,0.0,MQTT,gateway
2025-01-08T13:43:00,90.601,52.038,0.889,1.476,1.1312,MQTT,env_sensor
2025-01-09T00:04:00,133.616,23.963,7.914,9.802,0.0,MQTT,actuator
2025-01-08T00:52:00,12.477,234.038,0.251,0.573,6.2291,LoRaWAN,smart_meter
2025-01-09T01:51:00,67.171,7.93,1.113,2.584,1.3264,MQTT,env_sensor
2025-01-08T06:01:00,25.641,262.596,0.1,0.385,4.5514,LoRaWAN,smart_meter
2025-01-09T02:20:00,77.175,42.296,1.221,6.559,2.429,MQTT,env_sensor
2025-01-09T14:00:00,1397.442,52.215,1.164,88.471,0.6109,HTTPS,camera
2025-01-08T13:05:00,85.57,7.124,5.928,9.93,0.2958,MQTT,actuator
2025-01-08T04:58:00,107.857,1.0,7.721,2.777,2.0334,MQTT,actuator
2025-01-08T01:40:00,2334.49,55.513,5.112,4.802,0.3444,HTTPS,camera
2025-01-09T11:54:00,59.508,21.147,5.866,4.795,1.8856,CoAP,env_sensor
2025-01-08T05:01:00,162.051,16.402,3.434,19.47,2.2736,MQTT,actuator
2025-01-08T04:00:00,97.955,8.734,10.263,11.098,0.6888,MQTT,actuator
2025-01-08T08:56:00,1546.458,70.588,10.821,127.698,1.3267,HTTPS,gateway
2025-01-09T08:33:00,1485.956,30.817,6.998,38.656,0.1529,HTTPS,gateway
2025-01-08T00:05:00,2324.212,62.903,0.891,88.953,1.0382,HTTPS,camera
2025-01-08T03:54:00,97.649,18.271,4.389,12.595,0.0,MQTT,actuator
2025-01-09T12:50:00,1737.013,85.754,6.855,149.031,0.2558,HTTPS,camera
2025-01-08T02:25:00,97.685,24.86,4.125,6.02,1.1412,MQTT,env_sensor
2025-01-09T12:34:00,978.136,22.097,11.395,38.678,2.0493,CoAP,gateway
2025-01-08T14:20:00,876.152,15.49,10.227,43.041,1.6275,CoAP,gateway
2025-01-09T14:03:00,88.632,38.03,0.915,0.05,1.5943,MQTT,env_sensor
2025-01-09T00:45:00,508.913,77.254,14.802,58.104,1.3646,CoAP,gateway
2025-01-08T20:14:00,19.444,171.93,4.147,0.787,6.3278,LoRaWAN,smart_meter
2025-01-08T12:27:00,770.948,64.099,6.225,71.506,0.5917,HTTPS,camera
2025-01-08T08:35:00,1278.467,19.169,9.891,122.153,0.4263,HTTPS,gateway
2025-01-09T02:19:00,31.858,256.62,1.642,0.171,10.2035,LoRaWAN,smart_meter
2025-01-09T15:16:00,591.266,24.137,6.904,38.349,0.542,CoAP,camera
2025-01-09T07:30:00,2127.542,58.536,0.1,115.899,1.4126,HTTPS,camera
2025-01-08T11:28:00,243.3,35.605,18.39,37.431,0.7636,CoAP,gateway
2025-01-09T08:55:00,83.501,24.013,10.909,9.509,1.8095,MQTT,actuator
2025-01-08T14:10:00,78.097,27.572,3.316,5.229,0.0,MQTT,env_sensor
2025-01-08T16:06:00,92.338,32.62,2.715,2.887,0.0,MQTT,env_sensor
2025-01-08T12:21:00,2106.858,64.896,1.197,146.291,0.0,HTTPS,camera
2025-01-07T23:07:00,20.483,234.454,2.684,0.27,3.246,LoRaWAN,smart_meter
2025-01-08T20:28:00,109.433,27.808,6.296,3.695,1.1094,MQTT,actuator
2025-01-08T06:51:00,31.836,194.356,1.69,0.05,1.0101,LoRaWAN,smart_meter
2025-01-08T06:07:00,2319.385,112.136,9.679,23.537,0.0,HTTPS,camera
2025-01-09T06:46:00,2507.225,27.026,4.536,152.911,0.9541,HTTPS,camera
2025-01-09T05:31:00,1124.175,33.005,10.791,110.931,1.2071,HTTPS,gateway
2025-01-08T12:35:00,2206.82,66.113,2.77,66.717,1.1167,HTTPS,camera
2025-01-09T00:23:00,95.097,46.767,0.445,2.633,0.0,MQTT,env_sensor
2025-01-08T12:30:00,1124.856,85.934,7.448,70.956,2.0164,HTTPS,gateway
2025-01-09T10:05:00,29.14,257.586,2.996,0.863,3.6752,LoRaWAN,smart_meter
2025-01-08T17:51:00,1625.997,35.096,6.032,98.87,0.021,HTTPS,camera
2025-01-08T02:01:00,1269.762,20.256,17.737,63.685,0.5895,HTTPS,gateway
2025-01-09T15:46:00,21.617,148.572,2.849,0.459,2.4179,LoRaWAN,smart_meter
2025-01-08T12:38:00,1563.103,63.229,0.1,109.468,0.1272,HTTPS,gateway
2025-01-08T12:43:00,120.226,24.767,7.466,4.912,2.0171,MQTT,actuator
2025-01-08T16:10:00,105.49,19.581,2.994,8.616,0.9741,MQTT,actuator
2025-01-09T07:17:00,137.463,17.474,2.595,0.05,1.3745,MQTT,env_sensor
2025-01-09T16:16:00,1346.307,52.778,5.4,181.61,0.5164,HTTPS,camera
2025-01-08T13:34:00,1990.5,10.93,0.1,171.286,1.0123,HTTPS,camera
2025-01-07T23:10:00,147.109,13.661,1.626,9.414,0.7115,MQTT,actuator
2025-01-08T00:41:00,2233.889,37.246,8.807,226.05,0.6196,HTTPS,camera
2025-01-08T04:19:00,24.822,197.343,1.991,0.82,0.8659,LoRaWAN,smart_meter
2025-01-09T03:01:00,35.088,30.945,0.1,3.115,2.2958,MQTT,env_sensor
2025-01-08T09:05:00,1683.808,79.98,2.213,128.442,0.0,HTTPS,camera
2025-01-08T17:51:00,100.711,27.478,3.637,8.795,0.4713,MQTT,env_sensor
2025-01-09T02:16:00,1632.062,73.099,2.749,65.368,0.6734,HTTPS,camera
2025-01-08T00:44:00,24.655,155.063,3.106,0.397,2.7582,LoRaWAN,smart_meter
2025-01-09T02:04:00,91.762,10.535,9.011,5.365,0.1934,CoAP,actuator
2025-01-08T07:25:00,61.313,35.595,3.051,1.893,0.0,MQTT,env_sensor
2025-01-09T14:26:00,23.507,190.371,1.263,0.948,2.2134,LoRaWAN,smart_meter
2025-01-09T07:25:00,27.314,123.515,2.093,0.05,2.0678,LoRaWAN,smart_meter
2025-01-08T06:20:00,62.824,14.213,1.208,0.193,0.3557,MQTT,env_sensor
2025-01-09T12:17:00,81.977,16.68,6.356,10.056,0.0,MQTT,actuator
2025-01-09T06:21:00,1410.442,91.225,4.999,48.869,0.0,HTTPS,camera
2025-01-08T20:59:00,1839.727,41.681,6.222,35.522,1.5517,CoAP,camera
2025-01-08T14:49:00,29.084,99.049,0.144,0.34,1.1371,MQTT,smart_meter
2025-01-09T04:48:00,81.403,53.303,5.587,1.575,1.6308,MQTT,env_sensor
2025-01-09T15:29:00,2263.016,69.55,5.442,71.123,1.4073,HTTPS,camera
2025-01-08T09:51:00,710.999,56.401,6.856,103.143,0.0,HTTPS,gateway
2025-01-09T01:08:00,32.297,225.646,1.706,0.103,0.0,LoRaWAN,smart_meter
2025-01-08T14:15:00,30.032,204.643,2.977,0.05,0.0,LoRaWAN,smart_meter
2025-01-09T10:22:00,429.826,67.16,0.1,7.505,1.1359,MQTT,camera
2025-01-09T00:43:00,109.14,25.426,2.285,7.481,0.4942,MQTT,actuator
2025-01-08T07:23:00,29.364,238.045,0.835,0.175,1.5924,LoRaWAN,smart_meter
2025-01-08T21:13:00,31.568,204.98,0.158,0.509,1.4734,LoRaWAN,smart_meter
2025-01-08T21:53:00,112.675,20.312,5.904,4.521,0.9402,MQTT,actuator
2025-01-08T09:18:00,46.965,27.642,4.375,7.634,1.1439,MQTT,env_sensor
2025-01-08T18:28:00,21.291,129.359,1.587,0.686,5.9424,LoRaWAN,smart_meter
2025-01-08T07:21:00,838.992,67.147,0.1,70.377,0.7612,HTTPS,camera
2025-01-08T02:12:00,1481.449,80.004,0.1,95.016,0.2949,HTTPS,camera
2025-01-09T03:45:00,96.044,6.988,6.58,12.846,1.2099,MQTT,actuator
2025-01-08T18:46:00,2747.365,55.907,5.576,150.416,0.9028,HTTPS,camera
2025-01-09T02:46:00,1095.494,42.54,2.742,69.49,0.5395,HTTPS,gateway
2025-01-08T13:17:00,34.398,286.963,4.022,0.05,1.7988,LoRaWAN,smart_meter
2025-01-08T11:54:00,35.618,43.245,2.186,0.05,1.2345,MQTT,env_sensor
2025-01-08T02:14:00,672.051,42.494,7.134,113.766,0.0,HTTPS,gateway
2025-01-08T09:24:00,728.101,64.807,1.1,220.574,0.4302,HTTPS,camera
2025-01-08T08:00:00,430.18,43.201,9.168,8.302,0.7858,CoAP,gateway
2025-01-08T11:18:00,379.331,32.332,1.037,217.987,1.2636,HTTPS,camera
2025-01-09T10:53:00,1985.197,69.054,7.758,65.429,0.0714,HTTPS,camera
2025-01-08T14:17:00,933.982,55.469,3.996,101.934,0.5702,HTTPS,camera
2025-01-09T13:32:00,60.188,15.809,7.099,9.753,4.1606,MQTT,env_sensor
2025-01-08T14:22:00,135.979,5.204,4.715,11.945,1.6462,MQTT,actuator
2025-01-08T14:09:00,90.447,18.086,0.895,1.373,1.5709,MQTT,env_sensor
2025-01-09T05:59:00,92.811,18.061,5.699,5.643,1.9599,MQTT,actuator
2025-01-08T04:25:00,1559.257,89.686,2.94,148.007,0.3358,HTTPS,camera
2025-01-08T20:19:00,127.784,16.89,7.312,7.723,1.6671,MQTT,actuator
2025-01-08T00:56:00,936.421,49.705,13.588,34.311,1.2459,CoAP,gateway
2025-01-09T12:16:00,128.571,16.034,4.498,3.59,2.3817,MQTT,env_sensor
2025-01-09T06:10:00,460.291,61.102,9.904,94.764,1.9102,CoAP,gateway
2025-01-09T06:17:00,106.672,18.105,2.564,11.201,0.4753,HTTPS,actuator
2025-01-08T11:34:00,663.574,34.781,2.715,25.17,1.2974,MQTT,gateway
2025-01-09T06:04:00,54.314,3.994,3.203,8.319,2.0006,MQTT,env_sensor
2025-01-08T16:02:00,81.167,32.797,0.1,4.939,2.693,MQTT,env_sensor
2025-01-08T13:12:00,111.589,22.033,3.132,14.615,1.4512,MQTT,actuator
2025-01-08T10:53:00,1786.398,62.067,11.919,65.602,0.1433,HTTPS,gateway
2025-01-08T11:42:00,31.157,170.304,1.886,0.668,1.3683,LoRaWAN,smart_meter
2025-01-09T10:43:00,32.481,154.996,3.906,0.396,3.0753,LoRaWAN,smart_meter
2025-01-08T10:39:00,89.252,26.121,4.548,2.457,0.4466,MQTT,actuator
2025-01-08T13:58:00,418.886,45.451,0.1,54.045,0.7451,HTTPS,camera
2025-01-08T11:20:00,28.809,282.907,3.851,0.34,5.6041,LoRaWAN,smart_meter
2025-01-08T07:14:00,27.828,208.449,4.699,0.236,1.5952,LoRaWAN,smart_meter
2025-01-09T01:25:00,36.883,195.812,1.155,0.05,0.8758,LoRaWAN,smart_meter
2025-01-09T04:19:00,37.913,43.951,4.216,1.067,1.435,MQTT,env_sensor
2025-01-09T08:13:00,118.961,11.11,8.393,10.464,0.3783,MQTT,actuator
2025-01-08T05:11:00,28.967,19.714,1.269,5.006,2.5778,MQTT,env_sensor
2025-01-08T22:30:00,76.398,36.548,0.141,4.605,0.1345,MQTT,env_sensor
2025-01-09T10:32:00,13.592,211.697,2.346,0.189,2.9691,LoRaWAN,smart_meter
2025-01-09T01:20:00,1341.577,71.816,3.725,94.812,0.7337,HTTPS,camera
2025-01-08T01:53:00,13.706,151.865,0.152,0.518,0.0,LoRaWAN,smart_meter
2025-01-08T11:02:00,15.131,252.056,2.175,0.289,5.3855,LoRaWAN,smart_meter
2025-01-08T04:36:00,1009.799,55.676,8.745,0.05,1.0184,CoAP,gateway
2025-01-08T20:24:00,2556.418,53.862,5.385,145.108,0.3511,HTTPS,camera
2025-01-09T05:50:00,27.763,284.494,0.1,0.239,1.584,LoRaWAN,smart_meter
2025-01-09T11:31:00,27.469,97.178,1.522,0.179,2.6395,MQTT,smart_meter
2025-01-08T03:47:00,1672.685,40.985,7.863,166.707,0.6369,HTTPS,camera
2025-01-08T17:38:00,65.418,44.476,8.433,0.05,0.1284,MQTT,env_sensor
2025-01-08T16:53:00,1185.294,42.707,2.946,180.405,2.3221,HTTPS,camera
2025-01-07T23:18:00,77.936,14.304,7.175,9.386,0.1974,MQTT,actuator
2025-01-09T00:21:00,822.68,65.864,5.469,139.359,0.9882,HTTPS,camera
2025-01-08T18:36:00,131.625,13.01,12.239,7.807,0.0268,CoAP,actuator
2025-01-08T10:20:00,81.879,22.735,0.1,5.161,2.0609,MQTT,env_sensor
2025-01-09T15:00:00,1700.117,72.314,5.176,210.887,0.934,HTTPS,camera
2025-01-08T16:26:00,2028.174,54.108,10.183,169.076,0.7972,HTTPS,camera
2025-01-08T16:15:00,1206.94,31.253,0.1,75.776,1.429,HTTPS,gateway
2025-01-08T15:39:00,127.315,10.839,10.2,5.242,1.2389,MQTT,actuator
2025-01-09T02:59:00,2479.022,47.192,2.749,35.461,0.9327,HTTPS,camera
2025-01-09T11:49:00,746.295,12.995,6.343,82.36,2.6271,CoAP,gateway
2025-01-08T17:34:00,1268.655,56.899,0.1,39.568,1.4176,HTTPS,gateway
2025-01-08T05:29:00,40.954,280.537,3.059,0.31,4.2113,LoRaWAN,smart_meter
2025-01-08T08:18:00,44.482,156.507,1.855,0.821,2.0211,LoRaWAN,smart_meter
2025-01-08T10:12:00,30.973,227.174,0.987,0.369,4.3588,LoRaWAN,smart_meter
2025-01-09T13:03:00,1905.745,28.711,6.396,62.149,1.2147,HTTPS,camera
2025-01-08T19:54:00,92.327,20.133,2.973,4.451,0.9126,MQTT,actuator
2025-01-08T06:36:00,475.346,28.081,0.45,85.775,0.0,HTTPS,gateway
2025-01-09T15:07:00,103.331,30.178,2.694,3.147,3.6786,MQTT,env_sensor
2025-01-08T21:07:00,1359.434,49.457,6.056,89.321,0.3806,HTTPS,camera
2025-01-08T14:05:00,106.548,17.336,1.081,7.389,1.439,MQTT,actuator
2025-01-08T07:05:00,318.853,56.256,8.476,10.688,0.0,CoAP,gateway
2025-01-08T13:45:00,993.631,23.19,3.17,100.353,1.5877,HTTPS,gateway
2025-01-08T17:57:00,34.775,104.458,3.292,0.151,1.9142,LoRaWAN,smart_meter
2025-01-09T16:01:00,140.22,23.11,1.353,9.264,0.8878,MQTT,actuator
2025-01-08T04:43:00,230.19,15.574,7.523,55.653,0.6393,MQTT,gateway
2025-01-08T09:13:00,31.223,21.878,4.791,0.867,1.4512,MQTT,env_sensor
2025-01-08T08:30:00,38.204,194.677,1.43,0.466,5.8935,LoRaWAN,smart_meter
2025-01-09T00:55:00,15.203,190.908,3.415,0.252,6.6911,LoRaWAN,smart_meter
2025-01-09T09:14:00,64.759,14.24,4.456,1.854,1.2915,MQTT,env_sensor
2025-01-08T09:09:00,40.484,27.851,3.56,5.894,2.3526,MQTT,env_sensor
2025-01-09T01:42:00,488.116,55.544,9.372,109.628,1.2643,CoAP,gateway
2025-01-08T19:30:00,94.051,24.431,5.918,4.018,0.0,MQTT,actuator
2025-01-09T03:52:00,124.416,21.498,6.369,11.117,0.9105,MQTT,actuator
2025-01-09T14:36:00,25.291,148.761,0.936,0.158,3.0119,LoRaWAN,smart_meter
2025-01-08T18:03:00,1666.227,84.947,14.294,73.351,1.0157,HTTPS,gateway
2025-01-08T09:04:00,26.588,9.205,2.417,6.609,0.845,MQTT,env_sensor
2025-01-07T23:20:00,106.463,14.745,2.52,7.836,1.0823,MQTT,actuator
2025-01-07T23:43:00,427.704,59.952,6.536,161.849,0.8925,HTTPS,gateway
2025-01-08T11:03:00,43.074,155.985,2.201,0.497,2.1617,LoRaWAN,smart_meter
2025-01-09T07:08:00,44.579,132.43,2.505,0.32,2.0364,LoRaWAN,smart_meter
2025-01-08T01:42:00,28.78,237.736,0.1,0.43,1.6164,LoRaWAN,smart_meter
2025-01-08T16:07:00,86.525,39.044,4.466,6.448,0.419,MQTT,env_sensor
2025-01-09T05:18:00,69.867,37.005,0.1,0.05,1.7575,MQTT,env_sensor
2025-01-08T02:16:00,78.309,11.063,3.191,1.307,1.3965,MQTT,env_sensor
2025-01-08T06:50:00,137.051,16.711,6.739,14.072,0.0,MQTT,actuator
2025-01-08T16:13:00,39.891,145.494,7.152,0.05,1.1645,LoRaWAN,smart_meter
2025-01-09T13:57:00,1039.692,71.425,0.291,55.798,0.382,HTTPS,gateway
2025-01-08T09:33:00,24.461,158.47,0.1,0.05,3.7203,LoRaWAN,smart_meter
2025-01-08T01:08:00,27.711,238.87,5.093,0.2,4.9712,LoRaWAN,smart_meter
2025-01-08T10:28:00,17.919,200.287,1.075,0.317,4.4194,LoRaWAN,smart_meter
2025-01-08T04:49:00,32.683,203.445,2.834,0.235,2.332,LoRaWAN,smart_meter
2025-01-07T23:03:00,24.721,192.509,0.1,0.05,3.6971,LoRaWAN,smart_meter
2025-01-08T20:05:00,19.594,242.72,3.783,0.765,5.9926,LoRaWAN,smart_meter
2025-01-09T07:17:00,27.305,82.174,2.69,0.377,0.0,LoRaWAN,smart_meter
2025-01-08T07:25:00,934.091,64.917,1.686,124.088,0.7881,HTTPS,camera
2025-01-09T12:20:00,39.413,49.174,1.548,0.828,4.2735,MQTT,smart_meter
2025-01-08T09:08:00,107.549,15.368,4.094,2.681,0.968,MQTT,actuator
2025-01-08T18:39:00,23.398,176.914,1.086,0.05,3.7013,LoRaWAN,smart_meter
2025-01-09T08:08:00,107.371,28.004,7.342,3.88,2.5774,MQTT,env_sensor
2025-01-08T18:01:00,370.355,89.77,5.858,114.497,0.2741,HTTPS,camera
2025-01-09T12:43:00,21.629,226.556,3.949,0.333,0.0,LoRaWAN,smart_meter
2025-01-08T18:32:00,25.121,163.854,4.381,0.05,2.7804,LoRaWAN,smart_meter
2025-01-08T11:58:00,2041.824,58.753,6.529,131.874,0.6184,HTTPS,camera
2025-01-09T10:56:00,1765.036,35.148,5.52,103.458,1.3716,HTTPS,camera
2025-01-08T20:57:00,1199.104,31.653,11.283,14.774,1.5136,HTTPS,gateway
2025-01-08T16:02:00,1859.095,43.606,4.667,197.677,0.6105,HTTPS,camera
2025-01-08T05:52:00,1962.501,42.411,3.116,263.484,0.9559,HTTPS,camera
2025-01-08T08:45:00,146.586,35.476,5.711,4.061,1.238,MQTT,actuator
2025-01-09T07:12:00,2994.296,62.917,4.522,158.032,0.7909,HTTPS,camera
2025-01-08T11:00:00,440.329,52.331,0.1,154.256,1.1219,HTTPS,camera
2025-01-08T03:02:00,2100.897,83.721,0.406,86.026,0.6898,HTTPS,camera
2025-01-09T13:08:00,60.642,31.975,3.332,4.448,0.4097,MQTT,env_sensor
2025-01-09T10:15:00,1843.409,49.883,1.723,221.775,0.6863,HTTPS,camera
2025-01-08T01:53:00,82.16,35.901,3.966,7.923,2.6493,MQTT,env_sensor
2025-01-09T03:51:00,81.691,41.887,5.283,2.948,0.0,CoAP,env_sensor
2025-01-08T12:11:00,1412.077,52.742,14.351,122.255,1.4366,CoAP,gateway
2025-01-08T03:38:00,98.794,21.432,3.69,1.97,1.8768,MQTT,env_sensor
2025-01-08T22:11:00,904.28,46.212,2.989,76.119,2.3125,HTTPS,gateway
2025-01-07T22:51:00,115.817,13.09,0.1,2.326,2.3253,MQTT,env_sensor
2025-01-08T09:17:00,1054.333,47.652,9.83,3.076,1.0013,CoAP,gateway
2025-01-09T06:28:00,20.18,109.288,3.431,0.299,2.4941,LoRaWAN,smart_meter
2025-01-08T04:10:00,2334.139,65.829,5.274,39.427,0.5218,HTTPS,camera
2025-01-08T08:08:00,540.398,81.849,3.252,36.326,0.4182,HTTPS,camera
2025-01-09T03:06:00,33.227,142.533,0.322,0.639,5.003,LoRaWAN,smart_meter
2025-01-08T23:04:00,20.865,247.401,1.609,0.155,2.8772,MQTT,smart_meter
2025-01-08T20:20:00,53.003,19.811,3.066,0.05,0.0,MQTT,env_sensor
2025-01-08T07:33:00,55.958,35.065,3.342,4.516,0.4098,MQTT,env_sensor
2025-01-08T03:11:00,33.422,27.009,0.48,3.664,1.9589,MQTT,env_sensor
2025-01-08T22:18:00,115.362,8.285,4.123,11.163,0.874,MQTT,actuator
2025-01-09T12:07:00,1164.075,11.506,7.751,30.643,1.768,MQTT,gateway
2025-01-09T00:36:00,1810.456,44.29,4.593,202.99,1.0473,HTTPS,camera
2025-01-09T09:16:00,639.162,53.119,0.1,0.05,0.2244,HTTPS,gateway
2025-01-08T03:57:00,992.948,21.154,15.805,53.868,0.9706,CoAP,gateway
2025-01-07T23:10:00,23.954,154.505,0.266,0.05,0.5767,LoRaWAN,smart_meter
2025-01-09T13:06:00,37.175,159.313,4.02,0.555,6.5885,LoRaWAN,smart_meter
2025-01-09T13:02:00,141.308,24.665,6.505,11.693,0.3024,MQTT,actuator
2025-01-08T19:06:00,27.477,145.62,3.663,0.306,5.0449,LoRaWAN,smart_meter
2025-01-09T13:29:00,27.581,96.619,0.927,0.637,2.6768,LoRaWAN,smart_meter
2025-01-08T13:53:00,48.228,7.227,4.64,1.847,1.6897,MQTT,env_sensor
2025-01-08T21:15:00,8.0,47.937,14.013,77.638,1.5935,CoAP,gateway
2025-01-08T01:33:00,30.043,140.259,2.19,0.158,1.0336,LoRaWAN,smart_meter
2025-01-09T07:30:00,655.705,24.154,12.455,79.248,0.0,HTTPS,gateway
2025-01-08T11:01:00,45.529,31.629,0.77,0.259,1.5638,MQTT,env_sensor
2025-01-09T15:35:00,83.142,33.956,2.714,8.836,2.1267,MQTT,env_sensor
2025-01-08T16:28:00,86.656,9.715,6.462,4.986,0.0,CoAP,actuator
2025-01-08T19:22:00,88.864,16.794,4.414,7.97,1.8837,MQTT,env_sensor
2025-01-08T14:00:00,112.914,22.818,12.157,16.509,1.897,MQTT,actuator
2025-01-08T06:16:00,1630.838,40.486,5.359,46.026,1.3135,CoAP,gateway
2025-01-08T08:06:00,1254.383,60.81,0.929,197.554,0.8293,HTTPS,camera
2025-01-09T13:58:00,911.756,55.449,0.418,94.621,0.9571,HTTPS,gateway
2025-01-08T12:07:00,26.421,111.65,1.9,0.069,4.8542,LoRaWAN,smart_meter
2025-01-08T23:09:00,33.519,196.533,0.1,0.533,2.2342,LoRaWAN,smart_meter
2025-01-08T22:02:00,78.31,25.28,3.298,5.659,0.5414,MQTT,env_sensor
2025-01-09T11:47:00,70.169,10.84,5.03,8.707,0.0,CoAP,actuator
2025-01-08T06:53:00,33.255,88.877,2.816,0.1,2.937,MQTT,smart_meter
2025-01-09T03:47:00,128.6,10.462,0.1,0.073,1.8314,MQTT,actuator
2025-01-08T15:21:00,35.0,110.092,1.405,0.05,1.1995,LoRaWAN,smart_meter
2025-01-09T13:17:00,26.259,145.553,3.491,0.604,2.1889,LoRaWAN,smart_meter
2025-01-08T13:35:00,870.504,62.3,7.905,51.785,1.4025,CoAP,gateway
2025-01-08T18:42:00,953.502,11.998,7.533,73.882,1.3993,CoAP,gateway
2025-01-08T14:52:00,36.335,227.702,2.884,0.948,5.7142,LoRaWAN,smart_meter
2025-01-08T05:24:00,101.725,14.31,5.485,10.083,1.0385,CoAP,actuator
2025-01-09T14:20:00,16.969,242.327,0.1,0.73,5.1167,LoRaWAN,smart_meter
2025-01-08T03:44:00,2139.118,52.866,5.07,186.625,0.1248,HTTPS,camera
2025-01-09T01:05:00,117.26,27.008,12.204,11.011,0.6941,MQTT,actuator
2025-01-08T11:51:00,158.732,2.43,5.071,12.556,0.0,CoAP,actuator
2025-01-09T11:27:00,116.354,8.611,1.683,4.627,1.6736,MQTT,env_sensor
2025-01-09T05:41:00,96.295,16.105,3.466,8.753,2.124,MQTT,actuator
2025-01-09T13:11:00,8.0,50.443,10.769,29.851,0.0,CoAP,gateway
2025-01-08T05:33:00,2226.59,59.298,3.523,111.147,1.1036,HTTPS,camera
2025-01-08T16:36:00,383.336,65.074,5.123,104.796,0.0,HTTPS,camera
2025-01-09T01:30:00,85.672,24.26,3.787,8.875,0.1935,MQTT,env_sensor
2025-01-09T03:38:00,126.504,16.155,6.553,4.422,0.9679,MQTT,actuator
2025-01-09T02:23:00,20.944,233.326,0.295,0.33,3.0608,LoRaWAN,smart_meter
2025-01-09T13:34:00,149.887,27.51,10.265,2.603,2.1752,MQTT,actuator
2025-01-08T12:45:00,70.231,40.491,4.055,1.961,2.1015,MQTT,env_sensor
2025-01-09T14:33:00,538.516,46.753,3.884,183.733,1.0532,MQTT,camera
2025-01-08T01:58:00,14.174,188.253,1.888,0.804,4.8604,LoRaWAN,smart_meter
2025-01-08T16:18:00,25.887,238.615,1.588,0.302,2.8238,MQTT,smart_meter
2025-01-08T09:20:00,33.458,239.5,3.423,0.05,0.0,LoRaWAN,smart_meter
2025-01-09T13:09:00,140.932,7.837,4.814,4.788,0.578,MQTT,actuator
2025-01-09T08:38:00,1478.407,75.943,9.43,203.497,0.3418,HTTPS,camera
2025-01-08T03:59:00,30.172,84.948,0.1,0.285,2.29,MQTT,smart_meter
2025-01-09T05:58:00,2808.935,46.474,1.513,93.469,0.2354,HTTPS,camera
2025-01-09T15:11:00,111.354,29.541,6.612,8.702,2.0599,MQTT,actuator
2025-01-08T01:22:00,61.078,18.579,0.1,3.962,1.6622,MQTT,env_sensor
2025-01-09T02:20:00,237.3,32.455,14.166,61.946,0.0,HTTPS,gateway
2025-01-09T04:48:00,1959.363,40.4,3.795,150.359,0.0,HTTPS,camera
2025-01-09T14:48:00,1240.794,63.698,0.1,112.188,0.6034,HTTPS,camera
2025-01-08T18:25:00,1136.375,25.612,2.462,77.312,0.7872,HTTPS,gateway
2025-01-09T06:40:00,39.495,261.823,0.536,0.478,1.756,LoRaWAN,smart_meter
2025-01-09T07:12:00,36.222,221.159,2.323,0.203,0.2335,LoRaWAN,smart_meter
2025-01-08T04:51:00,16.894,165.386,1.782,0.05,0.5785,LoRaWAN,smart_meter
2025-01-08T08:25:00,21.018,195.83,4.024,0.768,2.2999,LoRaWAN,smart_meter
2025-01-08T04:10:00,82.142,24.635,5.441,6.579,2.3103,MQTT,env_sensor
2025-01-08T02:29:00,2032.255,21.629,2.476,126.378,1.0506,HTTPS,camera
2025-01-09T10:10:00,448.048,51.611,8.581,41.679,0.0,CoAP,gateway
2025-01-09T12:53:00,1209.737,38.179,1.497,31.283,0.276,HTTPS,gateway
2025-01-07T23:56:00,29.164,176.24,3.068,0.323,2.9728,LoRaWAN,smart_meter
2025-01-08T20:54:00,120.376,28.03,8.994,5.25,0.3785,MQTT,actuator
2025-01-09T05:42:00,105.097,5.576,0.1,7.083,0.9569,MQTT,actuator
2025-01-08T00:13:00,67.138,28.105,9.128,4.626,1.0018,CoAP,actuator
2025-01-09T14:08:00,27.251,201.577,1.437,0.516,3.6305,LoRaWAN,smart_meter
2025-01-08T20:37:00,1276.143,79.335,7.008,53.368,0.3207,HTTPS,camera
2025-01-08T01:04:00,2055.928,89.797,8.112,224.73,0.3688,HTTPS,camera
2025-01-08T17:45:00,90.394,19.173,5.472,9.651,1.3976,MQTT,actuator
2025-01-09T09:39:00,1789.286,21.857,6.685,71.088,1.4966,MQTT,camera
2025-01-08T00:17:00,121.0,80.695,8.108,76.098,2.031,MQTT,gateway
2025-01-09T11:55:00,106.204,17.59,2.709,0.348,2.5405,MQTT,env_sensor
2025-01-08T04:55:00,32.31,277.24,3.112,0.516,7.1648,LoRaWAN,smart_meter
2025-01-08T00:00:00,24.016,218.73,0.1,0.624,4.1728,LoRaWAN,smart_meter
2025-01-08T01:10:00,495.078,67.747,0.1,133.595,0.2703,HTTPS,camera
2025-01-08T07:31:00,809.563,86.256,2.821,110.143,0.5582,HTTPS,camera
2025-01-09T10:50:00,23.479,253.472,2.662,0.643,1.9704,LoRaWAN,smart_meter
2025-01-09T13:09:00,1635.309,53.95,14.168,31.887,0.2572,HTTPS,gateway
2025-01-08T03:26:00,80.64,52.438,1.525,4.917,3.4949,MQTT,env_sensor
2025-01-09T14:29:00,105.177,9.961,6.022,5.357,0.3651,MQTT,actuator
2025-01-08T05:18:00,62.485,31.674,4.136,0.66,1.9738,MQTT,env_sensor
2025-01-07T23:54:00,1222.748,61.134,3.073,114.812,0.0,HTTPS,camera
2025-01-09T04:26:00,119.725,25.504,1.409,4.34,1.0436,MQTT,actuator
2025-01-08T06:40:00,147.965,17.295,0.478,5.813,1.0325,MQTT,actuator
2025-01-08T01:49:00,27.303,160.638,0.1,1.143,7.9888,MQTT,smart_meter
2025-01-08T08:51:00,149.919,14.201,3.645,12.031,1.1232,MQTT,actuator
2025-01-09T12:09:00,1220.619,23.65,4.868,117.529,0.7529,HTTPS,gateway
2025-01-08T05:12:00,70.163,43.935,5.537,5.849,0.0,CoAP,env_sensor
2025-01-09T14:36:00,731.539,14.473,23.867,80.566,1.2813,CoAP,gateway
2025-01-08T14:34:00,423.24,53.58,14.662,0.05,1.2906,CoAP,gateway
2025-01-08T09:50:00,73.463,41.712,2.219,0.865,1.5614,MQTT,env_sensor
2025-01-09T08:59:00,27.765,250.79,4.702,0.142,2.5302,LoRaWAN,smart_meter
2025-01-09T07:09:00,77.537,24.65,0.1,3.129,0.0,MQTT,env_sensor
2025-01-09T10:57:00,132.46,19.023,3.19,9.887,0.7294,MQTT,actuator
2025-01-08T14:28:00,31.676,299.388,0.622,0.631,6.1331,LoRaWAN,smart_meter
2025-01-08T06:00:00,635.816,49.818,1.992,136.717,0.1531,HTTPS,gateway
2025-01-09T09:15:00,2327.337,20.652,7.794,134.374,1.4874,HTTPS,camera
2025-01-08T10:44:00,137.113,16.915,4.031,11.185,0.9978,MQTT,actuator
2025-01-09T07:28:00,2055.812,31.111,1.232,52.262,0.0,HTTPS,gateway
2025-01-08T10:14:00,2397.527,72.733,7.38,149.134,0.4232,HTTPS,camera
2025-01-09T11:48:00,469.13,54.482,7.386,26.616,3.4195,CoAP,gateway
2025-01-08T19:14:00,99.991,15.185,4.743,5.538,1.3359,MQTT,actuator
2025-01-09T02:32:00,1381.446,59.155,8.708,59.833,0.6169,HTTPS,gateway
2025-01-08T07:07:00,1798.879,65.75,5.199,226.154,0.0,HTTPS,camera
2025-01-08T08:46:00,104.037,52.72,3.294,1.445,0.8642,MQTT,env_sensor
2025-01-08T08:06:00,99.398,14.154,3.114,11.525,0.0,MQTT,actuator
2025-01-07T23:25:00,1143.893,65.108,2.397,65.121,0.0,HTTPS,camera
2025-01-09T09:50:00,31.079,127.252,0.106,0.193,4.7008,LoRaWAN,smart_meter
2025-01-08T14:12:00,1624.745,80.602,1.204,109.869,1.0751,HTTPS,camera
2025-01-08T23:57:00,28.76,190.228,1.991,0.413,0.3347,LoRaWAN,smart_meter
2025-01-09T15:10:00,126.05,22.396,3.821,15.19,0.9054,MQTT,actuator
2025-01-08T21:28:00,2268.358,25.066,4.05,144.177,1.0891,HTTPS,camera
2025-01-08T18:42:00,93.448,36.747,0.683,3.34,1.2495,MQTT,env_sensor
2025-01-08T19:48:00,768.297,34.853,0.1,25.375,1.0035,CoAP,gateway
2025-01-08T14:59:00,136.1,1.299,6.177,6.08,0.0,MQTT,actuator
2025-01-09T06:36:00,664.54,37.153,2.066,32.324,0.8413,HTTPS,gateway
2025-01-08T13:13:00,22.157,246.955,0.644,0.05,4.755,LoRaWAN,smart_meter
2025-01-09T09:14:00,2578.072,74.485,4.258,184.28,0.7358,HTTPS,camera
2025-01-08T18:45:00,20.938,153.753,2.058,0.683,1.0707,LoRaWAN,smart_meter
2025-01-09T08:15:00,153.272,15.036,3.751,9.847,0.3878,MQTT,actuator
2025-01-08T12:09:00,29.366,76.318,2.049,0.509,6.9406,LoRaWAN,smart_meter
2025-01-09T03:19:00,1149.75,106.704,0.909,211.794,0.0,HTTPS,camera
2025-01-08T00:35:00,92.237,1.0,8.32,9.659,0.7163,MQTT,actuator
2025-01-09T04:56:00,23.918,189.521,1.269,0.175,5.7878,LoRaWAN,smart_meter
2025-01-09T11:21:00,115.002,15.094,8.986,15.425,1.2907,MQTT,actuator
2025-01-08T22:38:00,1596.516,48.249,4.465,73.3,0.195,HTTPS,camera
2025-01-09T02:22:00,844.836,36.841,4.414,56.243,1.3232,HTTPS,gateway
2025-01-09T12:55:00,68.752,27.216,1.62,3.661,0.4449,MQTT,env_sensor
2025-01-08T23:05:00,53.757,31.42,0.1,3.535,2.788,MQTT,env_sensor
2025-01-08T08:19:00,132.222,14.066,2.762,1.052,0.6736,MQTT,actuator
2025-01-08T20:40:00,1695.873,72.833,4.474,162.161,0.191,HTTPS,camera
2025-01-08T08:10:00,103.243,7.726,0.309,6.345,0.0,MQTT,env_sensor
2025-01-08T07:59:00,364.018,57.946,8.768,29.952,1.9844,CoAP,gateway
2025-01-09T11:58:00,127.564,8.798,4.298,10.348,0.0,MQTT,actuator
2025-01-08T17:14:00,835.939,37.882,10.762,89.308,1.64,CoAP,gateway
2025-01-09T03:19:00,107.033,25.473,5.349,13.502,0.6763,CoAP,actuator
2025-01-09T07:44:00,701.8,31.88,0.1,190.101,1.0157,HTTPS,camera
2025-01-08T23:42:00,419.139,58.253,3.321,63.271,2.0216,HTTPS,gateway
2025-01-08T09:30:00,72.088,1.0,1.641,1.128,1.9487,MQTT,env_sensor
2025-01-08T10:33:00,150.28,25.465,7.779,0.255,0.0,CoAP,actuator
2025-01-08T04:06:00,22.817,15.862,2.141,2.653,0.9236,MQTT,env_sensor
2025-01-08T21:12:00,57.903,19.889,0.113,0.05,0.0,MQTT,env_sensor
2025-01-08T00:34:00,50.4,24.252,5.225,3.699,0.4037,MQTT,env_sensor
2025-01-09T06:50:00,927.678,60.141,12.298,7.18,0.1135,CoAP,gateway
2025-01-09T07:23:00,113.004,20.17,7.938,15.069,1.1219,MQTT,actuator
2025-01-08T17:17:00,65.732,25.685,0.19,1.652,1.7207,MQTT,env_sensor
2025-01-09T13:24:00,2437.354,84.409,2.484,0.05,0.6837,HTTPS,camera
2025-01-09T13:46:00,2097.686,19.821,0.1,109.516,0.5394,HTTPS,camera
2025-01-08T06:16:00,108.265,4.792,9.882,9.225,0.6185,CoAP,actuator
2025-01-08T12:32:00,2816.562,53.193,2.842,42.839,0.078,HTTPS,camera
2025-01-08T00:25:00,2085.581,100.13,5.225,171.927,0.3927,HTTPS,camera
2025-01-09T12:41:00,3431.045,44.578,0.1,219.937,0.1075,HTTPS,camera
2025-01-09T01:01:00,146.18,18.541,4.493,0.918,1.2699,MQTT,actuator
2025-01-09T16:16:00,44.656,162.308,1.416,0.858,3.4608,LoRaWAN,smart_meter
2025-01-09T13:29:00,81.347,20.741,5.944,4.279,0.0,MQTT,actuator
2025-01-09T00:13:00,111.508,29.171,1.822,6.663,0.4307,MQTT,actuator
2025-01-09T14:15:00,109.336,26.158,4.131,14.383,1.1641,MQTT,actuator
2025-01-09T00:17:00,64.567,26.176,1.359,3.369,0.6616,MQTT,env_sensor
2025-01-09T15:01:00,1887.733,38.881,7.292,46.188,1.1789,HTTPS,gateway
2025-01-09T14:56:00,83.507,19.561,3.372,5.296,0.0,CoAP,env_sensor
2025-01-08T16:36:00,25.049,235.359,2.216,0.357,2.9912,LoRaWAN,smart_meter
2025-01-09T00:29:00,902.326,30.901,0.962,80.37,1.9955,HTTPS,gateway
2025-01-08T16:29:00,31.767,205.465,0.464,0.48,0.7708,LoRaWAN,smart_meter
2025-01-09T11:23:00,1712.16,14.489,9.136,43.852,0.0,HTTPS,gateway
2025-01-08T17:36:00,36.541,163.508,3.104,0.079,2.8659,LoRaWAN,smart_meter
2025-01-08T15:19:00,20.572,139.57,0.389,0.414,5.3203,LoRaWAN,smart_meter
2025-01-08T02:15:00,113.696,29.534,4.208,1.304,0.0,MQTT,env_sensor
2025-01-08T13:58:00,253.479,26.52,8.063,43.817,1.6908,MQTT,gateway
2025-01-09T11:10:00,121.982,13.581,10.496,8.817,0.9068,CoAP,actuator
2025-01-09T02:36:00,170.844,12.521,7.634,5.825,0.7857,MQTT,actuator
2025-01-09T07:22:00,1024.27,62.922,11.786,0.05,2.1992,CoAP,gateway
2025-01-08T10:36:00,1562.611,58.712,3.804,100.111,0.0,HTTPS,camera
2025-01-08T04:21:00,662.703,83.2,14.561,21.788,0.0,CoAP,gateway
2025-01-08T03:01:00,36.728,201.262,1.463,0.05,2.3034,LoRaWAN,smart_meter
2025-01-08T22:10:00,43.069,25.731,2.038,2.53,0.7739,MQTT,env_sensor
2025-01-08T11:57:00,68.589,22.017,2.615,3.845,1.2764,MQTT,env_sensor
2025-01-09T02:09:00,135.501,21.097,6.089,1.929,1.639,MQTT,actuator
2025-01-09T02:55:00,27.467,120.894,1.098,0.945,0.0,LoRaWAN,smart_meter
2025-01-08T10:20:00,1153.79,77.816,0.902,202.733,0.4518,HTTPS,camera
2025-01-09T03:58:00,8.0,53.483,4.796,224.111,0.3597,HTTPS,camera
2025-01-08T00:14:00,734.587,25.005,7.537,19.5,0.8564,CoAP,gateway
2025-01-08T23:47:00,107.918,14.953,7.956,5.102,0.6803,MQTT,actuator
2025-01-09T03:13:00,25.951,279.14,0.1,0.258,0.6842,LoRaWAN,smart_meter
2025-01-08T08:01:00,89.675,8.694,7.611,5.826,0.7028,MQTT,env_sensor
2025-01-08T05:20:00,37.48,200.005,3.552,1.049,1.9509,MQTT,smart_meter
2025-01-08T20:15:00,1928.478,60.847,5.578,156.035,0.0536,HTTPS,camera
2025-01-08T11:10:00,140.762,25.521,4.891,5.099,0.0,MQTT,env_sensor
2025-01-08T01:46:00,731.251,55.468,2.528,44.036,0.7075,HTTPS,gateway
2025-01-09T11:51:00,909.298,41.9,1.787,235.24,0.0,HTTPS,camera
2025-01-08T03:17:00,126.675,20.508,7.819,9.548,1.8343,MQTT,actuator
2025-01-08T09:07:00,90.78,24.108,2.397,6.394,2.4347,MQTT,actuator
2025-01-09T01:54:00,29.578,12.305,5.48,4.57,0.0,CoAP,env_sensor
2025-01-08T21:48:00,89.207,14.755,2.767,11.496,2.3932,MQTT,actuator
2025-01-08T13:04:00,23.963,227.946,5.052,0.222,2.6475,LoRaWAN,smart_meter
2025-01-09T05:04:00,28.82,142.485,1.336,0.124,4.6495,LoRaWAN,smart_meter
2025-01-08T23:29:00,107.014,4.411,8.14,10.701,0.468,CoAP,actuator
2025-01-08T14:29:00,1179.285,27.021,11.864,52.144,1.1506,HTTPS,gateway
2025-01-08T07:30:00,125.618,13.367,14.538,2.539,1.4143,MQTT,actuator
2025-01-09T15:13:00,17.127,331.813,7.031,0.587,3.0593,LoRaWAN,smart_meter
2025-01-08T10:02:00,2459.853,45.125,3.891,135.69,1.1236,HTTPS,camera
2025-01-09T04:43:00,77.791,21.93,4.841,0.05,0.5259,MQTT,env_sensor
2025-01-08T12:28:00,43.05,18.919,4.804,5.081,2.5752,MQTT,env_sensor
2025-01-08T13:02:00,47.679,14.556,3.717,3.531,1.664,MQTT,env_sensor
2025-01-08T01:25:00,102.457,29.018,4.668,8.046,0.8905,MQTT,actuator
2025-01-08T11:30:00,23.877,42.518,8.959,48.93,0.706,MQTT,gateway
2025-01-08T13:30:00,22.853,138.885,3.599,0.635,2.4063,LoRaWAN,smart_meter
2025-01-08T11:10:00,114.775,11.416,7.795,5.661,0.0,MQTT,actuator
2025-01-08T21:50:00,1327.366,106.628,5.974,135.268,0.1323,HTTPS,camera
2025-01-07T23:38:00,1075.632,83.504,3.881,116.044,0.3803,HTTPS,camera
2025-01-08T15:05:00,1971.002,42.928,1.287,97.005,1.6494,HTTPS,camera
2025-01-09T00:35:00,53.864,32.233,0.1,4.123,0.9982,MQTT,env_sensor
2025-01-09T16:10:00,53.255,40.492,3.704,2.68,0.9364,MQTT,env_sensor
2025-01-09T12:57:00,29.572,157.021,0.845,0.252,5.6482,LoRaWAN,smart_meter
2025-01-07T23:59:00,118.342,26.783,0.1,8.379,0.0,MQTT,actuator
2025-01-09T00:21:00,59.068,7.365,0.1,4.629,1.8987,MQTT,env_sensor
2025-01-08T17:12:00,29.159,220.145,0.395,0.536,4.4044,LoRaWAN,smart_meter
2025-01-08T09:11:00,38.517,113.274,6.072,0.381,3.3003,LoRaWAN,smart_meter
2025-01-09T08:09:00,117.45,18.733,0.1,8.375,0.0,MQTT,actuator
2025-01-08T13:44:00,1273.42,37.613,5.898,73.926,1.5509,HTTPS,camera
2025-01-09T00:34:00,88.872,19.705,2.327,2.548,1.2175,MQTT,env_sensor
2025-01-09T05:18:00,30.329,128.752,1.451,0.786,0.0,LoRaWAN,smart_meter
2025-01-09T13:01:00,1025.393,40.472,0.302,149.157,1.0106,HTTPS,camera
2025-01-08T14:50:00,74.307,1.0,5.187,3.324,1.6947,MQTT,actuator
2025-01-09T09:40:00,82.345,13.974,4.061,9.978,0.391,MQTT,actuator
2025-01-08T05:03:00,41.219,26.319,7.512,4.064,1.361,MQTT,actuator
2025-01-09T09:26:00,92.519,16.87,8.165,5.526,1.7616,MQTT,actuator
2025-01-08T08:08:00,1403.643,56.342,15.45,55.097,0.2766,HTTPS,gateway
2025-01-08T13:30:00,2260.26,76.595,6.017,89.555,0.4787,HTTPS,camera
2025-01-09T05:49:00,497.957,60.167,0.1,54.456,2.6638,MQTT,gateway
2025-01-08T21:17:00,132.011,29.834,7.928,6.271,0.0,MQTT,actuator
2025-01-08T04:50:00,97.391,25.392,8.272,4.662,0.0,MQTT,actuator
2025-01-08T20:01:00,94.211,23.011,6.011,0.05,0.1759,MQTT,env_sensor
2025-01-09T04:02:00,109.8,41.796,7.112,6.577,0.6398,MQTT,actuator
2025-01-09T14:39:00,605.404,33.243,4.428,15.516,1.7802,MQTT,gateway
2025-01-08T07:38:00,167.756,18.468,7.692,4.094,0.868,MQTT,actuator
2025-01-08T01:25:00,2232.586,75.259,0.1,196.251,1.1031,HTTPS,camera
2025-01-08T10:02:00,78.351,21.02,4.633,4.62,1.8467,MQTT,env_sensor
2025-01-09T09:59:00,48.213,24.048,1.18,6.325,1.4956,MQTT,env_sensor
2025-01-08T21:33:00,121.464,15.41,11.731,3.24,0.6534,MQTT,actuator
2025-01-09T00:57:00,19.918,52.675,8.649,94.106,0.8294,HTTPS,gateway
2025-01-09T06:54:00,27.714,204.788,5.452,0.179,6.9391,LoRaWAN,smart_meter
2025-01-08T15:55:00,19.685,34.612,0.376,3.645,3.4703,MQTT,env_sensor
2025-01-08T03:35:00,1850.31,53.02,4.946,199.055,1.0465,HTTPS,camera
2025-01-08T19:42:00,1680.869,76.343,10.381,112.716,0.5766,HTTPS,camera
2025-01-08T09:46:00,799.818,68.097,6.577,126.025,1.2904,CoAP,camera
2025-01-08T09:21:00,42.63,23.137,0.1,6.316,1.0722,MQTT,env_sensor
2025-01-08T13:35:00,98.492,21.337,9.062,8.255,2.3675,MQTT,actuator
2025-01-08T00:51:00,77.829,7.97,2.538,1.886,0.4927,MQTT,env_sensor
2025-01-08T03:35:00,37.542,188.406,0.1,0.304,6.4594,LoRaWAN,smart_meter
2025-01-09T10:20:00,325.755,51.183,5.201,86.653,0.7008,HTTPS,gateway
2025-01-08T04:56:00,47.645,1.639,2.843,2.41,0.0,MQTT,env_sensor
2025-01-08T17:57:00,1314.349,31.812,7.17,21.842,0.0,HTTPS,gateway
2025-01-08T14:06:00,260.872,69.961,4.625,49.564,0.0,HTTPS,gateway
2025-01-09T05:28:00,63.543,14.772,2.067,7.078,1.5228,MQTT,env_sensor
2025-01-08T16:36:00,141.573,28.025,3.208,8.453,0.3577,MQTT,actuator
2025-01-09T14:33:00,62.552,17.572,6.51,6.681,0.4273,CoAP,actuator
2025-01-09T06:16:00,1407.648,42.14,3.243,108.498,0.0521,HTTPS,camera
2025-01-08T19:39:00,1181.398,80.585,7.365,5.275,0.1201,HTTPS,camera
2025-01-09T15:26:00,38.532,133.917,2.426,0.626,0.0,LoRaWAN,smart_meter
2025-01-08T00:15:00,2411.433,99.897,5.693,112.1,0.3376,HTTPS,camera
2025-01-09T15:19:00,30.993,234.982,4.728,0.775,1.7663,LoRaWAN,smart_meter
2025-01-08T06:42:00,1773.779,18.223,3.663,146.549,1.2313,HTTPS,camera
2025-01-09T08:35:00,117.548,28.631,10.886,8.106,1.9794,MQTT,actuator
2025-01-08T13:31:00,1081.467,43.708,3.726,22.794,1.1692,HTTPS,gateway
2025-01-08T09:36:00,24.666,206.516,1.57,0.402,3.4817,LoRaWAN,smart_meter
2025-01-09T09:25:00,39.587,267.136,4.96,0.525,4.0439,LoRaWAN,smart_meter
2025-01-07T22:49:00,63.193,30.467,0.1,2.334,1.6322,MQTT,env_sensor
2025-01-08T22:03:00,118.07,19.283,7.406,10.193,0.8353,MQTT,actuator
2025-01-08T05:44:00,1432.496,80.626,7.953,148.536,1.2406,HTTPS,camera
2025-01-08T15:19:00,686.137,49.92,13.673,82.515,0.0,HTTPS,gateway
2025-01-08T22:33:00,796.758,44.619,7.904,64.279,0.5359,HTTPS,gateway
2025-01-09T13:37:00,370.407,81.656,2.538,166.78,1.236,CoAP,camera
2025-01-08T18:39:00,138.969,24.657,3.716,9.722,0.0,MQTT,actuator
2025-01-09T03:51:00,269.402,76.817,2.091,76.839,0.089,HTTPS,gateway
2025-01-08T22:42:00,2880.724,59.427,3.231,124.01,0.4981,HTTPS,camera
2025-01-09T05:33:00,1784.919,17.077,10.147,135.83,0.5915,HTTPS,camera
2025-01-08T23:41:00,69.698,19.915,5.583,9.023,0.0,CoAP,env_sensor
2025-01-08T15:03:00,95.295,15.277,7.058,7.946,0.0818,MQTT,actuator
2025-01-09T09:14:00,9.715,188.316,3.475,0.578,1.9555,LoRaWAN,smart_meter
2025-01-08T03:17:00,27.22,262.206,0.986,0.296,2.3853,LoRaWAN,smart_meter
2025-01-09T03:54:00,51.435,36.056,0.1,5.027,0.5602,MQTT,env_sensor
2025-01-09T08:53:00,1133.604,39.116,3.042,44.348,2.3512,MQTT,gateway
2025-01-09T11:55:00,161.22,30.711,5.276,8.413,1.1565,MQTT,actuator
2025-01-09T05:18:00,1139.198,42.533,2.111,95.353,0.0,HTTPS,camera
2025-01-08T03:34:00,39.012,399.456,1.053,0.38,6.0307,LoRaWAN,smart_meter
2025-01-09T05:28:00,108.181,13.13,13.709,7.575,2.2311,CoAP,actuator
2025-01-09T02:29:00,1606.921,61.187,6.859,0.748,0.0,HTTPS,camera
2025-01-08T20:22:00,134.833,17.091,5.882,2.78,1.1113,MQTT,actuator
2025-01-09T15:33:00,1666.302,65.461,9.218,46.779,0.0,HTTPS,camera
2025-01-08T17:25:00,625.973,48.557,9.846,114.653,1.7378,CoAP,gateway
2025-01-09T03:35:00,110.21,17.391,6.488,3.301,0.7309,MQTT,actuator
2025-01-09T05:40:00,1597.254,38.251,9.737,99.178,1.0191,HTTPS,camera
2025-01-08T15:37:00,73.818,23.591,1.808,6.197,0.8209,MQTT,env_sensor
2025-01-08T07:06:00,1492.888,53.854,8.161,61.713,0.0,HTTPS,gateway
2025-01-09T07:49:00,63.42,23.881,7.368,4.308,0.995,CoAP,actuator
2025-01-08T12:24:00,44.6,49.213,0.836,6.794,2.4525,MQTT,env_sensor
2025-01-08T16:05:00,142.504,23.467,4.627,2.838,0.6771,MQTT,env_sensor
2025-01-09T06:59:00,92.011,15.486,7.631,7.53,0.0,MQTT,actuator
2025-01-08T21:29:00,22.36,182.684,4.931,0.633,1.2401,LoRaWAN,smart_meter
2025-01-09T01:16:00,1462.673,29.359,3.707,102.338,0.9254,HTTPS,camera
2025-01-09T09:49:00,48.927,22.687,0.1,7.923,0.7085,MQTT,env_sensor
2025-01-09T02:23:00,88.842,50.18,2.16,4.058,0.4227,MQTT,env_sensor
2025-01-08T19:00:00,1897.189,41.547,15.318,83.253,2.7997,HTTPS,gateway
2025-01-08T20:34:00,16.333,162.602,1.908,0.452,1.3693,LoRaWAN,smart_meter
2025-01-09T01:05:00,51.841,35.607,4.198,9.988,3.6297,MQTT,env_sensor
2025-01-09T03:26:00,27.959,255.921,2.432,0.05,6.5149,LoRaWAN,smart_meter
2025-01-09T13:57:00,22.345,210.86,2.429,0.441,2.4455,LoRaWAN,smart_meter
2025-01-08T13:35:00,45.42,23.17,0.668,0.05,1.7926,MQTT,env_sensor
2025-01-08T02:41:00,1780.08,103.582,5.455,185.786,0.0872,HTTPS,camera
2025-01-09T14:46:00,125.302,34.081,6.617,7.357,1.0452,MQTT,actuator
2025-01-08T13:26:00,80.74,24.217,8.227,7.607,0.834,CoAP,actuator
2025-01-09T08:11:00,922.914,81.642,4.663,70.025,0.5627,HTTPS,camera
2025-01-08T16:11:00,114.885,18.425,5.055,8.415,2.1957,MQTT,actuator
2025-01-08T22:50:00,1980.122,59.229,17.095,41.023,1.0765,CoAP,gateway
2025-01-08T19:49:00,124.673,17.641,2.514,5.438,1.0756,MQTT,actuator
2025-01-09T04:29:00,1234.718,27.605,12.148,81.34,2.3441,MQTT,gateway
2025-01-08T14:38:00,1467.757,35.404,4.086,81.329,1.2088,HTTPS,gateway
2025-01-08T21:57:00,25.165,260.405,2.64,0.221,4.681,LoRaWAN,smart_meter
2025-01-08T19:24:00,26.325,135.186,3.794,0.324,0.0,LoRaWAN,smart_meter
2025-01-08T00:40:00,2020.063,49.526,0.1,49.022,0.9068,HTTPS,camera
2025-01-08T12:33:00,24.798,107.078,0.1,0.467,0.0,LoRaWAN,smart_meter
2025-01-08T01:09:00,39.324,206.435,5.109,0.23,4.2218,LoRaWAN,smart_meter
2025-01-08T17:47:00,105.864,11.614,0.812,0.05,2.9621,MQTT,env_sensor
2025-01-08T03:08:00,117.996,19.419,6.497,4.581,0.9427,MQTT,actuator
2025-01-08T07:40:00,1407.583,25.346,5.562,31.094,0.2647,HTTPS,gateway
2025-01-08T01:44:00,44.425,107.169,0.278,0.172,0.0,LoRaWAN,smart_meter
2025-01-09T00:59:00,2025.897,94.98,5.148,106.259,0.2814,HTTPS,camera
2025-01-08T14:00:00,30.177,85.085,1.649,0.334,1.9515,MQTT,smart_meter
2025-01-08T23:27:00,26.71,73.034,0.564,0.506,6.4309,LoRaWAN,smart_meter
2025-01-08T05:46:00,13.84,29.101,0.1,6.04,2.082,MQTT,env_sensor
2025-01-08T08:50:00,104.398,16.244,4.898,12.183,0.0,MQTT,actuator
2025-01-08T14:48:00,138.952,6.032,7.304,6.114,0.6016,MQTT,actuator
2025-01-08T17:34:00,31.038,24.655,3.611,3.461,1.0261,MQTT,env_sensor
2025-01-08T09:56:00,8.0,58.982,0.164,51.66,0.3984,HTTPS,gateway
2025-01-09T01:09:00,838.901,1.377,2.668,67.954,2.0452,MQTT,gateway
2025-01-08T21:24:00,1087.424,68.528,0.1,68.696,0.8572,HTTPS,camera
2025-01-08T00:20:00,355.24,39.386,6.788,176.255,1.6149,CoAP,gateway
2025-01-08T03:40:00,1083.943,49.101,0.1,38.984,0.0,HTTPS,gateway
2025-01-08T11:02:00,52.11,24.336,5.372,6.21,0.6895,MQTT,actuator
2025-01-09T08:35:00,38.467,228.603,3.783,0.05,4.9766,LoRaWAN,smart_meter
2025-01-08T11:37:00,92.08,24.172,6.026,1.31,0.652,MQTT,actuator
2025-01-08T05:43:00,1529.074,67.634,8.186,74.661,1.0322,HTTPS,gateway
2025-01-08T03:04:00,25.867,146.839,3.585,0.06,4.3938,LoRaWAN,smart_meter
2025-01-08T11:59:00,83.817,30.185,4.859,5.523,2.9455,MQTT,env_sensor
2025-01-08T05:39:00,151.847,21.071,5.559,7.113,0.3138,MQTT,actuator
2025-01-07T22:44:00,65.099,20.023,5.726,5.919,0.8272,CoAP,env_sensor
2025-01-09T11:12:00,74.885,35.727,2.245,1.79,1.7789,MQTT,env_sensor
2025-01-09T09:43:00,1381.053,98.94,4.346,117.669,0.7162,HTTPS,camera
2025-01-07T23:46:00,1193.431,33.853,5.523,81.679,0.6938,HTTPS,camera
2025-01-09T09:08:00,1405.004,63.931,7.914,25.786,0.7417,HTTPS,gateway
2025-01-08T07:30:00,48.22,18.812,3.06,2.215,0.4368,MQTT,env_sensor
2025-01-09T08:05:00,88.868,24.711,3.339,4.482,0.4736,MQTT,env_sensor
2025-01-08T13:41:00,1059.103,25.574,5.202,105.885,0.1083,HTTPS,camera
2025-01-09T09:38:00,1226.834,21.444,5.712,11.099,2.8657,MQTT,gateway
2025-01-09T04:32:00,107.258,19.678,2.84,4.623,1.6316,MQTT,actuator
2025-01-09T12:10:00,21.416,205.623,3.999,0.05,1.7208,LoRaWAN,smart_meter
2025-01-09T14:35:00,38.123,300.437,1.818,0.236,0.0,LoRaWAN,smart_meter
2025-01-08T21:38:00,16.495,289.401,0.822,0.756,2.315,LoRaWAN,smart_meter
2025-01-08T23:40:00,22.339,219.011,2.166,0.174,3.9407,LoRaWAN,smart_meter
2025-01-09T12:51:00,25.329,97.581,1.216,0.906,0.0,LoRaWAN,smart_meter
2025-01-08T18:10:00,834.86,15.314,0.1,68.659,1.2517,MQTT,gateway
2025-01-09T04:16:00,2485.925,50.889,0.504,142.138,0.4426,HTTPS,camera
2025-01-09T07:19:00,2068.662,61.864,2.298,213.588,0.1315,HTTPS,camera
2025-01-09T04:41:00,1142.322,42.213,1.981,314.552,0.0459,HTTPS,camera
2025-01-09T09:14:00,120.861,26.051,3.821,0.05,1.9436,MQTT,actuator
2025-01-08T14:34:00,98.057,18.515,2.309,3.911,1.1629,MQTT,env_sensor
2025-01-08T03:01:00,2043.051,87.349,10.649,130.876,0.7481,HTTPS,camera
2025-01-08T13:19:00,1179.072,36.555,8.476,64.387,2.2319,HTTPS,gateway
2025-01-08T14:17:00,60.349,18.977,4.303,2.072,1.0836,MQTT,env_sensor
2025-01-08T23:06:00,59.997,23.532,6.619,2.779,0.493,MQTT,env_sensor
2025-01-09T11:23:00,161.179,13.956,6.247,5.093,0.6537,MQTT,actuator
2025-01-08T23:41:00,962.146,70.2,0.1,108.612,0.1025,HTTPS,camera
2025-01-08T11:14:00,65.545,38.464,1.551,0.05,2.2336,MQTT,env_sensor
2025-01-09T15:08:00,65.588,6.707,2.826,14.208,0.9535,MQTT,actuator
2025-01-09T13:43:00,1000.96,61.985,13.713,54.31,0.9258,HTTPS,gateway
2025-01-09T08:03:00,1296.059,37.152,9.597,49.765,0.5584,HTTPS,gateway
2025-01-07T23:31:00,27.522,122.754,3.031,0.05,5.2397,LoRaWAN,smart_meter
2025-01-08T22:49:00,117.293,16.939,2.954,14.556,0.0,MQTT,actuator
2025-01-08T03:32:00,1712.699,41.937,4.054,108.219,0.0885,HTTPS,camera
2025-01-09T10:44:00,1219.286,57.119,11.802,3.696,2.0874,CoAP,gateway
2025-01-08T00:53:00,2127.66,42.151,7.025,113.088,0.7705,HTTPS,camera
2025-01-08T05:46:00,1659.105,74.323,5.306,148.745,0.8589,HTTPS,camera
2025-01-08T20:06:00,872.451,33.772,0.216,11.422,1.2823,MQTT,gateway
2025-01-09T05:50:00,155.054,10.55,0.1,4.171,0.6067,MQTT,actuator
2025-01-09T07:29:00,26.431,240.097,2.774,0.05,3.3461,MQTT,smart_meter
2025-01-08T02:13:00,56.219,15.786,2.861,1.523,1.3498,MQTT,env_sensor
2025-01-08T04:28:00,1462.744,71.927,0.1,99.463,0.0,HTTPS,camera
2025-01-08T08:18:00,116.486,16.72,7.895,8.699,1.3455,MQTT,actuator
2025-01-09T08:54:00,2160.624,87.063,7.996,198.453,0.7164,HTTPS,camera
2025-01-08T23:54:00,8.0,198.067,3.079,0.432,4.4976,LoRaWAN,smart_meter
2025-01-08T04:24:00,1033.132,44.312,13.544,12.013,1.3392,MQTT,gateway
2025-01-08T00:51:00,1963.704,52.227,2.252,139.081,0.4173,HTTPS,camera
2025-01-09T02:50:00,1221.576,33.173,7.783,35.412,0.8946,HTTPS,gateway
2025-01-08T12:04:00,1832.444,80.456,10.759,94.679,0.0,HTTPS,camera
2025-01-08T12:33:00,84.584,13.524,4.563,1.825,2.7182,MQTT,env_sensor
2025-01-08T01:28:00,23.813,203.918,0.978,0.718,2.0681,LoRaWAN,smart_meter
2025-01-09T13:22:00,18.182,216.858,1.011,0.05,3.6911,LoRaWAN,smart_meter
2025-01-09T10:51:00,42.378,18.73,4.394,6.581,2.4161,MQTT,env_sensor
2025-01-08T05:44:00,24.761,260.129,4.025,0.235,1.58,LoRaWAN,smart_meter
2025-01-09T02:26:00,430.656,39.313,11.358,51.758,0.0,HTTPS,gateway
2025-01-08T00:22:00,73.367,21.141,2.747,2.211,0.2483,MQTT,env_sensor
2025-01-08T15:14:00,70.298,24.898,0.415,8.047,0.5616,MQTT,env_sensor
2025-01-09T03:56:00,105.899,23.824,5.095,5.729,0.4775,CoAP,env_sensor
2025-01-09T06:57:00,1509.646,64.304,7.193,82.306,0.6756,HTTPS,camera
2025-01-08T21:14:00,37.165,186.592,3.749,0.728,6.1488,LoRaWAN,smart_meter
2025-01-08T19:38:00,42.351,48.108,3.618,6.646,0.0,MQTT,env_sensor
2025-01-09T11:57:00,188.948,26.184,8.367,4.289,0.3234,CoAP,actuator
2025-01-09T05:29:00,936.797,70.134,1.352,57.778,1.9926,HTTPS,camera
2025-01-08T15:57:00,73.764,38.085,0.1,5.115,2.2888,MQTT,env_sensor
2025-01-08T05:27:00,2335.128,91.3,5.679,198.434,0.5998,HTTPS,camera
2025-01-08T09:36:00,72.888,26.99,4.406,4.755,0.1292,MQTT,env_sensor
2025-01-08T12:26:00,82.928,32.602,1.151,1.128,2.6441,MQTT,env_sensor
2025-01-08T23:40:00,81.289,32.714,3.021,7.649,2.7507,MQTT,env_sensor
2025-01-09T15:28:00,1606.065,36.787,6.839,68.708,0.0,HTTPS,gateway
2025-01-09T04:47:00,1647.165,63.151,0.394,166.344,0.7622,HTTPS,camera
2025-01-08T09:55:00,864.603,75.309,5.727,74.104,0.3008,CoAP,gateway
2025-01-08T12:53:00,45.14,233.247,2.23,0.885,6.2208,LoRaWAN,smart_meter
2025-01-08T10:12:00,2192.627,59.129,4.09,122.637,0.9284,HTTPS,camera
2025-01-09T06:41:00,879.933,33.872,5.429,35.799,0.0,CoAP,gateway
2025-01-09T10:59:00,141.514,24.68,7.998,17.277,1.1231,MQTT,actuator
2025-01-09T12:18:00,27.04,191.281,1.175,0.446,6.2349,LoRaWAN,smart_meter
2025-01-07T23:33:00,22.592,217.824,2.379,0.582,7.115,LoRaWAN,smart_meter
2025-01-09T06:43:00,102.798,15.887,4.026,7.508,0.3452,MQTT,actuator
2025-01-09T05:17:00,65.358,25.662,9.505,5.6,2.2433,MQTT,gateway
2025-01-09T10:57:00,23.295,142.363,3.509,0.05,5.1425,LoRaWAN,smart_meter
2025-01-08T20:10:00,100.446,15.046,3.759,3.889,0.3005,MQTT,actuator
2025-01-09T02:02:00,137.869,10.896,8.443,16.715,1.3431,MQTT,actuator
2025-01-09T05:52:00,911.984,31.243,10.859,49.58,1.5474,CoAP,gateway
2025-01-08T23:35:00,124.118,38.39,6.655,2.286,1.8082,MQTT,env_sensor
2025-01-09T11:35:00,90.247,28.649,0.1,5.084,0.0,MQTT,env_sensor
2025-01-08T18:40:00,51.473,29.607,7.044,7.285,0.8952,MQTT,env_sensor
2025-01-08T00:11:00,134.212,28.394,5.743,7.375,0.0,MQTT,actuator
2025-01-08T11:04:00,768.024,69.105,1.049,17.079,0.8763,HTTPS,gateway
2025-01-08T21:48:00,1731.369,82.126,0.1,43.704,0.0,HTTPS,gateway
2025-01-08T10:17:00,52.073,16.02,5.032,9.439,0.8944,MQTT,actuator
2025-01-08T04:21:00,80.384,21.87,4.791,8.981,0.149,MQTT,env_sensor
2025-01-08T03:38:00,2503.848,66.821,7.424,120.107,0.4951,HTTPS,camera
2025-01-08T18:52:00,47.513,233.118,0.725,0.331,4.1208,LoRaWAN,smart_meter
2025-01-08T03:04:00,1030.46,58.432,8.245,21.903,0.2124,HTTPS,camera
2025-01-08T17:13:00,621.244,63.61,9.558,84.692,1.5983,CoAP,gateway
2025-01-09T03:43:00,360.054,79.999,2.208,107.922,0.9872,HTTPS,gateway
2025-01-08T21:08:00,28.67,14.851,4.82,5.564,2.3354,MQTT,env_sensor
2025-01-08T23:34:00,79.695,26.889,2.921,4.816,1.1462,MQTT,env_sensor
2025-01-09T10:40:00,651.936,52.798,10.098,55.187,2.0729,CoAP,gateway
2025-01-09T12:35:00,1195.42,72.472,5.631,50.592,0.0,HTTPS,gateway
2025-01-08T16:51:00,60.607,43.425,1.562,3.349,1.1294,MQTT,env_sensor
2025-01-08T07:49:00,1393.16,148.447,7.27,156.613,1.1253,HTTPS,camera
2025-01-09T06:44:00,129.562,9.337,5.283,5.469,1.3,MQTT,actuator
2025-01-08T07:15:00,26.717,226.005,3.715,0.539,3.7665,LoRaWAN,smart_meter
2025-01-08T11:23:00,1416.202,63.317,7.55,186.554,0.0,HTTPS,camera
2025-01-08T02:09:00,46.641,25.76,3.349,0.987,0.8949,MQTT,env_sensor
2025-01-08T04:36:00,26.832,292.965,0.1,0.05,2.5138,LoRaWAN,smart_meter
2025-01-09T07:22:00,136.75,10.824,2.334,9.218,0.1002,MQTT,actuator
2025-01-09T06:35:00,1023.78,44.431,14.273,63.543,0.4125,HTTPS,gateway
2025-01-08T08:58:00,1677.808,38.421,2.072,68.526,0.736,HTTPS,camera
2025-01-08T07:01:00,76.15,18.387,7.703,1.552,0.0,MQTT,actuator
2025-01-08T19:01:00,1804.736,87.42,6.731,136.163,0.7099,HTTPS,camera
2025-01-08T12:20:00,93.424,25.992,4.254,5.367,1.4591,MQTT,env_sensor
2025-01-07T23:39:00,27.593,260.144,4.345,0.166,5.037,LoRaWAN,smart_meter
2025-01-09T02:00:00,2666.668,50.402,6.462,181.032,0.289,HTTPS,camera
2025-01-08T05:59:00,145.683,21.08,6.739,11.993,0.5421,MQTT,actuator
2025-01-08T15:13:00,402.586,12.136,7.582,90.441,0.0868,HTTPS,gateway
2025-01-08T03:21:00,28.089,258.231,2.205,0.933,4.4698,LoRaWAN,smart_meter
2025-01-09T08:34:00,946.403,36.603,11.918,100.223,1.7367,CoAP,gateway
2025-01-08T12:48:00,44.707,43.043,5.734,7.722,0.0,MQTT,env_sensor
2025-01-09T01:49:00,35.056,190.675,1.556,0.382,5.1427,LoRaWAN,smart_meter
2025-01-08T03:22:00,46.22,16.134,1.583,12.915,1.5206,MQTT,env_sensor
2025-01-08T16:37:00,888.325,28.212,10.689,0.05,1.8039,CoAP,gateway
2025-01-08T01:08:00,115.113,21.534,6.772,11.647,0.4361,MQTT,actuator
2025-01-09T00:16:00,944.66,41.473,5.476,90.011,2.0286,CoAP,gateway
2025-01-08T17:43:00,1805.216,18.705,2.383,231.419,1.0862,HTTPS,camera
2025-01-08T16:35:00,61.654,11.343,5.407,7.148,1.4154,MQTT,env_sensor
2025-01-09T13:25:00,99.391,14.531,4.81,14.186,0.9259,MQTT,actuator
2025-01-09T03:08:00,466.956,37.163,12.075,58.487,0.1024,HTTPS,gateway
2025-01-08T19:56:00,10.256,151.406,4.764,0.05,3.7128,LoRaWAN,smart_meter
2025-01-09T07:35:00,2246.381,38.585,8.636,209.985,0.0058,HTTPS,camera
2025-01-09T00:27:00,102.772,20.056,1.681,5.142,1.453,MQTT,env_sensor
2025-01-08T11:18:00,455.994,32.28,3.096,20.373,0.9025,HTTPS,gateway
2025-01-09T00:10:00,43.691,193.617,4.384,0.05,6.4933,LoRaWAN,smart_meter
2025-01-09T07:51:00,124.389,19.255,9.186,6.788,0.415,CoAP,actuator
2025-01-08T12:05:00,33.81,108.337,0.1,0.271,3.0895,LoRaWAN,smart_meter
2025-01-09T10:34:00,1039.394,87.315,9.238,50.151,2.4011,HTTPS,gateway
2025-01-09T00:09:00,16.375,51.593,0.1,0.05,7.2617,LoRaWAN,smart_meter
2025-01-08T11:06:00,310.301,78.679,7.967,67.463,0.9693,HTTPS,gateway
2025-01-09T05:34:00,54.75,1.0,3.842,8.404,1.63,MQTT,actuator
2025-01-08T17:21:00,721.415,61.184,0.1,93.061,2.1628,MQTT,gateway
2025-01-08T11:01:00,2246.969,61.321,3.994,122.156,0.7755,HTTPS,camera
2025-01-08T09:46:00,77.989,11.152,7.248,8.903,0.2575,MQTT,actuator
2025-01-08T01:51:00,60.383,34.562,2.292,3.222,0.206,MQTT,env_sensor
2025-01-08T09:34:00,84.26,7.041,6.041,3.049,0.5789,MQTT,actuator
2025-01-08T07:54:00,97.345,26.069,2.152,4.185,1.8771,MQTT,env_sensor
2025-01-08T23:33:00,1163.506,30.083,3.038,168.066,1.4108,HTTPS,camera
2025-01-08T09:57:00,1858.903,47.16,8.407,104.408,0.1972,HTTPS,gateway
2025-01-08T21:27:00,38.874,188.494,3.147,0.05,5.4932,LoRaWAN,smart_meter
2025-01-08T05:26:00,139.025,7.174,3.087,7.384,2.1345,MQTT,actuator
2025-01-08T17:16:00,2627.458,57.354,7.782,94.003,0.5195,HTTPS,camera
2025-01-09T15:44:00,28.208,250.94,3.713,0.563,4.3,LoRaWAN,smart_meter
2025-01-07T22:40:00,20.579,230.215,2.636,0.181,3.1602,LoRaWAN,smart_meter
2025-01-09T02:54:00,817.952,50.203,7.074,73.681,1.5294,CoAP,gateway
2025-01-09T09:08:00,84.962,22.222,3.034,2.877,1.7442,MQTT,env_sensor
2025-01-08T16:04:00,141.857,15.196,6.628,6.459,0.593,MQTT,actuator
2025-01-07T23:52:00,126.943,20.844,12.989,2.048,0.0,MQTT,actuator
2025-01-08T02:26:00,1031.975,57.067,7.843,34.8,1.9634,CoAP,gateway
2025-01-09T07:21:00,1837.387,74.011,1.847,125.73,0.4509,HTTPS,camera
2025-01-08T01:36:00,31.558,270.049,1.946,0.535,5.3751,LoRaWAN,smart_meter
2025-01-08T15:42:00,18.183,163.126,1.443,0.624,1.732,LoRaWAN,smart_meter
2025-01-08T23:56:00,815.911,40.167,7.571,59.685,0.9803,HTTPS,gateway
2025-01-08T18:44:00,2333.324,46.027,6.035,136.352,0.5555,HTTPS,camera
2025-01-08T20:06:00,23.016,138.685,1.319,0.354,2.8609,LoRaWAN,smart_meter
2025-01-09T09:03:00,75.88,17.665,13.44,7.22,0.6476,MQTT,actuator
2025-01-09T10:34:00,2605.789,48.151,8.636,122.643,0.2839,HTTPS,camera
2025-01-09T14:49:00,38.708,134.645,3.297,0.778,3.4652,LoRaWAN,smart_meter
2025-01-08T13:48:00,96.655,22.414,6.572,2.737,0.0,MQTT,actuator
2025-01-08T07:08:00,59.415,22.237,3.101,7.248,1.6829,MQTT,env_sensor
2025-01-08T14:31:00,162.73,26.524,3.408,13.577,0.0,MQTT,actuator
2025-01-09T00:23:00,159.217,23.1,4.827,5.761,0.2393,MQTT,actuator
2025-01-09T14:24:00,28.265,59.524,2.588,0.05,1.7108,MQTT,smart_meter
2025-01-08T22:58:00,2262.322,41.207,4.471,199.604,0.4964,HTTPS,camera
2025-01-08T21:08:00,33.296,244.168,2.938,0.345,2.4986,LoRaWAN,smart_meter
2025-01-08T09:54:00,1536.191,74.198,7.122,30.245,1.2021,CoAP,gateway
2025-01-08T05:36:00,141.949,19.724,3.149,7.74,0.8539,MQTT,actuator
2025-01-09T03:46:00,2166.856,77.245,4.387,216.461,0.7117,HTTPS,camera
2025-01-09T04:15:00,100.654,45.991,3.485,4.33,0.0,MQTT,env_sensor
2025-01-09T02:34:00,174.745,12.699,8.337,11.169,0.6718,MQTT,actuator
2025-01-08T09:27:00,1238.744,78.265,0.1,82.292,0.4576,HTTPS,gateway
2025-01-08T22:40:00,112.838,1.0,7.829,6.561,1.0901,MQTT,actuator
2025-01-08T07:32:00,31.694,200.197,0.1,0.352,2.8842,LoRaWAN,smart_meter
2025-01-09T03:36:00,516.472,60.619,9.608,68.505,1.1513,CoAP,gateway
2025-01-09T04:22:00,640.319,50.645,6.418,116.313,0.4998,HTTPS,gateway
2025-01-09T05:27:00,1112.103,79.36,6.277,88.145,1.5478,HTTPS,gateway
2025-01-08T05:00:00,20.118,159.754,3.51,0.05,3.2059,LoRaWAN,smart_meter
2025-01-07T23:38:00,1273.832,35.596,9.628,21.167,1.9555,CoAP,gateway
2025-01-09T05:47:00,990.473,47.725,11.292,63.222,1.7484,CoAP,gateway
2025-01-08T12:46:00,91.766,30.157,5.486,5.598,1.986,MQTT,env_sensor
2025-01-09T10:13:00,94.709,21.302,6.335,10.145,0.9882,MQTT,actuator
2025-01-08T01:41:00,74.712,46.946,2.746,6.04,0.8071,MQTT,env_sensor
2025-01-08T01:55:00,1508.303,66.518,3.717,18.045,0.1679,HTTPS,gateway
2025-01-08T14:10:00,24.518,261.032,0.587,0.124,4.0776,LoRaWAN,smart_meter
2025-01-08T00:46:00,57.86,26.592,5.287,2.759,0.8705,CoAP,env_sensor
2025-01-07T23:06:00,30.246,33.234,4.74,9.054,0.9328,MQTT,env_sensor
2025-01-09T15:21:00,1295.715,13.599,11.58,138.613,1.2708,MQTT,gateway
2025-01-09T16:13:00,513.707,48.227,9.607,100.655,0.4768,HTTPS,gateway
2025-01-08T17:11:00,8.0,40.84,2.064,130.077,0.0,HTTPS,camera
2025-01-09T10:52:00,2018.112,63.641,1.08,86.076,0.6079,HTTPS,camera
2025-01-08T16:19:00,10.106,141.212,7.033,0.395,4.3088,LoRaWAN,smart_meter
2025-01-08T01:22:00,97.363,50.414,10.159,134.004,3.1688,CoAP,gateway
2025-01-09T02:36:00,74.868,21.954,3.913,3.438,1.0815,MQTT,env_sensor
2025-01-09T09:30:00,97.502,17.923,5.683,3.925,0.8577,MQTT,actuator
2025-01-07T23:53:00,29.636,187.156,0.94,0.05,2.0508,LoRaWAN,smart_meter
2025-01-08T14:52:00,133.202,9.973,8.772,9.407,1.2961,MQTT,actuator
2025-01-08T09:53:00,65.478,40.107,2.601,2.053,1.7597,MQTT,env_sensor
2025-01-08T00:24:00,97.654,27.842,4.416,8.012,2.1311,MQTT,env_sensor
2025-01-09T11:56:00,152.823,34.272,5.206,13.201,1.8694,MQTT,actuator
2025-01-08T19:32:00,22.711,225.936,1.242,0.573,2.9139,MQTT,smart_meter
2025-01-09T06:14:00,61.761,18.669,4.522,3.147,1.6926,MQTT,env_sensor
2025-01-08T15:24:00,1409.322,68.355,3.09,0.05,2.7013,HTTPS,gateway
2025-01-08T00:06:00,1133.351,29.968,2.293,91.386,1.7969,HTTPS,gateway
2025-01-08T11:50:00,1023.853,64.007,15.157,113.6,2.0629,CoAP,gateway
2025-01-09T05:44:00,33.773,153.641,0.827,0.187,1.1727,MQTT,smart_meter
2025-01-09T10:33:00,8.0,13.163,2.247,91.841,1.1353,MQTT,camera
2025-01-09T09:43:00,51.076,26.283,0.448,8.183,2.4994,MQTT,env_sensor
2025-01-09T05:53:00,9.783,43.267,0.1,189.654,0.0,HTTPS,camera
2025-01-08T18:20:00,2505.765,17.812,3.116,147.499,0.7088,HTTPS,camera
2025-01-09T04:56:00,1319.087,20.759,2.27,174.336,0.111,HTTPS,camera
2025-01-09T07:09:00,1735.2,52.144,9.407,50.9,0.7777,HTTPS,camera
2025-01-09T11:53:00,1211.01,71.707,1.845,67.448,0.6732,HTTPS,camera
2025-01-08T16:40:00,1989.713,85.657,0.927,161.914,0.8376,HTTPS,camera
2025-01-09T01:22:00,2078.046,42.756,11.394,178.645,1.0442,HTTPS,gateway
2025-01-09T02:47:00,1432.297,69.63,3.54,77.781,0.4608,HTTPS,gateway
2025-01-08T05:23:00,292.5,60.907,6.542,47.707,1.0915,CoAP,gateway
2025-01-08T20:10:00,19.284,195.323,2.545,0.532,1.8441,LoRaWAN,smart_meter
2025-01-08T10:22:00,1212.298,28.535,0.1,97.907,0.4541,HTTPS,gateway
2025-01-08T06:55:00,32.502,23.136,1.652,3.304,1.4794,MQTT,env_sensor
2025-01-09T15:37:00,49.447,33.803,3.851,3.655,0.8756,HTTPS,env_sensor
2025-01-09T11:28:00,8.0,36.876,11.859,25.91,1.6857,MQTT,gateway
2025-01-09T02:08:00,115.301,16.51,7.348,7.152,1.3447,MQTT,actuator
2025-01-08T06:15:00,38.886,249.91,0.861,0.734,3.8373,LoRaWAN,smart_meter
2025-01-08T22:27:00,90.175,20.15,4.876,15.855,0.0,MQTT,actuator
2025-01-08T12:15:00,19.202,210.337,2.448,0.648,2.5786,LoRaWAN,smart_meter
2025-01-08T00:34:00,1777.492,54.827,2.546,200.398,0.0356,HTTPS,camera
2025-01-09T04:18:00,583.878,45.159,3.514,110.831,0.0,HTTPS,camera
2025-01-08T05:40:00,63.492,22.901,2.593,2.027,0.0,MQTT,env_sensor
2025-01-08T00:58:00,57.485,43.52,0.439,6.28,0.4551,MQTT,env_sensor
2025-01-08T22:15:00,1630.922,10.113,8.287,49.444,1.9862,MQTT,gateway
2025-01-08T09:52:00,96.813,22.746,7.713,12.489,0.6587,MQTT,actuator
2025-01-08T09:10:00,66.742,7.325,1.863,0.05,2.4238,MQTT,env_sensor
2025-01-09T13:44:00,547.326,59.54,7.001,47.322,0.4472,HTTPS,gateway
2025-01-08T07:36:00,2028.089,7.735,4.331,42.298,0.2762,HTTPS,camera
2025-01-09T07:31:00,2174.538,36.591,7.903,184.8,0.0,HTTPS,camera
2025-01-09T11:20:00,87.801,34.266,5.756,6.925,1.8282,MQTT,env_sensor
2025-01-09T10:01:00,1087.738,51.937,4.57,213.665,0.5117,HTTPS,camera
2025-01-08T03:17:00,43.516,22.257,2.185,6.304,2.2116,MQTT,env_sensor
2025-01-09T11:42:00,31.345,241.132,2.367,0.05,2.3106,LoRaWAN,smart_meter
2025-01-08T16:04:00,1910.026,45.504,3.856,242.509,0.0294,HTTPS,camera
2025-01-09T09:37:00,162.458,12.115,3.517,6.106,0.227,MQTT,actuator
2025-01-07T23:24:00,1570.769,80.105,7.412,130.973,0.0,HTTPS,camera
2025-01-08T09:39:00,914.553,44.854,4.739,102.163,0.6318,HTTPS,camera
2025-01-08T03:20:00,108.858,20.31,3.288,14.743,0.3203,MQTT,actuator
2025-01-08T18:59:00,60.069,9.863,3.308,6.333,1.0699,MQTT,env_sensor
2025-01-09T01:38:00,1244.157,41.218,17.338,109.128,0.0,HTTPS,gateway
2025-01-07T23:03:00,535.86,53.9,5.645,110.736,0.0,CoAP,camera
2025-01-08T11:11:00,60.957,16.861,3.49,8.907,1.3885,MQTT,actuator
2025-01-08T21:33:00,59.286,33.362,3.185,5.694,1.3159,MQTT,env_sensor
2025-01-08T03:14:00,8.0,12.802,19.302,112.834,1.1209,MQTT,gateway
2025-01-08T18:43:00,8.0,191.218,4.901,0.74,5.609,LoRaWAN,smart_meter
2025-01-08T22:05:00,32.411,166.914,0.122,0.226,2.052,LoRaWAN,smart_meter
2025-01-09T02:59:00,19.678,146.892,0.1,0.274,4.2827,LoRaWAN,smart_meter
2025-01-09T14:37:00,1608.563,94.856,3.066,266.093,0.414,HTTPS,camera
2025-01-08T04:03:00,797.573,76.362,6.594,114.364,0.1254,HTTPS,camera
2025-01-08T18:03:00,78.567,15.941,13.983,11.459,1.2025,MQTT,actuator
2025-01-09T11:38:00,59.098,43.231,2.965,4.187,0.0,MQTT,env_sensor
2025-01-09T07:09:00,1191.945,40.363,9.158,62.073,1.0027,HTTPS,gateway
2025-01-09T14:18:00,57.08,45.348,2.26,0.05,0.2465,MQTT,env_sensor
2025-01-08T14:07:00,96.766,24.063,5.027,5.078,0.859,MQTT,actuator
2025-01-09T07:26:00,2130.501,1.0,3.219,125.742,0.0,HTTPS,camera
2025-01-08T05:19:00,160.124,18.364,6.617,33.524,1.4556,MQTT,gateway
2025-01-08T01:23:00,24.185,114.041,3.661,0.542,5.0249,LoRaWAN,smart_meter
2025-01-09T08:47:00,24.515,107.667,0.788,0.155,4.5643,LoRaWAN,smart_meter
2025-01-09T10:57:00,1187.725,87.045,1.138,153.616,0.7809,HTTPS,camera
2025-01-09T07:26:00,87.619,16.787,2.007,16.68,0.883,MQTT,actuator
2025-01-08T21:02:00,125.457,18.747,5.89,4.306,0.0,MQTT,actuator
2025-01-08T13:00:00,66.038,1.0,1.785,3.55,0.8873,MQTT,env_sensor
2025-01-08T03:34:00,65.923,23.372,2.759,5.129,1.7091,MQTT,actuator
2025-01-08T17:00:00,1337.289,12.507,4.572,204.782,1.1456,HTTPS,camera
2025-01-09T01:38:00,107.563,27.354,2.003,0.885,1.8175,MQTT,env_sensor
2025-01-08T13:06:00,109.985,19.241,9.016,6.732,0.2588,MQTT,actuator
2025-01-08T13:52:00,54.299,39.035,1.072,9.074,2.3367,MQTT,env_sensor
2025-01-08T00:21:00,31.535,1.0,5.861,6.355,0.6407,MQTT,actuator
2025-01-08T09:21:00,29.181,113.661,3.117,0.204,4.1298,LoRaWAN,smart_meter
2025-01-08T17:06:00,1345.805,57.798,10.206,0.05,2.5338,CoAP,gateway
2025-01-09T03:50:00,96.093,42.187,5.929,10.37,1.3307,MQTT,actuator
2025-01-08T21:03:00,35.101,136.03,2.055,0.05,3.4409,LoRaWAN,smart_meter
2025-01-09T07:40:00,40.816,28.554,2.04,2.008,0.0,MQTT,env_sensor
2025-01-08T13:28:00,26.339,159.393,4.18,0.177,4.2448,LoRaWAN,smart_meter
2025-01-09T12:09:00,2100.417,30.384,1.566,61.939,0.7954,HTTPS,camera
2025-01-09T04:17:00,3672.491,20.717,5.528,75.435,0.4518,HTTPS,camera
2025-01-08T22:27:00,69.205,57.981,2.395,6.735,1.7426,MQTT,env_sensor
2025-01-08T07:31:00,25.068,149.351,2.759,0.05,1.9077,LoRaWAN,smart_meter
2025-01-08T15:51:00,141.143,4.249,5.752,7.259,0.4009,MQTT,actuator
2025-01-08T07:02:00,1050.148,24.819,3.557,45.217,0.4811,HTTPS,camera
2025-01-09T16:03:00,93.135,10.822,6.355,4.264,0.0493,MQTT,actuator
2025-01-09T12:09:00,103.175,7.39,2.693,9.579,0.7114,MQTT,actuator
2025-01-08T04:55:00,1140.385,56.7,0.1,79.172,0.9889,HTTPS,camera
2025-01-08T09:19:00,727.332,65.075,7.521,10.9,2.5895,CoAP,gateway
2025-01-09T04:35:00,33.323,114.974,1.609,0.819,4.5924,LoRaWAN,smart_meter
2025-01-09T04:24:00,117.588,12.536,6.811,4.904,1.1172,MQTT,actuator
2025-01-08T23:36:00,1266.045,62.177,6.212,0.05,0.0,HTTPS,gateway
2025-01-08T15:48:00,154.017,10.45,5.188,14.056,0.0,CoAP,actuator
2025-01-08T14:39:00,1115.628,1.024,8.392,153.041,0.9119,HTTPS,gateway
2025-01-09T14:03:00,1314.405,44.971,3.12,150.193,0.7377,HTTPS,camera
2025-01-09T09:49:00,42.368,118.921,1.962,0.684,3.6147,LoRaWAN,smart_meter
2025-01-09T05:20:00,2947.987,58.244,0.1,104.857,0.0,HTTPS,camera
2025-01-08T10:01:00,71.181,5.718,8.008,5.413,0.6975,MQTT,actuator
2025-01-08T09:46:00,93.296,7.849,4.967,5.015,0.7534,MQTT,env_sensor
2025-01-08T03:06:00,36.521,268.122,0.444,0.205,2.6828,LoRaWAN,smart_meter
2025-01-08T19:43:00,64.832,41.852,6.907,0.329,0.6064,CoAP,env_sensor
2025-01-08T12:11:00,28.811,40.557,1.463,0.538,0.0,HTTPS,smart_meter
2025-01-08T04:40:00,28.182,225.505,1.889,0.05,2.7276,LoRaWAN,smart_meter
2025-01-08T23:00:00,21.677,142.079,1.873,0.345,5.6491,LoRaWAN,smart_meter
2025-01-08T14:32:00,44.173,260.15,0.197,0.12,3.7333,LoRaWAN,smart_meter
2025-01-09T10:40:00,23.364,189.432,1.797,0.05,2.0267,LoRaWAN,smart_meter
2025-01-09T04:39:00,24.323,113.343,1.997,0.531,1.1337,LoRaWAN,smart_meter
2025-01-09T15:48:00,83.042,9.329,0.1,8.477,0.0,MQTT,actuator
2025-01-09T12:26:00,3015.955,84.817,3.164,29.408,1.6021,HTTPS,camera
2025-01-08T09:04:00,1794.321,68.879,7.034,89.689,1.0558,HTTPS,camera
2025-01-09T08:00:00,123.166,21.886,4.623,5.408,0.0,MQTT,actuator
2025-01-09T12:19:00,1745.163,41.777,0.196,167.92,1.2813,HTTPS,camera
2025-01-08T12:37:00,119.85,22.35,2.758,6.524,0.0,MQTT,env_sensor
2025-01-09T09:12:00,1212.876,40.318,8.14,62.099,1.3258,CoAP,gateway
2025-01-08T05:47:00,100.293,17.824,14.629,12.66,0.0,MQTT,actuator
2025-01-07T23:14:00,1282.963,8.095,9.356,83.09,0.7187,HTTPS,gateway
2025-01-08T05:20:00,924.85,37.695,0.831,30.473,2.7746,CoAP,gateway
2025-01-08T02:11:00,2167.083,81.623,0.1,84.29,0.3925,HTTPS,camera
2025-01-08T22:32:00,2163.84,77.1,2.581,36.432,0.6804,HTTPS,camera
2025-01-08T22:46:00,2046.233,75.996,5.018,196.692,0.8311,HTTPS,camera
2025-01-09T09:10:00,1619.19,72.227,1.978,59.203,0.7767,HTTPS,camera
2025-01-09T00:44:00,165.565,16.913,5.648,2.304,0.8639,MQTT,actuator
2025-01-09T02:32:00,1635.497,68.285,8.378,51.281,0.8717,HTTPS,camera
2025-01-09T09:40:00,24.421,254.579,3.171,0.151,4.1816,LoRaWAN,smart_meter
2025-01-08T14:58:00,1704.946,36.65,4.931,162.549,0.7681,HTTPS,camera
2025-01-09T03:24:00,107.542,17.376,4.809,4.652,0.6964,MQTT,actuator
2025-01-09T05:26:00,2055.342,15.525,1.592,63.627,0.9027,HTTPS,camera
2025-01-08T01:35:00,71.005,13.0,8.413,5.463,1.786,CoAP,actuator
2025-01-09T11:23:00,2366.789,62.701,3.277,0.05,1.1063,HTTPS,camera
2025-01-09T00:33:00,556.213,51.361,5.023,66.121,1.2605,CoAP,gateway
2025-01-09T03:31:00,74.931,15.614,0.1,2.038,0.0,MQTT,env_sensor
2025-01-08T18:21:00,1061.319,38.227,9.359,22.377,0.734,HTTPS,gateway
2025-01-09T11:11:00,21.621,235.257,4.335,0.743,5.2351,LoRaWAN,smart_meter
2025-01-08T13:43:00,925.542,77.055,3.774,168.542,0.9634,HTTPS,camera
2025-01-08T09:44:00,72.422,22.09,2.13,4.634,1.2753,MQTT,env_sensor
2025-01-08T14:46:00,8.0,32.214,1.291,203.813,1.4186,MQTT,camera
2025-01-08T22:37:00,1528.348,47.509,6.966,80.953,1.21,CoAP,gateway
2025-01-08T00:08:00,29.96,50.786,1.867,0.201,1.6273,MQTT,smart_meter
2025-01-08T15:10:00,470.257,42.434,9.687,80.623,0.0,HTTPS,gateway
2025-01-09T13:24:00,23.59,224.457,3.294,0.929,1.1971,LoRaWAN,smart_meter
2025-01-08T15:10:00,1000.773,77.576,1.722,86.3,0.4344,HTTPS,camera
2025-01-08T07:12:00,2130.298,101.94,1.546,156.018,0.3197,HTTPS,camera
2025-01-09T06:33:00,1713.67,24.92,5.559,124.658,1.1919,MQTT,gateway
2025-01-08T19:56:00,85.122,30.837,3.362,5.253,2.6454,MQTT,env_sensor
2025-01-08T03:55:00,23.934,163.615,4.21,0.265,4.124,LoRaWAN,smart_meter
2025-01-09T04:47:00,1265.008,57.821,16.17,63.344,1.7114,HTTPS,gateway
2025-01-08T04:23:00,1658.843,17.205,3.778,107.353,1.1742,HTTPS,gateway
2025-01-08T02:58:00,1972.817,54.883,0.1,141.759,0.7735,HTTPS,camera
2025-01-08T08:57:00,54.101,28.148,6.077,0.878,0.0,MQTT,env_sensor
2025-01-09T09:58:00,104.581,35.489,2.416,3.629,1.4981,MQTT,env_sensor
2025-01-09T08:20:00,23.362,201.304,2.886,0.283,0.8466,LoRaWAN,smart_meter
2025-01-09T08:02:00,28.008,184.326,4.132,0.519,2.7702,LoRaWAN,smart_meter
2025-01-08T06:34:00,70.582,13.016,6.59,3.416,0.0,MQTT,env_sensor
2025-01-08T19:55:00,27.744,196.855,1.049,0.372,1.8666,LoRaWAN,smart_meter
2025-01-09T12:37:00,97.037,20.686,8.811,3.949,0.8254,MQTT,actuator
2025-01-08T08:45:00,1109.234,55.49,11.208,181.817,0.5714,HTTPS,gateway
2025-01-08T07:28:00,36.768,268.762,0.1,0.05,2.2497,LoRaWAN,smart_meter
2025-01-08T18:28:00,184.561,11.563,7.129,11.674,0.3927,MQTT,actuator
2025-01-09T06:24:00,107.97,44.036,3.117,2.225,2.6142,MQTT,env_sensor
2025-01-09T11:17:00,2494.788,58.359,8.736,114.366,0.9629,HTTPS,camera
2025-01-08T16:58:00,104.235,31.038,2.366,5.388,0.4933,MQTT,env_sensor
2025-01-08T02:30:00,198.331,22.036,4.622,8.702,0.0,MQTT,actuator
2025-01-08T18:21:00,48.817,29.267,3.789,1.146,0.5327,MQTT,env_sensor
2025-01-08T20:38:00,18.982,133.017,0.148,0.779,0.0,LoRaWAN,smart_meter
2025-01-09T03:43:00,98.484,6.446,5.52,7.551,0.0867,CoAP,actuator
2025-01-09T09:25:00,95.852,28.132,9.723,13.564,1.3907,MQTT,actuator
2025-01-08T11:38:00,128.957,19.31,5.045,0.146,1.4362,MQTT,actuator
2025-01-08T07:34:00,109.984,30.952,4.269,10.124,1.8442,MQTT,env_sensor
2025-01-08T21:43:00,103.447,16.116,3.548,1.739,1.5456,MQTT,actuator
2025-01-08T08:12:00,860.393,32.992,3.571,137.606,0.0,HTTPS,gateway
2025-01-09T13:11:00,60.538,32.485,0.279,3.567,0.7093,MQTT,env_sensor
2025-01-09T01:59:00,1592.906,83.329,0.967,26.189,1.7776,HTTPS,gateway
2025-01-08T12:08:00,1217.45,26.255,5.763,86.689,1.227,HTTPS,gateway
2025-01-08T18:06:00,48.461,220.407,0.1,0.05,2.8369,LoRaWAN,smart_meter
2025-01-09T11:45:00,69.196,13.053,1.805,5.021,0.0,MQTT,env_sensor
2025-01-08T23:14:00,999.498,35.005,4.29,98.125,0.0,HTTPS,gateway
2025-01-09T04:59:00,697.253,44.62,1.354,133.121,2.3717,MQTT,gateway
2025-01-09T11:06:00,731.255,49.583,3.457,66.088,0.5208,HTTPS,gateway
2025-01-09T02:10:00,1566.682,25.192,3.327,96.604,2.1979,HTTPS,gateway
2025-01-08T19:16:00,73.805,30.944,5.091,11.55,1.5041,CoAP,actuator
2025-01-08T16:23:00,2021.06,45.402,9.183,69.444,0.7973,HTTPS,gateway
2025-01-08T19:02:00,30.082,163.801,3.041,0.556,0.0,LoRaWAN,smart_meter
2025-01-09T11:34:00,450.354,42.123,9.566,0.05,1.1077,CoAP,gateway
2025-01-09T01:24:00,100.384,16.767,2.572,6.413,0.3482,MQTT,actuator
2025-01-09T15:23:00,82.873,33.864,4.359,5.971,0.0,MQTT,env_sensor
2025-01-09T03:55:00,82.357,38.09,0.545,3.069,0.371,MQTT,env_sensor
2025-01-09T06:03:00,97.339,10.308,4.362,5.759,1.572,MQTT,actuator
2025-01-09T07:42:00,46.133,199.76,0.1,1.045,3.6377,MQTT,smart_meter
2025-01-09T02:06:00,8.0,53.937,7.045,42.441,1.9198,MQTT,gateway
2025-01-09T00:00:00,71.85,20.724,2.98,6.312,1.9767,MQTT,env_sensor
2025-01-08T16:23:00,958.461,75.801,1.796,149.199,0.4707,HTTPS,camera
2025-01-08T15:02:00,54.758,24.762,2.499,5.096,1.8257,MQTT,env_sensor
2025-01-09T09:06:00,66.462,17.572,2.929,9.766,0.07,MQTT,actuator
2025-01-08T04:03:00,1428.85,19.449,11.098,0.05,0.7568,HTTPS,gateway
2025-01-09T00:18:00,31.469,245.42,1.528,0.367,5.1647,LoRaWAN,smart_meter
2025-01-09T12:56:00,1016.192,62.754,17.424,54.611,1.3187,CoAP,gateway
2025-01-08T02:44:00,59.481,26.598,4.843,0.185,2.3039,MQTT,env_sensor
2025-01-09T00:33:00,25.032,218.894,1.181,0.469,4.3653,LoRaWAN,smart_meter
2025-01-09T13:41:00,151.723,18.727,7.959,6.248,0.0,CoAP,actuator
2025-01-08T03:57:00,57.919,1.239,5.489,7.082,1.6292,MQTT,env_sensor
2025-01-08T23:22:00,1366.178,75.218,2.875,71.243,0.2567,HTTPS,gateway
2025-01-08T06:20:00,639.863,21.592,7.884,0.05,0.0,CoAP,camera
2025-01-08T20:30:00,1338.004,1.0,3.905,0.05,0.397,HTTPS,camera
2025-01-09T14:21:00,19.329,118.323,3.74,0.622,3.531,LoRaWAN,smart_meter
2025-01-08T01:46:00,123.775,5.72,5.055,15.18,0.3235,MQTT,actuator
2025-01-09T08:26:00,100.139,17.491,4.339,5.93,1.2848,MQTT,env_sensor
2025-01-08T15:44:00,55.082,16.973,4.683,2.816,1.7183,MQTT,env_sensor
2025-01-08T00:49:00,57.121,7.699,5.912,7.389,0.0,MQTT,env_sensor
2025-01-09T15:27:00,114.374,18.752,9.107,9.683,1.3536,CoAP,actuator
2025-01-09T01:43:00,19.088,27.083,2.534,4.517,1.9887,MQTT,env_sensor
2025-01-09T05:01:00,95.519,51.604,15.788,43.999,0.839,CoAP,gateway
2025-01-08T03:06:00,24.248,43.283,4.164,0.595,1.2925,MQTT,env_sensor
2025-01-09T02:16:00,30.165,99.669,1.958,0.05,2.9111,MQTT,smart_meter
2025-01-09T13:18:00,55.739,17.002,3.755,5.986,0.4467,MQTT,env_sensor
2025-01-08T05:16:00,512.025,56.283,0.36,134.916,0.6691,HTTPS,camera
2025-01-09T02:21:00,2632.108,54.575,2.468,47.672,1.0123,HTTPS,camera
2025-01-08T02:43:00,247.591,55.226,0.1,31.502,0.7641,MQTT,camera
2025-01-09T05:23:00,31.435,223.967,3.197,0.44,0.4267,LoRaWAN,smart_meter
2025-01-09T05:22:00,131.881,7.39,7.771,9.437,0.9343,MQTT,actuator
2025-01-08T09:31:00,54.382,15.03,3.636,2.712,0.6825,MQTT,env_sensor
2025-01-09T11:17:00,114.851,40.265,7.249,73.725,0.9003,HTTPS,gateway
2025-01-08T13:26:00,53.741,39.752,3.261,2.533,1.196,MQTT,env_sensor
2025-01-07T23:26:00,43.334,19.021,2.286,6.435,0.0,MQTT,actuator
2025-01-09T06:23:00,2371.411,52.581,1.431,168.035,0.9274,HTTPS,camera
2025-01-09T00:05:00,45.329,27.288,2.894,2.193,0.5812,MQTT,env_sensor
2025-01-09T10:00:00,1315.332,64.076,8.059,117.245,0.2911,HTTPS,camera
2025-01-09T08:02:00,514.167,68.796,11.509,75.842,1.4307,CoAP,gateway
2025-01-08T05:46:00,22.165,158.068,0.1,0.05,5.0615,LoRaWAN,smart_meter
2025-01-09T01:14:00,48.273,25.945,7.499,0.05,2.0324,MQTT,env_sensor
2025-01-08T08:14:00,89.558,30.21,5.796,8.922,1.4485,CoAP,actuator
2025-01-09T06:43:00,18.627,171.934,0.1,0.423,2.2895,LoRaWAN,smart_meter
2025-01-08T19:03:00,92.731,4.086,12.113,8.017,1.7061,MQTT,actuator
2025-01-09T16:00:00,969.196,1.0,8.132,55.514,0.0,HTTPS,gateway
2025-01-09T08:54:00,69.467,21.34,4.605,8.138,0.9638,MQTT,actuator
2025-01-08T16:56:00,898.659,68.517,3.566,108.067,1.536,HTTPS,camera
2025-01-08T18:23:00,1055.267,46.404,0.1,200.53,0.77,HTTPS,camera
2025-01-08T18:17:00,116.059,20.368,5.265,3.762,0.0,MQTT,actuator
2025-01-09T06:18:00,131.792,5.545,9.44,7.493,1.829,CoAP,actuator
2025-01-08T23:56:00,681.179,23.672,2.029,173.766,1.1999,MQTT,camera
2025-01-07T23:22:00,70.221,17.344,1.383,0.05,0.0978,MQTT,env_sensor
2025-01-08T10:05:00,1213.888,63.844,5.58,115.622,0.4921,HTTPS,camera
2025-01-08T15:02:00,1703.226,74.864,8.874,3.637,0.0,HTTPS,gateway
2025-01-09T02:43:00,1520.907,53.177,7.719,117.666,0.3754,HTTPS,camera
2025-01-08T15:35:00,62.369,32.346,3.735,4.673,1.6954,MQTT,env_sensor
2025-01-09T08:31:00,89.047,17.592,7.82,0.553,0.0,MQTT,actuator
2025-01-09T13:08:00,460.224,16.981,18.856,62.449,0.4558,HTTPS,gateway
2025-01-08T12:07:00,144.236,1.069,0.1,10.238,0.7169,MQTT,actuator
2025-01-09T15:49:00,42.362,18.349,3.898,6.318,2.6051,MQTT,env_sensor
2025-01-09T16:00:00,2526.918,8.232,5.962,48.843,0.5164,HTTPS,camera
2025-01-09T08:19:00,139.956,22.163,11.262,4.594,0.4735,MQTT,actuator
2025-01-08T21:47:00,141.237,27.329,9.91,3.855,0.4644,MQTT,actuator
2025-01-08T04:59:00,1379.697,19.823,3.37,79.528,0.0,HTTPS,gateway
2025-01-08T04:17:00,1016.406,50.353,0.392,60.07,1.6318,HTTPS,gateway
2025-01-08T17:56:00,74.052,6.828,7.622,11.718,1.3927,MQTT,actuator
2025-01-09T02:34:00,128.442,70.532,5.512,0.05,0.4226,MQTT,gateway
2025-01-09T00:28:00,111.761,16.788,4.818,8.331,0.8861,MQTT,actuator
2025-01-09T12:01:00,100.733,3.955,8.157,6.901,1.0729,MQTT,actuator
2025-01-09T14:03:00,58.365,36.016,7.448,5.26,1.6326,CoAP,actuator
2025-01-09T15:56:00,62.733,19.147,1.54,9.581,0.7528,MQTT,actuator
2025-01-09T05:21:00,44.247,204.176,1.139,0.452,3.6185,LoRaWAN,smart_meter
2025-01-08T05:20:00,76.025,26.392,7.311,8.702,0.0,CoAP,actuator
2025-01-08T18:49:00,17.473,210.746,1.306,0.391,6.2378,LoRaWAN,smart_meter
2025-01-09T02:26:00,991.882,62.797,0.1,130.799,0.5944,HTTPS,camera
2025-01-08T06:34:00,16.631,222.763,3.381,0.054,5.1892,LoRaWAN,smart_meter
2025-01-08T12:11:00,39.207,50.378,0.1,4.109,0.8131,MQTT,env_sensor
2025-01-08T13:47:00,1935.754,33.351,3.376,201.033,0.0946,HTTPS,camera
2025-01-08T21:08:00,2909.08,113.974,3.328,68.089,0.1531,HTTPS,camera
2025-01-09T09:36:00,77.549,17.733,3.417,3.206,1.5506,MQTT,env_sensor
2025-01-08T10:55:00,61.855,10.159,6.493,0.655,1.2735,MQTT,env_sensor
2025-01-08T01:16:00,1951.143,51.407,9.651,139.484,0.8756,HTTPS,camera
2025-01-08T10:31:00,94.337,39.307,8.957,52.256,1.1856,MQTT,gateway
2025-01-09T12:35:00,2585.861,78.227,7.164,97.694,1.1832,HTTPS,camera
2025-01-09T03:24:00,76.765,17.385,2.083,32.168,0.9471,MQTT,gateway
2025-01-09T05:02:00,713.293,50.523,1.123,88.569,0.2185,HTTPS,camera
2025-01-08T19:10:00,321.557,89.268,20.911,68.74,1.4127,CoAP,gateway
2025-01-09T15:28:00,73.375,13.927,3.028,5.917,2.2062,MQTT,actuator
2025-01-08T02:55:00,808.31,22.931,8.443,102.004,0.1866,CoAP,gateway
2025-01-07T23:40:00,96.494,22.657,4.922,9.129,0.7693,MQTT,actuator
2025-01-09T06:27:00,56.373,8.379,0.1,2.607,1.8198,MQTT,env_sensor
2025-01-08T00:51:00,41.144,195.717,2.248,0.583,4.2139,LoRaWAN,smart_meter
2025-01-08T05:30:00,99.218,17.677,7.697,0.833,0.0,MQTT,actuator
2025-01-08T21:01:00,29.325,214.801,4.094,0.05,2.8164,LoRaWAN,smart_meter
2025-01-09T11:04:00,27.554,247.981,1.719,0.659,1.7203,LoRaWAN,smart_meter
2025-01-09T00:58:00,1665.271,67.977,5.415,83.114,1.916,HTTPS,gateway
2025-01-08T20:06:00,1264.813,119.109,5.204,176.675,1.6382,HTTPS,camera
2025-01-09T03:28:00,126.749,31.113,7.079,8.785,0.4522,MQTT,actuator
2025-01-08T23:42:00,1548.026,25.563,0.73,223.096,0.2409,HTTPS,camera
2025-01-08T06:06:00,1156.331,43.321,1.932,78.117,0.4755,HTTPS,camera
2025-01-08T02:47:00,23.208,251.124,3.011,0.547,3.2609,LoRaWAN,smart_meter
2025-01-08T22:08:00,74.284,54.513,3.683,0.05,1.8101,MQTT,gateway
2025-01-07T23:09:00,22.829,266.874,1.631,0.543,0.9227,LoRaWAN,smart_meter
2025-01-08T17:19:00,35.179,138.743,0.1,0.713,3.2276,LoRaWAN,smart_meter
2025-01-08T12:27:00,73.63,18.76,10.1,10.565,0.2084,MQTT,actuator
2025-01-07T23:50:00,2348.422,78.951,0.648,96.499,0.5555,HTTPS,camera
2025-01-09T14:47:00,36.965,23.814,9.226,1.775,0.5548,MQTT,actuator
2025-01-07T23:53:00,1450.348,68.21,1.748,3.226,0.7673,HTTPS,camera
2025-01-09T13:42:00,98.441,12.785,1.674,2.475,0.4407,MQTT,env_sensor
2025-01-08T15:04:00,199.481,48.975,6.741,2.308,0.0018,CoAP,gateway
2025-01-08T18:11:00,100.283,19.072,7.156,3.603,0.0,MQTT,actuator
2025-01-08T14:53:00,53.866,24.498,2.109,6.47,0.2938,MQTT,actuator
2025-01-09T00:54:00,383.709,55.571,9.179,82.684,0.7131,HTTPS,gateway
2025-01-08T01:26:00,270.904,17.83,4.68,63.714,1.7673,MQTT,gateway
2025-01-09T13:14:00,893.182,65.641,5.433,29.484,1.3338,CoAP,gateway
2025-01-09T10:46:00,73.063,21.976,0.1,6.224,3.2857,MQTT,env_sensor
2025-01-08T09:13:00,33.183,171.552,0.319,0.05,1.1569,LoRaWAN,smart_meter
2025-01-08T10:58:00,1156.924,29.052,5.007,173.699,0.6926,HTTPS,camera
2025-01-08T09:32:00,2232.441,48.078,2.691,60.644,0.7208,HTTPS,camera
2025-01-09T05:07:00,965.464,32.908,5.076,0.05,1.5709,CoAP,gateway
2025-01-09T12:05:00,108.378,34.92,1.227,2.292,1.4059,MQTT,env_sensor
2025-01-09T01:10:00,1134.138,57.74,8.943,134.683,0.4185,HTTPS,gateway
2025-01-08T13:08:00,34.052,140.323,3.413,0.485,3.034,LoRaWAN,smart_meter
2025-01-09T08:12:00,2238.045,19.367,6.067,107.585,0.961,HTTPS,camera
2025-01-09T10:21:00,1960.355,57.086,4.741,69.132,0.4886,HTTPS,camera
2025-01-09T15:03:00,134.658,28.262,8.521,9.505,2.2886,MQTT,env_sensor
2025-01-09T10:45:00,68.373,17.314,7.934,7.919,0.0,MQTT,actuator
2025-01-09T11:55:00,2933.155,51.581,1.392,102.623,0.4995,HTTPS,camera
2025-01-08T00:33:00,1999.953,85.597,0.709,135.352,1.329,HTTPS,camera
2025-01-08T17:19:00,91.262,16.432,3.088,11.549,0.0,MQTT,actuator
2025-01-09T01:49:00,54.243,21.755,3.867,2.484,0.2498,MQTT,env_sensor
2025-01-08T16:19:00,64.503,25.229,5.245,0.536,1.1883,MQTT,env_sensor
2025-01-07T22:43:00,90.903,27.979,3.015,8.404,0.0,MQTT,env_sensor
2025-01-08T16:27:00,79.077,16.109,0.917,3.514,0.7098,MQTT,env_sensor
2025-01-09T11:13:00,69.814,21.159,0.809,3.105,0.0,MQTT,env_sensor
2025-01-08T19:30:00,1274.968,59.042,15.014,0.05,2.8005,CoAP,gateway
2025-01-08T13:00:00,47.801,175.264,0.855,0.549,1.8639,LoRaWAN,smart_meter
2025-01-08T03:25:00,1704.299,76.986,6.817,134.829,0.3235,HTTPS,camera
2025-01-09T01:25:00,61.84,14.61,3.939,1.46,1.1431,MQTT,env_sensor
2025-01-08T04:10:00,285.024,24.118,12.516,0.05,0.9736,CoAP,gateway
2025-01-09T11:38:00,180.663,21.531,8.02,7.875,0.0392,MQTT,actuator
2025-01-08T01:36:00,1081.303,1.264,13.056,43.106,0.6034,HTTPS,gateway
2025-01-09T14:25:00,70.127,24.446,3.494,9.314,0.0,MQTT,env_sensor
2025-01-09T13:10:00,26.835,167.037,1.075,0.646,5.2102,LoRaWAN,smart_meter
2025-01-08T02:59:00,34.011,30.604,4.689,5.124,1.598,MQTT,env_sensor
2025-01-08T10:43:00,648.515,56.687,6.097,165.622,1.249,CoAP,gateway
2025-01-09T07:35:00,115.691,17.905,5.491,12.099,2.9276,MQTT,actuator
2025-01-08T12:48:00,31.732,157.97,2.81,0.253,3.2036,LoRaWAN,smart_meter
2025-01-08T19:23:00,22.817,239.73,2.376,0.421,3.271,LoRaWAN,smart_meter
2025-01-09T11:33:00,52.934,19.297,3.243,7.3,0.0,MQTT,env_sensor
2025-01-08T04:05:00,92.064,11.092,4.057,0.372,0.0293,MQTT,actuator
2025-01-08T23:42:00,120.298,18.464,5.316,13.104,0.0,MQTT,actuator
2025-01-08T19:17:00,664.784,70.94,14.413,78.916,1.0684,CoAP,gateway
2025-01-08T18:19:00,110.653,15.559,5.473,6.15,1.8084,MQTT,actuator
2025-01-08T18:20:00,20.336,22.016,2.221,0.248,2.091,MQTT,smart_meter
2025-01-08T14:40:00,89.76,35.852,2.997,1.57,1.9639,MQTT,env_sensor
2025-01-08T23:33:00,165.615,11.099,10.394,15.56,1.0149,MQTT,actuator
2025-01-09T14:11:00,23.048,152.304,0.1,0.334,0.2071,LoRaWAN,smart_meter
2025-01-07T22:42:00,29.107,220.774,3.888,0.05,1.6376,LoRaWAN,smart_meter
2025-01-09T10:54:00,112.636,10.242,7.187,7.238,0.9208,MQTT,actuator
2025-01-08T05:01:00,1239.545,59.1,5.531,0.05,2.2098,HTTPS,gateway
2025-01-09T15:27:00,1421.851,41.901,2.101,115.397,0.0,HTTPS,camera
2025-01-08T23:51:00,37.525,17.641,1.367,3.76,0.0,MQTT,env_sensor
2025-01-08T08:12:00,162.318,9.75,9.232,5.491,0.4536,MQTT,actuator
2025-01-09T07:19:00,149.629,17.414,6.023,13.378,0.8518,MQTT,actuator
2025-01-08T16:08:00,23.08,259.632,1.15,0.323,0.3923,LoRaWAN,smart_meter
2025-01-09T09:50:00,1831.141,83.703,1.663,128.351,0.4414,HTTPS,camera
2025-01-07T23:14:00,104.462,15.17,7.024,8.677,1.0609,MQTT,actuator
2025-01-09T07:51:00,96.336,25.104,4.07,3.279,2.5521,MQTT,env_sensor
2025-01-09T10:27:00,938.868,69.198,4.89,79.176,1.3265,HTTPS,gateway
2025-01-09T00:34:00,1334.23,54.206,0.1,132.974,1.0506,HTTPS,camera
2025-01-08T21:23:00,82.585,24.754,3.757,3.908,1.172,MQTT,env_sensor
2025-01-09T13:10:00,64.653,22.054,1.789,0.05,0.1848,MQTT,env_sensor
2025-01-07T23:31:00,101.999,30.234,6.669,7.982,1.7491,CoAP,env_sensor
2025-01-09T15:11:00,139.889,32.09,6.232,12.652,0.0,CoAP,gateway
2025-01-09T15:11:00,27.162,227.475,3.564,0.459,3.7884,LoRaWAN,smart_meter
2025-01-08T20:17:00,98.759,20.481,3.043,0.05,0.7434,MQTT,env_sensor
2025-01-08T10:04:00,1252.765,54.878,0.317,181.067,0.5281,HTTPS,camera
2025-01-08T03:50:00,8.0,269.497,2.223,0.5,1.0217,LoRaWAN,smart_meter
2025-01-09T01:38:00,31.074,244.745,3.763,0.957,3.5155,LoRaWAN,smart_meter
2025-01-08T16:52:00,12.135,188.656,2.074,0.217,5.9323,LoRaWAN,smart_meter
2025-01-09T07:00:00,33.914,231.118,0.255,0.733,1.9021,LoRaWAN,smart_meter
2025-01-09T02:24:00,104.728,20.087,2.711,6.395,0.0227,MQTT,actuator
2025-01-08T20:45:00,60.215,33.403,3.376,5.488,1.3296,MQTT,env_sensor
2025-01-08T13:15:00,97.747,18.25,6.7,7.132,0.0,MQTT,actuator
2025-01-08T19:09:00,37.777,89.699,1.434,0.23,5.592,LoRaWAN,smart_meter
2025-01-09T05:00:00,109.884,14.417,1.151,10.546,0.7723,MQTT,actuator
2025-01-09T13:55:00,50.213,20.937,2.673,2.92,0.0,MQTT,env_sensor
2025-01-08T23:14:00,17.297,211.357,4.068,0.221,3.9781,LoRaWAN,smart_meter
2025-01-09T03:33:00,26.217,117.723,1.699,0.277,2.2468,LoRaWAN,smart_meter
2025-01-08T00:48:00,115.082,36.958,1.652,0.05,0.2596,MQTT,env_sensor
2025-01-08T19:35:00,1497.856,36.468,12.55,0.05,2.5343,CoAP,gateway
2025-01-08T00:42:00,63.191,25.059,2.913,7.68,1.1367,MQTT,env_sensor
2025-01-09T09:25:00,980.376,70.855,1.32,118.78,1.4068,HTTPS,camera
2025-01-08T03:37:00,1733.356,83.766,1.744,87.934,0.9578,HTTPS,camera
2025-01-08T22:59:00,113.332,25.279,8.634,8.228,0.5761,MQTT,actuator
2025-01-09T09:02:00,48.842,25.596,3.116,4.847,0.8173,MQTT,env_sensor
2025-01-09T05:29:00,64.633,8.693,1.61,10.464,1.7094,MQTT,env_sensor
2025-01-09T06:49:00,1300.602,57.644,4.522,47.721,2.1827,MQTT,gateway
2025-01-08T04:14:00,63.343,1.0,0.367,4.339,1.3599,MQTT,env_sensor
2025-01-08T08:37:00,1419.643,30.141,7.35,58.986,1.1661,HTTPS,gateway
2025-01-08T07:09:00,54.046,7.622,4.847,4.59,0.094,MQTT,env_sensor
2025-01-08T11:22:00,27.056,292.549,2.682,0.404,5.2909,LoRaWAN,smart_meter
2025-01-09T15:24:00,86.194,34.372,10.397,13.647,0.7268,MQTT,actuator
2025-01-08T00:30:00,100.897,7.561,5.713,17.055,1.9416,MQTT,actuator
2025-01-08T21:50:00,51.378,17.892,1.02,3.44,2.2732,MQTT,env_sensor
2025-01-09T04:50:00,130.841,15.873,9.533,13.211,1.4249,CoAP,actuator
2025-01-09T09:09:00,755.381,43.937,9.3,48.567,1.1071,CoAP,gateway
2025-01-09T04:07:00,850.831,61.419,13.356,82.357,0.3838,HTTPS,gateway
2025-01-09T02:18:00,1836.593,39.631,4.719,190.35,0.3349,HTTPS,camera
2025-01-08T12:14:00,47.114,30.449,0.494,0.05,1.2779,MQTT,env_sensor
2025-01-08T14:21:00,110.177,16.892,2.701,8.125,2.3078,MQTT,env_sensor
2025-01-08T21:34:00,1847.087,48.842,7.04,146.398,0.0,HTTPS,camera
2025-01-09T05:12:00,68.656,28.002,5.433,9.322,0.6046,MQTT,actuator
2025-01-09T15:39:00,77.127,41.029,1.26,6.732,0.9818,MQTT,env_sensor
2025-01-08T10:58:00,655.044,42.165,6.203,110.439,0.2744,HTTPS,gateway
2025-01-08T15:11:00,34.816,222.264,0.649,0.628,1.6736,LoRaWAN,smart_meter
2025-01-08T13:54:00,37.231,107.272,1.478,0.621,2.9673,LoRaWAN,smart_meter
2025-01-08T21:58:00,1297.627,68.943,6.796,107.964,0.839,HTTPS,gateway
2025-01-08T22:46:00,30.427,64.739,6.506,56.894,2.7498,MQTT,gateway
2025-01-08T13:17:00,1094.435,82.949,2.411,19.07,0.303,HTTPS,camera
2025-01-09T01:34:00,620.057,54.639,9.764,82.62,0.6922,HTTPS,camera
2025-01-08T17:54:00,95.952,23.973,4.744,5.33,1.3099,MQTT,env_sensor
2025-01-09T11:37:00,438.198,47.544,16.524,71.967,1.765,CoAP,gateway
2025-01-09T05:44:00,79.846,34.245,10.089,11.059,0.0,MQTT,actuator
2025-01-09T13:11:00,1816.579,47.578,2.076,93.994,0.0,HTTPS,camera
2025-01-07T23:02:00,1348.7,46.115,0.1,57.901,0.8685,HTTPS,gateway
2025-01-09T14:58:00,94.052,22.161,4.841,13.887,0.2181,MQTT,actuator
2025-01-09T16:04:00,35.601,174.832,1.232,0.413,5.9659,LoRaWAN,smart_meter
2025-01-08T09:28:00,70.248,1.0,2.525,2.848,0.781,MQTT,env_sensor
2025-01-08T11:00:00,35.883,174.511,1.957,0.05,2.0586,LoRaWAN,smart_meter
2025-01-07T23:11:00,26.237,218.114,4.181,0.597,2.1315,LoRaWAN,smart_meter
2025-01-08T14:51:00,19.274,138.316,2.653,0.566,1.092,LoRaWAN,smart_meter
2025-01-08T12:39:00,54.286,27.046,6.402,3.446,0.0,CoAP,actuator
2025-01-08T11:16:00,885.098,35.128,8.249,6.125,1.3069,CoAP,gateway
2025-01-08T23:02:00,108.451,31.079,5.394,2.146,2.4991,CoAP,env_sensor
2025-01-08T08:00:00,113.589,4.414,7.843,8.72,0.4669,MQTT,actuator
2025-01-08T17:16:00,17.726,215.684,0.64,0.729,2.8868,LoRaWAN,smart_meter
2025-01-08T12:05:00,79.108,24.485,7.309,13.476,0.8917,MQTT,actuator
2025-01-08T01:16:00,22.964,235.778,1.424,0.05,0.1445,LoRaWAN,smart_meter
2025-01-08T00:27:00,1353.309,37.692,7.894,77.928,1.0751,HTTPS,camera
2025-01-09T15:47:00,13.075,130.98,3.644,0.282,2.8773,LoRaWAN,smart_meter
2025-01-08T12:31:00,18.591,220.833,4.32,0.784,1.2522,LoRaWAN,smart_meter
2025-01-08T06:14:00,130.393,6.771,5.456,9.483,1.7459,MQTT,actuator
2025-01-09T00:07:00,2017.178,55.226,1.531,131.824,1.6193,HTTPS,camera
2025-01-08T04:05:00,36.384,46.581,0.651,2.432,0.8707,MQTT,env_sensor
2025-01-08T18:34:00,997.111,43.608,7.212,164.142,0.6335,HTTPS,camera
2025-01-09T09:10:00,419.449,29.011,8.988,118.048,1.362,CoAP,gateway
2025-01-08T23:00:00,123.779,15.184,5.736,5.651,1.718,MQTT,actuator
2025-01-09T02:54:00,62.016,17.148,6.672,8.944,0.9992,MQTT,actuator
2025-01-09T02:41:00,1775.975,44.237,8.839,136.012,1.3569,HTTPS,camera
2025-01-09T01:35:00,625.321,100.681,0.1,190.846,0.4749,HTTPS,camera
2025-01-09T14:08:00,105.331,10.81,5.76,3.328,0.2111,MQTT,actuator
2025-01-09T08:44:00,15.114,161.89,0.303,0.533,5.2571,LoRaWAN,smart_meter
2025-01-09T07:40:00,11.759,60.062,1.437,0.554,1.7097,MQTT,smart_meter
2025-01-08T14:21:00,1947.247,51.076,5.707,152.513,0.3522,HTTPS,camera
2025-01-08T01:43:00,69.439,22.334,0.572,0.144,0.5764,MQTT,env_sensor
2025-01-08T21:06:00,22.148,174.617,0.1,0.431,2.6905,LoRaWAN,smart_meter
2025-01-09T09:17:00,27.766,212.253,2.263,0.459,4.8529,LoRaWAN,smart_meter
2025-01-09T00:34:00,749.85,31.127,2.447,92.68,0.0388,HTTPS,gateway
2025-01-09T02:47:00,113.242,13.708,9.147,11.189,0.8294,MQTT,actuator
2025-01-08T17:53:00,57.746,36.297,3.035,5.141,0.9408,MQTT,env_sensor
2025-01-08T04:35:00,38.519,140.232,4.381,0.416,4.9678,LoRaWAN,smart_meter
2025-01-08T11:04:00,20.296,1.0,1.824,0.534,3.057,MQTT,smart_meter
2025-01-09T11:13:00,116.311,21.857,6.928,11.434,0.0,CoAP,actuator
2025-01-09T15:30:00,528.663,25.668,14.046,43.599,1.2094,MQTT,gateway
2025-01-09T00:16:00,2766.409,54.788,2.174,62.941,0.0,HTTPS,camera
2025-01-08T10:43:00,29.063,154.551,1.949,0.631,3.4532,LoRaWAN,smart_meter
2025-01-09T07:36:00,22.015,157.402,2.945,1.123,4.7299,MQTT,smart_meter
2025-01-08T06:15:00,83.987,15.598,0.1,1.149,2.0612,MQTT,env_sensor
2025-01-09T05:20:00,83.476,16.775,6.697,2.88,0.0,MQTT,env_sensor
2025-01-09T11:34:00,40.962,210.262,2.841,0.05,0.8434,LoRaWAN,smart_meter
2025-01-08T05:14:00,99.569,26.662,7.236,10.566,1.1217,MQTT,actuator
2025-01-09T11:25:00,729.519,29.605,17.883,0.05,1.865,CoAP,gateway
2025-01-08T21:30:00,67.378,33.302,3.798,0.05,0.1324,MQTT,env_sensor
2025-01-08T12:42:00,91.831,17.295,5.886,4.864,1.9361,MQTT,actuator
2025-01-08T19:34:00,1323.648,26.215,7.348,35.757,1.5748,CoAP,gateway
2025-01-08T19:38:00,39.335,242.795,2.591,0.05,4.9825,LoRaWAN,smart_meter
2025-01-08T18:20:00,1095.576,28.616,0.861,90.175,0.3732,HTTPS,gateway
2025-01-08T11:37:00,2137.67,90.533,4.785,206.786,0.1356,HTTPS,camera
2025-01-08T11:06:00,42.461,201.682,1.139,0.233,3.8574,LoRaWAN,smart_meter
2025-01-08T03:16:00,121.824,15.594,6.443,8.138,1.7711,CoAP,actuator
2025-01-09T05:47:00,39.456,102.09,0.337,0.487,3.2067,LoRaWAN,smart_meter
2025-01-09T08:07:00,1098.752,37.289,4.495,106.002,0.528,HTTPS,camera
2025-01-08T18:26:00,171.269,29.924,11.408,8.062,0.5551,MQTT,actuator
2025-01-09T02:14:00,1198.893,46.838,0.1,221.659,0.2436,HTTPS,camera
2025-01-08T03:05:00,37.274,135.334,0.777,0.362,2.6116,LoRaWAN,smart_meter
2025-01-09T11:19:00,629.699,50.0,15.912,54.3,0.9662,HTTPS,gateway
2025-01-09T15:08:00,28.026,165.561,1.664,0.633,4.858,LoRaWAN,smart_meter
2025-01-08T19:58:00,1410.585,50.702,14.81,81.673,0.0,HTTPS,gateway
2025-01-08T09:19:00,48.155,28.791,4.813,4.187,1.6309,MQTT,env_sensor
2025-01-08T03:01:00,1022.334,58.262,3.908,101.712,2.1344,HTTPS,gateway
2025-01-08T01:58:00,2098.97,50.963,5.887,187.737,0.8385,HTTPS,camera
2025-01-09T08:33:00,87.109,30.908,4.783,3.14,3.1703,MQTT,env_sensor
2025-01-09T16:12:00,2671.807,23.632,2.273,242.277,0.1949,HTTPS,camera
2025-01-08T05:47:00,1270.992,24.635,7.912,28.061,0.8513,HTTPS,gateway
2025-01-08T08:02:00,91.614,16.434,2.055,0.05,0.2847,MQTT,env_sensor
2025-01-08T05:24:00,1298.783,48.262,8.295,81.635,0.0,HTTPS,gateway
2025-01-09T13:25:00,876.201,49.339,10.558,30.244,1.2405,CoAP,gateway
2025-01-08T02:13:00,28.169,245.393,0.1,0.291,2.1082,LoRaWAN,smart_meter
2025-01-08T01:37:00,2024.751,31.65,15.225,51.379,0.0,HTTPS,gateway
2025-01-09T09:03:00,1635.804,3.576,3.906,99.413,0.0,HTTPS,camera
2025-01-08T03:54:00,531.482,29.693,5.161,78.665,0.2631,HTTPS,gateway
2025-01-08T04:06:00,2719.29,39.085,1.509,124.208,0.528,HTTPS,camera
2025-01-08T02:23:00,130.074,7.049,11.495,15.712,0.6134,MQTT,actuator
2025-01-08T02:49:00,1702.993,21.163,7.998,77.714,1.422,CoAP,gateway
2025-01-08T22:47:00,33.956,32.404,2.819,5.273,0.7444,MQTT,env_sensor
2025-01-09T08:58:00,27.84,128.806,2.329,0.06,6.83,LoRaWAN,smart_meter
2025-01-08T08:26:00,746.496,121.439,6.353,236.15,0.1742,HTTPS,camera
2025-01-08T22:51:00,90.548,17.364,5.838,9.346,1.0661,MQTT,actuator
2025-01-08T18:51:00,116.911,29.574,0.451,0.092,0.495,MQTT,env_sensor
2025-01-08T05:24:00,74.269,24.623,1.862,6.245,0.7529,MQTT,env_sensor
2025-01-09T15:02:00,103.185,20.876,2.726,2.772,1.0343,MQTT,env_sensor
2025-01-08T20:58:00,62.247,28.554,1.666,9.062,2.6285,MQTT,env_sensor
2025-01-09T14:22:00,130.126,19.151,5.905,4.213,0.2244,CoAP,actuator
2025-01-08T12:06:00,550.105,51.227,0.1,185.207,1.1579,HTTPS,camera
2025-01-08T09:16:00,37.672,26.0,3.152,5.033,2.0786,MQTT,env_sensor
2025-01-08T03:24:00,28.935,267.896,0.1,0.379,7.2204,LoRaWAN,smart_meter
2025-01-08T00:15:00,18.042,122.45,1.916,0.714,3.785,LoRaWAN,smart_meter
2025-01-09T06:00:00,39.866,269.55,0.972,0.477,6.1911,LoRaWAN,smart_meter
2025-01-08T12:56:00,378.831,42.436,8.59,67.003,1.7547,CoAP,gateway
2025-01-08T23:59:00,1076.337,46.585,11.438,76.238,2.8434,HTTPS,gateway
2025-01-09T03:59:00,1184.616,14.07,2.192,158.243,0.5298,HTTPS,camera
2025-01-08T12:41:00,742.609,27.157,5.222,75.889,0.9046,HTTPS,gateway
2025-01-09T08:27:00,79.217,2.944,5.656,9.202,0.6565,MQTT,actuator
2025-01-08T04:30:00,2232.935,65.489,7.063,77.595,0.4307,HTTPS,camera
2025-01-08T04:39:00,1603.236,49.285,0.1,149.487,0.4505,HTTPS,camera
2025-01-09T12:40:00,32.124,227.907,4.817,0.664,2.3767,LoRaWAN,smart_meter
2025-01-08T07:36:00,121.128,23.842,9.923,10.392,0.4211,MQTT,actuator
2025-01-07T23:01:00,52.66,33.878,0.509,0.05,0.829,MQTT,env_sensor
2025-01-08T17:13:00,80.687,31.13,4.02,4.706,0.0,MQTT,env_sensor
2025-01-09T07:36:00,2164.276,100.368,5.749,87.549,0.2459,HTTPS,camera
2025-01-09T13:33:00,88.285,24.558,16.47,2.36,0.7979,MQTT,actuator
2025-01-09T07:51:00,1030.715,32.022,15.099,25.599,0.2122,HTTPS,gateway
2025-01-09T08:03:00,20.414,150.474,2.545,0.439,1.8828,LoRaWAN,smart_meter
2025-01-08T04:26:00,77.015,15.132,1.178,11.702,0.548,MQTT,actuator
2025-01-08T04:25:00,1125.726,30.349,9.159,76.055,1.2741,HTTPS,gateway
2025-01-08T05:51:00,223.145,60.962,0.1,73.586,1.1664,MQTT,gateway
2025-01-08T22:32:00,102.5,7.631,0.996,3.253,1.618,MQTT,env_sensor
2025-01-09T09:18:00,52.371,33.443,4.789,3.944,0.3709,MQTT,env_sensor
2025-01-08T10:55:00,2263.606,47.21,6.891,89.677,0.2313,HTTPS,camera
2025-01-08T13:57:00,109.601,15.795,11.904,3.589,0.2338,MQTT,actuator
2025-01-09T06:36:00,73.494,27.109,4.687,6.207,2.7157,MQTT,env_sensor
2025-01-08T15:14:00,1477.243,35.736,7.017,19.678,0.6603,HTTPS,gateway
2025-01-08T20:01:00,1480.766,55.901,15.991,0.557,0.4603,HTTPS,gateway
2025-01-08T21:13:00,117.533,19.247,2.497,7.705,0.1748,MQTT,actuator
2025-01-08T10:37:00,58.959,39.3,3.337,3.652,1.5672,MQTT,env_sensor
2025-01-08T06:54:00,330.018,55.143,15.375,73.497,0.6239,HTTPS,gateway
2025-01-09T07:02:00,619.527,36.913,14.374,30.755,1.2541,CoAP,gateway
2025-01-09T05:13:00,75.488,20.436,5.011,5.443,1.0751,MQTT,env_sensor
2025-01-07T22:41:00,1111.547,48.66,11.889,142.219,2.744,HTTPS,gateway
2025-01-08T15:23:00,22.016,146.363,3.48,0.289,0.0,LoRaWAN,smart_meter
2025-01-08T08:25:00,1518.479,1.449,6.106,82.087,0.0,HTTPS,gateway
2025-01-09T05:33:00,146.312,16.626,11.597,5.575,0.892,CoAP,actuator
2025-01-09T04:08:00,1024.686,87.033,1.017,159.328,0.0,HTTPS,camera
2025-01-09T02:40:00,652.665,42.229,13.761,116.776,2.4476,CoAP,gateway
2025-01-08T10:34:00,1465.42,23.903,4.897,10.506,2.1346,HTTPS,gateway
2025-01-09T01:21:00,120.447,9.002,8.711,7.06,1.1808,MQTT,actuator
2025-01-08T03:35:00,109.994,22.915,3.447,0.05,0.0159,MQTT,actuator
2025-01-08T15:12:00,576.735,82.18,0.388,51.555,0.0,HTTPS,camera
2025-01-08T16:50:00,255.291,57.377,7.846,86.043,0.0,HTTPS,gateway
2025-01-07T22:47:00,60.269,29.458,4.91,5.588,0.0,MQTT,env_sensor
2025-01-09T01:54:00,1306.785,49.23,3.938,108.826,0.4148,HTTPS,camera
2025-01-08T18:24:00,24.289,115.159,0.9,0.389,5.4123,LoRaWAN,smart_meter
2025-01-08T08:02:00,665.293,44.409,6.968,112.489,1.1311,CoAP,gateway
2025-01-08T19:39:00,48.316,98.41,0.694,0.505,2.9469,LoRaWAN,smart_meter
2025-01-08T02:47:00,768.497,46.829,2.677,104.274,1.2377,HTTPS,gateway
2025-01-07T23:02:00,86.369,32.792,7.789,0.365,0.0,MQTT,env_sensor
2025-01-09T11:19:00,173.818,13.101,4.868,7.112,1.1622,MQTT,actuator
2025-01-09T01:43:00,1491.727,18.513,4.224,84.215,0.846,HTTPS,gateway
2025-01-08T21:08:00,714.461,43.025,11.839,32.997,0.4041,HTTPS,gateway
2025-01-09T08:59:00,97.606,26.041,3.916,3.86,0.0,MQTT,env_sensor
2025-01-09T01:21:00,56.669,20.826,3.872,2.625,0.8287,MQTT,env_sensor
2025-01-09T00:13:00,1119.098,38.238,6.8,50.49,0.6831,HTTPS,camera
2025-01-07T23:40:00,615.614,50.751,3.206,11.418,0.1356,HTTPS,gateway
2025-01-08T15:38:00,1202.621,89.869,3.138,156.206,0.8973,HTTPS,camera
2025-01-09T15:16:00,35.119,335.155,5.3,0.628,3.836,LoRaWAN,smart_meter
2025-01-09T02:27:00,936.061,28.004,10.392,14.147,2.6522,CoAP,gateway
2025-01-08T22:00:00,833.973,8.671,7.128,41.509,0.5298,CoAP,gateway
2025-01-09T08:27:00,943.75,36.631,9.245,130.08,1.0529,CoAP,gateway
2025-01-09T10:36:00,2162.495,64.297,8.679,78.827,0.5381,HTTPS,camera
2025-01-09T16:08:00,42.046,15.853,3.118,4.514,1.1506,MQTT,env_sensor
2025-01-08T20:43:00,1607.801,39.857,6.91,78.512,0.8401,HTTPS,gateway
2025-01-08T02:53:00,1797.454,40.362,0.1,65.38,0.8471,HTTPS,gateway
2025-01-09T12:57:00,176.994,11.131,9.218,1.513,1.8055,MQTT,actuator
2025-01-09T12:50:00,56.139,21.997,0.614,1.352,0.1318,MQTT,env_sensor
2025-01-09T07:43:00,91.375,1.0,0.1,0.05,0.3772,MQTT,env_sensor
2025-01-08T11:23:00,1421.26,74.729,1.703,67.339,1.6226,HTTPS,gateway
2025-01-08T08:43:00,44.964,8.087,6.68,3.914,0.3879,MQTT,env_sensor
2025-01-09T11:14:00,107.213,21.183,11.729,6.609,0.369,MQTT,actuator
2025-01-09T00:05:00,912.076,47.775,5.163,78.972,2.9592,CoAP,gateway
2025-01-08T08:43:00,17.246,147.253,4.924,0.549,2.015,LoRaWAN,smart_meter
2025-01-09T06:38:00,54.463,8.44,1.724,5.523,0.7337,MQTT,env_sensor
2025-01-08T14:43:00,127.935,11.864,11.866,7.806,0.4063,MQTT,actuator
2025-01-09T00:37:00,434.006,23.806,2.804,124.144,0.7464,HTTPS,camera
2025-01-08T00:02:00,78.585,45.827,7.098,22.199,1.1859,CoAP,gateway
2025-01-09T00:22:00,82.984,32.343,1.193,0.489,1.1187,MQTT,env_sensor
2025-01-09T07:23:00,269.287,39.99,9.224,86.607,1.0763,CoAP,gateway
2025-01-09T06:08:00,1180.521,24.113,7.207,39.598,1.0528,CoAP,gateway
2025-01-08T08:01:00,130.463,17.976,6.77,7.169,0.0,MQTT,actuator
2025-01-09T02:19:00,80.467,2.505,4.919,1.526,0.0,MQTT,actuator
2025-01-08T13:07:00,52.452,38.714,0.1,0.444,1.7338,MQTT,env_sensor
2025-01-08T20:00:00,30.713,194.886,1.17,0.743,4.7368,LoRaWAN,smart_meter
2025-01-08T02:28:00,1802.99,41.607,6.752,0.05,1.2341,CoAP,camera
2025-01-09T00:02:00,2886.37,94.045,2.091,45.953,0.6621,HTTPS,camera
2025-01-08T09:29:00,86.389,8.729,4.577,2.86,1.4625,MQTT,env_sensor
2025-01-08T20:19:00,58.949,11.132,0.1,0.05,2.1986,MQTT,env_sensor
2025-01-08T00:16:00,1495.631,23.807,10.485,54.257,1.0274,HTTPS,gateway
2025-01-08T18:56:00,125.757,18.195,8.298,11.742,0.2011,MQTT,actuator
2025-01-08T22:01:00,139.534,17.251,6.121,14.768,0.7599,MQTT,actuator
2025-01-08T21:18:00,98.23,28.949,6.196,10.303,0.488,MQTT,actuator
2025-01-08T02:42:00,895.585,54.846,9.143,62.295,0.5869,HTTPS,gateway
2025-01-09T07:54:00,2802.066,49.1,3.499,109.568,0.9293,HTTPS,camera
2025-01-08T04:08:00,43.274,223.19,0.671,0.325,4.7029,LoRaWAN,smart_meter
2025-01-09T03:04:00,26.859,168.135,3.497,0.437,4.6288,LoRaWAN,smart_meter
2025-01-09T16:13:00,19.818,126.055,4.672,0.05,2.8742,LoRaWAN,smart_meter
2025-01-09T09:13:00,177.698,17.654,1.144,8.601,0.1531,MQTT,actuator
2025-01-08T18:11:00,1651.897,7.141,3.308,97.101,0.0,HTTPS,camera
2025-01-08T17:29:00,62.98,7.795,3.015,3.402,0.0,MQTT,env_sensor
2025-01-09T05:47:00,1965.835,58.348,0.907,145.696,1.4024,HTTPS,camera
2025-01-09T06:58:00,521.542,40.363,12.654,114.653,2.6266,CoAP,gateway
2025-01-08T17:49:00,898.114,63.161,11.999,55.17,1.3451,CoAP,gateway
2025-01-08T23:50:00,96.77,15.231,3.042,9.385,0.3404,MQTT,env_sensor
2025-01-09T10:51:00,604.495,50.38,12.131,46.846,1.317,CoAP,gateway
2025-01-08T12:09:00,691.35,92.587,2.242,86.726,0.5881,HTTPS,camera
2025-01-08T16:27:00,108.374,23.479,1.395,6.808,0.6546,MQTT,actuator
2025-01-08T16:14:00,164.134,31.43,8.391,0.05,0.3424,MQTT,gateway
2025-01-09T00:51:00,794.621,38.913,2.255,100.801,0.6023,HTTPS,camera
2025-01-09T03:21:00,253.05,37.475,3.094,2.612,0.0268,MQTT,camera
2025-01-08T17:58:00,581.704,71.13,5.065,207.298,0.8722,HTTPS,camera
2025-01-08T21:21:00,115.165,11.823,11.313,0.05,0.2168,MQTT,actuator
2025-01-09T11:19:00,21.803,219.937,2.997,0.52,3.6621,LoRaWAN,smart_meter
2025-01-08T07:10:00,1219.168,45.343,4.363,203.775,0.0,HTTPS,camera
2025-01-09T01:09:00,112.447,22.968,4.349,5.064,0.7375,MQTT,actuator
2025-01-08T08:23:00,85.128,27.614,1.396,1.216,2.8327,MQTT,env_sensor
2025-01-08T16:25:00,148.349,27.556,3.758,9.355,2.3712,MQTT,actuator
2025-01-08T06:12:00,112.465,12.582,5.456,11.067,0.0,CoAP,actuator
2025-01-09T06:21:00,29.577,117.764,0.1,0.951,1.4421,LoRaWAN,smart_meter
2025-01-08T01:27:00,746.521,43.563,9.502,9.899,2.04,CoAP,gateway
2025-01-08T23:08:00,2693.63,123.324,2.514,175.792,0.891,HTTPS,camera
2025-01-09T10:44:00,88.12,31.291,2.822,4.913,2.1846,MQTT,env_sensor
2025-01-09T04:26:00,38.892,197.096,4.977,0.758,5.9867,LoRaWAN,smart_meter
2025-01-09T04:58:00,1079.924,89.104,14.118,56.756,0.0,HTTPS,gateway
2025-01-09T02:19:00,1554.127,97.099,2.392,65.591,0.9597,HTTPS,gateway
2025-01-08T01:48:00,124.34,22.209,10.312,9.085,1.1708,MQTT,actuator
2025-01-08T04:33:00,103.196,8.215,4.643,11.256,1.147,MQTT,actuator
2025-01-08T16:54:00,114.957,18.106,7.689,0.05,0.6399,MQTT,actuator
2025-01-08T00:04:00,24.487,164.459,0.226,0.275,2.3499,LoRaWAN,smart_meter
2025-01-09T13:57:00,2776.643,74.818,5.501,122.359,0.135,HTTPS,camera
2025-01-08T15:07:00,49.555,38.396,3.928,3.198,1.6146,MQTT,env_sensor
2025-01-08T03:29:00,54.658,16.223,3.462,6.576,1.343,MQTT,env_sensor
2025-01-09T13:55:00,138.745,18.013,4.462,11.544,0.9804,MQTT,actuator
2025-01-08T04:15:00,1419.305,49.171,9.596,14.662,1.4223,CoAP,gateway
2025-01-08T05:11:00,1359.061,54.372,11.363,41.478,2.4248,MQTT,gateway
2025-01-08T07:11:00,33.374,222.059,0.932,0.323,3.3533,LoRaWAN,smart_meter
2025-01-09T14:33:00,2095.434,53.884,3.799,12.316,1.1615,HTTPS,gateway
2025-01-09T00:12:00,120.727,21.86,2.041,5.845,1.9415,MQTT,actuator
2025-01-08T22:01:00,454.689,44.681,7.833,50.547,0.9114,HTTPS,gateway
2025-01-08T10:51:00,16.003,149.922,3.622,0.354,3.0574,LoRaWAN,smart_meter
2025-01-08T05:32:00,365.402,80.766,8.507,4.623,3.5155,CoAP,gateway
2025-01-09T12:42:00,102.681,16.942,1.511,5.705,0.6808,MQTT,env_sensor
2025-01-09T14:01:00,91.977,42.259,1.646,6.224,0.9534,MQTT,env_sensor
2025-01-08T14:55:00,287.872,50.582,12.195,45.508,0.0,CoAP,gateway
2025-01-08T01:54:00,204.855,22.801,3.339,89.627,0.7344,HTTPS,gateway
2025-01-08T14:09:00,1055.813,51.355,5.694,15.05,0.9265,HTTPS,gateway
2025-01-09T07:30:00,28.758,23.366,3.532,4.552,1.6503,MQTT,env_sensor
2025-01-09T13:25:00,48.461,38.914,1.201,257.487,0.8899,HTTPS,camera
2025-01-09T05:03:00,531.054,63.852,10.358,109.633,1.213,CoAP,gateway
2025-01-08T02:57:00,67.236,31.306,3.841,4.393,2.1158,MQTT,env_sensor
2025-01-08T04:39:00,98.164,26.965,4.35,4.764,1.4758,MQTT,env_sensor
2025-01-09T05:56:00,453.337,29.606,0.663,133.532,1.0757,MQTT,camera
2025-01-09T08:29:00,874.255,40.569,10.7,53.962,2.1304,CoAP,gateway
2025-01-08T09:02:00,81.377,28.355,2.413,7.352,1.6385,MQTT,env_sensor
2025-01-08T10:04:00,66.119,1.0,0.818,9.998,1.7511,MQTT,env_sensor
2025-01-09T08:55:00,25.282,1.0,0.221,0.309,1.6282,MQTT,smart_meter
2025-01-09T04:54:00,62.65,17.873,2.868,6.966,0.6073,MQTT,actuator
2025-01-09T05:14:00,92.437,25.064,0.974,4.158,1.3867,MQTT,env_sensor
2025-01-08T00:47:00,40.789,231.13,2.086,0.419,0.0,LoRaWAN,smart_meter
2025-01-09T07:10:00,72.295,28.323,1.235,5.753,0.0,MQTT,env_sensor
2025-01-08T01:24:00,26.238,129.133,1.222,0.05,5.8523,LoRaWAN,smart_meter
2025-01-09T10:43:00,1193.163,35.589,13.359,69.707,0.1086,HTTPS,gateway
2025-01-09T11:22:00,2172.337,49.807,0.1,215.679,1.6011,HTTPS,camera
2025-01-09T15:41:00,134.99,24.189,3.45,11.359,0.0,MQTT,actuator
2025-01-08T22:15:00,121.668,16.205,1.821,9.246,0.4787,MQTT,actuator
2025-01-08T10:19:00,48.992,56.17,2.836,0.05,1.8057,LoRaWAN,env_sensor
2025-01-08T15:06:00,88.151,23.798,4.511,10.212,1.0542,MQTT,actuator
2025-01-08T20:39:00,20.265,229.991,1.644,0.125,0.9482,LoRaWAN,smart_meter
2025-01-08T08:27:00,99.438,9.932,6.321,0.05,1.4873,MQTT,actuator
2025-01-08T01:02:00,764.587,71.127,0.602,113.156,0.6787,HTTPS,camera
2025-01-08T10:52:00,1407.01,19.371,2.697,23.298,1.7751,MQTT,gateway
2025-01-08T06:32:00,34.121,198.351,4.775,0.081,0.7973,LoRaWAN,smart_meter
2025-01-09T07:57:00,24.283,193.683,1.235,0.05,6.6313,LoRaWAN,smart_meter
2025-01-07T22:58:00,45.407,84.626,1.611,0.714,1.627,LoRaWAN,smart_meter
2025-01-08T17:48:00,1113.649,54.589,8.07,37.61,0.0,HTTPS,gateway
2025-01-08T02:34:00,647.565,54.209,3.413,156.624,1.7003,CoAP,gateway
2025-01-08T01:18:00,109.843,5.798,5.421,8.339,0.0,MQTT,actuator
2025-01-09T10:17:00,20.816,236.481,3.743,0.169,3.3939,LoRaWAN,smart_meter
2025-01-08T15:45:00,35.095,128.723,1.185,0.613,6.5544,LoRaWAN,smart_meter
2025-01-08T11:49:00,3446.244,87.842,3.632,85.149,0.5797,HTTPS,camera
2025-01-08T14:15:00,99.726,13.235,11.626,0.356,1.0709,CoAP,actuator
2025-01-08T08:54:00,52.084,29.398,6.301,11.815,1.5109,MQTT,env_sensor
2025-01-08T02:44:00,1920.879,13.652,0.1,102.652,1.0747,HTTPS,camera
2025-01-08T17:10:00,85.992,16.458,2.845,2.581,0.3424,MQTT,actuator
2025-01-08T15:47:00,118.607,1.0,4.834,90.224,1.4097,MQTT,gateway
2025-01-08T09:41:00,48.973,25.526,2.137,0.05,2.0259,MQTT,env_sensor
2025-01-08T14:20:00,78.468,20.355,7.039,4.788,0.9176,CoAP,actuator
2025-01-09T10:06:00,462.475,21.523,14.695,87.825,2.1285,CoAP,gateway
2025-01-08T05:08:00,1784.911,25.595,4.385,137.929,0.7999,HTTPS,camera
2025-01-08T06:09:00,32.152,213.112,2.043,0.364,2.4136,LoRaWAN,smart_meter
2025-01-08T19:22:00,116.536,95.807,0.1,249.658,0.435,HTTPS,camera
2025-01-09T10:50:00,145.23,73.669,1.624,76.097,1.7842,MQTT,gateway
2025-01-09T05:52:00,94.233,36.161,0.27,2.493,1.4245,MQTT,env_sensor
2025-01-08T21:22:00,71.296,8.491,8.181,6.903,1.111,MQTT,actuator
2025-01-08T19:24:00,65.229,36.063,2.305,7.327,1.4319,MQTT,env_sensor
2025-01-08T01:38:00,21.925,183.242,2.418,0.423,2.957,LoRaWAN,smart_meter
2025-01-09T08:29:00,97.519,41.589,2.214,5.403,1.2593,MQTT,env_sensor
2025-01-08T21:00:00,40.424,186.46,0.558,0.05,3.3473,LoRaWAN,smart_meter
2025-01-09T15:18:00,663.941,44.165,12.47,88.515,1.7573,CoAP,gateway
2025-01-08T16:08:00,117.145,37.639,4.423,2.475,1.5788,MQTT,env_sensor
2025-01-09T01:11:00,33.663,43.168,5.079,0.219,4.2587,MQTT,smart_meter
2025-01-09T10:17:00,923.51,32.263,11.307,86.904,0.1527,HTTPS,gateway
2025-01-09T11:28:00,1498.802,31.711,11.466,83.637,0.7962,HTTPS,camera
2025-01-07T23:33:00,310.819,64.387,4.598,13.975,0.8877,HTTPS,camera
2025-01-08T22:33:00,1687.637,56.98,0.1,177.732,0.9148,HTTPS,camera
2025-01-09T04:09:00,24.715,194.033,3.136,0.05,0.1257,LoRaWAN,smart_meter
2025-01-08T16:56:00,93.591,13.905,4.144,3.505,1.6795,MQTT,env_sensor
2025-01-08T06:43:00,24.259,158.917,0.268,0.761,0.8617,LoRaWAN,smart_meter
2025-01-08T23:07:00,62.628,28.84,1.141,3.419,0.0,MQTT,env_sensor
2025-01-08T15:22:00,1139.412,56.679,6.586,54.762,0.8308,HTTPS,gateway
2025-01-08T02:13:00,793.869,56.318,13.579,113.276,0.6889,HTTPS,gateway
2025-01-09T07:54:00,155.175,22.713,6.368,6.437,2.0424,MQTT,actuator
2025-01-09T15:14:00,155.539,44.225,4.318,95.407,3.1174,MQTT,gateway
2025-01-08T00:22:00,364.745,35.404,9.438,30.196,1.3979,CoAP,gateway
2025-01-09T16:05:00,45.563,284.16,1.184,0.432,0.8346,LoRaWAN,smart_meter
2025-01-08T11:40:00,23.207,128.764,1.797,0.05,2.7891,LoRaWAN,smart_meter
2025-01-09T10:24:00,81.674,27.266,1.793,5.447,1.8124,MQTT,env_sensor
2025-01-09T07:57:00,112.167,22.622,7.744,4.392,1.1669,MQTT,actuator
2025-01-09T11:49:00,127.405,8.582,6.27,11.38,0.4472,MQTT,actuator
2025-01-08T16:19:00,71.286,21.514,1.637,14.292,1.7053,MQTT,actuator
2025-01-07T23:57:00,39.202,171.691,2.72,0.193,5.4108,LoRaWAN,smart_meter
2025-01-09T02:49:00,66.322,29.954,0.957,8.456,0.0,MQTT,actuator
2025-01-09T08:47:00,114.252,10.723,4.666,6.402,1.1238,MQTT,actuator
2025-01-08T00:01:00,1041.681,48.934,11.783,58.223,0.7152,HTTPS,gateway
2025-01-09T07:49:00,1329.796,68.196,5.995,105.9,1.6149,HTTPS,gateway
2025-01-08T02:48:00,1669.047,79.818,8.922,151.445,1.0666,HTTPS,camera
2025-01-08T21:25:00,1240.603,96.813,2.159,176.192,0.7716,HTTPS,camera
2025-01-09T11:23:00,26.478,314.424,1.724,0.334,3.5142,LoRaWAN,smart_meter
2025-01-08T17:50:00,1147.894,50.688,0.1,109.8,0.8379,HTTPS,camera
2025-01-08T16:17:00,595.353,1.0,8.567,33.135,1.9379,CoAP,gateway
2025-01-08T16:45:00,109.516,25.236,4.05,4.871,0.5676,MQTT,actuator
2025-01-08T15:26:00,91.146,1.0,10.212,6.77,1.7286,MQTT,actuator
2025-01-08T11:12:00,15.827,154.075,2.898,1.123,2.4101,MQTT,smart_meter
2025-01-08T12:13:00,1069.858,72.444,7.905,57.687,0.0,HTTPS,camera
2025-01-08T17:37:00,72.574,23.124,4.917,2.804,1.0276,MQTT,env_sensor
2025-01-08T10:19:00,26.153,180.28,0.434,0.208,0.0,LoRaWAN,smart_meter
2025-01-08T17:16:00,1063.18,43.405,1.506,99.876,1.1372,HTTPS,gateway
2025-01-08T09:22:00,1411.666,106.77,0.1,135.804,1.1692,HTTPS,camera
2025-01-09T03:59:00,1555.507,18.773,12.844,4.754,1.3743,CoAP,gateway
2025-01-09T07:02:00,96.379,21.16,3.719,4.581,0.0,MQTT,actuator
2025-01-09T11:04:00,89.773,19.001,5.573,7.515,1.1186,MQTT,actuator
2025-01-08T23:32:00,36.409,137.414,3.214,0.05,1.8008,LoRaWAN,smart_meter
2025-01-08T01:00:00,577.163,47.794,15.152,96.032,1.5677,CoAP,gateway
2025-01-08T20:48:00,101.848,24.904,5.703,14.141,0.24,MQTT,actuator
2025-01-09T09:26:00,33.569,187.973,2.955,0.514,2.2105,LoRaWAN,smart_meter
2025-01-08T13:05:00,81.348,36.749,1.064,4.637,1.3204,MQTT,env_sensor
2025-01-08T10:43:00,2616.702,93.001,4.252,207.878,1.2424,HTTPS,camera
2025-01-09T11:27:00,104.012,19.422,11.16,3.386,0.4056,CoAP,actuator
2025-01-09T10:34:00,29.285,214.804,2.569,0.647,1.9074,LoRaWAN,smart_meter
2025-01-08T14:30:00,1280.616,37.608,1.799,25.98,0.0,HTTPS,gateway
2025-01-07T23:49:00,19.198,168.134,2.385,0.723,2.0633,LoRaWAN,smart_meter
2025-01-08T22:49:00,8.0,233.454,3.671,0.661,4.3685,LoRaWAN,smart_meter
2025-01-08T09:55:00,65.809,21.944,3.476,0.85,0.0,MQTT,env_sensor
2025-01-08T21:37:00,47.107,27.898,4.588,4.379,0.0,MQTT,env_sensor
2025-01-08T22:59:00,95.262,27.124,3.872,6.686,0.2144,MQTT,env_sensor
2025-01-09T10:54:00,334.698,59.536,4.275,42.88,0.4319,HTTPS,gateway
2025-01-08T10:41:00,133.971,23.034,3.728,5.798,0.0,MQTT,env_sensor
2025-01-08T20:58:00,853.702,51.272,6.325,52.483,2.0,CoAP,gateway
2025-01-09T00:11:00,32.228,201.057,1.272,0.184,3.3143,LoRaWAN,smart_meter
2025-01-09T08:01:00,71.272,16.078,5.169,5.783,4.0452,MQTT,env_sensor
2025-01-08T09:04:00,8.0,33.227,5.439,50.766,0.0,HTTPS,gateway
2025-01-08T21:34:00,1412.696,43.674,8.384,17.182,3.1774,CoAP,gateway
2025-01-08T01:38:00,1101.638,1.0,1.156,117.05,0.7763,HTTPS,camera
2025-01-08T00:24:00,843.481,59.683,4.946,19.002,0.6202,HTTPS,gateway
2025-01-09T11:28:00,111.575,23.16,5.841,11.513,0.5896,CoAP,actuator
2025-01-08T07:04:00,31.685,197.008,0.411,0.371,5.2177,LoRaWAN,smart_meter
2025-01-09T07:13:00,181.83,34.254,0.923,3.928,0.0,MQTT,actuator
2025-01-08T15:51:00,2330.212,69.416,2.875,36.58,0.9167,HTTPS,camera
2025-01-08T16:40:00,74.882,25.359,0.523,5.027,0.8922,MQTT,env_sensor
2025-01-09T09:29:00,87.932,27.505,5.021,7.012,0.0,MQTT,actuator
2025-01-09T13:19:00,651.926,43.781,10.68,113.368,0.9792,HTTPS,gateway
2025-01-08T20:49:00,142.75,16.283,7.907,5.416,2.1601,MQTT,actuator
2025-01-08T11:58:00,18.219,160.901,2.028,0.551,0.7994,LoRaWAN,smart_meter
2025-01-09T13:40:00,53.788,33.26,2.646,2.156,0.0,MQTT,env_sensor
2025-01-07T23:54:00,167.602,18.023,3.568,12.859,0.0,MQTT,actuator
2025-01-09T12:46:00,1724.101,90.878,1.384,32.263,0.3691,HTTPS,camera
2025-01-09T13:35:00,53.202,50.713,3.383,64.408,0.7523,HTTPS,gateway
2025-01-08T20:15:00,78.972,29.413,0.505,2.692,2.5677,MQTT,env_sensor
2025-01-07T23:41:00,28.949,135.726,1.174,0.251,2.438,LoRaWAN,smart_meter
2025-01-09T04:15:00,34.291,168.384,3.656,0.146,4.0761,LoRaWAN,smart_meter
2025-01-08T10:18:00,170.964,11.978,5.029,12.273,1.0414,MQTT,actuator
2025-01-08T15:57:00,805.738,26.175,13.739,0.05,1.109,CoAP,gateway
2025-01-09T14:58:00,68.484,15.759,20.012,0.05,0.7012,CoAP,gateway
2025-01-09T15:40:00,22.709,154.006,0.99,0.319,2.3245,LoRaWAN,smart_meter
2025-01-08T07:07:00,139.793,6.568,8.449,2.906,0.7389,MQTT,actuator
2025-01-09T10:45:00,649.269,46.716,6.329,69.788,2.2138,CoAP,gateway
2025-01-09T00:15:00,145.932,13.211,0.44,14.163,0.2159,MQTT,actuator
2025-01-09T00:47:00,13.527,191.865,2.463,0.238,0.0,LoRaWAN,smart_meter
2025-01-09T12:02:00,82.595,31.121,5.313,0.05,2.3739,CoAP,env_sensor
2025-01-09T07:16:00,68.614,32.661,1.782,3.878,0.2732,MQTT,env_sensor
2025-01-08T04:28:00,41.344,39.078,3.42,5.553,1.9714,MQTT,env_sensor
2025-01-09T14:21:00,631.21,98.47,1.736,99.253,0.6883,HTTPS,camera
2025-01-08T06:46:00,60.209,30.44,2.226,7.994,0.9268,MQTT,env_sensor
2025-01-08T08:51:00,421.782,50.671,13.66,140.522,0.8747,HTTPS,gateway
2025-01-09T07:14:00,64.313,4.415,4.422,0.05,0.0,MQTT,env_sensor
2025-01-09T11:33:00,123.39,9.13,9.53,1.319,1.0473,MQTT,actuator
2025-01-09T00:48:00,30.797,186.737,2.574,0.05,3.2085,LoRaWAN,smart_meter
2025-01-09T04:30:00,319.241,60.177,12.458,123.492,0.9136,HTTPS,gateway
2025-01-08T18:52:00,112.118,34.595,10.6,13.354,0.2629,CoAP,actuator
2025-01-09T16:06:00,120.321,7.549,7.493,11.877,0.8789,MQTT,actuator
2025-01-08T07:31:00,1116.644,54.029,15.126,79.989,1.3593,HTTPS,gateway
2025-01-08T03:26:00,1257.333,66.393,6.488,37.546,0.3498,HTTPS,gateway
2025-01-07T22:59:00,88.038,29.285,6.554,7.781,0.0,MQTT,actuator
2025-01-08T02:33:00,890.169,60.113,7.405,66.724,0.9833,HTTPS,gateway
2025-01-09T05:53:00,83.401,4.095,4.938,0.05,0.3979,MQTT,env_sensor
2025-01-08T05:12:00,1026.645,17.768,7.261,35.268,0.8353,HTTPS,gateway
2025-01-08T06:24:00,112.368,25.163,4.18,78.221,0.5257,MQTT,gateway
2025-01-08T05:01:00,34.283,252.309,2.478,0.279,0.0,LoRaWAN,smart_meter
2025-01-08T20:08:00,105.813,12.718,4.232,6.464,0.8792,MQTT,actuator
2025-01-09T14:52:00,23.631,200.998,0.1,0.503,2.7231,LoRaWAN,smart_meter
2025-01-08T22:12:00,69.454,10.54,1.977,7.065,0.247,MQTT,env_sensor
2025-01-09T09:22:00,2124.636,18.119,8.269,139.248,0.4109,HTTPS,camera
2025-01-08T00:40:00,173.278,15.327,1.524,7.746,0.9596,MQTT,actuator
2025-01-08T14:08:00,28.853,321.724,2.964,0.323,5.2648,LoRaWAN,smart_meter
2025-01-08T01:04:00,1457.785,52.71,13.073,46.807,0.9216,HTTPS,gateway
2025-01-09T02:22:00,74.435,22.408,5.529,3.17,1.7774,MQTT,env_sensor
2025-01-08T17:07:00,1384.74,48.432,5.885,71.069,1.6488,HTTPS,gateway
2025-01-09T04:51:00,1024.912,48.995,10.236,47.568,0.7051,HTTPS,gateway
2025-01-08T18:12:00,109.39,11.539,7.618,10.212,1.7772,CoAP,actuator
2025-01-08T07:34:00,975.074,59.887,13.737,48.464,1.457,CoAP,gateway
2025-01-08T03:34:00,1421.395,74.828,4.887,230.914,0.0,HTTPS,camera
2025-01-08T02:45:00,19.581,272.291,1.513,0.328,2.8208,LoRaWAN,smart_meter
2025-01-08T22:39:00,14.75,196.307,3.23,0.293,3.1871,MQTT,smart_meter
2025-01-09T03:14:00,1274.497,51.215,6.033,36.1,0.8524,HTTPS,camera
2025-01-08T05:57:00,2672.596,63.066,0.1,23.241,0.0,HTTPS,camera
2025-01-08T22:25:00,96.724,8.928,13.186,19.439,0.0,MQTT,gateway
2025-01-08T04:26:00,1042.419,94.511,0.1,123.28,0.3707,HTTPS,camera
2025-01-08T17:03:00,1064.509,101.865,3.12,110.763,0.5584,HTTPS,camera
2025-01-08T06:13:00,231.013,63.269,0.1,60.474,0.2887,HTTPS,gateway
2025-01-09T03:54:00,1802.246,36.29,5.086,161.774,0.5391,HTTPS,camera
2025-01-09T03:12:00,26.434,18.946,1.845,3.046,1.4911,MQTT,env_sensor
2025-01-08T14:41:00,2011.937,42.561,6.029,166.473,0.4953,HTTPS,camera
2025-01-08T00:41:00,111.67,23.697,1.296,6.002,0.0,MQTT,actuator
2025-01-09T05:23:00,89.42,21.583,1.33,8.548,1.8594,MQTT,env_sensor
2025-01-08T16:21:00,21.904,43.077,0.1,9.983,2.9034,MQTT,env_sensor
2025-01-08T21:17:00,1650.822,40.32,5.011,235.551,0.9738,HTTPS,camera
2025-01-09T14:57:00,408.097,43.975,19.014,91.93,1.4591,CoAP,gateway
2025-01-08T22:24:00,1236.193,53.924,5.821,96.376,0.6915,HTTPS,camera
2025-01-09T15:08:00,1010.961,54.758,15.179,87.955,1.8592,CoAP,gateway
2025-01-08T00:34:00,28.888,186.637,3.967,0.355,4.263,LoRaWAN,smart_meter
2025-01-09T13:02:00,26.037,141.281,2.859,0.25,1.5047,LoRaWAN,smart_meter
2025-01-08T09:49:00,644.011,34.963,18.642,31.269,0.7359,CoAP,gateway
2025-01-08T22:42:00,1177.355,17.569,9.963,98.042,1.6044,CoAP,gateway
2025-01-08T12:10:00,2162.18,67.055,1.017,98.902,1.3843,HTTPS,camera
2025-01-08T01:33:00,1020.249,75.253,10.226,68.391,0.1831,HTTPS,gateway
2025-01-09T11:00:00,32.133,220.918,1.541,0.468,4.8597,LoRaWAN,smart_meter
2025-01-08T12:54:00,1441.638,10.52,2.125,100.98,0.0396,HTTPS,camera
2025-01-08T14:35:00,1610.362,85.366,1.625,140.49,0.2548,HTTPS,camera
2025-01-08T05:29:00,81.259,4.167,2.597,0.05,1.3594,MQTT,actuator
2025-01-08T11:35:00,12.695,96.676,0.91,0.447,1.4147,MQTT,smart_meter
2025-01-09T14:11:00,74.964,26.207,0.822,2.377,1.5972,MQTT,env_sensor
2025-01-09T14:00:00,102.62,16.803,5.802,2.029,1.5965,MQTT,actuator
2025-01-09T06:15:00,1640.423,55.899,10.576,140.412,1.0231,HTTPS,gateway
2025-01-09T10:56:00,72.103,33.183,5.172,2.44,0.8509,CoAP,env_sensor
2025-01-08T21:03:00,1601.809,66.818,4.121,193.374,1.4127,HTTPS,camera
2025-01-09T05:44:00,1156.138,6.51,8.136,70.683,0.2872,HTTPS,gateway
2025-01-09T05:42:00,1249.504,75.903,3.864,271.881,0.601,HTTPS,camera
2025-01-09T12:46:00,107.393,16.916,6.724,11.229,1.0681,MQTT,actuator
2025-01-08T19:40:00,8.0,17.081,4.14,4.301,0.0358,MQTT,env_sensor
2025-01-08T18:43:00,59.395,22.266,13.597,117.241,2.7124,MQTT,gateway
2025-01-09T15:19:00,962.129,18.943,9.78,155.697,0.3122,CoAP,gateway
2025-01-09T02:37:00,93.745,20.841,10.766,8.574,1.6935,MQTT,actuator
2025-01-09T08:06:00,83.684,23.115,1.759,6.249,0.0,MQTT,actuator
2025-01-08T21:34:00,63.039,49.811,3.003,4.679,0.9889,MQTT,env_sensor
2025-01-09T03:38:00,1625.146,33.648,3.913,65.242,0.5687,HTTPS,camera
2025-01-08T21:28:00,26.583,181.97,0.368,0.616,3.0063,LoRaWAN,smart_meter
2025-01-09T01:09:00,2057.112,70.963,5.615,40.519,0.9407,HTTPS,camera
2025-01-09T01:40:00,1332.349,9.207,4.983,93.495,0.6451,HTTPS,camera
2025-01-08T10:26:00,2186.809,53.597,2.386,92.897,0.5505,HTTPS,camera
2025-01-08T11:00:00,382.231,56.75,2.792,49.139,0.9396,HTTPS,gateway
2025-01-09T02:19:00,2064.859,102.742,8.835,36.339,0.5587,HTTPS,camera
2025-01-08T07:55:00,1284.39,57.87,2.167,304.176,0.0,HTTPS,camera
2025-01-08T17:06:00,29.173,167.829,1.848,0.222,5.8247,LoRaWAN,smart_meter
2025-01-08T14:05:00,74.035,14.153,4.663,1.837,1.1837,MQTT,env_sensor
2025-01-09T05:16:00,42.723,34.182,3.236,7.375,0.4596,MQTT,env_sensor
2025-01-08T23:08:00,73.545,12.762,3.066,1.402,0.85,MQTT,env_sensor
2025-01-08T19:34:00,28.354,170.834,1.03,0.141,4.5139,LoRaWAN,smart_meter
2025-01-08T01:08:00,98.811,24.816,5.77,4.959,0.0,MQTT,env_sensor
2025-01-08T05:43:00,103.415,30.661,4.778,0.05,1.1637,MQTT,env_sensor
2025-01-09T12:40:00,44.655,30.601,1.962,2.224,0.3973,MQTT,env_sensor
2025-01-09T15:22:00,540.571,1.132,4.476,15.124,1.4474,MQTT,gateway
2025-01-09T01:59:00,37.686,248.416,0.1,0.463,5.5492,LoRaWAN,smart_meter
2025-01-08T17:33:00,24.046,183.356,2.764,0.23,1.2765,LoRaWAN,smart_meter
2025-01-08T15:39:00,44.388,29.262,4.087,0.05,0.0,LoRaWAN,env_sensor
2025-01-08T23:55:00,85.694,13.307,1.001,7.553,0.6443,MQTT,actuator
2025-01-08T02:25:00,980.277,11.19,2.682,97.769,0.0,HTTPS,camera
2025-01-07T23:50:00,1014.564,58.294,13.843,51.788,0.0691,HTTPS,gateway
2025-01-08T03:11:00,26.406,119.367,3.07,0.126,0.9836,LoRaWAN,smart_meter
2025-01-09T10:45:00,2284.067,80.709,8.898,54.044,0.9878,HTTPS,camera
2025-01-08T04:29:00,130.935,29.058,9.57,7.095,0.4608,MQTT,actuator
2025-01-09T00:27:00,22.201,106.38,6.73,0.522,3.6181,LoRaWAN,smart_meter
2025-01-09T04:50:00,55.792,24.21,4.502,1.353,1.8178,MQTT,env_sensor
2025-01-08T15:38:00,19.592,104.442,1.667,0.385,2.4641,LoRaWAN,smart_meter
2025-01-09T07:00:00,47.727,42.977,2.724,6.788,0.1652,MQTT,env_sensor
2025-01-09T00:10:00,2213.411,85.17,7.537,174.125,0.0,HTTPS,camera
2025-01-08T10:31:00,156.855,30.463,6.55,6.408,0.0,MQTT,actuator
2025-01-08T05:07:00,1176.848,67.36,13.685,58.347,2.6997,HTTPS,gateway
2025-01-07T23:07:00,636.855,27.394,10.517,90.477,1.8292,CoAP,gateway
2025-01-09T14:31:00,50.747,38.669,0.1,6.765,0.768,MQTT,env_sensor
2025-01-08T05:11:00,2196.459,133.146,1.89,118.076,0.0,HTTPS,camera
2025-01-08T17:04:00,2014.442,56.93,1.921,157.264,0.0101,HTTPS,camera
2025-01-09T14:44:00,1903.867,50.651,6.248,35.563,0.1905,HTTPS,camera
2025-01-09T06:58:00,82.63,41.87,4.872,6.123,1.153,MQTT,env_sensor
2025-01-08T15:07:00,1026.577,25.149,2.425,15.912,0.4634,HTTPS,gateway
2025-01-08T05:33:00,798.553,32.651,0.1,27.396,0.155,HTTPS,gateway
2025-01-08T16:29:00,3091.69,65.56,0.1,178.759,0.0,HTTPS,camera
2025-01-08T23:31:00,15.602,170.194,1.747,0.33,3.0133,LoRaWAN,smart_meter
2025-01-08T22:30:00,2111.885,51.158,3.701,98.157,0.3358,HTTPS,camera
2025-01-09T00:49:00,606.453,75.451,15.09,134.469,0.1799,HTTPS,gateway
2025-01-08T17:15:00,89.283,5.123,2.692,1.336,0.8278,MQTT,env_sensor
2025-01-07T23:32:00,18.939,156.876,1.989,0.235,5.4286,LoRaWAN,smart_meter
2025-01-08T05:25:00,74.784,17.606,10.578,3.284,1.6894,MQTT,actuator
2025-01-08T06:21:00,699.08,69.317,4.39,86.908,0.2435,HTTPS,gateway
2025-01-08T00:14:00,139.22,15.001,3.485,0.05,1.8104,MQTT,actuator
2025-01-08T08:34:00,54.901,1.0,5.333,6.163,0.0,MQTT,env_sensor
2025-01-08T21:49:00,31.521,197.281,1.256,0.665,4.2071,LoRaWAN,smart_meter
2025-01-08T21:40:00,1447.225,48.351,5.884,73.125,1.608,HTTPS,gateway
2025-01-08T05:04:00,1045.093,81.262,1.515,100.436,1.4989,HTTPS,camera
2025-01-08T14:58:00,32.6,18.763,5.612,4.563,1.3423,CoAP,env_sensor
2025-01-09T01:45:00,376.051,41.794,9.394,47.773,2.1247,CoAP,gateway
2025-01-09T02:51:00,97.82,34.548,4.066,6.471,1.6363,MQTT,env_sensor
2025-01-08T08:35:00,142.737,11.65,6.591,7.692,1.4079,MQTT,actuator
2025-01-08T07:01:00,878.169,17.247,11.431,77.447,0.8505,HTTPS,gateway
2025-01-08T10:42:00,19.078,19.458,2.178,0.508,1.3573,MQTT,env_sensor
2025-01-08T11:42:00,860.994,77.599,10.196,3.058,1.2318,CoAP,gateway
2025-01-09T01:52:00,18.923,154.675,3.102,0.994,2.948,LoRaWAN,smart_meter
2025-01-08T21:26:00,523.104,37.764,2.727,48.021,0.0,HTTPS,gateway
2025-01-08T10:14:00,123.687,10.835,0.1,13.318,0.3659,MQTT,actuator
2025-01-08T18:08:00,537.609,41.293,16.196,78.913,2.1989,CoAP,gateway
2025-01-08T02:31:00,1732.15,69.11,7.441,165.619,0.7641,HTTPS,camera
2025-01-08T06:27:00,32.469,157.939,1.168,0.846,1.0682,LoRaWAN,smart_meter
2025-01-09T11:31:00,653.733,1.0,0.1,124.496,0.5582,HTTPS,gateway
2025-01-09T01:15:00,678.294,79.978,1.381,132.496,0.6757,HTTPS,camera
2025-01-09T10:59:00,2184.96,61.89,9.939,50.063,0.5746,HTTPS,gateway
2025-01-07T23:51:00,31.491,202.78,3.313,0.738,2.1907,LoRaWAN,smart_meter
2025-01-08T22:09:00,830.067,55.517,11.55,5.992,1.8216,CoAP,gateway
2025-01-09T08:23:00,1047.023,24.888,4.573,81.631,1.4172,HTTPS,gateway
2025-01-08T00:10:00,86.06,42.469,2.722,23.339,2.9908,MQTT,gateway
2025-01-07T23:32:00,103.305,7.385,8.512,8.03,1.0187,MQTT,actuator
2025-01-08T18:47:00,21.241,227.945,3.614,0.37,0.904,LoRaWAN,smart_meter
2025-01-08T03:09:00,949.113,46.991,9.329,28.769,1.2244,CoAP,gateway
2025-01-09T01:10:00,23.076,125.136,3.07,0.605,1.1195,LoRaWAN,smart_meter
2025-01-08T15:56:00,381.336,70.076,9.624,135.123,0.3612,HTTPS,gateway
2025-01-08T01:19:00,85.461,10.481,10.058,6.975,0.6809,MQTT,actuator
2025-01-08T09:04:00,69.973,17.94,0.1,11.127,0.0207,MQTT,actuator
2025-01-08T05:17:00,959.062,39.326,3.628,77.531,1.1005,HTTPS,gateway
2025-01-08T18:12:00,1131.424,34.434,7.625,30.63,0.0,HTTPS,gateway
2025-01-08T09:38:00,28.707,134.01,2.224,0.737,4.9244,LoRaWAN,smart_meter
2025-01-08T05:21:00,1993.161,45.218,5.409,56.505,0.9595,HTTPS,camera
2025-01-08T11:15:00,1613.201,51.012,5.576,75.522,0.0,HTTPS,camera
2025-01-07T23:10:00,1357.323,49.825,10.85,71.428,0.6173,HTTPS,gateway
2025-01-09T00:18:00,190.812,20.632,8.248,9.964,0.2733,CoAP,actuator
2025-01-08T01:32:00,111.764,20.874,8.076,5.163,0.4288,MQTT,actuator
2025-01-08T07:36:00,89.956,43.665,4.988,8.624,1.2697,MQTT,env_sensor
2025-01-08T17:46:00,1503.673,33.325,3.188,45.527,0.7563,HTTPS,camera
2025-01-08T06:39:00,108.751,23.723,8.119,2.377,0.3519,MQTT,actuator
2025-01-08T23:18:00,49.557,17.659,3.707,8.69,0.5639,MQTT,actuator
2025-01-08T05:22:00,13.089,198.817,1.566,0.089,3.3258,LoRaWAN,smart_meter
2025-01-08T00:05:00,166.375,14.787,5.142,12.299,0.0,MQTT,actuator
2025-01-08T07:41:00,130.336,19.611,5.794,10.2,0.0,CoAP,actuator
2025-01-08T23:12:00,19.469,179.159,1.883,0.564,2.8838,LoRaWAN,smart_meter
2025-01-08T21:29:00,2241.594,78.549,2.581,243.649,0.1416,HTTPS,camera
2025-01-08T12:56:00,106.327,31.77,5.281,5.287,0.34,CoAP,env_sensor
2025-01-09T13:08:00,761.116,26.067,2.09,188.424,0.821,HTTPS,camera
2025-01-09T07:03:00,1917.815,36.714,2.502,90.759,1.1635,HTTPS,camera
2025-01-09T07:43:00,40.447,155.947,2.743,0.332,5.7231,LoRaWAN,smart_meter
2025-01-09T01:37:00,1220.28,80.016,0.535,30.126,1.1374,HTTPS,gateway
2025-01-09T14:58:00,35.411,15.713,2.342,0.05,0.8838,MQTT,env_sensor
2025-01-07T23:39:00,120.733,19.743,8.899,5.614,0.93,MQTT,actuator
2025-01-08T21:03:00,79.792,16.303,1.218,2.756,1.7966,MQTT,env_sensor
2025-01-08T15:53:00,31.796,147.374,2.658,0.186,3.9661,LoRaWAN,smart_meter
2025-01-08T01:34:00,34.914,257.37,2.251,0.26,5.2925,LoRaWAN,smart_meter
2025-01-09T01:51:00,2300.678,45.789,5.425,167.308,0.1,HTTPS,camera
2025-01-08T08:42:00,68.859,30.021,3.597,8.942,0.4028,MQTT,env_sensor
2025-01-08T11:39:00,1364.424,40.228,7.617,101.486,1.7508,HTTPS,gateway
2025-01-08T02:13:00,1133.319,29.114,0.882,96.371,0.8544,HTTPS,camera
2025-01-08T15:46:00,2251.365,23.004,0.407,95.884,0.5799,HTTPS,camera
2025-01-09T00:45:00,579.844,64.371,1.02,94.755,0.7389,HTTPS,camera
2025-01-08T04:33:00,32.674,19.706,6.366,2.778,1.5336,MQTT,env_sensor
2025-01-08T23:26:00,33.223,205.92,0.591,0.066,1.4464,LoRaWAN,smart_meter
2025-01-08T17:51:00,113.092,26.175,9.181,6.619,1.1127,MQTT,actuator
2025-01-09T04:33:00,59.405,16.099,3.524,5.947,1.7327,MQTT,env_sensor
2025-01-08T15:08:00,1643.568,79.443,4.374,176.268,1.2407,HTTPS,camera
2025-01-07T23:40:00,677.245,89.248,1.427,66.22,0.8421,HTTPS,camera
2025-01-09T08:24:00,987.828,25.932,0.373,62.345,0.0,HTTPS,gateway
2025-01-08T06:19:00,519.141,36.395,4.407,116.46,1.8686,HTTPS,gateway
2025-01-09T11:50:00,975.366,9.675,2.245,15.672,1.6998,CoAP,gateway
2025-01-08T09:06:00,125.982,22.856,3.042,11.159,0.5153,MQTT,actuator
2025-01-08T21:05:00,128.793,20.545,3.016,0.05,1.658,MQTT,env_sensor
2025-01-08T12:41:00,87.493,13.743,5.045,2.413,0.419,MQTT,actuator
2025-01-09T07:12:00,1019.508,68.232,11.694,47.223,1.2289,CoAP,gateway
2025-01-08T16:30:00,2076.508,110.5,1.945,39.639,1.0028,HTTPS,camera
2025-01-08T08:50:00,68.789,15.915,5.827,6.216,0.674,MQTT,env_sensor
2025-01-08T14:42:00,1322.223,30.821,8.151,75.216,0.0,HTTPS,gateway
2025-01-08T22:18:00,83.369,15.733,2.356,10.089,1.3223,MQTT,env_sensor
2025-01-09T01:58:00,91.386,20.781,0.994,1.194,0.8936,MQTT,env_sensor
2025-01-08T05:22:00,993.2,39.093,4.286,14.268,2.0018,CoAP,gateway
2025-01-09T10:52:00,38.05,141.014,2.202,0.491,1.1009,LoRaWAN,smart_meter
2025-01-08T00:19:00,89.436,29.619,3.593,5.116,2.0355,MQTT,env_sensor
2025-01-08T02:44:00,466.402,63.822,13.225,82.204,0.0,HTTPS,gateway
2025-01-08T07:13:00,638.1,63.565,3.462,59.316,0.7353,HTTPS,camera
2025-01-09T01:27:00,992.022,45.406,7.734,87.478,0.7464,HTTPS,camera
2025-01-08T14:47:00,126.772,15.055,6.032,5.812,0.6752,MQTT,actuator
2025-01-09T15:29:00,1755.134,46.513,13.324,47.515,0.9383,HTTPS,gateway
2025-01-09T11:46:00,950.675,35.29,18.262,36.241,1.9422,CoAP,gateway
2025-01-08T13:07:00,144.199,20.389,7.896,15.619,0.8586,MQTT,actuator
2025-01-08T07:27:00,1771.717,25.506,9.884,11.691,0.6739,HTTPS,gateway
2025-01-08T20:40:00,63.254,21.19,0.1,2.185,1.0907,MQTT,env_sensor
2025-01-09T02:08:00,2682.294,57.629,1.416,100.8,0.4959,HTTPS,camera
2025-01-09T06:07:00,29.91,155.792,4.282,0.871,1.3916,LoRaWAN,smart_meter
2025-01-08T12:36:00,2553.382,43.382,6.477,228.53,0.0,HTTPS,camera
2025-01-08T18:57:00,130.999,14.305,1.752,0.392,1.831,MQTT,env_sensor
2025-01-08T18:22:00,31.553,223.947,3.201,0.533,6.1457,LoRaWAN,smart_meter
2025-01-09T16:03:00,662.91,55.028,3.81,37.928,0.0,HTTPS,gateway
2025-01-07T22:44:00,118.332,12.654,2.02,8.214,1.3575,MQTT,actuator
2025-01-09T09:42:00,35.808,18.423,2.232,3.044,1.5729,MQTT,env_sensor
2025-01-09T09:55:00,1924.341,84.72,2.584,114.967,0.2776,HTTPS,camera
2025-01-09T15:49:00,1783.483,28.865,6.529,47.884,1.9969,CoAP,gateway
2025-01-08T08:32:00,481.276,34.697,10.015,48.318,2.4321,CoAP,gateway
2025-01-08T16:44:00,1292.307,64.281,12.68,16.27,0.0,HTTPS,gateway
2025-01-09T04:28:00,742.925,30.169,5.079,126.804,0.4175,HTTPS,gateway
2025-01-09T03:22:00,27.061,166.648,4.248,0.05,4.0432,LoRaWAN,smart_meter
2025-01-09T13:59:00,2337.389,63.331,3.14,62.382,1.1889,HTTPS,camera
2025-01-08T05:04:00,90.159,14.246,2.664,2.326,0.0273,MQTT,env_sensor
2025-01-08T06:54:00,98.048,30.413,0.1,3.864,1.3852,MQTT,env_sensor
2025-01-09T12:23:00,87.654,31.665,3.563,0.05,2.4856,MQTT,env_sensor
2025-01-09T00:58:00,1026.636,56.184,7.239,73.073,0.8107,HTTPS,camera
2025-01-09T00:36:00,85.719,24.881,1.508,5.042,0.0,MQTT,env_sensor
2025-01-08T05:00:00,44.969,30.118,4.189,8.891,2.6931,MQTT,actuator
2025-01-08T15:44:00,598.922,33.027,0.1,29.331,1.2295,MQTT,gateway
2025-01-08T15:45:00,2094.587,77.551,8.492,134.867,0.1331,HTTPS,camera
2025-01-08T12:45:00,611.672,76.303,0.1,91.604,0.6547,HTTPS,camera
2025-01-08T07:16:00,155.867,29.863,1.258,0.05,2.2837,MQTT,actuator
2025-01-09T02:05:00,90.808,16.38,1.883,14.655,0.0,MQTT,actuator
2025-01-08T14:16:00,83.722,12.461,3.478,11.676,1.2674,MQTT,actuator
2025-01-08T05:00:00,2691.703,49.539,4.833,96.816,1.086,HTTPS,camera
2025-01-08T10:41:00,17.302,139.015,1.383,0.286,1.0565,LoRaWAN,smart_meter
2025-01-08T04:53:00,26.869,217.601,2.479,0.575,2.5992,LoRaWAN,smart_meter
2025-01-08T10:06:00,1911.034,94.276,10.081,155.001,0.3649,HTTPS,camera
2025-01-08T07:23:00,1198.675,74.207,5.972,97.789,0.298,HTTPS,camera
2025-01-09T03:34:00,119.375,27.862,2.007,10.274,1.0746,MQTT,actuator
2025-01-08T03:52:00,25.605,130.127,0.571,0.498,7.3487,LoRaWAN,smart_meter
2025-01-07T23:21:00,469.144,79.704,4.891,121.259,0.167,HTTPS,gateway
2025-01-08T08:56:00,2507.853,62.607,0.643,168.491,0.4474,HTTPS,camera
2025-01-09T13:14:00,8.0,89.764,10.617,219.579,0.2393,HTTPS,camera
2025-01-07T23:22:00,43.976,140.172,0.1,0.393,2.2852,LoRaWAN,smart_meter
2025-01-09T08:33:00,122.024,15.655,3.228,8.517,0.8198,MQTT,actuator
2025-01-08T13:25:00,440.233,83.504,0.1,94.734,2.114,HTTPS,gateway
2025-01-09T08:45:00,124.56,19.129,5.436,4.743,1.2195,CoAP,actuator
2025-01-09T11:16:00,82.754,13.31,7.12,7.577,0.8352,MQTT,actuator
2025-01-08T17:09:00,1800.331,74.333,8.153,130.084,0.279,HTTPS,camera
2025-01-09T12:13:00,35.146,29.225,4.117,4.118,1.0982,MQTT,env_sensor
2025-01-08T22:04:00,451.149,18.976,7.824,8.195,1.2524,CoAP,gateway
2025-01-08T03:31:00,41.388,16.504,5.466,0.201,2.2069,LoRaWAN,env_sensor
2025-01-08T21:56:00,1607.894,76.101,6.053,32.55,0.5878,HTTPS,camera
2025-01-08T10:52:00,14.132,240.263,2.866,0.701,5.3409,LoRaWAN,smart_meter
2025-01-09T01:14:00,96.954,12.731,2.318,11.289,1.0075,MQTT,actuator
2025-01-08T14:24:00,12.161,176.593,3.614,0.421,2.258,LoRaWAN,smart_meter
2025-01-08T02:56:00,104.78,23.498,5.46,10.142,0.8296,CoAP,actuator
2025-01-09T04:46:00,1227.718,21.016,9.689,60.988,1.2365,MQTT,gateway
2025-01-09T16:18:00,1109.189,2.331,3.448,179.927,0.0842,HTTPS,camera
2025-01-09T03:10:00,2248.229,56.347,5.383,59.898,0.9697,HTTPS,camera
2025-01-08T10:07:00,749.583,54.811,3.412,81.554,0.2142,HTTPS,camera
2025-01-08T08:05:00,83.014,6.931,0.1,4.226,0.1361,MQTT,actuator
2025-01-09T01:19:00,1778.229,27.232,5.531,86.57,0.6773,HTTPS,camera
2025-01-09T02:53:00,37.016,315.065,0.69,0.206,5.3065,LoRaWAN,smart_meter
2025-01-08T15:03:00,946.136,37.204,8.076,13.139,0.0,CoAP,gateway
2025-01-08T07:19:00,22.057,134.618,1.232,0.788,4.6544,LoRaWAN,smart_meter
2025-01-08T12:14:00,29.779,301.279,0.1,0.284,1.7503,LoRaWAN,smart_meter
2025-01-08T12:18:00,26.667,183.696,0.821,0.132,4.445,LoRaWAN,smart_meter
2025-01-09T02:01:00,675.775,56.367,17.34,44.725,0.3063,CoAP,gateway
2025-01-09T13:30:00,92.658,31.414,2.666,0.561,1.2008,MQTT,env_sensor
2025-01-09T11:34:00,671.61,91.019,3.043,0.05,0.5961,HTTPS,camera
2025-01-09T13:30:00,2348.652,55.038,3.079,75.356,0.6735,HTTPS,camera
2025-01-09T03:49:00,683.906,31.826,6.984,30.593,1.0039,CoAP,gateway
2025-01-09T09:58:00,1736.941,88.342,1.429,0.05,1.4103,HTTPS,gateway
2025-01-09T08:58:00,111.552,2.557,8.441,11.926,0.8424,MQTT,actuator
2025-01-09T14:32:00,2418.808,28.145,3.15,68.192,0.0,HTTPS,camera
2025-01-09T03:18:00,1396.249,35.137,14.912,44.823,2.2579,CoAP,gateway
2025-01-08T02:17:00,123.414,27.022,1.528,3.83,0.7095,MQTT,actuator
2025-01-08T19:14:00,50.083,22.296,5.195,4.76,0.3997,MQTT,env_sensor
2025-01-08T19:52:00,94.151,25.175,1.914,9.249,1.5761,MQTT,actuator
2025-01-08T15:30:00,114.304,32.382,7.364,9.288,1.2073,MQTT,actuator
2025-01-08T19:18:00,1112.212,48.112,5.828,111.99,0.9844,HTTPS,gateway
2025-01-09T05:13:00,167.638,28.771,4.488,7.761,1.489,MQTT,actuator
2025-01-07T23:55:00,701.059,21.602,9.8,85.072,0.8656,CoAP,gateway
2025-01-08T03:30:00,2931.77,80.101,0.1,82.38,0.0,HTTPS,camera
2025-01-08T00:12:00,43.764,13.382,4.019,0.05,0.0,LoRaWAN,env_sensor
2025-01-08T04:59:00,25.962,117.857,3.075,0.05,3.0937,LoRaWAN,smart_meter
2025-01-09T07:27:00,1214.941,33.909,1.471,96.724,2.421,HTTPS,gateway
2025-01-09T12:11:00,19.673,207.912,1.147,0.079,5.3914,LoRaWAN,smart_meter
2025-01-09T06:59:00,29.559,25.176,1.617,1.189,0.7767,MQTT,env_sensor
2025-01-09T10:28:00,11.908,168.816,2.618,0.272,3.6386,LoRaWAN,smart_meter
2025-01-08T19:06:00,87.611,10.881,4.338,3.163,1.7378,MQTT,env_sensor
2025-01-08T04:16:00,1000.13,40.269,10.599,46.536,0.8801,CoAP,gateway
2025-01-07T23:46:00,82.028,37.577,3.186,4.085,0.0,MQTT,env_sensor
2025-01-08T15:58:00,94.342,35.309,9.571,10.88,2.616,MQTT,actuator
2025-01-09T04:43:00,21.188,223.223,1.202,0.752,3.6276,LoRaWAN,smart_meter
2025-01-09T13:02:00,692.86,62.24,8.832,16.895,1.6584,CoAP,gateway
2025-01-09T10:25:00,115.464,14.655,5.103,12.306,1.0311,CoAP,actuator
2025-01-08T17:21:00,48.362,33.239,4.367,7.983,2.8875,MQTT,env_sensor
2025-01-08T17:08:00,77.694,17.576,7.818,4.3,0.6781,MQTT,actuator
2025-01-09T01:14:00,25.901,136.239,3.829,0.291,4.4709,LoRaWAN,smart_meter
2025-01-09T09:01:00,43.695,13.824,2.695,11.736,0.4505,MQTT,actuator
2025-01-09T14:30:00,107.28,14.91,0.404,7.953,2.9575,MQTT,env_sensor
2025-01-09T14:38:00,1576.386,82.622,2.148,96.637,0.0674,HTTPS,camera
2025-01-08T00:30:00,1133.001,70.099,2.423,141.208,0.3391,HTTPS,camera
2025-01-08T22:07:00,2552.843,77.596,0.1,129.018,0.472,HTTPS,camera
2025-01-09T07:42:00,711.297,64.011,8.201,128.706,0.4404,HTTPS,gateway
2025-01-07T22:52:00,1349.047,48.958,0.1,144.647,0.7492,HTTPS,gateway
2025-01-08T11:14:00,22.885,30.716,14.491,87.248,1.0653,CoAP,gateway
2025-01-07T23:39:00,48.346,8.105,3.564,8.862,0.4165,MQTT,env_sensor
2025-01-09T03:08:00,71.965,26.945,2.106,0.05,0.4279,MQTT,env_sensor
2025-01-08T00:15:00,112.987,30.42,10.204,2.324,0.965,CoAP,actuator
2025-01-07T23:08:00,363.409,88.441,0.1,40.123,0.1998,HTTPS,camera
2025-01-09T01:02:00,28.166,155.408,3.508,0.47,3.6729,MQTT,smart_meter
2025-01-07T23:27:00,44.482,35.372,1.193,8.926,1.1584,MQTT,env_sensor
2025-01-08T15:31:00,2420.066,51.57,3.107,166.163,1.0819,HTTPS,camera
2025-01-09T09:18:00,126.353,12.558,11.388,8.78,1.7325,MQTT,actuator
2025-01-09T05:01:00,15.22,39.498,0.592,6.652,1.384,MQTT,env_sensor
2025-01-08T00:58:00,148.18,5.987,6.557,4.93,1.0643,CoAP,actuator
2025-01-09T06:04:00,132.818,34.58,2.35,2.536,0.8897,MQTT,actuator
2025-01-09T00:36:00,819.286,36.363,17.799,0.05,1.7456,CoAP,gateway
2025-01-09T00:21:00,153.718,17.009,9.029,8.789,1.4815,MQTT,actuator
2025-01-09T04:03:00,42.547,139.468,1.264,0.907,6.1355,LoRaWAN,smart_meter
2025-01-09T02:44:00,111.611,15.8,3.062,5.614,1.3588,MQTT,actuator
2025-01-08T23:12:00,94.717,3.052,6.995,13.609,1.2506,MQTT,actuator
2025-01-08T04:23:00,47.992,29.238,1.825,7.049,0.281,MQTT,env_sensor
2025-01-09T15:24:00,31.101,21.094,0.165,4.239,0.1901,MQTT,env_sensor
2025-01-08T22:28:00,1761.586,31.694,11.307,94.823,0.1873,HTTPS,gateway
2025-01-08T04:13:00,710.059,36.977,3.683,50.832,1.4329,CoAP,gateway
2025-01-08T13:45:00,467.708,83.962,4.751,200.68,0.0,HTTPS,camera
2025-01-09T06:53:00,19.781,50.516,2.678,0.05,1.3019,MQTT,env_sensor
2025-01-09T02:49:00,577.492,42.71,11.045,63.291,0.7629,HTTPS,gateway
2025-01-08T23:35:00,2038.922,61.898,4.912,162.127,1.5299,HTTPS,camera
2025-01-08T09:01:00,1529.898,4.701,5.011,143.611,1.2082,HTTPS,camera
2025-01-08T21:16:00,171.458,37.202,8.604,6.112,0.8629,CoAP,actuator
2025-01-08T03:18:00,126.757,27.992,8.14,8.809,0.6598,MQTT,actuator
2025-01-09T12:40:00,104.796,22.511,2.195,15.125,1.0682,MQTT,actuator
2025-01-09T01:52:00,23.963,3.48,4.3,5.047,0.3105,MQTT,env_sensor
2025-01-08T00:25:00,42.956,138.647,2.801,0.753,1.5404,LoRaWAN,smart_meter
2025-01-09T15:26:00,66.981,22.758,2.717,1.533,0.2965,MQTT,env_sensor
2025-01-09T07:57:00,914.53,62.39,3.786,45.402,0.401,HTTPS,gateway
2025-01-08T03:46:00,78.354,14.941,0.1,0.05,0.0,MQTT,env_sensor
2025-01-08T23:49:00,99.126,28.82,1.584,8.89,1.4912,MQTT,actuator
2025-01-09T10:37:00,1506.657,53.318,5.196,194.683,0.6905,HTTPS,camera
2025-01-09T05:05:00,87.9,3.682,4.946,6.367,1.3424,MQTT,actuator
2025-01-08T06:13:00,63.736,29.147,3.686,4.206,2.2652,MQTT,env_sensor
2025-01-08T19:37:00,2174.085,28.447,9.208,173.978,0.9937,HTTPS,camera
2025-01-07T22:59:00,1532.967,43.146,2.787,0.05,0.8388,HTTPS,camera
2025-01-09T03:54:00,650.078,47.675,3.854,0.05,0.5713,HTTPS,gateway
2025-01-09T05:25:00,61.758,20.856,3.151,2.967,1.5797,MQTT,env_sensor
2025-01-08T10:36:00,264.764,33.679,13.245,53.287,1.0915,CoAP,gateway
2025-01-08T03:42:00,1697.398,64.815,1.965,101.178,0.3814,HTTPS,camera
2025-01-09T10:46:00,538.833,47.988,4.83,216.819,0.8884,HTTPS,camera
2025-01-08T10:56:00,81.566,31.758,4.634,2.98,0.3746,MQTT,env_sensor
2025-01-08T04:09:00,35.091,42.952,1.934,0.05,1.6653,MQTT,env_sensor
2025-01-07T22:42:00,47.908,28.769,0.13,7.128,0.6544,MQTT,env_sensor
2025-01-08T03:57:00,44.354,349.753,2.014,0.448,4.9377,LoRaWAN,smart_meter
2025-01-08T18:40:00,36.506,228.846,0.997,0.587,4.3724,LoRaWAN,smart_meter
2025-01-08T05:39:00,2270.639,55.627,10.132,163.177,0.5674,HTTPS,camera
2025-01-09T12:38:00,30.5,124.768,5.295,0.49,0.6614,LoRaWAN,smart_meter
2025-01-09T15:43:00,122.528,25.621,6.609,9.362,2.3671,MQTT,actuator
2025-01-08T21:04:00,2409.659,81.144,5.64,167.24,0.9492,HTTPS,camera
2025-01-08T11:22:00,2447.53,32.882,2.237,57.236,0.7313,HTTPS,camera
2025-01-08T06:48:00,632.777,28.635,1.848,80.824,1.1171,MQTT,camera
2025-01-08T01:18:00,39.503,30.13,2.641,2.23,0.0,HTTPS,env_sensor
2025-01-08T18:14:00,36.782,115.526,1.033,0.737,3.784,LoRaWAN,smart_meter
2025-01-08T16:48:00,37.836,187.624,0.955,0.999,6.6969,LoRaWAN,smart_meter
2025-01-08T19:14:00,2382.132,41.914,6.754,231.238,0.5333,HTTPS,camera
2025-01-08T07:20:00,2258.015,77.184,10.293,21.53,0.4585,HTTPS,camera
2025-01-08T17:02:00,1453.521,51.159,4.0,177.104,1.4973,HTTPS,camera
2025-01-09T00:44:00,35.063,41.207,2.665,7.491,0.3217,HTTPS,env_sensor
2025-01-09T14:11:00,1120.035,53.259,10.786,31.854,1.1582,MQTT,gateway
2025-01-09T12:55:00,141.906,26.269,9.45,14.505,0.4489,MQTT,actuator
2025-01-08T08:18:00,1457.221,24.439,11.371,115.013,0.5302,HTTPS,gateway
2025-01-09T09:31:00,23.732,135.532,2.916,0.123,4.7844,LoRaWAN,smart_meter
2025-01-09T10:15:00,79.455,36.034,1.478,4.325,0.9941,MQTT,env_sensor
2025-01-08T08:41:00,22.863,110.825,0.1,0.703,4.4258,LoRaWAN,smart_meter
2025-01-08T05:48:00,119.995,22.683,5.423,13.617,0.0,MQTT,actuator
2025-01-08T02:53:00,1945.803,62.357,3.481,106.956,0.2206,HTTPS,camera
2025-01-08T18:45:00,1279.724,44.237,17.58,37.846,1.3915,CoAP,gateway
2025-01-09T11:39:00,33.681,217.744,1.04,0.952,4.7024,LoRaWAN,smart_meter
2025-01-08T09:37:00,1486.6,62.13,7.166,88.917,0.9126,HTTPS,gateway
2025-01-08T12:58:00,120.383,20.475,0.1,5.936,0.3618,MQTT,actuator
2025-01-09T00:09:00,1511.877,74.599,0.889,111.772,0.4778,HTTPS,camera
2025-01-08T23:57:00,846.765,39.034,5.963,10.375,2.1319,CoAP,gateway
2025-01-08T09:04:00,48.038,101.017,4.729,0.996,2.4659,LoRaWAN,smart_meter
2025-01-09T13:19:00,1944.12,34.196,2.113,79.335,0.4675,HTTPS,camera
2025-01-08T23:38:00,1817.828,37.032,6.852,107.158,1.0437,HTTPS,camera
2025-01-09T15:58:00,63.969,33.297,4.281,6.264,1.1697,MQTT,env_sensor
2025-01-08T08:20:00,118.487,25.976,2.447,8.55,1.4129,MQTT,actuator
2025-01-08T08:55:00,63.698,25.437,4.855,0.05,0.2441,MQTT,env_sensor
2025-01-08T20:49:00,1951.052,50.941,7.25,95.724,0.0399,HTTPS,camera
2025-01-08T17:15:00,1965.227,26.928,7.757,185.867,0.1518,HTTPS,camera
2025-01-09T13:23:00,50.788,32.677,4.316,5.723,0.7466,MQTT,env_sensor
2025-01-09T09:51:00,141.1,24.192,1.477,1.205,0.0,MQTT,actuator
2025-01-09T07:56:00,30.483,127.957,4.137,0.691,5.575,LoRaWAN,smart_meter
2025-01-08T08:30:00,1596.379,120.418,3.633,94.503,0.9756,HTTPS,camera
2025-01-09T07:32:00,33.663,29.755,4.655,1.723,0.344,MQTT,env_sensor
2025-01-09T14:30:00,455.212,32.084,4.051,32.619,0.801,HTTPS,gateway
2025-01-09T16:06:00,34.008,190.566,2.475,0.155,1.2599,LoRaWAN,smart_meter
2025-01-08T12:42:00,2374.86,55.152,3.222,131.218,0.0,HTTPS,camera
2025-01-08T20:21:00,1019.493,36.242,17.296,84.162,1.8032,CoAP,gateway
2025-01-09T01:00:00,24.876,317.744,0.1,0.109,4.9627,LoRaWAN,smart_meter
2025-01-08T16:05:00,83.303,22.672,2.828,10.342,2.0107,MQTT,actuator
2025-01-08T13:10:00,151.196,4.797,5.477,6.504,1.2498,MQTT,actuator
2025-01-08T20:38:00,2695.2,62.078,5.828,206.623,0.1061,HTTPS,camera
2025-01-09T10:05:00,105.839,9.682,4.025,10.797,0.3996,MQTT,actuator
2025-01-08T07:02:00,50.904,31.269,6.98,1.607,1.8192,MQTT,env_sensor
2025-01-09T09:41:00,64.037,27.861,5.986,1.703,0.0,MQTT,env_sensor
2025-01-09T07:48:00,656.511,56.849,3.307,76.042,2.7047,HTTPS,gateway
2025-01-09T02:33:00,1023.44,58.929,13.833,122.347,1.3245,CoAP,gateway
2025-01-08T01:03:00,34.156,187.654,2.211,0.481,3.6573,LoRaWAN,smart_meter
2025-01-09T13:13:00,89.14,31.238,5.258,4.258,1.5742,CoAP,env_sensor
2025-01-08T11:26:00,1649.453,63.701,6.467,38.326,0.1131,HTTPS,gateway
2025-01-09T03:27:00,98.426,24.404,0.817,11.848,0.7731,MQTT,actuator
2025-01-09T11:26:00,1043.005,70.466,0.662,27.967,0.671,HTTPS,gateway
2025-01-07T23:52:00,1547.882,33.222,2.684,16.047,2.0217,HTTPS,gateway
2025-01-08T02:51:00,93.26,11.554,5.086,4.877,0.482,MQTT,actuator
2025-01-08T14:32:00,83.071,18.301,3.503,0.05,1.3064,MQTT,env_sensor
2025-01-08T17:05:00,46.886,29.415,4.69,0.127,1.6825,MQTT,env_sensor
2025-01-08T04:51:00,2291.32,44.139,1.883,187.164,0.7128,HTTPS,camera
2025-01-09T00:14:00,802.333,41.313,12.656,66.477,0.7808,HTTPS,gateway
2025-01-09T06:40:00,51.276,19.348,4.088,4.405,2.1844,MQTT,env_sensor
2025-01-09T10:51:00,8.0,174.467,2.5,0.05,2.0385,LoRaWAN,smart_meter
2025-01-09T15:55:00,88.861,9.768,1.422,5.326,0.0285,MQTT,env_sensor
2025-01-08T01:31:00,123.03,9.68,7.209,10.021,1.5933,MQTT,actuator
2025-01-08T14:52:00,1204.357,34.989,7.637,38.94,2.3466,CoAP,gateway
2025-01-09T11:40:00,76.377,14.623,2.274,4.644,0.8256,MQTT,env_sensor
2025-01-08T04:12:00,24.123,40.012,3.088,4.436,1.9213,MQTT,env_sensor
2025-01-09T00:07:00,25.997,223.7,0.1,0.108,3.5548,LoRaWAN,smart_meter
2025-01-09T15:04:00,124.122,3.137,7.589,5.594,0.697,MQTT,actuator
2025-01-08T05:42:00,924.569,33.77,9.592,57.787,0.1918,HTTPS,gateway
2025-01-08T20:29:00,992.223,34.422,5.814,159.022,0.1815,HTTPS,camera
2025-01-09T08:16:00,683.598,44.692,2.78,0.05,0.1959,HTTPS,camera
2025-01-08T16:38:00,123.195,6.57,1.238,4.759,1.203,MQTT,actuator
2025-01-08T10:10:00,18.18,112.372,2.976,0.88,3.6408,LoRaWAN,smart_meter
2025-01-09T12:48:00,21.334,198.435,0.892,0.05,1.4252,LoRaWAN,smart_meter
2025-01-08T12:02:00,16.143,25.084,2.202,4.978,1.8537,MQTT,env_sensor
2025-01-08T11:45:00,130.841,20.562,6.141,9.938,0.9359,MQTT,actuator
2025-01-09T08:42:00,857.47,85.722,4.011,190.904,0.3415,HTTPS,camera
2025-01-09T01:22:00,147.842,6.156,9.889,0.358,0.0,MQTT,actuator
2025-01-08T14:01:00,360.622,34.528,5.009,49.918,1.4753,CoAP,gateway
2025-01-08T11:42:00,128.623,16.902,0.795,11.145,1.9081,MQTT,actuator
2025-01-08T11:48:00,82.004,13.362,10.767,0.799,0.9451,MQTT,actuator
2025-01-09T09:01:00,100.241,12.763,3.142,0.05,1.9234,MQTT,env_sensor
2025-01-08T18:27:00,19.587,129.875,3.085,0.444,3.7912,LoRaWAN,smart_meter
2025-01-08T18:31:00,28.74,169.121,2.515,0.219,0.0,LoRaWAN,smart_meter
2025-01-08T12:37:00,2312.196,63.917,5.495,87.85,0.5195,HTTPS,camera
2025-01-08T21:10:00,83.037,26.09,7.193,12.39,0.6588,MQTT,actuator
2025-01-08T16:32:00,48.799,31.72,0.1,3.967,0.9374,MQTT,env_sensor
2025-01-09T07:36:00,117.322,19.379,3.089,7.446,0.1489,MQTT,actuator
2025-01-09T06:54:00,1339.205,15.129,12.362,7.185,1.373,CoAP,gateway
2025-01-09T15:34:00,991.617,53.086,6.106,134.206,0.8911,HTTPS,camera
2025-01-09T07:52:00,1676.319,49.932,13.253,89.573,2.0668,HTTPS,gateway
2025-01-09T05:14:00,10.14,242.283,4.099,0.929,2.9646,LoRaWAN,smart_meter
2025-01-09T14:13:00,122.303,46.83,6.582,38.216,0.978,MQTT,gateway
2025-01-09T04:43:00,1322.13,52.267,0.483,64.939,0.0524,HTTPS,camera
2025-01-08T03:59:00,637.566,50.993,10.751,47.508,0.0,CoAP,gateway
2025-01-09T14:39:00,152.222,7.324,11.432,10.662,0.0279,MQTT,actuator
2025-01-08T10:46:00,127.648,6.916,5.212,10.335,0.676,MQTT,actuator
2025-01-08T06:29:00,1592.223,59.754,7.952,0.05,0.4733,HTTPS,gateway
2025-01-09T07:47:00,932.047,25.121,10.872,16.183,2.9414,CoAP,gateway
2025-01-09T16:19:00,33.181,232.035,2.097,0.253,3.6557,LoRaWAN,smart_meter
2025-01-08T15:55:00,97.918,17.0,8.159,10.911,1.8054,MQTT,actuator
2025-01-07T22:56:00,1571.302,51.982,19.958,92.997,2.0293,HTTPS,gateway
2025-01-08T15:00:00,931.144,25.706,5.989,108.4,0.6641,HTTPS,gateway
2025-01-09T02:56:00,96.38,13.66,1.149,5.292,1.1915,MQTT,env_sensor
2025-01-08T20:47:00,92.047,19.18,2.411,7.272,2.109,MQTT,env_sensor
2025-01-08T10:04:00,429.951,54.201,8.118,31.025,1.3936,CoAP,gateway
2025-01-08T13:18:00,37.758,260.951,0.798,0.482,0.0,LoRaWAN,smart_meter
2025-01-08T22:55:00,16.844,181.84,3.646,0.494,3.6385,LoRaWAN,smart_meter
2025-01-08T16:43:00,1726.866,6.611,3.164,210.903,0.6132,HTTPS,camera
2025-01-08T06:35:00,300.5,44.862,4.457,88.902,1.512,HTTPS,gateway
2025-01-08T13:46:00,500.128,77.907,3.868,98.85,1.3298,CoAP,gateway
2025-01-08T04:51:00,86.657,28.972,0.405,7.492,0.3504,MQTT,actuator
2025-01-08T06:15:00,1247.323,48.255,1.254,77.99,0.6624,HTTPS,camera
2025-01-08T17:50:00,780.676,66.934,12.359,49.963,1.2606,CoAP,gateway
2025-01-08T18:07:00,1109.762,93.732,5.961,139.541,0.9127,HTTPS,camera
2025-01-09T02:54:00,43.776,323.824,2.116,0.05,3.2638,LoRaWAN,smart_meter
2025-01-09T07:47:00,2425.755,101.493,0.1,132.18,0.5999,HTTPS,camera
2025-01-09T09:32:00,15.269,177.533,1.841,0.353,0.6628,LoRaWAN,smart_meter
2025-01-09T06:52:00,103.58,1.333,1.187,15.113,0.2813,MQTT,actuator
2025-01-08T19:22:00,1015.671,57.167,0.789,68.974,0.8003,HTTPS,gateway
2025-01-09T05:09:00,1972.835,53.149,2.157,122.764,0.0088,HTTPS,camera
2025-01-08T03:04:00,8.0,51.797,5.493,40.965,1.3068,MQTT,gateway
2025-01-08T04:11:00,164.489,21.814,1.042,7.7,0.6358,MQTT,actuator
2025-01-08T03:28:00,958.294,23.056,4.821,168.11,0.0,HTTPS,camera
2025-01-08T12:32:00,30.823,171.299,3.682,0.678,3.9701,LoRaWAN,smart_meter
2025-01-09T13:37:00,107.41,29.197,10.852,4.785,0.7102,MQTT,actuator
2025-01-08T08:31:00,29.705,129.055,0.174,0.565,0.9784,LoRaWAN,smart_meter
2025-01-08T10:36:00,119.097,15.439,4.521,9.454,2.0445,MQTT,actuator
2025-01-09T04:24:00,8.0,61.846,11.926,22.747,0.994,CoAP,gateway
2025-01-08T10:51:00,98.354,26.651,8.077,3.637,0.3579,MQTT,actuator
2025-01-08T00:29:00,32.222,217.663,3.817,0.392,6.3345,LoRaWAN,smart_meter
2025-01-09T16:18:00,125.387,4.04,5.08,9.114,0.0,CoAP,actuator
2025-01-08T16:12:00,23.385,145.785,3.779,0.704,0.1418,LoRaWAN,smart_meter
2025-01-08T20:31:00,29.605,254.069,4.461,0.216,4.4611,LoRaWAN,smart_meter
2025-01-08T09:48:00,23.174,152.37,2.022,0.178,4.759,LoRaWAN,smart_meter
2025-01-08T14:25:00,1733.547,78.433,3.506,164.738,0.5343,HTTPS,camera
2025-01-09T15:36:00,89.7,18.248,4.304,10.508,0.0432,MQTT,actuator
2025-01-08T01:28:00,126.316,16.251,4.168,8.067,0.8748,MQTT,actuator
2025-01-08T08:28:00,130.683,10.289,2.968,10.387,0.7683,MQTT,actuator
2025-01-08T13:22:00,204.245,23.526,11.034,86.794,1.5021,MQTT,gateway
2025-01-08T12:43:00,20.165,254.774,3.738,0.206,0.5457,LoRaWAN,smart_meter
2025-01-09T08:09:00,46.225,38.861,4.37,8.905,0.9635,HTTPS,env_sensor
2025-01-09T00:46:00,2093.314,15.049,9.013,118.353,1.5598,HTTPS,gateway
2025-01-09T01:06:00,8.0,83.003,4.348,54.437,0.5958,HTTPS,gateway
2025-01-09T00:56:00,2464.082,51.728,5.337,167.851,1.2164,HTTPS,camera
2025-01-09T08:47:00,79.772,27.663,1.422,10.861,0.2045,MQTT,env_sensor
2025-01-08T04:34:00,78.858,36.629,8.517,5.476,0.0,MQTT,actuator
2025-01-09T11:08:00,2142.355,36.002,12.674,77.085,0.2311,HTTPS,gateway
2025-01-09T12:12:00,59.344,19.933,3.928,3.572,1.6438,MQTT,env_sensor
2025-01-07T23:51:00,845.332,72.83,15.921,111.555,1.6375,CoAP,gateway
2025-01-08T09:57:00,118.167,3.324,6.961,9.325,1.7973,MQTT,actuator
2025-01-08T08:22:00,109.14,8.827,3.75,10.409,0.0,MQTT,actuator
2025-01-08T23:25:00,30.522,181.38,3.36,0.87,4.2034,LoRaWAN,smart_meter
2025-01-08T05:43:00,66.024,17.958,7.637,10.336,0.249,MQTT,actuator
2025-01-08T08:49:00,1087.549,9.699,6.784,58.941,0.0,HTTPS,gateway
2025-01-08T02:37:00,112.688,24.268,2.656,5.51,0.0,MQTT,env_sensor
2025-01-09T12:27:00,25.103,305.802,1.026,0.612,2.1026,LoRaWAN,smart_meter
2025-01-09T00:40:00,250.966,17.664,15.292,44.802,0.9563,MQTT,gateway
2025-01-08T18:05:00,98.833,14.484,4.04,11.718,1.1858,MQTT,actuator
2025-01-08T03:48:00,89.443,19.057,0.91,1.603,0.5034,MQTT,env_sensor
2025-01-08T13:09:00,8.0,44.843,3.521,0.092,0.0,LoRaWAN,smart_meter
2025-01-09T15:48:00,33.21,141.126,1.418,0.586,5.6085,LoRaWAN,smart_meter
2025-01-09T16:13:00,175.236,8.534,5.18,8.512,1.728,MQTT,actuator
2025-01-09T09:25:00,878.773,53.879,1.232,98.915,0.0,HTTPS,gateway
2025-01-08T17:42:00,1946.996,35.752,7.998,167.749,1.0381,HTTPS,camera
2025-01-08T09:36:00,108.911,1.0,5.258,5.341,0.0636,CoAP,actuator
2025-01-09T07:39:00,23.426,169.136,0.1,0.099,3.0573,LoRaWAN,smart_meter
2025-01-08T10:16:00,16.015,225.31,4.048,0.865,2.4187,LoRaWAN,smart_meter
2025-01-09T03:41:00,41.863,235.872,2.342,0.133,1.6187,LoRaWAN,smart_meter
2025-01-08T18:58:00,77.128,24.867,2.158,4.649,0.2135,MQTT,env_sensor
2025-01-08T23:43:00,656.115,65.226,3.382,42.073,1.1772,CoAP,camera
2025-01-08T03:36:00,872.481,50.354,1.705,88.398,0.6674,HTTPS,camera
2025-01-08T23:16:00,853.421,25.709,7.985,18.522,0.0,CoAP,gateway
2025-01-09T11:09:00,15.417,211.097,2.664,0.757,4.1797,LoRaWAN,smart_meter
2025-01-07T22:46:00,104.021,28.445,0.1,4.017,0.1784,MQTT,actuator
2025-01-08T08:57:00,72.242,26.731,6.056,3.04,0.0,MQTT,actuator
2025-01-08T01:05:00,177.575,23.16,4.478,3.258,0.6782,MQTT,actuator
2025-01-08T09:27:00,1663.196,90.998,2.484,290.908,0.8908,HTTPS,camera
2025-01-08T07:05:00,32.34,275.458,2.483,0.966,1.237,LoRaWAN,smart_meter
2025-01-09T13:42:00,860.063,47.568,8.39,135.493,0.0,HTTPS,gateway
2025-01-08T12:03:00,48.257,18.789,4.321,8.119,1.5938,MQTT,env_sensor
2025-01-08T16:57:00,1531.557,72.693,4.0,146.612,0.794,HTTPS,camera
2025-01-08T05:17:00,2549.176,90.42,5.36,223.667,0.6774,HTTPS,camera
2025-01-08T17:40:00,68.63,25.507,1.145,0.05,1.3695,MQTT,env_sensor
2025-01-08T23:01:00,124.162,11.423,4.362,8.206,1.3228,MQTT,actuator
2025-01-08T01:43:00,22.664,175.199,1.388,0.05,4.5803,LoRaWAN,smart_meter
2025-01-09T12:24:00,136.522,9.531,6.344,4.557,1.0007,CoAP,actuator
2025-01-08T08:22:00,79.347,34.593,0.355,5.226,0.0,MQTT,env_sensor
2025-01-09T05:56:00,39.385,258.826,3.552,0.344,3.699,LoRaWAN,smart_meter
2025-01-08T12:13:00,135.356,14.651,4.837,7.7,0.7783,MQTT,actuator
2025-01-08T08:49:00,25.195,205.675,2.625,0.544,5.8112,LoRaWAN,smart_meter
2025-01-08T13:06:00,1410.469,11.847,6.272,113.054,1.3177,HTTPS,gateway
2025-01-09T08:33:00,35.165,223.854,2.756,0.203,3.6355,LoRaWAN,smart_meter
2025-01-08T23:21:00,74.743,32.389,3.463,3.011,0.4733,MQTT,env_sensor
2025-01-09T01:49:00,137.362,14.443,1.769,10.857,1.0841,MQTT,actuator
2025-01-08T22:22:00,136.803,25.154,5.671,9.161,0.6882,MQTT,actuator
2025-01-09T07:28:00,33.606,143.408,1.591,0.541,2.511,LoRaWAN,smart_meter
2025-01-09T04:14:00,87.432,15.715,9.765,5.287,0.5851,MQTT,actuator
2025-01-07T23:00:00,28.824,204.906,2.471,0.418,0.8687,LoRaWAN,smart_meter
2025-01-08T05:30:00,205.075,39.663,11.621,61.758,0.0,HTTPS,gateway
2025-01-09T11:03:00,106.642,16.226,10.28,5.03,0.0,MQTT,actuator
2025-01-08T05:36:00,417.343,31.973,5.698,62.684,0.8162,HTTPS,gateway
2025-01-08T15:39:00,1902.422,75.892,2.84,91.64,0.8224,HTTPS,camera
2025-01-08T11:30:00,128.622,4.528,5.505,4.268,4.2144,MQTT,env_sensor
2025-01-07T22:58:00,92.244,41.216,1.536,1.251,1.3968,MQTT,env_sensor
2025-01-07T23:46:00,516.65,43.726,0.1,37.469,1.898,MQTT,gateway
2025-01-08T15:04:00,87.586,23.387,3.451,9.513,0.7627,MQTT,actuator
2025-01-08T04:42:00,339.381,23.99,2.156,101.814,1.0578,CoAP,camera
2025-01-09T15:28:00,1440.893,28.478,7.172,94.686,0.7982,HTTPS,camera
2025-01-09T10:58:00,32.546,221.648,2.389,0.884,2.7309,LoRaWAN,smart_meter
2025-01-09T15:59:00,53.617,43.766,2.617,6.059,1.4901,MQTT,env_sensor
2025-01-08T13:50:00,67.557,23.268,1.961,0.884,0.0,MQTT,env_sensor
2025-01-09T14:15:00,664.188,13.966,7.597,52.927,0.7124,HTTPS,gateway
2025-01-08T06:49:00,33.994,136.974,0.846,0.18,3.3456,LoRaWAN,smart_meter
2025-01-08T02:40:00,334.421,107.161,1.798,77.862,0.0351,HTTPS,camera
2025-01-08T20:18:00,300.046,28.996,3.951,150.775,0.5254,HTTPS,camera
2025-01-08T10:32:00,80.684,17.96,4.24,10.615,1.4501,MQTT,env_sensor
2025-01-08T09:36:00,1602.236,20.715,7.839,124.489,2.2677,CoAP,gateway
2025-01-09T15:10:00,1921.379,10.426,10.481,67.411,0.0,HTTPS,camera
2025-01-08T01:12:00,40.665,194.119,2.71,0.649,4.5814,LoRaWAN,smart_meter
2025-01-08T13:29:00,27.753,206.594,3.07,0.738,2.4664,MQTT,smart_meter
2025-01-09T15:15:00,373.016,44.998,0.1,11.281,1.9792,MQTT,gateway
2025-01-08T22:23:00,143.228,30.042,1.512,3.171,0.0,MQTT,actuator
2025-01-08T19:54:00,287.01,33.265,6.791,13.765,0.5882,CoAP,gateway
2025-01-08T03:09:00,27.123,177.742,0.331,0.384,0.0619,LoRaWAN,smart_meter
2025-01-08T00:16:00,30.57,270.651,0.1,0.369,6.9707,LoRaWAN,smart_meter
2025-01-08T01:36:00,1742.722,32.95,4.669,0.05,1.0199,HTTPS,camera
2025-01-09T08:16:00,735.824,37.257,8.403,1.239,0.2822,CoAP,gateway
2025-01-09T03:13:00,143.119,27.943,6.399,11.718,1.7343,CoAP,actuator
2025-01-08T21:45:00,51.782,27.346,7.64,2.457,1.2722,MQTT,env_sensor
2025-01-09T16:11:00,887.82,30.253,2.893,140.16,0.4727,HTTPS,camera
2025-01-09T12:24:00,2237.291,21.334,3.748,62.468,0.0,HTTPS,camera
2025-01-08T02:10:00,1604.933,9.269,2.908,190.309,0.5978,HTTPS,camera
2025-01-08T16:27:00,30.006,215.381,4.379,0.806,3.1015,LoRaWAN,smart_meter
2025-01-07T22:40:00,1751.279,63.771,7.994,97.739,0.7698,HTTPS,camera
2025-01-08T01:55:00,87.763,38.458,4.307,1.554,0.7252,MQTT,actuator
2025-01-08T03:00:00,131.77,18.121,2.272,1.261,1.8963,MQTT,env_sensor
2025-01-08T19:01:00,113.526,13.761,3.561,8.36,0.0,MQTT,actuator
2025-01-08T22:07:00,145.296,35.594,6.508,3.952,1.1822,MQTT,actuator
2025-01-08T10:35:00,29.461,171.248,3.307,0.382,3.7366,LoRaWAN,smart_meter
2025-01-09T00:39:00,37.438,18.309,2.285,2.052,1.592,MQTT,env_sensor
2025-01-09T15:33:00,1439.147,37.517,8.051,14.15,1.5206,MQTT,gateway
2025-01-09T09:05:00,111.107,40.046,2.667,1.857,0.0,MQTT,env_sensor
2025-01-09T04:38:00,32.281,202.176,3.91,0.05,1.5396,LoRaWAN,smart_meter
2025-01-08T06:21:00,35.555,165.74,2.74,0.728,3.1324,LoRaWAN,smart_meter
2025-01-08T04:53:00,108.362,28.204,2.373,6.07,0.0,MQTT,actuator
2025-01-08T06:04:00,87.823,48.568,2.724,2.25,2.1948,MQTT,env_sensor
2025-01-09T16:07:00,806.413,21.981,6.272,167.091,0.742,HTTPS,camera
2025-01-07T23:41:00,428.847,72.39,3.741,0.05,0.4386,HTTPS,gateway
2025-01-09T08:37:00,1955.319,52.921,0.1,95.601,0.3515,HTTPS,camera
2025-01-09T12:51:00,80.38,1.0,5.953,1.45,1.0872,MQTT,env_sensor
2025-01-08T03:11:00,86.84,17.148,6.745,5.593,0.8693,MQTT,actuator
2025-01-08T12:48:00,103.833,16.873,6.495,1.628,0.5606,MQTT,actuator
2025-01-07T23:04:00,142.496,21.803,4.389,5.617,1.1427,MQTT,actuator
2025-01-09T15:50:00,90.14,3.513,1.709,5.135,1.1754,MQTT,actuator
2025-01-08T18:54:00,40.825,226.903,2.042,0.233,0.0,LoRaWAN,smart_meter
2025-01-08T21:32:00,25.966,168.166,2.696,0.246,2.5522,LoRaWAN,smart_meter
2025-01-08T02:43:00,35.345,143.162,3.616,0.44,4.0384,LoRaWAN,smart_meter
2025-01-09T00:19:00,90.828,40.95,2.817,5.04,2.9297,MQTT,env_sensor
2025-01-08T06:21:00,284.726,79.315,3.154,185.962,0.4686,HTTPS,camera
2025-01-09T12:15:00,89.098,11.721,1.528,8.009,2.2606,MQTT,actuator
2025-01-08T15:11:00,907.018,52.099,0.1,193.122,1.9805,HTTPS,gateway
2025-01-09T02:39:00,22.397,190.75,1.971,0.05,2.7901,LoRaWAN,smart_meter
2025-01-09T08:42:00,1348.078,68.105,2.956,135.687,1.5038,HTTPS,gateway
2025-01-08T00:06:00,678.588,63.365,0.1,167.443,1.1697,HTTPS,camera
2025-01-09T08:04:00,1387.996,61.257,0.509,15.895,0.5293,HTTPS,camera
2025-01-08T09:28:00,27.544,231.99,0.501,0.123,4.1967,LoRaWAN,smart_meter
2025-01-08T22:30:00,243.096,56.527,9.407,50.902,0.0,HTTPS,gateway
2025-01-08T12:35:00,946.061,45.841,20.919,62.659,0.2075,HTTPS,gateway
2025-01-09T06:29:00,60.86,18.313,0.822,5.882,0.605,MQTT,env_sensor
2025-01-08T01:15:00,10.702,248.48,2.573,0.05,4.1364,LoRaWAN,smart_meter
2025-01-08T14:08:00,38.366,16.021,0.34,7.853,1.1936,MQTT,env_sensor
2025-01-09T02:05:00,600.016,24.543,5.771,105.822,1.4121,CoAP,gateway
2025-01-09T07:55:00,986.113,32.617,4.27,79.899,0.7196,HTTPS,camera
2025-01-08T17:50:00,43.967,186.912,0.1,1.026,3.1602,MQTT,smart_meter
2025-01-08T07:47:00,50.386,20.659,3.45,8.854,1.4854,MQTT,env_sensor
2025-01-08T16:06:00,35.9,143.731,1.131,0.6,3.4966,LoRaWAN,smart_meter
2025-01-09T13:32:00,919.316,83.851,4.781,201.983,0.8743,HTTPS,camera
2025-01-08T20:26:00,30.883,13.765,3.077,0.05,3.7391,MQTT,smart_meter
2025-01-08T00:39:00,34.1,27.325,10.489,2.374,0.6974,MQTT,gateway
2025-01-08T05:26:00,1348.194,71.685,6.334,66.021,0.8799,HTTPS,camera
2025-01-09T01:51:00,505.676,40.732,7.745,55.998,0.4982,HTTPS,gateway
2025-01-09T13:13:00,209.471,14.27,17.038,54.586,0.0,MQTT,gateway
2025-01-09T12:04:00,19.426,185.675,1.603,0.342,1.1582,LoRaWAN,smart_meter
2025-01-08T20:48:00,143.349,39.399,0.1,133.187,0.4835,HTTPS,gateway
2025-01-07T22:55:00,15.108,145.676,3.624,0.164,3.0566,LoRaWAN,smart_meter
2025-01-09T03:30:00,796.982,65.365,8.654,53.822,3.0301,CoAP,gateway
2025-01-08T01:29:00,90.089,5.035,2.405,5.167,3.0098,MQTT,env_sensor
2025-01-09T08:52:00,1218.454,30.376,7.399,146.522,0.0,HTTPS,camera
2025-01-09T05:24:00,27.966,203.796,0.668,0.288,7.8007,LoRaWAN,smart_meter
2025-01-08T08:38:00,89.337,8.492,0.1,3.601,2.1133,MQTT,env_sensor
2025-01-09T01:32:00,26.517,93.642,0.1,0.972,1.5903,MQTT,smart_meter
2025-01-08T18:29:00,1714.669,122.674,4.44,46.699,0.5702,HTTPS,camera
2025-01-08T15:52:00,850.497,52.396,2.815,79.593,0.7579,HTTPS,gateway
2025-01-09T09:48:00,142.582,10.897,6.114,8.579,1.5288,MQTT,actuator
2025-01-08T20:57:00,34.409,183.434,2.822,0.581,2.5608,LoRaWAN,smart_meter
2025-01-09T05:05:00,1235.533,25.546,13.27,153.593,0.2884,HTTPS,gateway
2025-01-08T23:18:00,34.752,242.783,1.981,0.319,0.1793,LoRaWAN,smart_meter
2025-01-09T04:27:00,2294.921,83.208,8.792,204.658,0.6586,HTTPS,camera
2025-01-08T07:42:00,25.422,166.901,1.383,0.496,5.4517,LoRaWAN,smart_meter
2025-01-09T00:54:00,52.409,7.076,0.1,6.175,0.0,MQTT,env_sensor
2025-01-08T05:51:00,26.245,268.37,3.951,0.315,3.397,LoRaWAN,smart_meter
2025-01-09T04:11:00,80.834,14.534,5.173,10.641,0.1035,CoAP,actuator
2025-01-08T22:20:00,1789.31,64.522,2.714,139.975,0.4397,HTTPS,camera
2025-01-07T23:41:00,124.225,13.377,0.792,1.703,0.0,MQTT,env_sensor
2025-01-09T08:29:00,2311.608,43.585,2.772,162.933,0.3421,HTTPS,camera
2025-01-08T17:06:00,57.479,17.155,4.668,3.477,1.3185,MQTT,env_sensor
2025-01-08T04:57:00,36.872,25.507,4.181,6.063,0.0,MQTT,env_sensor
2025-01-09T06:35:00,89.1,12.341,7.164,1.426,1.3471,MQTT,env_sensor
2025-01-08T15:51:00,26.471,239.4,1.664,0.777,4.7722,LoRaWAN,smart_meter
2025-01-08T17:21:00,162.139,9.373,2.948,5.524,0.5062,MQTT,actuator
2025-01-08T20:05:00,134.606,20.537,9.359,6.483,0.7195,CoAP,actuator
2025-01-08T17:10:00,36.306,141.091,0.662,0.208,2.6519,LoRaWAN,smart_meter
2025-01-09T06:08:00,25.443,148.329,3.405,0.361,2.1013,LoRaWAN,smart_meter
2025-01-09T03:42:00,831.033,32.489,14.959,127.549,1.6296,CoAP,gateway
2025-01-09T11:39:00,480.838,67.408,3.78,105.757,0.9058,HTTPS,camera
2025-01-08T11:13:00,29.727,232.892,2.549,0.05,2.2245,LoRaWAN,smart_meter
2025-01-08T07:49:00,15.028,23.591,6.91,3.39,1.3472,MQTT,env_sensor
2025-01-08T09:31:00,1391.167,99.459,9.439,64.371,1.344,HTTPS,camera
2025-01-08T12:20:00,1428.693,40.522,6.704,98.282,1.052,HTTPS,gateway
2025-01-08T08:02:00,37.704,161.598,1.614,0.493,3.3749,LoRaWAN,smart_meter
2025-01-09T00:22:00,125.709,16.492,5.764,7.539,0.0,MQTT,actuator
2025-01-08T08:33:00,1076.687,82.956,0.475,198.65,0.6066,HTTPS,camera
2025-01-09T12:24:00,69.992,4.574,2.426,5.492,3.3975,MQTT,env_sensor
2025-01-08T16:22:00,52.385,12.257,5.196,0.05,2.1839,MQTT,env_sensor
2025-01-08T14:24:00,2298.355,45.523,2.493,140.5,0.428,HTTPS,camera
2025-01-07T22:56:00,63.679,39.282,0.255,1.646,2.5856,MQTT,env_sensor
2025-01-08T06:22:00,19.175,34.098,0.599,7.112,1.5597,MQTT,env_sensor
2025-01-08T04:54:00,90.303,24.814,8.808,7.8,1.3614,MQTT,actuator
2025-01-08T05:16:00,85.793,8.351,10.585,11.569,0.1114,MQTT,actuator
2025-01-09T06:14:00,1593.195,73.746,5.774,147.938,0.5808,HTTPS,camera
2025-01-08T14:42:00,81.833,30.179,7.094,5.634,0.8179,MQTT,env_sensor
2025-01-08T15:09:00,88.892,58.114,7.871,128.38,1.246,CoAP,gateway
2025-01-08T02:51:00,3207.666,65.469,2.404,140.746,1.0975,HTTPS,camera
2025-01-09T03:25:00,101.907,37.314,5.259,0.673,0.0311,CoAP,env_sensor
2025-01-08T01:04:00,20.95,108.108,0.901,0.185,2.5612,LoRaWAN,smart_meter
2025-01-07T23:36:00,76.708,20.839,6.77,6.508,0.5169,MQTT,actuator
2025-01-08T05:15:00,128.342,24.734,2.236,0.05,0.4562,MQTT,env_sensor
2025-01-08T03:53:00,1868.886,95.129,4.506,112.177,0.5629,HTTPS,camera
2025-01-08T14:35:00,1048.027,73.999,0.817,131.068,2.5577,HTTPS,gateway
2025-01-08T13:45:00,30.77,150.782,0.1,0.574,2.1003,LoRaWAN,smart_meter
2025-01-08T01:52:00,147.053,28.336,5.62,6.351,1.5105,MQTT,actuator
2025-01-09T10:52:00,426.446,39.619,6.194,42.062,0.7904,CoAP,gateway
2025-01-08T02:35:00,30.962,118.642,4.421,0.845,7.1316,LoRaWAN,smart_meter
