timestamp,payload_size,latency,jitter,throughput,packet_loss,best_protocol,device_archetype
2025-01-23T05:54:00,126.813,24.993,5.772,2.021,0.9085,MQTT,actuator
2025-01-22T23:34:00,886.912,31.651,13.665,46.636,1.1044,CoAP,gateway
2025-01-22T23:52:00,485.202,95.926,4.295,85.695,3.5006,HTTPS,gateway
2025-01-23T05:12:00,25.785,209.267,0.1,0.547,4.4996,LoRaWAN,smart_meter
2025-01-23T10:06:00,27.388,231.472,2.839,0.759,0.7886,LoRaWAN,smart_meter
2025-01-22T10:45:00,123.649,32.233,1.857,10.012,1.4767,MQTT,actuator
2025-01-23T01:10:00,37.177,160.769,2.149,0.296,2.691,LoRaWAN,smart_meter
2025-01-22T00:24:00,724.789,47.39,17.386,18.88,0.0,CoAP,gateway
2025-01-23T04:09:00,910.246,73.65,1.83,113.275,0.8951,HTTPS,camera
2025-01-22T23:56:00,17.993,196.538,0.787,0.998,3.9932,LoRaWAN,smart_meter
2025-01-23T03:33:00,2421.633,60.652,3.292,35.773,0.3852,HTTPS,camera
2025-01-22T15:03:00,533.657,74.394,7.166,47.306,1.6273,CoAP,gateway
2025-01-22T04:46:00,610.037,51.8,6.128,54.873,0.0,HTTPS,gateway
2025-01-22T01:53:00,759.593,73.131,15.699,0.05,1.2906,CoAP,gateway
2025-01-22T16:46:00,1625.453,23.106,7.378,98.531,0.23,HTTPS,camera
2025-01-21T22:48:00,3347.878,85.906,2.327,148.666,0.6539,HTTPS,camera
2025-01-22T02:51:00,2184.318,62.315,6.586,127.82,1.0754,HTTPS,camera
2025-01-22T16:51:00,86.63,13.223,8.541,12.761,1.0382,MQTT,actuator
2025-01-22T15:02:00,639.005,50.123,4.203,151.849,0.5893,HTTPS,camera
2025-01-22T21:31:00,1745.992,90.784,9.853,125.824,0.1605,HTTPS,camera
2025-01-23T07:36:00,1142.191,77.009,5.782,80.83,1.1619,HTTPS,camera
2025-01-23T05:10:00,31.511,185.476,3.101,1.037,0.0459,MQTT,smart_meter
2025-01-23T02:22:00,1051.201,46.639,2.06,29.566,0.0445,HTTPS,gateway
2025-01-23T10:40:00,27.763,162.582,0.1,0.265,2.8336,MQTT,smart_meter
2025-01-23T01:42:00,55.781,30.296,0.1,0.37,0.6054,MQTT,env_sensor
2025-01-22T19:36:00,34.92,225.885,1.865,0.489,3.0238,LoRaWAN,smart_meter
2025-01-22T21:11:00,130.983,11.987,7.402,5.073,1.1288,MQTT,actuator
2025-01-23T11:20:00,915.75,30.653,8.939,27.208,0.8579,CoAP,gateway
2025-01-22T14:31:00,99.275,6.214,1.776,8.57,0.0,MQTT,actuator
2025-01-23T12:22:00,67.847,36.084,1.596,7.983,0.7794,MQTT,env_sensor
2025-01-22T11:36:00,15.992,44.859,2.879,7.241,1.9801,MQTT,env_sensor
2025-01-23T07:01:00,144.562,58.246,13.015,31.112,2.703,CoAP,gateway
2025-01-23T07:18:00,27.774,282.296,3.496,0.544,2.7849,LoRaWAN,smart_meter
2025-01-22T21:01:00,104.51,30.789,1.619,4.126,3.4229,MQTT,env_sensor
2025-01-22T06:28:00,29.74,132.502,0.54,1.275,1.9574,MQTT,smart_meter
2025-01-22T01:24:00,19.676,109.777,2.207,0.535,2.6289,LoRaWAN,smart_meter
2025-01-22T04:43:00,38.723,136.35,4.467,0.66,0.0,LoRaWAN,smart_meter
2025-01-22T04:56:00,22.429,125.11,2.271,0.455,1.5815,MQTT,smart_meter
2025-01-22T00:05:00,461.271,34.397,3.333,165.963,1.1415,HTTPS,camera
2025-01-23T08:16:00,24.777,110.507,1.462,0.532,5.7527,LoRaWAN,smart_meter
2025-01-23T12:04:00,58.235,23.69,1.126,3.363,0.3748,MQTT,env_sensor
2025-01-22T14:33:00,81.296,11.204,3.867,4.587,0.9929,MQTT,actuator
2025-01-22T14:43:00,59.328,29.438,2.99,7.617,1.7722,MQTT,env_sensor
2025-01-22T09:12:00,78.847,10.125,0.94,7.121,0.591,MQTT,env_sensor
2025-01-22T08:53:00,33.083,237.225,0.394,0.528,2.1076,LoRaWAN,smart_meter
2025-01-22T03:09:00,1672.776,89.603,6.921,18.349,0.6937,HTTPS,camera
2025-01-22T21:06:00,1870.244,77.584,6.031,124.211,0.0103,HTTPS,camera
2025-01-22T20:03:00,1268.034,74.986,1.17,83.89,0.9461,HTTPS,camera
2025-01-22T18:08:00,35.343,136.826,0.181,0.538,2.0328,LoRaWAN,smart_meter
2025-01-23T00:41:00,208.309,14.337,4.022,8.387,1.4004,MQTT,actuator
2025-01-23T06:26:00,1488.092,49.475,0.399,24.635,0.5532,HTTPS,camera
2025-01-22T12:52:00,29.357,150.036,3.681,0.698,3.4491,LoRaWAN,smart_meter
2025-01-22T16:36:00,1015.67,61.978,14.093,94.765,1.3178,CoAP,gateway
2025-01-22T00:03:00,36.752,300.359,2.961,0.231,4.1905,MQTT,smart_meter
2025-01-21T22:14:00,2068.689,31.602,8.259,39.477,0.0,HTTPS,gateway
2025-01-23T00:08:00,83.858,23.55,2.204,4.788,0.7263,MQTT,env_sensor
2025-01-22T18:29:00,531.895,28.456,14.229,22.77,0.024,CoAP,gateway
2025-01-23T03:42:00,26.832,147.143,2.056,0.208,5.2548,LoRaWAN,smart_meter
2025-01-23T07:08:00,108.486,28.383,5.629,3.496,1.8526,MQTT,actuator
2025-01-23T03:11:00,8.0,50.928,10.997,60.47,0.5687,HTTPS,gateway
2025-01-23T11:30:00,1980.37,81.122,5.473,158.78,0.0,HTTPS,camera
2025-01-21T22:13:00,982.425,105.5,5.968,104.94,0.6329,HTTPS,camera
2025-01-22T11:33:00,55.888,32.274,3.193,7.284,1.574,MQTT,env_sensor
2025-01-23T00:05:00,16.103,174.375,0.1,0.125,3.2204,LoRaWAN,smart_meter
2025-01-22T04:57:00,79.602,34.673,2.963,5.116,1.8555,MQTT,env_sensor
2025-01-23T06:52:00,86.392,27.769,6.085,4.798,0.9889,MQTT,actuator
2025-01-23T03:58:00,51.021,21.295,6.82,3.188,0.975,MQTT,env_sensor
2025-01-22T12:19:00,139.74,12.338,6.43,5.731,1.1922,MQTT,actuator
2025-01-23T12:19:00,1949.142,65.536,3.25,102.226,0.0,HTTPS,camera
2025-01-22T07:13:00,135.428,25.502,2.333,11.631,0.0926,MQTT,actuator
2025-01-22T04:39:00,78.076,20.716,1.678,5.285,0.7053,MQTT,actuator
2025-01-23T04:10:00,2285.618,73.63,0.953,77.88,0.1033,HTTPS,camera
2025-01-23T12:23:00,116.784,40.438,0.1,122.502,0.2467,HTTPS,gateway
2025-01-21T22:34:00,8.0,25.334,18.755,123.339,1.0288,CoAP,gateway
2025-01-23T10:09:00,45.732,28.816,2.25,0.891,1.0826,MQTT,env_sensor
2025-01-23T03:10:00,85.442,24.824,0.1,0.05,0.6666,MQTT,actuator
2025-01-22T18:11:00,1317.201,50.767,7.636,62.779,0.0,HTTPS,gateway
2025-01-23T09:03:00,47.372,166.432,2.692,0.05,1.6428,LoRaWAN,smart_meter
2025-01-22T04:28:00,1800.73,19.346,6.634,67.408,1.9264,MQTT,gateway
2025-01-22T03:17:00,1180.592,83.53,0.1,35.214,1.2061,MQTT,camera
2025-01-23T12:16:00,1409.617,34.585,9.468,57.912,0.0,HTTPS,gateway
2025-01-22T15:22:00,43.633,262.172,3.037,0.352,3.0787,LoRaWAN,smart_meter
2025-01-22T07:53:00,101.796,33.4,2.782,3.682,2.8212,MQTT,env_sensor
2025-01-22T05:54:00,897.29,86.872,7.468,54.562,0.3671,HTTPS,camera
2025-01-23T03:13:00,2086.534,23.208,5.842,84.738,2.4715,HTTPS,gateway
2025-01-22T05:51:00,110.851,41.131,2.839,1.856,1.3111,MQTT,env_sensor
2025-01-22T09:35:00,1579.212,80.859,0.1,139.07,1.3556,HTTPS,camera
2025-01-23T07:13:00,1145.886,87.197,1.925,105.158,0.0,HTTPS,camera
2025-01-21T21:15:00,1301.095,32.015,0.663,68.68,0.9825,HTTPS,gateway
2025-01-22T12:40:00,83.042,26.953,8.906,7.894,2.2323,MQTT,actuator
2025-01-23T07:17:00,113.323,19.538,1.187,10.485,0.6631,MQTT,actuator
2025-01-23T10:06:00,127.528,18.166,0.124,7.602,0.3038,MQTT,actuator
2025-01-23T08:52:00,67.197,23.449,1.189,0.275,1.8395,MQTT,env_sensor
2025-01-22T22:45:00,134.201,15.088,7.542,5.179,1.6787,MQTT,actuator
2025-01-23T07:35:00,569.689,55.868,3.922,0.05,3.2918,MQTT,gateway
2025-01-22T23:07:00,19.537,192.553,0.622,0.446,7.3502,LoRaWAN,smart_meter
2025-01-22T06:56:00,30.762,15.439,4.174,0.05,2.1544,MQTT,env_sensor
2025-01-22T22:14:00,462.813,124.851,6.695,2.021,1.195,CoAP,gateway
2025-01-22T20:34:00,523.011,16.546,5.332,28.861,1.886,CoAP,gateway
2025-01-22T09:49:00,1124.554,58.55,9.084,90.19,1.3811,HTTPS,gateway
2025-01-22T22:04:00,1506.593,56.939,5.108,0.05,0.3531,HTTPS,camera
2025-01-22T20:54:00,60.747,31.389,5.549,10.739,2.1083,CoAP,actuator
2025-01-21T20:22:00,2635.872,65.379,5.759,129.621,0.1894,HTTPS,camera
2025-01-22T03:38:00,62.968,16.427,3.252,5.133,1.6666,MQTT,env_sensor
2025-01-21T21:31:00,1465.012,86.385,0.68,77.552,0.5527,HTTPS,camera
2025-01-23T04:59:00,80.186,42.032,10.788,67.734,0.4199,HTTPS,gateway
2025-01-21T21:43:00,54.195,34.389,6.075,0.222,0.002,CoAP,actuator
2025-01-22T10:21:00,119.919,23.294,6.597,7.397,0.0,MQTT,actuator
2025-01-22T16:34:00,1024.815,39.976,2.266,21.227,0.565,HTTPS,gateway
2025-01-22T13:52:00,135.63,15.702,3.923,10.384,0.0,MQTT,actuator
2025-01-22T12:55:00,49.488,19.356,5.373,3.626,1.0896,MQTT,env_sensor
2025-01-23T10:28:00,39.399,145.253,0.169,0.116,8.3579,LoRaWAN,smart_meter
2025-01-22T00:48:00,44.11,54.229,7.889,1.911,1.7138,CoAP,env_sensor
2025-01-23T08:01:00,1116.761,14.5,16.479,42.816,2.5454,CoAP,gateway
2025-01-23T06:39:00,135.024,38.947,3.761,0.05,1.2384,MQTT,env_sensor
2025-01-22T19:30:00,1095.134,56.179,8.076,128.377,1.4178,HTTPS,gateway
2025-01-22T01:33:00,1098.518,49.806,5.563,75.198,0.7808,HTTPS,gateway
2025-01-22T23:15:00,93.671,33.166,10.294,4.893,1.1865,MQTT,actuator
2025-01-22T22:44:00,28.02,182.354,1.709,0.189,2.6523,LoRaWAN,smart_meter
2025-01-22T05:45:00,765.999,92.236,1.162,238.308,0.3362,HTTPS,camera
2025-01-22T08:27:00,111.76,15.911,7.68,14.28,1.3725,MQTT,actuator
2025-01-23T10:35:00,25.596,122.851,2.218,0.717,5.5509,LoRaWAN,smart_meter
2025-01-23T07:44:00,1958.343,58.66,0.755,134.725,1.1035,HTTPS,camera
2025-01-23T01:10:00,8.0,30.477,7.604,52.159,0.0,HTTPS,gateway
2025-01-22T09:04:00,808.508,71.756,13.773,89.289,2.4332,CoAP,gateway
2025-01-21T21:55:00,32.749,257.508,1.83,0.326,2.0205,LoRaWAN,smart_meter
2025-01-22T14:57:00,266.681,72.053,6.986,20.89,1.5397,CoAP,gateway
2025-01-22T01:28:00,1374.565,23.75,8.86,191.853,0.5788,HTTPS,camera
2025-01-21T23:56:00,85.947,20.772,10.964,5.909,1.8301,MQTT,actuator
2025-01-22T04:58:00,398.75,104.032,5.162,75.983,0.05,HTTPS,camera
2025-01-22T01:33:00,45.445,56.905,2.629,107.43,0.3749,HTTPS,camera
2025-01-21T22:01:00,1977.341,41.947,4.167,177.032,0.9591,HTTPS,camera
2025-01-22T02:34:00,108.176,11.713,5.902,0.207,1.8785,MQTT,env_sensor
2025-01-21T21:01:00,1065.359,59.74,3.033,187.275,0.653,HTTPS,camera
2025-01-22T15:28:00,1543.972,41.15,2.925,59.429,0.3525,HTTPS,gateway
2025-01-23T02:18:00,112.188,12.931,8.332,6.841,0.6547,MQTT,actuator
2025-01-22T18:56:00,1569.857,64.814,4.104,126.209,0.7687,HTTPS,camera
2025-01-22T13:00:00,15.598,99.512,3.271,0.663,4.6546,CoAP,smart_meter
2025-01-23T05:00:00,52.554,23.16,4.297,14.876,1.1697,MQTT,actuator
2025-01-23T01:41:00,2524.876,81.335,2.966,52.687,1.3707,HTTPS,camera
2025-01-23T02:11:00,85.868,27.423,7.424,5.669,0.6586,MQTT,actuator
2025-01-23T13:22:00,32.727,262.498,3.57,0.736,0.1545,LoRaWAN,smart_meter
2025-01-23T01:03:00,28.549,114.165,2.72,0.25,4.7374,LoRaWAN,smart_meter
2025-01-22T06:35:00,105.436,17.736,8.643,0.513,1.2956,CoAP,actuator
2025-01-21T21:20:00,1930.911,84.652,3.826,84.93,1.0773,HTTPS,camera
2025-01-22T12:09:00,107.96,28.545,2.611,9.447,1.9559,MQTT,actuator
2025-01-23T05:28:00,107.655,18.135,7.8,4.43,1.8286,MQTT,actuator
2025-01-22T00:23:00,183.381,31.184,6.371,7.548,0.8608,MQTT,actuator
2025-01-22T08:22:00,1741.728,75.725,1.917,171.514,0.0,HTTPS,camera
2025-01-22T11:52:00,362.993,74.908,8.499,38.732,0.0,HTTPS,gateway
2025-01-23T03:44:00,910.767,49.798,3.981,96.254,0.3245,HTTPS,camera
2025-01-23T10:04:00,558.321,51.326,8.637,58.93,2.6477,CoAP,gateway
2025-01-22T08:36:00,1560.837,27.573,12.985,103.612,0.5475,HTTPS,gateway
2025-01-22T23:04:00,1462.292,92.967,0.163,194.721,0.0,HTTPS,camera
2025-01-23T05:53:00,680.363,67.775,9.023,2.763,0.9938,CoAP,camera
2025-01-23T04:08:00,24.607,186.722,3.759,0.185,8.0064,LoRaWAN,smart_meter
2025-01-22T04:55:00,17.961,225.495,0.1,0.273,2.4235,LoRaWAN,smart_meter
2025-01-23T01:23:00,144.823,23.084,1.344,6.505,1.1835,MQTT,actuator
2025-01-22T00:53:00,82.753,19.159,5.23,6.875,0.9706,MQTT,actuator
2025-01-22T13:34:00,42.598,159.881,3.116,0.621,2.1672,LoRaWAN,smart_meter
2025-01-21T20:36:00,204.404,50.41,5.064,14.638,0.0,CoAP,gateway
2025-01-22T14:34:00,1541.604,48.575,5.014,49.139,0.6623,HTTPS,gateway
2025-01-22T22:04:00,20.18,94.756,0.107,0.886,4.6268,LoRaWAN,smart_meter
2025-01-22T17:02:00,97.294,21.66,0.1,4.347,0.6915,MQTT,actuator
2025-01-22T12:47:00,1063.181,31.222,7.368,36.598,0.6875,HTTPS,gateway
2025-01-22T12:05:00,17.548,134.072,0.912,0.741,5.5386,LoRaWAN,smart_meter
2025-01-22T08:56:00,527.609,85.728,8.0,55.527,0.0,HTTPS,gateway
2025-01-21T20:46:00,95.121,12.727,4.282,2.704,1.1412,MQTT,env_sensor
2025-01-22T13:04:00,114.276,22.99,1.552,14.545,1.0139,MQTT,actuator
2025-01-23T11:39:00,1033.771,62.959,8.94,76.723,0.839,HTTPS,gateway
2025-01-22T12:34:00,418.951,86.142,11.631,7.55,0.3109,CoAP,gateway
2025-01-22T23:52:00,74.1,36.597,4.653,10.954,1.7217,MQTT,env_sensor
2025-01-23T05:54:00,1557.115,58.68,2.671,80.115,0.5258,HTTPS,camera
2025-01-22T13:20:00,141.599,13.675,6.19,11.684,0.942,MQTT,actuator
2025-01-22T10:25:00,771.34,44.121,14.759,97.453,0.2264,HTTPS,gateway
2025-01-23T13:12:00,2574.782,84.524,3.434,172.878,0.891,HTTPS,camera
2025-01-22T04:52:00,28.527,19.633,7.701,7.525,0.0,MQTT,actuator
2025-01-22T09:40:00,1375.043,21.543,0.1,135.987,0.3011,HTTPS,gateway
2025-01-22T15:25:00,118.261,45.774,1.505,9.969,1.6265,MQTT,env_sensor
2025-01-22T15:51:00,521.148,48.171,1.878,9.931,1.9766,CoAP,gateway
2025-01-21T21:32:00,31.697,161.74,2.134,0.139,1.2721,LoRaWAN,smart_meter
2025-01-22T07:42:00,1246.708,73.786,5.357,87.014,0.0,HTTPS,camera
2025-01-23T13:05:00,129.08,46.154,13.31,57.668,0.0,HTTPS,gateway
2025-01-21T23:18:00,1421.612,47.015,12.41,44.653,3.4455,CoAP,gateway
2025-01-22T13:03:00,362.968,21.573,0.894,56.202,0.8606,HTTPS,gateway
2025-01-23T07:47:00,15.099,165.548,4.23,0.173,3.3855,LoRaWAN,smart_meter
2025-01-22T08:49:00,140.894,15.241,0.1,5.558,2.0175,MQTT,actuator
2025-01-23T11:38:00,108.768,23.122,5.713,3.174,2.4349,MQTT,env_sensor
2025-01-23T13:39:00,108.387,28.078,14.78,1.691,0.0319,MQTT,actuator
2025-01-22T01:58:00,1316.432,43.766,1.788,137.556,1.3403,HTTPS,camera
2025-01-21T20:39:00,2055.795,68.895,0.518,70.404,0.3279,HTTPS,camera
2025-01-21T20:10:00,97.304,23.39,7.646,13.288,1.4793,MQTT,actuator
2025-01-22T05:27:00,120.81,18.434,6.072,5.758,1.0209,MQTT,actuator
2025-01-23T09:06:00,669.735,20.945,6.697,107.828,0.0,HTTPS,gateway
2025-01-23T02:13:00,1968.158,101.196,2.349,144.625,0.6638,HTTPS,camera
2025-01-22T13:28:00,112.938,17.248,9.837,8.598,0.0,MQTT,actuator
2025-01-22T19:26:00,327.626,45.928,8.026,37.909,0.5292,HTTPS,gateway
2025-01-23T11:41:00,71.431,20.362,5.592,12.74,0.0,MQTT,actuator
2025-01-22T20:13:00,30.593,239.752,1.89,0.854,4.7985,LoRaWAN,smart_meter
2025-01-22T19:19:00,30.777,167.857,2.437,0.434,1.647,MQTT,smart_meter
2025-01-23T05:31:00,636.866,11.333,2.693,124.876,1.1947,MQTT,camera
2025-01-23T09:19:00,642.903,47.726,4.681,129.547,1.3214,HTTPS,camera
2025-01-23T01:27:00,1082.524,85.953,2.313,333.632,1.2403,HTTPS,camera
2025-01-23T01:37:00,86.785,29.988,3.056,3.989,2.8207,MQTT,env_sensor
2025-01-22T15:57:00,31.067,33.085,1.505,1.662,2.2579,MQTT,env_sensor
2025-01-23T03:30:00,157.24,34.271,11.546,5.389,1.4897,MQTT,actuator
2025-01-22T04:58:00,906.836,50.034,6.707,67.967,2.0225,CoAP,gateway
2025-01-23T11:21:00,34.491,26.917,4.046,0.413,2.6343,MQTT,smart_meter
2025-01-21T23:41:00,15.781,212.33,1.85,0.557,6.7158,LoRaWAN,smart_meter
2025-01-23T03:05:00,1916.591,44.136,3.04,84.745,0.9644,HTTPS,camera
2025-01-22T23:07:00,65.907,18.81,2.817,8.004,0.0,MQTT,actuator
2025-01-21T21:27:00,92.66,7.77,10.769,9.015,0.2832,MQTT,actuator
2025-01-22T08:06:00,1137.413,66.742,8.766,158.327,0.0,HTTPS,camera
2025-01-22T00:26:00,31.445,189.453,1.856,0.167,1.611,LoRaWAN,smart_meter
2025-01-22T08:50:00,1697.024,64.15,11.36,65.204,1.2645,HTTPS,gateway
2025-01-22T22:10:00,28.927,201.135,3.723,0.05,4.2324,LoRaWAN,smart_meter
2025-01-21T20:49:00,19.987,214.741,0.1,0.173,3.9861,LoRaWAN,smart_meter
2025-01-22T06:32:00,1702.66,61.594,11.785,44.607,0.3889,HTTPS,gateway
2025-01-22T13:44:00,27.842,65.75,1.607,0.161,2.7618,MQTT,smart_meter
2025-01-22T16:09:00,99.547,48.088,0.505,0.769,0.8981,MQTT,env_sensor
2025-01-23T03:41:00,1331.448,33.937,7.699,47.726,0.0,HTTPS,gateway
2025-01-22T19:10:00,76.615,28.634,5.123,1.929,1.6798,CoAP,env_sensor
2025-01-22T10:40:00,150.193,31.816,12.25,5.451,0.8564,CoAP,actuator
2025-01-22T23:21:00,2545.274,42.431,7.91,171.371,0.4206,HTTPS,camera
2025-01-23T02:24:00,61.759,35.634,2.361,5.668,0.0,MQTT,env_sensor
2025-01-22T08:31:00,133.184,15.484,8.819,0.05,0.3138,MQTT,actuator
2025-01-23T03:11:00,68.404,5.446,3.348,2.014,1.9285,MQTT,env_sensor
2025-01-22T02:20:00,1713.068,1.0,3.379,50.889,1.0118,MQTT,camera
2025-01-23T07:03:00,109.537,20.882,9.199,0.05,0.5141,MQTT,actuator
2025-01-23T09:18:00,38.454,14.945,4.427,3.681,2.1188,MQTT,env_sensor
2025-01-21T22:09:00,2177.661,69.569,8.7,101.275,0.0,HTTPS,gateway
2025-01-22T00:21:00,267.415,46.751,5.304,192.655,1.4518,CoAP,camera
2025-01-23T04:49:00,30.621,264.653,1.234,0.374,3.9518,LoRaWAN,smart_meter
2025-01-22T09:35:00,101.898,34.126,1.721,4.322,2.0505,MQTT,env_sensor
2025-01-23T11:56:00,1300.783,20.183,2.48,89.005,1.1391,HTTPS,gateway
2025-01-21T23:14:00,60.934,27.049,3.831,6.518,2.0155,MQTT,env_sensor
2025-01-23T12:41:00,2291.664,70.566,4.639,175.024,0.953,HTTPS,camera
2025-01-23T12:47:00,34.333,186.978,3.737,0.165,3.8957,LoRaWAN,smart_meter
2025-01-23T05:13:00,17.751,249.669,4.441,0.673,3.4888,LoRaWAN,smart_meter
2025-01-22T04:56:00,142.62,29.375,11.762,9.137,1.2863,MQTT,actuator
2025-01-22T03:43:00,100.348,38.86,2.356,2.977,0.3542,MQTT,env_sensor
2025-01-22T20:28:00,98.019,21.071,1.482,7.6,0.0,MQTT,actuator
2025-01-22T20:21:00,31.467,118.256,1.025,0.292,2.7277,LoRaWAN,smart_meter
2025-01-22T13:47:00,107.969,101.663,2.272,76.767,0.7828,HTTPS,gateway
2025-01-22T22:10:00,1015.213,56.944,0.1,12.579,0.7387,HTTPS,gateway
2025-01-23T04:07:00,76.753,4.283,5.547,0.05,0.8594,MQTT,actuator
2025-01-22T20:18:00,1213.714,54.485,11.125,0.621,0.3956,HTTPS,gateway
2025-01-23T06:39:00,3052.276,67.219,2.983,184.276,0.0311,HTTPS,camera
2025-01-23T12:45:00,2387.566,87.976,5.852,54.915,0.9387,HTTPS,camera
2025-01-22T02:20:00,30.964,90.399,1.254,0.328,8.7026,LoRaWAN,smart_meter
2025-01-23T01:02:00,361.177,69.907,2.23,58.375,2.1314,HTTPS,gateway
2025-01-22T08:20:00,995.431,22.831,14.535,9.475,0.0662,CoAP,gateway
2025-01-22T13:45:00,24.671,170.63,0.181,0.486,5.3028,LoRaWAN,smart_meter
2025-01-22T08:01:00,527.198,78.916,7.644,138.229,1.7934,CoAP,camera
2025-01-22T06:58:00,82.135,21.777,3.729,5.311,1.7681,MQTT,env_sensor
2025-01-22T05:37:00,1447.32,46.521,4.291,42.184,0.945,HTTPS,gateway
2025-01-21T20:12:00,91.964,25.01,3.974,2.061,0.7377,MQTT,actuator
2025-01-22T02:25:00,1090.178,43.915,11.357,70.804,0.4271,HTTPS,gateway
2025-01-23T12:29:00,336.883,24.038,1.666,93.301,1.842,MQTT,gateway
2025-01-22T04:22:00,62.717,25.54,2.591,8.12,1.1274,MQTT,env_sensor
2025-01-22T17:10:00,1435.774,26.482,2.195,73.345,0.0,HTTPS,camera
2025-01-22T19:31:00,20.883,192.241,1.016,0.534,2.1855,LoRaWAN,smart_meter
2025-01-23T04:13:00,1887.546,62.084,4.868,35.115,1.9538,HTTPS,gateway
2025-01-21T20:15:00,185.368,15.571,8.195,10.385,0.0,MQTT,actuator
2025-01-22T01:22:00,96.077,29.99,8.994,7.629,1.7247,MQTT,actuator
2025-01-22T21:02:00,113.462,27.64,2.221,2.187,0.5432,MQTT,env_sensor
2025-01-22T00:56:00,890.794,29.879,6.099,129.844,0.9637,HTTPS,camera
2025-01-22T14:57:00,29.928,93.93,2.072,0.837,3.2402,LoRaWAN,smart_meter
2025-01-23T02:39:00,36.902,20.659,3.109,4.531,1.098,MQTT,env_sensor
2025-01-22T00:33:00,123.914,18.229,9.033,4.692,1.0183,MQTT,actuator
2025-01-23T08:15:00,2000.29,66.693,2.91,123.619,1.2126,HTTPS,gateway
2025-01-22T16:45:00,48.596,24.954,0.1,5.167,1.0939,MQTT,env_sensor
2025-01-22T03:05:00,1905.998,56.172,1.619,59.308,0.7603,HTTPS,camera
2025-01-22T00:24:00,77.36,29.218,2.47,1.391,1.8326,MQTT,env_sensor
2025-01-22T10:43:00,113.226,9.403,6.667,5.212,0.0,MQTT,actuator
2025-01-22T02:27:00,43.106,26.544,4.869,10.057,1.2258,MQTT,actuator
2025-01-21T21:41:00,41.043,2.261,0.1,9.916,0.8106,MQTT,env_sensor
2025-01-21T21:11:00,95.75,20.215,3.182,0.05,1.1422,MQTT,env_sensor
2025-01-21T23:56:00,38.024,138.115,3.511,0.289,2.8572,LoRaWAN,smart_meter
2025-01-23T12:39:00,44.872,40.503,2.891,6.482,3.3961,MQTT,env_sensor
2025-01-22T03:48:00,1693.295,63.976,0.1,138.181,0.7517,HTTPS,camera
2025-01-22T20:26:00,110.12,16.276,8.702,7.062,1.3008,MQTT,actuator
2025-01-23T02:05:00,54.337,38.282,1.361,8.41,1.4594,MQTT,env_sensor
2025-01-23T11:12:00,76.443,44.262,6.025,2.963,0.0,MQTT,env_sensor
2025-01-22T03:41:00,61.272,39.702,0.937,0.409,1.5435,MQTT,env_sensor
2025-01-22T21:12:00,1246.977,73.363,0.963,186.165,0.1327,HTTPS,camera
2025-01-22T04:58:00,114.284,15.915,9.165,5.309,0.0,MQTT,actuator
2025-01-21T23:55:00,198.054,1.0,7.693,105.341,0.9497,MQTT,gateway
2025-01-23T07:07:00,36.401,38.65,0.1,1.708,0.0,MQTT,env_sensor
2025-01-23T08:14:00,11.363,221.094,1.979,0.709,0.3902,LoRaWAN,smart_meter
2025-01-22T07:22:00,112.538,11.096,7.18,7.55,0.304,MQTT,actuator
2025-01-22T09:02:00,1424.965,65.493,8.066,0.05,1.054,CoAP,gateway
2025-01-22T16:47:00,74.151,5.52,1.088,2.469,0.9955,MQTT,env_sensor
2025-01-22T01:41:00,856.133,50.714,3.355,3.769,0.9443,HTTPS,gateway
2025-01-23T08:48:00,3123.783,81.205,1.407,157.748,0.0,HTTPS,camera
2025-01-22T04:40:00,34.24,180.753,1.671,0.797,0.8408,LoRaWAN,smart_meter
2025-01-23T11:59:00,139.12,21.153,2.775,6.908,0.0,MQTT,actuator
2025-01-22T21:02:00,30.941,210.349,1.9,0.597,2.0169,MQTT,smart_meter
2025-01-23T06:54:00,127.578,18.413,3.067,6.036,1.1831,MQTT,actuator
2025-01-22T15:33:00,134.335,4.975,13.284,11.617,0.0,MQTT,actuator
2025-01-22T11:55:00,81.563,13.516,1.222,4.408,1.4769,MQTT,env_sensor
2025-01-22T01:30:00,32.009,133.735,1.251,0.505,5.3781,LoRaWAN,smart_meter
2025-01-22T09:55:00,1408.06,67.199,4.647,25.283,0.8477,HTTPS,gateway
2025-01-23T09:53:00,1415.264,24.829,9.068,74.938,1.2073,HTTPS,gateway
2025-01-22T16:48:00,116.758,16.022,0.1,1.215,0.9551,MQTT,actuator
2025-01-22T18:55:00,124.37,23.519,4.848,13.676,0.0,MQTT,actuator
2025-01-22T07:27:00,54.268,24.948,4.436,6.938,0.7555,MQTT,actuator
2025-01-22T14:39:00,20.061,9.039,2.627,0.05,2.0661,MQTT,env_sensor
2025-01-23T08:18:00,1430.76,88.218,5.074,27.052,1.4744,CoAP,gateway
2025-01-22T18:11:00,23.968,165.337,1.049,0.05,3.1653,LoRaWAN,smart_meter
2025-01-22T17:19:00,1101.646,55.964,3.23,135.65,2.355,HTTPS,gateway
2025-01-23T13:30:00,1195.603,58.185,7.949,172.242,1.333,CoAP,camera
2025-01-22T18:43:00,895.636,66.15,11.18,42.207,1.9767,CoAP,gateway
2025-01-22T15:36:00,147.685,25.672,6.332,10.005,0.6477,MQTT,actuator
2025-01-22T03:46:00,32.913,152.327,3.278,0.57,2.8676,LoRaWAN,smart_meter
2025-01-23T03:20:00,36.381,258.885,0.1,0.75,5.6336,LoRaWAN,smart_meter
2025-01-22T16:26:00,76.222,42.238,6.055,6.655,0.9409,CoAP,env_sensor
2025-01-22T21:50:00,1164.648,68.304,6.726,13.399,0.0,HTTPS,gateway
2025-01-22T00:47:00,2880.22,23.836,5.134,125.27,1.036,HTTPS,camera
2025-01-22T14:05:00,889.303,52.704,16.276,67.916,1.8354,CoAP,gateway
2025-01-22T15:55:00,23.488,216.776,1.653,0.43,3.9041,LoRaWAN,smart_meter
2025-01-22T16:15:00,12.317,310.523,1.31,0.963,6.5448,LoRaWAN,smart_meter
2025-01-22T14:46:00,55.557,13.787,0.1,4.701,1.4879,MQTT,env_sensor
2025-01-23T00:45:00,79.84,21.207,5.357,0.05,2.2637,MQTT,env_sensor
2025-01-22T22:15:00,14.337,215.379,5.056,0.467,2.1949,LoRaWAN,smart_meter
2025-01-21T21:54:00,1595.925,67.332,7.737,34.403,1.0784,HTTPS,camera
2025-01-23T04:46:00,25.725,64.617,1.042,0.331,0.0,HTTPS,smart_meter
2025-01-21T21:37:00,33.046,165.066,1.437,0.616,4.672,LoRaWAN,smart_meter
2025-01-22T04:37:00,37.757,186.936,0.701,0.912,5.2155,LoRaWAN,smart_meter
2025-01-22T23:29:00,8.0,174.129,1.138,0.303,1.7873,LoRaWAN,smart_meter
2025-01-22T00:50:00,1849.079,28.054,0.1,42.636,0.7534,HTTPS,gateway
2025-01-23T06:20:00,120.856,14.846,3.728,7.026,2.3451,MQTT,actuator
2025-01-23T10:02:00,1170.012,28.351,6.364,53.536,0.0,HTTPS,gateway
2025-01-22T00:51:00,11.567,274.195,3.661,0.05,5.5028,LoRaWAN,smart_meter
2025-01-22T17:16:00,119.584,1.0,2.621,6.976,0.0,MQTT,actuator
2025-01-22T02:07:00,1393.782,65.775,2.718,111.466,0.0,HTTPS,camera
2025-01-22T08:42:00,102.673,20.885,5.12,1.036,0.0,MQTT,env_sensor
2025-01-23T00:58:00,155.574,6.125,10.366,4.035,1.5923,CoAP,actuator
2025-01-22T08:29:00,1814.331,37.801,2.743,55.319,1.0526,HTTPS,gateway
2025-01-23T12:41:00,365.559,24.111,0.1,123.02,0.0,HTTPS,gateway
2025-01-22T20:21:00,102.231,13.98,3.519,14.42,1.254,MQTT,actuator
2025-01-23T01:22:00,54.538,38.607,3.61,3.812,1.7722,MQTT,env_sensor
2025-01-23T10:01:00,24.357,189.983,3.346,0.464,3.9013,LoRaWAN,smart_meter
2025-01-23T13:11:00,1734.823,58.162,10.55,55.377,0.1656,HTTPS,camera
2025-01-23T09:05:00,725.193,33.021,10.899,29.587,2.8038,CoAP,gateway
2025-01-23T01:29:00,86.633,45.598,3.877,4.914,3.3453,MQTT,env_sensor
2025-01-22T22:33:00,1668.729,35.893,10.063,86.347,1.2731,HTTPS,gateway
2025-01-22T11:15:00,1063.461,44.891,5.446,78.312,0.7523,HTTPS,camera
2025-01-22T20:35:00,71.443,27.057,3.722,1.361,1.0311,MQTT,env_sensor
2025-01-22T23:17:00,153.424,5.331,10.057,6.187,0.9968,MQTT,actuator
2025-01-22T15:28:00,118.517,10.04,4.442,7.782,1.3379,MQTT,actuator
2025-01-22T23:45:00,1494.159,40.049,3.261,96.384,0.7092,HTTPS,camera
2025-01-23T04:21:00,1173.814,60.93,5.091,136.152,0.0959,HTTPS,camera
2025-01-22T10:27:00,2637.177,30.588,3.083,29.798,0.7042,HTTPS,camera
2025-01-23T09:10:00,90.252,26.455,3.506,2.282,0.538,MQTT,actuator
2025-01-22T11:45:00,15.18,229.292,4.816,0.05,6.2516,LoRaWAN,smart_meter
2025-01-22T05:12:00,30.15,162.15,4.461,0.05,3.5991,LoRaWAN,smart_meter
2025-01-23T02:20:00,86.85,28.455,6.625,8.869,1.3955,MQTT,env_sensor
2025-01-23T01:28:00,100.85,24.03,6.328,8.077,0.5269,CoAP,actuator
2025-01-22T08:46:00,109.055,22.403,4.595,10.315,0.733,MQTT,actuator
2025-01-23T05:38:00,25.023,255.611,2.178,0.6,1.1884,LoRaWAN,smart_meter
2025-01-23T10:14:00,1687.859,78.072,5.866,143.313,0.3231,HTTPS,camera
2025-01-23T13:11:00,25.773,185.045,1.542,0.579,2.8494,LoRaWAN,smart_meter
2025-01-23T00:14:00,94.05,30.602,3.45,5.06,1.2654,MQTT,actuator
2025-01-23T03:04:00,82.744,23.816,7.931,2.753,1.3768,MQTT,actuator
2025-01-22T16:17:00,2844.398,63.727,0.1,197.411,1.6639,HTTPS,camera
2025-01-22T03:42:00,772.197,95.501,2.555,234.962,1.1247,CoAP,camera
2025-01-22T10:02:00,141.217,12.96,5.478,12.666,0.0,MQTT,actuator
2025-01-22T13:41:00,512.915,42.706,7.266,82.566,0.0,HTTPS,gateway
2025-01-23T08:37:00,1345.279,31.785,6.617,90.651,0.0503,HTTPS,gateway
2025-01-22T00:33:00,28.522,122.183,1.421,0.801,0.0,LoRaWAN,smart_meter
2025-01-22T03:32:00,69.95,28.048,4.584,2.848,1.4858,MQTT,env_sensor
2025-01-21T23:50:00,141.695,11.203,1.777,14.86,0.961,MQTT,actuator
2025-01-22T09:50:00,25.736,266.612,5.266,0.403,0.3738,LoRaWAN,smart_meter
2025-01-23T07:46:00,1074.212,18.534,0.1,8.501,2.1247,MQTT,gateway
2025-01-22T23:48:00,25.571,156.914,2.398,0.386,0.0,LoRaWAN,smart_meter
2025-01-22T17:35:00,1521.873,63.34,2.736,23.935,0.9085,HTTPS,camera
2025-01-23T10:27:00,692.894,78.487,6.622,0.05,1.9658,CoAP,gateway
2025-01-22T00:38:00,100.148,20.772,7.695,6.009,0.6416,MQTT,actuator
2025-01-23T10:21:00,46.571,36.296,4.257,2.04,1.7584,MQTT,env_sensor
2025-01-22T03:05:00,24.019,285.04,1.197,0.176,2.1109,LoRaWAN,smart_meter
2025-01-23T01:00:00,28.189,216.714,3.66,0.389,6.2091,LoRaWAN,smart_meter
2025-01-23T06:45:00,1360.185,45.547,13.629,102.787,0.092,HTTPS,gateway
2025-01-22T18:57:00,690.822,72.09,8.726,82.48,1.4124,CoAP,gateway
2025-01-22T07:22:00,1176.102,103.423,10.361,174.339,0.2397,HTTPS,camera
2025-01-23T07:39:00,1331.345,18.554,11.337,63.883,0.0,HTTPS,camera
2025-01-22T18:22:00,75.525,11.371,13.141,81.858,1.0668,MQTT,gateway
2025-01-23T04:03:00,1153.519,98.823,6.936,169.658,0.4221,HTTPS,camera
2025-01-22T17:41:00,1059.611,51.219,3.752,145.732,0.6694,HTTPS,camera
2025-01-22T14:55:00,27.505,175.376,0.1,0.261,4.9177,LoRaWAN,smart_meter
2025-01-22T03:49:00,121.959,29.157,5.142,12.5,1.0989,MQTT,actuator
2025-01-22T12:28:00,1965.491,52.318,2.242,179.24,0.7836,HTTPS,camera
2025-01-22T01:13:00,26.255,278.94,0.868,0.325,4.4552,LoRaWAN,smart_meter
2025-01-22T11:40:00,12.035,91.252,0.954,0.656,2.944,MQTT,smart_meter
2025-01-23T08:55:00,41.101,30.297,3.351,6.257,2.0679,MQTT,env_sensor
2025-01-23T00:48:00,809.896,52.19,11.745,6.693,1.1681,CoAP,gateway
2025-01-23T09:37:00,124.174,21.113,6.187,10.558,0.489,MQTT,actuator
2025-01-22T12:20:00,1028.945,45.791,2.643,64.006,0.5226,HTTPS,gateway
2025-01-21T21:18:00,70.271,16.177,5.457,3.739,1.1647,MQTT,actuator
2025-01-22T14:21:00,106.617,35.361,3.937,6.559,0.2815,MQTT,env_sensor
2025-01-22T05:31:00,764.67,78.118,9.599,111.922,1.5795,CoAP,camera
2025-01-22T03:17:00,1083.393,49.935,12.832,22.802,0.0,HTTPS,gateway
2025-01-22T08:37:00,1082.59,16.552,3.659,95.021,0.4459,HTTPS,gateway
2025-01-22T09:38:00,1967.782,33.258,0.14,105.744,1.1755,HTTPS,camera
2025-01-22T22:16:00,963.734,8.768,6.71,112.616,0.0,HTTPS,gateway
2025-01-22T13:16:00,115.707,28.67,6.485,14.478,1.4508,MQTT,actuator
2025-01-22T23:54:00,41.51,188.368,5.465,0.05,1.6002,LoRaWAN,smart_meter
2025-01-22T18:36:00,1252.432,15.303,1.041,155.698,1.4551,HTTPS,camera
2025-01-23T09:25:00,1070.758,75.235,7.762,134.673,0.9803,HTTPS,gateway
2025-01-22T10:41:00,1602.814,71.12,9.812,158.066,1.1918,HTTPS,camera
2025-01-21T23:19:00,712.276,17.181,1.507,157.792,1.4812,MQTT,camera
2025-01-23T06:00:00,76.028,38.813,1.97,4.347,0.0,MQTT,env_sensor
2025-01-22T12:50:00,37.326,202.236,0.737,0.317,3.1708,LoRaWAN,smart_meter
2025-01-22T12:50:00,79.474,10.439,4.9,4.778,1.3483,MQTT,env_sensor
2025-01-21T22:31:00,22.347,72.939,3.699,0.248,6.3301,LoRaWAN,smart_meter
2025-01-23T02:57:00,418.288,34.923,2.599,149.19,0.6583,HTTPS,camera
2025-01-22T18:00:00,31.839,114.296,3.797,1.1,0.2342,MQTT,smart_meter
2025-01-22T19:42:00,77.752,19.723,6.89,0.05,3.7387,MQTT,env_sensor
2025-01-23T06:01:00,2353.532,68.627,8.409,169.312,0.1855,HTTPS,camera
2025-01-23T12:53:00,128.268,21.899,3.576,3.649,0.0,MQTT,actuator
2025-01-22T02:52:00,138.376,23.306,8.164,7.605,1.5824,MQTT,actuator
2025-01-22T17:18:00,1218.126,68.03,15.924,59.556,1.6113,HTTPS,gateway
2025-01-22T07:05:00,63.158,24.79,1.019,2.578,0.0,MQTT,env_sensor
2025-01-22T12:36:00,742.395,42.218,0.1,8.076,0.4607,HTTPS,gateway
2025-01-23T12:15:00,103.193,21.408,1.48,1.953,0.0586,MQTT,env_sensor
2025-01-23T11:23:00,520.185,36.132,9.663,36.292,1.7541,CoAP,gateway
2025-01-22T14:05:00,133.323,13.374,5.707,7.445,1.2901,MQTT,actuator
2025-01-23T07:50:00,449.038,68.235,8.938,0.05,0.9111,CoAP,gateway
2025-01-23T11:31:00,1574.074,26.653,0.723,109.618,0.3688,HTTPS,camera
2025-01-22T16:30:00,73.177,25.832,5.932,16.461,0.0,MQTT,actuator
2025-01-23T00:16:00,1391.541,58.925,9.063,94.993,0.1691,HTTPS,camera
2025-01-22T17:24:00,1823.672,97.918,3.827,116.767,1.0311,HTTPS,camera
2025-01-22T19:45:00,2273.124,85.399,9.869,142.93,0.6807,HTTPS,camera
2025-01-22T05:51:00,1855.821,46.253,1.404,69.732,1.5872,HTTPS,camera
2025-01-22T07:51:00,10.434,197.654,5.14,0.05,4.6156,LoRaWAN,smart_meter
2025-01-23T07:24:00,143.225,25.039,5.802,7.266,1.0746,MQTT,actuator
2025-01-21T21:45:00,797.946,70.231,0.1,77.974,1.8373,HTTPS,gateway
2025-01-23T09:34:00,41.527,135.995,1.599,0.339,1.3334,LoRaWAN,smart_meter
2025-01-22T08:42:00,1154.236,99.259,7.337,101.409,0.0507,HTTPS,camera
2025-01-22T08:06:00,27.656,241.761,1.36,0.333,5.5671,LoRaWAN,smart_meter
2025-01-23T05:06:00,701.58,8.015,9.396,64.005,2.2364,CoAP,gateway
2025-01-23T04:54:00,8.0,29.854,0.1,93.683,1.6323,MQTT,gateway
2025-01-22T05:16:00,112.333,16.964,4.431,8.936,0.8734,MQTT,actuator
2025-01-22T12:55:00,1473.985,45.541,7.607,116.657,1.2187,HTTPS,gateway
2025-01-22T13:45:00,85.591,23.585,5.349,1.725,0.5189,MQTT,env_sensor
2025-01-22T20:00:00,337.464,81.174,14.715,27.272,1.9416,CoAP,gateway
2025-01-22T22:24:00,128.546,11.375,2.422,6.258,0.2261,MQTT,actuator
2025-01-22T08:37:00,91.154,18.697,7.919,19.656,0.0023,MQTT,actuator
2025-01-23T03:30:00,31.325,83.127,5.399,0.296,3.2312,LoRaWAN,smart_meter
2025-01-22T08:01:00,67.014,6.762,2.432,5.69,1.0948,MQTT,actuator
2025-01-22T22:54:00,80.18,38.536,7.256,1.895,0.0,MQTT,env_sensor
2025-01-23T12:07:00,83.323,13.352,7.392,8.275,1.3194,MQTT,actuator
2025-01-23T06:46:00,1938.906,20.914,3.118,95.395,1.2062,HTTPS,gateway
2025-01-22T08:10:00,2105.552,14.642,2.968,133.068,0.128,HTTPS,camera
2025-01-22T06:53:00,8.0,62.678,3.43,125.221,0.6391,HTTPS,camera
2025-01-22T11:26:00,135.758,6.362,6.31,4.369,0.0875,CoAP,actuator
2025-01-22T16:49:00,92.442,36.716,0.1,3.673,3.4033,MQTT,env_sensor
2025-01-23T05:21:00,90.195,6.998,4.626,0.05,0.911,MQTT,env_sensor
2025-01-22T23:13:00,33.177,133.877,4.883,0.05,5.0903,LoRaWAN,smart_meter
2025-01-22T08:40:00,19.672,162.587,0.1,0.537,6.9557,LoRaWAN,smart_meter
2025-01-23T13:23:00,661.74,16.356,5.76,0.05,0.0346,CoAP,gateway
2025-01-22T14:02:00,170.791,49.265,13.472,78.694,1.7974,CoAP,gateway
2025-01-23T06:23:00,81.8,18.413,5.309,1.995,2.1388,CoAP,env_sensor
2025-01-23T02:00:00,2085.227,34.889,8.969,208.568,1.2991,HTTPS,camera
2025-01-22T00:07:00,27.537,157.347,0.7,0.406,3.3711,LoRaWAN,smart_meter
2025-01-23T12:12:00,1776.259,29.69,5.031,150.725,0.3891,HTTPS,camera
2025-01-22T09:20:00,1438.737,55.806,4.488,1.639,0.9474,HTTPS,camera
2025-01-22T17:47:00,88.113,28.933,3.291,0.05,0.8064,MQTT,env_sensor
2025-01-22T15:33:00,59.397,1.0,3.386,2.146,1.1303,MQTT,env_sensor
2025-01-22T13:10:00,21.836,145.556,1.789,0.322,6.267,LoRaWAN,smart_meter
2025-01-22T13:45:00,155.008,9.476,13.699,96.825,1.1109,MQTT,gateway
2025-01-23T11:01:00,1621.438,50.223,5.612,63.319,0.8005,HTTPS,camera
2025-01-22T18:24:00,1025.428,79.517,6.839,207.332,0.0,HTTPS,camera
2025-01-22T07:38:00,101.771,18.911,13.27,8.629,1.7693,MQTT,actuator
2025-01-22T06:06:00,34.086,312.365,0.521,0.469,1.7145,LoRaWAN,smart_meter
2025-01-22T10:49:00,85.428,10.546,3.881,10.383,1.3945,MQTT,actuator
2025-01-21T21:26:00,130.073,45.892,6.815,48.965,1.0957,MQTT,gateway
2025-01-21T20:41:00,30.427,134.766,0.1,0.123,3.3733,LoRaWAN,smart_meter
2025-01-23T09:37:00,2412.439,49.919,5.84,128.942,0.7078,HTTPS,camera
2025-01-23T11:28:00,1437.785,57.614,4.804,73.182,1.3549,HTTPS,gateway
2025-01-22T05:11:00,2296.367,45.632,7.004,147.535,0.429,HTTPS,camera
2025-01-22T18:31:00,23.422,139.286,1.002,0.296,5.4426,LoRaWAN,smart_meter
2025-01-21T22:00:00,126.12,21.434,8.053,17.423,0.4255,MQTT,actuator
2025-01-23T10:48:00,69.055,31.887,0.433,0.05,0.6826,MQTT,env_sensor
2025-01-22T18:45:00,50.255,44.997,2.014,0.05,1.3612,MQTT,env_sensor
2025-01-22T04:18:00,23.672,277.719,4.517,0.274,5.437,LoRaWAN,smart_meter
2025-01-22T11:30:00,117.459,19.426,3.02,0.369,1.1896,MQTT,actuator
2025-01-22T20:33:00,1595.037,66.785,8.221,131.781,0.0608,HTTPS,camera
2025-01-21T23:47:00,96.614,28.014,0.297,5.487,1.2281,MQTT,env_sensor
2025-01-23T03:17:00,1499.83,48.713,0.224,109.224,1.7798,HTTPS,gateway
2025-01-22T05:45:00,120.917,9.832,7.702,8.418,0.1183,MQTT,actuator
2025-01-23T09:58:00,22.574,131.337,1.762,0.48,2.5849,LoRaWAN,smart_meter
2025-01-23T00:37:00,1532.066,55.145,4.508,139.89,1.4802,HTTPS,camera
2025-01-22T21:44:00,394.406,84.507,3.478,39.096,0.1593,HTTPS,camera
2025-01-23T01:33:00,26.422,260.351,3.057,0.383,3.3424,LoRaWAN,smart_meter
2025-01-22T23:28:00,1631.966,84.486,5.393,117.474,0.8159,HTTPS,camera
2025-01-22T18:10:00,87.307,27.65,6.975,0.05,0.4889,MQTT,env_sensor
2025-01-23T07:50:00,25.706,182.251,1.536,0.569,4.0854,LoRaWAN,smart_meter
2025-01-22T15:34:00,92.57,6.314,9.375,14.579,1.1933,MQTT,actuator
2025-01-21T23:03:00,18.263,125.08,2.424,0.372,4.562,LoRaWAN,smart_meter
2025-01-22T11:49:00,71.151,24.163,2.055,0.156,0.0,MQTT,env_sensor
2025-01-22T04:47:00,156.573,27.848,2.911,8.432,0.4174,MQTT,actuator
2025-01-23T03:31:00,87.742,1.0,0.1,0.05,1.4943,MQTT,env_sensor
2025-01-21T20:54:00,536.578,38.458,0.1,127.278,0.2704,HTTPS,gateway
2025-01-23T11:30:00,1322.972,58.661,3.385,43.696,0.0,HTTPS,gateway
2025-01-22T18:58:00,26.352,40.72,0.797,0.319,1.5835,LoRaWAN,env_sensor
2025-01-23T01:15:00,115.615,22.458,11.344,5.978,0.0,MQTT,actuator
2025-01-22T02:26:00,1607.756,40.138,4.022,69.154,0.0329,HTTPS,camera
2025-01-23T02:59:00,1918.321,51.918,4.452,0.05,1.383,HTTPS,gateway
2025-01-21T21:25:00,93.252,21.618,5.419,13.461,1.6993,CoAP,actuator
2025-01-22T10:49:00,56.676,21.536,4.069,0.05,1.7688,MQTT,env_sensor
2025-01-22T21:45:00,22.774,189.647,1.701,0.939,4.8677,LoRaWAN,smart_meter
2025-01-22T07:50:00,1199.954,25.156,4.155,66.442,0.227,HTTPS,gateway
2025-01-22T13:05:00,1754.599,39.249,6.841,211.458,0.6838,HTTPS,camera
2025-01-22T21:21:00,101.216,14.508,8.88,7.534,0.0,CoAP,actuator
2025-01-22T02:07:00,12.513,139.004,0.229,0.13,0.5714,LoRaWAN,smart_meter
2025-01-22T11:55:00,1608.271,39.77,5.806,87.818,0.3541,HTTPS,camera
2025-01-22T10:46:00,92.266,25.727,3.784,6.894,0.5032,MQTT,env_sensor
2025-01-22T13:21:00,1031.042,88.841,0.1,114.489,1.1222,HTTPS,camera
2025-01-23T04:25:00,66.486,42.394,3.625,5.349,1.761,MQTT,env_sensor
2025-01-21T23:19:00,18.094,185.859,3.413,0.213,1.4582,LoRaWAN,smart_meter
2025-01-23T05:14:00,144.764,4.16,1.323,5.074,1.1871,MQTT,actuator
2025-01-23T13:06:00,62.035,32.362,1.728,7.19,1.3182,MQTT,env_sensor
2025-01-21T21:15:00,32.255,115.04,2.585,0.446,2.7145,LoRaWAN,smart_meter
2025-01-22T16:21:00,19.987,20.141,13.263,12.866,1.3109,MQTT,actuator
2025-01-23T03:58:00,468.186,67.515,3.943,127.845,1.7357,HTTPS,gateway
2025-01-21T20:12:00,91.967,10.387,4.149,1.287,0.5953,MQTT,env_sensor
2025-01-23T12:38:00,25.282,159.254,3.087,1.238,4.6837,MQTT,smart_meter
2025-01-22T15:21:00,135.117,10.804,4.999,5.6,0.0,MQTT,env_sensor
2025-01-23T13:27:00,530.82,46.778,8.472,83.59,2.7316,CoAP,gateway
2025-01-22T03:13:00,29.224,199.691,0.981,0.465,6.3062,LoRaWAN,smart_meter
2025-01-23T01:43:00,2123.247,81.727,2.557,144.739,0.6264,HTTPS,camera
2025-01-22T04:18:00,69.738,24.192,2.45,5.645,1.6071,MQTT,env_sensor
2025-01-23T01:43:00,99.65,9.536,1.685,5.413,0.816,MQTT,actuator
2025-01-22T06:48:00,1324.036,1.0,1.436,160.201,0.8465,HTTPS,gateway
2025-01-22T16:02:00,86.252,1.0,3.995,13.565,0.5225,MQTT,actuator
2025-01-23T02:10:00,56.122,190.701,1.812,0.087,3.8199,MQTT,smart_meter
2025-01-21T22:23:00,47.343,14.015,1.152,2.139,3.176,MQTT,env_sensor
2025-01-23T12:02:00,98.792,25.655,3.222,6.93,0.0,MQTT,env_sensor
2025-01-22T02:30:00,1512.023,67.791,3.601,90.58,0.2423,HTTPS,camera
2025-01-22T23:43:00,25.16,246.378,2.279,0.415,2.5903,LoRaWAN,smart_meter
2025-01-22T22:12:00,1236.976,37.751,0.1,43.876,1.3029,HTTPS,gateway
2025-01-23T04:07:00,34.168,60.629,0.1,0.147,2.8856,MQTT,smart_meter
2025-01-23T10:56:00,1707.662,112.488,7.532,119.258,0.7121,HTTPS,camera
2025-01-22T18:01:00,1509.684,48.564,0.1,200.82,0.5338,HTTPS,camera
2025-01-23T06:21:00,13.732,180.291,0.1,0.594,7.0737,LoRaWAN,smart_meter
2025-01-22T10:16:00,97.755,32.084,0.1,5.187,0.0,MQTT,env_sensor
2025-01-22T22:36:00,1677.429,1.0,14.767,0.05,0.0087,HTTPS,gateway
2025-01-22T11:40:00,136.102,13.84,5.017,0.05,1.3208,MQTT,actuator
2025-01-21T20:28:00,1628.266,76.613,2.578,153.604,0.6419,HTTPS,camera
2025-01-22T16:32:00,1722.137,42.362,9.854,120.854,1.4124,HTTPS,camera
2025-01-22T13:52:00,21.432,98.468,2.622,0.367,1.9048,MQTT,smart_meter
2025-01-22T14:20:00,120.361,34.397,1.608,81.99,1.1307,MQTT,gateway
2025-01-23T06:46:00,139.652,25.808,10.029,14.16,0.8571,MQTT,actuator
2025-01-23T07:18:00,190.828,48.92,0.1,7.818,0.0,MQTT,gateway
2025-01-22T01:57:00,13.664,139.331,1.087,0.557,2.3902,LoRaWAN,smart_meter
2025-01-22T23:17:00,2114.603,87.343,2.211,87.892,1.0077,HTTPS,camera
2025-01-22T21:27:00,3090.638,1.0,4.084,120.729,1.1449,HTTPS,camera
2025-01-23T00:40:00,49.148,11.175,4.864,7.222,1.5883,MQTT,actuator
2025-01-22T13:17:00,1493.784,62.504,4.086,147.878,0.1485,HTTPS,camera
2025-01-22T15:21:00,117.097,20.84,6.331,3.896,0.2339,MQTT,actuator
2025-01-22T13:29:00,30.861,40.817,0.105,10.27,0.0,MQTT,env_sensor
2025-01-22T09:10:00,367.621,69.9,11.289,0.05,2.1507,CoAP,gateway
2025-01-23T00:43:00,983.335,89.871,5.266,76.561,0.0,HTTPS,camera
2025-01-22T09:56:00,2532.575,41.243,5.553,84.49,0.3248,HTTPS,camera
2025-01-22T18:57:00,38.761,140.517,0.1,0.841,5.6534,LoRaWAN,smart_meter
2025-01-22T20:27:00,100.479,34.592,2.253,5.52,1.355,MQTT,env_sensor
2025-01-22T05:00:00,416.951,48.255,11.496,67.245,0.9745,HTTPS,gateway
2025-01-22T02:22:00,29.949,266.583,1.382,0.226,6.7946,LoRaWAN,smart_meter
2025-01-22T22:56:00,90.814,23.711,0.1,5.811,0.4855,MQTT,env_sensor
2025-01-23T03:27:00,86.029,25.083,6.535,9.939,0.3756,MQTT,actuator
2025-01-23T02:22:00,88.862,34.029,1.241,1.4,2.613,MQTT,env_sensor
2025-01-22T10:37:00,1272.525,55.049,9.606,82.155,1.097,HTTPS,camera
2025-01-22T04:23:00,98.708,27.101,11.106,10.685,1.42,MQTT,actuator
2025-01-22T03:16:00,35.31,22.474,4.236,3.837,1.4924,MQTT,env_sensor
2025-01-23T08:16:00,117.191,19.462,6.493,1.495,0.3733,MQTT,env_sensor
2025-01-22T14:31:00,1497.984,81.547,12.073,41.334,0.286,HTTPS,gateway
2025-01-21T21:35:00,1072.962,25.664,10.103,23.671,0.7345,HTTPS,gateway
2025-01-22T16:01:00,1990.95,4.231,6.059,84.956,0.2869,HTTPS,camera
2025-01-22T15:18:00,69.623,13.338,6.306,14.062,1.0509,MQTT,actuator
2025-01-22T01:48:00,1938.575,70.036,1.227,158.245,0.4215,HTTPS,camera
2025-01-22T20:01:00,65.411,9.322,1.582,6.885,0.7506,MQTT,env_sensor
2025-01-22T16:25:00,88.44,33.886,1.596,1.048,2.3236,MQTT,env_sensor
2025-01-22T12:42:00,889.558,37.889,5.493,80.196,0.9119,HTTPS,gateway
2025-01-22T11:26:00,90.214,30.435,0.366,1.163,1.2761,MQTT,env_sensor
2025-01-22T14:36:00,103.74,24.738,5.951,5.714,1.8344,MQTT,env_sensor
2025-01-23T09:50:00,103.084,20.778,10.792,8.746,0.4947,CoAP,actuator
2025-01-21T22:55:00,24.958,227.042,3.752,0.124,4.3854,LoRaWAN,smart_meter
2025-01-21T21:22:00,821.996,56.92,12.853,33.953,2.4973,CoAP,gateway
2025-01-22T17:38:00,68.239,22.629,0.1,2.959,0.6755,MQTT,env_sensor
2025-01-23T01:31:00,745.759,57.973,14.756,31.253,1.2189,CoAP,gateway
2025-01-22T20:46:00,1609.021,30.361,1.877,27.717,1.5409,HTTPS,gateway
2025-01-23T00:14:00,751.055,34.583,4.492,92.922,1.019,HTTPS,gateway
2025-01-22T05:29:00,33.693,138.52,1.241,0.765,4.8691,LoRaWAN,smart_meter
2025-01-22T05:09:00,126.962,16.634,9.321,12.866,1.2494,MQTT,actuator
2025-01-22T07:59:00,613.786,34.885,5.149,58.301,0.2141,HTTPS,camera
2025-01-22T04:58:00,29.98,165.552,1.893,0.59,3.9241,LoRaWAN,smart_meter
2025-01-22T23:19:00,699.619,53.828,3.507,87.669,0.7167,HTTPS,camera
2025-01-23T04:24:00,102.47,17.479,3.896,15.49,0.366,MQTT,actuator
2025-01-23T13:33:00,98.407,21.402,7.144,11.159,1.1601,MQTT,actuator
2025-01-23T07:28:00,1395.526,73.848,11.546,12.871,1.0931,CoAP,gateway
2025-01-22T19:33:00,84.281,20.203,4.927,6.412,0.0,MQTT,env_sensor
2025-01-22T06:46:00,1701.727,97.131,4.922,91.912,1.0231,HTTPS,camera
2025-01-23T03:37:00,103.879,15.253,4.734,12.753,0.8545,MQTT,actuator
2025-01-22T07:49:00,35.254,165.514,5.848,0.394,0.0,LoRaWAN,smart_meter
2025-01-22T17:57:00,81.395,18.333,4.569,2.129,0.4427,MQTT,actuator
2025-01-22T19:57:00,128.19,20.703,3.894,9.261,1.3068,MQTT,actuator
2025-01-21T22:56:00,147.756,13.693,8.902,4.837,0.3081,CoAP,actuator
2025-01-23T05:40:00,39.564,175.235,2.193,0.05,0.617,LoRaWAN,smart_meter
2025-01-23T02:26:00,34.665,212.339,0.864,0.904,4.324,LoRaWAN,smart_meter
2025-01-23T10:46:00,35.461,164.716,0.541,0.401,7.0708,LoRaWAN,smart_meter
2025-01-23T06:26:00,21.266,133.565,2.509,1.08,0.0,MQTT,smart_meter
2025-01-22T14:27:00,1149.303,31.104,7.83,61.785,1.5192,HTTPS,gateway
2025-01-23T01:53:00,1696.28,24.714,1.392,46.062,0.927,HTTPS,gateway
2025-01-22T05:07:00,1090.803,65.957,3.744,88.14,0.9118,HTTPS,camera
2025-01-21T22:19:00,59.157,41.173,1.647,0.05,1.9046,MQTT,env_sensor
2025-01-22T02:30:00,302.464,36.208,5.026,58.507,0.7461,HTTPS,gateway
2025-01-23T01:30:00,831.519,12.107,0.1,80.627,0.0,HTTPS,gateway
2025-01-23T02:20:00,27.406,186.573,2.238,0.51,0.0,LoRaWAN,smart_meter
2025-01-23T05:28:00,45.029,244.369,4.608,0.721,3.5358,LoRaWAN,smart_meter
2025-01-23T03:25:00,112.984,34.132,0.1,2.431,0.0,MQTT,env_sensor
2025-01-23T09:23:00,97.006,28.446,3.486,4.064,0.0,MQTT,env_sensor
2025-01-22T05:30:00,151.351,11.463,5.803,12.227,0.232,MQTT,actuator
2025-01-21T22:11:00,70.749,48.617,6.247,0.05,0.2171,CoAP,env_sensor
2025-01-22T20:45:00,2246.067,124.284,0.1,217.764,0.3961,HTTPS,camera
2025-01-21T20:34:00,977.587,47.811,4.08,43.776,0.7452,HTTPS,gateway
2025-01-21T22:44:00,47.105,20.41,4.765,3.366,0.0,MQTT,env_sensor
2025-01-23T01:57:00,133.091,4.426,0.331,3.07,1.2159,MQTT,env_sensor
2025-01-22T18:23:00,26.898,185.737,2.518,0.686,0.0511,HTTPS,smart_meter
2025-01-22T14:04:00,53.904,19.318,7.393,5.257,2.6549,MQTT,actuator
2025-01-22T12:28:00,12.303,111.188,1.763,0.409,5.366,LoRaWAN,smart_meter
2025-01-22T20:48:00,3017.184,2.905,5.962,86.803,0.476,HTTPS,camera
2025-01-22T10:51:00,61.319,35.446,1.981,0.05,0.0,MQTT,env_sensor
2025-01-23T08:47:00,83.098,10.988,11.337,9.972,0.2302,MQTT,actuator
2025-01-23T08:48:00,79.572,22.157,4.963,10.509,0.1882,MQTT,actuator
2025-01-22T01:29:00,82.609,14.955,4.715,0.516,0.3544,MQTT,env_sensor
2025-01-22T06:09:00,64.203,12.571,2.29,1.412,3.428,MQTT,env_sensor
2025-01-22T19:05:00,45.042,118.555,1.955,0.556,7.1157,LoRaWAN,smart_meter
2025-01-23T01:20:00,61.967,15.914,1.729,11.716,0.4573,MQTT,env_sensor
2025-01-23T10:11:00,107.823,9.188,5.661,9.134,0.4516,CoAP,actuator
2025-01-22T16:07:00,940.881,50.775,0.1,21.702,1.0499,CoAP,gateway
2025-01-22T05:37:00,91.308,19.545,6.905,4.58,0.0,MQTT,actuator
2025-01-22T01:51:00,1807.544,56.313,6.787,157.932,0.5477,HTTPS,camera
2025-01-23T02:12:00,115.99,12.727,3.726,12.135,0.7923,MQTT,actuator
2025-01-22T23:01:00,67.608,18.168,2.982,5.208,1.2875,MQTT,env_sensor
2025-01-22T22:05:00,677.028,50.762,8.517,52.624,1.5659,CoAP,gateway
2025-01-23T12:37:00,100.201,14.19,1.741,4.79,2.3968,MQTT,env_sensor
2025-01-23T07:00:00,574.746,66.274,6.648,188.457,0.9838,HTTPS,camera
2025-01-22T13:47:00,93.833,15.241,7.904,1.472,2.6103,MQTT,env_sensor
2025-01-22T06:00:00,47.453,13.962,2.365,7.337,0.9083,MQTT,env_sensor
2025-01-23T12:19:00,26.654,145.006,1.914,0.5,6.6312,LoRaWAN,smart_meter
2025-01-22T06:20:00,41.383,49.744,2.426,7.783,0.7094,HTTPS,env_sensor
2025-01-22T04:20:00,72.828,16.621,5.341,0.05,0.1239,MQTT,env_sensor
2025-01-22T22:11:00,1168.476,36.51,4.245,191.478,0.0648,HTTPS,camera
2025-01-23T11:56:00,29.272,245.107,2.817,0.413,3.7625,LoRaWAN,smart_meter
2025-01-22T07:54:00,37.328,211.446,4.376,0.05,3.0256,LoRaWAN,smart_meter
2025-01-22T14:25:00,691.155,67.497,7.143,22.587,2.3905,CoAP,gateway
2025-01-23T01:23:00,22.319,223.834,1.418,0.685,1.827,LoRaWAN,smart_meter
2025-01-22T01:07:00,963.888,101.783,7.057,121.364,0.4089,HTTPS,camera
2025-01-23T06:28:00,1508.998,36.416,3.928,136.698,0.6933,HTTPS,camera
2025-01-23T10:07:00,35.44,206.528,0.1,0.868,1.395,LoRaWAN,smart_meter
2025-01-23T02:36:00,82.252,41.4,2.306,5.858,1.2026,MQTT,env_sensor
2025-01-23T04:01:00,73.478,32.243,2.054,5.247,1.3619,MQTT,env_sensor
2025-01-23T11:44:00,142.281,7.486,6.655,12.648,0.9523,CoAP,actuator
2025-01-23T11:55:00,2026.779,1.0,5.79,36.684,0.528,HTTPS,camera
2025-01-22T21:49:00,2902.685,21.007,6.035,123.22,0.1896,HTTPS,camera
2025-01-23T01:04:00,41.687,188.393,3.662,0.464,4.236,LoRaWAN,smart_meter
2025-01-22T04:34:00,2126.293,93.333,5.015,196.427,0.5899,HTTPS,camera
2025-01-22T11:49:00,1127.075,44.14,8.783,95.871,1.4357,HTTPS,gateway
2025-01-22T14:43:00,1093.928,55.943,6.497,82.126,1.5931,HTTPS,gateway
2025-01-22T20:46:00,58.931,25.691,3.604,6.132,0.0,MQTT,env_sensor
2025-01-22T17:32:00,96.032,17.884,7.532,16.677,0.4187,MQTT,actuator
2025-01-23T02:33:00,66.344,18.78,3.052,0.05,0.8865,MQTT,env_sensor
2025-01-22T08:55:00,62.025,9.959,0.1,7.814,1.2653,MQTT,env_sensor
2025-01-22T15:41:00,1691.018,70.227,3.622,115.562,0.7585,HTTPS,camera
2025-01-22T07:09:00,10.069,24.928,3.47,5.839,2.7079,MQTT,env_sensor
2025-01-21T22:38:00,42.156,299.894,1.932,0.58,4.5736,LoRaWAN,smart_meter
2025-01-23T07:18:00,89.729,25.427,4.277,0.05,1.9707,MQTT,actuator
2025-01-23T12:14:00,568.013,73.927,2.232,93.199,0.9259,HTTPS,camera
2025-01-23T10:39:00,1357.726,56.657,4.235,0.05,1.6327,HTTPS,gateway
2025-01-21T23:06:00,57.183,29.984,5.414,0.05,3.1732,CoAP,env_sensor
2025-01-23T08:26:00,18.278,267.024,1.78,1.007,0.2075,MQTT,smart_meter
2025-01-22T06:05:00,1383.295,38.189,9.157,113.233,0.9094,HTTPS,gateway
2025-01-22T22:32:00,1184.759,56.436,6.563,94.243,0.0,HTTPS,gateway
2025-01-21T22:23:00,77.951,26.511,4.352,6.433,0.9667,MQTT,actuator
2025-01-22T10:48:00,56.557,24.313,3.592,3.112,2.6606,MQTT,env_sensor
2025-01-23T01:34:00,8.0,34.587,5.829,71.167,1.0031,MQTT,gateway
2025-01-23T12:16:00,29.151,159.258,3.754,0.099,0.0,LoRaWAN,smart_meter
2025-01-23T06:11:00,559.774,42.341,17.692,0.05,2.5943,CoAP,gateway
2025-01-23T07:43:00,78.735,1.0,2.5,6.312,0.3785,MQTT,env_sensor
2025-01-23T10:24:00,87.73,32.281,4.797,4.464,1.0486,MQTT,env_sensor
2025-01-22T15:17:00,2218.42,43.229,9.017,57.062,0.5596,HTTPS,camera
2025-01-23T11:35:00,24.582,160.597,5.419,0.05,0.0,LoRaWAN,smart_meter
2025-01-23T01:41:00,110.123,13.968,2.95,8.853,0.4534,MQTT,actuator
2025-01-23T05:07:00,36.171,234.381,2.956,0.572,5.7396,LoRaWAN,smart_meter
2025-01-23T09:21:00,90.085,16.985,0.357,6.97,1.8471,MQTT,env_sensor
2025-01-22T07:34:00,51.671,32.567,4.36,4.88,0.1608,MQTT,env_sensor
2025-01-22T21:56:00,104.428,20.591,9.036,6.862,0.6259,MQTT,actuator
2025-01-23T04:12:00,40.044,40.16,2.051,2.862,2.9512,MQTT,env_sensor
2025-01-22T13:15:00,68.535,34.75,0.133,0.05,2.3117,MQTT,env_sensor
2025-01-22T09:28:00,2118.732,75.983,11.662,93.582,0.0,HTTPS,camera
2025-01-22T01:37:00,23.759,115.348,1.774,0.893,2.3871,LoRaWAN,smart_meter
2025-01-22T21:15:00,101.964,13.962,4.285,6.966,1.1371,MQTT,actuator
2025-01-22T18:19:00,34.027,27.916,2.372,0.05,1.5403,MQTT,env_sensor
2025-01-22T09:46:00,1458.653,76.687,0.1,57.409,1.2537,HTTPS,gateway
2025-01-22T17:29:00,176.008,9.896,4.441,6.0,0.0,MQTT,actuator
2025-01-22T07:22:00,34.178,15.872,3.167,4.442,0.8815,MQTT,env_sensor
2025-01-22T12:08:00,27.266,260.66,0.1,0.291,2.0492,LoRaWAN,smart_meter
2025-01-23T00:37:00,70.054,26.018,4.8,1.801,0.3038,MQTT,env_sensor
2025-01-22T07:58:00,707.778,56.514,19.154,0.05,1.3608,CoAP,gateway
2025-01-22T19:52:00,61.876,20.703,2.642,4.315,1.5135,MQTT,env_sensor
2025-01-22T18:36:00,383.412,51.412,5.138,77.092,0.0,HTTPS,gateway
2025-01-22T06:32:00,375.247,107.717,0.442,151.414,1.5158,HTTPS,camera
2025-01-22T22:28:00,56.092,35.549,1.985,1.544,0.7736,MQTT,env_sensor
2025-01-22T04:26:00,292.037,70.667,6.912,218.367,0.814,HTTPS,camera
2025-01-22T12:06:00,587.945,53.852,6.013,94.337,0.955,HTTPS,gateway
2025-01-22T09:30:00,76.948,36.027,2.687,6.775,1.9401,MQTT,env_sensor
2025-01-22T07:16:00,63.736,14.614,8.257,6.048,1.099,MQTT,actuator
2025-01-22T00:28:00,921.886,46.054,6.139,33.583,0.0,CoAP,gateway
2025-01-21T20:47:00,903.788,53.494,8.942,41.18,0.0,CoAP,gateway
2025-01-22T06:26:00,119.732,10.889,3.966,10.791,0.7319,MQTT,actuator
2025-01-22T00:32:00,281.601,18.613,8.462,120.56,0.0,HTTPS,gateway
2025-01-23T09:34:00,1524.777,58.77,3.594,106.202,0.3118,HTTPS,camera
2025-01-21T22:11:00,2166.679,88.672,0.133,54.373,0.19,HTTPS,camera
2025-01-23T10:14:00,121.186,27.322,10.421,8.108,0.4418,CoAP,actuator
2025-01-22T15:01:00,109.962,27.393,0.1,4.346,0.1297,MQTT,env_sensor
2025-01-22T02:15:00,85.49,34.937,5.221,5.666,1.0644,CoAP,env_sensor
2025-01-22T18:57:00,113.734,17.971,10.232,16.726,1.3187,MQTT,actuator
2025-01-22T04:31:00,160.979,27.276,8.56,8.635,0.7714,MQTT,actuator
2025-01-23T13:11:00,1142.512,50.855,11.372,21.167,1.7841,CoAP,gateway
2025-01-23T08:20:00,742.79,46.31,10.89,94.781,0.9107,HTTPS,gateway
2025-01-22T09:16:00,1506.756,25.311,0.1,31.349,1.3257,HTTPS,gateway
2025-01-23T00:20:00,1330.298,45.587,7.009,116.196,0.1221,HTTPS,gateway
2025-01-22T16:30:00,554.832,62.889,8.985,49.958,1.0479,CoAP,camera
2025-01-22T07:55:00,516.34,40.572,7.279,85.237,1.6444,CoAP,gateway
2025-01-22T16:06:00,50.226,9.107,3.619,3.096,1.0642,MQTT,env_sensor
2025-01-22T03:36:00,115.759,9.572,4.251,5.895,0.5002,MQTT,actuator
2025-01-23T12:03:00,825.716,61.321,1.328,26.242,1.1069,CoAP,gateway
2025-01-22T01:58:00,63.328,11.344,6.471,0.05,1.6515,MQTT,actuator
2025-01-22T01:37:00,831.921,48.73,5.493,126.996,1.691,CoAP,gateway
2025-01-22T08:06:00,170.025,7.063,8.666,5.79,1.1408,MQTT,actuator
2025-01-22T08:29:00,136.519,34.121,6.374,15.05,1.1107,CoAP,actuator
2025-01-22T17:34:00,1484.149,64.436,15.169,132.599,0.6399,HTTPS,camera
2025-01-23T05:32:00,60.885,24.56,5.537,3.637,0.0,CoAP,env_sensor
2025-01-22T22:48:00,968.556,33.781,11.802,40.277,0.9399,CoAP,gateway
2025-01-23T04:50:00,33.813,36.321,0.1,2.968,1.6971,MQTT,env_sensor
2025-01-22T16:17:00,54.395,31.977,0.211,5.344,0.0,MQTT,env_sensor
2025-01-21T20:37:00,32.905,58.879,0.471,0.315,1.8488,MQTT,smart_meter
2025-01-22T22:41:00,114.535,10.589,4.403,6.261,0.0,MQTT,actuator
2025-01-23T13:01:00,26.112,135.256,5.542,0.05,0.864,LoRaWAN,smart_meter
2025-01-22T12:38:00,744.327,40.658,9.363,52.87,0.5752,HTTPS,gateway
2025-01-23T10:50:00,52.026,170.772,0.1,0.593,5.4362,LoRaWAN,smart_meter
2025-01-21T21:29:00,28.393,207.076,3.182,0.799,4.3537,LoRaWAN,smart_meter
2025-01-22T10:30:00,1338.309,53.405,7.787,109.692,1.047,HTTPS,camera
2025-01-22T18:37:00,8.0,310.047,0.951,0.278,2.389,LoRaWAN,smart_meter
2025-01-22T05:24:00,23.206,175.618,1.809,0.535,2.5518,LoRaWAN,smart_meter
2025-01-22T13:56:00,91.312,18.515,11.124,12.49,1.0755,CoAP,actuator
2025-01-22T00:58:00,33.102,220.172,3.278,0.7,4.1293,LoRaWAN,smart_meter
2025-01-22T01:53:00,2841.207,62.534,3.216,21.99,0.273,HTTPS,camera
2025-01-23T01:21:00,115.258,22.668,2.549,5.843,0.1286,MQTT,env_sensor
2025-01-22T06:28:00,149.29,7.983,0.867,7.966,1.1109,MQTT,actuator
2025-01-23T09:57:00,2568.687,92.766,3.882,273.705,0.3512,HTTPS,camera
2025-01-22T13:41:00,114.407,22.845,2.731,20.954,1.3532,MQTT,actuator
2025-01-23T02:39:00,97.042,28.719,5.353,6.887,0.0,MQTT,actuator
2025-01-22T00:05:00,813.451,66.86,7.662,84.968,1.2575,CoAP,gateway
2025-01-21T22:43:00,28.643,78.209,0.117,0.491,7.0195,LoRaWAN,smart_meter
2025-01-22T11:08:00,61.601,20.852,3.309,3.201,1.2315,MQTT,actuator
2025-01-22T22:01:00,1186.695,27.402,13.423,51.911,2.9591,HTTPS,gateway
2025-01-22T08:41:00,87.279,40.105,2.194,7.625,2.2618,MQTT,env_sensor
2025-01-23T02:54:00,1670.103,12.571,8.205,153.278,0.0,HTTPS,camera
2025-01-21T22:46:00,91.44,19.314,2.631,5.913,1.3228,MQTT,env_sensor
2025-01-21T23:31:00,997.707,52.264,12.302,49.775,1.6257,CoAP,gateway
2025-01-22T01:28:00,79.597,28.07,2.168,1.873,2.3698,MQTT,env_sensor
2025-01-21T20:17:00,100.937,6.012,1.952,6.615,1.5358,MQTT,actuator
2025-01-22T17:21:00,390.267,39.429,17.35,100.44,1.4847,CoAP,gateway
2025-01-21T22:49:00,104.518,15.761,7.619,12.603,0.6773,MQTT,actuator
2025-01-23T01:22:00,442.209,52.227,0.628,111.638,0.0,HTTPS,camera
2025-01-22T04:07:00,2328.376,105.184,4.34,99.633,0.4828,HTTPS,camera
2025-01-22T16:37:00,54.494,17.601,6.667,4.091,0.7056,MQTT,actuator
2025-01-22T11:33:00,27.591,84.106,2.691,0.578,4.479,MQTT,smart_meter
2025-01-22T01:31:00,105.351,17.277,0.98,4.325,1.8957,MQTT,env_sensor
2025-01-23T08:38:00,56.395,17.793,3.136,6.844,0.0,MQTT,env_sensor
2025-01-22T11:39:00,102.822,15.607,5.539,10.783,0.8844,MQTT,actuator
2025-01-22T21:33:00,1550.969,46.848,7.718,137.863,0.1799,HTTPS,camera
2025-01-21T21:47:00,95.975,17.889,5.604,5.769,1.8111,MQTT,actuator
2025-01-22T15:33:00,13.32,166.567,0.521,0.207,1.0706,LoRaWAN,smart_meter
2025-01-22T11:03:00,1337.435,47.103,7.685,84.743,1.1051,HTTPS,camera
2025-01-22T17:31:00,672.607,90.648,8.361,129.623,0.6333,HTTPS,gateway
2025-01-22T21:04:00,8.0,53.206,2.787,125.741,1.1216,MQTT,camera
2025-01-21T20:46:00,1607.455,39.137,9.23,25.875,1.9556,HTTPS,gateway
2025-01-23T04:42:00,131.069,21.952,8.046,9.591,0.9232,MQTT,actuator
2025-01-23T00:34:00,769.354,37.05,8.787,22.083,1.4889,CoAP,gateway
2025-01-22T16:05:00,1852.396,49.128,14.755,121.839,0.0,HTTPS,gateway
2025-01-22T22:31:00,2684.832,98.572,8.244,139.764,0.2753,HTTPS,camera
2025-01-22T03:19:00,121.623,11.495,5.766,13.867,1.042,MQTT,actuator
2025-01-23T02:02:00,30.904,248.71,3.489,0.585,1.7408,LoRaWAN,smart_meter
2025-01-22T17:16:00,1011.429,68.302,7.458,74.864,0.5806,HTTPS,gateway
2025-01-23T04:08:00,2550.54,8.903,6.703,166.272,0.0,HTTPS,camera
2025-01-22T06:49:00,515.554,56.555,13.882,102.677,0.4984,HTTPS,gateway
2025-01-22T11:05:00,34.179,95.049,0.1,0.05,3.5902,LoRaWAN,smart_meter
2025-01-22T17:35:00,127.301,1.0,2.873,13.863,2.3854,MQTT,actuator
2025-01-22T18:34:00,111.586,21.827,0.1,7.867,2.0042,MQTT,actuator
2025-01-22T10:02:00,28.564,279.791,1.891,0.05,1.6062,LoRaWAN,smart_meter
2025-01-22T12:52:00,56.773,4.668,1.573,0.05,0.7077,MQTT,env_sensor
2025-01-21T21:59:00,1557.598,54.231,0.419,16.943,0.0,HTTPS,gateway
2025-01-22T19:24:00,674.977,57.308,9.307,93.287,2.2053,CoAP,gateway
2025-01-23T12:03:00,8.0,27.35,4.9,5.356,0.2638,MQTT,env_sensor
2025-01-22T06:25:00,8.0,32.423,8.858,97.371,0.0437,HTTPS,gateway
2025-01-22T01:34:00,56.645,31.562,1.874,1.091,0.8509,MQTT,env_sensor
2025-01-23T01:58:00,139.731,16.902,10.257,8.26,0.0,MQTT,actuator
2025-01-23T05:25:00,83.946,27.318,5.69,5.776,1.0933,MQTT,actuator
2025-01-22T08:29:00,33.374,136.179,1.293,0.05,3.7737,LoRaWAN,smart_meter
2025-01-22T11:53:00,2377.179,65.636,8.609,236.566,0.0,HTTPS,camera
2025-01-23T06:07:00,93.914,22.667,3.836,2.926,1.6789,MQTT,env_sensor
2025-01-22T17:47:00,21.773,115.057,3.421,0.1,1.314,LoRaWAN,smart_meter
2025-01-22T12:16:00,24.661,27.822,0.567,2.128,0.9286,MQTT,env_sensor
2025-01-21T20:00:00,23.613,189.267,1.937,0.469,2.2586,LoRaWAN,smart_meter
2025-01-22T20:19:00,96.13,38.991,3.538,8.785,0.4828,MQTT,env_sensor
2025-01-22T09:16:00,80.831,12.484,1.958,1.493,3.2192,MQTT,env_sensor
2025-01-22T02:22:00,39.225,30.296,2.818,4.721,1.9565,MQTT,env_sensor
2025-01-22T10:52:00,588.014,79.146,3.714,46.291,1.1069,MQTT,gateway
2025-01-22T07:37:00,32.921,37.58,0.1,7.497,0.0,MQTT,env_sensor
2025-01-21T22:33:00,30.999,163.217,3.19,0.05,2.6651,LoRaWAN,smart_meter
2025-01-21T22:40:00,54.649,34.715,6.752,0.05,0.1393,MQTT,env_sensor
2025-01-23T12:58:00,856.106,52.188,13.18,61.898,0.1144,HTTPS,gateway
2025-01-22T05:50:00,33.144,219.412,3.175,0.113,2.4346,LoRaWAN,smart_meter
2025-01-22T14:58:00,1253.856,95.997,4.77,70.689,0.837,HTTPS,gateway
2025-01-23T10:23:00,94.665,10.373,1.696,5.601,0.0,MQTT,env_sensor
2025-01-23T10:52:00,122.847,9.987,4.613,7.781,0.9884,MQTT,actuator
2025-01-21T22:47:00,67.73,47.694,1.18,4.817,0.0,MQTT,env_sensor
2025-01-22T08:35:00,39.364,285.69,0.401,0.354,1.4949,LoRaWAN,smart_meter
2025-01-22T02:46:00,117.545,11.578,5.214,9.994,1.2218,CoAP,actuator
2025-01-22T20:14:00,1194.023,67.161,7.788,83.132,0.8642,HTTPS,camera
2025-01-22T11:44:00,834.906,82.988,13.239,35.673,0.8446,CoAP,gateway
2025-01-21T20:38:00,38.399,137.676,0.837,0.714,5.0997,LoRaWAN,smart_meter
2025-01-22T04:12:00,2392.853,105.018,6.115,170.613,0.6164,HTTPS,camera
2025-01-22T23:16:00,76.697,24.994,8.62,2.295,1.2664,MQTT,env_sensor
2025-01-22T14:07:00,506.621,38.053,3.256,59.749,1.187,HTTPS,gateway
2025-01-22T10:14:00,3254.407,126.678,6.394,128.528,0.3781,HTTPS,camera
2025-01-23T06:56:00,122.103,18.932,3.594,5.628,1.5902,MQTT,actuator
2025-01-22T09:05:00,165.962,10.716,11.095,157.466,0.2734,CoAP,camera
2025-01-22T00:12:00,89.608,17.397,4.118,12.284,1.2245,MQTT,actuator
2025-01-22T08:33:00,864.673,41.918,3.556,83.123,0.5535,HTTPS,camera
2025-01-22T17:12:00,167.183,37.842,12.048,46.685,1.7822,CoAP,gateway
2025-01-23T02:17:00,1265.551,43.22,5.63,65.37,2.7888,HTTPS,gateway
2025-01-22T04:06:00,118.9,20.469,4.469,14.271,1.5003,MQTT,actuator
2025-01-21T23:08:00,61.71,35.274,2.868,2.187,1.0894,MQTT,env_sensor
2025-01-22T14:28:00,110.988,32.002,4.039,14.446,1.0199,MQTT,actuator
2025-01-23T13:21:00,1754.434,5.847,7.421,116.463,0.6079,HTTPS,gateway
2025-01-22T06:01:00,801.552,13.432,6.583,8.998,1.5511,CoAP,gateway
2025-01-22T06:10:00,39.784,147.65,2.349,0.246,2.6201,LoRaWAN,smart_meter
2025-01-22T02:32:00,927.617,72.323,5.41,15.697,0.9303,CoAP,camera
2025-01-22T22:52:00,102.423,11.927,2.106,0.05,1.2317,MQTT,env_sensor
2025-01-22T19:34:00,100.469,26.02,4.058,5.494,1.251,MQTT,actuator
2025-01-21T23:14:00,22.829,180.75,3.8,0.219,6.7798,LoRaWAN,smart_meter
2025-01-22T17:20:00,1761.545,70.84,8.157,139.01,0.4549,HTTPS,camera
2025-01-22T03:10:00,104.821,30.189,4.334,6.278,0.6504,MQTT,env_sensor
2025-01-22T22:17:00,1338.866,67.784,14.608,83.597,2.9527,HTTPS,gateway
2025-01-22T16:10:00,34.054,272.462,3.107,0.217,3.3509,LoRaWAN,smart_meter
2025-01-23T04:29:00,2952.495,5.907,6.025,150.682,0.1624,HTTPS,camera
2025-01-22T20:04:00,966.34,46.4,9.282,27.149,0.1237,CoAP,gateway
2025-01-23T12:39:00,896.003,79.715,11.184,71.617,0.6464,HTTPS,gateway
2025-01-21T22:00:00,300.641,89.371,3.707,61.208,1.2315,CoAP,gateway
2025-01-22T11:09:00,51.536,12.973,3.315,0.05,0.5818,MQTT,env_sensor
2025-01-22T10:43:00,1414.563,52.485,1.634,179.09,0.0509,HTTPS,camera
2025-01-22T03:35:00,17.606,79.82,0.543,0.208,2.2172,MQTT,smart_meter
2025-01-23T05:00:00,2574.319,43.01,3.95,72.631,0.7738,HTTPS,camera
2025-01-23T10:36:00,24.151,227.787,3.456,0.05,0.3085,LoRaWAN,smart_meter
2025-01-23T12:03:00,2155.019,71.958,3.057,112.311,1.0605,HTTPS,camera
2025-01-22T14:58:00,2155.657,88.859,7.245,115.965,0.7153,HTTPS,camera
2025-01-22T12:39:00,16.96,191.661,1.372,0.163,3.7618,LoRaWAN,smart_meter
2025-01-21T21:06:00,420.801,33.727,12.804,159.621,2.2279,CoAP,gateway
2025-01-22T21:17:00,26.455,233.143,2.52,0.05,5.2402,LoRaWAN,smart_meter
2025-01-23T10:33:00,88.247,4.391,6.709,8.486,0.7832,MQTT,actuator
2025-01-23T08:56:00,859.551,42.718,2.517,18.914,0.0,HTTPS,gateway
2025-01-22T14:18:00,18.879,153.061,0.1,0.687,3.8621,LoRaWAN,smart_meter
2025-01-22T18:42:00,37.497,62.326,2.387,0.483,4.3575,MQTT,smart_meter
2025-01-22T15:54:00,41.464,177.2,2.873,0.372,3.6619,LoRaWAN,smart_meter
2025-01-22T03:56:00,855.319,54.069,10.269,139.398,1.3431,CoAP,gateway
2025-01-22T18:59:00,1744.681,32.023,0.135,138.146,1.1122,HTTPS,camera
2025-01-22T12:29:00,36.464,255.269,3.496,0.651,2.8196,LoRaWAN,smart_meter
2025-01-22T13:40:00,26.422,37.749,2.79,3.855,0.1442,MQTT,env_sensor
2025-01-22T01:05:00,143.616,12.59,6.046,10.751,1.6194,MQTT,actuator
2025-01-22T19:29:00,15.804,161.811,2.83,0.36,1.5145,LoRaWAN,smart_meter
2025-01-23T11:22:00,1842.403,47.275,2.689,204.2,0.9963,HTTPS,camera
2025-01-22T13:21:00,20.377,186.78,2.157,0.802,5.6788,LoRaWAN,smart_meter
2025-01-22T10:39:00,33.869,156.177,1.708,0.454,2.2762,LoRaWAN,smart_meter
2025-01-22T09:13:00,114.57,17.859,0.1,4.184,2.1207,MQTT,actuator
2025-01-22T00:18:00,156.883,8.149,0.935,6.771,1.8034,MQTT,actuator
2025-01-21T20:16:00,520.597,79.672,0.1,50.351,1.6932,HTTPS,gateway
2025-01-22T15:05:00,52.445,39.141,4.504,5.271,0.5914,MQTT,env_sensor
2025-01-22T05:10:00,89.295,14.131,3.24,6.487,1.385,MQTT,env_sensor
2025-01-21T20:58:00,32.37,216.168,1.913,0.408,0.0,LoRaWAN,smart_meter
2025-01-22T09:52:00,123.929,9.676,2.611,7.719,0.0,MQTT,actuator
2025-01-22T10:06:00,1601.338,57.064,7.1,82.415,2.3294,HTTPS,gateway
2025-01-22T08:23:00,968.57,58.528,8.816,36.895,0.0,CoAP,gateway
2025-01-22T14:27:00,67.351,26.789,0.634,4.126,1.3872,MQTT,env_sensor
2025-01-22T17:49:00,34.916,264.093,5.137,0.483,3.2393,LoRaWAN,smart_meter
2025-01-22T22:17:00,40.706,38.346,4.338,7.548,1.7725,MQTT,env_sensor
2025-01-23T00:42:00,2837.152,42.217,5.637,107.239,0.0,HTTPS,camera
2025-01-22T16:59:00,1649.504,53.579,2.787,160.054,0.0033,HTTPS,camera
2025-01-22T06:08:00,99.498,24.029,1.34,3.226,0.3419,MQTT,actuator
2025-01-22T21:51:00,1010.491,64.133,1.067,59.467,1.0086,HTTPS,camera
2025-01-21T22:20:00,99.693,38.191,8.095,4.869,1.0875,CoAP,actuator
2025-01-22T15:44:00,35.748,159.172,2.119,0.34,4.6246,LoRaWAN,smart_meter
2025-01-23T06:15:00,22.824,184.915,1.764,0.326,7.0447,LoRaWAN,smart_meter
2025-01-22T10:52:00,167.914,17.543,7.272,15.371,0.8957,CoAP,actuator
2025-01-22T16:46:00,123.566,5.248,5.632,13.107,1.2859,CoAP,actuator
2025-01-22T21:03:00,21.759,216.277,0.1,0.209,1.6917,LoRaWAN,smart_meter
2025-01-22T22:03:00,11.439,90.169,0.1,0.563,4.2803,MQTT,smart_meter
2025-01-22T19:55:00,11.576,198.924,1.287,0.238,1.8451,LoRaWAN,smart_meter
2025-01-22T04:00:00,72.112,28.956,2.367,0.05,2.2421,MQTT,env_sensor
2025-01-22T22:59:00,119.936,32.83,7.385,5.487,0.0,MQTT,actuator
2025-01-23T02:13:00,92.822,6.924,6.872,4.753,2.1214,MQTT,actuator
2025-01-22T16:22:00,82.833,15.774,1.587,5.151,1.848,MQTT,env_sensor
2025-01-22T07:53:00,24.584,171.298,2.776,0.05,4.0694,LoRaWAN,smart_meter
2025-01-22T17:03:00,2136.605,43.887,0.1,161.378,0.3035,HTTPS,camera
2025-01-23T01:00:00,2498.071,58.954,5.083,138.978,1.1235,HTTPS,camera
2025-01-22T14:18:00,102.533,21.265,4.998,8.101,0.0,MQTT,env_sensor
2025-01-22T02:37:00,161.243,19.25,8.85,12.014,1.1582,CoAP,actuator
2025-01-21T20:11:00,250.491,46.416,11.814,85.819,1.6598,MQTT,gateway
2025-01-22T02:42:00,84.247,34.57,1.647,0.474,0.1969,MQTT,env_sensor
2025-01-22T04:46:00,1882.504,72.882,6.7,88.456,0.9801,HTTPS,camera
2025-01-22T12:04:00,1071.54,41.947,1.34,50.396,0.6385,HTTPS,camera
2025-01-23T09:12:00,2867.231,45.878,3.935,96.57,1.0711,HTTPS,camera
2025-01-21T22:15:00,8.0,35.581,8.645,50.082,1.3615,CoAP,gateway
2025-01-21T20:01:00,108.418,37.416,5.788,59.471,1.5917,MQTT,gateway
2025-01-22T23:31:00,46.672,27.988,1.035,0.303,0.0,MQTT,env_sensor
2025-01-22T07:59:00,793.687,29.139,3.788,76.927,1.8083,MQTT,gateway
2025-01-23T06:07:00,26.546,183.726,2.662,0.57,4.1071,LoRaWAN,smart_meter
2025-01-22T23:36:00,2128.879,103.674,7.208,168.898,0.5245,HTTPS,camera
2025-01-23T06:23:00,1459.473,23.322,10.766,43.228,1.3904,CoAP,gateway
2025-01-22T00:34:00,818.349,34.305,17.624,59.648,1.5204,CoAP,gateway
2025-01-23T00:49:00,409.493,47.248,0.11,78.634,0.3603,HTTPS,gateway
2025-01-22T09:21:00,18.41,193.886,1.33,0.707,2.6161,LoRaWAN,smart_meter
2025-01-22T00:42:00,48.745,26.589,4.441,5.082,0.9828,MQTT,env_sensor
2025-01-22T12:31:00,59.892,30.697,3.241,4.552,1.3108,MQTT,env_sensor
2025-01-22T21:06:00,31.854,253.053,4.287,0.209,7.3332,LoRaWAN,smart_meter
2025-01-21T21:37:00,2051.044,52.531,4.081,88.139,0.4458,HTTPS,camera
2025-01-22T03:15:00,666.719,63.694,0.1,91.608,2.4914,HTTPS,gateway
2025-01-22T18:08:00,84.543,33.184,9.016,1.344,0.8287,MQTT,actuator
2025-01-22T16:29:00,68.669,29.868,1.461,5.905,0.7206,MQTT,env_sensor
2025-01-21T21:03:00,106.099,20.801,1.055,6.21,0.5026,MQTT,env_sensor
2025-01-23T09:43:00,1514.157,27.768,2.062,68.636,1.1568,HTTPS,gateway
2025-01-23T13:29:00,1573.278,108.046,4.45,70.497,0.0,HTTPS,camera
2025-01-21T21:55:00,852.007,24.089,7.928,158.051,0.246,CoAP,camera
2025-01-21T22:28:00,76.697,15.058,8.603,2.287,1.241,MQTT,actuator
2025-01-22T10:30:00,76.951,30.686,4.731,3.107,0.3387,MQTT,env_sensor
2025-01-23T00:36:00,1212.687,55.721,8.167,53.369,0.6607,HTTPS,gateway
2025-01-22T11:58:00,2416.838,65.263,5.445,90.806,1.2554,HTTPS,camera
2025-01-23T07:08:00,1405.554,57.306,0.266,108.567,0.1495,HTTPS,camera
2025-01-22T17:13:00,806.971,24.226,17.159,131.349,0.0,HTTPS,gateway
2025-01-23T00:30:00,32.32,67.615,2.958,0.05,6.6371,LoRaWAN,smart_meter
2025-01-22T01:26:00,17.515,121.869,1.711,0.565,5.3744,LoRaWAN,smart_meter
2025-01-23T03:26:00,55.741,33.558,3.403,6.003,2.1608,MQTT,env_sensor
2025-01-22T22:13:00,71.959,15.183,0.982,4.544,2.3568,MQTT,env_sensor
2025-01-22T00:06:00,741.13,71.666,7.162,10.437,0.0,CoAP,gateway
2025-01-22T19:30:00,1381.637,44.316,3.922,95.528,0.4176,HTTPS,camera
2025-01-22T08:38:00,105.546,46.475,4.542,1.538,0.8023,MQTT,env_sensor
2025-01-22T04:31:00,55.921,28.56,3.162,7.603,3.0411,MQTT,env_sensor
2025-01-22T17:45:00,514.362,80.308,7.342,157.979,0.1935,HTTPS,camera
2025-01-21T20:09:00,36.481,56.697,3.398,0.236,3.9322,MQTT,smart_meter
2025-01-22T15:59:00,1274.519,72.057,11.737,150.309,0.8958,HTTPS,camera
2025-01-22T03:36:00,32.087,210.467,1.459,0.05,6.1534,LoRaWAN,smart_meter
2025-01-22T03:35:00,91.084,2.316,2.041,11.446,0.9508,MQTT,actuator
2025-01-22T14:17:00,595.702,9.68,8.906,44.4,0.0,CoAP,gateway
2025-01-22T02:47:00,917.048,62.996,15.056,101.944,0.0,HTTPS,gateway
2025-01-22T23:45:00,22.393,212.658,0.1,0.221,2.6694,LoRaWAN,smart_meter
2025-01-23T11:53:00,524.929,35.237,10.245,92.235,1.5772,CoAP,gateway
2025-01-23T04:29:00,161.753,22.787,2.688,4.068,0.9991,MQTT,actuator
2025-01-23T11:25:00,76.291,1.0,5.14,0.765,1.7405,MQTT,env_sensor
2025-01-23T11:20:00,1813.677,26.189,3.927,120.166,1.0551,HTTPS,camera
2025-01-22T15:20:00,40.314,265.121,1.706,0.377,0.0472,LoRaWAN,smart_meter
2025-01-22T14:29:00,22.863,228.186,1.695,0.552,3.8609,LoRaWAN,smart_meter
2025-01-22T16:44:00,758.998,43.311,6.511,154.389,0.6604,HTTPS,camera
2025-01-22T17:11:00,126.076,23.823,4.32,0.743,2.8823,MQTT,env_sensor
2025-01-22T09:32:00,35.49,155.795,2.495,0.05,3.9647,LoRaWAN,smart_meter
2025-01-23T08:22:00,86.858,5.023,3.443,11.82,0.5424,MQTT,actuator
2025-01-22T08:51:00,31.534,96.678,3.287,0.05,4.3287,MQTT,smart_meter
2025-01-22T00:58:00,654.767,50.168,6.472,44.836,0.0,CoAP,gateway
2025-01-22T11:39:00,53.646,20.259,2.899,5.2,0.9458,MQTT,env_sensor
2025-01-21T22:09:00,1944.815,46.023,7.978,104.337,0.6497,HTTPS,camera
2025-01-22T15:12:00,1321.297,97.849,5.179,134.787,0.0,HTTPS,camera
2025-01-22T23:08:00,32.774,153.133,0.1,0.329,3.8487,LoRaWAN,smart_meter
2025-01-21T23:58:00,88.116,10.0,4.365,10.46,0.6244,MQTT,actuator
2025-01-23T05:17:00,2392.979,1.0,4.1,136.583,0.7253,HTTPS,camera
2025-01-22T04:53:00,61.315,25.662,3.63,0.05,0.71,MQTT,env_sensor
2025-01-22T01:20:00,853.314,73.076,5.533,105.397,0.0,HTTPS,camera
2025-01-22T02:02:00,77.76,13.247,3.017,13.138,0.3593,MQTT,actuator
2025-01-22T19:53:00,723.744,75.179,8.333,72.621,0.4379,HTTPS,camera
2025-01-22T13:51:00,83.558,28.684,5.851,1.084,2.4213,MQTT,env_sensor
2025-01-22T07:15:00,12.515,218.274,1.555,0.172,1.5004,LoRaWAN,smart_meter
2025-01-22T16:55:00,34.483,47.032,0.1,4.728,0.4133,MQTT,env_sensor
2025-01-22T12:27:00,78.717,17.675,8.795,19.938,0.729,CoAP,actuator
2025-01-22T01:26:00,1198.437,66.952,3.289,163.307,0.341,HTTPS,camera
2025-01-23T03:55:00,162.197,25.684,13.033,50.913,0.0,MQTT,gateway
2025-01-23T00:18:00,49.783,45.991,3.009,4.688,0.7107,HTTPS,env_sensor
2025-01-22T06:32:00,29.824,172.997,3.575,0.245,0.6833,LoRaWAN,smart_meter
2025-01-23T08:40:00,25.739,144.238,3.255,0.251,0.0,LoRaWAN,smart_meter
2025-01-23T08:27:00,103.642,1.0,4.374,7.802,0.0,MQTT,env_sensor
2025-01-23T01:12:00,47.229,21.953,3.628,0.05,0.7339,MQTT,env_sensor
2025-01-22T16:56:00,1689.865,86.548,5.312,110.169,0.4527,HTTPS,gateway
2025-01-22T03:28:00,28.799,307.289,2.541,0.708,0.4907,LoRaWAN,smart_meter
2025-01-21T20:58:00,1015.469,88.446,4.149,33.752,0.0,HTTPS,camera
2025-01-22T17:05:00,175.53,107.931,8.421,160.103,0.1336,HTTPS,camera
2025-01-22T21:58:00,102.512,16.4,4.24,3.447,0.0178,MQTT,actuator
2025-01-23T07:06:00,24.229,243.584,4.597,0.314,5.2305,LoRaWAN,smart_meter
2025-01-22T12:29:00,491.383,23.708,16.094,150.364,0.6496,HTTPS,gateway
2025-01-23T13:27:00,47.563,26.775,2.228,0.05,0.0,LoRaWAN,env_sensor
2025-01-22T05:43:00,62.618,18.403,3.088,7.912,0.6432,MQTT,env_sensor
2025-01-22T00:00:00,89.967,16.052,2.224,5.871,3.4011,MQTT,env_sensor
2025-01-22T14:13:00,33.561,92.32,2.387,0.821,0.0,LoRaWAN,smart_meter
2025-01-22T17:38:00,8.0,91.759,3.893,261.063,0.563,HTTPS,camera
2025-01-22T10:45:00,1366.613,61.363,4.648,45.837,0.0,HTTPS,gateway
2025-01-22T00:35:00,40.95,11.852,7.013,0.123,2.9028,MQTT,env_sensor
2025-01-23T05:32:00,1364.603,51.122,7.811,15.079,2.3985,CoAP,gateway
2025-01-22T08:57:00,67.994,30.058,5.862,1.115,0.5974,MQTT,env_sensor
2025-01-21T23:15:00,1388.514,76.399,2.031,119.464,1.5693,HTTPS,camera
2025-01-22T22:02:00,149.5,31.338,6.079,6.802,1.0306,CoAP,actuator
2025-01-22T09:15:00,1423.273,51.431,2.77,158.24,0.0,HTTPS,gateway
2025-01-23T09:17:00,118.228,32.517,3.783,4.958,1.7887,MQTT,actuator
2025-01-22T23:48:00,92.801,25.042,6.498,6.393,1.1579,CoAP,actuator
2025-01-22T03:20:00,90.688,15.027,12.906,5.233,1.2662,MQTT,actuator
2025-01-23T13:35:00,65.914,28.038,2.732,5.576,0.0,MQTT,env_sensor
2025-01-22T04:47:00,49.547,21.756,6.259,1.557,0.2873,CoAP,env_sensor
2025-01-22T12:30:00,104.671,18.41,7.217,5.381,0.0827,MQTT,env_sensor
2025-01-22T16:59:00,118.834,16.523,4.873,7.266,0.6146,MQTT,actuator
2025-01-22T21:13:00,955.142,64.043,10.824,79.749,0.5311,HTTPS,camera
2025-01-22T21:42:00,26.158,80.624,1.678,0.268,2.9486,MQTT,smart_meter
2025-01-21T20:23:00,130.284,8.729,3.952,6.976,1.6586,MQTT,actuator
2025-01-21T20:18:00,52.594,31.559,2.003,1.846,2.3781,MQTT,env_sensor
2025-01-23T08:42:00,33.394,144.259,1.699,1.127,7.9422,MQTT,smart_meter
2025-01-23T11:08:00,15.911,138.368,4.118,0.239,5.1498,LoRaWAN,smart_meter
2025-01-22T16:49:00,134.632,20.533,1.796,11.992,2.0925,MQTT,actuator
2025-01-22T08:03:00,99.03,13.473,6.965,7.934,0.7682,MQTT,actuator
2025-01-23T12:23:00,1545.232,50.638,5.049,117.223,1.0748,HTTPS,camera
2025-01-23T08:08:00,2600.733,37.738,6.398,142.22,0.5866,HTTPS,camera
2025-01-22T10:30:00,60.341,14.195,3.721,2.998,0.0,MQTT,actuator
2025-01-22T00:16:00,8.0,38.659,8.892,107.156,1.2788,MQTT,gateway
2025-01-22T07:14:00,759.044,61.626,8.231,19.968,0.0,HTTPS,gateway
2025-01-22T16:19:00,42.765,34.165,2.356,2.596,2.1378,MQTT,env_sensor
2025-01-22T05:51:00,141.211,8.455,4.256,12.039,0.8414,MQTT,actuator
2025-01-22T08:19:00,1232.283,34.398,3.084,21.154,0.0,HTTPS,gateway
2025-01-22T23:48:00,38.869,30.517,6.858,4.894,1.6687,CoAP,env_sensor
2025-01-21T23:38:00,112.191,27.895,2.725,7.546,0.6952,MQTT,env_sensor
2025-01-23T13:26:00,83.139,21.854,5.208,6.498,1.3467,MQTT,env_sensor
2025-01-22T15:03:00,28.21,89.224,1.342,0.339,2.1512,MQTT,smart_meter
2025-01-22T10:28:00,121.75,26.736,1.985,5.452,0.6178,MQTT,env_sensor
2025-01-22T13:59:00,476.826,60.324,2.024,162.369,0.3397,HTTPS,camera
2025-01-22T00:44:00,128.0,25.011,9.933,4.825,1.4318,CoAP,actuator
2025-01-22T21:00:00,1332.594,22.904,5.925,106.932,0.9878,HTTPS,gateway
2025-01-22T16:00:00,69.029,32.914,1.141,6.591,0.6203,MQTT,env_sensor
2025-01-22T03:32:00,409.997,71.503,5.117,11.196,1.4143,CoAP,gateway
2025-01-23T04:21:00,21.415,246.579,1.463,0.646,3.3943,LoRaWAN,smart_meter
2025-01-22T18:58:00,16.63,272.255,0.946,0.583,1.106,LoRaWAN,smart_meter
2025-01-23T05:25:00,40.256,137.648,2.291,0.709,2.8767,LoRaWAN,smart_meter
2025-01-22T10:41:00,12.861,21.335,1.273,8.875,2.1427,MQTT,env_sensor
2025-01-23T05:36:00,1129.746,25.391,6.26,67.34,1.9547,HTTPS,gateway
2025-01-22T05:29:00,83.752,38.235,0.1,0.431,3.3025,MQTT,env_sensor
2025-01-23T09:42:00,33.866,185.995,1.255,1.079,2.8124,MQTT,smart_meter
2025-01-22T03:55:00,87.47,30.345,7.749,12.857,0.0,CoAP,actuator
2025-01-22T12:01:00,18.639,163.411,0.1,0.5,5.5315,LoRaWAN,smart_meter
2025-01-22T12:28:00,147.121,23.579,5.843,10.421,0.7996,MQTT,actuator
2025-01-22T06:15:00,45.784,187.421,0.831,0.05,4.0629,LoRaWAN,smart_meter
2025-01-23T08:06:00,45.393,145.355,0.83,0.361,4.4772,LoRaWAN,smart_meter
2025-01-22T13:14:00,419.141,77.985,0.1,87.063,0.159,HTTPS,camera
2025-01-22T02:53:00,1592.228,59.133,3.293,127.998,0.8348,HTTPS,camera
2025-01-23T09:26:00,636.941,69.777,9.123,96.601,0.8994,HTTPS,gateway
2025-01-22T14:32:00,1696.751,46.213,8.956,62.424,0.9752,HTTPS,camera
2025-01-23T05:59:00,103.928,8.934,6.233,9.159,2.1474,MQTT,env_sensor
2025-01-21T20:33:00,101.064,27.445,5.468,1.141,0.0534,CoAP,env_sensor
2025-01-22T21:50:00,93.644,15.443,6.573,2.392,1.4752,MQTT,actuator
2025-01-23T05:27:00,1141.54,52.35,2.044,50.674,0.9465,HTTPS,camera
2025-01-23T01:03:00,78.529,15.789,5.978,12.523,0.6052,MQTT,actuator
2025-01-22T03:22:00,43.726,27.595,3.665,1.053,0.8545,MQTT,env_sensor
2025-01-22T20:53:00,101.615,23.476,4.771,4.689,0.8447,MQTT,actuator
2025-01-23T13:28:00,351.725,76.468,10.191,79.498,0.6761,HTTPS,gateway
2025-01-23T05:39:00,3079.873,63.114,2.446,14.316,1.4463,HTTPS,camera
2025-01-21T23:42:00,35.838,274.091,0.799,0.05,4.1395,LoRaWAN,smart_meter
2025-01-22T22:40:00,33.715,162.929,3.268,0.25,2.7367,LoRaWAN,smart_meter
2025-01-22T00:30:00,128.779,39.375,4.858,4.786,2.5786,MQTT,env_sensor
2025-01-23T13:14:00,395.327,87.253,15.499,6.225,0.6352,CoAP,gateway
2025-01-22T14:02:00,98.587,33.512,2.311,3.398,0.0,MQTT,env_sensor
2025-01-22T02:16:00,872.075,93.061,5.258,86.264,0.7397,HTTPS,camera
2025-01-22T02:19:00,486.11,72.284,0.1,23.911,1.5145,MQTT,gateway
2025-01-22T17:57:00,8.0,1.0,15.673,53.158,0.8793,HTTPS,gateway
2025-01-23T04:40:00,1395.074,22.712,2.868,25.822,1.124,MQTT,camera
2025-01-22T02:30:00,105.376,14.327,10.96,9.071,0.2403,MQTT,actuator
2025-01-22T10:22:00,171.206,17.099,10.236,4.901,0.8389,MQTT,actuator
2025-01-23T11:27:00,65.419,17.418,4.007,3.933,1.152,MQTT,env_sensor
2025-01-22T07:01:00,404.482,51.133,3.378,72.936,0.4566,HTTPS,gateway
2025-01-22T22:53:00,1862.649,44.797,12.834,75.336,2.3649,HTTPS,gateway
2025-01-21T23:54:00,1897.337,20.699,7.284,124.65,0.8208,HTTPS,camera
2025-01-23T04:19:00,148.942,17.065,2.264,3.939,1.0616,MQTT,env_sensor
2025-01-22T10:19:00,678.94,27.561,9.533,61.245,1.0145,CoAP,gateway
2025-01-23T12:13:00,1200.592,93.673,0.1,190.303,0.0,HTTPS,camera
2025-01-21T23:37:00,27.255,214.095,1.778,0.294,2.4953,LoRaWAN,smart_meter
2025-01-23T07:21:00,127.672,15.157,8.208,17.222,1.1791,MQTT,actuator
2025-01-21T22:49:00,2482.589,91.148,1.425,48.742,0.9658,HTTPS,camera
2025-01-21T20:34:00,118.848,13.834,8.311,3.661,0.0,MQTT,actuator
2025-01-22T07:11:00,1110.469,24.863,5.157,123.185,0.502,HTTPS,camera
2025-01-23T05:56:00,20.908,130.654,1.829,0.636,3.2665,LoRaWAN,smart_meter
2025-01-22T23:49:00,1159.341,46.944,12.718,8.937,1.7996,CoAP,gateway
2025-01-22T23:18:00,66.302,44.367,4.799,4.429,1.7323,MQTT,env_sensor
2025-01-22T17:42:00,94.447,17.378,4.47,15.751,1.2415,MQTT,actuator
2025-01-23T10:12:00,40.618,266.061,1.078,0.505,4.214,LoRaWAN,smart_meter
2025-01-22T21:14:00,101.347,37.755,4.8,7.659,0.3498,MQTT,env_sensor
2025-01-22T07:59:00,69.635,23.026,3.894,4.555,0.7571,MQTT,env_sensor
2025-01-23T12:30:00,104.866,27.594,6.09,12.64,0.2247,MQTT,actuator
2025-01-22T19:51:00,714.504,47.837,20.653,36.956,1.3203,CoAP,gateway
2025-01-22T02:06:00,40.618,46.27,2.115,3.102,0.0,MQTT,env_sensor
2025-01-22T09:26:00,805.205,68.01,13.808,0.05,1.6535,CoAP,gateway
2025-01-22T20:54:00,999.19,42.422,1.085,61.509,1.3393,HTTPS,camera
2025-01-22T15:03:00,2007.492,77.217,0.946,132.536,2.0182,HTTPS,camera
2025-01-23T06:46:00,808.229,72.939,0.1,87.113,1.2272,MQTT,camera
2025-01-23T03:59:00,56.996,25.118,5.038,3.446,1.8637,MQTT,env_sensor
2025-01-23T01:52:00,2084.014,70.298,1.368,59.788,1.1068,HTTPS,camera
2025-01-23T08:27:00,436.298,68.885,11.37,0.05,0.0,CoAP,gateway
2025-01-23T11:20:00,134.901,16.412,0.1,11.416,0.1955,MQTT,actuator
2025-01-22T08:09:00,1884.285,33.864,13.537,102.97,0.5397,HTTPS,gateway
2025-01-23T08:09:00,47.296,12.541,4.882,2.007,0.8115,MQTT,env_sensor
2025-01-22T14:07:00,106.057,17.034,4.868,11.342,1.6153,MQTT,actuator
2025-01-22T21:14:00,543.406,24.335,3.421,32.871,1.4542,MQTT,gateway
2025-01-23T02:42:00,102.223,27.913,0.642,7.561,1.9542,MQTT,env_sensor
2025-01-22T18:49:00,952.061,19.316,12.054,63.351,0.0,HTTPS,gateway
2025-01-21T23:13:00,1130.855,18.591,8.76,60.547,0.355,HTTPS,gateway
2025-01-22T15:37:00,19.359,329.856,0.1,0.506,3.5803,LoRaWAN,smart_meter
2025-01-22T07:41:00,21.683,195.64,0.403,0.455,5.7003,LoRaWAN,smart_meter
2025-01-22T23:23:00,1060.833,45.767,2.108,162.618,0.8869,HTTPS,camera
2025-01-22T06:52:00,36.05,16.201,3.781,0.716,3.0135,MQTT,env_sensor
2025-01-22T17:44:00,362.356,33.362,14.965,65.885,0.3876,HTTPS,gateway
2025-01-22T03:33:00,23.647,143.289,2.454,0.915,1.0669,LoRaWAN,smart_meter
2025-01-23T13:39:00,16.409,52.368,0.314,0.924,3.4501,MQTT,smart_meter
2025-01-22T19:21:00,96.683,15.561,4.807,13.659,0.0,MQTT,actuator
2025-01-22T14:17:00,27.437,164.496,1.151,0.485,1.9804,LoRaWAN,smart_meter
2025-01-22T05:09:00,417.261,52.669,0.1,196.623,0.0,HTTPS,camera
2025-01-23T12:48:00,2065.578,51.896,2.536,41.42,0.7954,HTTPS,camera
2025-01-22T08:43:00,85.104,16.325,7.314,10.191,0.0,MQTT,actuator
2025-01-22T06:40:00,36.014,109.706,1.404,0.291,3.0264,LoRaWAN,smart_meter
2025-01-22T03:53:00,1489.479,87.022,2.078,171.854,0.395,HTTPS,camera
2025-01-22T20:47:00,36.197,119.359,3.87,1.086,3.0027,MQTT,smart_meter
2025-01-22T01:04:00,84.886,4.928,1.911,2.22,1.28,MQTT,env_sensor
2025-01-23T00:46:00,22.693,207.285,1.104,0.582,7.1742,LoRaWAN,smart_meter
2025-01-22T22:56:00,842.214,49.793,4.359,74.374,1.1992,HTTPS,camera
2025-01-22T10:28:00,26.131,179.119,2.527,0.608,1.5125,LoRaWAN,smart_meter
2025-01-22T20:38:00,82.768,33.575,3.633,8.111,0.4808,MQTT,env_sensor
2025-01-23T00:55:00,77.919,6.035,5.84,6.299,0.6556,MQTT,env_sensor
2025-01-21T23:32:00,155.724,26.951,4.269,16.325,1.1916,MQTT,actuator
2025-01-22T10:58:00,28.62,119.5,0.82,0.437,0.4985,LoRaWAN,smart_meter
2025-01-22T04:41:00,768.781,36.36,1.89,82.764,0.6221,HTTPS,gateway
2025-01-22T17:01:00,103.415,26.791,5.876,5.452,0.0512,MQTT,actuator
2025-01-21T21:26:00,1606.582,105.332,2.44,78.175,0.3668,HTTPS,camera
2025-01-21T23:07:00,105.399,7.952,7.848,7.503,0.0,CoAP,actuator
2025-01-22T11:20:00,1435.319,78.628,8.009,170.126,0.9267,HTTPS,camera
2025-01-23T03:26:00,15.668,158.607,0.616,0.05,0.2757,LoRaWAN,smart_meter
2025-01-22T02:01:00,106.314,19.768,0.782,0.76,0.0,MQTT,env_sensor
2025-01-22T16:11:00,1251.975,3.385,3.822,97.109,0.5919,HTTPS,gateway
2025-01-22T15:50:00,105.328,25.285,2.469,7.157,2.159,MQTT,env_sensor
2025-01-22T19:49:00,1849.523,58.831,6.254,243.056,0.1054,HTTPS,camera
2025-01-21T21:53:00,67.709,36.689,2.58,4.924,2.3593,MQTT,env_sensor
2025-01-22T06:24:00,37.875,45.976,2.902,0.317,4.018,MQTT,smart_meter
2025-01-21T23:35:00,79.867,25.858,9.043,9.23,0.3376,MQTT,actuator
2025-01-22T01:04:00,1196.125,43.442,13.209,89.437,0.5612,HTTPS,gateway
2025-01-22T20:23:00,73.596,36.386,2.85,4.658,0.0,MQTT,env_sensor
2025-01-23T02:31:00,43.793,107.417,4.233,0.363,3.1605,LoRaWAN,smart_meter
2025-01-22T02:02:00,169.223,65.695,6.938,7.943,0.0,CoAP,gateway
2025-01-23T09:58:00,1224.062,56.589,12.151,22.179,0.0,HTTPS,gateway
2025-01-23T03:15:00,26.531,214.109,0.1,0.223,1.9707,MQTT,smart_meter
2025-01-21T23:51:00,114.854,17.737,8.311,13.922,1.4892,MQTT,actuator
2025-01-21T23:52:00,23.027,112.888,1.461,0.659,0.1374,LoRaWAN,smart_meter
2025-01-23T09:08:00,82.063,19.8,5.991,0.969,1.4197,CoAP,actuator
2025-01-22T15:07:00,62.345,42.781,2.653,4.275,2.1133,MQTT,env_sensor
2025-01-22T22:34:00,371.958,63.726,11.278,70.42,0.9496,HTTPS,gateway
2025-01-22T02:35:00,75.421,23.942,4.078,5.451,1.6883,MQTT,env_sensor
2025-01-22T21:58:00,2227.589,100.471,4.566,74.077,0.9994,HTTPS,camera
2025-01-21T20:05:00,8.0,28.028,10.131,43.432,2.4032,MQTT,gateway
2025-01-23T07:45:00,1225.539,42.981,11.03,37.762,0.6302,HTTPS,gateway
2025-01-23T05:58:00,92.351,20.188,6.31,11.617,1.4336,MQTT,actuator
2025-01-23T10:12:00,60.709,29.74,2.164,1.259,0.0,MQTT,env_sensor
2025-01-23T05:18:00,979.637,85.687,5.117,119.907,0.6395,HTTPS,camera
2025-01-23T06:36:00,2529.364,97.257,2.125,76.423,0.8463,HTTPS,camera
2025-01-22T19:04:00,24.242,223.287,0.944,0.658,2.0941,LoRaWAN,smart_meter
2025-01-22T16:56:00,1616.256,42.517,0.285,118.949,0.6515,HTTPS,camera
2025-01-22T18:28:00,132.797,16.308,3.6,11.055,2.2101,MQTT,actuator
2025-01-22T08:38:00,64.092,3.469,7.647,10.88,0.1354,MQTT,actuator
2025-01-22T01:35:00,884.771,70.775,11.392,90.962,0.0,HTTPS,gateway
2025-01-22T20:06:00,37.681,200.341,2.404,0.449,3.0645,LoRaWAN,smart_meter
2025-01-22T22:55:00,1404.816,88.628,0.1,160.776,0.1584,HTTPS,camera
2025-01-23T04:16:00,85.071,11.75,6.496,0.899,2.5721,MQTT,env_sensor
2025-01-21T20:03:00,368.264,38.554,8.966,68.136,0.816,HTTPS,gateway
2025-01-23T10:57:00,3051.688,54.8,1.411,44.086,0.4297,HTTPS,camera
2025-01-23T04:54:00,167.594,12.013,9.557,9.973,1.0722,MQTT,actuator
2025-01-22T20:15:00,8.0,30.28,2.248,86.622,0.9495,HTTPS,gateway
2025-01-22T11:00:00,748.053,76.27,14.852,81.678,0.0,HTTPS,gateway
2025-01-23T07:40:00,107.104,30.963,6.703,5.71,2.2956,CoAP,env_sensor
2025-01-22T12:44:00,765.454,34.533,8.476,40.329,0.6132,CoAP,gateway
2025-01-23T01:09:00,117.761,50.177,6.47,2.601,0.0,CoAP,env_sensor
2025-01-22T09:46:00,2065.822,67.852,3.417,62.125,0.1323,HTTPS,camera
2025-01-23T06:08:00,56.301,28.699,3.429,9.391,1.1865,MQTT,env_sensor
2025-01-22T09:22:00,609.519,91.692,4.536,0.148,0.8789,HTTPS,gateway
2025-01-23T03:24:00,2916.037,60.548,0.1,65.72,0.1083,HTTPS,camera
2025-01-21T21:47:00,1177.166,46.028,1.863,159.837,1.2229,HTTPS,camera
2025-01-22T12:40:00,1745.304,48.912,6.538,213.675,1.2902,HTTPS,camera
2025-01-22T13:47:00,114.482,13.001,6.395,7.625,0.657,MQTT,actuator
2025-01-23T07:17:00,56.098,35.219,3.19,1.344,1.5682,MQTT,env_sensor
2025-01-23T01:28:00,76.749,1.0,4.439,0.684,0.0,MQTT,env_sensor
2025-01-22T11:16:00,24.914,82.755,2.569,0.871,1.7841,MQTT,smart_meter
2025-01-23T10:32:00,706.978,42.572,6.601,154.046,0.1898,HTTPS,camera
2025-01-23T11:03:00,39.373,14.499,4.881,10.307,0.0881,MQTT,actuator
2025-01-22T05:47:00,141.362,40.306,2.773,10.381,1.0102,MQTT,actuator
2025-01-22T05:03:00,110.496,18.194,0.775,4.152,1.4348,MQTT,actuator
2025-01-22T05:01:00,126.494,7.786,5.782,9.981,0.6257,MQTT,actuator
2025-01-22T22:27:00,2938.974,55.82,1.726,143.384,1.196,HTTPS,camera
2025-01-22T09:48:00,26.128,194.496,0.1,0.237,2.7034,LoRaWAN,smart_meter
2025-01-23T10:55:00,84.289,22.462,1.129,3.398,0.0,MQTT,env_sensor
2025-01-22T11:21:00,110.599,54.126,5.485,0.05,0.8101,CoAP,env_sensor
2025-01-21T23:23:00,1028.604,54.942,3.516,110.519,0.4438,HTTPS,camera
2025-01-22T01:59:00,27.834,243.082,0.1,0.452,4.0906,LoRaWAN,smart_meter
2025-01-22T20:32:00,107.895,12.495,4.081,5.935,0.4845,MQTT,env_sensor
2025-01-23T10:06:00,58.705,46.932,5.397,2.196,1.5077,MQTT,env_sensor
2025-01-22T13:06:00,120.791,35.652,4.363,0.05,2.4541,MQTT,env_sensor
2025-01-22T08:20:00,115.221,13.407,7.394,4.474,1.5313,MQTT,actuator
2025-01-23T06:30:00,123.483,24.31,2.438,8.371,1.4376,MQTT,actuator
2025-01-23T09:18:00,162.558,12.679,4.942,6.991,1.5208,MQTT,actuator
2025-01-21T20:56:00,87.385,2.435,9.468,7.491,1.697,MQTT,actuator
2025-01-22T22:28:00,31.434,198.173,1.395,0.05,6.3066,LoRaWAN,smart_meter
2025-01-22T16:53:00,1293.994,73.926,2.819,39.169,0.1523,HTTPS,camera
2025-01-22T05:14:00,244.863,52.413,17.013,143.121,1.4581,MQTT,gateway
2025-01-23T13:37:00,24.157,243.162,3.075,0.118,0.0465,LoRaWAN,smart_meter
2025-01-22T13:09:00,97.382,9.314,4.665,12.898,0.5959,MQTT,actuator
2025-01-22T06:41:00,20.58,106.216,0.1,0.258,0.0,LoRaWAN,smart_meter
2025-01-23T09:59:00,138.913,16.579,0.698,7.469,0.2134,MQTT,actuator
2025-01-22T04:02:00,1840.472,43.97,7.274,122.848,1.686,HTTPS,camera
2025-01-22T00:04:00,396.879,11.816,10.641,72.325,0.9801,HTTPS,gateway
2025-01-23T06:50:00,2718.565,33.733,0.457,71.626,0.0,HTTPS,camera
2025-01-22T16:41:00,823.828,50.078,13.381,0.313,1.0721,CoAP,gateway
2025-01-22T20:20:00,627.256,6.885,9.461,0.05,0.5004,CoAP,gateway
2025-01-22T11:23:00,96.797,17.524,10.836,11.18,1.1027,CoAP,actuator
2025-01-23T11:51:00,2291.383,33.581,3.897,107.036,0.8989,HTTPS,camera
2025-01-22T06:11:00,75.54,9.214,1.907,6.063,0.2434,MQTT,env_sensor
2025-01-22T20:57:00,1411.337,77.016,11.018,62.569,0.5577,HTTPS,gateway
2025-01-22T05:48:00,30.748,116.428,0.69,0.749,4.7322,LoRaWAN,smart_meter
2025-01-22T14:41:00,21.63,145.056,2.245,0.05,3.8267,LoRaWAN,smart_meter
2025-01-22T02:45:00,2044.732,96.237,3.087,161.463,0.1454,HTTPS,camera
2025-01-23T11:05:00,25.509,197.348,0.51,0.609,0.9375,LoRaWAN,smart_meter
2025-01-22T07:54:00,1996.309,49.123,2.281,267.687,0.9952,HTTPS,camera
2025-01-22T05:52:00,109.218,26.811,3.909,3.93,0.6109,MQTT,actuator
2025-01-22T14:33:00,2213.026,81.554,1.467,176.059,0.371,HTTPS,camera
2025-01-23T08:04:00,1073.577,102.414,5.005,176.005,0.3569,HTTPS,camera
2025-01-22T00:53:00,2013.673,82.598,3.594,72.849,0.166,HTTPS,camera
2025-01-22T23:47:00,107.655,28.494,4.919,4.472,0.5977,MQTT,actuator
2025-01-22T18:58:00,641.766,29.287,14.308,13.036,2.5867,CoAP,gateway
2025-01-21T22:10:00,44.809,27.304,2.176,4.532,0.0,MQTT,env_sensor
2025-01-22T09:08:00,1496.641,59.887,0.657,170.088,0.248,HTTPS,camera
2025-01-23T08:24:00,49.674,18.825,2.437,3.081,1.194,MQTT,env_sensor
2025-01-22T10:57:00,40.444,179.302,2.806,0.106,6.2905,LoRaWAN,smart_meter
2025-01-21T22:33:00,101.698,26.317,1.134,1.197,1.8823,MQTT,env_sensor
2025-01-23T12:21:00,2022.301,99.225,7.422,103.311,1.9195,HTTPS,camera
2025-01-21T22:06:00,57.935,26.287,0.535,2.454,2.0558,MQTT,env_sensor
2025-01-21T22:03:00,44.888,22.813,3.049,6.075,2.3975,MQTT,actuator
2025-01-21T22:44:00,14.546,107.332,3.596,0.606,0.0,LoRaWAN,smart_meter
2025-01-22T10:49:00,2635.871,109.609,1.893,181.315,0.7578,HTTPS,camera
2025-01-23T04:35:00,170.125,21.598,6.509,7.403,0.8806,MQTT,actuator
2025-01-23T01:51:00,1802.243,43.742,1.896,18.594,0.0,HTTPS,camera
2025-01-22T04:41:00,22.891,297.57,3.376,0.582,0.0,LoRaWAN,smart_meter
2025-01-22T10:11:00,567.218,40.99,5.499,125.87,0.782,HTTPS,camera
2025-01-21T21:25:00,1440.367,5.345,2.794,171.015,0.8681,HTTPS,camera
2025-01-22T18:41:00,135.827,26.564,3.82,3.551,0.0,MQTT,env_sensor
2025-01-23T00:05:00,78.005,23.707,7.27,4.294,0.5263,MQTT,actuator
2025-01-22T18:15:00,1166.634,40.242,8.378,83.559,0.8916,HTTPS,gateway
2025-01-22T19:26:00,35.29,223.513,2.648,0.42,2.0804,LoRaWAN,smart_meter
2025-01-22T00:53:00,32.175,149.624,2.828,0.66,6.1785,LoRaWAN,smart_meter
2025-01-22T22:48:00,78.367,24.4,2.595,7.693,1.2719,MQTT,actuator
2025-01-23T05:24:00,29.78,206.95,3.744,0.548,0.461,LoRaWAN,smart_meter
2025-01-23T00:21:00,86.73,33.583,4.359,2.776,2.749,MQTT,env_sensor
2025-01-23T04:20:00,30.273,21.143,4.882,7.957,1.9424,MQTT,env_sensor
2025-01-22T11:24:00,1054.175,90.529,1.76,156.808,1.0441,HTTPS,camera
2025-01-22T19:06:00,1222.534,53.629,8.463,23.712,0.0,HTTPS,gateway
2025-01-22T16:27:00,2387.637,92.367,4.377,55.973,0.6884,HTTPS,camera
2025-01-22T22:37:00,94.955,36.849,0.1,0.05,2.7444,MQTT,env_sensor
2025-01-22T16:48:00,78.406,17.764,2.99,4.535,2.036,MQTT,env_sensor
2025-01-23T07:00:00,140.462,20.551,7.943,6.106,0.8651,CoAP,actuator
2025-01-22T11:04:00,89.061,13.702,0.906,3.581,0.0,MQTT,env_sensor
2025-01-23T07:33:00,1785.551,56.512,1.286,110.854,0.0,HTTPS,camera
2025-01-22T19:01:00,86.828,16.99,0.1,0.05,0.0,MQTT,env_sensor
2025-01-23T07:54:00,23.362,216.077,3.696,0.442,4.4522,MQTT,smart_meter
2025-01-22T02:58:00,524.298,46.66,13.972,50.764,1.5056,CoAP,gateway
2025-01-23T04:31:00,1086.096,10.533,4.485,88.55,0.7324,HTTPS,camera
2025-01-23T01:25:00,36.805,34.54,6.005,3.873,3.1757,CoAP,env_sensor
2025-01-22T21:35:00,1168.624,41.971,7.012,23.917,1.8059,CoAP,gateway
2025-01-23T12:47:00,44.245,27.542,1.495,4.955,0.0,MQTT,env_sensor
2025-01-23T12:37:00,12.571,256.444,1.908,0.118,1.5433,LoRaWAN,smart_meter
2025-01-22T07:40:00,1507.554,47.989,2.015,134.049,0.5221,HTTPS,camera
2025-01-22T04:05:00,87.048,18.041,11.701,6.597,1.6845,MQTT,actuator
2025-01-22T21:01:00,25.23,123.424,0.1,0.05,0.9697,LoRaWAN,smart_meter
2025-01-22T14:01:00,949.751,16.198,12.219,77.137,0.7673,HTTPS,gateway
2025-01-23T08:02:00,29.98,190.594,0.1,0.683,3.0996,LoRaWAN,smart_meter
2025-01-23T09:53:00,16.028,136.806,0.98,1.072,1.3604,MQTT,smart_meter
2025-01-22T03:34:00,34.764,197.694,2.421,0.176,2.5978,LoRaWAN,smart_meter
2025-01-22T03:08:00,845.599,32.072,13.28,4.084,1.3974,CoAP,gateway
2025-01-23T13:06:00,144.65,28.626,1.832,10.811,0.9181,MQTT,actuator
2025-01-22T13:30:00,25.858,101.405,0.644,0.582,4.8664,LoRaWAN,smart_meter
2025-01-23T00:08:00,975.448,40.269,10.348,7.854,0.6232,CoAP,gateway
2025-01-22T15:14:00,233.817,25.39,5.041,87.082,0.0,MQTT,gateway
2025-01-23T09:31:00,87.471,34.433,7.993,11.979,0.8739,MQTT,actuator
2025-01-22T03:30:00,8.0,31.467,13.549,33.947,0.0,HTTPS,gateway
2025-01-22T19:56:00,1239.756,52.964,0.1,32.025,0.4209,HTTPS,gateway
2025-01-22T18:29:00,24.334,204.77,1.387,0.236,0.0,LoRaWAN,smart_meter
2025-01-22T17:02:00,32.668,10.81,3.163,3.172,0.6389,MQTT,env_sensor
2025-01-21T23:23:00,27.834,232.672,0.455,0.395,5.1878,LoRaWAN,smart_meter
2025-01-22T03:06:00,43.255,16.012,5.689,3.359,0.0782,MQTT,env_sensor
2025-01-23T11:57:00,102.356,24.005,4.367,3.198,1.9479,MQTT,actuator
2025-01-23T06:57:00,1497.808,45.898,6.353,83.9,1.4598,HTTPS,camera
2025-01-21T20:09:00,558.964,63.559,0.281,108.217,1.3563,HTTPS,gateway
2025-01-22T04:29:00,168.078,15.607,8.0,4.212,0.809,MQTT,actuator
2025-01-23T06:58:00,2400.487,91.393,3.335,104.73,0.5941,HTTPS,camera
2025-01-23T06:00:00,1402.446,50.986,11.138,34.784,0.7964,HTTPS,gateway
2025-01-22T21:26:00,998.085,57.086,17.649,60.089,2.6878,CoAP,gateway
2025-01-23T00:29:00,86.971,8.525,11.186,8.657,1.0136,CoAP,actuator
2025-01-23T11:10:00,2433.372,55.103,7.398,199.625,0.7643,HTTPS,camera
2025-01-22T19:42:00,2915.091,86.748,7.856,128.821,1.1939,HTTPS,camera
2025-01-22T06:55:00,79.499,36.96,7.53,5.818,1.3619,MQTT,env_sensor
2025-01-22T09:27:00,70.997,7.927,5.242,8.456,0.6444,MQTT,actuator
2025-01-22T05:16:00,51.995,13.667,4.392,3.941,2.9442,MQTT,env_sensor
2025-01-22T05:55:00,392.175,74.339,0.1,60.587,1.7504,HTTPS,gateway
2025-01-22T21:22:00,91.463,16.524,5.944,20.81,0.7037,MQTT,actuator
2025-01-23T05:09:00,1330.314,53.116,7.251,99.024,0.7526,HTTPS,camera
2025-01-23T08:35:00,33.504,38.333,4.467,0.221,0.0,MQTT,smart_meter
2025-01-23T07:21:00,85.09,82.877,10.345,59.863,1.7428,CoAP,gateway
2025-01-23T01:17:00,264.795,49.654,5.78,36.756,0.8618,HTTPS,gateway
2025-01-22T19:14:00,105.94,38.023,2.354,3.692,0.7578,MQTT,env_sensor
2025-01-22T21:51:00,77.283,10.78,5.537,8.055,2.1833,CoAP,actuator
2025-01-22T17:20:00,102.19,23.157,5.54,10.864,1.29,MQTT,actuator
2025-01-23T00:24:00,1955.18,86.341,2.685,123.617,0.2515,HTTPS,camera
2025-01-22T01:46:00,102.617,10.592,6.541,6.662,0.0,MQTT,actuator
2025-01-23T01:56:00,121.426,27.182,6.692,10.536,0.9238,MQTT,actuator
2025-01-22T16:38:00,85.346,4.128,8.615,12.495,1.394,MQTT,actuator
2025-01-23T00:37:00,18.595,152.335,1.979,0.093,2.5188,LoRaWAN,smart_meter
2025-01-22T03:58:00,8.0,17.254,8.752,116.825,0.8955,HTTPS,gateway
2025-01-21T21:10:00,36.959,26.286,0.1,6.562,0.425,MQTT,env_sensor
2025-01-22T19:38:00,124.154,23.404,9.066,4.776,0.6864,MQTT,actuator
2025-01-23T09:27:00,1563.012,43.557,4.251,158.592,1.1482,HTTPS,camera
2025-01-23T04:24:00,588.891,73.597,13.988,79.698,0.9995,HTTPS,gateway
2025-01-23T08:28:00,1392.336,26.626,14.692,31.975,1.1913,MQTT,gateway
2025-01-23T04:10:00,1508.536,39.674,4.676,82.189,0.0,HTTPS,gateway
2025-01-21T22:00:00,60.048,39.871,1.843,1.103,0.5743,MQTT,env_sensor
2025-01-22T23:52:00,151.226,19.761,2.074,11.419,1.2864,MQTT,actuator
2025-01-22T04:23:00,25.449,140.568,3.939,0.502,3.0755,LoRaWAN,smart_meter
2025-01-21T21:44:00,541.44,21.652,12.534,9.652,1.2806,CoAP,gateway
2025-01-22T14:48:00,974.94,19.152,1.522,72.481,0.9999,HTTPS,gateway
2025-01-22T02:33:00,1053.748,51.001,7.652,81.234,0.7928,HTTPS,gateway
2025-01-23T01:19:00,295.662,46.398,5.41,20.87,1.3075,CoAP,gateway
2025-01-23T01:41:00,499.189,52.909,10.698,82.18,1.2438,CoAP,gateway
2025-01-23T03:30:00,1581.588,54.959,3.059,88.561,0.3566,HTTPS,camera
2025-01-22T19:16:00,127.498,25.505,6.524,11.226,0.0355,MQTT,actuator
2025-01-22T21:55:00,550.709,51.272,4.714,55.307,0.0,HTTPS,gateway
2025-01-22T20:50:00,20.686,189.208,3.311,0.226,6.273,LoRaWAN,smart_meter
2025-01-23T04:20:00,27.981,271.092,1.286,0.352,0.9336,LoRaWAN,smart_meter
2025-01-22T00:48:00,109.337,26.765,1.556,4.85,1.5965,MQTT,actuator
2025-01-22T17:17:00,444.475,110.132,0.139,137.481,1.6621,CoAP,camera
2025-01-23T07:52:00,576.985,45.818,17.497,44.122,2.2472,CoAP,gateway
2025-01-23T06:25:00,49.6,9.304,4.579,2.233,0.0,MQTT,env_sensor
2025-01-23T05:20:00,80.56,12.309,1.544,2.851,1.9964,MQTT,actuator
2025-01-23T10:55:00,246.244,64.535,1.563,13.441,0.9495,MQTT,gateway
2025-01-22T15:33:00,1370.993,85.322,3.37,65.393,0.8621,HTTPS,camera
2025-01-22T13:57:00,12.273,19.798,1.699,5.343,1.421,MQTT,env_sensor
2025-01-22T03:27:00,101.856,53.82,0.355,4.669,1.1234,MQTT,env_sensor
2025-01-23T02:52:00,28.618,142.238,1.218,0.265,4.3778,MQTT,smart_meter
2025-01-22T01:09:00,34.589,177.655,2.844,0.089,0.0,LoRaWAN,smart_meter
2025-01-22T22:21:00,33.832,175.827,3.268,0.132,2.0475,LoRaWAN,smart_meter
2025-01-22T20:51:00,12.917,214.974,0.524,0.377,2.8813,LoRaWAN,smart_meter
2025-01-22T21:41:00,195.03,18.928,8.967,12.15,0.5824,MQTT,actuator
2025-01-22T20:43:00,8.0,67.796,1.188,135.353,0.8724,HTTPS,camera
2025-01-22T17:17:00,491.113,58.507,9.735,34.095,1.1968,CoAP,gateway
2025-01-21T21:08:00,131.388,22.737,0.1,6.04,0.0,MQTT,actuator
2025-01-23T10:49:00,2086.163,78.141,7.802,147.594,0.1543,HTTPS,camera
2025-01-23T07:31:00,26.851,109.96,1.308,0.695,6.4158,LoRaWAN,smart_meter
2025-01-22T08:18:00,751.854,42.384,9.415,69.358,1.3432,CoAP,gateway
2025-01-22T13:07:00,130.507,20.359,8.396,5.792,0.9112,CoAP,actuator
2025-01-22T14:29:00,1194.322,87.223,2.411,13.059,1.1183,HTTPS,camera
2025-01-23T03:09:00,87.949,37.651,2.548,3.583,1.8268,MQTT,env_sensor
2025-01-23T10:45:00,2424.827,44.305,10.032,173.32,0.8742,HTTPS,camera
2025-01-22T05:26:00,128.905,21.853,8.512,11.363,0.0,MQTT,actuator
2025-01-22T05:22:00,81.569,16.142,2.045,11.703,0.9882,MQTT,actuator
2025-01-22T16:11:00,2187.669,17.609,5.944,196.922,0.3283,HTTPS,camera
2025-01-23T08:32:00,78.015,36.123,0.266,2.922,0.138,MQTT,env_sensor
2025-01-22T10:54:00,22.272,310.987,0.995,0.05,4.5943,LoRaWAN,smart_meter
2025-01-22T15:10:00,416.594,90.202,7.678,69.636,0.0,HTTPS,gateway
2025-01-21T23:51:00,42.172,122.14,0.845,0.063,1.0926,LoRaWAN,smart_meter
2025-01-23T01:55:00,129.136,83.176,3.151,215.651,0.7113,HTTPS,camera
2025-01-22T01:24:00,57.158,25.483,2.559,2.33,1.6976,MQTT,env_sensor
2025-01-22T22:11:00,114.412,14.358,1.377,7.996,0.2701,MQTT,actuator
2025-01-22T10:30:00,22.64,268.026,0.858,0.233,3.7958,LoRaWAN,smart_meter
2025-01-21T21:31:00,100.726,20.543,1.023,4.895,0.6603,MQTT,env_sensor
2025-01-22T06:21:00,87.151,9.25,6.025,9.988,1.128,MQTT,actuator
2025-01-22T21:24:00,30.218,133.485,4.663,0.711,2.5387,LoRaWAN,smart_meter
2025-01-22T07:08:00,61.25,34.686,3.858,4.928,1.8158,MQTT,env_sensor
2025-01-22T18:27:00,2745.576,5.413,8.127,95.66,0.0794,HTTPS,camera
2025-01-22T09:28:00,26.389,136.885,3.007,0.279,4.2761,LoRaWAN,smart_meter
2025-01-22T20:02:00,1807.533,89.576,6.541,179.841,1.269,HTTPS,camera
2025-01-23T10:56:00,18.93,192.621,1.937,0.645,1.7923,LoRaWAN,smart_meter
2025-01-21T21:52:00,70.277,30.704,0.1,2.709,0.0,MQTT,env_sensor
2025-01-22T07:03:00,101.659,14.677,6.517,11.701,0.0,MQTT,actuator
2025-01-22T22:29:00,52.844,32.238,0.184,5.005,2.2291,MQTT,env_sensor
2025-01-22T05:27:00,38.901,30.763,4.466,0.209,1.6154,MQTT,env_sensor
2025-01-23T05:11:00,48.804,22.01,2.63,4.805,1.7809,MQTT,env_sensor
2025-01-22T19:29:00,554.709,80.261,8.188,60.095,0.7308,HTTPS,gateway
2025-01-22T22:18:00,925.176,64.119,6.848,93.345,0.202,HTTPS,gateway
2025-01-23T00:01:00,89.296,15.42,2.254,1.969,1.3925,MQTT,env_sensor
2025-01-22T16:45:00,45.577,193.56,1.175,0.502,2.5821,LoRaWAN,smart_meter
2025-01-22T13:05:00,449.876,56.462,7.982,104.438,1.1571,CoAP,gateway
2025-01-22T05:37:00,78.899,29.538,1.638,6.731,0.5661,MQTT,env_sensor
2025-01-22T04:21:00,1090.654,33.667,0.1,80.735,2.1549,HTTPS,gateway
2025-01-22T09:23:00,63.012,29.765,11.324,10.993,0.414,CoAP,actuator
2025-01-23T03:09:00,1190.537,47.012,10.821,68.875,0.4757,HTTPS,gateway
2025-01-22T17:18:00,1875.662,54.566,4.541,170.349,0.9938,HTTPS,camera
2025-01-22T01:13:00,1156.377,19.074,2.979,14.849,1.1354,MQTT,gateway
2025-01-23T02:56:00,945.895,85.105,0.1,47.275,0.328,HTTPS,camera
2025-01-23T07:30:00,33.942,72.078,1.275,0.146,1.8814,LoRaWAN,smart_meter
2025-01-22T05:59:00,2875.52,69.389,2.745,145.673,1.0174,HTTPS,camera
2025-01-22T06:59:00,153.184,1.0,1.228,13.749,0.9808,MQTT,actuator
2025-01-21T21:00:00,1203.704,41.816,14.195,47.938,0.2545,HTTPS,gateway
2025-01-22T08:59:00,34.641,179.236,0.12,0.05,1.5303,LoRaWAN,smart_meter
2025-01-23T01:47:00,471.296,51.819,10.58,95.902,3.0136,CoAP,gateway
2025-01-23T11:10:00,23.573,230.338,0.1,0.391,2.3854,LoRaWAN,smart_meter
2025-01-22T04:57:00,1702.098,77.469,10.072,11.802,0.0123,HTTPS,gateway
2025-01-23T05:16:00,67.572,12.711,6.533,7.898,0.6425,MQTT,actuator
2025-01-22T16:10:00,58.301,12.697,0.399,5.252,2.2568,MQTT,env_sensor
2025-01-23T09:51:00,1568.392,68.844,3.842,99.158,1.431,HTTPS,gateway
2025-01-22T00:43:00,1663.523,43.178,5.032,73.642,2.0067,HTTPS,gateway
2025-01-23T09:30:00,88.437,19.243,7.467,8.02,1.2183,MQTT,actuator
2025-01-21T23:25:00,2376.491,58.325,3.747,135.062,0.9784,HTTPS,camera
2025-01-22T14:25:00,157.938,11.538,5.195,7.937,1.1875,MQTT,actuator
2025-01-22T17:43:00,1078.186,76.524,4.558,185.773,0.3562,HTTPS,camera
2025-01-22T02:08:00,38.017,118.821,2.01,0.731,3.1453,LoRaWAN,smart_meter
2025-01-23T02:25:00,778.325,2.101,4.812,0.05,2.6915,CoAP,gateway
2025-01-23T13:25:00,128.589,19.492,9.188,14.891,0.0,CoAP,actuator
2025-01-22T00:29:00,2506.37,26.224,5.104,81.677,1.4228,HTTPS,camera
2025-01-22T17:00:00,148.133,27.878,5.2,12.586,0.3375,MQTT,actuator
2025-01-22T20:12:00,26.418,197.393,1.809,0.05,1.5685,LoRaWAN,smart_meter
2025-01-22T01:46:00,2430.041,43.574,0.1,203.938,0.36,HTTPS,camera
2025-01-23T06:21:00,2439.012,76.033,8.399,124.306,0.4479,HTTPS,camera
2025-01-23T06:08:00,398.075,39.26,6.961,78.514,1.0504,CoAP,gateway
2025-01-22T08:05:00,17.718,134.284,0.798,0.05,2.8809,LoRaWAN,smart_meter
2025-01-22T06:36:00,2010.931,35.243,9.87,12.143,1.0402,CoAP,gateway
2025-01-22T04:30:00,44.535,19.426,3.332,4.211,2.2343,MQTT,env_sensor
2025-01-22T09:52:00,25.529,136.685,1.343,0.372,1.229,LoRaWAN,smart_meter
2025-01-22T19:05:00,114.55,27.651,0.112,1.575,1.1942,MQTT,env_sensor
2025-01-22T02:32:00,44.09,206.225,2.7,0.765,5.8641,LoRaWAN,smart_meter
2025-01-22T18:04:00,614.749,21.766,0.1,100.602,0.984,HTTPS,gateway
2025-01-22T20:42:00,507.305,31.001,5.256,36.233,1.2862,CoAP,gateway
2025-01-23T01:16:00,18.281,190.825,1.232,0.134,2.8947,LoRaWAN,smart_meter
2025-01-22T19:28:00,1196.472,45.226,5.462,180.26,0.2679,HTTPS,camera
2025-01-23T02:27:00,106.326,19.828,3.996,13.274,0.5227,MQTT,actuator
2025-01-23T12:22:00,2595.789,23.54,5.388,173.559,1.0597,HTTPS,camera
2025-01-22T00:56:00,673.73,42.21,4.284,58.186,0.5575,HTTPS,gateway
2025-01-22T11:45:00,116.55,30.773,3.665,5.547,2.2289,MQTT,env_sensor
2025-01-22T04:06:00,53.492,146.028,0.534,0.679,5.345,LoRaWAN,smart_meter
2025-01-22T05:35:00,2279.112,86.941,2.46,149.891,0.1389,HTTPS,camera
2025-01-22T07:52:00,2007.202,19.144,11.861,93.728,0.0,HTTPS,camera
2025-01-22T11:06:00,27.08,17.283,1.399,3.053,1.2106,MQTT,env_sensor
2025-01-22T05:51:00,1878.116,60.904,6.488,62.232,0.2374,HTTPS,gateway
2025-01-22T11:18:00,2155.228,77.523,11.938,137.654,0.6893,HTTPS,camera
2025-01-22T21:19:00,18.986,130.281,2.565,0.509,1.0904,LoRaWAN,smart_meter
2025-01-21T20:35:00,125.519,16.439,0.1,1.411,1.3348,MQTT,env_sensor
2025-01-21T20:24:00,22.33,212.234,3.846,0.293,0.0,LoRaWAN,smart_meter
2025-01-23T11:17:00,44.605,247.139,3.634,0.76,2.1467,LoRaWAN,smart_meter
2025-01-22T06:36:00,135.623,1.0,5.496,3.007,0.4099,MQTT,env_sensor
2025-01-22T22:33:00,996.882,68.805,6.531,250.8,0.9079,HTTPS,camera
2025-01-22T14:21:00,1585.184,31.07,8.175,65.491,0.6382,HTTPS,camera
2025-01-21T22:36:00,130.302,12.822,11.266,12.736,0.4631,MQTT,actuator
2025-01-22T02:12:00,1584.403,70.046,2.278,171.739,1.0691,HTTPS,camera
2025-01-22T01:42:00,2198.145,90.38,1.6,73.401,0.0,HTTPS,camera
2025-01-23T09:26:00,43.587,241.164,4.606,0.605,5.6242,LoRaWAN,smart_meter
2025-01-23T04:56:00,29.103,167.86,1.915,0.407,0.0,LoRaWAN,smart_meter
2025-01-23T08:58:00,1641.642,71.839,6.987,48.468,0.3263,HTTPS,camera
2025-01-23T00:20:00,94.228,50.141,3.526,1.201,0.0,MQTT,env_sensor
2025-01-22T05:37:00,1461.324,81.315,6.841,21.241,0.8695,HTTPS,camera
2025-01-21T22:03:00,992.7,41.832,11.101,40.892,1.2067,CoAP,gateway
2025-01-21T21:53:00,28.656,270.317,0.462,0.54,1.4638,LoRaWAN,smart_meter
2025-01-23T02:17:00,30.916,187.067,2.849,0.562,4.2588,LoRaWAN,smart_meter
2025-01-23T04:55:00,90.684,8.648,0.1,6.767,1.1169,MQTT,env_sensor
2025-01-23T02:51:00,95.424,35.636,3.481,0.367,2.1072,MQTT,env_sensor
2025-01-23T07:03:00,918.125,49.119,4.182,49.659,1.0327,CoAP,gateway
2025-01-22T15:25:00,90.94,13.79,2.301,9.565,0.2425,MQTT,actuator
2025-01-23T08:19:00,64.185,17.346,3.952,3.176,0.0,MQTT,env_sensor
2025-01-23T08:26:00,77.769,35.467,3.276,5.412,2.1907,MQTT,env_sensor
2025-01-23T12:46:00,50.494,17.068,2.282,0.05,1.1621,MQTT,env_sensor
2025-01-22T08:21:00,911.954,38.877,1.354,105.072,0.0,HTTPS,gateway
2025-01-22T09:16:00,37.479,170.164,1.552,0.05,5.8344,LoRaWAN,smart_meter
2025-01-22T17:34:00,125.512,1.0,10.661,12.88,1.5854,MQTT,actuator
2025-01-22T22:46:00,34.073,242.245,3.731,0.458,0.0,LoRaWAN,smart_meter
2025-01-22T02:27:00,21.166,303.576,0.287,0.466,2.1767,LoRaWAN,smart_meter
2025-01-22T09:55:00,86.877,8.705,5.101,3.753,0.0,MQTT,actuator
2025-01-21T23:02:00,992.119,99.448,3.828,202.961,1.3404,CoAP,camera
2025-01-22T18:21:00,1626.515,50.407,5.434,147.688,0.9061,HTTPS,camera
2025-01-22T01:27:00,2245.288,34.566,0.1,202.666,1.0213,HTTPS,camera
2025-01-23T04:30:00,422.221,43.341,4.937,147.483,0.0,HTTPS,gateway
2025-01-23T06:44:00,1627.824,26.092,5.633,119.528,0.2147,HTTPS,camera
2025-01-22T19:38:00,1335.602,69.063,14.562,90.688,0.0,HTTPS,gateway
2025-01-22T10:03:00,37.031,213.903,2.486,0.191,3.2989,LoRaWAN,smart_meter
2025-01-23T11:40:00,149.588,1.0,6.405,0.05,0.0998,MQTT,actuator
2025-01-22T13:11:00,24.842,215.207,2.842,0.357,2.2464,LoRaWAN,smart_meter
2025-01-22T17:00:00,591.29,50.849,1.534,78.728,0.3009,HTTPS,camera
2025-01-22T11:40:00,103.414,20.407,1.236,7.83,2.3021,MQTT,env_sensor
2025-01-23T01:24:00,37.025,220.341,2.079,0.272,1.4961,LoRaWAN,smart_meter
2025-01-22T22:23:00,41.095,229.723,0.673,0.545,1.6209,LoRaWAN,smart_meter
2025-01-22T19:45:00,17.278,221.75,2.463,0.772,2.3099,LoRaWAN,smart_meter
2025-01-23T01:11:00,1727.279,78.715,4.242,130.717,0.75,HTTPS,camera
2025-01-22T06:13:00,2221.458,52.12,7.805,171.388,0.8688,HTTPS,camera
2025-01-22T17:08:00,645.149,59.776,10.372,41.862,0.8146,HTTPS,gateway
2025-01-22T14:47:00,37.406,182.673,0.1,0.252,0.0,LoRaWAN,smart_meter
2025-01-23T11:27:00,29.559,183.885,5.614,0.386,2.4594,LoRaWAN,smart_meter
2025-01-22T10:29:00,858.808,30.826,9.417,0.05,2.1337,CoAP,gateway
2025-01-23T13:28:00,166.164,16.128,10.072,2.487,1.0324,MQTT,actuator
2025-01-22T08:18:00,33.212,159.998,1.525,0.05,5.6245,LoRaWAN,smart_meter
2025-01-23T03:10:00,102.936,26.152,0.1,6.845,1.0354,MQTT,env_sensor
2025-01-22T16:37:00,1936.147,18.293,7.388,56.531,0.2471,HTTPS,camera
2025-01-22T00:15:00,2103.263,23.391,2.741,164.501,0.8839,HTTPS,camera
2025-01-22T06:13:00,2342.243,8.913,7.56,81.723,2.3187,HTTPS,gateway
2025-01-23T04:35:00,1185.531,69.661,7.548,130.89,0.2707,HTTPS,camera
2025-01-23T04:56:00,8.0,91.609,2.122,152.777,1.1757,MQTT,gateway
2025-01-22T11:56:00,1181.203,61.343,9.824,55.965,0.868,HTTPS,gateway
2025-01-22T21:49:00,117.014,17.366,7.357,11.712,1.6918,MQTT,actuator
2025-01-22T22:17:00,34.718,123.564,1.448,0.304,2.9638,LoRaWAN,smart_meter
2025-01-23T07:04:00,1464.252,83.358,6.555,174.008,1.2099,HTTPS,camera
2025-01-21T22:41:00,37.47,12.729,1.255,8.044,1.3852,MQTT,env_sensor
2025-01-22T09:14:00,126.744,32.985,4.421,12.032,0.314,MQTT,actuator
2025-01-23T08:00:00,1290.931,75.367,7.345,120.649,0.6112,HTTPS,camera
2025-01-23T10:27:00,1374.95,74.006,1.947,37.994,0.0,HTTPS,camera
2025-01-21T21:47:00,50.35,37.218,2.08,7.432,2.3418,MQTT,env_sensor
2025-01-23T08:17:00,1000.431,47.101,9.882,119.933,0.0,HTTPS,gateway
2025-01-22T12:50:00,1906.296,75.176,4.062,92.141,0.5159,HTTPS,camera
2025-01-22T05:26:00,1872.199,74.525,3.489,248.511,0.0,HTTPS,camera
2025-01-22T18:41:00,25.025,230.543,4.578,0.312,0.2269,LoRaWAN,smart_meter
2025-01-23T01:53:00,2304.756,85.203,4.709,129.093,0.4365,HTTPS,camera
2025-01-23T03:02:00,20.475,138.825,0.1,0.544,2.7797,LoRaWAN,smart_meter
2025-01-21T20:35:00,851.516,63.25,9.665,67.333,2.5201,CoAP,gateway
2025-01-22T03:02:00,1549.486,50.577,1.313,108.092,0.8923,HTTPS,camera
2025-01-23T09:14:00,1593.389,36.476,5.503,112.382,0.9014,HTTPS,camera
2025-01-23T03:01:00,72.288,16.111,4.885,10.189,0.0,MQTT,actuator
2025-01-21T23:56:00,39.071,20.367,3.239,5.67,2.9657,MQTT,env_sensor
2025-01-22T19:02:00,126.238,42.221,7.349,8.67,0.6484,MQTT,actuator
2025-01-22T11:48:00,38.405,239.941,4.32,0.2,4.7733,LoRaWAN,smart_meter
2025-01-23T00:06:00,151.716,80.908,9.001,138.797,0.0,HTTPS,camera
2025-01-23T00:32:00,1758.162,42.572,9.806,215.266,0.2648,HTTPS,camera
2025-01-23T03:55:00,73.956,20.378,6.844,4.01,0.7106,MQTT,actuator
2025-01-23T03:56:00,174.944,17.074,3.408,4.735,0.8175,MQTT,actuator
2025-01-22T23:01:00,1597.783,47.634,2.498,101.767,0.3762,HTTPS,gateway
2025-01-23T00:05:00,2043.176,69.254,2.122,100.231,0.0,HTTPS,camera
2025-01-22T10:42:00,1528.793,79.112,6.799,123.744,0.2627,HTTPS,gateway
2025-01-22T14:31:00,32.601,235.993,4.334,0.109,3.3302,LoRaWAN,smart_meter
2025-01-23T01:40:00,1420.572,98.71,6.419,126.383,0.7418,HTTPS,camera
2025-01-22T11:23:00,2473.284,57.403,2.539,241.198,0.9232,HTTPS,camera
2025-01-22T01:14:00,24.668,14.716,4.665,0.671,1.8836,MQTT,env_sensor
2025-01-23T00:44:00,109.946,14.19,6.28,3.097,0.0,MQTT,actuator
2025-01-23T09:41:00,77.809,32.724,3.286,0.985,1.7684,MQTT,env_sensor
2025-01-22T06:39:00,2412.99,50.723,0.1,154.351,0.7147,HTTPS,camera
2025-01-23T03:18:00,19.264,286.673,2.322,0.316,4.4496,LoRaWAN,smart_meter
2025-01-22T04:07:00,1203.639,53.78,10.921,0.05,0.1504,HTTPS,gateway
2025-01-22T03:40:00,22.987,242.368,1.291,0.296,1.8427,LoRaWAN,smart_meter
2025-01-21T20:16:00,74.616,26.857,4.534,9.171,1.8231,MQTT,actuator
2025-01-22T12:16:00,1269.834,40.19,0.872,32.731,0.0763,HTTPS,camera
2025-01-22T16:37:00,243.504,32.058,9.669,13.986,1.0934,MQTT,gateway
2025-01-23T12:16:00,835.527,46.018,4.527,143.843,0.0349,HTTPS,camera
2025-01-22T19:51:00,102.852,29.419,3.409,2.018,1.5303,MQTT,env_sensor
2025-01-22T04:48:00,2383.721,89.046,0.783,126.575,1.0029,HTTPS,camera
2025-01-22T07:30:00,852.302,51.076,6.604,25.778,1.2769,CoAP,gateway
2025-01-22T18:26:00,1143.934,51.147,11.389,45.554,1.1967,CoAP,gateway
2025-01-22T11:44:00,30.886,196.523,3.827,0.194,2.7837,LoRaWAN,smart_meter
2025-01-23T03:34:00,89.524,39.436,0.894,5.81,1.5722,MQTT,env_sensor
2025-01-23T02:45:00,52.43,5.235,5.348,5.588,1.8989,MQTT,env_sensor
2025-01-23T10:16:00,39.772,237.257,3.218,0.48,3.6871,LoRaWAN,smart_meter
2025-01-22T00:22:00,1874.723,87.763,2.175,18.701,0.0,HTTPS,camera
2025-01-21T20:25:00,40.026,191.113,3.382,0.413,1.6946,LoRaWAN,smart_meter
2025-01-23T02:54:00,29.033,87.74,1.809,0.116,2.1763,MQTT,smart_meter
2025-01-23T06:14:00,78.66,41.11,3.1,62.491,1.8216,MQTT,gateway
2025-01-22T13:28:00,26.27,204.232,0.501,0.245,5.4284,LoRaWAN,smart_meter
2025-01-22T16:06:00,2231.327,19.021,3.217,48.108,0.7646,HTTPS,camera
2025-01-23T10:37:00,768.343,17.728,0.1,65.053,1.0727,CoAP,gateway
2025-01-21T21:13:00,688.752,52.272,10.848,34.777,1.6555,CoAP,gateway
2025-01-21T22:49:00,1487.07,19.818,3.283,97.245,1.0186,HTTPS,gateway
2025-01-23T10:05:00,1484.482,95.836,9.199,139.143,0.2218,HTTPS,camera
2025-01-22T15:25:00,34.586,265.092,0.82,0.48,4.113,LoRaWAN,smart_meter
2025-01-22T02:49:00,64.495,27.243,4.717,5.357,1.2638,MQTT,env_sensor
2025-01-23T07:19:00,1576.686,62.765,8.523,88.266,1.6209,HTTPS,gateway
2025-01-22T22:34:00,93.471,24.488,7.475,0.05,1.9511,MQTT,env_sensor
2025-01-23T13:32:00,1273.38,90.358,6.737,20.013,1.2658,CoAP,gateway
2025-01-22T01:32:00,148.154,4.815,6.332,10.165,0.577,MQTT,actuator
2025-01-22T05:44:00,57.754,26.461,4.277,8.275,0.3054,MQTT,env_sensor
2025-01-22T05:23:00,112.304,31.502,7.003,3.445,0.0,MQTT,env_sensor
2025-01-22T00:54:00,111.286,14.244,10.219,5.447,1.6326,MQTT,actuator
2025-01-22T11:32:00,1329.472,84.933,2.405,38.223,1.4856,HTTPS,camera
2025-01-22T03:41:00,108.316,17.957,9.601,10.356,0.0,MQTT,actuator
2025-01-22T00:46:00,1420.567,62.296,5.197,61.706,1.5521,HTTPS,gateway
2025-01-22T00:07:00,147.499,24.847,2.909,7.1,0.2986,MQTT,actuator
2025-01-23T03:54:00,23.008,223.996,1.799,0.19,2.6363,LoRaWAN,smart_meter
2025-01-23T02:29:00,25.551,118.47,0.1,0.451,1.3116,LoRaWAN,smart_meter
2025-01-21T23:58:00,37.826,178.345,0.758,0.152,3.4886,LoRaWAN,smart_meter
2025-01-23T02:38:00,44.16,1.558,4.757,1.325,2.0421,MQTT,env_sensor
2025-01-22T22:13:00,1499.475,26.617,8.541,95.896,0.8717,HTTPS,gateway
2025-01-22T21:26:00,120.04,17.07,0.596,6.873,2.1889,MQTT,actuator
2025-01-23T12:38:00,1040.368,33.738,10.242,11.394,0.5074,HTTPS,gateway
2025-01-22T03:46:00,918.15,39.142,14.733,116.158,1.5608,CoAP,gateway
2025-01-23T09:41:00,35.518,289.158,1.479,0.067,5.5571,LoRaWAN,smart_meter
2025-01-22T01:39:00,24.451,139.299,2.217,0.05,4.7677,LoRaWAN,smart_meter
2025-01-22T15:24:00,1881.782,91.772,5.651,279.482,0.5144,HTTPS,camera
2025-01-23T05:34:00,547.612,80.492,0.989,81.6,0.8994,HTTPS,camera
2025-01-23T06:55:00,1055.434,85.414,0.1,0.05,0.6818,HTTPS,camera
2025-01-22T14:55:00,1931.859,66.448,11.308,134.245,1.0612,HTTPS,gateway
2025-01-23T07:09:00,18.227,106.709,1.206,0.827,2.7255,LoRaWAN,smart_meter
2025-01-22T07:03:00,23.744,70.971,1.941,0.615,3.9976,LoRaWAN,smart_meter
2025-01-23T06:29:00,126.504,10.712,5.314,12.344,1.6088,MQTT,actuator
2025-01-23T09:22:00,124.697,24.919,5.028,11.687,1.1949,MQTT,actuator
2025-01-22T03:59:00,1027.465,40.087,6.898,92.747,1.4814,HTTPS,gateway
2025-01-22T11:46:00,29.175,60.613,0.1,0.768,4.9946,MQTT,smart_meter
2025-01-22T08:52:00,105.924,29.978,7.105,10.354,0.672,MQTT,actuator
2025-01-21T20:31:00,117.859,14.326,6.339,9.213,1.2101,MQTT,actuator
2025-01-22T04:20:00,90.235,19.293,9.366,12.469,0.397,MQTT,actuator
2025-01-22T18:36:00,58.869,20.401,1.946,1.924,0.6786,MQTT,env_sensor
2025-01-23T06:58:00,1237.047,49.635,5.444,56.469,2.9182,HTTPS,gateway
2025-01-22T09:48:00,116.274,15.489,9.74,6.326,0.4418,MQTT,actuator
2025-01-22T23:24:00,485.253,92.565,9.548,0.05,2.0748,CoAP,gateway
2025-01-22T02:31:00,71.99,25.574,2.668,7.457,0.2703,MQTT,env_sensor
2025-01-22T03:52:00,102.044,6.236,7.349,12.769,2.3505,MQTT,actuator
2025-01-21T21:53:00,118.192,15.507,8.508,12.129,1.2176,MQTT,actuator
2025-01-23T04:23:00,2370.59,48.166,6.579,31.375,1.4458,CoAP,camera
2025-01-22T20:21:00,8.0,51.584,13.264,96.201,2.3516,MQTT,gateway
2025-01-23T04:36:00,87.593,28.074,1.079,8.436,1.2021,MQTT,env_sensor
2025-01-22T23:48:00,1975.767,52.12,8.346,179.786,0.0266,HTTPS,camera
2025-01-22T05:53:00,88.009,19.909,3.825,6.076,0.1753,MQTT,actuator
2025-01-22T10:36:00,116.613,28.831,2.249,0.05,2.1875,MQTT,env_sensor
2025-01-22T19:57:00,83.667,38.79,0.49,0.94,1.1459,MQTT,env_sensor
2025-01-22T00:19:00,38.653,17.596,3.413,1.612,0.0,MQTT,env_sensor
2025-01-22T11:13:00,63.712,35.568,4.552,6.436,1.4643,MQTT,env_sensor
2025-01-21T22:58:00,27.305,240.438,4.748,0.344,4.3158,LoRaWAN,smart_meter
2025-01-23T11:06:00,1405.917,50.741,2.452,56.132,0.0,HTTPS,gateway
2025-01-23T05:55:00,108.278,13.15,2.254,8.951,0.7133,MQTT,actuator
2025-01-22T19:19:00,40.107,19.641,6.608,5.424,1.7483,MQTT,env_sensor
2025-01-23T12:30:00,2729.737,24.193,3.581,151.181,0.9333,HTTPS,camera
2025-01-22T07:35:00,1434.905,27.386,4.677,255.469,0.1586,HTTPS,camera
2025-01-22T18:59:00,28.803,146.696,1.942,0.056,4.824,LoRaWAN,smart_meter
2025-01-22T20:39:00,128.397,15.004,9.529,15.728,0.0,MQTT,actuator
2025-01-22T17:41:00,62.67,29.743,1.815,7.397,0.3767,MQTT,env_sensor
2025-01-22T17:02:00,1356.255,10.569,0.1,21.922,0.4954,HTTPS,gateway
2025-01-22T14:56:00,114.101,28.115,10.272,7.015,0.7296,MQTT,actuator
2025-01-22T08:51:00,1980.067,33.356,3.552,154.834,0.8514,HTTPS,camera
2025-01-23T10:12:00,74.683,18.546,3.026,0.05,0.1454,MQTT,actuator
2025-01-22T14:51:00,16.864,199.198,2.479,0.235,5.6345,LoRaWAN,smart_meter
2025-01-21T20:22:00,22.344,39.701,2.207,0.05,5.989,LoRaWAN,smart_meter
2025-01-23T00:10:00,62.832,16.68,5.256,4.212,1.0684,CoAP,actuator
2025-01-22T06:00:00,128.998,29.621,9.411,6.615,0.1469,MQTT,actuator
2025-01-23T11:28:00,133.717,20.698,4.36,17.067,0.4179,MQTT,actuator
2025-01-22T20:13:00,54.801,20.8,4.671,8.174,1.5881,MQTT,env_sensor
2025-01-22T13:24:00,2041.563,44.144,20.925,141.62,0.7979,HTTPS,gateway
2025-01-22T00:58:00,76.405,35.916,1.493,8.874,0.5341,MQTT,actuator
2025-01-23T03:40:00,96.21,24.876,2.79,5.376,0.5643,MQTT,env_sensor
2025-01-22T18:59:00,139.665,26.694,4.718,2.208,1.4063,MQTT,actuator
2025-01-22T07:25:00,39.37,191.531,1.595,0.363,0.0,LoRaWAN,smart_meter
2025-01-22T18:20:00,35.881,182.239,0.1,0.181,3.6024,LoRaWAN,smart_meter
2025-01-22T11:31:00,981.457,89.113,6.304,186.053,0.2331,HTTPS,camera
2025-01-22T05:45:00,43.425,176.432,2.556,0.05,6.179,LoRaWAN,smart_meter
2025-01-23T07:41:00,164.285,29.128,5.89,7.881,1.0118,MQTT,actuator
2025-01-23T13:03:00,1697.757,67.885,8.641,26.857,3.0456,HTTPS,gateway
2025-01-21T23:54:00,36.637,151.677,2.284,0.64,2.9244,LoRaWAN,smart_meter
2025-01-22T14:14:00,29.752,55.753,0.1,0.319,1.1908,MQTT,smart_meter
2025-01-23T11:18:00,70.845,15.242,3.392,7.218,0.7343,MQTT,actuator
2025-01-21T23:02:00,25.95,101.755,3.013,0.436,3.1137,LoRaWAN,smart_meter
2025-01-21T21:17:00,89.123,22.358,9.557,11.517,0.7608,MQTT,actuator
2025-01-22T20:47:00,1936.415,91.298,0.1,106.079,0.6209,HTTPS,camera
2025-01-22T06:10:00,8.0,64.157,0.1,91.696,0.0,HTTPS,gateway
2025-01-22T14:42:00,139.962,23.286,4.122,1.32,0.3246,MQTT,actuator
2025-01-22T13:33:00,92.527,14.099,8.887,11.84,1.4173,MQTT,actuator
2025-01-21T20:08:00,606.148,56.683,11.225,119.144,0.7933,HTTPS,gateway
2025-01-22T22:42:00,1902.207,107.014,6.61,119.811,0.0474,HTTPS,camera
2025-01-22T01:31:00,618.321,56.838,3.284,44.169,0.0,HTTPS,gateway
2025-01-22T19:29:00,58.292,6.085,10.396,9.102,0.5142,MQTT,actuator
2025-01-23T03:39:00,75.76,15.266,3.39,10.016,0.6309,MQTT,actuator
2025-01-23T09:21:00,1530.748,17.889,3.767,59.116,0.3675,HTTPS,gateway
2025-01-21T21:37:00,703.629,76.91,0.1,94.54,1.4676,HTTPS,gateway
2025-01-23T04:47:00,1538.528,85.652,10.281,53.738,0.3641,HTTPS,camera
2025-01-23T10:15:00,33.524,275.731,0.1,0.05,2.6218,LoRaWAN,smart_meter
2025-01-23T10:26:00,1436.502,43.367,10.867,64.022,0.8765,HTTPS,gateway
2025-01-22T21:09:00,32.206,66.523,0.121,0.438,4.6529,MQTT,smart_meter
2025-01-21T20:35:00,19.806,197.303,1.525,0.648,2.0194,LoRaWAN,smart_meter
2025-01-23T11:09:00,30.824,204.551,3.451,0.615,1.6977,LoRaWAN,smart_meter
2025-01-22T02:19:00,118.288,17.12,2.715,9.755,0.3776,MQTT,actuator
2025-01-23T01:37:00,14.883,95.359,1.925,0.474,2.9945,MQTT,smart_meter
2025-01-23T03:26:00,86.088,27.769,10.209,8.151,0.6194,MQTT,actuator
2025-01-22T22:41:00,1452.947,1.0,0.1,97.71,1.5447,HTTPS,camera
2025-01-22T19:22:00,22.922,164.448,1.126,0.474,0.9112,LoRaWAN,smart_meter
2025-01-23T03:28:00,1521.163,56.116,7.74,122.391,0.3748,HTTPS,camera
2025-01-23T08:23:00,8.0,34.091,3.802,60.532,1.4299,MQTT,gateway
2025-01-22T16:33:00,157.83,20.931,7.636,2.292,0.2935,CoAP,actuator
2025-01-23T12:07:00,25.265,95.485,0.336,0.334,6.4216,LoRaWAN,smart_meter
2025-01-23T08:34:00,808.538,36.008,12.259,25.808,2.0948,CoAP,gateway
2025-01-22T01:40:00,92.326,21.086,4.042,1.859,1.5228,MQTT,env_sensor
2025-01-22T08:54:00,1416.103,77.269,9.202,56.353,0.2591,HTTPS,camera
2025-01-22T04:19:00,8.0,74.638,3.77,94.822,1.2969,HTTPS,camera
2025-01-22T14:14:00,88.648,21.47,7.268,6.758,0.0,CoAP,actuator
2025-01-22T19:25:00,20.284,1.0,0.1,4.141,0.3838,MQTT,env_sensor
2025-01-22T19:37:00,83.096,12.997,9.289,12.618,1.4851,MQTT,actuator
2025-01-22T07:31:00,123.108,17.295,2.65,1.17,1.5411,MQTT,env_sensor
2025-01-23T13:34:00,2126.932,32.031,2.43,62.747,0.9569,HTTPS,camera
2025-01-23T13:14:00,100.929,18.96,10.158,11.81,0.7412,MQTT,actuator
2025-01-22T16:43:00,8.0,67.88,18.971,65.499,2.3998,MQTT,gateway
2025-01-23T08:57:00,18.211,148.66,1.931,0.726,6.2041,LoRaWAN,smart_meter
2025-01-23T04:00:00,8.0,186.05,1.178,0.326,0.3767,LoRaWAN,smart_meter
2025-01-21T23:04:00,765.057,47.988,11.465,57.747,1.3369,CoAP,gateway
2025-01-22T23:06:00,22.649,203.307,0.182,0.57,0.0,LoRaWAN,smart_meter
2025-01-22T22:59:00,41.402,134.255,1.099,1.269,2.4498,MQTT,smart_meter
2025-01-22T05:41:00,1268.141,74.633,1.013,65.34,1.9522,HTTPS,gateway
2025-01-22T12:38:00,49.67,16.91,7.347,2.215,1.9746,CoAP,env_sensor
2025-01-23T00:42:00,711.9,24.821,6.228,57.7,0.3531,HTTPS,gateway
2025-01-22T15:32:00,135.626,18.877,6.936,7.823,2.0407,MQTT,actuator
2025-01-23T10:03:00,263.654,46.185,19.229,55.251,0.8419,HTTPS,gateway
2025-01-23T07:56:00,23.255,264.959,1.468,0.05,1.4991,LoRaWAN,smart_meter
2025-01-23T12:44:00,86.996,33.084,1.987,5.724,0.1516,CoAP,env_sensor
2025-01-22T01:04:00,30.158,191.662,1.369,0.05,3.1417,LoRaWAN,smart_meter
2025-01-23T00:04:00,860.927,62.538,6.209,111.225,1.6636,CoAP,gateway
2025-01-23T09:52:00,785.392,42.002,11.253,96.803,0.0,HTTPS,gateway
2025-01-21T21:58:00,197.996,81.495,0.1,0.05,0.0,MQTT,camera
2025-01-22T13:04:00,74.763,20.509,1.324,3.954,1.6271,MQTT,env_sensor
2025-01-22T11:47:00,904.192,92.644,1.154,55.942,0.6696,HTTPS,camera
2025-01-23T10:05:00,28.313,165.63,1.942,0.642,4.4043,LoRaWAN,smart_meter
2025-01-23T03:45:00,20.76,26.86,2.319,2.893,3.2989,MQTT,env_sensor
2025-01-23T04:48:00,27.653,125.737,3.235,0.453,0.8472,LoRaWAN,smart_meter
2025-01-22T17:47:00,2497.784,82.708,1.178,149.905,0.61,HTTPS,camera
2025-01-21T21:51:00,2924.164,61.809,4.007,119.713,0.127,HTTPS,camera
2025-01-22T20:35:00,1213.46,41.207,5.293,126.559,0.9584,HTTPS,camera
2025-01-22T04:53:00,1312.827,69.746,4.93,161.454,0.6011,HTTPS,camera
2025-01-23T05:53:00,39.229,83.627,3.129,0.384,0.9677,LoRaWAN,smart_meter
2025-01-22T17:46:00,1040.993,42.57,10.557,136.704,0.086,HTTPS,camera
2025-01-22T12:57:00,37.605,35.013,2.155,6.845,0.9599,MQTT,env_sensor
2025-01-23T03:48:00,91.818,30.614,4.182,10.37,1.3681,MQTT,env_sensor
2025-01-22T23:49:00,68.302,14.519,0.34,10.271,2.6352,MQTT,actuator
2025-01-22T00:01:00,105.603,8.708,6.068,13.684,1.4476,CoAP,actuator
2025-01-22T09:56:00,42.674,27.843,1.528,8.143,0.1647,MQTT,env_sensor
2025-01-22T02:45:00,35.714,201.728,1.066,0.261,3.665,LoRaWAN,smart_meter
2025-01-22T10:51:00,11.666,155.8,2.005,0.415,3.0312,LoRaWAN,smart_meter
2025-01-23T02:31:00,90.556,23.16,2.753,2.286,0.0771,MQTT,env_sensor
2025-01-23T00:35:00,29.927,186.972,4.097,0.773,0.4537,LoRaWAN,smart_meter
2025-01-23T10:09:00,1081.312,56.719,9.283,28.207,0.8032,HTTPS,gateway
2025-01-23T05:05:00,517.084,57.785,11.245,108.627,1.1329,CoAP,gateway
2025-01-22T19:06:00,22.684,155.585,0.536,0.696,5.1222,LoRaWAN,smart_meter
2025-01-23T08:50:00,2817.236,62.868,0.1,104.656,0.8497,HTTPS,camera
2025-01-22T02:13:00,853.955,57.009,0.431,46.105,0.2641,HTTPS,gateway
2025-01-22T22:34:00,25.934,201.409,1.581,0.847,1.1709,LoRaWAN,smart_meter
2025-01-22T02:22:00,1263.611,56.43,3.897,2.617,1.1033,MQTT,gateway
2025-01-22T10:51:00,1338.164,68.526,14.229,84.195,0.6939,HTTPS,gateway
2025-01-23T12:04:00,31.452,176.57,0.1,0.492,3.581,LoRaWAN,smart_meter
2025-01-22T15:07:00,109.644,8.724,6.072,7.932,0.8392,MQTT,actuator
2025-01-23T00:39:00,744.53,27.804,7.588,107.584,1.465,CoAP,camera
2025-01-22T00:48:00,2252.24,38.792,1.885,24.748,0.3633,HTTPS,gateway
2025-01-21T20:15:00,537.386,54.207,2.684,17.611,0.4015,HTTPS,gateway
2025-01-22T13:43:00,54.696,23.082,3.286,10.677,0.0,MQTT,env_sensor
2025-01-22T10:25:00,44.143,330.143,0.139,0.391,1.2223,LoRaWAN,smart_meter
2025-01-21T23:29:00,136.697,15.23,2.384,4.158,1.4792,MQTT,actuator
2025-01-22T09:06:00,69.5,5.818,3.125,4.618,0.3799,MQTT,actuator
2025-01-22T11:14:00,112.096,14.729,8.975,10.707,0.4262,MQTT,actuator
2025-01-22T04:41:00,149.58,19.431,2.814,11.21,0.6159,MQTT,actuator
2025-01-23T04:35:00,1222.621,61.901,4.125,104.719,0.0,HTTPS,gateway
2025-01-22T06:28:00,1681.793,46.64,11.407,58.484,1.5328,HTTPS,gateway
2025-01-22T01:10:00,9.595,198.133,3.55,1.032,2.8514,MQTT,smart_meter
2025-01-21T20:11:00,117.212,17.822,3.385,1.96,0.4457,MQTT,actuator
2025-01-22T03:03:00,109.104,16.296,3.839,1.53,0.2543,MQTT,actuator
2025-01-22T03:30:00,83.845,8.61,8.259,10.82,1.5603,MQTT,actuator
2025-01-23T01:49:00,246.481,19.374,2.206,97.15,0.6282,MQTT,gateway
2025-01-23T00:08:00,2133.508,31.991,4.934,162.835,1.1614,HTTPS,camera
2025-01-22T22:02:00,2313.08,65.192,7.393,142.238,0.0,HTTPS,camera
2025-01-22T15:58:00,2125.33,85.35,5.581,65.681,0.4083,HTTPS,camera
2025-01-21T21:59:00,80.365,9.866,9.775,15.008,0.8733,CoAP,actuator
2025-01-23T04:46:00,8.0,44.221,2.792,0.05,0.2452,LoRaWAN,env_sensor
2025-01-21T22:30:00,141.484,39.637,9.009,5.612,1.2241,MQTT,actuator
2025-01-22T00:32:00,2358.859,26.754,0.612,114.797,0.4457,HTTPS,camera
2025-01-22T19:03:00,49.101,31.543,4.317,4.652,2.5628,MQTT,env_sensor
2025-01-23T06:24:00,1497.165,50.671,6.674,141.542,1.2101,HTTPS,camera
2025-01-23T01:32:00,694.177,90.752,2.1,156.58,1.0185,HTTPS,camera
2025-01-23T12:27:00,66.02,28.963,3.225,6.416,2.5138,MQTT,env_sensor
2025-01-23T10:37:00,507.139,81.191,0.1,176.166,0.5652,HTTPS,camera
2025-01-23T09:33:00,440.686,47.794,12.97,11.58,3.0619,CoAP,gateway
2025-01-23T04:38:00,26.984,289.46,2.924,0.13,6.2152,LoRaWAN,smart_meter
2025-01-23T02:52:00,93.756,6.949,1.915,9.07,0.625,MQTT,actuator
2025-01-23T11:02:00,103.709,17.514,7.731,3.035,0.46,MQTT,actuator
2025-01-22T01:16:00,129.222,23.725,3.319,3.987,0.1396,MQTT,actuator
2025-01-22T19:15:00,1098.878,52.727,5.09,106.183,0.0,HTTPS,gateway
2025-01-22T14:29:00,1746.143,78.836,0.1,31.673,1.6754,MQTT,gateway
2025-01-22T21:19:00,126.312,17.728,8.228,5.804,0.0,CoAP,actuator
2025-01-22T19:03:00,1157.115,41.543,10.607,75.032,0.8843,HTTPS,gateway
2025-01-21T20:26:00,57.457,49.955,2.705,5.324,3.3753,MQTT,env_sensor
2025-01-22T21:53:00,43.426,179.325,2.278,0.463,1.898,MQTT,smart_meter
2025-01-22T17:50:00,165.431,29.711,4.075,13.889,0.8738,MQTT,actuator
2025-01-21T23:43:00,1208.786,90.292,2.772,109.004,0.5064,HTTPS,camera
2025-01-22T18:38:00,109.721,17.735,6.228,7.373,0.3171,MQTT,actuator
2025-01-22T21:47:00,59.996,22.525,2.45,10.303,0.0,MQTT,env_sensor
2025-01-23T13:35:00,1132.632,63.307,0.21,56.596,1.0237,HTTPS,gateway
2025-01-22T01:49:00,106.204,21.489,2.732,15.284,1.6254,MQTT,actuator
2025-01-23T10:05:00,65.06,22.546,0.1,0.05,0.5809,MQTT,env_sensor
2025-01-21T21:27:00,59.877,27.877,4.275,8.683,0.762,MQTT,env_sensor
2025-01-21T23:27:00,1041.75,50.341,4.108,160.674,1.5713,HTTPS,camera
2025-01-22T02:48:00,128.242,21.317,5.312,12.486,0.4536,MQTT,actuator
2025-01-22T22:58:00,1256.385,44.397,2.07,168.215,0.0,HTTPS,camera
2025-01-22T12:40:00,943.81,14.051,2.038,9.301,0.0,MQTT,gateway
2025-01-22T17:17:00,25.159,139.664,2.667,0.669,6.9423,LoRaWAN,smart_meter
2025-01-22T09:32:00,72.982,14.536,4.504,1.295,1.2033,MQTT,env_sensor
2025-01-22T00:14:00,24.714,111.708,4.701,0.412,0.0,LoRaWAN,smart_meter
2025-01-23T06:53:00,1735.824,78.726,3.182,187.04,0.6697,HTTPS,camera
2025-01-22T15:38:00,56.013,39.589,2.371,1.549,1.2426,MQTT,env_sensor
2025-01-23T11:43:00,130.233,17.449,3.015,0.05,0.7654,MQTT,actuator
2025-01-22T18:58:00,50.651,28.272,2.495,3.601,0.7034,MQTT,actuator
2025-01-22T03:25:00,45.732,27.892,4.258,5.987,1.3982,MQTT,env_sensor
2025-01-22T11:16:00,1977.213,75.649,4.103,24.218,0.4481,HTTPS,camera
2025-01-23T05:20:00,90.508,57.662,3.531,1.115,2.3445,MQTT,env_sensor
2025-01-22T23:05:00,1715.049,46.543,3.0,115.959,0.5162,HTTPS,camera
2025-01-22T15:19:00,62.405,44.255,4.901,5.29,2.0492,MQTT,env_sensor
2025-01-23T09:13:00,101.608,10.572,11.391,6.035,0.7126,MQTT,actuator
2025-01-22T17:04:00,109.869,15.739,3.838,7.55,0.142,MQTT,actuator
2025-01-23T02:33:00,35.737,256.063,6.028,0.539,4.2181,LoRaWAN,smart_meter
2025-01-23T05:35:00,103.53,23.625,4.969,3.132,0.1548,MQTT,actuator
2025-01-23T13:22:00,135.008,14.578,8.078,11.136,1.9643,MQTT,actuator
2025-01-23T05:49:00,2288.487,47.787,4.187,87.656,0.0,HTTPS,camera
2025-01-23T10:52:00,66.564,42.134,2.217,3.441,1.3167,MQTT,env_sensor
2025-01-22T16:04:00,31.334,172.46,3.953,0.537,3.0558,LoRaWAN,smart_meter
2025-01-21T21:20:00,740.455,39.796,4.936,29.576,1.282,MQTT,gateway
2025-01-22T06:34:00,1262.98,49.547,1.693,66.287,1.4779,HTTPS,gateway
2025-01-23T06:35:00,100.465,26.43,9.363,12.27,2.0955,CoAP,actuator
2025-01-23T01:41:00,93.366,15.255,0.486,7.035,0.4315,MQTT,env_sensor
2025-01-23T07:09:00,1981.976,56.425,6.444,124.294,0.9392,HTTPS,gateway
2025-01-22T17:13:00,26.287,9.486,0.1,1.778,0.444,MQTT,env_sensor
2025-01-22T20:16:00,23.299,223.244,3.159,0.863,4.8907,LoRaWAN,smart_meter
2025-01-22T15:02:00,18.556,228.432,3.636,0.05,2.1759,LoRaWAN,smart_meter
2025-01-22T06:44:00,128.038,10.593,6.077,5.348,0.9396,MQTT,actuator
2025-01-23T10:23:00,2230.135,76.52,2.018,45.42,1.5992,HTTPS,camera
2025-01-22T19:10:00,1040.007,38.054,10.147,74.56,1.7672,HTTPS,gateway
2025-01-22T09:00:00,237.791,99.975,5.538,138.264,1.1088,CoAP,camera
2025-01-21T21:38:00,55.106,30.903,8.385,17.22,1.0015,MQTT,actuator
2025-01-23T04:28:00,1415.017,92.093,5.808,141.973,0.5969,HTTPS,camera
2025-01-23T04:34:00,950.018,69.412,3.332,1.662,0.2185,HTTPS,camera
2025-01-22T07:18:00,393.756,33.977,12.629,56.963,0.7101,HTTPS,gateway
2025-01-23T00:37:00,156.758,24.527,6.681,2.765,0.111,MQTT,actuator
2025-01-22T20:19:00,25.349,189.391,1.645,0.05,1.7852,LoRaWAN,smart_meter
2025-01-23T09:50:00,36.45,213.669,2.258,0.333,0.6928,LoRaWAN,smart_meter
2025-01-22T02:17:00,86.993,16.016,4.676,0.05,0.5381,MQTT,env_sensor
2025-01-23T05:09:00,1213.773,1.0,1.494,2.317,2.0264,MQTT,gateway
2025-01-22T17:13:00,172.857,14.278,3.951,5.157,0.5879,MQTT,actuator
2025-01-23T13:36:00,113.988,24.868,9.082,6.831,0.0,MQTT,actuator
2025-01-23T08:15:00,53.114,11.492,5.843,3.522,0.0,MQTT,env_sensor
2025-01-23T12:45:00,68.06,24.085,4.351,2.492,0.0,MQTT,env_sensor
2025-01-23T10:51:00,107.474,19.39,6.064,5.552,0.5941,MQTT,actuator
2025-01-22T12:31:00,160.313,20.427,0.1,9.334,0.4419,MQTT,actuator
2025-01-23T03:45:00,150.772,13.398,8.442,7.821,1.0401,CoAP,actuator
2025-01-21T21:24:00,133.518,15.338,7.269,6.161,0.2574,MQTT,actuator
2025-01-23T00:07:00,112.415,26.584,8.998,9.829,0.7949,MQTT,actuator
2025-01-23T09:11:00,79.903,22.958,1.308,9.418,1.0897,MQTT,actuator
2025-01-23T10:03:00,118.387,33.294,8.899,0.848,1.3795,CoAP,actuator
2025-01-22T11:48:00,375.579,40.942,0.1,0.05,0.7244,HTTPS,gateway
2025-01-23T07:55:00,10.151,297.59,3.994,0.05,2.4474,LoRaWAN,smart_meter
2025-01-22T09:59:00,147.697,26.615,5.174,6.87,0.6868,MQTT,actuator
2025-01-21T21:04:00,68.565,27.368,2.372,5.926,0.0,MQTT,env_sensor
2025-01-23T12:04:00,100.434,27.218,4.955,2.585,0.9101,MQTT,actuator
2025-01-22T03:46:00,1239.522,84.115,1.263,124.796,0.4532,HTTPS,camera
2025-01-22T11:48:00,81.392,19.324,0.1,3.114,1.7053,MQTT,env_sensor
2025-01-23T11:23:00,141.794,15.454,4.778,9.098,1.1532,MQTT,actuator
2025-01-22T07:56:00,36.145,128.985,1.909,0.552,5.6922,LoRaWAN,smart_meter
2025-01-23T01:15:00,26.983,208.63,4.076,1.006,2.2226,MQTT,smart_meter
2025-01-23T10:53:00,100.762,31.699,10.662,5.606,0.091,CoAP,actuator
2025-01-22T05:10:00,18.878,110.312,2.393,0.637,5.6031,LoRaWAN,smart_meter
2025-01-22T13:24:00,38.105,286.486,3.206,1.096,1.8571,MQTT,smart_meter
2025-01-22T23:08:00,94.634,1.725,7.107,8.217,0.2425,MQTT,env_sensor
2025-01-22T00:53:00,34.421,35.101,6.875,6.918,0.7731,CoAP,env_sensor
2025-01-22T12:08:00,1608.89,74.414,2.658,176.787,0.8227,HTTPS,camera
2025-01-23T12:56:00,146.562,10.408,1.964,7.619,0.4693,MQTT,actuator
2025-01-23T01:56:00,22.976,143.9,2.17,0.623,4.4638,LoRaWAN,smart_meter
2025-01-23T13:26:00,173.086,22.54,8.85,12.679,1.6822,MQTT,actuator
2025-01-21T21:44:00,1790.567,74.625,1.32,21.64,0.9706,HTTPS,camera
2025-01-23T00:54:00,21.629,238.896,0.1,0.513,6.0789,LoRaWAN,smart_meter
2025-01-23T08:53:00,1481.299,44.158,0.916,119.235,0.3679,HTTPS,camera
2025-01-22T21:16:00,1343.664,81.394,0.1,112.319,0.7869,HTTPS,camera
2025-01-23T06:03:00,62.367,24.145,5.336,9.345,1.9658,MQTT,env_sensor
2025-01-22T08:11:00,93.792,24.354,7.663,6.284,1.3709,MQTT,actuator
2025-01-21T20:45:00,849.778,52.081,4.095,69.115,0.4623,HTTPS,gateway
2025-01-23T07:58:00,608.731,67.835,5.234,50.005,0.9095,HTTPS,gateway
2025-01-23T06:06:00,505.381,32.472,11.675,112.154,1.1731,CoAP,gateway
2025-01-23T04:43:00,108.782,10.166,10.461,12.776,0.8596,MQTT,actuator
2025-01-23T08:53:00,58.635,45.019,4.227,4.243,0.5352,MQTT,env_sensor
2025-01-22T14:06:00,30.993,103.807,0.985,0.481,4.5667,LoRaWAN,smart_meter
2025-01-22T03:21:00,30.19,118.731,0.1,0.05,2.6045,LoRaWAN,smart_meter
2025-01-22T16:12:00,33.104,165.689,3.241,0.129,3.0473,LoRaWAN,smart_meter
2025-01-22T18:28:00,1346.203,67.354,7.732,74.355,1.2626,HTTPS,gateway
2025-01-23T08:02:00,72.51,24.936,5.326,0.897,1.5787,MQTT,env_sensor
2025-01-22T22:35:00,35.889,15.719,3.285,6.209,0.385,MQTT,actuator
2025-01-22T13:13:00,45.025,42.152,1.688,8.153,0.0796,MQTT,env_sensor
2025-01-23T06:15:00,553.475,18.314,9.35,45.342,0.5495,CoAP,gateway
2025-01-22T15:32:00,36.423,198.038,0.1,0.674,1.0735,LoRaWAN,smart_meter
2025-01-22T09:26:00,117.48,16.849,0.1,6.37,1.9647,MQTT,actuator
2025-01-23T09:05:00,14.616,91.308,2.639,0.202,2.7632,MQTT,smart_meter
2025-01-22T21:07:00,113.629,17.347,5.161,10.943,0.6849,MQTT,actuator
2025-01-22T00:39:00,100.923,14.269,11.738,1.742,1.0563,CoAP,actuator
2025-01-23T10:44:00,96.312,35.435,0.1,4.656,0.0,MQTT,env_sensor
2025-01-22T09:54:00,25.754,180.484,2.086,0.364,6.9608,LoRaWAN,smart_meter
2025-01-23T05:52:00,1854.864,34.554,5.006,170.736,0.0,HTTPS,camera
2025-01-22T14:22:00,22.094,154.705,0.396,0.148,4.1114,LoRaWAN,smart_meter
2025-01-22T19:50:00,1487.373,69.442,5.37,16.833,0.1313,HTTPS,gateway
2025-01-22T18:34:00,61.891,22.412,1.333,4.781,0.0,MQTT,env_sensor
2025-01-22T06:56:00,3345.718,12.119,0.1,0.05,1.1769,HTTPS,camera
2025-01-22T09:41:00,33.567,206.441,1.283,1.045,0.3769,MQTT,smart_meter
2025-01-21T20:19:00,52.53,46.415,2.496,5.002,1.5271,MQTT,env_sensor
2025-01-22T04:45:00,61.789,25.352,5.048,6.378,1.7851,MQTT,env_sensor
2025-01-22T03:44:00,58.351,29.657,2.751,0.05,1.2167,MQTT,env_sensor
2025-01-22T22:47:00,70.19,22.569,1.107,8.163,1.337,MQTT,env_sensor
2025-01-21T21:05:00,83.952,1.0,5.79,3.302,1.6011,MQTT,env_sensor
2025-01-22T12:06:00,18.435,83.252,1.294,0.573,0.964,LoRaWAN,smart_meter
2025-01-23T10:07:00,98.658,16.673,3.348,5.284,2.1772,MQTT,env_sensor
2025-01-23T05:41:00,30.41,130.021,2.52,0.645,2.0589,LoRaWAN,smart_meter
2025-01-22T08:05:00,39.522,14.348,2.326,5.672,0.0,MQTT,env_sensor
2025-01-21T20:55:00,33.723,149.756,1.825,0.397,5.1323,LoRaWAN,smart_meter
2025-01-23T07:41:00,269.802,44.155,7.594,82.293,1.1176,CoAP,gateway
2025-01-23T04:04:00,58.38,21.472,3.507,0.809,0.3866,MQTT,env_sensor
2025-01-23T01:46:00,1010.66,40.263,3.616,121.667,0.8466,HTTPS,camera
2025-01-23T00:45:00,186.321,27.961,9.966,12.346,1.2393,MQTT,actuator
2025-01-22T21:09:00,612.854,39.742,5.665,28.543,1.1569,CoAP,gateway
2025-01-22T06:45:00,629.054,42.578,3.095,61.47,1.5519,HTTPS,gateway
2025-01-21T23:32:00,56.266,29.051,1.381,4.342,1.9605,MQTT,env_sensor
2025-01-22T09:44:00,166.671,24.544,1.557,4.036,1.4211,MQTT,actuator
2025-01-22T03:09:00,77.676,12.971,2.892,4.181,2.3669,MQTT,env_sensor
2025-01-23T01:21:00,116.06,18.316,7.277,7.332,0.5284,MQTT,actuator
2025-01-22T02:55:00,184.427,72.753,11.891,28.235,0.4935,CoAP,gateway
2025-01-23T00:09:00,25.498,62.955,2.412,0.531,0.3367,HTTPS,smart_meter
2025-01-22T05:34:00,23.812,16.074,2.442,2.69,0.4101,MQTT,env_sensor
2025-01-22T01:28:00,102.491,8.686,3.418,2.032,1.5651,MQTT,actuator
2025-01-22T06:15:00,1646.752,67.706,2.233,161.609,0.6302,HTTPS,camera
2025-01-22T02:01:00,19.815,218.422,3.444,0.079,0.3004,LoRaWAN,smart_meter
2025-01-22T06:28:00,2184.012,3.026,2.128,168.614,0.7653,HTTPS,camera
2025-01-23T03:55:00,12.648,350.956,2.806,0.48,5.9115,LoRaWAN,smart_meter
2025-01-22T04:33:00,2953.515,59.225,2.921,84.075,0.3807,HTTPS,camera
2025-01-23T09:15:00,784.26,62.841,17.256,27.233,1.3515,CoAP,gateway
2025-01-22T07:32:00,669.175,64.781,0.466,24.842,2.2625,CoAP,gateway
2025-01-23T06:39:00,27.248,55.655,2.584,0.407,3.7601,MQTT,smart_meter
2025-01-23T10:05:00,966.322,69.854,7.374,51.059,0.7578,HTTPS,gateway
2025-01-22T19:58:00,1421.011,46.905,6.855,170.848,0.2233,HTTPS,camera
2025-01-22T23:24:00,927.543,23.742,0.256,164.495,1.3778,MQTT,camera
2025-01-23T13:24:00,158.576,46.572,14.91,66.462,0.6558,HTTPS,gateway
2025-01-22T22:17:00,80.421,25.988,4.611,6.493,1.0454,MQTT,actuator
2025-01-22T03:27:00,404.814,39.38,6.155,93.253,0.9078,HTTPS,camera
2025-01-21T22:57:00,270.075,70.771,4.298,201.382,1.665,HTTPS,camera
2025-01-22T14:17:00,53.301,10.025,4.679,14.858,1.1293,MQTT,actuator
2025-01-22T21:52:00,136.696,22.493,0.89,4.354,0.1444,MQTT,env_sensor
2025-01-21T23:45:00,1157.81,78.456,6.611,39.763,1.228,CoAP,camera
2025-01-22T17:10:00,11.012,155.925,3.52,0.559,2.0278,LoRaWAN,smart_meter
2025-01-23T12:01:00,917.698,20.784,8.997,21.557,2.0558,CoAP,gateway
2025-01-22T23:18:00,22.978,136.497,0.908,0.501,0.8677,LoRaWAN,smart_meter
2025-01-22T08:00:00,52.013,25.8,3.843,2.35,2.4137,MQTT,env_sensor
2025-01-22T13:34:00,3073.37,45.539,5.513,157.671,0.8239,HTTPS,camera
2025-01-23T04:01:00,29.719,54.084,2.58,1.067,3.8623,MQTT,smart_meter
2025-01-23T10:58:00,76.292,17.264,3.086,7.997,0.318,MQTT,env_sensor
2025-01-23T13:10:00,99.346,86.299,2.786,48.22,2.3976,MQTT,gateway
2025-01-21T23:16:00,1139.336,43.387,8.33,39.23,1.0557,MQTT,gateway
2025-01-21T22:23:00,24.688,219.92,3.689,0.337,1.8931,LoRaWAN,smart_meter
2025-01-22T03:30:00,32.777,66.594,1.276,0.05,4.1085,LoRaWAN,smart_meter
2025-01-23T07:24:00,19.548,160.927,0.1,0.066,3.4658,LoRaWAN,smart_meter
2025-01-22T13:29:00,34.721,196.728,3.523,0.521,0.5961,LoRaWAN,smart_meter
2025-01-23T10:33:00,1017.887,43.211,6.534,140.64,0.0203,HTTPS,camera
2025-01-22T15:51:00,2012.156,84.147,2.184,44.262,0.3291,HTTPS,camera
2025-01-23T07:53:00,105.078,34.017,3.292,13.483,0.5431,MQTT,env_sensor
2025-01-22T04:26:00,125.38,11.729,5.529,0.756,1.3467,CoAP,actuator
2025-01-22T16:39:00,1853.376,44.586,7.017,140.461,0.1081,HTTPS,camera
2025-01-22T05:30:00,1959.245,32.545,9.044,73.248,0.1625,HTTPS,camera
2025-01-23T01:12:00,137.03,21.656,3.879,2.763,2.1672,MQTT,actuator
2025-01-23T11:33:00,1312.084,36.334,8.568,43.371,0.0,HTTPS,gateway
2025-01-22T07:42:00,23.699,223.985,0.1,0.512,2.0278,LoRaWAN,smart_meter
2025-01-22T10:55:00,31.719,236.218,2.229,0.502,5.3221,LoRaWAN,smart_meter
2025-01-23T11:52:00,26.641,61.372,2.583,0.153,6.0326,LoRaWAN,smart_meter
2025-01-22T23:30:00,32.35,173.965,3.949,0.127,1.8505,LoRaWAN,smart_meter
2025-01-22T03:39:00,1478.811,54.507,4.908,145.452,1.2258,HTTPS,camera
2025-01-22T19:50:00,481.614,69.182,7.034,77.966,0.8353,HTTPS,camera
2025-01-22T03:28:00,94.912,14.788,2.969,5.841,0.4217,MQTT,env_sensor
2025-01-22T02:11:00,66.406,9.951,9.039,7.458,0.6677,MQTT,actuator
2025-01-22T04:44:00,2662.077,40.916,1.975,116.475,0.8927,HTTPS,camera
2025-01-22T02:26:00,26.15,18.298,3.98,1.869,0.6571,MQTT,env_sensor
2025-01-23T08:22:00,60.301,36.546,4.682,4.775,0.34,MQTT,env_sensor
2025-01-23T10:45:00,20.106,123.058,1.614,0.263,1.8521,LoRaWAN,smart_meter
2025-01-22T06:13:00,94.211,48.096,4.068,0.05,1.4519,MQTT,env_sensor
2025-01-23T04:47:00,50.985,26.97,3.303,7.173,0.7791,MQTT,env_sensor
2025-01-22T14:06:00,92.271,26.37,4.004,0.784,0.6385,MQTT,actuator
2025-01-23T00:25:00,58.288,7.029,8.143,10.717,0.0,MQTT,actuator
2025-01-23T09:10:00,30.182,181.977,2.9,0.4,0.1525,LoRaWAN,smart_meter
2025-01-21T20:45:00,144.337,14.655,2.017,8.273,0.6834,MQTT,actuator
2025-01-23T12:31:00,82.952,18.01,12.14,11.49,0.0,MQTT,actuator
2025-01-23T12:45:00,14.543,215.04,2.445,0.474,3.3903,LoRaWAN,smart_meter
2025-01-22T16:40:00,52.069,21.699,2.829,3.699,1.8528,MQTT,env_sensor
2025-01-22T03:40:00,115.217,30.53,2.533,2.844,1.3533,MQTT,env_sensor
2025-01-22T06:48:00,1143.96,53.662,4.2,149.548,1.1804,HTTPS,camera
2025-01-23T07:09:00,124.536,26.984,7.439,17.549,0.7362,MQTT,actuator
2025-01-23T11:07:00,49.136,16.847,1.508,4.058,2.1265,MQTT,env_sensor
2025-01-23T06:28:00,126.262,13.341,8.2,3.541,1.0813,MQTT,actuator
2025-01-23T08:45:00,1676.545,70.242,4.948,48.05,0.2868,HTTPS,camera
2025-01-23T09:06:00,1283.062,73.055,0.1,129.323,0.774,HTTPS,camera
2025-01-23T06:12:00,328.115,66.925,12.104,56.706,1.0587,CoAP,gateway
2025-01-22T18:30:00,87.927,39.649,4.978,7.036,0.7194,MQTT,env_sensor
2025-01-23T00:49:00,27.149,143.742,2.369,0.336,4.9074,LoRaWAN,smart_meter
2025-01-22T18:35:00,99.042,31.453,7.868,4.286,0.0,CoAP,actuator
2025-01-22T12:24:00,1315.647,48.028,4.98,184.447,0.2553,HTTPS,camera
2025-01-22T05:41:00,129.836,4.926,1.922,3.231,0.4059,MQTT,actuator
2025-01-22T10:34:00,46.094,16.889,4.498,5.892,1.07,MQTT,env_sensor
2025-01-23T09:04:00,524.416,32.217,13.417,82.538,1.5032,CoAP,gateway
2025-01-23T10:44:00,39.587,142.289,1.1,0.592,3.806,LoRaWAN,smart_meter
2025-01-23T04:27:00,80.918,1.0,0.531,3.75,3.9962,MQTT,env_sensor
2025-01-23T02:56:00,44.789,29.23,4.041,4.084,1.7995,MQTT,env_sensor
2025-01-22T13:46:00,119.48,18.65,6.925,4.994,0.0,MQTT,actuator
2025-01-22T03:17:00,24.674,191.101,2.381,0.182,2.5457,LoRaWAN,smart_meter
2025-01-23T11:53:00,48.262,23.581,6.865,4.975,1.2904,MQTT,actuator
2025-01-21T20:17:00,595.584,52.937,4.903,22.254,1.9354,MQTT,gateway
2025-01-22T07:49:00,1824.883,25.827,0.1,115.385,0.0,HTTPS,camera
2025-01-22T22:53:00,134.032,16.151,6.586,4.806,1.417,MQTT,actuator
2025-01-22T01:17:00,1453.549,7.002,14.964,62.666,2.5467,HTTPS,gateway
2025-01-22T04:29:00,1850.361,50.067,3.594,200.044,0.0,HTTPS,camera
2025-01-23T02:43:00,1743.884,80.676,0.1,100.122,0.2331,HTTPS,camera
2025-01-22T09:22:00,126.974,7.952,4.894,6.78,0.0837,MQTT,actuator
2025-01-22T09:55:00,30.965,246.269,0.748,0.566,1.4148,LoRaWAN,smart_meter
2025-01-22T21:20:00,98.715,45.099,10.812,0.05,0.0599,CoAP,actuator
2025-01-22T03:44:00,154.314,9.792,4.476,5.961,2.01,MQTT,actuator
2025-01-22T03:48:00,140.5,22.649,7.088,9.566,1.2941,MQTT,actuator
2025-01-22T21:58:00,1482.556,20.625,2.438,67.187,0.0,HTTPS,gateway
2025-01-23T12:13:00,63.775,25.808,2.647,7.212,2.8333,MQTT,env_sensor
2025-01-22T22:09:00,437.957,66.599,4.482,88.665,0.3766,HTTPS,gateway
2025-01-21T21:26:00,73.014,18.908,3.291,5.239,1.1771,MQTT,actuator
2025-01-22T23:58:00,209.629,4.553,15.09,72.671,1.0286,MQTT,gateway
2025-01-22T17:31:00,21.955,230.706,2.956,0.05,3.4125,LoRaWAN,smart_meter
2025-01-22T13:16:00,43.534,6.608,0.654,0.304,0.6515,HTTPS,env_sensor
2025-01-23T01:18:00,72.915,14.87,6.276,11.187,0.5737,MQTT,actuator
2025-01-23T04:07:00,1853.537,74.557,8.227,194.541,0.461,HTTPS,camera
2025-01-22T12:56:00,37.16,124.71,1.065,0.589,4.4465,LoRaWAN,smart_meter
2025-01-22T10:06:00,70.233,36.905,0.592,4.45,0.0991,MQTT,env_sensor
2025-01-22T07:44:00,71.799,25.436,6.127,3.302,0.8967,MQTT,env_sensor
2025-01-22T13:33:00,3223.297,32.69,6.284,94.608,1.2975,HTTPS,camera
2025-01-22T17:12:00,35.439,123.791,0.116,0.436,3.2266,LoRaWAN,smart_meter
2025-01-22T09:18:00,15.953,226.132,0.354,0.394,0.6157,LoRaWAN,smart_meter
2025-01-22T04:51:00,1134.696,54.046,2.767,86.229,0.0,HTTPS,camera
2025-01-22T17:58:00,370.611,29.669,7.723,0.05,0.0,CoAP,gateway
2025-01-22T21:40:00,356.112,38.294,15.077,30.314,0.4904,CoAP,gateway
2025-01-22T16:02:00,1748.173,106.284,0.1,138.341,0.5896,HTTPS,camera
2025-01-22T00:15:00,22.144,166.493,3.354,0.219,3.8094,LoRaWAN,smart_meter
2025-01-22T07:46:00,28.052,189.771,0.1,0.127,2.1442,LoRaWAN,smart_meter
2025-01-23T01:11:00,971.864,14.012,13.941,22.826,0.0,CoAP,gateway
2025-01-23T11:56:00,114.874,42.83,4.831,4.078,0.363,MQTT,actuator
2025-01-23T12:51:00,81.964,27.038,5.818,0.961,0.1237,MQTT,actuator
2025-01-22T09:37:00,1111.518,15.844,5.501,109.8,0.1746,HTTPS,camera
2025-01-21T20:19:00,853.235,41.133,1.146,132.662,0.4234,HTTPS,camera
2025-01-23T05:11:00,60.158,36.158,8.688,14.321,0.0,CoAP,actuator
2025-01-22T18:39:00,63.774,30.833,4.917,4.368,1.4234,MQTT,env_sensor
2025-01-22T16:14:00,657.748,1.0,9.138,54.961,2.3681,CoAP,gateway
2025-01-23T12:45:00,794.04,31.064,9.532,70.01,0.2939,HTTPS,gateway
2025-01-23T08:05:00,139.862,25.186,3.602,8.005,0.0,MQTT,actuator
2025-01-23T09:36:00,29.297,198.527,0.1,0.05,1.6717,LoRaWAN,smart_meter
2025-01-22T11:31:00,31.739,281.719,0.34,0.185,5.7354,LoRaWAN,smart_meter
2025-01-22T15:08:00,2488.751,75.757,6.29,94.131,0.1867,HTTPS,camera
2025-01-22T19:19:00,510.02,38.95,5.39,97.945,1.2888,CoAP,gateway
2025-01-23T09:54:00,103.356,23.196,3.86,7.433,0.8336,MQTT,actuator
2025-01-21T20:20:00,27.642,188.984,4.315,0.567,5.7092,LoRaWAN,smart_meter
2025-01-22T20:07:00,67.518,12.903,6.223,2.809,1.5709,MQTT,env_sensor
2025-01-23T02:37:00,104.809,14.422,4.341,7.839,2.1833,MQTT,actuator
2025-01-23T12:15:00,33.223,188.711,0.1,0.863,6.3842,LoRaWAN,smart_meter
2025-01-22T23:07:00,68.414,31.006,3.723,5.046,2.0024,MQTT,env_sensor
2025-01-22T04:56:00,50.858,16.109,3.031,0.05,1.8802,MQTT,env_sensor
2025-01-22T00:48:00,941.657,73.998,3.224,120.051,0.0,HTTPS,camera
2025-01-22T12:48:00,95.269,13.873,0.225,6.941,1.1592,MQTT,actuator
2025-01-21T22:14:00,52.82,33.78,3.337,1.013,0.1292,MQTT,env_sensor
2025-01-23T12:12:00,92.096,28.448,2.101,8.102,2.2787,MQTT,env_sensor
2025-01-23T02:11:00,56.557,10.668,4.908,6.037,0.0,MQTT,env_sensor
2025-01-22T01:47:00,28.514,137.827,1.144,0.936,3.029,LoRaWAN,smart_meter
2025-01-21T23:22:00,30.98,250.823,0.256,0.497,3.6815,LoRaWAN,smart_meter
2025-01-23T11:51:00,15.162,151.103,3.115,0.202,4.733,LoRaWAN,smart_meter
2025-01-21T22:18:00,44.064,190.185,2.976,0.05,6.7836,LoRaWAN,smart_meter
2025-01-23T03:04:00,757.337,50.068,9.677,57.921,0.0,HTTPS,gateway
2025-01-23T00:30:00,2397.661,47.041,2.871,91.402,0.0,HTTPS,camera
2025-01-22T17:55:00,1602.25,26.23,11.606,119.677,1.007,HTTPS,gateway
2025-01-23T10:22:00,75.98,11.069,1.385,7.234,1.9926,MQTT,env_sensor
2025-01-22T06:43:00,154.739,27.918,5.741,17.487,0.1256,MQTT,actuator
2025-01-23T10:55:00,121.941,27.562,9.47,4.317,1.0501,MQTT,actuator
2025-01-22T15:27:00,148.568,19.296,4.482,14.63,0.8086,MQTT,actuator
2025-01-23T00:01:00,941.345,59.485,14.54,27.201,0.5966,CoAP,gateway
2025-01-22T16:13:00,87.055,4.75,3.905,3.668,1.078,MQTT,env_sensor
2025-01-22T07:10:00,70.111,1.0,2.924,3.614,2.8717,MQTT,env_sensor
2025-01-22T01:57:00,1227.803,48.928,11.96,43.187,0.0,HTTPS,gateway
2025-01-22T19:04:00,1860.985,62.691,0.971,122.454,1.0247,HTTPS,camera
2025-01-22T03:03:00,34.433,135.444,2.13,0.494,5.0586,LoRaWAN,smart_meter
2025-01-22T04:20:00,1805.512,23.681,4.473,11.035,1.1952,MQTT,camera
2025-01-21T23:24:00,1097.517,52.857,6.885,87.995,0.0,HTTPS,gateway
2025-01-21T20:01:00,41.383,101.784,2.687,0.05,4.3239,LoRaWAN,smart_meter
2025-01-23T05:19:00,34.38,138.029,0.1,0.05,4.3955,LoRaWAN,smart_meter
2025-01-23T12:10:00,42.571,185.482,2.237,0.662,2.1757,LoRaWAN,smart_meter
2025-01-23T09:25:00,51.927,186.399,0.1,0.335,5.2107,LoRaWAN,smart_meter
2025-01-22T05:34:00,108.842,17.405,9.603,11.199,1.3818,MQTT,actuator
2025-01-23T12:01:00,728.985,62.109,0.1,60.503,0.9177,HTTPS,camera
2025-01-22T01:45:00,8.0,53.507,4.055,216.199,0.0,HTTPS,camera
2025-01-21T23:38:00,3007.766,100.041,0.1,101.419,1.6009,HTTPS,camera
2025-01-22T04:30:00,99.163,17.976,3.757,5.898,0.2534,MQTT,actuator
2025-01-23T09:56:00,3087.142,68.076,7.969,248.621,0.6653,HTTPS,camera
2025-01-22T04:52:00,1803.355,71.19,2.593,82.526,0.7542,HTTPS,camera
2025-01-21T22:00:00,769.783,62.817,0.1,135.304,0.548,HTTPS,camera
2025-01-22T19:07:00,1361.969,54.305,8.089,105.076,2.0692,HTTPS,gateway
2025-01-21T22:55:00,69.745,25.18,0.948,9.901,1.0318,MQTT,env_sensor
2025-01-22T16:25:00,18.415,159.963,2.539,0.333,1.7542,LoRaWAN,smart_meter
2025-01-22T11:07:00,110.025,11.975,3.07,3.431,0.5629,MQTT,actuator
2025-01-22T05:37:00,16.323,173.394,1.769,0.572,1.3039,LoRaWAN,smart_meter
2025-01-21T20:25:00,144.194,9.755,6.274,4.517,0.0,MQTT,actuator
2025-01-22T19:56:00,97.992,8.982,4.453,8.51,1.1509,MQTT,env_sensor
2025-01-23T07:23:00,97.696,2.442,4.178,8.72,0.0,MQTT,actuator
2025-01-23T04:44:00,1994.518,99.849,7.155,86.499,0.6295,HTTPS,camera
2025-01-22T10:55:00,8.0,40.323,13.548,121.54,1.7476,CoAP,gateway
2025-01-21T22:22:00,128.607,29.317,7.771,7.373,0.8372,MQTT,actuator
2025-01-23T02:36:00,1133.029,53.684,0.619,113.194,0.9858,HTTPS,camera
2025-01-22T22:39:00,85.694,8.747,4.657,6.849,1.6896,MQTT,actuator
2025-01-22T13:09:00,34.195,231.49,1.999,0.07,1.0859,MQTT,smart_meter
2025-01-22T13:24:00,203.867,24.24,4.216,205.279,0.0,MQTT,camera
2025-01-21T23:17:00,121.868,15.452,10.231,5.444,0.7126,MQTT,actuator
2025-01-22T15:35:00,22.298,253.125,0.682,0.323,1.9114,LoRaWAN,smart_meter
2025-01-22T09:50:00,93.71,22.408,9.265,9.934,0.7107,CoAP,actuator
2025-01-21T22:35:00,92.374,11.532,0.822,8.611,0.6056,MQTT,actuator
2025-01-22T09:27:00,28.474,233.512,4.295,0.974,1.3677,LoRaWAN,smart_meter
2025-01-22T07:06:00,601.522,32.331,5.453,34.772,1.2793,CoAP,gateway
2025-01-23T00:05:00,824.833,24.698,17.949,7.932,0.0,CoAP,gateway
2025-01-23T02:31:00,1573.305,65.601,0.944,43.507,2.5962,HTTPS,gateway
2025-01-22T01:15:00,88.513,34.283,2.569,0.05,1.8714,MQTT,env_sensor
2025-01-22T03:20:00,1077.054,10.925,10.628,94.816,0.0053,HTTPS,gateway
2025-01-23T02:32:00,79.882,36.673,2.548,2.708,0.204,MQTT,env_sensor
2025-01-23T03:22:00,133.976,11.418,4.752,2.903,1.1278,MQTT,actuator
2025-01-22T23:53:00,109.356,16.874,3.476,15.128,0.6214,MQTT,actuator
2025-01-22T15:07:00,1332.876,39.641,21.222,103.913,2.8782,HTTPS,gateway
2025-01-23T09:40:00,137.294,36.739,0.693,2.882,1.962,MQTT,env_sensor
2025-01-23T10:18:00,706.634,63.966,8.086,98.624,0.0,HTTPS,gateway
2025-01-22T08:26:00,741.809,73.893,0.842,145.196,1.0613,HTTPS,camera
2025-01-22T11:12:00,75.447,35.241,0.1,2.612,1.9948,MQTT,env_sensor
2025-01-22T05:35:00,1274.218,45.393,3.895,0.05,0.3456,HTTPS,gateway
2025-01-21T23:54:00,149.184,12.128,2.502,0.05,1.3494,MQTT,actuator
2025-01-23T12:28:00,37.288,101.856,0.1,0.05,4.3248,LoRaWAN,smart_meter
2025-01-22T00:50:00,144.239,16.663,5.18,13.814,0.6293,MQTT,actuator
2025-01-23T05:11:00,16.784,154.312,1.561,0.407,6.7376,LoRaWAN,smart_meter
2025-01-23T04:48:00,55.164,22.514,4.497,0.08,0.4366,MQTT,env_sensor
2025-01-23T05:45:00,1831.309,59.063,2.137,110.064,1.731,HTTPS,gateway
2025-01-22T02:13:00,28.166,194.775,2.007,0.602,2.2985,LoRaWAN,smart_meter
2025-01-22T13:30:00,1569.016,87.468,8.246,135.448,0.5053,HTTPS,gateway
2025-01-22T04:51:00,16.95,154.194,2.528,0.399,0.0,LoRaWAN,smart_meter
2025-01-22T05:57:00,115.498,21.79,3.978,9.147,0.9363,MQTT,actuator
2025-01-23T11:49:00,996.893,64.207,8.016,95.806,0.0,HTTPS,gateway
2025-01-22T07:50:00,700.083,88.661,1.508,49.286,0.1087,HTTPS,camera
2025-01-23T03:58:00,30.693,150.325,0.1,0.58,3.5649,LoRaWAN,smart_meter
2025-01-23T00:57:00,1199.508,65.739,7.475,87.821,0.2097,HTTPS,gateway
2025-01-23T05:40:00,1381.03,1.0,12.924,38.643,0.379,HTTPS,gateway
2025-01-23T09:39:00,1830.474,68.194,4.453,71.577,0.5101,HTTPS,camera
2025-01-21T23:21:00,61.187,19.364,10.699,2.181,1.5126,CoAP,actuator
2025-01-21T22:36:00,62.747,30.832,3.683,3.328,0.0,MQTT,env_sensor
2025-01-23T09:19:00,122.8,24.242,6.534,5.591,1.6438,CoAP,actuator
2025-01-23T10:43:00,2183.126,97.522,8.48,31.311,0.075,HTTPS,camera
2025-01-22T16:12:00,35.322,21.404,3.565,4.806,2.2934,MQTT,env_sensor
2025-01-23T12:08:00,18.32,128.075,4.529,0.05,4.9488,LoRaWAN,smart_meter
2025-01-22T10:28:00,564.225,30.136,9.457,19.312,1.464,CoAP,gateway
2025-01-22T06:50:00,88.73,22.792,2.091,1.928,0.8048,MQTT,env_sensor
2025-01-21T20:07:00,140.63,15.409,9.362,7.407,0.6211,MQTT,actuator
2025-01-23T12:58:00,269.265,61.733,0.1,118.079,0.9427,HTTPS,camera
2025-01-21T23:50:00,44.251,15.964,4.831,0.05,1.4234,MQTT,env_sensor
2025-01-22T03:17:00,131.799,23.062,3.588,0.05,1.7402,MQTT,actuator
2025-01-23T04:07:00,1577.132,62.813,14.396,6.142,0.8202,HTTPS,gateway
2025-01-22T20:42:00,1584.33,65.035,2.633,98.264,0.0185,HTTPS,camera
2025-01-23T05:03:00,98.514,16.646,4.647,5.432,2.7468,MQTT,env_sensor
2025-01-22T09:14:00,100.173,17.329,3.002,2.368,1.3488,MQTT,env_sensor
2025-01-23T12:23:00,30.851,196.207,0.1,0.539,2.3905,LoRaWAN,smart_meter
2025-01-21T22:58:00,8.0,67.348,3.807,15.16,1.2327,MQTT,gateway
2025-01-23T12:54:00,2225.475,48.396,7.012,95.458,0.0,HTTPS,camera
2025-01-22T15:57:00,1611.812,36.263,2.693,186.426,0.6282,HTTPS,camera
2025-01-23T02:42:00,44.237,221.918,1.485,0.751,2.103,LoRaWAN,smart_meter
2025-01-22T21:24:00,75.088,33.922,0.1,0.05,1.9789,MQTT,env_sensor
2025-01-22T22:14:00,101.851,1.082,9.926,11.125,0.8146,MQTT,actuator
2025-01-22T01:01:00,2551.605,55.028,0.1,147.398,0.1606,HTTPS,camera
2025-01-22T01:36:00,160.535,12.622,4.98,9.421,1.2824,MQTT,actuator
2025-01-22T11:34:00,67.885,23.869,1.687,0.05,1.4729,MQTT,env_sensor
2025-01-22T08:42:00,114.041,21.818,4.317,5.21,0.8135,MQTT,actuator
2025-01-23T00:38:00,81.644,33.927,5.248,9.616,1.611,MQTT,actuator
2025-01-22T12:25:00,984.028,64.507,10.281,41.761,0.5395,CoAP,gateway
2025-01-23T01:58:00,81.733,17.735,0.1,7.492,2.0254,MQTT,env_sensor
2025-01-22T00:01:00,21.004,245.665,2.712,0.208,2.9249,LoRaWAN,smart_meter
2025-01-23T10:35:00,147.602,25.34,6.806,9.985,0.3035,MQTT,actuator
2025-01-23T10:24:00,62.47,23.636,5.737,4.126,1.3357,MQTT,actuator
2025-01-23T02:04:00,731.975,111.753,5.488,154.142,0.9693,HTTPS,camera
2025-01-22T02:16:00,122.343,23.832,2.114,11.114,0.7652,MQTT,actuator
2025-01-22T23:12:00,1812.987,93.567,1.075,71.518,0.6152,HTTPS,camera
2025-01-22T13:00:00,70.485,1.0,6.629,4.708,1.4829,MQTT,env_sensor
2025-01-23T03:21:00,75.987,18.87,1.626,2.423,0.9518,MQTT,env_sensor
2025-01-22T07:25:00,1681.453,95.123,4.374,97.217,0.6027,HTTPS,camera
2025-01-22T17:35:00,28.938,172.677,1.916,0.117,4.2354,LoRaWAN,smart_meter
2025-01-22T00:37:00,1400.846,41.482,3.884,44.089,1.1418,HTTPS,gateway
2025-01-23T08:24:00,83.841,100.329,1.229,130.693,0.6773,HTTPS,camera
2025-01-23T11:01:00,60.561,25.474,0.1,3.439,1.0827,MQTT,env_sensor
2025-01-22T09:51:00,1949.795,52.675,3.958,70.227,1.0294,HTTPS,camera
2025-01-22T19:56:00,37.929,272.326,1.314,0.689,2.8071,LoRaWAN,smart_meter
2025-01-22T08:46:00,89.5,29.13,5.92,4.379,1.6687,MQTT,env_sensor
2025-01-21T23:39:00,96.775,19.422,2.096,5.886,0.6385,MQTT,actuator
2025-01-22T09:15:00,60.831,20.082,4.825,10.092,1.6101,MQTT,actuator
2025-01-23T07:39:00,38.048,205.535,1.102,0.187,2.8809,LoRaWAN,smart_meter
2025-01-22T02:37:00,105.447,42.356,3.481,0.05,2.0304,MQTT,env_sensor
2025-01-22T15:30:00,39.666,336.803,1.324,0.662,6.8196,LoRaWAN,smart_meter
2025-01-23T10:19:00,118.167,24.423,8.709,9.286,1.0753,CoAP,actuator
2025-01-21T23:42:00,1392.186,29.11,8.882,98.848,0.873,HTTPS,gateway
2025-01-22T23:55:00,1352.302,43.308,6.275,0.05,0.6814,HTTPS,camera
2025-01-23T09:19:00,290.98,17.794,20.544,66.375,1.4511,CoAP,gateway
2025-01-22T13:57:00,814.527,15.653,11.856,29.326,0.8916,CoAP,gateway
2025-01-22T21:28:00,81.957,1.0,1.511,9.152,2.6013,MQTT,env_sensor
2025-01-22T19:09:00,1224.59,44.68,8.116,70.439,0.0,HTTPS,gateway
2025-01-23T02:50:00,2275.424,57.778,6.174,114.179,0.7446,HTTPS,camera
2025-01-22T21:11:00,1327.446,40.076,10.327,105.181,1.9533,HTTPS,gateway
2025-01-23T09:56:00,32.943,205.658,2.207,0.07,0.8888,LoRaWAN,smart_meter
2025-01-22T16:11:00,52.772,28.565,5.999,1.994,0.1229,MQTT,env_sensor
2025-01-23T10:19:00,1041.563,53.598,3.141,120.8,1.1528,HTTPS,gateway
2025-01-22T12:42:00,81.325,1.0,2.485,5.463,0.0,MQTT,env_sensor
2025-01-22T18:42:00,1213.906,46.305,9.942,17.963,0.0,HTTPS,gateway
2025-01-22T22:06:00,193.532,6.009,2.776,14.638,1.5355,MQTT,actuator
2025-01-22T21:35:00,102.416,24.934,7.326,0.656,0.2263,MQTT,actuator
2025-01-21T22:34:00,103.373,15.783,4.734,12.629,1.0847,MQTT,actuator
2025-01-22T06:09:00,734.349,70.237,9.009,52.991,1.2392,CoAP,gateway
2025-01-21T21:07:00,15.308,301.064,0.1,0.485,2.7814,LoRaWAN,smart_meter
2025-01-22T02:11:00,644.337,65.617,7.15,78.676,1.8476,CoAP,gateway
2025-01-23T07:10:00,539.792,52.145,8.83,159.193,1.6807,CoAP,gateway
2025-01-23T13:01:00,105.794,18.926,4.868,7.666,0.0,MQTT,actuator
2025-01-22T01:10:00,80.165,14.347,0.1,4.865,0.7343,MQTT,actuator
2025-01-22T23:32:00,546.178,18.415,8.953,98.849,0.0,HTTPS,gateway
2025-01-23T07:25:00,33.763,195.013,0.736,0.246,3.9336,LoRaWAN,smart_meter
2025-01-22T16:42:00,2211.291,6.163,4.115,100.481,0.1512,HTTPS,camera
2025-01-22T19:12:00,22.866,249.644,1.762,0.05,3.5476,MQTT,smart_meter
2025-01-22T22:07:00,19.573,242.875,3.981,0.315,5.0117,LoRaWAN,smart_meter
2025-01-22T17:48:00,63.264,13.642,6.591,13.227,0.7822,MQTT,actuator
2025-01-23T02:24:00,8.0,30.023,18.417,63.032,1.4739,MQTT,gateway
2025-01-23T03:58:00,69.954,24.34,8.715,11.004,0.6614,MQTT,actuator
2025-01-23T01:03:00,1421.032,38.413,6.894,71.304,0.1528,HTTPS,camera
2025-01-23T07:05:00,35.235,79.89,2.59,0.213,4.5979,MQTT,smart_meter
2025-01-22T22:42:00,59.044,12.005,6.544,12.955,1.0752,MQTT,actuator
2025-01-22T10:54:00,90.757,19.227,7.584,8.438,1.4054,CoAP,actuator
2025-01-23T13:13:00,2852.98,98.422,5.514,197.329,0.0046,HTTPS,camera
2025-01-23T03:14:00,101.425,19.665,10.764,4.557,0.8527,MQTT,actuator
2025-01-22T00:31:00,92.7,31.14,5.966,6.843,0.568,CoAP,actuator
2025-01-22T15:44:00,136.508,19.575,0.1,17.502,0.4893,MQTT,actuator
2025-01-22T02:27:00,1444.425,21.211,5.527,101.774,0.0508,HTTPS,camera
2025-01-22T18:46:00,1789.277,4.786,3.383,13.608,0.7095,HTTPS,camera
2025-01-22T16:33:00,1315.47,26.873,11.008,0.05,1.8132,MQTT,gateway
2025-01-22T08:51:00,54.421,17.329,8.953,9.561,0.8369,MQTT,actuator
2025-01-22T20:49:00,758.976,20.32,4.769,0.05,0.5581,HTTPS,gateway
2025-01-23T12:43:00,30.87,26.703,3.007,5.107,2.7295,MQTT,env_sensor
2025-01-23T07:20:00,84.529,38.545,3.768,3.192,1.8074,MQTT,env_sensor
2025-01-23T04:26:00,78.371,28.177,5.424,9.234,0.1934,CoAP,env_sensor
2025-01-21T23:03:00,77.608,38.465,1.827,3.34,1.9686,MQTT,env_sensor
2025-01-22T06:04:00,1607.23,61.125,3.706,191.799,0.416,HTTPS,camera
2025-01-21T20:52:00,1849.116,84.214,5.521,89.626,0.2978,HTTPS,camera
2025-01-23T03:14:00,1096.0,51.542,15.442,47.008,0.0309,HTTPS,gateway
2025-01-23T09:31:00,1638.23,68.073,6.206,203.832,0.2898,HTTPS,camera
2025-01-22T15:15:00,20.714,204.392,0.1,0.607,2.1682,LoRaWAN,smart_meter
2025-01-22T05:04:00,136.54,13.192,9.37,6.73,2.5664,CoAP,actuator
2025-01-22T04:35:00,184.256,75.487,5.988,162.415,0.2821,HTTPS,camera
2025-01-22T13:22:00,89.368,30.126,3.799,4.548,1.1024,MQTT,env_sensor
2025-01-21T22:50:00,126.47,6.265,5.935,7.51,0.497,MQTT,actuator
2025-01-22T07:15:00,76.665,13.719,2.937,9.86,0.6723,MQTT,actuator
2025-01-22T20:23:00,20.87,152.964,1.752,0.243,3.8395,LoRaWAN,smart_meter
2025-01-22T04:53:00,130.742,28.426,5.802,11.411,2.4542,MQTT,actuator
2025-01-22T07:57:00,395.66,12.226,0.738,122.05,0.2587,HTTPS,camera
2025-01-22T22:05:00,97.303,44.883,6.163,1.532,3.5205,MQTT,env_sensor
2025-01-23T02:35:00,1449.991,2.473,6.611,137.283,0.7635,HTTPS,gateway
2025-01-22T17:25:00,59.124,21.069,3.772,2.97,1.6395,MQTT,env_sensor
2025-01-23T03:51:00,32.148,133.07,0.659,0.653,4.8713,LoRaWAN,smart_meter
2025-01-23T06:23:00,1901.483,19.281,4.417,169.78,0.5932,HTTPS,camera
2025-01-21T23:41:00,1041.566,61.484,0.1,77.161,0.0,HTTPS,gateway
2025-01-21T22:52:00,55.964,50.092,0.1,3.253,1.7217,MQTT,env_sensor
2025-01-22T19:49:00,35.247,173.389,0.332,0.478,0.0,LoRaWAN,smart_meter
2025-01-21T20:57:00,64.489,29.974,4.579,0.05,1.478,MQTT,env_sensor
2025-01-22T02:15:00,29.445,223.24,1.448,0.309,1.6677,LoRaWAN,smart_meter
2025-01-23T10:34:00,659.854,37.125,11.947,36.406,1.2587,CoAP,gateway
2025-01-23T08:38:00,2104.089,60.804,4.558,68.948,0.5184,HTTPS,camera
2025-01-21T22:19:00,672.514,45.111,6.873,64.574,1.8848,HTTPS,gateway
2025-01-22T00:27:00,532.615,40.906,1.316,113.699,0.0,HTTPS,gateway
2025-01-22T13:02:00,537.745,25.123,9.574,18.269,0.1917,CoAP,gateway
2025-01-23T01:10:00,2937.522,83.445,3.468,11.084,0.1241,HTTPS,camera
2025-01-23T12:25:00,1448.504,100.888,15.187,76.039,1.975,HTTPS,gateway
2025-01-22T19:23:00,8.0,18.468,0.1,55.029,0.1186,HTTPS,gateway
2025-01-21T22:04:00,117.112,10.426,10.357,7.119,0.9944,CoAP,actuator
2025-01-23T03:59:00,1644.268,70.046,3.436,42.544,0.0535,HTTPS,camera
2025-01-23T10:18:00,95.707,31.128,5.071,9.906,1.111,MQTT,actuator
2025-01-22T06:02:00,56.646,36.905,9.348,14.507,0.8752,CoAP,actuator
2025-01-22T00:06:00,32.781,157.338,0.1,0.971,5.3061,LoRaWAN,smart_meter
2025-01-22T13:22:00,150.853,20.773,3.735,11.7,0.4365,MQTT,actuator
2025-01-22T05:18:00,809.074,26.473,7.073,47.831,0.1711,CoAP,gateway
2025-01-22T10:59:00,1391.677,70.036,1.151,88.281,0.0892,HTTPS,camera
2025-01-22T04:43:00,114.671,16.205,10.54,4.022,0.2256,CoAP,actuator
2025-01-22T10:00:00,49.96,23.256,4.425,3.317,0.0,MQTT,env_sensor
2025-01-21T22:26:00,18.514,281.265,1.083,0.307,2.5147,LoRaWAN,smart_meter
2025-01-23T13:20:00,104.191,32.732,1.914,5.55,1.8351,MQTT,env_sensor
2025-01-23T08:13:00,14.695,118.315,0.258,0.05,0.7215,LoRaWAN,smart_meter
2025-01-23T09:43:00,115.363,8.401,5.449,3.217,0.6063,CoAP,actuator
2025-01-22T09:54:00,57.35,23.333,4.273,2.781,0.9941,MQTT,actuator
2025-01-22T09:18:00,137.967,12.424,8.798,10.93,0.2956,MQTT,actuator
2025-01-22T02:37:00,868.712,28.866,1.616,122.283,3.1959,MQTT,gateway
2025-01-23T05:42:00,147.824,15.746,5.22,4.787,0.0773,MQTT,actuator
2025-01-21T21:50:00,1629.1,84.703,0.36,188.447,0.4472,HTTPS,camera
2025-01-23T04:11:00,2644.854,31.51,3.449,136.506,0.2051,HTTPS,camera
2025-01-22T20:05:00,88.513,27.269,3.271,4.946,0.4821,MQTT,env_sensor
2025-01-22T10:40:00,22.3,232.942,0.1,0.19,0.0,LoRaWAN,smart_meter
2025-01-23T05:14:00,9.644,159.138,2.174,0.653,2.2372,LoRaWAN,smart_meter
2025-01-22T00:28:00,144.272,10.627,2.065,10.056,0.0746,MQTT,actuator
2025-01-22T10:10:00,30.191,151.782,1.698,0.467,2.9331,LoRaWAN,smart_meter
2025-01-23T07:18:00,28.999,7.981,5.428,2.255,1.0664,MQTT,env_sensor
2025-01-22T15:10:00,27.453,208.383,0.56,0.069,3.6055,LoRaWAN,smart_meter
2025-01-22T18:38:00,1538.038,35.198,0.1,4.952,1.2907,MQTT,camera
2025-01-23T06:58:00,25.922,245.657,1.698,0.405,0.9266,LoRaWAN,smart_meter
2025-01-23T08:11:00,35.641,27.135,0.79,0.52,0.438,LoRaWAN,env_sensor
2025-01-22T00:32:00,153.687,16.221,3.891,8.606,1.0757,MQTT,actuator
2025-01-22T14:59:00,1591.404,105.897,3.234,81.068,0.9002,HTTPS,camera
2025-01-23T04:32:00,63.291,32.214,5.435,5.29,1.1392,CoAP,env_sensor
2025-01-22T07:46:00,109.279,31.058,2.692,1.689,2.5031,MQTT,env_sensor
2025-01-23T00:25:00,79.635,19.411,2.968,6.625,0.7179,MQTT,env_sensor
2025-01-22T12:47:00,35.1,106.735,3.534,0.369,4.7789,LoRaWAN,smart_meter
2025-01-22T09:56:00,24.359,236.573,1.163,0.468,3.3564,LoRaWAN,smart_meter
2025-01-23T08:27:00,593.54,36.958,5.841,98.171,0.1105,HTTPS,camera
2025-01-22T22:05:00,2529.73,63.824,4.764,187.112,0.2892,HTTPS,camera
2025-01-22T10:09:00,25.045,130.878,0.902,0.395,5.7859,LoRaWAN,smart_meter
2025-01-23T12:13:00,1164.572,48.275,4.612,99.243,0.7241,HTTPS,gateway
2025-01-21T20:42:00,15.835,141.173,4.134,0.182,0.0,LoRaWAN,smart_meter
2025-01-22T09:39:00,26.798,285.489,2.858,0.05,0.0,LoRaWAN,smart_meter
2025-01-23T07:19:00,80.12,40.493,2.364,5.1,0.2658,MQTT,env_sensor
2025-01-23T02:33:00,128.088,21.896,2.634,2.343,1.434,MQTT,actuator
2025-01-23T00:11:00,710.689,27.701,11.867,61.185,0.7426,CoAP,gateway
2025-01-22T17:03:00,138.669,9.16,9.785,10.65,1.5518,CoAP,actuator
2025-01-22T23:33:00,2249.525,63.292,2.889,177.49,0.1121,HTTPS,camera
2025-01-22T05:32:00,1057.401,29.739,0.1,116.413,0.1933,HTTPS,gateway
2025-01-23T04:58:00,398.179,31.672,12.37,86.519,0.0937,HTTPS,gateway
2025-01-23T01:25:00,1326.115,62.888,12.042,40.512,1.5293,CoAP,gateway
2025-01-22T23:51:00,489.341,70.451,1.756,103.315,0.7888,HTTPS,gateway
2025-01-21T23:33:00,34.21,209.549,1.75,0.897,0.6854,LoRaWAN,smart_meter
2025-01-22T20:17:00,1628.314,66.269,5.643,73.453,2.819,HTTPS,gateway
2025-01-22T12:07:00,30.733,188.013,0.424,0.517,1.3873,MQTT,smart_meter
2025-01-22T18:03:00,1169.876,60.274,3.266,77.231,0.0,HTTPS,gateway
2025-01-22T13:57:00,18.044,340.442,0.785,0.072,4.9949,LoRaWAN,smart_meter
2025-01-22T23:51:00,24.615,133.651,2.731,0.206,0.0,LoRaWAN,smart_meter
2025-01-22T23:23:00,112.5,12.7,8.11,9.636,0.7474,MQTT,actuator
2025-01-23T02:01:00,1554.134,98.685,6.759,102.537,1.8036,HTTPS,gateway
2025-01-22T22:32:00,33.455,143.429,0.765,0.84,2.3899,LoRaWAN,smart_meter
2025-01-23T06:35:00,18.618,274.509,1.376,0.531,5.2041,LoRaWAN,smart_meter
2025-01-22T22:54:00,1756.755,71.344,0.1,105.744,0.2766,HTTPS,camera
2025-01-23T09:33:00,28.693,133.483,2.696,0.458,4.4068,LoRaWAN,smart_meter
2025-01-22T06:35:00,26.885,214.322,1.138,0.525,5.7229,LoRaWAN,smart_meter
2025-01-22T09:03:00,57.882,18.116,0.1,1.451,0.3766,MQTT,env_sensor
2025-01-22T11:22:00,52.223,7.553,5.231,8.678,0.2566,CoAP,env_sensor
2025-01-23T10:44:00,91.998,22.853,3.462,7.954,0.9563,MQTT,actuator
2025-01-23T11:15:00,1323.468,30.32,7.163,47.302,0.5439,HTTPS,camera
2025-01-23T00:24:00,85.537,29.145,3.546,4.03,0.2227,MQTT,env_sensor
2025-01-21T23:13:00,26.239,147.649,2.783,0.736,2.1982,LoRaWAN,smart_meter
2025-01-23T06:56:00,60.7,12.225,0.75,3.687,1.3959,MQTT,env_sensor
2025-01-22T00:07:00,1885.026,63.041,3.095,153.862,0.321,HTTPS,camera
2025-01-22T08:11:00,1480.036,18.159,7.492,39.8,2.2743,MQTT,gateway
2025-01-22T00:57:00,68.404,25.629,4.478,3.009,0.0,MQTT,env_sensor
2025-01-22T08:12:00,686.482,60.375,0.1,133.311,0.5464,HTTPS,camera
2025-01-22T11:28:00,85.701,17.629,0.815,0.384,2.0544,MQTT,env_sensor
2025-01-22T10:29:00,1735.514,48.121,10.527,105.164,1.1974,HTTPS,camera
2025-01-23T02:56:00,126.556,10.411,8.879,7.758,0.839,CoAP,actuator
2025-01-22T03:40:00,1118.556,21.404,14.634,45.57,3.183,MQTT,gateway
2025-01-22T09:32:00,797.511,22.186,5.099,82.837,1.7284,CoAP,gateway
2025-01-22T05:11:00,583.411,35.905,6.049,79.147,2.6203,CoAP,gateway
2025-01-21T23:34:00,1157.567,58.075,4.017,100.808,1.6401,HTTPS,gateway
2025-01-23T07:22:00,135.271,19.987,9.818,2.713,0.889,CoAP,actuator
2025-01-22T14:07:00,10.311,211.97,1.304,0.535,1.7035,LoRaWAN,smart_meter
2025-01-22T19:08:00,27.167,289.668,3.112,0.612,4.0985,MQTT,smart_meter
2025-01-22T01:19:00,27.034,243.553,3.624,0.848,5.3582,LoRaWAN,smart_meter
2025-01-22T14:36:00,1394.129,73.28,4.811,86.028,0.0,HTTPS,camera
2025-01-22T20:33:00,26.43,155.307,1.817,0.226,3.7649,LoRaWAN,smart_meter
2025-01-23T00:32:00,1135.338,55.024,10.139,9.23,1.214,MQTT,gateway
2025-01-21T23:14:00,1127.732,62.901,4.27,17.505,1.1694,MQTT,gateway
2025-01-23T09:55:00,145.211,7.898,5.848,12.408,1.1457,MQTT,actuator
2025-01-22T23:52:00,34.738,192.477,0.145,0.68,4.2741,LoRaWAN,smart_meter
2025-01-22T08:16:00,32.456,4.38,4.033,4.092,0.0,MQTT,env_sensor
2025-01-22T13:42:00,83.616,27.898,2.406,0.504,1.8492,MQTT,env_sensor
2025-01-22T01:21:00,1452.274,64.642,0.1,110.797,1.066,HTTPS,camera
2025-01-23T05:37:00,88.3,11.417,6.303,4.481,1.3777,MQTT,actuator
2025-01-22T06:31:00,17.243,241.169,0.1,0.526,0.0,LoRaWAN,smart_meter
2025-01-22T15:11:00,1284.383,36.347,3.843,176.033,0.8538,HTTPS,camera
2025-01-23T03:25:00,128.312,18.12,4.845,3.11,1.8355,MQTT,actuator
2025-01-22T15:30:00,900.869,54.965,2.454,94.174,0.6374,HTTPS,camera
2025-01-22T16:03:00,94.853,35.775,8.413,6.55,1.3756,MQTT,actuator
2025-01-22T09:57:00,19.215,225.112,0.418,0.489,3.0075,LoRaWAN,smart_meter
2025-01-23T03:13:00,68.97,27.045,1.517,5.141,1.7992,MQTT,env_sensor
2025-01-22T18:26:00,54.286,31.311,1.509,1.257,1.8251,MQTT,env_sensor
2025-01-23T09:44:00,68.076,5.308,2.084,8.506,2.429,MQTT,env_sensor
2025-01-22T14:38:00,19.31,150.741,0.214,0.05,2.3785,LoRaWAN,smart_meter
2025-01-22T00:19:00,26.453,242.245,1.807,1.163,5.5225,MQTT,smart_meter
2025-01-22T18:14:00,1276.95,51.72,2.582,186.852,0.9579,HTTPS,camera
2025-01-22T05:41:00,95.891,18.826,3.036,6.494,0.7064,MQTT,env_sensor
2025-01-22T23:54:00,81.701,35.794,3.178,3.949,1.7094,MQTT,env_sensor
2025-01-22T07:37:00,19.957,208.479,4.356,0.57,3.8199,LoRaWAN,smart_meter
2025-01-22T11:51:00,63.511,34.657,4.044,4.183,0.5685,MQTT,env_sensor
2025-01-22T19:01:00,36.824,152.919,3.887,0.355,1.5215,LoRaWAN,smart_meter
2025-01-23T12:26:00,23.625,176.426,3.178,0.847,1.4814,LoRaWAN,smart_meter
2025-01-21T22:50:00,61.679,24.708,4.828,3.764,2.3483,MQTT,env_sensor
2025-01-22T23:20:00,33.292,189.688,0.816,0.994,3.1355,LoRaWAN,smart_meter
2025-01-22T20:44:00,671.245,53.55,2.695,77.794,1.7538,HTTPS,gateway
2025-01-23T01:29:00,107.042,14.56,0.1,81.539,1.4439,MQTT,gateway
2025-01-22T05:50:00,119.638,21.401,2.688,0.246,0.0,MQTT,actuator
2025-01-22T02:17:00,87.249,20.241,2.837,8.045,0.8886,MQTT,actuator
2025-01-23T04:53:00,2251.455,25.722,4.169,153.157,1.3282,HTTPS,camera
2025-01-22T15:36:00,22.02,109.303,2.777,0.206,2.8179,LoRaWAN,smart_meter
2025-01-22T00:12:00,25.296,110.765,0.1,0.219,2.9282,LoRaWAN,smart_meter
2025-01-22T11:38:00,40.987,207.546,0.47,0.342,4.9671,LoRaWAN,smart_meter
2025-01-22T10:50:00,467.774,39.391,0.1,65.663,0.5725,HTTPS,gateway
2025-01-22T00:17:00,14.537,81.179,1.843,0.111,0.0,LoRaWAN,smart_meter
2025-01-23T02:29:00,1093.944,89.533,2.17,170.092,0.8462,HTTPS,camera
2025-01-22T10:06:00,111.829,18.682,5.918,0.05,0.0,MQTT,actuator
2025-01-22T16:25:00,1774.86,29.508,0.1,48.408,0.8818,HTTPS,camera
2025-01-22T09:53:00,40.339,121.568,0.831,0.649,1.1379,LoRaWAN,smart_meter
2025-01-22T00:05:00,116.874,13.245,3.247,7.673,0.8016,MQTT,actuator
2025-01-22T15:09:00,84.215,1.0,6.207,5.943,0.0,MQTT,actuator
2025-01-22T07:04:00,42.357,50.643,2.647,7.286,0.7241,MQTT,env_sensor
2025-01-23T08:58:00,35.635,122.136,1.624,0.503,2.3378,LoRaWAN,smart_meter
2025-01-21T22:15:00,45.94,1.0,4.04,4.342,0.2848,MQTT,env_sensor
2025-01-23T03:14:00,1320.459,58.851,8.588,101.27,1.5663,HTTPS,camera
2025-01-22T23:15:00,20.189,231.75,2.298,0.684,3.9725,LoRaWAN,smart_meter
2025-01-23T11:16:00,20.115,20.87,1.426,2.394,1.0636,MQTT,env_sensor
2025-01-23T06:24:00,97.957,18.117,7.093,7.781,0.6028,MQTT,actuator
2025-01-22T04:06:00,95.412,25.196,0.219,2.077,1.0161,MQTT,env_sensor
2025-01-22T00:46:00,34.312,286.687,0.412,0.05,4.9972,LoRaWAN,smart_meter
2025-01-22T13:39:00,1573.082,79.789,7.411,152.244,0.7178,HTTPS,camera
2025-01-23T11:17:00,115.135,16.0,12.38,8.752,0.9117,CoAP,actuator
2025-01-22T21:09:00,133.971,10.508,3.488,8.079,2.0424,MQTT,actuator
2025-01-22T18:51:00,26.995,218.113,0.674,0.43,0.2032,LoRaWAN,smart_meter
2025-01-23T06:24:00,538.092,71.646,10.1,0.05,0.0,CoAP,gateway
2025-01-23T03:40:00,8.0,43.501,9.582,70.278,0.0,HTTPS,gateway
2025-01-22T09:23:00,31.847,220.575,0.1,0.531,2.727,LoRaWAN,smart_meter
2025-01-22T21:41:00,1708.971,58.109,4.917,46.908,1.2553,MQTT,camera
2025-01-22T15:16:00,30.637,248.322,2.156,0.341,6.3102,LoRaWAN,smart_meter
2025-01-22T20:59:00,1278.716,50.962,8.192,0.05,0.2802,HTTPS,gateway
2025-01-21T23:27:00,247.556,30.412,12.51,113.153,0.805,HTTPS,gateway
2025-01-22T14:39:00,39.123,160.828,0.295,0.174,4.3693,LoRaWAN,smart_meter
2025-01-23T04:50:00,35.694,184.871,0.223,0.789,0.557,LoRaWAN,smart_meter
2025-01-23T04:14:00,1513.691,58.306,4.834,107.525,1.2223,HTTPS,camera
2025-01-23T02:12:00,159.414,19.606,6.71,49.166,1.8645,MQTT,gateway
2025-01-22T09:30:00,36.6,257.201,2.354,0.053,3.0906,LoRaWAN,smart_meter
2025-01-23T04:44:00,38.614,32.178,2.492,0.081,5.0712,LoRaWAN,smart_meter
2025-01-21T23:47:00,60.777,10.4,5.425,6.227,0.7641,MQTT,actuator
2025-01-22T09:18:00,105.359,21.117,4.473,2.321,2.3356,MQTT,env_sensor
2025-01-22T23:59:00,1029.418,62.844,15.709,29.966,0.0,HTTPS,gateway
2025-01-22T03:54:00,129.399,14.797,5.933,6.2,0.4957,MQTT,actuator
2025-01-22T09:51:00,108.283,21.502,10.807,10.067,0.7882,MQTT,actuator
2025-01-22T16:22:00,73.422,24.341,9.213,3.388,0.0,MQTT,actuator
2025-01-22T01:23:00,60.252,34.735,3.385,0.125,0.8102,MQTT,env_sensor
2025-01-22T17:40:00,79.521,23.551,3.6,3.993,0.0127,MQTT,env_sensor
2025-01-22T19:57:00,1720.408,52.9,1.887,125.864,1.4207,HTTPS,camera
2025-01-22T05:39:00,1801.714,65.693,4.375,129.194,1.8879,HTTPS,camera
2025-01-23T00:56:00,2222.072,64.599,3.818,84.461,1.1196,HTTPS,camera
2025-01-22T09:30:00,1597.507,92.215,0.1,215.365,1.2076,HTTPS,camera
2025-01-21T23:15:00,39.151,242.739,3.344,0.608,0.9004,LoRaWAN,smart_meter
2025-01-22T00:49:00,3290.437,95.64,4.861,53.621,0.4125,HTTPS,camera
2025-01-23T07:12:00,1866.926,47.094,0.385,168.356,0.745,HTTPS,camera
2025-01-23T01:29:00,29.339,183.676,2.407,0.522,5.0566,LoRaWAN,smart_meter
2025-01-23T11:31:00,33.366,193.054,0.1,0.844,2.5283,LoRaWAN,smart_meter
2025-01-23T12:56:00,41.263,225.165,2.098,0.703,4.9759,LoRaWAN,smart_meter
2025-01-22T11:07:00,25.972,57.659,1.681,0.05,2.5242,MQTT,smart_meter
2025-01-23T02:06:00,74.934,5.401,1.551,0.05,2.4965,MQTT,env_sensor
2025-01-22T07:19:00,30.943,163.748,2.766,0.812,0.0,LoRaWAN,smart_meter
2025-01-22T22:42:00,1270.757,19.073,5.0,10.157,1.2552,CoAP,gateway
2025-01-23T06:00:00,67.196,26.996,7.605,13.543,2.0051,MQTT,actuator
2025-01-22T05:27:00,534.075,25.503,12.464,0.05,0.0,CoAP,gateway
2025-01-23T11:47:00,17.573,136.723,1.723,0.317,3.0758,LoRaWAN,smart_meter
2025-01-21T23:43:00,153.8,15.886,6.148,0.483,0.6187,MQTT,actuator
2025-01-22T02:10:00,86.97,18.561,0.1,3.947,0.0,MQTT,env_sensor
2025-01-22T01:02:00,112.931,17.402,1.686,3.255,1.528,MQTT,env_sensor
2025-01-22T02:18:00,25.563,178.35,0.1,0.14,6.7027,LoRaWAN,smart_meter
2025-01-23T07:48:00,2345.896,41.152,1.597,191.761,0.1495,HTTPS,camera
2025-01-21T21:30:00,139.23,22.459,3.817,13.638,1.6933,MQTT,actuator
2025-01-23T03:11:00,120.361,20.028,3.681,7.69,0.3106,MQTT,actuator
2025-01-22T18:04:00,24.982,257.952,1.309,0.775,3.384,LoRaWAN,smart_meter
2025-01-22T04:44:00,28.553,105.363,0.1,0.711,2.193,LoRaWAN,smart_meter
2025-01-22T01:09:00,288.255,45.037,12.796,56.041,1.4939,CoAP,gateway
2025-01-23T05:31:00,583.81,51.8,4.169,40.382,2.8249,MQTT,gateway
2025-01-21T20:38:00,957.869,62.604,2.396,23.194,2.3599,MQTT,gateway
2025-01-22T21:23:00,37.348,164.225,0.1,0.617,4.5906,LoRaWAN,smart_meter
2025-01-22T14:54:00,29.14,207.917,3.135,0.506,0.0,LoRaWAN,smart_meter
2025-01-22T02:18:00,199.662,12.536,18.59,83.55,1.2848,MQTT,gateway
2025-01-23T03:22:00,1014.624,75.185,11.622,106.427,2.2492,CoAP,gateway
2025-01-22T07:24:00,116.199,26.815,3.023,9.986,0.0,MQTT,actuator
2025-01-22T11:20:00,28.237,140.317,2.444,0.53,0.0,LoRaWAN,smart_meter
2025-01-23T07:57:00,37.724,217.894,0.965,0.518,4.5235,LoRaWAN,smart_meter
2025-01-22T06:36:00,158.732,12.027,0.34,8.652,0.1529,MQTT,actuator
2025-01-23T03:39:00,3435.876,51.597,2.811,156.584,0.112,HTTPS,camera
2025-01-23T05:02:00,993.638,37.925,5.455,151.555,0.9481,HTTPS,camera
2025-01-22T07:58:00,156.89,12.345,8.935,10.485,1.6018,MQTT,actuator
2025-01-23T07:20:00,142.255,52.037,9.029,53.807,0.0,HTTPS,gateway
2025-01-23T02:23:00,1305.562,44.213,7.546,25.88,1.5612,CoAP,gateway
2025-01-23T04:43:00,1034.768,96.529,3.232,128.824,0.8859,HTTPS,camera
2025-01-22T10:31:00,68.926,25.648,4.512,13.78,0.2156,MQTT,env_sensor
2025-01-22T15:49:00,71.946,22.606,5.363,6.174,0.0,CoAP,env_sensor
2025-01-22T21:23:00,57.213,5.225,2.93,4.921,1.7046,MQTT,env_sensor
2025-01-22T06:54:00,104.273,21.689,9.372,10.912,0.0,MQTT,actuator
2025-01-22T15:02:00,1530.264,47.35,7.915,73.784,2.1773,HTTPS,gateway
2025-01-22T04:27:00,264.711,47.402,7.527,37.647,1.3844,CoAP,gateway
2025-01-21T20:49:00,29.505,25.47,0.766,3.568,0.8081,MQTT,env_sensor
2025-01-22T10:04:00,88.303,31.41,3.283,9.758,1.1056,MQTT,env_sensor
2025-01-22T04:25:00,50.441,25.056,2.687,4.714,0.5172,MQTT,env_sensor
2025-01-22T05:18:00,23.113,124.964,0.1,0.05,1.5485,LoRaWAN,smart_meter
2025-01-21T23:42:00,1434.589,40.313,6.962,58.452,1.3042,HTTPS,camera
2025-01-23T12:22:00,81.802,5.963,8.505,5.366,1.0317,MQTT,actuator
2025-01-22T09:59:00,20.987,235.978,1.683,0.05,2.1344,LoRaWAN,smart_meter
2025-01-22T22:36:00,86.622,30.353,3.986,0.615,1.3338,MQTT,env_sensor
2025-01-22T22:58:00,1208.507,68.556,1.729,114.017,1.1884,HTTPS,gateway
2025-01-22T09:00:00,1325.18,41.766,10.78,6.775,1.2147,MQTT,gateway
2025-01-23T12:09:00,181.417,19.466,6.614,5.13,0.8532,CoAP,actuator
2025-01-23T01:26:00,139.707,8.417,1.171,6.543,0.3853,MQTT,actuator
2025-01-23T03:23:00,95.154,17.646,8.379,0.05,1.1301,MQTT,gateway
2025-01-22T19:36:00,95.562,17.948,1.531,2.462,1.3945,MQTT,env_sensor
2025-01-22T05:53:00,70.228,36.801,0.96,0.888,1.1562,MQTT,env_sensor
2025-01-23T04:18:00,851.852,32.206,5.612,60.216,0.7443,HTTPS,gateway
2025-01-22T16:26:00,877.136,43.478,3.545,152.403,1.0082,HTTPS,camera
2025-01-23T12:05:00,108.286,25.674,1.841,8.627,0.8245,MQTT,actuator
2025-01-22T10:49:00,734.796,68.245,10.671,18.662,0.3404,HTTPS,gateway
2025-01-23T00:39:00,1382.63,48.692,4.588,112.474,1.6451,HTTPS,gateway
2025-01-22T11:42:00,37.519,190.741,1.304,0.053,1.866,LoRaWAN,smart_meter
2025-01-22T01:43:00,2212.048,21.0,2.897,127.813,0.0,HTTPS,camera
2025-01-22T10:33:00,38.319,70.545,2.965,0.513,2.6401,MQTT,smart_meter
2025-01-23T04:11:00,113.553,15.055,12.59,6.153,0.0,MQTT,actuator
2025-01-22T12:19:00,30.742,144.62,1.339,0.296,1.5577,LoRaWAN,smart_meter
2025-01-23T02:32:00,2198.567,82.092,3.61,0.05,0.5551,HTTPS,camera
2025-01-22T12:03:00,19.358,27.572,0.1,7.49,1.2507,MQTT,env_sensor
2025-01-23T06:33:00,119.936,16.532,9.197,4.98,0.0,MQTT,actuator
2025-01-23T02:27:00,739.817,1.0,10.27,27.168,0.5518,CoAP,gateway
2025-01-23T10:02:00,113.461,20.488,3.927,9.341,1.6821,MQTT,env_sensor
2025-01-22T13:05:00,104.306,21.441,4.216,7.648,0.0,MQTT,actuator
2025-01-22T03:42:00,37.007,14.649,2.073,3.875,1.6146,MQTT,actuator
2025-01-22T02:03:00,53.275,11.9,2.116,4.234,1.5319,MQTT,env_sensor
2025-01-22T09:20:00,1200.352,89.713,7.042,51.317,1.0821,HTTPS,gateway
2025-01-23T02:57:00,25.617,227.146,3.421,0.258,0.226,LoRaWAN,smart_meter
2025-01-22T05:58:00,2441.754,102.508,4.339,103.195,0.9469,HTTPS,camera
2025-01-22T09:13:00,15.461,99.978,0.616,0.749,2.9445,MQTT,smart_meter
2025-01-23T12:00:00,99.694,25.899,1.811,11.386,0.2643,MQTT,actuator
2025-01-23T13:39:00,1661.005,54.836,0.1,276.203,0.0411,HTTPS,camera
2025-01-22T20:06:00,1034.87,34.393,7.205,70.386,0.4828,HTTPS,camera
2025-01-23T06:02:00,682.009,54.568,10.56,26.33,2.4506,CoAP,gateway
2025-01-23T00:50:00,3429.393,67.978,8.705,170.639,0.0,HTTPS,camera
2025-01-22T03:25:00,125.042,13.764,9.412,12.234,2.0895,CoAP,actuator
2025-01-22T18:43:00,1277.269,48.719,3.506,184.038,0.6533,HTTPS,camera
2025-01-23T09:53:00,123.09,9.838,7.95,7.834,0.6134,MQTT,actuator
2025-01-22T06:20:00,1317.608,19.437,4.866,52.323,1.008,HTTPS,gateway
2025-01-21T20:54:00,84.039,14.452,8.464,5.647,1.3765,MQTT,actuator
2025-01-23T04:58:00,88.757,20.133,3.138,4.002,0.0,MQTT,env_sensor
2025-01-23T03:47:00,29.753,150.929,1.844,0.599,1.4122,LoRaWAN,smart_meter
2025-01-23T10:57:00,18.543,151.909,1.559,0.481,2.0022,LoRaWAN,smart_meter
2025-01-22T23:43:00,1261.153,85.182,5.65,9.584,1.0832,CoAP,camera
2025-01-22T11:39:00,936.231,14.36,9.278,48.678,0.7674,CoAP,camera
2025-01-23T09:07:00,22.154,90.0,1.168,0.659,2.8408,MQTT,smart_meter
2025-01-22T18:26:00,1386.481,67.438,8.838,143.064,0.5079,HTTPS,camera
2025-01-21T21:44:00,122.354,15.155,4.409,10.149,1.1727,MQTT,actuator
2025-01-21T22:05:00,46.618,18.317,1.779,2.798,2.4734,MQTT,env_sensor
2025-01-23T00:50:00,104.696,20.378,11.806,2.848,0.8699,MQTT,actuator
2025-01-22T23:00:00,92.419,6.626,0.985,4.736,1.6077,MQTT,env_sensor
2025-01-23T06:07:00,153.027,19.05,7.248,9.164,0.9459,MQTT,actuator
2025-01-21T21:31:00,47.496,133.545,1.73,0.05,3.3229,LoRaWAN,smart_meter
2025-01-22T13:23:00,99.946,12.624,8.682,7.619,1.4641,MQTT,actuator
2025-01-22T00:58:00,29.167,28.912,2.493,6.173,1.1235,MQTT,env_sensor
2025-01-22T14:48:00,94.393,8.684,8.36,5.155,0.0,CoAP,actuator
2025-01-22T11:16:00,55.918,6.972,2.851,6.234,0.8893,MQTT,env_sensor
2025-01-22T20:37:00,71.456,26.628,2.597,2.18,1.7721,MQTT,env_sensor
2025-01-23T10:35:00,1160.253,147.573,5.226,158.814,0.323,HTTPS,camera
2025-01-23T09:29:00,469.986,47.882,16.932,24.186,1.0443,CoAP,gateway
2025-01-22T16:35:00,1531.379,43.701,5.423,132.079,1.6652,HTTPS,gateway
2025-01-22T14:41:00,365.738,54.287,9.988,173.815,1.2679,CoAP,gateway
2025-01-23T11:47:00,33.784,13.344,3.086,5.967,2.5472,MQTT,env_sensor
2025-01-22T15:39:00,60.753,1.0,2.467,2.751,4.0064,MQTT,env_sensor
2025-01-22T08:34:00,64.268,22.747,0.921,1.456,1.7765,MQTT,env_sensor
2025-01-22T01:20:00,149.893,16.074,2.446,3.518,0.6395,MQTT,actuator
2025-01-22T13:58:00,666.987,54.054,16.364,70.836,0.6943,HTTPS,gateway
2025-01-23T02:26:00,732.337,57.58,0.1,0.05,2.5007,CoAP,gateway
2025-01-22T10:23:00,89.834,3.939,5.143,1.138,0.0405,MQTT,env_sensor
2025-01-22T13:18:00,67.764,27.362,3.266,3.956,1.1885,MQTT,env_sensor
2025-01-22T06:18:00,24.088,176.462,5.74,0.411,6.4218,LoRaWAN,smart_meter
2025-01-22T11:55:00,847.717,37.674,14.713,0.05,0.8255,CoAP,gateway
2025-01-22T03:23:00,2075.651,41.339,1.777,62.388,0.0,HTTPS,camera
2025-01-23T11:15:00,115.631,30.104,6.419,8.868,1.1343,MQTT,actuator
2025-01-23T01:08:00,129.357,15.457,9.586,2.775,1.409,MQTT,actuator
2025-01-22T10:00:00,1276.874,59.77,1.817,135.519,0.3378,HTTPS,camera
2025-01-22T10:45:00,83.16,35.197,6.014,9.238,0.0,CoAP,env_sensor
2025-01-21T22:54:00,67.127,16.371,4.43,4.72,0.7813,MQTT,env_sensor
2025-01-22T21:07:00,808.311,54.631,17.893,82.615,0.6261,HTTPS,gateway
2025-01-22T01:26:00,52.255,23.247,0.676,4.764,1.0691,MQTT,env_sensor
2025-01-22T11:16:00,98.047,13.845,6.232,0.821,0.7967,MQTT,actuator
2025-01-23T08:26:00,1486.574,62.085,9.818,164.704,1.1625,HTTPS,camera
2025-01-23T04:47:00,112.223,1.522,6.861,13.867,1.1886,MQTT,actuator
2025-01-22T08:56:00,62.879,26.256,2.057,0.583,1.3468,MQTT,env_sensor
2025-01-22T16:33:00,115.354,26.398,2.632,1.891,1.7253,MQTT,env_sensor
2025-01-22T06:51:00,130.604,10.439,4.581,2.903,0.0,MQTT,actuator
2025-01-22T05:24:00,2531.452,1.0,3.385,110.62,0.1841,HTTPS,camera
2025-01-22T09:09:00,166.247,23.804,8.011,10.336,1.305,MQTT,actuator
2025-01-22T22:57:00,129.147,26.409,4.916,10.447,0.5338,MQTT,actuator
2025-01-22T01:54:00,94.306,12.6,5.058,10.96,0.0,MQTT,env_sensor
2025-01-22T00:34:00,24.487,183.248,3.818,0.05,0.4689,LoRaWAN,smart_meter
2025-01-22T06:53:00,136.675,23.426,4.172,13.097,0.263,MQTT,actuator
2025-01-22T11:22:00,32.388,171.441,1.55,0.195,2.835,LoRaWAN,smart_meter
2025-01-23T11:33:00,2345.297,25.468,0.1,84.065,0.9177,HTTPS,camera
2025-01-22T23:56:00,73.725,24.098,5.709,0.05,0.1851,MQTT,env_sensor
2025-01-23T01:05:00,23.629,224.455,2.57,0.05,5.2033,LoRaWAN,smart_meter
2025-01-23T06:57:00,161.369,8.69,1.729,8.029,1.7003,MQTT,actuator
2025-01-23T05:40:00,1338.065,28.383,6.158,103.801,0.3918,HTTPS,camera
2025-01-22T05:34:00,20.915,134.922,0.948,0.611,3.2942,LoRaWAN,smart_meter
2025-01-22T22:08:00,140.826,18.062,8.369,12.904,1.8257,MQTT,actuator
2025-01-22T15:43:00,27.761,228.088,1.866,0.261,2.365,LoRaWAN,smart_meter
2025-01-21T21:48:00,60.259,2.083,0.776,2.946,1.0254,MQTT,env_sensor
2025-01-22T23:50:00,1969.209,81.127,0.1,76.696,1.038,HTTPS,camera
2025-01-23T02:03:00,1293.128,54.433,0.1,78.28,1.1806,HTTPS,camera
2025-01-23T07:49:00,851.677,52.767,8.222,45.627,2.5256,CoAP,gateway
2025-01-22T01:59:00,380.603,46.715,1.933,35.724,1.0746,CoAP,camera
2025-01-23T09:27:00,130.629,13.307,0.423,2.275,0.5884,MQTT,actuator
2025-01-23T07:12:00,82.147,20.76,3.3,4.532,1.2953,MQTT,env_sensor
2025-01-22T22:58:00,26.363,158.524,0.915,0.791,2.9605,LoRaWAN,smart_meter
2025-01-22T23:42:00,1284.107,71.468,4.856,126.915,1.0111,HTTPS,camera
2025-01-22T16:32:00,39.669,124.162,1.898,0.05,0.4592,LoRaWAN,smart_meter
2025-01-22T00:51:00,1054.378,46.03,4.603,40.358,0.2801,HTTPS,camera
2025-01-23T12:20:00,682.995,36.642,7.516,88.486,0.6925,HTTPS,gateway
2025-01-22T07:35:00,85.976,28.444,1.673,12.771,0.6014,MQTT,actuator
2025-01-23T04:47:00,615.917,52.535,12.051,0.05,0.825,HTTPS,gateway
2025-01-22T17:14:00,922.11,58.048,0.1,111.187,0.617,HTTPS,gateway
2025-01-22T22:24:00,22.364,241.164,1.041,0.155,2.4474,LoRaWAN,smart_meter
2025-01-22T04:16:00,108.825,22.107,7.411,3.179,0.3934,CoAP,actuator
2025-01-21T23:36:00,137.98,23.187,5.86,10.349,0.3516,MQTT,actuator
2025-01-23T11:48:00,81.629,18.835,5.885,6.661,0.6928,CoAP,env_sensor
2025-01-23T05:34:00,95.005,24.569,6.43,8.737,0.2328,CoAP,actuator
2025-01-23T03:10:00,2700.267,81.91,4.134,219.421,0.3677,HTTPS,camera
2025-01-22T12:02:00,1215.393,87.932,8.583,8.905,0.6556,HTTPS,gateway
2025-01-22T05:49:00,112.918,44.542,6.548,76.671,0.0,HTTPS,gateway
2025-01-22T14:48:00,1802.242,69.443,5.355,77.26,0.3394,HTTPS,camera
2025-01-22T11:23:00,10.599,169.545,3.254,0.05,0.0,LoRaWAN,smart_meter
2025-01-23T13:19:00,1889.629,99.275,6.921,51.709,0.3685,HTTPS,camera
2025-01-22T03:20:00,21.808,294.986,0.978,0.768,3.5007,LoRaWAN,smart_meter
2025-01-21T21:13:00,32.009,209.236,1.381,0.138,3.9253,LoRaWAN,smart_meter
2025-01-23T11:32:00,75.74,19.776,9.499,10.318,0.217,CoAP,actuator
2025-01-22T19:00:00,1256.355,54.958,9.894,88.852,1.786,HTTPS,gateway
2025-01-21T20:43:00,147.383,21.649,9.663,9.297,1.7488,MQTT,actuator
2025-01-22T21:12:00,61.013,17.202,2.336,7.558,1.4411,MQTT,env_sensor
2025-01-22T10:56:00,87.735,4.418,4.323,0.362,1.2741,MQTT,actuator
2025-01-22T07:28:00,1254.494,42.636,6.963,17.967,0.0,HTTPS,gateway
2025-01-22T03:12:00,91.268,11.674,0.416,7.911,0.7502,MQTT,actuator
2025-01-21T22:52:00,882.732,55.507,6.072,50.622,2.8359,CoAP,gateway
2025-01-23T10:16:00,55.086,1.0,1.697,0.05,1.5665,MQTT,env_sensor
2025-01-22T10:04:00,177.771,15.576,8.132,5.113,0.0,MQTT,actuator
2025-01-22T13:40:00,877.984,53.483,5.428,0.05,1.6599,CoAP,camera
2025-01-23T03:12:00,95.22,17.589,3.626,4.556,2.2675,MQTT,actuator
2025-01-23T09:45:00,32.045,176.701,1.306,0.581,4.82,LoRaWAN,smart_meter
2025-01-22T00:03:00,1498.878,62.365,8.967,103.362,1.8624,HTTPS,gateway
2025-01-23T11:15:00,20.259,225.478,1.506,0.604,2.3381,LoRaWAN,smart_meter
2025-01-22T03:08:00,534.02,4.021,6.754,124.939,1.3506,CoAP,camera
2025-01-22T03:51:00,39.91,183.085,1.867,0.05,3.0857,LoRaWAN,smart_meter
2025-01-22T20:40:00,97.63,18.823,7.797,9.68,1.4324,CoAP,actuator
2025-01-22T21:35:00,34.611,215.813,1.84,0.093,1.8993,MQTT,smart_meter
2025-01-22T11:09:00,1209.754,12.858,3.372,0.05,0.0,HTTPS,gateway
2025-01-22T21:29:00,1550.673,33.361,6.344,53.166,1.2071,HTTPS,camera
2025-01-23T13:12:00,61.915,22.564,0.1,3.16,0.622,MQTT,env_sensor
2025-01-22T17:53:00,102.728,5.249,3.827,2.941,1.3314,MQTT,env_sensor
2025-01-23T07:07:00,121.233,20.991,2.482,10.409,0.2724,MQTT,actuator
2025-01-22T02:39:00,647.288,28.05,8.552,130.037,1.0609,CoAP,gateway
2025-01-22T07:32:00,84.168,12.6,6.155,8.219,0.3575,CoAP,actuator
2025-01-22T12:10:00,665.458,1.943,4.209,65.162,0.0,HTTPS,gateway
2025-01-22T06:37:00,331.055,51.621,8.7,97.89,1.5647,CoAP,gateway
2025-01-23T05:43:00,1426.884,55.67,0.1,136.598,0.0075,HTTPS,gateway
2025-01-22T21:02:00,118.524,23.108,5.309,5.551,1.282,MQTT,actuator
2025-01-21T23:09:00,982.094,46.983,2.324,49.285,0.8616,HTTPS,gateway
2025-01-22T07:28:00,84.568,19.967,1.018,6.562,0.3062,MQTT,env_sensor
2025-01-21T23:51:00,54.398,10.406,4.697,5.175,0.9887,MQTT,env_sensor
2025-01-22T00:50:00,104.023,72.676,0.1,77.581,1.1341,MQTT,camera
2025-01-23T05:17:00,76.788,26.482,4.958,0.05,0.4429,MQTT,env_sensor
2025-01-22T03:43:00,107.068,13.324,4.336,7.978,0.2108,MQTT,actuator
2025-01-22T09:57:00,104.104,19.226,2.183,8.4,2.2713,MQTT,actuator
2025-01-22T10:17:00,991.598,65.296,12.656,40.243,0.9938,CoAP,gateway
2025-01-22T10:11:00,12.704,270.401,0.543,0.423,4.2726,LoRaWAN,smart_meter
2025-01-21T21:53:00,1820.347,36.37,1.359,30.371,1.1663,HTTPS,camera
2025-01-21T20:34:00,109.729,28.432,4.09,9.19,0.6025,MQTT,env_sensor
2025-01-23T03:07:00,57.407,25.276,4.73,6.231,0.6614,MQTT,env_sensor
2025-01-21T22:12:00,114.047,25.296,6.047,11.415,1.3866,MQTT,actuator
2025-01-22T22:43:00,1791.878,8.92,4.245,196.302,0.5944,HTTPS,camera
2025-01-22T17:10:00,118.791,23.103,6.182,13.342,2.4053,MQTT,actuator
2025-01-22T20:57:00,3522.937,27.438,0.964,140.361,0.9477,HTTPS,camera
2025-01-23T03:01:00,1533.054,34.716,0.1,77.165,0.1729,HTTPS,camera
2025-01-22T01:36:00,73.759,30.141,0.1,0.05,0.7447,MQTT,env_sensor
2025-01-21T21:24:00,512.991,56.551,4.753,98.039,1.1559,MQTT,gateway
2025-01-23T10:23:00,123.739,29.49,9.502,4.534,0.7113,MQTT,actuator
2025-01-22T03:19:00,93.732,30.098,2.289,1.246,0.5801,MQTT,env_sensor
2025-01-22T05:53:00,762.836,49.013,1.239,78.457,0.2153,HTTPS,gateway
2025-01-22T09:10:00,796.689,85.37,8.57,24.189,0.868,HTTPS,camera
2025-01-23T01:26:00,1813.694,42.341,3.258,118.044,1.9128,HTTPS,camera
2025-01-21T21:03:00,96.733,22.676,9.389,0.05,0.8011,MQTT,actuator
2025-01-21T22:05:00,32.092,117.411,4.47,0.05,2.6648,LoRaWAN,smart_meter
2025-01-22T13:29:00,114.344,14.207,5.647,11.352,0.2962,MQTT,actuator
2025-01-22T13:58:00,2039.121,24.882,2.626,165.916,0.0052,HTTPS,camera
2025-01-23T02:18:00,2387.783,75.288,0.101,28.367,0.3918,HTTPS,camera
2025-01-23T03:26:00,2811.118,49.165,4.181,164.457,1.478,HTTPS,camera
2025-01-22T09:39:00,1603.6,50.918,5.885,138.307,0.7397,HTTPS,camera
2025-01-22T18:28:00,72.826,23.388,3.626,2.448,1.7992,MQTT,env_sensor
2025-01-23T04:27:00,31.475,219.786,2.235,0.835,3.2863,LoRaWAN,smart_meter
2025-01-22T03:31:00,28.343,208.679,1.869,0.291,0.0,LoRaWAN,smart_meter
2025-01-22T10:20:00,142.224,31.65,2.275,3.013,0.5306,MQTT,env_sensor
2025-01-22T13:59:00,28.516,183.579,3.349,0.847,1.0422,LoRaWAN,smart_meter
2025-01-22T17:47:00,114.814,17.168,7.627,4.876,0.5064,MQTT,actuator
2025-01-22T08:30:00,315.373,62.311,8.511,115.006,0.683,HTTPS,camera
2025-01-23T08:16:00,2830.764,55.439,0.1,190.002,0.0,HTTPS,camera
2025-01-22T04:48:00,34.59,152.226,0.801,0.165,3.1776,LoRaWAN,smart_meter
2025-01-23T05:22:00,2955.775,10.271,8.873,81.268,0.5063,HTTPS,camera
2025-01-23T01:07:00,1721.197,78.018,2.583,121.425,0.3857,HTTPS,camera
2025-01-22T12:13:00,1753.472,43.363,7.111,127.065,1.1263,HTTPS,camera
2025-01-23T00:40:00,60.959,35.593,2.758,2.43,1.5091,MQTT,env_sensor
2025-01-22T05:51:00,33.175,133.002,0.1,0.05,3.0937,LoRaWAN,smart_meter
2025-01-22T08:02:00,1186.583,99.564,0.1,171.087,0.2473,HTTPS,camera
2025-01-22T19:32:00,45.959,21.82,2.041,4.888,2.2449,MQTT,env_sensor
2025-01-22T06:17:00,405.86,49.438,4.877,0.05,0.7342,HTTPS,gateway
2025-01-22T01:08:00,1941.404,33.276,0.625,125.073,1.3524,HTTPS,camera
2025-01-22T13:46:00,2102.184,65.9,4.492,202.063,1.8214,HTTPS,camera
2025-01-22T09:38:00,65.737,32.208,3.138,5.418,2.3058,MQTT,env_sensor
2025-01-22T11:55:00,25.075,257.306,2.644,0.1,0.1575,LoRaWAN,smart_meter
2025-01-23T04:01:00,1917.393,56.463,0.499,208.787,0.8509,HTTPS,camera
2025-01-22T17:14:00,191.721,11.778,4.721,0.05,2.2237,MQTT,actuator
2025-01-23T00:04:00,79.203,19.473,4.165,1.374,2.4691,MQTT,env_sensor
2025-01-22T11:33:00,148.519,21.021,5.3,16.05,0.8445,CoAP,actuator
2025-01-23T00:51:00,103.167,7.777,6.895,8.653,0.2224,MQTT,actuator
2025-01-22T17:21:00,109.224,10.618,2.788,0.05,0.0,MQTT,env_sensor
2025-01-23T07:22:00,792.459,22.7,3.228,98.664,1.7868,MQTT,gateway
2025-01-22T08:33:00,94.888,34.605,4.909,6.907,1.9689,MQTT,env_sensor
2025-01-23T07:36:00,472.561,66.867,5.224,126.678,0.0,HTTPS,gateway
2025-01-22T20:57:00,31.62,148.532,3.727,0.604,0.0,LoRaWAN,smart_meter
2025-01-21T20:44:00,65.301,20.853,2.784,7.268,1.0498,MQTT,env_sensor
2025-01-22T14:01:00,32.163,271.686,0.827,0.05,4.5732,LoRaWAN,smart_meter
2025-01-23T04:22:00,56.763,41.956,4.139,5.004,2.2746,MQTT,env_sensor
2025-01-23T05:02:00,41.835,195.999,2.775,0.26,2.2455,LoRaWAN,smart_meter
2025-01-22T13:52:00,2034.047,69.536,0.1,141.629,0.1177,HTTPS,camera
2025-01-22T01:52:00,118.136,28.352,6.198,15.598,2.2842,MQTT,actuator
2025-01-22T22:59:00,137.381,31.578,7.477,5.031,1.607,CoAP,env_sensor
2025-01-22T17:55:00,2457.295,62.629,9.153,10.152,0.4257,HTTPS,camera
2025-01-23T08:46:00,56.348,5.15,7.636,6.051,0.2042,MQTT,actuator
2025-01-22T11:22:00,1505.163,61.93,16.131,31.899,2.2152,MQTT,gateway
2025-01-23T02:34:00,25.02,279.357,2.007,0.64,1.9447,LoRaWAN,smart_meter
2025-01-22T13:31:00,1963.568,78.515,13.561,9.545,1.0819,CoAP,gateway
2025-01-21T21:18:00,23.427,206.032,1.057,0.665,4.3201,LoRaWAN,smart_meter
2025-01-23T10:15:00,265.585,29.186,8.58,56.456,0.7555,HTTPS,gateway
2025-01-22T17:30:00,97.041,27.58,0.509,7.87,1.7981,MQTT,env_sensor
2025-01-23T04:25:00,984.975,8.294,9.093,76.757,1.7461,CoAP,gateway
2025-01-23T02:21:00,22.726,121.691,1.216,0.554,5.2156,LoRaWAN,smart_meter
2025-01-22T09:40:00,2111.086,74.518,2.883,105.025,1.3922,HTTPS,camera
2025-01-23T13:10:00,40.0,277.911,0.134,0.551,0.1982,LoRaWAN,smart_meter
2025-01-22T09:43:00,137.807,19.856,3.422,7.121,0.8509,MQTT,actuator
2025-01-21T23:16:00,16.215,157.277,2.32,0.05,4.0572,LoRaWAN,smart_meter
2025-01-23T13:30:00,837.539,47.188,7.347,0.05,0.8941,CoAP,gateway
2025-01-21T21:56:00,2261.077,14.789,1.096,0.05,0.0,HTTPS,camera
2025-01-23T08:30:00,80.74,30.913,0.802,1.321,1.7453,MQTT,env_sensor
2025-01-23T01:00:00,135.819,9.373,5.256,3.364,2.0888,MQTT,actuator
2025-01-22T02:31:00,819.386,51.399,2.699,15.804,1.6093,MQTT,gateway
2025-01-22T07:47:00,32.834,160.189,3.61,0.399,2.229,LoRaWAN,smart_meter
2025-01-22T19:12:00,130.387,25.917,4.23,9.522,0.406,MQTT,actuator
2025-01-23T11:41:00,80.133,33.491,4.59,0.455,0.0,HTTPS,env_sensor
2025-01-22T17:39:00,11.188,31.634,3.64,1.885,2.4792,MQTT,env_sensor
2025-01-22T01:18:00,84.888,36.85,4.961,2.204,2.0721,MQTT,env_sensor
2025-01-22T06:31:00,702.888,72.194,5.965,75.637,2.1624,CoAP,gateway
2025-01-22T12:23:00,30.598,157.597,0.85,0.89,5.666,LoRaWAN,smart_meter
2025-01-23T01:55:00,37.929,203.281,0.6,0.514,4.2018,LoRaWAN,smart_meter
2025-01-22T04:28:00,2889.079,100.213,0.1,143.534,0.4447,HTTPS,camera
2025-01-22T12:09:00,25.984,32.549,4.433,4.997,0.0,MQTT,env_sensor
2025-01-22T03:53:00,859.568,1.0,5.992,114.076,1.5089,CoAP,gateway
2025-01-23T03:17:00,965.107,62.492,5.961,131.812,1.4149,CoAP,camera
2025-01-23T06:32:00,29.148,213.179,1.765,0.174,1.0638,LoRaWAN,smart_meter
2025-01-23T03:55:00,1843.854,84.13,4.994,48.623,0.929,HTTPS,camera
2025-01-22T04:27:00,8.0,10.964,4.811,4.51,0.5817,MQTT,env_sensor
2025-01-22T14:14:00,88.873,14.756,0.432,1.07,0.7203,MQTT,env_sensor
2025-01-21T20:58:00,1184.891,42.731,3.721,131.238,0.589,HTTPS,gateway
2025-01-22T19:52:00,1584.071,62.871,5.324,123.91,0.0,HTTPS,gateway
2025-01-23T02:59:00,25.932,173.826,2.895,0.67,2.948,LoRaWAN,smart_meter
2025-01-22T13:21:00,1028.921,32.852,12.088,100.649,0.876,HTTPS,gateway
2025-01-22T06:11:00,165.981,13.546,1.337,12.806,0.6074,MQTT,actuator
2025-01-22T09:20:00,37.403,192.662,1.335,0.122,4.9184,LoRaWAN,smart_meter
2025-01-22T23:15:00,96.521,22.405,0.1,9.198,1.0066,MQTT,env_sensor
2025-01-22T07:53:00,1510.42,60.56,8.832,70.661,0.8588,HTTPS,gateway
2025-01-23T08:46:00,70.461,6.593,0.1,5.104,2.9871,MQTT,env_sensor
2025-01-23T11:22:00,28.662,26.378,3.579,4.881,3.1201,MQTT,env_sensor
2025-01-23T13:38:00,51.479,20.448,4.813,4.597,0.5102,MQTT,env_sensor
2025-01-22T04:40:00,645.433,61.068,6.55,75.195,0.1501,HTTPS,gateway
2025-01-21T23:39:00,985.17,62.74,7.538,1.76,1.5074,CoAP,gateway
2025-01-22T04:14:00,1139.336,46.492,9.715,78.73,1.6328,HTTPS,gateway
2025-01-21T22:47:00,106.713,20.802,0.1,11.793,2.8558,MQTT,actuator
2025-01-22T13:58:00,39.785,37.876,2.809,0.05,1.4199,MQTT,env_sensor
2025-01-21T20:30:00,113.651,23.704,0.1,0.253,1.8874,MQTT,env_sensor
2025-01-22T20:04:00,112.69,12.182,2.564,6.42,0.3235,MQTT,actuator
2025-01-22T06:23:00,118.353,15.996,3.555,14.113,0.7093,MQTT,actuator
2025-01-23T05:25:00,910.353,39.832,15.199,60.814,0.4118,HTTPS,gateway
2025-01-22T05:26:00,110.085,48.769,1.773,6.8,1.721,MQTT,env_sensor
2025-01-22T06:02:00,18.544,70.764,1.402,0.398,2.6056,MQTT,smart_meter
2025-01-21T22:10:00,123.003,16.125,2.383,14.806,0.7291,MQTT,actuator
2025-01-22T01:49:00,519.401,95.128,7.18,159.513,0.7018,HTTPS,camera
2025-01-23T04:05:00,1252.976,67.656,7.474,182.233,0.1809,HTTPS,camera
2025-01-22T15:39:00,8.0,66.016,8.978,49.245,0.0,CoAP,gateway
2025-01-21T21:45:00,117.002,17.995,7.94,9.137,0.3253,MQTT,actuator
2025-01-23T09:41:00,1567.095,126.434,5.804,29.571,0.8406,HTTPS,camera
2025-01-22T13:17:00,42.908,245.306,1.706,0.05,0.0,LoRaWAN,smart_meter
2025-01-23T02:32:00,1079.136,44.765,17.438,86.493,1.1426,HTTPS,gateway
2025-01-21T21:30:00,16.624,209.642,0.1,0.467,4.349,LoRaWAN,smart_meter
2025-01-23T07:10:00,27.414,180.717,3.295,0.05,1.088,LoRaWAN,smart_meter
2025-01-23T08:59:00,30.276,251.029,1.66,0.499,2.0498,LoRaWAN,smart_meter
2025-01-22T12:48:00,90.468,31.608,3.272,2.657,1.2155,MQTT,env_sensor
2025-01-22T20:22:00,44.839,21.406,3.479,6.729,0.2235,MQTT,env_sensor
2025-01-22T02:58:00,110.024,50.596,4.29,8.409,0.0,MQTT,env_sensor
2025-01-22T18:32:00,56.05,24.587,2.754,7.454,0.8252,MQTT,env_sensor
2025-01-22T05:59:00,64.257,34.341,2.07,6.754,1.8867,MQTT,env_sensor
2025-01-23T00:27:00,76.842,30.088,1.565,0.05,2.8768,MQTT,env_sensor
2025-01-23T04:31:00,450.499,72.524,4.496,72.949,0.0,HTTPS,gateway
2025-01-22T16:13:00,485.014,40.415,15.386,41.943,0.9534,CoAP,gateway
2025-01-23T12:17:00,2186.47,40.949,3.947,109.731,0.211,HTTPS,camera
2025-01-22T12:01:00,81.746,20.723,8.989,1.09,2.7299,CoAP,env_sensor
2025-01-22T10:45:00,24.732,305.741,2.066,0.05,6.2967,LoRaWAN,smart_meter
2025-01-22T23:02:00,43.157,32.791,3.711,9.036,2.5461,MQTT,env_sensor
2025-01-22T12:58:00,59.822,30.813,2.677,6.606,1.3008,MQTT,env_sensor
2025-01-22T12:50:00,702.007,31.156,13.34,50.188,0.253,HTTPS,gateway
2025-01-22T00:55:00,34.545,176.578,2.215,0.583,4.2866,LoRaWAN,smart_meter
2025-01-21T20:13:00,39.875,269.046,1.682,0.05,1.7144,LoRaWAN,smart_meter
2025-01-22T13:50:00,118.149,31.109,3.805,6.541,2.3787,MQTT,env_sensor
2025-01-22T15:23:00,560.8,34.664,0.1,25.643,2.1117,CoAP,gateway
2025-01-21T23:59:00,1138.393,88.24,6.477,145.078,0.6462,HTTPS,camera
2025-01-23T03:31:00,22.263,184.402,1.562,0.05,2.2735,LoRaWAN,smart_meter
2025-01-22T19:24:00,25.01,1.0,2.971,0.407,3.2981,MQTT,smart_meter
2025-01-23T11:45:00,68.529,11.08,0.943,7.368,0.8779,MQTT,env_sensor
2025-01-22T21:50:00,33.612,23.435,1.713,8.629,0.7731,MQTT,env_sensor
2025-01-23T03:01:00,88.725,9.919,0.1,6.992,1.3061,MQTT,env_sensor
2025-01-23T01:28:00,2006.735,92.48,1.724,175.112,0.095,HTTPS,camera
2025-01-22T11:01:00,963.976,61.149,0.1,125.149,0.0,HTTPS,camera
2025-01-22T15:21:00,1621.046,95.791,2.806,143.666,0.3744,HTTPS,camera
2025-01-22T03:04:00,1260.698,1.0,13.46,46.202,1.6894,MQTT,gateway
2025-01-22T09:00:00,127.959,8.846,2.417,4.767,0.257,MQTT,actuator
2025-01-23T04:03:00,82.416,17.464,3.219,5.948,2.1122,MQTT,env_sensor
2025-01-23T06:55:00,84.796,44.133,2.495,0.395,0.0,HTTPS,env_sensor
2025-01-22T18:00:00,153.403,32.591,3.84,2.526,0.0864,MQTT,actuator
2025-01-22T11:34:00,123.008,20.659,6.694,9.317,0.7058,CoAP,actuator
2025-01-23T08:51:00,905.497,26.244,7.589,17.654,2.3428,CoAP,gateway
2025-01-22T02:42:00,1950.737,93.83,0.1,192.271,0.2261,HTTPS,camera
2025-01-22T13:55:00,139.906,16.641,3.871,3.567,1.189,MQTT,actuator
2025-01-23T05:23:00,935.616,69.787,2.648,112.147,0.8755,HTTPS,camera
2025-01-22T18:22:00,63.58,11.777,6.55,12.995,1.2579,CoAP,actuator
2025-01-22T14:54:00,1490.828,45.616,0.617,75.306,0.2444,HTTPS,camera
2025-01-23T12:06:00,13.467,138.54,4.645,0.989,1.5774,LoRaWAN,smart_meter
2025-01-21T21:36:00,18.903,206.909,2.412,0.403,0.0,LoRaWAN,smart_meter
2025-01-22T18:09:00,164.131,11.267,3.554,10.653,1.4668,MQTT,actuator
2025-01-23T11:03:00,38.008,192.167,2.968,0.095,0.5518,LoRaWAN,smart_meter
2025-01-22T20:29:00,1176.585,93.231,2.864,27.073,0.3504,HTTPS,gateway
2025-01-23T12:13:00,82.159,3.768,5.795,6.298,1.9297,MQTT,actuator
2025-01-22T02:50:00,66.254,23.998,4.622,5.776,1.6716,MQTT,actuator
2025-01-23T13:07:00,107.423,26.147,8.821,2.642,1.1623,CoAP,actuator
2025-01-21T23:28:00,90.669,28.953,0.1,0.05,2.2112,MQTT,env_sensor
2025-01-23T06:00:00,2316.281,43.547,0.334,74.876,1.0308,HTTPS,camera
2025-01-22T18:35:00,1426.596,39.101,7.43,67.552,0.375,HTTPS,gateway
2025-01-22T11:26:00,947.626,2.652,9.231,134.985,3.2373,CoAP,gateway
2025-01-23T06:50:00,70.256,50.524,3.325,1.509,2.9955,MQTT,env_sensor
2025-01-22T18:05:00,130.733,17.894,0.733,8.727,1.4124,MQTT,actuator
2025-01-22T19:39:00,57.202,20.661,3.67,6.608,1.1946,MQTT,env_sensor
2025-01-22T13:25:00,29.388,211.768,1.141,0.308,2.9139,MQTT,smart_meter
2025-01-22T22:23:00,1709.629,47.005,5.769,39.189,0.8139,HTTPS,camera
2025-01-22T03:57:00,29.909,176.419,2.705,0.5,4.6062,LoRaWAN,smart_meter
2025-01-21T22:26:00,1869.437,21.848,11.487,61.825,0.0,HTTPS,gateway
2025-01-23T03:22:00,2450.414,85.246,5.811,149.524,1.0275,HTTPS,camera
2025-01-23T02:16:00,931.75,61.997,7.724,52.104,0.9442,HTTPS,gateway
2025-01-22T00:07:00,58.66,34.323,0.526,5.595,2.5241,MQTT,env_sensor
2025-01-22T11:08:00,46.637,224.206,1.731,0.192,5.1765,LoRaWAN,smart_meter
2025-01-22T18:33:00,77.17,26.516,1.993,9.07,2.1135,MQTT,env_sensor
2025-01-22T06:30:00,103.494,4.241,6.75,4.318,1.0281,MQTT,actuator
2025-01-22T02:01:00,1482.402,72.593,4.98,121.092,0.1503,HTTPS,camera
2025-01-22T02:47:00,74.91,26.253,2.253,11.674,1.6655,MQTT,actuator
2025-01-22T01:14:00,640.655,85.205,10.232,96.067,1.0307,CoAP,gateway
2025-01-23T00:49:00,98.282,20.684,4.694,7.563,0.2212,MQTT,actuator
2025-01-23T08:14:00,1327.409,47.539,10.449,0.05,2.3207,CoAP,gateway
2025-01-23T05:18:00,31.35,207.688,4.678,0.067,5.8464,LoRaWAN,smart_meter
2025-01-22T00:58:00,1244.351,21.499,4.509,172.693,0.6576,HTTPS,camera
2025-01-22T12:40:00,20.976,238.189,4.44,0.439,1.4816,LoRaWAN,smart_meter
2025-01-21T23:20:00,261.547,35.39,15.214,108.61,2.3463,CoAP,gateway
2025-01-22T07:09:00,500.368,18.925,11.478,67.256,1.1052,MQTT,gateway
2025-01-22T05:46:00,1462.971,38.717,6.432,34.314,1.5431,CoAP,gateway
2025-01-22T12:17:00,1144.08,32.457,6.536,79.161,0.0,HTTPS,gateway
2025-01-22T21:43:00,122.812,19.579,10.626,7.105,0.0673,MQTT,actuator
2025-01-22T05:04:00,19.203,181.534,0.1,0.05,3.3269,LoRaWAN,smart_meter
2025-01-22T23:57:00,1007.162,57.744,7.479,180.16,0.7701,HTTPS,camera
2025-01-22T03:55:00,106.857,39.884,3.33,7.293,0.0,MQTT,env_sensor
2025-01-23T02:59:00,51.969,1.0,7.632,13.318,2.241,CoAP,actuator
2025-01-21T20:48:00,19.253,89.64,1.6,0.727,5.8743,LoRaWAN,smart_meter
2025-01-23T11:25:00,874.009,47.027,12.527,133.513,1.8809,CoAP,gateway
2025-01-22T00:23:00,17.872,146.02,4.382,0.576,5.2599,LoRaWAN,smart_meter
2025-01-22T17:38:00,107.172,15.929,2.739,7.781,1.8798,MQTT,actuator
2025-01-22T11:23:00,2006.811,1.0,17.463,77.631,0.584,HTTPS,gateway
2025-01-23T12:57:00,747.927,27.68,15.719,66.526,1.0632,CoAP,gateway
2025-01-22T08:17:00,26.836,128.231,4.595,0.643,2.5924,LoRaWAN,smart_meter
2025-01-21T23:18:00,129.31,24.303,0.758,9.051,1.0149,MQTT,actuator
2025-01-22T00:42:00,1286.732,56.306,1.3,190.209,0.9516,HTTPS,camera
2025-01-23T11:03:00,64.71,1.0,5.285,3.479,1.242,MQTT,env_sensor
2025-01-22T00:54:00,718.601,20.928,12.007,71.415,0.6896,HTTPS,gateway
2025-01-23T07:34:00,41.814,274.462,2.725,0.08,3.3572,LoRaWAN,smart_meter
2025-01-22T20:39:00,74.726,7.223,2.064,9.76,0.0,MQTT,env_sensor
2025-01-23T06:32:00,109.048,18.05,12.339,9.472,1.5149,MQTT,actuator
2025-01-22T22:33:00,23.655,176.996,2.221,0.456,6.3662,LoRaWAN,smart_meter
2025-01-21T22:47:00,1796.81,96.301,5.6,186.091,0.2236,HTTPS,camera
2025-01-22T10:43:00,226.971,66.657,0.21,63.876,1.7847,MQTT,gateway
2025-01-23T01:02:00,133.446,31.461,6.971,0.05,0.331,CoAP,env_sensor
2025-01-22T10:22:00,140.306,28.072,11.342,52.671,0.114,MQTT,gateway
2025-01-22T21:41:00,56.509,33.157,3.024,4.037,1.5884,MQTT,env_sensor
2025-01-21T22:57:00,15.678,9.084,3.564,9.298,0.7724,MQTT,env_sensor
2025-01-21T22:39:00,69.09,11.072,9.171,9.282,0.0,MQTT,actuator
2025-01-23T11:32:00,27.422,207.867,0.1,0.818,2.8236,LoRaWAN,smart_meter
2025-01-22T12:18:00,445.215,43.676,8.089,66.649,0.0971,HTTPS,gateway
2025-01-23T07:15:00,126.532,12.831,5.091,9.025,1.3882,MQTT,actuator
2025-01-22T16:00:00,109.691,10.157,10.006,5.059,0.1445,MQTT,actuator
2025-01-21T22:19:00,118.503,9.662,9.039,0.159,1.1261,MQTT,actuator
2025-01-23T00:19:00,378.035,34.407,17.647,60.16,2.0402,CoAP,gateway
2025-01-23T05:49:00,72.908,34.296,4.38,4.671,2.7036,MQTT,env_sensor
2025-01-22T01:54:00,1216.619,70.23,4.624,142.756,0.402,HTTPS,camera
2025-01-22T00:30:00,486.586,36.611,4.558,173.865,0.1854,HTTPS,gateway
2025-01-22T01:22:00,1316.145,89.306,3.85,107.194,0.3289,HTTPS,camera
2025-01-22T14:28:00,580.985,52.153,6.528,85.602,1.4201,CoAP,gateway
2025-01-22T23:49:00,1271.993,54.138,6.401,92.812,1.4276,HTTPS,camera
2025-01-22T08:43:00,3061.299,87.883,0.742,135.61,1.1085,HTTPS,camera
2025-01-23T05:44:00,1581.483,81.393,3.889,164.654,0.7016,HTTPS,camera
2025-01-22T02:23:00,1285.036,31.614,2.573,111.944,0.748,HTTPS,camera
2025-01-22T21:13:00,29.288,200.25,0.1,0.301,1.8698,MQTT,smart_meter
2025-01-22T22:28:00,207.73,83.694,4.699,124.482,2.1164,MQTT,gateway
2025-01-22T21:37:00,957.323,33.812,9.208,31.779,0.0,CoAP,gateway
2025-01-22T19:39:00,21.986,119.533,0.1,0.744,2.2897,LoRaWAN,smart_meter
2025-01-23T07:56:00,2285.896,49.539,2.435,216.547,0.4393,HTTPS,camera
2025-01-22T13:39:00,75.67,16.092,0.1,0.366,2.0306,MQTT,env_sensor
2025-01-22T16:50:00,23.302,152.786,1.95,0.799,1.0131,LoRaWAN,smart_meter
2025-01-23T03:36:00,1514.293,75.643,7.121,161.588,0.9234,HTTPS,camera
2025-01-23T02:04:00,48.428,11.754,0.1,0.05,1.1069,MQTT,env_sensor
2025-01-23T04:07:00,62.828,24.129,0.1,0.807,2.4989,MQTT,env_sensor
2025-01-22T01:08:00,664.791,42.785,8.272,37.424,0.3728,CoAP,gateway
2025-01-22T08:42:00,21.948,116.394,4.417,0.527,2.4273,LoRaWAN,smart_meter
2025-01-23T03:30:00,1548.128,30.255,11.032,40.143,1.6734,CoAP,gateway
2025-01-22T03:28:00,1019.118,115.553,6.374,117.972,0.5019,HTTPS,camera
2025-01-22T22:08:00,572.478,28.666,8.339,49.305,0.1772,CoAP,gateway
2025-01-23T09:18:00,1057.775,35.034,11.176,122.455,1.3819,HTTPS,gateway
2025-01-23T06:51:00,19.549,208.237,0.43,0.642,2.242,LoRaWAN,smart_meter
2025-01-22T20:33:00,1501.157,6.697,14.039,24.525,1.6884,CoAP,gateway
2025-01-22T03:54:00,8.0,37.687,5.995,50.686,1.1823,CoAP,gateway
2025-01-23T09:03:00,1651.602,60.878,3.691,74.968,0.9283,HTTPS,gateway
2025-01-22T01:05:00,101.225,33.239,3.264,5.433,0.7389,MQTT,env_sensor
2025-01-22T00:29:00,23.186,214.715,0.1,0.248,4.2211,LoRaWAN,smart_meter
2025-01-22T01:09:00,2109.154,75.322,8.617,62.731,1.1839,HTTPS,camera
2025-01-22T20:28:00,64.851,1.0,0.131,0.05,0.0,MQTT,env_sensor
2025-01-22T00:52:00,998.847,70.02,9.656,138.402,0.6997,HTTPS,camera
2025-01-22T12:54:00,122.962,24.726,4.301,6.799,0.4433,MQTT,actuator
2025-01-23T02:49:00,806.197,43.214,7.22,78.194,1.4711,CoAP,gateway
2025-01-23T10:24:00,19.756,201.918,2.942,0.854,3.7208,LoRaWAN,smart_meter
2025-01-23T03:28:00,756.47,57.707,16.03,39.115,0.8238,CoAP,gateway
2025-01-22T23:47:00,1002.106,42.276,14.424,0.05,1.9244,CoAP,gateway
2025-01-22T23:24:00,95.022,20.352,6.575,9.919,0.9749,MQTT,actuator
2025-01-22T01:11:00,64.609,17.536,0.1,0.05,2.0845,MQTT,env_sensor
2025-01-22T20:00:00,28.7,324.869,3.908,0.318,4.5861,LoRaWAN,smart_meter
2025-01-22T18:21:00,1035.585,74.126,13.017,52.601,1.1214,HTTPS,gateway
2025-01-22T20:20:00,899.193,19.252,8.126,111.074,0.4067,HTTPS,camera
2025-01-22T08:45:00,51.394,37.471,3.441,2.955,0.8083,MQTT,env_sensor
2025-01-22T05:08:00,2123.98,70.209,9.488,0.05,0.6573,HTTPS,camera
2025-01-22T20:19:00,982.815,61.874,0.861,190.639,0.3788,HTTPS,camera
2025-01-23T08:35:00,87.863,3.308,4.669,0.375,1.2839,MQTT,env_sensor
2025-01-22T20:55:00,110.621,10.44,3.735,12.055,0.0,MQTT,actuator
2025-01-22T06:58:00,568.372,36.33,4.982,106.613,0.8489,HTTPS,camera
2025-01-21T22:32:00,1318.117,33.263,0.1,115.823,1.8616,HTTPS,gateway
2025-01-22T01:32:00,39.631,122.26,3.761,0.168,5.1037,LoRaWAN,smart_meter
2025-01-22T20:17:00,125.821,21.485,7.106,5.156,1.2002,MQTT,actuator
2025-01-22T23:27:00,124.639,2.46,9.796,3.283,0.9111,MQTT,actuator
2025-01-21T21:19:00,98.5,25.136,1.922,0.05,1.8333,MQTT,env_sensor
2025-01-23T03:53:00,1167.48,5.774,7.847,91.915,0.9809,HTTPS,gateway
2025-01-23T05:35:00,1348.458,31.419,6.716,3.791,3.0817,MQTT,gateway
2025-01-22T01:31:00,2437.066,100.691,7.895,203.728,0.5326,HTTPS,camera
2025-01-22T22:23:00,76.124,32.941,5.397,2.799,0.051,CoAP,actuator
2025-01-22T15:32:00,954.959,61.972,3.931,98.118,1.4774,HTTPS,gateway
2025-01-21T20:49:00,2114.666,70.154,4.921,117.078,0.0,HTTPS,camera
2025-01-23T08:49:00,142.46,4.567,0.1,11.32,0.747,MQTT,actuator
2025-01-23T12:35:00,1136.065,52.309,4.679,145.421,0.5359,HTTPS,camera
2025-01-23T06:20:00,78.846,37.559,6.347,11.309,3.0573,MQTT,env_sensor
2025-01-22T15:28:00,46.029,287.351,4.608,0.322,0.0,LoRaWAN,smart_meter
2025-01-23T04:25:00,40.071,185.94,2.163,0.05,5.4406,LoRaWAN,smart_meter
2025-01-22T11:10:00,1071.713,28.813,12.788,72.219,0.7626,HTTPS,gateway
2025-01-23T08:21:00,18.987,194.899,0.1,0.571,2.9611,LoRaWAN,smart_meter
2025-01-22T06:22:00,363.465,28.35,10.178,40.458,0.0,CoAP,gateway
2025-01-23T12:59:00,32.189,192.604,0.652,0.42,3.9375,LoRaWAN,smart_meter
2025-01-22T17:12:00,40.464,33.784,0.771,0.05,0.7245,LoRaWAN,env_sensor
2025-01-23T07:27:00,1963.557,32.747,20.921,31.073,0.3695,HTTPS,gateway
2025-01-22T20:51:00,149.832,35.958,5.961,7.162,1.2238,MQTT,actuator
2025-01-21T21:09:00,78.553,23.052,4.451,1.874,0.7719,MQTT,env_sensor
2025-01-22T23:10:00,31.915,117.158,4.186,0.218,3.9332,LoRaWAN,smart_meter
2025-01-23T07:36:00,106.956,23.861,7.329,10.397,1.5852,MQTT,actuator
2025-01-21T22:01:00,1703.775,42.607,7.546,82.146,0.1966,HTTPS,gateway
2025-01-21T20:57:00,1096.444,78.026,3.359,61.437,0.3504,HTTPS,gateway
2025-01-22T10:12:00,1011.075,31.362,3.522,133.404,1.7579,HTTPS,gateway
2025-01-23T06:19:00,54.522,12.603,6.632,3.501,0.8925,MQTT,env_sensor
2025-01-21T20:19:00,102.857,18.819,6.209,4.974,0.8056,CoAP,actuator
2025-01-22T19:16:00,39.266,18.41,4.897,9.429,1.4632,MQTT,env_sensor
2025-01-23T06:04:00,75.945,18.387,4.744,8.788,0.1853,MQTT,env_sensor
2025-01-23T10:57:00,55.823,24.136,3.516,5.336,1.5513,MQTT,env_sensor
2025-01-22T20:29:00,55.045,56.365,0.724,7.293,0.0,MQTT,env_sensor
2025-01-22T12:07:00,83.001,37.017,7.661,11.8,0.7481,MQTT,actuator
2025-01-22T13:43:00,402.567,41.665,10.779,88.966,2.6291,CoAP,gateway
2025-01-22T03:04:00,78.541,22.783,2.023,0.05,0.4846,MQTT,actuator
2025-01-22T18:32:00,156.475,8.63,1.731,9.642,1.3859,MQTT,actuator
2025-01-22T00:59:00,99.59,12.532,9.151,1.874,0.7154,MQTT,actuator
2025-01-23T10:30:00,1949.079,40.229,3.467,173.409,0.0,HTTPS,camera
2025-01-23T04:27:00,629.403,45.058,16.597,0.05,1.4002,CoAP,gateway
2025-01-23T00:55:00,90.877,18.693,6.185,10.297,0.0,MQTT,actuator
2025-01-22T12:19:00,82.571,19.762,4.363,0.06,2.3452,MQTT,env_sensor
2025-01-22T18:26:00,62.075,12.585,6.339,7.229,0.897,MQTT,actuator
2025-01-23T05:28:00,46.462,33.0,2.765,1.944,0.8773,MQTT,env_sensor
2025-01-22T02:13:00,135.82,11.038,5.863,8.564,0.0,CoAP,actuator
2025-01-21T21:37:00,115.513,27.197,9.805,6.627,1.6423,CoAP,actuator
2025-01-23T08:37:00,143.203,8.319,1.622,5.149,0.8384,MQTT,actuator
2025-01-22T23:22:00,25.496,144.576,1.713,0.05,4.7284,LoRaWAN,smart_meter
2025-01-22T06:02:00,59.885,30.234,5.995,10.66,3.1932,MQTT,env_sensor
2025-01-23T05:15:00,86.821,25.545,9.773,7.772,1.0568,MQTT,actuator
2025-01-22T17:39:00,122.366,15.358,7.957,14.395,0.5713,MQTT,actuator
2025-01-22T08:19:00,90.357,22.494,3.269,0.05,1.9566,MQTT,actuator
2025-01-22T23:59:00,69.918,11.78,2.093,10.302,1.7278,MQTT,env_sensor
2025-01-22T10:37:00,24.585,263.287,4.49,0.398,2.961,LoRaWAN,smart_meter
2025-01-22T03:25:00,37.986,231.538,2.105,0.252,0.7581,LoRaWAN,smart_meter
2025-01-23T03:30:00,61.701,32.951,5.64,8.383,1.1413,MQTT,env_sensor
2025-01-22T09:54:00,100.924,23.256,4.007,4.299,0.8765,MQTT,env_sensor
2025-01-22T20:33:00,99.41,19.953,1.209,7.592,0.0,MQTT,env_sensor
2025-01-22T04:12:00,377.617,55.033,8.181,79.216,2.0312,CoAP,gateway
2025-01-23T11:03:00,479.263,6.348,5.565,91.82,0.0,HTTPS,gateway
2025-01-21T20:17:00,20.212,230.56,2.77,0.207,2.7688,LoRaWAN,smart_meter
2025-01-22T21:38:00,1693.36,64.863,6.115,155.852,0.722,HTTPS,camera
2025-01-22T04:59:00,58.249,25.301,4.734,5.455,1.1846,MQTT,actuator
2025-01-22T10:15:00,1136.376,54.404,16.17,86.148,2.0987,HTTPS,gateway
2025-01-22T15:38:00,117.599,18.415,4.013,2.873,1.8949,MQTT,actuator
2025-01-23T03:35:00,1714.329,62.811,13.291,44.865,0.1525,HTTPS,gateway
2025-01-22T13:17:00,64.321,39.278,2.57,0.879,0.0053,MQTT,env_sensor
2025-01-22T14:04:00,86.439,27.781,0.1,8.608,0.4307,MQTT,env_sensor
2025-01-23T13:35:00,26.216,299.512,0.476,0.633,1.626,LoRaWAN,smart_meter
2025-01-22T10:48:00,1112.873,35.02,2.926,0.05,1.6774,HTTPS,gateway
2025-01-22T16:41:00,1050.144,68.399,8.928,102.098,1.8999,HTTPS,camera
2025-01-22T02:40:00,41.954,22.137,5.772,12.866,1.0756,CoAP,actuator
2025-01-23T03:06:00,128.408,15.922,10.754,5.121,0.0,CoAP,actuator
2025-01-22T16:31:00,1482.329,64.826,7.161,225.687,0.0,HTTPS,camera
2025-01-22T04:21:00,1789.999,55.574,0.1,26.737,0.2055,HTTPS,camera
2025-01-22T18:08:00,48.096,11.815,2.615,4.956,1.682,MQTT,env_sensor
2025-01-23T09:38:00,20.154,239.037,2.894,0.568,2.7361,LoRaWAN,smart_meter
2025-01-23T03:07:00,34.981,192.414,3.971,0.274,3.9923,LoRaWAN,smart_meter
2025-01-22T21:18:00,33.784,165.608,1.807,0.15,2.4421,LoRaWAN,smart_meter
2025-01-22T17:17:00,113.105,26.177,3.217,5.789,1.1022,MQTT,actuator
2025-01-22T00:42:00,22.338,235.096,5.168,0.05,3.7913,LoRaWAN,smart_meter
2025-01-22T20:18:00,23.028,153.204,2.722,0.05,5.0671,LoRaWAN,smart_meter
2025-01-23T06:30:00,1060.756,10.874,0.1,0.05,1.2283,MQTT,gateway
2025-01-22T19:23:00,18.853,172.71,3.42,0.069,1.5966,LoRaWAN,smart_meter
2025-01-21T22:12:00,40.602,8.612,0.64,2.148,2.6771,MQTT,env_sensor
2025-01-22T02:46:00,1304.415,62.997,0.1,42.442,2.4864,HTTPS,gateway
2025-01-22T17:51:00,66.453,8.242,4.71,4.744,0.1665,MQTT,env_sensor
2025-01-22T14:59:00,48.517,86.171,1.666,0.638,3.4718,MQTT,smart_meter
2025-01-21T21:39:00,733.973,39.957,2.166,2.311,0.347,HTTPS,gateway
2025-01-22T13:37:00,69.136,26.311,1.3,0.687,0.0,MQTT,env_sensor
2025-01-22T02:50:00,594.223,82.95,4.177,38.572,0.3607,HTTPS,camera
2025-01-23T09:58:00,88.23,32.896,4.03,7.452,0.337,MQTT,actuator
2025-01-22T21:16:00,116.604,27.424,6.223,15.073,1.1551,MQTT,actuator
2025-01-22T22:27:00,399.233,28.441,2.662,69.632,2.0038,MQTT,gateway
2025-01-23T02:40:00,89.234,24.829,6.937,7.934,1.3626,CoAP,actuator
2025-01-22T14:56:00,53.232,24.625,0.906,1.975,0.0,MQTT,env_sensor
2025-01-22T04:56:00,1054.727,58.855,7.015,33.215,0.8015,HTTPS,camera
2025-01-22T07:38:00,1517.485,67.841,2.371,222.975,0.668,HTTPS,camera
2025-01-22T08:11:00,89.409,16.606,4.961,1.804,0.0374,MQTT,env_sensor
2025-01-22T02:01:00,94.093,5.02,1.571,2.988,0.2347,MQTT,actuator
2025-01-23T09:10:00,949.42,57.126,1.897,67.938,0.9021,HTTPS,camera
2025-01-22T11:42:00,1147.828,50.181,13.054,19.64,1.3207,CoAP,gateway
2025-01-22T14:12:00,47.711,16.597,4.768,7.898,0.199,MQTT,env_sensor
2025-01-23T13:21:00,144.835,26.418,6.67,2.001,1.1388,MQTT,actuator
2025-01-23T11:51:00,459.556,45.118,2.605,0.05,0.7368,HTTPS,gateway
2025-01-22T15:18:00,18.32,95.311,0.394,0.225,1.7313,LoRaWAN,smart_meter
2025-01-22T05:24:00,114.926,23.474,5.549,4.321,2.1767,MQTT,actuator
2025-01-22T00:28:00,917.638,60.425,0.1,155.228,0.1652,HTTPS,camera
2025-01-23T09:34:00,83.331,18.29,2.134,5.844,0.7872,MQTT,env_sensor
2025-01-22T15:41:00,1936.698,26.707,5.635,83.523,1.1327,MQTT,gateway
2025-01-22T02:14:00,89.912,27.764,3.118,1.528,0.0,MQTT,env_sensor
2025-01-22T19:13:00,132.302,55.668,8.559,103.872,2.7317,CoAP,gateway
2025-01-22T13:48:00,8.0,32.058,8.406,55.647,0.7032,HTTPS,gateway
2025-01-22T04:50:00,1600.104,56.879,9.895,59.057,1.6418,HTTPS,gateway
2025-01-23T00:12:00,1085.533,43.799,0.294,88.276,0.4,HTTPS,gateway
2025-01-23T03:09:00,95.731,30.491,8.5,9.995,1.1398,CoAP,actuator
2025-01-22T02:07:00,780.481,55.417,0.401,76.394,0.2293,HTTPS,gateway
2025-01-22T14:42:00,2067.205,17.201,4.542,68.55,1.3153,HTTPS,gateway
2025-01-23T03:08:00,61.565,26.46,0.1,0.05,0.2203,MQTT,env_sensor
2025-01-22T11:01:00,28.951,167.535,0.526,0.05,1.0865,LoRaWAN,smart_meter
2025-01-22T05:01:00,74.266,76.553,6.269,132.354,0.569,HTTPS,camera
2025-01-22T23:38:00,79.369,25.781,1.769,8.82,1.3957,MQTT,env_sensor
2025-01-22T14:10:00,1381.677,55.036,4.211,15.984,1.5925,HTTPS,gateway
2025-01-22T06:52:00,86.852,20.782,10.464,3.561,1.3511,MQTT,actuator
2025-01-22T02:21:00,1220.065,65.23,2.176,62.07,1.3682,HTTPS,gateway
2025-01-22T11:39:00,1137.039,58.228,2.095,86.888,1.2166,HTTPS,gateway
2025-01-23T13:31:00,1375.453,60.048,0.1,86.372,1.0403,HTTPS,gateway
2025-01-22T16:37:00,46.016,15.0,0.517,0.05,2.0847,MQTT,env_sensor
2025-01-22T02:56:00,152.647,15.14,1.284,5.665,1.5438,MQTT,actuator
2025-01-22T18:08:00,617.36,52.243,4.752,65.545,1.518,HTTPS,gateway
2025-01-23T08:57:00,1473.023,27.854,9.005,22.194,1.0535,MQTT,gateway
2025-01-21T22:56:00,30.699,224.428,4.137,0.07,0.8356,LoRaWAN,smart_meter
2025-01-22T00:12:00,1163.883,61.166,14.872,0.05,1.7043,CoAP,gateway
2025-01-23T12:54:00,53.601,9.953,4.833,1.813,0.6445,MQTT,env_sensor
2025-01-22T14:46:00,37.287,246.061,3.093,0.344,2.0646,LoRaWAN,smart_meter
2025-01-21T23:35:00,98.577,15.365,0.394,8.786,1.792,MQTT,env_sensor
2025-01-23T06:43:00,71.224,19.225,4.247,5.817,0.3799,MQTT,actuator
2025-01-23T09:12:00,109.2,27.514,11.333,6.2,1.0383,MQTT,actuator
2025-01-23T05:01:00,2134.959,68.46,3.905,106.135,0.4596,HTTPS,camera
2025-01-23T12:53:00,24.496,160.161,5.434,0.793,0.9356,LoRaWAN,smart_meter
2025-01-23T04:41:00,1142.31,59.741,3.231,147.9,0.4148,HTTPS,camera
2025-01-22T17:11:00,460.778,54.121,7.122,0.05,0.9978,CoAP,gateway
2025-01-23T05:22:00,34.757,160.662,2.875,0.261,4.4296,LoRaWAN,smart_meter
2025-01-22T04:20:00,31.332,243.487,0.1,0.425,2.8667,LoRaWAN,smart_meter
2025-01-23T04:31:00,39.838,194.75,2.209,0.797,0.8938,LoRaWAN,smart_meter
2025-01-22T14:22:00,109.378,37.65,2.007,4.498,2.2381,MQTT,env_sensor
2025-01-23T08:17:00,20.847,11.888,1.335,1.365,0.728,MQTT,env_sensor
2025-01-23T10:23:00,35.529,144.126,0.932,0.516,4.1674,LoRaWAN,smart_meter
2025-01-22T13:05:00,74.374,16.413,1.839,0.05,0.7172,MQTT,env_sensor
2025-01-23T03:39:00,113.089,29.105,3.183,2.227,2.0376,MQTT,env_sensor
2025-01-23T02:56:00,1586.216,37.138,8.711,11.668,1.3442,CoAP,gateway
2025-01-22T14:44:00,41.344,197.176,4.899,0.356,2.3799,LoRaWAN,smart_meter
2025-01-23T03:41:00,41.383,254.923,2.233,0.304,5.8018,LoRaWAN,smart_meter
2025-01-22T19:44:00,55.769,2.654,0.847,6.444,0.2515,MQTT,env_sensor
2025-01-22T03:02:00,1228.352,56.532,14.636,21.524,1.2706,HTTPS,gateway
2025-01-22T20:12:00,1411.801,57.865,5.156,206.773,0.1508,HTTPS,camera
2025-01-22T06:14:00,136.281,5.536,3.547,11.881,0.0,MQTT,actuator
2025-01-22T15:30:00,1512.851,81.636,8.639,57.844,0.0,HTTPS,gateway
2025-01-22T18:31:00,1183.994,14.608,12.449,32.232,1.8818,MQTT,gateway
2025-01-23T03:16:00,60.686,28.312,6.03,2.079,1.9176,MQTT,env_sensor
2025-01-23T01:47:00,643.368,66.854,5.2,169.393,0.5259,HTTPS,camera
2025-01-22T19:32:00,29.086,300.257,3.256,0.907,3.4676,LoRaWAN,smart_meter
2025-01-22T04:51:00,49.141,30.568,1.183,3.34,1.3542,MQTT,env_sensor
2025-01-23T07:46:00,60.811,21.395,3.883,0.815,1.2201,MQTT,env_sensor
2025-01-22T10:08:00,479.081,1.0,9.232,11.149,1.1036,CoAP,gateway
2025-01-22T06:29:00,85.645,38.791,3.871,0.05,2.7511,MQTT,env_sensor
2025-01-22T02:39:00,1324.976,87.194,3.601,82.177,0.8541,HTTPS,camera
2025-01-23T05:04:00,51.192,17.975,0.42,8.379,0.0,MQTT,env_sensor
2025-01-23T07:29:00,52.376,32.399,4.25,4.177,1.1883,MQTT,env_sensor
2025-01-23T09:36:00,78.92,37.42,2.4,2.97,0.0,MQTT,env_sensor
2025-01-21T20:16:00,1464.944,38.963,5.273,105.388,0.2637,HTTPS,camera
2025-01-22T03:45:00,2295.974,38.78,5.061,127.904,0.4013,HTTPS,camera
2025-01-21T23:25:00,33.233,201.837,0.1,0.715,1.6323,LoRaWAN,smart_meter
2025-01-23T07:11:00,143.707,26.983,3.182,9.105,0.6228,MQTT,actuator
2025-01-22T07:33:00,173.455,1.0,8.393,36.922,0.3649,MQTT,gateway
2025-01-22T01:57:00,8.0,60.131,2.97,99.912,0.0,HTTPS,camera
2025-01-22T00:11:00,1288.678,29.503,2.862,100.915,1.7715,HTTPS,gateway
2025-01-22T14:11:00,695.384,6.79,5.769,31.803,0.0442,CoAP,gateway
2025-01-22T06:26:00,28.845,162.955,2.933,0.74,2.5559,LoRaWAN,smart_meter
2025-01-22T15:03:00,21.565,29.353,2.485,2.288,2.3694,MQTT,env_sensor
2025-01-23T01:22:00,34.134,193.379,1.93,0.931,0.9108,LoRaWAN,smart_meter
2025-01-22T04:04:00,2733.866,78.451,3.99,169.862,0.5471,HTTPS,camera
2025-01-22T14:12:00,120.329,22.849,3.256,1.433,0.0,MQTT,actuator
2025-01-22T19:22:00,99.593,25.536,0.442,4.915,1.1788,MQTT,env_sensor
2025-01-22T02:34:00,124.963,24.74,10.826,14.954,1.0018,CoAP,actuator
2025-01-22T01:40:00,65.001,25.624,6.543,1.05,1.7588,MQTT,actuator
2025-01-23T09:41:00,1230.565,28.018,10.785,18.258,0.5638,HTTPS,gateway
2025-01-21T21:14:00,71.573,9.186,3.692,3.447,2.4269,MQTT,env_sensor
2025-01-22T13:51:00,15.986,218.394,0.238,0.368,4.1872,LoRaWAN,smart_meter
2025-01-21T22:20:00,738.702,15.764,9.587,108.452,0.0807,HTTPS,gateway
2025-01-22T21:18:00,76.503,11.327,4.911,3.389,0.3023,MQTT,env_sensor
2025-01-22T11:30:00,2902.065,52.438,6.332,262.443,0.625,HTTPS,camera
2025-01-23T10:10:00,75.984,19.893,3.89,5.961,1.4456,MQTT,env_sensor
2025-01-22T22:52:00,8.0,200.785,1.017,0.503,1.0452,LoRaWAN,smart_meter
2025-01-22T14:56:00,793.143,48.578,15.586,78.067,1.5125,CoAP,gateway
2025-01-23T10:10:00,112.568,17.43,7.684,11.127,1.4145,MQTT,actuator
2025-01-21T23:01:00,106.761,25.755,3.607,5.587,2.9988,MQTT,env_sensor
2025-01-22T01:22:00,35.623,206.567,2.887,0.559,9.6615,LoRaWAN,smart_meter
2025-01-22T16:32:00,48.443,29.736,6.624,8.911,0.2836,MQTT,env_sensor
2025-01-22T01:31:00,79.762,20.13,3.598,9.699,1.6961,MQTT,actuator
2025-01-23T12:29:00,85.979,9.852,2.847,6.856,0.0,MQTT,actuator
2025-01-21T22:03:00,25.449,216.623,3.588,0.178,2.3407,LoRaWAN,smart_meter
2025-01-22T04:58:00,98.26,1.234,2.292,0.77,0.9417,MQTT,env_sensor
2025-01-22T03:10:00,540.327,58.458,9.507,36.904,0.0,HTTPS,gateway
2025-01-21T21:43:00,1766.878,1.778,1.573,71.612,0.6131,HTTPS,camera
2025-01-21T21:50:00,45.606,14.279,5.588,2.102,3.1392,MQTT,env_sensor
2025-01-22T23:32:00,2541.399,39.567,6.497,121.448,0.7766,HTTPS,camera
2025-01-22T19:27:00,811.254,46.881,4.058,203.855,0.0787,HTTPS,camera
2025-01-22T23:35:00,17.868,75.928,3.191,0.119,4.6151,MQTT,smart_meter
2025-01-22T17:30:00,1486.959,71.012,0.1,111.082,0.0,HTTPS,camera
2025-01-22T23:10:00,93.886,26.586,3.49,2.698,1.0915,MQTT,env_sensor
2025-01-23T06:52:00,402.533,61.219,8.729,22.124,0.8787,CoAP,gateway
2025-01-23T03:24:00,895.8,28.637,0.895,120.095,1.6734,HTTPS,gateway
2025-01-23T01:45:00,131.827,26.724,1.811,4.728,1.9047,MQTT,env_sensor
2025-01-23T05:16:00,988.345,38.442,10.04,0.05,0.0,CoAP,gateway
2025-01-22T15:17:00,31.952,31.871,3.956,0.05,0.0,HTTPS,env_sensor
2025-01-22T06:07:00,123.041,16.16,6.565,10.052,0.4498,MQTT,actuator
2025-01-23T06:45:00,24.469,159.86,1.377,0.348,4.1471,LoRaWAN,smart_meter
2025-01-22T05:36:00,41.716,22.414,4.432,2.711,1.1299,MQTT,env_sensor
2025-01-22T03:08:00,59.216,49.425,3.763,8.518,0.0,MQTT,env_sensor
2025-01-23T11:26:00,50.739,3.549,1.201,10.0,0.112,MQTT,env_sensor
2025-01-22T11:54:00,11.092,172.306,0.232,0.066,5.2017,LoRaWAN,smart_meter
2025-01-22T14:29:00,42.485,39.595,3.289,0.05,0.5962,HTTPS,env_sensor
2025-01-22T21:45:00,428.366,57.647,9.453,55.814,0.0,HTTPS,gateway
2025-01-22T05:05:00,125.804,9.965,5.054,1.282,0.2482,MQTT,actuator
2025-01-22T13:00:00,119.457,32.911,9.322,12.052,0.4533,MQTT,actuator
2025-01-23T12:29:00,29.693,296.565,3.908,0.491,2.4631,LoRaWAN,smart_meter
2025-01-23T00:16:00,103.191,26.331,4.498,9.902,1.6148,MQTT,env_sensor
2025-01-22T10:04:00,535.812,90.738,0.695,74.842,0.4142,HTTPS,camera
2025-01-21T20:37:00,43.596,15.748,0.302,5.399,2.3869,MQTT,env_sensor
2025-01-22T03:13:00,1135.752,36.287,3.585,88.353,1.552,HTTPS,gateway
2025-01-23T07:14:00,21.03,279.05,3.82,0.185,0.0,LoRaWAN,smart_meter
2025-01-22T01:15:00,1715.179,74.534,11.289,2.908,0.8777,HTTPS,gateway
2025-01-23T00:17:00,124.927,23.624,0.1,14.607,0.8329,MQTT,actuator
2025-01-22T07:13:00,44.535,147.151,2.535,0.077,4.4009,LoRaWAN,smart_meter
2025-01-22T13:32:00,29.01,130.395,3.318,0.083,7.1118,LoRaWAN,smart_meter
2025-01-22T02:29:00,1108.779,58.796,3.313,177.296,0.5801,HTTPS,camera
2025-01-22T02:37:00,8.0,90.73,0.1,56.759,0.3318,HTTPS,camera
2025-01-22T19:35:00,1296.8,72.507,12.004,75.194,0.9625,HTTPS,gateway
2025-01-23T07:16:00,330.56,54.417,1.431,76.605,0.1244,HTTPS,camera
2025-01-22T23:04:00,110.861,27.25,6.058,5.396,0.8708,MQTT,actuator
2025-01-22T06:07:00,961.278,55.705,11.754,48.142,0.4978,CoAP,gateway
2025-01-22T04:42:00,162.141,3.068,1.159,6.864,0.608,MQTT,actuator
2025-01-21T21:24:00,2034.88,64.683,11.954,266.386,0.7659,HTTPS,camera
2025-01-23T04:39:00,95.169,3.954,8.222,8.369,0.0,MQTT,actuator
2025-01-23T10:40:00,99.833,16.826,9.744,9.241,0.0,MQTT,actuator
2025-01-23T02:25:00,91.795,27.183,5.901,7.226,1.6432,MQTT,actuator
2025-01-22T19:26:00,1441.248,55.156,13.515,109.384,0.9307,HTTPS,camera
2025-01-22T15:06:00,39.282,154.598,3.019,0.263,0.7596,LoRaWAN,smart_meter
2025-01-23T05:30:00,34.469,26.884,0.1,0.771,2.351,MQTT,smart_meter
2025-01-23T00:10:00,75.089,10.0,0.1,3.709,1.8628,MQTT,env_sensor
2025-01-22T18:20:00,1032.079,67.743,0.816,82.977,1.8952,HTTPS,gateway
2025-01-22T12:15:00,37.08,254.026,2.036,0.335,5.2521,LoRaWAN,smart_meter
2025-01-22T14:23:00,15.493,169.234,0.978,0.354,4.801,LoRaWAN,smart_meter
2025-01-23T07:37:00,61.294,47.274,1.668,5.821,2.5215,MQTT,env_sensor
2025-01-21T23:17:00,79.387,18.444,2.092,3.982,1.284,MQTT,env_sensor
2025-01-23T02:03:00,65.328,37.193,3.035,0.074,2.1374,MQTT,env_sensor
2025-01-22T13:35:00,24.42,120.228,1.776,0.24,0.0,LoRaWAN,smart_meter
2025-01-22T06:49:00,789.13,32.875,0.76,223.981,0.8976,HTTPS,camera
2025-01-22T16:41:00,33.55,159.23,3.44,0.505,2.4854,LoRaWAN,smart_meter
2025-01-22T19:59:00,645.319,43.574,6.086,155.138,0.176,HTTPS,camera
2025-01-23T04:38:00,96.383,6.391,5.945,6.865,1.0626,MQTT,actuator
2025-01-23T08:53:00,109.948,20.104,4.554,2.288,1.0587,MQTT,actuator
2025-01-22T19:27:00,30.226,246.024,0.1,0.485,0.0,LoRaWAN,smart_meter
2025-01-23T08:52:00,31.213,120.2,0.1,0.463,4.1043,LoRaWAN,smart_meter
2025-01-23T02:21:00,8.0,75.866,4.524,295.33,0.7668,HTTPS,camera
2025-01-22T15:31:00,675.356,43.082,1.663,124.236,0.2096,HTTPS,gateway
2025-01-22T01:40:00,34.562,92.382,0.1,0.319,3.9495,LoRaWAN,smart_meter
2025-01-21T20:18:00,66.116,54.376,12.567,21.594,1.6206,CoAP,gateway
2025-01-23T00:43:00,1993.793,22.404,14.072,38.041,0.3402,HTTPS,gateway
2025-01-23T06:14:00,121.441,25.134,0.76,4.535,0.5641,MQTT,actuator
2025-01-22T16:35:00,31.696,225.454,0.336,0.229,5.4514,LoRaWAN,smart_meter
2025-01-22T18:09:00,32.117,45.831,3.967,2.187,1.2854,MQTT,env_sensor
2025-01-22T07:02:00,780.36,45.337,2.752,28.573,0.0179,HTTPS,gateway
2025-01-22T12:48:00,30.616,219.801,0.244,0.365,3.3301,LoRaWAN,smart_meter
2025-01-22T07:56:00,44.378,14.568,6.373,14.372,0.5337,MQTT,actuator
2025-01-23T11:44:00,1832.465,65.535,3.225,24.259,0.4856,HTTPS,camera
2025-01-22T00:14:00,1624.39,54.691,6.747,48.284,0.0,HTTPS,gateway
2025-01-23T03:56:00,26.263,192.39,3.487,0.225,0.0,LoRaWAN,smart_meter
2025-01-22T03:26:00,2170.814,56.359,5.962,108.956,0.0,HTTPS,camera
2025-01-22T02:28:00,1697.025,45.068,2.57,31.602,0.0,HTTPS,gateway
2025-01-23T06:25:00,905.996,28.871,8.547,124.506,0.8754,HTTPS,gateway
2025-01-22T00:55:00,2065.64,65.552,7.679,179.705,0.6288,HTTPS,camera
2025-01-23T10:26:00,49.6,34.104,2.219,4.259,0.5566,MQTT,env_sensor
2025-01-21T21:27:00,31.871,184.959,2.363,0.069,2.3145,LoRaWAN,smart_meter
2025-01-23T08:44:00,1862.316,59.069,2.902,182.064,0.062,HTTPS,camera
2025-01-23T08:14:00,2344.206,100.121,4.058,42.341,0.0,HTTPS,camera
2025-01-22T10:28:00,77.717,27.056,4.289,7.003,0.717,MQTT,actuator
2025-01-23T10:28:00,1433.1,56.456,0.1,29.921,0.3694,HTTPS,camera
2025-01-23T10:58:00,172.032,24.109,2.673,11.712,0.1663,MQTT,actuator
2025-01-21T22:35:00,863.842,76.562,2.034,128.896,0.0,HTTPS,camera
2025-01-23T05:16:00,24.505,212.927,0.32,1.243,0.486,MQTT,smart_meter
2025-01-22T15:54:00,1962.994,97.077,3.697,71.898,0.1883,HTTPS,camera
2025-01-22T09:32:00,85.968,31.769,4.164,3.146,0.2523,MQTT,actuator
2025-01-22T19:38:00,88.425,42.85,0.1,0.307,1.0655,MQTT,env_sensor
2025-01-23T02:58:00,129.609,16.656,4.83,6.409,1.0018,MQTT,actuator
2025-01-22T09:06:00,112.899,26.921,3.106,4.038,1.6799,MQTT,env_sensor
2025-01-23T06:06:00,53.187,32.625,3.19,1.29,0.3087,MQTT,env_sensor
2025-01-23T13:29:00,592.798,20.989,4.022,64.932,0.0,HTTPS,gateway
2025-01-22T14:39:00,85.062,16.477,4.591,3.639,1.3372,MQTT,actuator
2025-01-23T07:15:00,20.403,83.998,1.276,0.726,4.1712,MQTT,smart_meter
2025-01-23T06:48:00,25.3,103.245,0.1,0.456,3.6074,LoRaWAN,smart_meter
2025-01-22T03:33:00,101.636,13.86,5.359,10.908,0.7403,MQTT,actuator
2025-01-23T01:30:00,56.874,15.033,3.637,1.84,1.8734,MQTT,env_sensor
2025-01-22T23:11:00,21.046,92.819,0.376,0.464,4.2336,MQTT,smart_meter
2025-01-22T13:08:00,107.713,17.517,3.159,7.941,0.1694,MQTT,actuator
2025-01-22T20:42:00,39.139,141.303,0.64,0.379,2.3181,LoRaWAN,smart_meter
2025-01-23T00:47:00,2511.658,73.003,5.303,150.387,0.3439,HTTPS,camera
2025-01-22T03:01:00,89.241,11.63,5.733,13.539,0.9773,MQTT,actuator
2025-01-23T00:21:00,93.649,4.035,6.62,11.438,0.0,MQTT,actuator
2025-01-21T22:45:00,1209.09,44.195,8.69,89.312,0.0,HTTPS,gateway
2025-01-22T19:41:00,111.708,17.05,4.365,11.088,0.6891,MQTT,actuator
2025-01-22T05:02:00,934.946,32.979,6.022,160.488,1.0388,CoAP,camera
2025-01-21T20:55:00,376.053,55.799,10.916,24.683,0.0,HTTPS,gateway
2025-01-22T22:57:00,30.199,154.165,0.698,0.132,3.0953,MQTT,smart_meter
2025-01-22T16:01:00,114.396,20.727,4.577,7.952,1.5347,MQTT,actuator
2025-01-23T10:02:00,661.214,60.745,6.361,166.343,0.4837,HTTPS,camera
2025-01-22T03:00:00,1002.128,38.413,5.002,17.18,0.6836,CoAP,gateway
2025-01-22T06:42:00,12.541,158.1,1.146,0.23,0.4279,LoRaWAN,smart_meter
2025-01-23T11:11:00,73.281,37.094,2.289,9.671,2.1037,MQTT,env_sensor
2025-01-22T04:25:00,858.843,45.701,14.935,68.815,1.614,CoAP,gateway
2025-01-22T00:31:00,42.743,235.163,2.492,0.309,6.9896,LoRaWAN,smart_meter
2025-01-21T22:17:00,588.093,72.376,0.1,15.484,1.7139,MQTT,gateway
2025-01-22T19:31:00,905.871,29.307,9.899,72.098,1.823,CoAP,gateway
2025-01-23T01:50:00,67.136,31.337,0.1,3.194,2.0359,MQTT,env_sensor
2025-01-22T17:15:00,1693.95,25.174,6.961,172.048,0.0568,HTTPS,camera
2025-01-21T21:43:00,59.435,12.169,0.215,2.993,1.2022,MQTT,env_sensor
2025-01-22T04:35:00,34.887,131.912,3.735,0.05,5.268,LoRaWAN,smart_meter
2025-01-22T03:01:00,2231.509,41.488,4.978,58.594,0.5284,HTTPS,camera
2025-01-23T07:49:00,2054.358,90.51,0.1,102.85,0.8861,HTTPS,camera
2025-01-22T07:19:00,47.168,36.691,0.1,7.098,1.6846,MQTT,env_sensor
2025-01-22T18:47:00,61.386,17.934,1.314,6.498,0.0,MQTT,env_sensor
2025-01-23T09:05:00,76.093,2.119,3.477,6.4,0.3564,MQTT,env_sensor
2025-01-23T00:10:00,663.309,77.405,10.588,75.91,0.7105,HTTPS,gateway
2025-01-22T11:32:00,1969.489,73.517,4.217,60.0,1.1314,HTTPS,gateway
2025-01-22T12:39:00,588.29,23.696,2.844,67.692,0.8689,HTTPS,gateway
2025-01-23T12:20:00,59.009,14.201,7.248,10.421,1.3733,MQTT,actuator
2025-01-23T02:18:00,25.289,182.866,2.817,0.356,0.0,LoRaWAN,smart_meter
2025-01-22T14:20:00,12.597,171.003,3.783,0.803,2.9174,LoRaWAN,smart_meter
2025-01-23T07:13:00,27.72,141.453,2.189,1.09,4.2744,MQTT,smart_meter
2025-01-22T12:54:00,87.134,12.855,0.1,6.113,0.7294,MQTT,env_sensor
2025-01-23T10:07:00,1325.083,82.624,1.101,189.344,0.8181,HTTPS,camera
2025-01-23T11:04:00,2692.572,74.585,6.184,155.384,0.1712,HTTPS,camera
2025-01-22T11:26:00,1640.57,75.873,7.707,93.704,0.2565,HTTPS,camera
2025-01-22T18:06:00,78.061,18.436,6.56,8.459,1.6848,MQTT,actuator
2025-01-22T05:35:00,88.814,39.013,6.575,7.944,1.9845,CoAP,env_sensor
2025-01-22T02:47:00,1872.17,49.069,5.534,123.3,1.5132,HTTPS,camera
2025-01-21T22:31:00,519.987,41.043,14.174,46.798,1.6617,CoAP,gateway
2025-01-22T09:17:00,258.602,58.809,8.93,88.474,0.2234,HTTPS,gateway
2025-01-23T12:00:00,662.956,90.122,7.786,107.863,0.5778,HTTPS,gateway
2025-01-23T11:06:00,34.237,21.995,1.905,11.32,1.4544,MQTT,env_sensor
2025-01-21T20:28:00,35.846,52.16,1.556,0.167,1.9923,MQTT,smart_meter
2025-01-22T10:44:00,685.573,13.997,11.077,93.642,1.4774,CoAP,gateway
2025-01-22T21:55:00,88.801,11.245,3.661,0.471,2.6364,MQTT,env_sensor
2025-01-21T22:08:00,2359.744,70.611,2.416,85.01,0.9895,HTTPS,camera
2025-01-23T04:52:00,46.444,12.576,2.419,2.78,1.4198,MQTT,env_sensor
2025-01-22T21:15:00,35.213,212.315,1.472,0.55,4.1009,LoRaWAN,smart_meter
2025-01-23T05:02:00,119.466,16.428,6.906,5.301,1.6881,MQTT,actuator
2025-01-23T00:42:00,38.071,5.829,3.052,0.696,2.1309,MQTT,env_sensor
2025-01-23T01:54:00,2878.853,101.148,2.548,91.315,0.5295,HTTPS,camera
2025-01-23T12:31:00,50.686,41.114,3.131,5.205,0.8269,MQTT,env_sensor
2025-01-22T11:02:00,26.088,205.86,1.173,0.694,0.7861,LoRaWAN,smart_meter
2025-01-22T12:17:00,31.417,167.736,1.003,0.199,4.1646,LoRaWAN,smart_meter
2025-01-23T12:31:00,17.908,239.166,3.39,0.05,1.2435,LoRaWAN,smart_meter
2025-01-23T01:44:00,9.542,208.496,0.1,0.574,1.8114,LoRaWAN,smart_meter
2025-01-22T03:28:00,86.84,18.197,6.916,9.139,0.9085,MQTT,actuator
2025-01-23T06:12:00,72.675,37.876,5.964,2.858,0.6595,CoAP,env_sensor
2025-01-23T09:22:00,1152.334,30.265,7.723,47.885,1.6124,CoAP,gateway
2025-01-23T01:46:00,2075.029,42.699,11.821,35.251,0.9975,HTTPS,gateway
2025-01-23T13:37:00,1219.632,61.641,10.484,64.76,0.0,HTTPS,gateway
2025-01-22T06:48:00,140.317,30.004,7.678,6.001,0.1539,MQTT,actuator
2025-01-22T01:36:00,1498.839,52.543,3.946,136.739,0.1212,HTTPS,camera
2025-01-23T13:37:00,50.979,35.437,6.159,0.05,2.6876,CoAP,env_sensor
2025-01-22T11:38:00,133.285,4.866,13.831,10.999,0.2968,MQTT,actuator
2025-01-22T02:51:00,60.094,16.64,3.389,5.342,1.116,MQTT,env_sensor
2025-01-23T12:27:00,8.0,85.169,0.1,207.066,0.8246,HTTPS,camera
2025-01-23T13:29:00,75.338,36.156,2.322,6.523,0.0,MQTT,env_sensor
2025-01-23T03:36:00,51.917,24.343,3.617,8.607,2.1484,MQTT,env_sensor
2025-01-22T09:52:00,142.498,28.008,5.195,0.173,2.6741,CoAP,env_sensor
2025-01-23T00:32:00,90.056,14.289,0.1,5.587,0.6194,MQTT,env_sensor
2025-01-23T01:32:00,22.229,173.391,3.149,0.422,2.4083,LoRaWAN,smart_meter
2025-01-22T21:44:00,33.838,182.983,0.1,0.05,3.269,LoRaWAN,smart_meter
2025-01-22T04:12:00,32.168,189.412,6.224,0.696,4.6966,LoRaWAN,smart_meter
2025-01-22T16:01:00,662.783,54.365,9.765,79.898,0.0,HTTPS,gateway
2025-01-22T12:53:00,560.482,75.362,11.117,0.05,1.6116,CoAP,gateway
2025-01-22T08:47:00,126.096,11.194,4.265,8.01,2.7484,MQTT,actuator
2025-01-22T15:18:00,1071.561,53.794,4.901,29.963,0.1295,HTTPS,gateway
2025-01-22T18:01:00,20.304,141.588,1.164,0.602,4.4345,LoRaWAN,smart_meter
2025-01-22T14:47:00,291.368,39.375,13.054,87.817,0.7446,HTTPS,gateway
2025-01-23T11:48:00,918.126,38.261,6.151,259.838,0.8492,HTTPS,camera
2025-01-22T01:11:00,1503.617,75.782,4.267,103.295,0.7621,HTTPS,camera
2025-01-22T19:18:00,20.052,241.811,3.115,0.513,1.5727,LoRaWAN,smart_meter
2025-01-22T23:38:00,68.761,15.77,3.21,10.868,0.6148,MQTT,actuator
2025-01-22T18:05:00,1896.479,53.967,0.71,47.526,2.2079,HTTPS,gateway
2025-01-22T09:35:00,139.924,25.088,6.392,11.24,1.7342,CoAP,actuator
2025-01-22T00:17:00,2457.011,82.956,4.017,132.158,0.4779,HTTPS,camera
2025-01-22T09:02:00,101.566,6.6,8.868,11.377,0.6224,MQTT,actuator
2025-01-22T20:00:00,1156.93,32.928,0.1,32.821,0.816,HTTPS,camera
2025-01-22T23:26:00,32.309,166.928,3.104,0.256,0.8518,LoRaWAN,smart_meter
2025-01-23T03:44:00,89.31,13.178,4.083,6.574,1.4595,MQTT,actuator
2025-01-22T10:09:00,1533.278,39.832,2.58,185.398,2.126,HTTPS,camera
2025-01-21T21:36:00,60.872,68.836,3.163,217.602,0.0,HTTPS,camera
2025-01-22T10:07:00,3270.898,97.7,11.061,52.09,1.0412,HTTPS,camera
2025-01-22T13:09:00,1430.982,69.405,3.382,137.716,0.9148,HTTPS,camera
2025-01-22T02:10:00,119.151,26.581,12.152,10.113,0.8959,MQTT,actuator
2025-01-23T02:39:00,14.67,170.484,2.694,0.889,1.4998,LoRaWAN,smart_meter
2025-01-23T01:39:00,77.703,21.95,7.329,7.21,0.0918,MQTT,actuator
2025-01-22T21:42:00,28.912,44.964,3.708,0.05,0.7932,MQTT,env_sensor
2025-01-23T08:33:00,106.445,46.177,2.529,3.059,0.6682,MQTT,env_sensor
2025-01-22T05:39:00,959.087,58.457,6.193,19.054,0.0,HTTPS,gateway
2025-01-21T21:04:00,1846.778,59.405,15.858,43.693,1.0848,MQTT,gateway
2025-01-23T02:02:00,348.388,62.188,2.287,49.258,1.711,CoAP,gateway
2025-01-23T04:12:00,90.946,24.234,5.189,10.202,1.0402,CoAP,actuator
2025-01-23T03:20:00,95.62,23.606,5.736,10.276,0.6922,MQTT,actuator
2025-01-22T03:47:00,140.942,8.85,6.121,9.147,0.5235,CoAP,actuator
2025-01-22T14:11:00,74.979,26.304,4.244,0.523,1.8558,MQTT,env_sensor
2025-01-22T15:19:00,2596.454,86.699,2.663,97.374,0.0,HTTPS,camera
2025-01-23T03:16:00,22.82,190.105,4.448,0.4,4.3968,LoRaWAN,smart_meter
2025-01-22T12:14:00,292.789,37.038,10.214,104.791,1.2059,CoAP,gateway
2025-01-23T07:54:00,94.086,20.086,0.1,1.446,0.0,MQTT,env_sensor
2025-01-23T11:37:00,105.918,29.823,4.455,6.54,0.4295,MQTT,actuator
2025-01-22T00:33:00,1067.698,77.723,3.378,94.543,0.0984,HTTPS,camera
2025-01-21T23:56:00,1220.536,89.033,1.377,168.582,0.3716,HTTPS,camera
2025-01-22T11:59:00,136.806,17.379,9.55,4.984,0.0762,CoAP,actuator
2025-01-22T14:12:00,14.657,181.983,2.784,0.05,6.633,LoRaWAN,smart_meter
2025-01-22T01:49:00,111.231,30.674,4.921,0.05,1.8657,MQTT,env_sensor
2025-01-22T01:34:00,734.722,33.705,6.439,97.949,2.5788,CoAP,gateway
2025-01-22T10:42:00,1757.654,82.319,5.433,119.628,0.8377,HTTPS,camera
2025-01-23T04:08:00,137.791,29.564,6.704,8.39,1.9505,MQTT,actuator
2025-01-23T10:41:00,2341.017,41.084,10.087,13.824,0.0,HTTPS,gateway
2025-01-21T23:04:00,838.217,56.927,5.097,72.768,0.8637,HTTPS,camera
2025-01-23T12:52:00,24.18,111.431,3.344,0.735,1.6711,LoRaWAN,smart_meter
2025-01-23T07:31:00,446.403,54.373,6.484,13.629,2.5071,CoAP,gateway
2025-01-22T06:07:00,28.737,26.752,3.12,0.385,4.2747,LoRaWAN,smart_meter
2025-01-22T18:37:00,93.003,44.923,5.187,7.218,0.0751,MQTT,env_sensor
2025-01-23T03:37:00,78.059,21.125,3.731,11.707,1.6166,MQTT,env_sensor
2025-01-22T16:55:00,1252.921,44.101,6.156,132.468,0.9164,HTTPS,camera
2025-01-21T20:52:00,672.983,1.0,0.1,37.878,1.2604,MQTT,gateway
2025-01-22T07:32:00,24.237,244.676,3.09,0.682,4.0815,LoRaWAN,smart_meter
2025-01-22T08:16:00,20.17,106.42,0.924,0.872,1.1132,LoRaWAN,smart_meter
2025-01-23T05:57:00,8.0,63.049,5.695,120.33,2.4607,CoAP,gateway
2025-01-22T04:38:00,47.102,32.482,3.931,2.734,0.7436,MQTT,env_sensor
2025-01-22T17:55:00,77.497,35.975,4.282,5.259,0.0,MQTT,env_sensor
2025-01-23T13:11:00,43.664,28.575,5.153,5.689,1.8687,MQTT,env_sensor
2025-01-22T10:12:00,86.347,18.718,6.215,12.097,1.1091,MQTT,actuator
2025-01-22T01:21:00,1020.673,52.776,2.561,22.539,2.9663,CoAP,gateway
2025-01-23T02:26:00,142.243,11.804,1.652,10.908,0.0,MQTT,actuator
2025-01-23T02:11:00,31.803,173.849,0.838,0.242,1.1944,MQTT,smart_meter
2025-01-23T06:10:00,118.681,9.622,1.003,3.237,0.1524,MQTT,env_sensor
2025-01-23T00:59:00,118.566,11.703,1.165,0.6,3.0258,MQTT,env_sensor
2025-01-21T20:41:00,45.111,1.96,3.0,3.445,0.3305,MQTT,env_sensor
2025-01-22T09:51:00,85.34,24.823,1.381,0.05,0.9574,MQTT,env_sensor
2025-01-23T03:42:00,511.272,57.365,8.537,11.033,1.3007,CoAP,gateway
2025-01-22T20:08:00,21.556,160.222,3.167,0.161,6.5875,LoRaWAN,smart_meter
2025-01-22T11:03:00,58.189,44.79,5.035,0.05,0.9606,CoAP,env_sensor
2025-01-23T12:31:00,160.939,48.483,9.097,21.056,0.0,CoAP,gateway
2025-01-22T07:20:00,1239.227,47.899,5.217,161.523,0.8105,HTTPS,camera
2025-01-23T06:13:00,1339.737,14.495,10.021,170.405,0.7121,HTTPS,camera
2025-01-22T05:23:00,86.39,13.886,9.009,5.579,0.7994,MQTT,actuator
2025-01-23T06:54:00,82.696,9.373,0.404,3.058,0.0,MQTT,env_sensor
2025-01-22T16:59:00,100.372,40.074,3.362,6.015,0.2872,MQTT,env_sensor
2025-01-23T05:03:00,188.701,104.819,0.424,143.219,1.3068,MQTT,camera
2025-01-22T18:02:00,1461.137,38.42,0.1,80.998,1.9363,HTTPS,camera
2025-01-22T18:11:00,397.724,32.253,5.194,140.033,0.0,HTTPS,camera
2025-01-23T13:25:00,34.121,184.909,3.344,1.171,1.0506,MQTT,smart_meter
2025-01-22T03:45:00,166.831,18.176,4.925,1.203,1.9726,MQTT,actuator
2025-01-22T13:31:00,65.893,28.245,2.773,8.828,0.4572,MQTT,env_sensor
2025-01-22T17:09:00,72.425,41.81,0.55,4.36,0.0,MQTT,env_sensor
2025-01-22T00:41:00,841.761,90.477,9.666,30.923,1.0498,CoAP,gateway
2025-01-22T07:36:00,23.018,228.533,2.125,0.438,7.1722,LoRaWAN,smart_meter
2025-01-23T09:15:00,3152.843,81.131,4.013,211.303,0.3781,HTTPS,camera
2025-01-22T16:07:00,32.661,182.953,0.912,0.148,1.7599,LoRaWAN,smart_meter
2025-01-23T11:15:00,74.817,28.291,3.797,6.846,0.0,MQTT,env_sensor
2025-01-22T05:04:00,355.075,51.681,17.161,58.612,2.2881,CoAP,gateway
2025-01-22T12:15:00,1440.197,68.966,2.115,234.503,0.87,HTTPS,camera
2025-01-22T00:42:00,1224.625,53.893,3.93,18.379,1.224,HTTPS,gateway
2025-01-22T14:38:00,1778.414,42.331,2.024,53.476,0.3604,HTTPS,camera
2025-01-22T03:10:00,1625.653,33.953,3.653,47.914,0.0343,HTTPS,camera
2025-01-23T10:25:00,49.569,29.724,0.377,5.704,0.0,MQTT,env_sensor
2025-01-22T00:43:00,137.602,15.419,8.474,5.064,0.421,MQTT,actuator
2025-01-21T22:27:00,1554.825,51.318,4.718,66.749,0.2738,HTTPS,gateway
2025-01-21T22:48:00,1605.73,30.352,3.009,39.931,2.6993,HTTPS,gateway
2025-01-21T22:24:00,25.15,127.092,0.1,0.598,5.4294,LoRaWAN,smart_meter
2025-01-22T08:34:00,3048.661,63.224,4.876,149.365,0.5361,HTTPS,camera
2025-01-22T21:59:00,853.828,4.714,6.455,94.67,0.2726,HTTPS,gateway
2025-01-22T12:39:00,2086.325,78.881,4.816,43.698,1.611,HTTPS,camera
2025-01-22T23:01:00,1334.135,48.87,2.382,13.729,0.7444,HTTPS,camera
2025-01-23T00:54:00,2865.242,70.213,5.747,95.04,0.5039,HTTPS,camera
2025-01-22T10:31:00,1061.208,63.263,1.823,217.581,1.0236,HTTPS,camera
2025-01-23T10:00:00,822.024,17.816,2.056,47.387,0.0,HTTPS,gateway
2025-01-22T00:49:00,587.712,58.933,6.243,169.945,0.1037,HTTPS,gateway
2025-01-22T07:44:00,1442.504,63.35,3.433,96.928,0.6298,HTTPS,camera
2025-01-22T20:09:00,90.149,1.0,6.467,7.784,1.0162,MQTT,actuator
2025-01-23T02:17:00,1203.517,66.743,1.306,82.699,0.6957,HTTPS,camera
2025-01-23T06:41:00,2844.591,80.675,5.309,81.569,0.0704,HTTPS,camera
2025-01-23T00:52:00,25.577,198.415,4.406,0.574,2.6024,LoRaWAN,smart_meter
2025-01-22T14:15:00,1893.116,17.375,0.1,199.24,1.0452,HTTPS,camera
2025-01-22T04:17:00,1407.233,5.76,0.1,59.898,2.2107,HTTPS,gateway
2025-01-23T06:17:00,1529.222,47.455,3.604,43.152,0.3578,HTTPS,gateway
2025-01-22T15:52:00,1088.188,35.763,9.15,36.852,0.0,HTTPS,gateway
2025-01-22T17:33:00,1995.934,32.532,13.012,77.831,0.0,HTTPS,gateway
2025-01-22T02:55:00,87.8,39.74,0.762,5.115,0.1519,MQTT,env_sensor
2025-01-23T11:25:00,2453.11,26.02,6.291,157.304,1.576,CoAP,camera
2025-01-22T18:33:00,2192.916,69.081,0.1,248.973,0.6871,HTTPS,camera
2025-01-22T01:30:00,1274.876,80.113,4.669,131.238,0.3341,HTTPS,camera
2025-01-22T02:44:00,1001.796,16.017,7.525,55.531,0.41,HTTPS,camera
2025-01-22T10:03:00,379.512,78.214,3.652,198.735,0.3231,HTTPS,camera
2025-01-22T09:08:00,320.279,48.513,0.1,117.848,2.6348,HTTPS,gateway
2025-01-23T03:37:00,25.487,163.748,0.786,0.99,0.998,LoRaWAN,smart_meter
2025-01-22T08:59:00,2538.721,89.131,7.733,131.902,0.8467,HTTPS,camera
2025-01-22T08:33:00,551.097,46.03,7.322,49.904,0.9504,CoAP,gateway
2025-01-23T07:59:00,87.732,14.217,3.438,5.932,0.3907,MQTT,actuator
2025-01-22T08:13:00,1941.739,103.71,2.785,221.438,0.0,HTTPS,camera
2025-01-22T10:47:00,141.598,16.974,5.64,13.088,1.5078,MQTT,actuator
2025-01-22T23:15:00,1659.903,39.337,0.1,168.069,0.8347,HTTPS,camera
2025-01-22T08:02:00,73.056,17.79,2.766,3.659,0.2691,MQTT,env_sensor
2025-01-22T07:07:00,107.658,20.156,9.331,12.174,0.0,MQTT,actuator
2025-01-22T00:21:00,144.669,17.478,12.894,3.669,0.0942,MQTT,actuator
2025-01-22T00:52:00,36.215,25.645,0.551,7.679,0.7493,MQTT,env_sensor
2025-01-22T13:27:00,175.888,50.907,4.866,56.097,1.388,MQTT,gateway
2025-01-22T14:49:00,118.877,12.634,11.887,7.589,0.5632,CoAP,actuator
2025-01-22T03:17:00,111.127,42.399,1.4,4.866,1.5412,MQTT,env_sensor
2025-01-22T04:23:00,1793.143,35.453,4.811,264.258,1.1187,HTTPS,camera
2025-01-22T01:27:00,59.994,25.725,1.638,8.024,1.9522,MQTT,env_sensor
2025-01-21T23:57:00,87.474,13.62,9.308,10.795,0.6939,MQTT,actuator
2025-01-21T22:47:00,1071.229,9.562,1.902,42.558,1.1161,MQTT,gateway
2025-01-22T15:27:00,75.32,41.476,0.346,4.265,1.3421,MQTT,env_sensor
2025-01-23T04:39:00,120.193,31.868,5.663,3.493,0.0,CoAP,env_sensor
2025-01-22T20:36:00,1815.375,19.879,6.38,125.28,0.7862,HTTPS,camera
2025-01-22T05:03:00,1969.16,37.011,25.469,76.095,2.111,HTTPS,gateway
2025-01-21T20:33:00,892.972,52.424,2.597,224.461,0.2566,HTTPS,camera
2025-01-22T00:46:00,1814.338,59.811,6.365,143.234,1.1758,HTTPS,camera
2025-01-23T02:08:00,1151.297,27.723,14.039,62.725,1.7596,HTTPS,gateway
2025-01-23T12:43:00,391.562,51.547,14.802,0.05,1.5462,CoAP,gateway
2025-01-22T09:21:00,2946.32,33.923,0.218,126.039,0.3019,HTTPS,camera
2025-01-23T11:42:00,904.165,57.582,1.606,131.595,0.0,HTTPS,camera
2025-01-23T06:23:00,98.722,26.067,2.602,17.284,0.5069,MQTT,actuator
2025-01-23T01:31:00,86.487,25.092,5.454,0.05,0.4359,CoAP,env_sensor
2025-01-22T19:12:00,67.785,25.852,3.113,5.68,2.5934,MQTT,env_sensor
2025-01-23T01:59:00,26.501,272.898,2.932,1.008,1.5587,MQTT,smart_meter
2025-01-22T22:40:00,1027.372,75.723,8.892,84.603,0.0,HTTPS,gateway
2025-01-22T17:44:00,122.492,20.403,6.828,4.194,0.0,MQTT,actuator
2025-01-21T22:57:00,19.408,217.865,3.112,0.54,3.9254,LoRaWAN,smart_meter
2025-01-21T20:47:00,27.763,210.502,1.689,0.392,3.9226,LoRaWAN,smart_meter
2025-01-22T13:03:00,1021.872,87.624,0.1,154.447,0.3728,HTTPS,camera
2025-01-22T14:15:00,91.912,41.149,6.292,4.263,0.4728,MQTT,env_sensor
2025-01-22T04:29:00,51.237,24.804,1.129,6.859,2.2114,MQTT,env_sensor
2025-01-23T11:02:00,13.308,96.806,0.314,0.299,5.1604,LoRaWAN,smart_meter
2025-01-23T12:53:00,1687.216,15.318,20.132,27.96,1.4463,CoAP,gateway
2025-01-22T18:24:00,8.0,59.629,10.17,114.714,0.766,HTTPS,gateway
2025-01-22T10:27:00,83.328,16.417,3.506,8.622,1.408,MQTT,actuator
2025-01-21T21:29:00,48.17,33.063,4.016,2.474,0.0,MQTT,env_sensor
2025-01-23T04:48:00,783.5,60.313,10.128,70.638,2.8373,CoAP,gateway
2025-01-21T22:52:00,106.461,25.471,6.031,11.492,0.5139,MQTT,actuator
2025-01-22T23:33:00,75.155,20.956,5.744,3.283,0.9433,MQTT,env_sensor
2025-01-23T01:38:00,68.542,46.892,0.931,0.05,1.0392,MQTT,env_sensor
2025-01-22T03:47:00,1222.484,73.231,8.689,121.339,0.9187,HTTPS,camera
2025-01-22T22:15:00,44.246,43.854,1.627,1.38,0.8216,MQTT,env_sensor
2025-01-22T16:19:00,310.322,37.152,4.91,75.461,1.4803,MQTT,gateway
2025-01-23T06:59:00,37.917,192.467,3.597,0.772,0.2989,LoRaWAN,smart_meter
2025-01-23T00:31:00,1276.874,75.55,3.531,243.284,0.0,HTTPS,camera
2025-01-22T19:32:00,122.553,1.0,8.476,7.005,0.0,MQTT,actuator
2025-01-21T20:43:00,87.815,17.369,0.763,0.05,1.6654,MQTT,env_sensor
2025-01-23T12:17:00,631.766,44.63,11.555,87.749,2.3896,CoAP,gateway
2025-01-23T13:05:00,1216.249,20.414,0.1,212.347,0.5688,HTTPS,camera
2025-01-23T06:39:00,545.486,71.729,10.018,14.029,1.0211,CoAP,gateway
2025-01-21T23:53:00,8.0,9.092,7.483,60.145,3.2471,MQTT,gateway
2025-01-23T03:00:00,116.565,30.902,1.084,0.05,0.9724,MQTT,env_sensor
2025-01-21T23:52:00,96.35,18.669,5.808,11.507,0.0,MQTT,actuator
2025-01-22T21:24:00,885.158,46.115,6.313,104.579,0.847,HTTPS,gateway
2025-01-22T03:00:00,80.895,23.085,6.968,3.688,0.1573,MQTT,env_sensor
2025-01-23T06:01:00,23.585,214.351,3.141,0.492,1.4015,LoRaWAN,smart_meter
2025-01-23T02:29:00,1658.264,45.199,0.1,46.364,1.3314,HTTPS,gateway
2025-01-22T09:43:00,29.995,228.212,4.899,0.625,3.7162,LoRaWAN,smart_meter
2025-01-22T07:07:00,97.896,32.595,3.288,4.716,1.5534,MQTT,env_sensor
2025-01-21T22:34:00,76.265,13.679,1.466,4.009,0.1637,MQTT,env_sensor
2025-01-23T11:39:00,27.441,196.471,0.476,0.43,3.9167,LoRaWAN,smart_meter
2025-01-23T12:48:00,86.328,9.547,4.083,1.935,0.3036,MQTT,env_sensor
2025-01-22T10:12:00,35.927,30.633,4.662,114.002,0.8898,HTTPS,camera
2025-01-22T00:57:00,101.595,24.099,5.889,4.136,0.4178,CoAP,actuator
2025-01-21T20:32:00,80.515,22.428,0.1,4.803,0.7943,MQTT,env_sensor
2025-01-23T08:00:00,70.699,25.491,4.748,9.849,0.842,MQTT,actuator
2025-01-22T23:54:00,106.58,22.469,7.398,12.6,1.4891,MQTT,actuator
2025-01-23T08:39:00,20.256,183.374,0.962,0.05,0.0,LoRaWAN,smart_meter
2025-01-22T10:05:00,96.738,32.831,0.1,7.457,0.0,MQTT,env_sensor
2025-01-22T04:26:00,58.864,8.599,2.664,9.626,0.1265,MQTT,env_sensor
2025-01-21T20:52:00,90.06,32.502,2.902,5.124,3.5677,MQTT,env_sensor
2025-01-23T10:33:00,119.28,20.424,1.05,4.232,0.9983,MQTT,env_sensor
2025-01-21T20:10:00,1417.26,41.972,1.845,89.798,0.7808,HTTPS,gateway
2025-01-22T04:54:00,136.498,18.521,4.311,5.306,1.212,MQTT,actuator
2025-01-22T06:37:00,2074.787,110.212,0.1,35.19,1.3233,HTTPS,camera
2025-01-22T04:57:00,136.991,8.993,4.284,9.026,1.3013,MQTT,actuator
2025-01-23T00:23:00,79.921,11.477,8.454,11.259,1.4373,MQTT,actuator
2025-01-22T06:33:00,114.143,15.953,8.731,4.576,0.0,MQTT,actuator
2025-01-23T11:52:00,78.841,4.043,1.285,3.572,1.1641,MQTT,env_sensor
2025-01-21T20:25:00,88.86,1.723,2.798,2.492,0.2817,MQTT,env_sensor
2025-01-21T23:57:00,797.662,61.843,0.1,87.532,1.5238,HTTPS,gateway
2025-01-22T06:24:00,76.883,23.085,5.144,12.085,0.2145,MQTT,actuator
2025-01-22T21:58:00,81.474,20.817,1.585,5.813,0.7391,MQTT,env_sensor
2025-01-22T12:16:00,84.057,21.554,9.018,2.516,0.4577,MQTT,actuator
2025-01-22T09:28:00,57.155,20.578,1.814,0.931,0.882,MQTT,env_sensor
2025-01-22T06:03:00,89.538,53.127,14.16,13.554,1.6628,CoAP,gateway
2025-01-21T23:18:00,43.352,251.138,0.975,0.542,2.3532,LoRaWAN,smart_meter
2025-01-22T02:58:00,828.867,57.352,2.905,110.062,0.3511,HTTPS,camera
2025-01-22T02:34:00,28.446,154.167,0.1,0.538,0.5799,LoRaWAN,smart_meter
2025-01-22T21:46:00,906.351,66.955,10.033,79.913,2.1012,CoAP,gateway
2025-01-22T23:27:00,573.825,68.512,9.215,44.313,0.1439,CoAP,gateway
2025-01-22T02:20:00,783.795,28.2,7.788,0.05,1.9068,CoAP,gateway
2025-01-23T06:33:00,35.445,165.848,2.785,0.326,5.6427,LoRaWAN,smart_meter
2025-01-22T11:50:00,96.506,17.511,11.056,6.304,0.9537,MQTT,actuator
2025-01-22T03:37:00,89.65,33.474,2.523,0.654,1.9294,MQTT,env_sensor
2025-01-23T08:54:00,117.386,16.287,8.75,3.574,0.0806,MQTT,actuator
2025-01-21T23:44:00,54.918,28.391,5.569,0.862,0.8194,CoAP,env_sensor
2025-01-23T05:49:00,97.929,11.582,8.21,3.969,0.6212,MQTT,actuator
2025-01-22T16:42:00,168.386,25.207,7.317,8.772,0.5404,MQTT,actuator
2025-01-21T22:13:00,328.938,32.478,7.882,84.272,0.3535,HTTPS,gateway
2025-01-22T21:14:00,2485.637,90.842,7.837,50.174,0.3377,HTTPS,camera
2025-01-23T02:47:00,951.449,51.177,5.264,167.338,0.4364,HTTPS,camera
2025-01-21T20:56:00,3016.715,14.984,2.366,136.998,0.0,HTTPS,camera
2025-01-23T06:58:00,92.602,16.482,4.402,4.875,1.8347,MQTT,env_sensor
2025-01-22T00:41:00,112.242,16.079,8.202,12.805,0.7539,MQTT,actuator
2025-01-22T19:53:00,30.386,123.838,3.078,0.309,0.1132,LoRaWAN,smart_meter
2025-01-22T19:53:00,67.523,22.605,0.414,1.99,0.43,MQTT,env_sensor
2025-01-22T22:40:00,1955.753,63.41,7.358,158.431,0.0,HTTPS,camera
2025-01-22T13:54:00,2196.356,54.263,7.135,212.497,0.0,HTTPS,camera
2025-01-22T02:19:00,1338.852,77.632,0.1,215.492,0.8966,HTTPS,camera
2025-01-23T00:50:00,26.919,29.804,4.315,8.314,1.6495,MQTT,env_sensor
2025-01-22T07:05:00,2191.591,46.472,1.452,93.794,0.6877,HTTPS,camera
2025-01-22T11:29:00,58.153,13.162,2.762,1.059,0.4734,MQTT,env_sensor
2025-01-21T20:36:00,8.0,62.707,5.316,163.526,0.6863,HTTPS,camera
2025-01-22T06:22:00,34.656,296.944,3.393,0.05,3.1665,LoRaWAN,smart_meter
2025-01-22T13:31:00,16.595,247.447,0.722,0.953,1.2864,LoRaWAN,smart_meter
2025-01-22T02:29:00,88.735,47.602,3.231,1.99,0.1621,MQTT,env_sensor
2025-01-22T07:46:00,134.884,31.071,7.511,8.899,0.4312,CoAP,actuator
2025-01-22T23:50:00,27.312,125.122,0.1,0.128,0.8039,LoRaWAN,smart_meter
2025-01-23T04:19:00,2429.05,36.075,7.238,89.252,0.0051,HTTPS,camera
2025-01-22T15:59:00,124.04,21.034,4.968,9.752,1.2249,MQTT,actuator
2025-01-21T21:32:00,146.601,19.099,8.56,5.503,0.1076,CoAP,actuator
2025-01-22T10:23:00,26.217,167.302,0.635,0.476,3.4661,LoRaWAN,smart_meter
2025-01-23T04:53:00,55.095,10.927,3.04,3.712,1.9557,MQTT,env_sensor
2025-01-22T13:47:00,785.511,1.0,0.1,67.991,0.8492,HTTPS,camera
2025-01-22T14:39:00,1739.305,102.316,1.939,115.553,0.5962,HTTPS,camera
2025-01-23T08:34:00,67.966,22.669,5.381,1.026,0.0,MQTT,env_sensor
2025-01-23T09:30:00,1539.748,42.557,3.816,164.428,0.3485,HTTPS,camera
2025-01-23T10:18:00,34.758,182.128,1.395,0.526,6.7975,LoRaWAN,smart_meter
2025-01-22T14:49:00,83.03,42.35,5.465,4.439,1.0664,MQTT,env_sensor
2025-01-22T13:40:00,962.043,57.001,9.541,29.774,0.2347,CoAP,gateway
2025-01-23T09:49:00,1467.705,105.761,7.016,11.324,0.4593,HTTPS,camera
2025-01-22T23:38:00,11.161,301.429,1.64,0.861,3.9022,LoRaWAN,smart_meter
2025-01-22T10:29:00,35.618,141.28,3.279,0.414,3.1276,LoRaWAN,smart_meter
2025-01-22T13:41:00,22.516,232.91,3.232,0.05,1.8734,LoRaWAN,smart_meter
2025-01-21T22:27:00,2994.185,54.777,4.465,66.173,1.5274,HTTPS,camera
2025-01-23T05:01:00,157.114,17.273,11.208,5.681,0.0,CoAP,actuator
2025-01-21T21:21:00,26.68,70.267,2.952,0.413,1.0096,MQTT,smart_meter
2025-01-22T05:07:00,94.611,9.185,3.943,10.778,0.1138,MQTT,env_sensor
2025-01-22T10:44:00,143.044,13.64,6.691,5.372,0.8224,MQTT,actuator
2025-01-22T12:32:00,1263.233,64.229,4.656,178.458,0.1297,HTTPS,camera
2025-01-22T17:37:00,34.876,114.179,3.635,0.962,2.3363,LoRaWAN,smart_meter
2025-01-22T06:53:00,34.97,35.685,0.417,1.459,1.8165,MQTT,env_sensor
2025-01-22T02:18:00,76.066,22.868,0.1,3.268,0.0,MQTT,env_sensor
2025-01-23T13:30:00,100.832,20.901,2.46,0.522,1.2874,MQTT,env_sensor
2025-01-21T20:30:00,2849.133,54.98,3.833,181.513,0.0,HTTPS,camera
2025-01-22T03:23:00,48.543,38.31,3.384,0.819,1.7251,MQTT,env_sensor
2025-01-22T04:00:00,744.657,21.732,9.759,19.212,1.1479,CoAP,gateway
2025-01-23T03:49:00,126.399,15.478,2.851,0.05,0.0,MQTT,env_sensor
2025-01-23T00:20:00,1616.111,55.785,5.224,109.68,0.5643,HTTPS,camera
2025-01-21T23:18:00,28.348,24.167,2.409,7.559,1.3926,MQTT,env_sensor
2025-01-22T20:53:00,2132.237,68.43,5.569,0.05,0.9585,HTTPS,camera
2025-01-22T10:10:00,560.821,47.161,6.225,97.372,0.5153,HTTPS,camera
2025-01-22T09:10:00,33.942,175.065,1.346,0.05,0.0,LoRaWAN,smart_meter
2025-01-22T04:14:00,28.647,113.239,4.886,0.176,3.4735,LoRaWAN,smart_meter
2025-01-23T00:11:00,87.869,42.419,5.344,12.505,0.1767,CoAP,actuator
2025-01-22T20:07:00,91.927,26.298,6.724,8.368,1.3503,MQTT,actuator
2025-01-23T12:37:00,556.168,47.217,4.709,99.149,0.0369,HTTPS,gateway
2025-01-21T23:31:00,63.362,34.301,1.564,6.056,1.4477,MQTT,env_sensor
2025-01-23T11:11:00,719.311,53.708,14.141,43.498,0.526,HTTPS,gateway
2025-01-23T08:45:00,184.199,14.201,6.97,8.788,0.5081,MQTT,actuator
2025-01-22T10:24:00,34.62,32.573,1.899,4.942,3.3451,MQTT,env_sensor
2025-01-23T03:52:00,105.088,27.324,3.58,10.259,1.2075,MQTT,actuator
2025-01-21T23:52:00,1535.539,72.614,0.1,86.322,0.8742,HTTPS,camera
2025-01-23T05:03:00,28.434,180.623,0.206,0.759,2.9404,LoRaWAN,smart_meter
2025-01-22T07:17:00,125.097,16.146,8.844,5.571,2.1963,MQTT,actuator
2025-01-23T07:52:00,95.066,24.884,5.401,8.121,0.4914,MQTT,actuator
2025-01-22T21:12:00,612.222,56.874,6.401,46.136,0.1979,CoAP,gateway
2025-01-22T10:54:00,1292.283,1.0,5.04,89.509,0.3322,HTTPS,camera
2025-01-22T04:26:00,15.829,183.469,2.168,0.154,1.71,LoRaWAN,smart_meter
2025-01-23T07:56:00,34.107,16.658,1.76,0.05,0.0,HTTPS,env_sensor
2025-01-23T13:33:00,37.51,107.953,4.28,0.566,1.6066,LoRaWAN,smart_meter
2025-01-23T01:40:00,84.631,41.793,1.313,5.703,1.7685,MQTT,env_sensor
2025-01-21T21:51:00,59.811,6.208,4.173,3.148,1.2721,MQTT,env_sensor
2025-01-23T01:37:00,504.182,29.521,8.856,110.634,2.6086,CoAP,gateway
2025-01-21T21:46:00,1470.272,28.204,7.306,114.923,0.7196,HTTPS,camera
2025-01-23T05:17:00,1076.28,58.733,4.408,99.654,0.8267,HTTPS,gateway
2025-01-22T04:52:00,84.075,36.02,3.995,7.015,0.0,MQTT,env_sensor
2025-01-23T06:00:00,32.281,115.48,2.621,0.756,4.328,LoRaWAN,smart_meter
2025-01-22T00:41:00,15.434,158.573,0.913,0.05,3.55,LoRaWAN,smart_meter
2025-01-22T02:09:00,14.726,251.314,2.108,0.596,0.0,LoRaWAN,smart_meter
2025-01-23T08:06:00,434.965,41.26,9.044,121.154,1.1588,CoAP,gateway
2025-01-22T02:54:00,8.765,189.372,5.52,0.774,2.2685,LoRaWAN,smart_meter
2025-01-22T17:12:00,148.505,17.136,9.44,5.104,1.2611,CoAP,actuator
2025-01-22T23:00:00,137.721,21.208,4.601,6.189,1.9877,MQTT,actuator
2025-01-22T05:57:00,1864.374,83.938,4.019,94.192,0.6262,HTTPS,camera
2025-01-23T06:42:00,83.187,33.125,1.955,3.819,0.0,MQTT,env_sensor
2025-01-22T14:06:00,1004.02,15.576,11.857,38.577,1.7657,CoAP,gateway
2025-01-22T18:04:00,1133.217,54.521,8.805,222.763,0.432,HTTPS,camera
2025-01-23T05:33:00,24.186,159.19,3.921,0.463,0.0,LoRaWAN,smart_meter
2025-01-22T20:15:00,36.207,150.526,5.18,0.28,4.7522,LoRaWAN,smart_meter
2025-01-22T01:53:00,62.932,38.359,3.226,1.586,0.0,MQTT,env_sensor
2025-01-22T02:36:00,91.248,10.473,5.095,0.05,0.0,MQTT,actuator
2025-01-22T03:11:00,82.449,36.503,4.909,2.172,2.5643,MQTT,env_sensor
2025-01-22T15:04:00,30.15,217.976,0.224,0.05,4.682,LoRaWAN,smart_meter
2025-01-22T04:11:00,1343.202,48.949,2.364,70.112,1.5179,HTTPS,camera
2025-01-22T00:09:00,68.371,18.752,3.502,7.31,0.0,MQTT,env_sensor
2025-01-22T18:44:00,31.614,111.154,1.641,0.583,3.6686,LoRaWAN,smart_meter
2025-01-23T05:50:00,31.298,17.84,4.102,1.003,1.2773,MQTT,env_sensor
2025-01-22T08:50:00,88.994,22.395,4.063,2.348,0.0,MQTT,env_sensor
2025-01-22T03:16:00,1785.753,70.746,8.957,161.454,1.1665,HTTPS,camera
2025-01-22T20:10:00,103.551,21.208,3.084,2.331,1.0922,MQTT,env_sensor
2025-01-23T08:13:00,1169.262,86.651,2.638,193.143,0.053,HTTPS,camera
2025-01-21T20:21:00,2041.888,98.624,1.735,171.549,0.7007,HTTPS,camera
2025-01-21T21:28:00,1666.568,86.172,4.46,162.64,0.0,HTTPS,camera
2025-01-22T23:05:00,1083.229,47.995,4.074,23.359,1.7141,HTTPS,gateway
2025-01-23T12:48:00,78.883,11.657,4.252,10.484,0.6364,MQTT,actuator
2025-01-22T20:31:00,117.391,10.118,4.253,10.049,1.9071,MQTT,actuator
2025-01-21T22:57:00,968.885,18.263,7.441,82.318,0.0,HTTPS,gateway
2025-01-23T01:13:00,75.842,26.148,2.785,6.426,0.8147,MQTT,env_sensor
2025-01-22T17:40:00,20.869,245.948,1.063,0.271,4.0813,LoRaWAN,smart_meter
2025-01-23T04:04:00,42.49,62.015,4.753,0.329,3.2164,MQTT,smart_meter
2025-01-23T00:31:00,32.834,234.386,2.94,0.378,2.3349,LoRaWAN,smart_meter
2025-01-22T14:23:00,131.271,6.137,3.218,3.932,0.9032,MQTT,actuator
2025-01-23T03:29:00,1870.776,57.893,0.1,43.094,0.0,HTTPS,camera
2025-01-23T10:27:00,26.266,195.099,3.033,0.367,5.9863,LoRaWAN,smart_meter
2025-01-22T10:18:00,75.429,16.612,5.843,4.745,0.0,CoAP,env_sensor
2025-01-22T06:00:00,37.668,253.487,2.31,0.275,2.4105,LoRaWAN,smart_meter
2025-01-23T12:57:00,36.04,91.505,1.563,0.504,2.7209,MQTT,smart_meter
2025-01-23T11:52:00,1365.341,32.278,14.313,43.459,1.8596,HTTPS,gateway
2025-01-23T01:00:00,68.518,51.162,1.04,0.591,2.5936,MQTT,env_sensor
2025-01-23T06:02:00,39.054,170.539,2.39,0.297,2.3127,LoRaWAN,smart_meter
2025-01-22T16:24:00,8.0,14.816,2.071,22.69,0.2963,MQTT,gateway
2025-01-23T10:17:00,112.825,15.821,5.734,0.05,0.0,CoAP,actuator
2025-01-22T08:57:00,1255.534,58.627,11.685,73.822,0.6622,HTTPS,gateway
2025-01-23T12:37:00,1598.317,49.027,4.044,4.27,0.6824,HTTPS,camera
2025-01-22T09:49:00,20.099,162.382,0.1,0.701,3.0807,LoRaWAN,smart_meter
2025-01-21T21:19:00,95.489,23.179,7.198,6.436,0.468,MQTT,actuator
2025-01-23T09:31:00,25.837,241.87,1.46,0.851,4.5562,LoRaWAN,smart_meter
2025-01-22T17:07:00,1491.773,14.392,10.136,162.7,0.6848,HTTPS,camera
2025-01-23T00:34:00,1069.922,77.928,2.856,195.734,0.5318,HTTPS,camera
2025-01-22T13:12:00,720.297,11.398,9.033,20.248,0.5128,CoAP,gateway
2025-01-22T16:20:00,3105.316,42.198,4.682,98.841,0.9972,HTTPS,camera
2025-01-22T07:00:00,35.78,143.906,1.838,0.31,0.3769,LoRaWAN,smart_meter
2025-01-21T20:34:00,1711.754,34.011,3.83,78.562,1.9111,HTTPS,camera
2025-01-23T13:28:00,28.93,221.279,2.529,1.051,4.1244,MQTT,smart_meter
2025-01-22T09:54:00,1726.133,80.581,0.82,209.446,0.5117,HTTPS,camera
2025-01-22T11:27:00,59.434,16.22,2.34,5.14,1.52,MQTT,env_sensor
2025-01-23T00:55:00,25.388,121.341,0.1,0.285,2.2581,LoRaWAN,smart_meter
2025-01-22T13:47:00,27.304,181.46,0.546,0.856,9.3467,LoRaWAN,smart_meter
2025-01-23T08:38:00,283.516,39.66,3.628,116.777,1.6351,HTTPS,gateway
2025-01-23T00:47:00,61.635,35.623,1.536,7.108,0.4654,MQTT,env_sensor
2025-01-22T18:18:00,1789.535,91.492,4.773,131.947,0.2659,HTTPS,camera
2025-01-22T02:41:00,1901.916,79.542,4.798,173.178,0.7382,HTTPS,camera
2025-01-22T07:15:00,742.819,50.012,14.433,56.24,0.3592,HTTPS,gateway
2025-01-23T07:53:00,50.553,21.064,7.575,4.394,1.4529,MQTT,actuator
2025-01-22T08:56:00,1332.072,118.949,4.504,232.329,1.2596,HTTPS,camera
2025-01-23T08:15:00,26.245,255.803,2.73,0.705,3.0795,LoRaWAN,smart_meter
2025-01-22T07:44:00,913.058,1.0,6.143,91.405,1.3769,MQTT,gateway
2025-01-22T19:42:00,18.081,69.148,0.227,0.102,4.389,MQTT,smart_meter
2025-01-22T00:31:00,51.433,34.908,3.5,0.05,0.7915,MQTT,env_sensor
2025-01-22T19:10:00,2063.686,71.822,2.492,60.966,0.0916,HTTPS,camera
2025-01-21T23:55:00,2855.602,73.492,4.276,41.784,0.6596,HTTPS,camera
2025-01-22T19:59:00,20.429,187.945,2.008,0.087,4.9326,LoRaWAN,smart_meter
2025-01-21T20:15:00,1499.473,54.734,0.661,213.178,0.5881,HTTPS,camera
2025-01-22T13:54:00,24.446,205.417,3.258,0.456,3.935,LoRaWAN,smart_meter
2025-01-22T05:46:00,145.565,19.387,6.463,5.84,0.1939,MQTT,actuator
2025-01-23T01:20:00,962.217,80.472,1.051,19.432,0.8609,HTTPS,gateway
2025-01-21T22:06:00,1961.923,94.165,5.88,64.573,0.0574,HTTPS,camera
2025-01-22T10:56:00,33.593,248.199,4.901,0.436,3.6511,LoRaWAN,smart_meter
2025-01-22T03:49:00,121.342,43.762,10.941,14.145,2.1198,MQTT,gateway
2025-01-21T20:21:00,59.258,37.027,0.558,0.05,0.1353,HTTPS,env_sensor
2025-01-22T22:14:00,20.325,216.633,1.412,0.523,5.213,LoRaWAN,smart_meter
2025-01-22T14:41:00,82.921,16.323,3.76,2.345,1.1634,MQTT,env_sensor
2025-01-22T23:16:00,1632.339,52.973,7.758,61.416,0.9129,HTTPS,camera
2025-01-22T07:42:00,25.338,19.383,4.424,5.035,1.2344,MQTT,env_sensor
2025-01-22T14:22:00,8.0,63.875,12.362,39.3,1.2187,CoAP,gateway
2025-01-22T10:03:00,102.347,19.458,9.851,16.362,0.3871,MQTT,actuator
2025-01-22T05:02:00,80.021,11.539,0.578,6.148,1.7213,MQTT,env_sensor
2025-01-22T21:32:00,710.172,1.0,8.292,61.084,1.4566,CoAP,gateway
2025-01-22T04:37:00,122.608,12.489,2.351,9.779,0.5669,MQTT,actuator
2025-01-22T13:03:00,99.223,7.691,3.774,3.791,0.0,MQTT,env_sensor
2025-01-22T19:47:00,195.752,61.011,11.202,79.334,1.6598,CoAP,gateway
2025-01-23T09:21:00,102.121,25.165,6.759,12.81,1.8766,CoAP,actuator
2025-01-22T08:06:00,126.787,33.776,4.986,3.613,1.5912,MQTT,env_sensor
2025-01-22T19:18:00,113.833,25.217,7.001,6.631,0.5379,MQTT,actuator
2025-01-22T12:11:00,2100.583,43.496,2.848,141.229,0.0,HTTPS,camera
2025-01-23T02:18:00,160.992,59.13,7.172,50.377,0.1564,CoAP,gateway
2025-01-22T04:32:00,272.239,60.388,5.604,0.05,0.626,HTTPS,gateway
2025-01-23T10:37:00,17.177,203.486,2.457,0.3,1.0078,LoRaWAN,smart_meter
2025-01-22T08:10:00,18.479,235.611,4.166,0.238,0.3094,LoRaWAN,smart_meter
2025-01-23T01:59:00,79.352,1.0,1.219,6.921,0.891,MQTT,env_sensor
2025-01-22T16:53:00,26.558,73.668,0.932,0.727,3.7978,MQTT,smart_meter
2025-01-23T01:46:00,42.524,7.265,4.928,5.937,2.0731,MQTT,env_sensor
2025-01-23T09:13:00,1542.688,29.419,0.561,153.952,0.6024,HTTPS,camera
2025-01-22T15:37:00,72.425,14.169,0.102,15.141,1.6484,MQTT,actuator
2025-01-22T23:25:00,1649.472,49.21,10.62,225.169,1.0915,HTTPS,camera
2025-01-21T20:03:00,85.14,23.106,6.96,6.677,0.5385,MQTT,actuator
2025-01-22T22:10:00,113.057,16.842,2.736,4.998,1.4344,MQTT,env_sensor
2025-01-22T14:53:00,1961.625,69.245,0.1,159.24,0.6219,HTTPS,camera
2025-01-22T11:27:00,59.536,11.106,8.839,6.491,0.0924,MQTT,actuator
2025-01-23T10:23:00,8.0,21.704,9.287,0.05,2.6711,CoAP,gateway
2025-01-23T13:03:00,1529.532,20.907,5.597,196.992,0.6226,HTTPS,camera
2025-01-22T06:30:00,99.999,19.705,1.296,8.866,0.5726,MQTT,env_sensor
2025-01-22T22:35:00,992.14,38.675,3.492,18.143,0.0,HTTPS,gateway
2025-01-22T07:36:00,142.044,7.643,16.77,47.05,0.0,MQTT,gateway
2025-01-22T09:01:00,45.406,27.337,4.139,1.738,0.0,MQTT,env_sensor
2025-01-22T21:26:00,46.926,24.89,2.553,1.911,0.8608,MQTT,env_sensor
2025-01-22T07:21:00,63.9,13.337,10.009,5.199,1.4612,MQTT,actuator
2025-01-23T12:14:00,292.255,45.46,3.335,96.855,1.5955,CoAP,gateway
2025-01-22T13:40:00,126.288,5.741,9.518,8.194,0.0,MQTT,actuator
2025-01-23T10:52:00,22.885,129.165,2.083,0.367,3.9995,LoRaWAN,smart_meter
2025-01-23T03:49:00,1037.575,67.887,3.561,71.321,1.1807,HTTPS,camera
2025-01-23T04:00:00,133.995,19.405,9.041,6.065,0.0,MQTT,actuator
2025-01-22T06:39:00,56.612,26.106,2.087,3.881,1.8111,MQTT,env_sensor
2025-01-22T11:49:00,2267.311,64.177,8.639,62.219,0.422,HTTPS,camera
2025-01-22T20:29:00,549.655,93.342,2.729,30.554,0.0,HTTPS,camera
2025-01-22T08:57:00,538.194,28.59,4.879,126.168,0.6013,HTTPS,camera
2025-01-22T17:56:00,35.987,170.744,2.085,0.484,0.0,LoRaWAN,smart_meter
2025-01-23T04:10:00,82.094,24.018,3.963,7.384,1.4484,MQTT,actuator
2025-01-23T13:18:00,24.251,150.646,2.59,0.348,0.4786,LoRaWAN,smart_meter
2025-01-22T10:36:00,98.526,21.441,1.618,6.14,1.6768,MQTT,actuator
2025-01-23T06:05:00,28.706,3.15,1.923,7.161,2.2608,MQTT,env_sensor
2025-01-23T03:13:00,138.135,11.45,7.966,6.922,0.3051,MQTT,actuator
2025-01-23T04:28:00,17.559,170.384,1.312,0.05,4.9453,LoRaWAN,smart_meter
2025-01-23T09:17:00,122.553,15.62,5.691,1.669,0.7777,CoAP,env_sensor
2025-01-23T05:35:00,67.762,27.156,5.08,4.815,1.9935,MQTT,env_sensor
2025-01-22T07:51:00,137.979,27.221,3.448,17.246,0.8293,MQTT,actuator
2025-01-23T09:08:00,1562.733,66.688,5.954,149.908,0.8335,HTTPS,camera
2025-01-21T20:32:00,1715.593,48.342,3.494,156.133,0.3452,HTTPS,camera
2025-01-23T06:09:00,174.232,31.193,4.686,6.711,1.0695,MQTT,actuator
2025-01-23T13:25:00,1117.784,60.246,0.1,39.845,0.0,HTTPS,gateway
2025-01-22T01:47:00,1098.375,43.812,9.215,76.533,1.1104,HTTPS,gateway
2025-01-22T06:17:00,1550.678,40.033,10.27,175.638,0.4193,HTTPS,camera
2025-01-22T15:59:00,348.275,27.732,10.767,9.3,0.0,CoAP,gateway
2025-01-22T10:38:00,99.628,16.422,2.445,7.83,0.2187,MQTT,actuator
2025-01-22T02:08:00,66.038,34.342,6.251,4.506,0.2829,CoAP,env_sensor
2025-01-22T19:38:00,17.27,134.132,2.415,0.968,1.1433,LoRaWAN,smart_meter
2025-01-23T05:39:00,915.349,57.468,0.1,90.851,1.0454,CoAP,gateway
2025-01-21T22:49:00,102.749,27.285,2.629,10.812,2.068,MQTT,env_sensor
2025-01-23T04:55:00,32.427,202.08,3.126,0.393,5.7392,LoRaWAN,smart_meter
2025-01-21T22:58:00,70.638,23.103,4.037,2.871,3.2541,MQTT,env_sensor
2025-01-22T17:25:00,19.475,169.63,0.1,0.334,4.4314,LoRaWAN,smart_meter
2025-01-23T01:08:00,28.312,22.2,0.471,2.93,2.1417,MQTT,env_sensor
2025-01-23T13:14:00,76.354,18.518,0.332,5.322,3.5215,MQTT,env_sensor
2025-01-22T18:54:00,19.903,230.9,0.678,0.569,3.6624,LoRaWAN,smart_meter
2025-01-22T08:32:00,144.01,81.335,7.85,144.676,0.723,HTTPS,gateway
2025-01-22T07:47:00,8.0,55.363,3.772,91.05,0.0,HTTPS,gateway
2025-01-21T22:30:00,720.255,70.123,0.1,69.471,1.2514,CoAP,gateway
2025-01-23T03:56:00,143.38,46.546,0.1,112.576,1.0156,MQTT,camera
2025-01-22T03:18:00,30.018,240.309,1.993,0.458,0.0,LoRaWAN,smart_meter
2025-01-22T02:04:00,119.144,32.685,7.849,163.132,0.6681,HTTPS,gateway
2025-01-23T06:17:00,435.254,54.102,6.516,0.05,0.401,CoAP,camera
2025-01-21T22:16:00,1227.65,29.859,7.63,28.073,0.6216,HTTPS,gateway
2025-01-22T20:56:00,76.047,11.646,5.638,6.721,0.6004,MQTT,actuator
2025-01-22T07:03:00,284.295,27.918,10.851,24.534,0.778,CoAP,gateway
2025-01-21T22:24:00,102.59,25.791,4.573,4.663,1.3734,MQTT,actuator
2025-01-22T16:14:00,39.734,113.415,0.1,0.46,2.7098,LoRaWAN,smart_meter
2025-01-23T09:03:00,47.908,16.46,6.34,3.759,0.5023,MQTT,env_sensor
2025-01-22T16:15:00,122.415,21.518,3.155,7.838,1.0477,MQTT,actuator
2025-01-22T01:02:00,35.898,76.748,0.1,0.524,3.3249,MQTT,smart_meter
2025-01-23T01:13:00,1890.903,63.747,8.457,130.996,0.4864,HTTPS,camera
2025-01-23T09:42:00,25.535,28.693,5.687,4.949,2.6508,CoAP,env_sensor
2025-01-22T01:13:00,1319.335,50.718,0.1,114.62,0.0,HTTPS,camera
2025-01-23T06:17:00,41.472,33.589,1.34,6.643,0.9241,MQTT,env_sensor
2025-01-22T08:53:00,1358.861,69.589,1.91,98.727,0.6934,HTTPS,camera
2025-01-23T08:00:00,782.771,74.641,8.951,43.848,1.253,CoAP,gateway
2025-01-22T01:01:00,915.417,62.369,4.575,18.835,1.3019,CoAP,gateway
2025-01-22T08:31:00,8.0,45.07,4.637,61.302,0.8054,HTTPS,gateway
2025-01-22T19:30:00,22.762,46.895,3.203,5.709,1.4183,MQTT,env_sensor
2025-01-22T17:23:00,103.852,24.919,10.369,6.51,0.0027,MQTT,actuator
2025-01-23T11:34:00,159.23,32.107,6.862,5.395,0.7995,MQTT,actuator
2025-01-23T04:28:00,86.326,50.72,1.524,0.05,2.8055,MQTT,env_sensor
2025-01-21T21:01:00,78.133,21.731,3.334,8.232,0.5224,MQTT,env_sensor
2025-01-23T02:50:00,137.399,25.052,7.629,1.8,1.4063,MQTT,actuator
2025-01-22T11:55:00,37.581,14.355,2.722,7.901,0.7887,MQTT,actuator
2025-01-21T21:18:00,1019.268,45.041,4.088,80.235,1.6096,HTTPS,gateway
2025-01-23T02:29:00,81.989,10.789,6.09,3.658,0.0,MQTT,actuator
2025-01-23T03:45:00,33.134,155.583,1.831,0.603,4.4235,LoRaWAN,smart_meter
2025-01-21T20:16:00,108.641,23.339,2.964,1.502,1.8987,MQTT,env_sensor
2025-01-22T15:10:00,107.201,45.473,0.1,8.111,0.0,MQTT,env_sensor
2025-01-23T12:40:00,2661.588,95.275,0.618,32.692,0.5338,HTTPS,camera
2025-01-22T18:51:00,640.006,33.869,19.484,73.256,2.413,CoAP,gateway
2025-01-22T20:07:00,1842.823,80.136,2.324,151.434,0.0058,HTTPS,camera
2025-01-23T10:46:00,1658.673,111.968,6.752,123.63,0.8888,HTTPS,camera
2025-01-23T06:57:00,97.126,36.763,0.1,6.08,1.5669,MQTT,env_sensor
2025-01-22T02:17:00,25.75,252.584,1.693,0.546,1.8786,LoRaWAN,smart_meter
2025-01-22T02:46:00,33.159,153.41,3.046,0.634,6.8307,LoRaWAN,smart_meter
2025-01-23T07:52:00,103.814,17.064,2.366,7.065,0.0,MQTT,env_sensor
2025-01-23T07:19:00,102.69,20.005,4.908,3.776,0.5156,MQTT,actuator
2025-01-23T07:35:00,1187.003,50.684,4.33,73.858,0.2551,HTTPS,camera
2025-01-22T22:30:00,226.794,1.0,6.855,153.045,1.1558,MQTT,camera
2025-01-22T06:30:00,17.636,108.871,2.738,0.764,7.1152,LoRaWAN,smart_meter
2025-01-21T20:20:00,2296.867,74.888,11.251,105.799,0.7885,HTTPS,gateway
2025-01-22T05:28:00,78.394,37.257,1.145,7.432,0.9152,MQTT,env_sensor
2025-01-22T20:12:00,108.757,2.623,7.413,8.298,0.898,MQTT,actuator
2025-01-22T08:31:00,75.307,17.871,3.955,5.458,2.2051,MQTT,env_sensor
2025-01-22T20:33:00,108.414,18.832,0.172,5.263,0.9692,MQTT,actuator
2025-01-22T20:22:00,23.687,283.497,1.921,0.227,1.9987,LoRaWAN,smart_meter
2025-01-23T13:19:00,16.807,164.447,3.361,0.595,4.4554,LoRaWAN,smart_meter
2025-01-22T16:53:00,158.751,61.518,0.1,125.541,1.7874,MQTT,gateway
2025-01-23T06:04:00,2343.862,49.583,6.204,108.127,0.6738,HTTPS,camera
2025-01-22T04:48:00,102.811,12.808,8.893,12.556,1.7006,MQTT,actuator
2025-01-22T12:47:00,69.241,39.844,5.406,0.189,1.8819,CoAP,env_sensor
2025-01-21T21:14:00,535.18,39.914,5.246,94.474,0.0,HTTPS,gateway
2025-01-22T23:03:00,759.4,78.441,9.993,46.206,1.2626,CoAP,gateway
2025-01-23T12:35:00,140.615,31.826,6.709,11.001,0.4304,CoAP,actuator
2025-01-21T21:39:00,18.94,195.431,3.416,0.657,4.7269,LoRaWAN,smart_meter
2025-01-22T15:55:00,67.428,27.072,2.327,0.063,2.5957,MQTT,env_sensor
2025-01-22T06:17:00,86.75,13.398,3.156,0.939,0.4308,MQTT,env_sensor
2025-01-23T00:33:00,1942.12,87.127,4.289,140.568,0.4477,HTTPS,camera
2025-01-22T10:07:00,1678.102,29.981,2.006,16.699,0.0,HTTPS,gateway
2025-01-22T22:37:00,2142.695,37.532,0.1,107.155,0.9176,HTTPS,camera
2025-01-21T23:31:00,108.392,14.014,8.223,6.514,0.7986,MQTT,actuator
2025-01-22T05:02:00,29.945,210.819,4.668,0.389,4.3376,LoRaWAN,smart_meter
2025-01-23T12:44:00,148.52,28.805,5.385,1.392,0.3865,MQTT,actuator
2025-01-22T20:02:00,1424.439,37.685,5.102,68.487,0.0,HTTPS,gateway
2025-01-22T09:41:00,40.485,14.842,4.722,5.604,0.4569,MQTT,env_sensor
2025-01-23T10:40:00,84.856,14.94,1.94,6.941,2.5494,MQTT,env_sensor
2025-01-22T18:28:00,22.716,255.219,2.624,0.883,6.3098,LoRaWAN,smart_meter
2025-01-22T12:07:00,986.387,22.425,1.674,61.71,1.1545,MQTT,gateway
2025-01-23T07:27:00,61.17,18.512,0.805,2.409,2.7129,MQTT,env_sensor
2025-01-23T06:07:00,15.137,17.079,14.378,11.77,0.1258,MQTT,gateway
2025-01-22T09:47:00,992.275,15.537,13.466,47.099,1.3802,CoAP,gateway
2025-01-22T06:04:00,102.184,23.038,3.56,4.193,1.523,MQTT,env_sensor
2025-01-23T10:41:00,25.34,209.237,0.612,0.117,2.8879,LoRaWAN,smart_meter
2025-01-22T06:58:00,128.548,11.015,7.329,4.418,0.0,MQTT,actuator
2025-01-22T00:47:00,119.272,12.445,7.35,7.545,0.0,MQTT,actuator
2025-01-22T10:58:00,2871.604,104.539,2.743,218.564,0.9793,HTTPS,camera
2025-01-22T21:26:00,35.864,203.564,2.653,0.68,0.0,LoRaWAN,smart_meter
2025-01-22T16:42:00,8.0,80.834,6.242,66.195,2.6888,MQTT,gateway
2025-01-21T20:39:00,104.497,12.145,8.939,4.527,1.3739,MQTT,actuator
2025-01-22T14:15:00,60.862,21.266,6.628,6.892,1.0317,MQTT,actuator
2025-01-23T04:56:00,78.985,16.371,7.218,12.031,0.7682,MQTT,actuator
2025-01-23T12:04:00,22.704,66.92,0.1,69.691,1.4261,MQTT,camera
2025-01-23T13:04:00,22.856,31.061,4.302,5.568,1.722,MQTT,env_sensor
2025-01-22T19:54:00,53.398,36.562,0.381,0.386,2.3654,MQTT,env_sensor
2025-01-22T08:44:00,2362.004,11.168,4.453,147.075,0.8369,HTTPS,camera
2025-01-23T11:27:00,1253.348,48.051,7.027,11.062,1.5104,HTTPS,gateway
2025-01-23T04:36:00,2441.114,94.312,1.398,109.332,0.3278,HTTPS,camera
2025-01-22T18:21:00,140.296,19.104,5.317,3.366,0.3161,MQTT,actuator
2025-01-22T01:55:00,59.755,21.161,3.044,4.49,0.0,MQTT,actuator
2025-01-23T04:57:00,65.962,13.527,2.777,1.689,0.7082,MQTT,env_sensor
2025-01-22T17:23:00,38.579,11.001,5.844,4.9,0.5809,MQTT,env_sensor
2025-01-22T15:25:00,2318.755,29.995,5.423,30.543,0.966,HTTPS,camera
2025-01-22T06:34:00,1040.507,82.59,4.621,89.232,0.4698,HTTPS,camera
2025-01-22T11:08:00,1628.144,75.889,5.768,9.804,0.5551,HTTPS,camera
2025-01-23T10:18:00,884.86,45.622,1.424,241.955,0.2797,HTTPS,camera
2025-01-23T11:57:00,31.282,84.471,1.366,0.592,1.3145,LoRaWAN,smart_meter
2025-01-22T20:52:00,17.864,97.228,1.54,0.375,4.4442,LoRaWAN,smart_meter
2025-01-23T13:07:00,69.274,5.661,8.895,2.728,2.0428,MQTT,env_sensor
2025-01-22T16:31:00,31.834,238.008,1.411,0.366,4.004,LoRaWAN,smart_meter
2025-01-22T00:46:00,136.073,22.464,5.973,5.857,0.8034,MQTT,actuator
2025-01-23T12:24:00,42.947,194.22,0.211,0.405,7.1119,LoRaWAN,smart_meter
2025-01-22T01:24:00,2592.642,80.056,8.789,62.212,0.4706,HTTPS,camera
2025-01-23T01:07:00,25.603,214.367,2.599,0.394,3.4058,LoRaWAN,smart_meter
2025-01-22T19:13:00,657.68,46.258,2.116,121.389,0.6367,HTTPS,camera
2025-01-22T05:56:00,139.653,10.894,1.634,4.872,1.2515,MQTT,actuator
2025-01-23T06:18:00,69.389,12.266,7.165,2.355,0.861,MQTT,actuator
2025-01-22T10:05:00,35.718,263.179,2.402,0.281,5.5745,LoRaWAN,smart_meter
2025-01-22T13:04:00,1088.766,27.9,6.653,12.406,1.9606,CoAP,gateway
2025-01-23T07:42:00,41.137,18.831,2.451,0.05,1.2635,MQTT,env_sensor
2025-01-23T09:28:00,2477.581,64.135,7.793,36.717,0.51,HTTPS,camera
2025-01-22T14:37:00,118.29,25.968,5.366,7.573,0.5837,MQTT,actuator
2025-01-22T06:41:00,1162.411,30.21,16.74,19.947,0.7526,HTTPS,gateway
2025-01-23T00:48:00,78.881,18.79,2.891,6.165,0.9523,MQTT,actuator
2025-01-22T12:53:00,36.361,96.177,3.965,0.54,2.4908,LoRaWAN,smart_meter
2025-01-22T23:50:00,134.384,22.802,7.016,6.627,0.0,CoAP,actuator
2025-01-22T01:30:00,124.22,21.303,1.682,3.83,0.6204,MQTT,actuator
2025-01-23T12:49:00,1274.775,28.826,13.288,47.521,0.7914,HTTPS,gateway
2025-01-23T02:44:00,1824.93,32.792,4.428,226.558,0.0,HTTPS,camera
2025-01-23T03:17:00,130.321,13.579,14.633,1.749,1.5986,MQTT,actuator
2025-01-23T02:40:00,19.074,284.997,1.628,0.328,4.8578,LoRaWAN,smart_meter
2025-01-22T23:13:00,94.599,16.518,5.229,8.077,2.0604,MQTT,actuator
2025-01-22T19:20:00,88.788,12.88,3.601,8.748,1.9962,MQTT,env_sensor
2025-01-23T02:09:00,291.025,45.451,8.935,233.056,0.0,HTTPS,camera
2025-01-22T02:09:00,2149.822,49.155,5.104,183.979,0.8204,HTTPS,camera
2025-01-22T13:19:00,140.03,19.867,1.309,5.76,1.0491,MQTT,actuator
2025-01-22T06:58:00,805.572,44.106,6.594,50.393,0.9495,HTTPS,gateway
2025-01-23T11:16:00,22.521,115.8,0.351,0.576,4.6243,LoRaWAN,smart_meter
2025-01-22T07:41:00,859.468,81.147,4.703,42.892,1.5552,CoAP,camera
2025-01-23T11:27:00,2303.752,105.701,5.0,83.417,0.9395,HTTPS,camera
2025-01-23T06:54:00,1361.346,46.13,4.768,88.795,0.0,HTTPS,camera
2025-01-22T21:08:00,1184.233,40.547,11.045,71.266,1.3575,HTTPS,gateway
2025-01-22T10:23:00,82.882,20.137,2.152,10.036,0.511,MQTT,actuator
2025-01-22T23:09:00,137.252,30.259,3.633,13.519,1.1148,MQTT,actuator
2025-01-23T00:09:00,1302.667,52.988,8.524,32.101,1.9874,CoAP,gateway
2025-01-23T03:13:00,24.37,200.883,4.546,0.726,4.7301,LoRaWAN,smart_meter
2025-01-23T05:19:00,1603.713,127.757,5.864,186.106,0.7475,HTTPS,camera
2025-01-22T06:40:00,114.885,31.043,2.642,4.015,0.0,MQTT,env_sensor
2025-01-22T10:52:00,24.512,155.796,0.1,0.412,3.6164,LoRaWAN,smart_meter
2025-01-23T02:05:00,2329.073,71.855,5.851,25.726,0.4854,HTTPS,camera
2025-01-22T22:42:00,85.629,28.603,3.767,2.325,1.6693,MQTT,env_sensor
2025-01-22T15:52:00,37.053,207.388,2.973,0.06,5.0263,LoRaWAN,smart_meter
2025-01-22T04:32:00,2166.932,57.27,2.198,13.593,1.0262,HTTPS,camera
2025-01-21T22:37:00,33.663,308.621,2.273,0.094,4.1153,LoRaWAN,smart_meter
2025-01-22T08:08:00,2571.097,78.968,1.677,55.301,0.4446,HTTPS,camera
2025-01-22T13:10:00,30.56,27.152,2.256,6.046,2.4661,MQTT,env_sensor
2025-01-22T00:08:00,64.816,39.991,1.762,4.451,0.79,MQTT,env_sensor
2025-01-22T14:30:00,535.716,46.951,12.603,29.94,2.4102,CoAP,gateway
2025-01-22T22:06:00,52.143,8.967,5.432,7.558,0.5072,MQTT,env_sensor
2025-01-22T01:55:00,1146.159,98.138,0.1,20.482,0.5726,HTTPS,camera
2025-01-22T05:44:00,30.695,100.53,3.849,0.255,3.5595,LoRaWAN,smart_meter
2025-01-23T10:12:00,1391.785,25.672,7.239,53.578,2.9556,HTTPS,gateway
2025-01-23T06:33:00,739.118,86.164,6.918,69.505,1.125,CoAP,gateway
2025-01-23T06:40:00,70.772,19.608,1.474,8.508,2.3236,MQTT,env_sensor
2025-01-23T06:52:00,65.172,32.963,2.308,4.836,1.9433,MQTT,env_sensor
2025-01-21T20:48:00,132.664,14.81,13.805,9.936,0.0,CoAP,actuator
2025-01-21T20:09:00,91.264,26.417,2.823,7.327,0.0879,MQTT,env_sensor
2025-01-21T22:03:00,1940.246,45.997,1.335,40.833,0.9019,HTTPS,camera
2025-01-23T13:15:00,83.589,30.696,2.517,0.05,0.7208,MQTT,actuator
2025-01-22T14:16:00,2522.024,61.86,2.941,87.592,0.1407,HTTPS,camera
2025-01-23T05:00:00,19.899,174.366,4.181,0.969,0.0,LoRaWAN,smart_meter
2025-01-22T19:14:00,2006.678,63.251,2.108,81.87,0.7697,HTTPS,camera
2025-01-23T02:42:00,99.193,29.908,6.149,4.803,0.0,MQTT,actuator
2025-01-22T16:12:00,3193.054,18.967,0.1,108.617,0.6346,HTTPS,camera
2025-01-22T20:55:00,80.134,23.459,2.98,2.269,1.1813,MQTT,env_sensor
2025-01-22T18:15:00,96.983,23.353,5.257,2.971,0.5411,MQTT,actuator
2025-01-23T00:31:00,68.137,27.008,3.2,5.379,1.6855,MQTT,env_sensor
2025-01-22T06:57:00,79.27,26.938,10.238,7.825,0.6546,CoAP,actuator
2025-01-23T09:24:00,2555.305,30.543,10.089,121.915,0.5569,HTTPS,camera
2025-01-23T01:53:00,66.237,31.268,5.45,0.05,1.7347,MQTT,env_sensor
2025-01-23T02:46:00,737.648,42.731,5.496,49.164,0.0,HTTPS,gateway
2025-01-21T21:20:00,106.499,22.64,8.267,8.653,0.0708,CoAP,actuator
2025-01-22T19:04:00,88.859,16.581,4.047,8.227,1.8738,MQTT,actuator
2025-01-22T00:41:00,56.143,36.653,4.562,4.981,1.785,MQTT,env_sensor
2025-01-22T08:44:00,72.084,15.354,9.621,11.073,0.4485,MQTT,actuator
2025-01-23T09:34:00,238.324,38.316,5.666,38.35,2.5571,MQTT,gateway
2025-01-22T18:18:00,140.359,11.001,7.096,8.06,0.0,MQTT,actuator
2025-01-22T17:50:00,1313.531,58.771,7.137,84.712,0.7292,HTTPS,camera
2025-01-22T05:36:00,106.275,22.234,8.799,7.115,0.3386,MQTT,actuator
2025-01-23T05:33:00,66.598,3.741,3.538,0.05,0.0307,MQTT,env_sensor
2025-01-23T08:42:00,80.693,36.765,1.765,5.699,1.1561,MQTT,env_sensor
2025-01-22T13:45:00,137.455,41.71,2.858,8.648,0.6485,MQTT,actuator
2025-01-23T06:49:00,515.265,67.367,4.95,134.256,0.2294,HTTPS,camera
2025-01-22T15:31:00,117.79,29.144,9.655,7.226,1.028,MQTT,actuator
2025-01-21T22:16:00,36.069,266.908,0.796,0.254,2.5381,LoRaWAN,smart_meter
2025-01-23T06:47:00,114.824,25.467,3.626,10.089,1.7194,MQTT,actuator
2025-01-22T02:42:00,24.583,229.88,3.824,0.254,2.7247,LoRaWAN,smart_meter
2025-01-22T05:10:00,132.74,13.545,5.693,2.23,2.0028,MQTT,actuator
2025-01-21T23:22:00,726.589,63.414,3.133,111.425,0.9824,HTTPS,camera
2025-01-22T16:49:00,3140.687,52.666,2.744,139.154,0.0,HTTPS,camera
2025-01-23T06:25:00,118.185,4.803,1.035,18.098,0.5896,MQTT,actuator
2025-01-22T22:36:00,73.208,7.912,8.8,10.326,1.2606,MQTT,actuator
2025-01-23T05:54:00,24.951,229.605,1.689,0.627,2.2069,LoRaWAN,smart_meter
2025-01-23T05:19:00,50.674,14.761,3.69,0.05,2.4243,MQTT,env_sensor
2025-01-23T00:24:00,27.025,282.565,1.339,0.474,1.4344,LoRaWAN,smart_meter
2025-01-22T00:31:00,2556.218,78.332,3.343,51.491,1.1337,HTTPS,camera
2025-01-23T05:54:00,657.824,52.92,7.625,105.601,0.8858,HTTPS,gateway
2025-01-23T01:54:00,99.856,13.751,1.875,6.256,1.1033,MQTT,env_sensor
2025-01-22T21:41:00,14.346,208.701,5.02,0.05,2.9778,LoRaWAN,smart_meter
2025-01-23T11:10:00,157.978,31.606,0.677,9.555,0.9721,MQTT,actuator
2025-01-21T22:02:00,15.435,140.353,1.455,0.769,0.8289,LoRaWAN,smart_meter
2025-01-22T04:08:00,1178.826,34.865,14.319,101.803,2.3422,HTTPS,gateway
2025-01-23T13:28:00,1576.987,79.895,8.528,189.188,0.466,HTTPS,camera
2025-01-23T05:38:00,82.715,25.677,9.68,6.734,0.3992,MQTT,actuator
2025-01-22T20:51:00,1214.51,36.914,12.742,119.568,3.1975,HTTPS,gateway
2025-01-23T01:02:00,1637.937,69.615,0.1,153.217,0.0392,HTTPS,camera
2025-01-22T04:36:00,173.531,10.503,5.058,6.745,0.7092,MQTT,actuator
2025-01-21T20:29:00,192.631,21.388,5.743,6.199,0.9974,MQTT,actuator
2025-01-22T09:04:00,1224.533,48.31,7.26,148.081,1.1032,HTTPS,camera
2025-01-22T17:07:00,8.0,28.324,6.015,3.426,2.0521,CoAP,env_sensor
2025-01-23T08:20:00,98.787,23.84,7.622,4.991,0.7205,MQTT,actuator
2025-01-21T20:40:00,96.664,31.796,2.87,3.951,0.6578,MQTT,env_sensor
2025-01-22T14:34:00,1240.397,43.389,5.782,94.795,1.0928,HTTPS,camera
2025-01-22T00:49:00,62.677,10.17,4.826,12.644,0.5337,MQTT,actuator
2025-01-22T18:14:00,82.281,38.645,7.209,2.691,0.0,MQTT,env_sensor
2025-01-23T11:20:00,87.307,16.312,2.855,12.528,0.0,MQTT,env_sensor
2025-01-22T12:06:00,80.615,23.249,5.033,5.06,1.1417,CoAP,actuator
2025-01-23T01:17:00,36.517,141.664,1.403,0.218,4.2134,LoRaWAN,smart_meter
2025-01-22T12:43:00,56.823,41.265,4.758,7.8,0.2934,MQTT,env_sensor
2025-01-22T14:45:00,192.691,17.335,9.917,11.637,0.0,MQTT,actuator
2025-01-22T07:38:00,795.784,28.131,2.604,99.591,1.0011,MQTT,gateway
2025-01-22T21:28:00,119.73,27.29,7.775,5.887,0.7455,MQTT,actuator
2025-01-22T13:55:00,29.668,223.775,0.1,0.481,1.4511,LoRaWAN,smart_meter
2025-01-22T09:35:00,757.904,58.888,19.674,114.655,1.2637,MQTT,gateway
2025-01-23T12:21:00,72.506,13.902,8.24,5.711,1.3529,MQTT,actuator
2025-01-23T00:54:00,1580.446,55.962,3.986,134.85,1.6945,HTTPS,gateway
2025-01-23T10:25:00,2648.206,71.961,1.081,115.552,0.7797,HTTPS,camera
2025-01-22T22:48:00,22.273,256.95,4.658,0.425,1.6785,LoRaWAN,smart_meter
2025-01-23T11:32:00,8.0,74.801,5.622,59.191,0.6925,HTTPS,camera
2025-01-22T23:49:00,87.59,37.379,0.1,2.798,1.3767,MQTT,env_sensor
2025-01-22T16:18:00,20.441,163.334,2.863,0.05,4.8427,LoRaWAN,smart_meter
2025-01-22T01:03:00,145.804,31.229,8.358,12.926,0.7992,MQTT,actuator
2025-01-22T00:53:00,1292.809,29.197,11.518,0.05,1.3887,CoAP,gateway
2025-01-22T07:07:00,677.495,27.186,7.989,0.05,0.2365,CoAP,gateway
2025-01-22T05:15:00,685.927,58.489,2.923,69.074,0.1173,HTTPS,gateway
2025-01-22T11:21:00,146.332,13.546,6.771,12.424,0.5742,MQTT,actuator
2025-01-22T01:07:00,92.648,13.03,6.841,0.558,1.8862,CoAP,env_sensor
2025-01-22T13:11:00,128.437,17.125,7.715,5.643,0.8623,MQTT,actuator
2025-01-23T12:46:00,23.048,114.114,2.046,0.988,5.899,LoRaWAN,smart_meter
2025-01-22T00:55:00,50.687,4.838,3.366,3.914,2.7449,MQTT,env_sensor
2025-01-22T17:55:00,42.96,177.042,4.012,0.518,4.4348,LoRaWAN,smart_meter
2025-01-22T03:26:00,114.433,22.435,10.198,7.4,0.9647,MQTT,actuator
2025-01-23T08:30:00,1689.926,94.409,2.626,144.475,1.2014,HTTPS,camera
2025-01-23T02:28:00,2019.133,10.79,4.188,194.255,0.0323,HTTPS,camera
2025-01-22T20:22:00,1915.96,53.642,3.491,203.551,0.1753,HTTPS,camera
2025-01-22T17:52:00,1964.198,67.634,2.471,94.315,0.3174,HTTPS,camera
2025-01-22T04:17:00,1022.129,84.464,10.426,81.01,1.3265,CoAP,camera
2025-01-23T13:13:00,282.892,18.285,6.292,46.408,1.1286,CoAP,gateway
2025-01-22T17:07:00,27.701,237.503,4.552,1.095,3.0957,MQTT,smart_meter
2025-01-22T17:03:00,36.438,322.219,0.453,0.05,2.5089,LoRaWAN,smart_meter
2025-01-22T00:35:00,1603.226,63.227,3.549,173.647,0.3534,HTTPS,camera
2025-01-22T05:31:00,36.349,25.414,16.67,82.963,2.4043,MQTT,gateway
2025-01-21T21:03:00,840.104,51.491,11.274,35.208,1.0177,CoAP,gateway
2025-01-22T01:14:00,117.681,24.248,4.754,5.59,0.2209,MQTT,actuator
2025-01-22T07:08:00,2074.831,49.245,1.963,120.081,0.3781,HTTPS,camera
2025-01-22T03:44:00,120.991,56.372,1.472,106.673,0.0,HTTPS,camera
2025-01-22T17:18:00,118.204,17.27,6.287,0.976,1.126,CoAP,actuator
2025-01-22T10:44:00,29.823,260.235,1.339,0.304,0.0,LoRaWAN,smart_meter
2025-01-23T01:30:00,122.22,26.561,3.349,9.188,1.0864,MQTT,actuator
2025-01-22T04:53:00,34.57,147.604,2.502,0.544,3.4352,LoRaWAN,smart_meter
2025-01-23T01:30:00,38.901,168.357,1.029,0.422,1.8906,LoRaWAN,smart_meter
2025-01-22T14:59:00,145.775,19.113,9.683,16.418,0.982,CoAP,actuator
2025-01-23T00:56:00,24.577,218.078,5.037,0.075,1.8043,LoRaWAN,smart_meter
2025-01-22T14:19:00,101.816,34.299,2.812,5.286,0.647,MQTT,env_sensor
2025-01-22T18:56:00,56.048,13.673,0.779,5.783,0.0,MQTT,env_sensor
2025-01-22T03:26:00,1590.219,47.747,14.052,70.68,1.1132,HTTPS,gateway
2025-01-22T11:43:00,1978.0,95.177,0.1,137.559,0.6257,HTTPS,camera
2025-01-21T23:29:00,52.478,16.746,0.1,2.367,2.1803,MQTT,env_sensor
2025-01-22T12:51:00,1188.306,68.315,0.1,59.381,0.1329,HTTPS,gateway
2025-01-22T20:49:00,1635.9,101.276,2.233,133.539,0.6726,HTTPS,camera
2025-01-23T07:51:00,1664.975,69.305,5.563,83.297,0.3389,HTTPS,camera
2025-01-22T04:03:00,1386.575,67.588,7.108,112.651,1.0654,HTTPS,camera
2025-01-22T15:35:00,1308.475,69.466,0.1,5.371,0.0,HTTPS,gateway
2025-01-22T22:20:00,43.853,217.272,1.535,0.05,6.9177,LoRaWAN,smart_meter
2025-01-22T06:04:00,1174.131,28.258,14.121,38.863,0.3431,HTTPS,gateway
2025-01-22T17:07:00,662.128,43.802,0.1,59.651,1.6663,HTTPS,gateway
2025-01-21T20:45:00,69.789,18.628,4.845,80.481,1.0279,MQTT,camera
2025-01-23T08:05:00,38.16,255.762,1.7,0.402,3.1046,LoRaWAN,smart_meter
2025-01-23T07:11:00,33.512,27.66,3.204,2.717,0.2974,MQTT,env_sensor
2025-01-22T11:12:00,722.306,78.061,4.015,122.609,0.7296,HTTPS,camera
2025-01-22T22:38:00,107.601,33.198,4.453,3.704,0.7822,MQTT,env_sensor
2025-01-22T16:25:00,519.848,74.775,5.852,44.92,0.7282,CoAP,gateway
2025-01-23T01:01:00,358.3,57.487,7.945,40.339,0.0,CoAP,gateway
2025-01-23T00:38:00,46.036,1.0,5.309,4.581,1.2161,MQTT,env_sensor
2025-01-22T21:32:00,1492.202,36.709,3.01,108.28,1.0757,HTTPS,camera
2025-01-22T19:03:00,80.269,7.046,11.808,10.336,1.3896,CoAP,actuator
2025-01-22T13:42:00,1071.858,52.319,9.873,18.687,0.5196,HTTPS,gateway
2025-01-23T11:34:00,1551.294,37.573,6.877,66.903,1.2652,HTTPS,gateway
2025-01-22T11:37:00,2842.766,63.036,0.1,196.503,0.2744,HTTPS,camera
2025-01-23T12:17:00,81.172,10.785,2.451,5.411,0.7741,MQTT,env_sensor
2025-01-22T17:06:00,1280.605,32.374,0.255,143.233,2.252,HTTPS,gateway
2025-01-23T03:46:00,89.098,12.711,0.537,3.464,2.8221,MQTT,env_sensor
2025-01-22T11:43:00,1424.316,21.162,0.1,114.864,1.7604,HTTPS,gateway
2025-01-23T08:56:00,1844.71,84.162,0.1,107.852,0.8452,HTTPS,camera
2025-01-21T22:18:00,1121.211,44.728,8.353,39.363,0.855,HTTPS,gateway
2025-01-23T10:17:00,1997.956,60.928,9.284,47.04,0.5202,HTTPS,camera
2025-01-22T13:17:00,1052.095,50.423,5.707,70.31,0.0,HTTPS,gateway
2025-01-23T09:29:00,49.31,36.496,2.857,5.648,0.3947,HTTPS,env_sensor
2025-01-22T11:09:00,104.782,29.33,4.704,6.126,1.0443,MQTT,actuator
2025-01-22T05:42:00,23.521,229.081,3.716,0.925,3.2742,LoRaWAN,smart_meter
2025-01-23T09:49:00,61.062,29.356,3.409,3.222,1.8503,MQTT,env_sensor
2025-01-23T02:28:00,55.07,38.565,3.463,3.682,0.3078,MQTT,env_sensor
2025-01-22T11:48:00,131.489,22.138,5.373,10.962,0.6934,MQTT,actuator
2025-01-23T10:49:00,76.354,19.551,8.155,0.05,0.1937,MQTT,actuator
2025-01-22T10:19:00,508.427,97.15,4.66,136.126,1.7165,HTTPS,camera
2025-01-22T07:39:00,1831.517,33.767,12.497,47.053,2.4356,CoAP,gateway
2025-01-22T09:11:00,1106.834,54.922,0.1,122.168,0.2181,HTTPS,camera
2025-01-23T11:11:00,137.364,11.404,4.754,5.865,0.7562,MQTT,actuator
2025-01-22T13:36:00,72.553,21.602,8.91,16.359,1.2626,MQTT,actuator
2025-01-22T19:51:00,139.207,16.051,7.215,3.99,1.8168,MQTT,actuator
2025-01-21T21:01:00,481.736,37.206,13.076,34.74,0.3618,HTTPS,gateway
2025-01-23T10:09:00,1115.439,60.476,5.101,22.602,0.6821,HTTPS,camera
2025-01-21T23:25:00,1481.104,52.259,6.94,6.18,0.5704,HTTPS,gateway
2025-01-21T21:51:00,24.637,282.201,2.927,0.579,5.2349,LoRaWAN,smart_meter
2025-01-22T01:31:00,33.222,346.928,1.509,0.363,1.3361,LoRaWAN,smart_meter
2025-01-22T04:33:00,104.782,6.722,2.443,0.05,0.5142,MQTT,actuator
2025-01-22T12:13:00,25.049,227.194,0.812,0.068,3.1371,LoRaWAN,smart_meter
2025-01-22T05:47:00,26.458,162.915,1.362,0.455,1.8132,LoRaWAN,smart_meter
2025-01-23T01:50:00,2629.196,77.422,0.1,101.86,0.5947,HTTPS,camera
2025-01-23T09:15:00,73.483,27.08,0.1,0.05,0.9145,MQTT,env_sensor
2025-01-22T20:11:00,20.621,250.904,0.905,0.416,3.0023,MQTT,smart_meter
2025-01-22T07:55:00,32.553,219.071,0.616,0.592,4.9382,LoRaWAN,smart_meter
2025-01-22T20:16:00,1599.277,77.436,4.2,124.691,0.6997,HTTPS,camera
2025-01-22T20:32:00,1611.928,86.596,0.997,28.669,0.4565,HTTPS,gateway
2025-01-21T22:16:00,58.9,22.709,4.815,3.756,0.4516,MQTT,actuator
2025-01-23T08:13:00,110.301,23.266,10.492,6.022,0.9478,MQTT,actuator
2025-01-22T15:41:00,23.786,187.12,2.456,0.473,3.1063,LoRaWAN,smart_meter
2025-01-22T23:14:00,115.895,20.376,8.078,7.121,1.1312,MQTT,actuator
2025-01-23T05:29:00,2318.904,49.09,3.981,71.742,1.2883,HTTPS,camera
2025-01-22T11:18:00,19.306,243.158,2.785,0.562,3.6648,LoRaWAN,smart_meter
2025-01-22T12:04:00,1175.919,75.258,7.302,16.859,2.23,CoAP,gateway
2025-01-22T07:37:00,3183.82,69.022,3.386,56.065,0.0,HTTPS,camera
2025-01-21T20:49:00,137.72,27.1,11.355,3.658,0.0,MQTT,actuator
2025-01-22T14:10:00,1701.406,82.038,4.371,135.961,0.0,HTTPS,camera
2025-01-22T20:01:00,39.419,79.812,2.556,0.736,3.9979,LoRaWAN,smart_meter
2025-01-23T06:40:00,2034.449,57.066,4.414,107.67,0.0746,HTTPS,camera
2025-01-22T14:29:00,63.001,6.822,1.652,15.132,0.6821,MQTT,actuator
2025-01-21T23:28:00,1651.207,70.639,3.34,180.668,1.5903,HTTPS,camera
2025-01-22T04:16:00,1576.791,22.541,10.795,179.35,0.8254,HTTPS,camera
2025-01-23T11:21:00,1113.816,54.866,2.084,205.536,1.2176,HTTPS,camera
2025-01-22T08:11:00,29.03,192.65,2.201,0.232,2.0618,LoRaWAN,smart_meter
2025-01-23T11:38:00,40.154,184.58,0.1,1.048,4.2569,MQTT,smart_meter
2025-01-23T01:54:00,117.996,4.993,5.857,1.068,0.7035,CoAP,actuator
2025-01-23T03:08:00,2216.599,73.583,1.267,95.623,0.0286,HTTPS,camera
2025-01-21T21:09:00,21.445,259.355,3.482,0.351,4.0599,MQTT,smart_meter
2025-01-22T08:18:00,120.104,31.618,5.354,12.729,0.6002,MQTT,actuator
2025-01-22T15:13:00,1344.575,41.122,0.301,127.815,1.1984,HTTPS,gateway
2025-01-22T15:52:00,126.122,20.416,3.218,8.431,0.7878,MQTT,actuator
2025-01-23T04:24:00,26.092,190.333,3.688,0.85,1.2824,LoRaWAN,smart_meter
2025-01-23T05:57:00,81.993,5.183,1.614,2.85,0.5134,MQTT,env_sensor
2025-01-23T09:47:00,599.158,48.091,7.487,60.069,0.116,HTTPS,gateway
2025-01-23T05:26:00,3006.795,56.796,4.477,105.635,0.8246,HTTPS,camera
2025-01-23T11:28:00,48.575,14.177,4.369,1.093,1.3952,MQTT,env_sensor
2025-01-23T04:16:00,2593.445,113.962,2.997,223.204,0.6499,HTTPS,camera
2025-01-22T01:28:00,17.523,270.565,0.763,0.456,3.7633,LoRaWAN,smart_meter
2025-01-22T03:23:00,349.72,62.202,12.362,0.05,1.2006,CoAP,gateway
2025-01-23T04:59:00,599.903,62.61,3.271,160.858,0.0,HTTPS,camera
2025-01-22T12:23:00,77.207,15.264,3.983,8.475,0.3586,MQTT,actuator
2025-01-23T07:43:00,27.476,126.727,3.735,0.301,1.7879,LoRaWAN,smart_meter
2025-01-22T02:43:00,996.621,88.977,3.055,11.522,0.2095,HTTPS,camera
2025-01-22T08:13:00,53.634,12.164,2.974,6.152,0.973,MQTT,env_sensor
2025-01-22T18:33:00,20.82,166.908,0.1,0.177,4.0648,LoRaWAN,smart_meter
2025-01-22T15:58:00,106.774,17.244,6.001,12.834,0.3922,CoAP,actuator
2025-01-22T12:46:00,82.363,34.693,4.35,0.05,3.6172,MQTT,env_sensor
2025-01-22T21:20:00,654.898,70.296,16.246,28.747,2.893,CoAP,gateway
2025-01-23T10:45:00,40.571,15.972,5.55,3.437,0.6896,CoAP,env_sensor
2025-01-22T13:51:00,1268.962,57.136,4.069,114.373,1.1012,HTTPS,camera
2025-01-23T08:23:00,1987.331,66.843,9.684,66.984,0.651,HTTPS,camera
2025-01-21T20:45:00,73.939,28.124,1.559,0.467,2.0811,MQTT,env_sensor
2025-01-23T09:41:00,93.722,28.893,3.495,5.984,0.2316,MQTT,actuator
2025-01-22T20:17:00,787.841,97.1,0.188,111.868,0.0,HTTPS,camera
2025-01-23T01:25:00,26.099,183.565,2.199,0.334,6.6212,LoRaWAN,smart_meter
2025-01-23T12:58:00,49.208,16.17,0.439,5.213,2.0359,MQTT,env_sensor
2025-01-22T00:36:00,1184.49,28.266,3.541,191.774,0.0,HTTPS,camera
2025-01-23T09:34:00,81.812,18.065,7.058,9.89,1.844,MQTT,actuator
2025-01-23T01:34:00,1970.022,50.467,1.313,188.234,0.5232,HTTPS,camera
2025-01-22T06:57:00,392.132,69.117,0.1,0.05,1.7895,MQTT,gateway
2025-01-22T23:28:00,659.006,72.568,8.282,88.998,0.2176,CoAP,gateway
2025-01-22T18:40:00,1549.56,60.356,4.54,80.815,0.2622,HTTPS,camera
2025-01-22T18:23:00,1531.79,41.736,9.145,54.722,0.0,HTTPS,gateway
2025-01-22T21:36:00,79.689,25.543,2.823,3.209,1.6563,MQTT,env_sensor
2025-01-22T02:39:00,28.372,110.618,1.654,0.458,4.6006,LoRaWAN,smart_meter
2025-01-23T11:04:00,74.826,16.523,4.502,4.435,0.6197,MQTT,env_sensor
2025-01-21T22:42:00,224.523,5.644,4.775,76.146,1.1488,MQTT,gateway
2025-01-22T01:29:00,2151.962,67.396,0.726,106.585,0.2551,HTTPS,camera
2025-01-22T18:50:00,54.868,24.57,3.039,7.257,0.8957,MQTT,env_sensor
2025-01-22T12:53:00,134.759,22.124,2.608,2.251,1.0367,MQTT,actuator
2025-01-22T12:18:00,87.309,25.875,4.925,7.281,0.073,MQTT,env_sensor
2025-01-23T12:20:00,1068.276,50.938,3.702,109.56,1.0686,HTTPS,camera
2025-01-23T09:45:00,672.834,42.791,10.018,3.639,2.9223,CoAP,gateway
2025-01-22T13:24:00,134.105,12.441,7.751,4.319,0.4921,MQTT,actuator
2025-01-22T06:07:00,67.285,11.704,0.288,2.116,1.8634,MQTT,env_sensor
2025-01-21T21:07:00,141.666,17.042,6.471,4.806,0.932,MQTT,actuator
2025-01-22T08:31:00,1125.134,65.378,1.704,55.743,1.0227,HTTPS,camera
2025-01-21T23:19:00,150.418,10.856,7.276,0.05,0.4692,MQTT,actuator
2025-01-21T20:36:00,135.446,27.959,4.031,13.494,2.1713,MQTT,actuator
2025-01-23T11:04:00,46.348,210.3,0.1,0.777,3.8247,LoRaWAN,smart_meter
2025-01-23T10:16:00,93.458,22.727,5.717,9.927,1.1684,MQTT,actuator
2025-01-22T07:01:00,2046.199,46.704,5.595,117.288,1.3266,HTTPS,camera
2025-01-22T05:36:00,1554.091,61.829,11.068,73.206,1.8938,HTTPS,gateway
2025-01-23T05:34:00,42.169,172.136,3.012,0.262,3.8964,LoRaWAN,smart_meter
2025-01-22T23:13:00,101.407,11.126,4.737,6.363,0.4443,MQTT,env_sensor
2025-01-22T23:28:00,59.578,20.013,4.432,1.293,2.5887,MQTT,env_sensor
2025-01-23T12:43:00,108.725,24.767,1.545,9.258,1.6448,MQTT,actuator
2025-01-23T02:45:00,1119.534,42.307,4.533,80.85,0.1072,HTTPS,camera
2025-01-23T06:03:00,1778.385,55.417,2.329,42.996,1.1348,HTTPS,gateway
2025-01-22T10:38:00,985.513,57.271,0.1,13.04,0.475,HTTPS,gateway
2025-01-22T04:59:00,21.401,313.275,2.599,0.24,3.7069,LoRaWAN,smart_meter
2025-01-23T05:38:00,76.977,18.801,2.65,5.2,0.0,MQTT,env_sensor
2025-01-22T06:11:00,1323.029,68.37,11.389,40.16,2.1577,MQTT,gateway
2025-01-23T08:13:00,8.0,4.544,5.474,5.007,0.1058,MQTT,env_sensor
2025-01-22T03:48:00,90.072,12.871,0.991,7.262,2.2768,MQTT,env_sensor
2025-01-23T05:01:00,8.0,46.89,19.246,0.05,1.56,CoAP,gateway
2025-01-22T22:48:00,515.12,34.254,1.935,71.9,0.3147,HTTPS,camera
2025-01-21T22:08:00,110.798,19.672,8.98,11.774,0.8765,MQTT,actuator
2025-01-22T22:39:00,132.141,19.624,7.836,0.05,0.7235,MQTT,env_sensor
2025-01-21T21:32:00,3131.644,40.467,2.963,39.47,0.0,HTTPS,camera
2025-01-22T12:22:00,2240.706,5.684,5.455,173.298,0.0928,HTTPS,camera
2025-01-22T02:00:00,671.138,58.293,3.654,143.163,0.305,HTTPS,camera
2025-01-23T02:22:00,26.866,97.423,2.852,0.266,0.3677,MQTT,smart_meter
2025-01-22T16:50:00,355.566,55.852,1.236,32.56,1.4089,CoAP,gateway
2025-01-22T11:50:00,930.873,22.044,12.336,85.688,0.8819,HTTPS,gateway
2025-01-22T10:17:00,25.562,188.159,1.892,1.131,3.3593,MQTT,smart_meter
2025-01-21T23:11:00,1177.419,37.553,3.497,28.38,1.6812,HTTPS,gateway
2025-01-22T02:36:00,30.827,63.568,3.486,0.262,2.0515,MQTT,smart_meter
2025-01-22T21:15:00,255.68,70.415,9.268,1.431,0.0,CoAP,gateway
2025-01-23T02:03:00,897.739,38.934,1.213,82.273,0.0,HTTPS,gateway
2025-01-22T22:35:00,61.651,41.006,3.98,4.502,0.2948,MQTT,env_sensor
2025-01-22T11:58:00,16.861,181.546,4.546,0.484,0.0558,LoRaWAN,smart_meter
2025-01-22T17:49:00,42.143,24.723,0.1,1.748,0.3411,MQTT,env_sensor
2025-01-22T01:18:00,1093.218,13.288,16.124,73.835,2.8571,HTTPS,gateway
2025-01-23T09:02:00,112.095,22.128,2.907,8.717,1.278,MQTT,actuator
2025-01-23T09:16:00,133.965,10.789,1.129,7.078,3.1681,MQTT,env_sensor
2025-01-22T19:07:00,66.034,23.091,1.517,5.977,0.1908,MQTT,env_sensor
2025-01-22T01:17:00,27.316,274.698,4.509,0.432,1.6378,LoRaWAN,smart_meter
2025-01-22T16:18:00,118.963,25.546,8.213,13.131,1.9247,CoAP,actuator
2025-01-23T07:14:00,1158.82,82.479,4.868,14.062,0.0,HTTPS,gateway
2025-01-22T08:43:00,35.886,185.569,4.015,0.05,0.0,LoRaWAN,smart_meter
2025-01-22T16:39:00,69.762,37.636,0.451,4.891,1.2735,MQTT,env_sensor
2025-01-22T07:57:00,140.018,27.578,8.582,5.358,0.0,MQTT,actuator
2025-01-22T19:46:00,1041.911,68.112,8.173,82.937,2.6041,HTTPS,gateway
2025-01-22T12:58:00,1305.578,54.115,6.31,45.983,1.6576,CoAP,gateway
2025-01-23T10:59:00,28.684,253.03,2.287,0.299,6.3152,LoRaWAN,smart_meter
2025-01-23T09:29:00,13.188,174.639,0.624,0.799,1.5765,LoRaWAN,smart_meter
2025-01-22T04:15:00,85.244,14.217,0.1,2.978,1.4445,MQTT,env_sensor
2025-01-22T15:57:00,25.257,272.844,3.096,0.288,3.078,LoRaWAN,smart_meter
2025-01-22T10:53:00,1105.443,38.018,2.565,29.549,1.9118,HTTPS,gateway
2025-01-22T00:29:00,82.708,21.76,2.335,0.05,2.13,MQTT,env_sensor
2025-01-22T18:50:00,25.04,272.402,1.566,0.58,4.7664,MQTT,smart_meter
2025-01-22T09:34:00,100.238,16.545,2.769,0.05,1.0647,MQTT,env_sensor
2025-01-23T02:14:00,816.073,13.293,18.129,70.905,1.8919,CoAP,gateway
2025-01-22T04:41:00,66.555,57.0,0.1,3.104,0.5602,MQTT,env_sensor
2025-01-23T07:16:00,1628.048,59.903,14.375,31.666,1.2211,HTTPS,gateway
2025-01-23T04:57:00,32.547,281.586,1.707,0.663,0.592,LoRaWAN,smart_meter
2025-01-21T23:26:00,11.597,173.751,5.038,0.626,1.5614,LoRaWAN,smart_meter
2025-01-22T04:25:00,53.029,14.94,0.1,10.066,0.6853,MQTT,actuator
2025-01-22T22:45:00,38.151,165.558,0.1,0.41,4.2118,LoRaWAN,smart_meter
2025-01-23T02:08:00,17.09,98.773,0.217,0.374,2.9694,MQTT,smart_meter
2025-01-22T19:30:00,100.446,18.02,3.691,4.417,0.0,MQTT,actuator
2025-01-22T23:20:00,1471.405,56.635,18.978,0.05,0.4758,HTTPS,gateway
2025-01-23T00:13:00,145.805,22.276,7.264,8.611,1.9424,MQTT,actuator
2025-01-22T06:38:00,60.116,27.668,3.157,3.5,1.379,MQTT,env_sensor
2025-01-21T21:08:00,489.528,77.107,7.442,129.021,0.9032,HTTPS,gateway
2025-01-23T06:43:00,737.504,49.104,6.828,116.536,1.1938,CoAP,camera
2025-01-22T08:58:00,21.292,260.851,3.01,0.05,0.0,LoRaWAN,smart_meter
2025-01-23T02:10:00,126.657,20.071,3.903,10.031,1.6168,MQTT,actuator
2025-01-23T04:17:00,89.579,27.047,1.061,7.155,2.7877,MQTT,env_sensor
2025-01-22T06:51:00,597.041,74.209,3.861,168.171,0.0,HTTPS,camera
2025-01-22T00:02:00,675.688,36.854,16.769,45.7,0.3754,CoAP,gateway
2025-01-22T16:23:00,1600.949,61.922,1.382,170.142,0.6915,HTTPS,camera
2025-01-22T02:28:00,114.732,6.377,6.198,10.333,1.2839,CoAP,actuator
2025-01-22T15:58:00,111.742,35.806,0.466,0.161,0.9049,MQTT,env_sensor
2025-01-22T08:27:00,42.888,67.336,2.317,0.747,4.8562,LoRaWAN,smart_meter
2025-01-22T07:34:00,22.832,208.536,1.426,0.638,0.0,LoRaWAN,smart_meter
2025-01-21T22:09:00,99.25,33.199,0.765,1.749,0.0,MQTT,env_sensor
2025-01-22T22:26:00,55.14,31.997,3.131,5.186,0.9476,MQTT,env_sensor
2025-01-23T10:30:00,812.168,69.238,4.037,121.538,1.4173,CoAP,gateway
2025-01-22T01:39:00,117.615,19.997,2.831,9.131,1.2585,MQTT,actuator
2025-01-22T10:11:00,309.653,61.297,8.743,105.086,2.0774,CoAP,gateway
2025-01-23T03:18:00,557.452,54.41,8.703,67.178,0.0,HTTPS,gateway
2025-01-22T04:11:00,87.284,16.47,4.096,0.054,0.8432,MQTT,actuator
2025-01-22T23:29:00,82.072,42.039,3.924,2.635,1.673,MQTT,env_sensor
2025-01-23T11:46:00,24.151,101.57,2.166,0.598,2.8564,LoRaWAN,smart_meter
2025-01-23T10:46:00,1583.825,77.697,13.398,29.952,1.6407,CoAP,gateway
2025-01-22T14:39:00,658.899,35.804,9.23,62.08,0.7308,CoAP,gateway
2025-01-22T12:23:00,24.842,29.631,2.829,0.644,0.4332,LoRaWAN,env_sensor
2025-01-22T07:25:00,400.703,14.859,6.332,104.308,1.4278,CoAP,gateway
2025-01-22T05:15:00,40.442,274.2,3.279,0.05,5.1557,LoRaWAN,smart_meter
2025-01-23T02:17:00,60.503,14.729,2.597,3.683,0.3777,MQTT,actuator
2025-01-22T05:14:00,23.505,131.309,0.1,0.05,0.1534,LoRaWAN,smart_meter
2025-01-23T07:28:00,133.723,28.535,2.361,10.219,1.6517,MQTT,actuator
2025-01-22T15:45:00,74.437,13.791,2.152,1.958,0.5372,MQTT,env_sensor
2025-01-22T22:30:00,23.678,358.195,2.448,0.41,4.2192,LoRaWAN,smart_meter
2025-01-22T17:13:00,25.026,293.926,2.689,0.347,3.6337,LoRaWAN,smart_meter
2025-01-22T07:48:00,25.63,224.307,1.799,0.376,0.0,LoRaWAN,smart_meter
2025-01-23T11:24:00,30.016,187.271,3.097,0.192,3.2506,LoRaWAN,smart_meter
2025-01-22T16:22:00,726.608,17.522,8.823,120.146,0.354,HTTPS,camera
2025-01-22T03:35:00,495.671,26.529,4.907,24.438,1.4901,MQTT,gateway
2025-01-22T05:09:00,27.482,167.824,2.253,0.129,3.5718,LoRaWAN,smart_meter
2025-01-22T18:46:00,17.913,184.532,4.199,0.978,2.382,LoRaWAN,smart_meter
2025-01-22T01:29:00,56.643,9.488,7.868,11.527,0.9991,MQTT,actuator
2025-01-22T20:50:00,792.506,47.652,7.222,38.221,1.9366,CoAP,gateway
2025-01-21T21:17:00,24.589,187.001,1.772,0.424,3.5128,LoRaWAN,smart_meter
2025-01-22T00:25:00,45.391,17.119,5.249,3.282,1.8243,MQTT,env_sensor
2025-01-22T09:47:00,65.182,29.145,6.853,8.454,0.7533,MQTT,actuator
2025-01-22T09:50:00,425.757,55.827,4.217,78.198,0.9249,HTTPS,gateway
2025-01-22T21:18:00,80.046,28.291,8.4,11.191,1.0885,MQTT,actuator
2025-01-22T19:54:00,130.729,32.774,4.119,7.774,0.6209,MQTT,actuator
2025-01-23T07:39:00,189.686,48.229,5.451,0.05,1.1141,CoAP,gateway
2025-01-23T07:28:00,25.036,196.978,0.894,0.287,5.4874,LoRaWAN,smart_meter
2025-01-22T18:22:00,1763.731,70.302,6.632,104.808,1.2653,HTTPS,camera
2025-01-23T07:28:00,61.64,25.271,4.346,5.02,1.1928,MQTT,env_sensor
2025-01-23T05:32:00,24.752,138.805,0.1,0.163,1.361,LoRaWAN,smart_meter
2025-01-22T09:31:00,114.679,33.33,0.1,6.836,1.4107,MQTT,env_sensor
2025-01-22T20:15:00,84.836,16.809,3.066,2.439,1.1648,MQTT,env_sensor
2025-01-22T17:57:00,85.493,26.162,6.552,9.731,0.8025,MQTT,env_sensor
2025-01-23T00:13:00,95.704,22.326,3.438,1.88,1.6874,MQTT,env_sensor
2025-01-23T01:18:00,1152.192,52.329,8.134,61.902,0.8299,HTTPS,gateway
2025-01-22T15:56:00,70.001,3.574,8.669,5.901,0.0,MQTT,actuator
2025-01-23T03:03:00,373.726,49.058,8.057,4.72,1.2357,CoAP,gateway
2025-01-22T10:40:00,73.35,36.745,1.127,5.505,1.7505,MQTT,env_sensor
2025-01-22T13:37:00,1281.22,59.369,7.799,55.885,1.7363,HTTPS,camera
2025-01-22T18:12:00,797.74,59.806,6.751,0.05,1.2243,CoAP,camera
2025-01-22T02:17:00,969.062,57.979,3.806,14.689,0.4762,HTTPS,camera
2025-01-23T11:41:00,28.615,192.649,0.1,0.271,1.2007,LoRaWAN,smart_meter
2025-01-21T22:24:00,8.0,96.88,8.739,2.483,2.2233,MQTT,gateway
2025-01-22T07:31:00,1773.951,79.631,1.27,87.671,1.0781,HTTPS,camera
2025-01-23T09:29:00,99.93,9.723,4.7,5.503,1.3417,MQTT,actuator
2025-01-22T23:07:00,1543.059,16.17,7.367,160.98,0.6695,HTTPS,camera
2025-01-23T02:34:00,62.911,17.582,4.424,6.922,0.9781,MQTT,actuator
2025-01-22T10:01:00,24.477,185.518,1.534,0.614,3.13,LoRaWAN,smart_meter
2025-01-21T22:01:00,111.143,11.576,7.394,4.889,0.3011,MQTT,actuator
2025-01-22T00:29:00,392.232,39.672,8.553,104.746,0.8145,HTTPS,gateway
2025-01-22T20:30:00,73.951,24.97,2.054,0.05,0.9734,MQTT,actuator
2025-01-22T08:19:00,26.605,269.407,2.675,0.473,1.7355,LoRaWAN,smart_meter
2025-01-23T11:38:00,1703.662,29.574,1.171,166.656,0.3577,HTTPS,camera
2025-01-23T07:59:00,39.799,155.532,0.1,0.392,4.4118,LoRaWAN,smart_meter
2025-01-23T06:15:00,133.369,11.552,9.502,5.867,0.0619,CoAP,actuator
2025-01-23T01:06:00,68.594,37.538,5.786,11.531,0.184,CoAP,env_sensor
2025-01-23T05:19:00,128.524,30.547,7.235,6.753,0.9827,MQTT,actuator
2025-01-22T05:24:00,794.543,56.484,0.1,83.705,0.0,HTTPS,gateway
2025-01-22T08:47:00,78.804,32.188,3.273,6.425,1.2248,MQTT,env_sensor
2025-01-23T04:00:00,1129.053,65.028,10.62,18.605,0.6255,HTTPS,gateway
2025-01-22T06:29:00,948.332,39.326,14.891,99.217,2.1466,CoAP,gateway
2025-01-22T04:29:00,606.464,87.989,6.329,98.364,1.7123,CoAP,gateway
2025-01-23T13:27:00,2248.65,1.0,8.131,97.99,0.7169,HTTPS,camera
2025-01-22T23:14:00,18.603,238.916,1.458,0.441,2.7835,LoRaWAN,smart_meter
2025-01-21T23:27:00,143.072,21.574,4.462,15.125,1.4563,MQTT,actuator
2025-01-22T22:22:00,70.365,27.4,2.879,3.67,1.1324,MQTT,env_sensor
2025-01-22T20:45:00,68.918,26.984,4.858,2.049,2.314,MQTT,env_sensor
2025-01-23T05:05:00,101.456,18.515,0.514,11.743,0.3537,MQTT,actuator
2025-01-23T03:17:00,87.989,9.487,1.0,8.174,1.4091,MQTT,env_sensor
2025-01-23T07:52:00,10.484,167.761,1.783,0.719,2.253,LoRaWAN,smart_meter
2025-01-22T05:12:00,116.341,21.978,7.006,5.61,2.3096,MQTT,actuator
2025-01-23T09:00:00,108.46,22.403,3.828,14.559,0.432,MQTT,actuator
2025-01-23T02:13:00,818.351,29.578,7.136,81.648,0.6063,HTTPS,gateway
2025-01-22T07:14:00,60.309,31.706,2.285,3.889,0.4946,MQTT,env_sensor
2025-01-22T00:10:00,72.762,16.756,4.58,0.05,0.9994,MQTT,env_sensor
2025-01-21T22:20:00,97.668,20.292,2.797,1.657,2.5465,MQTT,env_sensor
2025-01-22T09:51:00,725.083,66.751,2.87,6.047,0.5169,MQTT,gateway
2025-01-21T21:55:00,1469.327,67.397,3.077,19.243,2.2218,HTTPS,gateway
2025-01-23T04:08:00,1622.727,31.062,5.086,119.277,0.794,HTTPS,gateway
2025-01-23T01:27:00,25.483,254.402,1.063,0.05,2.2745,LoRaWAN,smart_meter
2025-01-21T22:53:00,36.442,196.074,0.263,0.05,2.1135,MQTT,smart_meter
2025-01-22T01:47:00,1393.761,37.267,2.655,204.124,0.0317,HTTPS,camera
2025-01-23T08:38:00,130.632,12.703,6.256,9.395,0.355,CoAP,actuator
2025-01-23T11:50:00,910.221,34.74,5.833,17.592,1.9954,CoAP,gateway
2025-01-23T09:38:00,94.136,27.76,5.715,8.317,0.3063,MQTT,actuator
2025-01-22T12:41:00,135.736,22.201,5.924,10.242,0.0,MQTT,actuator
2025-01-22T08:15:00,410.913,62.46,5.511,281.27,0.0,HTTPS,camera
2025-01-22T11:15:00,1183.283,40.713,8.009,53.407,0.0,HTTPS,gateway
2025-01-22T07:54:00,1404.38,28.232,12.053,81.648,0.8264,HTTPS,gateway
2025-01-23T02:05:00,1226.444,53.886,4.144,105.286,1.3462,HTTPS,gateway
2025-01-22T04:30:00,679.236,21.34,0.1,11.556,1.5285,MQTT,gateway
2025-01-22T15:56:00,98.535,8.228,4.793,0.05,0.7283,MQTT,env_sensor
2025-01-22T11:24:00,891.346,97.105,0.1,24.565,0.0,HTTPS,gateway
2025-01-23T05:00:00,87.919,28.997,3.73,1.984,0.0,MQTT,env_sensor
2025-01-22T19:15:00,26.364,262.036,4.265,0.05,3.272,LoRaWAN,smart_meter
2025-01-23T08:11:00,29.637,247.316,2.964,0.05,0.0,LoRaWAN,smart_meter
2025-01-22T23:18:00,679.049,55.119,8.103,72.228,0.0,HTTPS,gateway
2025-01-22T08:27:00,928.838,36.328,12.509,38.835,0.51,CoAP,gateway
2025-01-22T12:57:00,1285.449,64.132,16.251,49.218,0.0,HTTPS,gateway
2025-01-23T00:36:00,48.47,26.62,4.378,0.05,1.8974,MQTT,env_sensor
2025-01-22T13:55:00,1477.887,48.69,4.573,69.335,2.1213,HTTPS,gateway
2025-01-22T06:12:00,78.877,44.549,3.662,4.797,1.9663,MQTT,env_sensor
2025-01-22T03:57:00,641.537,59.863,11.928,21.827,0.8249,CoAP,gateway
2025-01-22T15:19:00,745.14,22.29,0.652,33.119,1.0409,MQTT,gateway
2025-01-23T12:24:00,138.211,33.038,7.609,7.207,1.1813,CoAP,actuator
2025-01-22T03:46:00,86.613,1.032,0.1,6.003,0.894,MQTT,env_sensor
2025-01-22T22:13:00,123.294,21.583,1.696,10.483,1.4457,MQTT,actuator
2025-01-22T04:33:00,13.065,168.235,3.515,0.598,5.9047,LoRaWAN,smart_meter
2025-01-22T17:14:00,27.797,127.215,2.844,1.01,6.3014,MQTT,smart_meter
2025-01-21T21:58:00,34.485,101.285,0.554,0.259,5.3669,LoRaWAN,smart_meter
2025-01-22T04:55:00,1004.246,55.096,4.372,21.8,1.3008,MQTT,gateway
2025-01-23T09:32:00,67.343,4.309,5.177,6.164,0.7971,MQTT,actuator
2025-01-23T06:31:00,289.131,29.965,10.227,121.871,0.3374,HTTPS,camera
2025-01-22T23:25:00,75.83,14.983,3.549,3.891,1.7471,MQTT,actuator
2025-01-23T06:39:00,75.096,12.765,3.371,8.953,0.8376,MQTT,actuator
2025-01-22T10:52:00,2107.643,75.346,10.437,210.91,0.5037,HTTPS,camera
2025-01-22T22:32:00,1047.687,50.284,2.983,126.314,0.87,HTTPS,camera
2025-01-22T00:27:00,439.588,35.855,5.926,113.622,0.0,HTTPS,camera
2025-01-22T06:06:00,1093.797,56.984,14.198,13.915,2.5628,CoAP,gateway
2025-01-23T04:21:00,55.312,16.672,3.599,0.484,1.5736,MQTT,env_sensor
2025-01-21T21:10:00,38.468,235.332,1.552,0.651,3.4733,LoRaWAN,smart_meter
2025-01-23T13:34:00,31.782,14.146,1.203,3.113,0.8019,MQTT,env_sensor
2025-01-23T05:10:00,126.325,20.521,6.193,10.587,1.9045,MQTT,actuator
2025-01-21T22:17:00,153.383,29.53,6.147,15.278,0.9408,MQTT,actuator
2025-01-23T02:15:00,2714.418,49.368,3.396,145.797,0.0865,HTTPS,camera
2025-01-23T09:48:00,21.114,172.794,3.792,0.05,0.9714,LoRaWAN,smart_meter
2025-01-22T07:26:00,33.165,171.658,1.087,0.464,2.7833,LoRaWAN,smart_meter
2025-01-23T11:47:00,433.296,46.247,10.123,53.135,1.5232,CoAP,gateway
2025-01-22T14:46:00,86.675,21.341,6.177,11.682,0.183,MQTT,actuator
2025-01-22T04:48:00,33.767,14.628,5.925,0.05,1.3175,CoAP,env_sensor
2025-01-22T02:22:00,81.904,30.483,7.008,4.909,0.8584,MQTT,actuator
2025-01-23T07:55:00,94.84,18.843,10.916,7.93,0.7928,MQTT,actuator
2025-01-23T12:17:00,35.035,160.927,2.297,0.404,3.9958,LoRaWAN,smart_meter
2025-01-22T23:00:00,1597.836,68.874,2.963,161.082,0.4904,HTTPS,camera
2025-01-21T21:33:00,21.336,171.073,0.1,0.569,2.8973,LoRaWAN,smart_meter
2025-01-22T03:31:00,116.672,18.017,12.502,7.423,0.0,MQTT,actuator
2025-01-22T13:06:00,1833.656,61.741,3.799,92.233,2.3341,HTTPS,gateway
2025-01-22T20:15:00,94.118,21.395,5.178,6.301,1.536,CoAP,actuator
2025-01-22T17:31:00,1849.988,72.802,1.835,131.254,0.4254,HTTPS,camera
2025-01-23T07:35:00,34.352,184.59,1.812,0.648,2.3488,LoRaWAN,smart_meter
2025-01-22T17:36:00,8.0,8.945,5.365,154.643,1.2198,MQTT,camera
2025-01-22T22:13:00,27.184,229.486,2.6,0.813,0.0,LoRaWAN,smart_meter
2025-01-22T22:12:00,71.559,9.411,6.616,10.316,0.3539,MQTT,actuator
2025-01-22T07:20:00,30.962,272.05,5.229,0.381,5.8606,LoRaWAN,smart_meter
2025-01-22T03:21:00,141.248,23.532,5.815,6.744,1.2152,MQTT,actuator
2025-01-22T04:35:00,146.261,7.604,3.489,13.218,0.7575,MQTT,actuator
2025-01-23T00:23:00,39.892,250.786,2.684,0.098,4.7143,LoRaWAN,smart_meter
2025-01-21T20:27:00,560.171,49.1,0.1,123.84,1.2362,HTTPS,camera
2025-01-23T12:26:00,86.66,15.748,8.538,12.016,1.0334,MQTT,actuator
2025-01-22T15:53:00,110.07,22.397,5.369,13.872,0.0,MQTT,actuator
2025-01-21T21:29:00,786.495,24.106,0.1,126.76,1.8594,HTTPS,gateway
2025-01-21T23:32:00,35.727,168.864,3.323,0.777,1.3305,LoRaWAN,smart_meter
2025-01-23T09:30:00,24.339,194.16,2.798,0.146,3.7732,LoRaWAN,smart_meter
2025-01-22T02:21:00,74.449,17.157,5.269,4.416,0.6611,CoAP,actuator
2025-01-22T19:15:00,1483.553,56.864,3.41,80.487,0.4297,HTTPS,camera
2025-01-22T14:36:00,110.405,21.049,6.438,0.34,0.0123,MQTT,actuator
2025-01-23T06:02:00,3172.427,61.79,6.611,200.253,0.6491,HTTPS,camera
2025-01-22T01:35:00,27.891,40.792,4.67,4.293,1.3948,MQTT,env_sensor
2025-01-23T08:09:00,910.919,54.717,0.1,170.337,0.5295,HTTPS,camera
2025-01-21T21:34:00,36.806,232.569,0.1,0.241,5.571,LoRaWAN,smart_meter
2025-01-23T07:01:00,122.552,12.866,5.654,2.163,0.8308,CoAP,actuator
2025-01-22T20:25:00,25.198,166.771,0.411,0.501,5.129,LoRaWAN,smart_meter
2025-01-22T08:04:00,983.667,75.636,5.352,204.554,0.4112,HTTPS,camera
2025-01-23T11:46:00,1064.178,55.443,2.522,103.918,1.3383,HTTPS,gateway
2025-01-23T09:09:00,582.813,30.561,0.1,232.407,0.2644,HTTPS,camera
2025-01-23T10:32:00,33.645,196.736,2.176,0.33,2.8822,LoRaWAN,smart_meter
2025-01-22T21:03:00,877.297,50.92,2.12,74.097,2.1885,MQTT,gateway
2025-01-23T02:53:00,1371.446,86.975,5.766,53.103,0.0,HTTPS,camera
2025-01-22T21:02:00,980.575,104.357,3.645,68.613,0.2497,HTTPS,camera
2025-01-22T20:36:00,25.136,84.67,0.1,0.2,4.0581,MQTT,smart_meter
2025-01-22T01:29:00,25.286,173.075,2.74,0.768,0.0,LoRaWAN,smart_meter
2025-01-21T23:51:00,2053.526,31.716,4.1,93.242,0.677,HTTPS,camera
2025-01-23T13:33:00,1733.119,73.935,7.044,149.657,0.9471,HTTPS,camera
2025-01-22T15:50:00,629.433,46.623,12.8,23.553,0.6109,CoAP,gateway
2025-01-23T10:01:00,83.159,21.405,4.387,2.932,2.3015,MQTT,env_sensor
2025-01-22T15:50:00,37.132,116.309,1.322,0.828,3.464,LoRaWAN,smart_meter
2025-01-22T16:07:00,954.015,103.755,7.775,137.352,0.6582,HTTPS,camera
2025-01-22T18:46:00,105.853,38.714,6.901,8.083,0.7493,MQTT,actuator
2025-01-23T13:13:00,82.609,32.989,0.55,4.322,2.8102,MQTT,env_sensor
2025-01-22T12:26:00,1068.082,28.193,2.308,10.337,1.5162,MQTT,gateway
2025-01-22T04:24:00,72.227,30.183,2.172,7.595,0.2509,MQTT,env_sensor
2025-01-22T16:03:00,20.542,15.707,2.402,0.333,2.6296,MQTT,env_sensor
2025-01-23T11:10:00,387.576,59.56,7.337,118.773,0.7924,HTTPS,gateway
2025-01-22T08:03:00,30.277,143.784,3.424,0.549,3.3619,LoRaWAN,smart_meter
2025-01-23T11:12:00,31.904,240.511,1.575,0.05,4.9319,LoRaWAN,smart_meter
2025-01-22T11:17:00,745.041,69.709,4.484,71.304,0.2352,HTTPS,camera
2025-01-22T05:07:00,149.249,14.871,10.447,8.157,0.1447,CoAP,actuator
2025-01-22T07:50:00,78.316,21.352,9.3,0.05,1.114,MQTT,actuator
2025-01-22T03:10:00,84.379,26.097,6.055,7.182,0.0,MQTT,actuator
2025-01-22T11:35:00,499.352,49.25,2.8,158.423,0.0477,HTTPS,gateway
2025-01-23T11:37:00,62.476,25.383,1.588,6.188,2.1833,MQTT,env_sensor
2025-01-21T22:59:00,124.433,12.223,9.755,12.447,0.1959,MQTT,actuator
2025-01-22T21:37:00,77.524,42.627,2.883,3.393,2.3612,MQTT,env_sensor
2025-01-23T12:00:00,246.463,37.353,2.37,106.113,0.729,HTTPS,camera
2025-01-22T19:59:00,1409.166,32.182,10.206,82.318,0.0,HTTPS,gateway
2025-01-22T05:22:00,1947.157,91.016,4.775,124.155,0.1347,HTTPS,camera
2025-01-22T23:17:00,48.979,42.639,4.611,2.883,2.164,MQTT,env_sensor
2025-01-23T04:28:00,1494.022,3.436,1.752,112.903,1.1842,HTTPS,gateway
2025-01-23T09:36:00,245.05,63.126,7.544,78.561,2.0992,MQTT,gateway
2025-01-23T02:01:00,31.907,106.444,2.044,0.459,3.8356,LoRaWAN,smart_meter
2025-01-23T13:17:00,1475.544,65.614,7.093,55.371,0.1885,HTTPS,camera
2025-01-21T22:11:00,151.776,10.713,7.915,8.864,1.5238,CoAP,actuator
2025-01-23T06:55:00,121.987,11.453,0.397,8.406,0.4011,MQTT,actuator
2025-01-21T20:45:00,38.468,105.347,3.855,0.527,6.5325,LoRaWAN,smart_meter
2025-01-22T03:48:00,1094.022,51.351,0.272,70.753,0.6851,HTTPS,gateway
2025-01-23T06:43:00,23.193,233.165,3.415,0.729,3.4181,LoRaWAN,smart_meter
2025-01-22T16:55:00,29.825,134.842,1.466,0.564,3.6128,LoRaWAN,smart_meter
2025-01-22T03:55:00,20.825,179.254,2.592,0.755,5.3617,LoRaWAN,smart_meter
2025-01-22T17:51:00,1119.688,49.593,2.961,72.081,0.8974,HTTPS,gateway
2025-01-22T17:23:00,774.693,42.132,17.566,69.534,2.5168,CoAP,gateway
2025-01-23T08:46:00,33.484,199.602,0.195,0.497,0.9782,LoRaWAN,smart_meter
2025-01-22T01:00:00,148.732,26.986,12.014,3.276,0.0474,MQTT,actuator
2025-01-21T20:25:00,2560.076,74.803,3.334,30.836,0.0,HTTPS,camera
2025-01-22T13:58:00,17.652,110.463,5.581,0.186,4.4743,LoRaWAN,smart_meter
2025-01-23T11:33:00,182.659,17.153,3.868,10.19,0.0,MQTT,actuator
2025-01-22T11:00:00,150.389,28.993,10.358,10.227,1.1569,CoAP,actuator
2025-01-22T00:50:00,64.541,15.738,3.367,0.05,1.033,MQTT,env_sensor
2025-01-23T04:19:00,946.994,27.416,8.547,154.904,0.0,CoAP,gateway
2025-01-21T23:30:00,17.412,162.059,3.177,0.286,3.4922,LoRaWAN,smart_meter
2025-01-21T23:12:00,194.034,56.046,6.838,96.067,0.8307,HTTPS,gateway
2025-01-22T00:08:00,133.179,12.154,7.787,9.981,1.5919,MQTT,actuator
2025-01-23T02:10:00,126.453,1.0,5.396,5.703,1.6897,CoAP,env_sensor
2025-01-22T16:38:00,20.292,134.916,1.426,0.994,5.1629,LoRaWAN,smart_meter
2025-01-23T11:59:00,1542.98,30.492,3.037,114.321,0.929,HTTPS,camera
2025-01-23T00:06:00,96.918,19.611,2.598,2.338,2.1237,MQTT,env_sensor
2025-01-22T22:24:00,52.98,26.753,1.735,1.246,0.616,MQTT,env_sensor
2025-01-23T07:19:00,21.222,188.122,1.179,0.513,1.5915,LoRaWAN,smart_meter
2025-01-21T20:31:00,307.413,65.836,5.32,131.386,0.4251,HTTPS,camera
2025-01-23T13:23:00,67.446,21.825,4.103,2.852,0.0338,MQTT,env_sensor
2025-01-23T03:06:00,717.017,47.398,0.1,52.777,0.0813,HTTPS,gateway
2025-01-22T21:30:00,2356.755,73.959,3.974,188.309,1.5516,HTTPS,camera
2025-01-22T02:44:00,14.702,288.676,1.52,0.179,3.2831,LoRaWAN,smart_meter
2025-01-23T07:51:00,28.485,238.081,2.695,0.118,1.8227,LoRaWAN,smart_meter
2025-01-21T22:15:00,34.233,257.718,2.175,0.414,0.868,LoRaWAN,smart_meter
2025-01-22T13:18:00,79.518,28.231,9.302,4.704,2.6084,CoAP,actuator
2025-01-22T14:48:00,92.244,36.967,3.51,0.725,3.2515,MQTT,env_sensor
2025-01-23T08:56:00,26.484,222.324,4.159,0.05,2.1484,LoRaWAN,smart_meter
2025-01-22T13:45:00,2456.503,70.212,5.687,168.166,0.8562,HTTPS,camera
2025-01-22T06:10:00,129.229,24.269,10.068,11.585,1.8318,MQTT,actuator
2025-01-22T00:24:00,808.003,59.091,6.845,84.728,1.2572,CoAP,camera
2025-01-22T04:32:00,94.591,16.614,2.499,9.723,0.1398,MQTT,actuator
2025-01-23T03:12:00,1178.137,71.517,0.1,89.461,0.3535,HTTPS,camera
2025-01-22T06:50:00,1682.066,32.047,3.836,120.312,0.0,HTTPS,camera
2025-01-21T23:00:00,156.596,21.308,5.449,12.542,0.0,MQTT,actuator
2025-01-22T07:22:00,815.224,49.106,10.334,0.05,0.3312,CoAP,gateway
2025-01-22T18:25:00,1171.407,45.113,15.117,102.796,0.0,HTTPS,gateway
2025-01-23T01:19:00,71.405,39.884,1.221,5.245,1.3027,MQTT,env_sensor
2025-01-22T15:00:00,26.154,151.122,3.495,0.239,2.4656,LoRaWAN,smart_meter
2025-01-23T06:37:00,54.562,22.806,3.793,1.722,0.6483,MQTT,env_sensor
2025-01-21T22:24:00,81.191,32.363,2.072,0.05,1.863,MQTT,env_sensor
2025-01-22T21:55:00,103.414,19.6,4.483,9.109,1.5208,MQTT,actuator
2025-01-23T10:39:00,2198.175,68.193,7.115,55.422,0.2744,HTTPS,camera
2025-01-22T23:21:00,93.707,10.397,0.1,1.027,1.7761,MQTT,env_sensor
2025-01-22T21:49:00,1405.204,14.528,10.843,93.213,0.7091,HTTPS,gateway
2025-01-22T15:29:00,22.176,177.043,1.38,0.567,1.8529,LoRaWAN,smart_meter
2025-01-22T20:45:00,851.491,50.675,13.703,6.785,2.6028,CoAP,gateway
2025-01-22T13:27:00,87.359,28.557,3.056,1.678,2.9601,MQTT,env_sensor
2025-01-21T21:43:00,12.094,123.96,4.905,0.66,2.419,LoRaWAN,smart_meter
2025-01-23T12:47:00,1117.397,9.063,12.97,81.869,1.3462,MQTT,gateway
2025-01-23T10:17:00,77.967,21.63,1.972,13.889,0.2979,MQTT,env_sensor
2025-01-22T03:39:00,1881.785,52.117,8.149,113.488,1.224,HTTPS,gateway
2025-01-23T01:47:00,62.56,25.822,4.858,0.05,0.8405,MQTT,env_sensor
2025-01-22T17:06:00,56.579,16.559,0.959,2.768,1.181,MQTT,env_sensor
2025-01-22T04:43:00,1184.586,44.387,7.132,59.692,0.0,HTTPS,gateway
2025-01-21T21:39:00,1180.524,89.314,6.294,78.871,0.3886,HTTPS,camera
2025-01-21T20:02:00,85.188,12.117,2.486,1.836,0.3362,MQTT,env_sensor
2025-01-22T17:24:00,19.389,21.272,0.553,0.05,0.5218,LoRaWAN,env_sensor
2025-01-23T01:17:00,1742.448,49.412,2.363,78.984,0.5042,HTTPS,camera
2025-01-22T07:20:00,604.929,52.218,1.794,88.023,1.672,MQTT,gateway
2025-01-22T08:49:00,1474.06,42.295,5.235,148.384,0.2652,HTTPS,camera
2025-01-22T16:45:00,83.948,30.872,7.085,8.802,0.8793,MQTT,actuator
2025-01-22T14:15:00,23.616,198.95,3.816,0.247,0.9762,LoRaWAN,smart_meter
2025-01-23T04:15:00,96.038,15.85,7.444,1.434,0.1546,MQTT,actuator
2025-01-22T05:12:00,28.4,5.994,7.639,2.914,1.5147,MQTT,env_sensor
2025-01-22T08:36:00,90.571,5.919,1.315,1.548,1.6568,MQTT,actuator
2025-01-22T19:35:00,104.793,25.506,3.524,2.251,0.3108,MQTT,actuator
2025-01-23T00:56:00,45.501,27.569,3.096,1.961,0.778,MQTT,env_sensor
2025-01-22T03:29:00,1397.826,35.979,10.616,14.286,1.8473,HTTPS,gateway
2025-01-22T17:15:00,96.673,19.68,9.007,7.035,1.0828,CoAP,actuator
2025-01-23T10:49:00,1844.708,44.831,5.337,14.882,1.0683,MQTT,gateway
2025-01-23T12:01:00,149.873,11.615,4.404,10.433,0.2108,MQTT,actuator
2025-01-21T20:29:00,35.987,169.498,0.237,0.731,1.7843,LoRaWAN,smart_meter
2025-01-22T19:28:00,84.16,8.938,6.245,13.735,1.5134,MQTT,actuator
2025-01-23T06:59:00,89.009,35.108,3.095,1.401,2.1363,MQTT,env_sensor
2025-01-23T04:01:00,147.243,13.55,9.884,4.718,1.0811,MQTT,actuator
2025-01-21T21:33:00,103.332,17.234,6.802,2.082,0.0,MQTT,actuator
2025-01-23T09:04:00,1548.457,53.573,4.478,146.616,1.1582,HTTPS,camera
2025-01-23T05:07:00,29.492,27.504,2.136,0.614,0.7914,MQTT,env_sensor
2025-01-22T03:36:00,74.577,28.811,1.871,5.623,1.7384,MQTT,env_sensor
2025-01-22T17:31:00,159.21,28.356,11.782,9.189,1.0026,CoAP,actuator
2025-01-22T01:21:00,120.386,25.149,0.1,1.344,1.0538,MQTT,actuator
2025-01-22T04:49:00,24.85,145.346,0.313,0.387,2.3324,LoRaWAN,smart_meter
2025-01-22T19:13:00,64.189,9.605,1.559,4.301,0.0,MQTT,env_sensor
2025-01-22T21:10:00,1329.036,61.644,6.776,85.057,0.6851,HTTPS,camera
2025-01-22T05:25:00,40.189,22.972,2.225,11.099,2.5189,MQTT,env_sensor
2025-01-21T22:46:00,68.24,20.461,6.599,8.364,0.6475,MQTT,actuator
2025-01-22T09:38:00,41.521,171.514,4.524,0.434,6.5516,LoRaWAN,smart_meter
2025-01-22T23:39:00,1129.77,10.872,13.792,29.154,1.9412,CoAP,gateway
2025-01-21T22:51:00,751.351,25.267,14.876,30.556,0.0,CoAP,gateway
2025-01-22T08:17:00,61.682,31.353,2.836,3.99,0.6313,MQTT,env_sensor
2025-01-22T07:26:00,75.091,8.983,3.5,4.036,1.9698,MQTT,env_sensor
2025-01-22T06:33:00,101.097,24.352,0.833,5.96,1.9922,MQTT,env_sensor
2025-01-22T11:05:00,2528.341,78.199,2.344,139.245,0.0,HTTPS,camera
2025-01-22T16:41:00,67.384,23.652,0.1,9.003,0.0,MQTT,env_sensor
2025-01-22T17:44:00,95.698,39.222,3.562,6.857,0.5133,MQTT,env_sensor
2025-01-23T10:34:00,27.256,180.908,0.346,1.154,1.9055,MQTT,smart_meter
2025-01-22T23:43:00,128.536,25.24,4.419,9.676,1.4268,MQTT,actuator
2025-01-23T08:54:00,928.648,51.058,1.388,157.569,0.3601,HTTPS,camera
2025-01-22T15:47:00,1673.546,73.689,6.422,125.358,0.8738,HTTPS,camera
2025-01-22T12:08:00,999.626,20.001,5.982,102.103,2.4853,CoAP,gateway
2025-01-22T22:43:00,23.947,179.081,0.513,0.774,3.803,LoRaWAN,smart_meter
2025-01-22T08:54:00,1275.197,37.528,11.698,107.384,1.5398,HTTPS,gateway
2025-01-23T09:24:00,26.484,209.043,3.706,0.764,1.0184,LoRaWAN,smart_meter
2025-01-22T01:03:00,23.362,154.464,0.827,0.134,3.105,LoRaWAN,smart_meter
2025-01-23T03:32:00,1136.121,110.774,8.988,79.877,0.5472,HTTPS,camera
2025-01-22T05:49:00,151.483,4.616,8.04,5.416,0.6745,MQTT,actuator
2025-01-23T03:05:00,21.832,220.765,0.1,0.185,3.4023,LoRaWAN,smart_meter
2025-01-22T23:11:00,1024.277,55.968,3.96,199.543,0.5671,HTTPS,camera
2025-01-22T01:42:00,1180.402,43.881,15.84,37.962,2.0004,HTTPS,gateway
2025-01-23T02:21:00,100.69,13.061,8.615,7.445,0.5624,MQTT,actuator
2025-01-22T02:49:00,1525.073,19.204,13.712,101.928,0.0136,HTTPS,gateway
2025-01-23T00:16:00,31.17,280.353,1.99,0.05,1.8537,LoRaWAN,smart_meter
2025-01-23T07:09:00,1640.973,76.325,0.264,92.629,0.6146,HTTPS,camera
2025-01-22T16:51:00,35.719,231.088,2.137,0.598,0.4629,LoRaWAN,smart_meter
2025-01-23T02:40:00,72.706,1.0,3.167,3.09,0.8545,MQTT,env_sensor
2025-01-22T03:55:00,1988.58,49.24,2.922,106.077,1.6206,HTTPS,camera
2025-01-22T15:26:00,1861.467,54.607,3.63,79.052,1.6105,HTTPS,camera
2025-01-23T03:47:00,78.599,29.609,2.787,0.05,0.0,MQTT,env_sensor
2025-01-22T08:44:00,134.276,4.579,5.287,4.275,0.2601,CoAP,env_sensor
2025-01-22T10:39:00,833.721,86.445,7.251,98.881,1.2257,CoAP,camera
2025-01-22T00:08:00,1484.38,62.399,0.473,57.902,0.2884,HTTPS,camera
2025-01-23T13:15:00,1573.981,17.442,2.459,74.134,1.9972,HTTPS,gateway
2025-01-23T05:56:00,88.231,25.808,1.813,5.464,0.8692,MQTT,env_sensor
2025-01-22T14:55:00,49.788,7.732,6.955,5.075,0.7709,MQTT,env_sensor
2025-01-23T04:50:00,84.596,20.131,3.494,6.132,0.319,MQTT,actuator
2025-01-23T08:48:00,32.942,184.586,0.897,0.081,4.824,LoRaWAN,smart_meter
2025-01-22T22:21:00,1076.85,38.091,0.1,34.278,1.8395,HTTPS,gateway
2025-01-23T13:34:00,29.835,205.508,3.568,0.511,3.7087,LoRaWAN,smart_meter
2025-01-21T23:03:00,1449.39,62.266,3.907,202.052,0.5568,HTTPS,camera
2025-01-22T20:52:00,1686.282,71.514,6.343,229.425,0.7699,HTTPS,camera
2025-01-22T08:25:00,3229.911,19.377,10.473,237.794,1.3049,HTTPS,camera
2025-01-23T09:13:00,38.111,31.374,4.136,2.376,1.3686,MQTT,env_sensor
2025-01-23T08:10:00,8.0,25.222,3.902,71.689,1.704,MQTT,gateway
2025-01-23T05:09:00,94.167,28.82,5.497,4.239,1.3412,MQTT,env_sensor
2025-01-23T06:27:00,111.61,43.893,3.253,0.401,0.7906,MQTT,env_sensor
2025-01-22T15:21:00,21.712,159.995,0.854,0.773,3.0214,LoRaWAN,smart_meter
2025-01-23T07:30:00,15.386,39.431,2.724,6.433,0.5805,HTTPS,env_sensor
2025-01-23T08:43:00,2794.467,80.976,9.79,51.867,0.0,HTTPS,camera
2025-01-22T20:59:00,1668.484,42.722,0.977,48.276,0.9666,HTTPS,camera
2025-01-22T12:22:00,68.003,24.808,5.494,7.838,1.0528,MQTT,env_sensor
2025-01-23T06:13:00,32.737,96.481,3.549,0.05,4.9996,MQTT,smart_meter
2025-01-22T04:30:00,639.094,26.785,3.359,66.094,0.0885,HTTPS,camera
2025-01-22T19:41:00,78.907,29.745,4.767,5.63,1.2828,MQTT,env_sensor
2025-01-22T06:18:00,285.718,38.687,9.369,0.05,0.0,CoAP,gateway
2025-01-23T09:39:00,449.495,66.305,21.575,70.998,0.3567,HTTPS,gateway
2025-01-22T02:26:00,35.981,166.425,2.488,0.187,0.4523,LoRaWAN,smart_meter
2025-01-22T17:22:00,105.758,33.985,4.023,12.067,1.2152,MQTT,actuator
2025-01-22T16:20:00,1331.679,51.108,10.499,19.041,1.1893,CoAP,gateway
2025-01-22T03:53:00,100.613,12.075,8.731,4.035,0.8587,CoAP,actuator
2025-01-23T06:41:00,763.015,74.739,2.453,18.315,0.0,HTTPS,gateway
2025-01-23T03:44:00,31.121,201.775,0.1,0.932,6.5944,LoRaWAN,smart_meter
2025-01-22T13:15:00,1339.453,52.237,1.07,89.695,0.5651,HTTPS,camera
2025-01-23T13:17:00,211.348,52.623,6.691,42.427,1.3747,MQTT,gateway
2025-01-23T00:34:00,42.123,151.69,3.035,0.651,4.0728,LoRaWAN,smart_meter
2025-01-22T10:02:00,2051.447,49.448,0.1,205.241,0.6108,HTTPS,camera
2025-01-21T23:07:00,102.621,14.262,4.787,6.5,1.2112,MQTT,env_sensor
2025-01-21T23:53:00,125.693,30.197,3.784,3.567,0.1614,MQTT,env_sensor
2025-01-23T09:36:00,151.152,30.753,6.658,6.128,0.5143,MQTT,actuator
2025-01-22T04:54:00,31.307,35.383,4.631,4.272,1.2363,MQTT,env_sensor
2025-01-22T11:13:00,1047.211,49.917,1.814,92.609,0.4592,HTTPS,camera
2025-01-22T18:45:00,24.762,200.741,2.004,0.421,3.3859,LoRaWAN,smart_meter
2025-01-22T12:14:00,33.831,5.903,1.846,7.368,0.0,MQTT,env_sensor
2025-01-22T08:58:00,1339.214,45.472,0.1,71.845,0.0,HTTPS,gateway
2025-01-23T08:24:00,117.894,10.459,5.79,8.561,1.4097,CoAP,actuator
2025-01-22T01:21:00,76.088,12.019,3.602,8.328,2.1531,MQTT,env_sensor
2025-01-22T21:53:00,55.084,27.269,0.715,6.082,0.0,MQTT,env_sensor
2025-01-22T09:07:00,77.968,22.792,6.843,8.646,0.0569,MQTT,actuator
2025-01-23T06:22:00,781.364,75.615,11.759,49.064,0.6989,CoAP,gateway
2025-01-21T22:18:00,85.992,39.92,0.1,5.838,2.3402,MQTT,env_sensor
2025-01-22T01:16:00,1697.447,45.445,0.726,74.936,1.0981,HTTPS,camera
2025-01-22T23:40:00,130.499,24.563,3.959,0.768,1.7973,MQTT,actuator
2025-01-22T18:12:00,8.0,2.144,3.799,4.805,0.0,MQTT,env_sensor
2025-01-22T18:55:00,1831.488,47.564,3.991,138.009,1.112,HTTPS,camera
2025-01-22T14:53:00,582.776,55.273,15.381,71.388,2.5183,CoAP,gateway
2025-01-21T22:38:00,57.333,8.475,0.406,1.28,0.484,MQTT,env_sensor
2025-01-22T23:59:00,19.716,176.696,3.651,0.107,0.2351,LoRaWAN,smart_meter
2025-01-21T22:04:00,2372.958,35.14,7.557,135.471,0.0,HTTPS,camera
2025-01-23T08:55:00,129.506,9.4,4.305,0.05,1.2727,MQTT,actuator
2025-01-23T11:46:00,824.476,33.125,3.711,39.042,0.4607,HTTPS,camera
2025-01-23T10:47:00,100.187,16.098,0.846,6.432,1.1785,MQTT,env_sensor
2025-01-23T11:07:00,98.297,29.629,9.83,9.637,0.7316,MQTT,actuator
2025-01-23T08:10:00,1347.666,42.382,6.823,172.472,0.5484,HTTPS,camera
2025-01-22T13:34:00,302.528,53.737,11.564,52.52,2.1133,CoAP,gateway
2025-01-22T07:15:00,1169.494,61.222,2.591,172.728,0.0,HTTPS,camera
2025-01-23T01:55:00,496.1,35.768,2.655,54.568,0.0,HTTPS,gateway
2025-01-22T16:05:00,8.0,73.692,2.626,117.464,0.8263,HTTPS,camera
2025-01-22T20:37:00,16.001,142.952,2.704,0.363,3.1094,LoRaWAN,smart_meter
2025-01-23T00:36:00,1530.845,46.217,5.495,228.541,0.4875,HTTPS,camera
2025-01-22T00:11:00,111.16,36.002,4.859,0.816,3.6499,MQTT,env_sensor
2025-01-23T11:12:00,421.542,70.002,7.736,83.531,0.5247,HTTPS,camera
2025-01-21T23:08:00,23.406,275.808,3.169,0.496,3.2169,LoRaWAN,smart_meter
2025-01-23T09:15:00,79.094,1.0,9.577,11.812,0.3902,MQTT,actuator
2025-01-23T03:03:00,94.435,17.476,9.225,11.78,1.0381,MQTT,actuator
2025-01-22T04:33:00,35.75,42.779,0.1,5.415,1.1485,MQTT,env_sensor
2025-01-22T17:51:00,2368.178,50.364,10.353,136.295,0.0,HTTPS,camera
2025-01-23T04:05:00,1646.573,54.081,15.422,59.875,2.0922,HTTPS,gateway
2025-01-22T01:04:00,2028.119,55.115,0.1,162.689,0.1446,HTTPS,camera
2025-01-22T16:09:00,1669.407,48.898,2.507,147.404,2.0674,HTTPS,camera
2025-01-23T12:03:00,116.539,31.049,1.837,8.201,0.9181,MQTT,actuator
2025-01-22T07:23:00,83.154,5.346,7.173,12.442,1.0685,MQTT,actuator
2025-01-23T11:36:00,128.122,8.224,5.515,6.244,0.8349,MQTT,actuator
2025-01-22T20:30:00,27.383,240.458,2.158,0.705,1.0792,LoRaWAN,smart_meter
2025-01-22T03:54:00,70.441,19.166,2.852,7.347,1.5085,MQTT,env_sensor
2025-01-22T13:23:00,556.768,14.541,10.147,83.809,0.0,HTTPS,gateway
2025-01-21T22:33:00,1299.475,34.86,7.144,53.986,2.0296,HTTPS,gateway
2025-01-21T23:20:00,29.93,151.122,2.185,0.43,2.9905,LoRaWAN,smart_meter
2025-01-22T17:13:00,1655.722,27.733,7.973,50.505,0.1643,HTTPS,camera
2025-01-22T19:58:00,1486.672,31.006,12.976,72.449,0.3044,HTTPS,gateway
2025-01-22T08:42:00,954.38,47.877,2.805,15.714,2.3652,MQTT,gateway
2025-01-23T10:15:00,127.42,20.525,11.538,12.413,1.1164,MQTT,actuator
2025-01-22T18:14:00,1072.633,44.637,3.813,59.07,0.0,HTTPS,gateway
2025-01-22T18:32:00,585.19,20.864,8.984,45.711,0.2398,CoAP,gateway
2025-01-22T09:34:00,147.921,23.352,2.194,8.714,0.4509,MQTT,actuator
2025-01-21T23:10:00,947.989,49.27,12.09,49.668,0.0,HTTPS,gateway
2025-01-21T22:40:00,127.395,12.371,6.34,6.796,0.3376,MQTT,actuator
2025-01-22T22:33:00,8.0,22.596,4.752,4.121,1.7298,MQTT,env_sensor
2025-01-22T16:38:00,794.943,52.018,5.134,54.473,0.0,HTTPS,gateway
2025-01-22T09:33:00,97.915,38.35,2.289,9.832,0.0,MQTT,env_sensor
2025-01-21T22:50:00,34.037,99.154,3.015,0.197,3.3069,LoRaWAN,smart_meter
2025-01-23T06:36:00,512.943,50.426,15.553,154.418,0.0,HTTPS,gateway
2025-01-21T23:34:00,2272.702,18.46,3.217,131.501,0.8697,HTTPS,camera
2025-01-22T20:39:00,1873.14,34.124,6.621,149.682,0.652,HTTPS,camera
2025-01-22T03:16:00,180.62,8.771,7.061,18.828,0.292,CoAP,actuator
2025-01-22T05:33:00,76.454,14.219,7.083,5.108,0.0,MQTT,actuator
2025-01-22T22:45:00,1433.708,22.706,0.1,18.138,0.9866,HTTPS,gateway
2025-01-21T21:56:00,434.363,96.418,16.112,86.081,2.2208,CoAP,gateway
2025-01-22T08:04:00,111.716,1.0,3.301,5.767,1.7639,MQTT,env_sensor
2025-01-22T18:35:00,74.689,12.887,8.827,1.439,0.0,CoAP,env_sensor
2025-01-22T10:20:00,623.485,68.535,10.503,88.171,2.2888,CoAP,gateway
2025-01-23T10:41:00,75.196,15.492,11.01,10.364,0.0,CoAP,actuator
2025-01-23T13:26:00,2544.643,92.747,5.654,87.54,1.4029,HTTPS,camera
2025-01-22T01:25:00,1945.927,72.84,8.197,114.143,1.2375,HTTPS,gateway
2025-01-22T10:32:00,989.763,96.637,0.1,80.978,0.3141,HTTPS,camera
2025-01-22T15:26:00,101.845,17.959,3.259,6.713,0.9674,MQTT,actuator
2025-01-22T13:30:00,86.497,1.0,2.689,5.507,1.4035,MQTT,env_sensor
2025-01-22T05:09:00,472.286,28.354,14.104,0.05,0.0,MQTT,gateway
2025-01-22T21:17:00,101.9,34.371,2.725,7.515,1.2562,MQTT,actuator
2025-01-22T01:00:00,91.638,38.783,0.724,2.447,1.6821,MQTT,env_sensor
2025-01-22T21:33:00,1653.264,34.459,2.905,93.738,2.4455,HTTPS,gateway
2025-01-22T10:11:00,64.989,40.834,3.129,0.349,1.5008,MQTT,env_sensor
2025-01-23T10:53:00,20.536,127.672,0.512,0.723,1.4005,LoRaWAN,smart_meter
2025-01-22T18:44:00,98.065,28.793,0.283,0.05,0.0,MQTT,env_sensor
2025-01-23T03:21:00,1817.258,26.652,6.338,23.287,0.7854,HTTPS,gateway
2025-01-23T12:34:00,2038.633,69.812,5.505,117.193,0.0426,HTTPS,camera
2025-01-23T06:04:00,26.889,157.059,2.679,0.287,2.957,LoRaWAN,smart_meter
2025-01-23T09:09:00,19.233,40.707,9.123,4.912,1.8185,MQTT,env_sensor
2025-01-22T10:10:00,1683.149,66.792,11.946,44.08,0.6889,HTTPS,gateway
2025-01-22T07:11:00,37.103,55.865,1.519,0.355,0.0,LoRaWAN,smart_meter
2025-01-23T11:09:00,59.23,10.649,5.161,6.856,2.5887,MQTT,env_sensor
2025-01-22T03:14:00,23.769,285.608,4.184,0.932,0.8127,LoRaWAN,smart_meter
2025-01-23T05:22:00,105.436,17.233,4.916,5.591,0.343,MQTT,actuator
2025-01-22T19:26:00,142.15,26.566,3.014,8.201,1.0957,MQTT,actuator
2025-01-23T03:00:00,126.712,26.276,11.296,9.289,1.5581,MQTT,actuator
2025-01-23T08:55:00,1757.494,107.571,3.988,83.972,1.0638,HTTPS,camera
2025-01-22T23:42:00,22.024,215.69,0.664,0.268,4.817,LoRaWAN,smart_meter
2025-01-22T08:35:00,81.723,40.986,3.865,1.014,0.0,MQTT,env_sensor
2025-01-23T07:13:00,74.398,26.928,0.1,4.698,1.2382,MQTT,env_sensor
2025-01-22T02:14:00,1020.173,36.614,16.509,58.188,1.5612,CoAP,gateway
2025-01-21T21:39:00,68.443,30.618,2.814,8.225,0.6066,MQTT,env_sensor
2025-01-23T07:57:00,2028.456,42.918,7.176,117.223,1.3237,HTTPS,camera
2025-01-22T19:05:00,104.887,18.966,8.039,8.531,1.7961,CoAP,actuator
2025-01-22T11:36:00,14.477,231.203,4.616,0.218,4.7563,LoRaWAN,smart_meter
2025-01-22T09:10:00,108.717,10.448,4.487,7.409,0.7017,MQTT,actuator
2025-01-22T14:58:00,78.848,53.346,0.531,8.786,0.7582,MQTT,env_sensor
2025-01-23T09:43:00,945.684,45.405,2.417,116.01,0.0,HTTPS,camera
2025-01-22T23:14:00,1585.784,62.029,8.765,95.429,0.7807,HTTPS,camera
2025-01-22T02:39:00,93.493,5.121,7.075,8.541,0.3394,MQTT,actuator
2025-01-22T22:29:00,535.287,76.67,3.122,92.153,1.0721,MQTT,gateway
2025-01-22T13:26:00,87.541,21.033,4.718,5.464,1.707,MQTT,env_sensor
2025-01-23T10:58:00,1957.153,70.475,3.067,233.283,0.0501,HTTPS,camera
2025-01-22T03:10:00,21.36,290.889,2.658,0.121,6.3851,LoRaWAN,smart_meter
2025-01-23T12:11:00,101.717,23.628,6.368,9.945,0.8512,MQTT,env_sensor
2025-01-22T11:00:00,45.772,19.636,0.961,0.05,0.0,LoRaWAN,env_sensor
2025-01-22T14:35:00,69.628,31.375,6.767,12.057,1.1952,CoAP,actuator
2025-01-21T23:05:00,97.257,15.997,6.126,2.004,0.0,MQTT,actuator
2025-01-22T18:15:00,20.17,257.161,1.301,0.635,0.0268,LoRaWAN,smart_meter
2025-01-23T10:37:00,74.208,29.078,3.461,1.575,1.8949,MQTT,env_sensor
2025-01-22T20:43:00,90.825,18.922,7.858,0.28,1.0501,MQTT,actuator
2025-01-22T16:48:00,1219.544,32.538,13.25,70.434,3.028,HTTPS,gateway
2025-01-22T09:15:00,22.076,163.114,0.34,0.856,2.891,LoRaWAN,smart_meter
2025-01-22T20:14:00,472.323,51.463,6.594,0.05,1.3261,CoAP,gateway
2025-01-22T10:34:00,11.781,213.048,3.08,0.361,4.7527,LoRaWAN,smart_meter
2025-01-23T06:42:00,793.819,58.473,13.995,42.073,1.5525,CoAP,gateway
2025-01-22T16:26:00,25.426,219.412,2.554,0.464,2.1036,LoRaWAN,smart_meter
2025-01-22T21:28:00,18.111,237.242,0.1,0.95,0.1294,LoRaWAN,smart_meter
2025-01-23T07:55:00,1426.794,23.391,5.483,110.626,0.7185,HTTPS,camera
2025-01-22T00:57:00,1147.287,47.56,6.732,48.096,2.0425,CoAP,gateway
2025-01-22T16:12:00,445.08,57.062,8.196,60.004,2.1127,CoAP,gateway
2025-01-22T16:01:00,24.525,204.846,0.759,0.389,2.8462,LoRaWAN,smart_meter
2025-01-22T09:09:00,24.971,359.663,0.291,0.462,4.2856,LoRaWAN,smart_meter
2025-01-22T17:29:00,997.251,48.11,5.857,66.115,0.0,HTTPS,gateway
2025-01-22T19:22:00,112.812,15.451,5.6,3.939,0.0552,MQTT,actuator
2025-01-23T08:04:00,84.944,12.601,7.055,13.894,2.2186,MQTT,actuator
2025-01-22T11:58:00,34.036,38.835,2.473,7.287,1.0852,MQTT,env_sensor
2025-01-22T05:17:00,2889.172,66.002,3.251,82.138,0.6701,HTTPS,camera
2025-01-23T10:28:00,46.081,25.737,1.191,7.325,1.1237,MQTT,env_sensor
2025-01-22T09:00:00,32.478,201.258,1.841,0.05,0.0,LoRaWAN,smart_meter
2025-01-22T01:12:00,1002.99,49.445,2.787,135.897,0.0,HTTPS,camera
2025-01-23T04:24:00,50.991,37.318,2.144,2.516,0.3413,MQTT,env_sensor
2025-01-22T22:56:00,571.45,35.425,9.078,25.276,1.568,CoAP,gateway
2025-01-22T04:50:00,122.872,52.84,2.235,4.524,0.6205,MQTT,env_sensor
2025-01-23T06:55:00,1354.688,62.604,8.336,82.765,0.0,HTTPS,gateway
2025-01-22T16:34:00,36.098,239.438,0.1,0.435,1.8472,LoRaWAN,smart_meter
2025-01-22T21:24:00,2151.723,54.904,6.678,146.397,0.0,HTTPS,camera
2025-01-22T04:02:00,79.137,27.452,2.609,1.54,2.3753,MQTT,env_sensor
2025-01-21T21:44:00,34.124,109.279,2.492,0.381,5.1424,LoRaWAN,smart_meter
2025-01-23T05:46:00,103.509,27.168,4.748,3.277,1.0052,MQTT,actuator
2025-01-21T22:46:00,1794.62,63.348,9.89,39.793,0.0,HTTPS,camera
2025-01-22T08:09:00,28.957,194.178,4.479,0.904,1.4848,LoRaWAN,smart_meter
2025-01-22T00:25:00,132.619,20.98,9.345,7.647,0.9535,MQTT,actuator
2025-01-22T01:59:00,91.884,33.347,2.836,7.413,2.0293,MQTT,env_sensor
2025-01-22T00:21:00,27.865,246.905,0.1,0.096,0.0343,LoRaWAN,smart_meter
2025-01-23T13:29:00,115.876,19.372,8.999,13.655,0.6943,MQTT,actuator
2025-01-23T06:38:00,168.213,20.891,4.996,12.899,0.2104,MQTT,actuator
2025-01-22T13:11:00,430.043,37.33,11.487,33.619,2.3106,CoAP,gateway
2025-01-23T11:26:00,42.864,198.625,2.539,0.851,0.8204,LoRaWAN,smart_meter
2025-01-23T10:36:00,1195.853,69.528,8.533,22.597,1.2231,HTTPS,gateway
2025-01-22T20:59:00,112.245,22.908,3.924,2.736,1.569,MQTT,actuator
2025-01-23T04:44:00,136.376,22.178,9.21,7.527,1.3174,MQTT,actuator
2025-01-22T12:27:00,32.571,172.153,1.342,0.295,3.5062,MQTT,smart_meter
2025-01-21T22:26:00,67.55,20.665,6.0,7.283,0.0449,MQTT,env_sensor
2025-01-22T15:07:00,38.575,162.468,0.1,0.495,2.4282,LoRaWAN,smart_meter
2025-01-22T03:34:00,139.196,21.094,4.777,9.957,1.603,MQTT,actuator
2025-01-23T12:44:00,1399.509,82.239,11.387,54.729,0.3922,HTTPS,gateway
2025-01-23T03:23:00,2196.078,21.152,4.594,39.425,0.5672,HTTPS,camera
2025-01-23T06:52:00,23.64,175.279,0.1,0.261,0.4985,LoRaWAN,smart_meter
2025-01-22T04:52:00,24.419,290.129,6.072,0.542,0.8844,LoRaWAN,smart_meter
2025-01-22T03:14:00,892.581,46.923,15.959,20.249,1.8346,CoAP,gateway
2025-01-22T01:59:00,122.13,32.914,5.807,6.512,1.7519,MQTT,actuator
2025-01-23T07:46:00,2844.356,2.01,5.585,157.999,0.0,HTTPS,camera
2025-01-22T14:24:00,1546.916,83.767,6.164,170.331,0.3574,HTTPS,camera
2025-01-22T15:42:00,36.001,16.34,7.068,5.238,0.9729,CoAP,env_sensor
2025-01-23T02:57:00,83.874,37.314,4.528,5.254,0.6797,MQTT,env_sensor
2025-01-22T02:11:00,28.668,211.118,3.135,0.648,0.0,LoRaWAN,smart_meter
2025-01-22T09:38:00,1102.011,24.915,8.808,48.043,0.7935,HTTPS,gateway
2025-01-22T09:45:00,1213.135,39.945,3.15,20.892,0.4548,HTTPS,gateway
2025-01-22T00:27:00,32.609,234.938,2.038,0.173,2.7954,LoRaWAN,smart_meter
2025-01-22T01:43:00,152.436,7.743,0.1,7.659,1.123,MQTT,actuator
2025-01-23T01:47:00,32.612,239.15,3.544,0.05,6.1135,LoRaWAN,smart_meter
2025-01-23T06:29:00,2644.894,94.918,6.781,0.491,0.0,HTTPS,camera
2025-01-22T12:34:00,28.53,330.631,3.3,0.612,0.0204,LoRaWAN,smart_meter
2025-01-21T21:36:00,82.401,17.582,7.722,12.146,1.9326,MQTT,actuator
2025-01-23T00:02:00,18.609,150.143,2.619,0.309,3.9587,LoRaWAN,smart_meter
2025-01-22T09:28:00,106.959,22.882,8.133,5.49,0.7689,MQTT,actuator
2025-01-22T08:17:00,117.601,11.892,8.835,7.016,0.6886,CoAP,actuator
2025-01-22T22:39:00,15.175,231.964,5.852,0.05,1.5266,LoRaWAN,smart_meter
2025-01-22T08:28:00,27.777,199.106,1.968,0.623,2.5087,LoRaWAN,smart_meter
2025-01-23T02:32:00,22.596,119.412,2.52,0.05,7.488,LoRaWAN,smart_meter
2025-01-23T01:04:00,109.915,30.177,6.898,3.353,1.5898,MQTT,actuator
2025-01-23T10:26:00,1382.64,56.039,5.053,139.875,0.0,HTTPS,camera
2025-01-21T23:53:00,2079.028,51.605,7.076,158.406,0.3265,HTTPS,camera
2025-01-22T07:45:00,56.672,14.508,4.051,3.914,1.5351,MQTT,env_sensor
2025-01-22T07:27:00,30.807,201.943,3.672,0.814,2.5846,LoRaWAN,smart_meter
2025-01-23T01:39:00,33.612,30.814,3.638,0.302,0.9647,HTTPS,env_sensor
2025-01-22T18:41:00,1342.432,17.853,0.1,0.05,1.3158,MQTT,camera
2025-01-23T11:30:00,34.589,195.598,3.357,0.34,0.755,LoRaWAN,smart_meter
2025-01-22T16:51:00,1128.272,83.911,11.477,50.127,0.6278,HTTPS,camera
2025-01-23T07:09:00,53.105,14.047,5.245,0.106,0.7402,MQTT,env_sensor
2025-01-22T03:33:00,1117.728,12.128,2.982,116.62,0.4674,HTTPS,camera
2025-01-22T07:43:00,72.224,15.346,2.202,3.618,0.0,MQTT,env_sensor
2025-01-23T06:06:00,84.492,23.839,3.039,8.607,2.5974,MQTT,actuator
2025-01-21T20:05:00,89.676,13.809,3.227,5.297,3.7763,MQTT,env_sensor
2025-01-22T07:45:00,194.443,36.974,0.1,32.009,3.0091,MQTT,gateway
2025-01-22T21:56:00,35.641,145.466,0.206,0.05,1.3278,LoRaWAN,smart_meter
2025-01-22T09:37:00,715.794,65.89,4.534,111.014,1.8501,MQTT,gateway
2025-01-22T16:31:00,57.298,15.845,2.957,4.315,3.5875,MQTT,env_sensor
2025-01-23T04:11:00,23.061,187.569,0.1,0.461,2.805,LoRaWAN,smart_meter
2025-01-22T18:41:00,907.788,31.317,0.53,72.39,1.335,MQTT,gateway
2025-01-22T04:18:00,1338.505,72.02,2.316,118.972,1.5324,HTTPS,camera
2025-01-22T00:12:00,20.574,24.037,5.548,1.809,1.7954,MQTT,env_sensor
2025-01-23T02:20:00,1993.811,57.933,0.1,154.619,0.1985,HTTPS,camera
2025-01-21T20:18:00,66.541,22.268,10.395,10.556,0.0,MQTT,actuator
2025-01-22T20:35:00,1738.6,51.425,13.463,2.297,0.8705,HTTPS,gateway
2025-01-22T00:40:00,913.732,78.28,0.1,159.858,0.5522,HTTPS,camera
2025-01-23T02:44:00,1608.44,43.889,2.047,20.766,1.1747,HTTPS,gateway
2025-01-23T01:52:00,86.571,44.953,7.517,7.554,1.01,MQTT,env_sensor
2025-01-23T06:53:00,63.663,20.505,4.832,4.318,1.7093,MQTT,env_sensor
2025-01-22T08:46:00,2379.655,45.429,2.388,162.501,0.5114,HTTPS,camera
2025-01-21T22:14:00,1489.871,96.535,3.843,94.78,0.8351,HTTPS,camera
2025-01-21T23:48:00,46.974,28.29,0.389,8.734,1.0588,MQTT,env_sensor
2025-01-22T10:22:00,27.265,186.425,0.838,0.569,3.3193,LoRaWAN,smart_meter
2025-01-22T23:00:00,25.548,208.7,0.751,0.34,3.5986,MQTT,smart_meter
2025-01-23T13:08:00,26.855,95.862,2.876,1.097,2.6254,MQTT,smart_meter
2025-01-22T05:23:00,21.319,257.793,1.496,0.399,6.7024,LoRaWAN,smart_meter
2025-01-23T08:01:00,48.172,9.058,3.294,7.204,1.3932,MQTT,env_sensor
2025-01-22T05:46:00,1793.631,128.132,5.873,72.305,0.1679,HTTPS,camera
2025-01-23T07:08:00,76.978,22.541,1.927,4.95,2.7944,MQTT,env_sensor
2025-01-22T04:18:00,136.348,16.326,1.423,0.428,0.6532,MQTT,actuator
2025-01-23T04:06:00,60.401,6.906,3.32,1.773,1.3127,MQTT,env_sensor
2025-01-22T05:53:00,29.604,158.572,2.858,0.359,1.7239,LoRaWAN,smart_meter
2025-01-22T13:14:00,107.578,30.663,10.558,7.381,1.3181,CoAP,actuator
2025-01-21T23:30:00,2866.554,91.215,8.805,113.92,0.0807,HTTPS,camera
2025-01-22T13:07:00,10.108,197.769,1.042,0.15,4.7631,LoRaWAN,smart_meter
2025-01-21T21:13:00,74.828,1.0,5.022,1.972,2.5975,MQTT,env_sensor
2025-01-23T12:55:00,145.507,13.082,7.874,8.685,1.9061,MQTT,actuator
2025-01-23T02:09:00,141.448,13.423,8.041,0.05,1.7994,MQTT,actuator
2025-01-22T13:49:00,105.08,13.604,3.015,18.024,0.9065,MQTT,actuator
2025-01-22T11:53:00,765.869,59.274,13.482,73.812,2.6214,CoAP,gateway
2025-01-22T04:26:00,1062.96,42.545,1.248,56.184,1.5725,HTTPS,gateway
2025-01-23T03:55:00,72.713,26.142,2.365,3.05,1.628,MQTT,env_sensor
2025-01-23T03:29:00,122.361,18.115,2.589,13.64,2.1664,MQTT,actuator
2025-01-22T20:48:00,1129.158,63.172,13.195,15.703,0.0,HTTPS,gateway
2025-01-23T11:10:00,80.874,16.468,3.125,3.15,1.0775,MQTT,env_sensor
2025-01-22T02:32:00,129.932,27.24,4.51,6.219,0.9447,MQTT,actuator
2025-01-23T09:25:00,1936.729,72.753,6.527,152.75,0.3533,HTTPS,camera
2025-01-23T02:29:00,65.434,16.132,1.544,5.645,1.4858,MQTT,env_sensor
2025-01-22T10:16:00,39.925,155.494,2.282,0.561,2.3112,MQTT,smart_meter
2025-01-21T22:05:00,65.446,18.257,8.081,7.243,0.8842,MQTT,actuator
2025-01-22T16:56:00,122.183,9.923,4.013,8.935,1.0597,MQTT,actuator
2025-01-22T21:44:00,72.945,11.13,4.802,6.237,0.4641,MQTT,env_sensor
2025-01-22T03:20:00,755.473,40.915,0.1,42.853,0.136,HTTPS,camera
2025-01-22T05:40:00,76.739,25.458,8.05,13.667,1.8252,MQTT,actuator
2025-01-22T19:27:00,944.643,24.327,1.137,138.509,1.4645,CoAP,gateway
2025-01-21T23:57:00,2259.685,21.14,8.207,68.436,0.0,HTTPS,camera
2025-01-22T18:17:00,57.463,29.919,6.752,8.611,0.2497,MQTT,actuator
2025-01-22T03:58:00,23.233,189.797,1.727,0.66,3.1809,LoRaWAN,smart_meter
2025-01-22T23:15:00,1005.949,49.128,2.699,106.71,1.0487,CoAP,gateway
2025-01-23T11:57:00,101.47,53.688,3.746,7.748,2.7467,MQTT,env_sensor
2025-01-21T23:05:00,100.898,12.672,1.416,7.292,1.0849,MQTT,env_sensor
2025-01-23T11:42:00,793.104,49.757,15.501,80.592,0.9853,HTTPS,gateway
2025-01-21T23:40:00,1848.314,92.397,3.303,157.706,0.4124,HTTPS,camera
2025-01-22T00:13:00,104.961,22.345,8.267,8.806,0.9148,MQTT,actuator
2025-01-23T03:21:00,30.405,195.812,0.1,0.369,5.0884,LoRaWAN,smart_meter
2025-01-22T03:47:00,30.433,206.266,4.042,0.283,6.595,LoRaWAN,smart_meter
2025-01-22T09:52:00,2574.848,77.478,1.632,123.791,0.6118,HTTPS,camera
2025-01-22T13:57:00,2211.573,25.406,2.903,140.551,1.2624,HTTPS,camera
2025-01-23T00:57:00,99.12,1.0,6.823,4.26,0.6759,MQTT,actuator
2025-01-23T10:31:00,100.893,13.433,2.51,3.528,0.2557,MQTT,env_sensor
2025-01-23T01:06:00,25.673,167.504,2.114,0.631,0.7886,LoRaWAN,smart_meter
2025-01-22T12:29:00,61.712,27.029,5.722,14.023,0.472,MQTT,actuator
2025-01-21T23:38:00,73.675,32.001,7.936,9.534,1.5001,MQTT,actuator
2025-01-22T18:53:00,210.027,48.392,10.246,133.012,0.0,HTTPS,gateway
2025-01-22T03:05:00,86.584,30.798,1.504,0.05,2.5755,MQTT,env_sensor
2025-01-22T17:04:00,1616.428,111.828,5.115,4.872,1.105,CoAP,gateway
2025-01-23T05:15:00,2387.955,58.553,1.537,72.754,0.0,HTTPS,camera
2025-01-21T21:40:00,122.29,24.769,0.1,4.964,0.2684,MQTT,actuator
2025-01-22T16:24:00,1289.877,53.718,8.335,138.969,0.4239,HTTPS,camera
2025-01-22T00:13:00,1085.199,68.197,0.209,53.795,0.5824,HTTPS,camera
2025-01-21T23:55:00,12.535,157.064,0.439,0.11,2.0294,LoRaWAN,smart_meter
2025-01-22T13:56:00,755.289,37.197,0.591,26.209,0.0,HTTPS,gateway
2025-01-22T03:32:00,8.0,73.747,4.065,143.746,0.1169,HTTPS,camera
2025-01-22T14:50:00,20.183,199.394,0.352,0.572,0.6912,LoRaWAN,smart_meter
2025-01-23T01:02:00,125.838,30.43,10.007,8.729,0.0,MQTT,actuator
2025-01-22T23:53:00,1157.681,27.889,2.585,124.862,1.3422,HTTPS,gateway
2025-01-23T04:54:00,1062.266,76.448,6.16,2.872,1.0472,CoAP,camera
2025-01-22T08:24:00,2386.718,99.27,1.862,90.518,1.0303,HTTPS,camera
2025-01-21T23:26:00,1342.364,56.372,0.985,203.501,0.075,HTTPS,camera
2025-01-23T03:36:00,138.793,15.428,6.618,12.498,0.5877,MQTT,actuator
2025-01-23T12:09:00,42.094,180.071,3.236,0.415,0.5756,LoRaWAN,smart_meter
2025-01-22T02:39:00,88.478,22.23,1.81,3.844,2.5442,MQTT,env_sensor
2025-01-23T11:40:00,15.192,124.306,4.256,0.527,6.624,LoRaWAN,smart_meter
2025-01-23T01:53:00,31.105,101.217,1.481,0.194,6.3202,LoRaWAN,smart_meter
2025-01-22T04:11:00,99.013,34.539,0.974,1.729,1.3163,MQTT,env_sensor
2025-01-22T01:25:00,86.049,9.839,1.661,3.13,1.8569,MQTT,env_sensor
2025-01-22T05:43:00,22.899,50.367,6.552,39.602,0.3709,CoAP,gateway
2025-01-22T11:20:00,83.113,41.85,1.704,6.512,2.3779,MQTT,env_sensor
2025-01-23T10:43:00,141.303,15.906,8.483,12.813,1.1096,MQTT,actuator
2025-01-22T06:16:00,51.537,26.354,2.693,0.05,3.1157,MQTT,env_sensor
2025-01-22T12:01:00,118.876,15.992,10.594,7.513,0.3477,MQTT,actuator
2025-01-21T22:56:00,1317.506,63.487,4.668,89.393,0.0,HTTPS,camera
2025-01-23T05:48:00,159.635,11.554,2.357,5.241,0.5295,MQTT,actuator
2025-01-22T02:13:00,1750.898,102.019,4.556,96.695,0.4623,HTTPS,camera
2025-01-22T02:00:00,146.604,21.346,11.235,13.053,0.5375,CoAP,actuator
2025-01-22T06:26:00,499.835,6.272,1.651,67.242,0.8294,HTTPS,gateway
2025-01-22T02:41:00,84.013,27.885,1.959,0.693,0.4711,MQTT,env_sensor
2025-01-22T11:16:00,1073.349,55.146,17.695,52.61,1.7105,HTTPS,gateway
2025-01-22T02:26:00,97.258,6.209,6.274,13.243,0.0,MQTT,actuator
2025-01-21T23:48:00,125.382,22.483,8.77,3.927,0.0884,MQTT,actuator
2025-01-22T02:48:00,1711.645,45.826,4.874,287.419,0.3095,HTTPS,camera
2025-01-23T03:52:00,3341.356,83.233,5.381,79.504,0.0053,HTTPS,camera
2025-01-22T04:01:00,430.923,29.951,12.01,121.738,0.6607,HTTPS,gateway
2025-01-22T17:22:00,3350.459,50.279,6.135,160.901,1.8149,HTTPS,camera
2025-01-22T16:17:00,19.678,178.682,1.823,0.418,2.9601,LoRaWAN,smart_meter
2025-01-23T08:41:00,21.886,189.015,0.671,0.226,5.702,LoRaWAN,smart_meter
2025-01-22T15:34:00,89.454,29.058,5.879,0.47,1.1857,MQTT,env_sensor
2025-01-22T23:19:00,79.975,14.608,2.038,8.726,0.0,MQTT,actuator
2025-01-23T01:27:00,1109.108,55.525,0.1,133.689,1.9346,HTTPS,gateway
2025-01-22T07:35:00,25.98,225.344,2.108,0.636,4.5047,LoRaWAN,smart_meter
2025-01-21T21:13:00,2004.775,37.791,1.078,127.104,1.0329,HTTPS,camera
2025-01-22T10:51:00,2213.847,81.161,0.881,63.602,0.7059,HTTPS,camera
2025-01-22T14:55:00,903.518,44.219,2.784,51.194,1.6577,HTTPS,camera
2025-01-22T17:26:00,45.392,38.07,6.625,0.05,0.7989,LoRaWAN,env_sensor
2025-01-22T03:31:00,1391.859,85.822,6.352,122.737,0.0,HTTPS,camera
2025-01-21T20:03:00,1318.536,100.807,4.236,119.3,0.5793,HTTPS,camera
2025-01-22T18:50:00,76.341,6.904,2.943,3.952,0.0,MQTT,actuator
2025-01-22T21:01:00,1581.308,2.121,11.86,28.307,0.116,HTTPS,gateway
2025-01-22T03:42:00,24.607,155.787,3.176,0.05,1.1542,LoRaWAN,smart_meter
2025-01-23T12:07:00,1355.117,38.215,2.913,37.639,0.5209,HTTPS,gateway
2025-01-22T09:58:00,88.796,42.817,0.875,8.743,1.1528,MQTT,env_sensor
2025-01-22T12:26:00,152.301,18.725,6.088,1.276,0.6621,MQTT,actuator
2025-01-22T15:05:00,1314.048,27.593,0.1,83.216,1.2624,HTTPS,gateway
2025-01-21T22:36:00,16.185,183.031,2.217,0.09,2.0754,LoRaWAN,smart_meter
2025-01-22T15:56:00,1657.564,66.937,2.128,46.59,0.5415,HTTPS,camera
2025-01-23T05:00:00,612.068,50.833,9.938,22.123,1.6334,CoAP,gateway
2025-01-23T00:37:00,751.131,18.554,13.859,31.659,1.9922,MQTT,gateway
2025-01-23T12:54:00,8.0,77.665,4.598,144.114,2.176,MQTT,gateway
2025-01-22T00:00:00,31.579,177.556,0.1,0.052,3.5289,LoRaWAN,smart_meter
2025-01-23T11:37:00,24.127,72.501,1.503,0.187,3.9995,MQTT,smart_meter
2025-01-21T21:54:00,90.123,20.906,6.774,11.006,0.9753,MQTT,actuator
2025-01-22T00:52:00,30.667,155.787,3.18,0.619,4.2752,LoRaWAN,smart_meter
2025-01-21T21:15:00,72.706,20.177,1.346,2.317,2.0758,MQTT,env_sensor
2025-01-23T03:52:00,26.918,192.882,0.1,0.166,3.7169,LoRaWAN,smart_meter
2025-01-23T10:46:00,182.114,14.384,8.316,3.373,1.1293,CoAP,actuator
2025-01-22T03:50:00,110.669,7.439,10.602,7.176,0.5605,MQTT,actuator
2025-01-22T13:23:00,63.284,27.839,0.106,4.987,0.9201,MQTT,env_sensor
2025-01-22T22:25:00,41.987,301.175,2.053,1.103,3.3316,MQTT,smart_meter
2025-01-22T17:15:00,1305.968,17.06,6.32,64.075,0.0,HTTPS,gateway
2025-01-22T11:54:00,2135.705,44.806,0.649,120.526,0.263,HTTPS,camera
2025-01-23T11:31:00,628.211,51.639,6.778,77.377,0.4787,HTTPS,gateway
2025-01-22T19:34:00,1835.819,60.558,1.111,56.778,1.2704,HTTPS,gateway
2025-01-22T01:05:00,269.985,39.738,6.041,0.05,0.6434,HTTPS,gateway
2025-01-21T21:09:00,606.035,40.848,11.139,70.845,1.119,CoAP,gateway
2025-01-22T15:41:00,86.016,18.041,7.982,15.131,0.4054,MQTT,actuator
2025-01-21T22:41:00,95.692,3.114,6.074,3.968,1.2464,MQTT,actuator
2025-01-22T16:05:00,32.972,42.934,2.349,0.05,4.4176,MQTT,smart_meter
2025-01-22T19:40:00,18.322,171.826,3.454,0.05,5.7564,LoRaWAN,smart_meter
2025-01-22T18:56:00,33.747,294.296,1.63,0.678,3.681,LoRaWAN,smart_meter
2025-01-21T23:49:00,29.574,150.54,0.678,0.279,0.0,LoRaWAN,smart_meter
2025-01-22T03:29:00,92.412,16.973,0.1,8.986,2.298,MQTT,env_sensor
2025-01-22T03:41:00,1040.213,28.124,1.855,169.976,0.9157,HTTPS,camera
2025-01-21T22:57:00,152.397,17.741,8.338,4.012,0.9333,MQTT,actuator
2025-01-22T04:46:00,80.68,25.711,1.315,7.342,0.7972,MQTT,actuator
2025-01-22T02:49:00,14.056,69.525,4.146,82.073,0.7729,HTTPS,camera
2025-01-22T00:24:00,21.975,197.513,0.1,0.05,1.8515,LoRaWAN,smart_meter
2025-01-22T15:16:00,1209.431,60.941,0.563,157.6,1.3916,HTTPS,camera
2025-01-23T00:15:00,2336.728,57.338,4.297,135.655,1.2682,HTTPS,camera
2025-01-22T11:12:00,52.996,16.893,4.733,4.098,0.6704,MQTT,actuator
2025-01-23T00:42:00,17.54,122.26,0.589,1.085,4.9338,MQTT,smart_meter
2025-01-21T22:13:00,74.903,12.327,2.284,6.271,0.0,MQTT,env_sensor
2025-01-23T11:29:00,1445.095,19.432,4.848,81.451,0.0,HTTPS,gateway
2025-01-22T22:26:00,134.075,13.461,5.562,11.656,0.0,CoAP,actuator
2025-01-22T07:17:00,92.601,16.096,4.578,3.142,0.0,MQTT,env_sensor
2025-01-22T13:53:00,31.22,169.373,2.022,0.051,4.2764,LoRaWAN,smart_meter
2025-01-22T12:37:00,16.585,122.461,1.443,0.24,4.4909,LoRaWAN,smart_meter
2025-01-22T17:22:00,1650.048,37.512,4.69,59.407,0.5174,HTTPS,gateway
2025-01-22T19:46:00,149.004,29.496,10.885,6.72,0.3999,CoAP,actuator
2025-01-23T12:24:00,862.248,56.184,10.433,19.979,0.7075,HTTPS,gateway
2025-01-22T15:29:00,2075.533,91.12,5.317,137.613,1.1516,HTTPS,camera
2025-01-22T01:23:00,135.179,13.141,8.612,15.768,0.0,MQTT,actuator
2025-01-22T18:34:00,38.555,190.101,2.823,0.368,1.9505,LoRaWAN,smart_meter
2025-01-22T11:12:00,41.008,268.684,4.464,0.05,2.233,LoRaWAN,smart_meter
2025-01-21T20:11:00,2879.379,70.791,6.148,107.367,0.2696,HTTPS,camera
2025-01-22T05:18:00,142.362,1.0,4.934,11.364,2.2765,MQTT,actuator
2025-01-21T20:13:00,53.56,63.375,12.433,71.594,0.0,MQTT,gateway
2025-01-23T02:47:00,35.312,172.663,1.188,0.121,0.0,LoRaWAN,smart_meter
2025-01-23T05:03:00,112.396,31.623,3.337,9.094,2.3719,MQTT,actuator
2025-01-23T06:38:00,678.308,70.545,1.689,113.451,0.7645,HTTPS,camera
2025-01-22T06:51:00,2196.384,27.371,0.1,70.38,1.1408,HTTPS,gateway
2025-01-22T05:54:00,783.212,56.644,3.43,44.294,2.0212,MQTT,gateway
2025-01-22T16:23:00,1137.391,21.181,8.337,47.787,0.0,HTTPS,gateway
2025-01-23T07:40:00,1907.877,1.0,1.773,149.827,0.6291,HTTPS,camera
2025-01-22T12:33:00,36.063,218.918,3.525,0.504,3.3169,LoRaWAN,smart_meter
2025-01-23T12:11:00,21.208,185.814,0.1,0.535,3.3424,LoRaWAN,smart_meter
2025-01-22T19:46:00,2988.448,51.384,2.736,91.649,0.1115,HTTPS,camera
2025-01-22T11:17:00,80.137,8.22,1.331,0.908,0.2449,MQTT,actuator
2025-01-22T02:28:00,25.791,241.513,1.076,0.736,4.9625,LoRaWAN,smart_meter
2025-01-23T13:28:00,109.549,15.081,2.393,5.021,1.9308,MQTT,env_sensor
2025-01-22T13:19:00,98.146,7.665,3.314,4.468,1.9155,MQTT,env_sensor
2025-01-22T17:36:00,1082.715,43.667,10.918,37.989,0.5101,HTTPS,gateway
2025-01-23T11:00:00,39.515,183.627,3.281,0.656,4.9809,LoRaWAN,smart_meter
2025-01-22T06:49:00,36.399,301.826,3.122,0.648,3.1176,LoRaWAN,smart_meter
2025-01-21T21:22:00,82.813,18.163,5.587,4.947,2.5009,MQTT,env_sensor
2025-01-22T18:16:00,12.357,243.053,2.867,0.216,0.0,LoRaWAN,smart_meter
2025-01-22T19:27:00,119.376,7.306,11.468,6.722,0.1093,MQTT,actuator
2025-01-23T10:44:00,872.161,44.393,2.416,21.27,1.0666,CoAP,gateway
2025-01-23T02:06:00,658.856,66.541,8.964,59.281,1.5933,CoAP,gateway
2025-01-23T06:16:00,1650.626,51.309,1.263,43.207,1.1457,HTTPS,camera
2025-01-22T11:24:00,43.57,70.72,3.984,0.385,4.6404,MQTT,smart_meter
2025-01-23T00:58:00,1432.501,76.596,3.996,145.65,1.0295,HTTPS,camera
2025-01-21T20:47:00,128.253,36.942,9.619,6.383,0.8007,CoAP,actuator
2025-01-22T23:11:00,98.293,30.113,12.18,11.377,0.0977,CoAP,actuator
2025-01-21T21:06:00,1237.247,67.111,8.022,189.889,1.3104,HTTPS,camera
2025-01-21T23:22:00,95.837,3.021,8.881,7.139,1.0937,CoAP,actuator
2025-01-23T02:01:00,15.934,36.652,3.539,3.483,0.7095,MQTT,env_sensor
2025-01-23T02:40:00,2231.609,35.589,6.074,162.533,0.8596,HTTPS,camera
2025-01-22T18:45:00,106.572,11.096,2.534,14.057,1.507,MQTT,actuator
2025-01-22T18:54:00,2219.224,31.682,8.287,84.641,0.0,HTTPS,camera
2025-01-22T23:03:00,42.894,270.702,0.677,0.321,6.8241,LoRaWAN,smart_meter
2025-01-22T03:09:00,150.601,26.861,5.027,9.748,1.1713,CoAP,actuator
2025-01-22T07:20:00,140.739,21.082,3.024,6.328,1.1256,MQTT,actuator
2025-01-22T07:00:00,1112.805,54.473,4.635,175.106,0.9864,HTTPS,camera
2025-01-23T10:21:00,75.629,17.293,5.91,6.269,0.3206,MQTT,actuator
2025-01-22T19:02:00,761.621,26.523,5.28,10.037,0.2198,CoAP,gateway
2025-01-21T21:57:00,60.675,7.427,1.749,1.001,0.6161,MQTT,env_sensor
2025-01-22T23:31:00,28.136,37.286,0.89,0.47,2.6724,MQTT,smart_meter
2025-01-22T21:05:00,1157.964,30.526,14.771,20.368,1.856,CoAP,gateway
2025-01-22T17:48:00,738.43,71.68,0.1,1.063,1.1355,CoAP,camera
2025-01-23T05:04:00,1130.938,31.711,12.098,30.29,2.1755,CoAP,gateway
2025-01-22T20:38:00,87.585,8.881,6.538,9.485,1.5519,MQTT,actuator
2025-01-23T08:29:00,24.782,195.282,2.034,0.968,0.0,LoRaWAN,smart_meter
2025-01-23T03:50:00,1886.502,65.834,6.032,231.899,1.0891,HTTPS,camera
2025-01-23T06:06:00,8.0,61.389,7.12,94.559,0.3972,HTTPS,camera
2025-01-22T03:38:00,826.533,44.077,5.525,84.554,0.4053,HTTPS,camera
2025-01-23T05:22:00,35.265,35.2,4.359,4.886,0.6415,MQTT,env_sensor
2025-01-21T23:37:00,42.513,21.91,4.31,3.685,2.7287,MQTT,env_sensor
2025-01-22T18:58:00,1753.061,60.027,11.403,173.792,0.0,HTTPS,camera
2025-01-22T03:03:00,869.894,29.024,13.263,30.578,0.3113,CoAP,gateway
2025-01-22T00:40:00,1022.381,24.537,3.21,38.45,0.447,HTTPS,gateway
2025-01-22T09:16:00,112.703,14.591,5.307,7.074,1.3129,MQTT,actuator
2025-01-22T16:49:00,418.012,56.573,5.923,55.885,0.5638,HTTPS,gateway
2025-01-22T08:15:00,115.343,18.137,7.723,3.703,2.0281,MQTT,actuator
2025-01-22T12:02:00,31.672,14.864,4.606,9.527,0.352,MQTT,env_sensor
2025-01-23T01:13:00,149.269,14.7,8.134,0.05,1.3698,MQTT,actuator
2025-01-23T03:23:00,27.439,199.941,3.276,0.83,3.7059,LoRaWAN,smart_meter
2025-01-22T00:38:00,1644.921,70.511,0.1,131.737,0.5708,HTTPS,camera
2025-01-22T07:13:00,665.671,42.128,20.535,114.056,1.4506,CoAP,gateway
2025-01-22T10:16:00,166.095,80.46,12.391,55.353,1.5112,MQTT,gateway
2025-01-23T07:33:00,26.772,22.024,0.686,55.53,0.3683,MQTT,gateway
2025-01-22T11:29:00,33.072,143.486,3.394,0.464,1.8791,LoRaWAN,smart_meter
2025-01-23T00:50:00,20.772,93.463,6.262,0.167,5.2047,LoRaWAN,smart_meter
2025-01-23T12:28:00,718.043,56.512,4.066,87.604,1.7105,MQTT,camera
2025-01-22T22:59:00,3645.71,116.923,0.1,156.696,0.3973,HTTPS,camera
2025-01-23T02:45:00,22.91,127.507,0.157,0.409,2.6906,LoRaWAN,smart_meter
2025-01-22T05:05:00,1740.562,62.501,1.391,35.435,0.2775,HTTPS,gateway
2025-01-22T11:02:00,52.049,22.148,4.167,1.551,1.2453,MQTT,env_sensor
2025-01-23T13:19:00,77.632,25.083,3.687,6.958,0.2361,MQTT,env_sensor
2025-01-23T12:59:00,1026.27,38.595,6.778,67.705,0.5871,HTTPS,camera
2025-01-23T05:43:00,22.972,188.822,2.127,0.159,4.5995,LoRaWAN,smart_meter
2025-01-23T06:04:00,98.656,25.845,7.11,1.825,2.6023,MQTT,actuator
2025-01-22T07:17:00,603.317,87.592,7.679,70.167,0.5356,HTTPS,gateway
2025-01-22T14:51:00,129.161,30.057,8.753,6.852,0.0399,CoAP,actuator
2025-01-22T18:53:00,25.209,154.805,4.689,0.284,3.5588,MQTT,smart_meter
2025-01-22T00:10:00,50.823,4.302,1.777,16.309,1.0603,MQTT,actuator
2025-01-23T00:21:00,1094.21,53.028,16.144,58.282,0.1124,HTTPS,gateway
2025-01-22T12:21:00,25.847,222.491,1.196,0.61,3.8776,LoRaWAN,smart_meter
2025-01-22T14:18:00,656.345,50.791,11.632,8.833,0.7025,CoAP,gateway
2025-01-22T02:08:00,737.777,38.382,12.272,51.779,0.0721,HTTPS,gateway
2025-01-23T13:22:00,2507.636,76.947,1.467,32.272,0.217,HTTPS,camera
2025-01-23T13:27:00,63.956,9.47,9.204,12.062,0.4684,CoAP,actuator
2025-01-22T16:14:00,105.688,18.052,5.123,8.312,1.1638,MQTT,actuator
2025-01-22T19:13:00,27.61,100.557,0.1,0.317,2.078,LoRaWAN,smart_meter
2025-01-22T21:48:00,27.249,107.719,3.686,0.523,2.1627,LoRaWAN,smart_meter
2025-01-21T23:20:00,1164.942,64.482,0.1,76.449,0.6345,HTTPS,camera
2025-01-23T01:36:00,1834.297,49.374,5.147,53.031,0.7474,HTTPS,camera
2025-01-22T20:18:00,2157.522,127.54,4.456,131.062,0.5492,HTTPS,camera
2025-01-22T23:58:00,66.781,2.639,0.261,8.565,0.1653,MQTT,env_sensor
2025-01-22T10:35:00,68.294,16.8,2.515,1.074,0.1135,MQTT,env_sensor
2025-01-22T01:52:00,118.108,21.929,4.344,2.833,0.0457,MQTT,env_sensor
2025-01-23T03:19:00,2426.757,67.975,3.456,50.334,0.7477,HTTPS,camera
2025-01-22T21:57:00,62.333,25.021,2.801,8.773,0.0,MQTT,env_sensor
2025-01-23T00:39:00,96.879,24.974,5.514,4.84,0.2506,MQTT,actuator
2025-01-23T08:28:00,20.854,221.907,3.57,0.119,3.0899,LoRaWAN,smart_meter
2025-01-21T20:46:00,135.349,27.404,5.617,12.602,1.902,CoAP,actuator
2025-01-23T12:23:00,79.045,7.842,0.739,1.176,0.5149,MQTT,env_sensor
2025-01-21T22:24:00,1381.033,43.67,9.555,141.993,0.0,HTTPS,camera
2025-01-23T09:06:00,16.049,134.567,2.851,0.443,6.1575,LoRaWAN,smart_meter
2025-01-22T19:51:00,24.346,216.532,3.97,0.806,7.7112,LoRaWAN,smart_meter
2025-01-22T18:39:00,2005.542,59.364,8.538,12.712,0.9818,HTTPS,camera
2025-01-22T23:02:00,35.7,227.108,1.592,0.517,5.5677,LoRaWAN,smart_meter
2025-01-22T16:36:00,1583.956,100.354,5.433,137.568,1.3711,HTTPS,camera
2025-01-22T15:56:00,1744.913,22.881,14.624,102.696,1.5051,HTTPS,gateway
2025-01-22T19:52:00,2212.097,80.436,6.345,219.836,0.783,HTTPS,camera
2025-01-22T22:09:00,35.484,224.535,0.57,1.088,0.0,LoRaWAN,smart_meter
2025-01-22T19:44:00,17.167,293.118,5.441,0.133,4.4399,LoRaWAN,smart_meter
2025-01-22T22:54:00,25.096,114.885,2.597,0.52,0.2223,LoRaWAN,smart_meter
2025-01-22T14:05:00,18.656,92.957,2.228,0.072,4.484,MQTT,smart_meter
2025-01-22T19:29:00,1621.188,29.439,9.703,128.759,1.1708,HTTPS,camera
2025-01-23T08:44:00,57.469,8.267,5.214,7.838,0.22,MQTT,actuator
2025-01-22T03:01:00,85.765,15.893,2.543,5.163,0.6965,MQTT,env_sensor
2025-01-23T02:23:00,155.565,24.541,4.998,8.61,1.8516,MQTT,actuator
2025-01-22T22:15:00,2056.666,47.908,2.916,101.784,0.3683,HTTPS,camera
2025-01-23T12:34:00,36.71,149.479,1.539,0.532,0.0,LoRaWAN,smart_meter
2025-01-23T05:27:00,71.482,8.742,1.537,0.05,0.4094,MQTT,env_sensor
2025-01-22T10:04:00,38.056,145.163,2.487,0.323,3.0844,LoRaWAN,smart_meter
2025-01-22T16:43:00,1638.489,70.439,2.795,190.843,1.5426,HTTPS,camera
2025-01-21T20:43:00,28.723,182.58,0.1,0.05,0.0549,LoRaWAN,smart_meter
2025-01-22T11:53:00,37.219,108.786,4.024,0.791,2.5134,LoRaWAN,smart_meter
2025-01-23T13:03:00,151.041,15.004,9.687,4.661,0.0,MQTT,actuator
2025-01-22T18:53:00,984.917,30.956,0.1,140.639,1.015,HTTPS,camera
2025-01-22T12:00:00,29.884,256.286,5.3,0.614,1.3107,LoRaWAN,smart_meter
2025-01-23T05:50:00,152.903,37.592,6.335,8.408,0.0,CoAP,actuator
2025-01-22T15:04:00,2307.266,29.388,7.106,192.463,1.505,HTTPS,camera
2025-01-22T09:47:00,1672.395,77.894,8.781,214.083,0.3945,HTTPS,camera
2025-01-22T04:53:00,8.0,43.08,10.649,114.388,0.34,HTTPS,gateway
2025-01-22T12:51:00,32.989,202.025,0.153,0.53,3.4973,LoRaWAN,smart_meter
2025-01-22T23:01:00,102.794,9.072,8.26,9.469,1.0181,CoAP,actuator
2025-01-22T19:03:00,2938.124,15.554,8.198,81.643,0.2051,HTTPS,camera
2025-01-22T20:49:00,73.447,36.788,5.648,0.903,1.0932,CoAP,env_sensor
2025-01-21T21:32:00,1408.197,61.713,11.393,57.287,1.4363,HTTPS,gateway
2025-01-22T16:43:00,24.526,26.379,2.235,0.162,4.8519,MQTT,smart_meter
2025-01-23T02:25:00,26.612,167.667,2.691,0.598,0.3025,LoRaWAN,smart_meter
2025-01-22T00:20:00,2516.848,50.609,5.665,136.162,1.0587,HTTPS,camera
2025-01-23T09:24:00,101.568,16.072,3.086,13.681,0.4322,MQTT,actuator
2025-01-21T22:25:00,1056.108,78.996,2.111,52.341,0.5684,HTTPS,gateway
2025-01-23T13:31:00,92.486,42.67,6.534,1.317,1.6335,MQTT,env_sensor
2025-01-22T05:20:00,131.594,19.839,9.937,7.807,0.8098,MQTT,actuator
2025-01-22T15:56:00,17.141,112.555,1.795,0.24,1.9963,LoRaWAN,smart_meter
2025-01-23T07:20:00,25.909,53.005,2.016,0.176,2.3666,MQTT,smart_meter
2025-01-22T12:46:00,26.088,123.219,0.1,0.366,3.0453,LoRaWAN,smart_meter
2025-01-23T08:55:00,1341.299,48.874,15.035,52.204,0.9324,HTTPS,gateway
2025-01-21T20:39:00,650.381,83.335,3.15,76.61,1.6424,HTTPS,gateway
2025-01-22T23:41:00,127.361,19.372,8.115,13.239,0.4539,MQTT,actuator
2025-01-22T11:06:00,922.32,67.281,0.1,62.148,0.6366,HTTPS,gateway
2025-01-22T05:41:00,1940.939,41.423,0.1,174.829,0.1208,HTTPS,camera
2025-01-22T04:44:00,94.571,22.898,3.857,6.727,1.8684,MQTT,actuator
2025-01-23T09:35:00,19.861,151.029,1.369,0.15,2.9903,LoRaWAN,smart_meter
2025-01-22T06:51:00,19.324,194.158,0.1,0.362,1.1256,LoRaWAN,smart_meter
2025-01-22T04:59:00,978.751,43.725,6.26,29.751,1.172,CoAP,gateway
2025-01-23T05:09:00,23.429,190.85,2.627,0.212,4.0072,LoRaWAN,smart_meter
2025-01-23T00:40:00,25.072,149.995,2.902,0.811,2.8282,LoRaWAN,smart_meter
2025-01-23T06:23:00,21.519,203.432,2.842,0.309,2.7365,LoRaWAN,smart_meter
2025-01-22T10:33:00,1034.514,38.516,9.125,70.987,0.8424,HTTPS,gateway
2025-01-22T10:19:00,82.751,12.859,5.159,0.05,0.0427,MQTT,env_sensor
2025-01-23T01:08:00,378.815,62.926,2.185,157.176,0.7529,HTTPS,camera
2025-01-22T12:01:00,417.967,72.031,6.054,163.951,0.3874,HTTPS,camera
2025-01-23T08:22:00,1155.164,66.066,0.1,91.167,1.5201,HTTPS,gateway
2025-01-22T15:16:00,114.218,3.804,3.961,11.833,1.1899,MQTT,actuator
2025-01-22T00:50:00,20.85,150.138,0.1,0.953,2.5893,LoRaWAN,smart_meter
2025-01-23T11:50:00,24.585,201.004,1.437,0.295,0.0,LoRaWAN,smart_meter
2025-01-22T14:22:00,1667.79,63.751,6.77,54.115,1.3521,HTTPS,camera
2025-01-21T22:39:00,172.41,65.288,9.077,78.298,1.6243,MQTT,gateway
2025-01-22T11:14:00,136.418,33.385,0.1,52.45,0.9795,HTTPS,gateway
2025-01-22T11:37:00,2025.129,52.401,4.014,110.994,0.3351,HTTPS,gateway
2025-01-23T05:59:00,175.172,64.148,6.976,95.407,0.8371,HTTPS,camera
2025-01-21T21:45:00,31.808,228.898,2.777,0.748,1.9539,LoRaWAN,smart_meter
2025-01-23T06:48:00,1529.688,58.779,11.311,34.673,1.4224,CoAP,gateway
2025-01-23T09:55:00,1722.134,41.0,6.971,181.801,0.0,HTTPS,camera
2025-01-22T11:33:00,2165.643,92.565,3.852,199.124,1.0098,HTTPS,camera
2025-01-22T10:19:00,35.612,156.196,3.515,0.165,3.1038,LoRaWAN,smart_meter
2025-01-22T12:11:00,49.531,15.415,6.474,3.091,0.0,MQTT,actuator
2025-01-23T09:04:00,100.505,40.807,5.239,9.403,1.1921,CoAP,actuator
2025-01-23T06:48:00,48.984,16.963,1.518,4.818,0.4848,MQTT,env_sensor
2025-01-22T14:24:00,1386.275,68.22,13.729,43.82,0.1399,HTTPS,gateway
2025-01-21T22:25:00,64.831,13.921,3.061,7.712,0.0984,MQTT,actuator
2025-01-22T15:51:00,48.819,41.42,3.76,6.744,0.8156,MQTT,env_sensor
2025-01-21T22:53:00,107.5,16.834,6.937,6.426,0.4363,MQTT,actuator
2025-01-23T00:00:00,37.884,161.478,1.291,0.231,1.9603,LoRaWAN,smart_meter
2025-01-22T01:39:00,52.179,17.736,2.58,7.788,0.3964,MQTT,env_sensor
2025-01-22T06:41:00,2962.268,47.605,5.458,166.123,0.5766,HTTPS,camera
2025-01-22T18:27:00,1480.669,35.305,0.1,123.009,1.0568,HTTPS,gateway
2025-01-21T23:06:00,92.876,25.374,6.291,10.257,0.8586,MQTT,actuator
2025-01-22T11:21:00,76.84,34.886,14.459,58.281,0.3098,HTTPS,gateway
2025-01-22T01:18:00,18.811,161.427,2.152,0.098,2.2509,LoRaWAN,smart_meter
2025-01-23T09:01:00,906.311,83.98,3.084,121.774,1.2993,HTTPS,camera
2025-01-22T17:09:00,1088.078,51.552,3.478,128.186,0.5877,HTTPS,camera
2025-01-23T12:14:00,127.965,19.3,2.934,9.823,1.3067,MQTT,actuator
2025-01-23T08:05:00,1511.995,73.893,3.607,95.361,0.556,HTTPS,camera
2025-01-23T12:46:00,2976.936,65.832,3.092,126.481,1.0841,HTTPS,camera
2025-01-22T07:04:00,435.81,47.771,5.94,54.135,2.0278,CoAP,gateway
2025-01-22T02:01:00,1088.702,19.718,6.429,103.892,1.4003,HTTPS,gateway
2025-01-22T18:12:00,300.678,38.5,5.139,60.358,2.4536,CoAP,gateway
2025-01-22T04:49:00,142.422,26.631,2.174,16.721,0.3563,MQTT,actuator
2025-01-22T11:57:00,26.305,240.672,0.1,0.92,4.2933,LoRaWAN,smart_meter
2025-01-22T12:44:00,88.784,1.0,5.021,1.924,0.6051,CoAP,env_sensor
2025-01-23T01:07:00,37.461,17.859,2.063,6.297,0.7148,MQTT,actuator
2025-01-23T10:29:00,1769.289,50.054,4.203,64.678,0.1839,HTTPS,camera
2025-01-22T02:35:00,27.985,186.038,0.1,0.265,4.8562,LoRaWAN,smart_meter
2025-01-22T04:38:00,159.974,31.137,1.996,0.05,1.1511,MQTT,actuator
2025-01-22T08:36:00,70.936,19.962,5.662,6.98,1.137,MQTT,env_sensor
2025-01-22T21:08:00,83.933,24.437,14.785,9.512,0.9738,MQTT,actuator
2025-01-22T08:16:00,2555.697,57.813,0.346,0.05,0.9184,HTTPS,camera
2025-01-22T16:21:00,905.9,57.994,0.772,55.875,1.7828,HTTPS,gateway
2025-01-23T10:54:00,15.767,227.376,3.243,0.544,4.7544,LoRaWAN,smart_meter
2025-01-23T01:38:00,129.3,16.07,7.392,12.439,2.1678,MQTT,actuator
2025-01-23T02:22:00,121.335,16.482,9.203,10.306,1.8097,MQTT,actuator
2025-01-22T20:40:00,30.518,12.0,3.145,5.287,0.0,MQTT,env_sensor
2025-01-23T02:30:00,222.596,34.313,14.594,48.339,0.8897,CoAP,gateway
2025-01-22T07:59:00,143.8,30.73,5.315,2.269,1.3664,CoAP,actuator
2025-01-22T00:05:00,22.651,157.425,1.095,0.7,3.936,LoRaWAN,smart_meter
2025-01-22T13:13:00,23.498,249.956,0.88,0.199,6.7857,LoRaWAN,smart_meter
2025-01-22T23:26:00,1140.88,19.258,0.385,95.992,0.5847,HTTPS,camera
2025-01-23T13:04:00,1206.27,81.784,7.918,49.055,1.6589,HTTPS,gateway
2025-01-23T00:17:00,1440.947,64.783,3.698,91.618,1.1033,HTTPS,camera
2025-01-22T06:42:00,137.941,4.986,4.197,8.995,0.4964,MQTT,actuator
2025-01-23T04:20:00,1042.565,56.622,10.925,57.409,0.0852,HTTPS,gateway
2025-01-21T20:43:00,805.551,72.481,8.428,68.126,0.0,HTTPS,camera
2025-01-23T11:58:00,55.078,20.812,4.687,3.73,0.9672,MQTT,env_sensor
2025-01-22T16:43:00,68.172,29.39,0.1,1.583,1.6135,MQTT,env_sensor
2025-01-22T01:49:00,41.323,258.473,0.1,0.05,6.9883,LoRaWAN,smart_meter
2025-01-22T14:08:00,2302.222,31.679,4.644,192.524,1.0388,HTTPS,camera
2025-01-23T00:26:00,74.161,8.823,2.49,0.298,0.0,MQTT,env_sensor
2025-01-23T11:03:00,996.734,57.789,2.195,54.538,0.3106,HTTPS,camera
2025-01-23T11:00:00,108.869,39.436,2.616,0.05,2.1372,MQTT,env_sensor
2025-01-23T07:42:00,771.218,40.282,0.77,37.873,0.2895,HTTPS,gateway
2025-01-22T12:09:00,855.345,37.416,9.423,67.977,0.8478,HTTPS,gateway
2025-01-21T20:53:00,130.268,19.157,6.495,6.996,0.7267,MQTT,actuator
2025-01-22T13:14:00,27.571,150.098,2.338,0.094,3.6833,LoRaWAN,smart_meter
2025-01-23T07:03:00,70.798,23.031,6.121,3.416,0.625,MQTT,env_sensor
2025-01-22T21:05:00,130.977,13.867,7.95,2.238,0.3152,MQTT,actuator
2025-01-22T02:47:00,22.978,129.777,1.547,0.154,3.6822,LoRaWAN,smart_meter
2025-01-22T05:54:00,80.235,25.813,4.235,1.837,2.7718,MQTT,env_sensor
2025-01-21T21:17:00,12.731,28.581,1.453,6.848,0.9095,MQTT,env_sensor
2025-01-23T08:55:00,35.297,188.711,1.031,0.17,1.104,LoRaWAN,smart_meter
2025-01-23T09:48:00,91.55,33.902,1.021,0.066,0.9693,MQTT,actuator
2025-01-22T15:42:00,439.855,85.309,5.415,61.948,1.1782,CoAP,camera
2025-01-22T08:22:00,124.741,11.783,7.918,7.22,0.5834,MQTT,actuator
2025-01-22T08:14:00,90.376,21.416,3.627,13.6,0.4794,MQTT,actuator
2025-01-22T05:17:00,61.35,9.013,4.691,4.942,0.6217,MQTT,env_sensor
2025-01-22T16:03:00,484.71,60.764,1.914,192.672,1.0043,HTTPS,camera
2025-01-22T00:00:00,990.927,14.954,16.811,71.829,0.0,HTTPS,gateway
2025-01-22T23:32:00,81.112,21.295,4.538,10.051,1.5887,MQTT,env_sensor
2025-01-22T16:19:00,2191.856,109.833,4.419,119.924,0.0,HTTPS,camera
2025-01-22T22:50:00,22.895,203.283,2.062,0.543,2.5592,LoRaWAN,smart_meter
2025-01-21T21:07:00,2316.564,35.568,2.628,217.996,0.1476,HTTPS,camera
2025-01-23T01:57:00,109.733,17.098,3.222,8.243,0.126,MQTT,actuator
2025-01-22T23:38:00,667.408,59.549,1.519,67.167,0.6632,HTTPS,camera
2025-01-22T02:36:00,1367.772,54.025,4.021,166.091,0.7608,HTTPS,camera
2025-01-22T23:26:00,8.0,36.324,11.477,18.951,0.4311,MQTT,gateway
2025-01-23T13:18:00,8.0,54.852,10.73,75.546,1.9851,MQTT,gateway
2025-01-23T08:52:00,1220.599,33.154,9.803,2.264,2.0642,CoAP,gateway
2025-01-23T06:24:00,96.584,39.57,2.089,12.707,0.705,MQTT,env_sensor
2025-01-22T21:44:00,100.926,16.462,8.847,11.46,0.8068,MQTT,actuator
2025-01-21T20:27:00,1075.388,61.649,4.613,0.05,0.3679,HTTPS,gateway
2025-01-23T04:57:00,149.326,11.611,4.294,12.469,0.3465,MQTT,actuator
2025-01-23T05:11:00,1681.886,64.331,3.302,165.627,0.8937,HTTPS,camera
2025-01-22T13:07:00,525.869,99.553,5.152,12.882,0.0,CoAP,camera
2025-01-23T12:01:00,35.086,209.15,2.649,0.07,0.0,LoRaWAN,smart_meter
2025-01-22T13:35:00,54.369,28.365,8.978,6.813,0.0,MQTT,actuator
2025-01-22T15:27:00,1758.087,28.381,4.301,116.407,0.6091,HTTPS,camera
2025-01-23T05:16:00,1435.856,47.098,1.582,106.969,1.0555,HTTPS,camera
2025-01-22T05:38:00,126.77,21.935,7.121,7.354,0.0338,MQTT,actuator
2025-01-22T16:22:00,1220.26,20.559,17.71,34.917,0.0042,HTTPS,gateway
2025-01-22T01:26:00,582.513,39.558,13.692,38.945,0.0,CoAP,gateway
2025-01-23T03:54:00,136.004,6.255,8.099,15.97,0.9418,MQTT,actuator
2025-01-22T15:17:00,1085.461,44.191,6.747,40.458,1.1581,CoAP,gateway
2025-01-22T02:04:00,17.793,17.775,2.689,4.002,1.6191,MQTT,env_sensor
2025-01-22T08:57:00,69.736,12.395,5.07,8.293,2.3573,MQTT,actuator
2025-01-23T11:46:00,143.734,16.63,5.149,8.976,0.3377,MQTT,actuator
2025-01-22T00:43:00,57.719,28.471,1.318,1.702,1.5161,MQTT,env_sensor
2025-01-23T04:28:00,84.868,19.437,5.646,7.832,1.0726,MQTT,actuator
2025-01-22T22:53:00,79.926,27.287,4.317,3.221,2.1075,MQTT,env_sensor
2025-01-22T20:41:00,43.833,173.056,2.172,0.824,2.6118,LoRaWAN,smart_meter
2025-01-22T14:48:00,28.89,188.87,3.099,0.307,4.7742,LoRaWAN,smart_meter
2025-01-22T09:13:00,1486.737,47.111,9.752,75.942,0.0,HTTPS,gateway
2025-01-22T09:47:00,73.188,17.006,1.322,10.063,1.6157,MQTT,env_sensor
2025-01-23T06:44:00,24.213,185.391,1.651,0.126,3.0096,LoRaWAN,smart_meter
2025-01-22T08:26:00,110.164,27.095,1.866,8.352,1.196,MQTT,env_sensor
2025-01-22T22:50:00,661.711,71.175,7.491,70.156,0.0,HTTPS,gateway
2025-01-23T00:59:00,846.05,16.021,3.728,185.187,0.7151,HTTPS,camera
2025-01-22T12:33:00,1658.53,52.719,0.1,97.536,0.6929,HTTPS,camera
2025-01-22T02:08:00,1814.105,64.212,0.1,161.761,0.163,HTTPS,camera
2025-01-22T04:16:00,74.076,22.138,7.166,0.05,0.4064,MQTT,env_sensor
2025-01-22T22:57:00,57.531,14.135,4.702,7.981,1.3174,MQTT,env_sensor
2025-01-22T06:21:00,26.161,55.205,4.488,0.415,3.3292,MQTT,smart_meter
2025-01-22T18:06:00,79.075,7.924,0.27,2.481,2.0032,MQTT,env_sensor
2025-01-23T00:06:00,27.737,98.467,2.55,0.165,0.0,LoRaWAN,smart_meter
2025-01-22T20:26:00,24.584,150.967,0.28,0.431,3.3865,LoRaWAN,smart_meter
2025-01-23T11:16:00,59.016,12.32,3.322,0.337,0.0,MQTT,actuator
2025-01-22T17:19:00,1087.165,62.692,3.471,50.35,0.8568,HTTPS,camera
2025-01-23T07:25:00,69.866,10.225,0.925,3.072,1.1808,MQTT,env_sensor
2025-01-23T07:16:00,107.713,18.812,8.826,2.732,1.3548,MQTT,actuator
2025-01-22T03:30:00,2709.025,66.348,2.704,129.991,0.1138,HTTPS,camera
2025-01-22T15:13:00,58.984,8.947,4.196,4.565,0.1616,MQTT,env_sensor
2025-01-22T16:56:00,33.38,138.702,1.625,0.309,5.4127,LoRaWAN,smart_meter
2025-01-23T00:45:00,1170.346,29.188,13.41,121.619,0.6954,HTTPS,gateway
2025-01-22T01:41:00,88.213,24.0,3.97,0.05,0.6045,HTTPS,env_sensor
2025-01-22T09:48:00,736.793,60.613,13.947,123.861,1.8842,CoAP,gateway
2025-01-23T12:55:00,26.663,152.541,0.802,0.223,4.7206,LoRaWAN,smart_meter
2025-01-23T08:18:00,15.122,163.241,1.499,0.272,2.4115,LoRaWAN,smart_meter
2025-01-23T06:49:00,54.732,13.818,4.165,4.86,0.5726,MQTT,env_sensor
2025-01-22T18:42:00,46.128,14.134,6.657,3.453,0.586,MQTT,env_sensor
2025-01-22T00:02:00,45.948,31.844,0.262,6.883,1.9378,MQTT,env_sensor
2025-01-21T23:25:00,101.133,9.721,5.412,8.117,0.0,CoAP,actuator
2025-01-23T05:26:00,82.8,36.97,2.318,8.055,3.9123,MQTT,env_sensor
2025-01-22T12:36:00,80.261,13.187,3.219,0.05,0.7663,MQTT,env_sensor
2025-01-22T12:25:00,91.887,13.034,6.613,12.991,0.1837,MQTT,actuator
2025-01-21T23:04:00,83.265,16.856,0.1,3.015,1.5599,MQTT,env_sensor
2025-01-23T09:47:00,22.707,198.898,0.182,0.326,1.3916,MQTT,smart_meter
2025-01-22T02:59:00,92.164,23.081,2.396,6.724,2.9234,MQTT,env_sensor
2025-01-22T20:04:00,1155.489,70.3,2.777,114.301,0.6639,HTTPS,camera
2025-01-22T23:40:00,859.768,21.563,14.694,22.977,0.4439,CoAP,gateway
2025-01-22T12:13:00,76.231,21.741,4.564,2.353,0.9081,MQTT,env_sensor
2025-01-23T00:03:00,73.942,1.891,0.1,4.829,1.4845,MQTT,env_sensor
2025-01-23T12:10:00,36.703,34.676,3.672,0.471,0.6772,MQTT,env_sensor
2025-01-23T00:53:00,31.131,43.485,2.414,0.309,5.8841,LoRaWAN,smart_meter
2025-01-21T21:40:00,3253.548,41.243,1.361,134.361,0.3359,HTTPS,camera
2025-01-22T07:48:00,127.805,36.804,4.378,14.191,0.1099,MQTT,actuator
2025-01-22T10:21:00,20.38,192.132,5.219,0.465,3.0689,LoRaWAN,smart_meter
2025-01-23T05:20:00,30.175,198.137,0.1,0.367,3.5095,LoRaWAN,smart_meter
2025-01-23T03:59:00,89.175,20.123,7.321,9.272,0.0,MQTT,actuator
2025-01-23T00:09:00,84.819,15.208,1.726,1.665,1.6922,MQTT,env_sensor
2025-01-23T01:21:00,1458.213,70.781,5.565,57.715,2.4997,HTTPS,gateway
2025-01-22T01:13:00,33.219,31.679,3.367,2.14,2.2641,MQTT,env_sensor
2025-01-22T21:53:00,139.899,7.359,3.91,12.128,0.3924,MQTT,actuator
2025-01-22T12:35:00,94.368,8.638,3.846,10.588,2.0185,MQTT,actuator
2025-01-22T09:31:00,32.955,208.249,0.486,0.352,4.3792,LoRaWAN,smart_meter
2025-01-22T03:49:00,50.486,12.16,0.725,2.027,0.3416,MQTT,env_sensor
2025-01-23T06:40:00,52.163,46.912,3.777,0.05,1.4901,MQTT,gateway
2025-01-22T16:33:00,1729.951,127.922,0.1,164.367,0.8218,HTTPS,camera
2025-01-23T07:36:00,60.181,16.84,4.277,4.577,1.0014,MQTT,env_sensor
2025-01-22T07:16:00,15.672,318.801,0.359,0.242,6.6686,LoRaWAN,smart_meter
2025-01-22T09:19:00,462.146,68.413,3.398,140.441,0.0,HTTPS,camera
2025-01-22T22:30:00,646.189,37.209,12.996,107.838,1.5531,CoAP,gateway
2025-01-23T09:20:00,2612.09,40.341,5.417,93.458,0.8403,HTTPS,camera
2025-01-22T19:35:00,32.669,172.581,2.911,0.42,1.8141,LoRaWAN,smart_meter
2025-01-22T04:07:00,41.595,222.419,3.401,0.05,0.1342,LoRaWAN,smart_meter
2025-01-22T22:46:00,90.664,9.599,1.863,10.719,0.4592,MQTT,actuator
2025-01-22T04:01:00,44.298,22.924,4.424,2.47,1.0652,MQTT,env_sensor
2025-01-23T05:58:00,1763.855,69.415,8.56,24.101,1.6008,CoAP,gateway
2025-01-21T22:31:00,1657.469,49.078,0.752,25.884,0.0,HTTPS,camera
2025-01-23T11:53:00,35.37,108.072,3.822,0.824,6.2244,LoRaWAN,smart_meter
2025-01-23T06:32:00,1244.992,69.278,8.605,0.05,0.0,HTTPS,gateway
2025-01-22T14:09:00,20.574,148.173,2.74,0.139,5.0161,LoRaWAN,smart_meter
2025-01-21T20:41:00,744.025,41.991,0.1,32.665,1.1493,CoAP,gateway
2025-01-23T12:43:00,31.251,230.02,2.222,0.232,1.5623,LoRaWAN,smart_meter
2025-01-22T22:01:00,77.07,43.046,1.114,7.739,1.1118,MQTT,env_sensor
2025-01-21T21:34:00,51.061,16.27,3.418,9.679,0.8078,MQTT,actuator
2025-01-23T00:27:00,103.526,14.305,0.1,11.044,0.0,MQTT,actuator
2025-01-22T01:55:00,523.541,46.314,10.284,23.963,0.7222,CoAP,gateway
2025-01-23T05:56:00,692.545,39.647,6.17,73.063,0.9886,HTTPS,gateway
2025-01-23T08:38:00,26.082,156.015,0.223,0.073,2.4678,LoRaWAN,smart_meter
2025-01-23T04:41:00,65.486,19.573,1.248,1.249,1.4279,MQTT,actuator
2025-01-22T20:51:00,2855.195,36.372,6.389,164.341,0.9328,HTTPS,camera
2025-01-22T16:51:00,225.482,33.28,6.88,42.512,0.1215,CoAP,gateway
2025-01-22T22:42:00,28.071,193.797,1.5,0.71,3.849,LoRaWAN,smart_meter
2025-01-22T10:50:00,108.931,16.353,2.905,2.918,1.3695,MQTT,env_sensor
2025-01-22T19:11:00,33.767,13.718,0.1,3.819,2.6942,MQTT,env_sensor
2025-01-22T01:45:00,81.566,38.688,2.163,5.326,0.8414,MQTT,env_sensor
2025-01-22T10:13:00,1995.24,56.151,3.302,29.015,0.6116,HTTPS,camera
2025-01-22T21:59:00,475.152,20.335,3.724,61.53,1.0733,CoAP,camera
2025-01-23T10:34:00,115.632,29.116,5.144,8.316,1.2462,MQTT,actuator
2025-01-23T09:51:00,233.609,1.0,2.823,160.38,0.1081,HTTPS,camera
2025-01-21T20:04:00,58.534,18.186,1.901,7.939,1.2755,MQTT,actuator
2025-01-23T02:16:00,76.654,26.962,3.897,3.868,0.1085,MQTT,actuator
2025-01-22T20:56:00,32.615,177.646,1.126,0.05,0.0843,LoRaWAN,smart_meter
2025-01-23T00:26:00,1598.589,48.664,7.437,80.12,0.5138,HTTPS,camera
2025-01-21T20:43:00,1777.529,61.556,4.528,109.222,2.5414,HTTPS,gateway
2025-01-22T14:32:00,121.415,16.383,2.969,11.359,1.0825,MQTT,actuator
2025-01-22T06:40:00,2102.05,46.856,3.153,207.485,0.4344,HTTPS,camera
2025-01-22T20:11:00,35.198,44.067,4.285,6.799,1.3264,MQTT,env_sensor
2025-01-22T18:57:00,3079.038,53.841,5.797,0.05,0.4132,HTTPS,camera
2025-01-23T00:01:00,24.525,244.063,2.452,0.465,0.0,LoRaWAN,smart_meter
2025-01-22T00:13:00,81.523,29.57,0.1,5.689,1.8512,MQTT,env_sensor
2025-01-22T01:06:00,1197.338,53.552,4.102,216.254,0.0,HTTPS,camera
2025-01-22T03:19:00,27.606,172.422,2.341,0.49,5.5851,LoRaWAN,smart_meter
2025-01-22T21:29:00,26.035,220.912,1.513,0.48,1.3651,LoRaWAN,smart_meter
2025-01-23T10:15:00,80.676,17.2,3.784,8.337,1.829,MQTT,env_sensor
2025-01-23T07:51:00,651.97,61.088,12.587,110.086,1.9358,CoAP,gateway
2025-01-23T09:15:00,21.888,187.951,3.398,0.839,4.564,LoRaWAN,smart_meter
2025-01-22T17:39:00,23.023,57.466,4.444,78.19,1.3489,HTTPS,gateway
2025-01-23T02:09:00,1049.704,66.731,6.439,19.05,1.9106,MQTT,gateway
2025-01-23T01:20:00,32.039,246.39,0.492,0.54,4.0266,LoRaWAN,smart_meter
2025-01-22T10:26:00,85.049,21.927,5.328,4.438,1.9393,MQTT,env_sensor
2025-01-23T10:59:00,8.0,93.75,16.897,54.252,1.9862,MQTT,gateway
2025-01-22T00:35:00,120.561,4.24,5.865,8.306,0.0,MQTT,actuator
2025-01-22T05:55:00,33.237,153.841,3.93,0.05,2.9053,LoRaWAN,smart_meter
2025-01-22T07:31:00,708.477,33.378,20.156,35.198,0.3729,CoAP,gateway
2025-01-23T08:35:00,134.042,3.659,3.816,9.253,0.0323,MQTT,actuator
2025-01-21T21:57:00,1527.467,88.59,2.154,167.485,0.7204,HTTPS,camera
2025-01-22T03:27:00,29.495,198.711,3.539,0.48,6.7039,LoRaWAN,smart_meter
2025-01-22T21:37:00,61.195,13.333,6.406,5.63,0.4394,MQTT,actuator
2025-01-21T22:58:00,2741.947,40.02,5.345,41.724,1.8437,CoAP,camera
2025-01-23T05:21:00,94.682,17.579,10.267,6.633,1.9554,CoAP,actuator
2025-01-22T23:21:00,361.216,17.421,6.539,56.25,0.7708,HTTPS,gateway
2025-01-22T20:37:00,464.656,54.377,10.616,42.464,1.2295,CoAP,gateway
2025-01-22T16:10:00,766.104,33.71,0.908,53.605,1.676,HTTPS,gateway
2025-01-22T10:01:00,56.274,25.582,5.462,8.529,1.2481,MQTT,actuator
2025-01-23T07:56:00,1396.74,47.319,10.937,0.05,1.6728,CoAP,gateway
2025-01-23T02:58:00,109.866,13.51,3.294,3.54,0.5381,MQTT,env_sensor
2025-01-23T05:57:00,18.148,222.661,1.43,0.61,0.0,LoRaWAN,smart_meter
2025-01-23T12:53:00,1297.202,29.927,0.1,164.069,0.7327,HTTPS,camera
2025-01-22T05:33:00,66.324,28.326,3.236,2.929,1.6578,MQTT,env_sensor
2025-01-23T01:26:00,524.06,46.288,8.528,28.765,1.4914,CoAP,gateway
2025-01-22T01:04:00,116.008,18.112,2.62,13.096,0.541,MQTT,actuator
2025-01-22T06:52:00,27.087,271.213,0.1,0.151,3.6054,LoRaWAN,smart_meter
2025-01-22T12:54:00,23.003,181.493,3.717,0.734,5.6755,LoRaWAN,smart_meter
2025-01-23T11:05:00,44.409,40.758,1.855,6.345,1.7432,MQTT,env_sensor
2025-01-22T20:38:00,480.046,21.409,3.702,80.549,0.0,HTTPS,gateway
2025-01-22T04:05:00,30.436,319.414,2.424,0.744,2.0723,LoRaWAN,smart_meter
2025-01-23T11:22:00,427.25,40.119,0.1,94.209,3.9439,HTTPS,gateway
2025-01-22T14:40:00,1664.838,54.109,4.248,46.56,0.9818,HTTPS,camera
2025-01-22T15:01:00,97.726,13.222,8.688,6.224,0.4691,MQTT,actuator
2025-01-22T16:21:00,1049.438,38.185,7.289,90.781,0.5085,HTTPS,camera
2025-01-23T06:02:00,102.907,22.423,2.22,0.05,0.2453,MQTT,actuator
2025-01-23T03:18:00,123.358,26.374,1.951,8.417,1.7873,MQTT,actuator
2025-01-23T04:22:00,12.752,180.944,5.512,0.367,1.1493,LoRaWAN,smart_meter
2025-01-23T09:39:00,23.703,224.498,3.528,0.751,0.0,LoRaWAN,smart_meter
2025-01-22T13:49:00,660.403,60.797,24.431,138.133,1.4388,CoAP,gateway
2025-01-22T22:40:00,44.289,9.643,4.552,8.997,1.0425,MQTT,env_sensor
2025-01-21T21:57:00,143.597,15.709,8.508,13.294,1.4056,MQTT,actuator
2025-01-22T12:53:00,752.616,26.523,0.949,100.478,0.4886,HTTPS,camera
2025-01-23T09:17:00,2063.808,49.744,1.817,206.494,0.228,HTTPS,camera
2025-01-23T08:33:00,44.369,168.632,3.629,0.708,3.1181,LoRaWAN,smart_meter
2025-01-21T21:21:00,111.291,19.954,9.549,5.714,1.1223,MQTT,actuator
2025-01-22T12:02:00,120.262,1.0,12.414,8.523,0.3402,MQTT,actuator
2025-01-22T13:16:00,12.713,162.717,2.919,0.111,4.8284,LoRaWAN,smart_meter
2025-01-22T08:19:00,60.368,21.626,0.1,3.195,0.0,MQTT,env_sensor
2025-01-22T18:39:00,1068.22,60.839,2.855,97.497,0.0,HTTPS,gateway
2025-01-23T10:21:00,2486.972,74.376,9.558,114.865,0.5269,HTTPS,camera
2025-01-23T07:58:00,27.951,274.338,0.485,0.273,4.6764,LoRaWAN,smart_meter
2025-01-23T04:55:00,99.783,11.932,5.787,11.046,0.5435,MQTT,actuator
2025-01-22T15:38:00,2978.407,92.782,0.1,143.17,0.9537,HTTPS,camera
2025-01-23T09:46:00,1504.099,41.426,0.1,0.05,0.7468,HTTPS,gateway
2025-01-23T09:30:00,90.894,46.472,2.172,3.301,0.0,MQTT,env_sensor
2025-01-22T09:45:00,121.119,15.708,4.466,0.05,2.112,MQTT,actuator
2025-01-22T00:34:00,1199.732,39.512,2.68,245.593,0.6183,HTTPS,camera
2025-01-23T09:53:00,95.751,37.831,0.2,4.484,0.7334,MQTT,env_sensor
2025-01-23T02:55:00,828.604,82.231,3.364,95.945,0.0025,HTTPS,gateway
2025-01-22T09:57:00,76.631,23.372,1.707,7.467,2.4159,MQTT,env_sensor
2025-01-23T05:23:00,922.651,36.426,0.685,77.61,0.1408,HTTPS,gateway
2025-01-23T07:40:00,25.659,213.571,1.897,0.345,3.1564,LoRaWAN,smart_meter
2025-01-22T04:22:00,2523.176,57.935,3.94,143.726,0.5561,HTTPS,camera
2025-01-23T11:18:00,1057.325,42.403,6.274,28.614,1.1682,CoAP,gateway
2025-01-22T03:59:00,20.096,19.514,3.493,0.05,1.3543,MQTT,env_sensor
2025-01-23T06:14:00,77.903,31.837,0.513,4.261,0.1957,MQTT,env_sensor
2025-01-22T04:25:00,33.695,67.258,1.986,0.095,4.8046,MQTT,smart_meter
2025-01-22T02:57:00,795.968,68.211,0.378,57.416,0.9841,HTTPS,camera
2025-01-23T10:32:00,300.358,71.601,7.123,64.792,1.6405,CoAP,gateway
2025-01-23T10:59:00,57.419,16.958,2.437,0.05,1.1323,MQTT,env_sensor
2025-01-23T09:50:00,67.943,16.669,3.167,0.05,0.0,MQTT,env_sensor
2025-01-22T22:38:00,29.468,57.582,2.123,0.687,3.7209,MQTT,smart_meter
2025-01-23T13:02:00,36.933,103.122,3.297,0.579,4.1063,LoRaWAN,smart_meter
2025-01-22T10:46:00,261.658,52.228,10.549,45.119,1.1172,CoAP,gateway
2025-01-22T04:47:00,1333.869,69.345,8.409,108.337,1.0117,HTTPS,gateway
2025-01-22T21:05:00,59.731,15.932,3.861,7.181,2.7751,MQTT,env_sensor
2025-01-22T05:24:00,68.146,25.61,4.593,7.236,2.2211,MQTT,env_sensor
2025-01-22T01:41:00,85.737,15.311,4.363,6.756,1.2667,MQTT,actuator
2025-01-22T03:35:00,1673.513,43.77,0.1,93.696,0.0,HTTPS,camera
2025-01-21T22:45:00,19.774,193.683,0.876,0.311,3.53,LoRaWAN,smart_meter
2025-01-23T04:26:00,26.276,266.735,0.554,0.221,5.4808,LoRaWAN,smart_meter
2025-01-22T06:47:00,22.088,184.506,1.744,0.461,3.2168,LoRaWAN,smart_meter
2025-01-22T23:09:00,13.943,144.187,0.812,0.725,7.3263,LoRaWAN,smart_meter
2025-01-22T14:45:00,1461.268,49.338,6.265,126.494,0.0,HTTPS,camera
2025-01-22T09:23:00,28.953,1.0,4.712,1.126,0.7419,MQTT,env_sensor
2025-01-22T02:42:00,1856.046,52.175,8.57,63.139,1.4565,HTTPS,gateway
2025-01-22T10:23:00,2337.646,98.768,0.435,0.05,1.0941,HTTPS,camera
2025-01-22T18:28:00,3437.779,116.678,4.113,107.04,1.6565,HTTPS,camera
2025-01-22T10:44:00,2596.128,80.276,2.012,129.41,0.0122,HTTPS,camera
2025-01-22T13:21:00,51.709,21.985,1.797,1.029,1.5554,MQTT,env_sensor
2025-01-22T19:22:00,286.692,39.893,10.402,69.629,0.7642,HTTPS,gateway
2025-01-21T21:05:00,158.783,36.26,4.691,15.233,0.6503,HTTPS,actuator
2025-01-22T11:22:00,116.4,21.097,10.836,7.963,1.1439,MQTT,actuator
2025-01-23T02:07:00,20.877,57.373,0.895,0.151,2.5174,MQTT,smart_meter
2025-01-22T17:11:00,172.389,26.219,7.586,8.187,1.0725,MQTT,actuator
2025-01-22T07:15:00,81.899,34.555,0.963,2.459,1.6562,MQTT,env_sensor
2025-01-22T22:48:00,66.758,17.316,2.867,2.695,0.0,MQTT,env_sensor
2025-01-22T13:10:00,85.319,35.494,9.3,14.97,1.9536,CoAP,actuator
2025-01-23T01:14:00,530.338,26.012,4.904,2.658,0.3741,MQTT,gateway
2025-01-23T01:27:00,96.41,17.796,3.826,10.355,1.0956,MQTT,actuator
2025-01-22T14:25:00,98.505,34.927,6.338,0.131,1.0632,CoAP,env_sensor
2025-01-22T16:54:00,1612.891,43.977,2.861,19.179,1.4905,HTTPS,gateway
2025-01-23T03:53:00,81.423,40.979,4.019,2.167,1.8919,MQTT,env_sensor
2025-01-23T13:31:00,126.218,10.463,4.257,10.227,0.0,MQTT,actuator
2025-01-22T18:54:00,89.154,3.145,4.861,14.46,0.1698,MQTT,actuator
2025-01-22T19:20:00,30.503,82.633,1.554,0.69,5.5079,LoRaWAN,smart_meter
2025-01-22T07:09:00,868.493,59.194,3.192,78.415,0.0,HTTPS,camera
2025-01-23T11:09:00,2756.863,53.757,6.914,104.995,0.6545,HTTPS,camera
2025-01-22T19:13:00,90.597,20.439,3.798,8.561,1.1153,MQTT,actuator
2025-01-21T23:04:00,14.064,244.031,0.638,0.618,2.0568,LoRaWAN,smart_meter
2025-01-22T10:38:00,17.12,194.25,1.977,0.295,0.0,LoRaWAN,smart_meter
2025-01-22T02:10:00,2102.109,71.208,5.038,81.163,0.5735,HTTPS,camera
2025-01-22T21:48:00,91.557,16.335,3.452,8.684,0.1643,MQTT,actuator
2025-01-23T08:37:00,29.621,17.565,4.677,1.296,0.6914,MQTT,env_sensor
2025-01-22T23:42:00,1892.255,4.754,2.795,48.596,0.0,HTTPS,gateway
2025-01-22T16:57:00,134.944,23.753,6.221,7.024,0.8176,MQTT,actuator
2025-01-22T00:39:00,25.705,186.123,0.1,0.05,2.0569,MQTT,smart_meter
2025-01-22T15:31:00,30.29,203.663,1.477,0.533,0.0,LoRaWAN,smart_meter
2025-01-22T01:09:00,84.548,40.391,0.1,6.514,0.6432,MQTT,env_sensor
2025-01-23T02:23:00,649.308,63.066,0.221,240.063,0.1181,HTTPS,camera
2025-01-22T01:07:00,76.426,19.894,10.697,7.142,0.4686,CoAP,actuator
2025-01-22T21:51:00,715.383,63.609,4.046,18.641,2.1869,CoAP,gateway
2025-01-22T23:06:00,44.733,31.63,3.479,3.111,1.4639,MQTT,env_sensor
2025-01-23T06:14:00,33.104,90.784,4.007,0.821,3.8439,LoRaWAN,smart_meter
2025-01-22T10:32:00,129.93,17.785,4.952,2.821,0.5146,MQTT,actuator
2025-01-22T16:16:00,67.955,27.882,2.72,6.55,0.0,MQTT,env_sensor
2025-01-22T21:55:00,1212.285,43.773,4.214,184.517,0.7889,HTTPS,camera
2025-01-22T12:16:00,24.586,199.014,0.1,0.05,2.0963,LoRaWAN,smart_meter
2025-01-23T10:11:00,43.444,37.386,0.69,3.13,0.6513,MQTT,env_sensor
2025-01-22T02:02:00,2673.162,62.163,8.039,123.09,0.4376,HTTPS,camera
2025-01-22T17:51:00,132.596,24.448,1.419,5.475,1.4675,MQTT,actuator
2025-01-22T14:37:00,1217.025,45.536,9.41,54.991,0.4643,HTTPS,gateway
2025-01-23T07:17:00,115.349,57.544,7.672,85.269,1.1138,MQTT,gateway
2025-01-22T09:44:00,161.019,75.789,17.572,16.221,0.2877,MQTT,gateway
2025-01-23T00:28:00,37.244,172.904,4.858,0.481,3.2242,LoRaWAN,smart_meter
2025-01-22T00:32:00,87.384,33.183,6.494,1.952,1.1585,MQTT,env_sensor
2025-01-23T03:41:00,68.058,20.597,6.691,5.374,0.4912,MQTT,actuator
2025-01-23T08:18:00,84.565,9.58,2.569,7.587,1.4649,MQTT,env_sensor
2025-01-23T03:43:00,8.0,13.485,0.1,76.91,0.0,HTTPS,gateway
2025-01-23T03:41:00,73.247,1.0,5.801,6.29,2.423,MQTT,env_sensor
2025-01-23T06:47:00,52.4,22.727,3.147,8.394,1.1142,MQTT,env_sensor
2025-01-22T12:59:00,79.797,6.132,7.708,6.806,1.6297,MQTT,actuator
2025-01-22T19:18:00,813.613,25.011,0.447,75.872,1.385,CoAP,camera
2025-01-23T01:23:00,1493.281,78.924,6.211,150.056,0.2494,HTTPS,camera
2025-01-22T02:02:00,36.606,113.944,3.074,0.232,2.1374,LoRaWAN,smart_meter
2025-01-23T08:46:00,136.059,32.497,2.497,40.162,0.0,MQTT,gateway
2025-01-22T12:48:00,386.722,62.416,16.741,63.74,0.0,HTTPS,gateway
2025-01-23T11:33:00,18.334,221.799,4.211,0.654,3.6457,LoRaWAN,smart_meter
2025-01-23T11:43:00,63.914,23.957,2.662,4.61,1.6986,MQTT,env_sensor
2025-01-21T22:32:00,34.095,20.946,6.575,2.007,2.5646,MQTT,env_sensor
2025-01-22T15:40:00,231.581,19.259,10.466,36.726,0.5328,MQTT,gateway
2025-01-22T12:15:00,103.689,42.112,6.199,4.731,0.5711,CoAP,actuator
2025-01-22T11:02:00,1302.293,74.231,9.57,138.221,0.5106,HTTPS,camera
2025-01-23T09:31:00,71.466,34.442,1.773,0.05,3.3518,MQTT,env_sensor
2025-01-23T06:01:00,71.542,33.194,2.384,1.224,1.1324,MQTT,env_sensor
2025-01-22T01:02:00,108.441,13.485,5.329,4.32,0.6935,MQTT,actuator
2025-01-22T22:58:00,72.057,38.177,4.654,2.934,1.6063,MQTT,env_sensor
2025-01-22T07:43:00,808.599,92.174,7.794,50.782,0.0,HTTPS,camera
2025-01-22T20:46:00,1674.174,28.206,0.172,179.297,1.3715,HTTPS,camera
2025-01-23T13:24:00,32.647,145.469,0.1,0.31,2.3517,LoRaWAN,smart_meter
2025-01-22T05:43:00,22.985,265.839,3.825,0.901,0.0,LoRaWAN,smart_meter
2025-01-22T13:30:00,132.753,20.815,7.778,5.869,1.3706,MQTT,actuator
2025-01-21T22:32:00,175.525,25.674,4.596,8.221,0.0,MQTT,actuator
2025-01-22T23:38:00,156.263,40.806,10.911,75.098,0.9086,MQTT,gateway
2025-01-22T12:49:00,1694.366,25.178,9.721,32.763,2.489,MQTT,gateway
2025-01-22T17:01:00,88.246,22.187,3.054,2.695,2.8711,MQTT,env_sensor
2025-01-21T21:52:00,17.94,170.497,0.134,0.732,3.7813,LoRaWAN,smart_meter
2025-01-23T10:25:00,24.031,210.565,1.51,0.804,5.3882,LoRaWAN,smart_meter
2025-01-22T06:43:00,2704.566,79.815,4.978,93.837,0.4709,HTTPS,camera
2025-01-22T01:17:00,48.704,21.41,11.242,1.012,0.9931,CoAP,actuator
2025-01-21T21:28:00,49.241,15.806,2.44,2.977,0.6705,MQTT,env_sensor
2025-01-22T20:02:00,99.335,27.649,3.104,1.008,1.2419,MQTT,env_sensor
2025-01-22T01:15:00,1857.585,52.899,4.589,140.998,0.7255,HTTPS,camera
2025-01-22T10:39:00,80.251,32.316,5.358,0.05,2.2431,CoAP,env_sensor
2025-01-22T11:42:00,442.772,75.601,4.703,156.384,0.1432,HTTPS,camera
2025-01-22T21:27:00,440.22,64.243,4.31,37.68,1.4739,CoAP,gateway
2025-01-23T04:06:00,865.564,56.869,4.121,0.05,0.6959,HTTPS,camera
2025-01-23T04:25:00,132.83,17.22,5.729,6.194,0.9483,MQTT,actuator
2025-01-22T21:46:00,965.373,13.117,3.75,75.223,0.3797,HTTPS,camera
2025-01-23T03:34:00,1282.218,63.486,18.208,83.89,2.0055,HTTPS,gateway
2025-01-22T00:28:00,16.681,187.717,3.157,0.209,6.3635,LoRaWAN,smart_meter
2025-01-23T05:56:00,1327.958,59.808,4.955,149.356,1.0339,HTTPS,camera
2025-01-23T00:33:00,27.327,30.516,1.184,8.065,0.3138,MQTT,env_sensor
2025-01-22T07:06:00,39.288,160.766,2.658,0.296,5.0491,LoRaWAN,smart_meter
2025-01-22T04:13:00,159.231,17.934,10.318,9.485,0.3558,CoAP,actuator
2025-01-22T23:10:00,716.336,46.811,2.719,90.249,0.7993,HTTPS,camera
2025-01-21T21:28:00,31.683,179.405,2.132,0.747,2.0506,LoRaWAN,smart_meter
2025-01-21T21:53:00,1279.039,32.934,15.217,51.83,0.4572,HTTPS,gateway
2025-01-23T02:32:00,150.957,22.375,12.67,10.207,1.0967,CoAP,actuator
2025-01-22T12:05:00,1372.742,74.579,1.347,144.074,0.6279,HTTPS,camera
2025-01-22T08:32:00,85.711,35.971,2.23,7.126,0.0,MQTT,env_sensor
2025-01-22T23:44:00,30.229,17.364,0.1,5.474,1.2766,MQTT,env_sensor
2025-01-23T05:51:00,94.776,20.484,1.264,8.358,0.0,MQTT,actuator
2025-01-22T07:17:00,32.032,224.064,3.775,0.71,0.0,LoRaWAN,smart_meter
2025-01-23T09:06:00,95.575,16.521,11.742,14.832,0.6429,MQTT,actuator
2025-01-23T01:05:00,1927.051,55.636,12.807,80.915,3.0472,HTTPS,gateway
2025-01-22T08:51:00,497.08,51.013,0.712,88.967,1.0373,HTTPS,gateway
2025-01-22T12:57:00,89.307,29.125,1.037,1.048,1.4626,MQTT,actuator
2025-01-23T07:48:00,868.111,41.479,7.928,64.802,0.2068,HTTPS,gateway
2025-01-23T09:26:00,1956.814,37.151,0.1,120.95,0.561,HTTPS,camera
2025-01-22T09:24:00,1321.975,37.522,8.286,14.041,1.6289,CoAP,gateway
2025-01-21T21:02:00,158.518,18.022,5.892,6.248,1.6381,MQTT,actuator
2025-01-22T07:40:00,579.439,47.948,0.892,0.05,1.9064,CoAP,gateway
2025-01-22T00:47:00,1284.942,64.82,4.304,84.167,1.0848,HTTPS,gateway
2025-01-22T07:10:00,26.016,148.879,3.801,0.325,1.4287,LoRaWAN,smart_meter
2025-01-22T23:06:00,8.0,70.144,4.43,101.848,0.0,HTTPS,camera
2025-01-23T08:13:00,1003.302,24.787,2.731,86.222,1.5208,MQTT,gateway
2025-01-21T21:38:00,1748.562,44.275,1.666,171.016,1.5557,HTTPS,camera
2025-01-21T22:23:00,724.78,20.978,7.264,37.833,0.0,CoAP,gateway
2025-01-23T04:05:00,10.989,22.408,1.611,0.052,5.3122,MQTT,smart_meter
2025-01-21T22:02:00,1013.272,53.877,5.773,109.521,0.8409,HTTPS,camera
2025-01-23T13:23:00,37.767,174.524,0.803,0.123,2.9363,LoRaWAN,smart_meter
2025-01-22T14:33:00,41.711,248.981,0.934,0.561,2.6857,LoRaWAN,smart_meter
2025-01-21T22:22:00,372.969,39.73,2.906,116.868,1.4842,HTTPS,gateway
2025-01-22T08:41:00,40.726,93.712,0.1,0.304,4.8429,LoRaWAN,smart_meter
2025-01-22T05:48:00,133.268,29.009,11.151,15.422,0.2085,MQTT,actuator
2025-01-23T04:40:00,161.619,20.498,6.415,7.097,1.2693,MQTT,actuator
2025-01-22T18:39:00,120.385,28.15,2.583,8.877,1.738,MQTT,actuator
2025-01-22T18:08:00,2102.321,68.151,1.348,61.648,0.0,HTTPS,camera
2025-01-21T20:23:00,30.85,184.112,0.1,0.611,3.8893,LoRaWAN,smart_meter
2025-01-23T01:33:00,90.491,5.478,4.493,0.232,0.0,MQTT,actuator
2025-01-23T04:39:00,1191.818,38.388,5.603,77.466,0.362,HTTPS,camera
2025-01-23T05:22:00,1352.341,36.551,12.553,32.496,0.0,HTTPS,gateway
2025-01-22T00:04:00,11.167,224.844,3.041,0.066,5.164,LoRaWAN,smart_meter
2025-01-22T11:04:00,87.211,27.018,10.477,0.389,0.0,MQTT,actuator
2025-01-23T03:05:00,88.231,24.597,0.163,6.605,0.5546,MQTT,env_sensor
2025-01-21T22:43:00,391.518,41.795,4.799,59.361,2.6677,HTTPS,gateway
2025-01-22T20:56:00,69.419,38.31,6.077,10.77,0.8002,MQTT,env_sensor
2025-01-22T11:08:00,618.335,33.64,0.1,26.744,2.1006,CoAP,gateway
2025-01-23T05:18:00,118.357,6.771,0.1,3.401,1.7045,MQTT,actuator
2025-01-22T17:37:00,1754.907,27.738,3.847,174.425,1.25,HTTPS,camera
2025-01-22T23:33:00,731.755,34.832,12.001,89.006,1.8469,CoAP,gateway
2025-01-22T18:46:00,905.773,57.307,7.244,102.931,0.0842,HTTPS,gateway
2025-01-22T01:19:00,99.147,32.791,0.535,2.776,0.7246,MQTT,env_sensor
2025-01-22T19:16:00,272.971,36.973,0.1,66.188,1.0575,MQTT,gateway
2025-01-23T10:30:00,84.587,15.731,0.78,4.136,0.8026,MQTT,actuator
2025-01-23T03:45:00,766.344,42.172,11.19,0.05,2.1279,CoAP,gateway
2025-01-22T03:57:00,140.548,18.177,5.316,2.834,0.8055,CoAP,actuator
2025-01-23T06:18:00,498.88,88.041,4.964,55.544,0.3302,HTTPS,gateway
2025-01-22T08:01:00,46.751,37.573,5.309,4.461,0.9938,CoAP,env_sensor
2025-01-23T05:28:00,8.0,14.233,6.196,89.485,2.2131,MQTT,gateway
2025-01-21T23:59:00,1409.599,44.317,7.445,94.278,0.0,HTTPS,gateway
2025-01-23T07:24:00,1756.197,33.647,6.686,147.502,0.9717,HTTPS,camera
2025-01-22T07:58:00,17.767,130.895,1.703,0.368,5.1272,LoRaWAN,smart_meter
2025-01-23T11:14:00,100.543,10.029,0.1,1.528,1.3157,MQTT,env_sensor
2025-01-23T13:18:00,165.476,2.597,0.145,6.268,1.0926,MQTT,actuator
2025-01-21T22:20:00,31.668,162.589,2.483,0.503,1.4661,LoRaWAN,smart_meter
2025-01-22T08:10:00,913.948,57.997,0.1,20.702,1.2071,MQTT,gateway
2025-01-22T14:24:00,76.42,13.199,3.942,2.886,3.0365,MQTT,env_sensor
2025-01-23T02:43:00,87.228,26.101,9.045,1.153,1.7935,MQTT,actuator
2025-01-22T00:11:00,171.535,22.254,11.723,0.223,1.1548,MQTT,actuator
2025-01-22T21:43:00,55.863,6.484,2.599,0.772,2.2151,MQTT,env_sensor
2025-01-23T01:45:00,604.026,60.004,10.566,86.971,1.1159,CoAP,gateway
2025-01-23T13:16:00,101.779,17.261,11.727,6.111,1.1302,MQTT,actuator
2025-01-23T01:58:00,1736.214,31.609,4.128,39.162,1.7252,MQTT,gateway
2025-01-22T12:19:00,912.022,81.3,6.21,53.338,0.3424,HTTPS,camera
2025-01-23T06:43:00,60.492,20.054,2.352,1.989,0.0,MQTT,env_sensor
2025-01-23T05:05:00,26.36,38.204,1.835,0.05,1.5029,LoRaWAN,env_sensor
2025-01-23T01:56:00,1591.115,51.247,8.753,76.826,0.9828,HTTPS,gateway
2025-01-23T00:11:00,25.678,150.206,2.814,0.538,1.9433,LoRaWAN,smart_meter
2025-01-22T22:13:00,1810.03,52.844,0.1,198.928,0.3114,HTTPS,camera
2025-01-23T02:11:00,2201.953,59.711,5.111,175.732,0.7236,HTTPS,camera
2025-01-22T11:44:00,37.645,17.186,2.754,3.549,0.3983,MQTT,actuator
2025-01-23T05:45:00,1150.369,52.947,10.152,35.107,1.1242,CoAP,camera
2025-01-22T11:18:00,1746.417,40.18,9.461,59.024,1.8063,HTTPS,gateway
2025-01-23T00:18:00,708.636,48.225,16.152,84.999,0.235,HTTPS,gateway
2025-01-21T20:07:00,817.682,66.742,3.161,108.502,1.5201,HTTPS,camera
2025-01-23T03:33:00,38.561,26.03,7.527,13.897,0.5111,MQTT,actuator
2025-01-21T22:37:00,861.902,47.401,5.655,35.31,1.6062,CoAP,gateway
2025-01-23T08:35:00,513.551,23.938,11.673,103.617,0.0,CoAP,camera
2025-01-23T04:18:00,66.508,35.647,0.39,6.531,0.636,MQTT,env_sensor
2025-01-23T08:02:00,1388.013,48.304,5.3,77.015,1.0031,HTTPS,gateway
2025-01-23T02:08:00,69.706,8.868,9.517,14.381,0.0,MQTT,actuator
2025-01-23T09:12:00,109.327,34.439,6.942,4.638,0.9134,MQTT,env_sensor
2025-01-23T09:54:00,55.671,1.0,0.822,9.208,0.0,MQTT,env_sensor
2025-01-22T18:29:00,78.546,10.569,4.002,8.222,0.6881,MQTT,actuator
2025-01-22T19:45:00,1537.551,77.056,5.743,41.132,1.1555,MQTT,gateway
2025-01-22T02:48:00,564.555,65.838,5.686,61.065,1.0727,CoAP,gateway
2025-01-22T09:01:00,28.679,118.479,0.1,0.628,7.3118,LoRaWAN,smart_meter
2025-01-22T21:42:00,1412.33,76.577,0.477,87.017,1.4313,HTTPS,gateway
2025-01-22T02:27:00,934.233,13.747,8.4,146.358,1.9847,CoAP,gateway
2025-01-23T08:52:00,1316.943,82.082,2.794,162.367,1.0629,HTTPS,camera
2025-01-22T09:40:00,36.885,221.942,1.661,0.442,3.3832,LoRaWAN,smart_meter
2025-01-22T04:12:00,56.189,19.478,6.346,1.497,0.3168,MQTT,actuator
2025-01-21T22:10:00,40.741,169.585,2.237,0.229,3.3707,LoRaWAN,smart_meter
2025-01-23T05:57:00,134.605,19.69,9.613,6.34,0.0,MQTT,actuator
2025-01-23T08:19:00,816.379,30.534,5.344,68.879,1.0187,CoAP,gateway
2025-01-23T04:02:00,912.219,47.221,10.071,55.138,1.6,CoAP,gateway
2025-01-22T20:47:00,112.196,46.286,7.996,4.735,0.097,MQTT,env_sensor
2025-01-21T22:00:00,35.352,229.038,1.772,0.47,5.4998,LoRaWAN,smart_meter
2025-01-22T18:47:00,2266.929,59.615,6.904,200.856,1.0811,HTTPS,camera
2025-01-23T01:51:00,1243.883,46.784,9.419,43.592,0.0181,HTTPS,gateway
2025-01-22T01:03:00,2366.042,91.538,4.903,67.165,0.8652,HTTPS,camera
2025-01-22T07:32:00,2137.135,92.793,4.44,198.07,0.0892,HTTPS,camera
2025-01-22T04:30:00,32.838,205.484,0.888,0.41,2.3629,LoRaWAN,smart_meter
2025-01-22T04:39:00,22.83,206.043,1.043,0.105,2.3647,LoRaWAN,smart_meter
2025-01-22T19:36:00,940.703,49.004,12.605,109.601,0.3234,HTTPS,gateway
2025-01-23T04:32:00,579.493,45.643,10.799,99.494,1.9603,CoAP,gateway
2025-01-22T02:05:00,89.433,24.424,6.196,3.624,2.4072,MQTT,env_sensor
2025-01-22T23:57:00,148.851,22.602,3.589,9.202,0.1146,MQTT,actuator
2025-01-21T23:44:00,814.841,56.835,3.984,187.235,1.5462,HTTPS,camera
2025-01-22T01:54:00,27.582,203.198,3.711,0.328,2.0446,LoRaWAN,smart_meter
2025-01-22T03:36:00,1492.57,68.804,4.061,151.214,1.6543,HTTPS,camera
2025-01-22T11:47:00,149.976,10.107,9.973,71.888,0.2284,MQTT,gateway
2025-01-22T21:08:00,55.13,28.075,4.278,5.694,2.2317,MQTT,env_sensor
2025-01-22T09:18:00,2664.675,67.44,2.262,137.347,0.6867,HTTPS,camera
2025-01-23T10:10:00,1861.415,33.038,7.95,87.958,1.4905,HTTPS,gateway
2025-01-21T20:23:00,1751.649,68.225,5.247,78.873,1.5449,HTTPS,camera
2025-01-21T23:44:00,32.437,226.938,2.577,0.05,0.7889,LoRaWAN,smart_meter
2025-01-22T17:35:00,42.622,15.669,3.299,0.05,2.1651,MQTT,env_sensor
2025-01-22T09:09:00,44.185,6.91,4.192,0.999,0.2157,MQTT,env_sensor
2025-01-22T13:01:00,25.778,222.018,2.864,0.695,3.0899,LoRaWAN,smart_meter
2025-01-22T01:50:00,13.392,153.555,1.713,0.292,3.4537,LoRaWAN,smart_meter
2025-01-22T18:01:00,690.876,23.176,13.054,90.494,1.6058,CoAP,gateway
2025-01-22T05:35:00,18.044,238.523,0.86,0.282,1.9309,LoRaWAN,smart_meter
2025-01-22T09:42:00,850.577,61.317,12.035,45.965,2.332,CoAP,gateway
2025-01-23T01:35:00,8.0,39.834,6.914,57.403,1.0193,MQTT,gateway
2025-01-23T11:20:00,25.88,153.323,1.984,0.454,3.6767,LoRaWAN,smart_meter
2025-01-23T07:06:00,82.018,52.216,2.105,4.124,0.3565,MQTT,env_sensor
2025-01-22T07:36:00,1168.056,15.82,7.111,144.03,0.2728,HTTPS,camera
2025-01-22T16:04:00,8.0,39.58,4.099,9.433,1.0735,MQTT,gateway
2025-01-22T15:47:00,1734.535,58.656,9.256,2.272,0.0,HTTPS,gateway
2025-01-23T13:10:00,72.823,8.113,15.829,1.587,0.6873,MQTT,actuator
2025-01-22T19:15:00,55.117,33.915,2.971,1.033,1.7261,MQTT,env_sensor
2025-01-23T10:16:00,1381.401,57.671,1.998,80.403,0.5758,HTTPS,camera
2025-01-23T05:48:00,1074.945,1.0,6.069,48.404,2.6227,MQTT,gateway
2025-01-22T12:03:00,29.308,235.23,2.774,0.309,2.2026,LoRaWAN,smart_meter
2025-01-22T06:22:00,100.037,32.622,3.044,7.185,1.7272,MQTT,env_sensor
2025-01-22T01:24:00,101.132,17.599,8.348,10.561,0.0,MQTT,actuator
2025-01-23T10:04:00,2260.432,53.782,8.204,182.194,0.5384,HTTPS,camera
2025-01-22T22:25:00,1873.581,46.85,1.7,150.642,0.5319,HTTPS,camera
2025-01-23T13:06:00,1618.914,87.61,7.129,65.064,0.5265,HTTPS,camera
2025-01-22T11:39:00,23.508,142.188,1.43,0.756,1.6777,LoRaWAN,smart_meter
2025-01-22T08:56:00,102.459,26.075,0.202,4.776,1.3276,MQTT,actuator
2025-01-21T22:54:00,1256.194,74.288,7.384,344.106,0.6595,HTTPS,camera
2025-01-22T00:38:00,9.264,168.899,0.339,0.085,3.0307,LoRaWAN,smart_meter
2025-01-22T13:35:00,853.098,70.834,11.947,146.191,1.0774,CoAP,gateway
2025-01-23T08:37:00,1201.674,43.652,6.311,28.945,1.3074,CoAP,camera
2025-01-23T09:47:00,101.964,21.888,8.655,11.842,1.8916,MQTT,actuator
2025-01-23T12:25:00,2507.303,115.364,8.062,134.928,0.0,HTTPS,camera
2025-01-22T08:29:00,1443.906,11.696,0.1,64.195,1.9639,HTTPS,camera
2025-01-22T03:07:00,2203.965,53.313,5.265,135.328,0.3465,HTTPS,camera
2025-01-23T12:41:00,75.63,11.293,11.567,8.263,1.6152,MQTT,actuator
2025-01-22T14:04:00,8.0,95.027,2.15,34.189,0.9658,HTTPS,camera
2025-01-22T00:33:00,395.084,27.274,7.602,26.054,1.3074,CoAP,gateway
2025-01-23T11:49:00,2304.688,98.544,2.923,168.171,0.5709,HTTPS,camera
2025-01-21T23:15:00,88.222,22.336,6.494,3.099,2.2604,MQTT,actuator
2025-01-22T16:11:00,86.099,7.822,5.444,5.682,2.3065,MQTT,actuator
2025-01-22T10:10:00,105.057,24.826,7.06,6.408,2.4842,MQTT,env_sensor
2025-01-22T01:13:00,119.856,6.416,0.1,4.708,0.0771,MQTT,actuator
2025-01-22T12:28:00,1401.92,55.262,8.282,85.699,1.9166,HTTPS,gateway
2025-01-22T03:39:00,78.019,21.425,2.082,2.9,1.3772,MQTT,env_sensor
2025-01-22T13:33:00,897.701,9.574,5.207,38.092,1.832,CoAP,gateway
2025-01-22T00:02:00,124.218,16.654,9.604,4.326,1.39,CoAP,actuator
2025-01-21T23:10:00,31.031,4.269,4.838,4.886,0.0,MQTT,env_sensor
2025-01-23T05:53:00,1287.811,76.525,11.714,44.152,1.9307,HTTPS,gateway
2025-01-22T03:07:00,1416.686,32.125,3.8,29.569,0.2819,HTTPS,gateway
2025-01-23T13:32:00,69.211,23.501,1.781,5.343,0.6876,MQTT,env_sensor
2025-01-22T03:02:00,119.36,32.548,5.493,7.013,1.969,MQTT,actuator
2025-01-23T05:24:00,154.831,20.765,3.6,6.897,0.3037,MQTT,actuator
2025-01-22T04:54:00,27.276,272.661,3.537,0.05,1.8362,LoRaWAN,smart_meter
2025-01-22T03:04:00,90.085,40.818,3.695,2.694,0.9827,MQTT,env_sensor
2025-01-22T20:40:00,1830.46,64.179,2.336,90.424,0.0,HTTPS,camera
2025-01-23T13:10:00,2616.001,69.47,13.372,142.989,0.804,HTTPS,camera
2025-01-22T08:08:00,94.87,24.15,4.711,9.047,2.1906,MQTT,actuator
2025-01-21T23:41:00,1516.276,93.798,5.99,189.07,0.606,HTTPS,camera
2025-01-23T04:21:00,128.106,24.544,8.987,13.925,0.1753,CoAP,actuator
2025-01-22T13:18:00,27.642,90.026,0.266,0.264,1.9296,MQTT,smart_meter
2025-01-23T02:07:00,2075.385,60.125,4.237,144.699,0.4289,HTTPS,camera
2025-01-22T18:32:00,31.69,149.763,1.041,0.414,4.6028,LoRaWAN,smart_meter
2025-01-21T22:28:00,22.761,272.918,2.089,0.266,1.441,LoRaWAN,smart_meter
2025-01-22T19:59:00,113.992,13.595,4.661,8.608,0.0,MQTT,actuator
2025-01-21T22:33:00,107.823,29.617,2.294,3.578,2.0019,MQTT,actuator
2025-01-21T22:18:00,92.868,18.984,5.496,3.88,1.4991,CoAP,actuator
2025-01-22T05:23:00,1527.64,108.071,4.48,141.957,0.0069,HTTPS,camera
2025-01-22T17:54:00,48.865,35.302,3.255,5.479,0.8052,HTTPS,env_sensor
2025-01-22T21:33:00,32.602,183.689,0.773,0.389,5.6796,LoRaWAN,smart_meter
2025-01-22T08:35:00,1308.551,38.663,5.437,2.108,2.4941,CoAP,gateway
2025-01-22T05:52:00,44.847,187.407,3.52,0.509,7.0613,LoRaWAN,smart_meter
2025-01-23T01:23:00,545.594,35.636,15.961,108.627,0.0442,HTTPS,gateway
2025-01-22T22:23:00,93.225,35.983,0.443,4.276,1.9076,MQTT,env_sensor
2025-01-23T08:15:00,111.237,22.888,7.253,14.923,1.2584,MQTT,actuator
2025-01-22T03:11:00,898.656,29.463,4.885,121.64,0.3491,HTTPS,camera
2025-01-22T03:56:00,158.339,16.118,3.648,3.935,1.3235,MQTT,actuator
2025-01-22T06:34:00,27.823,172.454,3.053,1.095,1.4787,MQTT,smart_meter
2025-01-23T11:57:00,998.563,43.437,3.794,54.936,0.6784,HTTPS,gateway
2025-01-22T09:08:00,138.651,19.187,8.004,10.89,1.0538,MQTT,actuator
2025-01-22T12:20:00,108.699,29.676,2.441,0.05,0.7248,HTTPS,env_sensor
2025-01-22T15:47:00,44.501,96.481,0.1,0.667,2.2904,MQTT,smart_meter
2025-01-22T06:58:00,16.154,197.8,3.487,0.948,4.8599,LoRaWAN,smart_meter
2025-01-22T16:46:00,908.564,36.2,0.1,112.608,1.2968,HTTPS,gateway
2025-01-22T04:11:00,14.424,187.71,0.1,0.05,4.2791,LoRaWAN,smart_meter
2025-01-22T04:10:00,8.0,113.297,5.537,193.078,0.3304,HTTPS,camera
2025-01-22T10:38:00,1945.513,35.517,6.816,163.563,0.0,HTTPS,camera
2025-01-23T05:58:00,26.982,226.657,3.799,0.893,2.629,LoRaWAN,smart_meter
2025-01-23T01:46:00,65.363,9.377,4.501,10.282,0.7563,MQTT,actuator
2025-01-23T13:09:00,2857.719,32.194,3.812,109.728,0.4143,HTTPS,camera
2025-01-23T09:48:00,900.19,57.918,10.581,106.898,2.8534,CoAP,gateway
2025-01-21T20:56:00,64.239,32.165,2.098,0.05,2.2404,MQTT,env_sensor
2025-01-22T21:19:00,1904.604,67.964,2.208,170.447,0.494,HTTPS,camera
2025-01-23T13:12:00,15.6,162.849,1.554,0.598,1.8256,LoRaWAN,smart_meter
2025-01-21T20:26:00,37.044,205.295,4.678,0.831,1.6069,LoRaWAN,smart_meter
2025-01-23T05:36:00,28.95,90.306,3.62,0.381,1.249,LoRaWAN,smart_meter
2025-01-22T02:12:00,92.715,15.725,5.121,2.906,2.0908,MQTT,env_sensor
2025-01-21T20:57:00,32.503,173.297,0.1,0.531,9.3013,LoRaWAN,smart_meter
2025-01-23T09:56:00,396.806,90.317,7.478,26.65,0.0,CoAP,gateway
2025-01-22T16:43:00,85.819,24.274,11.387,15.249,1.7059,MQTT,actuator
2025-01-22T21:19:00,356.439,38.928,13.643,92.138,0.4917,HTTPS,gateway
2025-01-22T01:32:00,48.56,39.898,1.124,0.05,0.4905,HTTPS,env_sensor
2025-01-22T03:49:00,23.174,253.485,2.299,0.177,3.9119,LoRaWAN,smart_meter
2025-01-23T00:21:00,172.805,113.919,2.126,74.762,0.7823,HTTPS,camera
2025-01-23T09:47:00,99.331,46.073,3.256,1.727,0.9376,MQTT,env_sensor
2025-01-23T04:15:00,726.534,20.418,1.723,50.78,1.0,MQTT,gateway
2025-01-22T03:39:00,93.966,24.65,9.066,7.828,0.581,MQTT,actuator
2025-01-22T18:13:00,25.945,133.859,0.1,0.05,4.6585,LoRaWAN,smart_meter
2025-01-22T21:37:00,853.8,65.027,1.461,38.165,1.576,CoAP,camera
2025-01-22T09:24:00,31.685,44.476,1.685,8.561,2.3172,MQTT,env_sensor
2025-01-21T21:09:00,2407.762,78.627,4.968,184.383,0.5173,HTTPS,camera
2025-01-22T02:33:00,106.382,14.768,7.222,15.626,0.3974,MQTT,actuator
2025-01-22T01:32:00,1406.431,17.218,5.39,66.182,0.0614,HTTPS,camera
2025-01-23T04:31:00,96.34,6.867,3.498,10.998,0.8638,MQTT,actuator
2025-01-21T22:48:00,66.933,7.669,3.712,4.33,1.197,MQTT,env_sensor
2025-01-22T12:08:00,140.598,19.437,11.41,9.035,0.0,MQTT,actuator
2025-01-23T12:41:00,84.426,20.594,1.689,4.667,2.7921,MQTT,env_sensor
2025-01-23T01:18:00,49.051,16.271,5.25,0.05,2.7516,MQTT,env_sensor
2025-01-23T11:55:00,40.569,141.398,1.89,0.411,0.4346,LoRaWAN,smart_meter
2025-01-22T12:17:00,2660.741,44.581,1.643,115.765,0.0,HTTPS,camera
2025-01-23T02:06:00,31.079,101.408,0.46,0.106,1.1035,LoRaWAN,smart_meter
2025-01-23T04:30:00,102.568,17.37,0.1,3.346,0.2337,MQTT,actuator
2025-01-23T01:57:00,1378.841,95.891,3.518,100.613,0.0409,HTTPS,camera
2025-01-23T06:56:00,463.447,61.177,1.397,119.195,0.985,HTTPS,camera
2025-01-23T07:58:00,2086.542,90.0,5.931,199.341,1.3282,HTTPS,camera
2025-01-22T01:23:00,1375.035,12.754,0.1,78.88,0.4944,HTTPS,camera
2025-01-23T11:24:00,48.833,29.598,0.1,4.217,1.351,MQTT,env_sensor
2025-01-22T00:37:00,83.505,28.861,3.431,6.115,1.72,MQTT,env_sensor
2025-01-22T15:46:00,86.011,1.0,0.271,4.607,0.2623,MQTT,env_sensor
2025-01-21T20:26:00,554.875,51.331,17.527,99.959,0.8326,HTTPS,gateway
2025-01-22T13:07:00,613.571,1.553,19.163,92.397,0.1762,HTTPS,gateway
2025-01-22T15:42:00,484.785,24.402,13.021,148.366,0.8123,HTTPS,gateway
2025-01-22T10:24:00,1031.764,54.574,13.847,92.337,0.7151,HTTPS,gateway
2025-01-22T20:24:00,458.875,12.128,8.759,69.862,0.5891,CoAP,gateway
2025-01-23T13:01:00,75.802,30.681,3.133,6.208,2.3193,MQTT,env_sensor
2025-01-23T00:17:00,65.644,71.813,19.626,21.454,0.7347,MQTT,gateway
2025-01-22T20:31:00,704.972,47.679,4.211,104.44,0.8426,HTTPS,camera
2025-01-22T15:13:00,12.8,158.994,2.041,0.563,3.6062,LoRaWAN,smart_meter
2025-01-22T07:32:00,40.166,26.807,0.1,2.565,0.9068,MQTT,env_sensor
2025-01-23T10:51:00,39.509,200.453,2.105,0.266,3.657,LoRaWAN,smart_meter
2025-01-23T02:41:00,876.115,116.466,7.408,24.574,0.3495,CoAP,gateway
2025-01-22T13:37:00,18.42,188.164,2.657,0.587,4.9838,LoRaWAN,smart_meter
2025-01-22T19:04:00,40.838,2.698,4.14,7.401,1.469,MQTT,env_sensor
2025-01-22T01:38:00,2517.979,71.113,4.008,48.051,0.7775,HTTPS,camera
2025-01-22T17:27:00,129.658,15.515,5.643,2.232,0.3895,MQTT,actuator
2025-01-22T02:46:00,34.308,14.087,5.518,8.852,2.79,CoAP,env_sensor
2025-01-23T01:06:00,1121.299,49.895,1.528,58.605,0.4819,HTTPS,camera
2025-01-21T21:14:00,98.634,20.244,5.201,0.05,1.4123,CoAP,actuator
2025-01-22T07:43:00,1511.611,48.851,3.057,41.776,2.5398,HTTPS,gateway
2025-01-22T23:58:00,165.954,20.782,5.64,10.262,1.0224,CoAP,actuator
2025-01-21T20:50:00,33.507,133.745,3.477,0.392,3.8549,LoRaWAN,smart_meter
2025-01-22T01:34:00,1210.736,76.038,2.284,196.766,0.9697,HTTPS,camera
2025-01-23T05:40:00,105.948,1.0,2.376,6.354,1.9826,MQTT,env_sensor
2025-01-22T06:44:00,22.201,199.314,0.1,0.256,0.9678,LoRaWAN,smart_meter
2025-01-22T15:08:00,111.838,26.302,7.398,6.323,1.3307,MQTT,actuator
2025-01-21T20:53:00,721.803,78.195,0.1,47.388,1.1503,MQTT,camera
2025-01-23T07:18:00,1038.776,48.708,6.311,197.672,0.7204,HTTPS,camera
2025-01-21T20:57:00,111.526,17.732,4.231,6.513,0.0,MQTT,actuator
2025-01-22T22:04:00,92.631,25.824,3.308,4.036,2.0126,MQTT,env_sensor
2025-01-22T23:52:00,1397.285,51.529,3.738,155.747,0.1205,HTTPS,camera
2025-01-22T17:18:00,9.5,19.573,1.582,4.537,2.0344,MQTT,env_sensor
2025-01-23T01:02:00,26.098,231.828,2.079,0.389,6.4932,LoRaWAN,smart_meter
2025-01-22T12:31:00,1007.054,46.956,15.632,81.651,0.4869,HTTPS,gateway
2025-01-23T05:18:00,67.401,15.709,3.603,3.988,1.3891,MQTT,env_sensor
2025-01-22T23:30:00,1968.145,80.505,1.996,83.984,0.6884,HTTPS,camera
2025-01-22T20:00:00,72.727,41.681,5.752,3.55,0.3414,MQTT,env_sensor
2025-01-22T18:01:00,131.001,19.065,9.109,11.581,1.0001,MQTT,actuator
2025-01-22T10:18:00,3008.131,41.729,7.069,77.519,0.6981,HTTPS,camera
2025-01-22T06:54:00,20.509,226.77,2.403,0.135,7.4423,LoRaWAN,smart_meter
2025-01-22T01:01:00,102.036,18.942,6.376,9.899,1.5544,MQTT,actuator
2025-01-23T01:09:00,2124.959,83.22,1.61,126.289,1.3734,HTTPS,camera
2025-01-22T18:00:00,746.339,87.226,11.568,124.93,0.8111,HTTPS,camera
2025-01-21T23:45:00,92.068,19.169,2.477,14.082,0.3671,MQTT,actuator
2025-01-22T17:16:00,1139.416,74.781,4.692,70.819,0.8589,HTTPS,camera
2025-01-23T07:01:00,52.49,22.643,3.278,8.678,0.0,MQTT,env_sensor
2025-01-23T04:50:00,8.0,25.162,7.252,64.159,1.2322,MQTT,gateway
2025-01-21T23:36:00,29.438,116.588,0.879,0.05,1.6904,LoRaWAN,smart_meter
2025-01-22T12:45:00,102.018,43.591,7.023,11.681,0.756,MQTT,actuator
2025-01-23T05:07:00,1897.066,69.871,3.222,216.191,0.0,HTTPS,camera
2025-01-23T04:27:00,112.866,17.83,1.592,11.36,1.2903,MQTT,actuator
2025-01-22T02:33:00,48.328,14.666,1.395,2.621,1.2623,MQTT,env_sensor
2025-01-22T09:57:00,977.655,66.573,8.564,83.056,0.86,HTTPS,gateway
2025-01-22T09:37:00,133.977,13.809,11.183,4.335,1.1734,MQTT,actuator
2025-01-22T22:56:00,127.479,7.887,12.298,8.095,1.0366,MQTT,actuator
2025-01-23T10:10:00,27.083,186.22,1.305,0.41,1.7252,LoRaWAN,smart_meter
2025-01-22T18:17:00,3289.839,46.813,0.911,116.064,0.3298,HTTPS,camera
2025-01-23T05:34:00,16.153,59.166,4.603,78.108,0.9175,HTTPS,gateway
2025-01-22T22:40:00,91.059,24.563,9.606,6.557,1.0224,MQTT,actuator
2025-01-22T19:30:00,25.265,93.001,5.961,0.559,3.6223,CoAP,smart_meter
2025-01-23T00:44:00,1504.073,54.308,4.176,55.685,0.0,HTTPS,gateway
2025-01-22T05:33:00,425.532,38.019,11.985,87.43,0.0958,HTTPS,gateway
2025-01-21T21:15:00,87.559,5.5,7.377,3.761,0.781,MQTT,actuator
2025-01-22T04:02:00,17.049,43.246,0.728,0.05,0.7044,LoRaWAN,smart_meter
2025-01-22T09:03:00,25.198,217.323,0.742,0.764,4.6107,LoRaWAN,smart_meter
2025-01-21T21:52:00,1027.746,44.055,0.1,97.785,1.3068,HTTPS,camera
2025-01-22T05:42:00,87.803,21.239,4.083,14.918,0.8124,MQTT,actuator
2025-01-23T06:28:00,64.972,12.806,2.947,1.408,1.7793,MQTT,env_sensor
2025-01-23T10:08:00,28.335,14.411,2.266,5.849,0.9319,MQTT,env_sensor
2025-01-23T13:16:00,15.659,171.243,3.465,0.415,0.0,LoRaWAN,smart_meter
2025-01-23T06:12:00,117.643,17.531,7.747,5.022,2.5145,MQTT,actuator
2025-01-22T22:31:00,78.815,31.77,2.452,4.901,1.3342,MQTT,env_sensor
2025-01-22T20:15:00,2333.99,14.918,7.932,126.038,0.413,HTTPS,camera
2025-01-23T08:02:00,1709.017,72.543,1.352,106.543,0.9228,HTTPS,camera
2025-01-22T23:47:00,128.881,25.385,3.512,5.328,0.4928,MQTT,env_sensor
2025-01-22T18:00:00,84.636,29.59,2.326,1.324,0.8668,MQTT,env_sensor
2025-01-22T02:40:00,22.347,143.862,3.369,0.505,0.7531,LoRaWAN,smart_meter
2025-01-22T04:03:00,118.985,27.33,6.994,4.413,0.8054,CoAP,actuator
2025-01-23T01:51:00,8.0,10.499,0.847,3.459,0.2298,MQTT,env_sensor
2025-01-22T03:45:00,13.958,157.851,2.157,0.368,4.2795,LoRaWAN,smart_meter
2025-01-22T00:13:00,1351.326,44.856,10.696,74.458,0.0483,HTTPS,gateway
2025-01-23T06:56:00,24.156,168.59,2.6,0.213,0.0,LoRaWAN,smart_meter
2025-01-22T14:03:00,2492.566,72.07,3.894,126.985,0.1268,HTTPS,camera
2025-01-22T23:32:00,93.643,11.624,6.765,18.283,0.1823,MQTT,actuator
2025-01-22T14:52:00,596.009,63.273,14.184,58.673,0.928,HTTPS,gateway
2025-01-23T06:53:00,95.729,19.785,3.73,5.364,1.4183,MQTT,actuator
2025-01-23T10:04:00,33.301,250.279,0.1,0.161,0.0,LoRaWAN,smart_meter
2025-01-22T20:13:00,824.451,26.699,17.372,0.05,1.7389,CoAP,gateway
2025-01-23T07:06:00,979.663,103.236,0.1,157.129,1.0888,MQTT,camera
2025-01-22T14:45:00,27.169,252.125,1.719,0.05,3.9882,LoRaWAN,smart_meter
2025-01-23T01:24:00,424.702,40.615,5.349,86.098,1.3859,CoAP,gateway
2025-01-23T04:42:00,1280.556,26.331,6.256,0.05,0.9523,HTTPS,camera
2025-01-23T00:26:00,91.785,26.995,4.903,6.211,0.8242,MQTT,actuator
2025-01-23T03:57:00,56.141,12.731,4.124,0.05,2.6356,MQTT,env_sensor
2025-01-22T22:43:00,33.129,32.791,2.303,38.872,1.1789,MQTT,gateway
2025-01-23T10:14:00,1198.99,51.088,12.179,0.05,1.8748,CoAP,gateway
2025-01-22T03:52:00,24.367,184.423,3.173,0.422,3.489,LoRaWAN,smart_meter
2025-01-22T21:16:00,48.913,214.661,0.785,0.236,2.0546,LoRaWAN,smart_meter
2025-01-23T12:00:00,30.605,128.652,3.0,0.637,3.4692,LoRaWAN,smart_meter
2025-01-22T11:29:00,1821.566,59.824,16.162,0.05,2.7898,MQTT,gateway
2025-01-23T06:48:00,769.288,117.587,3.436,146.845,1.1981,MQTT,camera
2025-01-23T06:36:00,103.533,29.209,2.189,12.501,0.1618,MQTT,actuator
2025-01-23T10:36:00,110.455,32.036,2.47,6.041,0.0,MQTT,actuator
2025-01-22T10:36:00,522.442,7.404,3.457,130.972,1.1649,CoAP,gateway
2025-01-21T22:02:00,1218.9,22.178,11.118,102.605,0.9669,HTTPS,gateway
2025-01-22T14:19:00,160.04,27.267,4.213,10.05,1.3627,MQTT,actuator
2025-01-22T06:17:00,22.273,144.009,4.562,0.194,7.618,LoRaWAN,smart_meter
2025-01-23T02:00:00,34.797,134.221,2.588,0.211,5.1608,LoRaWAN,smart_meter
2025-01-22T02:06:00,1708.236,27.964,8.147,75.293,1.0279,CoAP,gateway
2025-01-22T18:56:00,113.034,7.47,4.336,11.818,0.0,MQTT,actuator
2025-01-23T02:16:00,1778.905,21.996,4.481,147.706,0.603,HTTPS,camera
2025-01-22T04:38:00,1205.675,9.92,11.899,66.394,0.0,HTTPS,gateway
2025-01-22T19:08:00,1600.711,89.445,6.249,105.44,1.0125,HTTPS,camera
2025-01-21T21:12:00,43.537,195.828,1.603,0.408,2.5736,LoRaWAN,smart_meter
2025-01-22T06:59:00,651.517,31.308,14.51,65.369,0.1463,HTTPS,gateway
2025-01-21T22:27:00,176.893,34.823,12.421,4.978,0.0,MQTT,actuator
2025-01-22T09:52:00,1023.472,60.233,11.694,75.167,2.6364,CoAP,gateway
2025-01-22T13:02:00,29.108,17.915,6.796,2.964,2.5509,MQTT,env_sensor
2025-01-21T20:12:00,177.028,62.728,6.519,107.426,0.8521,HTTPS,gateway
2025-01-22T11:53:00,52.564,29.119,0.1,13.047,0.6368,MQTT,actuator
2025-01-22T02:09:00,79.778,19.683,6.353,1.113,1.5226,MQTT,env_sensor
2025-01-22T11:25:00,1925.721,71.898,4.732,84.423,1.1981,HTTPS,camera
2025-01-22T14:51:00,624.21,18.132,9.995,61.729,2.185,CoAP,gateway
2025-01-22T14:43:00,47.54,143.68,0.1,0.416,2.0683,LoRaWAN,smart_meter
2025-01-22T23:29:00,1920.834,1.0,6.42,147.649,0.6969,HTTPS,camera
2025-01-22T04:13:00,496.402,57.728,4.556,159.294,0.6533,HTTPS,camera
2025-01-22T05:49:00,115.465,18.03,3.001,0.05,1.5795,MQTT,env_sensor
2025-01-22T21:10:00,23.345,127.664,1.652,0.367,0.0,LoRaWAN,smart_meter
2025-01-22T21:17:00,31.874,39.769,1.428,4.042,0.0,MQTT,env_sensor
2025-01-23T12:25:00,80.968,26.799,8.342,5.68,0.7561,MQTT,actuator
2025-01-23T10:38:00,650.665,59.79,0.979,95.288,0.0,HTTPS,camera
2025-01-22T10:36:00,29.258,259.524,3.378,0.509,2.036,LoRaWAN,smart_meter
2025-01-22T22:34:00,642.474,77.361,4.018,96.499,1.0903,HTTPS,camera
2025-01-22T17:15:00,30.898,113.419,2.619,0.788,0.0,LoRaWAN,smart_meter
2025-01-23T01:55:00,64.028,6.267,3.413,0.05,0.0,MQTT,env_sensor
2025-01-23T11:11:00,499.045,83.991,6.161,178.38,0.0411,HTTPS,camera
2025-01-23T06:24:00,14.68,148.419,3.035,0.716,1.5192,LoRaWAN,smart_meter
2025-01-23T02:24:00,24.512,170.64,1.614,0.465,3.5091,LoRaWAN,smart_meter
2025-01-22T19:38:00,216.368,66.261,0.1,91.478,0.7832,HTTPS,camera
2025-01-22T07:11:00,739.113,44.294,2.178,20.785,0.9496,HTTPS,gateway
2025-01-23T08:32:00,85.3,23.227,14.165,5.314,1.0848,MQTT,actuator
2025-01-22T19:48:00,123.908,19.327,0.1,9.629,0.4439,MQTT,actuator
2025-01-22T04:40:00,43.128,24.844,1.535,6.168,1.6604,MQTT,env_sensor
2025-01-22T12:39:00,123.371,16.769,2.095,15.581,0.8452,MQTT,actuator
2025-01-22T05:16:00,1273.618,41.794,6.08,76.368,1.6358,HTTPS,gateway
2025-01-22T03:28:00,1238.072,78.478,11.794,50.667,0.8113,HTTPS,gateway
2025-01-23T08:21:00,2506.251,46.76,0.1,120.599,0.5108,HTTPS,camera
2025-01-22T02:52:00,2722.553,73.912,1.45,129.574,0.8831,HTTPS,camera
2025-01-22T05:00:00,146.372,5.605,6.023,7.509,0.563,MQTT,actuator
2025-01-22T04:45:00,1287.729,55.357,5.209,102.152,0.9694,HTTPS,camera
2025-01-22T02:26:00,1188.286,33.192,8.172,93.281,2.1529,HTTPS,gateway
2025-01-23T05:49:00,1193.544,43.485,1.924,49.464,0.0342,HTTPS,gateway
2025-01-22T00:27:00,179.402,7.456,5.555,0.05,0.5713,MQTT,actuator
2025-01-22T22:18:00,98.384,45.739,4.421,1.493,1.2974,MQTT,env_sensor
2025-01-23T11:08:00,125.194,14.18,6.61,0.475,1.0524,MQTT,actuator
2025-01-23T12:55:00,1906.111,71.435,3.522,165.544,0.3576,HTTPS,camera
2025-01-22T22:08:00,1437.87,66.735,0.1,62.034,0.7347,HTTPS,camera
2025-01-22T12:09:00,40.57,184.171,2.921,0.523,0.0,LoRaWAN,smart_meter
2025-01-22T04:03:00,57.895,39.954,1.528,4.633,0.7739,MQTT,env_sensor
2025-01-22T11:47:00,110.874,41.262,3.561,4.659,0.093,MQTT,env_sensor
2025-01-22T20:08:00,1480.601,42.691,14.943,43.571,0.0,HTTPS,gateway
2025-01-22T21:04:00,912.56,75.014,3.01,62.225,0.0,HTTPS,gateway
2025-01-22T06:59:00,81.062,44.612,6.371,3.779,1.4766,CoAP,env_sensor
2025-01-21T20:34:00,25.429,159.755,4.583,0.321,4.0815,LoRaWAN,smart_meter
2025-01-22T06:59:00,192.545,67.032,10.228,120.21,0.2563,MQTT,camera
2025-01-22T16:33:00,33.318,203.136,0.1,0.683,4.9941,LoRaWAN,smart_meter
2025-01-23T04:10:00,57.211,30.739,3.419,8.881,0.1254,MQTT,env_sensor
2025-01-22T23:24:00,86.447,34.784,2.513,0.999,0.8335,MQTT,env_sensor
2025-01-22T09:23:00,921.398,77.875,3.911,43.347,0.5311,HTTPS,gateway
2025-01-22T10:22:00,2305.792,41.272,7.533,191.054,0.3461,HTTPS,camera
2025-01-22T06:41:00,116.537,17.596,6.496,11.798,1.7909,MQTT,actuator
2025-01-22T01:15:00,140.121,10.547,10.58,12.824,0.7196,MQTT,actuator
2025-01-21T20:30:00,102.114,19.744,5.057,10.936,0.4988,MQTT,actuator
2025-01-22T08:31:00,18.527,176.357,5.544,0.067,4.6887,LoRaWAN,smart_meter
2025-01-21T20:17:00,62.358,43.233,1.324,5.776,0.0,MQTT,env_sensor
2025-01-22T15:46:00,29.207,281.282,3.499,0.711,3.6909,LoRaWAN,smart_meter
2025-01-22T07:01:00,90.941,10.8,5.273,5.352,0.1701,MQTT,actuator
2025-01-23T01:37:00,124.962,11.659,3.497,12.241,1.24,MQTT,actuator
2025-01-22T17:05:00,88.775,31.518,3.077,0.05,0.808,HTTPS,actuator
2025-01-23T09:03:00,1487.637,60.595,1.612,118.863,0.0,HTTPS,camera
2025-01-22T21:28:00,2012.327,113.463,5.473,119.152,0.0,HTTPS,camera
2025-01-21T23:50:00,2071.297,54.149,3.66,39.942,1.9203,HTTPS,gateway
2025-01-23T13:38:00,34.894,152.429,1.984,0.173,2.8549,LoRaWAN,smart_meter
2025-01-22T22:37:00,31.278,163.127,2.957,0.461,2.6985,MQTT,smart_meter
2025-01-23T10:50:00,135.279,16.433,0.1,6.532,0.0,MQTT,actuator
2025-01-23T05:24:00,2167.42,101.114,0.213,149.939,0.0,HTTPS,camera
2025-01-23T07:16:00,23.675,223.74,1.256,0.799,0.9072,LoRaWAN,smart_meter
2025-01-22T11:38:00,2046.775,62.312,6.647,35.605,0.7654,HTTPS,camera
2025-01-22T18:37:00,77.847,21.779,8.083,10.559,0.9298,MQTT,actuator
2025-01-22T08:32:00,34.502,94.595,2.94,0.804,3.0284,MQTT,smart_meter
2025-01-22T23:55:00,27.308,115.321,0.1,0.662,1.1048,LoRaWAN,smart_meter
2025-01-22T18:06:00,2544.08,74.637,2.821,0.05,1.2331,HTTPS,camera
2025-01-22T01:35:00,8.0,83.603,4.435,149.443,0.9899,HTTPS,camera
2025-01-23T01:13:00,995.841,61.34,6.825,85.317,1.3661,CoAP,gateway
2025-01-23T13:02:00,94.513,37.36,2.945,0.05,1.4961,MQTT,env_sensor
2025-01-23T04:27:00,260.008,81.69,4.622,140.525,0.4092,HTTPS,camera
2025-01-21T20:14:00,104.106,25.608,0.836,1.605,1.1493,MQTT,actuator
2025-01-22T00:20:00,26.781,215.732,3.002,0.661,4.7808,LoRaWAN,smart_meter
2025-01-22T04:05:00,1539.654,86.493,0.1,81.145,0.2622,HTTPS,camera
2025-01-22T22:38:00,119.333,12.235,1.837,11.486,0.0,MQTT,actuator
2025-01-21T23:41:00,123.654,25.858,7.408,5.707,0.0419,CoAP,actuator
2025-01-21T23:16:00,1454.153,66.503,5.277,172.544,0.2509,HTTPS,camera
2025-01-22T09:06:00,1932.804,54.086,2.827,235.894,0.0077,HTTPS,camera
2025-01-23T04:58:00,16.384,168.229,0.1,1.013,2.3499,MQTT,smart_meter
2025-01-22T06:35:00,64.291,40.693,0.1,3.737,2.2434,MQTT,env_sensor
2025-01-22T04:40:00,452.015,32.164,7.849,123.342,0.3486,HTTPS,camera
2025-01-22T05:55:00,118.815,4.167,0.305,2.402,0.0,MQTT,env_sensor
2025-01-22T06:33:00,107.859,43.919,7.143,0.05,1.3333,MQTT,gateway
2025-01-22T05:15:00,82.43,19.29,0.1,9.941,1.2602,MQTT,actuator
2025-01-23T08:12:00,1338.499,48.664,8.284,143.825,0.2415,HTTPS,camera
2025-01-23T09:46:00,75.622,9.519,5.052,8.072,1.3204,MQTT,actuator
2025-01-22T01:07:00,1527.04,30.232,7.633,15.358,0.8001,HTTPS,gateway
2025-01-22T04:50:00,111.139,9.902,6.646,7.98,0.9233,MQTT,actuator
2025-01-22T23:30:00,1719.036,48.706,0.1,94.443,1.7913,HTTPS,gateway
2025-01-23T12:09:00,66.607,32.099,1.551,5.991,1.8548,MQTT,env_sensor
2025-01-22T01:50:00,136.059,1.798,6.556,8.985,2.0173,MQTT,actuator
2025-01-22T15:59:00,42.09,239.227,3.593,0.581,1.6113,LoRaWAN,smart_meter
2025-01-23T11:02:00,1004.002,41.999,8.765,35.863,1.0165,CoAP,gateway
2025-01-22T22:19:00,66.228,15.77,2.596,7.86,0.9955,MQTT,env_sensor
2025-01-22T17:22:00,38.914,199.508,0.44,0.245,4.7153,LoRaWAN,smart_meter
2025-01-22T16:10:00,300.195,100.389,8.553,51.003,0.5558,HTTPS,camera
2025-01-21T20:57:00,1254.161,31.833,1.665,129.2,0.6146,HTTPS,camera
2025-01-22T09:29:00,74.455,26.843,0.1,1.375,1.0557,MQTT,env_sensor
2025-01-22T00:57:00,26.698,281.183,1.239,0.408,3.9388,LoRaWAN,smart_meter
2025-01-22T05:11:00,18.927,163.212,1.428,0.688,6.3955,LoRaWAN,smart_meter
2025-01-22T19:52:00,29.896,205.82,2.489,0.05,5.4107,LoRaWAN,smart_meter
2025-01-22T13:36:00,29.859,221.434,0.826,0.946,5.0756,LoRaWAN,smart_meter
2025-01-22T04:37:00,757.282,50.399,13.889,75.941,2.0371,CoAP,gateway
2025-01-22T05:11:00,53.798,19.118,0.1,8.903,0.9409,MQTT,env_sensor
2025-01-23T10:29:00,685.946,58.428,0.1,46.793,0.0546,HTTPS,gateway
2025-01-22T09:08:00,23.778,104.526,1.506,0.499,5.5864,LoRaWAN,smart_meter
2025-01-23T11:52:00,2318.73,66.904,0.1,139.591,0.864,HTTPS,camera
2025-01-21T20:00:00,94.925,15.228,4.777,7.29,1.0038,MQTT,actuator
2025-01-23T05:33:00,1014.105,33.419,13.005,17.228,1.1128,CoAP,gateway
2025-01-22T11:54:00,60.54,31.074,0.439,1.581,2.4885,MQTT,env_sensor
2025-01-22T01:36:00,1963.028,35.296,8.444,36.357,0.6609,HTTPS,gateway
2025-01-22T13:20:00,129.875,44.715,2.743,5.111,0.093,MQTT,env_sensor
2025-01-22T05:32:00,42.557,170.041,2.261,0.685,2.8552,LoRaWAN,smart_meter
2025-01-21T23:33:00,105.644,15.754,1.822,11.445,1.7282,MQTT,actuator
2025-01-21T23:06:00,29.641,237.825,5.399,0.167,3.1542,LoRaWAN,smart_meter
2025-01-22T18:59:00,461.084,65.284,0.98,60.692,0.0,HTTPS,gateway
2025-01-23T08:03:00,87.964,19.017,3.967,4.058,0.6815,MQTT,env_sensor
2025-01-22T06:23:00,28.947,102.267,0.332,0.536,7.6542,LoRaWAN,smart_meter
2025-01-22T16:06:00,43.678,216.778,2.45,0.68,3.9096,MQTT,smart_meter
2025-01-22T19:41:00,126.678,74.415,8.178,148.433,0.3396,MQTT,gateway
2025-01-22T18:27:00,19.989,211.555,3.548,0.922,7.711,LoRaWAN,smart_meter
2025-01-23T05:02:00,72.951,22.603,2.906,0.46,0.0,MQTT,env_sensor
2025-01-22T17:52:00,730.41,35.682,0.1,132.055,0.608,HTTPS,gateway
2025-01-23T03:21:00,138.669,6.049,3.346,7.836,0.8703,MQTT,actuator
2025-01-22T10:59:00,81.436,34.867,0.835,7.112,1.4847,MQTT,env_sensor
2025-01-22T11:25:00,33.372,191.873,0.972,0.482,6.0122,LoRaWAN,smart_meter
2025-01-22T13:35:00,1293.803,95.897,0.1,137.95,1.2135,HTTPS,camera
2025-01-22T04:18:00,580.82,48.489,3.694,100.977,0.1052,HTTPS,gateway
2025-01-21T22:30:00,49.813,1.0,7.258,8.243,0.0,MQTT,env_sensor
2025-01-21T23:05:00,898.255,70.567,3.084,212.951,0.4569,HTTPS,camera
2025-01-21T21:40:00,41.457,135.202,1.623,0.691,2.2902,LoRaWAN,smart_meter
2025-01-22T03:50:00,40.863,30.214,6.628,2.701,1.9401,CoAP,env_sensor
2025-01-22T21:36:00,21.588,267.01,2.131,0.868,1.8779,LoRaWAN,smart_meter
2025-01-23T02:04:00,84.789,26.225,3.842,8.974,1.1151,MQTT,actuator
2025-01-21T20:36:00,31.452,195.476,1.26,0.288,4.495,LoRaWAN,smart_meter
2025-01-22T09:36:00,75.96,8.998,1.249,0.117,1.5811,MQTT,env_sensor
2025-01-22T07:58:00,56.146,31.188,4.066,2.615,1.9778,MQTT,env_sensor
2025-01-23T04:37:00,157.226,11.042,3.775,12.27,0.2434,MQTT,actuator
2025-01-22T04:29:00,14.828,239.215,4.536,0.354,3.9981,LoRaWAN,smart_meter
2025-01-23T08:32:00,1187.277,93.747,0.756,3.355,0.0993,HTTPS,camera
2025-01-22T15:54:00,124.957,25.337,6.104,11.953,0.1828,CoAP,actuator
2025-01-22T09:05:00,1051.116,70.64,5.163,0.05,3.0741,CoAP,gateway
2025-01-22T13:39:00,108.591,24.318,5.11,10.948,0.1092,MQTT,actuator
2025-01-22T23:06:00,322.071,21.089,11.712,32.185,0.7649,CoAP,gateway
2025-01-22T21:27:00,34.45,24.097,5.343,4.976,1.7695,MQTT,env_sensor
2025-01-23T07:02:00,853.196,52.997,0.1,76.171,1.8539,CoAP,gateway
2025-01-23T03:46:00,1008.629,68.626,10.929,154.251,2.4969,CoAP,gateway
2025-01-22T10:57:00,2188.548,15.169,3.666,101.934,1.3911,HTTPS,camera
2025-01-23T09:26:00,84.908,33.213,2.817,4.075,0.0,MQTT,env_sensor
2025-01-23T10:17:00,1599.592,34.4,2.676,34.909,1.1947,HTTPS,gateway
2025-01-23T09:11:00,67.476,38.138,2.88,3.341,0.7202,MQTT,env_sensor
2025-01-23T13:36:00,18.404,208.723,0.1,0.254,1.8974,LoRaWAN,smart_meter
2025-01-22T03:52:00,1163.223,58.94,4.046,101.391,2.0237,HTTPS,gateway
2025-01-21T23:03:00,52.383,8.689,4.667,12.487,0.8339,MQTT,actuator
2025-01-22T23:27:00,3395.103,70.308,1.691,100.159,0.623,HTTPS,camera
2025-01-22T22:16:00,102.718,27.971,3.84,9.452,1.0582,MQTT,env_sensor
2025-01-22T05:38:00,25.265,218.774,1.664,0.364,3.6914,LoRaWAN,smart_meter
2025-01-23T13:18:00,1449.737,7.144,4.108,121.51,0.0,HTTPS,camera
2025-01-23T12:33:00,2206.507,37.532,3.363,102.246,0.2922,HTTPS,camera
2025-01-23T08:06:00,1533.385,57.636,7.368,145.479,0.5202,HTTPS,camera
2025-01-23T01:01:00,134.313,11.077,6.813,5.264,0.5572,MQTT,actuator
2025-01-23T08:43:00,168.981,12.537,4.556,7.743,0.9924,MQTT,actuator
2025-01-23T10:16:00,8.0,21.681,6.322,30.792,0.0268,MQTT,gateway
2025-01-23T01:34:00,129.358,20.047,2.202,10.622,2.7305,MQTT,actuator
2025-01-21T21:26:00,55.904,14.846,3.7,7.36,1.3645,MQTT,env_sensor
2025-01-22T08:01:00,1227.666,39.031,15.82,56.982,1.076,HTTPS,gateway
2025-01-23T08:47:00,1012.928,30.208,12.263,22.868,0.0,CoAP,gateway
2025-01-22T16:54:00,1231.675,78.242,0.1,111.661,0.9129,HTTPS,camera
2025-01-22T20:24:00,706.039,91.799,5.191,63.526,1.1498,CoAP,camera
2025-01-23T11:50:00,865.495,73.132,6.88,82.412,0.2356,HTTPS,camera
2025-01-22T07:11:00,79.207,29.973,1.139,4.523,2.7672,MQTT,env_sensor
2025-01-22T03:06:00,947.385,49.929,9.441,80.605,1.6627,CoAP,gateway
2025-01-23T12:28:00,130.264,20.864,8.337,9.061,0.5141,MQTT,actuator
2025-01-22T23:44:00,2682.887,44.139,0.932,151.108,0.0,HTTPS,camera
2025-01-21T20:23:00,601.638,41.881,9.789,129.331,1.0788,CoAP,gateway
2025-01-23T09:27:00,16.008,190.215,2.508,0.987,2.0237,LoRaWAN,smart_meter
2025-01-22T20:30:00,21.878,6.054,4.843,0.05,2.1471,MQTT,env_sensor
2025-01-22T22:16:00,1157.914,59.722,2.178,181.255,0.5075,HTTPS,camera
2025-01-23T06:45:00,85.307,27.691,1.25,5.918,0.3304,MQTT,env_sensor
2025-01-23T11:00:00,1606.227,50.793,5.022,98.2,1.1769,HTTPS,camera
2025-01-22T15:26:00,29.133,27.707,4.058,0.251,2.143,MQTT,smart_meter
2025-01-22T14:19:00,591.275,45.59,10.086,71.063,0.8046,HTTPS,gateway
2025-01-22T00:49:00,103.557,36.298,5.082,5.643,1.9653,MQTT,env_sensor
2025-01-22T13:02:00,2165.746,111.14,1.084,0.05,0.6685,HTTPS,camera
2025-01-22T13:53:00,77.39,13.027,5.903,6.773,1.4589,MQTT,env_sensor
2025-01-22T19:05:00,819.474,39.056,20.062,49.088,1.5675,CoAP,gateway
2025-01-21T21:40:00,120.407,17.245,2.776,3.682,1.6813,MQTT,env_sensor
2025-01-22T11:56:00,96.425,12.202,7.789,10.977,1.5632,MQTT,actuator
2025-01-22T11:54:00,159.64,32.537,3.858,7.488,0.0,MQTT,actuator
2025-01-21T21:58:00,1224.89,24.012,14.09,4.68,0.2838,HTTPS,gateway
2025-01-21T22:18:00,1629.43,28.79,1.302,122.992,0.5523,HTTPS,camera
2025-01-22T03:42:00,79.02,18.854,3.258,3.856,0.0,MQTT,env_sensor
2025-01-22T18:31:00,59.896,12.858,6.828,8.279,2.0084,MQTT,env_sensor
2025-01-22T02:40:00,2906.327,64.834,7.184,0.05,0.684,HTTPS,camera
2025-01-23T00:30:00,115.686,12.681,10.147,6.68,0.0,MQTT,actuator
2025-01-23T06:12:00,1553.668,67.499,2.497,40.675,0.5638,HTTPS,camera
2025-01-21T22:50:00,107.192,37.419,10.915,140.07,0.0,HTTPS,gateway
2025-01-22T08:44:00,1337.607,67.047,12.795,83.359,1.9679,CoAP,gateway
2025-01-22T05:46:00,18.124,208.898,2.03,0.316,2.6122,LoRaWAN,smart_meter
2025-01-22T20:20:00,39.85,156.063,2.197,0.587,3.1601,LoRaWAN,smart_meter
2025-01-23T10:36:00,378.558,36.152,2.6,50.722,0.7478,HTTPS,camera
2025-01-23T06:16:00,44.133,176.153,5.057,0.405,3.387,LoRaWAN,smart_meter
2025-01-22T08:41:00,1274.631,36.667,2.616,141.85,0.0,HTTPS,camera
2025-01-22T14:49:00,1186.657,63.836,9.405,35.175,0.0,HTTPS,gateway
2025-01-23T04:59:00,23.924,177.959,3.72,0.451,2.4761,LoRaWAN,smart_meter
2025-01-22T16:27:00,1257.646,39.275,9.255,40.941,1.2911,CoAP,gateway
2025-01-22T01:06:00,263.796,40.857,16.708,0.05,1.9556,CoAP,gateway
2025-01-22T19:50:00,78.109,31.703,3.085,0.05,0.8923,MQTT,env_sensor
2025-01-22T21:54:00,2142.169,63.236,2.362,149.473,0.7517,HTTPS,camera
2025-01-22T07:59:00,20.702,153.601,3.135,0.05,0.1661,LoRaWAN,smart_meter
2025-01-22T05:12:00,1594.561,65.545,0.1,156.26,0.5228,HTTPS,camera
2025-01-22T12:37:00,309.3,21.409,8.379,77.569,0.0,HTTPS,gateway
2025-01-23T00:06:00,125.503,23.826,13.739,14.113,0.2886,MQTT,actuator
2025-01-22T13:12:00,21.908,156.892,2.133,0.45,0.0,LoRaWAN,smart_meter
2025-01-22T01:56:00,803.909,29.354,7.891,89.912,0.946,HTTPS,gateway
2025-01-22T20:12:00,804.006,49.908,7.419,38.742,0.314,CoAP,gateway
2025-01-22T09:46:00,17.716,125.664,0.1,0.508,0.5282,LoRaWAN,smart_meter
2025-01-23T07:31:00,110.209,20.282,10.148,1.705,1.5749,MQTT,actuator
2025-01-22T16:24:00,59.404,41.099,2.108,4.755,0.3439,MQTT,env_sensor
2025-01-23T05:30:00,101.167,20.583,4.063,5.551,1.828,MQTT,actuator
2025-01-22T18:40:00,25.008,150.822,0.1,0.691,5.596,LoRaWAN,smart_meter
2025-01-22T05:22:00,1339.397,23.396,9.293,98.812,0.2891,HTTPS,gateway
2025-01-22T10:56:00,1205.0,32.601,10.316,85.851,0.5855,HTTPS,gateway
2025-01-22T08:50:00,42.305,178.878,2.902,0.533,0.8498,LoRaWAN,smart_meter
2025-01-22T02:31:00,36.713,172.007,0.1,0.052,4.2829,LoRaWAN,smart_meter
2025-01-23T04:52:00,22.228,133.553,2.852,0.39,4.4223,LoRaWAN,smart_meter
2025-01-23T01:46:00,25.814,198.427,0.701,0.475,3.4346,LoRaWAN,smart_meter
2025-01-22T08:45:00,1054.2,87.323,8.206,54.653,0.0,HTTPS,gateway
2025-01-22T02:43:00,55.079,34.067,4.13,3.201,0.9452,MQTT,env_sensor
2025-01-22T09:58:00,28.358,116.788,2.617,0.395,5.1417,LoRaWAN,smart_meter
2025-01-22T11:21:00,1586.798,52.207,1.746,138.103,0.3917,HTTPS,camera
2025-01-22T08:07:00,35.382,20.374,2.548,3.014,0.9367,MQTT,env_sensor
2025-01-21T21:41:00,1066.885,82.019,0.1,171.32,0.0,HTTPS,camera
2025-01-22T05:25:00,2548.364,29.633,6.829,177.403,0.8007,HTTPS,camera
2025-01-23T05:53:00,8.0,24.674,0.686,0.567,1.8189,MQTT,env_sensor
2025-01-22T00:06:00,36.598,22.234,5.266,3.678,0.4224,MQTT,env_sensor
2025-01-23T02:58:00,1028.99,18.867,10.162,84.599,0.0,HTTPS,gateway
2025-01-22T15:08:00,58.598,49.238,3.927,1.038,0.0,MQTT,env_sensor
2025-01-22T22:41:00,37.572,250.597,2.173,1.153,2.4569,MQTT,smart_meter
2025-01-23T01:00:00,1073.133,37.825,1.522,43.64,0.9782,HTTPS,gateway
2025-01-21T23:04:00,86.321,15.248,6.674,11.8,0.0,MQTT,actuator
2025-01-22T21:17:00,1518.949,47.847,6.212,0.05,2.0165,CoAP,gateway
2025-01-22T01:14:00,29.974,200.633,2.352,1.067,2.7613,MQTT,smart_meter
2025-01-22T05:19:00,89.52,16.09,5.007,4.958,1.7909,CoAP,env_sensor
2025-01-23T12:42:00,73.753,25.343,0.1,4.881,1.1602,MQTT,env_sensor
2025-01-22T00:45:00,226.748,21.781,5.08,29.82,0.9154,MQTT,gateway
2025-01-22T16:55:00,133.538,18.956,6.247,20.19,1.2289,MQTT,actuator
2025-01-23T01:14:00,29.652,142.708,1.281,0.351,4.7518,LoRaWAN,smart_meter
2025-01-22T22:55:00,68.957,54.645,9.871,42.467,1.7034,MQTT,gateway
2025-01-22T09:34:00,40.547,220.692,0.1,0.376,6.1899,LoRaWAN,smart_meter
2025-01-22T11:45:00,92.319,14.632,6.775,2.939,0.4248,MQTT,actuator
2025-01-23T00:53:00,1658.471,60.457,7.779,169.863,0.7911,HTTPS,camera
2025-01-21T23:08:00,1407.441,1.039,5.364,18.475,0.7058,HTTPS,gateway
2025-01-22T09:17:00,781.886,63.346,0.1,170.158,0.7396,HTTPS,camera
2025-01-22T18:26:00,37.092,87.329,2.365,0.394,3.3217,LoRaWAN,smart_meter
2025-01-21T23:12:00,1606.165,71.211,4.331,63.322,1.0712,HTTPS,camera
2025-01-23T05:36:00,1925.091,87.361,0.312,139.171,1.4153,HTTPS,camera
2025-01-22T22:03:00,2736.596,54.661,4.811,106.388,0.5497,HTTPS,camera
2025-01-21T23:05:00,476.8,24.802,10.747,43.019,1.0611,CoAP,gateway
2025-01-23T10:04:00,90.044,26.666,4.409,13.077,1.0725,MQTT,actuator
2025-01-23T07:06:00,110.644,17.463,0.284,13.866,1.045,MQTT,actuator
2025-01-23T08:12:00,130.771,17.852,6.769,4.65,0.0,CoAP,actuator
2025-01-22T15:41:00,58.194,32.878,6.195,5.164,1.1623,CoAP,env_sensor
2025-01-22T05:03:00,109.225,29.023,6.364,5.097,1.4305,MQTT,env_sensor
2025-01-22T14:26:00,47.488,18.934,4.471,11.993,1.3267,MQTT,actuator
2025-01-23T04:10:00,35.83,193.082,0.1,0.172,3.4757,LoRaWAN,smart_meter
2025-01-22T03:54:00,1163.653,26.214,6.907,144.615,0.4762,HTTPS,camera
2025-01-22T05:39:00,97.092,8.146,4.274,9.049,0.2721,MQTT,actuator
2025-01-22T20:26:00,93.737,24.84,3.092,5.186,0.0,MQTT,env_sensor
2025-01-22T06:57:00,8.0,48.177,2.223,3.627,0.0,HTTPS,env_sensor
2025-01-22T17:46:00,889.058,21.846,7.506,88.465,0.0489,HTTPS,gateway
2025-01-22T03:52:00,1380.944,79.117,3.156,111.817,0.3759,HTTPS,camera
2025-01-22T20:20:00,68.393,43.4,4.885,3.201,1.146,MQTT,env_sensor
2025-01-22T04:00:00,34.311,144.679,1.823,0.932,2.3882,LoRaWAN,smart_meter
2025-01-22T13:25:00,8.0,36.388,9.509,144.217,0.0,HTTPS,gateway
2025-01-22T11:06:00,1657.085,96.425,0.1,158.637,0.1939,HTTPS,camera
2025-01-23T01:07:00,655.949,1.214,6.697,133.62,2.2214,CoAP,gateway
2025-01-23T01:49:00,34.194,127.142,3.665,0.764,2.0872,LoRaWAN,smart_meter
2025-01-22T10:35:00,2314.244,75.168,9.244,87.297,0.195,HTTPS,camera
2025-01-22T09:12:00,14.81,224.041,1.104,0.598,3.6708,LoRaWAN,smart_meter
2025-01-23T02:50:00,508.856,30.396,7.925,71.467,2.8877,CoAP,gateway
2025-01-22T07:51:00,2807.369,97.166,1.806,124.054,0.9461,HTTPS,camera
2025-01-23T10:01:00,91.369,18.424,11.45,0.05,1.3203,CoAP,actuator
2025-01-22T05:25:00,13.264,100.449,2.117,0.377,0.0,LoRaWAN,smart_meter
2025-01-23T05:37:00,56.179,23.544,0.1,3.364,1.324,MQTT,env_sensor
2025-01-23T03:27:00,78.406,35.516,1.552,7.378,0.611,MQTT,env_sensor
2025-01-22T20:04:00,19.659,163.065,0.1,0.613,3.6672,LoRaWAN,smart_meter
2025-01-22T11:25:00,627.722,50.075,0.884,57.059,0.9165,HTTPS,gateway
2025-01-23T03:03:00,22.653,104.76,3.399,0.634,2.8082,LoRaWAN,smart_meter
2025-01-22T10:02:00,1610.714,27.675,12.523,112.013,1.6413,CoAP,gateway
2025-01-22T18:52:00,1209.72,59.153,4.459,8.834,0.1735,HTTPS,gateway
2025-01-22T10:11:00,130.151,3.627,6.103,5.414,0.0,MQTT,actuator
2025-01-23T10:27:00,101.107,50.544,3.634,1.252,0.0,MQTT,env_sensor
2025-01-21T23:49:00,800.745,81.84,8.563,203.286,0.3684,HTTPS,camera
2025-01-22T09:45:00,67.679,37.766,2.044,2.608,0.9832,MQTT,env_sensor
2025-01-22T12:35:00,1850.808,19.945,4.184,107.829,0.6906,HTTPS,camera
2025-01-23T12:39:00,132.456,21.726,10.75,6.862,1.9649,MQTT,actuator
2025-01-22T14:18:00,8.0,53.7,5.556,38.034,1.1998,CoAP,camera
2025-01-23T02:49:00,97.811,15.055,3.862,2.217,0.0,MQTT,env_sensor
2025-01-22T02:18:00,118.095,11.96,4.357,4.257,1.0582,MQTT,actuator
2025-01-23T09:57:00,69.445,12.891,7.348,5.402,0.0,MQTT,actuator
2025-01-22T11:18:00,52.855,18.005,2.413,5.243,1.5723,MQTT,env_sensor
2025-01-22T14:50:00,1219.68,16.967,9.22,106.008,1.0215,HTTPS,gateway
2025-01-23T00:42:00,129.636,20.233,2.478,6.831,0.4977,MQTT,actuator
2025-01-23T06:03:00,27.354,123.71,0.1,0.665,4.232,LoRaWAN,smart_meter
2025-01-22T10:27:00,1367.143,38.724,6.293,57.642,0.8081,HTTPS,gateway
2025-01-22T05:55:00,148.551,20.886,6.454,13.526,0.4756,MQTT,actuator
2025-01-22T01:30:00,894.326,42.491,10.165,87.844,1.9726,CoAP,gateway
2025-01-22T14:49:00,24.871,223.513,2.507,0.404,1.3603,LoRaWAN,smart_meter
2025-01-23T06:03:00,1618.859,38.927,7.994,137.662,0.5383,HTTPS,camera
2025-01-22T21:29:00,52.471,27.311,0.38,3.54,0.3567,MQTT,env_sensor
2025-01-22T00:46:00,87.84,31.293,1.487,3.097,0.8324,MQTT,env_sensor
2025-01-22T02:53:00,67.365,20.644,2.403,9.258,0.7441,MQTT,env_sensor
2025-01-23T05:48:00,26.662,182.21,2.833,0.24,2.0539,LoRaWAN,smart_meter
2025-01-23T10:22:00,8.0,54.67,7.088,4.579,0.0,CoAP,gateway
2025-01-22T16:29:00,31.978,243.859,2.44,0.55,2.0643,LoRaWAN,smart_meter
2025-01-22T12:02:00,17.129,158.012,1.173,0.05,5.0029,LoRaWAN,smart_meter
2025-01-22T17:34:00,30.192,173.362,3.262,0.19,5.4788,LoRaWAN,smart_meter
2025-01-22T06:25:00,71.099,14.03,6.388,12.361,0.0964,MQTT,actuator
2025-01-22T09:24:00,2541.839,81.945,0.1,85.474,1.063,HTTPS,camera
2025-01-22T02:29:00,78.076,37.947,7.232,3.096,0.221,CoAP,actuator
2025-01-23T03:05:00,153.281,8.085,8.159,14.09,0.6441,MQTT,actuator
2025-01-23T11:53:00,72.388,24.825,0.985,5.045,1.3016,MQTT,env_sensor
2025-01-22T17:40:00,610.951,61.548,4.546,154.395,0.6268,HTTPS,camera
2025-01-22T18:48:00,2371.76,26.116,6.542,224.002,2.1514,MQTT,camera
2025-01-23T08:33:00,1935.338,47.135,9.533,73.975,0.2737,HTTPS,camera
2025-01-23T12:52:00,65.504,11.268,3.406,0.751,1.9632,MQTT,env_sensor
2025-01-22T10:56:00,77.6,23.152,0.47,4.151,1.1229,MQTT,env_sensor
2025-01-22T22:51:00,28.088,48.959,6.39,3.77,1.9645,MQTT,env_sensor
2025-01-22T03:31:00,105.011,24.728,2.446,6.583,1.3754,MQTT,env_sensor
2025-01-22T18:07:00,104.035,20.528,0.664,3.984,0.3064,MQTT,env_sensor
2025-01-23T00:35:00,69.552,26.122,1.566,7.139,1.5054,MQTT,actuator
2025-01-22T01:51:00,1007.501,22.585,17.829,50.233,0.6137,HTTPS,gateway
2025-01-22T05:18:00,2155.142,36.185,3.137,177.753,0.6498,HTTPS,camera
2025-01-22T13:06:00,1488.085,34.647,4.08,149.991,0.5091,HTTPS,camera
2025-01-23T00:47:00,29.46,119.592,0.579,0.469,6.1922,LoRaWAN,smart_meter
2025-01-23T03:28:00,39.124,85.701,4.279,0.293,1.8443,MQTT,smart_meter
2025-01-23T09:09:00,126.601,23.347,4.988,10.879,1.931,MQTT,actuator
2025-01-22T16:57:00,1852.684,96.676,6.253,127.055,0.5142,HTTPS,camera
2025-01-23T03:38:00,970.315,59.847,9.644,137.912,1.3429,CoAP,gateway
2025-01-22T09:56:00,547.011,26.693,5.706,77.815,1.8774,CoAP,gateway
2025-01-23T07:07:00,378.241,59.543,3.275,15.413,0.0284,HTTPS,gateway
2025-01-22T10:55:00,1674.248,60.799,1.844,111.327,0.3441,HTTPS,camera
2025-01-22T15:34:00,22.914,234.179,3.185,0.05,1.6117,LoRaWAN,smart_meter
2025-01-22T16:14:00,58.985,28.214,0.1,6.532,0.24,MQTT,env_sensor
2025-01-22T11:07:00,1576.516,52.002,6.056,226.537,0.0341,HTTPS,camera
2025-01-22T21:43:00,1208.928,45.463,6.426,0.05,0.8487,HTTPS,gateway
2025-01-23T01:44:00,1010.935,17.476,4.386,30.661,0.2897,HTTPS,camera
2025-01-23T07:07:00,29.305,189.347,3.428,0.05,2.4527,LoRaWAN,smart_meter
2025-01-22T20:23:00,1392.835,40.934,1.312,90.639,0.7717,HTTPS,gateway
2025-01-23T00:15:00,1061.201,46.414,13.675,47.049,2.5307,HTTPS,gateway
2025-01-22T08:52:00,1270.106,61.879,3.82,55.752,0.1577,HTTPS,camera
2025-01-22T14:05:00,106.833,35.029,3.577,9.17,2.053,MQTT,env_sensor
2025-01-22T22:02:00,919.594,46.544,2.444,61.402,0.5244,HTTPS,gateway
2025-01-23T13:08:00,269.817,47.749,7.28,144.886,0.1336,HTTPS,camera
2025-01-21T23:24:00,121.98,20.36,10.436,9.198,1.7301,MQTT,actuator
2025-01-22T14:33:00,1578.709,59.884,2.499,17.896,0.0,HTTPS,gateway
2025-01-22T11:27:00,564.051,45.586,12.642,76.602,1.3955,CoAP,gateway
2025-01-22T03:22:00,924.355,95.305,9.373,68.202,0.9109,HTTPS,gateway
2025-01-23T12:35:00,15.438,237.547,4.951,0.51,0.0,LoRaWAN,smart_meter
2025-01-22T16:23:00,102.373,21.255,8.674,0.05,0.9215,MQTT,actuator
2025-01-21T21:42:00,1275.063,26.923,0.1,81.16,0.0,HTTPS,camera
2025-01-22T17:10:00,548.037,14.267,9.034,117.896,1.8571,CoAP,gateway
2025-01-23T12:02:00,19.335,228.724,1.132,0.686,5.834,LoRaWAN,smart_meter
2025-01-22T19:43:00,1299.949,53.596,12.837,43.451,0.0,HTTPS,camera
2025-01-22T05:43:00,1171.235,60.846,0.26,181.186,0.6343,HTTPS,camera
2025-01-22T14:19:00,1277.837,53.7,4.45,105.807,0.4234,HTTPS,camera
2025-01-22T03:18:00,8.0,72.686,13.898,73.27,0.1678,HTTPS,gateway
2025-01-23T09:07:00,1194.187,32.808,6.4,55.392,1.8869,HTTPS,gateway
2025-01-23T00:16:00,145.648,24.43,3.135,9.383,1.8673,MQTT,actuator
2025-01-22T08:46:00,173.122,47.805,10.728,46.765,1.3355,CoAP,gateway
2025-01-22T03:29:00,1140.806,112.046,6.165,239.177,1.0989,HTTPS,camera
2025-01-22T20:01:00,1521.546,74.697,6.608,198.543,1.0597,HTTPS,camera
2025-01-22T15:24:00,24.99,118.011,0.725,0.683,0.0,LoRaWAN,smart_meter
2025-01-22T08:12:00,32.37,13.982,0.473,3.635,0.7168,MQTT,env_sensor
2025-01-22T19:17:00,26.692,187.541,4.394,0.556,3.7492,LoRaWAN,smart_meter
2025-01-22T05:42:00,59.68,14.962,3.124,1.451,0.0,MQTT,env_sensor
2025-01-21T20:59:00,42.087,116.933,2.439,0.495,3.4982,LoRaWAN,smart_meter
2025-01-22T02:38:00,19.585,218.583,3.276,0.99,4.6708,LoRaWAN,smart_meter
2025-01-23T02:19:00,1708.355,39.336,9.023,89.392,0.3695,HTTPS,camera
2025-01-22T18:16:00,2118.721,66.257,0.632,35.861,0.9064,HTTPS,gateway
2025-01-21T23:01:00,2815.089,56.109,9.147,190.668,0.0,HTTPS,camera
2025-01-22T13:54:00,97.467,21.495,3.558,13.799,0.5297,MQTT,actuator
2025-01-22T13:51:00,137.304,14.966,10.472,0.05,1.1618,MQTT,actuator
2025-01-22T17:41:00,15.413,173.168,3.427,0.126,1.1312,LoRaWAN,smart_meter
2025-01-21T21:42:00,1231.213,23.011,0.19,26.35,0.9582,HTTPS,gateway
2025-01-22T14:36:00,1403.731,50.849,16.781,173.621,1.1379,HTTPS,gateway
2025-01-22T23:41:00,33.52,33.579,0.621,5.564,3.3121,MQTT,env_sensor
2025-01-23T12:22:00,36.403,188.689,1.94,0.612,2.4971,LoRaWAN,smart_meter
2025-01-23T02:14:00,128.974,12.404,4.377,7.509,0.6152,MQTT,actuator
2025-01-22T11:52:00,51.581,29.056,7.666,2.944,0.6344,CoAP,env_sensor
2025-01-22T17:42:00,2333.894,58.482,3.558,73.599,0.0,HTTPS,camera
2025-01-23T12:34:00,50.537,6.694,6.547,5.265,0.8485,MQTT,actuator
2025-01-22T20:31:00,27.767,28.938,0.1,0.385,2.6264,MQTT,env_sensor
2025-01-22T12:44:00,1063.351,20.706,3.657,223.413,0.2161,HTTPS,camera
2025-01-22T17:45:00,298.931,42.835,7.865,28.87,1.0038,CoAP,gateway
2025-01-22T15:14:00,78.847,29.889,1.654,6.044,0.6152,MQTT,env_sensor
2025-01-22T23:56:00,107.217,9.454,0.1,8.186,0.3264,MQTT,actuator
2025-01-23T13:16:00,49.005,19.054,6.283,7.709,0.0199,CoAP,env_sensor
2025-01-22T18:23:00,153.349,18.27,9.549,4.643,0.2807,CoAP,actuator
2025-01-22T21:20:00,39.431,33.44,3.703,4.001,1.3451,MQTT,env_sensor
2025-01-22T16:30:00,535.508,30.455,4.248,36.817,0.7774,HTTPS,gateway
2025-01-22T02:32:00,405.67,6.219,13.609,0.05,0.8781,CoAP,gateway
2025-01-21T23:01:00,55.447,21.259,9.185,6.412,1.4857,CoAP,actuator
2025-01-22T14:41:00,90.504,12.653,8.731,9.197,0.8163,MQTT,actuator
2025-01-22T07:41:00,101.263,26.723,2.956,0.221,0.3577,MQTT,env_sensor
2025-01-23T05:28:00,1089.885,31.829,1.947,167.565,1.1381,HTTPS,camera
2025-01-21T21:25:00,669.72,49.154,8.785,79.227,0.7593,HTTPS,gateway
2025-01-22T23:58:00,8.0,87.53,7.663,90.586,0.4083,HTTPS,camera
2025-01-22T01:25:00,20.231,167.699,2.052,0.345,3.4113,LoRaWAN,smart_meter
2025-01-22T23:44:00,316.441,46.127,16.187,133.427,1.0766,HTTPS,gateway
2025-01-21T22:20:00,726.533,105.976,4.678,35.478,1.2337,CoAP,camera
2025-01-22T16:27:00,22.623,217.128,3.695,0.201,4.0393,LoRaWAN,smart_meter
2025-01-21T20:27:00,86.996,12.796,5.24,3.718,3.583,MQTT,env_sensor
2025-01-22T05:07:00,282.531,58.795,2.826,3.113,1.5773,CoAP,gateway
2025-01-22T21:40:00,1895.348,80.907,0.668,184.763,0.5774,HTTPS,camera
2025-01-22T00:10:00,358.306,62.35,1.861,89.36,0.6594,HTTPS,camera
2025-01-22T03:31:00,1256.729,63.648,15.8,12.025,1.7833,MQTT,gateway
2025-01-22T22:49:00,126.864,20.495,6.247,9.704,0.2884,MQTT,actuator
2025-01-21T23:49:00,105.019,20.089,0.1,11.72,0.6372,MQTT,actuator
2025-01-23T09:54:00,26.498,193.403,1.732,0.356,6.3288,LoRaWAN,smart_meter
2025-01-21T23:36:00,1690.3,61.04,1.397,110.615,0.678,HTTPS,camera
2025-01-21T23:02:00,109.644,24.628,4.259,0.674,1.4191,MQTT,actuator
2025-01-22T08:54:00,14.369,196.747,3.101,0.841,4.8648,LoRaWAN,smart_meter
2025-01-23T09:21:00,35.452,135.118,2.966,0.117,5.5986,LoRaWAN,smart_meter
2025-01-22T06:54:00,1861.397,82.747,4.004,195.491,1.2613,HTTPS,camera
2025-01-22T02:12:00,313.162,42.78,10.799,38.342,1.4538,CoAP,gateway
2025-01-23T05:30:00,88.471,17.187,3.344,7.346,1.5712,MQTT,env_sensor
2025-01-23T07:27:00,30.458,114.088,3.189,0.382,3.0267,LoRaWAN,smart_meter
2025-01-22T04:32:00,48.316,33.356,5.923,2.854,0.0187,MQTT,env_sensor
2025-01-23T08:48:00,82.053,15.035,0.1,1.726,1.8716,MQTT,env_sensor
2025-01-21T23:31:00,1730.552,48.525,7.068,109.594,0.7221,HTTPS,camera
2025-01-22T20:20:00,148.977,1.975,12.739,9.555,0.049,MQTT,actuator
2025-01-22T22:11:00,22.759,221.37,2.446,0.607,5.4135,LoRaWAN,smart_meter
2025-01-22T03:51:00,49.286,33.777,5.062,4.704,0.0,MQTT,env_sensor
2025-01-23T13:03:00,78.309,24.79,3.431,4.024,0.6785,MQTT,env_sensor
2025-01-22T12:52:00,558.886,1.0,0.1,107.375,0.8175,HTTPS,gateway
2025-01-22T11:29:00,115.234,21.46,2.757,4.92,0.8544,MQTT,actuator
2025-01-22T17:23:00,1670.848,94.435,1.509,155.101,0.818,HTTPS,camera
2025-01-23T07:13:00,94.005,14.865,7.742,8.903,0.6686,MQTT,actuator
2025-01-22T19:52:00,153.459,8.687,4.347,9.031,0.605,MQTT,actuator
2025-01-23T02:22:00,2866.391,71.608,5.585,110.005,0.7309,HTTPS,camera
2025-01-23T08:03:00,25.96,257.179,0.469,0.149,3.3979,LoRaWAN,smart_meter
2025-01-22T11:50:00,81.635,18.146,5.107,3.673,2.3138,MQTT,env_sensor
2025-01-21T20:54:00,75.659,39.114,1.822,0.05,0.0,MQTT,env_sensor
2025-01-22T00:15:00,143.3,3.18,5.567,9.972,1.0072,CoAP,actuator
2025-01-23T01:35:00,30.121,117.381,2.107,0.133,7.2592,LoRaWAN,smart_meter
2025-01-22T08:12:00,36.584,148.143,0.765,0.79,2.5817,LoRaWAN,smart_meter
2025-01-23T07:32:00,92.534,19.415,1.845,0.05,0.0,MQTT,env_sensor
2025-01-21T20:04:00,657.323,41.537,17.32,0.05,0.0,HTTPS,gateway
2025-01-21T20:02:00,130.383,19.674,4.296,8.465,0.7107,MQTT,actuator
2025-01-23T10:39:00,39.562,213.102,1.246,0.333,4.4034,LoRaWAN,smart_meter
2025-01-22T02:20:00,85.009,17.723,8.821,3.181,2.6214,MQTT,env_sensor
2025-01-22T03:05:00,78.112,30.333,3.009,7.972,0.0247,MQTT,actuator
2025-01-22T10:43:00,67.763,34.601,2.711,6.864,1.0355,MQTT,env_sensor
2025-01-23T05:13:00,8.0,54.541,12.232,74.849,2.302,MQTT,gateway
2025-01-21T22:10:00,720.041,38.871,13.89,158.305,0.8001,HTTPS,gateway
2025-01-22T07:18:00,15.601,35.675,5.411,2.646,1.1477,CoAP,env_sensor
2025-01-22T13:53:00,1563.451,34.446,13.391,4.287,2.1572,CoAP,gateway
2025-01-22T17:37:00,126.848,14.814,0.1,7.629,0.397,MQTT,actuator
2025-01-22T12:14:00,32.152,109.18,3.397,0.737,2.056,LoRaWAN,smart_meter
2025-01-22T14:56:00,32.274,155.166,1.964,0.05,0.4743,LoRaWAN,smart_meter
2025-01-23T08:34:00,1890.194,32.376,2.817,122.088,1.1118,HTTPS,camera
2025-01-22T02:24:00,30.115,215.274,1.631,0.194,3.8646,LoRaWAN,smart_meter
2025-01-22T18:17:00,47.083,15.347,2.754,3.746,0.0,MQTT,env_sensor
2025-01-21T21:02:00,34.277,172.844,0.11,0.423,5.5356,LoRaWAN,smart_meter
2025-01-22T21:21:00,1298.932,57.243,3.572,190.141,1.0526,HTTPS,camera
2025-01-22T05:14:00,92.216,35.749,3.929,5.52,2.0522,MQTT,env_sensor
2025-01-22T00:45:00,144.06,12.019,0.1,13.833,0.997,MQTT,actuator
2025-01-22T08:13:00,985.736,69.418,6.817,17.525,0.0,CoAP,gateway
2025-01-22T13:49:00,71.958,8.017,4.08,6.181,0.2704,MQTT,env_sensor
2025-01-22T19:02:00,27.434,38.785,4.682,0.05,0.5203,LoRaWAN,env_sensor
2025-01-23T00:41:00,32.618,91.231,2.251,0.598,1.1158,MQTT,smart_meter
2025-01-22T05:30:00,57.934,21.528,0.1,9.248,2.0714,MQTT,env_sensor
2025-01-22T03:37:00,787.352,93.715,6.851,165.782,0.2496,HTTPS,camera
2025-01-23T03:06:00,34.639,229.12,2.629,0.608,0.3036,LoRaWAN,smart_meter
2025-01-21T20:04:00,57.352,51.839,1.171,3.434,0.0364,MQTT,env_sensor
2025-01-22T00:39:00,750.386,65.964,0.997,33.856,0.0,HTTPS,gateway
2025-01-22T02:48:00,33.676,25.936,0.707,3.795,0.5055,MQTT,env_sensor
2025-01-22T04:32:00,8.447,234.749,0.1,0.255,0.2537,LoRaWAN,smart_meter
2025-01-23T03:20:00,91.612,22.056,2.039,7.629,2.2961,MQTT,env_sensor
2025-01-22T21:07:00,9.327,261.346,0.423,0.239,2.2915,MQTT,smart_meter
2025-01-23T13:16:00,1066.699,53.173,5.11,132.53,0.2911,HTTPS,camera
2025-01-22T13:51:00,855.289,7.217,9.167,45.062,0.7054,CoAP,gateway
2025-01-22T18:35:00,43.422,205.969,0.772,0.656,4.3002,LoRaWAN,smart_meter
2025-01-22T12:35:00,63.925,12.67,1.79,1.546,2.3652,MQTT,env_sensor
2025-01-23T11:12:00,124.311,14.354,4.767,10.091,0.5462,MQTT,actuator
2025-01-23T09:02:00,84.61,20.84,2.353,1.703,0.1151,MQTT,env_sensor
2025-01-22T14:37:00,66.821,21.745,1.647,6.886,2.3405,MQTT,env_sensor
2025-01-22T12:57:00,704.713,56.677,1.765,93.603,0.7211,HTTPS,camera
2025-01-21T21:52:00,8.0,60.204,13.346,22.91,0.9462,CoAP,gateway
2025-01-22T05:56:00,46.763,25.117,4.012,1.92,2.4569,MQTT,env_sensor
2025-01-23T09:44:00,104.508,20.669,5.57,12.442,2.3404,MQTT,actuator
2025-01-23T00:40:00,785.904,20.188,0.1,99.771,0.0,HTTPS,gateway
2025-01-22T07:47:00,100.496,22.073,6.419,1.134,1.7833,MQTT,env_sensor
2025-01-22T14:00:00,760.633,63.805,3.539,75.304,1.016,HTTPS,gateway
2025-01-23T06:57:00,1581.271,28.468,8.925,74.216,0.7454,HTTPS,gateway
2025-01-23T04:14:00,37.664,102.333,1.503,0.296,0.7436,LoRaWAN,smart_meter
2025-01-22T11:32:00,146.511,15.738,4.753,4.112,0.994,MQTT,actuator
2025-01-22T10:07:00,107.923,22.275,6.948,4.439,0.0,CoAP,actuator
2025-01-22T04:09:00,128.549,16.771,9.096,9.804,1.145,MQTT,actuator
2025-01-22T01:42:00,131.526,12.93,2.166,0.604,0.0,MQTT,actuator
2025-01-22T18:49:00,85.021,1.0,0.1,0.138,0.4434,MQTT,env_sensor
2025-01-22T12:04:00,66.633,27.511,4.657,5.879,1.7215,MQTT,actuator
2025-01-21T22:58:00,67.678,23.388,5.745,3.329,1.4713,CoAP,actuator
2025-01-23T11:40:00,1158.404,42.162,12.349,23.193,0.0314,HTTPS,gateway
2025-01-22T16:34:00,1987.009,86.802,4.184,157.42,0.983,HTTPS,camera
2025-01-22T02:21:00,1649.589,39.058,0.648,135.621,0.8763,HTTPS,camera
2025-01-23T05:55:00,42.208,26.622,3.239,2.531,0.3801,MQTT,env_sensor
2025-01-22T06:51:00,63.881,33.904,3.268,1.344,1.9284,MQTT,env_sensor
2025-01-23T09:36:00,1359.277,31.743,0.1,45.239,0.6991,HTTPS,camera
2025-01-21T22:21:00,420.241,56.235,0.1,118.865,0.8263,HTTPS,gateway
2025-01-22T13:59:00,552.521,32.457,10.329,55.302,0.4135,HTTPS,gateway
2025-01-22T19:34:00,40.701,53.243,0.152,0.289,3.2177,MQTT,smart_meter
2025-01-23T05:27:00,101.168,17.314,11.855,10.308,1.2336,MQTT,actuator
2025-01-22T09:42:00,56.194,22.891,4.436,6.214,1.3871,MQTT,env_sensor
2025-01-22T19:17:00,569.867,37.046,6.547,150.735,0.2232,HTTPS,camera
2025-01-23T00:49:00,61.084,33.261,6.569,1.287,2.8803,MQTT,env_sensor
2025-01-22T18:50:00,2436.158,68.817,6.264,157.17,0.2905,HTTPS,camera
2025-01-22T20:57:00,100.93,26.482,6.787,10.501,1.8628,MQTT,actuator
2025-01-22T14:15:00,312.203,50.257,12.635,77.723,2.9718,CoAP,gateway
2025-01-21T22:56:00,1145.528,92.233,6.851,101.317,0.0057,HTTPS,gateway
2025-01-23T13:35:00,94.19,22.052,9.374,4.243,1.2506,MQTT,actuator
2025-01-23T08:36:00,102.285,34.831,2.445,6.263,2.6524,MQTT,env_sensor
2025-01-22T19:47:00,112.667,22.748,3.653,13.326,1.7809,MQTT,actuator
2025-01-21T21:48:00,57.925,21.206,1.677,8.517,0.7391,MQTT,actuator
2025-01-21T21:14:00,1714.279,71.55,5.219,167.787,0.1378,HTTPS,camera
2025-01-23T12:33:00,113.525,12.581,10.94,2.681,0.2134,MQTT,actuator
2025-01-22T20:48:00,113.291,17.085,0.58,7.254,0.1994,MQTT,actuator
2025-01-22T23:11:00,18.076,13.875,6.31,5.136,0.125,MQTT,env_sensor
2025-01-22T05:31:00,77.219,18.017,6.124,6.248,0.609,MQTT,actuator
2025-01-23T08:57:00,115.043,23.324,5.081,9.383,1.635,CoAP,actuator
2025-01-22T21:29:00,61.457,17.798,8.408,6.057,1.2317,MQTT,actuator
2025-01-22T14:01:00,2136.588,90.704,5.962,44.469,0.9675,HTTPS,camera
2025-01-22T19:09:00,977.737,70.417,5.108,129.121,1.4892,CoAP,camera
2025-01-23T08:59:00,1326.809,59.593,18.411,86.294,2.1915,HTTPS,gateway
2025-01-23T12:11:00,427.069,36.443,10.428,78.603,0.7342,HTTPS,gateway
2025-01-22T01:50:00,62.978,27.733,1.768,0.669,1.5803,MQTT,env_sensor
2025-01-21T20:33:00,20.964,104.455,1.017,0.641,4.2545,LoRaWAN,smart_meter
2025-01-23T02:54:00,35.134,35.54,0.1,4.623,0.2072,MQTT,env_sensor
2025-01-22T07:14:00,96.292,20.415,5.655,9.911,0.0,CoAP,actuator
2025-01-23T06:16:00,75.588,1.022,2.669,4.733,2.136,MQTT,env_sensor
2025-01-22T23:16:00,37.027,160.469,0.1,0.198,0.9405,LoRaWAN,smart_meter
2025-01-21T20:10:00,28.276,315.481,1.327,1.01,4.5387,MQTT,smart_meter
2025-01-22T07:48:00,1308.857,45.568,17.35,41.375,1.652,HTTPS,gateway
2025-01-23T07:53:00,1205.659,56.144,6.855,134.316,0.6278,HTTPS,camera
2025-01-21T21:12:00,1028.653,91.648,6.98,201.677,0.4242,HTTPS,camera
2025-01-22T21:30:00,25.466,205.992,1.428,0.485,5.1576,LoRaWAN,smart_meter
2025-01-23T05:15:00,1039.891,14.647,9.83,29.372,1.4042,CoAP,gateway
2025-01-22T23:09:00,73.69,36.269,1.557,2.803,3.2453,MQTT,env_sensor
2025-01-22T12:11:00,58.08,27.149,0.36,5.625,1.6755,MQTT,env_sensor
2025-01-22T15:45:00,26.728,167.737,0.1,0.737,1.286,LoRaWAN,smart_meter
2025-01-22T22:33:00,95.046,13.5,6.863,12.987,0.0,MQTT,actuator
2025-01-22T12:31:00,16.454,198.608,4.342,0.081,3.6636,LoRaWAN,smart_meter
2025-01-22T22:08:00,55.351,15.657,4.011,7.108,1.5287,MQTT,env_sensor
2025-01-22T15:55:00,84.556,13.368,0.1,13.773,1.0981,MQTT,actuator
2025-01-22T06:23:00,2087.059,50.569,2.031,172.76,0.9747,HTTPS,camera
2025-01-22T21:14:00,30.606,312.887,3.117,0.702,5.6468,LoRaWAN,smart_meter
2025-01-22T05:17:00,1020.277,34.453,1.875,40.844,1.6914,CoAP,gateway
2025-01-23T04:16:00,859.167,44.003,1.577,123.923,0.456,HTTPS,gateway
2025-01-22T21:22:00,669.768,41.073,7.204,97.034,0.9663,HTTPS,gateway
2025-01-23T02:14:00,2096.581,68.214,0.135,36.761,0.9626,HTTPS,camera
2025-01-22T13:28:00,1946.826,98.733,1.012,201.479,0.4398,HTTPS,camera
2025-01-23T05:07:00,1139.035,46.412,11.347,111.846,0.7004,HTTPS,gateway
2025-01-22T02:16:00,92.953,25.244,0.898,5.226,1.7257,MQTT,env_sensor
2025-01-22T01:12:00,87.888,25.654,5.874,1.893,0.0,MQTT,env_sensor
2025-01-22T00:25:00,22.602,190.766,3.367,0.57,2.0383,LoRaWAN,smart_meter
2025-01-22T08:00:00,28.851,285.122,2.53,0.286,4.6859,LoRaWAN,smart_meter
2025-01-22T17:18:00,30.511,167.775,1.488,0.62,5.2714,LoRaWAN,smart_meter
2025-01-22T07:56:00,8.0,25.251,7.19,83.194,0.0,MQTT,gateway
2025-01-22T00:45:00,33.984,290.585,0.1,0.511,4.1993,LoRaWAN,smart_meter
2025-01-22T14:40:00,26.149,188.354,1.235,0.121,4.3323,LoRaWAN,smart_meter
2025-01-21T22:04:00,39.43,134.605,0.881,0.432,3.7489,LoRaWAN,smart_meter
2025-01-22T16:08:00,72.231,22.206,6.505,9.181,1.5279,MQTT,actuator
2025-01-23T05:41:00,1095.312,57.712,6.566,55.161,2.4874,HTTPS,gateway
2025-01-22T20:50:00,119.553,14.741,6.028,12.958,0.0,MQTT,actuator
2025-01-23T09:14:00,98.347,40.348,3.326,4.395,2.3194,MQTT,env_sensor
2025-01-22T16:29:00,2192.347,33.506,0.2,105.082,0.2259,HTTPS,camera
2025-01-23T10:28:00,607.422,27.64,0.1,23.664,3.7785,MQTT,gateway
2025-01-23T00:40:00,2292.412,60.81,5.129,106.361,0.7687,HTTPS,camera
2025-01-21T20:42:00,440.023,94.809,1.899,207.59,1.593,CoAP,camera
2025-01-21T23:46:00,34.942,173.984,0.233,0.065,1.4533,LoRaWAN,smart_meter
2025-01-22T04:45:00,1086.097,29.24,6.445,6.246,0.9646,CoAP,gateway
2025-01-23T09:20:00,74.429,17.593,4.736,4.069,0.4109,MQTT,env_sensor
2025-01-23T00:03:00,534.281,37.653,9.023,66.46,0.7536,HTTPS,gateway
2025-01-22T13:26:00,31.455,248.974,1.112,0.491,0.0,LoRaWAN,smart_meter
2025-01-21T23:42:00,89.711,22.882,6.126,11.275,1.3506,MQTT,actuator
2025-01-22T19:36:00,1668.252,96.213,6.206,173.063,0.4276,HTTPS,camera
2025-01-23T13:20:00,26.307,262.413,0.783,0.093,3.0311,LoRaWAN,smart_meter
2025-01-23T13:00:00,1515.795,65.154,1.679,103.256,1.4706,HTTPS,camera
2025-01-22T01:03:00,76.934,19.097,0.1,5.088,1.3635,MQTT,env_sensor
2025-01-22T17:27:00,806.61,66.918,6.312,154.126,0.5892,HTTPS,gateway
2025-01-23T01:33:00,500.603,14.68,3.077,105.964,0.3992,HTTPS,gateway
2025-01-23T10:06:00,1912.31,100.012,5.737,119.98,0.3986,HTTPS,camera
2025-01-22T15:40:00,1511.611,13.818,2.559,101.664,0.5272,HTTPS,camera
2025-01-22T05:56:00,27.385,219.888,4.635,0.05,4.9455,MQTT,smart_meter
2025-01-23T07:36:00,19.943,148.574,5.745,0.161,1.2666,LoRaWAN,smart_meter
2025-01-22T20:16:00,47.697,29.356,0.494,2.432,0.5336,MQTT,env_sensor
2025-01-23T01:33:00,1165.224,94.039,1.366,155.307,0.1571,HTTPS,camera
2025-01-22T17:59:00,986.971,69.6,16.8,65.271,1.4344,CoAP,gateway
2025-01-21T20:29:00,629.641,22.991,0.407,32.391,1.3387,MQTT,gateway
2025-01-23T03:12:00,40.225,238.399,1.749,0.062,2.5963,LoRaWAN,smart_meter
2025-01-22T14:35:00,30.241,255.607,0.324,0.05,0.0,LoRaWAN,smart_meter
2025-01-23T03:24:00,56.181,30.702,3.893,5.233,0.1738,MQTT,env_sensor
2025-01-22T17:52:00,111.273,17.557,4.138,2.287,1.281,MQTT,actuator
2025-01-23T05:30:00,2938.447,57.611,1.979,139.526,0.2178,HTTPS,camera
2025-01-22T17:59:00,31.993,104.216,3.365,0.817,5.505,LoRaWAN,smart_meter
2025-01-23T01:43:00,27.551,87.803,3.07,0.825,6.6131,LoRaWAN,smart_meter
2025-01-22T03:43:00,22.486,138.458,0.626,0.132,4.5354,LoRaWAN,smart_meter
2025-01-22T16:28:00,29.896,174.52,3.17,0.681,4.7464,LoRaWAN,smart_meter
2025-01-21T21:10:00,97.23,26.329,5.879,11.434,1.5575,MQTT,actuator
2025-01-22T10:08:00,122.902,17.701,5.406,11.051,0.7143,MQTT,actuator
2025-01-22T06:04:00,30.089,98.53,3.373,0.77,4.1134,LoRaWAN,smart_meter
2025-01-22T02:07:00,79.452,20.647,4.151,8.69,0.592,MQTT,actuator
2025-01-22T12:38:00,146.779,10.744,13.616,5.745,0.5543,MQTT,actuator
2025-01-22T16:49:00,34.748,267.424,4.956,0.44,7.1225,LoRaWAN,smart_meter
2025-01-22T17:53:00,656.163,70.23,1.14,73.788,0.0,HTTPS,gateway
2025-01-23T10:55:00,17.746,229.847,0.928,0.05,0.5994,LoRaWAN,smart_meter
2025-01-22T03:02:00,97.493,27.568,3.392,6.083,2.4646,MQTT,env_sensor
2025-01-23T10:31:00,33.027,148.351,0.1,0.086,5.3583,LoRaWAN,smart_meter
2025-01-22T18:09:00,1270.677,60.304,0.1,46.678,3.1314,HTTPS,gateway
2025-01-22T02:57:00,133.673,48.674,9.148,19.789,1.5384,MQTT,gateway
2025-01-23T06:30:00,108.969,35.591,0.778,6.508,1.7445,MQTT,env_sensor
2025-01-23T00:30:00,1621.028,56.026,6.572,35.963,1.0006,CoAP,gateway
2025-01-22T00:03:00,685.364,84.748,7.454,237.208,0.8599,HTTPS,camera
2025-01-22T11:25:00,102.021,38.644,4.235,8.308,1.825,MQTT,env_sensor
2025-01-21T23:46:00,86.949,29.0,2.816,2.506,3.9721,MQTT,env_sensor
2025-01-22T12:58:00,85.763,17.268,5.197,14.608,0.0,CoAP,actuator
2025-01-22T15:27:00,30.172,143.847,2.385,0.227,5.2639,LoRaWAN,smart_meter
2025-01-22T15:18:00,83.544,31.49,1.686,4.511,0.0,MQTT,env_sensor
2025-01-23T01:05:00,55.113,5.869,0.63,5.589,1.149,MQTT,env_sensor
2025-01-22T04:39:00,71.737,20.534,2.156,7.292,2.2202,MQTT,env_sensor
2025-01-23T02:57:00,1794.06,21.297,12.967,19.94,0.3738,HTTPS,gateway
2025-01-22T00:10:00,30.816,271.58,1.975,0.68,0.0,LoRaWAN,smart_meter
2025-01-23T05:29:00,80.108,22.422,5.866,6.415,2.3848,MQTT,env_sensor
2025-01-23T01:32:00,605.589,66.858,6.462,14.382,1.5762,CoAP,gateway
2025-01-22T06:15:00,8.0,63.588,17.051,53.324,2.0797,CoAP,gateway
2025-01-22T16:00:00,578.003,48.079,3.043,17.431,0.0,HTTPS,gateway
2025-01-22T04:24:00,1529.514,72.833,4.013,77.775,0.0,HTTPS,camera
2025-01-23T02:20:00,8.0,73.226,6.249,39.021,0.0,HTTPS,gateway
2025-01-23T07:02:00,2587.225,59.545,5.145,40.53,0.5789,HTTPS,camera
2025-01-22T15:53:00,61.591,36.318,6.559,6.483,0.568,CoAP,env_sensor
2025-01-23T04:33:00,456.866,50.625,15.15,39.473,2.1224,CoAP,gateway
2025-01-23T11:54:00,2465.559,69.778,11.097,167.322,0.1904,HTTPS,camera
2025-01-22T09:09:00,1029.29,39.195,5.496,19.359,1.3785,HTTPS,gateway
2025-01-21T20:08:00,138.283,10.902,5.266,8.346,0.0,CoAP,actuator
2025-01-22T22:32:00,66.342,37.744,4.35,7.193,3.5001,MQTT,env_sensor
2025-01-23T10:05:00,113.088,23.775,3.463,6.633,1.186,MQTT,actuator
2025-01-23T10:04:00,130.021,10.16,4.054,8.084,0.7216,MQTT,env_sensor
2025-01-23T01:04:00,48.494,15.514,2.63,4.995,1.1731,MQTT,env_sensor
2025-01-22T23:01:00,31.248,180.813,2.595,0.49,7.3698,LoRaWAN,smart_meter
2025-01-22T15:11:00,1080.271,73.377,0.1,44.111,1.1905,HTTPS,gateway
2025-01-22T08:33:00,90.108,17.32,0.1,16.402,0.5464,MQTT,actuator
2025-01-22T03:13:00,100.396,8.704,5.692,3.913,0.0,MQTT,actuator
2025-01-21T20:39:00,21.876,83.518,0.287,0.424,3.4274,MQTT,smart_meter
2025-01-22T01:18:00,121.405,18.571,3.219,7.45,0.6302,MQTT,actuator
2025-01-22T19:37:00,2395.035,41.18,5.826,119.267,1.4337,HTTPS,camera
2025-01-23T04:23:00,111.156,17.938,6.015,11.741,0.0,CoAP,actuator
2025-01-23T04:20:00,121.411,20.874,8.973,5.988,0.1921,MQTT,actuator
2025-01-22T09:24:00,132.354,22.065,5.214,8.588,2.0604,MQTT,actuator
2025-01-23T02:21:00,653.706,25.786,3.534,53.973,1.2748,MQTT,gateway
2025-01-22T09:53:00,63.361,19.423,2.363,0.948,0.0,MQTT,env_sensor
2025-01-23T12:52:00,93.647,25.628,9.244,14.28,0.5794,MQTT,actuator
2025-01-23T10:53:00,70.757,34.618,5.695,9.61,1.2147,MQTT,env_sensor
2025-01-23T01:58:00,1845.17,51.538,5.528,85.509,1.1908,HTTPS,camera
2025-01-22T21:00:00,43.234,93.415,3.833,0.771,2.2262,MQTT,smart_meter
2025-01-22T14:52:00,25.532,213.139,1.424,0.069,5.2611,LoRaWAN,smart_meter
2025-01-22T15:31:00,75.357,18.814,0.1,0.215,0.027,MQTT,env_sensor
2025-01-21T22:32:00,24.661,154.542,0.353,0.05,2.2874,LoRaWAN,smart_meter
2025-01-23T13:21:00,50.313,29.401,4.133,0.05,1.2454,MQTT,env_sensor
2025-01-23T11:55:00,111.566,30.152,5.316,4.182,0.7132,MQTT,actuator
2025-01-22T10:59:00,121.409,13.62,6.414,5.8,0.9144,MQTT,actuator
2025-01-22T17:45:00,13.437,38.944,3.945,5.165,0.9354,MQTT,env_sensor
2025-01-22T05:27:00,34.991,136.883,3.28,0.883,2.0082,LoRaWAN,smart_meter
2025-01-22T00:55:00,157.56,18.316,1.293,4.764,1.4241,MQTT,actuator
2025-01-23T03:11:00,13.343,188.214,6.874,0.601,1.0007,LoRaWAN,smart_meter
2025-01-22T04:38:00,41.384,116.729,3.424,0.745,5.6962,LoRaWAN,smart_meter
2025-01-22T05:08:00,64.203,52.025,4.773,4.388,0.4117,MQTT,env_sensor
2025-01-23T04:45:00,1891.867,54.568,3.363,208.654,1.2997,HTTPS,camera
2025-01-22T01:46:00,54.138,30.172,2.479,8.649,0.0,MQTT,env_sensor
2025-01-23T01:14:00,117.542,15.612,0.882,15.887,0.0,MQTT,actuator
2025-01-21T21:59:00,47.036,239.863,5.159,0.246,0.0,LoRaWAN,smart_meter
2025-01-22T16:35:00,838.792,59.793,8.96,106.698,0.1856,HTTPS,camera
2025-01-21T23:58:00,64.676,9.919,1.579,3.714,0.0,MQTT,env_sensor
2025-01-22T15:00:00,2300.363,49.327,1.626,103.961,0.2956,HTTPS,camera
2025-01-22T14:46:00,789.111,52.952,3.536,47.291,0.2396,HTTPS,gateway
2025-01-22T06:48:00,100.986,26.566,0.435,5.796,1.7732,MQTT,env_sensor
2025-01-23T09:52:00,79.598,25.498,1.609,4.119,1.8156,MQTT,env_sensor
2025-01-22T02:05:00,141.766,22.195,6.441,8.162,0.7448,MQTT,actuator
2025-01-22T21:07:00,83.3,1.0,1.657,6.302,0.0,MQTT,env_sensor
2025-01-23T08:44:00,384.919,65.107,8.523,30.834,0.6079,CoAP,gateway
2025-01-21T21:04:00,1235.755,58.89,9.041,131.101,0.2864,HTTPS,camera
2025-01-22T19:08:00,98.107,31.064,9.956,6.765,1.6478,MQTT,actuator
2025-01-23T01:41:00,23.232,178.365,2.427,1.37,0.6505,MQTT,smart_meter
2025-01-23T11:29:00,119.936,15.953,5.665,4.967,0.0,MQTT,actuator
2025-01-23T13:17:00,21.835,180.938,0.1,0.05,1.8862,LoRaWAN,smart_meter
2025-01-22T18:30:00,1185.037,41.614,13.685,66.058,1.0153,HTTPS,gateway
2025-01-22T06:11:00,19.428,163.665,3.345,0.05,4.735,LoRaWAN,smart_meter
2025-01-23T09:33:00,35.071,22.661,5.845,2.027,1.6262,MQTT,env_sensor
2025-01-23T03:23:00,45.6,12.422,0.1,0.05,2.2431,LoRaWAN,env_sensor
2025-01-22T09:21:00,93.35,26.473,6.188,5.593,1.0727,MQTT,env_sensor
2025-01-22T00:24:00,46.816,3.26,7.712,14.723,0.7682,MQTT,actuator
2025-01-23T11:35:00,121.346,18.04,4.143,5.407,0.0,MQTT,actuator
2025-01-23T03:08:00,16.5,166.934,5.187,0.176,3.0823,LoRaWAN,smart_meter
2025-01-22T15:45:00,1013.871,55.355,0.1,123.212,0.8614,HTTPS,camera
2025-01-22T00:48:00,28.361,170.882,2.285,0.05,0.0,LoRaWAN,smart_meter
2025-01-22T09:12:00,557.003,34.058,3.816,101.872,1.5337,HTTPS,gateway
2025-01-22T11:59:00,22.419,213.572,2.053,0.05,3.0514,LoRaWAN,smart_meter
2025-01-22T08:33:00,29.318,197.112,2.378,0.171,2.3941,LoRaWAN,smart_meter
2025-01-22T15:28:00,69.688,12.493,1.589,3.644,1.8331,MQTT,env_sensor
2025-01-22T11:19:00,1563.095,67.781,4.054,129.628,0.2433,HTTPS,camera
2025-01-23T01:39:00,1440.265,33.653,0.1,229.905,0.792,HTTPS,camera
2025-01-22T15:00:00,1725.321,51.674,7.841,63.933,0.7671,HTTPS,gateway
2025-01-22T13:08:00,1954.564,40.631,7.243,136.765,0.0,HTTPS,camera
2025-01-23T11:05:00,733.819,25.319,10.545,68.916,1.0557,CoAP,gateway
2025-01-23T04:42:00,1306.744,44.021,0.1,0.05,0.6305,HTTPS,gateway
2025-01-22T08:16:00,1782.998,10.779,8.683,48.357,0.3615,HTTPS,gateway
2025-01-23T07:34:00,62.211,43.841,5.965,2.188,1.714,MQTT,env_sensor
2025-01-22T13:09:00,66.682,14.391,5.247,5.936,1.6052,MQTT,env_sensor
2025-01-23T03:56:00,86.71,13.054,7.958,5.099,1.4556,MQTT,env_sensor
2025-01-22T05:50:00,2311.19,55.243,4.487,71.465,0.7903,HTTPS,camera
2025-01-23T05:44:00,42.581,48.394,4.89,0.617,1.5539,MQTT,smart_meter
2025-01-23T10:09:00,43.068,239.234,2.803,0.817,1.0627,LoRaWAN,smart_meter
2025-01-22T13:32:00,91.381,11.646,0.1,9.526,0.6342,MQTT,actuator
2025-01-22T01:49:00,1293.475,55.243,1.099,113.627,2.0387,HTTPS,gateway
2025-01-23T06:51:00,1580.61,53.336,13.459,49.687,0.8469,HTTPS,gateway
2025-01-23T12:27:00,25.572,224.607,2.824,0.154,1.0873,LoRaWAN,smart_meter
2025-01-22T08:52:00,755.151,45.828,5.144,69.169,1.1214,CoAP,gateway
2025-01-21T23:52:00,541.512,14.8,6.254,33.007,2.0059,CoAP,gateway
2025-01-22T19:11:00,99.146,33.898,2.74,3.963,0.8855,MQTT,actuator
2025-01-21T21:16:00,44.609,172.156,3.28,0.764,0.6834,LoRaWAN,smart_meter
2025-01-21T22:55:00,566.172,24.312,3.976,65.723,1.2585,CoAP,gateway
2025-01-22T12:30:00,119.402,6.472,5.951,4.452,0.4905,CoAP,actuator
2025-01-22T06:31:00,84.204,12.207,2.212,8.313,0.5548,MQTT,actuator
2025-01-23T04:14:00,1021.927,37.03,4.432,93.334,0.4359,HTTPS,gateway
2025-01-23T03:57:00,1483.399,60.656,6.924,102.312,1.5841,HTTPS,gateway
2025-01-22T09:50:00,343.204,93.138,9.618,67.563,0.3096,HTTPS,camera
2025-01-23T03:33:00,112.775,46.118,3.403,3.095,0.274,MQTT,env_sensor
2025-01-22T22:26:00,1593.636,98.776,1.281,250.511,0.0844,HTTPS,camera
2025-01-22T02:15:00,142.93,12.33,5.764,16.35,1.081,MQTT,actuator
2025-01-22T09:54:00,377.733,51.478,8.309,0.05,2.5305,CoAP,gateway
2025-01-23T07:17:00,1241.949,91.906,0.1,51.107,0.1423,HTTPS,camera
2025-01-21T20:05:00,1649.176,3.855,11.286,72.439,1.0009,HTTPS,camera
2025-01-23T03:49:00,27.942,131.24,1.128,0.419,2.3203,LoRaWAN,smart_meter
2025-01-22T20:21:00,82.393,34.359,2.517,5.321,0.5046,MQTT,env_sensor
2025-01-22T18:27:00,113.279,16.217,5.939,8.833,0.9074,MQTT,actuator
2025-01-22T00:37:00,152.169,21.231,3.256,2.186,0.0,MQTT,actuator
2025-01-23T11:43:00,1666.465,6.686,7.523,182.728,0.1068,HTTPS,camera
2025-01-22T10:46:00,2091.694,1.0,5.984,43.098,1.0771,MQTT,camera
2025-01-22T15:06:00,1927.608,65.622,0.616,45.38,0.7299,HTTPS,camera
2025-01-22T05:41:00,13.103,149.673,1.627,0.22,3.2934,LoRaWAN,smart_meter
2025-01-22T01:23:00,17.613,214.042,5.131,0.05,3.293,LoRaWAN,smart_meter
2025-01-22T21:30:00,1101.902,90.917,17.568,81.199,0.1554,HTTPS,gateway
2025-01-21T21:51:00,126.887,15.651,8.103,9.263,2.0866,MQTT,actuator
2025-01-22T11:32:00,34.447,30.935,5.128,2.651,0.0,CoAP,env_sensor
2025-01-23T02:51:00,346.56,65.228,0.791,97.102,0.2829,HTTPS,gateway
2025-01-22T17:06:00,923.942,46.64,2.311,183.761,0.2166,HTTPS,camera
2025-01-22T22:52:00,1026.793,43.427,8.409,62.92,0.0,HTTPS,gateway
2025-01-22T07:08:00,31.999,126.666,2.303,0.365,2.0339,LoRaWAN,smart_meter
2025-01-22T11:53:00,85.984,27.192,3.332,6.656,2.7859,MQTT,env_sensor
2025-01-22T02:36:00,23.243,7.261,2.153,6.166,0.4105,MQTT,env_sensor
2025-01-22T00:59:00,753.579,65.703,4.316,156.14,0.1033,HTTPS,camera
2025-01-23T00:03:00,61.196,17.495,4.682,11.763,0.2992,MQTT,actuator
2025-01-22T10:09:00,98.171,3.787,6.506,4.857,0.0,MQTT,actuator
2025-01-23T05:37:00,24.379,244.35,2.633,0.071,0.8013,LoRaWAN,smart_meter
2025-01-22T07:19:00,142.624,32.452,10.347,69.007,1.242,MQTT,gateway
2025-01-21T22:42:00,1281.028,111.129,4.661,174.659,0.7956,HTTPS,camera
2025-01-22T16:22:00,18.11,125.629,0.716,0.48,0.2626,LoRaWAN,smart_meter
2025-01-21T20:21:00,31.988,191.369,0.528,0.793,1.0442,LoRaWAN,smart_meter
2025-01-21T20:59:00,54.903,17.804,3.251,4.036,2.6185,MQTT,env_sensor
2025-01-21T22:59:00,785.292,5.329,9.427,95.943,0.0,HTTPS,gateway
2025-01-22T11:11:00,93.833,5.776,8.551,3.67,2.1022,MQTT,actuator
2025-01-22T08:40:00,119.276,20.672,2.823,1.127,0.2796,MQTT,env_sensor
2025-01-22T20:35:00,39.786,94.939,1.773,0.324,2.0143,MQTT,smart_meter
2025-01-22T07:34:00,789.421,71.15,2.606,9.705,0.0316,CoAP,gateway
2025-01-21T21:09:00,135.79,15.061,3.294,4.896,1.0414,MQTT,actuator
2025-01-22T20:05:00,102.768,16.402,6.432,3.485,0.0,CoAP,actuator
2025-01-23T09:46:00,610.334,94.111,0.465,156.285,0.2402,HTTPS,camera
2025-01-23T12:16:00,65.555,21.654,4.164,2.847,1.7056,MQTT,env_sensor
2025-01-22T14:08:00,32.464,169.817,1.542,0.63,2.36,LoRaWAN,smart_meter
2025-01-22T19:46:00,100.827,31.38,0.877,5.279,1.7986,MQTT,env_sensor
2025-01-22T08:23:00,35.109,368.636,1.571,0.266,8.943,LoRaWAN,smart_meter
2025-01-22T07:19:00,1386.213,58.556,4.393,134.94,0.5796,HTTPS,camera
2025-01-23T03:02:00,100.69,7.838,2.748,9.276,1.3483,MQTT,actuator
2025-01-23T11:21:00,58.926,8.699,3.632,2.224,0.7338,MQTT,env_sensor
2025-01-22T18:53:00,135.657,27.368,2.645,11.66,0.4003,MQTT,actuator
2025-01-21T20:22:00,980.259,64.447,0.1,56.239,1.2828,HTTPS,gateway
2025-01-21T20:56:00,14.669,106.525,4.379,0.333,4.1841,LoRaWAN,smart_meter
2025-01-23T08:37:00,35.997,202.085,4.851,0.363,0.642,LoRaWAN,smart_meter
2025-01-22T21:21:00,399.691,39.263,5.174,26.868,0.0609,CoAP,gateway
2025-01-21T22:46:00,28.248,156.929,0.801,0.257,5.9945,LoRaWAN,smart_meter
2025-01-22T21:18:00,1200.543,33.398,3.202,40.224,0.6456,HTTPS,gateway
2025-01-22T07:47:00,154.75,12.261,6.042,6.904,0.0,MQTT,actuator
2025-01-23T12:18:00,151.441,30.802,0.1,7.265,0.0105,MQTT,actuator
2025-01-23T10:14:00,34.816,19.384,0.1,0.696,1.4566,MQTT,smart_meter
2025-01-22T09:56:00,118.874,11.912,4.838,10.447,0.589,MQTT,actuator
2025-01-23T12:18:00,32.513,199.249,2.467,0.05,1.9054,LoRaWAN,smart_meter
2025-01-23T05:38:00,3538.037,60.004,2.631,142.303,0.584,HTTPS,camera
2025-01-22T20:26:00,977.632,44.233,2.756,103.695,0.8572,HTTPS,gateway
2025-01-23T05:39:00,39.419,92.423,4.773,0.591,4.0268,MQTT,smart_meter
2025-01-23T13:20:00,645.285,15.688,14.432,65.492,1.4428,CoAP,gateway
2025-01-22T12:30:00,274.744,16.136,7.758,42.901,1.0335,CoAP,gateway
2025-01-23T03:43:00,8.0,70.728,5.401,142.327,0.4815,HTTPS,camera
2025-01-22T17:43:00,31.813,221.616,1.25,0.678,0.2092,LoRaWAN,smart_meter
2025-01-21T20:51:00,92.581,15.41,6.329,4.161,2.1859,MQTT,actuator
2025-01-22T14:51:00,2206.036,86.457,5.754,187.256,0.9545,HTTPS,camera
2025-01-22T03:01:00,1229.522,52.464,4.426,77.727,1.5121,HTTPS,gateway
2025-01-22T20:06:00,256.844,18.907,15.424,101.543,0.0,HTTPS,gateway
2025-01-22T13:32:00,109.499,46.101,5.387,10.961,0.8738,MQTT,gateway
2025-01-23T04:49:00,75.22,23.682,3.416,11.003,0.6677,MQTT,actuator
2025-01-22T14:54:00,1228.454,40.931,1.831,70.856,0.9971,HTTPS,gateway
2025-01-23T02:15:00,105.831,17.154,6.137,5.602,1.1214,MQTT,actuator
2025-01-22T07:23:00,32.715,192.422,2.655,0.05,5.3155,LoRaWAN,smart_meter
2025-01-21T20:50:00,67.382,20.869,1.228,1.432,0.7375,MQTT,env_sensor
2025-01-22T10:22:00,122.115,19.117,2.964,4.412,2.2347,MQTT,env_sensor
2025-01-22T07:01:00,30.244,174.098,3.001,0.326,6.5813,LoRaWAN,smart_meter
2025-01-21T22:59:00,2671.948,57.237,6.101,37.431,0.6278,HTTPS,camera
2025-01-22T06:55:00,1587.742,44.287,5.733,23.587,2.0622,CoAP,gateway
2025-01-23T01:06:00,126.731,14.768,6.354,12.784,1.4386,MQTT,actuator
2025-01-22T06:01:00,133.381,15.78,8.993,4.753,1.047,CoAP,actuator
2025-01-22T23:46:00,997.371,94.666,5.063,47.577,0.379,CoAP,camera
2025-01-22T07:49:00,116.256,5.925,11.182,6.261,0.7593,MQTT,actuator
2025-01-23T04:25:00,1595.239,35.649,6.983,158.001,0.6698,HTTPS,camera
2025-01-23T11:59:00,983.599,54.158,11.239,138.705,1.5568,CoAP,gateway
2025-01-23T05:45:00,48.118,35.867,4.637,5.838,1.988,MQTT,env_sensor
2025-01-23T08:12:00,27.48,192.608,2.589,0.497,3.6693,LoRaWAN,smart_meter
2025-01-22T10:32:00,640.842,23.76,5.448,106.477,0.2986,HTTPS,gateway
2025-01-22T00:30:00,15.564,165.604,1.105,0.37,0.0,LoRaWAN,smart_meter
2025-01-22T16:07:00,19.84,39.287,0.1,3.817,2.0808,MQTT,env_sensor
2025-01-23T07:35:00,84.14,38.384,4.638,10.511,0.9626,HTTPS,actuator
2025-01-22T04:01:00,33.085,172.06,2.273,0.119,4.4401,LoRaWAN,smart_meter
2025-01-22T18:46:00,71.89,9.961,5.172,9.556,1.9494,MQTT,env_sensor
2025-01-23T03:06:00,97.047,16.087,3.856,5.537,0.0,MQTT,env_sensor
2025-01-23T03:36:00,921.787,25.845,5.114,17.007,0.2185,CoAP,gateway
2025-01-22T22:25:00,107.653,17.291,7.017,6.223,0.4726,MQTT,actuator
2025-01-23T09:21:00,3213.493,49.78,3.708,79.522,0.2779,HTTPS,camera
2025-01-22T08:05:00,1735.181,57.178,3.599,242.038,0.8429,HTTPS,camera
2025-01-22T10:31:00,698.52,56.932,14.704,162.895,1.8487,CoAP,gateway
2025-01-22T23:26:00,147.864,16.318,7.834,15.453,1.152,CoAP,actuator
2025-01-21T22:54:00,1143.899,74.191,15.411,42.447,1.5507,MQTT,gateway
2025-01-22T07:21:00,3223.313,24.083,2.651,90.85,0.4953,HTTPS,camera
2025-01-23T13:05:00,26.865,205.056,0.1,0.228,2.9771,LoRaWAN,smart_meter
2025-01-23T05:21:00,1192.078,49.437,0.1,56.198,1.201,HTTPS,gateway
2025-01-22T08:22:00,48.308,31.868,0.766,5.819,0.8861,MQTT,env_sensor
2025-01-23T08:12:00,938.619,54.237,10.259,51.012,1.1534,CoAP,gateway
2025-01-22T22:46:00,1786.63,78.154,0.115,140.882,0.0461,HTTPS,camera
2025-01-21T23:00:00,95.451,26.333,6.033,8.804,0.1444,MQTT,env_sensor
2025-01-21T23:12:00,18.498,206.596,1.811,0.522,2.218,LoRaWAN,smart_meter
2025-01-22T17:22:00,55.128,27.638,3.776,5.085,0.0,MQTT,env_sensor
2025-01-22T22:43:00,71.328,37.392,1.955,2.764,1.6529,MQTT,env_sensor
2025-01-22T05:29:00,871.74,65.436,8.056,35.554,1.9245,CoAP,gateway
2025-01-22T14:11:00,31.263,175.712,1.065,0.274,3.0982,LoRaWAN,smart_meter
2025-01-23T04:04:00,1736.951,1.0,4.542,101.529,0.2278,HTTPS,gateway
2025-01-21T21:56:00,62.607,15.155,3.822,1.614,1.5535,MQTT,env_sensor
2025-01-22T21:54:00,117.542,20.37,9.003,4.276,1.1265,CoAP,actuator
2025-01-23T07:15:00,45.277,4.725,0.1,5.49,2.5425,MQTT,env_sensor
2025-01-22T13:38:00,1278.255,58.182,9.529,57.913,0.0249,HTTPS,camera
2025-01-22T10:46:00,78.671,18.671,6.684,7.62,2.1349,MQTT,actuator
2025-01-23T08:11:00,393.714,59.4,10.686,0.05,1.3694,CoAP,gateway
2025-01-23T11:59:00,20.111,238.928,2.704,0.536,2.8458,LoRaWAN,smart_meter
2025-01-22T07:41:00,690.824,28.251,3.564,63.417,2.5623,CoAP,gateway
2025-01-22T06:30:00,1534.862,55.698,12.966,36.89,0.644,HTTPS,gateway
2025-01-22T17:14:00,52.755,1.0,1.621,2.761,1.2057,MQTT,env_sensor
2025-01-22T21:34:00,1126.202,22.538,18.144,29.202,2.5953,CoAP,gateway
2025-01-22T10:31:00,102.281,24.819,13.844,12.342,0.9566,MQTT,actuator
2025-01-22T17:28:00,77.901,39.164,0.1,2.804,2.082,MQTT,env_sensor
2025-01-22T19:43:00,22.931,262.301,3.807,0.84,3.4281,LoRaWAN,smart_meter
2025-01-23T07:54:00,1308.803,46.69,8.564,114.896,0.7612,HTTPS,camera
2025-01-22T07:12:00,94.278,5.79,4.282,18.323,1.0642,MQTT,actuator
2025-01-23T01:24:00,32.551,25.542,2.957,2.655,2.0121,MQTT,env_sensor
2025-01-22T17:33:00,61.141,29.779,4.198,4.598,1.5906,MQTT,env_sensor
2025-01-22T19:32:00,1266.158,56.953,8.334,32.682,1.416,HTTPS,gateway
2025-01-22T10:08:00,27.539,146.59,2.739,0.599,0.7396,LoRaWAN,smart_meter
2025-01-22T04:57:00,30.004,174.376,0.919,0.215,2.8899,LoRaWAN,smart_meter
2025-01-23T05:24:00,75.555,26.434,5.344,2.732,0.0,MQTT,env_sensor
2025-01-22T14:05:00,1064.602,72.507,3.948,170.172,1.0367,HTTPS,camera
2025-01-23T03:40:00,2019.321,49.163,0.75,178.345,0.0,HTTPS,camera
2025-01-23T07:32:00,921.508,35.842,4.068,81.062,0.489,HTTPS,gateway
2025-01-22T17:41:00,120.519,11.394,2.394,6.64,0.8645,MQTT,actuator
2025-01-23T04:32:00,1637.289,40.708,3.03,154.038,0.8007,HTTPS,camera
2025-01-22T13:25:00,3165.235,61.674,5.588,33.765,0.6982,HTTPS,camera
2025-01-22T07:50:00,54.295,27.757,2.457,8.936,1.7795,MQTT,env_sensor
2025-01-21T20:14:00,2145.603,103.727,3.29,199.371,0.0,HTTPS,camera
2025-01-22T04:04:00,391.501,32.331,14.099,30.54,0.8259,HTTPS,gateway
2025-01-22T07:48:00,463.465,41.98,0.1,97.028,0.2549,HTTPS,camera
2025-01-23T13:20:00,77.237,12.17,6.818,7.744,0.9323,CoAP,actuator
2025-01-23T01:16:00,715.759,27.824,6.661,111.458,0.5265,HTTPS,gateway
2025-01-22T00:26:00,129.153,19.352,5.523,14.223,1.5805,MQTT,actuator
2025-01-21T22:31:00,80.969,24.62,4.586,3.577,1.8702,MQTT,env_sensor
2025-01-23T07:04:00,94.919,7.086,7.769,6.469,1.0158,MQTT,actuator
2025-01-22T11:58:00,82.594,22.305,5.697,9.986,0.7479,MQTT,actuator
2025-01-22T17:34:00,51.559,13.938,4.638,3.961,0.0,MQTT,env_sensor
2025-01-23T04:32:00,120.965,9.088,8.612,14.944,0.098,MQTT,actuator
2025-01-23T01:50:00,147.076,27.409,0.1,11.506,1.8025,MQTT,actuator
2025-01-22T20:23:00,140.254,14.769,6.616,2.136,0.4662,MQTT,actuator
2025-01-21T21:16:00,1680.985,62.114,1.152,113.06,1.5079,HTTPS,camera
2025-01-23T10:27:00,132.773,9.01,4.568,13.841,1.5031,MQTT,actuator
2025-01-23T03:15:00,86.766,8.687,1.323,2.677,0.884,MQTT,env_sensor
2025-01-23T10:51:00,1435.42,16.475,8.059,150.362,0.7422,HTTPS,camera
2025-01-22T06:28:00,74.801,27.85,3.518,0.992,0.6064,MQTT,env_sensor
2025-01-21T20:31:00,18.534,207.058,1.027,0.05,0.9134,LoRaWAN,smart_meter
2025-01-23T10:00:00,129.945,24.897,6.471,13.349,1.2729,MQTT,actuator
2025-01-23T08:51:00,65.911,16.753,2.401,2.941,1.7097,MQTT,env_sensor
2025-01-22T04:10:00,113.941,11.751,7.803,7.157,0.0,MQTT,actuator
2025-01-23T13:15:00,113.796,4.626,1.993,1.258,1.8553,MQTT,env_sensor
2025-01-22T17:00:00,50.448,214.457,2.884,0.487,0.7881,MQTT,smart_meter
2025-01-23T07:34:00,1654.29,82.296,7.784,61.724,0.7655,HTTPS,camera
2025-01-22T10:47:00,1570.777,64.405,9.162,45.329,1.0282,MQTT,camera
2025-01-23T02:19:00,1228.042,49.026,0.618,51.745,0.0,HTTPS,gateway
2025-01-21T22:01:00,44.666,23.535,5.401,4.856,1.0342,MQTT,env_sensor
2025-01-23T09:13:00,33.425,244.772,0.1,0.472,1.525,LoRaWAN,smart_meter
2025-01-22T13:11:00,543.343,73.556,6.18,159.754,1.5577,CoAP,camera
2025-01-22T08:49:00,973.894,39.476,5.944,60.091,2.6586,CoAP,gateway
2025-01-22T23:53:00,1624.455,56.367,3.882,138.022,0.7326,HTTPS,camera
2025-01-23T03:35:00,1596.585,93.077,0.373,115.156,0.0,HTTPS,camera
2025-01-23T04:12:00,1392.394,74.31,2.693,157.045,1.3069,HTTPS,camera
2025-01-23T06:35:00,43.984,12.407,5.744,8.158,2.4311,MQTT,env_sensor
2025-01-22T08:22:00,34.012,121.819,2.625,0.515,1.393,LoRaWAN,smart_meter
2025-01-23T12:49:00,32.096,33.546,3.132,2.038,0.0,MQTT,env_sensor
2025-01-23T12:36:00,89.751,32.35,2.763,0.05,1.0355,MQTT,env_sensor
2025-01-22T18:32:00,1626.367,57.097,6.774,124.161,0.0,HTTPS,camera
2025-01-22T22:07:00,97.179,21.219,2.37,7.638,1.8926,MQTT,env_sensor
2025-01-22T21:34:00,153.522,10.537,9.223,2.81,0.4127,MQTT,actuator
2025-01-21T21:08:00,32.579,249.808,0.696,0.449,2.4586,LoRaWAN,smart_meter
2025-01-22T14:49:00,1589.735,77.359,0.1,212.041,0.4015,HTTPS,camera
2025-01-23T12:20:00,72.249,17.084,2.186,0.984,0.0,MQTT,env_sensor
2025-01-23T09:54:00,1871.065,74.922,3.357,105.66,1.0567,HTTPS,camera
2025-01-23T08:42:00,1357.308,67.328,16.672,95.185,1.8862,HTTPS,gateway
2025-01-22T07:26:00,2434.841,80.791,0.769,281.437,1.3268,HTTPS,camera
2025-01-21T20:32:00,163.951,3.012,4.268,13.587,1.3371,MQTT,actuator
2025-01-22T06:00:00,782.599,68.326,0.1,114.225,0.7073,HTTPS,gateway
2025-01-21T20:26:00,131.739,24.072,8.483,5.644,0.0,MQTT,actuator
2025-01-23T03:46:00,133.169,23.112,7.213,4.083,0.0419,CoAP,actuator
2025-01-23T03:00:00,22.883,244.402,1.761,0.05,3.9731,MQTT,smart_meter
2025-01-22T05:26:00,39.105,157.972,0.1,0.184,3.2513,LoRaWAN,smart_meter
2025-01-23T00:53:00,796.943,36.03,10.226,64.291,1.8985,CoAP,gateway
2025-01-23T03:31:00,1146.362,30.783,7.591,69.411,0.265,HTTPS,gateway
2025-01-22T10:26:00,122.045,20.869,5.619,5.733,1.188,MQTT,actuator
2025-01-23T06:21:00,372.541,52.744,3.209,0.05,0.3061,HTTPS,gateway
2025-01-22T21:14:00,98.116,16.429,5.736,9.889,2.0168,MQTT,actuator
2025-01-23T05:23:00,21.631,204.63,2.332,0.24,3.7583,LoRaWAN,smart_meter
2025-01-23T01:36:00,20.426,164.552,3.301,0.14,3.9625,LoRaWAN,smart_meter
2025-01-22T01:57:00,86.867,5.604,12.362,9.512,1.9138,CoAP,actuator
2025-01-22T17:15:00,95.941,22.897,5.405,3.924,0.8008,CoAP,env_sensor
2025-01-23T02:02:00,66.416,34.682,2.081,4.284,1.8883,MQTT,env_sensor
2025-01-22T20:13:00,634.943,57.544,5.463,202.077,0.4253,HTTPS,camera
2025-01-23T12:24:00,1489.68,45.418,2.869,149.12,0.8428,HTTPS,camera
2025-01-22T22:50:00,134.785,17.95,7.005,12.584,0.8016,MQTT,actuator
2025-01-23T12:18:00,1968.936,74.54,6.11,157.777,0.8461,HTTPS,camera
2025-01-22T20:47:00,883.692,88.206,0.393,37.016,0.7266,HTTPS,gateway
2025-01-22T01:22:00,89.523,21.623,4.114,2.868,0.018,MQTT,env_sensor
2025-01-22T16:35:00,105.033,18.432,4.845,9.596,1.0534,MQTT,actuator
2025-01-22T02:58:00,26.292,110.282,2.602,0.217,1.8767,LoRaWAN,smart_meter
2025-01-21T23:17:00,611.265,80.644,4.568,69.287,0.107,HTTPS,gateway
2025-01-22T10:25:00,38.979,35.993,0.1,5.584,0.0,MQTT,env_sensor
2025-01-23T10:09:00,141.099,20.287,3.667,9.903,0.1028,MQTT,actuator
2025-01-22T04:55:00,153.737,23.541,10.249,10.459,0.0,CoAP,actuator
2025-01-23T10:45:00,91.052,6.429,5.818,11.186,0.1478,MQTT,actuator
2025-01-23T04:39:00,1279.217,31.105,5.816,26.164,1.4986,MQTT,gateway
2025-01-22T00:15:00,8.0,43.598,14.238,26.196,1.5903,CoAP,gateway
2025-01-23T09:52:00,31.677,179.338,0.1,0.579,2.9808,LoRaWAN,smart_meter
2025-01-23T00:38:00,2191.989,2.322,5.43,153.026,0.3341,HTTPS,camera
2025-01-22T07:27:00,1736.574,95.616,8.657,207.848,0.3499,HTTPS,camera
2025-01-22T13:08:00,20.829,158.267,0.257,0.61,3.4286,LoRaWAN,smart_meter
2025-01-23T08:25:00,3338.461,57.652,4.361,227.147,0.5204,HTTPS,camera
2025-01-21T22:55:00,71.432,20.833,5.385,7.265,0.3937,MQTT,actuator
2025-01-23T04:15:00,31.65,82.377,2.621,0.37,4.3642,MQTT,smart_meter
2025-01-22T14:57:00,473.586,68.037,0.1,110.017,0.4866,HTTPS,camera
2025-01-23T09:02:00,10.544,64.134,0.1,0.05,0.0,HTTPS,gateway
2025-01-22T15:36:00,750.991,39.11,7.764,32.73,1.2676,CoAP,gateway
2025-01-23T11:21:00,105.365,25.265,3.557,7.945,1.0746,MQTT,actuator
2025-01-22T08:28:00,171.67,7.217,13.506,2.016,0.4531,MQTT,actuator
2025-01-22T08:18:00,68.444,33.52,5.964,3.579,0.3438,MQTT,env_sensor
2025-01-22T02:13:00,77.269,15.175,2.754,4.377,2.6237,MQTT,env_sensor
2025-01-22T19:37:00,25.978,224.278,3.623,0.17,5.3364,LoRaWAN,smart_meter
2025-01-21T21:49:00,498.792,59.388,2.625,15.473,0.0,HTTPS,gateway
2025-01-23T04:35:00,46.976,26.256,0.1,7.444,2.527,MQTT,env_sensor
2025-01-23T08:31:00,160.967,28.263,3.577,12.827,0.0,MQTT,actuator
2025-01-22T16:24:00,29.273,107.985,2.589,0.13,8.4248,LoRaWAN,smart_meter
2025-01-22T20:53:00,1260.122,42.474,9.261,68.827,3.2985,HTTPS,gateway
2025-01-21T21:42:00,28.131,289.312,1.267,0.05,1.2698,LoRaWAN,smart_meter
2025-01-23T00:27:00,674.253,30.808,8.222,44.354,0.5225,CoAP,gateway
2025-01-23T04:22:00,116.9,11.575,5.879,4.803,1.4618,MQTT,actuator
2025-01-22T20:03:00,111.098,16.009,2.486,11.258,0.6553,MQTT,actuator
2025-01-22T23:28:00,41.724,143.766,0.323,0.894,4.416,LoRaWAN,smart_meter
2025-01-23T04:37:00,33.371,198.006,0.665,1.048,5.7256,MQTT,smart_meter
2025-01-22T16:47:00,237.469,48.187,7.044,24.529,0.6608,MQTT,camera
2025-01-21T23:24:00,8.0,193.2,0.696,0.263,1.737,LoRaWAN,smart_meter
2025-01-23T06:13:00,1328.808,65.232,12.534,131.378,2.4349,HTTPS,gateway
2025-01-23T08:47:00,90.778,22.235,1.478,11.96,1.1754,MQTT,env_sensor
2025-01-22T07:40:00,50.322,2.751,2.385,7.306,1.3742,MQTT,env_sensor
2025-01-23T02:43:00,23.111,239.185,2.102,0.664,1.4406,LoRaWAN,smart_meter
2025-01-23T02:50:00,38.695,34.429,1.917,1.024,1.3259,MQTT,env_sensor
2025-01-21T21:45:00,94.119,18.928,3.379,2.105,1.6463,MQTT,env_sensor
2025-01-23T11:43:00,2406.135,55.89,9.968,30.015,0.0,HTTPS,gateway
2025-01-22T21:10:00,35.757,17.656,0.327,0.05,1.3446,MQTT,env_sensor
2025-01-23T03:52:00,45.642,31.194,2.053,1.631,1.3525,MQTT,env_sensor
2025-01-22T16:05:00,77.247,20.01,2.994,9.827,1.0498,MQTT,env_sensor
2025-01-23T07:37:00,773.257,33.833,1.71,94.935,0.4938,HTTPS,gateway
2025-01-22T13:00:00,8.0,77.558,5.1,166.6,0.6613,HTTPS,camera
2025-01-23T11:29:00,1289.462,42.695,0.1,143.874,0.8481,HTTPS,camera
2025-01-23T04:58:00,69.875,1.0,5.641,1.288,0.0275,MQTT,actuator
2025-01-22T10:13:00,110.103,10.24,8.101,5.077,0.6088,MQTT,actuator
2025-01-22T15:02:00,87.524,24.52,2.835,10.694,0.5214,MQTT,actuator
2025-01-22T01:37:00,72.485,1.0,4.243,1.329,0.0,MQTT,env_sensor
2025-01-22T00:47:00,100.686,46.941,5.73,2.852,0.4223,MQTT,env_sensor
2025-01-22T18:11:00,91.247,25.387,6.697,11.572,0.618,MQTT,actuator
2025-01-22T07:06:00,19.412,39.663,0.672,9.996,0.7351,MQTT,env_sensor
2025-01-23T02:53:00,107.079,1.623,5.073,4.486,1.5188,MQTT,actuator
2025-01-22T17:33:00,1412.654,37.545,4.339,17.156,1.6044,HTTPS,camera
2025-01-22T11:04:00,15.371,168.187,2.166,0.445,4.9008,LoRaWAN,smart_meter
2025-01-23T06:26:00,1236.555,12.868,1.32,100.982,0.9452,HTTPS,gateway
2025-01-21T22:48:00,132.848,4.466,5.473,6.727,0.8811,MQTT,actuator
2025-01-23T05:06:00,2096.875,41.76,3.457,73.834,0.6645,HTTPS,camera
2025-01-22T06:46:00,88.684,22.974,4.656,0.069,2.5186,MQTT,env_sensor
2025-01-22T18:24:00,22.993,223.898,1.506,0.514,2.3928,LoRaWAN,smart_meter
2025-01-23T01:44:00,912.965,23.591,4.365,64.106,1.4878,HTTPS,gateway
2025-01-23T13:15:00,25.956,200.929,4.632,0.42,5.5779,LoRaWAN,smart_meter
2025-01-23T09:58:00,101.882,6.064,2.97,4.528,1.5337,MQTT,env_sensor
2025-01-23T02:16:00,85.428,6.502,3.623,7.681,1.2417,MQTT,env_sensor
2025-01-23T10:38:00,23.662,202.598,3.793,0.05,4.1212,LoRaWAN,smart_meter
2025-01-23T07:59:00,18.927,10.894,1.825,3.362,1.5844,MQTT,env_sensor
2025-01-23T07:24:00,88.275,39.921,4.815,7.365,1.5519,MQTT,env_sensor
2025-01-22T13:22:00,1624.936,48.421,4.908,154.66,0.5137,HTTPS,camera
2025-01-22T12:22:00,1366.114,63.698,11.512,97.407,1.7284,CoAP,gateway
2025-01-22T04:05:00,57.402,7.793,0.839,3.697,2.7784,MQTT,env_sensor
2025-01-22T09:43:00,721.17,75.572,4.591,67.676,1.0731,MQTT,camera
2025-01-21T21:23:00,55.363,23.217,1.29,3.951,0.0927,MQTT,env_sensor
2025-01-23T02:34:00,575.317,83.903,16.766,70.704,0.6624,HTTPS,gateway
2025-01-23T00:56:00,90.692,13.533,9.427,4.179,1.6176,MQTT,actuator
2025-01-22T23:22:00,1343.229,1.611,6.961,107.075,0.9256,HTTPS,gateway
2025-01-22T04:17:00,26.872,193.339,0.1,0.362,4.8787,LoRaWAN,smart_meter
2025-01-22T07:35:00,111.245,30.525,3.526,7.718,1.5148,MQTT,env_sensor
2025-01-22T09:57:00,770.681,54.616,0.639,102.54,0.1443,HTTPS,camera
2025-01-23T09:11:00,1932.394,57.908,0.1,149.596,1.228,HTTPS,camera
2025-01-23T08:44:00,94.239,53.253,1.464,2.027,1.8368,MQTT,env_sensor
2025-01-23T03:47:00,135.952,42.589,3.992,2.509,1.6323,MQTT,actuator
2025-01-23T10:30:00,77.724,11.938,4.39,3.686,2.2828,MQTT,env_sensor
2025-01-23T12:35:00,633.713,58.966,3.963,54.169,0.0,HTTPS,gateway
2025-01-22T08:12:00,632.956,33.037,8.638,97.354,0.4945,HTTPS,gateway
2025-01-23T02:52:00,85.974,21.903,3.729,5.476,1.8281,MQTT,env_sensor
2025-01-23T04:47:00,21.334,192.577,1.14,0.618,3.8098,LoRaWAN,smart_meter
2025-01-22T09:01:00,200.028,39.638,11.555,0.05,0.0,MQTT,gateway
2025-01-22T13:42:00,2163.759,138.118,0.252,111.463,1.1289,HTTPS,camera
2025-01-22T16:44:00,193.065,27.763,4.793,14.879,0.8662,MQTT,actuator
2025-01-22T07:25:00,147.556,27.924,8.847,5.104,1.3114,MQTT,actuator
2025-01-22T03:46:00,95.548,18.3,6.114,16.722,1.3819,MQTT,actuator
2025-01-21T21:35:00,112.614,22.528,3.637,7.738,1.0862,MQTT,env_sensor
2025-01-22T08:57:00,13.905,127.963,1.731,0.229,3.9088,LoRaWAN,smart_meter
2025-01-21T21:13:00,48.293,25.77,9.013,9.006,1.9288,CoAP,actuator
2025-01-23T05:51:00,40.265,223.493,1.582,0.687,1.0048,LoRaWAN,smart_meter
2025-01-23T10:35:00,31.334,21.871,2.583,3.737,0.4963,MQTT,env_sensor
2025-01-22T16:08:00,1305.651,14.351,3.665,27.014,0.1791,HTTPS,gateway
2025-01-21T21:21:00,808.999,39.206,6.296,58.63,1.0127,CoAP,gateway
2025-01-22T18:52:00,789.327,37.09,7.28,185.924,0.887,HTTPS,camera
2025-01-22T15:27:00,162.492,86.921,4.812,85.364,0.9509,HTTPS,gateway
2025-01-22T18:25:00,117.355,31.442,3.895,2.765,1.1368,MQTT,actuator
2025-01-21T21:18:00,64.749,13.049,1.473,6.661,0.3565,MQTT,env_sensor
2025-01-22T00:08:00,15.592,171.771,1.448,0.26,2.151,LoRaWAN,smart_meter
2025-01-21T22:11:00,840.525,16.548,9.126,46.353,0.9905,CoAP,gateway
2025-01-22T02:51:00,151.852,9.341,2.855,6.206,2.4349,MQTT,actuator
2025-01-23T01:12:00,1692.927,29.974,1.472,114.912,0.6631,HTTPS,camera
2025-01-23T11:42:00,69.1,34.574,2.718,9.397,3.193,MQTT,env_sensor
2025-01-22T22:51:00,1844.818,16.676,8.192,76.427,0.3817,HTTPS,gateway
2025-01-23T10:53:00,651.018,48.835,4.52,25.596,1.2114,MQTT,gateway
2025-01-22T19:48:00,40.87,21.601,1.82,8.523,2.1262,MQTT,env_sensor
2025-01-23T12:03:00,18.048,204.959,3.428,0.442,6.9383,LoRaWAN,smart_meter
2025-01-21T22:08:00,47.139,27.866,3.26,0.05,2.1082,MQTT,env_sensor
2025-01-23T01:49:00,87.136,16.052,9.369,4.594,1.0036,MQTT,actuator
2025-01-22T19:40:00,1544.42,4.416,5.693,3.402,1.1869,CoAP,camera
2025-01-22T18:38:00,837.708,77.602,7.68,25.255,0.5641,CoAP,gateway
2025-01-22T21:01:00,612.192,47.297,5.05,142.575,0.9067,HTTPS,camera
2025-01-23T01:24:00,1311.346,11.077,7.575,75.918,0.6148,HTTPS,camera
2025-01-23T00:18:00,26.868,234.687,2.443,0.681,2.0754,MQTT,smart_meter
2025-01-23T04:39:00,22.473,166.369,1.144,1.168,2.4195,MQTT,smart_meter
2025-01-22T20:24:00,22.536,162.575,1.138,0.527,3.2732,LoRaWAN,smart_meter
2025-01-22T20:43:00,412.582,50.807,3.711,47.65,1.092,MQTT,gateway
2025-01-23T09:37:00,31.08,161.74,1.04,0.597,5.3559,LoRaWAN,smart_meter
2025-01-22T10:12:00,45.977,163.402,3.279,0.77,5.3943,LoRaWAN,smart_meter
2025-01-22T22:07:00,850.583,57.158,10.999,36.86,2.0349,CoAP,gateway
2025-01-21T23:50:00,35.35,197.327,2.283,0.216,2.6241,LoRaWAN,smart_meter
2025-01-23T07:32:00,1509.879,1.0,1.369,64.989,0.573,HTTPS,camera
2025-01-23T12:02:00,819.401,44.584,7.595,2.998,0.8293,CoAP,gateway
2025-01-22T15:08:00,465.924,68.138,5.284,97.963,0.5531,HTTPS,gateway
2025-01-22T18:27:00,95.69,11.692,1.51,2.099,0.0,MQTT,env_sensor
2025-01-21T20:22:00,86.645,1.755,1.397,0.05,0.0,MQTT,env_sensor
2025-01-21T21:30:00,1513.919,14.153,11.172,12.984,0.7528,HTTPS,gateway
2025-01-23T03:44:00,76.769,16.353,1.333,3.409,1.8877,MQTT,env_sensor
2025-01-23T02:56:00,43.657,190.552,0.1,0.518,1.4318,LoRaWAN,smart_meter
2025-01-23T08:10:00,19.734,228.692,2.513,0.584,4.9958,LoRaWAN,smart_meter
2025-01-23T00:38:00,1076.577,64.675,5.564,147.23,0.0,HTTPS,gateway
2025-01-22T02:03:00,1131.209,57.168,3.884,64.552,0.9938,HTTPS,camera
2025-01-23T02:12:00,1362.692,121.173,2.944,211.275,0.7752,HTTPS,camera
2025-01-23T05:48:00,63.851,30.824,3.97,4.61,0.9256,MQTT,env_sensor
2025-01-23T01:19:00,37.33,138.077,1.534,0.762,3.8705,LoRaWAN,smart_meter
2025-01-22T14:30:00,16.798,161.39,2.013,0.606,0.0,LoRaWAN,smart_meter
2025-01-23T08:20:00,1945.796,45.548,7.117,179.165,0.3649,HTTPS,camera
2025-01-23T13:11:00,190.52,4.421,4.927,4.763,0.9197,MQTT,actuator
2025-01-22T06:47:00,79.308,31.4,4.574,7.416,0.2591,MQTT,env_sensor
2025-01-23T08:11:00,159.998,19.296,8.531,15.104,0.73,MQTT,actuator
2025-01-22T05:57:00,888.327,49.607,6.664,29.899,1.2583,CoAP,gateway
2025-01-22T21:39:00,105.559,19.172,8.456,2.591,1.462,CoAP,actuator
2025-01-22T06:01:00,38.093,178.994,2.412,0.05,5.2413,LoRaWAN,smart_meter
2025-01-22T15:42:00,38.562,242.971,3.491,0.622,0.4521,LoRaWAN,smart_meter
2025-01-23T07:57:00,58.661,35.8,0.865,4.785,1.6075,MQTT,env_sensor
2025-01-22T07:49:00,68.244,19.844,5.363,9.985,2.8326,MQTT,env_sensor
2025-01-23T01:20:00,1678.982,132.502,5.853,108.605,0.0378,HTTPS,camera
2025-01-23T11:56:00,66.559,28.499,6.191,1.798,1.3059,MQTT,env_sensor
2025-01-22T17:21:00,98.109,16.896,7.139,6.852,0.8947,MQTT,actuator
2025-01-23T04:02:00,47.616,242.618,2.292,0.528,3.0821,LoRaWAN,smart_meter
2025-01-22T00:51:00,79.761,25.2,1.538,10.743,0.6861,MQTT,actuator
2025-01-23T00:59:00,1114.554,39.257,15.772,63.04,0.0,HTTPS,gateway
2025-01-22T13:43:00,1614.92,53.541,7.181,201.335,1.339,HTTPS,camera
2025-01-22T03:40:00,102.259,2.01,2.979,6.109,2.041,MQTT,actuator
2025-01-23T12:21:00,1296.874,32.756,16.587,136.821,0.0,HTTPS,gateway
2025-01-22T11:32:00,25.606,181.199,3.845,0.806,4.279,LoRaWAN,smart_meter
2025-01-23T04:36:00,139.258,25.892,8.401,9.918,0.017,MQTT,actuator
2025-01-22T02:44:00,948.555,23.298,12.204,55.623,1.5716,CoAP,gateway
2025-01-21T23:43:00,32.116,182.946,2.883,0.245,5.1561,LoRaWAN,smart_meter
2025-01-23T12:40:00,1442.28,48.589,5.569,65.878,0.0324,HTTPS,gateway
2025-01-23T09:59:00,30.309,156.229,1.144,0.839,2.5459,LoRaWAN,smart_meter
2025-01-22T01:55:00,38.216,318.699,1.866,0.705,6.1541,LoRaWAN,smart_meter
2025-01-23T00:53:00,93.786,6.996,0.767,8.785,1.1927,MQTT,actuator
2025-01-22T11:46:00,1877.544,61.08,8.23,122.346,0.715,HTTPS,camera
2025-01-22T09:29:00,22.467,89.88,2.422,0.933,1.7215,LoRaWAN,smart_meter
2025-01-22T12:59:00,1491.972,84.943,2.848,171.927,0.403,HTTPS,camera
2025-01-22T21:59:00,108.143,20.192,6.237,7.622,0.0,MQTT,actuator
2025-01-22T20:54:00,1078.716,23.527,0.11,92.664,2.3021,HTTPS,gateway
2025-01-23T11:23:00,26.098,121.702,0.532,0.535,1.2408,LoRaWAN,smart_meter
2025-01-23T11:59:00,9.181,22.056,1.755,6.211,0.9422,MQTT,env_sensor
2025-01-22T10:07:00,61.665,33.238,3.288,2.221,0.0362,MQTT,env_sensor
2025-01-21T23:28:00,147.358,13.713,4.434,15.661,0.4059,MQTT,actuator
2025-01-22T10:17:00,132.465,13.226,3.426,6.657,1.79,MQTT,env_sensor
2025-01-23T07:17:00,33.195,87.723,2.566,0.733,2.702,MQTT,smart_meter
2025-01-22T16:24:00,18.783,22.608,9.656,3.858,1.1213,MQTT,actuator
2025-01-22T03:41:00,32.481,238.72,3.341,0.519,0.5281,LoRaWAN,smart_meter
2025-01-22T18:02:00,2110.062,37.261,6.441,69.924,1.3074,HTTPS,gateway
2025-01-23T11:44:00,8.0,54.92,2.826,96.179,2.2565,MQTT,gateway
2025-01-22T20:46:00,35.09,170.841,3.317,0.182,2.8605,LoRaWAN,smart_meter
2025-01-22T04:42:00,39.591,184.424,3.02,0.741,5.0139,LoRaWAN,smart_meter
2025-01-21T21:50:00,183.331,45.583,9.53,33.487,1.6942,MQTT,gateway
2025-01-22T04:06:00,1041.846,58.35,12.856,24.641,0.0,HTTPS,gateway
2025-01-23T06:19:00,110.463,21.905,5.602,6.802,1.227,MQTT,actuator
2025-01-22T14:47:00,72.869,33.047,4.213,6.697,1.5184,MQTT,env_sensor
2025-01-23T10:41:00,37.273,15.822,3.639,5.367,1.8546,MQTT,env_sensor
2025-01-21T21:38:00,1313.335,37.735,0.1,44.301,1.9678,HTTPS,gateway
2025-01-22T19:53:00,84.59,11.679,11.155,9.056,1.2637,MQTT,actuator
2025-01-23T11:35:00,87.845,30.846,3.595,4.463,0.2807,MQTT,env_sensor
2025-01-22T01:56:00,89.787,17.102,1.636,4.599,2.4142,MQTT,actuator
2025-01-22T16:50:00,78.658,11.226,10.714,0.05,0.6915,MQTT,actuator
2025-01-23T09:04:00,59.926,27.517,6.39,0.477,0.0,CoAP,env_sensor
2025-01-21T22:40:00,30.151,129.598,2.042,0.19,3.5434,LoRaWAN,smart_meter
2025-01-21T21:33:00,1063.301,73.928,8.153,9.724,0.0,HTTPS,gateway
2025-01-22T05:11:00,87.091,22.148,4.149,8.078,1.3461,MQTT,actuator
2025-01-23T07:06:00,696.399,46.987,6.621,163.529,0.0,HTTPS,gateway
2025-01-22T08:00:00,95.505,21.164,6.048,7.368,1.2484,MQTT,actuator
2025-01-22T16:05:00,102.009,21.594,7.173,7.088,0.3594,MQTT,actuator
2025-01-23T03:15:00,136.325,14.825,6.684,4.298,0.223,MQTT,actuator
2025-01-23T09:07:00,1782.029,63.17,5.613,40.601,0.9785,HTTPS,camera
2025-01-22T20:30:00,2152.753,45.992,7.817,3.124,1.0784,MQTT,camera
2025-01-21T22:45:00,1937.84,60.019,2.087,4.951,0.0,HTTPS,camera
2025-01-21T23:37:00,2543.731,60.036,1.913,104.301,0.4861,HTTPS,camera
2025-01-22T06:39:00,113.501,18.733,6.91,6.553,0.7904,MQTT,actuator
2025-01-22T11:13:00,38.184,201.166,2.997,0.455,4.5918,LoRaWAN,smart_meter
2025-01-22T14:53:00,69.775,14.511,0.896,15.08,1.0771,MQTT,actuator
2025-01-23T09:32:00,27.709,182.985,4.371,1.094,2.8728,MQTT,smart_meter
2025-01-21T23:28:00,42.742,277.521,1.132,0.475,0.4391,LoRaWAN,smart_meter
2025-01-22T02:30:00,63.186,40.274,2.694,6.421,2.1818,MQTT,env_sensor
2025-01-23T09:35:00,1149.572,16.844,9.294,70.583,0.1723,HTTPS,gateway
2025-01-22T11:42:00,88.094,1.0,3.328,0.38,1.5098,MQTT,actuator
2025-01-22T01:48:00,84.035,38.163,0.575,0.914,1.575,MQTT,env_sensor
2025-01-22T13:36:00,815.025,33.049,2.432,0.05,2.005,CoAP,gateway
2025-01-21T21:55:00,115.158,1.32,6.464,10.562,0.4596,MQTT,actuator
2025-01-23T09:49:00,87.715,5.622,3.524,13.166,0.8057,MQTT,actuator
2025-01-23T11:24:00,104.971,16.172,5.022,6.87,0.0743,MQTT,actuator
2025-01-22T15:13:00,96.298,20.946,2.857,7.641,0.8439,MQTT,actuator
2025-01-22T19:49:00,1173.063,1.0,6.142,50.768,1.3185,HTTPS,gateway
2025-01-23T01:04:00,1201.049,60.756,11.379,42.536,0.0,HTTPS,gateway
2025-01-22T11:35:00,112.276,4.998,4.789,0.05,0.0185,MQTT,actuator
2025-01-22T14:41:00,1050.015,5.645,3.137,46.594,0.8606,HTTPS,camera
2025-01-23T00:33:00,113.863,36.635,6.042,5.704,0.4686,MQTT,actuator
2025-01-23T03:21:00,485.376,70.238,3.47,21.252,0.6871,HTTPS,camera
2025-01-23T11:06:00,3458.917,69.791,9.145,125.272,0.6902,HTTPS,camera
2025-01-22T00:56:00,33.567,214.112,1.231,0.373,0.1829,LoRaWAN,smart_meter
2025-01-22T00:33:00,68.984,15.977,2.344,1.278,0.0777,MQTT,env_sensor
2025-01-22T13:17:00,115.713,14.143,1.25,8.291,1.6883,MQTT,actuator
2025-01-23T04:57:00,2553.596,59.491,4.217,173.354,0.9149,HTTPS,camera
2025-01-23T03:45:00,1145.089,40.262,3.679,175.113,0.3058,HTTPS,camera
2025-01-23T12:38:00,2933.05,53.346,3.172,153.523,0.8994,HTTPS,camera
2025-01-23T06:31:00,1069.56,50.082,10.807,88.408,0.0,HTTPS,gateway
2025-01-21T21:18:00,2127.815,1.0,5.661,99.903,0.3784,HTTPS,camera
2025-01-22T02:35:00,154.219,24.996,1.552,13.568,2.2732,MQTT,actuator
2025-01-22T00:16:00,117.691,10.013,1.217,0.598,0.8324,CoAP,env_sensor
2025-01-23T07:21:00,31.019,118.511,3.085,0.389,3.2765,LoRaWAN,smart_meter
2025-01-22T20:27:00,1099.492,78.447,8.466,124.093,1.6332,MQTT,gateway
2025-01-22T05:00:00,44.362,16.429,4.778,8.937,2.3456,MQTT,env_sensor
2025-01-22T23:33:00,22.622,248.06,6.309,0.389,0.0,LoRaWAN,smart_meter
2025-01-22T21:59:00,32.034,119.277,1.544,0.486,3.4248,MQTT,smart_meter
2025-01-21T23:39:00,53.244,45.703,2.267,2.554,1.274,MQTT,env_sensor
2025-01-22T21:00:00,154.621,10.558,6.327,8.097,0.9138,MQTT,actuator
2025-01-23T13:22:00,855.911,32.281,9.42,27.213,2.0564,CoAP,gateway
2025-01-22T08:03:00,2291.233,57.863,0.233,139.108,0.9206,HTTPS,camera
2025-01-22T04:44:00,692.852,20.083,12.827,77.214,1.3025,CoAP,gateway
2025-01-21T21:24:00,72.068,30.261,1.055,4.865,1.0546,MQTT,env_sensor
2025-01-23T08:06:00,126.136,32.712,4.285,16.829,1.5013,MQTT,actuator
2025-01-23T06:54:00,256.726,50.406,5.022,29.617,2.7676,CoAP,gateway
2025-01-21T23:18:00,77.806,40.706,0.931,76.954,0.2543,HTTPS,camera
2025-01-23T10:21:00,16.224,97.729,1.372,0.187,2.177,MQTT,smart_meter
2025-01-22T16:11:00,20.734,150.454,5.548,0.635,5.17,LoRaWAN,smart_meter
2025-01-22T14:19:00,22.52,157.039,1.818,0.394,1.3064,LoRaWAN,smart_meter
2025-01-21T23:16:00,70.142,17.67,2.293,8.866,1.2919,MQTT,env_sensor
2025-01-23T07:50:00,398.913,49.878,2.554,158.587,1.3383,HTTPS,camera
2025-01-22T18:18:00,34.248,139.994,0.972,0.108,0.1003,LoRaWAN,smart_meter
2025-01-22T07:27:00,1093.392,40.159,7.67,43.947,0.7413,HTTPS,gateway
2025-01-22T23:35:00,1512.21,61.183,13.397,60.095,0.3945,HTTPS,gateway
2025-01-23T06:38:00,75.491,35.913,0.608,0.05,1.8383,MQTT,env_sensor
2025-01-22T15:43:00,1481.804,49.149,7.961,126.508,0.1616,HTTPS,camera
2025-01-22T17:49:00,88.987,13.847,5.557,4.986,0.9093,MQTT,actuator
2025-01-23T12:58:00,153.778,23.97,5.144,3.299,1.0466,CoAP,actuator
2025-01-22T19:35:00,2319.456,68.519,1.666,162.39,0.8885,HTTPS,camera
2025-01-23T06:27:00,1859.267,60.597,4.848,109.077,1.1814,HTTPS,camera
2025-01-23T04:00:00,72.188,28.452,3.612,6.697,1.7296,MQTT,env_sensor
2025-01-22T10:53:00,43.739,95.655,0.699,0.187,3.8459,LoRaWAN,smart_meter
2025-01-23T00:13:00,30.734,193.797,0.1,0.569,2.578,LoRaWAN,smart_meter
2025-01-22T08:59:00,87.057,17.504,3.672,1.941,1.7178,MQTT,env_sensor
2025-01-23T01:20:00,8.0,22.82,7.136,6.99,0.0,CoAP,actuator
2025-01-23T07:12:00,361.902,90.109,6.952,50.659,0.5048,HTTPS,gateway
2025-01-22T20:06:00,69.595,20.421,0.965,0.05,1.3729,MQTT,env_sensor
2025-01-22T17:43:00,92.096,15.278,2.612,1.708,0.3945,MQTT,env_sensor
2025-01-23T00:04:00,1650.114,102.217,6.365,5.307,0.0,HTTPS,camera
2025-01-23T03:48:00,142.454,15.424,7.081,5.762,0.3029,MQTT,actuator
2025-01-22T05:00:00,1489.778,70.497,2.53,166.11,1.0516,HTTPS,camera
2025-01-22T07:53:00,2274.605,67.742,4.381,112.7,0.4418,HTTPS,camera
2025-01-23T08:41:00,737.5,95.357,5.647,192.836,0.3149,HTTPS,camera
2025-01-23T00:38:00,8.0,248.661,2.247,0.633,3.3611,LoRaWAN,smart_meter
2025-01-22T18:02:00,106.042,29.007,7.735,10.935,1.5856,MQTT,actuator
2025-01-22T23:02:00,141.913,17.84,6.01,4.835,0.815,CoAP,actuator
2025-01-22T16:36:00,49.092,18.029,2.112,2.426,1.2979,MQTT,env_sensor
2025-01-22T22:55:00,121.731,10.36,7.593,9.332,1.266,MQTT,actuator
2025-01-22T21:10:00,8.0,25.55,6.045,52.682,0.0,HTTPS,gateway
2025-01-23T07:13:00,1146.943,80.54,1.399,81.538,0.0,HTTPS,gateway
2025-01-23T09:33:00,1305.721,88.092,4.176,74.761,0.4904,HTTPS,camera
2025-01-22T20:08:00,66.731,12.216,2.633,4.983,1.2598,MQTT,env_sensor
2025-01-21T20:29:00,1512.937,43.735,5.106,128.557,0.7099,HTTPS,camera
2025-01-22T22:01:00,1171.722,34.853,3.153,100.783,0.9226,HTTPS,camera
2025-01-23T06:41:00,59.016,24.899,3.94,9.063,0.4095,MQTT,actuator
2025-01-22T02:24:00,57.715,21.513,1.667,9.369,0.0,MQTT,env_sensor
2025-01-21T21:47:00,17.909,58.626,0.209,0.102,3.5936,MQTT,smart_meter
2025-01-21T22:43:00,521.387,73.783,6.682,93.986,0.4904,HTTPS,camera
2025-01-21T21:06:00,94.72,35.357,3.529,4.413,0.4638,MQTT,env_sensor
2025-01-22T01:46:00,33.71,196.986,7.109,0.681,0.7831,LoRaWAN,smart_meter
2025-01-23T00:54:00,58.302,14.504,2.127,3.397,0.0,MQTT,env_sensor
2025-01-22T06:57:00,3365.829,55.693,2.322,134.128,0.0,HTTPS,camera
2025-01-21T20:44:00,420.274,60.02,7.567,71.837,0.4711,HTTPS,gateway
2025-01-23T13:27:00,28.418,131.978,3.687,0.7,0.2508,LoRaWAN,smart_meter
2025-01-21T20:05:00,101.915,21.22,0.731,16.16,0.0,MQTT,actuator
2025-01-22T19:00:00,33.498,138.235,1.261,0.389,1.9948,LoRaWAN,smart_meter
2025-01-22T18:16:00,134.446,15.892,5.799,15.137,0.8032,MQTT,actuator
2025-01-22T15:17:00,21.624,221.794,0.1,0.422,1.4037,LoRaWAN,smart_meter
2025-01-23T00:43:00,22.694,160.18,1.86,0.499,5.0059,LoRaWAN,smart_meter
2025-01-23T06:46:00,19.109,123.576,1.15,0.356,4.1049,MQTT,smart_meter
2025-01-22T23:57:00,1389.857,69.559,13.832,57.206,1.3814,HTTPS,gateway
2025-01-21T21:23:00,121.063,20.75,9.821,0.698,0.5061,CoAP,actuator
2025-01-23T13:30:00,84.154,12.034,9.528,8.982,0.777,MQTT,actuator
2025-01-22T19:42:00,93.914,25.583,2.925,3.092,0.0157,MQTT,actuator
2025-01-23T09:05:00,1062.905,47.771,2.029,100.765,0.5777,HTTPS,camera
2025-01-23T00:49:00,1278.469,49.114,5.855,216.786,0.9944,HTTPS,camera
2025-01-21T20:40:00,678.807,45.493,1.323,99.565,0.0,HTTPS,gateway
2025-01-22T02:04:00,581.251,60.039,1.425,93.567,0.3369,HTTPS,camera
2025-01-22T20:43:00,36.949,36.224,4.737,1.071,0.8667,MQTT,env_sensor
2025-01-22T10:41:00,32.487,147.58,0.426,0.422,8.0854,LoRaWAN,smart_meter
2025-01-22T22:01:00,76.287,20.451,11.977,7.643,1.2298,MQTT,actuator
2025-01-23T02:03:00,118.647,29.518,8.023,10.945,1.1777,MQTT,actuator
2025-01-22T06:14:00,589.18,47.634,4.931,100.228,1.6817,HTTPS,gateway
2025-01-22T19:11:00,17.991,158.23,3.104,0.436,3.5572,LoRaWAN,smart_meter
2025-01-23T03:10:00,979.244,45.668,14.044,18.976,0.9403,CoAP,gateway
2025-01-22T04:15:00,32.461,171.39,0.1,0.747,0.0,LoRaWAN,smart_meter
2025-01-22T02:58:00,148.094,6.15,1.304,1.904,0.3993,MQTT,actuator
2025-01-22T16:26:00,95.232,17.504,6.965,4.262,0.9268,MQTT,actuator
2025-01-23T11:39:00,99.923,31.947,8.342,13.689,1.6601,CoAP,actuator
2025-01-21T23:19:00,967.154,65.184,2.323,50.27,0.4047,HTTPS,gateway
2025-01-22T17:29:00,820.8,70.243,3.201,324.011,0.5424,HTTPS,camera
2025-01-21T23:43:00,841.834,71.147,6.408,112.983,1.8165,CoAP,gateway
2025-01-23T05:29:00,17.047,231.638,0.96,0.352,3.0841,LoRaWAN,smart_meter
2025-01-23T00:23:00,1802.653,20.166,1.726,98.013,0.0,HTTPS,camera
2025-01-22T14:30:00,2721.876,61.992,1.774,186.816,0.7127,HTTPS,camera
2025-01-21T22:07:00,8.0,84.959,6.465,64.161,1.0536,MQTT,camera
2025-01-22T04:19:00,754.137,47.501,5.242,35.539,1.6808,CoAP,gateway
2025-01-22T13:20:00,1858.382,57.302,14.921,62.636,1.6712,CoAP,gateway
2025-01-22T15:43:00,85.228,18.529,5.449,8.065,0.0,MQTT,actuator
2025-01-22T05:31:00,91.417,35.167,4.486,9.488,0.3201,MQTT,env_sensor
2025-01-22T01:42:00,122.013,14.623,6.693,2.994,2.6421,MQTT,env_sensor
2025-01-23T02:03:00,37.659,199.856,3.012,0.429,5.0713,LoRaWAN,smart_meter
2025-01-22T07:28:00,24.027,170.879,1.41,0.145,0.1296,LoRaWAN,smart_meter
2025-01-23T03:47:00,1126.217,32.044,0.526,62.573,2.0549,HTTPS,gateway
2025-01-23T07:33:00,89.31,27.739,5.955,10.726,1.1041,MQTT,env_sensor
2025-01-23T03:51:00,105.45,2.066,2.149,3.684,1.3118,MQTT,env_sensor
2025-01-22T15:48:00,985.804,36.947,5.107,33.894,2.6081,CoAP,gateway
2025-01-23T03:32:00,33.598,13.946,2.652,4.08,1.0465,MQTT,actuator
2025-01-22T09:42:00,90.638,13.851,2.873,11.589,0.0058,MQTT,actuator
2025-01-22T08:54:00,73.306,36.423,5.669,6.428,1.3581,MQTT,env_sensor
2025-01-23T00:26:00,992.394,63.987,3.765,87.411,0.318,HTTPS,gateway
2025-01-23T10:17:00,18.728,210.927,2.636,0.928,1.3475,LoRaWAN,smart_meter
2025-01-22T02:44:00,83.592,25.323,4.245,4.941,1.1286,MQTT,env_sensor
2025-01-23T13:34:00,86.327,11.096,4.052,7.966,1.256,MQTT,actuator
2025-01-22T19:07:00,2002.045,44.581,3.855,207.467,0.4964,HTTPS,camera
2025-01-22T07:43:00,10.946,271.015,0.349,0.05,0.5676,LoRaWAN,smart_meter
2025-01-23T02:38:00,274.23,18.913,14.66,55.706,1.7306,CoAP,gateway
2025-01-22T14:14:00,362.182,65.211,0.227,226.102,1.0942,HTTPS,camera
2025-01-22T08:37:00,19.028,154.866,4.306,0.2,2.9595,LoRaWAN,smart_meter
2025-01-22T20:36:00,100.153,12.071,4.635,8.627,0.6441,MQTT,actuator
2025-01-22T19:18:00,514.779,54.916,11.916,0.05,0.8396,CoAP,gateway
2025-01-22T02:56:00,84.72,9.217,1.807,4.116,0.1425,MQTT,env_sensor
2025-01-22T02:14:00,956.519,57.564,5.778,165.55,0.1349,HTTPS,camera
2025-01-22T22:05:00,90.763,32.448,3.192,11.341,1.0894,MQTT,actuator
2025-01-23T13:25:00,1327.665,63.883,2.915,186.991,0.9924,HTTPS,camera
2025-01-22T12:13:00,130.533,28.949,0.1,11.439,0.8309,MQTT,actuator
2025-01-23T13:02:00,114.539,20.623,4.782,14.742,1.2317,MQTT,actuator
2025-01-22T07:07:00,39.983,216.41,0.1,0.05,2.8853,LoRaWAN,smart_meter
2025-01-23T11:29:00,24.398,277.679,4.361,0.565,3.396,LoRaWAN,smart_meter
2025-01-23T09:27:00,927.752,34.321,2.33,137.539,1.3824,HTTPS,gateway
2025-01-22T20:01:00,78.761,2.323,7.27,15.357,2.0011,CoAP,actuator
2025-01-22T23:20:00,65.905,14.827,5.967,13.733,1.3105,CoAP,actuator
2025-01-21T23:08:00,2572.069,38.238,0.743,108.828,0.3133,HTTPS,camera
2025-01-23T01:09:00,113.875,10.34,9.041,13.51,1.744,CoAP,actuator
2025-01-22T03:58:00,208.713,62.736,1.654,45.272,0.8965,HTTPS,camera
2025-01-22T20:17:00,71.181,40.352,1.654,5.734,1.5741,MQTT,env_sensor
2025-01-21T20:31:00,50.674,3.431,1.64,3.223,0.0335,MQTT,env_sensor
2025-01-22T14:00:00,102.428,30.496,6.293,3.379,1.6032,CoAP,actuator
2025-01-23T09:38:00,77.921,5.469,2.184,2.916,0.3569,MQTT,env_sensor
2025-01-23T02:37:00,48.544,28.593,2.457,7.447,0.0,MQTT,env_sensor
2025-01-21T21:34:00,1042.446,30.035,12.2,86.443,2.314,HTTPS,gateway
2025-01-23T12:32:00,127.659,13.415,4.253,7.896,1.2738,MQTT,actuator
2025-01-22T20:41:00,1050.614,63.257,10.771,121.847,0.0,HTTPS,gateway
2025-01-22T00:18:00,1145.065,69.37,2.221,108.647,0.1504,HTTPS,camera
2025-01-21T20:18:00,1080.084,24.373,0.1,171.897,0.4645,HTTPS,camera
2025-01-23T05:23:00,128.235,9.069,4.306,9.106,1.2068,MQTT,actuator
2025-01-23T06:28:00,850.297,22.883,5.255,35.158,1.3521,CoAP,gateway
2025-01-22T20:47:00,180.133,12.603,2.704,7.153,1.8715,MQTT,actuator
2025-01-23T09:16:00,1005.9,38.808,2.623,94.932,0.9019,HTTPS,camera
2025-01-22T00:52:00,687.517,50.074,1.962,57.694,2.1149,HTTPS,gateway
2025-01-21T23:10:00,142.429,24.989,7.915,11.761,0.9703,MQTT,actuator
2025-01-22T09:59:00,86.029,33.341,1.202,5.717,1.8427,MQTT,env_sensor
2025-01-22T06:46:00,8.0,65.014,2.696,39.515,0.1886,HTTPS,gateway
2025-01-22T05:48:00,905.985,54.231,8.76,64.06,0.0,HTTPS,gateway
2025-01-22T10:52:00,71.185,23.528,3.036,1.105,0.5866,MQTT,env_sensor
2025-01-22T14:00:00,1661.487,49.66,6.299,273.498,0.0889,HTTPS,camera
2025-01-21T21:57:00,35.766,154.139,1.67,0.398,4.9481,LoRaWAN,smart_meter
2025-01-23T03:00:00,1054.04,18.437,3.49,104.338,1.0365,HTTPS,camera
2025-01-22T06:35:00,2427.06,67.309,6.324,63.833,1.1077,HTTPS,camera
2025-01-22T21:03:00,2110.943,77.89,7.816,198.774,1.154,CoAP,camera
2025-01-22T12:26:00,816.76,50.123,6.39,54.539,0.6829,HTTPS,camera
2025-01-22T20:22:00,108.686,32.022,0.1,5.948,1.9102,MQTT,actuator
2025-01-23T10:03:00,2036.687,59.92,5.702,31.484,0.0523,HTTPS,camera
2025-01-22T18:47:00,1374.234,27.536,10.948,14.4,1.239,CoAP,gateway
2025-01-21T21:16:00,84.457,26.828,5.76,1.195,1.7956,MQTT,env_sensor
2025-01-22T03:14:00,56.281,17.92,4.05,3.535,0.5052,MQTT,env_sensor
2025-01-22T19:57:00,1237.318,45.911,12.718,54.54,1.4336,HTTPS,gateway
2025-01-22T02:54:00,82.337,30.696,0.1,5.105,2.3922,MQTT,env_sensor
2025-01-22T07:02:00,48.036,42.979,1.69,5.909,1.4452,MQTT,env_sensor
2025-01-22T04:20:00,1414.09,97.637,16.448,22.426,0.057,HTTPS,gateway
2025-01-22T16:54:00,118.412,14.169,3.771,9.118,0.0,MQTT,actuator
2025-01-22T21:06:00,124.995,25.071,4.542,3.718,0.6304,MQTT,actuator
2025-01-22T16:15:00,75.073,14.348,0.1,3.3,2.2179,MQTT,env_sensor
2025-01-22T21:05:00,1414.995,81.053,9.599,168.724,0.7528,HTTPS,camera
2025-01-22T11:59:00,137.106,26.886,5.259,14.501,0.3998,MQTT,env_sensor
2025-01-21T23:37:00,1089.739,57.395,17.956,0.05,1.1356,CoAP,gateway
2025-01-22T15:57:00,113.476,15.132,7.09,7.051,0.617,MQTT,actuator
2025-01-23T08:16:00,73.434,13.039,5.648,5.352,0.4109,CoAP,actuator
2025-01-22T03:59:00,14.64,228.787,4.297,0.656,4.1422,LoRaWAN,smart_meter
2025-01-22T01:54:00,58.487,15.29,5.633,10.226,1.8808,MQTT,actuator
2025-01-22T14:09:00,52.061,22.446,8.887,8.469,1.2995,MQTT,actuator
2025-01-22T22:02:00,94.004,14.275,2.775,1.717,0.1087,MQTT,env_sensor
2025-01-21T23:23:00,93.741,24.848,8.13,15.13,1.5454,MQTT,actuator
2025-01-22T09:29:00,296.404,46.303,10.618,88.409,1.3031,CoAP,gateway
2025-01-22T19:00:00,105.268,25.374,8.371,8.826,1.5084,MQTT,actuator
2025-01-22T18:40:00,84.775,36.851,1.82,0.974,1.1653,MQTT,env_sensor
2025-01-22T06:24:00,529.918,34.864,17.573,41.904,1.9718,CoAP,gateway
2025-01-22T07:28:00,73.341,21.663,5.243,14.552,2.0924,MQTT,actuator
2025-01-22T07:13:00,1234.151,42.335,2.202,199.997,0.7049,HTTPS,camera
2025-01-22T11:38:00,58.571,12.942,4.849,4.558,1.1122,MQTT,env_sensor
2025-01-22T02:34:00,784.937,24.574,13.918,116.198,1.7903,CoAP,gateway
2025-01-23T00:10:00,28.489,255.293,1.581,0.534,5.0064,LoRaWAN,smart_meter
2025-01-22T11:45:00,1629.39,66.013,3.87,10.097,0.0,HTTPS,gateway
2025-01-23T12:49:00,1424.086,19.726,1.182,145.323,0.8852,HTTPS,camera
2025-01-22T12:03:00,163.381,23.935,8.051,9.377,1.3767,MQTT,actuator
2025-01-22T14:54:00,38.976,27.903,2.934,0.05,0.0,MQTT,env_sensor
2025-01-22T01:03:00,467.194,28.616,16.088,60.883,0.5669,CoAP,gateway
2025-01-21T22:07:00,47.831,25.626,4.526,0.785,0.8025,LoRaWAN,env_sensor
2025-01-22T23:20:00,1038.897,56.093,0.855,150.381,0.2336,HTTPS,camera
2025-01-21T22:33:00,2848.244,89.961,2.332,189.867,0.337,HTTPS,camera
2025-01-23T06:47:00,2139.962,55.723,3.253,96.845,0.867,HTTPS,camera
2025-01-22T19:23:00,2096.815,7.089,2.431,71.323,0.6368,HTTPS,camera
2025-01-23T07:52:00,170.26,63.329,0.1,154.26,0.0835,MQTT,camera
2025-01-22T16:57:00,38.113,232.265,4.531,0.334,5.869,LoRaWAN,smart_meter
2025-01-22T19:14:00,1174.746,34.745,9.083,63.584,1.0013,HTTPS,gateway
2025-01-22T15:23:00,1249.408,78.732,3.782,47.199,1.0006,HTTPS,camera
2025-01-22T09:01:00,111.632,6.378,11.062,9.565,1.3318,MQTT,actuator
2025-01-21T22:38:00,1162.93,36.148,0.14,34.304,0.635,HTTPS,camera
2025-01-22T22:18:00,111.378,12.694,7.416,7.109,0.2578,CoAP,actuator
2025-01-22T19:24:00,137.285,27.819,1.481,9.116,0.9354,MQTT,actuator
2025-01-22T01:50:00,1071.396,66.689,6.146,109.169,0.3383,HTTPS,camera
2025-01-23T09:09:00,8.0,34.342,13.984,65.905,0.0,HTTPS,gateway
2025-01-22T23:29:00,81.99,29.632,6.613,5.601,1.0272,MQTT,actuator
2025-01-21T21:01:00,122.413,15.608,3.291,7.757,0.5448,MQTT,actuator
2025-01-22T16:48:00,1422.951,32.861,8.388,207.632,1.7416,HTTPS,camera
2025-01-22T19:07:00,125.319,5.756,4.747,9.752,1.2693,MQTT,actuator
2025-01-22T14:46:00,1744.587,61.201,4.029,110.363,0.2195,HTTPS,camera
2025-01-23T07:38:00,1520.457,26.018,5.377,70.346,1.2073,HTTPS,gateway
2025-01-23T10:13:00,1049.414,44.353,4.418,123.492,1.5794,HTTPS,gateway
2025-01-21T23:28:00,1059.316,23.276,8.352,71.023,1.1499,HTTPS,gateway
2025-01-22T07:29:00,28.827,268.605,2.066,0.786,2.842,LoRaWAN,smart_meter
2025-01-22T23:04:00,45.965,21.981,3.215,2.759,0.0,MQTT,env_sensor
2025-01-23T10:46:00,64.952,38.973,2.536,2.385,1.8134,MQTT,env_sensor
2025-01-22T19:14:00,18.591,168.764,2.023,0.844,1.8105,LoRaWAN,smart_meter
2025-01-22T14:37:00,27.636,228.707,0.1,0.941,3.0367,LoRaWAN,smart_meter
2025-01-22T16:39:00,666.036,19.688,11.19,66.414,0.7807,HTTPS,gateway
2025-01-23T05:39:00,139.148,10.471,5.954,5.262,0.2565,MQTT,actuator
2025-01-22T05:28:00,458.046,22.828,7.513,95.187,1.5326,CoAP,gateway
2025-01-23T05:42:00,1196.351,43.387,15.059,58.587,0.0,HTTPS,gateway
2025-01-23T04:41:00,24.004,199.438,3.865,0.406,2.6663,LoRaWAN,smart_meter
2025-01-23T09:25:00,57.949,35.968,5.485,3.402,0.2532,MQTT,env_sensor
2025-01-22T22:49:00,37.662,30.611,0.682,5.872,2.667,MQTT,env_sensor
2025-01-22T17:08:00,64.514,7.256,4.652,6.483,1.2027,MQTT,env_sensor
2025-01-22T18:07:00,66.215,25.163,9.284,9.832,1.6526,CoAP,actuator
2025-01-21T22:14:00,26.049,126.812,0.1,0.868,0.226,LoRaWAN,smart_meter
2025-01-22T11:24:00,127.79,7.461,2.328,8.658,0.0,MQTT,actuator
2025-01-22T17:00:00,840.1,41.203,7.877,73.12,0.0,HTTPS,gateway
2025-01-23T08:01:00,368.719,27.906,3.004,137.47,0.6196,HTTPS,camera
2025-01-22T12:37:00,40.729,22.967,2.226,5.163,1.9346,MQTT,env_sensor
2025-01-22T00:52:00,73.244,1.0,4.373,5.817,1.3601,MQTT,actuator
2025-01-23T12:01:00,93.285,23.695,2.032,8.717,1.8464,MQTT,env_sensor
2025-01-23T13:08:00,82.692,5.643,0.1,5.081,1.9614,MQTT,env_sensor
2025-01-22T04:16:00,33.181,214.968,2.276,0.458,2.5345,LoRaWAN,smart_meter
2025-01-23T12:46:00,79.655,14.071,12.422,11.926,0.4993,MQTT,actuator
2025-01-23T08:36:00,88.07,22.346,6.884,9.567,1.642,CoAP,actuator
2025-01-21T23:07:00,40.361,88.677,1.125,0.806,1.6679,MQTT,smart_meter
2025-01-22T07:41:00,118.841,22.452,5.24,3.624,0.0,MQTT,actuator
2025-01-22T18:37:00,943.661,76.425,2.398,84.973,0.1749,HTTPS,camera
2025-01-22T03:00:00,30.716,244.019,0.972,0.212,1.5997,LoRaWAN,smart_meter
2025-01-22T12:41:00,30.407,282.295,3.594,0.144,0.3759,LoRaWAN,smart_meter
2025-01-22T05:53:00,1468.025,64.588,0.1,172.765,1.5189,HTTPS,camera
2025-01-23T12:08:00,124.608,21.719,6.866,2.916,0.3711,MQTT,actuator
2025-01-23T01:48:00,93.588,19.519,1.767,3.971,1.7092,MQTT,env_sensor
2025-01-22T15:10:00,3069.238,51.097,7.915,97.91,0.629,HTTPS,camera
2025-01-22T09:13:00,746.917,33.099,3.265,62.373,1.4447,HTTPS,camera
2025-01-22T03:24:00,448.032,38.301,7.32,161.787,2.8735,CoAP,gateway
2025-01-23T08:07:00,138.712,11.518,5.822,14.101,0.4496,MQTT,actuator
2025-01-22T00:02:00,2756.831,51.372,5.871,138.985,0.3138,HTTPS,camera
2025-01-22T11:28:00,2055.644,45.316,4.677,116.893,0.7658,HTTPS,camera
2025-01-23T12:34:00,66.286,15.247,0.366,6.85,0.5882,MQTT,env_sensor
2025-01-23T11:08:00,1655.702,89.547,4.566,93.94,0.8788,HTTPS,camera
2025-01-23T05:08:00,140.253,20.033,8.181,3.807,0.9423,MQTT,actuator
2025-01-23T05:43:00,90.52,3.066,6.701,6.522,1.5586,MQTT,actuator
2025-01-22T10:09:00,388.109,33.566,12.623,34.282,1.9059,CoAP,gateway
2025-01-22T05:32:00,99.937,30.966,2.764,5.242,0.5432,MQTT,actuator
2025-01-23T05:10:00,601.287,52.235,13.872,84.642,0.1594,HTTPS,gateway
2025-01-23T11:22:00,131.426,16.378,12.701,10.958,0.9835,CoAP,actuator
2025-01-22T01:47:00,97.597,1.0,3.329,9.022,1.4142,MQTT,actuator
2025-01-22T11:51:00,38.502,13.324,6.474,7.171,1.8644,MQTT,actuator
2025-01-22T19:24:00,575.121,56.89,5.699,133.084,0.0097,HTTPS,camera
2025-01-22T16:00:00,761.816,24.612,6.041,116.271,1.0639,CoAP,camera
2025-01-22T20:35:00,107.994,19.893,3.149,7.928,1.6876,MQTT,actuator
2025-01-22T12:49:00,1780.643,10.565,2.558,123.138,0.6002,HTTPS,camera
2025-01-23T01:42:00,1007.905,27.329,5.433,55.943,0.0,HTTPS,gateway
2025-01-23T10:49:00,80.21,37.387,4.45,0.05,2.1562,MQTT,env_sensor
2025-01-22T07:51:00,78.398,35.293,2.339,3.178,3.3436,MQTT,env_sensor
2025-01-22T23:05:00,31.868,208.628,2.234,0.489,3.1481,LoRaWAN,smart_meter
2025-01-22T09:27:00,1415.852,92.68,0.621,101.177,0.5217,HTTPS,camera
2025-01-21T22:08:00,28.89,191.569,2.657,0.435,4.7292,LoRaWAN,smart_meter
2025-01-22T17:09:00,25.369,286.59,1.722,0.05,2.4967,LoRaWAN,smart_meter
2025-01-22T05:18:00,98.444,38.832,3.516,5.215,0.1093,MQTT,env_sensor
2025-01-23T03:47:00,1206.286,77.815,4.697,82.777,0.7497,HTTPS,camera
2025-01-23T09:57:00,22.873,192.514,5.481,0.159,0.2923,LoRaWAN,smart_meter
2025-01-22T00:23:00,886.919,68.082,3.598,95.863,1.0241,HTTPS,camera
2025-01-23T09:40:00,2336.013,39.359,0.1,179.09,1.8569,HTTPS,camera
2025-01-22T22:07:00,125.353,5.38,5.859,3.615,0.6778,MQTT,actuator
2025-01-22T06:18:00,1422.352,87.057,2.594,168.234,1.035,HTTPS,camera
2025-01-22T11:57:00,2679.422,63.919,3.191,164.964,0.6364,HTTPS,camera
2025-01-22T22:21:00,911.961,57.301,5.623,34.232,0.9103,CoAP,camera
2025-01-22T17:34:00,121.535,47.614,9.927,93.8,1.4788,MQTT,gateway
2025-01-23T10:13:00,1691.855,63.07,4.156,108.731,1.294,HTTPS,camera
2025-01-22T22:21:00,81.233,20.818,4.136,7.215,1.6175,MQTT,env_sensor
2025-01-22T11:46:00,75.297,13.022,3.197,5.873,0.0195,MQTT,env_sensor
2025-01-23T05:52:00,76.071,27.215,3.012,11.23,2.1705,MQTT,actuator
2025-01-22T10:41:00,142.052,25.096,3.792,6.786,0.0,MQTT,actuator
2025-01-22T22:37:00,1153.713,14.22,3.924,95.507,0.2215,HTTPS,gateway
2025-01-22T14:26:00,1483.761,54.14,3.633,90.366,1.1086,HTTPS,camera
2025-01-22T02:19:00,30.332,123.876,2.38,0.113,4.7808,LoRaWAN,smart_meter
2025-01-22T16:04:00,65.733,15.878,4.152,6.553,0.0228,MQTT,env_sensor
2025-01-22T15:07:00,8.0,62.405,0.648,123.518,1.3726,MQTT,camera
2025-01-23T08:29:00,3145.639,32.907,6.917,165.029,0.3035,HTTPS,camera
2025-01-21T22:29:00,113.638,16.238,11.482,4.894,0.103,MQTT,actuator
2025-01-22T02:41:00,1253.54,49.148,15.455,4.546,1.1376,MQTT,gateway
2025-01-23T07:33:00,27.664,172.122,1.059,0.117,3.7074,LoRaWAN,smart_meter
2025-01-22T21:40:00,32.366,109.634,3.513,0.656,3.1394,MQTT,smart_meter
2025-01-22T07:29:00,65.423,39.107,2.419,4.009,1.2718,MQTT,env_sensor
2025-01-22T02:23:00,49.642,39.131,3.631,0.14,0.1158,HTTPS,env_sensor
2025-01-23T00:25:00,586.282,54.47,3.738,166.19,0.0,HTTPS,camera
2025-01-23T03:07:00,99.384,12.572,4.852,8.887,0.7328,MQTT,actuator
2025-01-22T21:46:00,29.444,259.908,1.005,0.849,4.1415,LoRaWAN,smart_meter
2025-01-22T02:24:00,136.96,24.415,9.396,4.983,0.9528,MQTT,actuator
2025-01-21T20:46:00,1449.733,66.057,5.765,98.941,0.7532,HTTPS,camera
2025-01-21T23:35:00,2055.853,107.157,4.669,184.106,0.4353,HTTPS,camera
2025-01-21T20:55:00,87.795,20.018,2.386,0.05,1.2908,MQTT,actuator
2025-01-22T18:13:00,591.679,42.26,9.436,42.694,1.6167,CoAP,gateway
2025-01-22T10:44:00,78.868,8.176,1.813,6.258,2.4563,MQTT,env_sensor
2025-01-22T20:10:00,790.426,43.865,5.168,0.05,0.4931,CoAP,gateway
2025-01-23T12:18:00,82.74,31.945,9.131,0.05,0.823,MQTT,env_sensor
2025-01-22T19:22:00,561.629,132.244,3.279,172.783,0.6095,HTTPS,camera
2025-01-23T06:37:00,80.535,24.17,8.265,8.396,0.6292,CoAP,actuator
2025-01-21T21:12:00,68.204,22.95,7.336,16.754,1.2735,MQTT,actuator
2025-01-21T23:31:00,42.988,130.478,4.317,0.189,5.6219,LoRaWAN,smart_meter
2025-01-23T05:53:00,94.208,31.274,3.154,7.774,0.3052,MQTT,actuator
2025-01-21T23:46:00,1109.22,27.607,1.652,105.606,1.1342,HTTPS,camera
2025-01-23T11:50:00,127.496,19.372,6.507,10.152,2.2977,MQTT,actuator
2025-01-22T11:02:00,1070.244,72.015,4.248,96.46,0.0,HTTPS,gateway
2025-01-22T20:13:00,181.425,13.935,6.683,11.261,0.584,MQTT,actuator
2025-01-22T06:06:00,88.747,16.904,1.185,4.91,1.7716,MQTT,env_sensor
2025-01-23T05:08:00,32.93,150.59,0.62,0.05,3.329,LoRaWAN,smart_meter
2025-01-22T04:09:00,68.831,11.099,2.482,6.837,0.2093,MQTT,env_sensor
2025-01-22T00:19:00,1501.343,81.593,8.17,43.908,0.0,HTTPS,camera
2025-01-23T12:22:00,1348.355,57.018,3.995,135.088,0.1351,HTTPS,gateway
2025-01-23T00:28:00,1566.09,15.933,22.739,60.745,1.181,HTTPS,gateway
2025-01-22T11:04:00,2452.045,74.375,0.225,227.109,0.8698,HTTPS,camera
2025-01-23T11:39:00,1325.421,65.482,5.412,97.597,0.2298,HTTPS,camera
2025-01-23T08:45:00,39.043,238.699,0.725,0.501,3.8052,LoRaWAN,smart_meter
2025-01-23T08:39:00,73.212,24.612,3.341,2.411,1.2279,MQTT,env_sensor
2025-01-21T22:42:00,100.722,30.925,8.325,6.443,0.4562,MQTT,actuator
2025-01-21T22:43:00,63.215,19.068,3.335,0.05,0.4829,MQTT,actuator
2025-01-23T10:48:00,1411.656,75.937,6.163,161.259,0.4435,HTTPS,camera
2025-01-22T00:20:00,27.427,25.771,2.604,4.517,1.3411,MQTT,env_sensor
2025-01-22T14:03:00,104.777,34.542,4.624,3.637,2.6362,MQTT,env_sensor
2025-01-23T09:16:00,1231.465,1.0,7.4,102.832,1.0362,HTTPS,gateway
2025-01-22T05:02:00,114.736,17.486,5.424,9.359,0.6624,MQTT,actuator
2025-01-23T01:45:00,65.917,31.843,3.619,9.419,1.5977,MQTT,actuator
2025-01-22T08:21:00,42.907,27.506,2.371,2.089,1.3056,MQTT,env_sensor
2025-01-22T06:50:00,87.458,14.483,10.041,7.684,0.0,CoAP,actuator
2025-01-21T21:46:00,791.122,4.488,5.078,22.241,0.6068,CoAP,gateway
2025-01-23T09:32:00,1270.734,68.795,17.788,0.05,1.4784,CoAP,gateway
2025-01-22T13:29:00,2545.884,88.693,6.021,150.918,0.2099,HTTPS,camera
2025-01-22T04:10:00,34.481,237.487,2.638,0.332,3.1949,LoRaWAN,smart_meter
2025-01-23T08:06:00,47.979,31.326,0.504,5.069,1.5018,MQTT,env_sensor
2025-01-23T11:26:00,1436.482,61.526,0.1,151.0,0.1808,HTTPS,camera
2025-01-22T21:55:00,28.795,88.244,0.768,0.71,2.1275,MQTT,smart_meter
2025-01-21T22:49:00,34.896,216.409,3.021,0.228,1.3259,LoRaWAN,smart_meter
2025-01-22T15:37:00,32.373,37.716,3.846,6.117,2.1665,MQTT,env_sensor
2025-01-23T06:48:00,119.322,15.807,7.181,4.291,0.5425,MQTT,actuator
2025-01-23T10:43:00,21.168,210.877,5.085,0.451,2.476,LoRaWAN,smart_meter
2025-01-22T11:14:00,13.641,168.754,0.434,0.622,0.0,LoRaWAN,smart_meter
2025-01-22T05:28:00,11.739,177.304,1.115,0.853,0.6191,LoRaWAN,smart_meter
2025-01-22T05:59:00,106.258,32.486,8.664,6.613,0.0,MQTT,actuator
2025-01-22T06:40:00,1577.387,42.455,8.806,45.444,1.5103,HTTPS,gateway
2025-01-22T03:43:00,388.917,93.251,4.135,224.203,0.0612,HTTPS,camera
2025-01-22T07:47:00,1832.094,40.145,4.561,168.315,0.6055,HTTPS,camera
2025-01-23T13:32:00,93.48,4.881,8.414,9.848,0.0,MQTT,actuator
2025-01-22T04:22:00,171.413,16.318,8.579,9.328,0.1343,CoAP,actuator
2025-01-22T03:33:00,473.243,29.331,10.064,81.529,2.1781,CoAP,gateway
2025-01-22T13:57:00,107.94,1.963,8.201,12.604,1.3775,MQTT,actuator
2025-01-23T00:18:00,138.709,8.318,8.19,6.539,0.5497,MQTT,actuator
2025-01-22T05:56:00,471.273,12.129,3.64,85.796,2.6605,MQTT,gateway
2025-01-22T04:51:00,8.0,67.061,13.287,89.577,1.2893,MQTT,gateway
2025-01-22T15:10:00,102.068,14.679,9.481,10.218,0.584,MQTT,actuator
2025-01-23T07:42:00,1822.121,79.154,0.956,155.507,1.0805,HTTPS,camera
2025-01-23T08:24:00,27.655,115.446,0.1,0.263,2.2015,LoRaWAN,smart_meter
2025-01-21T20:08:00,26.924,174.238,1.919,0.712,7.4274,LoRaWAN,smart_meter
2025-01-23T12:34:00,733.992,57.325,2.556,14.624,0.3222,HTTPS,gateway
2025-01-22T13:32:00,761.529,77.506,1.454,111.122,0.7912,HTTPS,camera
2025-01-22T23:03:00,89.161,49.286,6.08,1.074,0.0,MQTT,env_sensor
2025-01-23T10:36:00,77.831,12.684,3.614,1.989,0.0,MQTT,env_sensor
2025-01-23T11:26:00,64.665,19.734,10.861,10.135,0.7592,MQTT,actuator
2025-01-21T22:04:00,51.718,43.473,0.1,6.639,1.0275,MQTT,env_sensor
2025-01-23T04:46:00,949.584,65.946,7.53,113.657,0.4838,HTTPS,camera
2025-01-23T03:53:00,24.355,94.411,0.913,0.401,4.6411,LoRaWAN,smart_meter
2025-01-22T00:21:00,838.72,1.0,21.411,73.671,1.3046,CoAP,gateway
2025-01-23T02:35:00,940.591,85.723,6.007,226.532,0.3898,HTTPS,camera
2025-01-23T03:13:00,1662.779,5.012,5.859,126.026,0.3119,HTTPS,camera
2025-01-22T15:42:00,98.85,17.182,7.413,6.414,2.0836,MQTT,actuator
2025-01-23T05:33:00,87.109,13.189,2.053,7.13,0.0,MQTT,actuator
2025-01-22T17:40:00,1043.055,1.0,6.109,68.894,1.6183,HTTPS,gateway
2025-01-23T02:12:00,52.327,32.579,1.498,3.202,3.225,MQTT,env_sensor
2025-01-23T13:23:00,621.706,79.398,4.879,41.167,1.621,CoAP,camera
2025-01-22T05:55:00,2289.82,125.697,9.099,202.83,0.5384,HTTPS,camera
2025-01-22T15:35:00,34.24,24.093,10.133,5.473,0.8167,MQTT,actuator
2025-01-22T04:49:00,63.835,26.805,6.405,1.629,2.0372,MQTT,env_sensor
2025-01-21T22:02:00,147.602,4.507,5.858,8.817,0.8801,CoAP,actuator
2025-01-22T14:17:00,65.395,54.181,3.956,2.575,0.0,MQTT,env_sensor
2025-01-22T19:51:00,911.274,22.608,0.1,224.697,1.1399,MQTT,camera
2025-01-22T20:19:00,393.419,20.115,9.013,0.05,0.0,CoAP,gateway
2025-01-22T16:52:00,17.679,152.932,3.064,0.419,2.2989,LoRaWAN,smart_meter
2025-01-22T14:37:00,2631.133,10.346,1.657,89.983,0.7891,HTTPS,camera
2025-01-22T13:31:00,98.252,15.079,8.488,8.627,0.9085,CoAP,actuator
2025-01-21T23:25:00,54.823,25.39,1.751,5.141,0.0,MQTT,env_sensor
2025-01-21T20:21:00,90.202,18.51,3.079,8.713,0.2493,MQTT,actuator
2025-01-22T13:46:00,39.872,23.345,2.707,1.345,1.2388,MQTT,env_sensor
2025-01-22T21:58:00,24.401,132.894,2.987,0.087,0.0,LoRaWAN,smart_meter
2025-01-23T04:45:00,28.416,226.791,3.588,0.438,6.418,LoRaWAN,smart_meter
2025-01-23T08:49:00,39.106,212.579,3.542,0.595,5.3512,LoRaWAN,smart_meter
2025-01-22T01:12:00,25.488,197.23,2.928,0.445,2.9994,LoRaWAN,smart_meter
2025-01-22T21:09:00,75.878,26.325,5.002,12.293,1.6778,CoAP,env_sensor
2025-01-21T22:38:00,1444.693,66.52,6.562,64.143,1.7111,HTTPS,gateway
2025-01-21T22:13:00,142.887,11.036,5.777,11.628,0.9764,MQTT,actuator
2025-01-22T20:10:00,33.322,176.0,2.536,0.616,4.0692,LoRaWAN,smart_meter
2025-01-23T03:43:00,82.585,42.777,2.591,5.85,0.0,MQTT,env_sensor
2025-01-22T14:44:00,1368.382,60.256,4.419,0.05,1.4849,HTTPS,camera
2025-01-23T08:47:00,18.939,194.101,0.564,0.113,5.3407,LoRaWAN,smart_meter
2025-01-22T23:54:00,1554.47,67.376,5.131,122.591,0.6184,HTTPS,camera
2025-01-22T05:32:00,125.651,21.416,4.281,10.341,2.6714,MQTT,env_sensor
2025-01-22T14:10:00,48.412,44.817,0.1,7.552,1.4394,MQTT,env_sensor
2025-01-23T07:00:00,21.292,89.006,0.1,0.05,0.0,MQTT,smart_meter
2025-01-22T16:52:00,51.568,32.544,5.059,0.052,1.4327,MQTT,env_sensor
2025-01-22T12:37:00,88.384,21.991,7.074,6.869,0.7028,CoAP,actuator
2025-01-23T06:34:00,103.326,30.796,0.1,1.776,0.5194,MQTT,env_sensor
2025-01-22T04:52:00,745.984,72.715,16.918,76.15,1.1083,CoAP,gateway
2025-01-23T01:36:00,42.263,16.969,0.1,5.811,0.8596,MQTT,env_sensor
2025-01-22T08:25:00,8.0,31.396,6.148,140.098,0.8047,HTTPS,gateway
2025-01-23T01:48:00,28.409,207.674,4.374,0.662,1.4524,LoRaWAN,smart_meter
2025-01-22T07:18:00,120.312,16.009,7.259,12.57,0.0,MQTT,actuator
2025-01-21T22:45:00,61.366,15.956,2.827,0.05,1.9738,MQTT,env_sensor
2025-01-22T05:03:00,1947.055,104.235,0.46,28.686,0.9996,HTTPS,camera
2025-01-23T03:59:00,25.608,264.689,0.1,0.404,3.2424,LoRaWAN,smart_meter
2025-01-21T23:48:00,28.829,157.382,0.46,0.57,3.2496,LoRaWAN,smart_meter
2025-01-23T09:44:00,33.582,331.098,0.809,0.472,0.0,LoRaWAN,smart_meter
2025-01-23T04:22:00,190.416,65.267,10.29,76.566,0.359,MQTT,gateway
2025-01-22T20:07:00,963.302,13.07,4.317,20.417,1.2464,MQTT,gateway
2025-01-22T07:51:00,1388.794,46.05,15.087,71.473,1.6413,CoAP,gateway
2025-01-21T23:33:00,1426.182,46.018,10.844,61.283,0.6037,HTTPS,gateway
2025-01-23T12:32:00,967.129,61.777,5.311,91.927,1.9017,CoAP,gateway
2025-01-23T12:48:00,11.718,168.364,2.066,0.484,4.4779,LoRaWAN,smart_meter
2025-01-22T13:49:00,31.46,99.713,2.097,0.251,4.6209,LoRaWAN,smart_meter
2025-01-22T17:30:00,130.024,16.052,7.072,12.284,1.2218,MQTT,actuator
2025-01-22T13:52:00,711.995,21.554,9.872,62.385,0.0,HTTPS,gateway
2025-01-23T04:02:00,77.648,18.835,2.138,6.943,0.3526,MQTT,actuator
2025-01-22T12:47:00,117.725,28.73,8.526,6.123,0.7607,MQTT,actuator
2025-01-22T05:38:00,144.85,49.998,11.983,85.832,1.0414,CoAP,gateway
2025-01-23T07:45:00,19.199,223.912,0.982,0.119,3.4494,LoRaWAN,smart_meter
2025-01-22T20:32:00,123.475,23.116,4.715,9.972,1.4592,MQTT,actuator
2025-01-22T15:33:00,1076.422,55.813,13.288,53.943,0.4076,HTTPS,gateway
2025-01-23T00:35:00,679.394,49.947,9.139,109.359,0.1711,HTTPS,gateway
2025-01-22T07:55:00,1808.477,45.072,0.983,208.137,0.5829,HTTPS,camera
2025-01-21T23:23:00,48.235,22.726,2.952,1.179,0.562,MQTT,env_sensor
2025-01-21T20:15:00,31.926,202.281,0.1,0.05,2.5026,LoRaWAN,smart_meter
2025-01-23T10:32:00,151.499,23.006,6.319,5.172,0.2538,MQTT,actuator
2025-01-23T06:43:00,605.654,54.394,10.278,65.393,0.4814,HTTPS,gateway
2025-01-22T13:46:00,759.89,55.494,7.7,116.637,0.3406,HTTPS,gateway
2025-01-22T02:12:00,155.363,18.501,3.194,5.007,1.283,MQTT,actuator
2025-01-22T05:39:00,56.976,22.846,2.506,0.05,1.2973,MQTT,env_sensor
2025-01-22T11:59:00,1031.563,27.227,6.709,4.916,1.4445,CoAP,gateway
2025-01-22T06:23:00,47.293,21.83,4.263,4.287,1.6931,MQTT,env_sensor
2025-01-22T20:31:00,24.8,107.453,4.331,0.05,3.1707,LoRaWAN,smart_meter
2025-01-22T11:58:00,1563.937,70.415,8.629,35.533,2.6826,CoAP,gateway
2025-01-22T23:29:00,1152.364,40.314,3.66,47.344,2.5056,HTTPS,gateway
2025-01-22T16:59:00,31.789,184.557,0.395,0.259,2.1702,LoRaWAN,smart_meter
2025-01-21T20:24:00,884.391,18.548,2.414,24.711,1.4255,MQTT,gateway
2025-01-22T01:45:00,896.881,30.357,4.391,68.561,1.4221,HTTPS,gateway
2025-01-22T13:50:00,142.245,12.758,11.966,11.612,0.2798,MQTT,actuator
2025-01-22T19:10:00,27.157,133.239,1.137,0.24,2.2862,LoRaWAN,smart_meter
2025-01-23T08:31:00,56.214,30.949,1.767,10.323,2.3709,MQTT,env_sensor
2025-01-22T19:44:00,131.789,14.089,3.265,9.822,0.0,MQTT,actuator
2025-01-23T00:44:00,93.392,23.769,1.785,1.764,1.5316,MQTT,env_sensor
2025-01-22T16:58:00,1238.056,59.581,6.129,205.275,0.7638,HTTPS,camera
2025-01-23T09:32:00,64.078,23.152,1.698,6.569,0.1808,MQTT,env_sensor
2025-01-23T10:34:00,13.813,34.206,2.635,5.644,0.6799,HTTPS,env_sensor
2025-01-22T01:21:00,17.822,206.878,3.25,0.294,3.5065,LoRaWAN,smart_meter
2025-01-23T13:06:00,20.939,168.624,1.407,0.202,3.3326,LoRaWAN,smart_meter
2025-01-22T21:11:00,30.915,290.945,2.013,0.065,3.8157,LoRaWAN,smart_meter
2025-01-22T08:29:00,47.656,28.334,1.664,1.083,0.7712,MQTT,env_sensor
2025-01-22T01:52:00,1277.122,55.374,1.546,67.078,0.761,HTTPS,gateway
2025-01-22T23:33:00,89.039,1.475,9.426,7.412,0.8005,CoAP,actuator
2025-01-23T04:33:00,1589.527,64.042,1.514,13.63,1.0071,HTTPS,camera
2025-01-23T05:31:00,151.329,23.355,4.545,7.475,0.2638,MQTT,actuator
2025-01-22T23:25:00,677.863,36.629,5.249,11.736,1.2748,CoAP,gateway
2025-01-22T15:16:00,129.323,10.887,4.58,0.05,1.2555,MQTT,env_sensor
2025-01-22T06:55:00,1344.044,69.699,4.547,184.137,0.6804,HTTPS,camera
2025-01-22T13:49:00,1239.917,70.223,4.315,175.562,0.4448,HTTPS,camera
2025-01-21T21:21:00,78.083,16.36,0.962,2.403,3.6374,MQTT,env_sensor
2025-01-22T17:43:00,124.322,28.485,3.697,16.668,0.8969,MQTT,actuator
2025-01-21T21:30:00,48.91,31.744,3.793,0.399,0.3557,HTTPS,env_sensor
2025-01-23T00:47:00,72.629,12.59,4.217,12.67,1.0111,MQTT,actuator
2025-01-22T11:13:00,995.781,48.601,0.1,114.174,2.7675,HTTPS,gateway
2025-01-23T09:50:00,574.072,40.883,7.211,64.247,1.2368,CoAP,gateway
2025-01-23T09:07:00,44.888,17.162,2.771,10.353,1.0073,MQTT,actuator
2025-01-22T22:47:00,756.387,39.447,10.3,28.681,0.2841,HTTPS,gateway
2025-01-22T05:40:00,25.999,96.469,0.1,0.525,4.0696,LoRaWAN,smart_meter
2025-01-22T14:53:00,93.458,30.319,4.438,4.527,1.2647,MQTT,env_sensor
2025-01-23T05:58:00,69.01,3.61,1.871,5.869,0.8931,MQTT,env_sensor
2025-01-22T16:57:00,1179.724,26.283,6.637,42.741,1.4038,MQTT,gateway
2025-01-22T18:20:00,109.373,12.338,4.606,15.039,0.8326,MQTT,actuator
2025-01-22T17:59:00,81.129,28.912,2.009,0.05,0.0,MQTT,env_sensor
2025-01-22T23:59:00,42.952,9.731,6.069,9.766,1.2322,MQTT,actuator
2025-01-23T05:06:00,22.317,112.297,1.299,0.414,3.4926,LoRaWAN,smart_meter
2025-01-22T08:32:00,130.589,19.725,4.91,3.28,0.4906,MQTT,actuator
2025-01-22T03:58:00,51.299,1.0,5.888,0.05,0.272,MQTT,env_sensor
2025-01-22T04:11:00,748.41,45.479,4.05,7.073,1.2382,CoAP,gateway
2025-01-22T02:52:00,68.622,14.902,1.865,4.494,1.7751,MQTT,env_sensor
2025-01-22T07:20:00,45.495,10.358,2.784,3.132,2.8021,MQTT,env_sensor
2025-01-22T15:15:00,2042.379,20.108,2.284,86.916,1.3332,HTTPS,camera
2025-01-21T21:16:00,1407.805,1.0,0.595,0.05,2.3602,HTTPS,gateway
2025-01-23T12:27:00,613.913,24.361,13.572,66.209,0.0,HTTPS,gateway
2025-01-23T07:38:00,100.607,24.522,2.064,7.115,1.0729,MQTT,env_sensor
2025-01-22T00:36:00,93.602,36.737,4.146,0.05,0.0,MQTT,env_sensor
2025-01-21T22:17:00,1971.305,58.965,1.172,124.996,0.0,HTTPS,camera
2025-01-23T01:09:00,21.15,136.303,2.207,0.602,3.4741,LoRaWAN,smart_meter
2025-01-22T00:59:00,110.798,22.141,3.444,7.989,1.0831,MQTT,env_sensor
2025-01-22T03:37:00,166.546,16.497,7.835,0.845,0.6136,MQTT,actuator
2025-01-22T23:42:00,99.08,8.762,2.181,2.237,1.6667,MQTT,actuator
2025-01-22T23:46:00,27.783,135.261,2.522,0.53,1.6369,LoRaWAN,smart_meter
2025-01-22T16:57:00,65.531,11.252,2.237,1.939,0.0,MQTT,env_sensor
2025-01-22T08:25:00,26.953,18.004,1.999,0.05,1.5017,MQTT,env_sensor
2025-01-22T13:50:00,27.611,268.879,0.95,0.623,3.1157,LoRaWAN,smart_meter
2025-01-22T04:19:00,158.93,31.521,4.259,5.204,0.0948,MQTT,actuator
2025-01-23T08:27:00,107.326,17.722,4.068,5.746,0.0,MQTT,actuator
2025-01-22T19:57:00,20.155,158.197,3.057,0.159,4.3753,LoRaWAN,smart_meter
2025-01-23T10:56:00,85.151,34.158,7.408,7.04,2.0735,CoAP,env_sensor
2025-01-23T11:37:00,380.102,95.69,0.537,28.477,0.6099,HTTPS,camera
2025-01-21T20:06:00,1325.049,54.506,12.334,42.403,0.7796,HTTPS,gateway
2025-01-22T04:28:00,114.002,16.794,8.054,5.881,1.0162,MQTT,actuator
2025-01-22T21:04:00,104.241,20.472,9.466,4.692,1.4279,CoAP,actuator
2025-01-23T01:54:00,26.712,209.461,0.681,0.399,2.1669,LoRaWAN,smart_meter
2025-01-22T01:27:00,1607.332,62.648,4.698,28.278,0.0,HTTPS,gateway
2025-01-22T14:20:00,1493.045,72.965,4.896,202.441,0.914,HTTPS,camera
2025-01-21T21:36:00,82.384,22.165,4.017,5.773,3.1403,MQTT,env_sensor
2025-01-21T23:09:00,90.545,11.867,9.446,11.044,0.3203,MQTT,actuator
2025-01-22T16:39:00,114.605,6.59,6.413,8.477,0.7067,MQTT,actuator
2025-01-22T00:19:00,113.667,27.962,0.616,10.727,1.823,MQTT,actuator
2025-01-22T07:03:00,1355.49,48.249,3.319,27.553,0.2814,HTTPS,camera
2025-01-22T05:42:00,404.815,44.177,4.254,177.892,0.9078,HTTPS,camera
2025-01-22T06:49:00,119.019,49.521,6.945,1.242,0.9148,MQTT,env_sensor
2025-01-23T07:15:00,1536.45,94.332,3.064,136.653,0.0,HTTPS,camera
2025-01-23T00:39:00,68.481,30.976,3.282,9.706,1.534,MQTT,env_sensor
2025-01-22T06:00:00,1700.087,27.946,7.581,229.586,0.0,HTTPS,camera
2025-01-23T00:22:00,971.497,44.011,10.617,0.05,1.4531,CoAP,gateway
2025-01-21T20:30:00,28.366,248.84,0.1,0.848,0.8465,LoRaWAN,smart_meter
2025-01-22T11:34:00,32.895,228.711,2.173,0.755,3.1459,LoRaWAN,smart_meter
2025-01-22T17:19:00,24.935,128.206,0.247,0.05,4.4671,LoRaWAN,smart_meter
2025-01-22T14:45:00,109.018,42.803,6.191,2.625,1.2379,CoAP,env_sensor
2025-01-22T19:28:00,66.409,23.099,5.149,7.207,0.2745,MQTT,env_sensor
2025-01-23T04:59:00,87.847,43.956,0.1,4.3,0.0,MQTT,env_sensor
2025-01-21T23:44:00,1152.261,35.649,7.6,110.867,0.9054,HTTPS,gateway
2025-01-22T14:08:00,718.987,1.0,6.669,34.07,1.7548,CoAP,gateway
2025-01-23T00:55:00,566.677,20.467,2.482,52.974,0.9674,HTTPS,gateway
2025-01-22T16:09:00,119.074,18.076,4.287,14.101,0.0,MQTT,actuator
2025-01-22T08:13:00,128.634,16.642,6.492,9.16,0.0,MQTT,actuator
2025-01-22T08:39:00,21.069,132.083,2.728,0.367,1.3448,LoRaWAN,smart_meter
2025-01-22T11:52:00,125.377,14.117,1.711,3.146,0.444,MQTT,actuator
2025-01-22T01:47:00,34.501,17.66,3.749,4.115,0.5007,MQTT,env_sensor
2025-01-23T03:38:00,75.148,45.115,4.081,5.439,1.23,MQTT,env_sensor
2025-01-22T15:48:00,26.296,143.327,4.448,0.298,2.7365,LoRaWAN,smart_meter
2025-01-23T02:11:00,608.803,23.423,12.382,72.446,0.5756,HTTPS,gateway
2025-01-22T09:39:00,45.296,10.177,4.787,6.616,2.2483,MQTT,env_sensor
2025-01-22T08:02:00,111.325,21.484,8.463,5.943,0.919,MQTT,actuator
2025-01-22T13:36:00,82.012,26.12,2.702,6.189,1.2352,MQTT,env_sensor
2025-01-22T22:01:00,13.495,102.205,1.058,0.147,5.1452,LoRaWAN,smart_meter
2025-01-23T08:21:00,80.22,29.3,1.293,8.079,1.3936,MQTT,actuator
2025-01-22T23:08:00,1478.369,56.225,7.229,104.881,1.128,HTTPS,gateway
2025-01-22T01:06:00,112.054,17.574,9.484,7.604,0.131,CoAP,actuator
2025-01-21T20:52:00,70.807,10.381,11.256,7.15,1.1634,MQTT,actuator
2025-01-22T15:11:00,117.527,11.124,8.6,10.106,1.9671,MQTT,actuator
2025-01-22T10:33:00,168.406,1.0,6.908,10.539,0.5887,MQTT,actuator
2025-01-23T01:31:00,13.186,266.051,3.028,0.231,4.4514,LoRaWAN,smart_meter
2025-01-22T10:30:00,1365.792,44.586,11.416,57.977,2.1347,HTTPS,gateway
2025-01-22T15:50:00,1813.361,38.23,4.473,67.149,1.123,HTTPS,camera
2025-01-22T04:46:00,51.229,1.0,2.904,7.19,1.4225,MQTT,env_sensor
2025-01-22T23:14:00,32.389,25.133,6.349,0.05,0.0,MQTT,env_sensor
2025-01-22T23:37:00,71.075,59.015,7.491,0.05,1.362,CoAP,gateway
2025-01-22T18:51:00,1061.461,50.119,0.1,136.396,0.4145,HTTPS,camera
2025-01-23T04:50:00,1381.216,67.805,1.418,195.401,0.652,HTTPS,camera
2025-01-22T20:36:00,1065.556,37.863,5.257,81.179,1.2206,HTTPS,gateway
2025-01-22T12:47:00,1570.907,75.38,4.086,6.189,0.4267,HTTPS,camera
2025-01-22T02:03:00,811.68,26.09,14.49,87.693,0.0,HTTPS,gateway
2025-01-22T10:13:00,14.597,305.18,1.44,0.05,4.3569,LoRaWAN,smart_meter
2025-01-22T04:02:00,1280.534,56.112,12.13,21.225,1.1146,CoAP,gateway
2025-01-23T09:17:00,37.907,264.427,0.681,0.417,2.8654,LoRaWAN,smart_meter
2025-01-23T07:43:00,95.457,3.017,4.741,5.122,0.5797,MQTT,actuator
2025-01-22T17:50:00,925.1,23.435,4.301,32.114,0.0,HTTPS,gateway
2025-01-22T08:27:00,50.444,35.989,5.307,3.977,1.8279,CoAP,env_sensor
2025-01-23T07:03:00,23.001,243.383,4.039,0.551,2.8657,LoRaWAN,smart_meter
2025-01-23T04:15:00,2053.404,44.9,4.096,77.936,0.5788,HTTPS,camera
2025-01-23T12:52:00,647.165,25.118,5.491,149.675,0.0,HTTPS,gateway
2025-01-23T01:56:00,353.098,53.136,0.1,63.411,0.3944,HTTPS,camera
2025-01-23T12:44:00,2243.019,33.737,0.669,29.398,0.4502,HTTPS,camera
2025-01-23T00:02:00,1555.039,46.28,5.464,8.381,0.7905,HTTPS,gateway
2025-01-22T07:57:00,62.868,35.932,0.985,6.5,0.9504,MQTT,env_sensor
2025-01-22T15:52:00,1468.272,55.991,0.1,55.761,0.5251,HTTPS,camera
2025-01-22T23:45:00,82.978,17.421,0.1,0.433,0.0666,MQTT,env_sensor
2025-01-21T23:43:00,68.679,32.446,2.613,0.05,2.2437,MQTT,env_sensor
2025-01-23T05:26:00,103.454,31.417,7.336,9.746,1.5656,MQTT,actuator
2025-01-23T00:19:00,139.514,20.74,3.198,12.865,1.7012,MQTT,actuator
2025-01-22T03:02:00,19.207,145.283,1.815,0.301,1.2373,LoRaWAN,smart_meter
2025-01-22T07:56:00,1130.388,107.897,6.349,119.451,0.8425,HTTPS,camera
2025-01-22T10:08:00,64.916,30.315,6.269,7.69,1.7189,CoAP,env_sensor
2025-01-22T19:37:00,25.26,16.404,3.757,4.161,3.3112,MQTT,env_sensor
2025-01-22T04:21:00,70.238,13.5,0.864,10.372,0.7575,MQTT,actuator
2025-01-23T07:55:00,64.645,14.18,4.045,1.395,3.3428,MQTT,env_sensor
2025-01-23T09:09:00,14.51,248.632,2.614,1.002,3.4764,MQTT,smart_meter
2025-01-21T20:04:00,1456.324,72.98,6.628,85.162,1.071,HTTPS,camera
2025-01-22T18:12:00,122.109,31.038,2.689,2.658,0.0,MQTT,actuator
2025-01-22T18:52:00,121.176,13.654,3.198,0.05,0.8402,MQTT,actuator
2025-01-22T19:43:00,84.534,24.2,5.519,10.012,1.8305,MQTT,env_sensor
2025-01-22T18:57:00,35.17,5.558,5.242,6.716,1.4555,MQTT,env_sensor
2025-01-21T20:54:00,1717.907,96.842,7.333,81.675,0.9157,HTTPS,camera
2025-01-22T09:46:00,111.412,22.399,7.531,3.948,0.3788,MQTT,actuator
2025-01-22T00:07:00,1522.477,49.358,0.1,97.619,2.3074,HTTPS,gateway
2025-01-21T23:01:00,29.392,222.341,2.168,0.093,1.2453,LoRaWAN,smart_meter
2025-01-23T03:40:00,49.215,13.746,2.454,7.692,0.6248,MQTT,actuator
2025-01-22T02:29:00,42.181,235.307,1.655,0.703,2.0344,LoRaWAN,smart_meter
2025-01-22T20:53:00,24.645,183.639,2.498,0.778,2.1395,LoRaWAN,smart_meter
2025-01-23T12:42:00,34.397,190.138,0.1,0.437,2.8567,LoRaWAN,smart_meter
2025-01-23T02:39:00,1076.027,57.457,7.395,8.954,0.0321,HTTPS,gateway
2025-01-22T03:21:00,1177.663,35.778,9.313,51.068,0.6938,HTTPS,gateway
2025-01-23T10:42:00,21.495,229.079,4.366,0.145,2.512,LoRaWAN,smart_meter
2025-01-23T04:49:00,68.795,17.014,2.245,2.267,0.0,MQTT,env_sensor
2025-01-22T01:29:00,236.422,21.405,8.355,24.534,1.473,MQTT,gateway
2025-01-21T23:29:00,40.3,227.587,2.144,0.712,1.905,LoRaWAN,smart_meter
2025-01-22T10:50:00,1068.23,64.803,6.747,107.265,0.8943,HTTPS,camera
2025-01-23T00:24:00,268.724,45.546,6.106,134.028,2.2147,CoAP,gateway
2025-01-22T05:38:00,90.164,32.837,4.509,3.883,0.819,MQTT,env_sensor
2025-01-21T21:46:00,69.433,26.527,2.537,6.045,0.0,MQTT,env_sensor
2025-01-23T06:18:00,26.712,218.376,1.014,0.684,4.4894,LoRaWAN,smart_meter
2025-01-23T08:53:00,151.772,62.336,19.131,4.625,0.0,MQTT,gateway
2025-01-22T05:17:00,40.915,95.133,1.168,0.814,3.5447,MQTT,smart_meter
2025-01-22T07:26:00,906.257,27.933,15.275,51.185,0.0,HTTPS,gateway
2025-01-21T21:00:00,88.125,23.067,5.403,8.056,0.0,MQTT,actuator
2025-01-22T09:29:00,95.36,19.119,4.457,10.103,0.0,MQTT,actuator
2025-01-21T20:14:00,828.353,50.545,13.335,53.0,2.2079,CoAP,gateway
2025-01-22T09:32:00,670.782,50.39,2.288,121.181,0.5654,HTTPS,camera
2025-01-22T18:00:00,1029.366,40.587,6.77,82.914,0.5885,HTTPS,gateway
2025-01-22T22:49:00,531.687,65.339,5.405,137.671,1.2382,CoAP,camera
2025-01-23T03:19:00,44.512,175.48,4.068,0.21,4.1772,LoRaWAN,smart_meter
2025-01-23T04:49:00,2573.954,80.541,0.1,125.847,0.6315,HTTPS,camera
2025-01-22T09:07:00,2069.617,77.136,5.029,177.29,0.689,HTTPS,camera
2025-01-22T13:39:00,27.171,286.492,3.225,0.594,0.3483,LoRaWAN,smart_meter
2025-01-21T22:44:00,8.0,55.119,0.1,59.672,1.7424,MQTT,gateway
2025-01-21T22:50:00,1062.191,58.191,1.1,140.552,0.5874,HTTPS,camera
2025-01-23T03:27:00,767.167,38.608,0.316,76.43,1.2569,HTTPS,gateway
2025-01-22T17:58:00,88.088,28.725,4.184,7.324,0.0,MQTT,actuator
2025-01-22T04:36:00,71.896,33.379,1.102,3.053,1.2206,MQTT,env_sensor
2025-01-23T00:00:00,135.939,14.469,7.882,12.293,0.0813,MQTT,actuator
2025-01-22T08:21:00,12.427,179.631,2.833,0.586,3.0013,LoRaWAN,smart_meter
2025-01-22T12:41:00,49.56,11.887,0.792,3.284,1.4343,MQTT,env_sensor
2025-01-22T04:10:00,609.871,72.192,10.911,64.075,0.7428,HTTPS,gateway
2025-01-22T01:00:00,479.682,90.286,1.612,65.425,1.523,HTTPS,gateway
2025-01-23T02:31:00,1377.996,62.994,2.278,90.041,0.0,HTTPS,camera
2025-01-23T10:51:00,75.183,23.78,1.572,2.95,0.967,MQTT,env_sensor
2025-01-22T22:49:00,44.376,169.373,3.625,0.063,3.403,LoRaWAN,smart_meter
2025-01-23T12:05:00,23.462,192.413,3.261,0.657,5.3474,LoRaWAN,smart_meter
2025-01-23T02:52:00,8.0,68.021,2.9,141.865,0.6912,HTTPS,gateway
2025-01-23T03:59:00,8.0,28.961,1.204,77.485,0.0,HTTPS,gateway
2025-01-23T08:00:00,29.646,35.777,1.399,1.659,1.4887,MQTT,env_sensor
2025-01-23T12:32:00,2554.229,6.852,2.547,157.072,0.8579,HTTPS,camera
2025-01-22T21:00:00,1498.176,59.404,7.111,35.155,0.2161,HTTPS,camera
2025-01-23T13:04:00,161.76,16.523,3.846,10.908,0.2456,MQTT,actuator
2025-01-23T10:47:00,965.296,73.69,2.652,62.839,0.9706,HTTPS,gateway
2025-01-23T06:25:00,1010.497,72.737,0.1,112.702,0.501,HTTPS,camera
2025-01-22T14:02:00,131.323,11.701,11.094,4.779,1.2054,CoAP,actuator
2025-01-22T09:44:00,1047.749,45.409,3.559,147.153,0.635,HTTPS,camera
2025-01-23T03:02:00,649.53,27.382,6.59,43.577,2.2869,CoAP,gateway
2025-01-22T04:27:00,135.311,28.548,5.952,7.79,0.947,CoAP,actuator
2025-01-23T00:14:00,79.261,31.812,7.147,0.922,1.5684,MQTT,env_sensor
2025-01-22T23:05:00,90.368,21.523,0.307,0.05,1.5972,MQTT,env_sensor
2025-01-22T22:17:00,2361.771,74.188,0.1,118.09,0.7889,HTTPS,camera
2025-01-21T20:40:00,1321.39,111.589,7.605,108.793,0.5589,HTTPS,camera
2025-01-23T05:04:00,1956.894,61.627,7.165,137.336,0.5704,HTTPS,camera
2025-01-23T11:13:00,48.203,30.285,3.062,5.883,2.5008,MQTT,env_sensor
2025-01-22T08:48:00,32.132,134.605,1.322,0.762,2.6101,LoRaWAN,smart_meter
2025-01-22T12:46:00,1258.896,71.944,3.104,65.202,0.9744,HTTPS,camera
2025-01-22T21:53:00,986.836,40.741,13.613,45.337,1.9262,CoAP,gateway
2025-01-22T12:20:00,2464.922,33.936,7.471,107.111,0.5776,HTTPS,camera
2025-01-23T09:28:00,91.908,14.513,8.207,6.543,0.7798,MQTT,actuator
2025-01-22T07:38:00,103.2,38.349,3.942,0.05,1.0283,MQTT,env_sensor
2025-01-23T00:11:00,2057.379,106.802,2.951,159.111,0.9138,HTTPS,camera
2025-01-23T10:59:00,2318.158,44.629,6.222,148.136,0.8688,HTTPS,camera
2025-01-22T03:15:00,158.699,15.387,8.249,7.168,1.59,MQTT,actuator
2025-01-22T12:51:00,67.819,40.907,5.915,7.097,0.4714,CoAP,env_sensor
2025-01-22T16:03:00,35.021,165.29,4.887,0.766,4.4527,LoRaWAN,smart_meter
2025-01-22T13:32:00,32.955,29.49,3.047,6.329,0.0,MQTT,env_sensor
2025-01-22T11:02:00,43.561,24.984,7.65,6.791,0.2378,MQTT,actuator
2025-01-22T21:04:00,30.618,239.919,0.849,0.94,0.0,LoRaWAN,smart_meter
2025-01-23T11:40:00,102.943,34.128,4.247,0.583,1.1385,MQTT,env_sensor
2025-01-21T21:39:00,85.091,17.433,5.579,6.308,1.6,MQTT,actuator
2025-01-22T01:00:00,17.624,264.079,0.322,0.421,6.4377,LoRaWAN,smart_meter
2025-01-21T22:06:00,28.567,173.568,0.1,0.491,0.0,LoRaWAN,smart_meter
2025-01-23T06:56:00,1818.45,34.208,13.308,0.05,0.1493,HTTPS,gateway
2025-01-21T21:00:00,93.514,30.646,7.709,4.299,1.0985,CoAP,env_sensor
2025-01-22T19:17:00,129.006,22.241,2.526,11.565,0.2839,MQTT,actuator
2025-01-23T12:02:00,144.195,25.338,2.191,3.563,1.7709,MQTT,actuator
2025-01-22T23:53:00,35.838,166.122,0.979,0.422,0.6211,LoRaWAN,smart_meter
2025-01-22T17:58:00,1932.084,66.601,2.304,86.966,0.0,HTTPS,camera
2025-01-22T01:27:00,117.373,17.76,6.097,9.515,0.0,MQTT,actuator
2025-01-22T10:12:00,38.549,35.761,2.953,5.518,1.4693,MQTT,env_sensor
2025-01-23T00:02:00,119.112,15.692,7.114,5.699,1.6269,MQTT,actuator
2025-01-23T13:37:00,100.947,13.944,7.159,12.305,1.2366,MQTT,actuator
2025-01-23T08:29:00,1739.04,68.723,14.465,110.974,0.6554,HTTPS,gateway
2025-01-22T18:38:00,29.072,241.671,3.137,0.99,3.3912,LoRaWAN,smart_meter
2025-01-23T12:02:00,1357.212,35.522,9.716,169.01,0.5048,HTTPS,camera
2025-01-23T05:52:00,27.889,192.792,2.594,0.968,2.7034,LoRaWAN,smart_meter
2025-01-22T20:03:00,30.357,220.301,2.429,0.422,4.1727,LoRaWAN,smart_meter
2025-01-23T11:45:00,878.854,65.856,3.443,0.05,2.0411,CoAP,gateway
2025-01-22T15:44:00,1759.703,5.237,5.776,119.227,0.5701,HTTPS,camera
2025-01-22T23:04:00,15.417,155.063,0.1,0.559,3.4497,LoRaWAN,smart_meter
2025-01-22T23:22:00,102.508,36.475,4.236,9.916,1.2285,MQTT,actuator
2025-01-22T23:41:00,29.116,234.355,0.551,0.635,3.5896,LoRaWAN,smart_meter
2025-01-22T22:47:00,42.174,101.534,1.204,0.681,3.9016,LoRaWAN,smart_meter
2025-01-21T21:49:00,171.689,25.771,6.372,3.891,1.17,MQTT,actuator
2025-01-22T04:35:00,520.36,32.838,4.623,45.687,0.3014,HTTPS,gateway
2025-01-22T03:18:00,1240.921,101.273,0.766,176.797,0.4585,HTTPS,camera
2025-01-23T06:20:00,1755.865,60.498,3.986,171.601,0.2897,HTTPS,camera
2025-01-22T07:24:00,2216.507,69.699,9.034,82.651,1.2267,HTTPS,gateway
2025-01-22T14:55:00,103.332,9.945,4.327,8.377,0.1164,MQTT,actuator
2025-01-22T20:56:00,2115.229,32.032,6.395,110.065,0.9968,HTTPS,camera
2025-01-21T20:47:00,127.289,43.553,2.02,0.935,2.7,MQTT,env_sensor
2025-01-22T21:38:00,41.063,20.781,0.1,3.794,1.3542,MQTT,env_sensor
2025-01-23T09:55:00,37.007,159.893,1.818,0.05,1.6986,LoRaWAN,smart_meter
2025-01-22T05:50:00,23.603,39.036,1.517,3.474,0.8774,MQTT,env_sensor
2025-01-23T01:11:00,103.251,32.096,1.276,3.514,1.5978,MQTT,env_sensor
2025-01-22T09:39:00,56.466,22.772,8.393,1.102,0.3712,MQTT,actuator
2025-01-23T09:44:00,557.38,15.715,10.606,60.379,0.6497,HTTPS,gateway
2025-01-23T05:34:00,90.866,19.28,5.822,2.172,2.019,MQTT,env_sensor
2025-01-23T10:08:00,93.685,13.131,7.363,9.217,1.0232,CoAP,actuator
2025-01-22T07:02:00,30.693,221.484,0.1,0.28,2.9908,LoRaWAN,smart_meter
2025-01-23T10:57:00,902.248,43.817,6.675,43.113,0.9159,HTTPS,gateway
2025-01-23T04:52:00,1115.705,62.378,4.896,88.065,0.3574,HTTPS,camera
2025-01-22T17:53:00,38.091,211.536,0.548,0.657,5.7202,LoRaWAN,smart_meter
2025-01-22T14:27:00,105.283,1.0,4.72,2.496,0.4302,MQTT,actuator
2025-01-22T20:50:00,61.997,37.944,3.531,1.16,1.2295,MQTT,env_sensor
2025-01-22T11:15:00,30.252,115.352,0.692,0.584,0.6264,LoRaWAN,smart_meter
2025-01-22T13:08:00,23.1,25.271,2.175,5.982,0.0,MQTT,env_sensor
2025-01-22T12:49:00,29.398,77.782,2.608,0.612,1.7501,MQTT,smart_meter
2025-01-22T10:15:00,1651.88,88.889,5.282,156.217,0.3732,HTTPS,camera
2025-01-21T21:15:00,2619.858,88.536,1.704,91.246,0.9929,HTTPS,camera
2025-01-22T07:31:00,31.454,97.296,1.383,0.917,0.0,LoRaWAN,smart_meter
2025-01-21T22:37:00,87.532,27.791,4.113,0.05,1.8833,MQTT,env_sensor
2025-01-22T20:44:00,81.148,41.687,7.401,4.268,1.4753,CoAP,env_sensor
2025-01-22T04:37:00,64.572,21.742,5.964,0.257,1.3894,CoAP,env_sensor
2025-01-23T02:58:00,39.372,178.092,4.802,0.462,0.0,LoRaWAN,smart_meter
2025-01-22T10:37:00,1332.188,58.408,6.518,67.929,0.0,HTTPS,gateway
2025-01-22T09:33:00,803.118,88.907,1.264,77.062,1.4254,HTTPS,gateway
2025-01-23T11:31:00,60.168,29.941,0.1,3.245,0.352,MQTT,env_sensor
2025-01-23T05:10:00,1192.009,78.188,7.696,104.732,0.0,HTTPS,camera
2025-01-22T03:41:00,850.38,57.103,11.264,108.977,1.4438,CoAP,gateway
2025-01-22T19:04:00,1469.02,26.056,15.365,130.33,0.7144,HTTPS,gateway
2025-01-22T12:27:00,67.533,28.883,2.14,2.719,0.0906,MQTT,env_sensor
2025-01-23T12:18:00,291.997,10.776,8.588,130.185,0.6767,HTTPS,gateway
2025-01-22T11:03:00,44.003,225.029,2.415,0.391,2.621,LoRaWAN,smart_meter
2025-01-22T00:32:00,32.191,262.706,2.054,0.762,1.9066,LoRaWAN,smart_meter
2025-01-22T01:05:00,1051.027,31.657,4.049,104.464,0.3886,HTTPS,camera
2025-01-22T12:27:00,726.275,54.672,2.641,19.35,0.6382,HTTPS,gateway
2025-01-22T06:22:00,161.692,13.52,5.333,6.116,1.1792,MQTT,actuator
2025-01-23T12:15:00,1315.219,47.47,3.02,99.856,0.6307,HTTPS,camera
2025-01-22T01:24:00,1199.047,27.114,10.376,118.897,0.8048,HTTPS,gateway
2025-01-23T01:26:00,91.669,11.494,2.747,2.343,1.6654,MQTT,env_sensor
2025-01-23T03:56:00,573.693,50.724,9.181,30.88,2.082,CoAP,gateway
2025-01-22T18:49:00,31.028,181.426,5.156,0.247,6.3003,LoRaWAN,smart_meter
2025-01-22T01:08:00,27.019,24.67,7.477,10.12,1.1244,MQTT,actuator
2025-01-23T05:31:00,26.908,250.471,3.959,0.437,3.2763,LoRaWAN,smart_meter
2025-01-23T10:06:00,184.263,40.354,7.837,97.656,0.795,HTTPS,gateway
2025-01-23T04:36:00,1789.093,43.775,5.521,52.195,0.7327,HTTPS,gateway
2025-01-22T05:39:00,23.577,166.406,1.142,0.597,4.0232,LoRaWAN,smart_meter
2025-01-22T12:54:00,157.854,32.967,5.77,131.097,0.0,CoAP,camera
2025-01-22T22:47:00,3460.926,7.264,0.1,226.065,0.7539,HTTPS,camera
2025-01-22T16:58:00,37.12,181.256,2.049,0.267,3.9978,LoRaWAN,smart_meter
2025-01-23T06:34:00,175.451,11.556,8.882,5.697,0.0767,MQTT,actuator
2025-01-23T09:04:00,33.972,236.972,1.335,0.713,1.2093,LoRaWAN,smart_meter
2025-01-21T20:44:00,83.891,22.554,6.95,3.955,0.6337,MQTT,actuator
2025-01-22T02:45:00,124.721,17.559,9.706,8.237,0.925,MQTT,actuator
2025-01-23T06:09:00,32.783,215.083,4.296,0.211,1.7028,LoRaWAN,smart_meter
2025-01-22T18:52:00,37.771,35.53,3.897,5.761,1.2534,MQTT,env_sensor
2025-01-23T07:47:00,1957.063,64.934,11.292,130.587,0.4721,HTTPS,camera
2025-01-23T12:11:00,154.373,21.096,5.37,7.9,1.4391,CoAP,actuator
2025-01-22T18:04:00,55.76,9.151,0.724,0.05,1.8269,MQTT,env_sensor
2025-01-23T11:21:00,1557.769,58.339,1.675,66.068,0.3786,HTTPS,gateway
2025-01-23T13:24:00,2108.23,72.525,0.1,138.647,0.162,HTTPS,camera
2025-01-22T18:15:00,1393.315,78.516,4.99,152.456,0.5858,HTTPS,camera
2025-01-21T20:20:00,1406.332,107.335,7.954,88.922,0.2534,HTTPS,camera
2025-01-23T08:52:00,124.754,24.815,8.646,10.702,0.2682,MQTT,actuator
2025-01-23T00:48:00,19.638,201.328,3.732,0.05,3.659,LoRaWAN,smart_meter
2025-01-21T20:19:00,724.661,40.923,8.943,110.406,0.4008,HTTPS,gateway
2025-01-23T10:20:00,62.316,19.016,4.248,1.761,1.9711,MQTT,env_sensor
2025-01-22T10:25:00,131.254,21.401,11.532,14.158,0.0,MQTT,actuator
2025-01-22T08:20:00,30.054,154.35,1.305,0.471,0.8801,LoRaWAN,smart_meter
2025-01-22T14:40:00,65.838,31.518,1.675,7.347,0.3223,MQTT,env_sensor
2025-01-22T23:55:00,823.246,58.104,6.278,0.05,1.7023,CoAP,gateway
2025-01-22T13:01:00,54.302,30.516,2.613,0.882,1.5239,MQTT,env_sensor
2025-01-23T12:19:00,131.805,4.231,6.421,0.477,0.0582,MQTT,actuator
2025-01-23T06:38:00,32.363,216.115,1.632,0.615,0.6058,LoRaWAN,smart_meter
2025-01-22T09:36:00,30.897,203.103,2.318,1.012,4.0425,MQTT,smart_meter
2025-01-21T22:40:00,419.707,44.701,23.534,97.459,0.4154,HTTPS,gateway
2025-01-23T12:24:00,75.077,36.239,0.1,5.007,1.0299,MQTT,env_sensor
2025-01-22T16:46:00,34.333,118.815,2.329,0.05,2.4317,LoRaWAN,smart_meter
2025-01-22T18:42:00,1201.492,99.6,2.132,26.152,0.4711,HTTPS,camera
2025-01-22T13:37:00,435.949,60.49,16.48,61.111,1.0601,CoAP,gateway
2025-01-22T00:17:00,120.68,15.413,4.15,6.513,0.2606,MQTT,actuator
2025-01-22T11:48:00,2050.08,81.723,2.827,95.186,0.0,HTTPS,camera
2025-01-23T05:12:00,1100.651,1.0,5.386,261.406,0.6333,HTTPS,camera
2025-01-22T13:18:00,1911.319,61.476,11.37,167.989,0.3234,HTTPS,camera
2025-01-23T07:44:00,156.334,23.419,3.995,2.918,0.6994,MQTT,actuator
2025-01-22T06:09:00,1270.716,51.29,0.1,87.484,0.354,HTTPS,camera
2025-01-23T02:06:00,105.148,32.03,10.277,8.427,0.0,MQTT,actuator
2025-01-22T10:14:00,842.311,33.175,5.388,56.59,0.069,CoAP,gateway
2025-01-22T01:08:00,32.435,159.791,2.551,1.233,6.2267,MQTT,smart_meter
2025-01-22T06:34:00,109.37,35.258,1.596,7.159,2.7516,MQTT,env_sensor
2025-01-22T21:25:00,531.787,42.801,6.929,71.316,2.213,CoAP,gateway
2025-01-23T07:38:00,102.186,36.039,4.972,8.851,1.4511,MQTT,actuator
2025-01-23T09:22:00,11.573,83.308,0.1,0.335,5.1919,LoRaWAN,smart_meter
2025-01-22T08:36:00,1892.229,88.563,0.195,85.467,0.0,HTTPS,camera
2025-01-22T10:40:00,503.374,61.475,0.1,71.811,0.0,HTTPS,gateway
2025-01-23T08:26:00,153.295,19.732,6.402,7.004,1.2994,CoAP,actuator
2025-01-23T05:47:00,99.709,20.423,8.492,12.53,1.3207,MQTT,actuator
2025-01-22T12:05:00,588.575,52.358,10.646,21.906,0.595,CoAP,gateway
2025-01-22T23:13:00,514.788,67.489,0.253,87.358,0.0,HTTPS,gateway
2025-01-22T18:48:00,69.296,27.277,3.789,1.524,0.5895,MQTT,env_sensor
2025-01-23T11:42:00,103.64,18.063,5.908,8.552,1.1221,MQTT,actuator
2025-01-23T02:35:00,20.567,176.989,2.748,0.473,1.9728,LoRaWAN,smart_meter
2025-01-23T02:34:00,952.392,24.212,3.926,14.383,0.4437,HTTPS,camera
2025-01-23T02:20:00,148.231,13.074,5.913,15.174,1.9506,MQTT,actuator
2025-01-22T04:02:00,100.219,32.088,5.039,10.697,1.052,MQTT,actuator
2025-01-22T16:46:00,60.57,23.282,6.827,2.893,1.6318,MQTT,env_sensor
2025-01-22T10:01:00,77.174,19.861,4.249,6.112,2.3526,MQTT,env_sensor
2025-01-22T13:38:00,84.428,43.432,4.363,5.637,2.1118,MQTT,env_sensor
2025-01-22T23:57:00,38.849,198.788,3.105,0.501,1.8062,LoRaWAN,smart_meter
2025-01-22T02:32:00,12.919,28.902,1.687,6.228,0.7031,MQTT,env_sensor
2025-01-22T19:05:00,2325.129,99.469,4.913,74.277,0.3861,HTTPS,camera
2025-01-23T07:01:00,2941.468,72.235,3.183,128.738,0.4113,HTTPS,camera
2025-01-22T01:44:00,90.357,11.147,6.37,8.656,0.0515,MQTT,actuator
2025-01-22T18:33:00,445.498,49.631,6.79,84.246,1.4042,CoAP,gateway
2025-01-21T23:26:00,589.285,77.87,14.035,67.043,1.219,CoAP,gateway
2025-01-23T13:03:00,26.93,254.486,2.204,0.239,6.0745,LoRaWAN,smart_meter
2025-01-22T23:17:00,725.874,86.062,11.067,143.002,0.9365,HTTPS,gateway
2025-01-22T12:11:00,37.13,151.712,0.2,0.438,4.962,LoRaWAN,smart_meter
2025-01-22T21:23:00,1055.547,58.175,18.622,63.054,0.643,HTTPS,gateway
2025-01-22T07:35:00,1819.535,66.777,8.239,136.701,1.2225,HTTPS,gateway
2025-01-22T06:57:00,22.562,302.122,4.43,0.097,2.1099,LoRaWAN,smart_meter
2025-01-23T11:48:00,258.017,61.712,17.453,25.632,0.2518,CoAP,gateway
2025-01-22T22:26:00,20.994,91.89,2.907,0.609,4.6128,MQTT,smart_meter
2025-01-21T20:38:00,36.179,32.87,3.735,0.05,0.0,HTTPS,env_sensor
2025-01-23T06:05:00,1595.505,18.862,10.878,84.509,0.6188,HTTPS,gateway
2025-01-22T01:44:00,1395.047,19.601,12.95,194.141,0.394,HTTPS,gateway
2025-01-23T01:50:00,890.011,39.084,7.33,63.143,1.9003,CoAP,gateway
2025-01-22T16:40:00,19.669,141.738,2.792,0.677,3.0532,LoRaWAN,smart_meter
2025-01-23T01:08:00,212.517,7.477,5.429,36.696,1.2945,CoAP,gateway
2025-01-22T23:35:00,1268.601,112.986,6.552,0.05,0.3505,HTTPS,camera
2025-01-23T02:46:00,27.408,4.983,0.143,3.049,2.0552,MQTT,env_sensor
2025-01-22T16:16:00,16.229,138.426,3.711,0.623,3.2946,LoRaWAN,smart_meter
2025-01-23T06:26:00,49.428,18.591,6.543,6.697,0.7656,MQTT,actuator
2025-01-22T15:53:00,8.0,95.78,3.508,151.071,0.7209,HTTPS,camera
2025-01-23T10:47:00,139.242,12.795,1.929,7.374,1.6216,MQTT,actuator
2025-01-22T23:36:00,21.351,282.527,0.135,0.357,4.7817,LoRaWAN,smart_meter
2025-01-23T10:20:00,127.009,19.905,3.592,10.419,0.7998,MQTT,actuator
2025-01-23T01:05:00,77.624,14.215,6.16,3.272,0.7147,MQTT,actuator
2025-01-22T07:04:00,3410.49,58.942,5.146,54.212,0.5779,HTTPS,camera
2025-01-22T22:27:00,87.388,39.109,2.604,1.473,0.0,MQTT,env_sensor
2025-01-22T13:12:00,76.994,27.84,4.901,7.503,0.7562,MQTT,env_sensor
2025-01-23T02:00:00,604.462,53.957,2.132,102.322,0.1491,HTTPS,gateway
2025-01-21T23:32:00,1799.241,69.615,4.205,144.954,0.5643,HTTPS,camera
2025-01-22T17:32:00,18.062,168.626,2.797,0.05,0.6732,LoRaWAN,smart_meter
2025-01-21T22:45:00,116.576,21.904,8.336,3.401,0.6188,MQTT,actuator
2025-01-22T22:25:00,42.133,39.141,1.711,5.887,0.1312,MQTT,env_sensor
2025-01-22T13:33:00,24.033,182.651,3.754,0.559,1.2056,LoRaWAN,smart_meter
2025-01-23T11:34:00,2072.435,35.811,1.526,161.915,0.0,HTTPS,camera
2025-01-22T08:26:00,1849.516,88.395,11.36,160.116,0.5508,HTTPS,gateway
2025-01-23T02:02:00,1613.957,67.096,5.331,0.05,0.7736,HTTPS,camera
2025-01-22T16:19:00,54.937,16.071,7.69,8.865,0.2838,MQTT,actuator
2025-01-22T05:26:00,725.395,50.558,0.1,78.116,0.1272,HTTPS,gateway
2025-01-23T09:46:00,94.962,39.782,4.002,0.213,1.3547,MQTT,env_sensor
2025-01-23T09:47:00,486.414,88.135,4.629,77.666,1.0531,HTTPS,camera
2025-01-22T15:09:00,416.299,45.129,7.428,66.685,2.3972,CoAP,gateway
2025-01-22T04:47:00,1773.734,55.065,5.649,125.855,0.4208,HTTPS,camera
2025-01-22T08:12:00,97.615,28.173,11.535,8.721,1.619,MQTT,actuator
2025-01-22T17:46:00,72.154,25.693,4.34,2.631,0.1526,MQTT,env_sensor
2025-01-22T13:13:00,932.54,42.045,8.587,9.264,0.8954,CoAP,gateway
2025-01-23T12:04:00,1325.348,24.924,9.984,62.905,1.8458,CoAP,gateway
2025-01-21T21:05:00,764.24,1.0,11.048,82.642,0.6224,CoAP,gateway
2025-01-23T09:14:00,865.954,54.354,12.699,84.303,1.6425,CoAP,gateway
2025-01-22T00:00:00,127.128,3.503,12.802,11.795,1.3722,MQTT,actuator
2025-01-23T07:40:00,1061.301,20.968,7.554,81.858,1.2753,HTTPS,gateway
2025-01-22T18:40:00,255.551,23.893,12.014,20.359,2.4982,MQTT,gateway
2025-01-21T20:10:00,82.209,26.199,5.019,4.679,0.5383,MQTT,env_sensor
2025-01-23T12:26:00,1140.344,33.846,1.715,85.584,1.0687,HTTPS,camera
2025-01-22T08:55:00,848.212,78.673,4.793,192.312,1.1403,CoAP,camera
2025-01-23T08:28:00,2285.498,96.155,1.744,142.972,0.8864,HTTPS,camera
2025-01-22T03:47:00,1280.916,57.83,13.403,73.316,2.1987,HTTPS,gateway
2025-01-23T04:16:00,81.82,25.921,8.071,11.568,1.5275,MQTT,actuator
2025-01-22T01:23:00,995.988,54.184,13.352,87.269,0.6373,HTTPS,gateway
2025-01-22T09:42:00,31.183,154.519,2.057,0.05,0.7995,LoRaWAN,smart_meter
2025-01-22T18:18:00,42.261,25.89,0.617,2.805,0.0,MQTT,env_sensor
2025-01-23T07:45:00,72.629,1.0,4.437,7.672,1.5648,MQTT,env_sensor
2025-01-23T06:58:00,145.645,9.695,6.004,3.107,0.8141,MQTT,actuator
2025-01-22T03:22:00,795.271,76.523,0.1,21.991,0.6997,HTTPS,camera
2025-01-22T22:54:00,1343.363,41.284,0.1,185.244,0.3958,HTTPS,gateway
2025-01-22T07:58:00,2328.661,17.299,0.1,181.69,0.0,HTTPS,camera
2025-01-21T22:55:00,2084.546,69.136,1.163,104.894,1.5694,HTTPS,camera
2025-01-22T15:05:00,129.923,27.259,6.233,11.386,1.1639,MQTT,actuator
2025-01-22T05:21:00,2145.919,87.053,0.1,158.519,0.8571,HTTPS,camera
2025-01-22T05:19:00,1381.737,38.671,3.026,197.888,0.0384,HTTPS,camera
2025-01-22T07:56:00,58.062,36.118,3.973,0.367,1.289,MQTT,env_sensor
2025-01-22T10:59:00,25.613,113.185,1.2,0.05,1.017,LoRaWAN,smart_meter
2025-01-22T08:58:00,1249.564,85.142,12.045,63.185,0.5512,HTTPS,camera
2025-01-23T11:35:00,912.401,44.111,0.1,69.544,2.481,HTTPS,gateway
2025-01-21T23:58:00,894.316,50.436,6.105,110.179,1.5147,CoAP,gateway
2025-01-22T07:39:00,115.094,15.19,7.024,4.27,0.3563,MQTT,actuator
2025-01-23T00:44:00,41.8,194.888,0.427,0.17,1.0225,LoRaWAN,smart_meter
2025-01-22T00:02:00,20.442,221.285,0.1,0.05,4.6172,LoRaWAN,smart_meter
2025-01-22T22:15:00,77.435,25.709,9.639,0.614,1.6332,MQTT,actuator
2025-01-22T11:03:00,132.158,29.103,6.455,3.177,2.3491,MQTT,actuator
2025-01-23T10:01:00,1214.975,58.913,9.029,36.491,0.0,HTTPS,gateway
2025-01-23T06:22:00,1647.067,112.871,0.1,107.455,1.1191,HTTPS,camera
2025-01-22T07:00:00,62.058,23.083,1.459,2.286,1.5644,MQTT,env_sensor
2025-01-21T21:41:00,26.861,111.959,1.671,0.579,0.0,LoRaWAN,smart_meter
2025-01-22T08:24:00,796.37,45.407,4.242,71.771,1.8263,HTTPS,gateway
2025-01-23T04:37:00,95.846,26.63,3.296,2.393,2.7591,MQTT,env_sensor
2025-01-23T09:58:00,242.125,88.45,5.413,3.534,0.2005,CoAP,camera
2025-01-22T23:12:00,193.346,1.0,4.473,51.294,0.2645,MQTT,gateway
2025-01-22T20:53:00,87.116,2.055,2.386,1.373,1.9371,MQTT,env_sensor
2025-01-23T02:01:00,104.883,14.016,8.932,10.339,0.8142,MQTT,actuator
2025-01-23T06:42:00,25.472,156.632,0.1,0.26,7.3699,LoRaWAN,smart_meter
2025-01-22T02:03:00,90.962,20.179,8.245,3.586,1.6083,MQTT,actuator
2025-01-22T21:22:00,15.776,193.229,2.118,0.528,4.3402,LoRaWAN,smart_meter
2025-01-22T19:55:00,1158.527,74.773,3.566,34.913,0.0,HTTPS,camera
2025-01-22T15:19:00,28.231,201.784,1.253,0.587,5.4422,LoRaWAN,smart_meter
2025-01-22T05:38:00,2236.876,43.814,0.591,125.436,0.9907,HTTPS,camera
2025-01-21T23:13:00,105.675,48.477,3.54,4.125,1.1742,MQTT,env_sensor
2025-01-22T03:29:00,87.948,6.244,7.41,3.307,1.4323,MQTT,actuator
2025-01-23T01:35:00,106.72,20.165,5.63,1.661,0.0,MQTT,actuator
2025-01-21T22:16:00,1065.901,26.533,4.607,160.122,1.0539,HTTPS,camera
2025-01-23T09:40:00,22.43,64.123,1.226,0.726,3.379,MQTT,smart_meter
2025-01-23T06:13:00,165.062,7.205,7.344,7.318,2.0835,MQTT,actuator
2025-01-21T21:05:00,978.665,76.341,4.815,44.587,1.2938,CoAP,camera
2025-01-22T12:21:00,68.402,3.027,6.798,14.11,0.9102,MQTT,actuator
2025-01-21T21:16:00,180.712,28.884,4.969,1.272,1.3103,MQTT,actuator
2025-01-22T11:14:00,983.717,92.113,6.107,78.33,1.0846,CoAP,camera
2025-01-22T10:20:00,2199.574,66.347,7.887,168.813,0.8174,HTTPS,camera
2025-01-22T05:05:00,62.756,36.412,3.032,6.521,0.5029,MQTT,env_sensor
2025-01-22T12:32:00,30.224,130.527,2.071,0.591,4.9478,LoRaWAN,smart_meter
2025-01-23T01:12:00,1148.452,12.681,8.78,49.208,1.3999,CoAP,gateway
2025-01-23T00:27:00,2162.836,60.074,0.1,101.496,0.7218,HTTPS,camera
2025-01-23T08:21:00,73.976,29.079,0.493,5.207,1.118,MQTT,env_sensor
2025-01-23T04:54:00,65.997,12.537,0.63,0.05,0.0,MQTT,env_sensor
2025-01-22T19:27:00,40.025,21.314,0.1,7.567,1.4825,MQTT,env_sensor
2025-01-23T11:42:00,23.787,286.738,3.232,0.331,1.2601,LoRaWAN,smart_meter
2025-01-22T02:15:00,2241.439,40.431,2.703,155.048,0.5813,HTTPS,camera
2025-01-23T08:09:00,737.242,22.497,4.76,29.411,1.537,CoAP,gateway
2025-01-23T08:29:00,93.472,21.693,3.765,4.933,0.8055,MQTT,env_sensor
2025-01-22T03:11:00,1432.828,55.664,6.417,58.72,1.5056,HTTPS,gateway
2025-01-23T02:48:00,223.593,10.361,5.822,111.283,0.0,MQTT,gateway
2025-01-23T12:51:00,1050.686,21.084,0.1,87.964,1.8106,HTTPS,gateway
2025-01-22T10:18:00,1280.989,41.628,7.543,35.106,1.0351,MQTT,gateway
2025-01-22T19:18:00,64.003,24.567,5.204,4.035,1.0433,MQTT,env_sensor
2025-01-23T07:45:00,1389.933,107.259,4.602,116.353,1.0675,HTTPS,camera
2025-01-22T17:30:00,1192.449,13.685,5.565,18.122,1.1195,CoAP,gateway
2025-01-22T07:03:00,76.223,18.192,3.752,4.354,1.6085,MQTT,env_sensor
2025-01-23T12:21:00,60.977,25.467,2.187,5.104,1.1128,MQTT,env_sensor
2025-01-22T03:43:00,1128.167,66.941,4.136,41.613,1.2936,HTTPS,gateway
2025-01-23T00:02:00,96.251,31.842,1.94,0.05,0.1044,MQTT,env_sensor
2025-01-22T21:28:00,874.254,62.873,4.642,4.246,1.0491,CoAP,gateway
2025-01-22T05:15:00,80.856,1.0,3.111,0.05,0.0,MQTT,env_sensor
2025-01-22T17:26:00,102.05,6.885,0.1,6.08,1.0096,MQTT,actuator
2025-01-23T13:31:00,3165.395,64.855,5.459,82.824,0.5519,HTTPS,camera
2025-01-22T07:06:00,119.797,29.51,3.945,7.629,1.4388,MQTT,actuator
2025-01-22T14:31:00,94.514,21.495,4.923,0.05,0.8937,MQTT,env_sensor
2025-01-22T16:02:00,341.888,6.507,8.726,68.146,0.0,HTTPS,gateway
2025-01-22T04:05:00,133.773,39.057,11.341,126.497,0.6746,HTTPS,gateway
2025-01-23T02:04:00,25.858,126.507,2.683,0.882,5.5888,LoRaWAN,smart_meter
2025-01-23T06:01:00,151.683,26.074,8.292,7.137,0.9005,MQTT,actuator
2025-01-23T01:51:00,111.022,21.1,5.981,11.528,2.5756,MQTT,actuator
2025-01-22T06:37:00,34.265,196.241,4.0,0.897,2.1166,LoRaWAN,smart_meter
2025-01-22T06:25:00,1894.959,66.693,4.077,126.229,0.0778,HTTPS,camera
2025-01-22T08:14:00,91.245,30.769,0.376,0.05,0.8531,MQTT,env_sensor
2025-01-21T20:06:00,29.135,326.238,2.782,0.05,4.27,MQTT,smart_meter
2025-01-22T04:04:00,104.473,39.205,6.082,0.05,2.0686,MQTT,env_sensor
2025-01-22T16:25:00,176.836,30.667,3.65,14.88,1.5576,MQTT,actuator
2025-01-22T04:37:00,290.434,59.271,4.809,21.372,0.8514,HTTPS,camera
2025-01-23T06:50:00,28.308,272.806,0.1,0.379,4.7023,LoRaWAN,smart_meter
2025-01-23T00:59:00,28.9,173.581,2.708,0.446,0.8133,LoRaWAN,smart_meter
2025-01-22T11:01:00,77.182,24.219,4.317,4.321,3.0782,MQTT,env_sensor
2025-01-22T07:33:00,32.432,29.019,12.108,14.836,0.5364,MQTT,actuator
2025-01-22T03:20:00,61.143,23.22,3.317,4.81,0.0,MQTT,env_sensor
2025-01-21T22:54:00,42.563,140.89,0.1,0.132,5.6165,LoRaWAN,smart_meter
2025-01-22T08:30:00,130.71,18.946,9.486,8.623,1.113,MQTT,actuator
2025-01-22T03:40:00,1575.315,66.59,2.123,141.279,0.0,HTTPS,camera
2025-01-22T09:26:00,1591.403,66.195,3.473,160.133,0.6872,HTTPS,camera
2025-01-23T06:46:00,50.008,17.924,0.1,0.451,3.0032,MQTT,env_sensor
2025-01-22T02:59:00,2280.639,62.695,5.44,92.449,1.291,HTTPS,camera
2025-01-22T14:57:00,97.524,6.698,4.936,5.965,0.1333,MQTT,actuator
2025-01-22T18:06:00,26.515,124.5,0.386,0.214,4.928,LoRaWAN,smart_meter
2025-01-23T06:17:00,127.528,23.6,7.364,13.015,0.7838,MQTT,actuator
2025-01-23T07:23:00,29.381,183.624,3.285,0.415,4.6698,LoRaWAN,smart_meter
2025-01-22T02:53:00,32.669,220.888,0.339,0.412,0.0488,LoRaWAN,smart_meter
2025-01-22T07:44:00,34.697,262.48,1.041,0.05,1.2675,LoRaWAN,smart_meter
2025-01-22T11:44:00,60.356,30.912,2.129,3.805,1.5764,MQTT,env_sensor
2025-01-22T13:07:00,61.844,27.045,3.434,2.143,0.6502,MQTT,env_sensor
2025-01-22T01:34:00,120.916,17.126,4.898,11.595,0.8038,MQTT,actuator
2025-01-23T05:24:00,246.431,56.099,8.958,83.168,1.8737,CoAP,gateway
2025-01-23T11:27:00,119.694,19.155,3.729,6.336,0.7292,MQTT,actuator
2025-01-22T14:24:00,143.427,8.238,5.671,7.432,0.3525,CoAP,actuator
2025-01-22T15:04:00,1352.852,63.67,2.197,0.383,0.0013,HTTPS,gateway
2025-01-22T17:54:00,993.203,30.273,5.635,119.786,1.8348,CoAP,gateway
2025-01-23T12:39:00,45.3,162.454,2.846,0.05,4.0249,LoRaWAN,smart_meter
2025-01-22T16:03:00,233.994,26.622,7.453,49.667,0.0,MQTT,gateway
2025-01-22T04:57:00,1198.161,37.56,4.929,117.952,0.0558,HTTPS,camera
2025-01-23T00:51:00,80.46,25.822,0.1,4.011,1.2366,MQTT,env_sensor
2025-01-23T07:23:00,8.0,24.976,4.027,8.208,0.2767,MQTT,env_sensor
2025-01-23T01:31:00,1994.415,62.374,5.142,157.587,0.9257,HTTPS,camera
2025-01-22T10:16:00,907.379,104.583,2.545,150.671,0.3775,HTTPS,camera
2025-01-23T11:37:00,1096.062,37.069,13.754,0.05,0.2132,HTTPS,gateway
2025-01-22T12:56:00,117.221,7.462,9.724,15.496,1.2956,MQTT,actuator
2025-01-23T12:14:00,56.978,7.927,3.731,8.224,1.3874,MQTT,env_sensor
2025-01-23T04:05:00,97.033,15.627,6.336,8.091,0.8296,CoAP,actuator
2025-01-23T03:20:00,8.0,35.647,8.796,73.106,1.3317,CoAP,gateway
2025-01-22T02:25:00,2561.192,90.44,0.1,61.695,0.0,HTTPS,camera
2025-01-22T06:21:00,602.327,53.047,5.174,138.247,1.3645,CoAP,gateway
2025-01-22T11:10:00,32.907,124.72,2.242,0.582,2.3827,LoRaWAN,smart_meter
2025-01-22T02:11:00,107.91,22.069,4.645,6.273,2.0759,MQTT,env_sensor
2025-01-23T04:24:00,1149.089,100.061,5.056,95.147,0.4772,HTTPS,camera
2025-01-22T02:19:00,83.482,31.349,3.501,6.044,0.0,MQTT,env_sensor
2025-01-23T07:20:00,1115.475,72.743,8.9,169.507,0.0,HTTPS,camera
2025-01-23T07:23:00,833.383,79.466,7.33,16.22,1.6675,CoAP,gateway
2025-01-22T17:16:00,29.427,141.251,0.493,0.799,4.6792,LoRaWAN,smart_meter
2025-01-22T18:14:00,135.785,19.173,2.717,11.73,0.4034,MQTT,actuator
2025-01-22T02:10:00,37.896,60.339,2.328,0.358,3.1247,MQTT,smart_meter
2025-01-21T20:51:00,27.829,162.313,0.292,0.289,5.8473,LoRaWAN,smart_meter
2025-01-23T03:19:00,2032.239,57.496,8.135,19.251,1.2194,CoAP,gateway
2025-01-22T23:46:00,42.414,18.029,0.1,3.409,1.0306,MQTT,env_sensor
2025-01-23T07:24:00,1237.792,37.227,5.612,88.992,0.0,HTTPS,gateway
2025-01-22T08:52:00,44.872,43.698,6.014,1.655,0.806,MQTT,env_sensor
2025-01-23T12:29:00,1140.024,54.826,6.798,91.351,0.0,HTTPS,camera
2025-01-22T07:44:00,131.105,11.824,3.819,7.674,1.6301,MQTT,actuator
2025-01-21T20:00:00,932.646,84.677,9.38,63.124,1.4353,CoAP,gateway
2025-01-23T10:13:00,122.317,16.661,7.295,7.897,0.9435,MQTT,actuator
2025-01-21T20:50:00,135.874,14.844,9.238,4.236,1.7845,MQTT,actuator
2025-01-23T02:25:00,83.198,30.774,0.191,6.313,1.1157,MQTT,env_sensor
2025-01-22T03:49:00,2337.21,70.273,2.716,107.961,0.0,HTTPS,camera
2025-01-23T11:58:00,136.527,24.554,2.116,6.412,1.1049,MQTT,actuator
2025-01-22T07:37:00,1059.44,48.431,7.341,121.223,0.0,HTTPS,gateway
2025-01-22T17:49:00,3239.331,60.985,0.1,92.684,0.5538,HTTPS,camera
2025-01-22T22:52:00,1525.503,53.685,4.697,81.852,0.3966,HTTPS,camera
2025-01-22T20:03:00,645.526,37.264,12.501,50.445,0.7417,HTTPS,gateway
2025-01-22T20:18:00,82.025,35.744,5.377,4.626,0.6376,CoAP,env_sensor
2025-01-22T08:07:00,104.985,10.867,6.874,2.153,0.3858,MQTT,actuator
2025-01-23T11:56:00,1627.672,68.132,6.349,43.454,0.6874,HTTPS,camera
2025-01-21T22:22:00,335.556,40.941,2.613,42.538,0.1032,HTTPS,camera
2025-01-22T09:31:00,2351.732,55.394,0.1,98.266,0.0816,HTTPS,camera
2025-01-22T21:49:00,40.496,24.202,2.58,9.695,2.623,MQTT,env_sensor
2025-01-22T16:51:00,98.861,25.308,0.1,5.653,1.6223,MQTT,env_sensor
2025-01-23T02:26:00,511.851,65.43,7.266,116.946,0.2574,HTTPS,camera
2025-01-22T12:34:00,59.195,34.602,4.826,7.771,0.5498,MQTT,env_sensor
2025-01-23T04:02:00,1340.6,70.432,0.441,156.661,0.9596,HTTPS,camera
2025-01-21T23:22:00,1072.499,63.461,14.534,84.646,0.5972,HTTPS,gateway
2025-01-22T00:01:00,92.515,32.009,3.971,8.04,0.6971,MQTT,env_sensor
2025-01-21T21:28:00,1060.64,27.298,16.236,0.05,0.0,HTTPS,gateway
2025-01-21T23:27:00,22.022,95.094,1.34,0.137,2.1664,MQTT,smart_meter
2025-01-22T23:36:00,31.549,19.683,0.1,8.242,0.0,MQTT,env_sensor
2025-01-21T22:26:00,98.344,15.735,0.1,5.608,0.3653,MQTT,actuator
2025-01-22T05:14:00,120.91,11.47,2.23,7.55,0.5131,MQTT,actuator
2025-01-23T09:50:00,1673.247,106.059,6.344,223.542,0.5207,HTTPS,camera
2025-01-22T07:28:00,2452.487,104.453,2.131,121.866,0.3807,HTTPS,camera
2025-01-21T22:01:00,25.744,115.407,2.945,0.144,7.8272,LoRaWAN,smart_meter
2025-01-22T09:11:00,37.757,28.61,0.834,6.261,0.0,MQTT,env_sensor
2025-01-22T18:43:00,104.955,22.536,6.306,6.745,0.7822,MQTT,actuator
2025-01-23T00:47:00,494.112,36.741,11.737,43.094,0.6369,CoAP,gateway
2025-01-22T14:21:00,1194.907,70.237,5.25,59.331,1.0716,HTTPS,gateway
2025-01-22T23:37:00,65.318,24.024,1.06,3.285,0.9948,MQTT,env_sensor
2025-01-22T09:23:00,594.35,67.869,6.16,117.843,0.9843,CoAP,camera
2025-01-22T17:46:00,82.646,27.977,9.015,9.462,0.9704,CoAP,actuator
2025-01-22T11:19:00,779.743,43.795,4.155,0.05,0.2108,HTTPS,gateway
2025-01-23T09:23:00,541.598,60.376,3.639,189.026,0.9532,HTTPS,camera
2025-01-23T03:24:00,31.473,54.144,0.1,0.235,4.3229,LoRaWAN,smart_meter
2025-01-23T07:12:00,110.579,5.133,4.714,7.93,1.0927,MQTT,actuator
2025-01-23T04:13:00,1106.95,115.118,5.251,91.052,0.0,HTTPS,camera
2025-01-22T20:49:00,95.583,22.5,6.636,4.374,0.0,MQTT,actuator
2025-01-23T03:44:00,881.589,62.408,16.638,47.187,1.7647,CoAP,gateway
2025-01-23T04:00:00,2557.906,49.696,2.858,153.325,0.761,HTTPS,camera
2025-01-21T21:42:00,59.457,16.506,2.769,17.578,0.0,MQTT,actuator
2025-01-21T20:31:00,758.29,35.081,11.092,7.273,1.8934,CoAP,gateway
2025-01-23T08:20:00,31.476,119.907,1.205,0.849,4.9584,LoRaWAN,smart_meter
2025-01-23T00:43:00,59.115,35.393,5.093,3.988,0.0,CoAP,env_sensor
2025-01-23T01:29:00,113.025,1.0,3.941,8.259,1.4908,MQTT,actuator
2025-01-23T03:38:00,1082.599,75.447,5.557,0.05,0.0209,HTTPS,camera
2025-01-22T13:46:00,24.178,133.909,1.049,0.584,5.7725,LoRaWAN,smart_meter
2025-01-22T14:16:00,21.408,200.592,5.418,0.334,0.0,LoRaWAN,smart_meter
2025-01-22T00:42:00,66.346,19.444,3.993,9.39,0.0,MQTT,actuator
2025-01-22T19:56:00,931.394,99.65,0.1,175.296,0.2944,HTTPS,camera
2025-01-22T22:06:00,1731.252,65.709,2.819,83.522,0.5126,HTTPS,gateway
2025-01-22T07:08:00,133.549,21.489,3.136,3.571,2.3396,MQTT,actuator
2025-01-22T03:04:00,34.887,276.634,0.1,0.05,2.61,LoRaWAN,smart_meter
2025-01-22T00:13:00,14.729,291.316,4.091,0.816,4.2986,MQTT,smart_meter
2025-01-22T23:00:00,527.463,35.678,11.984,77.758,1.0859,CoAP,gateway
2025-01-22T12:50:00,119.437,30.175,5.729,7.584,2.5475,MQTT,actuator
2025-01-23T08:40:00,1186.496,106.579,4.555,68.372,0.7544,HTTPS,camera
2025-01-22T23:27:00,31.51,33.938,3.396,1.004,1.5673,MQTT,env_sensor
2025-01-23T09:39:00,82.046,30.172,1.766,7.446,1.9707,MQTT,env_sensor
2025-01-23T12:54:00,128.379,21.039,8.7,5.976,0.0,MQTT,actuator
2025-01-22T05:08:00,29.999,198.911,1.59,0.505,5.5882,LoRaWAN,smart_meter
2025-01-22T10:27:00,28.121,254.023,3.946,0.64,6.7687,LoRaWAN,smart_meter
2025-01-22T04:36:00,24.7,193.779,1.79,0.875,0.0,LoRaWAN,smart_meter
2025-01-21T20:09:00,2281.444,46.753,5.039,122.538,0.5357,HTTPS,camera
2025-01-22T03:38:00,32.825,165.842,2.76,0.42,1.4535,LoRaWAN,smart_meter
2025-01-22T09:45:00,32.504,277.175,1.216,0.05,2.6983,LoRaWAN,smart_meter
2025-01-22T19:01:00,55.768,20.561,8.556,5.743,0.8711,MQTT,actuator
2025-01-23T06:09:00,983.44,55.726,0.1,207.619,1.0481,CoAP,camera
2025-01-22T06:29:00,1274.647,39.825,4.771,154.872,0.0107,HTTPS,camera
2025-01-22T22:09:00,100.035,22.263,0.725,1.126,0.7836,MQTT,env_sensor
2025-01-21T20:18:00,24.712,91.894,3.86,0.65,0.4421,MQTT,smart_meter
2025-01-23T13:08:00,95.5,17.701,5.111,5.406,0.8558,MQTT,actuator
2025-01-22T08:08:00,636.456,40.607,9.493,27.316,0.6186,CoAP,gateway
2025-01-22T05:40:00,538.983,80.592,3.949,192.637,0.7096,HTTPS,camera
2025-01-23T12:48:00,849.376,38.65,4.463,0.05,1.0486,MQTT,gateway
2025-01-22T19:02:00,31.853,200.837,2.575,0.386,4.9571,LoRaWAN,smart_meter
2025-01-22T10:54:00,15.115,30.396,5.241,28.631,0.0,HTTPS,gateway
2025-01-23T08:49:00,1124.007,41.642,8.696,70.838,0.7276,HTTPS,gateway
2025-01-21T21:37:00,88.766,22.427,2.513,2.991,1.7591,MQTT,env_sensor
2025-01-23T00:53:00,75.402,30.758,0.1,6.705,0.0,MQTT,env_sensor
2025-01-22T17:29:00,28.274,215.906,1.287,0.659,4.9506,LoRaWAN,smart_meter
2025-01-23T07:56:00,104.999,22.691,8.054,3.862,0.0,MQTT,actuator
2025-01-22T18:43:00,23.765,162.573,1.293,0.676,5.9004,LoRaWAN,smart_meter
2025-01-22T13:15:00,573.665,70.815,1.425,54.719,2.2688,MQTT,gateway
2025-01-23T04:18:00,18.509,194.107,1.162,0.366,4.1669,LoRaWAN,smart_meter
2025-01-22T10:41:00,1636.941,72.398,0.1,39.111,1.4992,MQTT,gateway
2025-01-23T06:34:00,2780.862,105.686,4.234,127.987,0.4609,HTTPS,camera
2025-01-23T11:36:00,822.425,42.056,11.042,38.862,0.0,HTTPS,gateway
2025-01-22T18:47:00,144.999,32.002,7.341,0.05,0.1823,MQTT,actuator
2025-01-22T10:17:00,114.772,11.316,2.996,6.207,1.4662,MQTT,actuator
2025-01-22T09:20:00,24.922,23.826,2.261,6.395,1.5524,MQTT,env_sensor
2025-01-23T00:00:00,102.337,53.123,1.235,3.637,0.6091,MQTT,env_sensor
2025-01-22T20:26:00,1481.577,33.719,10.033,102.542,0.6403,HTTPS,camera
2025-01-22T18:17:00,657.371,50.086,9.892,73.08,0.6485,HTTPS,gateway
2025-01-23T06:19:00,1486.564,76.612,5.221,116.882,0.0,HTTPS,camera
2025-01-22T01:14:00,1877.119,8.906,8.049,147.313,0.0,HTTPS,camera
2025-01-23T12:56:00,1194.707,1.0,3.642,34.978,1.5316,MQTT,gateway
2025-01-22T05:45:00,84.048,27.824,3.264,1.0,1.1186,MQTT,env_sensor
2025-01-22T05:46:00,75.173,22.349,2.656,2.901,0.0,MQTT,env_sensor
2025-01-23T12:42:00,112.517,14.857,6.458,0.05,0.1142,CoAP,actuator
2025-01-23T07:31:00,2446.2,69.657,4.166,183.18,0.8459,HTTPS,camera
2025-01-23T00:35:00,1841.598,60.969,6.093,57.091,0.909,HTTPS,camera
2025-01-22T09:34:00,2222.268,102.698,2.441,113.037,0.0481,HTTPS,camera
2025-01-22T14:02:00,33.001,143.204,4.532,0.116,4.4093,LoRaWAN,smart_meter
2025-01-23T07:29:00,58.506,9.769,1.525,7.359,0.0,MQTT,actuator
2025-01-22T09:58:00,1876.003,32.217,7.886,69.467,0.2177,HTTPS,camera
2025-01-22T07:39:00,33.878,220.789,2.494,0.79,6.6782,LoRaWAN,smart_meter
2025-01-21T22:14:00,78.666,12.585,6.783,14.363,1.3633,MQTT,actuator
2025-01-21T20:28:00,109.306,13.642,3.402,7.159,0.1286,MQTT,actuator
2025-01-22T20:52:00,670.147,60.595,11.565,57.302,1.5421,CoAP,gateway
2025-01-22T02:43:00,34.647,171.753,2.348,0.461,0.8762,LoRaWAN,smart_meter
2025-01-22T14:16:00,97.484,16.332,2.821,7.856,0.0,MQTT,actuator
2025-01-23T12:07:00,75.139,17.547,1.305,3.741,2.104,MQTT,env_sensor
2025-01-22T21:24:00,89.76,22.36,7.409,6.71,1.315,MQTT,actuator
2025-01-22T05:20:00,24.418,243.825,1.908,0.077,1.3808,LoRaWAN,smart_meter
2025-01-23T01:42:00,1048.114,60.789,8.763,0.05,0.4539,HTTPS,camera
2025-01-22T16:16:00,8.0,41.823,7.725,83.409,0.0,HTTPS,gateway
2025-01-23T13:05:00,77.127,23.953,3.325,0.413,3.1994,MQTT,env_sensor
2025-01-22T13:15:00,93.377,19.969,4.807,3.59,2.9155,MQTT,actuator
2025-01-22T06:43:00,40.146,275.36,3.606,0.088,4.2671,LoRaWAN,smart_meter
2025-01-22T10:01:00,2266.866,78.672,1.1,202.505,0.0,HTTPS,camera
2025-01-23T06:34:00,1500.942,44.816,4.616,130.253,0.2628,HTTPS,gateway
2025-01-23T10:45:00,1151.683,1.0,1.92,77.995,0.9026,HTTPS,gateway
2025-01-22T11:34:00,571.931,34.776,19.941,89.088,1.973,CoAP,gateway
2025-01-22T07:05:00,812.404,59.402,9.055,78.095,1.3876,CoAP,gateway
2025-01-22T12:41:00,1854.671,19.84,5.034,70.287,0.3593,HTTPS,gateway
2025-01-22T15:54:00,1266.969,45.191,1.972,55.464,0.0,HTTPS,gateway
2025-01-22T03:36:00,629.382,18.454,3.806,75.381,0.8405,HTTPS,gateway
2025-01-22T23:41:00,628.459,63.88,3.876,18.873,0.7903,HTTPS,gateway
2025-01-22T12:43:00,2069.136,41.933,4.82,160.038,0.191,HTTPS,camera
2025-01-22T22:25:00,1422.578,48.883,3.071,71.0,0.5067,HTTPS,gateway
2025-01-22T21:39:00,73.259,11.961,3.979,6.938,0.7078,MQTT,env_sensor
2025-01-23T01:22:00,97.635,8.962,6.034,13.104,0.0,CoAP,actuator
2025-01-23T09:02:00,2653.763,91.19,1.583,104.358,0.9852,HTTPS,camera
2025-01-23T00:58:00,1228.743,48.486,13.179,52.219,1.2168,HTTPS,gateway
2025-01-23T05:50:00,35.928,190.294,1.171,0.546,0.2118,LoRaWAN,smart_meter
2025-01-22T21:43:00,33.082,180.686,1.524,0.71,3.5975,LoRaWAN,smart_meter
2025-01-22T16:09:00,26.177,130.898,0.446,0.05,0.0,LoRaWAN,smart_meter
2025-01-22T23:58:00,25.924,130.511,2.468,0.345,5.0058,LoRaWAN,smart_meter
2025-01-23T09:08:00,34.192,109.413,2.512,0.05,0.0,LoRaWAN,smart_meter
2025-01-23T03:12:00,1513.535,67.82,15.652,88.818,0.0,HTTPS,gateway
2025-01-22T10:42:00,32.796,177.563,1.744,0.685,0.0,LoRaWAN,smart_meter
2025-01-22T01:16:00,20.619,181.704,0.714,0.895,3.2225,LoRaWAN,smart_meter
2025-01-22T11:41:00,766.531,47.098,5.955,138.095,0.6107,HTTPS,camera
2025-01-23T08:18:00,130.527,19.544,3.988,8.084,0.351,MQTT,actuator
2025-01-22T19:09:00,28.15,213.72,2.408,0.552,0.4791,LoRaWAN,smart_meter
2025-01-23T09:49:00,23.028,168.054,0.1,0.153,0.7822,LoRaWAN,smart_meter
2025-01-23T13:00:00,65.834,5.019,2.631,2.325,0.2666,MQTT,env_sensor
2025-01-22T10:00:00,34.308,137.822,1.72,0.146,6.1494,LoRaWAN,smart_meter
2025-01-22T15:15:00,49.695,18.734,0.129,6.527,1.1353,MQTT,env_sensor
2025-01-22T17:37:00,918.938,42.686,15.28,55.114,1.4353,CoAP,gateway
2025-01-22T17:35:00,417.103,40.095,2.885,78.042,2.4874,HTTPS,gateway
2025-01-22T20:23:00,579.474,40.49,6.978,125.106,0.3116,HTTPS,camera
2025-01-23T12:25:00,116.636,43.479,3.629,0.472,0.6421,HTTPS,env_sensor
2025-01-22T14:09:00,1788.918,78.124,5.936,72.389,0.4007,HTTPS,camera
2025-01-21T21:17:00,144.877,69.214,4.945,0.05,0.2201,MQTT,gateway
2025-01-22T02:49:00,35.978,250.278,2.96,0.05,3.7337,LoRaWAN,smart_meter
2025-01-22T20:16:00,112.732,6.125,7.018,3.674,0.2507,MQTT,actuator
2025-01-23T05:01:00,33.473,118.862,1.047,0.323,0.0,LoRaWAN,smart_meter
2025-01-22T10:14:00,31.884,209.542,1.312,0.42,5.1764,LoRaWAN,smart_meter
2025-01-21T23:15:00,59.535,26.702,5.688,0.795,1.2252,MQTT,env_sensor
2025-01-23T13:15:00,1494.812,45.044,0.1,38.838,2.0134,HTTPS,camera
2025-01-23T12:45:00,132.301,14.349,4.071,2.02,0.8113,MQTT,actuator
2025-01-22T14:12:00,2505.298,66.325,2.462,141.74,0.9177,HTTPS,camera
2025-01-23T04:58:00,1501.765,59.706,3.35,159.627,0.169,HTTPS,camera
2025-01-23T12:41:00,41.963,144.049,1.106,1.079,0.8921,MQTT,smart_meter
2025-01-22T22:03:00,92.64,28.895,2.275,0.05,1.9569,MQTT,env_sensor
2025-01-22T00:56:00,177.364,12.815,2.097,6.975,0.973,MQTT,actuator
2025-01-22T07:16:00,2727.84,12.263,0.1,152.65,0.1222,HTTPS,camera
2025-01-22T13:40:00,23.884,222.266,2.28,0.322,0.6366,LoRaWAN,smart_meter
2025-01-23T04:26:00,1097.258,73.945,4.163,119.432,0.0,HTTPS,camera
2025-01-23T01:01:00,35.759,154.418,3.624,0.577,3.9079,LoRaWAN,smart_meter
2025-01-23T11:04:00,985.186,55.979,5.674,95.532,0.812,HTTPS,gateway
2025-01-22T03:44:00,25.595,138.302,1.603,0.496,2.0205,MQTT,smart_meter
2025-01-22T06:19:00,88.484,21.055,0.1,5.167,0.0,MQTT,actuator
2025-01-22T08:02:00,20.8,233.447,2.812,0.514,4.8438,LoRaWAN,smart_meter
2025-01-22T14:13:00,1208.773,16.383,1.996,101.824,1.7737,HTTPS,gateway
2025-01-21T22:51:00,1267.729,74.435,8.079,49.397,0.0,HTTPS,camera
2025-01-23T12:40:00,75.587,16.053,0.925,0.05,0.8679,MQTT,env_sensor
2025-01-22T06:54:00,361.015,52.309,1.272,114.874,1.6005,CoAP,gateway
2025-01-23T02:36:00,155.738,10.324,5.803,7.673,0.1153,MQTT,actuator
2025-01-21T20:59:00,117.722,34.397,10.415,57.342,1.5748,CoAP,gateway
2025-01-22T21:45:00,1047.453,35.144,2.047,153.414,0.0,HTTPS,camera
2025-01-22T18:36:00,28.358,164.395,0.516,0.766,4.3016,LoRaWAN,smart_meter
2025-01-23T02:55:00,1820.813,93.331,0.1,223.896,1.221,HTTPS,camera
2025-01-22T12:28:00,12.469,14.194,3.01,5.987,0.3547,MQTT,env_sensor
2025-01-23T03:29:00,20.42,26.504,3.206,3.67,1.4538,MQTT,env_sensor
2025-01-22T23:51:00,80.557,6.976,12.996,9.022,1.8568,MQTT,actuator
2025-01-23T00:25:00,780.05,79.495,11.544,72.533,0.0,HTTPS,gateway
2025-01-21T22:39:00,104.938,19.109,3.281,2.93,0.6566,MQTT,env_sensor
2025-01-22T18:13:00,1127.437,121.244,0.1,9.087,0.5073,HTTPS,camera
2025-01-22T07:38:00,18.636,141.349,3.133,0.497,5.0009,LoRaWAN,smart_meter
2025-01-23T02:49:00,1698.655,29.231,5.898,156.467,0.1132,HTTPS,camera
2025-01-23T01:43:00,76.666,11.765,4.924,8.413,0.9541,MQTT,env_sensor
2025-01-23T01:12:00,9.683,163.676,3.633,0.833,5.8397,LoRaWAN,smart_meter
2025-01-21T21:26:00,25.757,155.535,2.249,0.405,5.2616,LoRaWAN,smart_meter
2025-01-22T11:56:00,71.326,17.062,1.4,0.684,1.1752,MQTT,env_sensor
2025-01-22T16:32:00,597.655,30.336,16.03,63.93,0.6833,HTTPS,gateway
2025-01-22T20:08:00,131.247,25.979,6.834,8.889,0.0,CoAP,actuator
2025-01-23T06:22:00,32.66,187.807,0.608,0.68,0.5398,LoRaWAN,smart_meter
2025-01-22T20:42:00,148.996,36.941,6.664,1.722,2.299,MQTT,env_sensor
2025-01-23T12:25:00,31.756,178.286,2.283,0.211,6.4417,LoRaWAN,smart_meter
2025-01-23T08:19:00,1711.503,61.434,4.919,166.414,1.2828,HTTPS,camera
2025-01-22T15:30:00,111.594,27.89,4.056,8.611,0.4811,MQTT,env_sensor
2025-01-22T21:54:00,783.12,35.454,7.107,0.05,1.0543,CoAP,gateway
2025-01-22T17:54:00,113.886,17.168,3.541,15.306,0.9597,MQTT,actuator
2025-01-22T02:37:00,31.451,68.121,4.395,0.413,5.7351,LoRaWAN,smart_meter
2025-01-22T21:30:00,75.736,25.869,10.793,9.475,1.5146,MQTT,actuator
2025-01-22T13:14:00,159.402,62.68,4.316,99.531,0.0,HTTPS,gateway
2025-01-22T12:52:00,91.5,10.413,9.039,9.799,0.6871,MQTT,actuator
2025-01-22T14:25:00,1678.549,50.222,0.1,72.405,0.9563,HTTPS,camera
2025-01-22T23:22:00,92.599,28.088,3.302,3.715,0.1225,MQTT,env_sensor
2025-01-22T06:25:00,83.357,34.591,4.671,3.521,3.0038,MQTT,env_sensor
2025-01-22T23:54:00,629.441,21.673,8.179,110.026,0.8146,HTTPS,gateway
2025-01-23T08:33:00,96.251,23.324,6.919,5.517,0.6852,MQTT,actuator
2025-01-22T21:39:00,1246.127,29.521,8.075,66.702,1.0415,HTTPS,gateway
2025-01-22T23:11:00,526.583,12.344,1.157,0.05,1.0859,CoAP,gateway
2025-01-22T19:10:00,108.742,20.278,4.563,9.87,1.2996,MQTT,actuator
2025-01-23T05:06:00,164.536,16.061,2.967,7.775,1.033,MQTT,actuator
2025-01-22T15:25:00,8.0,65.618,11.358,15.983,1.0735,MQTT,gateway
2025-01-21T23:30:00,374.182,54.249,4.795,131.721,1.0535,HTTPS,gateway
2025-01-22T18:29:00,29.628,11.327,3.634,0.997,0.2788,LoRaWAN,env_sensor
2025-01-23T10:50:00,389.896,37.926,4.695,155.505,1.6009,HTTPS,camera
2025-01-22T00:11:00,221.529,36.674,6.825,184.818,0.3738,MQTT,camera
2025-01-22T16:30:00,21.864,170.074,0.1,0.05,2.3614,LoRaWAN,smart_meter
2025-01-22T13:21:00,105.255,15.633,5.706,8.868,1.852,MQTT,actuator
2025-01-22T02:11:00,2192.926,75.166,8.904,140.456,0.5655,HTTPS,camera
2025-01-22T11:19:00,23.155,207.585,1.917,0.461,0.0,LoRaWAN,smart_meter
2025-01-22T00:44:00,60.58,42.005,1.618,2.959,0.407,MQTT,env_sensor
2025-01-22T14:23:00,8.0,29.019,8.868,1.859,2.1062,MQTT,gateway
2025-01-22T07:12:00,257.514,32.106,7.618,151.675,2.049,CoAP,camera
2025-01-23T01:15:00,64.173,22.035,7.522,0.05,2.5071,MQTT,env_sensor
2025-01-22T08:53:00,864.585,20.387,3.813,77.165,0.5956,HTTPS,gateway
2025-01-23T04:11:00,47.316,30.648,1.573,0.05,0.4584,HTTPS,env_sensor
2025-01-22T15:20:00,207.847,35.771,5.996,122.795,1.9876,CoAP,gateway
2025-01-22T09:13:00,41.55,26.36,4.08,6.269,0.0,MQTT,env_sensor
2025-01-22T08:34:00,483.797,67.668,4.744,104.65,1.5971,CoAP,gateway
2025-01-22T00:14:00,2503.713,84.15,0.1,154.671,1.1895,HTTPS,camera
2025-01-23T00:03:00,2481.714,39.036,3.079,92.493,0.6359,HTTPS,camera
2025-01-22T14:44:00,8.0,61.734,8.618,61.581,0.5766,HTTPS,gateway
2025-01-22T21:50:00,33.769,88.455,1.174,0.788,2.7831,MQTT,smart_meter
2025-01-21T21:10:00,1526.629,35.703,9.13,74.517,0.077,HTTPS,gateway
2025-01-22T14:58:00,25.353,107.775,2.962,0.771,1.1685,LoRaWAN,smart_meter
2025-01-21T22:40:00,1448.943,43.495,1.803,111.32,0.3832,HTTPS,camera
2025-01-22T14:08:00,42.032,29.465,0.97,4.275,1.3773,MQTT,env_sensor
2025-01-23T11:07:00,2410.857,83.007,4.74,159.177,0.4455,HTTPS,camera
2025-01-23T03:03:00,415.793,10.918,6.298,114.321,1.6475,CoAP,camera
2025-01-23T11:36:00,33.637,259.993,3.718,0.49,0.0,LoRaWAN,smart_meter
2025-01-23T11:16:00,2295.047,59.42,0.1,26.577,1.7919,HTTPS,camera
2025-01-23T04:51:00,767.055,45.495,9.064,70.36,1.908,CoAP,gateway
2025-01-22T22:00:00,19.478,12.486,4.257,0.917,0.0,LoRaWAN,env_sensor
2025-01-22T08:38:00,1820.993,59.882,4.165,271.085,0.0,HTTPS,camera
2025-01-23T06:26:00,80.4,28.25,0.983,4.149,0.9822,MQTT,env_sensor
2025-01-23T05:19:00,1250.649,12.905,8.479,74.069,0.8394,HTTPS,gateway
2025-01-23T08:39:00,710.24,50.071,1.905,199.926,0.9821,HTTPS,camera
2025-01-22T09:21:00,100.219,9.124,9.084,13.83,1.7465,MQTT,actuator
2025-01-23T06:50:00,1695.618,71.275,13.814,34.244,0.5705,HTTPS,gateway
2025-01-22T00:22:00,908.158,41.67,11.25,36.472,0.8376,HTTPS,gateway
2025-01-22T09:55:00,64.666,1.0,0.1,0.05,1.0219,MQTT,env_sensor
2025-01-23T00:18:00,1934.727,66.516,1.747,198.244,1.1446,HTTPS,camera
2025-01-22T08:55:00,149.982,26.119,7.191,9.528,1.3662,MQTT,actuator
2025-01-22T15:52:00,74.507,19.577,4.387,1.618,2.3996,MQTT,env_sensor
2025-01-22T16:13:00,3110.512,33.684,4.326,115.292,0.4232,HTTPS,camera
2025-01-22T09:14:00,1126.103,56.192,2.821,64.528,1.8215,HTTPS,gateway
2025-01-23T01:42:00,140.113,15.128,5.904,7.838,0.5777,MQTT,actuator
2025-01-22T06:47:00,358.225,26.204,5.811,106.789,0.0639,CoAP,gateway
2025-01-23T02:18:00,73.412,10.432,0.899,5.915,0.0001,MQTT,env_sensor
2025-01-22T08:09:00,1652.643,63.445,7.625,73.38,2.1495,HTTPS,camera
2025-01-22T08:30:00,29.083,102.828,3.198,0.47,3.1615,LoRaWAN,smart_meter
2025-01-23T00:15:00,100.576,17.045,7.819,4.607,1.5158,MQTT,actuator
2025-01-23T01:36:00,141.326,26.662,6.769,10.723,0.0,MQTT,actuator
2025-01-21T23:50:00,2367.948,73.463,5.314,87.517,0.1431,HTTPS,camera
2025-01-21T20:01:00,89.669,26.284,0.344,3.972,0.3571,MQTT,env_sensor
2025-01-21T20:58:00,106.587,9.396,1.073,3.956,2.8233,MQTT,env_sensor
2025-01-22T18:37:00,879.734,37.299,1.656,40.747,1.4125,MQTT,gateway
2025-01-23T01:10:00,90.981,23.833,6.313,4.437,3.7368,CoAP,env_sensor
2025-01-22T00:16:00,29.592,181.65,2.39,0.05,2.0812,LoRaWAN,smart_meter
2025-01-23T12:49:00,27.536,195.152,0.102,0.319,2.1306,LoRaWAN,smart_meter
2025-01-22T23:39:00,33.75,228.573,0.1,0.649,1.9094,LoRaWAN,smart_meter
2025-01-23T04:33:00,63.691,14.408,2.051,5.554,1.2761,MQTT,env_sensor
2025-01-21T20:08:00,1854.923,60.955,8.435,84.722,0.3592,HTTPS,camera
2025-01-21T22:21:00,98.733,1.0,1.959,0.05,2.2725,MQTT,env_sensor
2025-01-23T04:45:00,151.114,18.682,10.898,11.458,2.0171,MQTT,actuator
2025-01-21T21:57:00,873.346,38.857,14.267,38.175,1.1471,CoAP,gateway
2025-01-22T00:30:00,1294.976,66.951,9.883,166.933,0.6137,HTTPS,camera
2025-01-22T01:12:00,1353.069,48.311,9.534,71.47,0.0,HTTPS,gateway
2025-01-22T04:50:00,408.514,48.194,6.098,160.737,0.0,HTTPS,camera
2025-01-22T03:13:00,1481.674,50.517,3.025,209.081,0.3194,HTTPS,camera
2025-01-23T12:54:00,51.136,152.013,5.167,0.377,0.8428,CoAP,smart_meter
2025-01-23T11:02:00,2438.057,32.945,4.404,69.433,0.0719,HTTPS,camera
2025-01-22T15:11:00,33.163,168.473,2.526,0.259,3.1993,MQTT,smart_meter
2025-01-22T16:29:00,98.383,36.026,6.214,10.948,1.2831,CoAP,actuator
2025-01-22T15:15:00,1065.434,34.891,1.581,76.125,2.2755,HTTPS,gateway
2025-01-22T11:23:00,62.312,19.892,3.123,0.05,0.5772,MQTT,env_sensor
2025-01-22T23:25:00,15.514,127.059,3.559,0.744,2.0279,LoRaWAN,smart_meter
2025-01-22T05:22:00,36.263,240.339,0.1,0.588,2.8537,LoRaWAN,smart_meter
2025-01-22T21:47:00,114.149,20.079,5.149,8.279,1.3218,MQTT,actuator
2025-01-22T09:25:00,27.594,117.837,2.175,0.689,4.1582,LoRaWAN,smart_meter
2025-01-23T03:01:00,1035.158,28.534,3.913,24.688,2.2838,MQTT,gateway
2025-01-22T04:49:00,1361.05,116.374,4.653,186.72,0.3127,HTTPS,camera
2025-01-22T09:19:00,31.731,190.025,3.059,0.05,1.4943,LoRaWAN,smart_meter
2025-01-23T13:00:00,44.887,268.828,2.471,0.695,1.6529,LoRaWAN,smart_meter
2025-01-23T12:37:00,89.794,21.47,9.05,10.014,0.8005,CoAP,actuator
2025-01-23T08:50:00,249.664,52.511,1.351,42.652,0.812,MQTT,gateway
2025-01-23T12:19:00,42.889,34.36,3.138,0.666,1.6165,LoRaWAN,env_sensor
2025-01-23T02:36:00,922.258,46.867,3.338,44.167,1.3135,MQTT,gateway
2025-01-22T10:23:00,1422.814,50.695,4.968,107.078,0.7827,HTTPS,gateway
2025-01-22T12:34:00,1950.73,92.878,1.777,296.916,1.5349,HTTPS,camera
2025-01-21T23:49:00,1269.871,49.198,10.875,127.485,1.3132,HTTPS,gateway
2025-01-23T01:50:00,27.683,189.992,1.818,0.661,1.1406,LoRaWAN,smart_meter
2025-01-22T07:23:00,913.755,5.512,4.138,124.743,0.3579,HTTPS,camera
2025-01-23T02:59:00,2669.323,35.596,6.805,90.531,0.6025,HTTPS,camera
2025-01-23T02:07:00,159.399,23.772,6.109,2.116,0.9686,MQTT,actuator
2025-01-23T03:31:00,129.321,4.635,4.076,8.175,1.7104,MQTT,actuator
2025-01-22T02:38:00,1445.589,27.86,0.1,179.328,0.8493,HTTPS,camera
2025-01-22T08:48:00,81.072,14.591,4.535,3.322,2.7635,MQTT,env_sensor
2025-01-22T10:50:00,28.144,224.521,2.359,0.333,4.5828,LoRaWAN,smart_meter
2025-01-22T02:16:00,23.575,137.217,1.34,0.219,0.0,LoRaWAN,smart_meter
2025-01-22T00:16:00,136.154,31.374,2.012,5.816,1.3385,MQTT,actuator
2025-01-23T00:51:00,19.502,176.887,0.1,0.506,2.6266,LoRaWAN,smart_meter
2025-01-23T09:20:00,1216.603,40.054,1.466,110.441,0.2857,HTTPS,gateway
2025-01-23T02:53:00,8.0,10.277,12.659,96.831,1.9517,MQTT,gateway
2025-01-22T06:36:00,30.396,173.706,3.031,0.361,3.0176,LoRaWAN,smart_meter
2025-01-21T22:08:00,724.47,58.716,0.1,35.211,1.4513,MQTT,gateway
2025-01-23T12:06:00,70.151,1.0,2.212,3.293,1.2853,MQTT,env_sensor
2025-01-21T22:26:00,709.871,44.756,2.068,124.197,0.9756,HTTPS,camera
2025-01-22T15:24:00,8.0,67.666,16.706,80.026,0.0,HTTPS,gateway
2025-01-23T06:42:00,2272.346,25.735,0.924,95.206,0.6973,HTTPS,camera
2025-01-23T11:48:00,125.537,7.442,2.484,7.684,0.9715,MQTT,actuator
2025-01-22T16:16:00,137.124,25.351,10.512,1.149,1.0805,MQTT,actuator
2025-01-23T09:46:00,22.091,190.031,2.271,0.554,0.0,LoRaWAN,smart_meter
2025-01-22T09:30:00,98.66,16.679,3.519,9.416,0.6625,MQTT,actuator
2025-01-22T09:05:00,21.617,104.697,1.726,0.05,2.8665,LoRaWAN,smart_meter
2025-01-22T17:41:00,187.32,39.002,4.862,0.05,1.951,MQTT,gateway
2025-01-22T21:00:00,45.884,32.29,1.66,7.052,1.0254,MQTT,env_sensor
2025-01-23T13:16:00,8.0,51.665,4.226,93.773,1.2493,MQTT,gateway
2025-01-22T15:45:00,585.884,46.662,8.288,49.664,0.5805,CoAP,gateway
2025-01-22T11:28:00,36.691,238.783,0.185,0.125,3.4909,LoRaWAN,smart_meter
2025-01-22T07:12:00,58.349,18.38,5.055,11.693,1.5223,CoAP,env_sensor
2025-01-23T07:40:00,108.932,25.355,5.7,10.883,0.7454,MQTT,actuator
2025-01-22T22:36:00,2826.435,103.154,4.929,154.883,0.7571,HTTPS,camera
2025-01-23T07:48:00,110.886,19.933,6.082,7.931,1.8995,MQTT,actuator
2025-01-23T12:29:00,55.22,15.867,6.152,5.65,0.6283,MQTT,env_sensor
2025-01-23T00:31:00,715.152,57.771,18.72,100.921,1.184,CoAP,gateway
2025-01-21T23:13:00,126.121,17.679,3.846,12.435,1.2059,MQTT,actuator
2025-01-22T16:15:00,152.113,78.081,6.551,49.318,1.7523,CoAP,gateway
2025-01-22T13:28:00,8.0,23.524,9.233,22.486,3.2395,MQTT,gateway
2025-01-22T13:43:00,84.861,19.551,2.54,5.768,0.0,MQTT,actuator
2025-01-23T11:09:00,127.404,24.371,5.298,0.05,2.0178,CoAP,actuator
2025-01-22T21:31:00,166.337,21.352,6.577,1.596,1.0891,MQTT,actuator
2025-01-22T08:56:00,24.884,155.4,4.756,0.05,2.6907,LoRaWAN,smart_meter
2025-01-22T00:05:00,37.613,23.627,0.474,0.58,1.3852,MQTT,env_sensor
2025-01-23T00:43:00,98.715,24.346,9.82,3.163,0.8282,MQTT,actuator
2025-01-22T18:36:00,79.391,15.614,10.512,12.699,0.6193,MQTT,actuator
2025-01-22T17:21:00,15.453,25.613,3.175,0.599,1.4841,MQTT,smart_meter
2025-01-21T21:54:00,29.71,27.139,2.713,9.567,0.0,MQTT,env_sensor
2025-01-22T17:54:00,38.625,238.686,3.283,0.737,2.2987,LoRaWAN,smart_meter
2025-01-22T21:47:00,8.0,37.399,6.636,83.491,1.2187,MQTT,gateway
2025-01-23T01:05:00,1232.23,99.938,4.129,159.067,0.7146,HTTPS,camera
2025-01-22T07:16:00,53.699,32.89,0.411,4.901,0.0384,MQTT,env_sensor
2025-01-22T22:44:00,77.226,17.755,6.49,9.838,0.0,MQTT,actuator
2025-01-22T23:23:00,36.976,70.832,0.343,0.335,4.723,LoRaWAN,smart_meter
2025-01-22T18:02:00,104.735,21.436,2.532,8.033,1.7028,MQTT,env_sensor
2025-01-23T03:35:00,100.213,13.792,2.581,8.131,0.1799,MQTT,actuator
2025-01-23T07:57:00,774.641,32.025,8.502,82.259,1.3712,CoAP,gateway
2025-01-22T05:01:00,1614.871,24.854,7.482,24.394,0.2813,HTTPS,gateway
2025-01-22T00:06:00,1469.334,31.781,12.024,200.931,0.8473,HTTPS,camera
2025-01-22T10:06:00,649.732,116.582,6.016,94.593,1.1663,CoAP,camera
2025-01-23T05:27:00,1104.2,19.716,7.763,45.153,1.8078,MQTT,gateway
2025-01-22T11:07:00,53.8,23.405,2.297,8.113,2.6032,MQTT,env_sensor
2025-01-22T15:39:00,160.803,33.801,6.425,7.953,0.0176,MQTT,actuator
2025-01-23T05:15:00,29.021,202.272,2.944,0.685,4.8314,LoRaWAN,smart_meter
2025-01-22T01:34:00,30.749,238.045,0.901,0.512,1.7254,MQTT,smart_meter
2025-01-23T13:24:00,115.189,17.149,3.384,6.737,2.0322,MQTT,env_sensor
2025-01-23T05:14:00,1950.716,26.718,4.212,112.313,0.8501,HTTPS,camera
2025-01-22T20:10:00,134.048,17.171,2.662,7.559,0.4884,MQTT,actuator
2025-01-23T01:25:00,1583.066,26.782,3.018,133.252,0.3909,HTTPS,camera
2025-01-22T01:44:00,29.948,135.234,3.478,0.05,5.0051,LoRaWAN,smart_meter
2025-01-23T10:30:00,28.437,269.0,3.146,0.369,4.7261,LoRaWAN,smart_meter
2025-01-22T16:42:00,24.967,173.311,2.353,0.922,2.6658,LoRaWAN,smart_meter
2025-01-22T23:21:00,124.813,25.067,4.927,10.997,0.0,MQTT,actuator
2025-01-22T12:44:00,171.333,5.243,10.355,9.41,0.8666,MQTT,actuator
2025-01-22T23:08:00,78.957,4.56,10.487,5.447,0.7964,MQTT,actuator
2025-01-22T23:56:00,1672.433,44.068,5.151,107.51,0.0301,HTTPS,camera
2025-01-21T20:00:00,589.099,46.74,0.368,53.618,0.391,HTTPS,camera
2025-01-23T02:24:00,1658.404,54.85,4.554,70.606,0.4142,HTTPS,camera
2025-01-22T16:08:00,10.959,253.838,1.187,0.05,1.529,LoRaWAN,smart_meter
2025-01-22T22:12:00,1979.457,59.67,7.811,86.516,0.8315,HTTPS,camera
2025-01-21T21:49:00,83.731,29.305,2.086,6.443,1.8003,MQTT,env_sensor
2025-01-22T23:46:00,22.836,21.679,3.343,5.513,0.8555,MQTT,actuator
2025-01-22T06:19:00,87.422,27.876,0.1,3.803,1.4958,MQTT,env_sensor
2025-01-22T09:22:00,70.279,40.021,6.72,2.705,0.5082,CoAP,env_sensor
2025-01-22T10:25:00,2483.375,55.475,6.116,107.204,0.9344,HTTPS,camera
2025-01-22T12:12:00,114.581,12.808,5.009,0.253,1.5404,MQTT,actuator
2025-01-22T10:36:00,978.783,68.543,2.106,45.467,1.276,MQTT,camera
2025-01-22T20:03:00,97.478,31.554,0.1,4.302,0.0,MQTT,env_sensor
2025-01-22T06:18:00,101.287,28.035,5.445,7.415,0.2603,MQTT,actuator
2025-01-22T02:28:00,302.204,80.963,0.172,54.61,0.0,HTTPS,camera
2025-01-22T20:59:00,29.086,141.893,1.699,0.812,1.3459,LoRaWAN,smart_meter
2025-01-22T11:27:00,1962.543,66.545,1.129,259.604,0.0,HTTPS,camera
2025-01-23T05:51:00,37.15,20.302,1.594,4.487,0.4132,MQTT,env_sensor
2025-01-22T13:59:00,91.593,16.257,3.6,8.904,1.037,MQTT,actuator
2025-01-22T11:35:00,44.924,15.391,4.194,5.723,1.1789,MQTT,env_sensor
2025-01-22T14:24:00,35.297,39.195,1.788,0.173,1.4207,MQTT,smart_meter
2025-01-23T11:36:00,70.089,1.0,2.536,4.373,0.985,MQTT,env_sensor
2025-01-21T23:34:00,105.823,11.161,4.49,4.837,0.3007,MQTT,actuator
2025-01-22T13:28:00,77.5,10.76,1.446,2.537,2.4099,MQTT,env_sensor
2025-01-22T17:25:00,163.962,6.111,7.183,5.909,0.8778,MQTT,actuator
2025-01-23T03:41:00,1611.953,45.448,4.368,105.98,0.0,HTTPS,camera
2025-01-22T12:04:00,8.0,124.844,0.1,0.295,2.8212,LoRaWAN,smart_meter
2025-01-22T00:25:00,2066.685,40.542,0.1,65.747,0.5113,HTTPS,camera
2025-01-22T15:58:00,113.4,46.335,11.933,138.41,0.0979,HTTPS,gateway
2025-01-23T03:49:00,651.458,54.112,11.33,93.528,0.761,HTTPS,gateway
2025-01-22T11:17:00,18.166,166.116,1.882,0.195,2.6908,LoRaWAN,smart_meter
2025-01-21T20:24:00,119.932,15.231,6.573,12.058,0.4865,MQTT,actuator
2025-01-21T23:45:00,1984.003,52.037,8.437,20.226,1.5907,CoAP,gateway
2025-01-22T18:20:00,87.871,20.602,4.419,6.148,2.6581,MQTT,env_sensor
2025-01-22T01:38:00,328.423,72.17,6.114,119.154,1.0357,CoAP,gateway
2025-01-22T06:03:00,38.897,79.715,2.398,0.6,3.3848,MQTT,smart_meter
2025-01-23T04:31:00,96.662,32.43,1.945,2.903,0.3731,MQTT,env_sensor
2025-01-21T20:41:00,2007.081,25.414,7.275,163.631,0.0909,HTTPS,camera
2025-01-23T00:33:00,26.49,162.076,3.492,0.44,1.509,LoRaWAN,smart_meter
2025-01-23T11:50:00,55.855,52.53,4.011,0.05,2.1317,MQTT,env_sensor
2025-01-22T21:54:00,83.838,22.633,0.277,3.1,1.9653,MQTT,env_sensor
2025-01-23T02:07:00,27.573,29.94,2.355,5.187,0.6823,MQTT,env_sensor
2025-01-23T04:34:00,422.282,36.154,7.289,89.856,2.4143,CoAP,gateway
2025-01-22T12:24:00,689.556,33.326,19.508,48.267,1.4426,CoAP,gateway
2025-01-22T16:13:00,23.352,170.481,3.66,0.275,7.5723,LoRaWAN,smart_meter
2025-01-23T09:33:00,74.925,21.736,10.166,0.05,2.15,MQTT,actuator
2025-01-21T21:56:00,18.231,165.756,3.816,0.825,2.9369,LoRaWAN,smart_meter
2025-01-23T02:30:00,23.88,252.249,3.037,0.123,2.2373,LoRaWAN,smart_meter
2025-01-21T21:11:00,844.959,56.565,8.295,31.551,0.648,HTTPS,gateway
2025-01-22T08:14:00,1899.725,62.37,9.101,127.565,0.0,HTTPS,camera
2025-01-22T04:24:00,472.286,79.294,9.973,97.806,1.1531,CoAP,gateway
2025-01-22T07:29:00,1080.76,33.991,13.237,41.237,1.5805,CoAP,gateway
2025-01-22T09:30:00,1065.561,3.568,7.975,26.342,1.2194,MQTT,gateway
2025-01-23T08:56:00,116.391,7.435,3.907,4.045,0.433,MQTT,actuator
2025-01-23T00:28:00,92.214,34.448,5.587,1.397,0.8464,MQTT,env_sensor
2025-01-22T12:22:00,41.223,179.202,1.015,0.338,3.5678,LoRaWAN,smart_meter
2025-01-22T12:33:00,1431.215,20.127,8.734,48.639,2.5983,CoAP,gateway
2025-01-22T05:03:00,18.395,163.283,2.089,0.653,0.7853,LoRaWAN,smart_meter
2025-01-23T01:57:00,8.0,21.798,16.032,90.959,2.8911,MQTT,gateway
2025-01-22T08:58:00,26.001,15.945,1.694,2.811,2.081,MQTT,env_sensor
2025-01-23T05:40:00,57.549,26.293,1.144,11.553,0.0875,MQTT,actuator
2025-01-23T11:38:00,129.618,21.104,4.62,8.796,1.0061,MQTT,actuator
2025-01-23T02:54:00,1133.033,48.812,7.534,145.663,0.0,HTTPS,gateway
2025-01-22T04:42:00,981.66,77.679,0.1,109.674,0.5339,HTTPS,camera
2025-01-22T21:38:00,157.442,40.005,18.366,80.173,0.423,HTTPS,gateway
2025-01-22T18:07:00,31.329,113.71,2.702,0.731,1.1514,LoRaWAN,smart_meter
2025-01-23T13:07:00,367.571,46.96,3.099,57.324,0.0,HTTPS,gateway
2025-01-22T23:51:00,2556.305,114.683,9.958,166.23,1.0914,HTTPS,camera
2025-01-22T05:20:00,86.451,30.931,1.316,1.545,1.5296,MQTT,env_sensor
2025-01-22T16:28:00,119.913,25.28,2.146,3.732,2.1228,MQTT,actuator
2025-01-22T03:59:00,632.968,45.924,2.243,235.687,0.0,HTTPS,camera
2025-01-22T03:45:00,984.45,1.0,10.267,52.07,0.0,HTTPS,gateway
2025-01-22T18:09:00,885.775,36.436,0.21,16.912,0.5789,HTTPS,camera
2025-01-23T09:56:00,108.856,23.378,5.747,1.125,1.4192,MQTT,env_sensor
2025-01-23T11:48:00,26.311,274.163,2.469,0.674,2.5629,LoRaWAN,smart_meter
2025-01-22T01:09:00,124.133,22.028,5.3,1.695,1.3848,MQTT,actuator
2025-01-22T11:30:00,73.34,15.817,3.203,5.232,1.5642,MQTT,env_sensor
2025-01-21T23:38:00,25.187,204.742,2.9,0.868,4.5636,LoRaWAN,smart_meter
2025-01-22T23:12:00,64.097,24.256,9.531,9.95,0.2999,MQTT,actuator
2025-01-22T06:21:00,300.269,78.848,3.669,59.575,0.8217,HTTPS,camera
2025-01-22T19:35:00,34.302,52.396,3.421,7.163,0.0581,MQTT,env_sensor
2025-01-22T20:45:00,36.347,167.014,0.1,0.44,1.6781,LoRaWAN,smart_meter
2025-01-22T13:27:00,80.675,14.17,7.095,8.56,1.8555,MQTT,actuator
2025-01-22T12:06:00,40.841,25.111,2.849,7.282,2.4246,MQTT,env_sensor
2025-01-23T08:42:00,1969.483,12.647,1.65,42.967,0.7286,HTTPS,camera
2025-01-23T07:05:00,69.639,43.34,4.11,4.469,1.5175,MQTT,env_sensor
2025-01-22T05:32:00,2268.923,102.925,2.077,78.388,0.1983,HTTPS,camera
2025-01-22T02:04:00,25.587,152.824,0.1,0.235,2.9448,LoRaWAN,smart_meter
2025-01-23T09:00:00,962.41,65.696,10.786,93.75,0.0,HTTPS,gateway
2025-01-22T08:48:00,1282.887,1.0,3.304,28.59,0.8901,HTTPS,camera
2025-01-22T10:40:00,676.692,29.314,0.1,108.789,1.0104,CoAP,camera
2025-01-22T11:05:00,74.252,42.484,2.533,8.72,2.0646,MQTT,env_sensor
2025-01-23T07:26:00,477.82,15.418,9.824,52.82,0.1494,HTTPS,gateway
2025-01-23T05:42:00,45.751,71.337,0.752,0.544,5.4852,LoRaWAN,smart_meter
2025-01-22T21:32:00,115.897,17.58,6.824,4.441,0.3433,CoAP,actuator
2025-01-22T01:10:00,1578.931,1.0,5.868,17.703,1.0434,CoAP,gateway
2025-01-23T06:10:00,136.197,9.848,8.458,4.015,0.3329,MQTT,actuator
2025-01-23T01:16:00,62.804,18.467,2.233,0.469,0.6733,MQTT,env_sensor
2025-01-21T22:30:00,1662.633,95.379,6.133,72.302,1.1924,HTTPS,camera
2025-01-22T05:21:00,395.077,27.337,8.937,0.05,1.7374,CoAP,gateway
2025-01-22T23:50:00,95.51,18.469,3.953,4.702,0.0,MQTT,env_sensor
2025-01-23T08:48:00,273.254,32.402,4.212,28.745,1.515,CoAP,gateway
2025-01-23T08:39:00,513.459,60.144,3.743,112.355,1.4743,CoAP,gateway
2025-01-23T08:11:00,1310.074,64.932,3.378,32.706,0.8917,HTTPS,camera
2025-01-22T06:27:00,1420.748,53.977,8.646,46.642,1.0973,CoAP,gateway
2025-01-22T11:41:00,93.94,46.796,5.209,4.085,1.1744,CoAP,env_sensor
2025-01-22T17:42:00,41.635,27.876,0.17,1.186,0.0,MQTT,env_sensor
2025-01-21T21:33:00,68.758,37.517,3.599,6.264,0.5787,MQTT,env_sensor
2025-01-23T12:10:00,82.929,16.41,5.115,2.862,0.3211,MQTT,actuator
2025-01-22T12:55:00,1181.196,6.32,3.85,199.336,0.4585,HTTPS,camera
2025-01-21T20:07:00,1540.176,71.226,11.758,127.086,0.8254,HTTPS,gateway
2025-01-23T13:30:00,31.418,120.293,2.175,0.613,5.138,LoRaWAN,smart_meter
2025-01-22T00:30:00,203.683,18.185,1.778,12.991,1.1286,MQTT,actuator
2025-01-22T14:08:00,145.968,20.594,5.23,5.748,0.2348,MQTT,actuator
2025-01-23T12:33:00,36.522,72.554,1.12,0.333,2.2905,MQTT,smart_meter
2025-01-23T06:35:00,1710.801,32.745,4.343,69.495,0.9986,HTTPS,camera
2025-01-22T16:10:00,136.593,9.021,2.966,7.952,0.1323,MQTT,actuator
2025-01-22T07:52:00,62.857,9.399,6.988,7.757,0.5712,MQTT,actuator
2025-01-22T13:50:00,537.248,45.281,0.1,33.621,3.1084,MQTT,gateway
2025-01-23T12:15:00,109.094,15.731,6.794,10.56,0.796,CoAP,actuator
2025-01-22T16:18:00,980.717,75.332,1.526,168.882,0.0,HTTPS,camera
2025-01-22T17:01:00,1675.724,34.085,0.1,82.104,0.6151,HTTPS,camera
2025-01-22T15:45:00,106.282,24.639,6.176,8.317,0.7763,CoAP,actuator
2025-01-22T03:18:00,68.786,17.725,1.801,5.27,0.8147,MQTT,env_sensor
2025-01-21T23:21:00,1823.787,97.409,4.704,140.334,0.9697,HTTPS,camera
2025-01-22T19:40:00,131.405,34.335,9.492,6.736,0.468,CoAP,actuator
2025-01-21T20:42:00,8.0,27.616,13.738,109.313,1.744,MQTT,gateway
2025-01-23T01:38:00,718.232,50.336,16.273,44.921,2.0306,CoAP,gateway
2025-01-23T05:09:00,130.062,11.812,6.511,4.946,1.5795,CoAP,actuator
2025-01-22T19:06:00,65.921,35.053,5.351,2.683,0.3483,MQTT,env_sensor
2025-01-22T07:02:00,2716.621,72.246,3.772,105.758,0.0,HTTPS,camera
2025-01-22T10:03:00,428.918,32.845,6.098,27.113,0.4251,CoAP,gateway
2025-01-22T07:45:00,75.539,17.149,4.273,7.252,0.875,MQTT,actuator
2025-01-23T06:59:00,751.979,53.905,2.523,77.406,1.3001,HTTPS,camera
2025-01-22T00:27:00,19.821,31.725,0.1,4.057,0.0,MQTT,env_sensor
2025-01-23T01:15:00,1293.031,65.849,2.285,20.441,0.6175,HTTPS,camera
2025-01-22T03:39:00,27.61,218.111,0.1,0.411,1.0104,LoRaWAN,smart_meter
2025-01-23T02:05:00,40.795,40.051,1.013,0.378,0.0,HTTPS,smart_meter
2025-01-22T06:29:00,95.055,18.25,11.794,6.263,1.1963,MQTT,actuator
2025-01-22T00:26:00,9.448,50.27,2.6,0.559,2.5201,MQTT,env_sensor
2025-01-22T04:34:00,33.574,193.288,0.1,0.228,1.9993,LoRaWAN,smart_meter
2025-01-22T16:52:00,82.734,7.876,3.98,7.769,0.6119,MQTT,actuator
2025-01-23T08:25:00,36.334,225.443,1.111,0.112,6.7162,LoRaWAN,smart_meter
2025-01-21T20:59:00,879.731,98.372,2.903,85.484,0.0,HTTPS,camera
2025-01-22T21:31:00,67.426,26.403,4.176,5.067,2.9574,MQTT,env_sensor
2025-01-22T02:05:00,21.072,184.182,3.396,0.05,1.787,LoRaWAN,smart_meter
2025-01-23T12:40:00,34.057,111.85,1.49,0.05,3.5158,LoRaWAN,smart_meter
2025-01-22T20:51:00,79.352,9.292,2.587,3.01,1.84,MQTT,env_sensor
2025-01-22T07:53:00,70.713,16.508,4.514,7.638,0.7099,MQTT,actuator
2025-01-23T08:30:00,26.419,103.794,3.67,0.219,3.9437,LoRaWAN,smart_meter
2025-01-23T10:41:00,324.412,56.529,7.785,127.592,0.7161,HTTPS,camera
2025-01-22T14:54:00,105.432,12.591,2.209,10.35,0.1656,MQTT,actuator
2025-01-23T07:38:00,39.116,28.121,0.725,0.226,2.2292,MQTT,smart_meter
2025-01-22T02:49:00,140.883,17.998,5.313,10.802,2.0391,MQTT,actuator
2025-01-23T05:08:00,615.869,56.224,10.662,92.988,2.1186,CoAP,gateway
2025-01-23T06:52:00,1942.052,75.395,6.011,215.879,0.1907,HTTPS,camera
2025-01-22T03:34:00,558.293,39.661,1.967,165.439,0.0341,HTTPS,camera
2025-01-23T04:34:00,80.558,9.338,5.546,2.108,0.8829,MQTT,env_sensor
2025-01-23T05:08:00,44.011,29.282,0.674,1.97,1.9898,MQTT,env_sensor
2025-01-23T10:07:00,1346.667,79.479,1.384,83.533,1.1624,HTTPS,gateway
2025-01-21T23:54:00,1088.159,59.698,6.547,66.259,0.856,HTTPS,gateway
2025-01-22T12:23:00,937.113,29.497,4.263,57.364,0.2671,HTTPS,gateway
2025-01-22T03:29:00,30.377,214.752,5.56,0.186,2.0329,LoRaWAN,smart_meter
2025-01-21T22:21:00,97.31,15.499,12.034,6.867,0.8328,MQTT,actuator
2025-01-22T12:54:00,557.615,34.889,0.1,64.878,1.7366,MQTT,gateway
2025-01-22T08:24:00,61.721,25.721,5.803,1.444,1.7832,MQTT,env_sensor
2025-01-22T17:59:00,113.199,15.666,5.966,4.295,2.3904,MQTT,actuator
2025-01-23T04:46:00,962.918,39.511,7.974,66.769,0.2676,HTTPS,gateway
2025-01-23T00:09:00,2653.464,67.644,6.61,157.033,0.2638,HTTPS,camera
2025-01-22T15:49:00,55.938,18.155,4.42,5.719,0.4097,MQTT,actuator
2025-01-22T05:21:00,100.743,25.124,4.518,0.776,1.2079,MQTT,env_sensor
2025-01-23T03:54:00,68.86,15.749,3.223,4.677,1.4411,MQTT,env_sensor
2025-01-22T06:30:00,1635.745,31.989,8.7,142.406,0.0195,HTTPS,camera
2025-01-22T20:41:00,69.363,48.996,4.427,1.55,3.9951,MQTT,env_sensor
2025-01-22T19:41:00,35.572,156.069,3.743,0.05,1.6271,LoRaWAN,smart_meter
2025-01-23T09:22:00,92.346,1.0,1.489,0.05,1.2868,MQTT,env_sensor
2025-01-21T21:11:00,37.492,186.083,0.1,0.441,2.0107,LoRaWAN,smart_meter
2025-01-22T06:25:00,35.558,190.89,0.732,0.291,1.2927,LoRaWAN,smart_meter
2025-01-22T15:23:00,101.562,8.717,1.439,1.518,0.8302,MQTT,actuator
2025-01-22T18:40:00,60.472,19.718,7.51,13.069,0.0,MQTT,actuator
2025-01-22T18:48:00,113.307,14.957,10.481,13.818,0.8229,MQTT,actuator
2025-01-23T10:50:00,756.804,56.727,11.662,67.878,1.7573,CoAP,gateway
2025-01-21T20:26:00,1818.429,65.758,3.493,221.821,1.2081,HTTPS,camera
2025-01-22T03:50:00,2214.695,64.343,8.824,26.132,0.6299,HTTPS,gateway
2025-01-22T17:24:00,118.935,12.167,7.619,2.368,0.7015,CoAP,actuator
2025-01-22T17:19:00,115.528,12.685,5.179,9.392,0.9804,CoAP,actuator
2025-01-22T23:39:00,740.196,38.059,0.1,117.682,1.5171,MQTT,camera
2025-01-22T16:28:00,1547.689,74.314,7.88,152.311,0.7314,HTTPS,camera
2025-01-23T05:25:00,56.967,2.132,3.779,2.276,0.0494,MQTT,env_sensor
2025-01-22T22:35:00,27.974,126.978,2.527,0.185,0.2589,LoRaWAN,smart_meter
2025-01-21T23:59:00,44.498,211.752,3.646,0.608,3.3681,LoRaWAN,smart_meter
2025-01-22T19:55:00,84.064,9.46,7.326,5.848,1.9986,MQTT,actuator
2025-01-22T08:40:00,287.0,57.28,5.11,24.926,0.0178,CoAP,gateway
2025-01-23T07:44:00,17.123,116.498,4.024,0.669,0.6167,LoRaWAN,smart_meter
2025-01-23T01:43:00,1794.864,30.258,4.523,34.11,0.0,HTTPS,gateway
2025-01-22T06:27:00,41.005,222.577,1.28,0.65,1.0076,LoRaWAN,smart_meter
2025-01-22T18:12:00,32.417,62.175,4.635,0.229,2.8102,MQTT,smart_meter
2025-01-21T22:05:00,405.011,95.373,0.1,19.211,0.8087,HTTPS,camera
2025-01-23T07:59:00,1446.602,84.247,3.064,205.772,0.6179,HTTPS,camera
2025-01-23T05:20:00,709.956,34.639,4.259,191.486,1.6998,MQTT,camera
2025-01-22T05:30:00,26.161,257.749,2.704,0.758,3.1603,LoRaWAN,smart_meter
2025-01-22T20:29:00,28.77,145.407,2.699,0.05,1.5092,LoRaWAN,smart_meter
2025-01-23T02:50:00,37.375,275.589,0.155,0.319,2.9459,LoRaWAN,smart_meter
2025-01-23T10:35:00,1309.233,81.962,7.974,35.261,2.442,CoAP,gateway
2025-01-23T12:13:00,19.632,148.693,3.215,0.294,2.2958,LoRaWAN,smart_meter
2025-01-23T11:55:00,1456.085,35.036,7.711,68.1,1.7021,HTTPS,gateway
2025-01-23T02:47:00,1251.763,7.106,6.369,11.625,0.7091,HTTPS,gateway
2025-01-22T17:09:00,862.299,57.616,11.582,42.277,0.6093,HTTPS,gateway
2025-01-22T10:55:00,138.509,20.492,5.049,6.597,0.0,MQTT,actuator
2025-01-22T17:04:00,106.033,16.842,5.988,2.07,1.431,MQTT,env_sensor
2025-01-23T07:53:00,33.489,248.555,0.1,0.05,2.5833,LoRaWAN,smart_meter
2025-01-21T22:52:00,33.195,262.158,3.461,0.621,1.9447,LoRaWAN,smart_meter
2025-01-22T00:25:00,1382.378,71.475,4.937,90.254,0.1291,HTTPS,gateway
2025-01-23T02:08:00,775.272,82.726,2.562,73.901,0.2981,HTTPS,camera
2025-01-22T00:01:00,897.996,39.94,9.726,56.002,0.0,HTTPS,gateway
2025-01-22T21:12:00,23.792,140.003,0.184,1.248,6.2746,MQTT,smart_meter
2025-01-22T11:56:00,1677.385,88.048,3.632,63.235,0.9736,HTTPS,camera
2025-01-23T11:13:00,780.161,52.067,6.126,80.612,0.0,HTTPS,camera
2025-01-22T14:57:00,101.685,22.948,2.766,0.05,1.1094,MQTT,env_sensor
2025-01-23T12:17:00,101.586,23.863,3.34,9.132,0.1812,MQTT,actuator
2025-01-22T15:06:00,79.73,29.935,2.036,8.933,1.5898,MQTT,env_sensor
2025-01-22T03:16:00,496.994,1.0,9.915,69.058,0.2336,HTTPS,gateway
2025-01-22T19:21:00,417.13,77.269,15.204,68.99,0.0,HTTPS,gateway
2025-01-22T00:22:00,47.453,25.576,0.1,1.732,2.7389,MQTT,env_sensor
2025-01-22T22:18:00,1211.705,114.273,1.693,104.665,0.8702,HTTPS,camera
2025-01-23T10:32:00,74.104,31.214,1.039,0.05,2.3173,MQTT,env_sensor
2025-01-22T08:04:00,30.203,137.672,3.96,0.822,4.6935,LoRaWAN,smart_meter
2025-01-23T13:01:00,2655.319,59.006,3.063,110.489,0.0,HTTPS,camera
2025-01-23T03:19:00,80.783,31.625,5.853,0.05,0.0,MQTT,env_sensor
2025-01-23T06:34:00,19.813,106.312,1.533,0.772,2.0263,LoRaWAN,smart_meter
2025-01-22T03:42:00,163.393,72.637,2.132,24.534,1.7512,MQTT,gateway
2025-01-22T21:06:00,75.455,22.352,4.171,8.407,0.3211,MQTT,env_sensor
2025-01-21T22:34:00,12.381,169.23,2.459,0.305,1.7867,LoRaWAN,smart_meter
2025-01-22T03:50:00,30.764,133.103,0.394,0.558,2.7953,LoRaWAN,smart_meter
2025-01-22T04:42:00,86.819,18.79,2.84,1.985,1.1691,MQTT,env_sensor
2025-01-21T20:19:00,21.208,219.446,2.558,0.717,5.287,LoRaWAN,smart_meter
2025-01-22T16:02:00,75.903,15.73,0.893,5.393,0.7154,MQTT,env_sensor
2025-01-23T03:50:00,91.734,29.774,2.938,1.441,2.5791,MQTT,env_sensor
2025-01-22T17:57:00,2313.72,29.042,3.709,179.413,0.729,HTTPS,camera
2025-01-23T01:35:00,1470.414,56.035,2.214,151.322,0.1926,HTTPS,camera
2025-01-22T18:04:00,113.637,16.67,5.5,4.302,0.5273,MQTT,actuator
2025-01-22T03:55:00,78.374,26.352,18.546,96.242,2.8528,CoAP,gateway
2025-01-23T02:44:00,32.602,46.828,2.009,7.741,1.0727,MQTT,env_sensor
2025-01-22T11:05:00,81.862,22.34,6.168,10.212,1.209,CoAP,actuator
2025-01-23T02:58:00,1417.371,1.0,0.56,33.069,0.5604,HTTPS,camera
2025-01-23T05:41:00,117.764,20.671,6.031,11.896,1.7078,CoAP,actuator
2025-01-22T11:41:00,1094.558,34.943,10.909,75.725,0.0,HTTPS,gateway
2025-01-23T07:08:00,1242.096,21.887,5.783,17.881,1.2778,MQTT,gateway
2025-01-23T03:01:00,34.576,150.707,0.278,0.372,3.7761,LoRaWAN,smart_meter
2025-01-21T20:37:00,1159.26,91.293,1.349,124.782,0.5046,HTTPS,camera
2025-01-22T11:35:00,1096.362,81.058,7.107,209.533,0.0,HTTPS,camera
2025-01-22T19:40:00,899.368,66.34,5.603,177.207,0.0,HTTPS,gateway
2025-01-23T02:27:00,826.237,74.158,2.424,142.694,0.5625,HTTPS,camera
2025-01-23T03:22:00,35.126,53.756,1.033,0.484,3.2849,MQTT,smart_meter
2025-01-22T06:16:00,977.692,21.752,0.1,86.562,0.0,HTTPS,gateway
2025-01-21T20:04:00,32.61,148.843,0.1,0.886,0.0,LoRaWAN,smart_meter
2025-01-23T04:51:00,25.144,121.794,2.292,0.05,1.1889,LoRaWAN,smart_meter
2025-01-22T14:10:00,85.974,11.39,5.877,15.926,0.1943,MQTT,actuator
2025-01-21T21:07:00,963.099,62.235,2.451,85.954,0.2174,HTTPS,gateway
2025-01-23T03:14:00,28.176,117.02,1.045,0.572,3.899,LoRaWAN,smart_meter
2025-01-22T07:30:00,35.117,12.036,1.274,3.704,0.4259,MQTT,env_sensor
2025-01-23T09:51:00,115.046,9.193,8.03,12.247,1.1229,MQTT,actuator
2025-01-23T12:33:00,608.273,70.491,10.381,53.171,2.6688,CoAP,gateway
2025-01-22T17:07:00,113.193,18.184,7.646,5.755,0.8275,CoAP,actuator
2025-01-22T17:42:00,1606.561,27.753,4.999,26.61,0.1716,HTTPS,gateway
2025-01-22T22:00:00,111.984,20.396,5.311,8.848,0.4152,MQTT,actuator
2025-01-22T05:36:00,34.677,264.522,4.854,0.188,4.4031,LoRaWAN,smart_meter
2025-01-23T05:23:00,72.115,24.558,1.944,5.416,1.3468,MQTT,env_sensor
2025-01-22T09:02:00,86.096,34.23,4.244,4.783,0.0,MQTT,env_sensor
2025-01-23T05:44:00,77.011,16.89,8.35,10.348,0.0,MQTT,actuator
2025-01-21T23:35:00,31.557,178.49,3.916,0.105,1.2679,LoRaWAN,smart_meter
2025-01-22T06:04:00,141.468,12.07,6.835,6.661,0.0,MQTT,actuator
2025-01-21T20:51:00,1792.146,19.805,0.1,79.297,0.3405,HTTPS,camera
2025-01-22T08:00:00,2443.394,96.134,2.373,46.137,0.7719,HTTPS,camera
2025-01-22T09:44:00,24.082,186.759,0.837,0.392,5.745,LoRaWAN,smart_meter
2025-01-22T05:17:00,175.005,19.444,4.066,14.832,0.6219,MQTT,actuator
2025-01-22T19:31:00,1357.486,58.851,6.397,99.221,0.0,HTTPS,camera
2025-01-22T14:59:00,45.097,25.549,6.275,8.576,3.5361,MQTT,env_sensor
2025-01-23T02:21:00,75.202,1.0,3.513,2.499,1.5287,MQTT,env_sensor
2025-01-23T03:48:00,2342.149,69.296,9.208,0.05,0.3776,HTTPS,camera
2025-01-22T11:11:00,42.971,218.975,4.439,0.05,8.5232,LoRaWAN,smart_meter
2025-01-22T09:53:00,1247.827,72.939,0.317,170.085,1.2547,HTTPS,camera
2025-01-23T09:26:00,74.724,15.327,11.298,5.911,0.1215,CoAP,actuator
2025-01-23T01:59:00,95.328,34.473,5.588,11.588,0.7122,MQTT,actuator
2025-01-22T14:10:00,28.183,110.365,0.1,0.192,3.0337,LoRaWAN,smart_meter
2025-01-22T10:56:00,1558.403,41.305,3.044,78.853,0.4612,HTTPS,camera
2025-01-22T05:05:00,1841.035,74.663,7.797,129.65,0.5062,HTTPS,camera
2025-01-22T17:48:00,17.612,119.777,1.129,0.05,6.0303,LoRaWAN,smart_meter
2025-01-23T09:17:00,900.506,61.115,5.122,38.846,2.3522,CoAP,gateway
2025-01-22T19:33:00,37.118,294.194,1.234,0.707,1.8441,LoRaWAN,smart_meter
2025-01-22T12:56:00,940.816,74.582,4.447,133.73,0.8029,HTTPS,camera
2025-01-22T17:52:00,37.332,254.743,0.1,1.04,7.792,MQTT,smart_meter
2025-01-21T20:51:00,199.932,6.134,6.928,86.523,0.0,MQTT,gateway
2025-01-22T11:36:00,86.345,11.496,12.288,6.956,0.9491,CoAP,actuator
2025-01-22T20:45:00,141.94,17.067,4.313,9.747,1.0599,MQTT,actuator
2025-01-22T13:10:00,692.363,58.038,14.844,97.796,1.653,CoAP,gateway
2025-01-22T21:42:00,1255.961,25.513,4.897,150.897,1.0724,HTTPS,camera
2025-01-23T01:26:00,28.097,148.769,0.1,0.441,4.6672,LoRaWAN,smart_meter
2025-01-22T17:16:00,36.719,22.505,1.96,1.223,2.6358,MQTT,env_sensor
2025-01-23T05:05:00,1792.789,48.289,5.228,84.9,1.0734,HTTPS,camera
2025-01-22T23:31:00,608.353,33.635,5.752,47.119,0.1415,CoAP,gateway
2025-01-22T06:15:00,53.451,14.12,6.297,4.006,2.6024,CoAP,env_sensor
2025-01-21T20:06:00,49.21,10.949,1.048,3.592,1.3789,MQTT,env_sensor
2025-01-23T04:18:00,123.123,1.0,0.1,0.05,0.6997,MQTT,actuator
2025-01-22T18:05:00,99.921,42.761,1.927,1.837,0.0,MQTT,env_sensor
2025-01-23T12:53:00,63.112,36.835,6.802,10.049,1.0968,CoAP,env_sensor
2025-01-23T01:21:00,1760.057,60.641,0.627,112.531,0.741,HTTPS,camera
2025-01-23T13:14:00,19.88,325.348,2.695,0.128,3.4774,LoRaWAN,smart_meter
2025-01-22T20:49:00,22.58,88.833,3.771,0.05,1.5107,MQTT,smart_meter
2025-01-22T18:10:00,26.816,114.21,1.762,0.299,2.543,LoRaWAN,smart_meter
2025-01-22T19:58:00,94.694,32.139,2.585,5.357,0.2142,MQTT,env_sensor
2025-01-23T08:36:00,2234.456,80.887,0.1,101.513,0.7562,HTTPS,camera
2025-01-22T06:20:00,22.292,102.737,1.416,0.497,2.0481,LoRaWAN,smart_meter
2025-01-23T02:05:00,81.647,34.912,5.24,11.264,0.0,CoAP,actuator
2025-01-22T14:13:00,2037.541,49.346,1.181,183.397,0.6342,HTTPS,camera
2025-01-22T03:03:00,59.375,25.641,7.361,1.334,0.7051,MQTT,env_sensor
2025-01-22T00:36:00,957.182,37.722,7.035,50.897,0.9404,HTTPS,gateway
2025-01-23T07:11:00,1050.928,11.425,9.709,9.425,0.5488,HTTPS,gateway
2025-01-21T21:08:00,1456.307,88.108,2.795,94.172,0.5506,HTTPS,camera
2025-01-23T09:54:00,773.866,44.956,5.439,19.781,1.9648,CoAP,gateway
2025-01-23T05:44:00,116.528,6.151,3.552,5.685,1.5933,MQTT,env_sensor
2025-01-22T19:47:00,1986.488,13.652,7.919,75.551,0.2206,HTTPS,camera
2025-01-22T19:53:00,1191.79,42.862,8.373,0.05,0.0,HTTPS,gateway
2025-01-23T07:05:00,1342.72,28.641,16.386,59.609,1.4953,MQTT,gateway
2025-01-23T00:24:00,81.917,16.96,7.591,10.077,2.237,CoAP,actuator
2025-01-23T01:03:00,67.593,13.827,4.353,8.337,0.4922,MQTT,env_sensor
2025-01-22T18:44:00,796.065,39.384,5.39,32.038,0.1528,CoAP,gateway
2025-01-22T06:12:00,856.571,50.315,3.491,115.478,0.6482,HTTPS,camera
2025-01-23T12:59:00,680.77,61.735,18.561,75.427,1.079,CoAP,gateway
2025-01-23T02:17:00,50.179,29.09,1.408,5.805,0.6084,MQTT,env_sensor
2025-01-22T09:36:00,768.435,44.216,10.669,91.19,0.717,HTTPS,gateway
2025-01-23T02:16:00,12.577,146.983,3.193,0.78,1.9434,LoRaWAN,smart_meter
2025-01-22T00:17:00,88.726,5.387,0.1,5.263,2.9637,MQTT,env_sensor
2025-01-22T23:03:00,1240.744,89.881,6.252,207.824,0.5003,HTTPS,camera
2025-01-22T12:10:00,1054.452,58.296,2.586,173.412,0.0522,HTTPS,camera
2025-01-22T04:28:00,42.274,240.98,2.944,0.05,4.4187,LoRaWAN,smart_meter
2025-01-22T16:21:00,66.53,28.539,2.474,5.163,1.9034,MQTT,env_sensor
2025-01-23T05:07:00,125.241,26.685,10.27,6.238,0.8851,MQTT,actuator
2025-01-22T23:06:00,144.947,22.284,6.192,16.267,1.5271,MQTT,actuator
2025-01-22T07:40:00,34.94,125.172,2.423,0.282,0.2746,LoRaWAN,smart_meter
2025-01-22T03:16:00,26.998,190.491,1.462,0.657,1.5851,LoRaWAN,smart_meter
2025-01-22T21:02:00,1577.928,47.51,7.529,50.634,1.1975,HTTPS,gateway
2025-01-23T09:01:00,58.924,17.409,2.9,12.689,0.5282,MQTT,actuator
2025-01-22T15:57:00,8.0,65.78,10.188,12.051,1.2198,MQTT,gateway
2025-01-22T13:54:00,1567.888,22.49,11.507,35.077,0.0,HTTPS,gateway
2025-01-23T01:11:00,113.312,32.74,0.1,5.535,0.9774,MQTT,actuator
2025-01-23T11:34:00,22.482,204.939,3.124,0.932,2.9099,LoRaWAN,smart_meter
2025-01-23T00:52:00,91.119,8.237,7.136,10.066,0.2821,CoAP,actuator
2025-01-22T15:29:00,109.618,13.493,6.69,9.002,0.5534,CoAP,actuator
2025-01-23T08:04:00,82.426,32.154,14.767,127.116,2.3995,CoAP,gateway
2025-01-22T08:53:00,89.453,13.101,2.057,0.05,0.8141,MQTT,env_sensor
2025-01-22T13:42:00,37.476,192.626,1.898,0.291,1.9302,LoRaWAN,smart_meter
2025-01-22T16:17:00,134.216,13.948,5.395,0.781,0.334,MQTT,actuator
2025-01-22T11:20:00,98.965,23.898,7.848,8.144,0.6739,CoAP,actuator
2025-01-23T05:55:00,1602.286,33.932,13.377,67.223,0.0,HTTPS,camera
2025-01-21T21:01:00,20.945,136.317,0.127,0.732,5.411,LoRaWAN,smart_meter
2025-01-22T10:26:00,880.319,3.386,6.833,94.007,0.4415,HTTPS,gateway
2025-01-22T12:45:00,39.575,142.511,0.174,0.358,0.1697,LoRaWAN,smart_meter
2025-01-22T22:59:00,1032.277,66.896,13.104,105.475,0.5103,HTTPS,gateway
2025-01-23T11:25:00,19.711,177.03,2.889,0.201,3.4355,MQTT,smart_meter
2025-01-23T00:58:00,50.403,41.576,0.1,6.229,0.4012,MQTT,env_sensor
2025-01-21T21:02:00,493.142,28.645,8.488,64.838,0.41,HTTPS,gateway
2025-01-23T08:31:00,680.512,55.81,6.452,35.61,0.5338,CoAP,gateway
2025-01-22T05:06:00,32.169,234.081,0.672,0.129,7.635,LoRaWAN,smart_meter
2025-01-21T22:35:00,67.862,9.796,7.077,3.001,0.0,MQTT,env_sensor
2025-01-21T22:29:00,20.013,290.298,2.434,0.661,0.0,LoRaWAN,smart_meter
2025-01-22T06:42:00,158.305,75.458,7.777,53.314,0.0,HTTPS,gateway
2025-01-22T06:48:00,39.517,173.427,1.376,0.327,5.2328,LoRaWAN,smart_meter
2025-01-22T03:03:00,1469.636,73.944,3.928,196.016,0.0806,HTTPS,camera
2025-01-22T11:08:00,54.03,31.396,3.446,5.654,1.3611,MQTT,env_sensor
2025-01-22T08:55:00,23.635,204.733,0.1,0.208,0.0,LoRaWAN,smart_meter
2025-01-23T03:31:00,2483.873,40.422,0.132,35.352,0.1451,HTTPS,camera
2025-01-22T04:14:00,63.74,17.52,3.582,10.324,0.4583,MQTT,actuator
2025-01-22T01:39:00,952.571,28.104,4.342,64.354,1.3484,MQTT,gateway
2025-01-23T00:29:00,93.567,14.171,0.1,0.534,0.3083,MQTT,env_sensor
2025-01-23T00:19:00,62.863,34.399,0.1,7.463,0.0,MQTT,env_sensor
2025-01-22T10:48:00,26.172,179.606,2.734,0.512,5.6409,LoRaWAN,smart_meter
2025-01-21T20:03:00,79.495,1.365,1.284,4.129,1.4442,MQTT,env_sensor
2025-01-22T06:47:00,2633.534,70.844,6.661,76.805,0.3378,HTTPS,camera
2025-01-23T10:58:00,28.081,110.706,3.076,0.291,1.7993,LoRaWAN,smart_meter
2025-01-23T10:43:00,66.083,20.711,4.171,0.05,1.3946,MQTT,env_sensor
2025-01-22T18:16:00,38.768,24.452,3.439,3.586,1.261,MQTT,env_sensor
2025-01-23T12:36:00,1106.849,12.981,4.576,85.68,0.6512,HTTPS,gateway
2025-01-22T13:27:00,24.035,161.655,1.086,0.135,1.5852,LoRaWAN,smart_meter
2025-01-22T12:55:00,123.646,13.655,4.511,2.689,1.4092,MQTT,actuator
2025-01-22T02:23:00,98.08,17.974,7.822,8.292,0.0,MQTT,actuator
2025-01-22T01:11:00,1339.649,33.698,2.65,20.318,1.0805,MQTT,gateway
2025-01-22T23:35:00,72.48,25.63,1.464,4.6,0.0,MQTT,env_sensor
2025-01-21T20:56:00,1110.555,34.702,6.417,43.898,1.6905,CoAP,gateway
2025-01-23T13:19:00,125.586,24.714,3.181,8.043,1.4816,MQTT,actuator
2025-01-22T11:20:00,678.422,48.348,1.385,89.38,2.2139,HTTPS,gateway
2025-01-23T07:44:00,724.652,64.148,8.025,28.891,1.0147,CoAP,gateway
2025-01-23T03:06:00,888.119,84.577,7.658,180.465,0.6271,HTTPS,camera
2025-01-22T12:32:00,130.45,11.358,3.751,7.229,0.8609,MQTT,actuator
2025-01-22T17:36:00,147.532,40.228,7.439,3.878,1.1892,MQTT,actuator
2025-01-23T11:45:00,82.754,21.037,8.651,7.757,1.1881,MQTT,actuator
2025-01-21T23:12:00,91.482,23.023,2.356,11.48,0.5049,MQTT,actuator
2025-01-22T18:30:00,1711.401,31.588,2.369,143.609,0.2098,HTTPS,camera
2025-01-22T02:53:00,114.037,22.255,5.781,9.491,1.0251,MQTT,actuator
2025-01-22T02:59:00,30.729,253.506,2.589,0.375,3.0496,LoRaWAN,smart_meter
2025-01-22T12:20:00,90.727,8.651,4.989,7.0,1.0319,MQTT,actuator
2025-01-23T11:24:00,1131.392,75.255,0.1,2.572,0.0,HTTPS,camera
2025-01-23T06:31:00,94.188,24.226,2.527,4.803,1.3131,MQTT,env_sensor
2025-01-22T12:19:00,481.368,16.126,0.1,98.64,0.0,HTTPS,gateway
2025-01-22T13:01:00,1007.017,46.653,8.695,2.66,0.0,CoAP,gateway
2025-01-23T00:44:00,2601.413,48.493,6.361,91.118,1.4703,HTTPS,camera
2025-01-22T10:35:00,925.512,46.696,13.416,53.021,3.0895,CoAP,gateway
2025-01-22T05:57:00,37.344,115.886,2.832,0.362,1.8691,LoRaWAN,smart_meter
2025-01-22T13:30:00,900.298,115.661,5.133,176.654,0.747,HTTPS,camera
2025-01-23T13:06:00,650.517,41.862,18.208,49.427,0.7439,HTTPS,gateway
2025-01-21T21:23:00,595.566,58.955,9.947,25.603,0.754,CoAP,gateway
2025-01-23T06:05:00,83.681,23.587,8.851,8.156,0.4366,MQTT,actuator
2025-01-23T09:23:00,563.608,31.857,6.775,107.551,1.2902,CoAP,gateway
2025-01-22T12:10:00,121.927,16.937,1.249,2.02,1.1647,MQTT,env_sensor
2025-01-23T09:12:00,1576.549,33.121,12.807,82.222,0.1278,HTTPS,gateway
2025-01-22T06:12:00,31.777,169.378,0.1,0.219,3.1186,LoRaWAN,smart_meter
2025-01-23T06:06:00,24.548,246.51,1.259,0.44,7.5526,LoRaWAN,smart_meter
2025-01-23T11:14:00,121.751,16.031,7.08,4.356,0.0237,CoAP,actuator
2025-01-21T20:02:00,26.139,190.587,0.198,0.527,3.2774,LoRaWAN,smart_meter
2025-01-22T15:04:00,76.841,15.108,4.804,14.591,0.8402,MQTT,actuator
2025-01-23T06:02:00,22.103,19.935,3.082,10.895,2.8106,MQTT,env_sensor
2025-01-22T21:47:00,37.066,172.396,2.514,0.706,4.5456,LoRaWAN,smart_meter
2025-01-22T18:03:00,2150.724,96.657,8.795,125.914,0.6385,HTTPS,camera
2025-01-22T00:09:00,65.332,20.529,6.971,0.08,0.9886,CoAP,actuator
2025-01-22T10:15:00,20.632,96.006,1.553,0.19,5.6416,LoRaWAN,smart_meter
2025-01-22T23:17:00,25.125,170.426,2.451,0.7,3.9301,LoRaWAN,smart_meter
2025-01-23T05:14:00,58.09,47.675,3.115,0.43,0.7086,MQTT,env_sensor
2025-01-22T13:22:00,27.968,220.24,1.343,0.05,0.0,LoRaWAN,smart_meter
2025-01-21T22:36:00,1042.195,70.315,5.476,59.371,0.9542,HTTPS,gateway
2025-01-23T13:17:00,118.996,24.612,7.792,10.383,1.0279,CoAP,actuator
2025-01-23T06:10:00,757.451,41.662,6.895,3.005,0.6989,CoAP,camera
2025-01-21T22:23:00,922.635,61.177,9.657,143.185,0.2754,HTTPS,camera
2025-01-22T03:18:00,187.702,26.689,6.507,10.749,0.5432,MQTT,actuator
2025-01-22T04:59:00,47.44,31.72,2.49,5.849,1.8854,MQTT,env_sensor
2025-01-22T10:06:00,25.115,148.762,3.107,0.417,3.4532,LoRaWAN,smart_meter
2025-01-21T21:50:00,95.038,14.501,11.224,9.084,0.3692,MQTT,actuator
2025-01-23T13:12:00,108.553,5.079,2.665,9.763,0.6276,MQTT,actuator
2025-01-22T18:05:00,26.4,74.197,1.743,0.621,1.269,MQTT,smart_meter
2025-01-22T05:13:00,26.06,109.393,0.645,0.25,4.9186,MQTT,smart_meter
2025-01-23T03:20:00,1852.035,83.247,1.603,107.271,1.5636,HTTPS,camera
2025-01-23T00:45:00,20.042,173.168,2.289,0.493,1.2142,LoRaWAN,smart_meter
2025-01-22T21:35:00,62.428,6.326,3.36,4.236,2.114,MQTT,env_sensor
2025-01-23T08:51:00,84.271,29.842,7.156,3.939,1.4541,CoAP,actuator
2025-01-22T16:44:00,36.591,206.022,2.639,0.175,0.5805,LoRaWAN,smart_meter
2025-01-23T09:43:00,21.853,161.924,2.647,0.226,3.9401,LoRaWAN,smart_meter
2025-01-22T20:14:00,99.35,11.184,4.068,2.653,1.0492,MQTT,env_sensor
2025-01-23T13:23:00,112.648,19.599,6.785,9.178,2.1655,MQTT,actuator
2025-01-21T23:08:00,121.023,10.32,11.408,6.476,0.4566,MQTT,actuator
2025-01-23T09:00:00,34.969,223.336,2.19,0.527,1.1777,LoRaWAN,smart_meter
2025-01-22T06:24:00,85.529,22.636,5.093,2.325,1.39,MQTT,env_sensor
2025-01-22T07:24:00,60.828,1.0,2.984,0.05,3.1394,MQTT,env_sensor
2025-01-22T13:41:00,32.585,25.346,2.648,6.205,0.8367,MQTT,env_sensor
2025-01-22T03:27:00,154.567,18.315,3.924,7.986,0.4147,MQTT,actuator
2025-01-22T04:14:00,1545.547,62.854,1.635,64.411,0.4953,HTTPS,camera
2025-01-22T06:05:00,84.442,58.947,1.247,8.078,0.6855,MQTT,env_sensor
2025-01-22T04:15:00,1316.975,88.646,5.421,96.803,1.3282,HTTPS,camera
2025-01-23T00:48:00,1538.966,57.167,10.263,79.046,1.6831,HTTPS,camera
2025-01-22T01:30:00,97.487,25.676,1.876,4.934,2.5769,MQTT,env_sensor
2025-01-22T05:28:00,2546.839,56.064,5.565,156.789,0.0,HTTPS,camera
2025-01-21T21:47:00,1070.298,45.666,5.884,63.259,0.9232,HTTPS,gateway
2025-01-22T14:03:00,34.421,273.825,2.319,0.531,1.3599,LoRaWAN,smart_meter
2025-01-22T18:23:00,126.312,29.29,3.385,5.08,2.7409,MQTT,env_sensor
2025-01-22T22:28:00,163.029,16.043,11.125,8.871,0.0,CoAP,actuator
2025-01-22T02:56:00,24.557,116.147,0.517,0.647,3.8728,LoRaWAN,smart_meter
2025-01-22T13:12:00,110.1,6.843,1.694,6.933,0.3666,MQTT,actuator
2025-01-22T04:59:00,2291.562,94.178,3.481,191.061,0.6499,HTTPS,camera
2025-01-22T10:31:00,29.09,121.071,1.235,0.552,0.8824,LoRaWAN,smart_meter
2025-01-22T08:35:00,124.904,5.354,10.712,4.138,1.1281,MQTT,actuator
2025-01-22T12:12:00,8.0,60.259,0.1,155.45,1.1283,MQTT,gateway
2025-01-21T23:21:00,291.516,50.003,3.312,2.077,0.0,HTTPS,gateway
2025-01-23T05:21:00,29.927,175.569,2.025,0.134,5.2301,LoRaWAN,smart_meter
2025-01-22T10:55:00,45.27,11.272,7.144,1.641,1.2753,MQTT,env_sensor
2025-01-22T17:58:00,62.139,22.861,4.618,4.172,0.9189,MQTT,env_sensor
2025-01-23T06:10:00,845.148,57.878,7.45,43.537,0.8967,CoAP,gateway
2025-01-22T01:17:00,69.868,47.545,2.284,4.919,1.4238,MQTT,env_sensor
2025-01-23T11:01:00,1123.236,42.263,9.209,47.347,2.0523,CoAP,gateway
2025-01-22T19:14:00,95.29,1.0,4.795,12.419,0.9848,MQTT,actuator
2025-01-22T22:53:00,1954.315,79.892,6.029,87.187,0.0,HTTPS,camera
2025-01-22T13:33:00,81.876,32.567,4.247,6.634,0.3336,MQTT,env_sensor
2025-01-22T06:53:00,1747.607,85.55,6.495,47.666,1.882,CoAP,gateway
2025-01-22T12:59:00,83.551,12.721,2.8,5.248,1.0629,MQTT,env_sensor
2025-01-22T20:24:00,63.523,27.706,7.781,0.276,0.7674,MQTT,env_sensor
2025-01-21T22:07:00,70.55,13.116,3.124,12.504,2.0737,MQTT,actuator
2025-01-21T21:05:00,27.976,125.453,3.417,0.324,2.9281,LoRaWAN,smart_meter
2025-01-23T10:51:00,1906.937,29.755,12.434,0.05,0.4586,HTTPS,gateway
2025-01-22T13:05:00,19.578,207.556,1.427,0.158,2.6803,LoRaWAN,smart_meter
2025-01-22T11:43:00,103.767,31.01,8.654,3.051,1.394,CoAP,actuator
2025-01-22T20:25:00,1127.949,46.922,8.539,122.452,0.7376,HTTPS,gateway
2025-01-21T20:53:00,1377.734,40.275,11.679,71.807,0.7742,HTTPS,gateway
2025-01-22T14:45:00,338.803,88.865,3.595,41.517,0.8969,HTTPS,gateway
2025-01-22T14:20:00,123.914,25.768,2.779,9.157,1.4088,MQTT,actuator
2025-01-22T08:05:00,158.431,20.461,8.749,10.683,1.0051,MQTT,actuator
2025-01-22T16:13:00,75.026,9.22,11.595,4.654,1.0547,MQTT,actuator
2025-01-22T15:14:00,1192.91,44.435,11.519,129.451,0.3626,HTTPS,camera
2025-01-22T00:47:00,26.946,203.783,3.648,0.164,2.8376,LoRaWAN,smart_meter
2025-01-22T04:44:00,28.503,24.85,7.599,2.126,0.6227,MQTT,env_sensor
2025-01-21T21:56:00,149.238,11.649,12.224,6.335,0.0,MQTT,actuator
2025-01-22T06:37:00,25.866,48.996,0.298,2.289,1.3951,MQTT,env_sensor
2025-01-22T06:53:00,34.876,115.452,0.534,0.063,5.2559,LoRaWAN,smart_meter
2025-01-22T16:02:00,41.919,269.002,1.831,0.501,3.5886,MQTT,smart_meter
2025-01-22T10:13:00,1105.322,64.412,9.016,16.717,0.9507,HTTPS,gateway
2025-01-22T17:01:00,32.649,237.088,1.297,0.617,0.0,LoRaWAN,smart_meter
2025-01-22T07:10:00,123.122,25.437,6.53,6.392,0.6685,CoAP,actuator
2025-01-22T09:03:00,284.264,33.305,6.897,129.349,1.3939,CoAP,camera
2025-01-23T06:54:00,29.962,95.844,3.089,0.145,3.7324,MQTT,smart_meter
2025-01-23T13:26:00,34.713,153.516,0.851,0.126,0.7914,LoRaWAN,smart_meter
2025-01-23T09:18:00,765.5,86.054,6.181,196.47,1.3413,CoAP,camera
2025-01-22T00:59:00,2083.316,43.128,12.875,154.651,0.7404,HTTPS,gateway
2025-01-21T22:28:00,1467.564,68.641,7.244,70.19,0.0,HTTPS,gateway
2025-01-22T19:47:00,20.292,161.797,3.05,0.05,3.7717,LoRaWAN,smart_meter
2025-01-22T22:14:00,84.863,7.432,5.553,1.056,0.8679,CoAP,env_sensor
2025-01-22T10:00:00,1039.364,47.504,0.1,61.932,1.5918,HTTPS,gateway
2025-01-23T13:38:00,2850.103,64.906,3.698,150.213,0.0843,HTTPS,camera
2025-01-22T12:18:00,105.363,8.878,6.343,3.881,1.1515,MQTT,actuator
2025-01-22T14:27:00,9.774,215.767,0.196,0.318,5.7458,LoRaWAN,smart_meter
2025-01-23T09:42:00,1528.386,29.826,12.723,89.218,0.729,HTTPS,gateway
2025-01-22T22:09:00,1060.694,53.906,2.267,127.184,0.7968,HTTPS,camera
2025-01-22T04:00:00,93.242,29.167,1.809,10.037,0.0,MQTT,actuator
2025-01-23T02:02:00,159.65,27.354,5.051,10.879,0.7289,MQTT,actuator
2025-01-22T21:20:00,1078.715,104.873,4.311,91.754,0.4014,HTTPS,camera
2025-01-22T07:21:00,505.932,73.748,5.525,23.726,0.4632,CoAP,gateway
2025-01-22T19:25:00,697.194,35.309,7.873,41.741,1.3041,CoAP,gateway
2025-01-23T03:16:00,585.728,47.669,11.62,69.964,0.0,HTTPS,gateway
2025-01-23T12:06:00,108.211,21.573,4.943,13.91,0.6649,MQTT,actuator
2025-01-22T08:17:00,2272.901,94.828,4.211,87.115,1.1264,HTTPS,camera
2025-01-22T05:30:00,1186.986,68.726,14.987,53.816,2.224,CoAP,gateway
2025-01-22T22:32:00,97.885,20.31,2.579,3.512,0.946,MQTT,actuator
2025-01-22T01:35:00,105.505,12.364,1.876,0.665,0.0,MQTT,actuator
2025-01-23T11:28:00,24.455,166.048,2.229,0.099,3.9318,LoRaWAN,smart_meter
2025-01-22T14:50:00,55.693,21.978,0.1,1.549,3.0131,MQTT,env_sensor
2025-01-23T08:08:00,27.616,107.155,0.536,0.654,3.5394,LoRaWAN,smart_meter
2025-01-23T10:10:00,1472.226,60.477,3.859,104.322,0.2669,HTTPS,camera
2025-01-22T20:34:00,94.034,16.363,4.109,15.983,0.0,MQTT,actuator
2025-01-22T07:09:00,91.8,20.217,7.247,7.577,0.5708,MQTT,actuator
2025-01-21T23:05:00,24.935,138.079,0.63,0.118,3.2542,LoRaWAN,smart_meter
2025-01-21T22:43:00,54.106,11.173,5.952,3.144,0.0094,MQTT,env_sensor
2025-01-21T23:01:00,1287.987,39.011,15.281,0.05,0.3921,HTTPS,gateway
2025-01-22T21:46:00,87.276,40.23,2.075,5.973,0.1776,MQTT,env_sensor
2025-01-22T03:24:00,2162.705,77.442,12.057,123.982,0.7379,HTTPS,camera
2025-01-23T08:59:00,14.491,22.657,5.728,4.959,2.537,MQTT,env_sensor
2025-01-22T09:41:00,125.678,29.574,5.454,7.136,1.8545,MQTT,actuator
2025-01-23T11:04:00,133.878,19.418,6.925,8.908,1.8999,CoAP,actuator
2025-01-23T07:02:00,25.459,146.557,5.044,0.944,1.0989,LoRaWAN,smart_meter
2025-01-23T09:19:00,85.252,26.284,0.547,0.871,0.6065,MQTT,env_sensor
2025-01-23T08:45:00,115.59,16.594,2.606,3.961,1.3775,MQTT,env_sensor
2025-01-23T02:26:00,99.411,12.86,3.076,0.547,0.4356,MQTT,env_sensor
2025-01-21T20:22:00,74.776,26.938,5.313,7.36,0.0,MQTT,actuator
2025-01-23T04:20:00,1657.663,59.185,2.472,162.287,0.9817,HTTPS,camera
2025-01-22T17:59:00,1761.838,70.786,0.592,144.0,0.6048,HTTPS,camera
2025-01-22T01:20:00,84.578,7.161,3.204,2.347,0.9667,MQTT,env_sensor
2025-01-23T11:58:00,1337.723,94.125,4.284,98.149,0.0,HTTPS,camera
2025-01-23T05:27:00,24.353,219.319,0.93,0.314,2.3922,LoRaWAN,smart_meter
2025-01-22T21:27:00,15.382,189.657,1.356,0.43,4.0705,LoRaWAN,smart_meter
2025-01-22T06:03:00,1759.573,123.526,5.716,128.744,1.3021,HTTPS,camera
2025-01-22T07:39:00,2084.111,41.955,0.1,124.327,0.667,HTTPS,camera
2025-01-22T21:32:00,32.796,223.216,0.775,0.92,2.6528,LoRaWAN,smart_meter
2025-01-22T17:39:00,2656.753,103.711,2.895,80.681,0.5457,HTTPS,camera
2025-01-23T00:52:00,71.929,29.465,4.217,3.832,1.252,MQTT,env_sensor
2025-01-23T13:33:00,1220.557,56.16,19.031,88.371,1.0057,HTTPS,gateway
2025-01-23T01:59:00,1231.129,46.886,1.357,90.62,0.4127,HTTPS,gateway
2025-01-23T04:23:00,38.611,174.928,3.011,0.516,3.0324,LoRaWAN,smart_meter
2025-01-22T13:15:00,30.995,286.921,0.857,0.328,4.1338,LoRaWAN,smart_meter
2025-01-23T00:02:00,2375.942,65.914,4.839,71.751,0.6209,HTTPS,camera
2025-01-22T05:50:00,461.022,55.22,14.376,75.011,1.5139,CoAP,gateway
2025-01-22T15:47:00,112.324,20.809,6.196,9.455,0.5353,MQTT,actuator
2025-01-22T14:34:00,103.916,11.846,1.412,4.071,0.0,MQTT,env_sensor
2025-01-23T06:15:00,79.765,16.329,0.336,3.86,0.0,MQTT,env_sensor
2025-01-23T12:19:00,1181.003,40.46,6.424,35.839,0.5631,HTTPS,gateway
2025-01-22T00:38:00,52.705,32.851,1.991,2.929,0.6513,MQTT,env_sensor
2025-01-22T04:19:00,19.554,139.953,1.897,0.517,4.9324,LoRaWAN,smart_meter
2025-01-21T20:38:00,122.259,25.79,5.567,9.696,0.73,MQTT,actuator
2025-01-23T11:01:00,37.804,104.226,2.042,0.146,2.193,LoRaWAN,smart_meter
2025-01-22T10:47:00,79.148,34.31,5.192,7.755,1.5611,CoAP,env_sensor
2025-01-22T09:33:00,1224.355,59.919,0.1,0.05,0.5988,HTTPS,camera
2025-01-23T04:03:00,38.672,146.853,2.228,0.331,0.732,LoRaWAN,smart_meter
2025-01-22T08:23:00,69.724,21.173,7.596,11.083,0.9397,MQTT,actuator
2025-01-22T03:24:00,26.672,189.363,4.054,0.05,3.9458,LoRaWAN,smart_meter
2025-01-22T18:43:00,77.732,49.106,2.956,0.05,0.0,MQTT,env_sensor
2025-01-23T08:42:00,145.753,17.664,8.205,4.41,0.0,MQTT,actuator
2025-01-22T20:59:00,86.608,3.008,0.1,3.504,1.1854,MQTT,env_sensor
2025-01-23T11:41:00,878.903,64.228,5.307,0.05,0.4332,CoAP,gateway
2025-01-21T22:29:00,1866.499,23.695,3.989,92.832,0.0,HTTPS,camera
2025-01-23T06:59:00,107.624,1.0,6.446,10.513,0.7166,CoAP,actuator
2025-01-22T15:24:00,83.776,36.775,3.603,3.764,0.6493,MQTT,env_sensor
2025-01-22T19:23:00,75.909,36.953,3.659,3.905,0.0,MQTT,env_sensor
2025-01-23T07:21:00,1332.812,67.804,0.618,106.978,0.0009,HTTPS,camera
2025-01-22T00:51:00,652.188,29.037,12.586,0.05,0.5579,CoAP,gateway
2025-01-23T01:16:00,1174.053,104.511,2.452,175.633,0.2966,HTTPS,camera
2025-01-22T23:18:00,1463.642,63.075,2.978,126.393,0.7536,HTTPS,camera
2025-01-22T20:37:00,2001.909,84.429,9.212,173.001,1.3692,HTTPS,camera
2025-01-23T03:39:00,27.365,100.035,0.1,0.53,3.7973,LoRaWAN,smart_meter
2025-01-23T07:29:00,1801.583,67.831,1.525,88.983,0.5597,HTTPS,camera
2025-01-23T03:34:00,172.717,17.418,3.194,12.283,0.3392,MQTT,actuator
2025-01-23T10:34:00,1577.818,35.22,0.1,91.214,1.4009,HTTPS,camera
2025-01-22T22:27:00,108.662,18.021,10.509,6.184,0.5268,CoAP,actuator
2025-01-22T00:55:00,890.213,66.609,13.399,57.592,0.0,HTTPS,gateway
2025-01-22T23:36:00,102.48,17.486,7.249,7.432,0.9588,MQTT,actuator
2025-01-22T21:43:00,1469.165,63.52,5.301,83.974,0.0,HTTPS,camera
2025-01-23T04:43:00,26.657,124.822,0.553,0.257,3.8828,LoRaWAN,smart_meter
2025-01-21T22:19:00,31.886,191.821,0.1,0.05,2.344,LoRaWAN,smart_meter
2025-01-23T00:29:00,869.741,1.0,12.897,53.969,2.0992,CoAP,gateway
2025-01-22T06:14:00,30.348,195.055,2.844,0.304,4.3344,LoRaWAN,smart_meter
2025-01-22T12:45:00,1321.563,19.617,12.835,39.378,1.0785,MQTT,gateway
2025-01-22T03:07:00,12.334,63.043,1.551,0.638,4.755,LoRaWAN,smart_meter
2025-01-23T08:07:00,107.056,13.459,0.951,1.965,1.381,MQTT,env_sensor
2025-01-22T11:11:00,104.609,11.694,4.818,1.944,1.4194,MQTT,env_sensor
2025-01-22T07:11:00,134.662,35.611,8.975,5.858,0.0,CoAP,actuator
2025-01-22T06:16:00,64.297,13.043,5.111,4.386,0.0611,MQTT,actuator
2025-01-22T14:44:00,66.649,19.388,2.358,5.398,0.4741,MQTT,env_sensor
2025-01-23T09:08:00,107.842,21.897,1.459,3.855,2.7041,MQTT,env_sensor
2025-01-22T05:06:00,215.029,23.135,0.634,30.649,1.2427,MQTT,gateway
2025-01-21T20:00:00,48.723,14.881,5.979,4.528,2.1285,MQTT,env_sensor
2025-01-22T20:12:00,108.177,34.922,7.043,3.09,0.9857,CoAP,env_sensor
2025-01-22T17:33:00,38.068,282.805,2.6,0.58,2.3003,LoRaWAN,smart_meter
2025-01-23T04:48:00,111.071,11.785,4.311,11.986,1.3362,MQTT,actuator
2025-01-22T01:10:00,2072.449,81.903,0.1,44.007,0.1317,HTTPS,camera
2025-01-23T03:43:00,155.547,6.558,6.444,12.417,0.9027,MQTT,actuator
2025-01-22T07:29:00,2011.661,71.45,0.482,175.145,0.7794,HTTPS,camera
2025-01-23T09:31:00,209.142,59.197,15.413,24.225,1.1076,MQTT,gateway
2025-01-22T10:33:00,2430.989,25.772,0.1,0.05,0.5202,HTTPS,camera
2025-01-22T22:24:00,459.937,45.403,5.186,104.705,0.0,HTTPS,gateway
2025-01-22T06:01:00,90.656,32.047,3.238,3.094,1.0777,MQTT,env_sensor
2025-01-23T07:58:00,95.284,18.893,4.271,15.893,0.3914,MQTT,actuator
2025-01-23T11:52:00,157.01,24.695,10.383,7.53,0.4811,CoAP,actuator
2025-01-23T09:40:00,1392.836,55.046,8.046,87.532,2.5759,HTTPS,gateway
2025-01-22T12:30:00,15.293,204.857,2.483,0.358,0.5682,LoRaWAN,smart_meter
2025-01-22T23:55:00,136.367,14.846,4.113,1.898,0.0,MQTT,env_sensor
2025-01-22T11:15:00,132.177,26.289,8.616,4.52,0.945,MQTT,actuator
2025-01-22T12:40:00,81.608,23.231,4.349,5.245,0.852,MQTT,env_sensor
2025-01-22T13:19:00,1074.782,48.447,0.303,113.259,0.0,HTTPS,camera
2025-01-22T12:25:00,2040.129,47.09,3.616,29.117,1.1539,HTTPS,camera
2025-01-22T22:31:00,1118.749,56.584,2.748,58.654,0.7567,HTTPS,gateway
2025-01-21T23:48:00,1745.147,81.12,3.93,129.242,0.7471,HTTPS,camera
2025-01-22T12:59:00,588.01,41.439,12.114,44.539,0.861,CoAP,gateway
2025-01-22T19:34:00,72.858,6.728,5.52,8.824,1.5415,MQTT,env_sensor
2025-01-23T09:35:00,129.53,25.081,7.505,7.508,0.7748,MQTT,actuator
2025-01-22T11:17:00,64.193,15.948,0.1,0.05,3.7873,MQTT,env_sensor
2025-01-23T11:40:00,2177.215,43.99,5.936,128.331,1.0793,HTTPS,camera
2025-01-23T02:28:00,138.575,3.369,0.1,5.514,0.0,MQTT,actuator
2025-01-22T09:18:00,755.766,66.271,6.14,36.693,1.702,CoAP,gateway
2025-01-23T04:42:00,22.449,118.809,0.768,0.187,2.0659,LoRaWAN,smart_meter
2025-01-23T11:17:00,1294.011,15.22,6.657,66.262,0.3455,HTTPS,gateway
2025-01-21T20:10:00,1103.294,99.795,5.263,8.1,1.2768,CoAP,camera
2025-01-21T22:30:00,30.557,318.175,3.909,0.05,2.9738,LoRaWAN,smart_meter
2025-01-23T06:55:00,31.514,159.901,4.656,0.05,2.9513,LoRaWAN,smart_meter
2025-01-22T06:08:00,494.035,39.185,13.528,56.035,0.7385,HTTPS,gateway
2025-01-22T12:30:00,2093.559,94.521,3.762,130.844,0.6548,HTTPS,camera
2025-01-23T04:17:00,31.316,236.396,3.446,0.768,0.9927,LoRaWAN,smart_meter
2025-01-23T06:12:00,43.204,182.252,5.095,0.698,5.1149,LoRaWAN,smart_meter
2025-01-23T09:18:00,15.178,130.06,2.274,0.05,4.3164,LoRaWAN,smart_meter
2025-01-21T20:39:00,112.307,11.8,6.573,0.073,1.3206,MQTT,env_sensor
2025-01-22T07:36:00,127.368,18.709,6.444,8.088,0.8106,CoAP,actuator
2025-01-22T06:50:00,224.039,52.464,0.1,76.183,0.6088,HTTPS,gateway
2025-01-21T22:48:00,22.161,107.977,2.965,0.119,3.1479,LoRaWAN,smart_meter
2025-01-21T21:04:00,74.782,19.209,8.317,11.322,0.1175,MQTT,actuator
2025-01-23T05:12:00,81.057,25.102,6.427,4.175,2.9085,MQTT,env_sensor
2025-01-23T03:38:00,113.924,28.702,7.689,7.26,1.1261,CoAP,actuator
2025-01-22T06:19:00,1667.571,1.0,6.645,105.314,0.3412,HTTPS,camera
2025-01-22T11:36:00,916.04,15.928,0.1,111.303,0.7181,HTTPS,camera
2025-01-22T18:06:00,1756.158,29.157,8.252,105.271,1.7579,HTTPS,gateway
2025-01-22T01:56:00,41.229,213.222,3.56,0.567,1.2866,LoRaWAN,smart_meter
2025-01-22T07:33:00,31.706,112.007,3.527,0.298,3.6047,LoRaWAN,smart_meter
2025-01-22T10:33:00,31.584,30.125,0.1,1.99,0.6001,MQTT,env_sensor
2025-01-22T04:31:00,14.568,104.522,1.64,0.05,3.1686,LoRaWAN,smart_meter
2025-01-22T13:59:00,76.273,35.792,5.807,6.919,0.0,CoAP,env_sensor
2025-01-22T11:30:00,24.954,99.156,1.334,0.881,3.7957,MQTT,smart_meter
2025-01-23T07:32:00,28.718,120.312,2.729,0.65,6.4703,LoRaWAN,smart_meter
2025-01-23T06:29:00,67.642,61.258,3.271,0.05,0.0,MQTT,env_sensor
2025-01-22T06:29:00,30.742,131.414,3.092,0.581,4.6121,LoRaWAN,smart_meter
2025-01-22T04:43:00,1233.137,68.034,2.661,42.119,0.8288,HTTPS,camera
2025-01-22T02:09:00,115.485,17.276,5.043,5.898,0.9238,CoAP,actuator
2025-01-23T07:31:00,40.911,16.13,5.264,1.779,1.1316,CoAP,env_sensor
2025-01-22T06:50:00,24.537,125.606,1.568,0.292,5.2956,LoRaWAN,smart_meter
2025-01-22T21:41:00,1404.284,44.615,2.817,46.45,2.5306,HTTPS,gateway
2025-01-22T18:51:00,67.927,25.091,3.551,5.572,0.0,MQTT,env_sensor
2025-01-21T20:37:00,642.899,50.17,12.041,90.736,0.9672,HTTPS,gateway
2025-01-22T04:08:00,137.761,14.948,4.232,16.173,0.9177,MQTT,actuator
2025-01-23T06:11:00,30.849,86.265,3.386,0.256,3.8642,MQTT,smart_meter
2025-01-21T23:46:00,95.579,14.398,11.398,7.17,0.8492,CoAP,actuator
2025-01-22T21:33:00,82.334,16.018,4.693,5.177,1.53,MQTT,actuator
2025-01-23T03:53:00,2429.124,104.099,5.572,47.866,0.9146,HTTPS,camera
2025-01-22T19:45:00,50.951,44.117,2.921,2.158,0.2321,MQTT,env_sensor
2025-01-23T07:47:00,113.921,31.42,11.48,6.96,0.0241,CoAP,actuator
2025-01-22T16:37:00,37.924,169.595,1.709,0.234,3.4545,LoRaWAN,smart_meter
2025-01-22T23:34:00,65.732,12.018,3.524,7.252,0.4054,MQTT,env_sensor
2025-01-22T17:30:00,27.812,135.333,3.333,0.504,1.6531,LoRaWAN,smart_meter
2025-01-23T07:14:00,103.827,22.755,5.573,4.322,0.5024,MQTT,actuator
2025-01-22T07:37:00,104.759,14.693,5.394,8.135,1.864,MQTT,actuator
2025-01-22T17:06:00,31.506,275.864,1.604,0.173,4.2554,MQTT,smart_meter
2025-01-23T00:46:00,146.324,13.625,8.314,9.82,0.3879,CoAP,actuator
2025-01-23T13:13:00,25.324,277.087,1.208,0.525,2.997,LoRaWAN,smart_meter
2025-01-22T20:44:00,123.933,1.0,12.531,10.714,0.4284,MQTT,actuator
2025-01-23T09:19:00,37.86,202.93,2.682,0.995,4.9787,LoRaWAN,smart_meter
2025-01-22T13:29:00,358.461,12.955,4.63,73.927,1.5896,MQTT,gateway
2025-01-23T07:30:00,113.993,26.172,9.386,15.749,0.8097,CoAP,actuator
2025-01-21T22:10:00,1669.397,37.186,0.1,155.822,0.8178,HTTPS,camera
2025-01-22T14:04:00,22.876,199.294,3.636,0.451,5.6811,LoRaWAN,smart_meter
2025-01-22T06:12:00,110.973,17.599,4.441,6.195,0.6093,MQTT,actuator
2025-01-23T01:52:00,874.622,78.348,22.147,59.81,1.184,CoAP,gateway
2025-01-23T05:50:00,662.953,73.362,1.689,189.682,0.7143,HTTPS,camera
2025-01-22T20:34:00,26.26,118.64,1.147,0.209,3.6389,LoRaWAN,smart_meter
2025-01-23T04:38:00,37.991,32.223,0.1,0.05,1.2959,MQTT,env_sensor
2025-01-23T12:46:00,1324.16,74.526,11.233,0.05,1.1473,CoAP,gateway
2025-01-23T11:35:00,1219.086,34.651,4.728,163.973,0.323,HTTPS,camera
2025-01-23T00:22:00,2485.834,30.229,5.144,192.598,0.8573,HTTPS,camera
2025-01-22T14:16:00,1463.041,44.671,6.77,74.556,0.4479,HTTPS,gateway
2025-01-22T22:41:00,584.622,47.937,11.615,12.496,0.7981,CoAP,gateway
2025-01-22T10:46:00,27.811,169.163,2.648,0.05,4.7298,LoRaWAN,smart_meter
2025-01-22T16:55:00,1565.032,21.822,8.809,102.56,0.0359,HTTPS,gateway
2025-01-22T23:49:00,28.221,312.257,0.1,0.134,4.9636,LoRaWAN,smart_meter
2025-01-23T09:38:00,1098.576,43.264,6.585,140.26,2.2743,HTTPS,gateway
2025-01-22T22:55:00,21.254,79.617,0.1,0.523,1.347,MQTT,smart_meter
2025-01-22T05:34:00,1157.372,1.0,6.006,105.283,0.0,HTTPS,camera
2025-01-22T16:38:00,1827.261,88.663,8.753,52.574,0.9771,HTTPS,camera
2025-01-22T16:52:00,750.377,65.457,10.613,109.479,1.127,CoAP,gateway
2025-01-22T06:45:00,27.258,33.092,1.713,6.369,1.3571,MQTT,env_sensor
2025-01-22T09:15:00,83.984,32.58,3.054,6.484,0.6585,MQTT,env_sensor
2025-01-23T12:47:00,481.602,47.844,3.963,44.861,0.8612,HTTPS,camera
2025-01-23T04:26:00,1426.797,66.182,8.969,62.478,1.3982,HTTPS,gateway
2025-01-22T14:14:00,622.566,73.725,9.472,50.246,1.8683,CoAP,gateway
2025-01-22T08:09:00,124.076,28.177,10.205,11.081,0.2471,MQTT,actuator
2025-01-23T04:55:00,1700.788,39.546,8.575,78.192,0.794,HTTPS,camera
2025-01-22T15:44:00,74.815,17.695,5.32,10.459,0.4311,MQTT,env_sensor
2025-01-22T08:59:00,942.995,38.784,12.169,51.132,0.1108,HTTPS,gateway
2025-01-22T00:17:00,902.436,20.591,10.511,115.129,0.0,HTTPS,gateway
2025-01-22T01:08:00,76.191,41.029,3.388,1.4,0.3644,MQTT,env_sensor
2025-01-23T11:15:00,796.404,31.809,3.241,58.281,0.064,HTTPS,gateway
2025-01-22T15:18:00,2272.544,34.992,5.809,181.958,0.7999,HTTPS,camera
2025-01-22T02:28:00,47.789,19.339,5.829,4.35,2.5998,MQTT,env_sensor
2025-01-22T10:10:00,83.077,27.143,6.801,16.525,0.7312,MQTT,actuator
2025-01-23T00:01:00,629.82,1.0,3.387,80.854,0.4792,HTTPS,camera
2025-01-22T07:39:00,18.694,29.827,3.276,5.526,0.0,MQTT,env_sensor
2025-01-22T14:07:00,83.154,19.179,2.41,0.05,0.0,MQTT,env_sensor
2025-01-22T06:31:00,1274.096,70.251,5.182,123.025,0.1429,HTTPS,camera
2025-01-23T04:19:00,20.404,180.735,1.016,0.804,0.0,LoRaWAN,smart_meter
2025-01-22T04:54:00,305.882,59.385,6.487,104.586,0.0508,HTTPS,gateway
2025-01-22T07:50:00,17.236,165.796,0.642,0.05,6.0595,LoRaWAN,smart_meter
2025-01-22T12:02:00,346.839,67.443,5.261,151.775,1.0675,CoAP,camera
2025-01-22T08:30:00,87.701,46.504,3.462,1.926,0.0,MQTT,env_sensor
2025-01-21T23:17:00,28.686,201.299,3.039,0.16,4.3967,LoRaWAN,smart_meter
2025-01-22T18:55:00,870.458,71.826,2.062,55.169,1.0458,HTTPS,gateway
2025-01-23T09:35:00,1665.98,43.543,0.1,170.462,0.2095,HTTPS,camera
2025-01-22T19:54:00,1668.878,43.169,12.388,34.835,0.542,HTTPS,gateway
2025-01-22T23:05:00,90.88,20.82,6.7,10.027,1.2086,MQTT,actuator
2025-01-22T09:03:00,729.686,57.817,3.474,51.999,0.0,HTTPS,gateway
2025-01-22T16:59:00,121.187,37.274,3.532,42.717,0.9275,MQTT,gateway
2025-01-22T17:25:00,1284.609,31.233,6.427,165.963,0.468,HTTPS,camera
2025-01-22T01:16:00,79.285,32.999,5.089,4.417,1.3877,CoAP,env_sensor
2025-01-22T19:26:00,36.4,4.171,5.082,0.05,0.842,LoRaWAN,env_sensor
2025-01-22T07:40:00,122.739,26.075,9.274,13.062,1.61,MQTT,actuator
2025-01-23T08:54:00,695.047,14.995,8.915,26.541,0.2465,CoAP,gateway
2025-01-22T10:38:00,55.952,24.205,5.731,4.745,0.0314,MQTT,env_sensor
2025-01-22T18:21:00,34.755,210.969,1.159,0.391,5.2612,LoRaWAN,smart_meter
2025-01-22T06:26:00,38.609,9.214,0.403,3.036,2.33,MQTT,env_sensor
2025-01-22T04:22:00,1013.652,67.107,10.662,11.39,1.6279,CoAP,gateway
2025-01-23T12:31:00,1690.212,58.446,0.1,109.983,1.8046,HTTPS,camera
2025-01-22T12:00:00,96.974,17.071,4.554,0.77,2.9954,MQTT,env_sensor
2025-01-22T03:13:00,79.833,23.419,1.311,0.05,2.1975,MQTT,env_sensor
2025-01-22T21:10:00,101.243,22.582,8.385,2.537,1.508,MQTT,actuator
2025-01-23T07:47:00,37.916,49.93,3.704,1.646,4.0386,MQTT,env_sensor
2025-01-23T00:30:00,87.06,22.69,2.804,2.534,1.7036,MQTT,env_sensor
2025-01-22T21:33:00,48.537,22.696,1.163,4.791,0.0,MQTT,env_sensor
2025-01-23T07:58:00,78.817,4.855,0.1,1.262,0.9945,MQTT,env_sensor
2025-01-23T03:02:00,71.657,27.491,0.666,5.111,3.4333,MQTT,env_sensor
2025-01-23T01:33:00,123.214,23.896,3.944,10.663,0.0,MQTT,env_sensor
2025-01-22T18:34:00,772.323,58.524,7.427,127.054,2.9195,CoAP,gateway
2025-01-22T06:13:00,24.303,231.995,1.377,0.127,4.3656,LoRaWAN,smart_meter
2025-01-22T11:37:00,94.249,38.817,2.591,3.192,0.1844,MQTT,env_sensor
2025-01-21T22:59:00,29.471,111.713,2.348,0.685,3.362,MQTT,smart_meter
2025-01-23T04:06:00,1021.026,26.96,7.192,0.05,0.824,CoAP,gateway
2025-01-23T07:00:00,1931.003,33.216,2.256,75.364,1.1798,HTTPS,gateway
2025-01-22T17:03:00,1233.407,72.191,0.1,9.638,0.691,HTTPS,gateway
2025-01-23T09:51:00,97.421,23.31,0.1,0.05,0.0,MQTT,env_sensor
2025-01-22T03:50:00,1616.61,72.424,5.876,45.597,0.5724,HTTPS,camera
2025-01-23T12:49:00,87.558,19.614,7.298,10.698,0.8457,MQTT,actuator
2025-01-23T00:13:00,625.023,27.696,2.618,178.488,0.4247,HTTPS,camera
2025-01-21T20:27:00,37.248,166.807,3.176,0.233,5.5198,LoRaWAN,smart_meter
2025-01-22T19:43:00,1770.04,49.513,5.718,42.152,0.0,HTTPS,gateway
2025-01-23T11:53:00,2665.661,80.869,2.688,47.27,0.5351,HTTPS,camera
2025-01-22T21:46:00,113.173,21.846,1.989,0.607,0.7135,MQTT,actuator
2025-01-23T02:41:00,32.445,311.284,4.813,0.639,5.0575,LoRaWAN,smart_meter
2025-01-21T23:22:00,106.726,22.587,3.817,2.272,1.7336,MQTT,env_sensor
2025-01-23T13:25:00,75.55,18.712,1.839,4.033,0.0638,MQTT,env_sensor
2025-01-23T10:54:00,163.694,13.852,0.363,4.351,0.6694,MQTT,actuator
2025-01-23T12:50:00,103.961,24.117,10.592,6.815,2.0428,MQTT,actuator
2025-01-22T05:44:00,378.39,31.924,4.868,117.077,0.3197,HTTPS,camera
2025-01-22T09:59:00,1323.148,42.031,16.177,20.363,3.615,CoAP,gateway
2025-01-23T01:34:00,109.101,13.407,0.413,4.51,1.6165,MQTT,env_sensor
2025-01-23T06:53:00,25.479,81.908,2.827,0.05,4.6718,MQTT,smart_meter
2025-01-23T00:57:00,27.899,198.192,0.948,0.163,3.3812,LoRaWAN,smart_meter
2025-01-22T17:31:00,67.682,27.63,4.279,0.789,1.569,MQTT,env_sensor
2025-01-23T05:03:00,1347.235,35.136,8.846,100.264,2.0148,HTTPS,gateway
2025-01-22T09:09:00,1698.805,72.9,1.893,200.389,0.424,HTTPS,camera
2025-01-22T20:04:00,123.399,34.687,0.494,4.998,0.0,MQTT,env_sensor
2025-01-22T20:55:00,20.247,158.75,3.614,0.337,5.3768,LoRaWAN,smart_meter
2025-01-22T17:20:00,613.668,11.925,0.572,105.392,2.1963,MQTT,gateway
2025-01-22T06:32:00,117.879,13.791,4.018,5.697,1.4907,MQTT,actuator
2025-01-23T06:51:00,112.687,22.172,9.117,7.759,2.0587,MQTT,actuator
2025-01-23T01:04:00,1788.34,87.925,0.1,118.709,0.2112,HTTPS,camera
2025-01-23T02:40:00,1201.224,66.241,5.962,68.429,1.238,HTTPS,gateway
2025-01-23T11:19:00,20.188,194.863,3.712,0.05,1.0923,LoRaWAN,smart_meter
2025-01-21T23:23:00,486.229,62.655,7.419,109.472,1.5727,CoAP,gateway
2025-01-22T19:54:00,36.151,169.694,5.826,0.382,2.4562,LoRaWAN,smart_meter
2025-01-23T00:26:00,32.874,160.91,0.523,0.242,0.1241,LoRaWAN,smart_meter
2025-01-23T10:28:00,68.059,29.63,1.619,9.016,1.7243,MQTT,actuator
2025-01-22T20:06:00,50.689,10.216,4.215,4.481,0.984,MQTT,actuator
2025-01-22T16:31:00,115.671,18.812,3.606,8.171,0.3891,MQTT,actuator
2025-01-21T22:16:00,87.985,19.025,6.735,4.326,0.1706,MQTT,env_sensor
2025-01-23T05:06:00,39.325,25.601,5.495,5.244,2.5031,MQTT,env_sensor
2025-01-22T13:04:00,1578.713,74.288,8.122,116.322,1.4308,HTTPS,camera
2025-01-23T06:47:00,17.478,214.246,2.263,0.536,2.9882,LoRaWAN,smart_meter
2025-01-22T09:25:00,79.347,30.991,1.154,4.804,0.3716,MQTT,env_sensor
2025-01-22T16:58:00,48.412,38.82,5.08,2.241,0.3807,MQTT,env_sensor
2025-01-22T08:38:00,25.113,124.627,3.862,0.349,4.9683,LoRaWAN,smart_meter
2025-01-23T02:01:00,1515.297,45.998,2.59,62.329,0.0904,HTTPS,camera
2025-01-22T18:55:00,29.489,183.425,0.711,0.712,5.3176,LoRaWAN,smart_meter
2025-01-23T12:11:00,8.0,75.153,2.356,279.981,0.6748,HTTPS,camera
2025-01-22T17:32:00,496.023,55.858,0.1,48.34,0.543,HTTPS,gateway
2025-01-22T14:16:00,98.276,14.725,1.386,0.05,3.1631,MQTT,env_sensor
2025-01-22T16:00:00,14.334,150.684,2.115,0.357,4.0689,LoRaWAN,smart_meter
2025-01-22T02:29:00,137.877,37.472,10.287,44.716,2.0997,MQTT,gateway
2025-01-22T10:47:00,22.337,189.594,0.1,0.971,4.154,LoRaWAN,smart_meter
2025-01-22T14:03:00,133.964,65.352,6.787,96.617,0.493,HTTPS,gateway
2025-01-22T08:16:00,148.603,21.499,6.467,11.196,1.4232,CoAP,actuator
2025-01-21T21:27:00,1825.281,40.579,0.1,185.313,1.0414,HTTPS,camera
2025-01-22T18:05:00,2252.838,61.947,5.902,215.363,0.8474,HTTPS,camera
2025-01-22T10:39:00,77.007,14.698,6.096,10.99,0.0,MQTT,actuator
2025-01-21T22:56:00,58.865,6.515,3.246,6.864,1.3636,MQTT,env_sensor
2025-01-22T15:47:00,47.546,16.749,2.636,1.067,0.0,MQTT,env_sensor
2025-01-22T08:09:00,61.143,22.169,2.825,7.656,1.0439,MQTT,env_sensor
2025-01-22T05:21:00,104.117,16.51,7.623,0.583,0.0,MQTT,actuator
2025-01-23T00:36:00,22.215,225.362,2.127,0.254,0.1574,LoRaWAN,smart_meter
2025-01-22T04:39:00,1179.763,47.323,1.734,0.05,0.6446,HTTPS,camera
2025-01-23T03:27:00,2149.93,27.898,4.389,150.559,0.2669,HTTPS,camera
2025-01-23T01:15:00,870.522,22.668,2.67,71.694,0.9032,HTTPS,gateway
2025-01-22T07:34:00,114.732,3.207,7.027,12.138,0.5481,MQTT,actuator
2025-01-23T12:50:00,1190.681,56.28,4.399,127.904,0.5149,HTTPS,camera
2025-01-22T01:48:00,64.444,9.382,4.361,0.05,0.2167,MQTT,actuator
2025-01-22T09:19:00,109.224,14.311,2.903,11.058,0.4297,MQTT,actuator
2025-01-23T02:46:00,108.32,19.457,4.846,5.329,0.2211,MQTT,actuator
2025-01-23T02:15:00,40.906,14.227,1.978,3.695,0.0,MQTT,env_sensor
2025-01-23T01:08:00,18.619,163.474,1.518,0.521,2.5153,LoRaWAN,smart_meter
2025-01-22T15:03:00,148.473,21.073,3.855,7.469,0.6889,MQTT,actuator
2025-01-21T21:00:00,30.1,71.145,0.442,0.125,0.5511,MQTT,smart_meter
2025-01-22T21:25:00,111.992,28.743,5.29,3.359,0.0,MQTT,actuator
2025-01-23T04:05:00,52.428,36.617,6.046,6.155,2.1548,MQTT,env_sensor
2025-01-23T12:12:00,743.717,41.492,9.569,25.199,0.0,HTTPS,gateway
2025-01-23T00:21:00,24.075,134.847,3.024,0.651,4.6284,LoRaWAN,smart_meter
2025-01-23T03:50:00,126.189,22.538,6.91,11.537,1.5303,MQTT,actuator
2025-01-23T13:24:00,67.038,5.178,9.245,4.283,1.1447,CoAP,actuator
2025-01-21T23:14:00,150.001,30.443,6.268,12.472,0.7366,CoAP,actuator
2025-01-22T07:06:00,2420.224,50.519,6.663,60.907,0.513,HTTPS,camera
2025-01-21T21:04:00,18.048,312.14,1.542,0.713,2.4028,LoRaWAN,smart_meter
2025-01-23T00:46:00,62.309,30.955,0.175,0.05,1.8659,MQTT,env_sensor
2025-01-22T08:04:00,1749.729,10.958,2.689,114.902,1.3268,HTTPS,gateway
2025-01-22T11:41:00,40.69,135.874,1.698,0.417,4.1875,LoRaWAN,smart_meter
2025-01-23T06:53:00,1162.531,68.682,7.929,57.182,0.427,HTTPS,gateway
2025-01-22T23:14:00,382.169,51.248,11.131,107.502,0.9241,HTTPS,gateway
2025-01-22T14:51:00,100.553,50.058,1.365,7.855,1.1609,MQTT,env_sensor
2025-01-23T02:49:00,125.349,14.242,5.169,6.569,1.1533,MQTT,actuator
2025-01-21T22:37:00,109.925,10.499,6.539,10.204,0.9548,MQTT,actuator
2025-01-22T20:11:00,100.47,18.403,3.998,3.558,0.0,MQTT,actuator
2025-01-22T11:14:00,87.182,1.0,2.498,0.05,2.5633,MQTT,env_sensor
2025-01-22T11:49:00,131.66,7.139,0.999,2.424,1.298,MQTT,actuator
2025-01-22T11:00:00,356.456,68.277,3.234,109.056,1.1865,HTTPS,camera
2025-01-22T02:05:00,1332.47,80.281,5.052,249.577,0.0,HTTPS,camera
2025-01-21T23:47:00,1804.275,40.367,8.843,58.973,0.89,HTTPS,camera
2025-01-23T02:59:00,65.046,31.971,4.237,6.317,0.0,MQTT,env_sensor
2025-01-22T01:38:00,111.77,2.596,0.1,3.915,1.3246,MQTT,env_sensor
2025-01-23T03:02:00,1508.429,60.354,3.928,162.079,0.1661,HTTPS,camera
2025-01-23T08:43:00,1434.913,32.278,10.325,45.002,0.0,HTTPS,gateway
2025-01-21T20:36:00,80.564,17.517,5.198,0.05,0.3887,MQTT,env_sensor
2025-01-23T12:00:00,68.136,30.866,7.554,7.237,0.8302,MQTT,env_sensor
2025-01-22T11:07:00,660.266,35.06,3.209,74.965,1.4581,HTTPS,gateway
2025-01-22T21:57:00,33.735,280.919,1.865,0.05,3.0158,LoRaWAN,smart_meter
2025-01-21T21:41:00,8.0,68.152,9.297,32.166,1.2967,MQTT,gateway
2025-01-23T10:25:00,134.014,27.805,8.758,12.296,0.0,MQTT,actuator
2025-01-22T20:43:00,32.238,202.105,0.1,0.255,5.5878,LoRaWAN,smart_meter
2025-01-22T18:55:00,96.221,40.682,4.786,7.594,1.461,MQTT,env_sensor
2025-01-23T12:42:00,1328.746,60.164,6.07,74.383,0.9438,HTTPS,gateway
2025-01-23T02:53:00,18.168,129.309,3.809,0.382,4.972,LoRaWAN,smart_meter
2025-01-23T05:13:00,401.909,54.648,6.505,54.806,1.2854,CoAP,camera
2025-01-23T09:07:00,45.216,6.268,3.318,4.353,1.3985,MQTT,env_sensor
2025-01-22T06:14:00,936.866,51.684,5.887,193.335,1.1671,CoAP,camera
2025-01-22T11:57:00,100.082,18.171,4.026,1.83,1.539,MQTT,env_sensor
2025-01-22T19:01:00,1737.257,79.433,5.059,164.327,1.2766,HTTPS,camera
2025-01-22T23:26:00,98.879,17.559,3.933,0.05,0.0,MQTT,env_sensor
2025-01-23T02:42:00,2648.411,23.563,1.811,47.825,0.026,HTTPS,camera
2025-01-23T05:43:00,1610.916,80.079,6.844,64.74,0.7486,HTTPS,camera
2025-01-23T10:13:00,48.784,31.199,4.323,6.561,2.6382,MQTT,env_sensor
2025-01-21T21:02:00,14.173,16.664,5.042,2.491,0.0,MQTT,env_sensor
2025-01-23T06:37:00,40.47,184.98,0.877,0.595,0.7851,LoRaWAN,smart_meter
2025-01-22T01:44:00,889.944,62.696,5.971,109.03,1.2572,CoAP,camera
2025-01-23T12:09:00,1737.971,56.808,0.1,115.035,1.2922,HTTPS,camera
2025-01-23T09:52:00,113.955,37.574,4.265,8.908,2.091,MQTT,actuator
2025-01-23T05:15:00,51.024,4.549,6.719,1.931,3.3712,MQTT,env_sensor
2025-01-21T21:17:00,935.806,7.0,6.229,83.694,0.9636,CoAP,camera
2025-01-23T05:05:00,28.99,163.119,1.601,0.265,3.9112,LoRaWAN,smart_meter
2025-01-23T06:09:00,1688.251,47.539,0.1,43.353,1.3293,HTTPS,gateway
2025-01-22T02:42:00,127.039,13.483,4.163,13.593,0.5197,MQTT,actuator
2025-01-23T13:02:00,109.992,32.217,4.311,71.913,0.0905,HTTPS,gateway
2025-01-23T10:11:00,2084.574,39.811,1.488,75.407,0.7708,HTTPS,camera
2025-01-22T08:36:00,29.944,197.688,4.612,0.437,2.3031,LoRaWAN,smart_meter
2025-01-23T01:44:00,77.059,43.26,3.595,4.215,0.0,MQTT,env_sensor
2025-01-22T17:21:00,1334.835,53.801,4.339,80.294,1.2827,HTTPS,camera
2025-01-23T01:49:00,2090.204,110.184,1.397,115.834,0.0,HTTPS,camera
2025-01-22T15:14:00,12.541,199.129,1.849,0.451,6.7765,LoRaWAN,smart_meter
2025-01-22T00:45:00,2283.668,49.375,1.632,204.379,0.3675,HTTPS,camera
2025-01-22T08:37:00,65.207,24.389,1.008,0.05,0.2146,MQTT,env_sensor
2025-01-22T22:10:00,149.409,22.95,6.099,10.715,0.2067,MQTT,actuator
2025-01-22T23:31:00,127.451,12.773,7.31,7.635,0.0,MQTT,actuator
2025-01-22T13:06:00,126.512,7.624,8.24,7.741,1.5629,MQTT,actuator
2025-01-22T03:19:00,1909.84,29.347,9.09,124.882,0.7837,HTTPS,camera
2025-01-21T22:25:00,92.724,27.065,2.479,5.011,2.9789,MQTT,env_sensor
2025-01-22T04:13:00,31.938,232.634,0.557,1.013,2.7291,MQTT,smart_meter
2025-01-23T08:41:00,345.904,22.647,12.366,86.445,0.2566,HTTPS,gateway
2025-01-22T03:04:00,966.425,24.296,0.1,191.249,1.1564,HTTPS,camera
2025-01-22T21:25:00,64.063,14.953,3.959,0.483,2.3073,MQTT,env_sensor
2025-01-22T07:57:00,215.378,53.563,10.043,47.966,0.7306,CoAP,gateway
2025-01-22T05:45:00,609.423,37.877,13.647,79.909,1.6166,CoAP,gateway
2025-01-22T05:19:00,727.737,61.009,4.188,50.971,2.6022,HTTPS,gateway
2025-01-22T19:41:00,2344.331,19.118,1.941,72.262,0.1727,HTTPS,camera
2025-01-22T02:54:00,96.913,25.604,3.34,3.967,1.454,MQTT,actuator
2025-01-22T05:47:00,759.401,40.175,10.698,112.629,0.9909,HTTPS,gateway
2025-01-23T08:10:00,65.577,16.58,2.13,5.93,0.0,MQTT,env_sensor
2025-01-22T21:04:00,124.552,19.851,5.511,9.964,1.1949,MQTT,env_sensor
2025-01-22T01:06:00,26.177,137.837,1.843,0.925,3.2789,LoRaWAN,smart_meter
2025-01-22T09:41:00,706.413,97.873,11.905,64.99,0.0455,HTTPS,gateway
2025-01-22T20:10:00,1735.762,75.424,7.843,109.604,0.88,HTTPS,camera
2025-01-22T17:53:00,2963.447,17.9,3.908,167.78,0.4392,HTTPS,camera
2025-01-22T05:06:00,53.053,24.968,3.474,3.975,0.7784,MQTT,env_sensor
2025-01-21T21:48:00,21.948,194.309,1.269,0.262,2.2174,LoRaWAN,smart_meter
2025-01-23T00:07:00,29.222,135.554,2.411,0.217,0.0,LoRaWAN,smart_meter
2025-01-23T13:04:00,39.017,184.051,1.064,0.307,4.846,LoRaWAN,smart_meter
2025-01-21T23:11:00,147.755,8.853,11.455,5.044,0.7911,MQTT,actuator
2025-01-22T15:46:00,2804.355,65.19,5.059,193.897,1.73,HTTPS,camera
2025-01-22T15:53:00,24.711,244.518,0.66,0.07,2.6102,LoRaWAN,smart_meter
2025-01-23T09:00:00,51.914,29.326,2.72,5.922,1.8927,MQTT,env_sensor
2025-01-22T21:31:00,954.005,52.506,13.518,106.238,0.1082,HTTPS,gateway
2025-01-23T05:30:00,1451.958,48.248,4.777,70.542,0.9524,HTTPS,gateway
2025-01-22T03:06:00,104.844,10.369,1.239,11.801,1.1918,MQTT,actuator
2025-01-22T19:33:00,107.341,14.558,5.178,3.626,0.6533,MQTT,actuator
2025-01-22T21:44:00,8.0,67.853,7.578,0.05,0.0056,LoRaWAN,gateway
2025-01-22T10:43:00,36.234,206.414,1.125,0.685,5.4738,LoRaWAN,smart_meter
2025-01-22T11:38:00,8.0,40.09,15.179,22.266,0.4193,HTTPS,gateway
2025-01-22T19:21:00,2798.173,49.634,6.275,193.213,0.0,HTTPS,camera
2025-01-22T21:39:00,27.428,113.242,1.296,0.301,1.822,LoRaWAN,smart_meter
2025-01-22T10:28:00,911.188,84.974,4.025,28.752,0.0,HTTPS,camera
2025-01-22T16:32:00,134.417,9.715,1.95,1.087,0.8522,MQTT,actuator
2025-01-22T02:50:00,913.083,8.574,11.041,66.684,1.3669,CoAP,gateway
2025-01-23T06:44:00,69.597,16.777,2.584,5.684,0.0,MQTT,env_sensor
2025-01-22T00:09:00,808.493,47.593,5.407,0.05,3.1117,CoAP,gateway
2025-01-22T14:25:00,34.477,141.718,3.417,0.103,5.457,LoRaWAN,smart_meter
2025-01-22T09:35:00,14.716,195.469,0.667,0.95,0.0,LoRaWAN,smart_meter
2025-01-23T06:11:00,3196.297,76.402,8.036,0.05,1.3278,CoAP,camera
2025-01-23T03:42:00,1767.717,137.238,3.606,27.649,0.1845,HTTPS,camera
2025-01-22T13:00:00,1027.829,65.9,16.255,87.81,2.0175,HTTPS,gateway
2025-01-23T03:32:00,36.766,53.424,1.362,5.543,1.402,MQTT,env_sensor
2025-01-23T02:23:00,38.336,20.916,3.008,3.756,1.0953,MQTT,env_sensor
2025-01-22T21:09:00,1498.055,61.053,4.618,147.643,0.4904,HTTPS,camera
2025-01-23T09:06:00,21.017,16.633,1.366,3.85,1.9768,MQTT,env_sensor
2025-01-22T17:47:00,929.786,49.409,16.286,147.184,2.4143,CoAP,gateway
2025-01-23T08:50:00,85.455,15.825,1.97,3.599,1.5289,MQTT,env_sensor
2025-01-23T05:37:00,416.934,55.844,2.789,171.185,0.5495,HTTPS,camera
2025-01-21T21:59:00,114.704,52.328,6.906,6.599,1.4785,MQTT,env_sensor
2025-01-23T06:04:00,473.227,56.693,0.1,57.872,1.5358,HTTPS,gateway
2025-01-22T10:24:00,32.335,215.889,3.443,0.05,2.4283,LoRaWAN,smart_meter
2025-01-23T09:25:00,95.213,32.987,4.422,3.249,0.3808,MQTT,actuator
2025-01-22T16:36:00,19.824,13.03,12.095,0.654,0.0892,LoRaWAN,actuator
2025-01-22T17:43:00,651.998,38.473,12.056,51.384,0.9886,HTTPS,gateway
2025-01-22T20:25:00,70.485,1.0,1.749,2.017,0.3991,MQTT,env_sensor
2025-01-23T11:39:00,59.895,31.275,3.09,4.58,0.9199,MQTT,env_sensor
2025-01-23T06:41:00,73.565,38.68,3.197,5.707,0.0,MQTT,env_sensor
2025-01-21T23:15:00,1397.797,26.76,6.377,42.724,0.7815,HTTPS,gateway
2025-01-23T02:27:00,60.922,58.188,4.592,5.852,1.4782,MQTT,env_sensor
2025-01-23T05:44:00,37.68,50.646,11.843,38.237,0.0,HTTPS,gateway
2025-01-23T13:31:00,12.299,192.184,1.832,0.444,1.9071,LoRaWAN,smart_meter
2025-01-22T12:08:00,33.503,47.86,2.972,6.365,0.8158,MQTT,env_sensor
2025-01-21T22:06:00,753.766,46.467,10.997,22.982,0.0157,CoAP,gateway
2025-01-22T04:15:00,1274.355,58.718,9.742,39.313,0.0708,HTTPS,gateway
2025-01-22T23:47:00,1477.409,63.768,5.181,233.908,0.0,HTTPS,camera
2025-01-23T00:20:00,145.491,20.221,6.255,8.804,0.8833,MQTT,actuator
2025-01-22T23:02:00,880.312,58.149,6.68,135.596,1.6171,CoAP,gateway
2025-01-22T11:12:00,263.67,34.695,7.885,56.056,0.5176,HTTPS,gateway
2025-01-22T19:17:00,76.086,19.221,3.88,2.518,0.903,MQTT,env_sensor
2025-01-23T05:01:00,53.329,33.851,2.064,3.265,0.8475,MQTT,env_sensor
2025-01-22T05:19:00,31.507,262.054,2.419,0.436,5.3099,LoRaWAN,smart_meter
2025-01-22T03:57:00,36.004,13.629,4.143,3.296,1.8505,MQTT,env_sensor
2025-01-22T01:20:00,26.287,65.62,1.42,0.05,2.4745,MQTT,smart_meter
2025-01-22T03:37:00,1520.269,49.509,2.223,69.086,0.8109,HTTPS,gateway
2025-01-23T08:31:00,979.311,35.321,5.775,25.06,0.3173,HTTPS,camera
2025-01-22T11:10:00,1868.535,84.779,3.964,126.845,0.4028,HTTPS,camera
2025-01-22T07:52:00,8.0,49.641,4.783,114.52,1.8555,HTTPS,gateway
2025-01-23T07:02:00,96.405,42.275,1.147,9.05,0.0,MQTT,env_sensor
2025-01-23T04:33:00,97.771,5.982,9.074,3.513,1.3907,MQTT,actuator
2025-01-23T06:14:00,1040.643,59.426,11.04,185.152,0.0,HTTPS,camera
2025-01-21T20:05:00,37.977,98.778,2.09,0.433,2.5766,MQTT,smart_meter
2025-01-23T04:08:00,28.704,26.871,3.422,9.681,1.1122,MQTT,env_sensor
2025-01-23T04:01:00,818.807,56.195,10.987,27.865,2.1891,CoAP,gateway
2025-01-23T12:16:00,126.469,1.718,4.737,8.173,0.0,MQTT,actuator
2025-01-23T06:05:00,26.575,172.748,1.173,0.519,1.089,LoRaWAN,smart_meter
2025-01-23T11:44:00,29.381,94.62,0.801,0.97,5.1488,LoRaWAN,smart_meter
2025-01-21T23:35:00,2524.867,32.474,0.1,64.534,1.0851,HTTPS,gateway
2025-01-22T12:26:00,54.06,25.252,2.448,3.948,1.8228,MQTT,env_sensor
2025-01-23T08:56:00,16.987,8.507,1.04,6.459,3.1375,MQTT,env_sensor
2025-01-22T08:23:00,23.543,15.874,2.548,0.654,0.94,MQTT,env_sensor
2025-01-22T16:50:00,79.17,30.315,7.066,0.05,1.8351,MQTT,env_sensor
2025-01-21T23:24:00,1574.665,53.214,6.577,159.534,1.0926,HTTPS,camera
2025-01-22T22:09:00,105.876,16.336,7.271,8.886,1.6002,MQTT,actuator
2025-01-23T12:58:00,27.853,282.122,2.612,0.527,3.6817,LoRaWAN,smart_meter
2025-01-22T19:23:00,104.673,11.292,9.913,3.79,0.2071,CoAP,actuator
2025-01-22T13:06:00,25.972,192.22,4.878,1.033,2.7363,MQTT,smart_meter
2025-01-22T22:04:00,142.464,31.552,1.209,6.892,0.2449,MQTT,actuator
2025-01-23T01:53:00,141.447,14.694,9.302,12.695,1.3079,MQTT,actuator
2025-01-21T20:13:00,16.083,12.69,2.423,10.137,0.2069,MQTT,env_sensor
2025-01-22T23:16:00,343.275,21.086,6.3,91.032,1.2125,CoAP,gateway
2025-01-22T04:03:00,22.649,160.025,0.523,0.194,2.512,LoRaWAN,smart_meter
2025-01-22T03:14:00,111.056,9.318,7.486,12.664,1.1181,CoAP,actuator
2025-01-23T04:38:00,829.758,62.356,11.933,41.783,1.363,CoAP,gateway
2025-01-22T02:40:00,1106.447,26.525,11.639,55.341,2.1193,MQTT,gateway
2025-01-22T17:44:00,1606.987,68.375,3.783,145.99,0.2841,HTTPS,camera
2025-01-23T04:36:00,27.299,206.113,3.29,1.169,2.5561,MQTT,smart_meter
2025-01-23T08:15:00,1026.177,49.867,6.324,248.433,0.4131,HTTPS,camera
2025-01-22T00:31:00,612.617,47.452,2.837,96.446,1.8618,CoAP,gateway
2025-01-22T23:21:00,21.04,105.673,3.497,0.471,3.6802,LoRaWAN,smart_meter
2025-01-23T13:39:00,56.76,29.304,1.878,6.085,0.0,MQTT,env_sensor
2025-01-22T10:35:00,130.849,23.597,7.493,3.818,2.4259,MQTT,actuator
2025-01-22T11:31:00,61.508,47.175,0.1,7.056,1.8808,MQTT,env_sensor
2025-01-22T18:48:00,35.198,188.257,0.632,0.189,1.5199,LoRaWAN,smart_meter
2025-01-23T07:49:00,36.052,130.965,0.746,0.699,0.5792,LoRaWAN,smart_meter
2025-01-21T22:07:00,449.77,37.398,12.059,35.873,0.7486,HTTPS,gateway
2025-01-22T04:24:00,96.191,16.637,5.668,11.959,0.5341,MQTT,actuator
2025-01-22T22:22:00,978.362,47.375,10.662,113.618,0.1307,HTTPS,gateway
2025-01-21T21:51:00,601.542,88.248,11.788,46.301,0.627,CoAP,gateway
2025-01-21T22:19:00,1065.558,81.586,2.049,126.944,0.1948,HTTPS,camera
2025-01-22T19:44:00,1450.233,34.255,4.783,0.05,0.629,HTTPS,gateway
2025-01-23T02:51:00,114.538,26.404,5.285,10.613,0.8552,CoAP,actuator
2025-01-23T00:27:00,25.744,147.975,2.72,0.385,3.1837,LoRaWAN,smart_meter
2025-01-23T12:38:00,97.121,22.612,1.204,2.838,1.7932,MQTT,env_sensor
2025-01-23T04:19:00,66.532,17.818,8.591,2.892,1.2491,MQTT,actuator
2025-01-23T13:14:00,1329.556,64.216,4.621,192.124,1.2907,HTTPS,camera
2025-01-22T15:49:00,325.646,34.856,6.406,0.05,1.7793,CoAP,gateway
2025-01-23T08:19:00,31.635,147.529,4.04,0.153,2.8794,LoRaWAN,smart_meter
2025-01-22T14:13:00,78.485,43.06,2.077,9.426,1.5488,MQTT,env_sensor
2025-01-22T18:13:00,29.055,32.311,0.532,5.377,1.3793,MQTT,env_sensor
2025-01-22T05:01:00,73.265,7.859,0.788,0.88,0.4529,MQTT,env_sensor
2025-01-22T17:26:00,732.098,68.447,5.959,96.967,0.7054,HTTPS,camera
2025-01-23T00:07:00,88.363,11.524,1.454,4.946,1.5354,MQTT,env_sensor
2025-01-23T07:50:00,107.113,23.866,5.621,3.501,0.9595,CoAP,actuator
2025-01-22T15:23:00,30.718,98.777,1.858,0.539,1.7938,MQTT,smart_meter
2025-01-22T01:25:00,1028.611,62.973,3.701,160.588,0.0,HTTPS,camera
2025-01-23T02:30:00,152.832,5.458,8.118,9.147,0.9436,MQTT,actuator
2025-01-22T22:44:00,1705.11,76.827,3.261,74.43,0.2327,HTTPS,camera
2025-01-22T20:09:00,177.452,38.421,6.765,88.959,1.2385,MQTT,gateway
2025-01-22T19:11:00,777.888,26.88,5.593,73.937,0.0,HTTPS,gateway
2025-01-22T23:40:00,38.814,117.267,3.109,1.006,6.6848,LoRaWAN,smart_meter
2025-01-23T04:06:00,23.492,152.888,0.978,0.5,3.4087,LoRaWAN,smart_meter
2025-01-22T06:16:00,2214.028,57.936,3.428,89.187,0.3315,HTTPS,camera
2025-01-22T04:10:00,52.998,28.089,4.043,6.61,1.2505,MQTT,env_sensor
2025-01-22T16:23:00,27.342,108.759,2.547,0.36,2.1228,LoRaWAN,smart_meter
2025-01-22T09:36:00,2326.818,32.131,9.087,40.452,0.4712,HTTPS,camera
2025-01-22T23:39:00,77.559,15.262,0.1,8.711,1.205,MQTT,actuator
2025-01-22T04:14:00,47.866,18.053,3.445,9.018,1.3917,MQTT,env_sensor
2025-01-22T22:24:00,1941.631,53.704,0.1,45.075,0.8179,HTTPS,camera
2025-01-22T13:13:00,1274.492,29.122,6.421,145.145,0.7949,HTTPS,camera
2025-01-23T10:31:00,1073.135,85.903,9.019,123.081,0.7312,HTTPS,camera
2025-01-23T10:38:00,516.93,62.026,8.124,40.268,0.0,CoAP,gateway
2025-01-23T12:39:00,2711.186,76.165,5.431,82.086,1.5521,HTTPS,camera
2025-01-21T21:25:00,19.482,202.564,3.569,0.225,2.8282,LoRaWAN,smart_meter
2025-01-22T06:02:00,1469.895,26.761,10.357,118.199,0.0,HTTPS,gateway
2025-01-23T12:21:00,41.825,248.785,0.617,0.312,5.1261,LoRaWAN,smart_meter
2025-01-23T06:32:00,1810.661,111.891,2.342,96.228,0.78,HTTPS,camera
2025-01-23T09:57:00,92.917,27.89,3.027,6.999,0.9179,MQTT,env_sensor
2025-01-22T00:18:00,92.533,9.253,1.621,4.721,2.3192,MQTT,env_sensor
2025-01-23T04:14:00,81.607,35.047,2.258,9.29,0.0,MQTT,env_sensor
2025-01-22T08:50:00,1065.981,58.772,2.042,169.383,0.0,HTTPS,camera
2025-01-22T15:20:00,108.484,17.618,0.1,5.961,0.9214,MQTT,actuator
2025-01-23T05:56:00,167.772,24.731,6.647,2.135,0.4947,CoAP,actuator
2025-01-22T05:22:00,65.428,17.201,5.14,5.316,1.6548,MQTT,env_sensor
2025-01-22T11:44:00,2147.368,56.251,3.631,276.358,1.114,HTTPS,camera
2025-01-21T21:29:00,987.197,86.657,8.327,176.292,1.0422,CoAP,camera
2025-01-21T23:55:00,79.662,33.126,3.112,0.806,2.5493,MQTT,env_sensor
2025-01-22T14:26:00,201.273,1.0,8.681,23.896,1.3155,MQTT,gateway
2025-01-21T22:28:00,93.847,1.859,6.776,4.472,0.0,CoAP,env_sensor
2025-01-23T06:27:00,105.567,15.749,12.376,6.639,0.8803,MQTT,actuator
2025-01-21T22:31:00,128.416,13.659,12.994,7.998,1.0989,MQTT,actuator
2025-01-23T04:15:00,72.247,20.899,8.049,4.498,3.958,MQTT,env_sensor
2025-01-23T01:58:00,38.267,176.158,2.437,0.766,7.3046,LoRaWAN,smart_meter
2025-01-22T16:40:00,99.08,10.569,5.768,10.355,0.9037,CoAP,actuator
2025-01-22T18:33:00,119.188,20.485,7.555,5.72,0.2472,MQTT,actuator
2025-01-23T11:23:00,67.632,38.806,0.1,10.24,0.0,MQTT,env_sensor
2025-01-22T18:14:00,30.661,285.537,3.426,0.623,0.574,LoRaWAN,smart_meter
2025-01-23T00:13:00,345.103,52.481,8.439,71.533,1.1331,CoAP,gateway
2025-01-23T04:34:00,28.02,67.903,4.593,0.61,0.0467,LoRaWAN,smart_meter
2025-01-21T20:03:00,28.023,145.383,4.46,0.38,1.3117,LoRaWAN,smart_meter
2025-01-22T04:21:00,31.681,125.235,0.919,0.48,2.8556,LoRaWAN,smart_meter
2025-01-23T08:08:00,80.7,11.337,8.099,7.061,0.0,CoAP,actuator
2025-01-22T12:42:00,1192.221,54.034,0.236,156.457,0.4489,HTTPS,camera
2025-01-23T09:44:00,2401.469,33.03,0.1,76.936,1.0896,HTTPS,camera
2025-01-22T07:12:00,895.045,57.668,5.543,76.401,0.5611,HTTPS,gateway
2025-01-22T12:35:00,22.945,133.085,3.324,0.711,0.7738,LoRaWAN,smart_meter
2025-01-22T20:42:00,62.924,8.769,8.407,8.497,0.3708,MQTT,actuator
2025-01-22T06:08:00,40.601,270.143,3.258,0.812,3.4802,LoRaWAN,smart_meter
2025-01-22T12:12:00,79.025,42.856,3.469,2.501,1.0066,MQTT,env_sensor
2025-01-23T09:30:00,1308.79,40.673,14.927,45.552,0.0,HTTPS,gateway
2025-01-21T20:33:00,662.891,60.337,7.159,44.6,1.4685,CoAP,gateway
2025-01-22T17:56:00,47.288,14.436,5.446,4.457,1.5303,MQTT,env_sensor
2025-01-23T01:01:00,1791.536,40.541,5.31,185.637,0.8049,HTTPS,camera
2025-01-23T04:23:00,39.74,5.432,2.568,2.655,2.6049,MQTT,env_sensor
2025-01-22T09:15:00,2386.597,11.155,2.588,164.242,0.7718,HTTPS,camera
2025-01-22T14:09:00,1448.844,59.303,11.31,69.731,2.2658,HTTPS,gateway
2025-01-23T02:57:00,124.846,7.738,9.71,16.791,1.8543,MQTT,actuator
2025-01-23T04:51:00,547.004,83.096,0.829,265.921,0.6538,HTTPS,camera
2025-01-22T00:40:00,83.758,18.375,8.42,4.62,0.4305,MQTT,actuator
2025-01-22T03:56:00,1612.273,68.467,10.919,76.274,0.4773,HTTPS,camera
2025-01-23T11:30:00,65.365,17.233,1.589,8.864,0.0,MQTT,env_sensor
2025-01-23T12:08:00,491.981,26.702,10.398,51.193,0.504,HTTPS,gateway
2025-01-23T04:30:00,2651.916,79.392,4.279,257.689,1.0891,HTTPS,camera
2025-01-22T03:12:00,1080.113,69.632,0.1,72.389,0.9475,HTTPS,gateway
2025-01-22T23:10:00,1149.253,69.694,18.152,40.036,2.4282,HTTPS,gateway
2025-01-22T20:37:00,151.626,25.508,0.857,8.407,0.0,MQTT,actuator
2025-01-22T00:59:00,26.306,228.236,2.098,0.143,2.6918,LoRaWAN,smart_meter
2025-01-23T10:22:00,1687.518,72.637,3.791,170.831,0.6666,HTTPS,camera
2025-01-22T21:07:00,1326.101,41.725,0.1,119.724,1.409,HTTPS,camera
2025-01-22T09:29:00,984.629,65.286,1.909,186.03,0.9771,HTTPS,camera
2025-01-22T07:21:00,39.504,15.904,1.772,2.618,1.9177,MQTT,env_sensor
2025-01-22T00:06:00,73.972,5.589,5.75,8.989,1.3142,MQTT,actuator
2025-01-23T12:44:00,21.071,68.761,0.346,0.271,6.1557,LoRaWAN,smart_meter
2025-01-22T15:15:00,142.609,12.878,2.789,7.865,0.4103,MQTT,actuator
2025-01-21T20:40:00,86.454,15.917,7.026,6.482,0.9221,CoAP,actuator
2025-01-23T01:22:00,1560.426,55.12,3.549,0.05,1.6099,HTTPS,gateway
2025-01-22T20:58:00,648.027,32.895,7.517,97.988,0.0,HTTPS,gateway
2025-01-22T22:04:00,1011.673,26.136,6.728,23.197,2.2044,CoAP,gateway
2025-01-22T07:10:00,1449.291,83.651,2.082,177.621,0.0,HTTPS,camera
2025-01-23T08:20:00,82.878,24.371,3.59,6.689,2.1729,MQTT,env_sensor
2025-01-23T12:52:00,325.527,39.76,7.72,168.639,0.8654,HTTPS,camera
2025-01-22T08:28:00,92.119,19.652,1.341,4.167,0.7442,MQTT,env_sensor
2025-01-22T07:30:00,25.208,195.578,1.737,0.363,0.0,LoRaWAN,smart_meter
2025-01-22T03:45:00,83.356,19.691,4.491,4.611,1.5518,MQTT,env_sensor
2025-01-23T07:12:00,30.94,157.555,0.1,0.729,2.2503,LoRaWAN,smart_meter
2025-01-23T10:31:00,144.128,17.177,5.726,11.735,0.3843,MQTT,actuator
2025-01-22T10:59:00,983.77,49.612,5.894,103.285,0.0,CoAP,gateway
2025-01-22T13:42:00,140.064,10.974,3.863,13.044,1.9218,MQTT,actuator
2025-01-22T15:58:00,17.964,253.276,2.179,0.458,5.5442,LoRaWAN,smart_meter
2025-01-23T02:48:00,23.142,37.474,0.1,0.05,3.0104,MQTT,env_sensor
2025-01-22T00:39:00,3399.224,31.466,4.139,206.74,0.0,HTTPS,camera
2025-01-21T23:06:00,1924.799,68.558,8.317,114.14,0.3716,HTTPS,camera
2025-01-22T07:46:00,501.497,71.835,5.259,83.446,2.0257,CoAP,gateway
2025-01-23T00:32:00,95.674,26.63,5.41,9.754,0.2309,CoAP,actuator
2025-01-22T13:20:00,27.614,4.781,2.313,0.05,2.8703,MQTT,smart_meter
2025-01-22T11:01:00,103.91,31.896,3.956,9.95,0.6136,MQTT,actuator
2025-01-23T13:07:00,33.81,140.251,2.267,0.746,3.9828,LoRaWAN,smart_meter
2025-01-23T07:37:00,113.835,1.0,1.836,3.399,0.7718,MQTT,actuator
2025-01-23T07:25:00,1382.441,70.81,12.86,46.737,2.1263,HTTPS,gateway
2025-01-22T11:40:00,1818.31,52.842,14.19,0.05,1.6372,CoAP,gateway
2025-01-22T19:09:00,86.117,21.197,5.498,9.164,0.8843,MQTT,actuator
2025-01-22T06:19:00,1332.745,23.034,9.314,31.506,0.0177,HTTPS,gateway
2025-01-22T02:53:00,744.387,43.751,4.07,34.726,1.0297,MQTT,gateway
2025-01-21T21:03:00,40.243,87.322,2.862,0.385,1.6388,MQTT,smart_meter
2025-01-22T14:11:00,1358.75,23.498,3.106,120.132,0.0652,HTTPS,camera
2025-01-22T22:27:00,20.608,95.847,2.066,0.532,3.3647,MQTT,smart_meter
2025-01-23T03:43:00,35.727,170.898,2.926,0.05,1.3981,LoRaWAN,smart_meter
2025-01-21T21:50:00,32.131,137.826,2.79,0.228,3.2429,LoRaWAN,smart_meter
2025-01-22T17:04:00,31.098,95.24,2.877,0.729,1.1119,MQTT,smart_meter
2025-01-22T00:43:00,1642.091,65.566,0.1,166.186,1.1226,HTTPS,camera
2025-01-22T20:58:00,80.626,33.019,6.465,4.015,2.2691,MQTT,env_sensor
2025-01-22T11:57:00,282.193,39.589,1.524,41.923,1.0119,CoAP,gateway
2025-01-22T22:08:00,38.577,100.26,0.971,0.288,3.2903,LoRaWAN,smart_meter
2025-01-21T20:20:00,56.663,21.469,2.472,4.259,1.603,MQTT,env_sensor
2025-01-23T03:54:00,2654.657,63.939,5.979,25.531,0.3647,HTTPS,camera
2025-01-22T11:47:00,86.477,8.205,2.054,5.9,2.3129,MQTT,actuator
2025-01-22T21:48:00,692.014,65.036,4.538,111.97,0.0,HTTPS,camera
2025-01-23T03:32:00,1613.682,109.363,14.582,41.097,3.0502,CoAP,gateway
2025-01-22T09:25:00,132.628,20.456,16.628,10.239,0.0,MQTT,actuator
2025-01-21T22:22:00,40.761,17.662,6.395,5.756,1.0343,MQTT,env_sensor
2025-01-23T01:44:00,160.869,11.784,11.805,5.973,1.4879,CoAP,actuator
2025-01-22T23:32:00,20.543,151.244,1.638,0.404,1.5329,LoRaWAN,smart_meter
2025-01-22T02:51:00,1483.805,59.907,10.507,58.009,0.8336,HTTPS,gateway
2025-01-23T12:33:00,79.036,37.645,1.826,0.053,0.0,MQTT,env_sensor
2025-01-23T07:26:00,112.357,30.737,0.1,2.896,0.618,MQTT,env_sensor
2025-01-23T10:58:00,517.352,50.411,0.1,65.179,0.5668,HTTPS,gateway
2025-01-21T21:00:00,2474.381,65.937,4.976,5.497,0.6716,HTTPS,camera
2025-01-21T23:33:00,75.35,9.034,5.747,0.255,1.0482,MQTT,env_sensor
2025-01-22T01:41:00,18.838,41.451,2.06,0.164,1.1609,MQTT,smart_meter
2025-01-23T02:04:00,1046.071,10.611,7.759,107.806,0.35,HTTPS,gateway
2025-01-23T07:54:00,1265.9,39.787,9.512,0.05,1.143,CoAP,gateway
2025-01-22T14:23:00,2545.985,41.415,8.142,158.407,0.9902,HTTPS,camera
2025-01-22T23:34:00,30.232,246.756,2.84,0.375,3.2699,LoRaWAN,smart_meter
2025-01-23T11:18:00,24.249,160.35,0.1,0.622,0.9787,LoRaWAN,smart_meter
2025-01-22T06:40:00,110.005,21.119,11.731,7.587,1.6208,MQTT,actuator
2025-01-22T09:28:00,264.88,54.111,10.254,32.567,0.628,CoAP,gateway
2025-01-22T05:00:00,22.055,233.856,1.904,0.686,4.6791,LoRaWAN,smart_meter
2025-01-23T08:34:00,25.632,113.287,0.1,0.386,1.4338,LoRaWAN,smart_meter
2025-01-23T05:48:00,3048.69,64.363,5.075,115.456,1.3613,CoAP,camera
2025-01-22T17:08:00,148.438,22.347,2.405,11.543,0.9839,MQTT,actuator
2025-01-22T22:20:00,2038.356,80.969,3.824,154.427,0.8205,HTTPS,camera
2025-01-23T05:49:00,30.663,160.527,1.165,0.439,0.0,LoRaWAN,smart_meter
2025-01-23T08:54:00,25.082,36.773,0.1,0.977,8.1482,LoRaWAN,smart_meter
2025-01-23T02:07:00,809.814,29.5,5.46,30.947,1.1855,CoAP,gateway
2025-01-23T09:37:00,106.826,16.309,3.247,0.657,0.0,MQTT,env_sensor
2025-01-23T11:58:00,37.129,135.175,1.685,0.168,7.2097,LoRaWAN,smart_meter
2025-01-22T17:52:00,85.954,30.129,3.083,6.326,0.364,MQTT,env_sensor
2025-01-22T02:36:00,1367.153,29.425,14.954,86.1,1.8278,CoAP,gateway
2025-01-22T04:13:00,84.29,17.95,0.832,2.443,0.8604,MQTT,env_sensor
2025-01-22T21:52:00,1518.218,28.756,0.1,54.493,0.4392,HTTPS,gateway
2025-01-22T15:01:00,27.262,208.003,1.006,0.981,5.2302,LoRaWAN,smart_meter
2025-01-22T07:55:00,57.233,50.123,1.107,4.439,0.0,MQTT,env_sensor
2025-01-22T05:20:00,1004.982,80.855,5.578,77.467,0.9968,HTTPS,gateway
2025-01-22T01:02:00,2254.732,60.742,0.636,157.622,1.3407,HTTPS,camera
2025-01-22T19:12:00,1320.923,60.952,1.172,102.802,0.726,HTTPS,camera
2025-01-22T03:24:00,114.435,17.952,6.185,11.638,0.0,CoAP,actuator
2025-01-22T13:37:00,100.059,10.315,6.298,4.639,0.5934,MQTT,actuator
2025-01-22T20:52:00,111.517,24.468,9.902,10.985,1.4749,CoAP,actuator
2025-01-22T19:49:00,79.596,21.05,2.635,0.837,2.1946,MQTT,env_sensor
2025-01-23T10:29:00,85.605,35.17,4.019,1.322,1.8605,MQTT,env_sensor
2025-01-23T08:17:00,15.566,95.169,1.665,1.045,2.9769,MQTT,smart_meter
2025-01-23T10:24:00,202.116,52.433,8.023,115.826,0.8293,HTTPS,gateway
2025-01-22T00:49:00,25.753,174.007,0.1,0.574,3.995,LoRaWAN,smart_meter
2025-01-22T05:44:00,1284.864,58.939,14.408,89.088,1.2551,HTTPS,gateway
2025-01-22T15:39:00,32.034,267.237,3.223,0.084,4.3753,LoRaWAN,smart_meter
2025-01-23T06:17:00,26.068,243.132,2.714,0.239,3.6631,LoRaWAN,smart_meter
2025-01-23T04:53:00,102.499,5.823,13.169,3.561,0.9057,MQTT,actuator
2025-01-23T09:08:00,1389.483,46.662,13.039,47.676,1.2975,CoAP,gateway
2025-01-23T01:51:00,37.946,92.988,0.1,0.754,3.3491,MQTT,smart_meter
2025-01-23T08:58:00,119.682,8.62,8.502,15.59,2.0209,MQTT,actuator
2025-01-22T01:11:00,113.331,35.463,16.111,11.478,0.3113,MQTT,actuator
2025-01-22T03:47:00,57.975,3.858,0.1,3.695,0.5673,MQTT,env_sensor
2025-01-22T07:00:00,780.532,1.0,16.157,0.869,0.0,CoAP,gateway
2025-01-23T02:28:00,18.779,147.486,0.112,0.05,1.6603,LoRaWAN,smart_meter
2025-01-22T02:27:00,106.004,38.896,3.445,11.397,0.3906,HTTPS,env_sensor
2025-01-22T18:10:00,109.756,7.24,3.426,8.969,0.9277,MQTT,actuator
2025-01-22T16:18:00,807.653,58.927,11.381,7.167,0.583,CoAP,gateway
2025-01-22T10:27:00,53.243,21.279,4.36,3.443,0.2071,MQTT,env_sensor
2025-01-22T21:52:00,74.209,12.246,9.296,12.393,1.661,CoAP,actuator
2025-01-22T18:59:00,68.099,52.445,4.231,4.223,0.0,MQTT,env_sensor
2025-01-22T18:18:00,1044.166,40.916,15.977,29.58,0.6751,HTTPS,gateway
2025-01-22T00:03:00,67.044,6.48,10.29,3.579,1.3887,CoAP,actuator
2025-01-22T17:36:00,99.111,26.051,4.152,3.875,3.445,MQTT,env_sensor
2025-01-23T10:50:00,64.49,28.125,0.495,9.845,1.4561,MQTT,env_sensor
2025-01-23T10:38:00,109.278,23.6,6.614,8.183,1.3037,MQTT,actuator
2025-01-23T04:12:00,719.587,45.332,12.978,67.369,1.313,CoAP,gateway
2025-01-23T02:33:00,1487.356,48.617,0.976,88.845,0.0269,HTTPS,camera
2025-01-23T01:35:00,83.295,22.724,2.17,10.66,3.0618,MQTT,env_sensor
2025-01-22T22:20:00,142.636,30.936,1.496,3.594,0.0,MQTT,env_sensor
2025-01-22T07:04:00,22.423,249.138,1.376,0.05,5.2925,LoRaWAN,smart_meter
2025-01-22T04:55:00,3485.385,110.118,0.1,110.387,1.0704,HTTPS,camera
2025-01-23T03:50:00,30.828,331.882,0.898,0.26,4.3439,LoRaWAN,smart_meter
2025-01-22T09:27:00,75.46,20.857,0.243,0.05,0.8655,MQTT,env_sensor
2025-01-22T14:18:00,79.274,22.41,6.622,6.826,0.9606,CoAP,actuator
2025-01-23T08:40:00,101.1,13.636,4.612,4.769,1.9789,MQTT,env_sensor
2025-01-23T08:19:00,101.679,20.328,0.203,8.018,1.7912,MQTT,actuator
2025-01-22T01:41:00,2180.912,30.222,2.71,210.199,0.6232,HTTPS,camera
2025-01-22T08:37:00,1877.993,120.42,4.742,0.05,0.6769,HTTPS,camera
2025-01-22T07:09:00,30.551,247.188,1.398,0.671,6.6713,LoRaWAN,smart_meter
2025-01-22T21:32:00,46.662,33.767,1.291,0.645,2.4368,MQTT,env_sensor
2025-01-23T07:29:00,33.066,236.409,1.672,0.05,3.1444,LoRaWAN,smart_meter
2025-01-22T13:24:00,80.272,21.003,3.073,6.028,1.4332,MQTT,env_sensor
2025-01-23T08:47:00,3174.889,85.586,7.675,76.775,0.0661,HTTPS,camera
2025-01-22T22:41:00,96.73,1.132,5.064,7.673,2.1322,MQTT,env_sensor
2025-01-23T05:42:00,64.545,21.504,4.695,5.85,1.4237,MQTT,env_sensor
2025-01-22T16:27:00,50.746,24.307,6.335,0.05,1.5,MQTT,actuator
2025-01-22T06:22:00,879.394,35.745,7.098,14.14,1.8768,CoAP,camera
2025-01-22T06:44:00,815.043,36.163,0.1,186.731,2.2225,HTTPS,gateway
2025-01-22T06:42:00,1248.289,88.625,2.639,130.849,0.3801,HTTPS,camera
2025-01-22T12:56:00,1501.868,50.165,6.772,55.762,2.5675,HTTPS,gateway
2025-01-23T10:42:00,560.438,36.132,5.795,81.879,0.5257,HTTPS,gateway
2025-01-21T22:35:00,33.575,246.412,1.481,0.678,4.0324,LoRaWAN,smart_meter
2025-01-22T03:08:00,23.77,209.779,3.09,0.441,3.0302,LoRaWAN,smart_meter
2025-01-22T14:28:00,1262.007,54.602,1.46,95.665,0.5896,HTTPS,camera
2025-01-23T00:29:00,1302.76,16.008,0.1,0.606,0.259,HTTPS,camera
2025-01-23T06:09:00,109.633,22.11,3.757,7.829,1.5744,MQTT,env_sensor
2025-01-22T15:34:00,635.845,21.756,5.709,3.964,0.3632,CoAP,gateway
2025-01-22T11:59:00,2010.201,26.187,0.891,166.71,0.8946,HTTPS,camera
2025-01-23T05:52:00,45.259,48.038,3.126,2.79,2.2352,MQTT,env_sensor
2025-01-22T03:21:00,32.344,38.284,5.226,3.543,2.6522,MQTT,env_sensor
2025-01-22T01:01:00,33.626,199.579,0.1,0.066,6.5947,LoRaWAN,smart_meter
2025-01-23T10:37:00,167.391,1.0,0.1,8.899,0.0,MQTT,actuator
2025-01-22T04:40:00,96.968,16.406,5.149,12.494,0.498,CoAP,actuator
2025-01-23T08:28:00,69.183,43.756,5.037,0.376,1.9914,CoAP,env_sensor
2025-01-22T16:12:00,132.767,21.929,7.559,7.34,0.6796,MQTT,actuator
2025-01-23T03:09:00,1868.452,42.943,6.261,22.143,0.2196,HTTPS,camera
2025-01-22T10:08:00,1341.575,31.991,3.863,117.031,0.7813,HTTPS,camera
2025-01-22T04:34:00,39.649,25.444,1.112,3.582,0.0,MQTT,env_sensor
2025-01-22T15:09:00,942.119,69.145,5.956,59.878,0.8673,HTTPS,camera
2025-01-22T02:50:00,34.977,169.995,2.659,0.13,3.3076,LoRaWAN,smart_meter
2025-01-23T02:00:00,118.627,26.701,3.415,6.212,0.0,MQTT,actuator
2025-01-22T12:20:00,27.949,155.205,0.85,0.487,1.9525,LoRaWAN,smart_meter
2025-01-21T20:07:00,90.8,23.91,2.123,7.039,1.7435,MQTT,env_sensor
2025-01-23T10:19:00,1685.163,122.771,0.1,146.559,1.2872,HTTPS,camera
2025-01-22T13:58:00,152.513,36.372,6.568,2.782,0.6065,CoAP,actuator
2025-01-23T08:31:00,23.053,225.73,3.274,0.469,4.5362,LoRaWAN,smart_meter
2025-01-22T16:47:00,64.859,19.535,8.604,4.976,0.0,MQTT,actuator
2025-01-23T05:59:00,93.403,29.249,9.84,10.191,0.6604,MQTT,actuator
2025-01-22T11:50:00,25.284,290.26,2.353,0.05,1.459,LoRaWAN,smart_meter
2025-01-22T15:12:00,96.106,46.858,4.315,1.898,2.0472,MQTT,env_sensor
2025-01-22T03:00:00,1629.376,55.057,4.272,140.225,1.2331,HTTPS,camera
2025-01-23T03:35:00,32.98,139.513,1.512,0.1,1.0843,MQTT,smart_meter
2025-01-22T02:52:00,36.514,162.726,2.909,0.23,3.5569,LoRaWAN,smart_meter
2025-01-23T09:28:00,39.124,21.09,1.443,8.8,1.6544,MQTT,env_sensor
2025-01-22T08:07:00,288.333,1.0,5.218,60.207,0.8251,CoAP,gateway
2025-01-22T13:12:00,2435.417,55.892,3.786,121.691,0.5712,HTTPS,camera
2025-01-22T09:03:00,100.699,8.16,6.814,7.615,0.8587,MQTT,actuator
2025-01-23T08:32:00,27.846,217.958,2.442,0.539,3.2413,LoRaWAN,smart_meter
2025-01-22T06:03:00,85.795,35.786,6.445,3.301,1.1974,MQTT,env_sensor
2025-01-22T08:02:00,783.134,99.617,6.175,0.05,0.0,CoAP,gateway
2025-01-23T07:35:00,61.633,7.391,1.73,0.05,2.4195,MQTT,env_sensor
2025-01-23T00:59:00,94.462,32.931,12.6,12.708,0.0916,CoAP,actuator
2025-01-23T07:51:00,135.786,7.136,9.277,10.477,0.0518,MQTT,actuator
2025-01-23T05:41:00,51.818,31.909,2.677,1.877,2.1768,MQTT,env_sensor
2025-01-21T23:10:00,1979.938,85.673,4.365,174.677,0.3846,HTTPS,camera
2025-01-22T10:37:00,91.251,23.41,0.42,6.553,1.6265,MQTT,env_sensor
2025-01-21T20:16:00,21.826,222.043,3.063,0.273,4.1147,LoRaWAN,smart_meter
2025-01-22T13:38:00,954.756,49.12,11.378,66.164,0.0172,HTTPS,gateway
2025-01-23T03:25:00,2433.7,71.758,2.804,111.349,0.8205,HTTPS,camera
2025-01-22T03:23:00,31.693,146.737,0.908,0.776,3.0133,LoRaWAN,smart_meter
2025-01-22T17:45:00,33.622,164.898,1.054,0.765,3.5076,LoRaWAN,smart_meter
2025-01-22T20:05:00,271.209,48.37,2.283,203.308,0.958,HTTPS,camera
2025-01-22T20:21:00,997.05,53.13,3.872,113.791,0.8258,HTTPS,camera
2025-01-23T04:09:00,2203.118,51.981,2.264,30.755,0.0,HTTPS,gateway
2025-01-22T07:23:00,612.297,79.747,10.527,51.482,0.4616,HTTPS,gateway
2025-01-22T09:49:00,1489.753,45.251,4.767,120.371,0.5574,HTTPS,camera
2025-01-22T18:31:00,169.117,21.751,1.731,10.271,0.0,MQTT,actuator
2025-01-22T11:06:00,164.449,28.213,8.569,12.252,1.4797,CoAP,actuator
2025-01-23T09:37:00,766.314,24.243,9.136,76.175,1.3976,CoAP,gateway
2025-01-22T05:13:00,1102.919,53.487,5.905,103.847,0.3653,HTTPS,camera
2025-01-22T11:31:00,122.009,15.551,8.463,7.192,0.8222,MQTT,actuator
2025-01-22T14:32:00,2129.009,59.663,8.105,55.537,0.0,HTTPS,gateway
2025-01-22T08:48:00,168.196,28.893,5.538,8.386,0.1103,MQTT,actuator
2025-01-23T09:02:00,16.004,217.913,1.05,0.923,4.6135,LoRaWAN,smart_meter
2025-01-22T09:45:00,1088.95,80.398,6.713,143.246,0.0,HTTPS,camera
2025-01-22T07:17:00,1671.842,100.53,10.169,0.05,0.5369,HTTPS,camera
2025-01-23T07:54:00,135.77,19.059,2.525,12.683,0.0,MQTT,actuator
2025-01-22T04:15:00,135.05,8.167,5.786,7.255,1.7576,CoAP,actuator
2025-01-23T00:12:00,2479.546,60.296,8.044,138.306,1.5028,HTTPS,camera
2025-01-23T05:32:00,868.24,98.732,4.015,184.657,0.6803,HTTPS,camera
2025-01-21T22:51:00,109.984,17.383,3.934,2.148,0.0,MQTT,actuator
2025-01-23T07:03:00,1878.397,59.018,10.187,142.439,0.3642,HTTPS,camera
2025-01-23T02:08:00,82.291,12.258,0.807,6.783,0.7904,MQTT,env_sensor
2025-01-21T22:11:00,29.629,85.092,0.1,0.451,0.0,HTTPS,smart_meter
2025-01-23T01:39:00,37.193,177.5,2.168,0.398,0.0,LoRaWAN,smart_meter
2025-01-22T18:56:00,1440.276,50.682,7.776,60.077,0.4056,HTTPS,gateway
2025-01-23T01:45:00,36.902,345.639,2.143,0.208,1.8915,LoRaWAN,smart_meter
2025-01-23T09:16:00,50.755,15.991,6.726,8.117,0.9246,MQTT,actuator
2025-01-22T22:02:00,22.355,139.785,0.708,0.207,1.4835,LoRaWAN,smart_meter
2025-01-23T02:48:00,1697.714,40.351,3.011,117.756,1.974,HTTPS,camera
2025-01-23T13:10:00,71.135,36.739,0.1,10.526,0.0,HTTPS,env_sensor
2025-01-21T23:11:00,42.142,226.914,0.868,1.246,1.0219,MQTT,smart_meter
2025-01-22T16:29:00,1191.411,52.563,2.303,63.325,1.3844,HTTPS,gateway
2025-01-23T08:59:00,163.024,14.621,12.725,9.97,0.5664,MQTT,actuator
2025-01-22T20:48:00,31.755,227.901,2.487,0.663,5.4813,LoRaWAN,smart_meter
2025-01-21T21:19:00,17.041,160.933,2.343,0.553,3.5802,LoRaWAN,smart_meter
2025-01-22T10:15:00,124.061,11.706,1.2,5.972,0.6994,MQTT,actuator
2025-01-22T16:50:00,276.347,74.143,5.724,210.018,0.8298,HTTPS,camera
2025-01-22T22:07:00,2085.515,60.302,1.492,58.487,0.8381,HTTPS,camera
2025-01-23T02:37:00,1530.424,49.376,15.383,109.502,0.4472,HTTPS,gateway
2025-01-22T17:57:00,33.617,207.18,3.41,0.473,7.3297,LoRaWAN,smart_meter
2025-01-23T03:29:00,965.611,52.039,7.2,39.625,3.1083,CoAP,gateway
2025-01-22T22:16:00,119.856,14.644,5.288,7.348,1.7234,CoAP,actuator
2025-01-23T03:37:00,919.169,50.561,0.605,160.691,1.9641,HTTPS,gateway
2025-01-23T01:38:00,16.482,194.615,1.655,0.15,2.558,MQTT,smart_meter
2025-01-23T11:11:00,24.751,157.329,3.736,0.05,5.8908,LoRaWAN,smart_meter
2025-01-23T10:20:00,313.256,35.034,0.1,33.175,2.1422,MQTT,gateway
2025-01-21T22:25:00,2026.526,64.379,9.951,59.38,0.3268,HTTPS,camera
2025-01-21T21:54:00,457.479,31.221,4.156,24.889,0.7468,HTTPS,gateway
2025-01-22T09:05:00,63.936,21.941,6.812,1.803,1.539,MQTT,env_sensor
2025-01-22T19:08:00,8.0,33.374,12.022,45.617,2.0924,MQTT,gateway
2025-01-22T12:12:00,31.255,300.932,4.255,0.917,8.9575,LoRaWAN,smart_meter
2025-01-22T06:56:00,24.414,117.756,1.024,0.051,4.4758,LoRaWAN,smart_meter
2025-01-21T21:23:00,34.78,139.905,1.705,0.754,3.8363,LoRaWAN,smart_meter
2025-01-23T06:37:00,2413.735,55.049,4.165,71.526,0.1499,HTTPS,camera
2025-01-23T09:39:00,104.785,14.157,4.836,8.621,0.3758,MQTT,actuator
2025-01-23T09:24:00,1237.826,73.984,11.661,10.463,0.5415,HTTPS,gateway
2025-01-22T05:12:00,838.157,41.096,11.03,81.492,0.9903,HTTPS,gateway
2025-01-22T08:45:00,2069.0,1.0,0.875,194.833,0.3007,HTTPS,camera
2025-01-23T08:39:00,121.607,28.774,5.501,3.941,0.9678,MQTT,actuator
2025-01-22T12:05:00,103.382,24.038,4.58,3.757,2.1684,MQTT,env_sensor
2025-01-21T21:22:00,28.817,302.28,0.1,0.43,3.3787,LoRaWAN,smart_meter
2025-01-23T00:48:00,85.239,7.226,3.019,6.929,1.14,MQTT,env_sensor
2025-01-21T21:11:00,143.109,4.591,10.915,7.467,1.4577,CoAP,actuator
2025-01-22T17:36:00,21.077,57.78,3.43,0.6,5.4623,LoRaWAN,smart_meter
2025-01-21T20:44:00,1604.891,67.912,2.391,195.905,1.1129,HTTPS,camera
2025-01-22T01:56:00,2098.619,23.822,4.45,133.047,0.452,HTTPS,camera
2025-01-22T19:12:00,495.933,28.159,8.016,103.031,0.0,HTTPS,gateway
2025-01-23T12:07:00,976.575,51.486,3.426,59.468,0.7127,HTTPS,camera
2025-01-22T06:06:00,140.846,16.786,9.716,6.06,1.1626,MQTT,actuator
2025-01-22T22:16:00,29.007,122.537,3.91,0.05,4.5764,LoRaWAN,smart_meter
2025-01-21T20:59:00,48.868,23.807,2.961,5.193,0.7105,MQTT,actuator
2025-01-23T07:11:00,25.802,135.174,1.149,0.771,1.2054,LoRaWAN,smart_meter
2025-01-23T05:57:00,1950.894,49.195,8.89,104.886,0.9499,HTTPS,camera
2025-01-22T05:33:00,24.016,249.364,3.668,0.652,7.7446,LoRaWAN,smart_meter
2025-01-22T03:26:00,16.437,231.81,2.136,0.708,1.4817,LoRaWAN,smart_meter
2025-01-22T03:26:00,73.695,14.395,2.406,8.041,1.5247,MQTT,env_sensor
2025-01-22T03:51:00,893.745,56.013,2.962,117.542,1.7814,HTTPS,gateway
2025-01-22T23:43:00,1391.11,34.185,3.916,29.278,0.0,HTTPS,gateway
2025-01-23T00:52:00,1933.586,88.281,2.555,68.111,0.2954,HTTPS,camera
2025-01-22T03:12:00,102.403,44.155,4.548,8.711,1.5676,MQTT,env_sensor
2025-01-22T17:48:00,591.158,53.427,3.776,42.455,1.7805,CoAP,gateway
2025-01-22T00:21:00,86.586,24.117,5.012,4.544,0.1534,MQTT,env_sensor
2025-01-23T10:42:00,1477.898,36.57,3.597,145.713,0.7521,HTTPS,camera
2025-01-22T22:22:00,1920.346,14.546,6.744,223.01,1.4268,MQTT,camera
2025-01-23T02:33:00,1391.19,87.099,14.46,37.247,1.7422,CoAP,gateway
2025-01-22T19:15:00,105.195,17.689,6.349,18.68,1.1272,CoAP,actuator
2025-01-22T12:14:00,1084.351,25.972,4.839,123.861,0.7761,HTTPS,camera
2025-01-23T00:00:00,1040.133,85.749,10.779,66.028,0.3179,HTTPS,gateway
2025-01-23T07:39:00,108.489,16.822,5.311,0.509,2.4987,MQTT,env_sensor
2025-01-23T10:31:00,1898.343,67.347,6.602,25.422,1.3514,CoAP,gateway
2025-01-22T08:22:00,984.781,30.45,12.662,91.519,0.6815,HTTPS,gateway
2025-01-22T00:18:00,1174.501,56.014,4.537,0.05,0.9822,HTTPS,gateway
2025-01-22T05:28:00,80.619,24.311,8.808,8.42,1.4459,CoAP,actuator
2025-01-23T04:11:00,542.943,41.758,8.427,82.042,0.5892,HTTPS,gateway
2025-01-22T20:39:00,21.796,170.807,4.232,0.871,1.8226,LoRaWAN,smart_meter
2025-01-23T08:49:00,1722.736,83.845,5.166,127.955,0.4113,HTTPS,camera
2025-01-21T23:48:00,422.568,42.795,7.038,57.436,0.0,HTTPS,gateway
2025-01-22T02:20:00,94.672,17.724,3.701,20.11,0.0,MQTT,actuator
2025-01-22T15:50:00,54.166,25.064,6.614,5.367,0.4324,CoAP,actuator
2025-01-23T08:30:00,968.288,40.943,1.566,38.778,0.3801,HTTPS,gateway
2025-01-23T03:25:00,12.267,302.336,1.009,0.344,2.7345,LoRaWAN,smart_meter
2025-01-22T10:57:00,293.766,42.102,12.589,95.777,1.2005,CoAP,gateway
2025-01-22T14:52:00,632.537,86.37,3.889,137.639,0.5226,HTTPS,camera
2025-01-21T21:36:00,708.372,56.331,13.709,91.447,0.2606,HTTPS,gateway
2025-01-23T00:34:00,88.892,18.409,5.235,14.735,1.506,MQTT,actuator
2025-01-22T11:10:00,46.321,22.093,3.951,2.075,1.0098,MQTT,env_sensor
2025-01-22T16:09:00,1599.377,28.051,6.764,64.444,2.116,HTTPS,gateway
2025-01-23T01:40:00,37.367,138.139,3.591,0.12,5.8709,LoRaWAN,smart_meter
2025-01-22T20:46:00,159.497,21.324,0.1,10.45,1.1973,MQTT,actuator
2025-01-22T22:29:00,19.065,194.802,3.181,0.241,6.4359,LoRaWAN,smart_meter
2025-01-22T03:59:00,104.699,7.811,5.957,0.05,0.7252,CoAP,actuator
2025-01-23T12:27:00,86.934,10.031,8.146,12.849,1.149,MQTT,actuator
2025-01-23T11:19:00,83.293,20.191,0.971,0.05,3.0347,MQTT,env_sensor
2025-01-22T01:35:00,26.356,291.411,0.882,0.225,4.1263,LoRaWAN,smart_meter
2025-01-23T08:41:00,106.296,29.439,5.768,6.281,0.4383,MQTT,env_sensor
2025-01-23T12:59:00,98.27,11.986,6.324,10.175,0.3711,MQTT,actuator
2025-01-23T13:32:00,1897.294,81.322,1.063,198.446,1.2056,HTTPS,camera
2025-01-22T04:51:00,50.283,8.178,2.076,11.935,1.1668,MQTT,actuator
2025-01-22T09:51:00,28.372,123.687,1.567,0.05,4.4325,LoRaWAN,smart_meter
2025-01-22T18:01:00,83.679,17.964,2.54,4.548,2.1186,MQTT,env_sensor
2025-01-22T10:09:00,116.914,39.544,4.277,0.05,0.8731,HTTPS,env_sensor
2025-01-22T13:41:00,2437.289,50.36,4.687,188.544,0.4461,HTTPS,camera
2025-01-22T01:11:00,14.303,114.161,1.988,0.516,3.7122,LoRaWAN,smart_meter
2025-01-22T02:52:00,1165.014,54.965,7.302,59.79,0.282,HTTPS,gateway
2025-01-22T09:11:00,135.445,15.332,5.049,5.079,0.471,MQTT,actuator
2025-01-23T07:47:00,554.456,63.654,14.638,9.225,0.7843,CoAP,gateway
2025-01-21T22:32:00,2404.255,38.994,4.466,83.29,0.7411,HTTPS,camera
2025-01-22T23:51:00,53.878,29.661,2.297,2.008,0.0,MQTT,env_sensor
2025-01-23T06:40:00,98.017,18.244,8.654,17.205,0.5342,MQTT,actuator
2025-01-22T23:19:00,26.595,174.056,3.284,0.426,1.382,LoRaWAN,smart_meter
2025-01-23T12:55:00,55.018,32.724,3.71,0.05,1.6059,MQTT,env_sensor
2025-01-21T20:17:00,2099.656,79.446,9.163,207.033,0.9798,HTTPS,camera
2025-01-22T16:58:00,1536.253,67.726,6.915,44.363,1.0802,CoAP,gateway
2025-01-22T20:16:00,1663.875,36.817,4.608,39.563,0.2596,HTTPS,gateway
2025-01-22T07:14:00,2545.484,59.947,11.843,118.899,0.4204,HTTPS,camera
2025-01-22T05:58:00,106.177,20.172,5.203,10.532,0.2364,MQTT,actuator
2025-01-23T11:23:00,415.849,17.759,5.264,45.752,0.7311,CoAP,camera
2025-01-23T03:07:00,1486.952,31.946,5.503,122.89,0.1498,HTTPS,camera
2025-01-22T08:24:00,89.378,26.033,8.332,9.554,0.8254,MQTT,actuator
2025-01-23T09:24:00,70.35,22.603,0.921,1.885,1.0858,MQTT,env_sensor
2025-01-22T01:48:00,36.392,157.552,2.179,0.451,5.5328,LoRaWAN,smart_meter
2025-01-22T15:40:00,56.566,24.025,2.944,0.05,2.0274,MQTT,env_sensor
2025-01-23T00:28:00,104.135,24.296,4.712,9.674,0.4776,MQTT,actuator
2025-01-22T10:45:00,2093.502,35.711,3.123,132.241,1.0958,HTTPS,camera
2025-01-21T21:58:00,90.802,35.335,4.198,4.871,1.1082,MQTT,env_sensor
2025-01-22T11:46:00,1477.288,32.921,8.122,32.83,1.9275,CoAP,gateway
2025-01-22T21:52:00,2773.884,19.691,5.574,163.867,1.5095,HTTPS,camera
2025-01-23T10:56:00,78.821,18.803,8.028,12.809,1.238,MQTT,actuator
2025-01-22T09:48:00,85.895,15.766,6.423,2.749,1.1574,MQTT,env_sensor
2025-01-22T13:35:00,92.315,14.347,5.039,5.803,2.2724,MQTT,env_sensor
2025-01-22T03:52:00,112.784,7.821,1.245,4.628,2.102,MQTT,env_sensor
2025-01-22T06:52:00,1135.448,22.002,1.281,123.438,0.0,HTTPS,camera
2025-01-23T01:54:00,334.408,28.484,10.013,34.997,1.1138,CoAP,gateway
2025-01-23T04:06:00,140.108,30.733,3.86,4.215,0.2933,MQTT,actuator
2025-01-22T12:51:00,628.338,106.872,1.882,92.033,0.8415,HTTPS,camera
2025-01-23T05:38:00,1593.344,26.938,10.472,69.952,3.7641,HTTPS,gateway
2025-01-22T04:24:00,20.656,106.494,0.889,0.77,4.4863,LoRaWAN,smart_meter
2025-01-22T07:48:00,31.821,38.205,1.982,3.101,2.0962,MQTT,env_sensor
2025-01-23T01:17:00,42.287,26.572,0.838,6.283,0.0,MQTT,env_sensor
2025-01-22T08:26:00,105.071,13.274,2.92,3.915,1.1999,MQTT,actuator
2025-01-22T14:53:00,37.785,236.352,2.403,0.456,1.5425,LoRaWAN,smart_meter
2025-01-23T12:12:00,40.433,11.277,9.392,5.722,0.5441,MQTT,actuator
2025-01-22T13:27:00,1119.347,56.172,4.081,154.045,1.1481,HTTPS,camera
2025-01-22T09:59:00,1394.637,65.176,0.858,49.884,0.1317,HTTPS,camera
2025-01-22T13:56:00,32.592,164.778,4.082,0.718,3.5395,LoRaWAN,smart_meter
2025-01-22T19:20:00,1338.255,60.179,7.889,118.547,1.447,HTTPS,gateway
2025-01-22T16:06:00,115.185,11.281,0.634,7.99,0.6484,MQTT,actuator
2025-01-22T16:21:00,18.466,264.006,0.1,0.626,0.0,LoRaWAN,smart_meter
2025-01-22T06:17:00,113.997,13.772,2.632,6.946,0.266,MQTT,actuator
2025-01-22T12:33:00,119.412,7.99,0.1,10.523,0.297,MQTT,actuator
2025-01-22T13:25:00,84.509,17.477,1.905,6.155,0.0,MQTT,actuator
2025-01-22T15:39:00,326.685,74.976,2.688,195.419,0.1483,HTTPS,camera
2025-01-23T01:19:00,88.221,25.426,5.152,10.328,0.6939,MQTT,actuator
2025-01-22T03:09:00,546.932,35.362,4.282,7.448,1.8324,CoAP,gateway
2025-01-23T06:03:00,138.283,19.803,3.323,5.285,0.3652,MQTT,actuator
2025-01-22T07:33:00,46.678,13.068,3.537,3.55,0.0,MQTT,env_sensor
2025-01-22T20:56:00,996.07,30.987,13.726,17.502,0.2272,CoAP,gateway
2025-01-21T23:21:00,27.749,196.264,2.505,0.148,3.8732,LoRaWAN,smart_meter
2025-01-23T00:55:00,2038.852,37.258,0.549,222.198,0.2532,HTTPS,camera
2025-01-22T13:01:00,2895.813,77.88,0.476,13.199,1.2252,HTTPS,camera
2025-01-22T21:15:00,1529.673,41.414,3.895,184.094,0.3589,HTTPS,camera
2025-01-23T03:48:00,28.773,167.681,4.195,0.302,0.0,LoRaWAN,smart_meter
2025-01-23T00:54:00,140.703,24.644,1.846,9.424,0.4052,MQTT,actuator
2025-01-22T08:52:00,22.65,83.026,1.774,0.446,2.9271,MQTT,smart_meter
2025-01-23T13:36:00,100.76,52.191,2.45,108.582,1.1209,MQTT,gateway
2025-01-22T06:16:00,39.165,219.607,2.482,0.824,3.3473,LoRaWAN,smart_meter
2025-01-23T01:59:00,2138.121,60.71,10.614,12.799,0.6277,HTTPS,camera
2025-01-22T08:20:00,111.304,11.254,3.098,5.386,1.377,MQTT,env_sensor
2025-01-22T01:53:00,26.976,197.191,1.867,0.359,5.444,LoRaWAN,smart_meter
2025-01-22T05:16:00,807.133,79.366,3.186,252.51,0.4196,HTTPS,camera
2025-01-22T07:18:00,26.108,128.052,4.355,0.411,0.0,LoRaWAN,smart_meter
2025-01-22T02:55:00,28.27,316.896,0.927,0.05,3.9633,LoRaWAN,smart_meter
2025-01-22T10:35:00,17.049,161.945,5.968,0.611,5.5023,LoRaWAN,smart_meter
2025-01-23T09:45:00,116.925,20.321,7.148,6.582,0.5399,MQTT,env_sensor
2025-01-22T22:38:00,1618.607,48.745,1.495,236.942,0.0,HTTPS,camera
2025-01-23T04:35:00,37.288,145.665,3.55,0.607,4.0169,LoRaWAN,smart_meter
2025-01-22T06:45:00,175.373,4.54,2.913,9.69,1.6766,MQTT,actuator
2025-01-22T22:19:00,143.528,23.94,9.055,2.143,1.659,MQTT,actuator
2025-01-23T05:16:00,70.088,42.542,0.1,12.959,0.0,MQTT,env_sensor
2025-01-22T05:29:00,1503.43,86.257,6.822,189.408,0.0739,HTTPS,camera
2025-01-23T09:03:00,123.763,10.503,7.903,0.05,0.0,MQTT,actuator
2025-01-23T08:49:00,93.443,6.402,7.721,2.967,1.4823,MQTT,env_sensor
2025-01-23T02:13:00,35.206,241.846,0.265,0.05,1.1575,LoRaWAN,smart_meter
2025-01-23T03:57:00,113.481,13.829,11.546,5.8,1.3685,MQTT,actuator
2025-01-22T11:13:00,103.024,25.654,7.787,17.423,1.4171,MQTT,actuator
2025-01-23T07:00:00,86.651,30.795,0.373,1.933,1.7708,MQTT,env_sensor
2025-01-21T23:47:00,10.435,171.899,2.483,0.83,5.4076,LoRaWAN,smart_meter
2025-01-23T02:41:00,73.313,30.912,4.766,1.637,0.694,MQTT,env_sensor
2025-01-23T10:47:00,2351.38,51.728,0.1,149.868,1.1714,HTTPS,camera
2025-01-22T16:23:00,73.688,25.662,1.179,1.401,0.8187,MQTT,env_sensor
2025-01-22T02:14:00,42.018,86.502,0.64,0.252,2.6408,MQTT,smart_meter
2025-01-23T00:35:00,88.383,20.737,3.167,3.884,0.0,MQTT,env_sensor
2025-01-21T20:40:00,34.855,209.48,2.142,0.622,2.0438,LoRaWAN,smart_meter
2025-01-22T08:18:00,2797.946,36.064,0.1,124.828,1.5532,HTTPS,camera
2025-01-22T18:35:00,1780.82,72.374,1.425,178.194,0.5097,HTTPS,camera
2025-01-23T00:22:00,111.077,13.806,0.651,7.868,0.164,MQTT,env_sensor
2025-01-22T06:46:00,20.251,221.54,2.709,0.05,2.9004,LoRaWAN,smart_meter
2025-01-23T07:27:00,1018.696,75.261,0.107,38.879,1.0969,MQTT,camera
2025-01-21T22:41:00,1375.012,45.998,0.1,108.162,0.0,HTTPS,gateway
2025-01-22T01:39:00,1407.84,47.404,5.251,123.453,0.309,HTTPS,camera
2025-01-23T11:19:00,71.546,21.87,2.973,6.271,0.9636,MQTT,actuator
2025-01-22T00:54:00,78.585,23.776,0.47,0.05,0.5732,MQTT,env_sensor
2025-01-23T06:25:00,10.844,232.856,1.712,0.363,6.7805,LoRaWAN,smart_meter
2025-01-22T10:29:00,68.105,22.072,1.645,12.429,1.3107,MQTT,env_sensor
2025-01-23T07:50:00,54.682,32.591,0.1,2.878,0.3286,MQTT,env_sensor
2025-01-22T03:30:00,39.862,31.739,4.722,7.013,0.4887,MQTT,env_sensor
2025-01-22T19:58:00,119.304,9.559,6.748,7.048,0.5119,MQTT,actuator
2025-01-22T11:33:00,748.228,24.174,2.834,53.968,1.6893,HTTPS,gateway
2025-01-23T05:47:00,34.714,163.382,2.954,1.078,0.0,MQTT,smart_meter
2025-01-22T02:57:00,144.734,18.435,9.558,0.05,0.2582,MQTT,actuator
2025-01-22T10:20:00,134.606,12.423,6.299,2.731,1.1373,MQTT,actuator
2025-01-22T09:22:00,34.387,306.563,2.041,0.441,0.8547,LoRaWAN,smart_meter
2025-01-22T19:07:00,29.45,44.524,4.401,0.255,4.3292,MQTT,smart_meter
2025-01-22T23:30:00,124.595,19.924,8.267,9.442,1.2051,MQTT,actuator
2025-01-23T05:14:00,8.0,54.343,9.134,12.399,0.0,CoAP,gateway
2025-01-22T14:52:00,28.665,15.441,4.919,7.178,0.3083,MQTT,actuator
2025-01-22T14:06:00,2214.711,82.938,0.788,191.562,0.0523,HTTPS,camera
2025-01-23T01:39:00,798.338,41.314,14.26,33.271,1.4596,CoAP,gateway
2025-01-22T13:50:00,1450.71,22.877,3.891,88.391,1.2093,HTTPS,camera
2025-01-22T08:49:00,101.471,16.081,1.611,4.359,1.5057,MQTT,env_sensor
2025-01-22T06:05:00,26.016,162.408,2.575,0.531,6.7219,LoRaWAN,smart_meter
2025-01-22T13:34:00,84.882,16.669,4.063,4.971,0.7049,MQTT,actuator
2025-01-23T08:46:00,2051.803,58.385,3.047,182.191,1.2626,HTTPS,camera
2025-01-22T12:21:00,1634.559,74.697,5.397,224.036,0.8315,HTTPS,camera
2025-01-21T22:12:00,2000.5,32.644,5.903,37.136,0.658,HTTPS,camera
2025-01-22T17:11:00,21.644,160.309,0.902,0.259,0.0,LoRaWAN,smart_meter
2025-01-22T20:58:00,2177.604,32.055,2.159,65.856,0.0753,HTTPS,camera
2025-01-22T00:35:00,32.382,146.481,0.696,0.735,4.5767,LoRaWAN,smart_meter
2025-01-21T23:13:00,1623.387,33.971,0.1,91.671,1.3163,HTTPS,camera
2025-01-23T06:37:00,30.099,62.909,4.974,103.849,1.6499,MQTT,gateway
2025-01-22T12:29:00,1444.438,59.098,3.266,237.069,0.1355,HTTPS,camera
2025-01-23T03:57:00,30.313,80.643,1.446,0.47,1.0331,MQTT,smart_meter
2025-01-23T11:58:00,1066.008,1.0,9.113,88.601,0.7083,HTTPS,gateway
2025-01-22T03:53:00,62.824,43.147,2.296,6.443,1.2309,MQTT,env_sensor
2025-01-22T08:28:00,1088.394,29.403,17.946,84.253,1.7333,MQTT,gateway
2025-01-22T02:55:00,122.386,29.013,5.937,9.025,1.2931,MQTT,actuator
2025-01-23T04:44:00,812.194,23.885,5.394,50.735,0.9994,HTTPS,gateway
2025-01-23T06:33:00,1931.067,19.481,3.823,93.746,0.9009,HTTPS,camera
2025-01-23T12:15:00,1018.886,51.244,16.373,2.417,1.1309,CoAP,gateway
2025-01-23T10:19:00,70.055,12.894,3.664,1.634,0.2628,MQTT,env_sensor
2025-01-22T08:10:00,117.688,22.21,10.387,6.075,0.5287,CoAP,actuator
2025-01-21T20:27:00,127.549,10.275,9.357,10.651,1.5159,MQTT,actuator
2025-01-22T21:49:00,14.053,114.595,3.007,0.341,3.3584,LoRaWAN,smart_meter
2025-01-23T05:59:00,34.395,184.853,4.158,0.699,1.9523,LoRaWAN,smart_meter
2025-01-22T15:34:00,2795.525,51.654,1.152,64.568,0.5641,HTTPS,camera
2025-01-22T22:47:00,103.319,19.218,5.117,0.05,0.3627,MQTT,actuator
2025-01-23T08:21:00,317.42,19.186,15.161,94.516,0.126,CoAP,gateway
2025-01-23T11:57:00,590.632,107.187,1.124,67.336,0.5531,HTTPS,camera
2025-01-23T03:12:00,73.022,22.463,4.491,2.263,1.4256,MQTT,env_sensor
2025-01-23T02:38:00,30.186,78.055,5.26,0.129,4.1637,LoRaWAN,smart_meter
2025-01-23T00:19:00,248.899,61.829,6.524,180.048,0.0162,CoAP,camera
2025-01-21T21:42:00,66.122,19.915,3.447,0.449,0.3982,MQTT,env_sensor
2025-01-23T01:25:00,122.572,21.842,6.757,10.86,1.6399,MQTT,actuator
2025-01-21T20:06:00,145.495,16.052,4.333,14.425,1.6672,MQTT,actuator
2025-01-22T07:42:00,561.437,50.294,17.199,85.345,0.3297,HTTPS,gateway
2025-01-22T13:16:00,1066.284,37.385,13.139,49.207,0.7979,HTTPS,gateway
2025-01-22T01:51:00,77.726,17.882,8.293,15.53,0.9901,CoAP,actuator
2025-01-23T04:21:00,1153.878,17.802,7.562,71.437,2.6008,HTTPS,gateway
2025-01-23T01:57:00,8.0,212.425,1.647,0.678,1.2058,LoRaWAN,smart_meter
2025-01-23T08:32:00,795.825,44.158,11.451,34.961,1.0781,CoAP,gateway
2025-01-22T18:47:00,23.866,170.479,3.191,0.624,3.2857,LoRaWAN,smart_meter
2025-01-21T23:20:00,44.554,26.217,10.045,0.733,0.976,MQTT,actuator
2025-01-23T06:11:00,89.711,17.138,5.494,5.999,0.8618,MQTT,actuator
2025-01-22T17:23:00,34.082,173.486,2.51,0.427,1.9253,LoRaWAN,smart_meter
2025-01-22T16:53:00,41.52,16.183,6.889,3.241,0.2408,MQTT,env_sensor
2025-01-22T08:59:00,21.179,24.553,3.948,3.996,1.17,MQTT,actuator
2025-01-23T07:39:00,92.068,16.447,0.625,10.797,0.7805,MQTT,actuator
2025-01-22T23:57:00,80.104,5.957,2.772,0.46,0.0,MQTT,env_sensor
2025-01-22T02:38:00,57.963,30.493,3.977,0.05,1.7117,MQTT,env_sensor
2025-01-21T21:44:00,85.125,36.387,2.784,3.354,0.7811,MQTT,env_sensor
2025-01-22T21:50:00,1273.223,82.998,8.225,207.24,0.1321,HTTPS,camera
2025-01-22T13:39:00,1984.884,47.061,10.152,65.113,0.2071,HTTPS,gateway
2025-01-23T10:39:00,161.462,22.529,4.114,18.465,2.4576,MQTT,actuator
2025-01-21T22:41:00,1571.956,71.865,6.823,100.485,0.1016,HTTPS,camera
2025-01-22T00:10:00,1317.423,61.256,12.467,76.574,1.0315,HTTPS,gateway
2025-01-22T15:09:00,33.417,291.037,4.836,0.133,2.5903,LoRaWAN,smart_meter
2025-01-22T02:56:00,8.0,21.687,6.506,44.706,0.0,MQTT,gateway
2025-01-21T21:46:00,30.05,106.424,2.67,0.365,2.1913,LoRaWAN,smart_meter
2025-01-22T05:58:00,32.401,175.503,4.284,0.522,5.6808,LoRaWAN,smart_meter
2025-01-22T23:42:00,73.206,21.923,3.849,0.05,1.0094,MQTT,env_sensor
2025-01-22T19:56:00,77.369,24.97,4.687,12.327,0.4592,MQTT,actuator
2025-01-22T13:31:00,1750.47,55.889,7.558,8.685,0.0,HTTPS,camera
2025-01-22T15:04:00,80.083,28.815,3.155,9.95,1.4476,MQTT,env_sensor
2025-01-22T10:21:00,443.233,50.16,3.089,119.137,0.4891,HTTPS,camera
2025-01-22T01:19:00,90.628,17.592,2.478,5.558,0.8475,MQTT,actuator
2025-01-22T11:10:00,92.955,20.623,8.34,10.04,0.6199,MQTT,actuator
2025-01-23T03:09:00,32.74,152.83,1.55,0.355,0.0,LoRaWAN,smart_meter
2025-01-21T20:11:00,52.841,19.535,1.977,6.286,0.0,MQTT,env_sensor
2025-01-23T13:01:00,1270.116,51.59,6.048,69.345,3.6891,HTTPS,gateway
2025-01-23T13:34:00,809.02,43.864,0.1,104.223,0.0,HTTPS,gateway
2025-01-22T10:26:00,16.501,235.545,2.132,0.501,3.7621,LoRaWAN,smart_meter
2025-01-23T01:23:00,81.733,10.74,2.54,0.05,1.9664,MQTT,env_sensor
2025-01-21T23:59:00,73.7,17.085,9.85,6.491,0.1055,MQTT,actuator
2025-01-23T09:23:00,24.445,177.945,2.048,0.312,7.4673,LoRaWAN,smart_meter
2025-01-22T23:39:00,82.58,17.461,1.326,7.594,1.3084,MQTT,env_sensor
2025-01-22T17:24:00,247.453,37.61,1.976,161.705,0.2893,HTTPS,gateway
2025-01-22T17:29:00,86.215,20.008,5.502,5.892,1.8905,MQTT,env_sensor
2025-01-22T13:18:00,794.995,12.385,1.511,0.05,0.7549,HTTPS,gateway
2025-01-22T13:10:00,1642.96,53.099,4.581,147.392,0.7904,HTTPS,camera
2025-01-22T21:48:00,580.887,55.039,8.075,83.328,0.4454,HTTPS,gateway
2025-01-23T06:36:00,36.671,168.229,1.656,0.05,2.7807,LoRaWAN,smart_meter
2025-01-23T00:51:00,1657.55,23.644,3.253,9.314,1.0203,MQTT,gateway
2025-01-22T00:38:00,118.411,5.54,0.1,91.651,1.8166,MQTT,gateway
2025-01-22T17:32:00,568.808,72.114,7.385,285.271,0.8331,HTTPS,camera
2025-01-22T11:51:00,849.226,16.222,7.686,85.519,1.6753,CoAP,gateway
2025-01-21T22:02:00,88.611,14.46,3.09,4.132,3.0319,MQTT,env_sensor
2025-01-22T03:07:00,109.668,5.742,7.674,14.448,0.9845,MQTT,actuator
2025-01-22T21:57:00,815.295,46.229,14.353,80.812,0.4534,HTTPS,gateway
2025-01-23T13:12:00,983.716,3.309,16.856,19.133,1.644,CoAP,gateway
2025-01-22T02:33:00,30.619,241.979,2.357,0.136,5.1084,LoRaWAN,smart_meter
2025-01-22T08:45:00,14.499,99.705,1.427,0.509,4.3917,MQTT,smart_meter
2025-01-23T10:54:00,578.779,51.063,11.426,35.718,0.7471,CoAP,gateway
2025-01-21T22:59:00,56.47,38.375,4.273,1.509,2.1269,MQTT,env_sensor
2025-01-22T19:00:00,2027.131,25.451,1.058,152.322,0.0,HTTPS,camera
2025-01-22T02:59:00,515.785,16.44,0.371,0.05,0.9033,MQTT,gateway
2025-01-22T16:53:00,24.038,10.047,4.012,7.978,0.0,MQTT,actuator
2025-01-23T04:04:00,151.234,15.389,6.023,4.633,1.3245,CoAP,actuator
2025-01-23T09:22:00,1182.601,90.408,2.274,59.966,0.3625,HTTPS,camera
2025-01-23T08:00:00,30.925,130.97,4.692,0.201,1.8497,LoRaWAN,smart_meter
2025-01-23T13:09:00,1223.812,51.447,8.76,67.771,1.1952,HTTPS,gateway
2025-01-22T08:51:00,121.895,40.174,4.974,1.958,1.5473,MQTT,env_sensor
2025-01-23T06:19:00,1313.627,41.193,21.325,22.991,1.6084,HTTPS,gateway
2025-01-22T19:24:00,44.129,31.418,5.49,3.528,3.0766,MQTT,env_sensor
2025-01-23T02:00:00,80.516,27.468,2.848,2.305,1.1739,MQTT,env_sensor
2025-01-21T23:40:00,73.779,22.444,5.731,1.557,1.4181,MQTT,env_sensor
2025-01-22T21:36:00,982.903,27.693,5.718,102.415,1.9288,CoAP,gateway
2025-01-22T19:11:00,1847.653,59.679,4.024,68.093,0.9684,HTTPS,camera
2025-01-22T10:21:00,1206.151,37.575,19.798,88.577,0.4412,HTTPS,gateway
2025-01-23T13:22:00,76.065,38.043,2.559,1.208,0.9853,MQTT,env_sensor
2025-01-22T09:38:00,77.864,1.794,4.677,9.252,0.3095,MQTT,actuator
2025-01-22T18:48:00,1104.019,32.157,3.816,24.854,0.7398,HTTPS,gateway
2025-01-21T20:55:00,62.21,26.686,0.1,4.528,0.0,MQTT,env_sensor
2025-01-23T05:17:00,116.529,18.108,1.946,6.622,0.0,MQTT,actuator
2025-01-23T10:11:00,1045.57,26.006,5.354,84.762,0.5927,HTTPS,gateway
2025-01-22T18:17:00,26.038,192.908,2.63,0.416,0.0505,LoRaWAN,smart_meter
2025-01-22T16:20:00,80.565,37.342,4.791,5.19,3.1785,MQTT,env_sensor
2025-01-22T18:09:00,29.119,199.08,0.174,0.083,2.012,LoRaWAN,smart_meter
2025-01-22T22:51:00,28.037,209.045,1.785,0.604,0.0,LoRaWAN,smart_meter
2025-01-22T20:40:00,13.979,104.252,1.524,0.309,2.3828,LoRaWAN,smart_meter
2025-01-23T10:08:00,1674.211,68.85,2.347,37.302,0.1708,HTTPS,camera
2025-01-22T03:37:00,44.695,113.643,0.957,0.546,1.0202,LoRaWAN,smart_meter
2025-01-21T20:12:00,47.946,238.866,5.975,0.583,2.0903,LoRaWAN,smart_meter
2025-01-22T23:55:00,140.371,12.039,9.369,6.089,0.517,MQTT,actuator
2025-01-22T00:01:00,2228.541,49.304,5.728,199.303,1.1618,HTTPS,camera
2025-01-23T07:59:00,1023.545,74.567,12.328,82.41,0.2775,HTTPS,gateway
2025-01-23T11:47:00,671.282,84.585,0.1,175.222,0.8578,HTTPS,camera
2025-01-22T09:07:00,79.429,18.324,0.705,6.449,0.1386,MQTT,env_sensor
2025-01-21T22:46:00,2286.249,39.119,5.616,73.08,1.405,HTTPS,gateway
2025-01-23T08:09:00,78.042,24.626,3.477,5.741,1.2719,MQTT,actuator
2025-01-22T21:52:00,26.652,217.589,1.539,0.05,2.4406,LoRaWAN,smart_meter
2025-01-22T01:43:00,1093.361,35.433,9.744,6.649,1.8214,CoAP,gateway
2025-01-22T17:49:00,546.947,71.962,12.702,56.78,1.6971,CoAP,gateway
2025-01-22T13:48:00,69.28,21.45,3.234,0.344,0.0,MQTT,env_sensor
2025-01-22T20:44:00,1878.474,61.398,1.324,120.078,1.2766,HTTPS,camera
2025-01-23T03:15:00,1916.824,51.034,4.195,71.166,0.7768,HTTPS,camera
2025-01-23T11:49:00,111.654,18.259,2.78,6.491,0.066,MQTT,actuator
2025-01-22T04:49:00,1323.804,20.56,9.247,4.689,0.7965,HTTPS,gateway
2025-01-22T11:06:00,33.186,94.504,4.697,0.68,3.3084,MQTT,smart_meter
2025-01-23T12:30:00,38.339,181.286,1.582,0.199,2.2756,LoRaWAN,smart_meter
2025-01-23T08:04:00,63.324,1.0,5.123,0.05,1.011,MQTT,env_sensor
2025-01-23T09:56:00,138.086,25.193,3.672,8.918,0.0,MQTT,actuator
2025-01-22T00:45:00,18.141,24.721,6.45,1.524,1.0579,MQTT,env_sensor
2025-01-22T06:12:00,830.062,42.551,13.791,33.834,2.2323,CoAP,gateway
2025-01-23T03:33:00,8.093,144.142,4.742,0.795,2.0543,LoRaWAN,smart_meter
2025-01-22T11:11:00,864.741,48.161,6.728,56.343,1.3925,CoAP,gateway
2025-01-22T15:53:00,1188.074,57.65,15.513,119.447,1.963,HTTPS,gateway
2025-01-23T03:04:00,69.319,14.867,0.1,3.708,0.0772,MQTT,env_sensor
2025-01-22T04:08:00,2712.6,64.774,6.921,15.873,0.924,HTTPS,camera
2025-01-22T04:08:00,29.473,232.003,0.1,0.05,1.4538,MQTT,smart_meter
2025-01-23T02:53:00,60.776,30.953,1.495,7.553,0.8888,MQTT,env_sensor
2025-01-22T08:24:00,17.502,226.67,2.632,0.179,2.5087,LoRaWAN,smart_meter
2025-01-22T03:12:00,24.925,288.705,1.754,0.907,1.2061,LoRaWAN,smart_meter
2025-01-23T10:03:00,91.223,20.325,5.616,5.499,1.3553,MQTT,env_sensor
2025-01-22T22:19:00,26.243,183.897,2.43,0.545,3.023,LoRaWAN,smart_meter
2025-01-22T03:57:00,1015.524,87.783,4.145,117.34,0.064,HTTPS,camera
2025-01-22T17:33:00,128.567,18.211,6.284,10.985,0.5344,MQTT,actuator
2025-01-22T12:29:00,89.013,32.657,3.472,0.05,0.0,MQTT,env_sensor
2025-01-22T23:10:00,82.155,18.523,9.484,5.192,0.4252,MQTT,actuator
2025-01-22T23:44:00,23.801,208.158,3.79,0.05,0.0,LoRaWAN,smart_meter
2025-01-23T11:06:00,17.967,252.933,0.9,0.454,4.249,LoRaWAN,smart_meter
2025-01-23T01:34:00,30.771,173.591,1.909,0.641,5.1457,LoRaWAN,smart_meter
2025-01-22T19:19:00,92.915,27.555,7.33,9.539,1.8887,MQTT,actuator
2025-01-22T16:41:00,122.308,30.869,8.199,13.019,1.0373,CoAP,actuator
2025-01-22T22:54:00,125.495,15.76,0.222,5.408,0.5092,MQTT,actuator
2025-01-22T05:54:00,60.888,3.482,5.944,10.158,0.6811,MQTT,actuator
2025-01-22T04:27:00,32.635,251.725,2.508,0.454,2.9703,MQTT,smart_meter
2025-01-22T08:44:00,19.602,109.606,0.562,0.376,3.2468,LoRaWAN,smart_meter
2025-01-22T20:09:00,29.81,105.907,2.124,0.239,2.8254,LoRaWAN,smart_meter
2025-01-22T13:55:00,1233.226,59.9,3.278,138.5,0.8845,HTTPS,camera
2025-01-23T13:02:00,591.587,92.236,1.954,148.78,0.3556,HTTPS,camera
2025-01-21T23:54:00,63.304,34.624,1.348,5.668,1.9358,MQTT,env_sensor
2025-01-23T08:14:00,81.459,23.357,6.077,8.608,0.2286,MQTT,env_sensor
2025-01-22T11:04:00,928.17,76.19,5.65,35.425,1.4632,CoAP,gateway
2025-01-22T20:28:00,50.361,11.304,0.1,60.479,1.069,MQTT,gateway
2025-01-22T03:01:00,25.286,230.286,0.1,0.649,4.7455,LoRaWAN,smart_meter
2025-01-22T01:58:00,75.159,28.389,1.764,5.892,0.2134,MQTT,env_sensor
2025-01-23T04:37:00,304.867,65.014,8.247,10.887,2.7276,CoAP,gateway
2025-01-23T05:51:00,682.846,90.173,6.461,69.937,0.4108,HTTPS,camera
2025-01-22T17:28:00,40.383,225.297,0.636,0.485,3.3648,LoRaWAN,smart_meter
2025-01-23T02:35:00,69.903,23.889,2.763,1.753,0.0,MQTT,env_sensor
2025-01-22T14:59:00,1536.822,55.439,6.327,72.529,2.4548,HTTPS,gateway
2025-01-22T23:03:00,97.295,18.889,10.491,14.322,0.2993,MQTT,actuator
2025-01-22T10:34:00,117.976,15.769,4.638,9.389,1.0705,MQTT,actuator
2025-01-22T15:09:00,45.401,13.533,6.311,2.62,0.5255,CoAP,env_sensor
2025-01-23T03:48:00,1004.018,69.325,7.759,92.19,0.0,HTTPS,gateway
2025-01-21T21:12:00,142.012,35.362,5.104,0.05,2.352,CoAP,env_sensor
2025-01-22T22:35:00,2780.847,51.7,3.904,134.775,0.683,HTTPS,camera
2025-01-22T12:05:00,121.942,19.487,5.535,8.592,1.1182,MQTT,actuator
2025-01-22T06:55:00,149.632,28.58,2.895,10.258,0.0,MQTT,actuator
2025-01-22T17:51:00,23.499,166.754,0.462,0.702,2.4855,LoRaWAN,smart_meter
2025-01-23T01:56:00,58.522,16.79,6.495,0.05,1.7146,MQTT,env_sensor
2025-01-22T06:18:00,88.83,18.579,0.1,4.66,1.4107,MQTT,env_sensor
2025-01-22T20:55:00,1547.775,122.214,2.636,176.054,1.0648,HTTPS,camera
2025-01-23T09:27:00,84.644,30.144,0.876,4.044,1.4309,MQTT,env_sensor
2025-01-22T23:16:00,136.642,25.565,13.033,2.484,1.0201,CoAP,actuator
2025-01-22T10:53:00,69.593,4.686,1.257,7.1,0.0,MQTT,env_sensor
2025-01-22T01:43:00,32.43,171.269,2.998,0.437,1.1337,LoRaWAN,smart_meter
2025-01-23T05:42:00,2260.425,38.18,3.55,303.31,0.261,HTTPS,camera
2025-01-22T20:52:00,82.558,33.074,0.233,1.481,1.1255,MQTT,env_sensor
2025-01-23T13:09:00,38.484,147.196,3.19,0.521,6.6034,LoRaWAN,smart_meter
2025-01-23T13:38:00,1027.303,46.818,3.541,18.026,0.4966,HTTPS,gateway
2025-01-23T03:22:00,119.807,34.569,5.38,2.48,0.3054,CoAP,env_sensor
2025-01-23T01:10:00,118.56,21.21,6.659,4.217,0.8583,CoAP,actuator
2025-01-22T00:18:00,35.617,133.608,1.241,0.136,3.8334,LoRaWAN,smart_meter
2025-01-21T22:12:00,643.057,32.613,13.208,83.303,1.1176,CoAP,gateway
2025-01-22T07:13:00,50.198,41.251,4.837,5.742,1.5133,MQTT,env_sensor
2025-01-22T02:50:00,120.958,22.312,0.141,2.072,1.885,MQTT,env_sensor
2025-01-22T03:48:00,34.122,218.346,5.031,0.616,2.6789,LoRaWAN,smart_meter
2025-01-23T06:42:00,84.413,24.187,10.909,8.44,1.2017,MQTT,actuator
2025-01-23T09:48:00,2620.498,10.045,0.1,88.825,0.0,HTTPS,camera
2025-01-23T09:45:00,139.963,9.535,6.93,9.333,0.797,CoAP,actuator
2025-01-22T21:01:00,140.799,25.304,5.134,10.524,0.5072,MQTT,actuator
2025-01-22T02:23:00,994.263,62.396,0.1,78.736,1.0288,HTTPS,gateway
2025-01-22T05:48:00,1379.969,68.067,0.1,34.246,0.0,HTTPS,camera
2025-01-23T13:19:00,262.756,54.231,10.581,38.658,0.5026,CoAP,gateway
2025-01-23T07:01:00,20.632,130.495,1.824,0.091,4.7779,LoRaWAN,smart_meter
2025-01-23T01:37:00,1193.469,63.768,1.545,199.12,0.7135,HTTPS,camera
2025-01-22T06:24:00,1719.161,63.303,2.107,99.993,0.957,HTTPS,camera
2025-01-22T19:39:00,1103.185,24.074,7.951,12.124,1.9907,CoAP,gateway
2025-01-22T14:42:00,17.548,207.712,0.406,0.163,4.9213,LoRaWAN,smart_meter
2025-01-23T13:36:00,2014.197,80.002,0.1,47.997,0.1284,HTTPS,camera
2025-01-21T20:11:00,32.855,96.53,3.538,0.423,2.0062,MQTT,smart_meter
2025-01-22T14:34:00,82.455,17.751,11.142,16.014,0.4606,MQTT,actuator
2025-01-22T14:35:00,56.515,1.0,4.598,7.464,0.0,MQTT,env_sensor
2025-01-23T10:00:00,15.372,156.296,2.514,0.073,3.108,LoRaWAN,smart_meter
2025-01-23T04:57:00,1873.555,35.587,5.985,0.05,0.0,HTTPS,gateway
2025-01-21T22:25:00,32.196,151.403,1.608,0.05,3.6903,LoRaWAN,smart_meter
2025-01-22T13:23:00,18.198,203.529,0.63,0.164,0.0,LoRaWAN,smart_meter
2025-01-22T05:06:00,119.912,23.899,6.382,9.269,1.4902,CoAP,actuator
2025-01-22T14:09:00,60.858,1.0,2.356,4.68,3.7663,MQTT,env_sensor
2025-01-22T16:18:00,34.729,12.698,6.43,2.398,0.0,MQTT,env_sensor
2025-01-21T23:57:00,60.615,24.657,7.74,5.834,0.0,MQTT,env_sensor
2025-01-22T20:25:00,887.94,70.727,4.393,184.124,1.0471,HTTPS,camera
2025-01-22T01:33:00,82.201,31.413,11.119,15.149,0.8416,MQTT,actuator
2025-01-21T21:43:00,1048.521,55.658,1.939,74.31,1.983,HTTPS,gateway
2025-01-22T17:37:00,48.051,21.904,3.693,5.176,3.209,MQTT,env_sensor
2025-01-22T06:35:00,1555.501,46.525,5.864,0.05,0.2918,HTTPS,gateway
2025-01-22T17:27:00,24.459,184.428,2.444,0.479,3.7406,LoRaWAN,smart_meter
2025-01-22T09:10:00,74.127,1.0,3.803,7.088,2.443,MQTT,env_sensor
2025-01-22T11:49:00,23.449,258.381,2.262,0.127,2.6083,LoRaWAN,smart_meter
2025-01-22T04:17:00,25.941,35.006,1.132,0.05,0.3383,HTTPS,env_sensor
2025-01-21T22:28:00,1115.599,109.974,1.329,159.739,0.0,HTTPS,camera
2025-01-22T06:33:00,27.352,192.345,1.475,0.38,3.8332,LoRaWAN,smart_meter
2025-01-22T05:48:00,101.875,15.968,2.924,2.36,0.0,MQTT,env_sensor
2025-01-22T06:34:00,121.315,4.484,7.128,6.917,0.9019,MQTT,actuator
2025-01-23T11:02:00,84.553,30.519,0.1,7.985,1.9526,MQTT,env_sensor
2025-01-21T20:13:00,132.933,22.034,4.309,9.674,0.0,MQTT,actuator
2025-01-22T13:44:00,1307.302,50.175,7.279,134.45,0.8592,HTTPS,camera
2025-01-22T19:25:00,1598.55,72.736,1.247,89.555,0.0,HTTPS,camera
2025-01-22T04:23:00,996.915,59.393,11.939,75.83,0.0525,HTTPS,gateway
2025-01-23T10:01:00,1559.084,35.313,2.078,27.976,0.3875,HTTPS,camera
2025-01-22T17:09:00,106.741,14.522,3.234,1.834,0.8499,MQTT,actuator
2025-01-22T20:57:00,109.802,11.129,4.329,2.184,0.0,MQTT,env_sensor
2025-01-22T22:39:00,699.134,66.353,6.731,30.824,0.7097,HTTPS,camera
2025-01-23T06:27:00,8.0,23.83,16.057,79.702,0.0,HTTPS,gateway
2025-01-22T15:30:00,110.087,15.014,6.861,10.463,0.0,MQTT,actuator
2025-01-22T05:31:00,25.974,210.23,0.71,0.376,1.4527,LoRaWAN,smart_meter
2025-01-23T11:22:00,24.158,178.386,0.279,0.572,2.6167,LoRaWAN,smart_meter
2025-01-21T20:25:00,653.927,35.448,0.1,103.656,0.5377,HTTPS,gateway
2025-01-22T10:53:00,124.997,12.039,6.531,5.062,0.6671,MQTT,actuator
2025-01-23T11:24:00,231.603,19.698,12.678,58.894,2.4208,MQTT,gateway
2025-01-22T03:56:00,18.398,152.531,2.877,0.571,0.1243,LoRaWAN,smart_meter
2025-01-23T00:46:00,414.66,37.012,8.969,57.931,2.1735,CoAP,gateway
2025-01-22T05:13:00,78.872,17.248,9.014,6.615,0.6667,MQTT,actuator
2025-01-23T09:59:00,1043.371,25.995,3.25,39.319,0.2982,HTTPS,gateway
2025-01-23T11:32:00,57.559,35.837,1.466,5.85,0.4616,MQTT,env_sensor
2025-01-23T08:33:00,645.336,16.377,7.63,72.274,2.1092,CoAP,gateway
2025-01-21T21:35:00,1418.385,61.836,2.627,142.802,0.4842,HTTPS,camera
2025-01-21T20:32:00,1625.922,58.57,4.877,75.277,1.7464,HTTPS,gateway
2025-01-21T22:42:00,26.806,70.069,0.1,0.16,5.9817,MQTT,smart_meter
2025-01-23T12:42:00,1736.34,57.513,0.1,178.881,1.2957,HTTPS,camera
2025-01-23T10:55:00,2029.807,47.907,7.181,144.488,1.0585,HTTPS,camera
2025-01-22T09:12:00,2537.576,25.135,2.125,209.425,0.3542,HTTPS,camera
2025-01-23T12:57:00,133.139,23.845,10.593,1.203,0.7881,MQTT,actuator
2025-01-23T02:09:00,24.526,320.164,4.128,0.34,5.3479,LoRaWAN,smart_meter
2025-01-22T02:48:00,25.094,244.781,0.982,0.05,0.0,LoRaWAN,smart_meter
2025-01-22T03:58:00,141.961,25.369,6.143,10.211,1.0618,MQTT,actuator
2025-01-22T05:34:00,1145.049,69.28,8.984,2.934,1.8724,CoAP,gateway
2025-01-23T05:58:00,1614.346,64.616,4.052,138.348,0.0,HTTPS,camera
2025-01-23T06:28:00,41.825,204.154,0.1,0.418,3.722,LoRaWAN,smart_meter
2025-01-23T12:50:00,32.249,49.33,1.643,0.788,5.9348,LoRaWAN,smart_meter
2025-01-21T21:29:00,95.524,22.208,10.764,2.14,0.8991,MQTT,actuator
2025-01-23T10:42:00,142.274,14.633,8.835,11.357,1.2293,MQTT,actuator
2025-01-22T23:47:00,34.476,155.161,4.581,0.131,4.1162,LoRaWAN,smart_meter
2025-01-22T06:42:00,65.417,22.974,0.1,0.05,1.1008,MQTT,env_sensor
2025-01-22T15:00:00,81.873,35.783,4.117,2.161,1.6103,MQTT,env_sensor
2025-01-22T23:19:00,109.444,16.8,2.752,1.868,0.0,MQTT,env_sensor
2025-01-22T09:53:00,98.724,4.718,5.266,10.284,0.2503,MQTT,actuator
2025-01-23T12:50:00,237.992,63.532,13.74,66.56,0.5883,CoAP,gateway
2025-01-23T07:43:00,1784.452,58.155,7.837,169.235,0.6052,HTTPS,camera
2025-01-22T21:47:00,2241.058,83.898,0.1,14.289,0.5042,HTTPS,camera
2025-01-22T11:40:00,676.069,64.298,9.021,36.101,0.4383,CoAP,camera
2025-01-22T03:23:00,111.977,12.668,4.557,13.959,0.0,MQTT,actuator
2025-01-23T02:49:00,42.149,152.4,3.875,0.975,3.2974,LoRaWAN,smart_meter
2025-01-22T12:25:00,118.054,15.101,5.802,5.463,0.0,MQTT,env_sensor
2025-01-22T08:04:00,118.682,24.639,7.816,9.481,1.3941,MQTT,actuator
2025-01-23T07:55:00,772.271,45.295,2.692,48.007,1.1247,MQTT,gateway
2025-01-22T16:26:00,406.456,54.455,13.033,60.774,1.1819,CoAP,gateway
2025-01-22T18:03:00,34.146,190.242,6.318,0.306,0.3353,LoRaWAN,smart_meter
2025-01-23T01:30:00,726.409,40.194,6.748,213.628,0.5284,HTTPS,camera
2025-01-23T01:27:00,72.219,33.969,4.129,0.05,1.5943,MQTT,env_sensor
2025-01-22T13:53:00,1109.216,54.31,6.191,61.486,0.0,HTTPS,camera
2025-01-22T07:36:00,39.04,5.556,2.25,0.05,1.5946,MQTT,env_sensor
2025-01-22T05:21:00,33.425,158.409,3.513,0.05,0.5933,LoRaWAN,smart_meter
2025-01-22T19:42:00,1436.834,63.58,5.32,12.673,1.9837,MQTT,gateway
2025-01-23T11:07:00,564.529,34.855,4.012,29.681,1.7205,CoAP,gateway
2025-01-22T21:05:00,13.49,331.413,1.492,0.05,6.156,LoRaWAN,smart_meter
2025-01-22T13:19:00,26.495,172.429,2.417,0.414,3.3328,LoRaWAN,smart_meter
2025-01-23T07:14:00,34.933,31.223,1.053,6.49,0.1661,MQTT,env_sensor
2025-01-22T05:14:00,1151.15,63.502,2.389,216.416,0.6023,HTTPS,camera
2025-01-23T11:05:00,126.259,12.337,7.385,8.693,1.0618,MQTT,actuator
2025-01-22T20:01:00,8.0,44.484,9.476,107.643,0.0,HTTPS,gateway
2025-01-22T23:34:00,2180.808,72.954,1.291,1.631,0.8259,HTTPS,camera
2025-01-22T12:51:00,156.285,8.959,8.14,10.37,1.5991,MQTT,actuator
2025-01-22T00:43:00,22.211,135.158,3.89,0.476,2.7637,LoRaWAN,smart_meter
2025-01-22T16:19:00,28.809,141.072,4.323,0.241,5.721,LoRaWAN,smart_meter
2025-01-22T00:15:00,120.044,24.462,2.278,4.912,0.9581,MQTT,env_sensor
2025-01-22T19:20:00,1956.202,37.357,4.119,84.146,0.5291,HTTPS,camera
2025-01-22T08:39:00,118.227,19.393,8.129,9.913,1.0732,MQTT,actuator
2025-01-22T00:40:00,24.147,139.181,0.116,0.531,0.0,LoRaWAN,smart_meter
2025-01-23T07:16:00,109.477,36.907,2.428,6.186,1.2686,MQTT,env_sensor
2025-01-23T13:07:00,2448.022,10.738,6.941,193.208,0.4088,HTTPS,camera
2025-01-22T20:11:00,2497.583,28.67,13.275,99.471,0.929,HTTPS,camera
2025-01-23T05:46:00,1266.761,62.467,3.43,69.572,0.982,HTTPS,gateway
2025-01-23T04:41:00,1327.875,56.409,11.218,86.32,0.369,HTTPS,gateway
2025-01-23T08:07:00,18.245,159.731,2.02,0.255,2.6376,LoRaWAN,smart_meter
2025-01-22T10:01:00,148.943,19.568,2.605,21.311,2.879,MQTT,gateway
2025-01-22T23:12:00,85.457,18.447,4.118,6.776,1.0652,MQTT,env_sensor
2025-01-22T22:28:00,772.773,89.66,5.729,122.249,0.4999,HTTPS,camera
2025-01-21T23:09:00,2105.65,60.723,0.1,17.431,0.7144,HTTPS,camera
2025-01-23T03:39:00,477.198,36.741,13.844,16.151,1.6207,CoAP,gateway
2025-01-22T09:24:00,33.079,283.203,1.218,0.628,0.0,LoRaWAN,smart_meter
2025-01-22T02:21:00,118.397,24.145,0.991,4.803,2.5444,MQTT,env_sensor
2025-01-22T08:05:00,687.94,99.417,1.838,82.145,2.2738,CoAP,gateway
2025-01-22T12:32:00,983.414,45.55,8.062,4.655,2.7586,CoAP,gateway
2025-01-23T00:58:00,40.447,136.626,3.828,0.781,2.527,MQTT,smart_meter
2025-01-22T01:19:00,1542.875,26.363,15.855,43.748,1.3044,MQTT,gateway
2025-01-21T22:27:00,21.237,161.775,4.435,0.794,5.1188,LoRaWAN,smart_meter
2025-01-23T00:20:00,21.482,331.334,0.1,0.05,0.4293,LoRaWAN,smart_meter
2025-01-23T01:45:00,1970.708,47.812,5.637,118.677,0.1221,HTTPS,camera
2025-01-22T11:46:00,117.322,10.489,6.515,10.199,0.8681,CoAP,actuator
2025-01-22T11:27:00,41.081,193.833,3.32,0.05,0.0,LoRaWAN,smart_meter
2025-01-22T17:00:00,68.782,26.732,3.414,7.636,1.1726,MQTT,env_sensor
2025-01-22T04:47:00,18.203,213.805,1.777,0.098,2.8506,MQTT,smart_meter
2025-01-22T17:02:00,22.106,152.743,0.1,0.309,4.4424,LoRaWAN,smart_meter
2025-01-23T10:43:00,2146.778,10.658,2.761,33.8,2.0307,MQTT,gateway
2025-01-23T02:10:00,644.498,16.356,12.104,37.316,1.8628,CoAP,gateway
2025-01-23T11:55:00,43.212,16.939,3.46,0.05,1.6555,MQTT,env_sensor
2025-01-23T10:11:00,29.176,196.029,0.923,0.477,1.8479,LoRaWAN,smart_meter
2025-01-22T20:14:00,62.751,19.307,6.842,11.171,0.945,CoAP,actuator
2025-01-22T02:21:00,30.934,166.687,0.89,0.201,0.0,LoRaWAN,smart_meter
2025-01-22T15:37:00,2423.688,31.395,3.323,212.462,1.3395,HTTPS,camera
2025-01-23T10:48:00,16.526,208.14,2.509,0.768,5.1749,LoRaWAN,smart_meter
2025-01-22T09:17:00,86.819,4.865,8.85,6.866,1.9761,MQTT,actuator
2025-01-22T17:28:00,136.737,49.861,0.1,11.231,0.3716,MQTT,camera
2025-01-22T06:07:00,875.267,6.823,2.274,125.526,0.0,HTTPS,camera
2025-01-23T07:05:00,1806.81,45.83,0.1,213.945,0.2885,HTTPS,camera
2025-01-22T07:30:00,115.461,28.746,10.248,15.941,0.6622,MQTT,actuator
2025-01-22T10:51:00,45.047,24.118,10.182,3.669,0.0429,MQTT,actuator
2025-01-22T17:11:00,2371.681,48.036,3.093,182.741,0.0695,HTTPS,camera
2025-01-22T10:58:00,117.021,6.054,10.71,5.84,1.4398,MQTT,actuator
2025-01-23T12:35:00,42.746,16.281,1.303,0.05,1.3505,MQTT,env_sensor
2025-01-23T04:56:00,719.326,52.752,6.534,37.826,0.9336,HTTPS,camera
2025-01-22T17:17:00,81.889,31.168,0.95,4.853,2.7271,MQTT,env_sensor
2025-01-21T21:03:00,2109.854,28.717,1.443,119.968,0.5473,HTTPS,camera
2025-01-22T13:08:00,1175.245,26.219,17.16,120.595,2.5529,HTTPS,gateway
2025-01-21T20:21:00,739.985,28.736,10.557,39.548,2.0565,CoAP,gateway
2025-01-22T09:06:00,29.153,263.149,0.933,0.173,5.3931,LoRaWAN,smart_meter
2025-01-21T23:41:00,95.054,37.864,0.677,0.05,1.8078,MQTT,env_sensor
2025-01-22T02:24:00,1184.657,51.97,12.888,0.05,1.2306,CoAP,gateway
2025-01-23T07:37:00,21.741,125.005,2.29,0.188,4.5111,LoRaWAN,smart_meter
2025-01-21T21:08:00,56.695,25.002,5.255,4.461,0.1362,MQTT,env_sensor
2025-01-22T02:15:00,670.296,62.812,13.771,0.05,2.2019,CoAP,gateway
2025-01-21T22:53:00,1620.185,53.071,9.166,41.372,2.6219,HTTPS,gateway
2025-01-23T07:28:00,2363.55,54.706,7.24,42.858,1.0389,CoAP,camera
2025-01-23T00:01:00,147.636,13.095,0.534,0.88,1.2627,MQTT,actuator
2025-01-22T15:38:00,44.567,251.212,4.484,0.697,1.3643,LoRaWAN,smart_meter
2025-01-22T06:38:00,150.08,2.615,4.271,8.497,0.0,MQTT,actuator
2025-01-23T05:47:00,1379.474,50.612,7.845,76.427,0.0,HTTPS,gateway
2025-01-22T16:28:00,41.32,27.876,2.958,3.516,1.2919,MQTT,env_sensor
2025-01-22T23:02:00,1075.071,66.53,5.016,20.482,1.5082,CoAP,camera
2025-01-22T18:25:00,116.596,15.554,1.272,3.078,0.6033,MQTT,env_sensor
2025-01-21T23:40:00,83.13,18.868,9.506,7.13,0.6774,MQTT,actuator
2025-01-23T08:29:00,193.452,7.63,8.158,10.302,0.0815,MQTT,actuator
2025-01-22T04:36:00,2151.24,52.493,7.051,140.476,0.3048,HTTPS,camera
2025-01-23T07:43:00,1029.934,28.829,10.877,92.655,1.2825,CoAP,gateway
2025-01-23T05:10:00,116.025,40.648,6.091,5.978,0.2301,CoAP,env_sensor
2025-01-23T04:03:00,438.674,67.28,14.055,20.377,2.4175,CoAP,gateway
2025-01-22T01:27:00,33.882,126.381,0.539,0.286,7.109,LoRaWAN,smart_meter
2025-01-23T04:16:00,24.57,98.617,4.958,0.416,2.3866,MQTT,smart_meter
2025-01-23T07:26:00,94.346,14.987,2.92,14.157,0.1375,MQTT,actuator
2025-01-23T05:52:00,993.434,51.629,11.043,81.591,0.0,HTTPS,gateway
2025-01-23T11:17:00,2010.79,47.926,3.083,54.055,1.0755,HTTPS,camera
2025-01-22T12:49:00,76.282,15.952,6.874,1.506,1.0586,MQTT,actuator
2025-01-22T07:30:00,2849.572,23.369,3.544,156.577,0.7742,HTTPS,camera
2025-01-22T03:27:00,1706.059,63.765,15.768,0.05,1.2595,HTTPS,gateway
2025-01-22T11:30:00,1215.905,67.695,12.177,41.07,1.5658,CoAP,gateway
2025-01-22T17:32:00,26.787,26.22,4.031,1.659,1.901,MQTT,env_sensor
2025-01-21T21:54:00,40.426,162.441,3.14,0.327,1.2779,LoRaWAN,smart_meter
2025-01-22T19:01:00,1862.498,64.349,1.19,0.05,0.3726,HTTPS,gateway
2025-01-22T00:40:00,91.195,25.297,3.616,7.104,1.2334,MQTT,env_sensor
2025-01-22T21:38:00,27.046,222.75,2.057,0.438,4.0118,LoRaWAN,smart_meter
2025-01-23T02:37:00,1909.8,66.954,0.1,126.11,0.7057,HTTPS,camera
2025-01-22T13:54:00,83.036,39.894,5.671,4.79,1.8477,MQTT,env_sensor
2025-01-23T06:31:00,101.09,17.062,5.938,8.931,2.0276,MQTT,actuator
2025-01-23T01:48:00,150.981,20.394,6.616,8.134,0.0,CoAP,actuator
2025-01-23T07:10:00,88.365,32.969,2.243,3.635,1.9452,MQTT,env_sensor
2025-01-22T18:02:00,30.134,83.429,3.617,0.198,2.3543,LoRaWAN,smart_meter
2025-01-23T03:23:00,58.75,21.922,4.004,8.373,1.1422,MQTT,actuator
2025-01-22T19:08:00,50.096,28.966,2.366,0.05,0.9103,MQTT,env_sensor
2025-01-22T21:08:00,22.42,180.808,0.268,0.35,8.5007,LoRaWAN,smart_meter
2025-01-22T00:20:00,1209.271,50.832,7.651,15.851,0.7845,HTTPS,gateway
2025-01-22T22:12:00,41.369,37.46,1.399,2.958,1.2042,MQTT,env_sensor
2025-01-23T03:04:00,26.972,199.225,1.622,0.397,3.6135,MQTT,smart_meter
2025-01-22T22:00:00,1851.47,96.434,8.915,73.124,0.0,HTTPS,camera
2025-01-23T08:09:00,24.831,172.185,0.861,0.399,4.2434,LoRaWAN,smart_meter
2025-01-23T09:10:00,30.709,33.684,3.707,3.899,0.9347,MQTT,env_sensor
2025-01-22T03:19:00,1245.03,24.65,7.253,18.664,0.7469,HTTPS,gateway
2025-01-21T23:40:00,19.886,136.217,1.799,0.459,1.9619,LoRaWAN,smart_meter
2025-01-23T02:47:00,132.209,23.234,3.992,6.657,1.4657,MQTT,actuator
2025-01-22T04:19:00,84.158,16.855,2.696,7.004,0.5216,MQTT,env_sensor
2025-01-22T19:40:00,86.433,30.241,5.566,5.052,0.2036,CoAP,env_sensor
2025-01-22T07:52:00,94.062,40.241,4.861,2.679,2.4632,MQTT,env_sensor
2025-01-22T07:18:00,42.654,98.034,0.1,142.178,0.1693,HTTPS,camera
2025-01-23T03:28:00,91.285,11.825,5.663,6.607,0.9649,MQTT,actuator
2025-01-22T19:33:00,1166.42,62.511,2.122,0.05,0.0,HTTPS,camera
2025-01-22T12:36:00,1295.708,37.448,3.26,181.854,0.0,HTTPS,camera
2025-01-22T05:57:00,117.098,17.775,2.005,0.102,1.6638,MQTT,env_sensor
2025-01-22T23:45:00,52.038,14.511,8.028,4.935,0.0,MQTT,actuator
2025-01-23T02:51:00,20.342,203.215,2.902,0.482,7.5151,LoRaWAN,smart_meter
2025-01-23T05:59:00,861.708,54.146,12.01,136.794,0.0,HTTPS,gateway
2025-01-22T20:34:00,475.235,1.709,0.994,103.417,0.0,HTTPS,camera
2025-01-23T01:48:00,1039.653,93.047,3.176,97.011,0.7665,HTTPS,camera
2025-01-21T20:46:00,28.909,157.734,1.369,0.05,4.0115,LoRaWAN,smart_meter
2025-01-22T15:05:00,30.814,222.224,2.15,0.181,1.3294,LoRaWAN,smart_meter
2025-01-22T09:27:00,1769.474,35.739,8.758,61.904,2.4002,HTTPS,gateway
2025-01-21T21:02:00,1505.448,39.785,0.1,121.468,0.4829,HTTPS,camera
2025-01-22T17:10:00,101.581,43.184,3.02,7.02,3.1772,MQTT,env_sensor
2025-01-22T07:57:00,37.296,234.307,2.579,0.371,0.2097,LoRaWAN,smart_meter
2025-01-22T20:54:00,27.133,73.937,1.007,0.388,1.9109,MQTT,smart_meter
2025-01-22T06:10:00,80.133,23.087,4.81,11.816,0.8781,MQTT,env_sensor
2025-01-22T17:27:00,1179.53,70.142,0.1,174.686,1.1268,HTTPS,camera
2025-01-22T02:34:00,1848.888,75.442,4.503,144.888,1.2564,HTTPS,camera
2025-01-22T05:49:00,23.451,205.679,0.731,0.195,4.5898,MQTT,smart_meter
2025-01-22T16:14:00,2894.44,67.207,0.419,28.971,1.1704,HTTPS,camera
2025-01-23T10:00:00,1877.51,69.88,6.096,77.148,0.0,HTTPS,camera
2025-01-22T22:03:00,991.993,25.865,4.095,110.597,1.9691,MQTT,gateway
2025-01-23T08:03:00,72.079,3.298,0.1,6.545,0.5682,MQTT,actuator
2025-01-22T12:36:00,94.038,22.83,3.671,15.685,0.0,MQTT,actuator
2025-01-22T13:48:00,36.956,222.36,0.267,0.727,2.091,LoRaWAN,smart_meter
2025-01-23T07:49:00,52.559,11.698,7.743,9.904,1.1249,CoAP,actuator
2025-01-22T21:31:00,33.347,200.352,0.503,0.37,1.8311,LoRaWAN,smart_meter
2025-01-22T05:13:00,18.151,45.532,1.238,3.497,0.505,MQTT,env_sensor
2025-01-23T07:44:00,59.397,15.251,3.154,0.05,2.3698,MQTT,env_sensor
2025-01-22T23:28:00,99.01,3.059,8.98,13.563,1.6009,CoAP,actuator
2025-01-23T05:37:00,774.552,32.502,3.59,132.576,0.2937,HTTPS,gateway
2025-01-22T12:10:00,97.701,17.285,7.632,7.964,0.1233,CoAP,actuator
2025-01-22T06:44:00,1628.179,80.946,2.398,71.744,0.963,HTTPS,camera
2025-01-23T03:42:00,51.797,22.675,1.251,8.068,1.2793,MQTT,env_sensor
2025-01-22T07:54:00,83.512,22.302,7.718,8.973,0.0,MQTT,actuator
2025-01-22T12:46:00,110.038,8.831,3.306,13.446,0.6519,MQTT,actuator
2025-01-22T14:27:00,3107.215,67.493,0.75,66.267,0.4678,HTTPS,camera
2025-01-22T15:36:00,1845.977,42.77,6.118,159.968,0.4653,HTTPS,camera
2025-01-23T00:03:00,20.97,152.044,2.25,0.511,3.7531,LoRaWAN,smart_meter
2025-01-22T07:29:00,137.614,22.582,4.43,7.057,1.3908,MQTT,actuator
2025-01-22T14:42:00,1178.583,55.848,2.313,220.858,1.1626,HTTPS,camera
2025-01-22T06:38:00,172.411,126.276,0.265,65.908,0.2753,HTTPS,camera
2025-01-21T21:25:00,74.612,33.16,3.807,4.805,2.0421,MQTT,env_sensor
2025-01-21T22:29:00,805.117,42.3,11.67,67.667,0.1154,HTTPS,gateway
2025-01-21T20:28:00,287.43,54.56,12.52,99.429,1.1388,CoAP,gateway
2025-01-22T09:12:00,88.189,1.0,2.742,7.199,0.4162,MQTT,actuator
2025-01-23T11:08:00,72.358,24.382,3.274,5.383,0.562,MQTT,env_sensor
2025-01-23T07:15:00,832.481,43.253,3.22,20.744,0.4838,HTTPS,gateway
2025-01-22T05:36:00,1671.368,57.547,4.431,124.941,0.9818,HTTPS,camera
2025-01-22T04:03:00,1117.774,60.224,5.095,52.171,1.1554,HTTPS,gateway
2025-01-22T08:53:00,69.825,5.501,8.612,10.567,1.2515,MQTT,actuator
2025-01-22T07:49:00,261.015,45.002,11.346,88.977,0.1086,HTTPS,gateway
2025-01-23T07:22:00,55.849,27.72,0.1,3.73,1.1713,MQTT,env_sensor
2025-01-22T15:12:00,99.968,24.733,2.243,10.919,1.182,MQTT,actuator
2025-01-22T13:26:00,1604.251,69.538,4.451,88.002,0.636,HTTPS,camera
2025-01-22T17:05:00,33.851,135.608,2.073,0.055,4.583,MQTT,smart_meter
2025-01-22T04:48:00,1079.475,87.415,6.272,70.179,2.3176,HTTPS,gateway
2025-01-22T02:59:00,133.927,30.415,5.904,4.279,0.7539,CoAP,actuator
2025-01-23T08:07:00,2233.029,78.603,4.379,54.317,0.8689,HTTPS,camera
2025-01-22T20:11:00,403.893,61.78,12.78,64.894,1.6408,CoAP,gateway
2025-01-21T23:58:00,2524.967,31.157,4.246,135.148,0.9198,HTTPS,camera
2025-01-23T12:10:00,799.98,82.785,4.201,73.866,0.9276,HTTPS,gateway
2025-01-22T20:30:00,1753.35,22.505,5.032,57.056,2.1294,MQTT,gateway
2025-01-22T02:43:00,125.508,10.017,1.119,9.338,0.0,MQTT,actuator
2025-01-22T16:58:00,84.548,25.609,8.155,3.481,1.7173,MQTT,actuator
2025-01-22T15:20:00,49.343,15.791,3.141,2.097,1.4182,MQTT,env_sensor
2025-01-22T07:34:00,1569.071,29.821,0.1,73.639,0.7793,HTTPS,camera
2025-01-23T06:57:00,23.722,163.679,0.945,0.437,2.3851,LoRaWAN,smart_meter
2025-01-21T21:55:00,39.961,17.26,5.319,2.212,1.1129,MQTT,env_sensor
2025-01-23T01:19:00,1787.394,58.98,10.933,176.411,0.1041,HTTPS,camera
2025-01-21T23:00:00,31.098,192.583,1.086,0.215,0.0,LoRaWAN,smart_meter
2025-01-22T02:41:00,28.184,200.011,4.345,0.602,4.5115,LoRaWAN,smart_meter
2025-01-22T02:47:00,75.329,34.548,2.561,3.669,2.1269,MQTT,env_sensor
2025-01-23T07:41:00,1729.254,98.423,9.648,89.232,0.9408,HTTPS,camera
2025-01-22T10:24:00,1629.429,68.082,2.94,128.675,0.1793,HTTPS,camera
2025-01-23T09:43:00,112.013,22.212,0.1,8.366,3.4092,MQTT,env_sensor
2025-01-22T11:29:00,1851.808,70.839,4.004,146.207,0.9069,HTTPS,camera
2025-01-22T18:51:00,50.159,8.951,4.683,9.642,1.1744,MQTT,actuator
2025-01-22T23:56:00,423.86,17.941,4.969,90.845,1.7942,MQTT,gateway
2025-01-21T20:23:00,93.327,20.451,1.501,0.601,1.4298,MQTT,env_sensor
2025-01-21T21:48:00,519.624,41.274,6.89,59.915,0.4384,HTTPS,gateway
2025-01-21T20:09:00,59.487,22.547,8.679,18.459,0.4346,MQTT,actuator
2025-01-22T09:19:00,47.958,29.584,0.1,0.22,2.1925,MQTT,env_sensor
2025-01-21T23:40:00,8.0,54.576,9.397,0.05,1.0016,MQTT,gateway
2025-01-22T20:27:00,1831.2,16.335,2.555,136.624,0.6282,HTTPS,camera
2025-01-22T07:54:00,68.219,4.994,3.344,4.769,0.0,MQTT,env_sensor
2025-01-23T05:12:00,90.463,19.267,8.777,5.237,0.1456,MQTT,actuator
2025-01-22T12:44:00,19.701,87.963,2.078,0.126,1.8123,MQTT,smart_meter
2025-01-22T13:26:00,66.54,13.711,8.849,5.892,1.0824,MQTT,actuator
2025-01-22T02:51:00,22.114,198.31,3.072,0.72,2.4752,LoRaWAN,smart_meter
2025-01-22T11:50:00,1589.858,68.67,2.709,114.475,0.4729,HTTPS,camera
2025-01-22T11:00:00,28.085,36.554,1.322,0.05,2.6095,MQTT,smart_meter
2025-01-22T14:13:00,58.849,20.344,3.99,9.345,0.7062,MQTT,actuator
2025-01-22T07:42:00,67.454,18.845,11.535,9.848,0.6578,MQTT,actuator
2025-01-22T13:22:00,729.066,40.178,13.508,40.982,1.7588,CoAP,gateway
2025-01-22T08:40:00,121.87,13.027,5.879,8.502,0.5455,MQTT,actuator
2025-01-23T07:07:00,1153.385,55.9,0.1,171.791,0.3278,HTTPS,camera
2025-01-22T22:39:00,38.388,54.396,1.361,68.472,0.6666,HTTPS,gateway
2025-01-22T09:11:00,26.004,205.296,2.905,0.355,0.8259,LoRaWAN,smart_meter
2025-01-22T04:50:00,32.079,155.452,2.549,0.219,4.2153,LoRaWAN,smart_meter
2025-01-22T22:29:00,1773.616,83.678,3.329,85.804,0.2168,HTTPS,camera
2025-01-23T11:14:00,26.952,206.474,3.331,0.18,3.0892,LoRaWAN,smart_meter
2025-01-23T01:36:00,1341.053,33.467,17.191,62.941,1.0078,HTTPS,gateway
2025-01-23T04:43:00,597.746,6.42,2.002,88.281,0.0,HTTPS,gateway
2025-01-22T23:37:00,1717.151,74.46,0.1,186.546,0.0,HTTPS,camera
2025-01-21T20:14:00,112.896,19.433,0.453,4.918,0.4701,MQTT,env_sensor
2025-01-22T21:25:00,1798.318,83.379,11.267,110.775,1.4055,HTTPS,camera
2025-01-22T15:00:00,124.869,30.858,3.503,15.456,0.1304,HTTPS,actuator
2025-01-23T07:25:00,663.936,54.499,4.911,177.545,1.2926,HTTPS,camera
2025-01-23T11:46:00,62.12,20.622,3.324,5.846,1.6714,MQTT,env_sensor
2025-01-21T21:38:00,34.502,27.101,0.174,3.067,2.3294,MQTT,env_sensor
2025-01-22T20:32:00,1216.79,71.753,5.279,13.802,0.8459,HTTPS,camera
2025-01-22T12:43:00,1764.03,43.166,6.881,37.964,1.3498,CoAP,gateway
2025-01-23T03:11:00,2365.482,47.219,2.654,196.11,1.1659,HTTPS,camera
2025-01-22T14:28:00,15.341,271.877,1.977,0.05,3.7699,LoRaWAN,smart_meter
2025-01-22T01:51:00,69.364,34.624,5.823,1.578,0.881,CoAP,env_sensor
2025-01-22T08:15:00,716.425,66.986,10.818,32.953,0.1329,CoAP,gateway
2025-01-23T07:34:00,2454.702,22.021,7.292,52.146,0.6457,HTTPS,gateway
2025-01-22T14:50:00,144.026,19.933,6.156,10.825,2.2004,CoAP,actuator
2025-01-21T22:12:00,28.755,196.129,1.835,0.844,2.7398,LoRaWAN,smart_meter
2025-01-22T07:08:00,1295.93,45.688,7.848,75.068,0.6282,HTTPS,gateway
2025-01-23T05:29:00,103.957,23.038,7.53,6.068,0.1926,MQTT,actuator
2025-01-22T13:48:00,127.409,23.41,9.218,5.201,0.0,MQTT,actuator
2025-01-23T03:00:00,8.0,1.0,15.743,86.908,1.0119,MQTT,gateway
2025-01-22T03:21:00,1670.45,64.943,0.1,58.578,0.2063,HTTPS,camera
2025-01-22T15:55:00,1079.798,40.061,4.876,16.293,1.5815,HTTPS,gateway
2025-01-22T02:07:00,69.422,31.381,1.702,5.059,1.2505,MQTT,env_sensor
2025-01-22T04:31:00,576.457,22.416,2.245,0.05,0.0,HTTPS,gateway
2025-01-22T06:19:00,20.933,160.355,1.587,0.05,3.5397,LoRaWAN,smart_meter
2025-01-22T12:55:00,30.653,170.294,2.217,0.399,6.1946,LoRaWAN,smart_meter
2025-01-23T10:18:00,92.594,25.227,6.23,4.691,0.0408,MQTT,env_sensor
2025-01-22T21:51:00,20.604,134.726,4.958,0.181,1.7582,LoRaWAN,smart_meter
2025-01-21T21:10:00,388.657,41.928,0.1,134.939,1.607,HTTPS,camera
2025-01-23T05:08:00,1536.253,33.251,2.769,263.893,1.0485,HTTPS,camera
2025-01-21T21:19:00,1661.501,42.882,2.172,102.194,0.8869,HTTPS,camera
2025-01-23T04:32:00,17.748,306.907,0.1,0.344,6.5935,LoRaWAN,smart_meter
2025-01-23T02:19:00,113.395,17.891,6.401,5.794,1.0224,MQTT,actuator
2025-01-21T21:07:00,58.444,37.007,2.491,3.431,0.162,MQTT,env_sensor
2025-01-22T09:41:00,1209.979,63.552,5.345,140.503,1.9924,HTTPS,camera
2025-01-22T05:43:00,110.626,1.0,9.819,11.723,1.0882,MQTT,actuator
2025-01-22T03:54:00,27.805,232.013,2.063,0.576,3.0299,LoRaWAN,smart_meter
2025-01-22T05:09:00,80.875,22.965,2.582,4.267,0.4432,MQTT,env_sensor
2025-01-22T04:09:00,8.0,65.889,9.593,71.912,1.9707,MQTT,gateway
2025-01-22T15:37:00,610.348,25.896,3.712,25.456,0.8832,HTTPS,gateway
2025-01-22T09:25:00,1815.455,62.043,7.64,129.497,2.2336,HTTPS,gateway
2025-01-23T00:33:00,1744.364,12.554,8.166,72.344,2.0819,HTTPS,gateway
2025-01-22T17:28:00,60.215,16.028,3.685,5.743,0.269,MQTT,actuator
2025-01-22T08:07:00,36.922,204.538,0.416,0.183,4.5364,LoRaWAN,smart_meter
2025-01-22T18:24:00,171.545,23.82,1.796,11.18,1.6793,MQTT,actuator
2025-01-23T10:07:00,129.676,32.38,0.1,0.05,0.3528,MQTT,actuator
2025-01-21T23:55:00,73.742,31.464,5.448,7.425,1.6779,CoAP,actuator
2025-01-23T13:39:00,1062.712,39.241,16.214,44.686,1.9404,CoAP,gateway
2025-01-22T05:06:00,1765.46,52.538,5.488,144.675,0.4882,HTTPS,camera
2025-01-22T22:19:00,1664.383,47.102,9.811,66.497,0.0,HTTPS,gateway
2025-01-22T11:42:00,108.577,42.482,1.443,1.631,1.8029,MQTT,env_sensor
2025-01-22T00:04:00,1739.035,71.423,3.389,137.07,0.4409,HTTPS,camera
2025-01-22T01:01:00,95.881,34.247,5.164,6.193,0.0,MQTT,env_sensor
2025-01-22T23:36:00,112.457,45.826,6.121,0.05,0.0,CoAP,gateway
2025-01-22T13:03:00,69.676,27.265,3.847,6.894,0.0771,MQTT,actuator
2025-01-22T20:17:00,23.017,228.072,3.947,0.393,2.7972,LoRaWAN,smart_meter
2025-01-22T08:49:00,28.418,100.197,3.511,0.05,1.7536,LoRaWAN,smart_meter
2025-01-21T23:02:00,1094.501,36.202,0.1,58.584,2.4817,HTTPS,gateway
2025-01-22T17:42:00,17.533,166.386,2.375,0.524,0.0,LoRaWAN,smart_meter
2025-01-22T09:26:00,79.27,64.106,1.552,3.387,1.7632,MQTT,env_sensor
2025-01-23T02:25:00,1440.673,79.764,12.127,40.716,1.3152,HTTPS,camera
2025-01-22T14:50:00,886.233,27.302,0.59,169.242,0.6975,HTTPS,camera
2025-01-22T08:45:00,130.691,23.537,2.266,0.05,1.1047,MQTT,actuator
2025-01-22T00:09:00,36.069,205.037,2.164,0.673,2.4067,LoRaWAN,smart_meter
2025-01-23T03:25:00,1246.24,52.621,16.434,88.281,0.9646,HTTPS,gateway
2025-01-23T00:17:00,18.919,30.375,0.1,2.803,1.0984,MQTT,env_sensor
2025-01-22T07:16:00,1889.008,41.889,9.138,0.05,0.0,HTTPS,gateway
2025-01-22T06:09:00,34.188,244.011,2.747,0.184,3.4021,LoRaWAN,smart_meter
2025-01-22T10:39:00,934.845,42.159,1.695,28.806,1.1392,MQTT,gateway
2025-01-23T05:21:00,1305.404,78.549,2.996,60.138,0.6231,HTTPS,camera
2025-01-23T02:46:00,2291.026,25.743,0.986,16.734,0.0,HTTPS,camera
2025-01-22T05:44:00,133.327,16.964,5.225,15.003,0.0,MQTT,actuator
2025-01-22T08:14:00,28.359,257.591,0.793,0.345,6.1667,LoRaWAN,smart_meter
2025-01-22T10:37:00,101.737,1.0,9.634,10.643,1.7177,MQTT,actuator
2025-01-22T21:21:00,17.761,221.241,0.1,0.524,2.6034,LoRaWAN,smart_meter
2025-01-22T14:33:00,121.751,13.659,0.258,1.324,0.0,MQTT,env_sensor
2025-01-22T12:07:00,34.251,31.757,0.1,0.543,0.4313,LoRaWAN,env_sensor
2025-01-23T10:08:00,891.304,93.804,6.782,90.088,2.5412,CoAP,gateway
2025-01-21T22:52:00,2724.144,28.589,2.561,100.325,0.8912,HTTPS,camera
2025-01-21T23:26:00,70.022,17.745,10.341,7.547,0.7162,MQTT,actuator
2025-01-21T23:29:00,1082.239,38.88,0.1,63.475,1.2731,HTTPS,gateway
2025-01-22T15:22:00,1281.214,100.795,6.835,132.304,0.0,HTTPS,camera
2025-01-23T13:37:00,2290.971,96.669,3.147,87.3,0.2482,HTTPS,camera
2025-01-22T10:24:00,149.066,13.73,8.523,3.62,0.5463,MQTT,actuator
2025-01-23T11:25:00,119.111,19.329,6.812,2.527,1.2201,MQTT,actuator
2025-01-22T17:20:00,86.296,54.722,4.126,7.039,1.372,MQTT,env_sensor
2025-01-22T09:17:00,102.77,25.299,2.206,8.83,0.7957,MQTT,env_sensor
2025-01-22T20:08:00,616.897,94.459,6.18,40.893,0.0,CoAP,camera
2025-01-23T04:45:00,38.74,53.098,2.315,25.975,1.1195,MQTT,gateway
2025-01-22T00:44:00,35.586,276.427,6.46,0.735,2.7901,LoRaWAN,smart_meter
2025-01-22T09:05:00,131.267,31.92,4.752,8.148,2.2415,MQTT,actuator
2025-01-22T03:51:00,1174.752,67.585,5.619,134.831,0.6765,HTTPS,camera
2025-01-22T18:07:00,1140.109,33.868,1.635,117.369,1.049,HTTPS,camera
2025-01-23T05:46:00,58.315,25.261,1.59,5.638,0.0,MQTT,env_sensor
2025-01-21T21:20:00,26.087,214.73,2.434,0.239,5.243,LoRaWAN,smart_meter
2025-01-23T10:33:00,28.579,336.906,3.804,0.051,2.7957,LoRaWAN,smart_meter
2025-01-23T04:49:00,1073.514,66.921,7.928,118.33,1.4247,HTTPS,gateway
2025-01-23T01:49:00,82.585,25.061,3.689,6.083,0.5563,MQTT,env_sensor
2025-01-23T00:06:00,1353.467,13.354,8.057,137.23,1.4384,MQTT,gateway
2025-01-23T04:59:00,108.729,9.236,9.986,9.603,0.0,MQTT,actuator
2025-01-22T09:02:00,22.358,63.69,1.025,0.122,4.3987,MQTT,smart_meter
2025-01-22T23:04:00,905.666,47.314,9.459,30.869,0.0,HTTPS,gateway
2025-01-21T22:17:00,34.037,4.933,3.041,0.05,0.0,MQTT,smart_meter
2025-01-22T22:00:00,16.851,234.228,1.48,0.05,2.6649,LoRaWAN,smart_meter
2025-01-22T08:13:00,25.813,161.34,0.279,0.782,0.4181,LoRaWAN,smart_meter
2025-01-21T23:09:00,60.713,33.07,2.598,5.458,1.9781,MQTT,env_sensor
2025-01-23T02:55:00,94.68,16.461,5.54,8.316,1.0063,MQTT,actuator
2025-01-21T20:42:00,166.481,19.401,6.923,6.825,0.4151,MQTT,actuator
2025-01-22T08:15:00,30.226,235.197,2.678,0.26,2.4493,LoRaWAN,smart_meter
2025-01-22T14:26:00,62.223,20.392,0.661,3.115,0.0,MQTT,env_sensor
2025-01-22T09:34:00,616.963,38.443,0.1,53.001,0.6246,HTTPS,gateway
2025-01-23T00:07:00,8.0,39.261,16.632,86.111,1.0834,MQTT,gateway
2025-01-22T17:06:00,109.694,11.329,4.889,6.848,0.8266,MQTT,actuator
2025-01-23T11:45:00,1070.794,60.303,1.937,83.196,0.5864,HTTPS,camera
2025-01-22T23:19:00,1913.971,63.154,11.745,113.302,1.7111,HTTPS,gateway
2025-01-21T21:58:00,71.595,30.481,7.897,8.351,0.3948,CoAP,actuator
2025-01-22T19:25:00,50.975,241.601,0.88,0.537,0.0,MQTT,smart_meter
2025-01-23T01:13:00,32.46,134.411,1.084,0.441,4.5721,LoRaWAN,smart_meter
2025-01-22T08:50:00,109.396,8.817,0.1,12.732,1.9027,MQTT,actuator
2025-01-22T12:00:00,1231.311,42.076,4.424,0.05,1.4094,HTTPS,camera
2025-01-22T01:37:00,1354.649,69.548,9.947,135.265,1.3645,HTTPS,camera
2025-01-21T21:23:00,1141.898,51.536,6.779,174.823,0.0,HTTPS,camera
2025-01-22T00:28:00,86.184,13.723,4.08,4.427,1.9944,MQTT,env_sensor
2025-01-22T22:06:00,1261.334,99.216,8.104,0.05,0.4869,HTTPS,camera
2025-01-22T02:05:00,1109.58,61.369,11.855,69.799,1.7906,HTTPS,gateway
2025-01-22T09:50:00,71.946,24.756,2.32,5.575,0.2741,MQTT,env_sensor
2025-01-23T03:38:00,34.521,275.865,0.844,0.629,2.3967,LoRaWAN,smart_meter
2025-01-23T02:36:00,30.152,164.266,1.044,0.408,1.9985,LoRaWAN,smart_meter
2025-01-23T01:29:00,535.413,37.965,4.359,121.539,0.3354,HTTPS,camera
2025-01-22T03:34:00,62.803,32.506,3.171,2.183,1.6883,MQTT,env_sensor
2025-01-22T15:26:00,79.069,4.311,4.306,0.754,1.2548,MQTT,env_sensor
2025-01-23T09:55:00,108.299,23.184,4.913,1.234,0.913,MQTT,env_sensor
2025-01-22T12:53:00,79.731,18.599,0.1,3.017,0.5538,MQTT,env_sensor
2025-01-22T04:39:00,854.976,35.564,13.054,44.958,0.1798,CoAP,gateway
2025-01-22T23:31:00,3117.815,52.532,5.812,111.023,0.6269,HTTPS,camera
2025-01-23T01:52:00,142.541,32.203,6.072,6.309,0.8086,MQTT,actuator
2025-01-23T07:41:00,28.264,166.34,1.728,0.286,4.6194,LoRaWAN,smart_meter
2025-01-23T08:08:00,1479.738,85.001,9.641,88.245,2.9598,HTTPS,gateway
2025-01-23T07:19:00,2536.934,42.26,2.763,202.617,0.7124,HTTPS,camera
2025-01-23T00:05:00,93.756,50.237,2.161,5.263,0.0,MQTT,env_sensor
2025-01-22T21:16:00,49.257,36.176,5.065,6.593,1.4319,CoAP,env_sensor
2025-01-22T12:03:00,1827.875,43.788,0.1,177.305,0.7913,HTTPS,camera
2025-01-23T00:15:00,99.387,31.797,5.051,3.503,1.7044,MQTT,env_sensor
2025-01-22T17:53:00,111.411,14.432,6.755,4.59,0.8081,MQTT,actuator
2025-01-22T12:46:00,515.461,54.088,7.296,78.929,1.2873,CoAP,gateway
2025-01-22T07:04:00,95.698,14.892,8.748,7.149,1.0157,MQTT,actuator
2025-01-22T09:49:00,137.252,14.591,10.101,11.73,0.3654,MQTT,actuator
2025-01-22T14:58:00,53.222,13.504,7.38,8.895,0.947,MQTT,actuator
2025-01-22T08:41:00,131.017,10.12,8.466,4.542,1.0569,MQTT,actuator
2025-01-21T23:07:00,1398.11,51.841,6.602,16.211,1.3591,CoAP,gateway
2025-01-22T22:22:00,30.524,176.613,2.082,0.495,5.3564,LoRaWAN,smart_meter
2025-01-21T23:36:00,35.177,11.247,5.209,3.096,1.2485,MQTT,env_sensor
2025-01-23T02:43:00,113.536,29.807,0.169,3.342,1.3886,MQTT,env_sensor
2025-01-22T08:25:00,30.695,234.584,1.542,0.511,3.2885,LoRaWAN,smart_meter
2025-01-23T12:56:00,2052.952,70.839,5.488,214.47,0.9047,HTTPS,camera
2025-01-23T05:43:00,60.854,20.825,1.521,3.657,0.6662,MQTT,env_sensor
2025-01-23T00:04:00,31.707,63.947,3.451,0.472,1.1795,MQTT,smart_meter
2025-01-22T06:03:00,68.503,11.201,5.28,9.139,0.2313,MQTT,actuator
2025-01-22T10:05:00,2120.671,54.782,3.786,84.902,0.0541,HTTPS,camera
2025-01-22T18:42:00,111.436,25.861,8.359,3.942,0.0,MQTT,actuator
2025-01-22T05:59:00,661.62,20.522,4.717,94.46,0.0,HTTPS,gateway
2025-01-22T22:46:00,87.705,21.239,1.834,4.51,2.5284,MQTT,env_sensor
2025-01-21T23:56:00,1217.424,31.569,9.03,49.845,2.7919,CoAP,gateway
2025-01-22T21:17:00,913.389,27.849,9.227,120.363,0.5065,CoAP,camera
2025-01-23T06:15:00,663.066,52.052,0.1,40.974,1.5456,MQTT,camera
2025-01-23T07:20:00,83.728,11.199,6.489,12.289,1.4092,MQTT,actuator
2025-01-22T04:00:00,1124.459,69.816,3.321,85.212,0.7136,HTTPS,camera
2025-01-23T06:38:00,1162.258,56.188,13.104,30.491,1.7013,CoAP,gateway
2025-01-23T03:51:00,853.484,50.958,10.637,67.928,1.5985,CoAP,gateway
2025-01-22T11:21:00,22.8,113.643,1.718,0.326,6.4775,LoRaWAN,smart_meter
2025-01-22T20:40:00,520.82,75.145,14.179,16.044,0.1896,CoAP,gateway
2025-01-21T21:59:00,896.432,57.595,8.369,45.72,0.6614,CoAP,camera
2025-01-22T05:47:00,1455.7,81.74,0.1,199.203,0.5468,HTTPS,camera
2025-01-22T22:12:00,36.036,209.103,4.043,0.228,3.7223,LoRaWAN,smart_meter
2025-01-22T21:56:00,104.446,35.178,6.469,1.977,2.0909,MQTT,env_sensor
2025-01-21T20:58:00,126.205,28.05,6.452,9.494,2.7774,MQTT,actuator
2025-01-22T01:53:00,100.058,13.066,2.764,3.402,0.0005,MQTT,actuator
2025-01-22T21:35:00,2319.282,117.494,6.307,122.831,0.515,HTTPS,camera
2025-01-23T13:13:00,114.109,16.791,6.845,2.603,1.4894,MQTT,actuator
2025-01-23T05:36:00,44.105,20.481,0.1,1.33,0.0,MQTT,env_sensor
2025-01-22T06:56:00,684.547,43.592,11.497,22.214,0.501,CoAP,gateway
2025-01-23T01:24:00,111.276,16.599,8.991,5.982,0.3921,MQTT,actuator
2025-01-22T19:29:00,28.335,9.278,0.1,2.9,2.5011,MQTT,env_sensor
2025-01-22T03:11:00,96.148,9.627,5.285,3.484,1.3308,CoAP,actuator
2025-01-22T13:44:00,931.779,55.331,6.441,98.98,1.0218,CoAP,gateway
2025-01-22T02:00:00,30.67,259.209,3.912,0.186,7.171,LoRaWAN,smart_meter
2025-01-22T06:27:00,88.998,3.205,10.014,4.78,1.7107,MQTT,actuator
2025-01-23T07:57:00,167.656,7.934,7.95,4.362,0.7244,MQTT,actuator
2025-01-22T23:13:00,2224.853,93.946,5.033,186.413,0.0401,HTTPS,camera
2025-01-22T11:41:00,78.839,7.463,6.513,9.033,0.0,CoAP,actuator
2025-01-22T11:45:00,1997.854,20.685,4.175,217.767,0.2119,HTTPS,camera
2025-01-23T03:32:00,17.767,218.39,2.911,0.144,4.7842,LoRaWAN,smart_meter
2025-01-22T22:30:00,89.936,29.633,3.47,0.05,0.929,MQTT,env_sensor
2025-01-23T13:18:00,71.525,1.0,3.581,4.157,0.6235,MQTT,env_sensor
2025-01-22T15:20:00,1391.235,128.118,8.268,136.389,0.634,HTTPS,camera
2025-01-23T06:27:00,15.142,178.144,3.202,0.453,1.7745,LoRaWAN,smart_meter
2025-01-22T02:17:00,1471.437,21.861,3.412,50.15,2.4205,HTTPS,gateway
2025-01-22T12:33:00,102.079,22.652,0.1,3.797,2.4864,MQTT,env_sensor
2025-01-21T21:49:00,989.699,59.894,4.722,67.866,0.0,HTTPS,camera
2025-01-23T05:04:00,137.363,17.363,4.382,9.999,0.2687,MQTT,actuator
2025-01-23T08:22:00,1779.498,79.84,2.644,199.226,0.9856,HTTPS,camera
2025-01-22T13:55:00,59.353,25.142,6.275,4.032,0.5801,MQTT,env_sensor
2025-01-22T14:36:00,27.276,174.975,1.483,0.05,0.5126,LoRaWAN,smart_meter
2025-01-22T21:48:00,88.317,29.427,1.738,6.047,2.8359,MQTT,env_sensor
2025-01-21T21:31:00,840.8,62.034,7.286,55.889,0.5758,HTTPS,gateway
2025-01-23T08:58:00,1610.02,1.0,1.932,81.348,0.0,HTTPS,gateway
2025-01-21T23:59:00,67.544,20.631,1.952,0.179,1.2007,MQTT,env_sensor
2025-01-23T03:08:00,1058.056,66.292,6.231,58.944,0.5937,HTTPS,gateway
2025-01-21T20:30:00,677.19,29.785,15.149,71.891,0.2322,HTTPS,gateway
2025-01-23T02:44:00,24.333,188.896,0.1,0.715,6.0367,LoRaWAN,smart_meter
2025-01-21T21:31:00,122.333,7.686,7.377,13.094,0.3349,CoAP,actuator
2025-01-22T05:49:00,8.0,89.222,0.1,116.299,0.3795,HTTPS,camera
2025-01-22T03:44:00,396.64,22.012,13.296,86.639,1.001,CoAP,gateway
2025-01-22T22:56:00,26.908,155.0,1.372,0.556,4.9241,LoRaWAN,smart_meter
2025-01-22T15:49:00,16.221,147.147,0.919,0.407,1.6584,LoRaWAN,smart_meter
2025-01-22T12:24:00,182.063,17.088,8.319,13.84,1.5347,MQTT,actuator
2025-01-22T01:45:00,19.778,167.469,4.548,0.36,3.1219,LoRaWAN,smart_meter
2025-01-22T08:21:00,126.798,6.812,9.833,15.447,1.1827,CoAP,actuator
2025-01-23T08:40:00,105.468,23.055,5.581,7.553,0.5205,CoAP,actuator
2025-01-21T23:00:00,1094.313,22.399,1.54,80.777,0.8469,HTTPS,gateway
2025-01-23T09:45:00,830.464,93.77,3.193,172.815,0.9541,HTTPS,camera
2025-01-23T00:07:00,1930.461,75.988,7.632,138.82,0.5481,HTTPS,camera
2025-01-22T11:37:00,30.754,103.334,4.097,0.442,2.5082,LoRaWAN,smart_meter
2025-01-22T18:10:00,1802.901,85.49,6.41,188.613,0.6111,HTTPS,camera
2025-01-23T12:57:00,65.462,36.218,3.722,5.12,0.5415,MQTT,env_sensor
2025-01-23T12:26:00,798.789,58.842,7.368,34.606,0.398,CoAP,gateway
2025-01-21T23:46:00,1632.858,35.831,0.1,74.298,1.526,HTTPS,gateway
2025-01-22T01:20:00,1265.599,47.456,1.989,61.61,1.8206,HTTPS,gateway
2025-01-22T08:03:00,73.744,50.657,0.854,5.817,3.298,MQTT,env_sensor
2025-01-23T03:34:00,29.827,87.428,0.1,0.257,2.889,MQTT,smart_meter
2025-01-23T05:26:00,1489.224,45.553,4.568,51.336,0.2539,HTTPS,gateway
2025-01-23T06:07:00,2639.265,1.0,6.374,141.578,0.901,HTTPS,camera
2025-01-22T13:43:00,21.121,126.662,0.1,0.53,5.1799,LoRaWAN,smart_meter
2025-01-23T08:25:00,875.328,21.723,12.065,63.86,2.075,CoAP,gateway
2025-01-22T09:08:00,88.967,18.766,1.184,9.668,0.0,MQTT,env_sensor
2025-01-22T20:09:00,69.379,35.049,3.097,0.749,1.3914,MQTT,env_sensor
2025-01-23T09:48:00,72.556,21.466,4.698,0.05,0.0,MQTT,env_sensor
2025-01-21T21:35:00,143.8,19.165,8.722,4.605,0.0,MQTT,actuator
2025-01-23T11:45:00,14.554,129.458,4.84,0.328,2.0269,LoRaWAN,smart_meter
2025-01-21T21:35:00,19.686,122.115,0.1,0.05,4.4037,LoRaWAN,smart_meter
2025-01-23T12:05:00,1446.781,70.059,10.781,136.435,0.5478,HTTPS,camera
2025-01-23T08:22:00,34.841,174.75,1.482,0.509,3.6506,LoRaWAN,smart_meter
2025-01-23T13:04:00,2398.35,35.557,5.462,163.734,1.1087,HTTPS,camera
2025-01-22T03:07:00,81.966,11.346,4.011,0.643,0.0,MQTT,env_sensor
2025-01-22T22:45:00,1478.087,55.93,3.381,16.043,1.6563,HTTPS,camera
2025-01-22T14:32:00,32.16,150.995,0.449,0.246,3.0097,LoRaWAN,smart_meter
2025-01-21T22:27:00,40.436,35.637,4.324,6.707,0.1715,MQTT,env_sensor
2025-01-22T15:35:00,99.284,33.422,0.438,3.19,1.4379,MQTT,env_sensor
2025-01-23T13:17:00,38.174,31.816,9.536,0.05,0.2162,LoRaWAN,env_sensor
2025-01-22T05:08:00,118.618,3.832,7.202,8.792,0.0,MQTT,actuator
2025-01-22T18:49:00,133.699,13.45,13.418,8.464,1.1855,MQTT,actuator
2025-01-22T21:56:00,1447.551,39.525,6.921,73.516,1.8737,HTTPS,gateway
2025-01-22T08:14:00,1055.824,78.07,6.92,84.753,0.6262,HTTPS,gateway
2025-01-23T06:45:00,109.984,20.284,6.417,8.866,1.2781,MQTT,actuator
2025-01-22T18:25:00,24.808,219.101,0.1,0.508,2.7103,LoRaWAN,smart_meter
2025-01-23T12:59:00,72.94,27.895,3.273,9.514,0.2995,MQTT,env_sensor
2025-01-22T00:23:00,1595.39,69.693,5.631,75.819,1.7616,HTTPS,gateway
2025-01-23T08:36:00,31.671,183.744,1.079,0.05,1.7519,LoRaWAN,smart_meter
2025-01-22T15:48:00,57.816,37.899,0.1,5.003,1.1733,MQTT,env_sensor
2025-01-22T21:22:00,1247.043,37.543,3.138,158.023,0.7667,HTTPS,camera
2025-01-22T23:30:00,116.98,28.924,1.138,8.615,1.2567,MQTT,env_sensor
2025-01-22T05:58:00,426.18,34.092,2.462,55.34,0.0,HTTPS,gateway
2025-01-22T19:43:00,127.654,13.065,8.106,9.912,0.0,MQTT,actuator
2025-01-22T15:43:00,838.792,26.692,3.312,38.11,1.164,MQTT,gateway
2025-01-22T16:20:00,88.238,6.461,2.968,14.058,0.8347,MQTT,actuator
2025-01-22T19:48:00,150.097,40.692,6.477,74.509,0.4402,HTTPS,gateway
2025-01-22T00:19:00,665.653,65.54,13.764,0.05,1.0742,CoAP,gateway
2025-01-21T23:34:00,24.007,194.915,0.1,0.79,5.3765,LoRaWAN,smart_meter
2025-01-23T00:10:00,913.291,27.644,6.708,26.459,0.7545,CoAP,camera
2025-01-23T01:18:00,2514.197,74.008,8.929,96.25,0.5544,HTTPS,camera
2025-01-22T14:34:00,29.517,131.193,0.233,0.415,2.9399,LoRaWAN,smart_meter
2025-01-21T21:34:00,81.258,32.601,0.1,0.109,0.0,HTTPS,env_sensor
2025-01-22T18:50:00,261.591,93.07,8.526,88.194,1.1354,CoAP,gateway
2025-01-21T20:48:00,115.122,34.05,0.1,1.72,0.7794,MQTT,env_sensor
2025-01-22T12:56:00,83.884,11.66,1.051,5.97,2.8329,MQTT,env_sensor
2025-01-21T20:53:00,27.771,28.807,1.8,4.65,1.0435,MQTT,env_sensor
2025-01-22T00:04:00,134.468,18.147,5.508,11.067,0.6042,MQTT,actuator
2025-01-22T12:16:00,986.296,78.062,16.63,133.466,0.0327,HTTPS,gateway
2025-01-22T04:43:00,83.057,30.677,1.94,2.066,1.3817,MQTT,env_sensor
2025-01-22T10:17:00,1709.046,55.183,2.823,45.154,0.0248,HTTPS,camera
2025-01-22T10:53:00,1126.652,119.037,1.907,263.552,0.13,HTTPS,camera
2025-01-22T15:38:00,525.7,52.664,11.606,130.362,1.7349,CoAP,gateway
2025-01-23T02:34:00,59.839,27.768,2.971,4.207,0.0,MQTT,env_sensor
2025-01-22T13:53:00,77.77,24.23,4.583,10.117,0.4024,MQTT,actuator
2025-01-23T08:34:00,106.145,32.794,3.919,8.176,0.1266,MQTT,actuator
2025-01-22T12:25:00,25.486,90.799,4.5,0.422,2.6553,MQTT,smart_meter
2025-01-23T07:48:00,63.574,31.538,0.206,10.566,0.9171,MQTT,env_sensor
2025-01-22T11:05:00,1072.233,67.952,3.254,57.815,0.6699,HTTPS,gateway
2025-01-21T23:03:00,1061.792,43.276,13.24,86.509,0.6862,HTTPS,gateway
2025-01-22T20:50:00,819.811,98.608,0.1,141.275,1.1126,MQTT,camera
2025-01-21T22:05:00,964.72,24.076,8.296,105.142,0.1925,HTTPS,gateway
2025-01-23T04:29:00,199.868,21.34,12.882,107.754,0.0842,MQTT,gateway
2025-01-23T02:19:00,24.317,141.803,3.832,0.656,2.0353,LoRaWAN,smart_meter
2025-01-23T07:33:00,117.963,8.315,11.932,13.077,1.7134,CoAP,actuator
2025-01-22T06:15:00,125.678,23.421,3.532,3.967,1.6172,MQTT,actuator
2025-01-22T23:24:00,28.624,115.014,3.275,0.39,0.6422,LoRaWAN,smart_meter
2025-01-23T10:59:00,184.824,35.229,5.233,8.324,0.3486,CoAP,actuator
2025-01-22T12:43:00,117.843,32.984,5.88,5.093,0.2304,MQTT,actuator
2025-01-22T17:20:00,33.867,217.192,2.125,0.234,7.5966,LoRaWAN,smart_meter
2025-01-23T06:51:00,2331.878,57.297,4.232,40.232,0.2459,HTTPS,camera
2025-01-21T22:51:00,34.027,35.78,0.1,5.594,2.0267,MQTT,env_sensor
2025-01-21T23:51:00,775.643,43.25,3.721,40.968,0.3224,HTTPS,gateway
2025-01-22T08:20:00,297.73,54.852,0.1,103.136,0.9438,HTTPS,camera
2025-01-22T16:54:00,23.045,118.323,3.103,0.05,0.0,LoRaWAN,smart_meter
2025-01-22T14:02:00,1277.237,60.574,6.984,46.754,0.1729,HTTPS,camera
2025-01-22T03:15:00,28.343,145.451,0.1,0.384,1.4578,LoRaWAN,smart_meter
2025-01-22T08:43:00,102.293,15.852,4.087,2.822,1.6796,MQTT,env_sensor
2025-01-22T02:06:00,31.203,174.887,2.208,0.145,1.8461,LoRaWAN,smart_meter
2025-01-22T01:54:00,991.711,30.829,9.013,79.076,0.0,HTTPS,gateway
2025-01-22T15:16:00,1118.346,39.867,8.704,56.029,2.9354,HTTPS,gateway
2025-01-23T06:30:00,1842.537,50.611,2.006,59.458,0.7375,HTTPS,camera
2025-01-23T04:14:00,122.073,13.858,9.183,8.342,0.4491,CoAP,actuator
2025-01-22T01:43:00,69.033,44.811,3.41,1.615,0.958,MQTT,env_sensor
2025-01-22T03:24:00,75.703,35.807,1.868,8.001,0.0,MQTT,env_sensor
2025-01-22T06:44:00,38.904,24.874,5.207,6.865,1.822,MQTT,env_sensor
2025-01-22T18:54:00,81.409,10.883,0.1,6.96,0.9541,MQTT,env_sensor
2025-01-22T07:23:00,69.407,15.327,3.96,0.05,2.2186,MQTT,env_sensor
2025-01-23T10:57:00,90.511,15.19,0.515,13.643,0.601,MQTT,actuator
2025-01-22T02:56:00,1517.404,101.828,3.65,65.697,1.3096,HTTPS,camera
2025-01-23T07:23:00,1740.177,50.942,1.762,126.591,0.4884,HTTPS,camera
2025-01-22T00:23:00,52.207,21.233,4.245,7.959,1.8813,MQTT,env_sensor
2025-01-23T00:19:00,32.778,177.936,3.111,0.431,4.4687,LoRaWAN,smart_meter
2025-01-23T06:32:00,86.801,42.515,1.678,4.36,1.0686,MQTT,env_sensor
2025-01-21T23:44:00,104.588,25.261,9.84,1.964,0.8981,MQTT,actuator
2025-01-22T23:18:00,74.7,23.199,2.918,6.348,0.6079,MQTT,actuator
2025-01-21T21:45:00,771.691,97.525,1.782,125.4,1.2729,HTTPS,camera
2025-01-22T06:43:00,22.761,29.719,0.1,0.05,3.9658,MQTT,env_sensor
2025-01-22T04:21:00,71.997,23.706,2.552,2.995,0.3592,MQTT,env_sensor
2025-01-22T15:55:00,2263.581,57.71,1.952,179.533,0.0208,HTTPS,camera
2025-01-21T21:30:00,2078.974,51.967,2.863,72.667,0.8886,HTTPS,camera
2025-01-23T00:15:00,25.542,253.826,3.067,0.335,2.6753,LoRaWAN,smart_meter
2025-01-22T16:17:00,1038.663,66.283,7.603,24.238,0.7786,HTTPS,gateway
2025-01-23T09:16:00,36.299,194.967,4.452,0.098,2.7245,LoRaWAN,smart_meter
2025-01-22T06:49:00,122.804,7.348,3.352,9.473,1.3343,MQTT,actuator
2025-01-22T12:42:00,19.688,209.205,3.159,0.213,4.8734,LoRaWAN,smart_meter
2025-01-22T19:31:00,93.151,8.05,2.893,9.77,1.297,MQTT,actuator
2025-01-22T23:09:00,2307.088,45.211,0.557,218.655,0.8771,HTTPS,camera
2025-01-22T18:44:00,1791.963,8.79,0.592,39.694,0.3858,HTTPS,camera
2025-01-22T23:37:00,15.875,182.032,2.133,0.769,0.8385,LoRaWAN,smart_meter
2025-01-22T05:08:00,394.134,60.008,0.1,51.357,1.1472,HTTPS,gateway
2025-01-22T10:00:00,84.23,20.142,9.679,14.453,0.8272,MQTT,actuator
2025-01-23T00:14:00,2605.808,72.69,9.04,117.698,0.2983,HTTPS,camera
2025-01-22T01:38:00,105.953,17.343,9.232,8.775,0.7144,MQTT,actuator
2025-01-22T23:27:00,41.972,281.807,1.516,0.212,3.6292,LoRaWAN,smart_meter
2025-01-22T12:18:00,8.0,183.012,3.011,0.05,4.1498,LoRaWAN,smart_meter
2025-01-21T23:45:00,68.712,17.188,1.843,3.303,1.34,MQTT,env_sensor
2025-01-23T09:14:00,136.384,20.413,4.901,10.572,1.1272,MQTT,actuator
2025-01-21T22:53:00,94.679,31.081,2.006,3.023,3.1395,MQTT,env_sensor
2025-01-23T00:23:00,49.892,42.111,0.453,1.247,0.1046,MQTT,env_sensor
2025-01-23T10:22:00,62.185,17.99,4.538,12.587,0.0,MQTT,actuator
2025-01-23T02:48:00,137.486,12.328,8.828,5.648,0.729,MQTT,actuator
2025-01-22T13:13:00,97.708,19.13,3.493,4.963,0.2151,MQTT,actuator
2025-01-22T01:51:00,32.177,267.957,0.884,0.342,3.5375,LoRaWAN,smart_meter
2025-01-22T18:03:00,53.738,29.291,0.839,7.017,1.0692,MQTT,env_sensor
2025-01-23T08:51:00,27.747,251.331,0.24,0.159,4.9178,LoRaWAN,smart_meter
2025-01-23T06:13:00,89.557,18.679,4.287,7.184,2.294,MQTT,env_sensor
2025-01-22T09:43:00,108.442,32.13,1.175,0.05,1.2672,MQTT,env_sensor
2025-01-23T03:42:00,121.564,21.687,2.926,1.768,0.1147,MQTT,actuator
2025-01-22T00:14:00,8.0,18.705,0.663,4.357,1.5305,MQTT,env_sensor
2025-01-22T17:08:00,1678.626,34.546,6.251,85.27,0.0939,HTTPS,camera
2025-01-22T00:57:00,2173.455,85.389,10.83,29.217,0.2196,HTTPS,camera
2025-01-22T10:02:00,47.682,20.745,2.6,1.717,2.6397,MQTT,env_sensor
2025-01-22T01:32:00,1540.391,47.322,18.135,77.126,0.6303,HTTPS,gateway
2025-01-22T21:08:00,1715.856,48.123,0.1,110.584,0.0,HTTPS,camera
2025-01-22T16:31:00,8.0,19.897,3.681,82.261,0.5152,HTTPS,gateway
2025-01-23T12:51:00,69.097,44.802,2.06,1.009,1.6042,MQTT,env_sensor
2025-01-22T02:57:00,105.457,20.101,3.393,6.315,0.6761,MQTT,env_sensor
2025-01-21T22:22:00,26.669,57.447,1.604,0.05,3.1327,MQTT,smart_meter
2025-01-21T23:36:00,1147.41,6.298,0.1,119.066,1.9987,HTTPS,gateway
2025-01-22T05:29:00,102.844,7.829,12.204,9.41,1.3786,CoAP,actuator
2025-01-23T08:50:00,19.552,137.879,2.17,0.57,3.0383,LoRaWAN,smart_meter
2025-01-22T01:33:00,34.058,162.515,0.119,0.093,2.1131,LoRaWAN,smart_meter
2025-01-22T21:53:00,684.866,43.247,5.619,128.355,1.7134,CoAP,camera
2025-01-23T01:47:00,119.361,7.429,5.988,3.281,0.0,MQTT,actuator
2025-01-22T04:17:00,119.379,27.915,8.866,8.668,0.0966,MQTT,actuator
2025-01-21T21:11:00,1841.421,17.762,7.905,178.765,0.0,HTTPS,camera
2025-01-21T21:34:00,1333.264,51.014,13.678,97.697,0.5617,HTTPS,camera
2025-01-22T04:34:00,87.144,19.044,7.667,5.471,0.7316,MQTT,actuator
2025-01-22T10:14:00,54.949,28.333,0.1,5.678,1.7445,MQTT,env_sensor
2025-01-22T17:02:00,1877.228,67.749,4.583,220.984,1.182,HTTPS,camera
2025-01-23T02:54:00,123.037,20.717,5.972,5.584,0.0,MQTT,actuator
2025-01-22T03:12:00,1762.203,24.29,3.805,209.481,0.5006,HTTPS,camera
2025-01-23T07:32:00,138.78,14.922,6.15,9.867,0.0,MQTT,actuator
2025-01-23T02:14:00,21.817,192.628,1.88,0.628,2.327,LoRaWAN,smart_meter
2025-01-22T15:40:00,30.375,147.32,2.121,0.637,1.9372,LoRaWAN,smart_meter
2025-01-22T09:39:00,906.499,45.712,4.241,110.513,1.1796,HTTPS,gateway
2025-01-22T19:21:00,24.947,163.111,2.143,0.091,2.6408,LoRaWAN,smart_meter
2025-01-22T19:28:00,710.403,25.291,4.468,40.485,0.6206,MQTT,gateway
2025-01-22T22:18:00,39.126,186.961,0.748,0.082,3.8981,LoRaWAN,smart_meter
2025-01-22T02:45:00,69.912,30.294,3.308,4.659,2.027,MQTT,env_sensor
2025-01-22T14:01:00,31.449,19.924,1.468,5.89,0.0,MQTT,env_sensor
2025-01-22T22:57:00,1167.287,37.803,4.497,141.813,0.6367,HTTPS,camera
2025-01-23T07:45:00,150.974,1.0,5.626,6.173,1.3319,MQTT,actuator
2025-01-22T11:51:00,33.342,258.834,2.544,0.402,2.1508,LoRaWAN,smart_meter
2025-01-23T05:55:00,34.658,299.54,0.1,0.606,2.3498,LoRaWAN,smart_meter
2025-01-22T02:18:00,2307.115,40.706,0.1,112.479,0.4245,HTTPS,camera
2025-01-22T20:25:00,110.833,10.785,5.028,8.334,0.0,CoAP,actuator
2025-01-22T09:07:00,30.127,218.018,0.82,0.636,6.3379,LoRaWAN,smart_meter
2025-01-23T12:50:00,76.4,21.494,3.14,2.982,0.3734,MQTT,env_sensor
2025-01-22T15:46:00,1673.386,38.028,12.463,135.096,0.1168,HTTPS,gateway
2025-01-23T07:49:00,52.301,10.136,3.983,2.37,1.3747,MQTT,env_sensor
2025-01-22T12:39:00,89.376,32.157,5.467,0.05,0.0,MQTT,env_sensor
2025-01-23T10:38:00,73.611,16.35,4.355,2.858,0.3567,MQTT,env_sensor
2025-01-23T02:43:00,1147.081,70.035,8.29,63.582,2.1222,HTTPS,gateway
2025-01-22T11:28:00,89.958,23.896,4.034,11.866,0.2809,MQTT,actuator
2025-01-22T12:12:00,2787.048,101.906,4.17,158.151,0.2486,HTTPS,camera
2025-01-23T05:45:00,98.347,9.792,7.485,0.198,1.0094,MQTT,actuator
2025-01-22T10:47:00,276.874,94.484,15.221,84.924,1.7471,CoAP,gateway
2025-01-21T22:06:00,136.801,9.049,3.25,3.382,1.5365,MQTT,actuator
2025-01-22T03:05:00,138.009,79.714,8.889,105.104,0.6646,HTTPS,gateway
2025-01-22T17:58:00,24.486,247.641,5.296,0.399,1.448,LoRaWAN,smart_meter
2025-01-22T06:54:00,71.171,23.3,2.687,2.89,2.0306,MQTT,env_sensor
2025-01-22T08:28:00,3249.037,45.785,5.853,49.435,0.3037,HTTPS,camera
2025-01-22T21:36:00,1094.279,52.007,5.759,66.61,0.7138,HTTPS,camera
2025-01-22T04:42:00,1059.758,60.657,4.58,68.693,1.991,HTTPS,gateway
2025-01-21T23:09:00,16.502,122.551,0.741,0.422,3.0711,LoRaWAN,smart_meter
2025-01-23T06:05:00,1705.373,53.488,2.433,163.514,0.7591,HTTPS,camera
2025-01-23T10:03:00,26.234,194.462,2.065,0.974,0.0,LoRaWAN,smart_meter
2025-01-22T23:20:00,54.071,8.181,0.1,2.398,0.9595,MQTT,env_sensor
2025-01-22T14:32:00,65.01,24.662,4.112,7.099,0.9012,MQTT,env_sensor
2025-01-22T17:26:00,26.383,204.967,0.1,0.205,0.3687,LoRaWAN,smart_meter
2025-01-22T01:38:00,37.454,161.366,3.416,1.212,5.0521,LoRaWAN,smart_meter
2025-01-23T07:34:00,116.373,15.59,1.533,7.559,0.2939,MQTT,actuator
2025-01-22T19:48:00,32.528,143.763,0.1,0.868,3.9442,LoRaWAN,smart_meter
2025-01-22T21:25:00,45.08,177.751,4.139,0.05,5.748,LoRaWAN,smart_meter
2025-01-22T16:04:00,97.751,27.99,5.296,6.747,0.8914,MQTT,actuator
2025-01-22T01:15:00,37.664,159.762,0.87,0.311,0.0,LoRaWAN,smart_meter
2025-01-23T11:16:00,52.932,56.361,4.535,50.653,1.6177,MQTT,gateway
2025-01-23T13:09:00,87.51,16.636,0.1,10.337,0.8123,MQTT,actuator
2025-01-22T20:02:00,35.042,43.64,2.469,0.451,0.0,LoRaWAN,smart_meter
2025-01-23T08:50:00,145.733,16.658,5.361,5.11,0.0,MQTT,actuator
2025-01-22T09:53:00,1872.285,15.483,8.702,68.483,1.4483,HTTPS,gateway
2025-01-21T23:24:00,80.957,16.874,2.266,5.285,0.8249,MQTT,env_sensor
2025-01-23T00:46:00,1584.584,15.442,2.012,129.135,0.7757,HTTPS,camera
2025-01-21T23:17:00,2004.049,29.785,0.25,118.883,1.0069,HTTPS,camera
2025-01-23T02:15:00,987.361,41.422,5.784,104.039,1.206,CoAP,gateway
2025-01-22T14:28:00,90.597,24.47,2.375,2.333,1.4357,MQTT,env_sensor
2025-01-22T03:11:00,36.506,217.923,0.738,0.143,0.2373,LoRaWAN,smart_meter
2025-01-21T20:01:00,152.736,15.053,9.971,12.384,1.1818,MQTT,actuator
2025-01-22T01:44:00,46.574,28.656,3.053,0.05,0.0,LoRaWAN,env_sensor
2025-01-21T23:42:00,89.563,30.604,6.49,5.012,0.3275,CoAP,env_sensor
2025-01-22T08:55:00,360.444,40.777,3.277,23.653,2.4326,HTTPS,gateway
2025-01-21T22:37:00,2166.535,55.697,4.24,110.219,0.6354,HTTPS,camera
2025-01-22T07:33:00,877.859,92.716,9.806,52.723,1.5737,CoAP,camera
2025-01-23T11:43:00,27.13,177.587,0.676,0.166,1.6409,LoRaWAN,smart_meter
2025-01-22T07:25:00,64.054,2.195,3.739,3.722,0.55,MQTT,env_sensor
2025-01-22T23:43:00,16.053,39.86,0.1,1.985,0.4243,MQTT,env_sensor
2025-01-23T10:52:00,1920.18,72.103,5.247,38.281,1.484,CoAP,camera
2025-01-22T02:08:00,69.549,7.003,5.934,11.239,0.9199,MQTT,actuator
2025-01-23T07:14:00,583.488,40.368,0.48,108.579,0.0,HTTPS,camera
2025-01-23T11:00:00,111.709,9.842,3.662,0.05,0.9057,MQTT,actuator
2025-01-22T18:20:00,2208.196,42.656,6.895,147.899,1.3833,HTTPS,camera
2025-01-22T09:19:00,1212.992,52.26,10.668,93.558,0.0,HTTPS,gateway
2025-01-22T22:06:00,29.033,194.746,3.017,0.293,4.6863,MQTT,smart_meter
2025-01-22T19:47:00,21.793,23.511,4.53,4.139,0.4866,MQTT,env_sensor
2025-01-21T23:30:00,123.714,19.349,9.748,5.182,1.0571,MQTT,actuator
2025-01-22T17:50:00,19.005,204.847,0.622,0.05,2.7502,LoRaWAN,smart_meter
2025-01-21T20:28:00,117.776,34.077,4.098,5.254,0.0,MQTT,env_sensor
2025-01-23T10:24:00,2142.362,38.081,4.115,200.24,0.8086,HTTPS,camera
2025-01-22T13:19:00,1160.678,37.164,1.208,63.848,1.8998,HTTPS,gateway
2025-01-22T15:32:00,58.642,17.874,0.1,3.043,1.9809,MQTT,env_sensor
2025-01-22T12:35:00,640.652,40.69,0.1,75.747,0.0,HTTPS,gateway
2025-01-23T12:08:00,1313.346,38.799,4.196,81.561,0.355,HTTPS,camera
2025-01-22T17:26:00,1214.892,53.121,15.605,0.05,1.4359,CoAP,gateway
2025-01-22T22:38:00,242.43,35.534,0.1,60.889,1.8926,MQTT,gateway
2025-01-22T01:45:00,135.961,23.185,6.518,11.592,1.2308,MQTT,actuator
2025-01-21T22:42:00,76.003,35.458,1.424,1.081,1.3445,MQTT,env_sensor
2025-01-22T11:54:00,1261.36,63.543,9.743,57.278,0.0,HTTPS,gateway
2025-01-22T01:52:00,29.264,211.144,0.186,0.203,0.1653,LoRaWAN,smart_meter
2025-01-23T09:14:00,28.576,91.506,1.473,0.521,3.9922,LoRaWAN,smart_meter
2025-01-22T16:06:00,466.052,41.391,7.415,63.434,0.9698,HTTPS,gateway
2025-01-22T21:40:00,47.076,26.698,3.347,2.482,0.7112,MQTT,env_sensor
2025-01-22T14:43:00,138.008,27.454,6.318,11.646,0.4268,CoAP,actuator
2025-01-22T06:09:00,90.676,20.536,8.83,8.235,0.9497,MQTT,actuator
2025-01-22T09:44:00,66.248,26.849,2.907,2.96,0.6311,MQTT,env_sensor
2025-01-23T10:29:00,34.409,136.736,0.199,0.478,0.0,LoRaWAN,smart_meter
2025-01-22T16:27:00,85.397,27.538,3.849,3.103,0.0,MQTT,env_sensor
2025-01-23T06:08:00,125.752,14.509,4.336,0.999,1.8269,MQTT,actuator
2025-01-22T02:25:00,33.591,181.229,0.1,0.674,5.7214,LoRaWAN,smart_meter
2025-01-23T10:20:00,23.431,230.54,3.006,0.896,7.5785,LoRaWAN,smart_meter
2025-01-22T23:48:00,814.259,101.857,3.179,36.912,0.0,HTTPS,gateway
2025-01-22T08:34:00,69.734,26.084,5.383,13.463,1.0673,CoAP,actuator
2025-01-21T21:14:00,36.299,230.678,0.1,0.398,8.646,LoRaWAN,smart_meter
2025-01-22T12:48:00,609.045,56.842,1.8,110.902,1.4979,HTTPS,camera
2025-01-21T20:33:00,92.889,14.004,7.323,8.57,0.3621,CoAP,actuator
2025-01-22T20:28:00,24.409,155.009,0.293,0.05,4.5134,LoRaWAN,smart_meter
2025-01-22T20:14:00,28.09,119.82,0.903,0.203,2.1698,LoRaWAN,smart_meter
2025-01-23T02:39:00,1514.141,63.936,7.052,133.726,0.2993,HTTPS,camera
2025-01-22T05:47:00,105.684,30.27,3.524,0.154,1.1405,MQTT,env_sensor
2025-01-22T21:21:00,68.976,20.387,4.381,6.999,2.1003,MQTT,env_sensor
2025-01-22T17:46:00,30.848,198.337,0.699,0.391,1.8228,LoRaWAN,smart_meter
2025-01-22T17:50:00,56.147,7.7,3.024,4.669,1.6661,MQTT,env_sensor
2025-01-22T14:35:00,2423.842,56.927,4.105,138.794,1.3582,HTTPS,camera
2025-01-22T05:23:00,395.118,60.86,2.467,77.597,0.7037,HTTPS,gateway
2025-01-23T00:50:00,1508.789,26.67,7.291,22.455,0.6201,HTTPS,gateway
2025-01-23T09:40:00,103.648,18.106,0.1,1.357,0.8979,MQTT,actuator
2025-01-22T20:32:00,32.851,195.065,1.451,0.257,3.8046,LoRaWAN,smart_meter
2025-01-21T22:54:00,76.312,10.472,7.023,3.659,0.4956,MQTT,actuator
2025-01-23T11:13:00,54.516,8.059,0.1,13.937,0.8531,MQTT,actuator
2025-01-23T12:32:00,22.573,234.543,1.653,0.639,2.6701,LoRaWAN,smart_meter
2025-01-22T00:51:00,42.792,27.044,2.686,4.529,2.8954,MQTT,env_sensor
2025-01-22T12:18:00,2691.675,50.458,5.772,150.062,1.0761,HTTPS,camera
2025-01-22T13:09:00,411.29,70.562,4.297,18.639,1.8464,MQTT,gateway
2025-01-23T00:28:00,1115.309,23.556,1.935,80.49,0.7166,HTTPS,camera
2025-01-23T11:17:00,59.604,36.161,2.623,0.05,0.0,MQTT,env_sensor
2025-01-23T06:33:00,68.973,26.306,4.901,3.196,0.0,MQTT,env_sensor
2025-01-22T12:24:00,41.941,90.02,0.1,0.243,5.6619,LoRaWAN,smart_meter
2025-01-22T00:22:00,36.145,234.318,1.822,0.435,2.7511,LoRaWAN,smart_meter
2025-01-23T09:05:00,110.377,15.485,3.086,8.045,1.1713,MQTT,actuator
2025-01-22T03:09:00,18.644,176.622,2.556,0.061,5.685,LoRaWAN,smart_meter
2025-01-22T14:30:00,99.43,24.797,8.083,10.586,1.8963,CoAP,actuator
2025-01-23T12:55:00,653.26,48.972,10.312,39.905,0.6041,HTTPS,gateway
2025-01-23T01:52:00,19.728,146.868,3.468,0.05,4.5434,LoRaWAN,smart_meter
2025-01-22T22:55:00,79.319,10.279,5.638,0.784,0.8987,MQTT,env_sensor
2025-01-23T10:56:00,922.355,54.014,11.234,124.161,1.1288,CoAP,gateway
2025-01-21T23:26:00,59.364,28.452,2.617,6.404,0.4627,MQTT,env_sensor
2025-01-23T00:12:00,112.713,5.407,9.584,3.429,0.2468,MQTT,actuator
2025-01-22T09:26:00,21.448,142.407,2.865,0.4,5.2102,LoRaWAN,smart_meter
2025-01-22T06:05:00,126.47,27.09,7.227,3.481,1.3486,MQTT,actuator
2025-01-22T12:03:00,1003.427,11.766,4.847,73.836,0.7451,HTTPS,gateway
2025-01-22T15:21:00,8.0,43.504,3.346,146.617,1.5803,MQTT,gateway
2025-01-21T23:47:00,779.866,39.309,7.168,31.525,2.8702,CoAP,gateway
2025-01-22T01:42:00,33.741,206.581,2.21,0.287,5.7166,LoRaWAN,smart_meter
2025-01-23T04:29:00,94.301,35.904,5.149,8.076,3.0752,CoAP,env_sensor
2025-01-22T20:34:00,46.402,48.463,0.1,2.137,1.7171,MQTT,env_sensor
2025-01-22T11:17:00,1958.561,42.654,2.977,11.095,2.0381,MQTT,gateway
2025-01-21T21:19:00,8.0,32.81,7.399,0.05,0.04,LoRaWAN,gateway
2025-01-22T21:34:00,1923.601,82.53,9.445,132.32,0.5149,HTTPS,camera
2025-01-23T12:05:00,65.536,33.357,0.536,4.632,0.4972,MQTT,env_sensor
2025-01-23T04:13:00,67.318,43.049,2.504,4.47,1.628,MQTT,env_sensor
2025-01-22T08:23:00,1516.991,96.723,1.041,149.877,0.8454,HTTPS,camera
2025-01-23T12:43:00,1399.519,56.632,0.168,189.053,0.3424,HTTPS,camera
2025-01-22T06:32:00,73.716,6.748,4.666,8.176,1.6013,MQTT,env_sensor
2025-01-23T04:17:00,92.234,38.774,3.718,13.267,0.3153,MQTT,actuator
2025-01-22T15:02:00,92.891,19.245,4.692,5.22,2.9605,MQTT,env_sensor
2025-01-22T21:38:00,57.308,1.0,8.174,10.061,0.6394,MQTT,actuator
2025-01-23T08:17:00,84.254,5.856,8.278,17.081,0.0,MQTT,actuator
2025-01-22T21:23:00,8.0,78.657,4.628,61.31,1.1617,MQTT,camera
2025-01-22T22:31:00,25.53,45.281,6.255,3.433,1.2302,CoAP,actuator
2025-01-23T05:35:00,2096.139,39.526,3.438,71.193,0.0,HTTPS,camera
2025-01-22T16:52:00,1661.052,47.1,8.021,155.297,0.9122,HTTPS,camera
2025-01-23T02:55:00,19.161,158.948,2.616,0.05,2.4122,LoRaWAN,smart_meter
2025-01-22T15:46:00,116.807,22.656,11.222,5.36,0.0,MQTT,actuator
2025-01-23T03:28:00,107.213,27.657,6.672,0.05,1.1942,MQTT,env_sensor
2025-01-23T01:18:00,28.43,134.56,1.523,0.349,0.105,LoRaWAN,smart_meter
2025-01-22T19:03:00,13.293,207.989,4.013,0.05,0.6628,LoRaWAN,smart_meter
2025-01-22T11:24:00,55.593,22.526,4.595,3.921,1.181,MQTT,env_sensor
2025-01-22T14:47:00,152.942,25.949,6.324,12.473,1.2782,CoAP,actuator
2025-01-22T12:58:00,1455.648,25.149,2.88,148.181,0.493,HTTPS,camera
2025-01-22T08:47:00,2050.686,69.449,2.446,176.366,0.1929,HTTPS,camera
2025-01-22T06:38:00,36.886,221.042,1.943,0.585,3.168,LoRaWAN,smart_meter
2025-01-22T23:45:00,883.869,61.35,15.668,105.284,1.6387,CoAP,gateway
2025-01-22T15:51:00,78.6,18.658,6.031,12.932,1.5352,MQTT,actuator
2025-01-22T06:36:00,2014.457,126.459,4.703,149.662,0.2104,HTTPS,camera
2025-01-22T05:52:00,1430.061,49.074,0.1,97.214,1.4359,HTTPS,gateway
2025-01-23T06:01:00,1226.544,100.15,1.08,6.896,2.4307,MQTT,gateway
2025-01-22T15:26:00,424.645,43.145,5.572,3.087,1.7372,CoAP,gateway
2025-01-22T11:19:00,80.9,23.858,0.1,4.566,2.7739,MQTT,env_sensor
2025-01-22T04:25:00,2332.043,39.642,3.728,83.643,0.5023,HTTPS,camera
2025-01-22T19:06:00,1453.449,84.002,3.087,44.64,0.6092,HTTPS,camera
2025-01-22T09:33:00,34.272,149.018,2.847,0.503,2.7431,LoRaWAN,smart_meter
2025-01-22T13:25:00,109.732,24.629,0.1,1.33,0.9398,MQTT,env_sensor
2025-01-22T18:21:00,74.039,38.66,0.605,2.205,1.3673,MQTT,env_sensor
2025-01-22T01:59:00,2103.742,43.431,10.353,68.589,0.2597,HTTPS,gateway
2025-01-22T11:19:00,86.997,8.087,10.259,10.686,1.4574,MQTT,actuator
2025-01-22T17:25:00,1487.339,36.543,4.146,35.828,0.9615,HTTPS,gateway
2025-01-23T01:14:00,79.536,16.557,3.53,7.491,1.4781,MQTT,env_sensor
2025-01-22T08:26:00,38.382,174.208,2.006,0.722,5.2274,LoRaWAN,smart_meter
2025-01-22T04:55:00,118.343,25.704,4.168,0.397,1.0362,MQTT,env_sensor
2025-01-22T11:56:00,13.965,90.363,3.063,0.799,3.2502,MQTT,smart_meter
2025-01-22T07:02:00,144.142,5.84,1.185,7.255,0.1034,MQTT,actuator
2025-01-23T06:16:00,1064.719,58.286,7.412,23.126,0.9066,HTTPS,gateway
2025-01-22T08:19:00,1960.985,101.974,7.638,97.183,0.4058,HTTPS,camera
2025-01-23T03:57:00,2136.352,70.584,3.026,187.933,0.46,HTTPS,camera
2025-01-23T05:26:00,24.576,160.869,3.83,0.228,0.9348,LoRaWAN,smart_meter
2025-01-22T05:10:00,497.846,49.786,4.007,92.354,0.7109,HTTPS,camera
2025-01-22T04:06:00,2033.544,28.877,7.383,43.578,0.8142,HTTPS,camera
2025-01-22T21:06:00,1167.065,64.016,13.212,20.084,1.0865,CoAP,gateway
2025-01-22T23:40:00,50.073,43.493,1.357,5.416,2.7735,MQTT,env_sensor
2025-01-23T05:13:00,71.496,22.806,4.278,8.469,0.1686,MQTT,actuator
2025-01-23T11:06:00,121.151,14.423,1.491,9.185,0.0,MQTT,actuator
2025-01-22T10:57:00,105.421,16.948,6.839,6.322,0.2184,MQTT,actuator
2025-01-22T12:26:00,41.664,163.826,2.823,0.805,4.1461,LoRaWAN,smart_meter
2025-01-23T03:24:00,96.479,3.546,4.432,7.002,0.6825,MQTT,actuator
2025-01-22T16:15:00,1807.059,54.834,0.1,156.884,1.1377,HTTPS,camera
2025-01-22T15:13:00,1655.524,43.83,3.237,180.476,0.966,HTTPS,camera
2025-01-22T12:49:00,102.58,48.957,5.157,4.987,0.8435,CoAP,env_sensor
2025-01-23T03:46:00,2780.028,65.124,2.967,130.156,0.0,HTTPS,camera
2025-01-21T20:06:00,1811.575,1.0,3.598,74.293,0.7555,HTTPS,camera
2025-01-23T07:10:00,1760.787,81.797,4.626,136.435,0.4139,HTTPS,camera
2025-01-22T23:07:00,656.153,52.821,11.295,0.853,0.9564,CoAP,gateway
2025-01-22T21:30:00,90.271,24.793,3.602,0.05,0.7293,MQTT,env_sensor
2025-01-23T08:23:00,64.731,3.825,2.167,6.84,2.6664,MQTT,env_sensor
2025-01-22T08:35:00,1191.873,66.392,5.062,168.467,0.8101,HTTPS,camera
2025-01-22T04:56:00,1084.772,23.725,8.033,82.387,0.2644,HTTPS,gateway
2025-01-22T21:15:00,108.803,28.82,3.287,7.027,0.0,MQTT,env_sensor
2025-01-22T20:58:00,104.201,16.45,5.802,5.867,1.7983,MQTT,actuator
2025-01-21T23:37:00,163.9,7.665,8.35,2.723,0.0,MQTT,actuator
2025-01-22T18:49:00,1115.803,48.444,4.697,151.839,0.0,HTTPS,camera
2025-01-21T20:42:00,114.09,12.724,0.403,2.164,0.7629,MQTT,env_sensor
2025-01-22T22:34:00,92.003,1.0,5.829,12.022,0.0,MQTT,actuator
2025-01-22T03:22:00,33.815,140.686,1.388,0.758,7.6032,LoRaWAN,smart_meter
2025-01-22T21:54:00,15.538,168.507,2.172,0.261,1.3842,LoRaWAN,smart_meter
2025-01-21T23:32:00,1681.174,7.076,3.478,106.115,0.0,HTTPS,gateway
2025-01-22T02:43:00,1027.806,25.736,9.821,105.431,1.1578,HTTPS,gateway
2025-01-23T00:23:00,53.287,24.625,15.045,105.086,0.3426,HTTPS,gateway
2025-01-22T02:54:00,1442.458,52.798,5.924,165.257,1.0175,HTTPS,camera
2025-01-23T08:23:00,138.654,4.042,6.567,14.932,0.3777,MQTT,actuator
2025-01-22T10:16:00,129.04,31.599,6.34,6.458,0.0,MQTT,actuator
2025-01-23T03:51:00,3018.188,48.913,2.105,163.133,0.767,HTTPS,camera
2025-01-23T01:55:00,107.594,17.215,11.016,1.634,1.3818,MQTT,actuator
2025-01-22T21:39:00,2490.464,85.253,2.181,48.279,0.0,HTTPS,camera
2025-01-23T09:57:00,1764.845,24.414,0.1,81.095,1.2457,HTTPS,gateway
2025-01-23T10:20:00,1342.417,50.115,0.1,185.613,1.0415,HTTPS,camera
2025-01-22T09:55:00,1700.881,47.334,5.161,157.742,0.9962,HTTPS,camera
2025-01-23T06:59:00,8.0,39.924,0.1,30.876,1.5598,MQTT,gateway
2025-01-23T06:40:00,29.289,225.931,3.286,0.582,0.0806,LoRaWAN,smart_meter
2025-01-22T05:02:00,1177.831,32.238,11.945,29.149,0.7538,HTTPS,gateway
2025-01-22T15:05:00,2349.6,73.646,2.08,78.621,0.0301,HTTPS,camera
2025-01-23T02:47:00,100.427,14.082,2.919,7.315,2.5792,MQTT,env_sensor
2025-01-23T04:56:00,67.006,22.646,1.687,7.289,0.9912,MQTT,env_sensor
2025-01-22T10:58:00,82.005,32.273,2.586,0.05,0.9915,MQTT,env_sensor
2025-01-22T20:18:00,113.878,20.578,6.036,2.875,1.736,MQTT,actuator
2025-01-22T08:07:00,1331.493,22.452,2.237,123.245,1.034,HTTPS,camera
2025-01-22T21:03:00,107.236,18.191,2.858,4.457,1.2468,MQTT,actuator
2025-01-21T23:00:00,1961.187,61.106,4.476,104.493,0.1156,HTTPS,camera
2025-01-22T19:32:00,1359.103,104.274,0.888,187.194,0.9871,HTTPS,camera
2025-01-22T02:14:00,112.513,9.325,10.006,6.502,1.5129,MQTT,actuator
2025-01-22T22:51:00,1306.533,1.0,8.966,121.517,0.6591,HTTPS,camera
2025-01-23T01:16:00,151.675,13.617,2.603,4.532,0.9493,MQTT,actuator
2025-01-22T12:57:00,25.826,193.775,3.521,0.901,2.8661,LoRaWAN,smart_meter
2025-01-22T02:10:00,1195.109,61.936,10.323,0.05,0.8257,HTTPS,gateway
2025-01-22T00:41:00,2188.663,75.023,8.839,202.981,0.731,HTTPS,camera
2025-01-22T16:38:00,74.786,19.496,1.339,4.997,2.3357,MQTT,env_sensor
2025-01-23T02:31:00,180.426,1.0,10.298,9.558,1.4368,CoAP,actuator
2025-01-21T20:07:00,30.108,104.987,2.711,0.845,0.8043,LoRaWAN,smart_meter
2025-01-22T22:26:00,1034.841,53.615,13.259,52.168,0.8716,HTTPS,gateway
2025-01-23T03:17:00,36.734,322.73,1.215,0.25,5.8561,LoRaWAN,smart_meter
2025-01-23T08:04:00,23.584,74.83,0.1,0.05,0.0,LoRaWAN,smart_meter
2025-01-23T09:55:00,406.987,64.791,17.422,45.229,1.3662,CoAP,gateway
2025-01-23T09:42:00,1470.981,54.36,0.1,162.661,1.1273,HTTPS,camera
2025-01-23T07:26:00,8.0,133.219,1.889,1.067,3.0407,MQTT,smart_meter
2025-01-22T10:19:00,110.232,12.162,5.877,6.101,0.7374,MQTT,actuator
2025-01-22T04:04:00,97.82,22.059,9.463,10.445,1.0208,MQTT,actuator
2025-01-22T20:27:00,88.086,13.368,5.066,2.399,0.1101,CoAP,actuator
2025-01-22T08:58:00,148.984,12.152,0.1,10.331,1.3505,MQTT,actuator
2025-01-22T05:19:00,90.769,18.996,2.843,10.429,0.8857,MQTT,actuator
2025-01-22T16:40:00,2677.482,58.004,4.512,168.12,0.1941,HTTPS,camera
2025-01-21T20:20:00,91.922,21.174,6.721,4.228,0.0034,MQTT,actuator
2025-01-23T09:01:00,22.385,246.42,0.994,0.123,5.6237,LoRaWAN,smart_meter
2025-01-22T05:07:00,17.995,124.828,0.1,0.123,4.5715,LoRaWAN,smart_meter
2025-01-23T03:19:00,120.825,17.046,5.417,8.754,0.3095,MQTT,actuator
2025-01-22T10:18:00,95.971,14.906,0.759,15.197,0.8905,MQTT,actuator
2025-01-22T18:31:00,1622.795,94.068,0.1,81.499,0.4451,HTTPS,camera
2025-01-21T21:22:00,2246.326,72.809,2.793,188.552,0.3171,HTTPS,camera
2025-01-23T11:41:00,2209.212,75.444,12.0,25.856,0.2894,HTTPS,camera
2025-01-22T13:26:00,1077.82,49.633,9.93,43.836,0.0,HTTPS,gateway
2025-01-22T04:07:00,29.001,21.351,2.01,2.786,0.0,MQTT,env_sensor
2025-01-23T08:02:00,120.448,23.936,6.575,13.24,0.9436,MQTT,actuator
2025-01-21T20:52:00,31.56,104.809,1.906,0.05,5.1316,LoRaWAN,smart_meter
2025-01-22T16:47:00,39.571,88.643,2.251,0.05,4.3339,MQTT,smart_meter
2025-01-22T01:50:00,1015.373,25.584,4.985,66.954,0.0,HTTPS,gateway
2025-01-21T23:57:00,34.73,214.549,1.862,0.39,2.4736,LoRaWAN,smart_meter
2025-01-23T10:19:00,38.36,197.858,4.185,0.43,2.1356,LoRaWAN,smart_meter
2025-01-22T11:51:00,928.076,75.055,4.147,42.49,0.0,HTTPS,camera
2025-01-23T00:11:00,58.047,21.567,2.302,4.452,0.6834,MQTT,env_sensor
2025-01-23T04:40:00,793.663,37.785,15.113,21.135,2.0554,CoAP,gateway
2025-01-22T19:39:00,1615.127,24.042,7.441,136.167,0.0,HTTPS,camera
2025-01-23T08:36:00,1029.229,55.125,0.1,106.099,1.1807,HTTPS,gateway
2025-01-22T14:22:00,107.922,21.921,5.704,5.196,0.425,MQTT,actuator
2025-01-22T12:10:00,26.848,215.896,0.486,0.363,0.8785,LoRaWAN,smart_meter
2025-01-22T16:40:00,665.602,53.748,10.6,46.753,1.7071,CoAP,gateway
2025-01-23T13:33:00,91.237,17.0,4.21,0.893,1.4967,MQTT,env_sensor
2025-01-22T18:15:00,40.11,40.623,3.893,2.976,0.774,HTTPS,env_sensor
2025-01-22T11:52:00,20.117,135.229,1.978,1.012,2.3117,MQTT,smart_meter
2025-01-22T09:37:00,11.973,144.459,1.809,0.538,2.1199,LoRaWAN,smart_meter
2025-01-21T23:10:00,12.188,132.705,1.563,0.436,1.0217,LoRaWAN,smart_meter
2025-01-22T08:03:00,1567.95,49.924,10.749,103.693,0.1938,HTTPS,gateway
2025-01-23T01:11:00,25.531,199.501,3.114,0.78,5.084,LoRaWAN,smart_meter
2025-01-22T12:58:00,31.485,248.106,4.089,0.62,1.7466,LoRaWAN,smart_meter
2025-01-22T03:34:00,575.434,92.465,6.194,0.05,0.6462,HTTPS,gateway
2025-01-22T18:30:00,135.006,10.352,0.1,8.154,1.5554,MQTT,actuator
2025-01-22T09:20:00,79.954,24.003,6.872,7.861,1.0306,MQTT,actuator
2025-01-23T12:23:00,116.838,12.996,9.971,2.792,0.7724,MQTT,actuator
2025-01-23T02:41:00,135.963,13.905,1.451,10.642,1.563,MQTT,actuator
2025-01-22T23:46:00,1504.253,39.121,2.988,60.875,0.0,HTTPS,gateway
2025-01-22T12:45:00,86.679,30.094,0.584,7.153,1.6292,MQTT,env_sensor
2025-01-23T11:18:00,48.061,11.981,1.382,3.578,0.565,MQTT,env_sensor
2025-01-22T04:22:00,29.173,190.82,0.282,0.142,0.3378,LoRaWAN,smart_meter
2025-01-21T20:38:00,2176.513,9.221,11.28,204.006,0.2481,HTTPS,camera
2025-01-22T21:12:00,109.12,31.058,2.936,3.518,0.9882,MQTT,actuator
2025-01-22T07:21:00,13.632,222.393,0.725,0.482,0.0,LoRaWAN,smart_meter
2025-01-23T09:13:00,349.386,40.036,19.202,41.859,0.554,HTTPS,gateway
2025-01-22T00:54:00,1306.493,37.503,2.203,164.195,0.1644,HTTPS,camera
2025-01-22T03:33:00,67.946,41.563,3.547,4.473,1.2958,MQTT,env_sensor
2025-01-22T22:00:00,922.075,5.289,7.373,0.05,0.0,CoAP,gateway
2025-01-22T20:31:00,683.235,35.597,7.086,13.91,1.9621,CoAP,gateway
2025-01-23T05:39:00,15.235,19.475,5.162,1.083,0.2429,MQTT,env_sensor
2025-01-23T07:37:00,507.856,135.479,8.035,124.23,0.2128,HTTPS,camera
2025-01-22T08:41:00,935.185,50.061,11.36,23.468,1.8364,CoAP,gateway
2025-01-22T23:25:00,141.861,13.097,4.996,0.05,2.5004,MQTT,env_sensor
2025-01-22T17:40:00,72.172,8.692,12.892,4.127,1.0751,MQTT,actuator
2025-01-22T20:44:00,24.774,177.019,2.732,0.11,0.9928,LoRaWAN,smart_meter
2025-01-21T22:07:00,22.242,165.463,0.1,0.443,3.527,LoRaWAN,smart_meter
2025-01-23T04:38:00,1566.748,36.395,1.137,123.181,0.0,HTTPS,camera
2025-01-21T22:09:00,83.246,25.354,3.756,11.237,0.0,MQTT,actuator
2025-01-22T20:00:00,126.426,28.082,12.663,8.401,0.0,MQTT,actuator
2025-01-22T01:40:00,24.83,28.466,4.819,43.184,0.9721,HTTPS,gateway
2025-01-22T14:21:00,118.041,13.53,11.119,2.753,1.9049,MQTT,actuator
2025-01-22T07:27:00,41.895,21.509,6.042,0.262,0.0,LoRaWAN,env_sensor
2025-01-22T19:00:00,53.231,29.407,3.777,2.606,0.858,MQTT,env_sensor
2025-01-22T22:52:00,86.439,9.159,2.024,0.05,1.5569,MQTT,actuator
2025-01-22T11:28:00,1655.494,31.634,6.826,51.988,1.4577,HTTPS,gateway
2025-01-23T10:47:00,28.012,180.774,4.762,0.442,5.7045,LoRaWAN,smart_meter
2025-01-23T03:10:00,19.642,228.53,0.48,0.421,2.81,LoRaWAN,smart_meter
2025-01-22T06:02:00,2367.12,88.435,2.28,125.921,0.0,HTTPS,camera
2025-01-22T17:24:00,31.508,193.522,0.978,0.124,5.1772,LoRaWAN,smart_meter
2025-01-21T20:51:00,71.464,35.162,2.259,5.093,1.6597,MQTT,env_sensor
2025-01-22T02:54:00,569.281,71.814,6.391,75.224,0.3587,HTTPS,gateway
2025-01-21T20:41:00,136.017,5.76,7.695,11.204,0.5158,MQTT,actuator
2025-01-22T14:06:00,72.796,34.107,1.884,6.598,1.4098,MQTT,env_sensor
2025-01-22T13:34:00,108.453,28.729,2.992,4.788,2.2104,MQTT,env_sensor
2025-01-23T00:34:00,92.799,13.99,2.859,2.419,1.3859,MQTT,env_sensor
2025-01-22T20:38:00,1553.512,102.601,1.676,12.721,0.5015,HTTPS,camera
2025-01-21T20:55:00,1715.848,68.897,11.796,99.404,0.0,HTTPS,camera
2025-01-22T02:55:00,1925.314,75.295,1.298,104.51,0.9121,HTTPS,camera
2025-01-23T03:58:00,763.886,47.468,3.223,123.379,0.1399,HTTPS,camera
2025-01-22T08:48:00,1088.224,51.496,3.248,30.854,2.3517,HTTPS,gateway
2025-01-22T16:34:00,195.493,20.947,6.274,6.977,0.0,MQTT,actuator
2025-01-21T21:49:00,34.564,259.132,0.701,0.64,1.7626,LoRaWAN,smart_meter
2025-01-23T03:52:00,8.0,53.71,0.1,98.364,2.3141,HTTPS,gateway
2025-01-22T18:13:00,90.384,28.39,0.1,13.378,2.7096,MQTT,actuator
2025-01-22T21:45:00,88.491,17.915,3.83,8.55,1.5152,MQTT,actuator
2025-01-22T02:38:00,2469.299,26.808,0.1,51.541,1.9204,HTTPS,gateway
2025-01-22T06:33:00,1559.552,68.652,3.38,102.557,0.7025,HTTPS,camera
2025-01-22T22:29:00,66.49,9.923,13.617,7.633,0.0,MQTT,actuator
2025-01-22T05:16:00,26.826,127.9,3.66,0.05,6.6006,LoRaWAN,smart_meter
2025-01-22T09:31:00,713.183,45.521,4.043,13.645,2.6018,CoAP,gateway
2025-01-23T08:26:00,728.516,50.727,2.571,57.691,2.3509,HTTPS,gateway
2025-01-23T02:10:00,1854.763,83.874,4.329,116.086,0.0675,HTTPS,camera
2025-01-22T14:21:00,21.067,133.736,0.1,0.411,2.0701,LoRaWAN,smart_meter
2025-01-23T11:34:00,62.023,26.696,0.98,3.529,1.1023,MQTT,env_sensor
2025-01-22T06:46:00,151.565,16.589,9.001,7.435,2.0471,MQTT,actuator
2025-01-23T09:20:00,24.766,226.875,3.031,0.787,3.7132,LoRaWAN,smart_meter
2025-01-22T12:41:00,2657.343,38.642,6.192,119.438,0.087,HTTPS,camera
2025-01-21T23:14:00,2614.044,73.659,5.764,165.421,1.283,HTTPS,camera
2025-01-23T13:38:00,106.592,1.539,3.859,15.16,0.4434,MQTT,actuator
2025-01-23T02:52:00,1417.984,13.453,0.383,68.829,1.1063,HTTPS,camera
2025-01-23T05:02:00,1261.449,58.751,14.079,39.459,2.118,CoAP,gateway
2025-01-23T02:14:00,85.891,25.845,3.874,2.213,0.9149,MQTT,env_sensor
2025-01-22T16:08:00,60.297,37.279,1.771,5.621,0.6433,MQTT,env_sensor
2025-01-23T06:35:00,846.425,22.144,6.103,53.14,0.6102,HTTPS,gateway
2025-01-22T07:52:00,25.727,247.104,2.813,0.205,3.6768,LoRaWAN,smart_meter
2025-01-23T05:47:00,53.136,21.956,0.1,5.188,1.9974,MQTT,env_sensor
2025-01-22T22:44:00,71.469,33.446,5.169,7.806,0.1303,CoAP,env_sensor
2025-01-23T05:29:00,1399.322,34.962,5.744,26.716,0.0,HTTPS,gateway
2025-01-22T16:20:00,31.94,191.475,0.1,0.528,0.1639,LoRaWAN,smart_meter
2025-01-22T10:13:00,13.41,20.931,2.915,10.276,0.0,MQTT,env_sensor
2025-01-22T17:04:00,1229.635,11.781,2.149,212.483,0.3571,HTTPS,camera
2025-01-23T08:03:00,313.067,75.461,5.054,71.127,1.464,CoAP,camera
2025-01-22T13:36:00,1791.726,39.764,0.874,89.831,0.5757,HTTPS,camera
2025-01-23T12:09:00,8.0,43.69,7.769,97.721,0.7891,HTTPS,gateway
2025-01-22T16:08:00,2056.995,21.942,3.621,200.977,0.6453,HTTPS,camera
2025-01-23T09:59:00,2513.979,1.0,1.878,162.573,0.0,HTTPS,camera
2025-01-23T00:56:00,797.928,20.889,6.566,100.18,1.7309,CoAP,gateway
2025-01-23T05:35:00,21.211,193.46,0.1,0.05,4.0707,LoRaWAN,smart_meter
2025-01-22T01:06:00,28.545,38.679,5.066,0.988,2.0021,MQTT,env_sensor
2025-01-22T19:36:00,110.922,14.571,7.359,8.751,1.9264,MQTT,actuator
2025-01-23T03:26:00,1162.233,60.748,6.706,0.05,0.917,HTTPS,gateway
2025-01-23T11:14:00,2992.229,43.999,8.136,16.589,0.3957,HTTPS,camera
2025-01-22T02:46:00,1399.967,1.0,3.528,91.543,0.2633,HTTPS,camera
2025-01-23T08:27:00,34.231,179.785,1.776,0.299,1.7522,LoRaWAN,smart_meter
2025-01-23T03:53:00,153.29,23.825,5.948,9.08,1.0675,MQTT,actuator
2025-01-22T01:12:00,164.976,18.707,6.661,13.273,2.145,MQTT,actuator
2025-01-22T19:59:00,29.386,26.122,3.307,5.549,3.9028,MQTT,env_sensor
2025-01-22T03:08:00,89.305,41.601,7.887,11.48,0.0,MQTT,actuator
2025-01-22T01:33:00,97.679,38.047,3.461,2.867,0.0,MQTT,env_sensor
2025-01-22T07:14:00,28.807,114.761,0.1,0.05,0.0,LoRaWAN,smart_meter
2025-01-22T21:11:00,1851.949,77.565,0.895,50.846,0.0,HTTPS,camera
2025-01-22T14:43:00,2035.757,35.684,5.206,124.065,0.2576,HTTPS,camera
2025-01-23T09:01:00,317.726,7.787,8.802,5.639,1.4756,CoAP,gateway
2025-01-21T23:49:00,83.906,25.735,0.1,3.797,1.2518,MQTT,env_sensor
2025-01-21T22:44:00,105.673,33.191,14.006,4.113,0.4327,CoAP,actuator
2025-01-22T10:29:00,109.945,31.447,11.26,16.302,0.6144,MQTT,actuator
2025-01-22T02:35:00,678.122,29.074,15.667,38.611,0.0,CoAP,gateway
2025-01-22T12:45:00,1860.849,78.11,3.996,39.624,0.9351,HTTPS,camera
2025-01-23T00:16:00,729.444,34.307,3.67,92.025,1.8282,HTTPS,gateway
2025-01-22T04:08:00,93.828,16.913,6.414,1.601,0.6902,MQTT,env_sensor
2025-01-22T21:18:00,2381.674,67.282,0.1,182.753,0.4296,HTTPS,camera
2025-01-22T08:32:00,929.89,80.473,0.1,96.37,1.0767,HTTPS,camera
2025-01-22T18:19:00,159.21,19.193,5.299,8.317,1.007,CoAP,actuator
2025-01-22T13:38:00,62.602,5.364,10.418,11.395,0.2,CoAP,actuator
2025-01-22T07:22:00,36.502,195.203,2.711,0.733,4.7093,LoRaWAN,smart_meter
2025-01-22T12:13:00,244.13,43.173,13.665,60.031,0.749,MQTT,gateway
2025-01-23T08:05:00,1928.378,45.717,11.502,76.165,2.2544,HTTPS,gateway
2025-01-22T04:36:00,694.519,51.402,14.976,107.266,0.1072,HTTPS,gateway
2025-01-22T12:24:00,77.174,24.702,1.106,5.4,1.6603,MQTT,env_sensor
2025-01-22T12:31:00,1535.695,95.336,1.171,160.524,1.4654,HTTPS,camera
2025-01-22T19:06:00,125.775,19.439,10.383,17.199,0.3239,MQTT,actuator
2025-01-22T12:00:00,1245.744,74.938,4.387,1.916,0.6151,HTTPS,gateway
2025-01-22T15:12:00,22.504,179.212,1.292,0.397,2.4584,LoRaWAN,smart_meter
2025-01-22T10:49:00,34.574,135.281,0.1,0.618,4.35,LoRaWAN,smart_meter
2025-01-22T00:08:00,1101.296,48.846,0.762,56.406,0.9364,HTTPS,gateway
2025-01-23T07:42:00,106.596,12.838,6.707,9.208,1.797,MQTT,actuator
2025-01-23T05:47:00,641.165,32.961,1.775,56.469,1.1502,HTTPS,camera
2025-01-23T07:27:00,81.45,13.917,3.012,2.801,1.0532,MQTT,actuator
2025-01-22T11:57:00,99.721,7.789,0.1,4.824,1.1009,MQTT,actuator
2025-01-22T18:16:00,1019.053,102.908,8.787,61.572,0.3556,HTTPS,camera
2025-01-22T04:33:00,86.068,1.0,0.676,128.133,1.7292,MQTT,gateway
2025-01-22T12:22:00,83.455,31.974,5.362,11.489,0.1812,MQTT,actuator
2025-01-22T04:46:00,38.579,140.881,4.425,0.44,0.5637,LoRaWAN,smart_meter
2025-01-23T08:07:00,612.319,46.576,8.758,96.392,0.0,HTTPS,gateway
2025-01-22T01:26:00,85.401,13.033,9.499,0.25,0.0,MQTT,actuator
2025-01-22T15:01:00,1358.038,39.011,12.737,23.472,0.0,HTTPS,gateway
2025-01-22T15:06:00,40.23,26.165,6.342,11.041,0.3116,MQTT,actuator
2025-01-22T11:37:00,113.65,20.362,7.285,10.584,0.0,MQTT,actuator
2025-01-21T21:52:00,174.839,30.302,4.349,10.569,0.0,MQTT,actuator
2025-01-22T13:44:00,71.805,6.856,4.775,10.119,0.259,MQTT,actuator
2025-01-21T23:52:00,67.488,1.0,4.831,9.684,0.0209,MQTT,env_sensor
2025-01-23T06:44:00,541.534,27.463,5.71,64.079,2.1809,CoAP,gateway
2025-01-22T21:03:00,28.166,30.713,4.965,4.33,1.7176,MQTT,env_sensor
2025-01-21T20:54:00,26.565,203.04,0.383,0.059,3.4269,LoRaWAN,smart_meter
2025-01-21T22:36:00,2276.619,41.879,1.572,106.648,1.3181,HTTPS,camera
2025-01-23T00:04:00,40.393,19.222,6.626,2.991,0.8278,CoAP,actuator
2025-01-22T08:21:00,2241.31,56.365,0.1,93.483,0.7972,HTTPS,camera
2025-01-22T08:46:00,13.027,125.561,3.223,0.163,4.4994,LoRaWAN,smart_meter
2025-01-23T03:50:00,127.307,32.933,5.231,55.017,0.1044,HTTPS,gateway
2025-01-22T16:28:00,1452.779,12.374,0.1,31.981,1.1707,MQTT,gateway
2025-01-22T01:48:00,555.826,75.777,12.382,39.981,1.896,CoAP,gateway
2025-01-22T14:42:00,98.308,9.802,5.368,7.112,1.2998,MQTT,env_sensor
2025-01-23T06:30:00,31.613,223.745,3.14,0.203,0.0,LoRaWAN,smart_meter
2025-01-22T16:56:00,24.667,34.771,4.654,3.765,0.0,MQTT,env_sensor
2025-01-22T13:48:00,1179.381,53.966,0.72,179.079,0.0,HTTPS,camera
2025-01-22T07:07:00,1309.194,50.334,6.112,21.928,0.5843,HTTPS,camera
2025-01-22T19:48:00,826.325,75.662,5.896,133.929,0.3458,HTTPS,camera
2025-01-22T05:54:00,21.384,207.94,2.862,0.394,5.1111,LoRaWAN,smart_meter
2025-01-22T13:20:00,1642.366,57.746,2.711,104.297,0.4066,HTTPS,camera
2025-01-22T03:25:00,764.712,84.327,11.47,111.059,1.5633,CoAP,gateway
2025-01-22T01:55:00,72.454,46.783,4.593,6.984,0.6943,MQTT,env_sensor
2025-01-22T16:48:00,34.893,168.191,0.749,0.156,3.7877,LoRaWAN,smart_meter
2025-01-23T09:49:00,1833.643,49.304,0.1,45.218,1.3887,MQTT,gateway
2025-01-23T11:26:00,1119.601,89.141,7.431,78.126,0.8152,HTTPS,gateway
2025-01-23T04:53:00,670.098,81.178,6.109,0.05,1.0245,CoAP,gateway
2025-01-22T07:46:00,1404.994,89.439,5.073,155.497,0.0,HTTPS,camera
2025-01-22T04:12:00,63.667,4.503,3.955,6.581,0.4743,MQTT,env_sensor
2025-01-22T17:39:00,36.514,179.274,0.236,0.05,5.7096,LoRaWAN,smart_meter
2025-01-22T21:34:00,53.062,42.796,2.87,5.151,1.1606,MQTT,env_sensor
2025-01-21T21:48:00,1577.626,41.664,3.0,107.965,0.8463,HTTPS,camera
2025-01-23T11:13:00,569.842,72.12,8.064,0.05,0.451,CoAP,gateway
2025-01-22T22:30:00,116.072,26.784,11.559,0.05,1.1657,MQTT,actuator
2025-01-23T00:31:00,132.682,31.383,3.082,4.725,1.1988,MQTT,actuator
2025-01-22T11:35:00,36.437,195.75,3.559,0.733,5.6872,LoRaWAN,smart_meter
2025-01-23T12:38:00,127.753,25.824,4.612,11.806,0.0689,MQTT,actuator
2025-01-23T12:06:00,216.539,74.033,4.206,106.268,1.5583,MQTT,camera
2025-01-22T04:16:00,560.888,30.575,12.022,0.05,1.5038,CoAP,gateway
2025-01-23T04:52:00,1307.743,1.0,3.639,15.128,1.1024,MQTT,gateway
2025-01-22T18:19:00,1337.687,27.71,12.854,19.848,0.0,HTTPS,gateway
2025-01-23T06:20:00,881.217,38.945,7.612,46.474,2.3495,CoAP,gateway
2025-01-23T11:33:00,98.882,8.836,0.1,4.749,2.2282,MQTT,env_sensor
2025-01-22T16:44:00,842.101,51.872,6.775,50.704,1.5673,CoAP,gateway
2025-01-22T08:54:00,132.31,23.243,10.923,12.461,0.7373,MQTT,actuator
2025-01-21T20:12:00,2797.436,75.426,6.296,88.2,0.55,HTTPS,camera
2025-01-22T06:38:00,902.205,65.687,3.061,36.61,0.3954,HTTPS,gateway
2025-01-22T19:19:00,1919.317,72.738,2.226,142.018,0.2222,HTTPS,camera
2025-01-22T02:22:00,403.027,26.661,6.116,124.194,0.55,HTTPS,camera
2025-01-23T00:52:00,1721.845,59.924,2.671,76.882,1.1122,HTTPS,gateway
2025-01-22T02:31:00,1286.555,75.638,3.31,185.237,0.1408,HTTPS,camera
2025-01-22T06:05:00,2477.544,79.705,5.018,152.742,1.3717,HTTPS,camera
2025-01-22T18:25:00,1679.369,99.942,3.809,122.11,0.0256,HTTPS,camera
2025-01-22T21:27:00,92.858,33.093,2.434,8.214,0.557,MQTT,actuator
2025-01-22T04:23:00,94.089,40.864,3.895,3.7,1.5036,MQTT,env_sensor
2025-01-22T04:54:00,1291.417,1.188,0.1,87.149,0.3023,HTTPS,camera
2025-01-22T02:06:00,97.299,15.376,5.117,6.434,1.7325,MQTT,actuator
2025-01-23T02:13:00,65.282,23.365,3.439,1.118,0.0,MQTT,env_sensor
2025-01-22T02:57:00,16.975,260.193,1.774,0.999,5.0645,LoRaWAN,smart_meter
2025-01-22T12:14:00,115.596,15.259,0.424,8.566,1.349,MQTT,actuator
2025-01-21T21:22:00,66.734,12.173,5.831,1.631,0.0,MQTT,actuator
2025-01-22T20:41:00,95.145,19.994,2.566,8.436,0.9374,MQTT,actuator
2025-01-22T01:57:00,42.65,3.346,4.807,0.05,1.4229,MQTT,env_sensor
2025-01-23T00:51:00,2255.318,119.861,4.889,22.988,1.229,HTTPS,camera
2025-01-22T09:42:00,2012.984,50.435,0.1,112.268,1.6783,HTTPS,camera
2025-01-23T07:25:00,107.99,26.42,6.415,5.226,0.4881,MQTT,actuator
2025-01-22T10:07:00,40.418,128.808,1.055,0.447,4.9845,LoRaWAN,smart_meter
2025-01-23T02:41:00,1322.481,50.926,1.896,0.05,0.7552,HTTPS,camera
2025-01-22T19:31:00,73.861,9.114,2.299,0.14,2.8917,MQTT,env_sensor
2025-01-22T15:44:00,8.0,81.964,12.701,29.453,0.7709,CoAP,gateway
2025-01-22T09:43:00,1521.039,46.019,12.992,121.95,1.4832,HTTPS,gateway
2025-01-22T05:42:00,1703.817,88.148,7.68,156.419,0.7197,HTTPS,gateway
2025-01-21T23:11:00,1770.011,13.089,7.113,174.266,0.4644,HTTPS,camera
2025-01-23T03:29:00,30.213,241.341,0.8,1.095,5.1836,MQTT,smart_meter
2025-01-23T08:59:00,1876.434,118.381,8.702,109.257,0.5147,HTTPS,camera
2025-01-23T08:43:00,25.435,249.181,0.761,0.514,2.2362,LoRaWAN,smart_meter
2025-01-22T23:50:00,1916.006,33.01,7.956,133.251,0.6381,HTTPS,gateway
2025-01-22T13:02:00,17.375,93.105,2.436,0.375,2.0526,LoRaWAN,smart_meter
2025-01-22T10:32:00,23.108,135.778,1.048,0.87,4.9664,LoRaWAN,smart_meter
2025-01-23T09:38:00,1195.869,85.228,0.1,147.183,0.1434,HTTPS,camera
2025-01-21T23:45:00,16.025,215.655,1.628,0.835,3.1191,LoRaWAN,smart_meter
2025-01-23T13:00:00,1179.986,46.672,18.324,34.965,0.4059,HTTPS,gateway
2025-01-22T14:38:00,92.362,13.921,6.625,10.201,0.2684,MQTT,actuator
2025-01-22T05:25:00,80.68,21.989,7.607,7.442,1.8771,MQTT,actuator
2025-01-22T14:40:00,269.811,42.807,0.1,29.872,0.1867,HTTPS,gateway
2025-01-22T20:36:00,36.301,8.28,6.516,0.05,0.5933,MQTT,env_sensor
2025-01-23T07:21:00,75.707,18.574,2.237,5.257,0.7229,MQTT,env_sensor
2025-01-23T13:20:00,493.76,67.466,0.473,72.851,0.5041,HTTPS,camera
2025-01-22T18:03:00,99.907,27.045,3.901,9.63,1.6055,MQTT,actuator
2025-01-22T11:47:00,39.137,168.5,0.1,0.096,2.5438,LoRaWAN,smart_meter
2025-01-23T05:12:00,1193.316,52.626,8.878,106.654,0.0,HTTPS,gateway
2025-01-22T16:01:00,35.469,26.606,0.907,8.866,1.2783,MQTT,env_sensor
2025-01-21T23:39:00,2031.707,98.832,5.719,150.873,1.1708,HTTPS,camera
2025-01-22T18:07:00,957.142,60.848,7.255,79.205,1.3669,CoAP,gateway
2025-01-21T21:40:00,1098.844,38.309,20.374,108.219,1.3494,HTTPS,gateway
2025-01-22T15:14:00,55.396,12.586,4.728,9.907,0.3322,MQTT,actuator
2025-01-23T04:30:00,32.332,22.92,6.491,0.05,1.9058,LoRaWAN,env_sensor
2025-01-22T08:39:00,1913.585,60.583,0.1,108.141,0.0,HTTPS,camera
2025-01-23T00:17:00,20.14,251.3,2.093,0.05,4.3647,LoRaWAN,smart_meter
2025-01-22T08:01:00,46.126,186.277,2.575,0.273,0.6718,LoRaWAN,smart_meter
2025-01-23T01:01:00,116.261,41.317,5.064,8.186,1.1485,MQTT,env_sensor
2025-01-22T05:52:00,29.565,29.485,3.441,6.231,2.0235,MQTT,env_sensor
2025-01-23T05:31:00,78.372,28.234,4.049,2.391,0.5727,MQTT,env_sensor
2025-01-22T21:36:00,106.104,15.61,8.392,21.255,1.181,MQTT,actuator
2025-01-22T08:43:00,1056.202,51.429,4.057,70.045,1.5913,HTTPS,gateway
2025-01-23T08:53:00,26.159,159.654,0.123,0.915,1.709,LoRaWAN,smart_meter
2025-01-21T22:51:00,22.325,123.996,0.543,0.889,3.4289,LoRaWAN,smart_meter
2025-01-22T22:21:00,95.805,23.11,6.722,14.333,0.8655,MQTT,actuator
2025-01-22T15:36:00,86.81,10.15,0.497,6.645,0.5838,MQTT,env_sensor
2025-01-23T10:02:00,141.288,11.992,5.7,10.664,0.6097,MQTT,actuator
2025-01-23T10:42:00,56.048,40.053,3.389,3.659,0.0,MQTT,env_sensor
2025-01-21T21:27:00,1180.516,49.87,4.329,49.421,1.8337,HTTPS,gateway
2025-01-22T08:27:00,1557.996,49.869,5.447,198.694,1.0768,HTTPS,camera
2025-01-22T01:56:00,28.215,47.07,1.058,2.006,3.4335,MQTT,env_sensor
2025-01-22T15:01:00,1225.785,94.567,5.591,113.461,0.6769,HTTPS,camera
2025-01-23T05:17:00,22.973,219.679,0.604,0.224,1.9489,LoRaWAN,smart_meter
2025-01-22T09:06:00,528.185,67.5,13.266,44.651,1.9981,CoAP,gateway
2025-01-22T10:57:00,66.93,4.024,3.562,8.162,1.8834,MQTT,env_sensor
2025-01-23T00:00:00,1308.313,44.27,2.65,136.247,0.0,HTTPS,camera
2025-01-22T23:41:00,954.016,26.77,2.372,0.05,1.067,CoAP,camera
2025-01-22T09:48:00,1671.667,60.198,5.832,72.076,1.126,HTTPS,camera
2025-01-22T22:22:00,103.94,15.675,3.757,9.964,0.3619,MQTT,actuator
2025-01-23T03:36:00,28.515,306.375,0.843,0.8,2.2899,LoRaWAN,smart_meter
2025-01-22T10:26:00,845.965,57.319,1.893,77.363,0.6573,HTTPS,camera
2025-01-23T10:22:00,28.444,113.079,1.648,0.723,4.566,LoRaWAN,smart_meter
2025-01-22T19:17:00,437.698,63.456,0.806,0.05,0.0,HTTPS,gateway
2025-01-22T09:40:00,68.434,14.491,9.386,6.382,0.6685,MQTT,actuator
2025-01-23T04:12:00,15.757,283.115,0.278,0.188,2.8476,LoRaWAN,smart_meter
2025-01-22T14:56:00,1609.27,41.901,5.523,61.348,0.8948,HTTPS,camera
2025-01-22T00:26:00,570.47,42.06,7.265,112.345,1.1851,CoAP,camera
2025-01-23T02:27:00,28.942,160.593,4.877,0.549,3.9046,LoRaWAN,smart_meter
2025-01-22T02:25:00,93.223,22.668,0.1,0.05,2.1379,MQTT,env_sensor
2025-01-23T10:00:00,73.37,46.024,0.1,7.156,0.9814,MQTT,env_sensor
2025-01-22T02:25:00,128.741,13.166,11.286,11.339,1.8038,MQTT,actuator
2025-01-23T06:16:00,109.332,10.649,8.049,4.062,0.1266,MQTT,actuator
2025-01-23T09:53:00,2408.842,112.536,6.298,163.983,0.0687,HTTPS,camera
2025-01-22T09:01:00,1717.664,16.288,0.847,196.82,0.5809,HTTPS,camera
2025-01-22T09:14:00,30.409,206.043,0.284,0.337,3.4273,LoRaWAN,smart_meter
2025-01-22T03:25:00,1559.751,56.076,4.808,140.708,0.8005,HTTPS,camera
2025-01-23T00:41:00,903.347,24.908,13.432,86.308,1.2706,CoAP,gateway
2025-01-22T02:41:00,128.448,14.468,4.202,9.494,0.2431,MQTT,actuator
2025-01-23T06:08:00,16.659,274.929,0.805,0.122,7.0664,LoRaWAN,smart_meter
2025-01-22T02:09:00,1975.737,49.117,14.458,24.556,0.6408,HTTPS,gateway
2025-01-23T04:46:00,155.303,26.105,8.117,3.412,0.4473,MQTT,actuator
2025-01-23T01:17:00,104.014,24.276,7.131,8.836,1.1957,MQTT,actuator
2025-01-23T00:41:00,2243.937,72.074,3.641,35.525,0.2829,HTTPS,camera
2025-01-22T22:46:00,1005.482,35.467,9.657,155.521,1.0374,CoAP,gateway
2025-01-23T05:41:00,1551.041,70.714,11.578,63.362,0.8646,HTTPS,camera
2025-01-22T18:45:00,373.092,51.299,13.805,81.979,1.1229,CoAP,gateway
2025-01-22T17:56:00,1273.689,24.33,6.67,64.496,1.5731,HTTPS,gateway
2025-01-22T08:11:00,1041.576,84.398,0.1,107.373,0.2021,HTTPS,camera
2025-01-23T06:22:00,140.271,20.541,2.15,15.494,2.0215,MQTT,actuator
2025-01-22T11:43:00,25.481,223.084,3.865,0.05,2.0825,LoRaWAN,smart_meter
2025-01-22T14:20:00,72.451,25.276,3.07,1.489,0.0,MQTT,env_sensor
2025-01-22T07:05:00,30.134,280.242,0.1,0.58,3.4709,LoRaWAN,smart_meter
2025-01-22T21:11:00,54.616,31.77,4.184,7.535,1.4719,MQTT,env_sensor
2025-01-22T03:32:00,19.325,203.402,1.097,0.741,5.1097,LoRaWAN,smart_meter
2025-01-23T11:36:00,984.735,96.132,7.783,196.487,1.261,CoAP,camera
2025-01-22T15:08:00,30.181,134.53,4.468,0.37,2.559,LoRaWAN,smart_meter
2025-01-22T02:16:00,889.831,30.257,17.707,59.379,1.8449,CoAP,gateway
2025-01-22T01:36:00,22.48,92.854,3.653,0.319,1.1949,MQTT,smart_meter
2025-01-22T01:58:00,1331.52,60.691,9.079,0.05,1.002,MQTT,gateway
2025-01-23T12:30:00,100.11,11.509,4.948,8.293,0.6942,MQTT,env_sensor
2025-01-23T11:38:00,549.712,42.51,3.627,10.496,0.7146,HTTPS,gateway
2025-01-22T15:29:00,8.0,27.645,0.1,39.153,0.8297,MQTT,gateway
2025-01-21T22:53:00,2921.194,74.47,4.577,108.835,0.508,HTTPS,camera
2025-01-23T10:12:00,1980.957,8.518,3.449,156.415,0.9689,HTTPS,camera
2025-01-23T10:53:00,1240.381,62.5,1.561,131.493,0.2182,HTTPS,camera
2025-01-22T13:23:00,1152.391,37.258,4.708,134.171,0.0,HTTPS,camera
2025-01-22T17:56:00,1952.873,25.668,5.425,173.051,0.9081,HTTPS,camera
2025-01-23T03:54:00,626.778,32.078,11.742,48.381,1.3786,CoAP,gateway
2025-01-23T11:54:00,135.68,13.968,10.034,8.883,1.7805,MQTT,actuator
2025-01-22T06:47:00,153.216,24.702,0.1,2.727,1.7257,MQTT,actuator
2025-01-23T08:23:00,32.003,149.772,0.76,0.238,2.0587,LoRaWAN,smart_meter
2025-01-22T02:04:00,105.095,11.734,6.583,6.308,0.6192,MQTT,actuator
2025-01-21T20:08:00,33.589,25.971,0.957,8.468,0.0,MQTT,env_sensor
2025-01-23T06:49:00,24.746,165.293,1.497,0.737,5.737,LoRaWAN,smart_meter
2025-01-23T10:39:00,112.83,29.167,3.472,3.64,0.0052,MQTT,env_sensor
2025-01-23T10:14:00,72.462,25.937,0.1,1.866,1.6955,MQTT,env_sensor
2025-01-23T01:40:00,93.666,17.985,9.435,8.109,0.1981,MQTT,actuator
2025-01-22T01:58:00,29.663,238.149,2.293,0.064,0.0,LoRaWAN,smart_meter
2025-01-23T11:14:00,595.724,75.125,12.389,0.05,1.2277,CoAP,gateway
2025-01-23T05:33:00,2180.524,108.726,4.687,115.288,0.0,HTTPS,camera
2025-01-22T22:53:00,23.854,240.022,4.434,1.092,3.2374,MQTT,smart_meter
2025-01-23T03:16:00,99.217,19.82,6.084,16.307,0.0,MQTT,actuator
2025-01-22T03:06:00,2269.972,78.537,0.1,95.113,1.4923,HTTPS,camera
2025-01-22T06:37:00,135.934,11.865,4.199,10.091,0.7557,MQTT,actuator
2025-01-21T20:48:00,528.924,62.891,4.06,24.313,1.9403,MQTT,gateway
2025-01-23T00:22:00,160.601,24.248,6.048,4.193,1.3379,MQTT,actuator
2025-01-23T08:57:00,664.667,58.479,0.1,0.05,0.6145,HTTPS,camera
2025-01-23T08:54:00,74.657,11.571,6.739,6.006,1.1526,MQTT,env_sensor
2025-01-23T06:21:00,30.327,9.308,3.438,2.516,0.3359,MQTT,env_sensor
2025-01-23T07:26:00,1374.053,97.688,5.595,159.005,0.0,HTTPS,camera
2025-01-23T10:21:00,1430.768,25.404,12.425,109.509,0.5649,HTTPS,gateway
2025-01-22T23:53:00,115.021,27.356,4.318,7.189,1.6091,MQTT,env_sensor
2025-01-23T07:11:00,135.075,54.587,4.111,201.084,0.6804,HTTPS,camera
2025-01-23T00:22:00,21.6,160.036,3.112,0.424,1.1372,LoRaWAN,smart_meter
2025-01-22T14:03:00,62.611,15.363,7.005,9.803,1.1684,MQTT,actuator
2025-01-21T22:29:00,83.597,12.691,4.982,2.885,1.0101,MQTT,env_sensor
2025-01-22T20:28:00,1776.325,48.557,4.716,172.321,1.1103,HTTPS,camera
2025-01-22T05:27:00,1887.023,60.356,1.652,36.915,0.6251,HTTPS,camera
2025-01-22T08:47:00,905.119,1.0,12.499,59.329,1.4801,CoAP,gateway
2025-01-22T16:54:00,105.11,24.969,6.433,6.051,0.7611,CoAP,env_sensor
2025-01-22T18:11:00,38.259,17.151,6.414,5.377,3.1557,MQTT,env_sensor
2025-01-23T12:57:00,1736.553,33.246,2.733,145.245,0.3954,HTTPS,camera
2025-01-23T03:05:00,1272.206,51.078,10.021,0.05,0.3851,HTTPS,gateway
2025-01-22T03:53:00,21.366,197.919,2.384,0.492,1.999,LoRaWAN,smart_meter
2025-01-23T06:29:00,780.1,32.263,13.972,30.391,0.0,HTTPS,gateway
2025-01-22T09:36:00,98.536,25.69,13.762,11.295,1.1067,MQTT,actuator
2025-01-22T12:32:00,71.686,29.959,3.53,0.05,1.5296,MQTT,env_sensor
2025-01-23T12:14:00,16.019,203.426,3.077,0.236,3.0812,LoRaWAN,smart_meter
2025-01-23T12:30:00,1168.296,43.793,12.97,86.114,1.6271,HTTPS,gateway
2025-01-22T15:22:00,92.712,36.652,1.575,2.404,2.2282,MQTT,env_sensor
2025-01-22T03:14:00,2158.299,47.973,0.876,86.074,1.285,HTTPS,camera
2025-01-23T05:46:00,38.135,195.876,3.359,0.779,3.2439,LoRaWAN,smart_meter
2025-01-23T07:22:00,3057.223,23.608,0.673,60.269,0.1078,HTTPS,camera
2025-01-22T13:14:00,90.063,15.362,1.297,1.888,1.0006,MQTT,env_sensor
2025-01-23T09:52:00,1450.198,60.981,7.403,16.395,1.4135,CoAP,camera
2025-01-22T15:31:00,2149.311,28.994,6.285,81.107,1.2168,HTTPS,camera
2025-01-22T18:41:00,83.868,20.803,7.123,6.16,0.0,CoAP,actuator
2025-01-21T22:17:00,26.141,29.18,3.208,6.041,0.9215,MQTT,env_sensor
2025-01-22T09:14:00,1756.583,56.91,9.33,86.844,0.295,HTTPS,camera
2025-01-22T20:38:00,25.919,214.495,2.695,0.233,2.8458,LoRaWAN,smart_meter
2025-01-23T07:04:00,1469.395,52.71,7.455,130.333,1.1899,HTTPS,gateway
2025-01-22T11:03:00,2054.23,12.776,9.445,72.462,0.0,HTTPS,gateway
2025-01-21T20:47:00,2194.482,84.302,4.471,119.058,1.2072,HTTPS,camera
2025-01-22T19:54:00,1941.17,125.991,9.006,53.763,0.0,HTTPS,camera
2025-01-22T22:51:00,84.988,14.47,9.951,1.051,0.1701,MQTT,actuator
2025-01-21T20:53:00,15.719,275.543,2.729,1.003,3.0195,MQTT,smart_meter
2025-01-22T23:59:00,2032.918,47.484,0.1,84.281,1.061,HTTPS,camera
2025-01-23T02:42:00,561.172,83.276,7.924,49.097,0.1531,CoAP,gateway
2025-01-22T08:40:00,3114.692,14.714,7.865,182.1,0.0,HTTPS,camera
2025-01-22T06:43:00,1192.887,79.004,10.114,71.263,0.8628,HTTPS,gateway
2025-01-22T14:38:00,19.68,16.812,4.257,0.882,1.4254,MQTT,env_sensor
2025-01-21T23:16:00,199.267,12.075,6.235,12.767,0.0,MQTT,actuator
2025-01-23T01:48:00,1096.694,43.053,0.871,55.618,1.9555,HTTPS,gateway
2025-01-22T00:34:00,61.031,33.174,4.18,0.05,0.2623,MQTT,env_sensor
2025-01-23T04:09:00,99.328,18.987,0.1,4.407,2.0339,MQTT,env_sensor
2025-01-22T01:17:00,1449.469,66.02,5.827,163.704,0.8928,HTTPS,camera
2025-01-22T10:03:00,75.235,36.114,1.575,7.349,0.0,MQTT,env_sensor
2025-01-23T02:45:00,1135.427,44.234,12.509,52.549,1.5146,HTTPS,gateway
2025-01-22T04:07:00,109.292,27.653,7.227,8.244,1.0493,MQTT,actuator
2025-01-22T21:16:00,557.985,37.602,6.383,14.463,1.2878,CoAP,gateway
2025-01-22T16:39:00,40.809,159.15,0.564,0.05,2.7134,LoRaWAN,smart_meter
2025-01-22T09:04:00,40.169,177.263,2.159,0.486,3.2576,LoRaWAN,smart_meter
2025-01-22T00:29:00,129.897,10.065,6.196,11.001,0.0675,CoAP,actuator
2025-01-22T00:14:00,145.136,29.918,5.412,6.527,0.6347,MQTT,actuator
2025-01-21T23:53:00,93.837,7.226,4.403,2.022,1.0654,MQTT,actuator
2025-01-22T06:26:00,1618.566,94.565,1.033,203.971,0.0773,HTTPS,camera
2025-01-23T00:09:00,144.501,9.771,7.146,12.417,0.7219,MQTT,actuator
2025-01-22T10:58:00,473.986,36.7,7.768,47.164,0.71,CoAP,gateway
2025-01-22T07:19:00,97.012,16.765,3.178,12.327,0.0,MQTT,actuator
2025-01-23T04:54:00,28.226,84.744,3.42,0.188,4.7698,MQTT,smart_meter
2025-01-22T15:22:00,871.559,51.0,0.1,14.055,0.5685,HTTPS,gateway
2025-01-22T22:03:00,75.554,12.471,13.118,4.733,0.0,MQTT,actuator
2025-01-22T14:00:00,19.051,25.204,4.747,4.011,1.5413,MQTT,env_sensor
2025-01-22T22:43:00,65.678,13.099,2.395,0.589,0.8097,MQTT,actuator
2025-01-22T14:26:00,33.091,218.687,1.737,0.491,4.4666,LoRaWAN,smart_meter
2025-01-22T23:22:00,1103.639,38.493,0.407,128.687,0.084,HTTPS,camera
2025-01-22T06:27:00,95.645,33.413,4.404,0.05,1.4206,MQTT,env_sensor
2025-01-23T07:22:00,31.397,48.694,2.355,0.05,2.7082,MQTT,smart_meter
2025-01-22T08:15:00,35.653,30.583,4.032,0.05,2.6166,MQTT,env_sensor
2025-01-22T15:48:00,131.181,15.1,6.161,4.124,2.7942,CoAP,actuator
2025-01-22T06:39:00,21.269,141.653,0.1,0.624,1.0242,LoRaWAN,smart_meter
2025-01-23T13:26:00,1299.494,40.689,8.023,45.937,0.0,HTTPS,gateway
2025-01-22T10:42:00,48.334,27.102,6.233,7.0,1.578,MQTT,env_sensor
2025-01-22T08:38:00,280.973,74.78,8.421,70.502,2.1475,CoAP,gateway
2025-01-22T20:09:00,2075.973,49.87,6.02,168.87,0.8605,HTTPS,camera
2025-01-22T15:23:00,96.953,6.905,3.533,4.187,0.0,MQTT,env_sensor
2025-01-22T22:10:00,1295.732,53.593,6.385,12.972,1.0055,CoAP,camera
2025-01-22T11:22:00,1049.798,56.187,3.333,50.374,0.0,HTTPS,camera
2025-01-22T06:52:00,975.373,47.687,13.805,152.372,1.4875,CoAP,gateway
2025-01-22T21:59:00,45.941,25.38,3.095,3.072,2.9231,MQTT,env_sensor
2025-01-23T07:51:00,107.362,21.39,1.605,2.549,0.5611,MQTT,env_sensor
2025-01-23T09:32:00,1194.865,104.077,4.196,248.641,0.3551,HTTPS,camera
2025-01-23T12:28:00,85.961,18.982,2.788,0.05,1.1502,MQTT,env_sensor
2025-01-22T22:50:00,47.987,25.358,2.676,2.489,1.0344,MQTT,env_sensor
2025-01-21T21:38:00,39.393,147.535,0.215,0.545,2.5038,LoRaWAN,smart_meter
2025-01-22T19:50:00,34.344,306.943,1.457,0.959,2.1384,LoRaWAN,smart_meter
2025-01-23T04:22:00,314.182,68.958,0.669,68.856,0.8579,HTTPS,camera
2025-01-21T23:12:00,103.132,24.876,4.279,2.989,2.2831,MQTT,env_sensor
2025-01-23T03:27:00,11.516,102.615,4.24,0.285,5.8245,LoRaWAN,smart_meter
2025-01-21T21:41:00,123.979,26.992,2.209,10.128,0.0,MQTT,actuator
2025-01-22T21:40:00,107.576,12.714,7.667,7.801,1.263,MQTT,actuator
2025-01-23T07:02:00,108.649,13.888,1.628,3.558,0.0,MQTT,actuator
2025-01-23T04:17:00,477.534,23.941,12.324,68.924,1.9015,CoAP,gateway
2025-01-22T02:40:00,47.525,8.215,4.324,8.758,1.5939,MQTT,env_sensor
2025-01-23T01:03:00,8.0,75.94,18.256,77.389,0.2226,HTTPS,gateway
2025-01-22T15:11:00,97.674,25.16,3.326,2.694,0.6487,MQTT,env_sensor
2025-01-23T06:20:00,23.602,209.662,2.519,0.068,3.254,LoRaWAN,smart_meter
2025-01-22T19:25:00,124.544,13.071,9.549,12.279,0.2935,MQTT,actuator
2025-01-22T00:54:00,39.354,87.196,2.47,0.535,0.7927,HTTPS,smart_meter
2025-01-22T12:01:00,970.648,36.726,9.383,41.892,1.4893,CoAP,gateway
2025-01-22T11:11:00,1825.963,30.807,6.764,166.2,0.0,HTTPS,camera
2025-01-22T14:11:00,90.405,16.165,6.387,3.701,0.6887,MQTT,actuator
2025-01-23T11:13:00,41.433,205.141,2.015,0.526,2.2965,LoRaWAN,smart_meter
2025-01-22T20:05:00,1371.682,75.978,7.591,3.584,1.4684,CoAP,gateway
2025-01-21T22:39:00,26.908,184.52,1.589,0.241,3.4112,LoRaWAN,smart_meter
2025-01-22T16:36:00,15.041,165.038,4.791,0.717,4.9974,LoRaWAN,smart_meter
2025-01-22T00:37:00,1995.951,80.533,5.504,118.252,0.857,HTTPS,camera
2025-01-23T08:45:00,58.845,1.0,7.603,81.161,1.9407,CoAP,gateway
2025-01-21T20:01:00,1153.075,44.381,3.458,71.798,0.0,HTTPS,camera
2025-01-23T02:38:00,81.803,26.42,5.68,7.969,1.4001,MQTT,actuator
2025-01-22T11:09:00,31.777,232.127,1.093,1.037,1.46,MQTT,smart_meter
2025-01-23T12:47:00,124.426,19.069,0.566,10.119,0.2366,MQTT,actuator
2025-01-22T02:06:00,2540.286,1.0,7.068,195.266,0.9249,HTTPS,camera
2025-01-22T06:23:00,1542.257,62.242,4.141,52.177,0.4899,HTTPS,gateway
2025-01-23T05:32:00,39.359,24.208,5.822,10.411,0.4856,MQTT,actuator
2025-01-23T09:29:00,2380.776,90.364,1.899,236.304,0.6357,HTTPS,camera
2025-01-22T12:52:00,2026.053,43.106,3.526,54.622,1.3275,HTTPS,camera
2025-01-22T17:48:00,130.106,30.951,3.419,5.679,0.0,MQTT,env_sensor
2025-01-21T20:14:00,34.978,181.227,0.696,0.05,3.4092,LoRaWAN,smart_meter
2025-01-23T03:33:00,134.823,57.271,8.934,50.052,0.6455,HTTPS,gateway
2025-01-22T12:04:00,75.406,32.985,3.34,3.789,0.0631,MQTT,env_sensor
2025-01-23T07:38:00,887.65,59.259,2.562,106.195,0.0081,HTTPS,camera
2025-01-22T12:15:00,84.211,13.227,0.1,6.257,0.0,MQTT,env_sensor
2025-01-23T06:18:00,108.917,17.052,3.8,1.345,0.8594,MQTT,env_sensor
2025-01-22T22:19:00,1954.684,59.554,7.886,191.852,0.9925,HTTPS,camera
2025-01-23T00:12:00,27.919,145.886,3.044,0.141,5.0404,LoRaWAN,smart_meter
2025-01-22T15:59:00,14.184,19.478,3.442,7.654,0.0,MQTT,env_sensor
2025-01-22T18:53:00,114.392,26.095,5.492,7.695,1.7744,MQTT,env_sensor
2025-01-23T00:39:00,32.097,100.826,2.963,0.05,6.2382,LoRaWAN,smart_meter
2025-01-23T11:12:00,201.469,42.666,5.482,101.427,0.66,HTTPS,gateway
2025-01-22T18:23:00,1668.578,100.355,6.22,100.346,0.0,HTTPS,camera
2025-01-22T12:17:00,123.73,12.236,3.166,3.804,1.6972,MQTT,actuator
2025-01-23T13:09:00,25.79,14.287,0.57,1.804,1.8245,MQTT,env_sensor
2025-01-23T06:22:00,91.034,39.423,0.1,2.227,2.0927,MQTT,env_sensor
2025-01-22T22:50:00,1793.009,65.752,1.03,138.909,0.2753,HTTPS,camera
2025-01-21T20:37:00,178.487,17.095,3.616,2.227,0.6601,MQTT,actuator
2025-01-22T22:14:00,940.371,88.525,9.466,113.757,0.9887,HTTPS,camera
2025-01-22T12:23:00,1979.847,54.255,10.725,67.948,0.5818,HTTPS,camera
2025-01-21T23:53:00,22.621,233.79,3.649,0.56,4.3595,LoRaWAN,smart_meter
2025-01-22T12:21:00,114.195,64.986,3.308,100.816,0.7801,MQTT,gateway
2025-01-22T23:09:00,893.979,69.764,14.041,36.898,1.7855,CoAP,gateway
2025-01-22T12:21:00,84.785,6.66,2.297,4.789,0.9456,MQTT,env_sensor
2025-01-21T23:06:00,8.0,37.354,1.109,68.767,0.4744,HTTPS,gateway
2025-01-22T04:38:00,1267.421,81.763,3.332,195.087,0.6768,HTTPS,camera
2025-01-22T17:44:00,35.309,173.781,5.983,0.591,2.5977,LoRaWAN,smart_meter
2025-01-22T22:23:00,1178.726,73.428,4.95,81.179,1.4786,HTTPS,gateway
2025-01-23T09:51:00,28.718,125.436,2.714,0.098,5.7671,LoRaWAN,smart_meter
2025-01-22T00:00:00,1469.119,21.477,6.68,141.827,0.9696,HTTPS,camera
2025-01-22T19:50:00,63.72,18.722,5.557,14.661,0.6449,MQTT,actuator
2025-01-23T04:09:00,97.149,25.154,7.493,11.397,0.6309,MQTT,actuator
2025-01-22T06:31:00,61.232,19.136,3.449,3.687,1.9952,MQTT,env_sensor
2025-01-22T21:13:00,73.729,12.222,11.058,8.954,0.9991,CoAP,actuator
2025-01-23T05:45:00,37.141,373.548,4.539,0.486,5.4875,LoRaWAN,smart_meter
2025-01-22T10:54:00,60.08,13.064,1.544,4.691,1.5683,MQTT,env_sensor
2025-01-23T08:17:00,2377.471,30.723,4.917,179.662,0.0914,HTTPS,camera
2025-01-22T01:37:00,142.673,13.455,4.299,6.953,0.8906,MQTT,actuator
2025-01-23T01:32:00,115.333,20.047,7.366,21.081,1.1781,CoAP,actuator
2025-01-22T03:56:00,103.705,37.769,2.339,3.708,0.7714,MQTT,env_sensor
2025-01-22T04:45:00,30.629,105.768,0.1,0.275,2.1722,MQTT,smart_meter
2025-01-21T20:35:00,2446.031,42.544,2.549,32.136,0.0,HTTPS,camera
2025-01-22T14:00:00,25.484,203.703,0.801,0.138,3.5795,LoRaWAN,smart_meter
2025-01-22T11:43:00,96.309,20.389,5.054,0.05,1.6682,MQTT,env_sensor
2025-01-22T06:39:00,914.995,55.965,8.545,23.597,0.7525,CoAP,gateway
2025-01-22T01:05:00,24.722,167.386,1.73,0.33,0.0,LoRaWAN,smart_meter
2025-01-23T04:51:00,122.773,16.999,7.946,8.239,0.3638,MQTT,actuator
2025-01-23T08:25:00,82.341,28.815,1.322,9.304,2.8144,MQTT,env_sensor
2025-01-22T18:45:00,3180.344,40.228,0.1,31.104,0.5906,HTTPS,camera
2025-01-22T15:32:00,600.006,51.74,2.118,44.21,1.1327,MQTT,camera
2025-01-22T01:46:00,654.354,34.648,7.364,41.151,1.3637,CoAP,gateway
2025-01-22T03:22:00,121.366,17.66,5.207,14.056,1.0794,MQTT,actuator
2025-01-22T03:51:00,106.388,21.388,1.592,11.637,0.0,MQTT,actuator
2025-01-21T20:24:00,2531.578,54.777,1.168,224.385,0.0,HTTPS,camera
2025-01-22T17:27:00,77.605,34.296,0.824,6.39,0.3012,MQTT,env_sensor
2025-01-22T00:11:00,20.466,286.49,2.057,0.105,2.7805,LoRaWAN,smart_meter
2025-01-22T17:45:00,104.269,16.09,6.185,1.375,1.5361,CoAP,actuator
2025-01-22T02:30:00,36.006,241.657,0.1,0.05,0.0,LoRaWAN,smart_meter
2025-01-22T20:27:00,30.539,180.533,1.044,0.512,3.8236,LoRaWAN,smart_meter
2025-01-23T05:20:00,8.0,38.35,2.111,109.974,0.1677,HTTPS,gateway
2025-01-22T20:39:00,1365.839,39.881,7.735,64.791,0.3624,HTTPS,gateway
2025-01-22T03:38:00,74.812,16.793,9.806,9.935,0.6008,MQTT,actuator
2025-01-23T05:04:00,37.62,173.954,2.011,0.648,0.9875,LoRaWAN,smart_meter
2025-01-23T04:13:00,33.944,302.908,0.323,0.212,5.255,LoRaWAN,smart_meter
2025-01-23T07:04:00,19.362,158.132,4.118,0.837,3.6005,MQTT,smart_meter
2025-01-22T01:00:00,960.409,74.153,6.342,165.838,0.8775,HTTPS,camera
2025-01-23T03:37:00,1812.67,61.472,4.443,144.774,0.8227,HTTPS,camera
2025-01-22T18:10:00,671.813,38.343,4.151,53.509,1.9135,CoAP,gateway
2025-01-23T11:54:00,29.694,155.172,2.248,0.249,5.9738,LoRaWAN,smart_meter
2025-01-23T01:07:00,89.229,19.221,0.894,4.472,1.6396,MQTT,env_sensor
2025-01-22T06:20:00,192.798,14.0,12.083,8.935,0.0053,MQTT,actuator
2025-01-23T09:28:00,769.352,16.159,13.329,106.524,0.0994,HTTPS,gateway
2025-01-22T09:47:00,26.156,86.863,3.114,0.234,3.919,MQTT,smart_meter
2025-01-22T16:16:00,1417.856,81.098,6.0,188.257,0.5054,HTTPS,camera
2025-01-23T04:37:00,794.704,88.892,4.669,135.95,0.3286,HTTPS,camera
2025-01-23T06:29:00,34.477,295.375,1.516,0.708,0.9651,LoRaWAN,smart_meter
2025-01-22T14:17:00,1878.944,36.464,1.199,132.23,0.3235,HTTPS,camera
2025-01-23T10:48:00,8.0,56.666,12.691,41.214,3.061,MQTT,gateway
2025-01-23T02:44:00,100.459,16.617,11.618,7.54,1.2213,MQTT,actuator
2025-01-23T12:36:00,13.423,203.962,2.576,0.175,1.617,LoRaWAN,smart_meter
2025-01-22T05:52:00,690.361,98.916,5.984,14.462,0.8394,HTTPS,camera
2025-01-22T06:10:00,1454.988,18.498,1.19,133.117,0.0941,HTTPS,camera
2025-01-22T14:12:00,892.087,20.298,6.004,110.636,0.0,CoAP,gateway
2025-01-23T12:08:00,62.503,15.538,0.164,6.137,0.6475,MQTT,env_sensor
2025-01-22T05:40:00,1297.967,31.935,10.691,36.18,1.5998,CoAP,gateway
2025-01-22T00:22:00,142.607,11.144,4.716,5.075,0.5207,MQTT,actuator
2025-01-22T00:04:00,93.206,50.518,2.558,1.591,1.9983,MQTT,env_sensor
2025-01-23T04:40:00,33.685,33.083,0.1,1.454,0.84,MQTT,env_sensor
2025-01-23T08:25:00,141.972,4.445,12.845,8.121,0.9357,MQTT,actuator
2025-01-22T19:21:00,91.948,28.505,2.7,4.523,0.0,MQTT,env_sensor
2025-01-21T20:50:00,1225.422,17.074,9.129,123.587,1.4293,HTTPS,gateway
2025-01-22T04:28:00,108.348,47.084,0.869,6.919,0.6199,MQTT,env_sensor
2025-01-23T00:36:00,95.788,24.46,6.401,10.173,1.524,MQTT,actuator
2025-01-23T05:11:00,1474.15,61.159,9.441,20.921,0.7933,HTTPS,gateway
2025-01-22T18:30:00,23.2,227.106,0.969,0.363,3.4666,LoRaWAN,smart_meter
2025-01-22T20:19:00,131.046,7.38,5.941,9.407,1.9656,MQTT,actuator
2025-01-22T16:04:00,1366.79,53.394,7.226,20.469,0.195,HTTPS,camera
2025-01-22T18:34:00,1897.661,63.108,7.042,202.577,0.2937,HTTPS,camera
2025-01-23T10:15:00,1537.306,84.067,4.657,151.721,0.0707,HTTPS,camera
2025-01-23T09:59:00,75.673,43.995,2.577,6.538,0.0372,MQTT,env_sensor
2025-01-23T11:28:00,621.343,53.784,0.1,121.432,0.4509,HTTPS,camera
2025-01-22T04:27:00,1573.436,32.632,0.1,182.988,0.0,HTTPS,camera
2025-01-23T07:46:00,98.231,17.918,2.304,8.872,1.2064,MQTT,actuator
2025-01-23T07:41:00,103.21,1.469,1.627,0.05,2.2823,MQTT,env_sensor
2025-01-23T11:54:00,1124.248,58.474,4.362,0.05,2.7056,HTTPS,gateway
2025-01-21T22:34:00,1772.825,30.788,2.616,137.426,0.0,HTTPS,camera
2025-01-21T21:06:00,34.974,93.94,1.793,0.083,0.0,HTTPS,smart_meter
2025-01-23T04:30:00,28.605,164.899,1.361,0.595,2.6801,LoRaWAN,smart_meter
2025-01-21T22:38:00,92.24,16.205,8.559,7.879,0.2722,MQTT,actuator
2025-01-22T09:31:00,88.029,25.959,3.26,0.05,0.0,MQTT,actuator
2025-01-22T12:11:00,1407.494,42.092,5.041,55.515,2.2245,HTTPS,gateway
2025-01-23T12:20:00,30.188,64.355,2.242,0.411,1.271,MQTT,smart_meter
2025-01-21T23:11:00,71.89,48.849,2.549,3.939,0.9104,MQTT,env_sensor
2025-01-23T02:30:00,53.215,21.066,4.693,1.787,0.1699,MQTT,env_sensor
2025-01-22T10:15:00,76.972,15.214,3.71,3.279,0.0,MQTT,env_sensor
2025-01-22T06:45:00,38.872,171.393,1.547,0.05,6.8476,LoRaWAN,smart_meter
2025-01-23T11:07:00,29.424,189.236,3.351,0.404,3.0794,LoRaWAN,smart_meter
2025-01-23T11:18:00,2411.925,92.062,2.328,130.667,0.6451,HTTPS,camera
2025-01-22T11:18:00,60.792,19.063,8.317,8.814,0.9031,MQTT,actuator
2025-01-23T02:30:00,1694.441,89.039,2.427,210.849,0.8747,HTTPS,camera
2025-01-22T05:01:00,19.314,225.024,0.915,0.678,5.4062,LoRaWAN,smart_meter
2025-01-23T05:25:00,1465.604,67.267,4.343,36.88,0.0891,HTTPS,camera
2025-01-21T22:35:00,1033.923,49.767,1.141,0.05,0.8998,HTTPS,gateway
2025-01-22T02:31:00,64.796,16.828,7.684,15.634,0.3022,MQTT,actuator
2025-01-22T05:13:00,845.885,42.996,11.775,0.05,0.6676,CoAP,gateway
2025-01-22T12:38:00,1988.822,68.653,6.854,82.815,0.3948,HTTPS,camera
2025-01-23T06:44:00,122.184,14.512,3.793,7.212,0.37,MQTT,actuator
2025-01-22T02:44:00,69.372,21.324,8.523,6.284,0.9289,MQTT,actuator
2025-01-21T22:09:00,29.619,120.387,2.365,0.376,0.53,LoRaWAN,smart_meter
2025-01-22T14:07:00,2313.036,90.411,4.402,106.465,1.1729,HTTPS,camera
2025-01-23T11:08:00,396.957,40.3,10.988,50.787,1.2025,CoAP,gateway
2025-01-23T04:09:00,25.96,177.867,4.304,0.456,2.186,LoRaWAN,smart_meter
2025-01-23T04:02:00,44.353,45.537,0.238,4.387,0.7929,HTTPS,env_sensor
2025-01-22T19:34:00,2835.999,77.731,2.474,0.05,0.4639,HTTPS,camera
2025-01-22T19:33:00,799.312,61.076,3.294,81.996,1.0365,HTTPS,gateway
2025-01-22T17:03:00,64.639,34.114,1.965,9.097,2.9493,MQTT,env_sensor
2025-01-22T01:07:00,34.846,203.969,0.211,0.287,0.0,LoRaWAN,smart_meter
2025-01-22T02:24:00,1816.759,81.823,6.57,83.373,0.8924,HTTPS,camera
2025-01-21T22:15:00,1474.547,53.289,4.005,115.628,1.0355,HTTPS,camera
2025-01-23T06:51:00,64.094,31.748,2.125,3.675,1.3945,MQTT,env_sensor
2025-01-23T12:40:00,96.218,22.079,5.935,6.85,0.232,MQTT,actuator
2025-01-22T05:40:00,93.993,22.618,4.54,3.77,2.906,MQTT,env_sensor
2025-01-22T13:56:00,1867.383,47.972,4.034,65.73,0.0,HTTPS,camera
2025-01-22T08:30:00,8.0,40.139,0.1,41.261,0.9235,HTTPS,gateway
2025-01-21T23:20:00,8.0,28.158,0.235,8.162,0.8329,MQTT,env_sensor
2025-01-22T17:14:00,938.996,51.343,2.087,0.05,0.0,HTTPS,camera
2025-01-23T05:13:00,118.122,29.343,6.714,1.502,1.1223,MQTT,env_sensor
2025-01-23T07:30:00,2919.715,73.208,0.1,119.238,1.0969,HTTPS,camera
2025-01-23T06:50:00,81.959,19.768,10.633,2.831,0.3444,CoAP,actuator
2025-01-22T01:19:00,2294.445,55.47,2.727,140.692,0.3447,HTTPS,camera
2025-01-23T05:51:00,867.36,36.425,6.711,53.578,1.5658,CoAP,gateway
2025-01-23T01:28:00,383.753,24.606,0.372,36.923,1.3691,MQTT,gateway
2025-01-23T03:08:00,82.432,19.049,1.82,5.976,0.6176,MQTT,actuator
2025-01-21T21:20:00,51.704,10.034,0.461,6.059,0.0,MQTT,env_sensor
2025-01-22T01:10:00,102.499,23.226,3.804,4.749,1.0294,MQTT,env_sensor
2025-01-21T22:41:00,36.005,135.226,0.653,0.135,3.745,LoRaWAN,smart_meter
2025-01-23T05:46:00,2100.153,62.864,1.99,91.219,0.0,HTTPS,camera
2025-01-23T08:35:00,555.684,49.277,10.551,68.255,1.989,CoAP,gateway
2025-01-21T22:39:00,1621.703,60.586,8.296,62.111,0.0,HTTPS,camera
2025-01-22T23:08:00,426.068,48.213,4.457,122.403,0.5669,HTTPS,camera
2025-01-21T22:15:00,129.123,11.538,5.633,4.921,0.7598,MQTT,actuator
2025-01-23T06:18:00,2274.077,87.889,7.329,82.633,0.903,HTTPS,camera
2025-01-23T10:33:00,1131.572,18.823,14.783,47.234,0.45,HTTPS,gateway
2025-01-21T21:21:00,1611.801,65.255,0.731,197.33,0.5737,HTTPS,camera
2025-01-22T06:21:00,67.62,13.601,3.109,3.548,2.9197,MQTT,env_sensor
2025-01-22T21:22:00,75.838,24.202,5.176,0.05,0.0,MQTT,env_sensor
2025-01-23T09:35:00,55.552,19.28,2.086,5.323,1.8658,MQTT,env_sensor
2025-01-22T13:02:00,119.057,15.169,1.375,6.434,0.6801,MQTT,actuator
2025-01-23T04:29:00,39.523,371.344,0.758,0.43,2.2015,LoRaWAN,smart_meter
2025-01-22T15:24:00,111.311,7.702,5.71,4.759,0.3839,MQTT,actuator
2025-01-23T08:05:00,71.31,12.15,3.1,6.504,1.1127,MQTT,env_sensor
2025-01-23T02:51:00,1801.099,42.244,2.393,125.844,0.5895,HTTPS,camera
2025-01-22T06:56:00,135.118,24.676,8.295,9.045,0.1473,MQTT,actuator
2025-01-22T22:31:00,33.207,178.467,2.739,0.977,2.9186,LoRaWAN,smart_meter
2025-01-21T23:21:00,77.97,37.614,0.1,0.05,1.3872,MQTT,env_sensor
2025-01-22T11:36:00,586.07,78.916,9.61,44.331,0.5384,CoAP,gateway
2025-01-21T21:12:00,2026.572,39.444,5.195,133.499,1.969,HTTPS,gateway
2025-01-23T02:28:00,1434.123,45.905,18.255,61.447,0.1378,HTTPS,gateway
2025-01-21T20:29:00,81.662,23.621,2.077,4.465,1.1284,MQTT,env_sensor
2025-01-23T06:41:00,39.112,142.148,1.994,0.771,0.0,LoRaWAN,smart_meter
2025-01-22T18:54:00,8.0,23.052,10.91,0.05,1.2243,CoAP,gateway
2025-01-21T20:50:00,1372.347,41.989,0.248,127.408,1.449,HTTPS,camera
2025-01-22T23:23:00,81.117,25.622,4.078,6.9,0.0,MQTT,env_sensor
2025-01-22T07:31:00,89.925,17.092,5.255,6.36,0.0,MQTT,actuator
2025-01-22T16:45:00,764.966,33.311,7.077,9.823,2.8197,CoAP,gateway
2025-01-22T13:01:00,127.579,15.532,6.889,15.732,0.9961,MQTT,actuator
2025-01-22T19:37:00,511.236,56.193,11.324,83.53,0.6044,HTTPS,gateway
2025-01-23T02:46:00,26.064,217.266,2.274,0.764,3.759,LoRaWAN,smart_meter
2025-01-22T22:37:00,84.746,17.079,2.29,5.735,2.7728,MQTT,actuator
2025-01-23T09:10:00,1215.202,16.056,21.614,86.491,0.2692,HTTPS,gateway
2025-01-22T17:08:00,20.75,225.386,2.264,0.381,5.2827,LoRaWAN,smart_meter
2025-01-22T23:34:00,116.795,14.359,8.433,11.628,1.2469,MQTT,actuator
2025-01-22T08:10:00,102.996,23.469,5.101,5.185,2.2159,CoAP,env_sensor
2025-01-22T10:50:00,125.044,31.988,10.527,0.05,1.7314,MQTT,actuator
2025-01-22T12:42:00,93.93,22.173,8.741,6.052,0.4732,MQTT,actuator
2025-01-22T04:13:00,1767.007,39.073,2.064,59.392,0.1571,HTTPS,gateway
2025-01-22T12:36:00,21.849,192.49,2.371,0.722,2.2422,LoRaWAN,smart_meter
2025-01-21T20:44:00,34.936,123.676,4.33,0.591,2.9088,LoRaWAN,smart_meter
2025-01-22T03:32:00,128.47,19.319,7.438,10.316,0.3294,MQTT,actuator
2025-01-22T11:31:00,1002.261,41.98,17.766,57.682,0.7441,HTTPS,gateway
2025-01-23T04:03:00,129.401,10.504,7.278,5.046,1.0936,MQTT,actuator
2025-01-23T04:42:00,52.142,18.757,3.467,2.64,0.0,MQTT,env_sensor
2025-01-22T00:12:00,1395.696,27.165,2.735,140.981,0.3781,HTTPS,camera
2025-01-23T05:50:00,978.528,27.923,7.791,142.602,1.9558,CoAP,gateway
2025-01-23T02:24:00,139.696,23.515,13.733,8.699,0.0,MQTT,actuator
2025-01-22T11:52:00,751.547,35.347,2.126,115.028,0.5513,HTTPS,camera
2025-01-22T01:40:00,1474.54,42.049,9.266,84.247,0.9831,HTTPS,camera
2025-01-22T02:00:00,45.295,6.831,8.392,2.043,1.8824,MQTT,env_sensor
2025-01-22T12:15:00,876.234,16.138,10.177,66.846,0.2283,HTTPS,gateway
2025-01-22T17:28:00,420.592,48.959,1.468,0.05,2.0331,CoAP,gateway
2025-01-22T20:02:00,136.061,19.842,8.712,7.567,1.2243,CoAP,actuator
2025-01-21T22:03:00,64.064,19.32,2.165,3.277,0.0,MQTT,env_sensor
2025-01-22T15:22:00,109.067,19.1,2.475,6.52,2.0164,MQTT,actuator
2025-01-23T08:08:00,52.16,39.989,0.1,3.214,1.1056,MQTT,env_sensor
2025-01-23T12:06:00,1725.551,33.509,17.394,136.151,1.0499,HTTPS,gateway
2025-01-22T09:46:00,90.504,6.96,1.496,0.282,1.0957,MQTT,env_sensor
2025-01-22T05:59:00,15.511,217.743,1.853,0.85,4.5057,LoRaWAN,smart_meter
2025-01-23T07:29:00,1284.397,18.405,0.997,127.922,1.9022,HTTPS,gateway
2025-01-22T14:31:00,1044.577,48.754,3.3,74.452,0.8811,HTTPS,camera
2025-01-22T01:28:00,1169.913,51.674,12.509,65.34,1.1596,HTTPS,gateway
2025-01-22T02:38:00,173.19,15.519,7.408,7.836,1.0696,MQTT,actuator
2025-01-23T04:18:00,1707.693,36.345,5.415,44.318,0.2215,HTTPS,camera
2025-01-23T04:04:00,1668.363,68.607,1.103,127.964,0.2455,HTTPS,camera
2025-01-22T03:38:00,535.496,23.423,2.519,50.88,0.0,HTTPS,gateway
2025-01-23T08:44:00,8.0,155.48,1.763,0.539,1.2618,LoRaWAN,smart_meter
2025-01-23T02:12:00,28.819,246.92,2.482,0.05,4.7808,LoRaWAN,smart_meter
2025-01-22T17:55:00,140.684,29.704,9.13,12.794,1.711,CoAP,actuator
2025-01-22T12:07:00,2399.096,97.295,4.209,144.876,0.9182,HTTPS,camera
2025-01-22T07:45:00,30.485,95.369,1.941,0.401,0.7237,HTTPS,smart_meter
2025-01-22T18:22:00,37.973,16.965,0.239,1.927,1.5785,MQTT,env_sensor
2025-01-22T09:25:00,2175.196,3.089,0.1,153.503,1.0105,HTTPS,camera
2025-01-21T22:44:00,1833.451,61.265,1.935,86.993,0.6372,HTTPS,camera
2025-01-22T14:44:00,160.344,25.034,8.99,12.946,0.3539,MQTT,actuator
2025-01-22T21:13:00,108.982,16.237,3.457,3.468,1.8675,MQTT,env_sensor
2025-01-22T01:22:00,224.546,65.617,5.046,74.13,1.2083,CoAP,gateway
2025-01-22T08:08:00,67.553,21.557,1.828,2.359,0.0,MQTT,env_sensor
2025-01-22T14:38:00,1424.493,47.784,7.529,48.309,1.6936,CoAP,gateway
2025-01-21T22:21:00,25.514,267.012,1.955,0.05,0.0,LoRaWAN,smart_meter
2025-01-22T15:19:00,164.405,21.141,5.072,8.238,1.3358,MQTT,actuator
2025-01-22T03:15:00,1315.275,20.767,6.456,66.128,1.556,HTTPS,camera
2025-01-22T05:56:00,294.207,63.221,6.169,109.367,0.6822,HTTPS,camera
2025-01-22T22:05:00,33.224,239.448,3.184,0.567,3.5549,LoRaWAN,smart_meter
2025-01-22T17:05:00,33.55,19.091,1.562,0.617,0.6118,LoRaWAN,env_sensor
2025-01-22T20:48:00,30.797,9.509,2.452,5.727,2.1259,MQTT,env_sensor
2025-01-23T12:12:00,24.933,187.303,3.852,0.516,5.0664,LoRaWAN,smart_meter
2025-01-23T11:05:00,814.96,116.329,11.373,189.572,0.4143,HTTPS,camera
2025-01-22T13:11:00,30.402,33.618,5.393,3.017,2.2475,MQTT,env_sensor
2025-01-22T09:16:00,2502.069,70.974,3.486,59.264,0.7131,HTTPS,camera
2025-01-21T20:49:00,1140.405,15.825,15.348,70.891,1.3232,HTTPS,gateway
2025-01-23T12:36:00,91.616,18.514,5.905,10.571,0.4416,MQTT,actuator
2025-01-23T10:44:00,1955.634,62.927,0.233,72.265,0.0,HTTPS,camera
2025-01-23T11:32:00,763.523,36.738,6.1,0.05,0.2273,CoAP,gateway
2025-01-23T10:49:00,25.976,197.522,2.776,0.157,3.2709,LoRaWAN,smart_meter
2025-01-22T19:09:00,98.027,49.751,1.33,2.681,0.6691,MQTT,env_sensor
2025-01-22T11:01:00,349.319,47.149,3.339,136.94,0.2889,HTTPS,gateway
2025-01-22T07:10:00,977.474,66.736,6.08,93.206,0.67,HTTPS,gateway
2025-01-22T02:02:00,76.856,26.778,0.1,6.51,2.2987,MQTT,env_sensor
2025-01-23T11:31:00,149.386,8.68,4.523,10.057,0.4406,MQTT,actuator
2025-01-22T07:05:00,67.125,3.81,7.069,0.05,0.0,CoAP,actuator
2025-01-22T07:55:00,140.28,19.708,6.699,11.527,0.4064,MQTT,actuator
2025-01-23T00:12:00,60.418,16.641,0.163,0.05,0.1276,MQTT,env_sensor
2025-01-21T20:15:00,94.145,31.821,5.615,6.376,0.8938,CoAP,env_sensor
2025-01-23T07:30:00,1619.086,39.549,0.1,94.66,2.2217,HTTPS,gateway
2025-01-22T13:44:00,47.412,10.394,1.35,7.875,2.4466,MQTT,env_sensor
2025-01-21T21:24:00,22.263,171.211,2.662,0.454,1.7355,LoRaWAN,smart_meter
2025-01-23T02:45:00,89.599,27.966,11.681,7.536,0.5422,MQTT,actuator
2025-01-23T12:10:00,2561.487,89.434,4.648,121.498,0.2328,HTTPS,camera
2025-01-22T22:45:00,81.368,30.598,2.457,0.05,0.38,MQTT,env_sensor
2025-01-22T10:04:00,1222.735,23.067,1.115,36.5,0.6969,HTTPS,gateway
2025-01-22T18:19:00,21.403,202.115,4.865,0.072,5.0194,LoRaWAN,smart_meter
2025-01-23T11:29:00,81.631,52.511,4.141,5.976,0.6078,MQTT,env_sensor
2025-01-22T04:01:00,78.959,17.315,12.684,11.951,0.7366,MQTT,actuator
2025-01-23T10:26:00,106.66,14.154,0.516,4.11,0.121,MQTT,actuator
2025-01-23T06:47:00,741.865,81.645,0.1,0.05,1.2012,MQTT,gateway
2025-01-22T00:36:00,27.403,128.231,2.961,0.694,5.5567,LoRaWAN,smart_meter
2025-01-22T19:28:00,34.402,125.563,1.281,0.05,4.3381,LoRaWAN,smart_meter
2025-01-22T18:52:00,31.563,174.682,3.079,0.307,2.6904,LoRaWAN,smart_meter
2025-01-22T18:24:00,55.819,14.595,0.668,6.972,0.0,MQTT,env_sensor
2025-01-22T20:54:00,104.777,13.034,1.208,3.53,2.872,MQTT,env_sensor
2025-01-22T09:02:00,1872.366,56.409,12.011,153.351,0.8924,HTTPS,camera
2025-01-23T03:49:00,112.434,20.095,2.632,7.046,0.0,MQTT,actuator
2025-01-22T16:47:00,32.033,31.36,0.1,49.77,1.0154,MQTT,gateway
2025-01-23T03:46:00,25.302,208.861,1.424,0.428,2.0817,LoRaWAN,smart_meter
2025-01-21T23:19:00,63.495,13.341,2.537,6.891,0.3526,MQTT,env_sensor
2025-01-23T11:47:00,155.159,22.738,5.68,12.465,0.0,MQTT,actuator
2025-01-23T02:23:00,33.981,136.667,1.473,0.618,3.3845,LoRaWAN,smart_meter
2025-01-22T03:00:00,136.763,6.772,8.506,6.936,0.0896,MQTT,actuator
2025-01-22T22:49:00,680.688,28.395,8.527,129.258,1.6561,CoAP,gateway
2025-01-22T07:24:00,3671.197,63.117,0.945,101.447,0.6994,HTTPS,camera
2025-01-23T11:30:00,82.216,26.65,6.228,6.537,0.0774,MQTT,actuator
2025-01-22T19:46:00,11.526,156.907,2.248,0.765,3.2333,LoRaWAN,smart_meter
2025-01-22T22:44:00,876.138,45.491,8.98,157.889,1.8039,CoAP,gateway
2025-01-21T21:28:00,98.375,17.628,12.663,8.775,0.5404,MQTT,actuator
2025-01-23T04:41:00,102.786,30.645,1.537,3.343,0.326,MQTT,env_sensor
2025-01-23T06:31:00,19.948,203.546,2.55,0.05,0.5409,LoRaWAN,smart_meter
2025-01-21T20:13:00,1550.145,90.278,3.762,103.531,0.5562,HTTPS,camera
2025-01-21T23:38:00,1140.21,24.579,6.526,23.198,1.4921,MQTT,gateway
2025-01-22T12:38:00,28.23,257.86,0.1,0.71,3.3563,LoRaWAN,smart_meter
2025-01-21T20:02:00,1339.881,76.823,1.69,0.05,0.7239,HTTPS,camera
2025-01-22T05:10:00,1892.431,54.076,6.235,20.432,1.1649,CoAP,gateway
2025-01-22T06:08:00,55.841,38.464,4.254,4.209,2.3344,MQTT,env_sensor
2025-01-22T22:57:00,1380.973,38.83,9.608,42.884,1.9335,HTTPS,gateway
2025-01-23T12:51:00,2659.418,61.408,4.755,65.039,0.7731,HTTPS,camera
2025-01-22T23:23:00,525.164,43.24,1.458,74.018,0.0,HTTPS,gateway
2025-01-23T10:08:00,17.159,84.798,3.774,0.524,1.6258,MQTT,smart_meter
2025-01-21T23:34:00,47.33,25.07,0.1,3.062,1.2887,MQTT,env_sensor
2025-01-22T18:22:00,32.917,258.45,4.477,0.902,4.0622,LoRaWAN,smart_meter
2025-01-22T06:08:00,909.51,96.801,3.74,145.378,0.5022,HTTPS,camera
2025-01-23T07:46:00,37.257,66.265,0.874,0.066,4.2668,MQTT,smart_meter
2025-01-21T22:47:00,24.134,113.642,3.674,0.751,4.5801,LoRaWAN,smart_meter
2025-01-22T15:48:00,1382.857,65.814,6.293,79.264,0.626,HTTPS,camera
2025-01-22T10:05:00,76.038,27.446,3.134,14.613,1.0397,MQTT,actuator
2025-01-22T19:39:00,116.413,11.322,6.67,7.105,0.9999,MQTT,actuator
2025-01-22T07:01:00,54.58,19.976,0.1,0.05,1.9212,MQTT,env_sensor
2025-01-23T03:51:00,124.667,16.817,7.847,9.201,0.2729,MQTT,actuator
2025-01-21T23:39:00,15.883,131.185,0.1,0.724,6.778,LoRaWAN,smart_meter
2025-01-23T13:21:00,42.44,210.411,1.252,0.221,3.1561,LoRaWAN,smart_meter
2025-01-23T12:28:00,1259.521,5.845,0.1,70.513,2.1123,HTTPS,gateway
2025-01-22T20:29:00,125.868,6.37,6.751,4.226,1.165,MQTT,actuator
2025-01-22T08:06:00,1278.052,58.237,0.1,66.891,1.0383,HTTPS,gateway
2025-01-22T16:30:00,82.685,31.061,3.353,0.224,0.3771,MQTT,env_sensor
2025-01-22T21:37:00,28.059,116.904,3.143,0.606,5.1405,LoRaWAN,smart_meter
2025-01-22T12:00:00,93.203,19.035,5.724,9.278,1.1107,MQTT,actuator
2025-01-23T04:34:00,131.799,8.0,0.9,8.698,0.8589,MQTT,actuator
2025-01-22T12:37:00,1048.655,10.253,6.89,196.188,0.0,HTTPS,camera
2025-01-22T05:04:00,743.976,73.544,0.1,90.551,0.1031,HTTPS,camera
2025-01-23T04:26:00,139.533,25.146,6.893,3.536,0.1143,MQTT,actuator
2025-01-23T05:55:00,1238.03,35.259,4.638,55.608,1.079,HTTPS,gateway
2025-01-22T08:25:00,95.714,19.708,3.959,0.718,0.0,MQTT,actuator
2025-01-22T10:48:00,880.039,61.993,2.865,129.483,0.7577,HTTPS,camera
2025-01-22T00:20:00,162.376,24.739,7.155,12.475,0.0,MQTT,actuator
2025-01-23T02:38:00,488.508,13.702,4.468,123.897,0.0,HTTPS,camera
2025-01-22T04:09:00,2484.854,34.299,5.96,163.431,0.0624,HTTPS,camera
2025-01-22T09:22:00,2048.161,66.693,1.087,133.086,0.7714,HTTPS,camera
2025-01-22T23:37:00,70.888,21.243,4.058,1.123,0.339,MQTT,actuator
2025-01-23T02:35:00,94.684,19.488,2.939,2.574,0.1765,MQTT,actuator
2025-01-23T01:06:00,741.041,58.118,0.1,38.955,0.5147,HTTPS,gateway
2025-01-23T04:45:00,104.392,26.961,2.616,3.319,0.9097,MQTT,env_sensor
2025-01-22T15:43:00,98.632,50.056,3.122,6.265,0.075,MQTT,env_sensor
2025-01-23T11:49:00,51.171,33.335,2.987,4.726,0.0,MQTT,env_sensor
2025-01-21T23:07:00,1793.828,72.702,2.261,162.728,0.0,HTTPS,camera
2025-01-23T13:00:00,153.752,21.791,10.187,9.799,1.3818,MQTT,actuator
2025-01-22T11:26:00,37.95,165.251,2.983,0.623,2.2715,LoRaWAN,smart_meter
2025-01-23T02:15:00,40.682,238.201,2.242,0.506,0.0,LoRaWAN,smart_meter
2025-01-22T00:34:00,80.723,17.712,3.786,8.377,0.9333,MQTT,actuator
2025-01-23T04:13:00,91.478,16.094,4.287,1.919,1.3207,MQTT,actuator
2025-01-22T09:17:00,23.223,144.976,0.521,0.418,3.9065,LoRaWAN,smart_meter
2025-01-22T17:38:00,42.332,94.419,1.81,0.67,2.3059,LoRaWAN,smart_meter
2025-01-22T08:39:00,46.415,21.04,1.669,0.05,0.3094,LoRaWAN,env_sensor
2025-01-23T01:14:00,780.821,116.263,4.779,145.654,1.184,CoAP,camera
2025-01-23T07:05:00,123.848,18.592,2.962,6.077,1.1031,MQTT,actuator
2025-01-22T09:00:00,79.995,39.052,4.206,4.693,0.9785,MQTT,env_sensor
2025-01-23T04:51:00,119.151,20.708,0.787,2.224,1.9351,MQTT,env_sensor
2025-01-23T09:23:00,113.8,19.945,2.585,12.943,1.3736,MQTT,actuator
2025-01-22T09:40:00,68.396,35.084,3.268,2.29,0.7544,MQTT,env_sensor
2025-01-23T08:03:00,1775.029,23.252,17.668,81.012,1.7185,HTTPS,gateway
2025-01-22T09:37:00,72.773,11.972,3.829,6.665,1.7727,MQTT,env_sensor
2025-01-22T18:39:00,38.371,201.702,3.479,0.459,0.2703,LoRaWAN,smart_meter
2025-01-23T01:21:00,21.855,135.229,3.105,0.866,3.0339,LoRaWAN,smart_meter
2025-01-23T11:54:00,57.935,19.899,0.469,1.429,2.0943,MQTT,env_sensor
2025-01-23T06:19:00,22.599,153.165,3.031,0.571,0.0,LoRaWAN,smart_meter
2025-01-22T14:04:00,709.974,27.082,7.747,77.581,1.0122,CoAP,gateway
2025-01-22T16:34:00,89.734,30.907,0.175,8.947,0.3877,MQTT,env_sensor
2025-01-23T01:09:00,579.586,38.906,13.024,0.05,0.1637,CoAP,gateway
2025-01-23T08:18:00,1420.686,84.556,0.965,133.064,0.2146,HTTPS,camera
2025-01-23T01:31:00,88.751,18.892,4.18,0.05,1.7924,MQTT,actuator
2025-01-22T19:45:00,96.588,26.592,6.451,12.977,1.6344,MQTT,actuator
2025-01-22T17:19:00,68.189,18.911,3.61,1.457,0.8958,MQTT,env_sensor
2025-01-23T06:36:00,78.137,17.997,5.374,5.847,1.7611,MQTT,env_sensor
2025-01-22T05:35:00,76.445,19.928,11.455,7.444,0.7955,MQTT,actuator
2025-01-23T02:19:00,68.863,7.02,1.116,3.48,1.3086,MQTT,env_sensor
2025-01-22T07:12:00,23.226,102.008,2.203,1.065,2.338,MQTT,smart_meter
2025-01-22T04:01:00,2898.666,54.31,7.569,104.543,0.1549,HTTPS,camera
2025-01-23T07:10:00,150.248,21.765,6.855,10.325,0.2638,MQTT,actuator
2025-01-21T21:33:00,334.541,42.083,2.646,101.001,0.0951,HTTPS,camera
2025-01-22T22:11:00,16.4,23.55,0.382,0.05,1.0663,MQTT,env_sensor
2025-01-23T06:45:00,1570.116,46.027,7.754,153.948,0.7447,HTTPS,camera
2025-01-22T06:41:00,63.973,15.111,6.727,5.622,0.0,MQTT,env_sensor
2025-01-22T10:05:00,688.515,21.417,6.085,63.794,2.0077,CoAP,gateway
2025-01-22T17:12:00,1148.418,63.023,9.42,260.604,0.9887,HTTPS,camera
2025-01-23T00:57:00,1411.542,67.355,3.715,214.163,0.1827,HTTPS,camera
2025-01-22T09:07:00,1498.159,44.662,8.034,124.885,1.5278,HTTPS,gateway
2025-01-22T00:56:00,46.884,12.446,2.06,4.925,0.2833,MQTT,env_sensor
2025-01-22T12:17:00,66.774,15.901,3.596,4.941,0.0,MQTT,env_sensor
2025-01-22T10:14:00,154.311,26.5,6.811,10.196,1.5844,MQTT,actuator
2025-01-23T00:41:00,105.503,25.684,3.509,3.598,0.8786,MQTT,env_sensor
2025-01-22T06:14:00,111.662,20.579,0.1,6.245,0.5425,MQTT,env_sensor
2025-01-23T01:40:00,796.823,5.368,9.712,27.404,0.7318,CoAP,gateway
2025-01-23T07:53:00,1009.307,55.662,5.936,42.934,0.2805,HTTPS,gateway
2025-01-23T04:40:00,32.114,116.514,0.1,0.344,5.6144,LoRaWAN,smart_meter
2025-01-21T22:04:00,1053.76,31.224,9.738,18.789,3.1996,CoAP,gateway
2025-01-22T22:36:00,31.881,181.5,0.1,0.954,4.4923,LoRaWAN,smart_meter
2025-01-23T08:12:00,58.782,21.448,1.983,2.411,2.1736,MQTT,env_sensor
2025-01-23T08:57:00,75.145,1.0,1.819,6.419,1.8857,MQTT,env_sensor
2025-01-22T08:47:00,47.358,183.413,0.192,0.38,3.0875,LoRaWAN,smart_meter
2025-01-22T01:25:00,132.97,16.701,7.809,3.566,1.0993,MQTT,actuator
2025-01-22T06:59:00,44.753,159.932,2.301,0.779,5.7791,LoRaWAN,smart_meter
2025-01-23T08:14:00,99.434,18.645,6.15,2.135,0.8662,MQTT,actuator
2025-01-23T12:56:00,65.13,43.221,2.516,3.701,1.7155,MQTT,env_sensor
2025-01-22T06:13:00,65.255,16.907,1.958,7.117,1.5266,MQTT,actuator
2025-01-21T23:02:00,54.073,15.702,2.798,0.635,1.7453,MQTT,env_sensor
2025-01-22T13:52:00,66.754,14.213,4.708,2.098,0.0,MQTT,env_sensor
2025-01-22T17:54:00,1984.962,76.237,3.919,0.05,1.0573,HTTPS,camera
2025-01-22T00:37:00,44.581,99.823,2.234,0.382,6.6371,LoRaWAN,smart_meter
2025-01-22T06:01:00,1090.796,72.792,0.1,210.43,0.8602,HTTPS,camera
2025-01-23T02:55:00,56.8,24.632,0.95,5.932,2.5926,MQTT,env_sensor
2025-01-23T03:18:00,95.17,37.476,4.738,5.046,1.0943,MQTT,env_sensor
2025-01-22T21:51:00,25.334,44.935,0.233,1.048,1.5497,MQTT,env_sensor
2025-01-22T10:34:00,923.55,40.479,11.563,72.297,1.6736,CoAP,gateway
2025-01-23T03:16:00,1106.45,57.118,4.028,145.567,1.7179,HTTPS,camera
2025-01-23T04:53:00,27.45,213.986,3.599,0.803,4.6043,LoRaWAN,smart_meter
2025-01-22T22:58:00,143.963,21.565,9.36,10.95,0.9834,MQTT,actuator
2025-01-23T06:11:00,104.949,46.831,2.81,0.05,1.8028,MQTT,env_sensor
2025-01-22T20:24:00,136.372,16.53,8.146,6.764,1.1842,MQTT,actuator
2025-01-22T18:38:00,61.736,35.295,5.003,1.783,3.1197,CoAP,env_sensor
2025-01-22T16:35:00,76.145,16.356,4.085,8.612,0.0,MQTT,env_sensor
2025-01-22T03:15:00,69.084,37.9,1.357,4.825,1.4852,MQTT,env_sensor
2025-01-23T03:35:00,31.669,26.691,1.958,5.322,0.5747,MQTT,env_sensor
2025-01-22T22:20:00,126.822,13.755,8.257,12.844,1.4508,MQTT,actuator
2025-01-23T08:24:00,1701.809,57.134,11.422,126.158,0.2225,HTTPS,gateway
2025-01-23T11:09:00,589.138,27.779,7.578,98.917,1.1338,CoAP,gateway
2025-01-23T05:54:00,37.026,20.007,3.62,0.05,0.7541,MQTT,env_sensor
2025-01-22T05:25:00,1289.236,45.141,10.485,21.427,0.6415,HTTPS,gateway
2025-01-22T14:40:00,90.326,1.0,10.815,3.977,0.0,MQTT,actuator
2025-01-23T12:51:00,37.422,178.08,3.137,0.753,1.4832,LoRaWAN,smart_meter
2025-01-22T21:29:00,1567.24,23.095,0.1,43.425,0.2741,HTTPS,gateway
2025-01-23T08:40:00,1001.166,42.295,10.188,83.283,0.6799,HTTPS,gateway
2025-01-23T02:37:00,18.058,196.993,0.263,0.28,4.7856,LoRaWAN,smart_meter
2025-01-23T03:14:00,78.338,37.002,5.21,4.672,2.2301,MQTT,env_sensor
2025-01-22T06:55:00,27.618,226.88,3.851,0.783,4.9307,LoRaWAN,smart_meter
2025-01-22T13:38:00,21.451,112.616,4.159,0.41,0.0,LoRaWAN,smart_meter
2025-01-22T19:44:00,1212.447,59.791,4.102,122.406,0.0,HTTPS,camera
2025-01-23T04:55:00,655.256,21.309,3.778,55.092,1.6666,CoAP,gateway
2025-01-22T16:45:00,2626.11,68.622,3.183,67.335,0.4036,HTTPS,camera
2025-01-23T07:42:00,19.54,154.131,4.227,0.789,2.6843,LoRaWAN,smart_meter
2025-01-22T12:09:00,2769.963,49.315,3.568,155.853,1.1517,HTTPS,camera
2025-01-22T01:52:00,1764.531,37.393,3.157,151.115,0.0,HTTPS,camera
2025-01-23T03:40:00,17.913,169.985,3.286,0.373,1.8707,LoRaWAN,smart_meter
2025-01-22T20:55:00,663.796,53.73,9.974,28.597,1.8697,CoAP,gateway
2025-01-23T10:13:00,24.008,62.868,2.151,0.765,0.0,HTTPS,smart_meter
2025-01-23T06:49:00,148.377,21.418,8.307,11.621,0.5566,CoAP,actuator
2025-01-23T06:49:00,1635.893,38.807,4.335,0.05,0.3118,HTTPS,gateway
2025-01-22T15:51:00,37.847,111.218,0.1,0.455,3.3138,MQTT,smart_meter
2025-01-23T06:08:00,1813.732,56.167,1.929,200.991,1.1689,HTTPS,camera
2025-01-23T00:14:00,23.818,164.755,2.341,0.327,4.74,LoRaWAN,smart_meter
2025-01-23T05:18:00,1295.94,80.272,8.11,52.86,2.2507,HTTPS,gateway
2025-01-22T03:06:00,37.499,216.649,1.612,0.752,1.545,LoRaWAN,smart_meter
2025-01-21T23:29:00,917.743,83.046,9.336,82.854,1.3563,CoAP,camera
2025-01-22T10:42:00,121.279,17.727,3.495,8.993,1.5239,MQTT,actuator
2025-01-23T03:18:00,1697.722,88.809,3.897,73.07,1.1655,HTTPS,camera
2025-01-22T21:57:00,1257.587,90.723,9.218,178.084,0.3744,HTTPS,camera
2025-01-22T04:35:00,53.522,32.696,2.93,1.565,2.4345,MQTT,env_sensor
2025-01-23T00:29:00,30.21,81.475,0.865,0.591,4.4584,MQTT,smart_meter
2025-01-23T09:42:00,73.72,17.296,7.556,0.481,0.0,MQTT,actuator
2025-01-22T06:20:00,2296.356,63.591,1.697,123.178,0.5967,HTTPS,camera
2025-01-22T10:48:00,99.085,25.135,6.552,10.638,0.0,MQTT,actuator
2025-01-23T04:17:00,1918.61,60.881,7.094,101.68,0.3399,HTTPS,camera
2025-01-22T15:29:00,45.612,25.151,6.575,0.05,0.0,LoRaWAN,env_sensor
2025-01-23T13:36:00,84.554,10.416,3.96,3.958,0.115,MQTT,env_sensor
2025-01-21T22:21:00,2402.675,42.908,2.403,101.271,0.056,HTTPS,camera
2025-01-23T09:00:00,2396.757,78.37,4.217,195.794,0.8071,HTTPS,camera
2025-01-22T17:38:00,1623.688,62.166,3.922,70.149,1.5171,HTTPS,gateway
2025-01-22T11:09:00,1279.341,78.844,4.452,121.45,1.3423,HTTPS,camera
2025-01-23T09:20:00,121.557,17.599,5.216,0.05,0.2701,MQTT,actuator
2025-01-22T18:44:00,131.911,13.6,8.504,11.86,0.0,MQTT,actuator
2025-01-23T02:09:00,36.762,30.513,0.9,3.637,2.038,MQTT,env_sensor
2025-01-22T03:35:00,12.673,24.113,3.533,7.364,1.1296,MQTT,env_sensor
2025-01-22T15:54:00,125.084,19.095,4.469,6.01,1.6917,MQTT,env_sensor
2025-01-23T04:43:00,67.475,25.213,0.718,1.764,0.7272,MQTT,env_sensor
2025-01-22T15:28:00,211.006,51.395,4.401,106.821,0.6522,HTTPS,camera
2025-01-22T11:15:00,61.981,6.232,6.916,4.454,0.9135,CoAP,env_sensor
2025-01-22T20:22:00,994.327,15.395,0.1,69.969,1.3009,MQTT,gateway
2025-01-22T02:33:00,1143.866,92.004,4.354,159.451,0.108,HTTPS,camera
2025-01-23T10:02:00,16.893,267.339,3.135,0.408,2.6581,LoRaWAN,smart_meter
2025-01-22T00:03:00,87.891,28.843,2.716,8.345,0.4459,MQTT,env_sensor
2025-01-22T06:11:00,1813.507,41.82,3.011,40.378,0.0,HTTPS,camera
2025-01-22T08:08:00,25.417,55.86,3.296,0.338,3.5147,MQTT,smart_meter
2025-01-22T23:12:00,28.219,244.817,3.013,0.315,3.361,LoRaWAN,smart_meter
2025-01-22T21:45:00,88.213,24.207,4.321,7.219,0.9316,MQTT,env_sensor
2025-01-22T07:45:00,392.669,29.242,0.1,49.689,0.9044,HTTPS,camera
2025-01-23T13:05:00,105.579,10.062,4.05,2.86,1.4403,MQTT,actuator
2025-01-22T16:07:00,145.807,25.985,3.392,9.592,0.0,MQTT,actuator
2025-01-22T13:03:00,32.537,236.938,2.276,0.204,0.4132,LoRaWAN,smart_meter
2025-01-23T08:43:00,16.303,23.807,1.968,2.121,2.9039,MQTT,env_sensor
2025-01-22T15:17:00,98.902,23.97,3.158,11.222,1.2095,MQTT,actuator
2025-01-22T14:47:00,2021.494,29.261,6.334,97.421,1.2946,HTTPS,camera
2025-01-23T10:25:00,1415.998,40.546,13.167,51.929,1.2545,HTTPS,gateway
2025-01-23T01:42:00,25.347,208.409,3.99,0.05,2.8921,LoRaWAN,smart_meter
2025-01-23T13:35:00,3021.756,58.908,3.629,89.413,1.1691,HTTPS,camera
2025-01-23T02:06:00,1285.57,37.885,4.031,33.026,0.3167,HTTPS,camera
2025-01-22T22:11:00,1679.02,54.906,14.141,72.747,1.6521,HTTPS,gateway
2025-01-23T11:49:00,29.438,131.71,1.401,0.444,0.0,LoRaWAN,smart_meter
2025-01-21T20:48:00,1908.608,30.577,7.784,153.744,0.0,HTTPS,camera
2025-01-23T04:33:00,32.963,136.287,0.846,0.156,4.5165,LoRaWAN,smart_meter
2025-01-22T13:16:00,1415.223,56.497,0.1,210.619,0.1721,HTTPS,camera
2025-01-21T20:32:00,14.859,161.733,1.784,0.135,4.2803,LoRaWAN,smart_meter
2025-01-22T19:55:00,94.921,8.735,0.1,1.386,2.2766,MQTT,env_sensor
2025-01-23T11:19:00,1055.145,45.775,10.827,50.146,0.0,HTTPS,gateway
2025-01-22T09:11:00,675.168,31.138,4.432,18.305,1.6378,CoAP,gateway
2025-01-22T09:58:00,8.0,51.715,3.616,21.749,1.3656,MQTT,gateway
2025-01-22T09:33:00,80.513,13.977,5.348,4.582,0.9695,MQTT,actuator
2025-01-23T10:40:00,788.268,33.777,8.212,81.888,1.5167,CoAP,gateway
2025-01-22T02:12:00,21.048,204.733,1.453,0.183,6.0848,LoRaWAN,smart_meter
2025-01-22T18:29:00,2233.708,50.525,1.195,147.384,0.8887,HTTPS,camera
2025-01-22T16:42:00,66.671,12.357,4.243,2.306,0.0,MQTT,env_sensor
2025-01-22T17:56:00,117.714,11.712,2.373,7.291,1.6696,MQTT,actuator
2025-01-23T01:38:00,1726.596,22.644,5.605,99.095,0.3404,HTTPS,camera
2025-01-22T05:58:00,54.861,2.234,0.898,4.455,0.631,MQTT,env_sensor
2025-01-23T07:04:00,94.222,21.427,5.273,0.089,1.5215,MQTT,env_sensor
2025-01-23T09:28:00,29.193,207.096,1.195,0.279,3.8194,LoRaWAN,smart_meter
2025-01-22T06:06:00,1049.231,96.684,4.671,217.346,0.6738,HTTPS,camera
2025-01-22T10:20:00,25.504,211.697,3.283,0.181,1.931,LoRaWAN,smart_meter
2025-01-22T07:43:00,95.974,6.531,6.678,14.605,1.478,MQTT,actuator
2025-01-23T10:52:00,1334.684,45.41,15.775,95.259,1.4827,HTTPS,gateway
2025-01-22T21:34:00,37.523,209.304,3.728,0.517,0.2436,LoRaWAN,smart_meter
2025-01-23T10:29:00,128.888,29.547,7.665,15.932,0.877,MQTT,actuator
2025-01-21T21:32:00,53.867,12.112,4.428,0.05,3.686,MQTT,env_sensor
2025-01-23T13:08:00,893.087,26.965,3.883,89.879,1.5144,MQTT,gateway
2025-01-22T04:09:00,24.17,222.623,1.341,0.332,0.3904,LoRaWAN,smart_meter
2025-01-21T22:13:00,39.183,257.373,2.142,0.548,2.8299,LoRaWAN,smart_meter
2025-01-23T07:08:00,37.207,190.346,3.534,0.05,3.0603,LoRaWAN,smart_meter
2025-01-22T19:02:00,1345.615,61.589,5.28,106.401,0.5704,HTTPS,camera
2025-01-22T00:26:00,865.542,57.028,9.162,110.135,1.7853,CoAP,gateway
2025-01-22T05:33:00,3211.073,50.569,7.039,95.736,0.8229,HTTPS,camera
2025-01-23T07:48:00,28.099,243.2,3.237,0.75,2.9005,LoRaWAN,smart_meter
2025-01-22T14:23:00,94.313,14.337,4.078,0.756,1.8751,MQTT,env_sensor
2025-01-22T00:16:00,2014.545,17.738,1.564,169.193,0.0,HTTPS,camera
2025-01-22T09:04:00,114.746,13.119,4.289,2.156,1.5375,MQTT,actuator
2025-01-23T11:44:00,94.414,1.0,1.853,3.373,0.6456,MQTT,env_sensor
2025-01-22T23:44:00,158.159,23.377,6.117,3.123,0.0,MQTT,actuator
2025-01-22T02:03:00,35.563,193.183,0.934,0.182,2.2273,LoRaWAN,smart_meter
2025-01-23T11:51:00,42.057,33.454,3.56,9.736,0.2431,HTTPS,env_sensor
2025-01-23T04:52:00,70.149,24.524,4.904,15.183,1.0542,MQTT,actuator
2025-01-23T10:40:00,1240.783,68.885,9.259,74.41,0.9354,HTTPS,camera
2025-01-23T04:48:00,2049.549,93.241,6.833,64.194,0.8024,HTTPS,camera
2025-01-23T00:08:00,59.408,18.037,0.1,8.729,1.2591,MQTT,actuator
2025-01-21T20:35:00,99.074,18.758,8.942,5.158,0.293,MQTT,actuator
2025-01-23T13:29:00,29.055,217.986,1.961,0.05,0.2993,LoRaWAN,smart_meter
2025-01-22T18:19:00,1215.423,61.65,0.1,208.031,1.5665,HTTPS,camera
2025-01-22T12:43:00,30.924,275.28,2.763,0.05,1.9582,LoRaWAN,smart_meter
2025-01-21T20:24:00,69.16,23.257,5.023,6.582,0.0,MQTT,env_sensor
2025-01-23T08:30:00,74.232,8.101,7.334,11.043,1.2672,MQTT,actuator
2025-01-22T06:45:00,2406.05,62.406,9.488,113.771,1.1147,HTTPS,camera
2025-01-22T01:02:00,555.185,53.098,10.483,65.587,1.0112,CoAP,gateway
2025-01-23T03:04:00,1754.027,65.089,0.94,34.931,1.526,HTTPS,camera
2025-01-22T15:35:00,2102.082,83.345,2.383,68.259,0.9871,HTTPS,camera
2025-01-22T02:35:00,2117.975,84.347,0.312,129.163,0.2614,HTTPS,camera
2025-01-23T08:10:00,110.688,3.066,5.39,8.435,1.4349,MQTT,actuator
2025-01-21T20:02:00,59.782,74.83,3.702,88.375,0.8606,HTTPS,gateway
2025-01-22T09:49:00,45.601,16.191,2.745,2.374,1.8546,MQTT,env_sensor
2025-01-23T11:00:00,597.701,16.513,6.065,3.105,1.9808,CoAP,gateway
2025-01-22T11:34:00,843.61,67.708,3.067,18.051,0.9737,HTTPS,camera
2025-01-23T11:01:00,120.004,17.996,10.396,14.13,0.7655,MQTT,actuator
2025-01-22T00:35:00,917.731,52.733,10.548,41.439,0.0371,CoAP,gateway
2025-01-22T14:01:00,108.571,22.371,6.857,4.422,1.0256,MQTT,actuator
2025-01-23T03:34:00,1100.484,49.252,5.177,134.952,0.0231,HTTPS,camera
2025-01-23T04:23:00,465.297,42.279,12.418,92.387,1.882,CoAP,gateway
2025-01-23T10:54:00,112.572,20.601,3.188,5.58,2.0592,MQTT,env_sensor
2025-01-22T02:00:00,321.319,24.732,3.295,0.437,1.9778,MQTT,gateway
2025-01-22T12:59:00,23.867,140.859,3.837,0.306,2.6635,LoRaWAN,smart_meter
2025-01-22T00:44:00,885.168,54.877,5.439,68.399,1.7553,CoAP,gateway
2025-01-22T10:32:00,65.812,31.106,4.03,6.018,1.1973,MQTT,env_sensor
2025-01-23T12:32:00,40.279,20.453,0.749,1.596,1.1795,MQTT,env_sensor
2025-01-22T01:16:00,1211.628,19.407,2.594,133.857,2.2269,HTTPS,gateway
2025-01-23T12:36:00,1560.484,68.852,4.534,129.629,0.6711,HTTPS,camera
2025-01-23T04:44:00,30.126,37.726,3.193,6.595,1.256,MQTT,env_sensor
2025-01-22T15:06:00,1711.506,63.644,9.206,69.11,1.5624,HTTPS,gateway
2025-01-22T09:04:00,107.108,36.379,2.313,6.796,3.0266,MQTT,env_sensor
2025-01-23T03:03:00,41.572,30.56,5.966,4.203,0.5158,MQTT,env_sensor
2025-01-22T22:15:00,242.405,1.0,9.017,7.252,1.2294,MQTT,gateway
2025-01-23T13:32:00,18.199,186.741,1.385,0.581,0.0,LoRaWAN,smart_meter
2025-01-23T08:51:00,1507.993,27.705,7.807,140.027,0.4717,HTTPS,camera
2025-01-23T08:41:00,110.21,14.602,7.496,10.596,0.2466,CoAP,actuator
2025-01-23T00:45:00,1043.42,46.005,4.222,54.77,0.7213,HTTPS,camera
2025-01-23T00:32:00,31.894,109.157,1.147,0.279,4.5655,LoRaWAN,smart_meter
2025-01-23T10:48:00,88.424,1.0,7.566,7.918,1.1672,MQTT,actuator
2025-01-22T19:49:00,118.495,21.715,6.905,6.398,1.6935,MQTT,actuator
2025-01-22T12:27:00,1169.919,44.295,4.869,42.265,0.5613,HTTPS,camera
2025-01-22T00:44:00,2805.058,22.789,0.775,214.611,0.8441,HTTPS,camera
2025-01-23T02:48:00,22.309,180.037,0.1,0.248,2.7504,LoRaWAN,smart_meter
2025-01-23T09:01:00,91.822,32.11,4.609,3.655,1.6353,MQTT,env_sensor
2025-01-22T15:49:00,1912.533,82.72,3.989,0.05,0.2247,HTTPS,camera
2025-01-23T03:07:00,1682.161,52.584,4.402,21.438,1.3736,MQTT,gateway
2025-01-22T04:04:00,23.129,52.465,0.824,0.474,2.4949,MQTT,smart_meter
2025-01-22T21:20:00,32.096,127.592,0.302,0.247,6.0724,LoRaWAN,smart_meter
2025-01-22T10:34:00,2379.909,55.845,8.252,175.797,0.0,HTTPS,camera
2025-01-21T21:06:00,77.163,24.143,4.88,6.17,0.1729,MQTT,actuator
2025-01-22T07:24:00,28.778,210.865,0.701,1.002,1.5498,MQTT,smart_meter
2025-01-23T01:28:00,28.509,270.129,1.243,0.435,2.4654,LoRaWAN,smart_meter
2025-01-22T15:40:00,121.843,19.34,6.667,9.113,1.3321,CoAP,actuator
2025-01-22T00:36:00,129.348,15.979,3.351,8.879,0.6708,MQTT,actuator
2025-01-23T06:10:00,39.4,131.065,1.535,0.083,0.0,LoRaWAN,smart_meter
2025-01-22T08:34:00,35.204,208.46,0.1,0.079,5.3746,LoRaWAN,smart_meter
2025-01-22T08:17:00,719.502,43.319,4.8,0.05,2.3984,MQTT,gateway
2025-01-22T10:21:00,66.214,23.329,2.019,3.291,1.0641,MQTT,env_sensor
2025-01-22T14:52:00,61.666,40.489,4.467,2.326,2.0294,MQTT,env_sensor
2025-01-22T19:58:00,24.433,187.128,1.08,0.05,5.4427,LoRaWAN,smart_meter
2025-01-22T20:05:00,35.391,189.323,1.424,0.05,3.2623,MQTT,smart_meter
2025-01-23T00:57:00,79.406,26.777,4.397,2.627,1.374,MQTT,env_sensor
2025-01-23T11:51:00,115.865,28.886,5.217,5.905,1.8284,CoAP,actuator
2025-01-22T21:56:00,2048.122,65.608,3.029,25.734,0.3009,HTTPS,camera
2025-01-23T09:11:00,32.446,256.072,3.066,0.875,4.3136,LoRaWAN,smart_meter
2025-01-22T04:31:00,1647.584,59.123,5.965,177.989,0.0149,HTTPS,camera
2025-01-22T04:34:00,732.742,56.747,0.1,39.249,2.4294,MQTT,gateway
2025-01-21T21:46:00,121.777,13.884,10.623,11.3,0.5734,MQTT,actuator
2025-01-22T15:12:00,872.098,24.842,0.1,78.504,1.4238,HTTPS,gateway
2025-01-22T16:44:00,49.331,33.935,1.931,7.024,1.1334,MQTT,env_sensor
2025-01-22T23:35:00,168.606,28.049,3.713,1.373,1.2907,MQTT,actuator
2025-01-23T08:16:00,1676.674,42.14,9.876,103.39,2.1849,HTTPS,gateway
2025-01-22T00:39:00,58.994,24.535,4.446,8.14,0.7895,MQTT,env_sensor
2025-01-23T03:15:00,204.756,67.637,5.798,21.902,0.0,MQTT,gateway
2025-01-22T05:04:00,62.754,14.174,2.414,0.05,2.2063,MQTT,env_sensor
2025-01-22T05:20:00,1142.339,70.989,4.759,29.532,0.0,HTTPS,camera
2025-01-23T12:05:00,814.988,23.304,6.435,0.05,1.7056,CoAP,gateway
2025-01-22T04:41:00,1666.747,53.327,6.031,49.834,0.5671,HTTPS,camera
2025-01-22T17:05:00,668.461,53.937,6.413,107.489,0.4768,HTTPS,gateway
2025-01-23T08:01:00,39.229,287.03,3.411,0.429,3.2829,LoRaWAN,smart_meter
2025-01-22T05:05:00,34.857,217.71,1.801,0.583,2.1626,LoRaWAN,smart_meter
2025-01-23T13:21:00,2590.749,35.631,3.865,13.587,0.8094,HTTPS,camera
2025-01-22T02:45:00,1181.331,61.501,9.862,55.814,0.8712,HTTPS,gateway
2025-01-23T09:11:00,39.922,48.134,0.238,6.237,1.9112,MQTT,gateway
2025-01-23T09:12:00,21.045,217.831,5.907,0.995,3.2049,LoRaWAN,smart_meter
2025-01-22T19:16:00,29.903,276.577,1.338,0.755,2.7824,LoRaWAN,smart_meter
2025-01-22T12:06:00,774.037,106.453,7.636,87.68,0.6186,HTTPS,camera
2025-01-22T19:16:00,1422.26,83.234,3.628,162.373,1.8201,HTTPS,camera
2025-01-22T13:04:00,32.808,152.75,3.913,0.667,2.1899,LoRaWAN,smart_meter
2025-01-22T07:26:00,103.31,17.245,12.145,4.528,0.8039,MQTT,actuator
2025-01-22T05:15:00,1436.915,66.661,0.1,140.902,0.0647,HTTPS,camera
2025-01-22T07:00:00,80.248,16.271,5.453,4.808,0.0,MQTT,actuator
2025-01-22T09:58:00,116.735,34.191,9.566,4.416,2.1163,CoAP,actuator
2025-01-22T02:23:00,33.347,80.949,0.917,0.121,3.341,MQTT,smart_meter
2025-01-22T04:45:00,51.14,20.89,5.62,3.751,1.2953,MQTT,actuator
2025-01-22T09:21:00,51.463,71.285,12.604,135.889,1.4801,MQTT,gateway
2025-01-23T08:28:00,129.175,9.099,4.798,12.622,1.6548,MQTT,actuator
2025-01-22T11:25:00,132.138,24.301,6.264,3.269,0.0,MQTT,actuator
2025-01-23T01:32:00,62.172,35.348,5.68,8.812,3.0319,MQTT,env_sensor
2025-01-22T21:23:00,85.85,24.468,3.299,4.393,0.9903,MQTT,actuator
2025-01-21T23:33:00,8.0,42.474,0.945,54.547,0.0,HTTPS,camera
2025-01-22T19:55:00,840.263,31.569,0.1,56.786,0.2139,HTTPS,gateway
2025-01-22T08:39:00,8.0,36.218,1.348,12.219,1.5655,MQTT,gateway
2025-01-23T12:26:00,50.988,53.465,1.114,4.615,0.2895,MQTT,env_sensor
2025-01-23T10:54:00,2098.425,71.279,3.872,159.951,0.5831,HTTPS,camera
2025-01-22T21:57:00,35.326,11.569,8.404,11.189,1.4284,MQTT,actuator
2025-01-23T08:58:00,113.796,23.583,2.271,0.05,0.146,MQTT,env_sensor
2025-01-23T05:36:00,88.403,28.955,9.105,8.8,0.2022,MQTT,actuator
2025-01-22T00:09:00,445.726,85.336,7.352,126.295,0.9244,CoAP,camera
2025-01-22T10:18:00,20.896,164.047,0.1,0.368,6.2798,LoRaWAN,smart_meter
2025-01-22T21:19:00,89.343,17.565,5.545,0.05,2.2086,MQTT,env_sensor
2025-01-22T22:20:00,608.424,59.657,8.378,83.517,2.4351,CoAP,gateway
2025-01-22T06:27:00,2625.123,15.903,5.937,96.56,0.3314,HTTPS,camera
2025-01-23T10:26:00,11.063,195.936,0.823,0.238,3.4187,LoRaWAN,smart_meter
2025-01-22T21:26:00,1573.495,77.417,2.891,0.05,0.3009,HTTPS,camera
2025-01-21T23:30:00,62.154,36.741,1.831,3.722,0.9722,MQTT,env_sensor
2025-01-22T20:58:00,37.472,65.071,2.42,0.168,3.3328,MQTT,smart_meter
2025-01-22T14:30:00,62.258,15.285,1.622,6.947,1.098,MQTT,env_sensor
2025-01-22T13:56:00,50.311,26.892,3.891,5.514,1.3736,MQTT,env_sensor
2025-01-22T21:42:00,46.344,7.774,9.21,17.876,1.2291,MQTT,actuator
2025-01-22T20:07:00,27.324,154.279,3.257,0.114,1.424,LoRaWAN,smart_meter
2025-01-22T08:00:00,549.452,34.808,5.556,59.168,1.8467,CoAP,gateway
2025-01-23T06:21:00,117.232,27.042,7.113,4.919,0.0601,MQTT,actuator
2025-01-22T01:18:00,2493.017,63.599,1.861,202.711,0.2595,HTTPS,camera
2025-01-23T00:25:00,30.459,171.18,1.45,0.722,3.2377,LoRaWAN,smart_meter
2025-01-23T08:01:00,79.505,23.091,2.155,2.668,0.7907,MQTT,actuator
2025-01-22T14:35:00,840.454,51.528,11.321,0.05,2.5902,CoAP,gateway
2025-01-21T23:27:00,114.068,44.344,3.484,6.185,1.3471,MQTT,env_sensor
2025-01-22T17:01:00,1290.369,61.555,15.774,175.179,0.0,HTTPS,gateway
2025-01-22T20:41:00,1182.574,80.476,6.087,89.999,0.6071,HTTPS,camera
2025-01-22T19:20:00,156.706,3.135,5.983,11.268,0.4856,MQTT,actuator
2025-01-22T23:40:00,1548.314,22.607,7.364,128.866,0.4084,HTTPS,camera
2025-01-23T11:19:00,1101.728,91.649,5.051,170.184,0.33,HTTPS,camera
2025-01-22T21:13:00,339.511,32.047,13.967,87.08,0.1309,HTTPS,gateway
2025-01-23T00:08:00,32.535,157.986,0.1,0.681,1.853,LoRaWAN,smart_meter
2025-01-22T12:34:00,161.058,12.001,2.355,8.167,0.3828,MQTT,actuator
